Time,Driver,DriverNumber,LapTime,LapNumber,Stint,PitOutTime,PitInTime,Sector1Time,Sector2Time,Sector3Time,Sector1SessionTime,Sector2SessionTime,Sector3SessionTime,SpeedI1,SpeedI2,SpeedFL,SpeedST,IsPersonalBest,Compound,TyreLife,FreshTyre,Team,LapStartTime,LapStartDate,TrackStatus,Position,Deleted,DeletedReason,FastF1Generated,IsAccurate
0 days 00:34:35.402000,GAS,10,0 days 00:01:36.516000,1.0,1.0,,,,0 days 00:00:36.746000,0 days 00:00:24.011000,,0 days 00:34:11.442000,0 days 00:34:35.520000,250.0,282.0,246.0,286.0,False,HYPERSOFT,1.0,True,Toro Rosso,0 days 00:32:58.703000,,1,17.0,,,False,False
0 days 00:36:01.968000,GAS,10,0 days 00:01:26.566000,2.0,1.0,,,0 days 00:00:29.676000,0 days 00:00:34.372000,0 days 00:00:22.518000,0 days 00:35:05.078000,0 days 00:35:39.450000,0 days 00:36:01.968000,249.0,286.0,247.0,337.0,True,HYPERSOFT,2.0,True,Toro Rosso,0 days 00:34:35.402000,,1,16.0,,,False,True
0 days 00:37:26.844000,GAS,10,0 days 00:01:24.876000,3.0,1.0,,,0 days 00:00:29.359000,0 days 00:00:33.292000,0 days 00:00:22.225000,0 days 00:36:31.327000,0 days 00:37:04.619000,0 days 00:37:26.844000,265.0,281.0,243.0,339.0,True,HYPERSOFT,3.0,True,Toro Rosso,0 days 00:36:01.968000,,1,16.0,,,False,True
0 days 00:38:54.551000,GAS,10,0 days 00:01:27.707000,4.0,1.0,,,0 days 00:00:30.540000,0 days 00:00:34.736000,0 days 00:00:22.431000,0 days 00:37:57.384000,0 days 00:38:32.120000,0 days 00:38:54.551000,238.0,278.0,244.0,360.0,False,HYPERSOFT,4.0,True,Toro Rosso,0 days 00:37:26.844000,,12,17.0,,,False,True
0 days 00:40:38.959000,GAS,10,0 days 00:01:44.408000,5.0,1.0,,0 days 00:40:36.342000,0 days 00:00:41.052000,0 days 00:00:38.162000,0 days 00:00:25.194000,0 days 00:39:35.603000,0 days 00:40:13.765000,0 days 00:40:38.959000,215.0,266.0,,132.0,False,HYPERSOFT,5.0,True,Toro Rosso,0 days 00:38:54.551000,,2671,17.0,,,False,False
0 days 00:42:21.107000,GAS,10,0 days 00:01:42.148000,6.0,2.0,0 days 00:40:58.947000,,0 days 00:00:48.251000,0 days 00:00:32.492000,0 days 00:00:21.405000,0 days 00:41:27.210000,0 days 00:41:59.702000,0 days 00:42:21.107000,277.0,274.0,243.0,301.0,False,SUPERSOFT,1.0,True,Toro Rosso,0 days 00:40:38.959000,,1,19.0,,,False,False
0 days 00:43:44.482000,GAS,10,0 days 00:01:23.375000,7.0,2.0,,,0 days 00:00:29.217000,0 days 00:00:32.709000,0 days 00:00:21.449000,0 days 00:42:50.324000,0 days 00:43:23.033000,0 days 00:43:44.482000,281.0,273.0,246.0,323.0,True,SUPERSOFT,2.0,True,Toro Rosso,0 days 00:42:21.107000,,1,19.0,,,False,True
0 days 00:45:07.895000,GAS,10,0 days 00:01:23.413000,8.0,2.0,,,0 days 00:00:29.232000,0 days 00:00:32.659000,0 days 00:00:21.522000,0 days 00:44:13.714000,0 days 00:44:46.373000,0 days 00:45:07.895000,281.0,273.0,246.0,322.0,False,SUPERSOFT,3.0,True,Toro Rosso,0 days 00:43:44.482000,,1,19.0,,,False,True
0 days 00:46:30.791000,GAS,10,0 days 00:01:22.896000,9.0,2.0,,,0 days 00:00:29.274000,0 days 00:00:32.363000,0 days 00:00:21.259000,0 days 00:45:37.169000,0 days 00:46:09.532000,0 days 00:46:30.791000,282.0,276.0,246.0,324.0,True,SUPERSOFT,4.0,True,Toro Rosso,0 days 00:45:07.895000,,1,19.0,,,False,True
0 days 00:47:53.801000,GAS,10,0 days 00:01:23.010000,10.0,2.0,,,0 days 00:00:29.238000,0 days 00:00:32.473000,0 days 00:00:21.299000,0 days 00:47:00.029000,0 days 00:47:32.502000,0 days 00:47:53.801000,277.0,275.0,246.0,325.0,False,SUPERSOFT,5.0,True,Toro Rosso,0 days 00:46:30.791000,,1,19.0,,,False,True
0 days 00:49:16.914000,GAS,10,0 days 00:01:23.113000,11.0,2.0,,,0 days 00:00:29.204000,0 days 00:00:32.347000,0 days 00:00:21.562000,0 days 00:48:23.005000,0 days 00:48:55.352000,0 days 00:49:16.914000,268.0,275.0,246.0,326.0,False,SUPERSOFT,6.0,True,Toro Rosso,0 days 00:47:53.801000,,1,18.0,,,False,True
0 days 00:50:40.397000,GAS,10,0 days 00:01:23.483000,12.0,2.0,,,0 days 00:00:29.328000,0 days 00:00:32.607000,0 days 00:00:21.548000,0 days 00:49:46.242000,0 days 00:50:18.849000,0 days 00:50:40.397000,276.0,277.0,246.0,323.0,False,SUPERSOFT,7.0,True,Toro Rosso,0 days 00:49:16.914000,,1,17.0,,,False,True
0 days 00:52:03.980000,GAS,10,0 days 00:01:23.583000,13.0,2.0,,,0 days 00:00:29.475000,0 days 00:00:32.673000,0 days 00:00:21.435000,0 days 00:51:09.872000,0 days 00:51:42.545000,0 days 00:52:03.980000,265.0,276.0,247.0,323.0,False,SUPERSOFT,8.0,True,Toro Rosso,0 days 00:50:40.397000,,1,16.0,,,False,True
0 days 00:53:27.941000,GAS,10,0 days 00:01:23.961000,14.0,2.0,,,0 days 00:00:29.639000,0 days 00:00:32.598000,0 days 00:00:21.724000,0 days 00:52:33.619000,0 days 00:53:06.217000,0 days 00:53:27.941000,267.0,278.0,246.0,325.0,False,SUPERSOFT,9.0,True,Toro Rosso,0 days 00:52:03.980000,,1,16.0,,,False,True
0 days 00:54:51.915000,GAS,10,0 days 00:01:23.974000,15.0,2.0,,,0 days 00:00:29.509000,0 days 00:00:32.640000,0 days 00:00:21.825000,0 days 00:53:57.450000,0 days 00:54:30.090000,0 days 00:54:51.915000,263.0,277.0,246.0,326.0,False,SUPERSOFT,10.0,True,Toro Rosso,0 days 00:53:27.941000,,1,16.0,,,False,True
0 days 00:56:15.614000,GAS,10,0 days 00:01:23.699000,16.0,2.0,,,0 days 00:00:29.240000,0 days 00:00:32.642000,0 days 00:00:21.817000,0 days 00:55:21.155000,0 days 00:55:53.797000,0 days 00:56:15.614000,271.0,278.0,246.0,330.0,False,SUPERSOFT,11.0,True,Toro Rosso,0 days 00:54:51.915000,,1,16.0,,,False,True
0 days 00:57:40.040000,GAS,10,0 days 00:01:24.426000,17.0,2.0,,,0 days 00:00:29.181000,0 days 00:00:33.042000,0 days 00:00:22.203000,0 days 00:56:44.795000,0 days 00:57:17.837000,0 days 00:57:40.040000,267.0,279.0,248.0,332.0,False,SUPERSOFT,12.0,True,Toro Rosso,0 days 00:56:15.614000,,1,15.0,,,False,True
0 days 00:59:05.342000,GAS,10,0 days 00:01:25.302000,18.0,2.0,,,0 days 00:00:29.070000,0 days 00:00:33.834000,0 days 00:00:22.398000,0 days 00:58:09.110000,0 days 00:58:42.944000,0 days 00:59:05.342000,268.0,284.0,247.0,353.0,False,SUPERSOFT,13.0,True,Toro Rosso,0 days 00:57:40.040000,,1,15.0,,,False,True
0 days 01:00:31.009000,GAS,10,0 days 00:01:25.667000,19.0,2.0,,,0 days 00:00:29.227000,0 days 00:00:34.178000,0 days 00:00:22.262000,0 days 00:59:34.569000,0 days 01:00:08.747000,0 days 01:00:31.009000,271.0,280.0,248.0,352.0,False,SUPERSOFT,14.0,True,Toro Rosso,0 days 00:59:05.342000,,1,15.0,,,False,True
0 days 01:01:56.319000,GAS,10,0 days 00:01:25.310000,20.0,2.0,,,0 days 00:00:29.123000,0 days 00:00:33.924000,0 days 00:00:22.263000,0 days 01:01:00.132000,0 days 01:01:34.056000,0 days 01:01:56.319000,275.0,282.0,248.0,353.0,False,SUPERSOFT,15.0,True,Toro Rosso,0 days 01:00:31.009000,,1,15.0,,,False,True
0 days 01:03:21.678000,GAS,10,0 days 00:01:25.359000,21.0,2.0,,,0 days 00:00:29.186000,0 days 00:00:33.970000,0 days 00:00:22.203000,0 days 01:02:25.505000,0 days 01:02:59.475000,0 days 01:03:21.678000,267.0,281.0,248.0,357.0,False,SUPERSOFT,16.0,True,Toro Rosso,0 days 01:01:56.319000,,1,15.0,,,False,True
0 days 01:04:47.172000,GAS,10,0 days 00:01:25.494000,22.0,2.0,,,0 days 00:00:28.935000,0 days 00:00:34.182000,0 days 00:00:22.377000,0 days 01:03:50.613000,0 days 01:04:24.795000,0 days 01:04:47.172000,272.0,279.0,247.0,351.0,False,SUPERSOFT,17.0,True,Toro Rosso,0 days 01:03:21.678000,,1,15.0,,,False,True
0 days 01:06:12.145000,GAS,10,0 days 00:01:24.973000,23.0,2.0,,,0 days 00:00:29.149000,0 days 00:00:33.638000,0 days 00:00:22.186000,0 days 01:05:16.321000,0 days 01:05:49.959000,0 days 01:06:12.145000,273.0,281.0,245.0,348.0,False,SUPERSOFT,18.0,True,Toro Rosso,0 days 01:04:47.172000,,1,15.0,,,False,True
0 days 01:07:38.557000,GAS,10,0 days 00:01:26.412000,24.0,2.0,,,0 days 00:00:29.400000,0 days 00:00:34.072000,0 days 00:00:22.940000,0 days 01:06:41.545000,0 days 01:07:15.617000,0 days 01:07:38.557000,279.0,222.0,245.0,343.0,False,SUPERSOFT,19.0,True,Toro Rosso,0 days 01:06:12.145000,,1,14.0,,,False,True
0 days 01:09:04.266000,GAS,10,0 days 00:01:25.709000,25.0,2.0,,,0 days 00:00:29.495000,0 days 00:00:33.955000,0 days 00:00:22.259000,0 days 01:08:08.052000,0 days 01:08:42.007000,0 days 01:09:04.266000,304.0,281.0,244.0,331.0,False,SUPERSOFT,20.0,True,Toro Rosso,0 days 01:07:38.557000,,1,15.0,,,False,True
0 days 01:10:32.430000,GAS,10,0 days 00:01:28.164000,26.0,2.0,,0 days 01:10:29.831000,0 days 00:00:29.669000,0 days 00:00:33.154000,0 days 00:00:25.341000,0 days 01:09:33.935000,0 days 01:10:07.089000,0 days 01:10:32.430000,269.0,280.0,,325.0,False,SUPERSOFT,21.0,True,Toro Rosso,0 days 01:09:04.266000,,1,15.0,,,False,False
0 days 01:12:16.347000,GAS,10,0 days 00:01:43.917000,27.0,3.0,0 days 01:10:52.865000,,0 days 00:00:48.829000,0 days 00:00:33.256000,0 days 00:00:21.832000,0 days 01:11:21.259000,0 days 01:11:54.515000,0 days 01:12:16.347000,266.0,279.0,247.0,306.0,False,SUPERSOFT,1.0,True,Toro Rosso,0 days 01:10:32.430000,,1,19.0,,,False,False
0 days 01:13:40.410000,GAS,10,0 days 00:01:24.063000,28.0,3.0,,,0 days 00:00:29.706000,0 days 00:00:32.718000,0 days 00:00:21.639000,0 days 01:12:46.053000,0 days 01:13:18.771000,0 days 01:13:40.410000,255.0,279.0,247.0,322.0,False,SUPERSOFT,2.0,True,Toro Rosso,0 days 01:12:16.347000,,1,19.0,,,False,True
0 days 01:15:12.843000,GAS,10,0 days 00:01:32.433000,29.0,3.0,,,0 days 00:00:29.482000,0 days 00:00:33.331000,0 days 00:00:29.620000,0 days 01:14:09.892000,0 days 01:14:43.223000,0 days 01:15:12.843000,266.0,262.0,188.0,325.0,False,SUPERSOFT,3.0,True,Toro Rosso,0 days 01:13:40.410000,,126,18.0,,,False,False
0 days 01:17:03.812000,GAS,10,0 days 00:01:50.969000,30.0,3.0,,,0 days 00:00:40.007000,0 days 00:00:42.819000,0 days 00:00:28.143000,0 days 01:15:52.850000,0 days 01:16:35.669000,0 days 01:17:03.812000,189.0,226.0,210.0,233.0,False,SUPERSOFT,4.0,True,Toro Rosso,0 days 01:15:12.843000,,6,18.0,,,False,False
0 days 01:18:39.036000,GAS,10,0 days 00:01:35.224000,31.0,3.0,,,0 days 00:00:38.919000,0 days 00:00:34.607000,0 days 00:00:21.698000,0 days 01:17:42.731000,0 days 01:18:17.338000,0 days 01:18:39.036000,171.0,280.0,247.0,238.0,False,SUPERSOFT,5.0,True,Toro Rosso,0 days 01:17:03.812000,,671,18.0,,,False,False
0 days 01:20:02.962000,GAS,10,0 days 00:01:23.926000,32.0,3.0,,,0 days 00:00:29.467000,0 days 00:00:33.021000,0 days 00:00:21.438000,0 days 01:19:08.503000,0 days 01:19:41.524000,0 days 01:20:02.962000,268.0,278.0,248.0,325.0,False,SUPERSOFT,6.0,True,Toro Rosso,0 days 01:18:39.036000,,1,18.0,,,False,True
0 days 01:21:27.435000,GAS,10,0 days 00:01:24.473000,33.0,3.0,,,0 days 00:00:29.531000,0 days 00:00:33.187000,0 days 00:00:21.755000,0 days 01:20:32.493000,0 days 01:21:05.680000,0 days 01:21:27.435000,268.0,279.0,247.0,324.0,False,SUPERSOFT,7.0,True,Toro Rosso,0 days 01:20:02.962000,,1,18.0,,,False,True
0 days 01:22:52.021000,GAS,10,0 days 00:01:24.586000,34.0,3.0,,,0 days 00:00:29.609000,0 days 00:00:33.304000,0 days 00:00:21.673000,0 days 01:21:57.044000,0 days 01:22:30.348000,0 days 01:22:52.021000,268.0,280.0,247.0,324.0,False,SUPERSOFT,8.0,True,Toro Rosso,0 days 01:21:27.435000,,1,18.0,,,False,True
0 days 01:24:15.990000,GAS,10,0 days 00:01:23.969000,35.0,3.0,,,0 days 00:00:29.651000,0 days 00:00:32.666000,0 days 00:00:21.652000,0 days 01:23:21.672000,0 days 01:23:54.338000,0 days 01:24:15.990000,272.0,279.0,247.0,324.0,False,SUPERSOFT,9.0,True,Toro Rosso,0 days 01:22:52.021000,,1,18.0,,,False,True
0 days 01:25:41.481000,GAS,10,0 days 00:01:25.491000,36.0,3.0,,,0 days 00:00:29.304000,0 days 00:00:34.602000,0 days 00:00:21.585000,0 days 01:24:45.294000,0 days 01:25:19.896000,0 days 01:25:41.481000,271.0,279.0,248.0,326.0,False,SUPERSOFT,10.0,True,Toro Rosso,0 days 01:24:15.990000,,1,18.0,,,False,True
0 days 01:27:05.209000,GAS,10,0 days 00:01:23.728000,37.0,3.0,,,0 days 00:00:29.341000,0 days 00:00:32.929000,0 days 00:00:21.458000,0 days 01:26:10.822000,0 days 01:26:43.751000,0 days 01:27:05.209000,272.0,281.0,249.0,324.0,False,SUPERSOFT,11.0,True,Toro Rosso,0 days 01:25:41.481000,,1,18.0,,,False,True
0 days 01:28:29.132000,GAS,10,0 days 00:01:23.923000,38.0,3.0,,,0 days 00:00:29.387000,0 days 00:00:32.840000,0 days 00:00:21.696000,0 days 01:27:34.596000,0 days 01:28:07.436000,0 days 01:28:29.132000,269.0,281.0,248.0,324.0,False,SUPERSOFT,12.0,True,Toro Rosso,0 days 01:27:05.209000,,1,18.0,,,False,True
0 days 01:29:52.607000,GAS,10,0 days 00:01:23.475000,39.0,3.0,,,0 days 00:00:29.394000,0 days 00:00:32.658000,0 days 00:00:21.423000,0 days 01:28:58.526000,0 days 01:29:31.184000,0 days 01:29:52.607000,276.0,282.0,248.0,325.0,False,SUPERSOFT,13.0,True,Toro Rosso,0 days 01:28:29.132000,,1,17.0,,,False,True
0 days 01:31:16.497000,GAS,10,0 days 00:01:23.890000,40.0,3.0,,,0 days 00:00:29.228000,0 days 00:00:32.869000,0 days 00:00:21.793000,0 days 01:30:21.835000,0 days 01:30:54.704000,0 days 01:31:16.497000,269.0,280.0,248.0,327.0,False,SUPERSOFT,14.0,True,Toro Rosso,0 days 01:29:52.607000,,1,17.0,,,False,True
0 days 01:32:40.419000,GAS,10,0 days 00:01:23.922000,41.0,3.0,,,0 days 00:00:29.180000,0 days 00:00:33.003000,0 days 00:00:21.739000,0 days 01:31:45.677000,0 days 01:32:18.680000,0 days 01:32:40.419000,272.0,280.0,249.0,328.0,False,SUPERSOFT,15.0,True,Toro Rosso,0 days 01:31:16.497000,,1,17.0,,,False,True
0 days 01:34:04.488000,GAS,10,0 days 00:01:24.069000,42.0,3.0,,,0 days 00:00:29.188000,0 days 00:00:33.233000,0 days 00:00:21.648000,0 days 01:33:09.607000,0 days 01:33:42.840000,0 days 01:34:04.488000,274.0,282.0,248.0,331.0,False,SUPERSOFT,16.0,True,Toro Rosso,0 days 01:32:40.419000,,1,17.0,,,False,True
0 days 01:35:28.502000,GAS,10,0 days 00:01:24.014000,43.0,3.0,,,0 days 00:00:29.179000,0 days 00:00:33.112000,0 days 00:00:21.723000,0 days 01:34:33.667000,0 days 01:35:06.779000,0 days 01:35:28.502000,277.0,282.0,248.0,333.0,False,SUPERSOFT,17.0,True,Toro Rosso,0 days 01:34:04.488000,,1,17.0,,,False,True
0 days 01:36:51.923000,GAS,10,0 days 00:01:23.421000,44.0,3.0,,,0 days 00:00:29.041000,0 days 00:00:32.972000,0 days 00:00:21.408000,0 days 01:35:57.543000,0 days 01:36:30.515000,0 days 01:36:51.923000,280.0,284.0,249.0,334.0,False,SUPERSOFT,18.0,True,Toro Rosso,0 days 01:35:28.502000,,1,16.0,,,False,True
0 days 01:38:16.665000,GAS,10,0 days 00:01:24.742000,45.0,3.0,,,0 days 00:00:28.593000,0 days 00:00:34.329000,0 days 00:00:21.820000,0 days 01:37:20.516000,0 days 01:37:54.845000,0 days 01:38:16.665000,293.0,281.0,250.0,354.0,False,SUPERSOFT,19.0,True,Toro Rosso,0 days 01:36:51.923000,,1,14.0,,,False,True
0 days 01:39:40.558000,GAS,10,0 days 00:01:23.893000,46.0,3.0,,,0 days 00:00:29.125000,0 days 00:00:33.069000,0 days 00:00:21.699000,0 days 01:38:45.790000,0 days 01:39:18.859000,0 days 01:39:40.558000,277.0,282.0,249.0,328.0,False,SUPERSOFT,20.0,True,Toro Rosso,0 days 01:38:16.665000,,1,14.0,,,False,True
0 days 01:41:04.256000,GAS,10,0 days 00:01:23.698000,47.0,3.0,,,0 days 00:00:29.252000,0 days 00:00:33.020000,0 days 00:00:21.426000,0 days 01:40:09.810000,0 days 01:40:42.830000,0 days 01:41:04.256000,272.0,282.0,250.0,329.0,False,SUPERSOFT,21.0,True,Toro Rosso,0 days 01:39:40.558000,,1,14.0,,,False,True
0 days 01:42:27.354000,GAS,10,0 days 00:01:23.098000,48.0,3.0,,,0 days 00:00:28.938000,0 days 00:00:32.705000,0 days 00:00:21.455000,0 days 01:41:33.194000,0 days 01:42:05.899000,0 days 01:42:27.354000,280.0,285.0,252.0,333.0,False,SUPERSOFT,22.0,True,Toro Rosso,0 days 01:41:04.256000,,1,14.0,,,False,True
0 days 01:43:50.984000,GAS,10,0 days 00:01:23.630000,49.0,3.0,,,0 days 00:00:28.726000,0 days 00:00:33.253000,0 days 00:00:21.651000,0 days 01:42:56.080000,0 days 01:43:29.333000,0 days 01:43:50.984000,285.0,281.0,250.0,350.0,False,SUPERSOFT,23.0,True,Toro Rosso,0 days 01:42:27.354000,,1,13.0,,,False,True
0 days 01:45:14.537000,GAS,10,0 days 00:01:23.553000,50.0,3.0,,,0 days 00:00:29.037000,0 days 00:00:32.796000,0 days 00:00:21.720000,0 days 01:44:20.021000,0 days 01:44:52.817000,0 days 01:45:14.537000,277.0,285.0,252.0,331.0,False,SUPERSOFT,24.0,True,Toro Rosso,0 days 01:43:50.984000,,1,13.0,,,False,True
0 days 01:46:40.363000,GAS,10,0 days 00:01:25.826000,51.0,3.0,,,0 days 00:00:28.614000,0 days 00:00:34.959000,0 days 00:00:22.253000,0 days 01:45:43.151000,0 days 01:46:18.110000,0 days 01:46:40.363000,301.0,232.0,249.0,358.0,False,SUPERSOFT,25.0,True,Toro Rosso,0 days 01:45:14.537000,,1,13.0,,,False,True
0 days 01:48:04.446000,GAS,10,0 days 00:01:24.083000,52.0,3.0,,,0 days 00:00:29.217000,0 days 00:00:33.119000,0 days 00:00:21.747000,0 days 01:47:09.580000,0 days 01:47:42.699000,0 days 01:48:04.446000,274.0,286.0,250.0,335.0,False,SUPERSOFT,26.0,True,Toro Rosso,0 days 01:46:40.363000,,1,13.0,,,False,True
0 days 01:49:27.766000,GAS,10,0 days 00:01:23.320000,53.0,3.0,,,0 days 00:00:28.941000,0 days 00:00:32.801000,0 days 00:00:21.578000,0 days 01:48:33.387000,0 days 01:49:06.188000,0 days 01:49:27.766000,298.0,281.0,251.0,353.0,False,SUPERSOFT,27.0,True,Toro Rosso,0 days 01:48:04.446000,,1,12.0,,,False,True
0 days 01:50:52.998000,GAS,10,0 days 00:01:25.232000,54.0,3.0,,,0 days 00:00:29.199000,0 days 00:00:34.401000,0 days 00:00:21.632000,0 days 01:49:56.965000,0 days 01:50:31.366000,0 days 01:50:52.998000,284.0,283.0,249.0,334.0,False,SUPERSOFT,28.0,True,Toro Rosso,0 days 01:49:27.766000,,1,11.0,,,False,True
0 days 01:52:17.201000,GAS,10,0 days 00:01:24.203000,55.0,3.0,,,0 days 00:00:29.294000,0 days 00:00:33.164000,0 days 00:00:21.745000,0 days 01:51:22.292000,0 days 01:51:55.456000,0 days 01:52:17.201000,271.0,282.0,251.0,332.0,False,SUPERSOFT,29.0,True,Toro Rosso,0 days 01:50:52.998000,,1,11.0,,,False,True
0 days 01:53:41.311000,GAS,10,0 days 00:01:24.110000,56.0,3.0,,,0 days 00:00:29.400000,0 days 00:00:32.947000,0 days 00:00:21.763000,0 days 01:52:46.601000,0 days 01:53:19.548000,0 days 01:53:41.311000,283.0,283.0,248.0,326.0,False,SUPERSOFT,30.0,True,Toro Rosso,0 days 01:52:17.201000,,1,11.0,,,False,True
0 days 01:55:05.281000,GAS,10,0 days 00:01:23.970000,57.0,3.0,,,0 days 00:00:29.219000,0 days 00:00:32.912000,0 days 00:00:21.839000,0 days 01:54:10.530000,0 days 01:54:43.442000,0 days 01:55:05.281000,280.0,284.0,252.0,328.0,False,SUPERSOFT,31.0,True,Toro Rosso,0 days 01:53:41.311000,,1,11.0,,,False,True
0 days 01:56:31.881000,GAS,10,0 days 00:01:26.600000,58.0,3.0,,,0 days 00:00:29.090000,0 days 00:00:34.241000,0 days 00:00:23.269000,0 days 01:55:34.371000,0 days 01:56:08.612000,0 days 01:56:31.881000,284.0,222.0,249.0,350.0,False,SUPERSOFT,32.0,True,Toro Rosso,0 days 01:55:05.281000,,1,11.0,,,False,True
0 days 01:57:56.129000,GAS,10,0 days 00:01:24.248000,59.0,3.0,,,0 days 00:00:29.115000,0 days 00:00:33.195000,0 days 00:00:21.938000,0 days 01:57:00.996000,0 days 01:57:34.191000,0 days 01:57:56.129000,300.0,283.0,251.0,348.0,False,SUPERSOFT,33.0,True,Toro Rosso,0 days 01:56:31.881000,,1,11.0,,,False,True
0 days 01:59:41.809000,GAS,10,0 days 00:01:45.680000,60.0,3.0,,,0 days 00:00:37.250000,0 days 00:00:41.249000,0 days 00:00:27.181000,0 days 01:58:33.379000,0 days 01:59:14.628000,0 days 01:59:41.809000,210.0,190.0,192.0,322.0,False,SUPERSOFT,34.0,True,Toro Rosso,0 days 01:57:56.129000,,126,11.0,,,False,False
0 days 02:01:25.519000,GAS,10,0 days 00:01:43.710000,61.0,3.0,,,0 days 00:00:39.535000,0 days 00:00:41.781000,0 days 00:00:22.394000,0 days 02:00:21.344000,0 days 02:01:03.125000,0 days 02:01:25.519000,177.0,264.0,251.0,200.0,False,SUPERSOFT,35.0,True,Toro Rosso,0 days 01:59:41.809000,,671,11.0,,,False,False
0 days 02:02:49.781000,GAS,10,0 days 00:01:24.262000,62.0,3.0,,,0 days 00:00:29.155000,0 days 00:00:33.469000,0 days 00:00:21.638000,0 days 02:01:54.674000,0 days 02:02:28.143000,0 days 02:02:49.781000,272.0,288.0,252.0,344.0,False,SUPERSOFT,36.0,True,Toro Rosso,0 days 02:01:25.519000,,1,10.0,,,False,True
0 days 02:04:13.296000,GAS,10,0 days 00:01:23.515000,63.0,3.0,,,0 days 00:00:29.070000,0 days 00:00:32.874000,0 days 00:00:21.571000,0 days 02:03:18.851000,0 days 02:03:51.725000,0 days 02:04:13.296000,275.0,285.0,253.0,350.0,False,SUPERSOFT,37.0,True,Toro Rosso,0 days 02:02:49.781000,,1,10.0,,,False,True
0 days 02:05:36.477000,GAS,10,0 days 00:01:23.181000,64.0,3.0,,,0 days 00:00:28.790000,0 days 00:00:32.906000,0 days 00:00:21.485000,0 days 02:04:42.086000,0 days 02:05:14.992000,0 days 02:05:36.477000,292.0,285.0,253.0,346.0,False,SUPERSOFT,38.0,True,Toro Rosso,0 days 02:04:13.296000,,1,10.0,,,False,True
0 days 02:06:59.986000,GAS,10,0 days 00:01:23.509000,65.0,3.0,,,0 days 00:00:29.158000,0 days 00:00:32.809000,0 days 00:00:21.542000,0 days 02:06:05.635000,0 days 02:06:38.444000,0 days 02:06:59.986000,273.0,285.0,252.0,329.0,False,SUPERSOFT,39.0,True,Toro Rosso,0 days 02:05:36.477000,,1,10.0,,,False,True
0 days 02:08:23.453000,GAS,10,0 days 00:01:23.467000,66.0,3.0,,,0 days 00:00:29.087000,0 days 00:00:32.690000,0 days 00:00:21.690000,0 days 02:07:29.073000,0 days 02:08:01.763000,0 days 02:08:23.453000,280.0,283.0,253.0,328.0,False,SUPERSOFT,40.0,True,Toro Rosso,0 days 02:06:59.986000,,1,10.0,,,False,True
0 days 02:09:46.457000,GAS,10,0 days 00:01:23.004000,67.0,3.0,,,0 days 00:00:28.951000,0 days 00:00:32.584000,0 days 00:00:21.469000,0 days 02:08:52.404000,0 days 02:09:24.988000,0 days 02:09:46.457000,287.0,284.0,252.0,329.0,False,SUPERSOFT,41.0,True,Toro Rosso,0 days 02:08:23.453000,,1,10.0,,,False,True
0 days 02:11:09.213000,GAS,10,0 days 00:01:22.756000,68.0,3.0,,,0 days 00:00:29.010000,0 days 00:00:32.371000,0 days 00:00:21.375000,0 days 02:10:15.467000,0 days 02:10:47.838000,0 days 02:11:09.213000,286.0,284.0,253.0,327.0,True,SUPERSOFT,42.0,True,Toro Rosso,0 days 02:09:46.457000,,1,10.0,,,False,True
0 days 02:12:31.968000,GAS,10,0 days 00:01:22.755000,69.0,3.0,,,0 days 00:00:29.038000,0 days 00:00:32.286000,0 days 00:00:21.431000,0 days 02:11:38.251000,0 days 02:12:10.537000,0 days 02:12:31.968000,290.0,285.0,252.0,327.0,True,SUPERSOFT,43.0,True,Toro Rosso,0 days 02:11:09.213000,,1,10.0,,,False,True
0 days 00:34:33.098000,PER,11,0 days 00:01:34.212000,1.0,1.0,,,,0 days 00:00:36.221000,0 days 00:00:23.354000,,0 days 00:34:09.789000,0 days 00:34:33.207000,254.0,268.0,242.0,281.0,False,SUPERSOFT,1.0,True,Racing Point,0 days 00:32:58.703000,,1,11.0,,,False,False
0 days 00:35:57.514000,PER,11,0 days 00:01:24.416000,2.0,1.0,,,0 days 00:00:29.423000,0 days 00:00:33.116000,0 days 00:00:21.877000,0 days 00:35:02.522000,0 days 00:35:35.638000,0 days 00:35:57.515000,256.0,282.0,244.0,341.0,True,SUPERSOFT,2.0,True,Racing Point,0 days 00:34:33.098000,,1,11.0,,,False,True
0 days 00:37:21.592000,PER,11,0 days 00:01:24.078000,3.0,1.0,,,0 days 00:00:29.164000,0 days 00:00:33.431000,0 days 00:00:21.483000,0 days 00:36:26.679000,0 days 00:37:00.110000,0 days 00:37:21.593000,266.0,282.0,245.0,341.0,True,SUPERSOFT,3.0,True,Racing Point,0 days 00:35:57.514000,,1,11.0,,,False,True
0 days 00:38:45.567000,PER,11,0 days 00:01:23.975000,4.0,1.0,,,0 days 00:00:28.899000,0 days 00:00:33.418000,0 days 00:00:21.658000,0 days 00:37:50.492000,0 days 00:38:23.910000,0 days 00:38:45.568000,275.0,281.0,245.0,350.0,True,SUPERSOFT,4.0,True,Racing Point,0 days 00:37:21.592000,,12,11.0,,,False,True
0 days 00:40:26.483000,PER,11,0 days 00:01:40.916000,5.0,1.0,,,0 days 00:00:37.706000,0 days 00:00:40.576000,0 days 00:00:22.634000,0 days 00:39:23.274000,0 days 00:40:03.850000,0 days 00:40:26.484000,174.0,260.0,245.0,353.0,False,SUPERSOFT,5.0,True,Racing Point,0 days 00:38:45.567000,,2167,11.0,,,False,False
0 days 00:41:50.028000,PER,11,0 days 00:01:23.545000,6.0,1.0,,,0 days 00:00:29.145000,0 days 00:00:32.794000,0 days 00:00:21.606000,0 days 00:40:55.629000,0 days 00:41:28.423000,0 days 00:41:50.029000,276.0,279.0,246.0,341.0,True,SUPERSOFT,6.0,True,Racing Point,0 days 00:40:26.483000,,1,11.0,,,False,True
0 days 00:43:14.284000,PER,11,0 days 00:01:24.256000,7.0,1.0,,,0 days 00:00:28.920000,0 days 00:00:33.532000,0 days 00:00:21.804000,0 days 00:42:18.949000,0 days 00:42:52.481000,0 days 00:43:14.285000,271.0,280.0,246.0,355.0,False,SUPERSOFT,7.0,True,Racing Point,0 days 00:41:50.028000,,1,11.0,,,False,True
0 days 00:44:39.110000,PER,11,0 days 00:01:24.826000,8.0,1.0,,,0 days 00:00:29,0 days 00:00:33.774000,0 days 00:00:22.052000,0 days 00:43:43.285000,0 days 00:44:17.059000,0 days 00:44:39.111000,267.0,279.0,247.0,355.0,False,SUPERSOFT,8.0,True,Racing Point,0 days 00:43:14.284000,,1,11.0,,,False,True
0 days 00:46:03.872000,PER,11,0 days 00:01:24.762000,9.0,1.0,,,0 days 00:00:29.144000,0 days 00:00:33.629000,0 days 00:00:21.989000,0 days 00:45:08.255000,0 days 00:45:41.884000,0 days 00:46:03.873000,261.0,278.0,244.0,353.0,False,SUPERSOFT,9.0,True,Racing Point,0 days 00:44:39.110000,,1,11.0,,,False,True
0 days 00:47:29.414000,PER,11,0 days 00:01:25.542000,10.0,1.0,,,0 days 00:00:29.290000,0 days 00:00:34.106000,0 days 00:00:22.146000,0 days 00:46:33.163000,0 days 00:47:07.269000,0 days 00:47:29.415000,273.0,280.0,245.0,352.0,False,SUPERSOFT,10.0,True,Racing Point,0 days 00:46:03.872000,,1,11.0,,,False,True
0 days 00:48:56.761000,PER,11,0 days 00:01:27.347000,11.0,1.0,,,0 days 00:00:29.877000,0 days 00:00:35.029000,0 days 00:00:22.441000,0 days 00:47:59.292000,0 days 00:48:34.321000,0 days 00:48:56.762000,267.0,276.0,244.0,357.0,False,SUPERSOFT,11.0,True,Racing Point,0 days 00:47:29.414000,,1,11.0,,,False,True
0 days 00:50:23.419000,PER,11,0 days 00:01:26.658000,12.0,1.0,,,0 days 00:00:29.547000,0 days 00:00:34.481000,0 days 00:00:22.630000,0 days 00:49:26.309000,0 days 00:50:00.790000,0 days 00:50:23.420000,259.0,282.0,243.0,354.0,False,SUPERSOFT,12.0,True,Racing Point,0 days 00:48:56.761000,,1,10.0,,,False,True
0 days 00:51:49.808000,PER,11,0 days 00:01:26.389000,13.0,1.0,,,0 days 00:00:29.433000,0 days 00:00:34.418000,0 days 00:00:22.538000,0 days 00:50:52.853000,0 days 00:51:27.271000,0 days 00:51:49.809000,266.0,279.0,243.0,353.0,False,SUPERSOFT,13.0,True,Racing Point,0 days 00:50:23.419000,,1,9.0,,,False,True
0 days 00:53:13.441000,PER,11,0 days 00:01:23.633000,14.0,1.0,,,0 days 00:00:28.944000,0 days 00:00:33.049000,0 days 00:00:21.640000,0 days 00:52:18.753000,0 days 00:52:51.802000,0 days 00:53:13.442000,283.0,278.0,245.0,353.0,False,SUPERSOFT,14.0,True,Racing Point,0 days 00:51:49.808000,,1,7.0,,,False,True
0 days 00:54:37.415000,PER,11,0 days 00:01:23.974000,15.0,1.0,,,0 days 00:00:29.210000,0 days 00:00:32.912000,0 days 00:00:21.852000,0 days 00:53:42.652000,0 days 00:54:15.564000,0 days 00:54:37.416000,286.0,278.0,244.0,330.0,False,SUPERSOFT,15.0,True,Racing Point,0 days 00:53:13.441000,,1,7.0,,,False,True
0 days 00:56:00.998000,PER,11,0 days 00:01:23.583000,16.0,1.0,,,0 days 00:00:29.137000,0 days 00:00:32.675000,0 days 00:00:21.771000,0 days 00:55:06.553000,0 days 00:55:39.228000,0 days 00:56:00.999000,291.0,279.0,245.0,331.0,False,SUPERSOFT,16.0,True,Racing Point,0 days 00:54:37.415000,,1,7.0,,,False,True
0 days 00:57:24.751000,PER,11,0 days 00:01:23.753000,17.0,1.0,,,0 days 00:00:29.095000,0 days 00:00:32.938000,0 days 00:00:21.720000,0 days 00:56:30.094000,0 days 00:57:03.032000,0 days 00:57:24.752000,286.0,278.0,245.0,330.0,False,SUPERSOFT,17.0,True,Racing Point,0 days 00:56:00.998000,,1,7.0,,,False,True
0 days 00:58:48.797000,PER,11,0 days 00:01:24.046000,18.0,1.0,,,0 days 00:00:29.050000,0 days 00:00:33.212000,0 days 00:00:21.784000,0 days 00:57:53.802000,0 days 00:58:27.014000,0 days 00:58:48.798000,283.0,277.0,246.0,331.0,False,SUPERSOFT,18.0,True,Racing Point,0 days 00:57:24.751000,,1,7.0,,,False,True
0 days 01:00:13.262000,PER,11,0 days 00:01:24.465000,19.0,1.0,,,0 days 00:00:29.011000,0 days 00:00:33.475000,0 days 00:00:21.979000,0 days 00:59:17.809000,0 days 00:59:51.284000,0 days 01:00:13.263000,288.0,275.0,246.0,332.0,False,SUPERSOFT,19.0,True,Racing Point,0 days 00:58:48.797000,,1,7.0,,,False,True
0 days 01:01:37.316000,PER,11,0 days 00:01:24.054000,20.0,1.0,,,0 days 00:00:29.015000,0 days 00:00:33.177000,0 days 00:00:21.862000,0 days 01:00:42.278000,0 days 01:01:15.455000,0 days 01:01:37.317000,290.0,276.0,246.0,332.0,False,SUPERSOFT,20.0,True,Racing Point,0 days 01:00:13.262000,,1,7.0,,,False,True
0 days 01:03:01.648000,PER,11,0 days 00:01:24.332000,21.0,1.0,,,0 days 00:00:29.124000,0 days 00:00:33.299000,0 days 00:00:21.909000,0 days 01:02:06.441000,0 days 01:02:39.740000,0 days 01:03:01.649000,285.0,278.0,245.0,331.0,False,SUPERSOFT,21.0,True,Racing Point,0 days 01:01:37.316000,,1,7.0,,,False,True
0 days 01:04:26.349000,PER,11,0 days 00:01:24.701000,22.0,1.0,,,0 days 00:00:29.385000,0 days 00:00:33.453000,0 days 00:00:21.863000,0 days 01:03:31.034000,0 days 01:04:04.487000,0 days 01:04:26.350000,289.0,278.0,246.0,331.0,False,SUPERSOFT,22.0,True,Racing Point,0 days 01:03:01.648000,,1,7.0,,,False,True
0 days 01:05:50.887000,PER,11,0 days 00:01:24.538000,23.0,1.0,,,0 days 00:00:29.208000,0 days 00:00:33.399000,0 days 00:00:21.931000,0 days 01:04:55.558000,0 days 01:05:28.957000,0 days 01:05:50.888000,283.0,279.0,245.0,330.0,False,SUPERSOFT,23.0,True,Racing Point,0 days 01:04:26.349000,,1,7.0,,,False,True
0 days 01:07:15.551000,PER,11,0 days 00:01:24.664000,24.0,1.0,,,0 days 00:00:29.430000,0 days 00:00:33.484000,0 days 00:00:21.750000,0 days 01:06:20.318000,0 days 01:06:53.802000,0 days 01:07:15.552000,281.0,277.0,245.0,329.0,False,SUPERSOFT,24.0,True,Racing Point,0 days 01:05:50.887000,,1,7.0,,,False,True
0 days 01:08:40.454000,PER,11,0 days 00:01:24.903000,25.0,1.0,,,0 days 00:00:29.373000,0 days 00:00:33.618000,0 days 00:00:21.912000,0 days 01:07:44.925000,0 days 01:08:18.543000,0 days 01:08:40.455000,272.0,278.0,245.0,330.0,False,SUPERSOFT,25.0,True,Racing Point,0 days 01:07:15.551000,,1,7.0,,,False,True
0 days 01:10:04.824000,PER,11,0 days 00:01:24.370000,26.0,1.0,,,0 days 00:00:29.366000,0 days 00:00:33.267000,0 days 00:00:21.737000,0 days 01:09:09.821000,0 days 01:09:43.088000,0 days 01:10:04.825000,285.0,279.0,245.0,329.0,False,SUPERSOFT,26.0,True,Racing Point,0 days 01:08:40.454000,,1,7.0,,,False,True
0 days 01:11:29.622000,PER,11,0 days 00:01:24.798000,27.0,1.0,,,0 days 00:00:29.445000,0 days 00:00:33.530000,0 days 00:00:21.823000,0 days 01:10:34.270000,0 days 01:11:07.800000,0 days 01:11:29.623000,278.0,279.0,245.0,328.0,False,SUPERSOFT,27.0,True,Racing Point,0 days 01:10:04.824000,,1,7.0,,,False,True
0 days 01:12:53.906000,PER,11,0 days 00:01:24.284000,28.0,1.0,,,0 days 00:00:29.326000,0 days 00:00:33.320000,0 days 00:00:21.638000,0 days 01:11:58.949000,0 days 01:12:32.269000,0 days 01:12:53.907000,288.0,279.0,247.0,328.0,False,SUPERSOFT,28.0,True,Racing Point,0 days 01:11:29.622000,,1,7.0,,,False,True
0 days 01:14:17.743000,PER,11,0 days 00:01:23.837000,29.0,1.0,,,0 days 00:00:29.357000,0 days 00:00:33.044000,0 days 00:00:21.436000,0 days 01:13:23.264000,0 days 01:13:56.308000,0 days 01:14:17.744000,287.0,279.0,247.0,328.0,False,SUPERSOFT,29.0,True,Racing Point,0 days 01:12:53.906000,,12,7.0,,,False,True
0 days 01:16:07.422000,PER,11,0 days 00:01:49.679000,30.0,1.0,,0 days 01:16:04.810000,0 days 00:00:33.378000,0 days 00:00:44.980000,0 days 00:00:31.321000,0 days 01:14:51.122000,0 days 01:15:36.102000,0 days 01:16:07.423000,125.0,194.0,,329.0,False,SUPERSOFT,30.0,True,Racing Point,0 days 01:14:17.743000,,26,7.0,,,False,False
0 days 01:18:11.294000,PER,11,0 days 00:02:03.872000,31.0,2.0,0 days 01:16:28.547000,,0 days 00:00:58.447000,0 days 00:00:42.823000,0 days 00:00:22.602000,0 days 01:17:05.870000,0 days 01:17:48.693000,0 days 01:18:11.295000,205.0,228.0,247.0,153.0,False,ULTRASOFT,4.0,False,Racing Point,0 days 01:16:07.422000,,671,9.0,,,False,False
0 days 01:19:35.468000,PER,11,0 days 00:01:24.174000,32.0,2.0,,,0 days 00:00:28.794000,0 days 00:00:33.464000,0 days 00:00:21.916000,0 days 01:18:40.089000,0 days 01:19:13.553000,0 days 01:19:35.469000,246.0,285.0,247.0,351.0,False,ULTRASOFT,5.0,False,Racing Point,0 days 01:18:11.294000,,1,9.0,,,False,True
0 days 01:21:02.493000,PER,11,0 days 00:01:27.025000,33.0,2.0,,,0 days 00:00:30.595000,0 days 00:00:34.675000,0 days 00:00:21.755000,0 days 01:20:06.064000,0 days 01:20:40.739000,0 days 01:21:02.494000,247.0,282.0,249.0,358.0,False,ULTRASOFT,6.0,False,Racing Point,0 days 01:19:35.468000,,1,9.0,,,False,True
0 days 01:22:26.935000,PER,11,0 days 00:01:24.442000,34.0,2.0,,,0 days 00:00:28.395000,0 days 00:00:33.234000,0 days 00:00:22.813000,0 days 01:21:30.889000,0 days 01:22:04.123000,0 days 01:22:26.936000,275.0,282.0,245.0,360.0,False,ULTRASOFT,7.0,False,Racing Point,0 days 01:21:02.493000,,1,8.0,,,False,True
0 days 01:23:51.386000,PER,11,0 days 00:01:24.451000,35.0,2.0,,,0 days 00:00:29.262000,0 days 00:00:33.406000,0 days 00:00:21.783000,0 days 01:22:56.198000,0 days 01:23:29.604000,0 days 01:23:51.387000,250.0,281.0,244.0,333.0,False,ULTRASOFT,8.0,False,Racing Point,0 days 01:22:26.935000,,1,8.0,,,False,True
0 days 01:25:17.611000,PER,11,0 days 00:01:26.225000,36.0,2.0,,,0 days 00:00:29.505000,0 days 00:00:33.551000,0 days 00:00:23.169000,0 days 01:24:20.892000,0 days 01:24:54.443000,0 days 01:25:17.612000,263.0,280.0,246.0,322.0,False,ULTRASOFT,9.0,False,Racing Point,0 days 01:23:51.386000,,1,8.0,,,False,True
0 days 01:26:45.128000,PER,11,0 days 00:01:27.517000,37.0,2.0,,,0 days 00:00:30.117000,0 days 00:00:34.215000,0 days 00:00:23.185000,0 days 01:25:47.729000,0 days 01:26:21.944000,0 days 01:26:45.129000,201.0,256.0,244.0,304.0,False,ULTRASOFT,10.0,False,Racing Point,0 days 01:25:17.611000,,1,9.0,,,False,True
0 days 01:28:27.959000,PER,11,0 days 00:01:42.831000,38.0,2.0,,0 days 01:28:25.337000,0 days 00:00:33.721000,0 days 00:00:37.093000,0 days 00:00:32.017000,0 days 01:27:18.850000,0 days 01:27:55.943000,0 days 01:28:27.960000,219.0,278.0,,277.0,False,ULTRASOFT,11.0,False,Racing Point,0 days 01:26:45.128000,,1,17.0,,,False,False
0 days 00:34:33.601000,ALO,14,0 days 00:01:34.715000,1.0,1.0,,,,0 days 00:00:36.383000,0 days 00:00:23.701000,,0 days 00:34:09.957000,0 days 00:34:33.736000,258.0,276.0,246.0,270.0,False,ULTRASOFT,1.0,True,McLaren,0 days 00:32:58.703000,,1,12.0,,,False,False
0 days 00:35:58.645000,ALO,14,0 days 00:01:25.044000,2.0,1.0,,,0 days 00:00:29.837000,0 days 00:00:33.476000,0 days 00:00:21.731000,0 days 00:35:03.495000,0 days 00:35:36.971000,0 days 00:35:58.702000,275.0,279.0,244.0,332.0,True,ULTRASOFT,2.0,True,McLaren,0 days 00:34:33.601000,,1,12.0,,,False,True
0 days 00:37:22.842000,ALO,14,0 days 00:01:24.197000,3.0,1.0,,,0 days 00:00:29.510000,0 days 00:00:32.859000,0 days 00:00:21.828000,0 days 00:36:28.212000,0 days 00:37:01.071000,0 days 00:37:22.899000,279.0,279.0,244.0,318.0,True,ULTRASOFT,3.0,True,McLaren,0 days 00:35:58.645000,,1,12.0,,,False,True
0 days 00:39:52.842000,ALO,14,,4.0,1.0,,,,,,,,,,,,,,ULTRASOFT,4.0,True,McLaren,0 days 00:37:22.842000,,126,,,,True,False
0 days 00:34:30.275000,LEC,16,0 days 00:01:31.389000,1.0,1.0,,,,0 days 00:00:34.658000,0 days 00:00:22.514000,,0 days 00:34:07.801000,0 days 00:34:30.391000,290.0,280.0,248.0,270.0,False,HYPERSOFT,4.0,False,Sauber,0 days 00:32:58.703000,,1,9.0,,,False,False
0 days 00:35:54.240000,LEC,16,0 days 00:01:23.965000,2.0,1.0,,,0 days 00:00:29.146000,0 days 00:00:32.923000,0 days 00:00:21.896000,0 days 00:34:59.440000,0 days 00:35:32.363000,0 days 00:35:54.259000,293.0,282.0,244.0,336.0,True,HYPERSOFT,5.0,False,Sauber,0 days 00:34:30.275000,,1,9.0,,,False,True
0 days 00:37:17.864000,LEC,16,0 days 00:01:23.624000,3.0,1.0,,,0 days 00:00:29.102000,0 days 00:00:32.692000,0 days 00:00:21.830000,0 days 00:36:23.361000,0 days 00:36:56.053000,0 days 00:37:17.883000,297.0,281.0,247.0,336.0,True,HYPERSOFT,6.0,False,Sauber,0 days 00:35:54.240000,,1,9.0,,,False,True
0 days 00:38:41.223000,LEC,16,0 days 00:01:23.359000,4.0,1.0,,,0 days 00:00:28.838000,0 days 00:00:32.976000,0 days 00:00:21.545000,0 days 00:37:46.721000,0 days 00:38:19.697000,0 days 00:38:41.242000,281.0,283.0,248.0,332.0,True,HYPERSOFT,7.0,False,Sauber,0 days 00:37:17.864000,,12,9.0,,,False,True
0 days 00:40:22.648000,LEC,16,0 days 00:01:41.425000,5.0,1.0,,,0 days 00:00:35.901000,0 days 00:00:40.205000,0 days 00:00:25.319000,0 days 00:39:17.143000,0 days 00:39:57.348000,0 days 00:40:22.667000,159.0,238.0,250.0,333.0,False,HYPERSOFT,8.0,False,Sauber,0 days 00:38:41.223000,,2167,9.0,,,False,False
0 days 00:41:45.989000,LEC,16,0 days 00:01:23.341000,6.0,1.0,,,0 days 00:00:28.825000,0 days 00:00:32.991000,0 days 00:00:21.525000,0 days 00:40:51.492000,0 days 00:41:24.483000,0 days 00:41:46.008000,299.0,278.0,247.0,334.0,True,HYPERSOFT,9.0,False,Sauber,0 days 00:40:22.648000,,1,9.0,,,False,True
0 days 00:43:09.739000,LEC,16,0 days 00:01:23.750000,7.0,1.0,,,0 days 00:00:29.108000,0 days 00:00:32.850000,0 days 00:00:21.792000,0 days 00:42:15.116000,0 days 00:42:47.966000,0 days 00:43:09.758000,292.0,277.0,246.0,333.0,False,HYPERSOFT,10.0,False,Sauber,0 days 00:41:45.989000,,1,9.0,,,False,True
0 days 00:44:33.270000,LEC,16,0 days 00:01:23.531000,8.0,1.0,,,0 days 00:00:29.012000,0 days 00:00:32.786000,0 days 00:00:21.733000,0 days 00:43:38.770000,0 days 00:44:11.556000,0 days 00:44:33.289000,298.0,278.0,247.0,334.0,False,HYPERSOFT,11.0,False,Sauber,0 days 00:43:09.739000,,1,9.0,,,False,True
0 days 00:45:57.763000,LEC,16,0 days 00:01:24.493000,9.0,1.0,,,0 days 00:00:29.261000,0 days 00:00:33.227000,0 days 00:00:22.005000,0 days 00:45:02.550000,0 days 00:45:35.777000,0 days 00:45:57.782000,286.0,277.0,246.0,334.0,False,HYPERSOFT,12.0,False,Sauber,0 days 00:44:33.270000,,1,9.0,,,False,True
0 days 00:47:23.417000,LEC,16,0 days 00:01:25.654000,10.0,1.0,,,0 days 00:00:29.485000,0 days 00:00:33.921000,0 days 00:00:22.248000,0 days 00:46:27.267000,0 days 00:47:01.188000,0 days 00:47:23.436000,284.0,276.0,244.0,334.0,False,HYPERSOFT,13.0,False,Sauber,0 days 00:45:57.763000,,1,9.0,,,False,True
0 days 00:48:48.789000,LEC,16,0 days 00:01:25.372000,11.0,1.0,,,0 days 00:00:29.412000,0 days 00:00:33.550000,0 days 00:00:22.410000,0 days 00:47:52.848000,0 days 00:48:26.398000,0 days 00:48:48.808000,292.0,276.0,244.0,333.0,False,HYPERSOFT,14.0,False,Sauber,0 days 00:47:23.417000,,1,9.0,,,False,True
0 days 00:50:14.425000,LEC,16,0 days 00:01:25.636000,12.0,1.0,,,0 days 00:00:29.508000,0 days 00:00:33.611000,0 days 00:00:22.517000,0 days 00:49:18.316000,0 days 00:49:51.927000,0 days 00:50:14.444000,287.0,277.0,241.0,331.0,False,HYPERSOFT,15.0,False,Sauber,0 days 00:48:48.789000,,1,8.0,,,False,True
0 days 00:51:42.760000,LEC,16,0 days 00:01:28.335000,13.0,1.0,,0 days 00:51:40.766000,0 days 00:00:29.903000,0 days 00:00:33.393000,0 days 00:00:25.039000,0 days 00:50:44.347000,0 days 00:51:17.740000,0 days 00:51:42.779000,286.0,277.0,,330.0,False,HYPERSOFT,16.0,False,Sauber,0 days 00:50:14.425000,,1,7.0,,,False,False
0 days 00:53:24.297000,LEC,16,0 days 00:01:41.537000,14.0,2.0,0 days 00:52:02.699000,,0 days 00:00:47.904000,0 days 00:00:32.210000,0 days 00:00:21.423000,0 days 00:52:30.683000,0 days 00:53:02.893000,0 days 00:53:24.316000,294.0,283.0,252.0,318.0,False,SUPERSOFT,1.0,True,Sauber,0 days 00:51:42.760000,,1,15.0,,,False,False
0 days 00:54:48.619000,LEC,16,0 days 00:01:24.322000,15.0,2.0,,,0 days 00:00:28.793000,0 days 00:00:33.757000,0 days 00:00:21.772000,0 days 00:53:53.109000,0 days 00:54:26.866000,0 days 00:54:48.638000,272.0,284.0,253.0,344.0,False,SUPERSOFT,2.0,True,Sauber,0 days 00:53:24.297000,,1,15.0,,,False,True
0 days 00:56:12.754000,LEC,16,0 days 00:01:24.135000,16.0,2.0,,,0 days 00:00:28.256000,0 days 00:00:33.930000,0 days 00:00:21.949000,0 days 00:55:16.894000,0 days 00:55:50.824000,0 days 00:56:12.773000,276.0,282.0,252.0,360.0,False,SUPERSOFT,3.0,True,Sauber,0 days 00:54:48.619000,,1,13.0,,,False,True
0 days 00:57:36.784000,LEC,16,0 days 00:01:24.030000,17.0,2.0,,,0 days 00:00:28.626000,0 days 00:00:33.357000,0 days 00:00:22.047000,0 days 00:56:41.399000,0 days 00:57:14.756000,0 days 00:57:36.803000,283.0,279.0,251.0,350.0,False,SUPERSOFT,4.0,True,Sauber,0 days 00:56:12.754000,,1,12.0,,,False,True
0 days 00:59:02.063000,LEC,16,0 days 00:01:25.279000,18.0,2.0,,,0 days 00:00:29.432000,0 days 00:00:33.545000,0 days 00:00:22.302000,0 days 00:58:06.235000,0 days 00:58:39.780000,0 days 00:59:02.082000,265.0,282.0,245.0,341.0,False,SUPERSOFT,5.0,True,Sauber,0 days 00:57:36.784000,,1,11.0,,,False,True
0 days 01:00:27.382000,LEC,16,0 days 00:01:25.319000,19.0,2.0,,,0 days 00:00:29.493000,0 days 00:00:33.649000,0 days 00:00:22.177000,0 days 00:59:31.575000,0 days 01:00:05.224000,0 days 01:00:27.401000,271.0,279.0,248.0,317.0,False,SUPERSOFT,6.0,True,Sauber,0 days 00:59:02.063000,,1,11.0,,,False,True
0 days 01:01:52.573000,LEC,16,0 days 00:01:25.191000,20.0,2.0,,,0 days 00:00:29.713000,0 days 00:00:33.499000,0 days 00:00:21.979000,0 days 01:00:57.114000,0 days 01:01:30.613000,0 days 01:01:52.592000,277.0,280.0,251.0,321.0,False,SUPERSOFT,7.0,True,Sauber,0 days 01:00:27.382000,,1,11.0,,,False,True
0 days 01:03:17.121000,LEC,16,0 days 00:01:24.548000,21.0,2.0,,,0 days 00:00:29.191000,0 days 00:00:33.576000,0 days 00:00:21.781000,0 days 01:02:21.783000,0 days 01:02:55.359000,0 days 01:03:17.140000,273.0,281.0,250.0,324.0,False,SUPERSOFT,8.0,True,Sauber,0 days 01:01:52.573000,,1,11.0,,,False,True
0 days 01:04:41.477000,LEC,16,0 days 00:01:24.356000,22.0,2.0,,,0 days 00:00:29.059000,0 days 00:00:33.096000,0 days 00:00:22.201000,0 days 01:03:46.199000,0 days 01:04:19.295000,0 days 01:04:41.496000,283.0,283.0,249.0,336.0,False,SUPERSOFT,9.0,True,Sauber,0 days 01:03:17.121000,,1,11.0,,,False,True
0 days 01:06:05.517000,LEC,16,0 days 00:01:24.040000,23.0,2.0,,,0 days 00:00:29.221000,0 days 00:00:33.196000,0 days 00:00:21.623000,0 days 01:05:10.717000,0 days 01:05:43.913000,0 days 01:06:05.536000,271.0,282.0,251.0,334.0,False,SUPERSOFT,10.0,True,Sauber,0 days 01:04:41.477000,,1,11.0,,,False,True
0 days 01:07:29.157000,LEC,16,0 days 00:01:23.640000,24.0,2.0,,,0 days 00:00:28.978000,0 days 00:00:33.117000,0 days 00:00:21.545000,0 days 01:06:34.514000,0 days 01:07:07.631000,0 days 01:07:29.176000,284.0,285.0,252.0,341.0,False,SUPERSOFT,11.0,True,Sauber,0 days 01:06:05.517000,,1,11.0,,,False,True
0 days 01:08:53.574000,LEC,16,0 days 00:01:24.417000,25.0,2.0,,,0 days 00:00:28.779000,0 days 00:00:33.677000,0 days 00:00:21.961000,0 days 01:07:57.955000,0 days 01:08:31.632000,0 days 01:08:53.593000,286.0,283.0,249.0,349.0,False,SUPERSOFT,12.0,True,Sauber,0 days 01:07:29.157000,,1,10.0,,,False,True
0 days 01:10:20.010000,LEC,16,0 days 00:01:26.436000,26.0,2.0,,,0 days 00:00:29.371000,0 days 00:00:33.691000,0 days 00:00:23.374000,0 days 01:09:22.964000,0 days 01:09:56.655000,0 days 01:10:20.029000,277.0,283.0,250.0,328.0,False,SUPERSOFT,13.0,True,Sauber,0 days 01:08:53.574000,,1,10.0,,,False,True
0 days 01:11:44.934000,LEC,16,0 days 00:01:24.924000,27.0,2.0,,,0 days 00:00:29.124000,0 days 00:00:33.839000,0 days 00:00:21.961000,0 days 01:10:49.153000,0 days 01:11:22.992000,0 days 01:11:44.953000,274.0,282.0,247.0,337.0,False,SUPERSOFT,14.0,True,Sauber,0 days 01:10:20.010000,,1,10.0,,,False,True
0 days 01:13:09.566000,LEC,16,0 days 00:01:24.632000,28.0,2.0,,,0 days 00:00:29.448000,0 days 00:00:33.257000,0 days 00:00:21.927000,0 days 01:12:14.401000,0 days 01:12:47.658000,0 days 01:13:09.585000,283.0,282.0,249.0,332.0,False,SUPERSOFT,15.0,True,Sauber,0 days 01:11:44.934000,,1,10.0,,,False,True
0 days 01:14:34.019000,LEC,16,0 days 00:01:24.453000,29.0,2.0,,,0 days 00:00:29.488000,0 days 00:00:33.247000,0 days 00:00:21.718000,0 days 01:13:39.073000,0 days 01:14:12.320000,0 days 01:14:34.038000,284.0,282.0,251.0,330.0,False,SUPERSOFT,16.0,True,Sauber,0 days 01:13:09.566000,,12,9.0,,,False,True
0 days 01:16:21.497000,LEC,16,0 days 00:01:47.478000,30.0,2.0,,,0 days 00:00:37.584000,0 days 00:00:42.327000,0 days 00:00:27.567000,0 days 01:15:11.622000,0 days 01:15:53.949000,0 days 01:16:21.516000,181.0,212.0,220.0,177.0,False,SUPERSOFT,17.0,True,Sauber,0 days 01:14:34.019000,,26,9.0,,,False,False
0 days 01:18:08.861000,LEC,16,0 days 00:01:47.364000,31.0,2.0,,,0 days 00:00:39.816000,0 days 00:00:43.951000,0 days 00:00:23.597000,0 days 01:17:01.332000,0 days 01:17:45.283000,0 days 01:18:08.880000,231.0,208.0,250.0,224.0,False,SUPERSOFT,18.0,True,Sauber,0 days 01:16:21.497000,,671,8.0,,,False,False
0 days 01:19:35.081000,LEC,16,0 days 00:01:26.220000,32.0,2.0,,,0 days 00:00:30.430000,0 days 00:00:33.790000,0 days 00:00:22,0 days 01:18:39.310000,0 days 01:19:13.100000,0 days 01:19:35.100000,214.0,285.0,252.0,329.0,False,SUPERSOFT,19.0,True,Sauber,0 days 01:18:08.861000,,1,8.0,,,False,True
0 days 01:21:02.098000,LEC,16,0 days 00:01:27.017000,33.0,2.0,,,0 days 00:00:29.999000,0 days 00:00:35.150000,0 days 00:00:21.868000,0 days 01:20:05.099000,0 days 01:20:40.249000,0 days 01:21:02.117000,179.0,285.0,251.0,333.0,False,SUPERSOFT,20.0,True,Sauber,0 days 01:19:35.081000,,1,8.0,,,False,True
0 days 01:22:28.554000,LEC,16,0 days 00:01:26.456000,34.0,2.0,,,0 days 00:00:29.503000,0 days 00:00:34.966000,0 days 00:00:21.987000,0 days 01:21:31.620000,0 days 01:22:06.586000,0 days 01:22:28.573000,190.0,284.0,250.0,337.0,False,SUPERSOFT,21.0,True,Sauber,0 days 01:21:02.098000,,1,9.0,,,False,True
0 days 01:23:54.352000,LEC,16,0 days 00:01:25.798000,35.0,2.0,,,0 days 00:00:29.383000,0 days 00:00:33.512000,0 days 00:00:22.903000,0 days 01:22:57.956000,0 days 01:23:31.468000,0 days 01:23:54.371000,279.0,285.0,251.0,333.0,False,SUPERSOFT,22.0,True,Sauber,0 days 01:22:28.554000,,1,9.0,,,False,True
0 days 01:25:18.989000,LEC,16,0 days 00:01:24.637000,36.0,2.0,,,0 days 00:00:29.077000,0 days 00:00:33.306000,0 days 00:00:22.254000,0 days 01:24:23.448000,0 days 01:24:56.754000,0 days 01:25:19.008000,283.0,285.0,250.0,338.0,False,SUPERSOFT,23.0,True,Sauber,0 days 01:23:54.352000,,1,9.0,,,False,True
0 days 01:26:44.003000,LEC,16,0 days 00:01:25.014000,37.0,2.0,,,0 days 00:00:29.851000,0 days 00:00:33.587000,0 days 00:00:21.576000,0 days 01:25:48.859000,0 days 01:26:22.446000,0 days 01:26:44.022000,260.0,288.0,252.0,338.0,False,SUPERSOFT,24.0,True,Sauber,0 days 01:25:18.989000,,1,8.0,,,False,True
0 days 01:28:08.174000,LEC,16,0 days 00:01:24.171000,38.0,2.0,,,0 days 00:00:29.205000,0 days 00:00:33.240000,0 days 00:00:21.726000,0 days 01:27:13.227000,0 days 01:27:46.467000,0 days 01:28:08.193000,277.0,285.0,251.0,329.0,False,SUPERSOFT,25.0,True,Sauber,0 days 01:26:44.003000,,1,8.0,,,False,True
0 days 01:29:32.921000,LEC,16,0 days 00:01:24.747000,39.0,2.0,,,0 days 00:00:29.635000,0 days 00:00:33.366000,0 days 00:00:21.746000,0 days 01:28:37.828000,0 days 01:29:11.194000,0 days 01:29:32.940000,273.0,284.0,251.0,325.0,False,SUPERSOFT,26.0,True,Sauber,0 days 01:28:08.174000,,1,8.0,,,False,True
0 days 01:30:58.190000,LEC,16,0 days 00:01:25.269000,40.0,2.0,,,0 days 00:00:29.807000,0 days 00:00:33.506000,0 days 00:00:21.956000,0 days 01:30:02.747000,0 days 01:30:36.253000,0 days 01:30:58.209000,280.0,284.0,252.0,320.0,False,SUPERSOFT,27.0,True,Sauber,0 days 01:29:32.921000,,1,8.0,,,False,True
0 days 01:32:23.314000,LEC,16,0 days 00:01:25.124000,41.0,2.0,,,0 days 00:00:29.619000,0 days 00:00:33.840000,0 days 00:00:21.665000,0 days 01:31:27.828000,0 days 01:32:01.668000,0 days 01:32:23.333000,271.0,282.0,252.0,329.0,False,SUPERSOFT,28.0,True,Sauber,0 days 01:30:58.190000,,1,8.0,,,False,True
0 days 01:33:48.028000,LEC,16,0 days 00:01:24.714000,42.0,2.0,,,0 days 00:00:29.391000,0 days 00:00:33.581000,0 days 00:00:21.742000,0 days 01:32:52.724000,0 days 01:33:26.305000,0 days 01:33:48.047000,269.0,282.0,252.0,331.0,False,SUPERSOFT,29.0,True,Sauber,0 days 01:32:23.314000,,1,8.0,,,False,True
0 days 01:35:12.690000,LEC,16,0 days 00:01:24.662000,43.0,2.0,,,0 days 00:00:29.549000,0 days 00:00:33.353000,0 days 00:00:21.760000,0 days 01:34:17.596000,0 days 01:34:50.949000,0 days 01:35:12.709000,279.0,284.0,249.0,329.0,False,SUPERSOFT,30.0,True,Sauber,0 days 01:33:48.028000,,1,8.0,,,False,True
0 days 01:36:37.281000,LEC,16,0 days 00:01:24.591000,44.0,2.0,,,0 days 00:00:29.225000,0 days 00:00:33.519000,0 days 00:00:21.847000,0 days 01:35:41.934000,0 days 01:36:15.453000,0 days 01:36:37.300000,288.0,282.0,252.0,329.0,False,SUPERSOFT,31.0,True,Sauber,0 days 01:35:12.690000,,1,8.0,,,False,True
0 days 01:38:01.593000,LEC,16,0 days 00:01:24.312000,45.0,2.0,,,0 days 00:00:29.154000,0 days 00:00:33.267000,0 days 00:00:21.891000,0 days 01:37:06.454000,0 days 01:37:39.721000,0 days 01:38:01.612000,286.0,282.0,252.0,327.0,False,SUPERSOFT,32.0,True,Sauber,0 days 01:36:37.281000,,1,8.0,,,False,True
0 days 01:39:26.596000,LEC,16,0 days 00:01:25.003000,46.0,2.0,,,0 days 00:00:29.477000,0 days 00:00:33.567000,0 days 00:00:21.959000,0 days 01:38:31.089000,0 days 01:39:04.656000,0 days 01:39:26.615000,267.0,283.0,252.0,325.0,False,SUPERSOFT,33.0,True,Sauber,0 days 01:38:01.593000,,1,8.0,,,False,True
0 days 01:40:51.288000,LEC,16,0 days 00:01:24.692000,47.0,2.0,,,0 days 00:00:29.404000,0 days 00:00:33.422000,0 days 00:00:21.866000,0 days 01:39:56.019000,0 days 01:40:29.441000,0 days 01:40:51.307000,281.0,283.0,253.0,329.0,False,SUPERSOFT,34.0,True,Sauber,0 days 01:39:26.596000,,1,8.0,,,False,True
0 days 01:42:16.079000,LEC,16,0 days 00:01:24.791000,48.0,2.0,,,0 days 00:00:29.286000,0 days 00:00:33.620000,0 days 00:00:21.885000,0 days 01:41:20.593000,0 days 01:41:54.213000,0 days 01:42:16.098000,273.0,282.0,253.0,328.0,False,SUPERSOFT,35.0,True,Sauber,0 days 01:40:51.288000,,1,8.0,,,False,True
0 days 01:43:40.283000,LEC,16,0 days 00:01:24.204000,49.0,2.0,,,0 days 00:00:29.207000,0 days 00:00:33.358000,0 days 00:00:21.639000,0 days 01:42:45.305000,0 days 01:43:18.663000,0 days 01:43:40.302000,289.0,282.0,253.0,327.0,False,SUPERSOFT,36.0,True,Sauber,0 days 01:42:16.079000,,1,8.0,,,False,True
0 days 01:45:05.041000,LEC,16,0 days 00:01:24.758000,50.0,2.0,,,0 days 00:00:29.316000,0 days 00:00:33.427000,0 days 00:00:22.015000,0 days 01:44:09.618000,0 days 01:44:43.045000,0 days 01:45:05.060000,280.0,283.0,253.0,326.0,False,SUPERSOFT,37.0,True,Sauber,0 days 01:43:40.283000,,1,8.0,,,False,True
0 days 01:46:29.478000,LEC,16,0 days 00:01:24.437000,51.0,2.0,,,0 days 00:00:29.379000,0 days 00:00:33.294000,0 days 00:00:21.764000,0 days 01:45:34.439000,0 days 01:46:07.733000,0 days 01:46:29.497000,287.0,285.0,254.0,327.0,False,SUPERSOFT,38.0,True,Sauber,0 days 01:45:05.041000,,1,8.0,,,False,True
0 days 01:47:53.769000,LEC,16,0 days 00:01:24.291000,52.0,2.0,,,0 days 00:00:29.186000,0 days 00:00:33.280000,0 days 00:00:21.825000,0 days 01:46:58.683000,0 days 01:47:31.963000,0 days 01:47:53.788000,283.0,284.0,255.0,328.0,False,SUPERSOFT,39.0,True,Sauber,0 days 01:46:29.478000,,1,8.0,,,False,True
0 days 01:49:17.633000,LEC,16,0 days 00:01:23.864000,53.0,2.0,,,0 days 00:00:29.185000,0 days 00:00:32.882000,0 days 00:00:21.797000,0 days 01:48:22.973000,0 days 01:48:55.855000,0 days 01:49:17.652000,286.0,286.0,254.0,327.0,False,SUPERSOFT,40.0,True,Sauber,0 days 01:47:53.769000,,1,8.0,,,False,True
0 days 01:50:42.252000,LEC,16,0 days 00:01:24.619000,54.0,2.0,,,0 days 00:00:29.119000,0 days 00:00:32.728000,0 days 00:00:22.772000,0 days 01:49:46.771000,0 days 01:50:19.499000,0 days 01:50:42.271000,285.0,286.0,256.0,329.0,False,SUPERSOFT,41.0,True,Sauber,0 days 01:49:17.633000,,1,8.0,,,False,True
0 days 01:52:05.505000,LEC,16,0 days 00:01:23.253000,55.0,2.0,,,0 days 00:00:28.812000,0 days 00:00:32.921000,0 days 00:00:21.520000,0 days 01:51:11.083000,0 days 01:51:44.004000,0 days 01:52:05.524000,284.0,286.0,255.0,328.0,True,SUPERSOFT,42.0,True,Sauber,0 days 01:50:42.252000,,1,8.0,,,False,True
0 days 01:53:28.568000,LEC,16,0 days 00:01:23.063000,56.0,2.0,,,0 days 00:00:28.943000,0 days 00:00:32.546000,0 days 00:00:21.574000,0 days 01:52:34.467000,0 days 01:53:07.013000,0 days 01:53:28.587000,287.0,285.0,254.0,330.0,True,SUPERSOFT,43.0,True,Sauber,0 days 01:52:05.505000,,1,8.0,,,False,True
0 days 01:54:55.239000,LEC,16,0 days 00:01:26.671000,57.0,2.0,,,0 days 00:00:28.932000,0 days 00:00:36.088000,0 days 00:00:21.651000,0 days 01:53:57.519000,0 days 01:54:33.607000,0 days 01:54:55.258000,291.0,288.0,253.0,330.0,False,SUPERSOFT,44.0,True,Sauber,0 days 01:53:28.568000,,1,8.0,,,False,True
0 days 01:56:17.918000,LEC,16,0 days 00:01:22.679000,58.0,2.0,,,0 days 00:00:28.731000,0 days 00:00:32.536000,0 days 00:00:21.412000,0 days 01:55:23.989000,0 days 01:55:56.525000,0 days 01:56:17.937000,293.0,287.0,254.0,333.0,True,SUPERSOFT,45.0,True,Sauber,0 days 01:54:55.239000,,1,8.0,,,False,True
0 days 01:57:40.841000,LEC,16,0 days 00:01:22.923000,59.0,2.0,,,0 days 00:00:28.946000,0 days 00:00:32.588000,0 days 00:00:21.389000,0 days 01:56:46.883000,0 days 01:57:19.471000,0 days 01:57:40.860000,287.0,285.0,254.0,332.0,False,SUPERSOFT,46.0,True,Sauber,0 days 01:56:17.918000,,1,8.0,,,False,True
0 days 01:59:20.191000,LEC,16,0 days 00:01:39.350000,60.0,2.0,,,0 days 00:00:29.052000,0 days 00:00:42.827000,0 days 00:00:27.471000,0 days 01:58:09.912000,0 days 01:58:52.739000,0 days 01:59:20.210000,293.0,196.0,212.0,331.0,False,SUPERSOFT,47.0,True,Sauber,0 days 01:57:40.841000,,126,8.0,,,False,False
0 days 02:01:08.979000,LEC,16,0 days 00:01:48.788000,61.0,2.0,,,0 days 00:00:40.513000,0 days 00:00:42.041000,0 days 00:00:26.234000,0 days 02:00:00.723000,0 days 02:00:42.764000,0 days 02:01:08.998000,149.0,228.0,255.0,199.0,False,SUPERSOFT,48.0,True,Sauber,0 days 01:59:20.191000,,671,8.0,,,False,False
0 days 02:02:30.712000,LEC,16,0 days 00:01:21.733000,62.0,2.0,,,0 days 00:00:28.805000,0 days 00:00:31.955000,0 days 00:00:20.973000,0 days 02:01:37.803000,0 days 02:02:09.758000,0 days 02:02:30.731000,295.0,288.0,256.0,331.0,True,SUPERSOFT,49.0,True,Sauber,0 days 02:01:08.979000,,1,7.0,,,False,True
0 days 02:03:51.850000,LEC,16,0 days 00:01:21.138000,63.0,2.0,,,0 days 00:00:28.695000,0 days 00:00:31.515000,0 days 00:00:20.928000,0 days 02:02:59.426000,0 days 02:03:30.941000,0 days 02:03:51.869000,298.0,288.0,256.0,328.0,True,SUPERSOFT,50.0,True,Sauber,0 days 02:02:30.712000,,1,7.0,,,False,True
0 days 02:05:13.100000,LEC,16,0 days 00:01:21.250000,64.0,2.0,,,0 days 00:00:28.556000,0 days 00:00:31.770000,0 days 00:00:20.924000,0 days 02:04:20.425000,0 days 02:04:52.195000,0 days 02:05:13.119000,296.0,288.0,256.0,329.0,False,SUPERSOFT,51.0,True,Sauber,0 days 02:03:51.850000,,1,7.0,,,False,True
0 days 02:06:35.177000,LEC,16,0 days 00:01:22.077000,65.0,2.0,,,0 days 00:00:28.896000,0 days 00:00:32.071000,0 days 00:00:21.110000,0 days 02:05:42.015000,0 days 02:06:14.086000,0 days 02:06:35.196000,290.0,289.0,255.0,329.0,False,SUPERSOFT,52.0,True,Sauber,0 days 02:05:13.100000,,1,7.0,,,False,True
0 days 02:07:56.128000,LEC,16,0 days 00:01:20.951000,66.0,2.0,,,0 days 00:00:28.515000,0 days 00:00:31.566000,0 days 00:00:20.870000,0 days 02:07:03.711000,0 days 02:07:35.277000,0 days 02:07:56.147000,298.0,288.0,256.0,328.0,True,SUPERSOFT,53.0,True,Sauber,0 days 02:06:35.177000,,1,7.0,,,False,True
0 days 02:09:16.665000,LEC,16,0 days 00:01:20.537000,67.0,2.0,,,0 days 00:00:28.516000,0 days 00:00:31.249000,0 days 00:00:20.772000,0 days 02:08:24.663000,0 days 02:08:55.912000,0 days 02:09:16.684000,301.0,290.0,256.0,329.0,True,SUPERSOFT,54.0,True,Sauber,0 days 02:07:56.128000,,1,7.0,,,False,True
0 days 02:10:37.349000,LEC,16,0 days 00:01:20.684000,68.0,2.0,,,0 days 00:00:28.443000,0 days 00:00:31.244000,0 days 00:00:20.997000,0 days 02:09:45.127000,0 days 02:10:16.371000,0 days 02:10:37.368000,306.0,288.0,255.0,330.0,False,SUPERSOFT,55.0,True,Sauber,0 days 02:09:16.665000,,1,7.0,,,False,True
0 days 02:11:59.228000,LEC,16,0 days 00:01:21.879000,69.0,2.0,,,0 days 00:00:28.648000,0 days 00:00:31.692000,0 days 00:00:21.539000,0 days 02:11:06.016000,0 days 02:11:37.708000,0 days 02:11:59.247000,299.0,288.0,248.0,330.0,False,SUPERSOFT,56.0,True,Sauber,0 days 02:10:37.349000,,1,7.0,,,False,True
0 days 00:34:33.959000,STR,18,0 days 00:01:35.073000,1.0,1.0,,,,0 days 00:00:35.975000,0 days 00:00:23.982000,,0 days 00:34:10.155000,0 days 00:34:34.085000,264.0,283.0,243.0,276.0,False,ULTRASOFT,1.0,True,Williams,0 days 00:32:58.703000,,1,13.0,,,False,False
0 days 00:35:59.674000,STR,18,0 days 00:01:25.715000,2.0,1.0,,,0 days 00:00:29.773000,0 days 00:00:33.925000,0 days 00:00:22.017000,0 days 00:35:03.748000,0 days 00:35:37.673000,0 days 00:35:59.690000,249.0,281.0,245.0,331.0,True,ULTRASOFT,2.0,True,Williams,0 days 00:34:33.959000,,1,13.0,,,False,True
0 days 00:37:23.988000,STR,18,0 days 00:01:24.314000,3.0,1.0,,,0 days 00:00:29.251000,0 days 00:00:33.082000,0 days 00:00:21.981000,0 days 00:36:28.941000,0 days 00:37:02.023000,0 days 00:37:24.004000,285.0,278.0,245.0,340.0,True,ULTRASOFT,3.0,True,Williams,0 days 00:35:59.674000,,1,13.0,,,False,True
0 days 00:38:48.555000,STR,18,0 days 00:01:24.567000,4.0,1.0,,,0 days 00:00:29.406000,0 days 00:00:33.320000,0 days 00:00:21.841000,0 days 00:37:53.410000,0 days 00:38:26.730000,0 days 00:38:48.571000,289.0,279.0,242.0,333.0,False,ULTRASOFT,4.0,True,Williams,0 days 00:37:23.988000,,12,12.0,,,False,True
0 days 00:40:30.097000,STR,18,0 days 00:01:41.542000,5.0,1.0,,,0 days 00:00:37.697000,0 days 00:00:41.825000,0 days 00:00:22.020000,0 days 00:39:26.268000,0 days 00:40:08.093000,0 days 00:40:30.113000,189.0,203.0,245.0,334.0,False,ULTRASOFT,5.0,True,Williams,0 days 00:38:48.555000,,2167,12.0,,,False,False
0 days 00:41:53.387000,STR,18,0 days 00:01:23.290000,6.0,1.0,,,0 days 00:00:29.059000,0 days 00:00:32.688000,0 days 00:00:21.543000,0 days 00:40:59.172000,0 days 00:41:31.860000,0 days 00:41:53.403000,291.0,277.0,243.0,332.0,True,ULTRASOFT,6.0,True,Williams,0 days 00:40:30.097000,,1,12.0,,,False,True
0 days 00:43:17.065000,STR,18,0 days 00:01:23.678000,7.0,1.0,,,0 days 00:00:29.159000,0 days 00:00:32.820000,0 days 00:00:21.699000,0 days 00:42:22.562000,0 days 00:42:55.382000,0 days 00:43:17.081000,287.0,278.0,243.0,333.0,False,ULTRASOFT,7.0,True,Williams,0 days 00:41:53.387000,,1,12.0,,,False,True
0 days 00:44:41.275000,STR,18,0 days 00:01:24.210000,8.0,1.0,,,0 days 00:00:29.258000,0 days 00:00:32.989000,0 days 00:00:21.963000,0 days 00:43:46.339000,0 days 00:44:19.328000,0 days 00:44:41.291000,288.0,279.0,242.0,334.0,False,ULTRASOFT,8.0,True,Williams,0 days 00:43:17.065000,,1,12.0,,,False,True
0 days 00:46:06.233000,STR,18,0 days 00:01:24.958000,9.0,1.0,,,0 days 00:00:29.264000,0 days 00:00:33.585000,0 days 00:00:22.109000,0 days 00:45:10.555000,0 days 00:45:44.140000,0 days 00:46:06.249000,284.0,278.0,240.0,335.0,False,ULTRASOFT,9.0,True,Williams,0 days 00:44:41.275000,,1,12.0,,,False,True
0 days 00:47:36.812000,STR,18,0 days 00:01:30.579000,10.0,1.0,,0 days 00:47:34.173000,0 days 00:00:29.934000,0 days 00:00:34.752000,0 days 00:00:25.893000,0 days 00:46:36.183000,0 days 00:47:10.935000,0 days 00:47:36.828000,280.0,274.0,,335.0,False,ULTRASOFT,10.0,True,Williams,0 days 00:46:06.233000,,1,14.0,,,False,False
0 days 00:49:21.567000,STR,18,0 days 00:01:44.755000,11.0,2.0,0 days 00:47:58.629000,,0 days 00:00:49.972000,0 days 00:00:33.097000,0 days 00:00:21.686000,0 days 00:48:26.800000,0 days 00:48:59.897000,0 days 00:49:21.583000,282.0,279.0,244.0,311.0,False,ULTRASOFT,1.0,True,Williams,0 days 00:47:36.812000,,1,19.0,,,False,False
0 days 00:50:45.199000,STR,18,0 days 00:01:23.632000,12.0,2.0,,,0 days 00:00:29.241000,0 days 00:00:32.955000,0 days 00:00:21.436000,0 days 00:49:50.824000,0 days 00:50:23.779000,0 days 00:50:45.215000,279.0,280.0,247.0,330.0,False,ULTRASOFT,2.0,True,Williams,0 days 00:49:21.567000,,1,18.0,,,False,True
0 days 00:52:08.772000,STR,18,0 days 00:01:23.573000,13.0,2.0,,,0 days 00:00:29.156000,0 days 00:00:32.729000,0 days 00:00:21.688000,0 days 00:51:14.371000,0 days 00:51:47.100000,0 days 00:52:08.788000,279.0,278.0,245.0,320.0,False,ULTRASOFT,3.0,True,Williams,0 days 00:50:45.199000,,1,17.0,,,False,True
0 days 00:53:33.069000,STR,18,0 days 00:01:24.297000,14.0,2.0,,,0 days 00:00:29.685000,0 days 00:00:32.945000,0 days 00:00:21.667000,0 days 00:52:38.473000,0 days 00:53:11.418000,0 days 00:53:33.085000,282.0,280.0,244.0,332.0,False,ULTRASOFT,4.0,True,Williams,0 days 00:52:08.772000,,1,18.0,,,False,True
0 days 00:54:57.613000,STR,18,0 days 00:01:24.544000,15.0,2.0,,,0 days 00:00:29.157000,0 days 00:00:33.153000,0 days 00:00:22.234000,0 days 00:54:02.242000,0 days 00:54:35.395000,0 days 00:54:57.629000,285.0,278.0,243.0,333.0,False,ULTRASOFT,5.0,True,Williams,0 days 00:53:33.069000,,1,18.0,,,False,True
0 days 00:56:21.465000,STR,18,0 days 00:01:23.852000,16.0,2.0,,,0 days 00:00:29.202000,0 days 00:00:32.827000,0 days 00:00:21.823000,0 days 00:55:26.831000,0 days 00:55:59.658000,0 days 00:56:21.481000,281.0,280.0,243.0,335.0,False,ULTRASOFT,6.0,True,Williams,0 days 00:54:57.613000,,1,18.0,,,False,True
0 days 00:57:45.287000,STR,18,0 days 00:01:23.822000,17.0,2.0,,,0 days 00:00:29.232000,0 days 00:00:32.912000,0 days 00:00:21.678000,0 days 00:56:50.713000,0 days 00:57:23.625000,0 days 00:57:45.303000,283.0,278.0,244.0,332.0,False,ULTRASOFT,7.0,True,Williams,0 days 00:56:21.465000,,1,17.0,,,False,True
0 days 00:59:09.227000,STR,18,0 days 00:01:23.940000,18.0,2.0,,,0 days 00:00:29.121000,0 days 00:00:33.023000,0 days 00:00:21.796000,0 days 00:58:14.424000,0 days 00:58:47.447000,0 days 00:59:09.243000,282.0,280.0,243.0,335.0,False,ULTRASOFT,8.0,True,Williams,0 days 00:57:45.287000,,1,17.0,,,False,True
0 days 01:00:33.517000,STR,18,0 days 00:01:24.290000,19.0,2.0,,,0 days 00:00:29.247000,0 days 00:00:33.080000,0 days 00:00:21.963000,0 days 00:59:38.490000,0 days 01:00:11.570000,0 days 01:00:33.533000,285.0,280.0,245.0,335.0,False,ULTRASOFT,9.0,True,Williams,0 days 00:59:09.227000,,1,17.0,,,False,True
0 days 01:01:58.201000,STR,18,0 days 00:01:24.684000,20.0,2.0,,,0 days 00:00:29.028000,0 days 00:00:33.399000,0 days 00:00:22.257000,0 days 01:01:02.561000,0 days 01:01:35.960000,0 days 01:01:58.217000,279.0,281.0,243.0,338.0,False,ULTRASOFT,10.0,True,Williams,0 days 01:00:33.517000,,1,17.0,,,False,True
0 days 01:03:23.531000,STR,18,0 days 00:01:25.330000,21.0,2.0,,,0 days 00:00:29.138000,0 days 00:00:33.753000,0 days 00:00:22.439000,0 days 01:02:27.355000,0 days 01:03:01.108000,0 days 01:03:23.547000,278.0,282.0,242.0,341.0,False,ULTRASOFT,11.0,True,Williams,0 days 01:01:58.201000,,1,17.0,,,False,True
0 days 01:04:48.589000,STR,18,0 days 00:01:25.058000,22.0,2.0,,,0 days 00:00:29.170000,0 days 00:00:33.579000,0 days 00:00:22.309000,0 days 01:03:52.717000,0 days 01:04:26.296000,0 days 01:04:48.605000,281.0,282.0,243.0,341.0,False,ULTRASOFT,12.0,True,Williams,0 days 01:03:23.531000,,1,17.0,,,False,True
0 days 01:06:17.242000,STR,18,0 days 00:01:28.653000,23.0,2.0,,0 days 01:06:14.693000,0 days 00:00:29.178000,0 days 00:00:34.058000,0 days 00:00:25.417000,0 days 01:05:17.783000,0 days 01:05:51.841000,0 days 01:06:17.258000,279.0,280.0,,344.0,False,ULTRASOFT,13.0,True,Williams,0 days 01:04:48.589000,,1,17.0,,,False,False
0 days 01:07:59.869000,STR,18,0 days 00:01:42.627000,24.0,3.0,0 days 01:06:38.002000,,0 days 00:00:48.868000,0 days 00:00:32.574000,0 days 00:00:21.185000,0 days 01:07:06.126000,0 days 01:07:38.700000,0 days 01:07:59.885000,282.0,283.0,247.0,311.0,False,SUPERSOFT,1.0,True,Williams,0 days 01:06:17.242000,,1,19.0,,,False,False
0 days 01:09:23.145000,STR,18,0 days 00:01:23.276000,25.0,3.0,,,0 days 00:00:29.065000,0 days 00:00:32.662000,0 days 00:00:21.549000,0 days 01:08:28.950000,0 days 01:09:01.612000,0 days 01:09:23.161000,277.0,281.0,247.0,334.0,True,SUPERSOFT,2.0,True,Williams,0 days 01:07:59.869000,,1,19.0,,,False,True
0 days 01:10:46.146000,STR,18,0 days 00:01:23.001000,26.0,3.0,,,0 days 00:00:28.998000,0 days 00:00:32.617000,0 days 00:00:21.386000,0 days 01:09:52.159000,0 days 01:10:24.776000,0 days 01:10:46.162000,278.0,283.0,249.0,328.0,True,SUPERSOFT,3.0,True,Williams,0 days 01:09:23.145000,,1,19.0,,,False,True
0 days 01:12:09.129000,STR,18,0 days 00:01:22.983000,27.0,3.0,,,0 days 00:00:28.934000,0 days 00:00:32.525000,0 days 00:00:21.524000,0 days 01:11:15.096000,0 days 01:11:47.621000,0 days 01:12:09.145000,276.0,279.0,246.0,333.0,True,SUPERSOFT,4.0,True,Williams,0 days 01:10:46.146000,,1,18.0,,,False,True
0 days 01:13:33.974000,STR,18,0 days 00:01:24.845000,28.0,3.0,,,0 days 00:00:29.007000,0 days 00:00:34.255000,0 days 00:00:21.583000,0 days 01:12:38.152000,0 days 01:13:12.407000,0 days 01:13:33.990000,276.0,284.0,248.0,325.0,False,SUPERSOFT,5.0,True,Williams,0 days 01:12:09.129000,,1,18.0,,,False,True
0 days 01:15:02.663000,STR,18,0 days 00:01:28.689000,29.0,3.0,,,0 days 00:00:28.902000,0 days 00:00:32.422000,0 days 00:00:27.365000,0 days 01:14:02.892000,0 days 01:14:35.314000,0 days 01:15:02.679000,283.0,281.0,226.0,334.0,False,SUPERSOFT,6.0,True,Williams,0 days 01:13:33.974000,,126,17.0,,,False,False
0 days 01:16:52.227000,STR,18,0 days 00:01:49.564000,30.0,3.0,,,0 days 00:00:38.700000,0 days 00:00:43.562000,0 days 00:00:27.302000,0 days 01:15:41.379000,0 days 01:16:24.941000,0 days 01:16:52.243000,193.0,200.0,167.0,194.0,False,SUPERSOFT,7.0,True,Williams,0 days 01:15:02.663000,,6,17.0,,,False,False
0 days 01:18:30.224000,STR,18,0 days 00:01:37.997000,31.0,3.0,,,0 days 00:00:40.634000,0 days 00:00:35.770000,0 days 00:00:21.593000,0 days 01:17:32.877000,0 days 01:18:08.647000,0 days 01:18:30.240000,187.0,283.0,247.0,170.0,False,SUPERSOFT,8.0,True,Williams,0 days 01:16:52.227000,,671,17.0,,,False,False
0 days 01:19:54.842000,STR,18,0 days 00:01:24.618000,32.0,3.0,,,0 days 00:00:28.869000,0 days 00:00:33.642000,0 days 00:00:22.107000,0 days 01:18:59.109000,0 days 01:19:32.751000,0 days 01:19:54.858000,278.0,288.0,249.0,339.0,False,SUPERSOFT,9.0,True,Williams,0 days 01:18:30.224000,,1,16.0,,,False,True
0 days 01:21:18.664000,STR,18,0 days 00:01:23.822000,33.0,3.0,,,0 days 00:00:29.218000,0 days 00:00:32.909000,0 days 00:00:21.695000,0 days 01:20:24.076000,0 days 01:20:56.985000,0 days 01:21:18.680000,274.0,283.0,246.0,336.0,False,SUPERSOFT,10.0,True,Williams,0 days 01:19:54.842000,,1,16.0,,,False,True
0 days 01:22:42.328000,STR,18,0 days 00:01:23.664000,34.0,3.0,,,0 days 00:00:28.944000,0 days 00:00:32.840000,0 days 00:00:21.880000,0 days 01:21:47.624000,0 days 01:22:20.464000,0 days 01:22:42.344000,277.0,282.0,247.0,331.0,False,SUPERSOFT,11.0,True,Williams,0 days 01:21:18.664000,,1,16.0,,,False,True
0 days 01:24:05.884000,STR,18,0 days 00:01:23.556000,35.0,3.0,,,0 days 00:00:28.988000,0 days 00:00:32.812000,0 days 00:00:21.756000,0 days 01:23:11.332000,0 days 01:23:44.144000,0 days 01:24:05.900000,281.0,284.0,247.0,329.0,False,SUPERSOFT,12.0,True,Williams,0 days 01:22:42.328000,,1,16.0,,,False,True
0 days 01:25:29.828000,STR,18,0 days 00:01:23.944000,36.0,3.0,,,0 days 00:00:29.086000,0 days 00:00:32.952000,0 days 00:00:21.906000,0 days 01:24:34.986000,0 days 01:25:07.938000,0 days 01:25:29.844000,277.0,283.0,247.0,334.0,False,SUPERSOFT,13.0,True,Williams,0 days 01:24:05.884000,,1,16.0,,,False,True
0 days 01:26:54.339000,STR,18,0 days 00:01:24.511000,37.0,3.0,,,0 days 00:00:28.924000,0 days 00:00:33.463000,0 days 00:00:22.124000,0 days 01:25:58.768000,0 days 01:26:32.231000,0 days 01:26:54.355000,278.0,285.0,247.0,343.0,False,SUPERSOFT,14.0,True,Williams,0 days 01:25:29.828000,,1,16.0,,,False,True
0 days 01:28:20.332000,STR,18,0 days 00:01:25.993000,38.0,3.0,,,0 days 00:00:29.141000,0 days 00:00:34.023000,0 days 00:00:22.829000,0 days 01:27:23.496000,0 days 01:27:57.519000,0 days 01:28:20.348000,264.0,280.0,244.0,340.0,False,SUPERSOFT,15.0,True,Williams,0 days 01:26:54.339000,,1,15.0,,,False,True
0 days 01:29:45.809000,STR,18,0 days 00:01:25.477000,39.0,3.0,,,0 days 00:00:29.711000,0 days 00:00:33.635000,0 days 00:00:22.131000,0 days 01:28:50.059000,0 days 01:29:23.694000,0 days 01:29:45.825000,263.0,284.0,247.0,325.0,False,SUPERSOFT,16.0,True,Williams,0 days 01:28:20.332000,,1,15.0,,,False,True
0 days 01:31:10.594000,STR,18,0 days 00:01:24.785000,40.0,3.0,,,0 days 00:00:29.189000,0 days 00:00:33.345000,0 days 00:00:22.251000,0 days 01:30:15.014000,0 days 01:30:48.359000,0 days 01:31:10.610000,277.0,282.0,244.0,338.0,False,SUPERSOFT,17.0,True,Williams,0 days 01:29:45.809000,,1,15.0,,,False,True
0 days 01:32:35.063000,STR,18,0 days 00:01:24.469000,41.0,3.0,,,0 days 00:00:29.241000,0 days 00:00:33.134000,0 days 00:00:22.094000,0 days 01:31:39.851000,0 days 01:32:12.985000,0 days 01:32:35.079000,277.0,282.0,247.0,332.0,False,SUPERSOFT,18.0,True,Williams,0 days 01:31:10.594000,,1,15.0,,,False,True
0 days 01:33:59.404000,STR,18,0 days 00:01:24.341000,42.0,3.0,,,0 days 00:00:29.288000,0 days 00:00:33.031000,0 days 00:00:22.022000,0 days 01:33:04.367000,0 days 01:33:37.398000,0 days 01:33:59.420000,272.0,282.0,246.0,326.0,False,SUPERSOFT,19.0,True,Williams,0 days 01:32:35.063000,,1,15.0,,,False,True
0 days 01:35:24.249000,STR,18,0 days 00:01:24.845000,43.0,3.0,,,0 days 00:00:29.236000,0 days 00:00:33.183000,0 days 00:00:22.426000,0 days 01:34:28.656000,0 days 01:35:01.839000,0 days 01:35:24.265000,269.0,285.0,245.0,327.0,False,SUPERSOFT,20.0,True,Williams,0 days 01:33:59.404000,,1,15.0,,,False,True
0 days 01:36:49.082000,STR,18,0 days 00:01:24.833000,44.0,3.0,,,0 days 00:00:29.158000,0 days 00:00:33.410000,0 days 00:00:22.265000,0 days 01:35:53.423000,0 days 01:36:26.833000,0 days 01:36:49.098000,278.0,283.0,244.0,331.0,False,SUPERSOFT,21.0,True,Williams,0 days 01:35:24.249000,,1,13.0,,,False,True
0 days 01:38:13.478000,STR,18,0 days 00:01:24.396000,45.0,3.0,,,0 days 00:00:29.290000,0 days 00:00:33.190000,0 days 00:00:21.916000,0 days 01:37:18.388000,0 days 01:37:51.578000,0 days 01:38:13.494000,273.0,281.0,245.0,324.0,False,SUPERSOFT,22.0,True,Williams,0 days 01:36:49.082000,,1,13.0,,,False,True
0 days 01:39:38.744000,STR,18,0 days 00:01:25.266000,46.0,3.0,,,0 days 00:00:30.007000,0 days 00:00:33.060000,0 days 00:00:22.199000,0 days 01:38:43.501000,0 days 01:39:16.561000,0 days 01:39:38.760000,280.0,282.0,243.0,311.0,False,SUPERSOFT,23.0,True,Williams,0 days 01:38:13.478000,,1,13.0,,,False,True
0 days 01:41:02.894000,STR,18,0 days 00:01:24.150000,47.0,3.0,,,0 days 00:00:29.232000,0 days 00:00:32.968000,0 days 00:00:21.950000,0 days 01:40:07.992000,0 days 01:40:40.960000,0 days 01:41:02.910000,280.0,284.0,248.0,335.0,False,SUPERSOFT,24.0,True,Williams,0 days 01:39:38.744000,,1,13.0,,,False,True
0 days 01:42:27.024000,STR,18,0 days 00:01:24.130000,48.0,3.0,,,0 days 00:00:29.056000,0 days 00:00:32.993000,0 days 00:00:22.081000,0 days 01:41:31.966000,0 days 01:42:04.959000,0 days 01:42:27.040000,288.0,284.0,247.0,336.0,False,SUPERSOFT,25.0,True,Williams,0 days 01:41:02.894000,,1,13.0,,,False,True
0 days 01:43:52.622000,STR,18,0 days 00:01:25.598000,49.0,3.0,,,0 days 00:00:29.772000,0 days 00:00:33.704000,0 days 00:00:22.122000,0 days 01:42:56.812000,0 days 01:43:30.516000,0 days 01:43:52.638000,267.0,281.0,247.0,311.0,False,SUPERSOFT,26.0,True,Williams,0 days 01:42:27.024000,,1,14.0,,,False,True
0 days 01:45:16.936000,STR,18,0 days 00:01:24.314000,50.0,3.0,,,0 days 00:00:29.088000,0 days 00:00:33.077000,0 days 00:00:22.149000,0 days 01:44:21.726000,0 days 01:44:54.803000,0 days 01:45:16.952000,285.0,282.0,247.0,337.0,False,SUPERSOFT,27.0,True,Williams,0 days 01:43:52.622000,,1,14.0,,,False,True
0 days 01:46:42.839000,STR,18,0 days 00:01:25.903000,51.0,3.0,,,0 days 00:00:30.349000,0 days 00:00:33.426000,0 days 00:00:22.128000,0 days 01:45:47.301000,0 days 01:46:20.727000,0 days 01:46:42.855000,281.0,283.0,247.0,309.0,False,SUPERSOFT,28.0,True,Williams,0 days 01:45:16.936000,,1,14.0,,,False,True
0 days 01:48:08.264000,STR,18,0 days 00:01:25.425000,52.0,3.0,,,0 days 00:00:29.082000,0 days 00:00:33.047000,0 days 00:00:23.296000,0 days 01:47:11.937000,0 days 01:47:44.984000,0 days 01:48:08.280000,287.0,263.0,248.0,336.0,False,SUPERSOFT,29.0,True,Williams,0 days 01:46:42.839000,,1,14.0,,,False,True
0 days 01:49:32.724000,STR,18,0 days 00:01:24.460000,53.0,3.0,,,0 days 00:00:29.421000,0 days 00:00:33.015000,0 days 00:00:22.024000,0 days 01:48:37.701000,0 days 01:49:10.716000,0 days 01:49:32.740000,278.0,285.0,248.0,314.0,False,SUPERSOFT,30.0,True,Williams,0 days 01:48:08.264000,,1,14.0,,,False,True
0 days 01:50:56.876000,STR,18,0 days 00:01:24.152000,54.0,3.0,,,0 days 00:00:29.092000,0 days 00:00:32.966000,0 days 00:00:22.094000,0 days 01:50:01.832000,0 days 01:50:34.798000,0 days 01:50:56.892000,292.0,284.0,249.0,337.0,False,SUPERSOFT,31.0,True,Williams,0 days 01:49:32.724000,,1,14.0,,,False,True
0 days 01:52:21.204000,STR,18,0 days 00:01:24.328000,55.0,3.0,,,0 days 00:00:29.121000,0 days 00:00:33.019000,0 days 00:00:22.188000,0 days 01:51:26.013000,0 days 01:51:59.032000,0 days 01:52:21.220000,287.0,284.0,251.0,339.0,False,SUPERSOFT,32.0,True,Williams,0 days 01:50:56.876000,,1,14.0,,,False,True
0 days 01:53:47.368000,STR,18,0 days 00:01:26.164000,56.0,3.0,,,0 days 00:00:29.052000,0 days 00:00:34.776000,0 days 00:00:22.336000,0 days 01:52:50.272000,0 days 01:53:25.048000,0 days 01:53:47.384000,275.0,284.0,250.0,355.0,False,SUPERSOFT,33.0,True,Williams,0 days 01:52:21.204000,,1,14.0,,,False,True
0 days 01:55:11.751000,STR,18,0 days 00:01:24.383000,57.0,3.0,,,0 days 00:00:28.895000,0 days 00:00:33.247000,0 days 00:00:22.241000,0 days 01:54:16.279000,0 days 01:54:49.526000,0 days 01:55:11.767000,292.0,287.0,250.0,355.0,False,SUPERSOFT,34.0,True,Williams,0 days 01:53:47.368000,,1,14.0,,,False,True
0 days 01:56:36.564000,STR,18,0 days 00:01:24.813000,58.0,3.0,,,0 days 00:00:29.213000,0 days 00:00:33.432000,0 days 00:00:22.168000,0 days 01:55:40.980000,0 days 01:56:14.412000,0 days 01:56:36.580000,286.0,285.0,250.0,355.0,False,SUPERSOFT,35.0,True,Williams,0 days 01:55:11.751000,,1,14.0,,,False,True
0 days 01:58:01.677000,STR,18,0 days 00:01:25.113000,59.0,3.0,,,0 days 00:00:29.185000,0 days 00:00:33.420000,0 days 00:00:22.508000,0 days 01:57:05.765000,0 days 01:57:39.185000,0 days 01:58:01.693000,285.0,280.0,246.0,350.0,False,SUPERSOFT,36.0,True,Williams,0 days 01:56:36.564000,,12,14.0,,,False,True
0 days 01:59:49.138000,STR,18,0 days 00:01:47.461000,60.0,3.0,,,0 days 00:00:40.530000,0 days 00:00:41.028000,0 days 00:00:25.903000,0 days 01:58:42.223000,0 days 01:59:23.251000,0 days 01:59:49.154000,154.0,162.0,180.0,299.0,False,SUPERSOFT,37.0,True,Williams,0 days 01:58:01.677000,,26,14.0,,,False,False
0 days 02:01:29.794000,STR,18,0 days 00:01:40.656000,61.0,3.0,,,0 days 00:00:39.819000,0 days 00:00:38.666000,0 days 00:00:22.171000,0 days 02:00:28.973000,0 days 02:01:07.639000,0 days 02:01:29.810000,157.0,286.0,250.0,251.0,False,SUPERSOFT,38.0,True,Williams,0 days 01:59:49.138000,,671,14.0,,,False,False
0 days 02:02:54.287000,STR,18,0 days 00:01:24.493000,62.0,3.0,,,0 days 00:00:29.425000,0 days 00:00:33.161000,0 days 00:00:21.907000,0 days 02:01:59.235000,0 days 02:02:32.396000,0 days 02:02:54.303000,282.0,288.0,252.0,334.0,False,SUPERSOFT,39.0,True,Williams,0 days 02:01:29.794000,,1,13.0,,,False,True
0 days 02:04:18.243000,STR,18,0 days 00:01:23.956000,63.0,3.0,,,0 days 00:00:28.848000,0 days 00:00:33.107000,0 days 00:00:22.001000,0 days 02:03:23.151000,0 days 02:03:56.258000,0 days 02:04:18.259000,274.0,291.0,251.0,356.0,False,SUPERSOFT,40.0,True,Williams,0 days 02:02:54.287000,,1,13.0,,,False,True
0 days 02:05:42.329000,STR,18,0 days 00:01:24.086000,64.0,3.0,,,0 days 00:00:29.050000,0 days 00:00:32.814000,0 days 00:00:22.222000,0 days 02:04:47.309000,0 days 02:05:20.123000,0 days 02:05:42.345000,289.0,287.0,249.0,340.0,False,SUPERSOFT,41.0,True,Williams,0 days 02:04:18.243000,,1,13.0,,,False,True
0 days 02:07:06,STR,18,0 days 00:01:23.671000,65.0,3.0,,,0 days 00:00:29.287000,0 days 00:00:32.677000,0 days 00:00:21.707000,0 days 02:06:11.632000,0 days 02:06:44.309000,0 days 02:07:06.016000,278.0,286.0,250.0,336.0,False,SUPERSOFT,42.0,True,Williams,0 days 02:05:42.329000,,1,13.0,,,False,True
0 days 02:08:29.204000,STR,18,0 days 00:01:23.204000,66.0,3.0,,,0 days 00:00:29.149000,0 days 00:00:32.413000,0 days 00:00:21.642000,0 days 02:07:35.165000,0 days 02:08:07.578000,0 days 02:08:29.220000,296.0,289.0,251.0,334.0,False,SUPERSOFT,43.0,True,Williams,0 days 02:07:06,,1,13.0,,,False,True
0 days 02:09:52.437000,STR,18,0 days 00:01:23.233000,67.0,3.0,,,0 days 00:00:29.020000,0 days 00:00:32.496000,0 days 00:00:21.717000,0 days 02:08:58.240000,0 days 02:09:30.736000,0 days 02:09:52.453000,298.0,288.0,249.0,338.0,False,SUPERSOFT,44.0,True,Williams,0 days 02:08:29.204000,,1,13.0,,,False,True
0 days 02:11:15.962000,STR,18,0 days 00:01:23.525000,68.0,3.0,,,0 days 00:00:29.113000,0 days 00:00:32.555000,0 days 00:00:21.857000,0 days 02:10:21.566000,0 days 02:10:54.121000,0 days 02:11:15.978000,291.0,287.0,253.0,337.0,False,SUPERSOFT,45.0,True,Williams,0 days 02:09:52.437000,,1,13.0,,,False,True
0 days 02:12:39.707000,STR,18,0 days 00:01:23.745000,69.0,3.0,,,0 days 00:00:29.113000,0 days 00:00:32.794000,0 days 00:00:21.838000,,0 days 02:12:17.885000,0 days 02:12:39.723000,295.0,289.0,252.0,337.0,False,SUPERSOFT,46.0,True,Williams,0 days 02:11:15.962000,,1,13.0,,,False,True
0 days 00:34:36.310000,VAN,2,0 days 00:01:37.424000,1.0,1.0,,,,0 days 00:00:37.470000,0 days 00:00:24.317000,,0 days 00:34:12.049000,0 days 00:34:36.439000,254.0,288.0,239.0,275.0,False,ULTRASOFT,1.0,True,McLaren,0 days 00:32:58.703000,,1,19.0,,,False,False
0 days 00:36:02.584000,VAN,2,0 days 00:01:26.274000,2.0,1.0,,,0 days 00:00:29.597000,0 days 00:00:34.419000,0 days 00:00:22.258000,0 days 00:35:05.953000,0 days 00:35:40.372000,0 days 00:36:02.630000,269.0,276.0,245.0,330.0,True,ULTRASOFT,2.0,True,McLaren,0 days 00:34:36.310000,,1,17.0,,,False,True
0 days 00:37:27.451000,VAN,2,0 days 00:01:24.867000,3.0,1.0,,,0 days 00:00:29.416000,0 days 00:00:33.263000,0 days 00:00:22.188000,0 days 00:36:32.046000,0 days 00:37:05.309000,0 days 00:37:27.497000,273.0,281.0,245.0,329.0,True,ULTRASOFT,3.0,True,McLaren,0 days 00:36:02.584000,,1,17.0,,,False,True
0 days 00:38:51.878000,VAN,2,0 days 00:01:24.427000,4.0,1.0,,,0 days 00:00:29.329000,0 days 00:00:33.120000,0 days 00:00:21.978000,0 days 00:37:56.826000,0 days 00:38:29.946000,0 days 00:38:51.924000,292.0,278.0,245.0,350.0,True,ULTRASOFT,4.0,True,McLaren,0 days 00:37:27.451000,,12,14.0,,,False,True
0 days 00:40:34.186000,VAN,2,0 days 00:01:42.308000,5.0,1.0,,,0 days 00:00:40.586000,0 days 00:00:40.095000,0 days 00:00:21.627000,0 days 00:39:32.510000,0 days 00:40:12.605000,0 days 00:40:34.232000,217.0,253.0,247.0,225.0,False,ULTRASOFT,5.0,True,McLaren,0 days 00:38:51.878000,,1267,14.0,,,False,False
0 days 00:41:57.731000,VAN,2,0 days 00:01:23.545000,6.0,1.0,,,0 days 00:00:29.267000,0 days 00:00:32.499000,0 days 00:00:21.779000,0 days 00:41:03.499000,0 days 00:41:35.998000,0 days 00:41:57.777000,288.0,277.0,244.0,325.0,True,ULTRASOFT,6.0,True,McLaren,0 days 00:40:34.186000,,1,14.0,,,False,True
0 days 00:43:21.280000,VAN,2,0 days 00:01:23.549000,7.0,1.0,,,0 days 00:00:29.291000,0 days 00:00:32.551000,0 days 00:00:21.707000,0 days 00:42:27.068000,0 days 00:42:59.619000,0 days 00:43:21.326000,286.0,278.0,245.0,326.0,False,ULTRASOFT,7.0,True,McLaren,0 days 00:41:57.731000,,1,14.0,,,False,True
0 days 00:44:45.036000,VAN,2,0 days 00:01:23.756000,8.0,1.0,,,0 days 00:00:29.195000,0 days 00:00:32.667000,0 days 00:00:21.894000,0 days 00:43:50.521000,0 days 00:44:23.188000,0 days 00:44:45.082000,284.0,278.0,247.0,326.0,False,ULTRASOFT,8.0,True,McLaren,0 days 00:43:21.280000,,1,14.0,,,False,True
0 days 00:46:09.024000,VAN,2,0 days 00:01:23.988000,9.0,1.0,,,0 days 00:00:29.445000,0 days 00:00:32.589000,0 days 00:00:21.954000,0 days 00:45:14.527000,0 days 00:45:47.116000,0 days 00:46:09.070000,281.0,279.0,244.0,326.0,False,ULTRASOFT,9.0,True,McLaren,0 days 00:44:45.036000,,1,14.0,,,False,True
0 days 00:47:34.133000,VAN,2,0 days 00:01:25.109000,10.0,1.0,,,0 days 00:00:29.622000,0 days 00:00:33.190000,0 days 00:00:22.297000,0 days 00:46:38.692000,0 days 00:47:11.882000,0 days 00:47:34.179000,280.0,279.0,243.0,329.0,False,ULTRASOFT,10.0,True,McLaren,0 days 00:46:09.024000,,1,13.0,,,False,True
0 days 00:48:59.032000,VAN,2,0 days 00:01:24.899000,11.0,1.0,,,0 days 00:00:29.388000,0 days 00:00:33.022000,0 days 00:00:22.489000,0 days 00:48:03.567000,0 days 00:48:36.589000,0 days 00:48:59.078000,289.0,279.0,244.0,340.0,False,ULTRASOFT,11.0,True,McLaren,0 days 00:47:34.133000,,1,13.0,,,False,True
0 days 00:50:28.087000,VAN,2,0 days 00:01:29.055000,12.0,1.0,,0 days 00:50:25.539000,0 days 00:00:29.515000,0 days 00:00:33.716000,0 days 00:00:25.824000,0 days 00:49:28.593000,0 days 00:50:02.309000,0 days 00:50:28.133000,276.0,280.0,,330.0,False,ULTRASOFT,12.0,True,McLaren,0 days 00:48:59.032000,,1,13.0,,,False,False
0 days 00:52:09.107000,VAN,2,0 days 00:01:41.020000,13.0,2.0,0 days 00:50:47.710000,,0 days 00:00:47.683000,0 days 00:00:32.071000,0 days 00:00:21.266000,0 days 00:51:15.816000,0 days 00:51:47.887000,0 days 00:52:09.153000,289.0,283.0,250.0,311.0,False,SUPERSOFT,1.0,True,McLaren,0 days 00:50:28.087000,,1,18.0,,,False,False
0 days 00:53:31.028000,VAN,2,0 days 00:01:21.921000,14.0,2.0,,,0 days 00:00:28.391000,0 days 00:00:31.950000,0 days 00:00:21.580000,0 days 00:52:37.544000,0 days 00:53:09.494000,0 days 00:53:31.074000,302.0,281.0,248.0,342.0,True,SUPERSOFT,2.0,True,McLaren,0 days 00:52:09.107000,,1,17.0,,,False,True
0 days 00:54:54.394000,VAN,2,0 days 00:01:23.366000,15.0,2.0,,,0 days 00:00:29.283000,0 days 00:00:32.303000,0 days 00:00:21.780000,0 days 00:54:00.357000,0 days 00:54:32.660000,0 days 00:54:54.440000,285.0,281.0,247.0,322.0,False,SUPERSOFT,3.0,True,McLaren,0 days 00:53:31.028000,,1,17.0,,,False,True
0 days 00:56:17.267000,VAN,2,0 days 00:01:22.873000,16.0,2.0,,,0 days 00:00:28.985000,0 days 00:00:32.233000,0 days 00:00:21.655000,0 days 00:55:23.425000,0 days 00:55:55.658000,0 days 00:56:17.313000,289.0,282.0,247.0,328.0,False,SUPERSOFT,4.0,True,McLaren,0 days 00:54:54.394000,,1,17.0,,,False,True
0 days 00:57:40.917000,VAN,2,0 days 00:01:23.650000,17.0,2.0,,,0 days 00:00:29.120000,0 days 00:00:32.623000,0 days 00:00:21.907000,0 days 00:56:46.433000,0 days 00:57:19.056000,0 days 00:57:40.963000,280.0,282.0,246.0,328.0,False,SUPERSOFT,5.0,True,McLaren,0 days 00:56:17.267000,,1,16.0,,,False,True
0 days 00:59:05.744000,VAN,2,0 days 00:01:24.827000,18.0,2.0,,,0 days 00:00:28.975000,0 days 00:00:33.583000,0 days 00:00:22.269000,0 days 00:58:09.938000,0 days 00:58:43.521000,0 days 00:59:05.790000,290.0,283.0,248.0,347.0,False,SUPERSOFT,6.0,True,McLaren,0 days 00:57:40.917000,,1,16.0,,,False,True
0 days 01:00:31.416000,VAN,2,0 days 00:01:25.672000,19.0,2.0,,,0 days 00:00:29.014000,0 days 00:00:34.341000,0 days 00:00:22.317000,0 days 00:59:34.804000,0 days 01:00:09.145000,0 days 01:00:31.462000,282.0,285.0,249.0,354.0,False,SUPERSOFT,7.0,True,McLaren,0 days 00:59:05.744000,,1,16.0,,,False,True
0 days 01:01:56.946000,VAN,2,0 days 00:01:25.530000,20.0,2.0,,,0 days 00:00:29.250000,0 days 00:00:33.969000,0 days 00:00:22.311000,0 days 01:01:00.712000,0 days 01:01:34.681000,0 days 01:01:56.992000,274.0,284.0,247.0,343.0,False,SUPERSOFT,8.0,True,McLaren,0 days 01:00:31.416000,,1,16.0,,,False,True
0 days 01:03:22.207000,VAN,2,0 days 00:01:25.261000,21.0,2.0,,,0 days 00:00:29.175000,0 days 00:00:33.890000,0 days 00:00:22.196000,0 days 01:02:26.167000,0 days 01:03:00.057000,0 days 01:03:22.253000,277.0,283.0,246.0,343.0,False,SUPERSOFT,9.0,True,McLaren,0 days 01:01:56.946000,,1,16.0,,,False,True
0 days 01:04:47.431000,VAN,2,0 days 00:01:25.224000,22.0,2.0,,,0 days 00:00:29.031000,0 days 00:00:33.820000,0 days 00:00:22.373000,0 days 01:03:51.284000,0 days 01:04:25.104000,0 days 01:04:47.477000,268.0,287.0,249.0,340.0,False,SUPERSOFT,10.0,True,McLaren,0 days 01:03:22.207000,,1,16.0,,,False,True
0 days 01:06:12.855000,VAN,2,0 days 00:01:25.424000,23.0,2.0,,,0 days 00:00:29.250000,0 days 00:00:34.019000,0 days 00:00:22.155000,0 days 01:05:16.727000,0 days 01:05:50.746000,0 days 01:06:12.901000,254.0,280.0,246.0,333.0,False,SUPERSOFT,11.0,True,McLaren,0 days 01:04:47.431000,,1,16.0,,,False,True
0 days 01:07:38.818000,VAN,2,0 days 00:01:25.963000,24.0,2.0,,,0 days 00:00:29.365000,0 days 00:00:34.418000,0 days 00:00:22.180000,0 days 01:06:42.266000,0 days 01:07:16.684000,0 days 01:07:38.864000,266.0,276.0,247.0,335.0,False,SUPERSOFT,12.0,True,McLaren,0 days 01:06:12.855000,,1,16.0,,,False,True
0 days 01:09:02.444000,VAN,2,0 days 00:01:23.626000,25.0,2.0,,,0 days 00:00:29.122000,0 days 00:00:32.747000,0 days 00:00:21.757000,0 days 01:08:07.986000,0 days 01:08:40.733000,0 days 01:09:02.490000,290.0,273.0,246.0,332.0,False,SUPERSOFT,13.0,True,McLaren,0 days 01:07:38.818000,,1,14.0,,,False,True
0 days 01:10:26.420000,VAN,2,0 days 00:01:23.976000,26.0,2.0,,,0 days 00:00:29.477000,0 days 00:00:32.739000,0 days 00:00:21.760000,0 days 01:09:31.967000,0 days 01:10:04.706000,0 days 01:10:26.466000,274.0,278.0,245.0,319.0,False,SUPERSOFT,14.0,True,McLaren,0 days 01:09:02.444000,,1,14.0,,,False,True
0 days 01:11:50.757000,VAN,2,0 days 00:01:24.337000,27.0,2.0,,,0 days 00:00:29.160000,0 days 00:00:32.936000,0 days 00:00:22.241000,0 days 01:10:55.626000,0 days 01:11:28.562000,0 days 01:11:50.803000,281.0,278.0,245.0,334.0,False,SUPERSOFT,15.0,True,McLaren,0 days 01:10:26.420000,,1,14.0,,,False,True
0 days 01:13:17.852000,VAN,2,0 days 00:01:27.095000,28.0,2.0,,,0 days 00:00:29.839000,0 days 00:00:35.381000,0 days 00:00:21.875000,0 days 01:12:20.642000,0 days 01:12:56.023000,0 days 01:13:17.898000,280.0,283.0,246.0,299.0,False,SUPERSOFT,16.0,True,McLaren,0 days 01:11:50.757000,,1,14.0,,,False,True
0 days 01:14:42.669000,VAN,2,0 days 00:01:24.817000,29.0,2.0,,,0 days 00:00:29.249000,0 days 00:00:33.241000,0 days 00:00:22.327000,0 days 01:13:47.147000,0 days 01:14:20.388000,0 days 01:14:42.715000,284.0,282.0,247.0,328.0,False,SUPERSOFT,17.0,True,McLaren,0 days 01:13:17.852000,,126,13.0,,,False,False
0 days 01:16:34.804000,VAN,2,0 days 00:01:52.135000,30.0,2.0,,,0 days 00:00:45.609000,0 days 00:00:40.064000,0 days 00:00:26.462000,0 days 01:15:28.324000,0 days 01:16:08.388000,0 days 01:16:34.850000,250.0,214.0,233.0,225.0,False,SUPERSOFT,18.0,True,McLaren,0 days 01:14:42.669000,,6,12.0,,,False,False
0 days 01:18:18.568000,VAN,2,0 days 00:01:43.764000,31.0,2.0,,,0 days 00:00:39.208000,0 days 00:00:41.672000,0 days 00:00:22.884000,0 days 01:17:14.058000,0 days 01:17:55.730000,0 days 01:18:18.614000,186.0,265.0,249.0,212.0,False,SUPERSOFT,19.0,True,McLaren,0 days 01:16:34.804000,,671,12.0,,,False,False
0 days 01:19:44.604000,VAN,2,0 days 00:01:26.036000,32.0,2.0,,,0 days 00:00:29.205000,0 days 00:00:35.210000,0 days 00:00:21.621000,0 days 01:18:47.819000,0 days 01:19:23.029000,0 days 01:19:44.650000,297.0,285.0,251.0,322.0,False,SUPERSOFT,20.0,True,McLaren,0 days 01:18:18.568000,,1,12.0,,,False,True
0 days 01:21:08.016000,VAN,2,0 days 00:01:23.412000,33.0,2.0,,,0 days 00:00:28.995000,0 days 00:00:32.745000,0 days 00:00:21.672000,0 days 01:20:13.645000,0 days 01:20:46.390000,0 days 01:21:08.062000,301.0,283.0,246.0,351.0,False,SUPERSOFT,21.0,True,McLaren,0 days 01:19:44.604000,,1,11.0,,,False,True
0 days 01:22:31.746000,VAN,2,0 days 00:01:23.730000,34.0,2.0,,,0 days 00:00:29.247000,0 days 00:00:32.515000,0 days 00:00:21.968000,0 days 01:21:37.309000,0 days 01:22:09.824000,0 days 01:22:31.792000,288.0,283.0,247.0,322.0,False,SUPERSOFT,22.0,True,McLaren,0 days 01:21:08.016000,,1,11.0,,,False,True
0 days 01:23:56.701000,VAN,2,0 days 00:01:24.955000,35.0,2.0,,,0 days 00:00:29.760000,0 days 00:00:33.255000,0 days 00:00:21.940000,0 days 01:23:01.552000,0 days 01:23:34.807000,0 days 01:23:56.747000,242.0,284.0,248.0,315.0,False,SUPERSOFT,23.0,True,McLaren,0 days 01:22:31.746000,,1,11.0,,,False,True
0 days 01:25:21.494000,VAN,2,0 days 00:01:24.793000,36.0,2.0,,,0 days 00:00:29.115000,0 days 00:00:33.709000,0 days 00:00:21.969000,0 days 01:24:25.862000,0 days 01:24:59.571000,0 days 01:25:21.540000,286.0,282.0,248.0,346.0,False,SUPERSOFT,24.0,True,McLaren,0 days 01:23:56.701000,,1,11.0,,,False,True
0 days 01:26:46.575000,VAN,2,0 days 00:01:25.081000,37.0,2.0,,,0 days 00:00:29.006000,0 days 00:00:33.649000,0 days 00:00:22.426000,0 days 01:25:50.546000,0 days 01:26:24.195000,0 days 01:26:46.621000,264.0,285.0,251.0,343.0,False,SUPERSOFT,25.0,True,McLaren,0 days 01:25:21.494000,,1,11.0,,,False,True
0 days 01:28:11.728000,VAN,2,0 days 00:01:25.153000,38.0,2.0,,,0 days 00:00:28.991000,0 days 00:00:34.204000,0 days 00:00:21.958000,0 days 01:27:15.612000,0 days 01:27:49.816000,0 days 01:28:11.774000,287.0,281.0,248.0,332.0,False,SUPERSOFT,26.0,True,McLaren,0 days 01:26:46.575000,,1,10.0,,,False,True
0 days 01:29:36.286000,VAN,2,0 days 00:01:24.558000,39.0,2.0,,,0 days 00:00:29.344000,0 days 00:00:33.280000,0 days 00:00:21.934000,0 days 01:28:41.118000,0 days 01:29:14.398000,0 days 01:29:36.332000,292.0,282.0,249.0,329.0,False,SUPERSOFT,27.0,True,McLaren,0 days 01:28:11.728000,,1,10.0,,,False,True
0 days 01:31:00.940000,VAN,2,0 days 00:01:24.654000,40.0,2.0,,,0 days 00:00:29.291000,0 days 00:00:33.414000,0 days 00:00:21.949000,0 days 01:30:05.623000,0 days 01:30:39.037000,0 days 01:31:00.986000,275.0,282.0,249.0,329.0,False,SUPERSOFT,28.0,True,McLaren,0 days 01:29:36.286000,,1,10.0,,,False,True
0 days 01:32:25.772000,VAN,2,0 days 00:01:24.832000,41.0,2.0,,,0 days 00:00:29.310000,0 days 00:00:33.442000,0 days 00:00:22.080000,0 days 01:31:30.296000,0 days 01:32:03.738000,0 days 01:32:25.818000,293.0,280.0,250.0,328.0,False,SUPERSOFT,29.0,True,McLaren,0 days 01:31:00.940000,,1,10.0,,,False,True
0 days 01:33:50.690000,VAN,2,0 days 00:01:24.918000,42.0,2.0,,,0 days 00:00:29.367000,0 days 00:00:33.585000,0 days 00:00:21.966000,0 days 01:32:55.185000,0 days 01:33:28.770000,0 days 01:33:50.736000,273.0,283.0,249.0,326.0,False,SUPERSOFT,30.0,True,McLaren,0 days 01:32:25.772000,,1,10.0,,,False,True
0 days 01:35:15.851000,VAN,2,0 days 00:01:25.161000,43.0,2.0,,,0 days 00:00:29.372000,0 days 00:00:33.624000,0 days 00:00:22.165000,0 days 01:34:20.108000,0 days 01:34:53.732000,0 days 01:35:15.897000,270.0,283.0,248.0,330.0,False,SUPERSOFT,31.0,True,McLaren,0 days 01:33:50.690000,,1,9.0,,,False,True
0 days 01:36:39.964000,VAN,2,0 days 00:01:24.113000,44.0,2.0,,,0 days 00:00:29.397000,0 days 00:00:32.772000,0 days 00:00:21.944000,0 days 01:35:45.294000,0 days 01:36:18.066000,0 days 01:36:40.010000,294.0,283.0,249.0,323.0,False,SUPERSOFT,32.0,True,McLaren,0 days 01:35:15.851000,,1,9.0,,,False,True
0 days 01:38:03.997000,VAN,2,0 days 00:01:24.033000,45.0,2.0,,,0 days 00:00:29.497000,0 days 00:00:32.667000,0 days 00:00:21.869000,0 days 01:37:09.507000,0 days 01:37:42.174000,0 days 01:38:04.043000,294.0,282.0,250.0,321.0,False,SUPERSOFT,33.0,True,McLaren,0 days 01:36:39.964000,,1,9.0,,,False,True
0 days 01:39:28.409000,VAN,2,0 days 00:01:24.412000,46.0,2.0,,,0 days 00:00:29.551000,0 days 00:00:32.904000,0 days 00:00:21.957000,0 days 01:38:33.594000,0 days 01:39:06.498000,0 days 01:39:28.455000,286.0,279.0,250.0,323.0,False,SUPERSOFT,34.0,True,McLaren,0 days 01:38:03.997000,,1,9.0,,,False,True
0 days 01:40:52.849000,VAN,2,0 days 00:01:24.440000,47.0,2.0,,,0 days 00:00:29.468000,0 days 00:00:32.893000,0 days 00:00:22.079000,0 days 01:39:57.923000,0 days 01:40:30.816000,0 days 01:40:52.895000,290.0,283.0,250.0,324.0,False,SUPERSOFT,35.0,True,McLaren,0 days 01:39:28.409000,,1,9.0,,,False,True
0 days 01:42:17.461000,VAN,2,0 days 00:01:24.612000,48.0,2.0,,,0 days 00:00:29.407000,0 days 00:00:33.100000,0 days 00:00:22.105000,0 days 01:41:22.302000,0 days 01:41:55.402000,0 days 01:42:17.507000,289.0,283.0,250.0,324.0,False,SUPERSOFT,36.0,True,McLaren,0 days 01:40:52.849000,,1,9.0,,,False,True
0 days 01:43:41.923000,VAN,2,0 days 00:01:24.462000,49.0,2.0,,,0 days 00:00:29.485000,0 days 00:00:33.022000,0 days 00:00:21.955000,0 days 01:42:46.992000,0 days 01:43:20.014000,0 days 01:43:41.969000,289.0,282.0,250.0,325.0,False,SUPERSOFT,37.0,True,McLaren,0 days 01:42:17.461000,,1,9.0,,,False,True
0 days 01:45:06.342000,VAN,2,0 days 00:01:24.419000,50.0,2.0,,,0 days 00:00:29.487000,0 days 00:00:33.001000,0 days 00:00:21.931000,0 days 01:44:11.456000,0 days 01:44:44.457000,0 days 01:45:06.388000,290.0,283.0,252.0,324.0,False,SUPERSOFT,38.0,True,McLaren,0 days 01:43:41.923000,,1,9.0,,,False,True
0 days 01:46:30.799000,VAN,2,0 days 00:01:24.457000,51.0,2.0,,,0 days 00:00:29.318000,0 days 00:00:33.124000,0 days 00:00:22.015000,0 days 01:45:35.706000,0 days 01:46:08.830000,0 days 01:46:30.845000,284.0,284.0,250.0,325.0,False,SUPERSOFT,39.0,True,McLaren,0 days 01:45:06.342000,,1,9.0,,,False,True
0 days 01:47:55.065000,VAN,2,0 days 00:01:24.266000,52.0,2.0,,,0 days 00:00:29.357000,0 days 00:00:32.863000,0 days 00:00:22.046000,0 days 01:47:00.202000,0 days 01:47:33.065000,0 days 01:47:55.111000,292.0,285.0,251.0,326.0,False,SUPERSOFT,40.0,True,McLaren,0 days 01:46:30.799000,,1,9.0,,,False,True
0 days 01:49:18.885000,VAN,2,0 days 00:01:23.820000,53.0,2.0,,,0 days 00:00:29.344000,0 days 00:00:32.786000,0 days 00:00:21.690000,0 days 01:48:24.455000,0 days 01:48:57.241000,0 days 01:49:18.931000,286.0,285.0,252.0,324.0,False,SUPERSOFT,41.0,True,McLaren,0 days 01:47:55.065000,,1,9.0,,,False,True
0 days 01:50:44.016000,VAN,2,0 days 00:01:25.131000,54.0,2.0,,,0 days 00:00:29.386000,0 days 00:00:33.991000,0 days 00:00:21.754000,0 days 01:49:48.317000,0 days 01:50:22.308000,0 days 01:50:44.062000,291.0,284.0,252.0,323.0,False,SUPERSOFT,42.0,True,McLaren,0 days 01:49:18.885000,,1,9.0,,,False,True
0 days 01:52:07.837000,VAN,2,0 days 00:01:23.821000,55.0,2.0,,,0 days 00:00:29.132000,0 days 00:00:32.833000,0 days 00:00:21.856000,0 days 01:51:13.194000,0 days 01:51:46.027000,0 days 01:52:07.883000,296.0,281.0,252.0,326.0,False,SUPERSOFT,43.0,True,McLaren,0 days 01:50:44.016000,,1,9.0,,,False,True
0 days 01:53:34.057000,VAN,2,0 days 00:01:26.220000,56.0,2.0,,,0 days 00:00:29.426000,0 days 00:00:34.915000,0 days 00:00:21.879000,0 days 01:52:37.309000,0 days 01:53:12.224000,0 days 01:53:34.103000,291.0,285.0,252.0,324.0,False,SUPERSOFT,44.0,True,McLaren,0 days 01:52:07.837000,,1,9.0,,,False,True
0 days 01:54:57.532000,VAN,2,0 days 00:01:23.475000,57.0,2.0,,,0 days 00:00:29.193000,0 days 00:00:32.675000,0 days 00:00:21.607000,0 days 01:54:03.296000,0 days 01:54:35.971000,0 days 01:54:57.578000,293.0,285.0,251.0,326.0,False,SUPERSOFT,45.0,True,McLaren,0 days 01:53:34.057000,,1,9.0,,,False,True
0 days 01:56:21.081000,VAN,2,0 days 00:01:23.549000,58.0,2.0,,,0 days 00:00:29.239000,0 days 00:00:32.571000,0 days 00:00:21.739000,0 days 01:55:26.817000,0 days 01:55:59.388000,0 days 01:56:21.127000,290.0,282.0,252.0,324.0,False,SUPERSOFT,46.0,True,McLaren,0 days 01:54:57.532000,,1,9.0,,,False,True
0 days 01:57:44.530000,VAN,2,0 days 00:01:23.449000,59.0,2.0,,,0 days 00:00:29.367000,0 days 00:00:32.543000,0 days 00:00:21.539000,0 days 01:56:50.494000,0 days 01:57:23.037000,0 days 01:57:44.576000,289.0,283.0,252.0,324.0,False,SUPERSOFT,47.0,True,McLaren,0 days 01:56:21.081000,,1,9.0,,,False,True
0 days 01:59:27.016000,VAN,2,0 days 00:01:42.486000,60.0,2.0,,,0 days 00:00:29.696000,0 days 00:00:45.381000,0 days 00:00:27.409000,0 days 01:58:14.272000,0 days 01:58:59.653000,0 days 01:59:27.062000,281.0,199.0,230.0,324.0,False,SUPERSOFT,48.0,True,McLaren,0 days 01:57:44.530000,,126,9.0,,,False,False
0 days 02:01:14.267000,VAN,2,0 days 00:01:47.251000,61.0,2.0,,,0 days 00:00:40.988000,0 days 00:00:42.060000,0 days 00:00:24.203000,0 days 02:00:08.050000,0 days 02:00:50.110000,0 days 02:01:14.313000,156.0,225.0,251.0,240.0,False,SUPERSOFT,49.0,True,McLaren,0 days 01:59:27.016000,,671,9.0,,,False,False
0 days 02:02:37.666000,VAN,2,0 days 00:01:23.399000,62.0,2.0,,,0 days 00:00:29.694000,0 days 00:00:32.446000,0 days 00:00:21.259000,0 days 02:01:44.007000,0 days 02:02:16.453000,0 days 02:02:37.712000,289.0,283.0,253.0,319.0,False,SUPERSOFT,50.0,True,McLaren,0 days 02:01:14.267000,,1,8.0,,,False,True
0 days 02:04:00.233000,VAN,2,0 days 00:01:22.567000,63.0,2.0,,,0 days 00:00:29.227000,0 days 00:00:32.001000,0 days 00:00:21.339000,0 days 02:03:06.939000,0 days 02:03:38.940000,0 days 02:04:00.279000,294.0,284.0,252.0,320.0,False,SUPERSOFT,51.0,True,McLaren,0 days 02:02:37.666000,,1,8.0,,,False,True
0 days 02:05:22.668000,VAN,2,0 days 00:01:22.435000,64.0,2.0,,,0 days 00:00:29.297000,0 days 00:00:31.929000,0 days 00:00:21.209000,0 days 02:04:29.576000,0 days 02:05:01.505000,0 days 02:05:22.714000,293.0,284.0,251.0,320.0,False,SUPERSOFT,52.0,True,McLaren,0 days 02:04:00.233000,,1,8.0,,,False,True
0 days 02:06:45.448000,VAN,2,0 days 00:01:22.780000,65.0,2.0,,,0 days 00:00:29.327000,0 days 00:00:31.858000,0 days 00:00:21.595000,0 days 02:05:52.041000,0 days 02:06:23.899000,0 days 02:06:45.494000,293.0,284.0,250.0,320.0,False,SUPERSOFT,53.0,True,McLaren,0 days 02:05:22.668000,,1,8.0,,,False,True
0 days 02:08:08.502000,VAN,2,0 days 00:01:23.054000,66.0,2.0,,,0 days 00:00:29.376000,0 days 00:00:32.166000,0 days 00:00:21.512000,0 days 02:07:14.870000,0 days 02:07:47.036000,0 days 02:08:08.548000,289.0,284.0,252.0,319.0,False,SUPERSOFT,54.0,True,McLaren,0 days 02:06:45.448000,,1,8.0,,,False,True
0 days 02:09:31.292000,VAN,2,0 days 00:01:22.790000,67.0,2.0,,,0 days 00:00:29.389000,0 days 00:00:31.919000,0 days 00:00:21.482000,0 days 02:08:37.937000,0 days 02:09:09.856000,0 days 02:09:31.338000,293.0,284.0,251.0,320.0,False,SUPERSOFT,55.0,True,McLaren,0 days 02:08:08.502000,,1,8.0,,,False,True
0 days 02:10:57.015000,VAN,2,0 days 00:01:25.723000,68.0,2.0,,,0 days 00:00:30.810000,0 days 00:00:33.097000,0 days 00:00:21.816000,0 days 02:10:02.148000,0 days 02:10:35.245000,0 days 02:10:57.061000,230.0,284.0,252.0,319.0,False,SUPERSOFT,56.0,True,McLaren,0 days 02:09:31.292000,,1,8.0,,,False,True
0 days 02:12:20.051000,VAN,2,0 days 00:01:23.036000,69.0,2.0,,,0 days 00:00:29.394000,0 days 00:00:32.102000,0 days 00:00:21.540000,0 days 02:11:26.455000,0 days 02:11:58.557000,0 days 02:12:20.097000,288.0,285.0,252.0,323.0,False,SUPERSOFT,57.0,True,McLaren,0 days 02:10:57.015000,,1,8.0,,,False,True
0 days 00:34:34.364000,MAG,20,0 days 00:01:35.478000,1.0,1.0,,,,0 days 00:00:36.770000,0 days 00:00:23.898000,,0 days 00:34:10.529000,0 days 00:34:34.495000,253.0,286.0,247.0,,False,SUPERSOFT,1.0,True,Haas F1 Team,0 days 00:32:58.703000,,1,14.0,,,False,False
0 days 00:36:00.418000,MAG,20,0 days 00:01:26.054000,2.0,1.0,,,0 days 00:00:29.832000,0 days 00:00:34.235000,0 days 00:00:21.987000,0 days 00:35:04.221000,0 days 00:35:38.456000,0 days 00:36:00.443000,261.0,282.0,248.0,343.0,True,SUPERSOFT,2.0,True,Haas F1 Team,0 days 00:34:34.364000,,1,14.0,,,False,True
0 days 00:37:24.562000,MAG,20,0 days 00:01:24.144000,3.0,1.0,,,0 days 00:00:29.168000,0 days 00:00:33.188000,0 days 00:00:21.788000,0 days 00:36:29.611000,0 days 00:37:02.799000,0 days 00:37:24.587000,283.0,283.0,249.0,338.0,True,SUPERSOFT,3.0,True,Haas F1 Team,0 days 00:36:00.418000,,1,14.0,,,False,True
0 days 00:38:49.547000,MAG,20,0 days 00:01:24.985000,4.0,1.0,,,0 days 00:00:29.147000,0 days 00:00:34.040000,0 days 00:00:21.798000,0 days 00:37:53.734000,0 days 00:38:27.774000,0 days 00:38:49.572000,233.0,282.0,249.0,342.0,False,SUPERSOFT,4.0,True,Haas F1 Team,0 days 00:37:24.562000,,12,13.0,,,False,True
0 days 00:40:32.113000,MAG,20,0 days 00:01:42.566000,5.0,1.0,,,0 days 00:00:37.890000,0 days 00:00:42.757000,0 days 00:00:21.919000,0 days 00:39:27.462000,0 days 00:40:10.219000,0 days 00:40:32.138000,206.0,236.0,251.0,300.0,False,SUPERSOFT,5.0,True,Haas F1 Team,0 days 00:38:49.547000,,1267,13.0,,,False,False
0 days 00:41:55.420000,MAG,20,0 days 00:01:23.307000,6.0,1.0,,,0 days 00:00:28.950000,0 days 00:00:32.717000,0 days 00:00:21.640000,0 days 00:41:01.088000,0 days 00:41:33.805000,0 days 00:41:55.445000,285.0,278.0,248.0,333.0,True,SUPERSOFT,6.0,True,Haas F1 Team,0 days 00:40:32.113000,,1,13.0,,,False,True
0 days 00:43:18.723000,MAG,20,0 days 00:01:23.303000,7.0,1.0,,,0 days 00:00:29.057000,0 days 00:00:32.664000,0 days 00:00:21.582000,0 days 00:42:24.502000,0 days 00:42:57.166000,0 days 00:43:18.748000,286.0,281.0,249.0,333.0,True,SUPERSOFT,7.0,True,Haas F1 Team,0 days 00:41:55.420000,,1,13.0,,,False,True
0 days 00:44:42.315000,MAG,20,0 days 00:01:23.592000,8.0,1.0,,,0 days 00:00:28.919000,0 days 00:00:32.880000,0 days 00:00:21.793000,0 days 00:43:47.667000,0 days 00:44:20.547000,0 days 00:44:42.340000,290.0,281.0,249.0,335.0,False,SUPERSOFT,8.0,True,Haas F1 Team,0 days 00:43:18.723000,,1,13.0,,,False,True
0 days 00:46:06.737000,MAG,20,0 days 00:01:24.422000,9.0,1.0,,,0 days 00:00:29.081000,0 days 00:00:33.481000,0 days 00:00:21.860000,0 days 00:45:11.421000,0 days 00:45:44.902000,0 days 00:46:06.762000,283.0,280.0,247.0,335.0,False,SUPERSOFT,9.0,True,Haas F1 Team,0 days 00:44:42.315000,,1,13.0,,,False,True
0 days 00:47:31.140000,MAG,20,0 days 00:01:24.403000,10.0,1.0,,,0 days 00:00:28.927000,0 days 00:00:33.402000,0 days 00:00:22.074000,0 days 00:46:35.689000,0 days 00:47:09.091000,0 days 00:47:31.165000,290.0,280.0,247.0,356.0,False,SUPERSOFT,10.0,True,Haas F1 Team,0 days 00:46:06.737000,,1,12.0,,,False,True
0 days 00:48:57.615000,MAG,20,0 days 00:01:26.475000,11.0,1.0,,,0 days 00:00:29.380000,0 days 00:00:34.140000,0 days 00:00:22.955000,0 days 00:48:00.545000,0 days 00:48:34.685000,0 days 00:48:57.640000,281.0,282.0,246.0,334.0,False,SUPERSOFT,11.0,True,Haas F1 Team,0 days 00:47:31.140000,,1,12.0,,,False,True
0 days 00:50:24.009000,MAG,20,0 days 00:01:26.394000,12.0,1.0,,,0 days 00:00:29.401000,0 days 00:00:34.479000,0 days 00:00:22.514000,0 days 00:49:27.041000,0 days 00:50:01.520000,0 days 00:50:24.034000,271.0,281.0,249.0,348.0,False,SUPERSOFT,12.0,True,Haas F1 Team,0 days 00:48:57.615000,,1,11.0,,,False,True
0 days 00:51:50.574000,MAG,20,0 days 00:01:26.565000,13.0,1.0,,,0 days 00:00:29.441000,0 days 00:00:34.565000,0 days 00:00:22.559000,0 days 00:50:53.475000,0 days 00:51:28.040000,0 days 00:51:50.599000,274.0,281.0,248.0,334.0,False,SUPERSOFT,13.0,True,Haas F1 Team,0 days 00:50:24.009000,,1,10.0,,,False,True
0 days 00:53:17.759000,MAG,20,0 days 00:01:27.185000,14.0,1.0,,,0 days 00:00:29.541000,0 days 00:00:35.076000,0 days 00:00:22.568000,0 days 00:52:20.140000,0 days 00:52:55.216000,0 days 00:53:17.784000,256.0,281.0,249.0,348.0,False,SUPERSOFT,14.0,True,Haas F1 Team,0 days 00:51:50.574000,,1,10.0,,,False,True
0 days 00:54:44.163000,MAG,20,0 days 00:01:26.404000,15.0,1.0,,,0 days 00:00:29.218000,0 days 00:00:34.676000,0 days 00:00:22.510000,0 days 00:53:47.002000,0 days 00:54:21.678000,0 days 00:54:44.188000,282.0,282.0,248.0,333.0,False,SUPERSOFT,15.0,True,Haas F1 Team,0 days 00:53:17.759000,,1,11.0,,,False,True
0 days 00:56:10.372000,MAG,20,0 days 00:01:26.209000,16.0,1.0,,,0 days 00:00:29.094000,0 days 00:00:34.412000,0 days 00:00:22.703000,0 days 00:55:13.282000,0 days 00:55:47.694000,0 days 00:56:10.397000,259.0,284.0,248.0,346.0,False,SUPERSOFT,16.0,True,Haas F1 Team,0 days 00:54:44.163000,,1,10.0,,,False,True
0 days 00:57:34.515000,MAG,20,0 days 00:01:24.143000,17.0,1.0,,,0 days 00:00:29.088000,0 days 00:00:32.983000,0 days 00:00:22.072000,0 days 00:56:39.485000,0 days 00:57:12.468000,0 days 00:57:34.540000,293.0,281.0,247.0,341.0,False,SUPERSOFT,17.0,True,Haas F1 Team,0 days 00:56:10.372000,,1,10.0,,,False,True
0 days 00:58:59.418000,MAG,20,0 days 00:01:24.903000,18.0,1.0,,,0 days 00:00:29.327000,0 days 00:00:33.358000,0 days 00:00:22.218000,0 days 00:58:03.867000,0 days 00:58:37.225000,0 days 00:58:59.443000,286.0,278.0,247.0,330.0,False,SUPERSOFT,18.0,True,Haas F1 Team,0 days 00:57:34.515000,,1,10.0,,,False,True
0 days 01:00:24.520000,MAG,20,0 days 00:01:25.102000,19.0,1.0,,,0 days 00:00:29.369000,0 days 00:00:33.386000,0 days 00:00:22.347000,0 days 00:59:28.812000,0 days 01:00:02.198000,0 days 01:00:24.545000,287.0,278.0,249.0,330.0,False,SUPERSOFT,19.0,True,Haas F1 Team,0 days 00:58:59.418000,,1,10.0,,,False,True
0 days 01:01:49.596000,MAG,20,0 days 00:01:25.076000,20.0,1.0,,,0 days 00:00:29.442000,0 days 00:00:33.178000,0 days 00:00:22.456000,0 days 01:00:53.987000,0 days 01:01:27.165000,0 days 01:01:49.621000,283.0,279.0,248.0,328.0,False,SUPERSOFT,20.0,True,Haas F1 Team,0 days 01:00:24.520000,,1,10.0,,,False,True
0 days 01:03:14.771000,MAG,20,0 days 00:01:25.175000,21.0,1.0,,,0 days 00:00:29.409000,0 days 00:00:33.414000,0 days 00:00:22.352000,0 days 01:02:19.030000,0 days 01:02:52.444000,0 days 01:03:14.796000,286.0,281.0,249.0,328.0,False,SUPERSOFT,21.0,True,Haas F1 Team,0 days 01:01:49.596000,,1,10.0,,,False,True
0 days 01:04:39.648000,MAG,20,0 days 00:01:24.877000,22.0,1.0,,,0 days 00:00:29.512000,0 days 00:00:33.133000,0 days 00:00:22.232000,0 days 01:03:44.308000,0 days 01:04:17.441000,0 days 01:04:39.673000,286.0,282.0,250.0,329.0,False,SUPERSOFT,22.0,True,Haas F1 Team,0 days 01:03:14.771000,,1,10.0,,,False,True
0 days 01:06:04.157000,MAG,20,0 days 00:01:24.509000,23.0,1.0,,,0 days 00:00:29.480000,0 days 00:00:33.010000,0 days 00:00:22.019000,0 days 01:05:09.153000,0 days 01:05:42.163000,0 days 01:06:04.182000,285.0,282.0,249.0,328.0,False,SUPERSOFT,23.0,True,Haas F1 Team,0 days 01:04:39.648000,,1,10.0,,,False,True
0 days 01:07:28.849000,MAG,20,0 days 00:01:24.692000,24.0,1.0,,,0 days 00:00:29.579000,0 days 00:00:33.057000,0 days 00:00:22.056000,0 days 01:06:33.761000,0 days 01:07:06.818000,0 days 01:07:28.874000,287.0,281.0,247.0,327.0,False,SUPERSOFT,24.0,True,Haas F1 Team,0 days 01:06:04.157000,,1,10.0,,,False,True
0 days 01:08:54.973000,MAG,20,0 days 00:01:26.124000,25.0,1.0,,,0 days 00:00:30.125000,0 days 00:00:33.655000,0 days 00:00:22.344000,0 days 01:07:58.999000,0 days 01:08:32.654000,0 days 01:08:54.998000,281.0,282.0,249.0,337.0,False,SUPERSOFT,25.0,True,Haas F1 Team,0 days 01:07:28.849000,,1,11.0,,,False,True
0 days 01:10:22.041000,MAG,20,0 days 00:01:27.068000,26.0,1.0,,,0 days 00:00:29.732000,0 days 00:00:35.003000,0 days 00:00:22.333000,0 days 01:09:24.730000,0 days 01:09:59.733000,0 days 01:10:22.066000,281.0,283.0,250.0,328.0,False,SUPERSOFT,26.0,True,Haas F1 Team,0 days 01:08:54.973000,,1,11.0,,,False,True
0 days 01:11:47.046000,MAG,20,0 days 00:01:25.005000,27.0,1.0,,,0 days 00:00:29.599000,0 days 00:00:33.106000,0 days 00:00:22.300000,0 days 01:10:51.665000,0 days 01:11:24.771000,0 days 01:11:47.071000,288.0,283.0,250.0,332.0,False,SUPERSOFT,27.0,True,Haas F1 Team,0 days 01:10:22.041000,,1,11.0,,,False,True
0 days 01:13:11.726000,MAG,20,0 days 00:01:24.680000,28.0,1.0,,,0 days 00:00:29.360000,0 days 00:00:33.102000,0 days 00:00:22.218000,0 days 01:12:16.431000,0 days 01:12:49.533000,0 days 01:13:11.751000,291.0,282.0,249.0,330.0,False,SUPERSOFT,28.0,True,Haas F1 Team,0 days 01:11:47.046000,,1,11.0,,,False,True
0 days 01:14:38.482000,MAG,20,0 days 00:01:26.756000,29.0,1.0,,,0 days 00:00:29.506000,0 days 00:00:34.794000,0 days 00:00:22.456000,0 days 01:13:41.257000,0 days 01:14:16.051000,0 days 01:14:38.507000,284.0,281.0,250.0,330.0,False,SUPERSOFT,29.0,True,Haas F1 Team,0 days 01:13:11.726000,,12,10.0,,,False,True
0 days 01:16:30.264000,MAG,20,0 days 00:01:51.782000,30.0,1.0,,,0 days 00:00:41.275000,0 days 00:00:42.021000,0 days 00:00:28.486000,0 days 01:15:19.782000,0 days 01:16:01.803000,0 days 01:16:30.289000,248.0,179.0,222.0,140.0,False,SUPERSOFT,30.0,True,Haas F1 Team,0 days 01:14:38.482000,,26,10.0,,,False,False
0 days 01:18:15.674000,MAG,20,0 days 00:01:45.410000,31.0,1.0,,,0 days 00:00:38.186000,0 days 00:00:43.794000,0 days 00:00:23.430000,0 days 01:17:08.475000,0 days 01:17:52.269000,0 days 01:18:15.699000,222.0,220.0,252.0,222.0,False,SUPERSOFT,31.0,True,Haas F1 Team,0 days 01:16:30.264000,,671,10.0,,,False,False
0 days 01:19:39.915000,MAG,20,0 days 00:01:24.241000,32.0,1.0,,,0 days 00:00:29.372000,0 days 00:00:32.913000,0 days 00:00:21.956000,0 days 01:18:45.071000,0 days 01:19:17.984000,0 days 01:19:39.940000,285.0,283.0,250.0,335.0,False,SUPERSOFT,32.0,True,Haas F1 Team,0 days 01:18:15.674000,,1,10.0,,,False,True
0 days 01:21:05.925000,MAG,20,0 days 00:01:26.010000,33.0,1.0,,,0 days 00:00:29.451000,0 days 00:00:34.681000,0 days 00:00:21.878000,0 days 01:20:09.391000,0 days 01:20:44.072000,0 days 01:21:05.950000,294.0,285.0,252.0,331.0,False,SUPERSOFT,33.0,True,Haas F1 Team,0 days 01:19:39.915000,,1,10.0,,,False,True
0 days 01:22:30.552000,MAG,20,0 days 00:01:24.627000,34.0,1.0,,,0 days 00:00:29.330000,0 days 00:00:33.333000,0 days 00:00:21.964000,0 days 01:21:35.280000,0 days 01:22:08.613000,0 days 01:22:30.577000,293.0,281.0,251.0,331.0,False,SUPERSOFT,34.0,True,Haas F1 Team,0 days 01:21:05.925000,,1,10.0,,,False,True
0 days 01:23:55.992000,MAG,20,0 days 00:01:25.440000,35.0,1.0,,,0 days 00:00:29.954000,0 days 00:00:33.401000,0 days 00:00:22.085000,0 days 01:23:00.531000,0 days 01:23:33.932000,0 days 01:23:56.017000,230.0,287.0,252.0,331.0,False,SUPERSOFT,35.0,True,Haas F1 Team,0 days 01:22:30.552000,,1,10.0,,,False,True
0 days 01:25:20.577000,MAG,20,0 days 00:01:24.585000,36.0,1.0,,,0 days 00:00:29.543000,0 days 00:00:33.065000,0 days 00:00:21.977000,0 days 01:24:25.560000,0 days 01:24:58.625000,0 days 01:25:20.602000,299.0,285.0,251.0,335.0,False,SUPERSOFT,36.0,True,Haas F1 Team,0 days 01:23:55.992000,,1,10.0,,,False,True
0 days 01:26:46.059000,MAG,20,0 days 00:01:25.482000,37.0,1.0,,,0 days 00:00:29.528000,0 days 00:00:33.469000,0 days 00:00:22.485000,0 days 01:25:50.130000,0 days 01:26:23.599000,0 days 01:26:46.084000,289.0,283.0,251.0,334.0,False,SUPERSOFT,37.0,True,Haas F1 Team,0 days 01:25:20.577000,,1,10.0,,,False,True
0 days 01:28:10.748000,MAG,20,0 days 00:01:24.689000,38.0,1.0,,,0 days 00:00:29.408000,0 days 00:00:33.287000,0 days 00:00:21.994000,0 days 01:27:15.492000,0 days 01:27:48.779000,0 days 01:28:10.773000,293.0,284.0,252.0,350.0,False,SUPERSOFT,38.0,True,Haas F1 Team,0 days 01:26:46.059000,,1,9.0,,,False,True
0 days 01:29:35.110000,MAG,20,0 days 00:01:24.362000,39.0,1.0,,,0 days 00:00:29.457000,0 days 00:00:33.104000,0 days 00:00:21.801000,0 days 01:28:40.230000,0 days 01:29:13.334000,0 days 01:29:35.135000,296.0,284.0,251.0,330.0,False,SUPERSOFT,39.0,True,Haas F1 Team,0 days 01:28:10.748000,,1,9.0,,,False,True
0 days 01:30:59.649000,MAG,20,0 days 00:01:24.539000,40.0,1.0,,,0 days 00:00:29.442000,0 days 00:00:33.062000,0 days 00:00:22.035000,0 days 01:30:04.577000,0 days 01:30:37.639000,0 days 01:30:59.674000,296.0,283.0,252.0,331.0,False,SUPERSOFT,40.0,True,Haas F1 Team,0 days 01:29:35.110000,,1,9.0,,,False,True
0 days 01:32:24.658000,MAG,20,0 days 00:01:25.009000,41.0,1.0,,,0 days 00:00:29.459000,0 days 00:00:33.414000,0 days 00:00:22.136000,0 days 01:31:29.133000,0 days 01:32:02.547000,0 days 01:32:24.683000,293.0,285.0,252.0,334.0,False,SUPERSOFT,41.0,True,Haas F1 Team,0 days 01:30:59.649000,,1,9.0,,,False,True
0 days 01:33:49.718000,MAG,20,0 days 00:01:25.060000,42.0,1.0,,,0 days 00:00:29.579000,0 days 00:00:33.179000,0 days 00:00:22.302000,0 days 01:32:54.262000,0 days 01:33:27.441000,0 days 01:33:49.743000,293.0,283.0,251.0,334.0,False,SUPERSOFT,42.0,True,Haas F1 Team,0 days 01:32:24.658000,,1,9.0,,,False,True
0 days 01:35:17.771000,MAG,20,0 days 00:01:28.053000,43.0,1.0,,0 days 01:35:15.196000,0 days 00:00:29.611000,0 days 00:00:33.084000,0 days 00:00:25.358000,0 days 01:34:19.354000,0 days 01:34:52.438000,0 days 01:35:17.796000,290.0,284.0,,332.0,False,SUPERSOFT,43.0,True,Haas F1 Team,0 days 01:33:49.718000,,1,10.0,,,False,False
0 days 01:36:59.301000,MAG,20,0 days 00:01:41.530000,44.0,2.0,0 days 01:35:37.558000,,0 days 00:00:48.137000,0 days 00:00:32.360000,0 days 00:00:21.033000,0 days 01:36:05.933000,0 days 01:36:38.293000,0 days 01:36:59.326000,290.0,284.0,253.0,316.0,False,ULTRASOFT,1.0,True,Haas F1 Team,0 days 01:35:17.771000,,1,17.0,,,False,False
0 days 01:38:21.175000,MAG,20,0 days 00:01:21.874000,45.0,2.0,,,0 days 00:00:28.679000,0 days 00:00:31.938000,0 days 00:00:21.257000,0 days 01:37:28.005000,0 days 01:37:59.943000,0 days 01:38:21.200000,301.0,284.0,253.0,329.0,True,ULTRASOFT,2.0,True,Haas F1 Team,0 days 01:36:59.301000,,1,16.0,,,False,True
0 days 01:39:43.945000,MAG,20,0 days 00:01:22.770000,46.0,2.0,,,0 days 00:00:28.897000,0 days 00:00:32.384000,0 days 00:00:21.489000,0 days 01:38:50.097000,0 days 01:39:22.481000,0 days 01:39:43.970000,292.0,284.0,251.0,332.0,False,ULTRASOFT,3.0,True,Haas F1 Team,0 days 01:38:21.175000,,1,16.0,,,False,True
0 days 01:41:07.450000,MAG,20,0 days 00:01:23.505000,47.0,2.0,,,0 days 00:00:28.769000,0 days 00:00:32.770000,0 days 00:00:21.966000,0 days 01:40:12.739000,0 days 01:40:45.509000,0 days 01:41:07.475000,299.0,289.0,252.0,339.0,False,ULTRASOFT,4.0,True,Haas F1 Team,0 days 01:39:43.945000,,1,16.0,,,False,True
0 days 01:42:33.299000,MAG,20,0 days 00:01:25.849000,48.0,2.0,,,0 days 00:00:29.827000,0 days 00:00:33.910000,0 days 00:00:22.112000,0 days 01:41:37.302000,0 days 01:42:11.212000,0 days 01:42:33.324000,270.0,282.0,251.0,359.0,False,ULTRASOFT,5.0,True,Haas F1 Team,0 days 01:41:07.450000,,1,16.0,,,False,True
0 days 01:43:56.147000,MAG,20,0 days 00:01:22.848000,49.0,2.0,,,0 days 00:00:28.556000,0 days 00:00:32.708000,0 days 00:00:21.584000,0 days 01:43:01.880000,0 days 01:43:34.588000,0 days 01:43:56.172000,301.0,281.0,251.0,356.0,False,ULTRASOFT,6.0,True,Haas F1 Team,0 days 01:42:33.299000,,1,15.0,,,False,True
0 days 01:45:21.061000,MAG,20,0 days 00:01:24.914000,50.0,2.0,,,0 days 00:00:29.802000,0 days 00:00:33.310000,0 days 00:00:21.802000,0 days 01:44:25.974000,0 days 01:44:59.284000,0 days 01:45:21.086000,190.0,283.0,251.0,331.0,False,ULTRASOFT,7.0,True,Haas F1 Team,0 days 01:43:56.147000,,1,15.0,,,False,True
0 days 01:46:45.156000,MAG,20,0 days 00:01:24.095000,51.0,2.0,,,0 days 00:00:28.993000,0 days 00:00:33.097000,0 days 00:00:22.005000,0 days 01:45:50.079000,0 days 01:46:23.176000,0 days 01:46:45.181000,294.0,284.0,244.0,330.0,False,ULTRASOFT,8.0,True,Haas F1 Team,0 days 01:45:21.061000,,1,15.0,,,False,True
0 days 01:48:11.476000,MAG,20,0 days 00:01:26.320000,52.0,2.0,,,0 days 00:00:29.847000,0 days 00:00:34.584000,0 days 00:00:21.889000,0 days 01:47:15.028000,0 days 01:47:49.612000,0 days 01:48:11.501000,281.0,284.0,251.0,315.0,False,ULTRASOFT,9.0,True,Haas F1 Team,0 days 01:46:45.156000,,1,15.0,,,False,True
0 days 01:49:34.927000,MAG,20,0 days 00:01:23.451000,53.0,2.0,,,0 days 00:00:28.931000,0 days 00:00:32.679000,0 days 00:00:21.841000,0 days 01:48:40.432000,0 days 01:49:13.111000,0 days 01:49:34.952000,293.0,285.0,250.0,333.0,False,ULTRASOFT,10.0,True,Haas F1 Team,0 days 01:48:11.476000,,1,15.0,,,False,True
0 days 01:50:58.900000,MAG,20,0 days 00:01:23.973000,54.0,2.0,,,0 days 00:00:29.008000,0 days 00:00:32.812000,0 days 00:00:22.153000,0 days 01:50:03.960000,0 days 01:50:36.772000,0 days 01:50:58.925000,285.0,285.0,250.0,332.0,False,ULTRASOFT,11.0,True,Haas F1 Team,0 days 01:49:34.927000,,1,15.0,,,False,True
0 days 01:52:24.769000,MAG,20,0 days 00:01:25.869000,55.0,2.0,,,0 days 00:00:29.206000,0 days 00:00:33.529000,0 days 00:00:23.134000,0 days 01:51:28.131000,0 days 01:52:01.660000,0 days 01:52:24.794000,286.0,217.0,250.0,334.0,False,ULTRASOFT,12.0,True,Haas F1 Team,0 days 01:50:58.900000,,1,15.0,,,False,True
0 days 01:53:49.202000,MAG,20,0 days 00:01:24.433000,56.0,2.0,,,0 days 00:00:28.915000,0 days 00:00:33.355000,0 days 00:00:22.163000,0 days 01:52:53.709000,0 days 01:53:27.064000,0 days 01:53:49.227000,289.0,283.0,249.0,333.0,False,ULTRASOFT,13.0,True,Haas F1 Team,0 days 01:52:24.769000,,1,15.0,,,False,True
0 days 01:55:14.085000,MAG,20,0 days 00:01:24.883000,57.0,2.0,,,0 days 00:00:29.261000,0 days 00:00:33.503000,0 days 00:00:22.119000,0 days 01:54:18.488000,0 days 01:54:51.991000,0 days 01:55:14.110000,287.0,284.0,248.0,335.0,False,ULTRASOFT,14.0,True,Haas F1 Team,0 days 01:53:49.202000,,1,15.0,,,False,True
0 days 01:56:39.470000,MAG,20,0 days 00:01:25.385000,58.0,2.0,,,0 days 00:00:29.160000,0 days 00:00:33.772000,0 days 00:00:22.453000,0 days 01:55:43.270000,0 days 01:56:17.042000,0 days 01:56:39.495000,290.0,281.0,248.0,334.0,False,ULTRASOFT,15.0,True,Haas F1 Team,0 days 01:55:14.085000,,1,15.0,,,False,True
0 days 01:58:04.764000,MAG,20,0 days 00:01:25.294000,59.0,2.0,,,0 days 00:00:29.344000,0 days 00:00:33.628000,0 days 00:00:22.322000,0 days 01:57:08.839000,0 days 01:57:42.467000,0 days 01:58:04.789000,288.0,284.0,248.0,334.0,False,ULTRASOFT,16.0,True,Haas F1 Team,0 days 01:56:39.470000,,12,15.0,,,False,True
0 days 01:59:52.946000,MAG,20,0 days 00:01:48.182000,60.0,2.0,,,0 days 00:00:39.327000,0 days 00:00:41.241000,0 days 00:00:27.614000,0 days 01:58:44.116000,0 days 01:59:25.357000,0 days 01:59:52.971000,148.0,148.0,176.0,210.0,False,ULTRASOFT,17.0,True,Haas F1 Team,0 days 01:58:04.764000,,26,15.0,,,False,False
0 days 02:01:32.604000,MAG,20,0 days 00:01:39.658000,61.0,2.0,,,0 days 00:00:39.970000,0 days 00:00:37.745000,0 days 00:00:21.943000,0 days 02:00:32.941000,0 days 02:01:10.686000,0 days 02:01:32.629000,154.0,284.0,251.0,295.0,False,ULTRASOFT,18.0,True,Haas F1 Team,0 days 01:59:52.946000,,671,15.0,,,False,False
0 days 02:02:56.284000,MAG,20,0 days 00:01:23.680000,62.0,2.0,,,0 days 00:00:29.206000,0 days 00:00:32.634000,0 days 00:00:21.840000,0 days 02:02:01.835000,0 days 02:02:34.469000,0 days 02:02:56.309000,288.0,286.0,252.0,330.0,False,ULTRASOFT,19.0,True,Haas F1 Team,0 days 02:01:32.604000,,1,14.0,,,False,True
0 days 02:04:20.268000,MAG,20,0 days 00:01:23.984000,63.0,2.0,,,0 days 00:00:28.962000,0 days 00:00:33.050000,0 days 00:00:21.972000,0 days 02:03:25.271000,0 days 02:03:58.321000,0 days 02:04:20.293000,291.0,285.0,252.0,334.0,False,ULTRASOFT,20.0,True,Haas F1 Team,0 days 02:02:56.284000,,1,14.0,,,False,True
0 days 02:05:44.440000,MAG,20,0 days 00:01:24.172000,64.0,2.0,,,0 days 00:00:29.139000,0 days 00:00:33.208000,0 days 00:00:21.825000,0 days 02:04:49.432000,0 days 02:05:22.640000,0 days 02:05:44.465000,294.0,285.0,251.0,333.0,False,ULTRASOFT,21.0,True,Haas F1 Team,0 days 02:04:20.268000,,1,14.0,,,False,True
0 days 02:07:10.941000,MAG,20,0 days 00:01:26.501000,65.0,2.0,,,0 days 00:00:31.025000,0 days 00:00:33.464000,0 days 00:00:22.012000,0 days 02:06:15.490000,0 days 02:06:48.954000,0 days 02:07:10.966000,276.0,285.0,250.0,333.0,False,ULTRASOFT,22.0,True,Haas F1 Team,0 days 02:05:44.440000,,1,15.0,,,False,True
0 days 02:08:37.686000,MAG,20,0 days 00:01:26.745000,66.0,2.0,,,0 days 00:00:29.283000,0 days 00:00:34.001000,0 days 00:00:23.461000,0 days 02:07:40.249000,0 days 02:08:14.250000,0 days 02:08:37.711000,288.0,242.0,249.0,328.0,False,ULTRASOFT,23.0,True,Haas F1 Team,0 days 02:07:10.941000,,1,15.0,,,False,True
0 days 02:10:02.122000,MAG,20,0 days 00:01:24.436000,67.0,2.0,,,0 days 00:00:29.372000,0 days 00:00:33.141000,0 days 00:00:21.923000,0 days 02:09:07.083000,0 days 02:09:40.224000,0 days 02:10:02.147000,286.0,283.0,250.0,331.0,False,ULTRASOFT,24.0,True,Haas F1 Team,0 days 02:08:37.686000,,1,15.0,,,False,True
0 days 02:11:26.127000,MAG,20,0 days 00:01:24.005000,68.0,2.0,,,0 days 00:00:29.370000,0 days 00:00:32.828000,0 days 00:00:21.807000,0 days 02:10:31.517000,0 days 02:11:04.345000,0 days 02:11:26.152000,292.0,284.0,250.0,327.0,False,ULTRASOFT,25.0,True,Haas F1 Team,0 days 02:10:02.122000,,1,15.0,,,False,True
0 days 02:12:50.609000,MAG,20,0 days 00:01:24.482000,69.0,2.0,,,0 days 00:00:29.502000,0 days 00:00:33.050000,0 days 00:00:21.930000,0 days 02:11:55.654000,0 days 02:12:28.704000,0 days 02:12:50.634000,289.0,282.0,250.0,326.0,False,ULTRASOFT,26.0,True,Haas F1 Team,0 days 02:11:26.127000,,1,15.0,,,False,True
0 days 00:34:28.495000,HUL,27,0 days 00:01:29.609000,1.0,1.0,,,,0 days 00:00:34.576000,0 days 00:00:21.847000,,0 days 00:34:06.695000,0 days 00:34:28.610000,264.0,278.0,251.0,303.0,False,HYPERSOFT,4.0,False,Renault,0 days 00:32:58.703000,,1,8.0,,,False,False
0 days 00:35:51.917000,HUL,27,0 days 00:01:23.422000,2.0,1.0,,,0 days 00:00:29.041000,0 days 00:00:33.166000,0 days 00:00:21.215000,0 days 00:34:57.553000,0 days 00:35:30.719000,0 days 00:35:51.934000,273.0,282.0,250.0,337.0,True,HYPERSOFT,5.0,False,Renault,0 days 00:34:28.495000,,1,8.0,,,False,True
0 days 00:37:15.558000,HUL,27,0 days 00:01:23.641000,3.0,1.0,,,0 days 00:00:29.195000,0 days 00:00:33.101000,0 days 00:00:21.345000,0 days 00:36:21.129000,0 days 00:36:54.230000,0 days 00:37:15.575000,275.0,280.0,248.0,329.0,False,HYPERSOFT,6.0,False,Renault,0 days 00:35:51.917000,,1,8.0,,,False,True
0 days 00:38:38.397000,HUL,27,0 days 00:01:22.839000,4.0,1.0,,,0 days 00:00:28.781000,0 days 00:00:32.771000,0 days 00:00:21.287000,0 days 00:37:44.356000,0 days 00:38:17.127000,0 days 00:38:38.414000,283.0,284.0,247.0,342.0,True,HYPERSOFT,7.0,False,Renault,0 days 00:37:15.558000,,12,8.0,,,False,True
0 days 00:40:19.868000,HUL,27,0 days 00:01:41.471000,5.0,1.0,,,0 days 00:00:37.171000,0 days 00:00:38.623000,0 days 00:00:25.677000,0 days 00:39:15.585000,0 days 00:39:54.208000,0 days 00:40:19.885000,170.0,196.0,249.0,341.0,False,HYPERSOFT,8.0,False,Renault,0 days 00:38:38.397000,,2167,8.0,,,False,False
0 days 00:41:42.877000,HUL,27,0 days 00:01:23.009000,6.0,1.0,,,0 days 00:00:28.728000,0 days 00:00:32.770000,0 days 00:00:21.511000,0 days 00:40:48.613000,0 days 00:41:21.383000,0 days 00:41:42.894000,295.0,277.0,245.0,343.0,False,HYPERSOFT,9.0,False,Renault,0 days 00:40:19.868000,,1,8.0,,,False,True
0 days 00:43:06.171000,HUL,27,0 days 00:01:23.294000,7.0,1.0,,,0 days 00:00:29.016000,0 days 00:00:32.560000,0 days 00:00:21.718000,0 days 00:42:11.910000,0 days 00:42:44.470000,0 days 00:43:06.188000,293.0,276.0,245.0,329.0,False,HYPERSOFT,10.0,False,Renault,0 days 00:41:42.877000,,1,8.0,,,False,True
0 days 00:44:29.745000,HUL,27,0 days 00:01:23.574000,8.0,1.0,,,0 days 00:00:29.151000,0 days 00:00:32.717000,0 days 00:00:21.706000,0 days 00:43:35.339000,0 days 00:44:08.056000,0 days 00:44:29.762000,286.0,277.0,246.0,329.0,False,HYPERSOFT,11.0,False,Renault,0 days 00:43:06.171000,,1,8.0,,,False,True
0 days 00:45:53.819000,HUL,27,0 days 00:01:24.074000,9.0,1.0,,,0 days 00:00:29.086000,0 days 00:00:33.002000,0 days 00:00:21.986000,0 days 00:44:58.848000,0 days 00:45:31.850000,0 days 00:45:53.836000,291.0,276.0,244.0,329.0,False,HYPERSOFT,12.0,False,Renault,0 days 00:44:29.745000,,1,8.0,,,False,True
0 days 00:47:18.541000,HUL,27,0 days 00:01:24.722000,10.0,1.0,,,0 days 00:00:29.282000,0 days 00:00:33.397000,0 days 00:00:22.043000,0 days 00:46:23.118000,0 days 00:46:56.515000,0 days 00:47:18.558000,288.0,275.0,244.0,329.0,False,HYPERSOFT,13.0,False,Renault,0 days 00:45:53.819000,,1,8.0,,,False,True
0 days 00:48:43.386000,HUL,27,0 days 00:01:24.845000,11.0,1.0,,,0 days 00:00:29.501000,0 days 00:00:33.233000,0 days 00:00:22.111000,0 days 00:47:48.059000,0 days 00:48:21.292000,0 days 00:48:43.403000,291.0,276.0,244.0,327.0,False,HYPERSOFT,14.0,False,Renault,0 days 00:47:18.541000,,1,7.0,,,False,True
0 days 00:50:11.218000,HUL,27,0 days 00:01:27.832000,12.0,1.0,,0 days 00:50:10.492000,0 days 00:00:29.611000,0 days 00:00:33.288000,0 days 00:00:24.933000,0 days 00:49:13.014000,0 days 00:49:46.302000,0 days 00:50:11.235000,289.0,279.0,,325.0,False,HYPERSOFT,15.0,False,Renault,0 days 00:48:43.386000,,1,6.0,,,False,False
0 days 00:51:54.762000,HUL,27,0 days 00:01:43.544000,13.0,2.0,0 days 00:50:31.642000,,0 days 00:00:48.641000,0 days 00:00:33.150000,0 days 00:00:21.753000,0 days 00:50:59.876000,0 days 00:51:33.026000,0 days 00:51:54.779000,273.0,278.0,249.0,312.0,False,SUPERSOFT,1.0,True,Renault,0 days 00:50:11.218000,,1,13.0,,,False,False
0 days 00:53:18.870000,HUL,27,0 days 00:01:24.108000,14.0,2.0,,,0 days 00:00:29.133000,0 days 00:00:32.865000,0 days 00:00:22.110000,0 days 00:52:23.912000,0 days 00:52:56.777000,0 days 00:53:18.887000,276.0,280.0,247.0,331.0,False,SUPERSOFT,2.0,True,Renault,0 days 00:51:54.762000,,1,12.0,,,False,True
0 days 00:54:43.156000,HUL,27,0 days 00:01:24.286000,15.0,2.0,,,0 days 00:00:28.309000,0 days 00:00:33.489000,0 days 00:00:22.488000,0 days 00:53:47.196000,0 days 00:54:20.685000,0 days 00:54:43.173000,302.0,281.0,248.0,347.0,False,SUPERSOFT,3.0,True,Renault,0 days 00:53:18.870000,,1,10.0,,,False,True
0 days 00:56:07.448000,HUL,27,0 days 00:01:24.292000,16.0,2.0,,,0 days 00:00:28.808000,0 days 00:00:33.659000,0 days 00:00:21.825000,0 days 00:55:11.981000,0 days 00:55:45.640000,0 days 00:56:07.465000,270.0,278.0,246.0,345.0,False,SUPERSOFT,4.0,True,Renault,0 days 00:54:43.156000,,1,9.0,,,False,True
0 days 00:57:31.828000,HUL,27,0 days 00:01:24.380000,17.0,2.0,,,0 days 00:00:29.213000,0 days 00:00:33.407000,0 days 00:00:21.760000,0 days 00:56:36.678000,0 days 00:57:10.085000,0 days 00:57:31.845000,278.0,278.0,245.0,325.0,False,SUPERSOFT,5.0,True,Renault,0 days 00:56:07.448000,,1,9.0,,,False,True
0 days 00:58:55.931000,HUL,27,0 days 00:01:24.103000,18.0,2.0,,,0 days 00:00:29.375000,0 days 00:00:33.170000,0 days 00:00:21.558000,0 days 00:58:01.220000,0 days 00:58:34.390000,0 days 00:58:55.948000,276.0,279.0,247.0,325.0,False,SUPERSOFT,6.0,True,Renault,0 days 00:57:31.828000,,1,9.0,,,False,True
0 days 01:00:20.388000,HUL,27,0 days 00:01:24.457000,19.0,2.0,,,0 days 00:00:29.322000,0 days 00:00:33.294000,0 days 00:00:21.841000,0 days 00:59:25.270000,0 days 00:59:58.564000,0 days 01:00:20.405000,279.0,279.0,248.0,326.0,False,SUPERSOFT,7.0,True,Renault,0 days 00:58:55.931000,,1,9.0,,,False,True
0 days 01:01:44.504000,HUL,27,0 days 00:01:24.116000,20.0,2.0,,,0 days 00:00:29.243000,0 days 00:00:33.363000,0 days 00:00:21.510000,0 days 01:00:49.648000,0 days 01:01:23.011000,0 days 01:01:44.521000,276.0,278.0,248.0,325.0,False,SUPERSOFT,8.0,True,Renault,0 days 01:00:20.388000,,1,9.0,,,False,True
0 days 01:03:09.050000,HUL,27,0 days 00:01:24.546000,21.0,2.0,,,0 days 00:00:29.321000,0 days 00:00:33.585000,0 days 00:00:21.640000,0 days 01:02:13.842000,0 days 01:02:47.427000,0 days 01:03:09.067000,274.0,279.0,247.0,326.0,False,SUPERSOFT,9.0,True,Renault,0 days 01:01:44.504000,,1,9.0,,,False,True
0 days 01:04:33.660000,HUL,27,0 days 00:01:24.610000,22.0,2.0,,,0 days 00:00:29.284000,0 days 00:00:33.521000,0 days 00:00:21.805000,0 days 01:03:38.351000,0 days 01:04:11.872000,0 days 01:04:33.677000,277.0,279.0,246.0,326.0,False,SUPERSOFT,10.0,True,Renault,0 days 01:03:09.050000,,1,9.0,,,False,True
0 days 01:05:58.340000,HUL,27,0 days 00:01:24.680000,23.0,2.0,,,0 days 00:00:29.505000,0 days 00:00:33.665000,0 days 00:00:21.510000,0 days 01:05:03.182000,0 days 01:05:36.847000,0 days 01:05:58.357000,277.0,279.0,249.0,325.0,False,SUPERSOFT,11.0,True,Renault,0 days 01:04:33.660000,,1,9.0,,,False,True
0 days 01:07:23.032000,HUL,27,0 days 00:01:24.692000,24.0,2.0,,,0 days 00:00:29.408000,0 days 00:00:33.523000,0 days 00:00:21.761000,0 days 01:06:27.765000,0 days 01:07:01.288000,0 days 01:07:23.049000,278.0,279.0,246.0,325.0,False,SUPERSOFT,12.0,True,Renault,0 days 01:05:58.340000,,1,9.0,,,False,True
0 days 01:08:47.468000,HUL,27,0 days 00:01:24.436000,25.0,2.0,,,0 days 00:00:29.361000,0 days 00:00:33.445000,0 days 00:00:21.630000,0 days 01:07:52.410000,0 days 01:08:25.855000,0 days 01:08:47.485000,282.0,281.0,248.0,326.0,False,SUPERSOFT,13.0,True,Renault,0 days 01:07:23.032000,,1,9.0,,,False,True
0 days 01:10:12.053000,HUL,27,0 days 00:01:24.585000,26.0,2.0,,,0 days 00:00:29.329000,0 days 00:00:33.058000,0 days 00:00:22.198000,0 days 01:09:16.814000,0 days 01:09:49.872000,0 days 01:10:12.070000,288.0,282.0,247.0,325.0,False,SUPERSOFT,14.0,True,Renault,0 days 01:08:47.468000,,1,9.0,,,False,True
0 days 01:11:36.528000,HUL,27,0 days 00:01:24.475000,27.0,2.0,,,0 days 00:00:29.256000,0 days 00:00:33.473000,0 days 00:00:21.746000,0 days 01:10:41.326000,0 days 01:11:14.799000,0 days 01:11:36.545000,283.0,282.0,248.0,326.0,False,SUPERSOFT,15.0,True,Renault,0 days 01:10:12.053000,,1,9.0,,,False,True
0 days 01:13:02.472000,HUL,27,0 days 00:01:25.944000,28.0,2.0,,,0 days 00:00:29.299000,0 days 00:00:33.347000,0 days 00:00:23.298000,0 days 01:12:05.844000,0 days 01:12:39.191000,0 days 01:13:02.489000,283.0,282.0,249.0,325.0,False,SUPERSOFT,16.0,True,Renault,0 days 01:11:36.528000,,1,9.0,,,False,True
0 days 01:14:26.050000,HUL,27,0 days 00:01:23.578000,29.0,2.0,,,0 days 00:00:29.003000,0 days 00:00:33.115000,0 days 00:00:21.460000,0 days 01:13:31.492000,0 days 01:14:04.607000,0 days 01:14:26.067000,281.0,282.0,249.0,327.0,False,SUPERSOFT,17.0,True,Renault,0 days 01:13:02.472000,,12,8.0,,,False,True
0 days 01:16:10.811000,HUL,27,0 days 00:01:44.761000,30.0,2.0,,,0 days 00:00:37.301000,0 days 00:00:40.324000,0 days 00:00:27.136000,0 days 01:15:03.368000,0 days 01:15:43.692000,0 days 01:16:10.828000,175.0,173.0,210.0,326.0,False,SUPERSOFT,18.0,True,Renault,0 days 01:14:26.050000,,26,8.0,,,False,False
0 days 01:18:00.057000,HUL,27,0 days 00:01:49.246000,31.0,2.0,,,0 days 00:00:39.716000,0 days 00:00:43.785000,0 days 00:00:25.745000,0 days 01:16:50.544000,0 days 01:17:34.329000,0 days 01:18:00.074000,124.0,216.0,250.0,275.0,False,SUPERSOFT,19.0,True,Renault,0 days 01:16:10.811000,,671,7.0,,,False,False
0 days 01:19:23.813000,HUL,27,0 days 00:01:23.756000,32.0,2.0,,,0 days 00:00:29.322000,0 days 00:00:32.998000,0 days 00:00:21.436000,0 days 01:18:29.396000,0 days 01:19:02.394000,0 days 01:19:23.830000,293.0,281.0,247.0,323.0,False,SUPERSOFT,20.0,True,Renault,0 days 01:18:00.057000,,1,7.0,,,False,True
0 days 01:20:47.610000,HUL,27,0 days 00:01:23.797000,33.0,2.0,,,0 days 00:00:29.120000,0 days 00:00:33.290000,0 days 00:00:21.387000,0 days 01:19:52.950000,0 days 01:20:26.240000,0 days 01:20:47.627000,280.0,280.0,247.0,318.0,False,SUPERSOFT,21.0,True,Renault,0 days 01:19:23.813000,,1,7.0,,,False,True
0 days 01:22:11.072000,HUL,27,0 days 00:01:23.462000,34.0,2.0,,,0 days 00:00:29.149000,0 days 00:00:32.993000,0 days 00:00:21.320000,0 days 01:21:16.776000,0 days 01:21:49.769000,0 days 01:22:11.089000,281.0,282.0,248.0,318.0,False,SUPERSOFT,22.0,True,Renault,0 days 01:20:47.610000,,1,7.0,,,False,True
0 days 01:23:35.020000,HUL,27,0 days 00:01:23.948000,35.0,2.0,,,0 days 00:00:29.225000,0 days 00:00:33.190000,0 days 00:00:21.533000,0 days 01:22:40.314000,0 days 01:23:13.504000,0 days 01:23:35.037000,284.0,282.0,247.0,319.0,False,SUPERSOFT,23.0,True,Renault,0 days 01:22:11.072000,,1,7.0,,,False,True
0 days 01:25:02.926000,HUL,27,0 days 00:01:27.906000,36.0,2.0,,,0 days 00:00:29.348000,0 days 00:00:36.486000,0 days 00:00:22.072000,0 days 01:24:04.385000,0 days 01:24:40.871000,0 days 01:25:02.943000,281.0,279.0,247.0,318.0,False,SUPERSOFT,24.0,True,Renault,0 days 01:23:35.020000,,1,7.0,,,False,True
0 days 01:26:26.811000,HUL,27,0 days 00:01:23.885000,37.0,2.0,,,0 days 00:00:29.191000,0 days 00:00:33.253000,0 days 00:00:21.441000,0 days 01:25:32.134000,0 days 01:26:05.387000,0 days 01:26:26.828000,284.0,283.0,248.0,325.0,False,SUPERSOFT,25.0,True,Renault,0 days 01:25:02.926000,,1,7.0,,,False,True
0 days 01:27:53.174000,HUL,27,0 days 00:01:26.363000,38.0,2.0,,,0 days 00:00:30.002000,0 days 00:00:34.565000,0 days 00:00:21.796000,0 days 01:26:56.830000,0 days 01:27:31.395000,0 days 01:27:53.191000,196.0,283.0,246.0,323.0,False,SUPERSOFT,26.0,True,Renault,0 days 01:26:26.811000,,1,7.0,,,False,True
0 days 01:29:19.418000,HUL,27,0 days 00:01:26.244000,39.0,2.0,,,0 days 00:00:30.780000,0 days 00:00:33.857000,0 days 00:00:21.607000,0 days 01:28:23.971000,0 days 01:28:57.828000,0 days 01:29:19.435000,276.0,281.0,250.0,248.0,False,SUPERSOFT,27.0,True,Renault,0 days 01:27:53.174000,,1,7.0,,,False,True
0 days 01:30:45.841000,HUL,27,0 days 00:01:26.423000,40.0,2.0,,,0 days 00:00:29.240000,0 days 00:00:35.271000,0 days 00:00:21.912000,0 days 01:29:48.675000,0 days 01:30:23.946000,0 days 01:30:45.858000,290.0,281.0,248.0,325.0,False,SUPERSOFT,28.0,True,Renault,0 days 01:29:19.418000,,1,7.0,,,False,True
0 days 01:32:09.999000,HUL,27,0 days 00:01:24.158000,41.0,2.0,,,0 days 00:00:29.304000,0 days 00:00:33.357000,0 days 00:00:21.497000,0 days 01:31:15.162000,0 days 01:31:48.519000,0 days 01:32:10.016000,286.0,281.0,249.0,324.0,False,SUPERSOFT,29.0,True,Renault,0 days 01:30:45.841000,,1,7.0,,,False,True
0 days 01:33:33.877000,HUL,27,0 days 00:01:23.878000,42.0,2.0,,,0 days 00:00:29.188000,0 days 00:00:33.158000,0 days 00:00:21.532000,0 days 01:32:39.204000,0 days 01:33:12.362000,0 days 01:33:33.894000,285.0,280.0,247.0,320.0,False,SUPERSOFT,30.0,True,Renault,0 days 01:32:09.999000,,1,7.0,,,False,True
0 days 01:34:59.150000,HUL,27,0 days 00:01:25.273000,43.0,2.0,,,0 days 00:00:29.209000,0 days 00:00:34.238000,0 days 00:00:21.826000,0 days 01:34:03.103000,0 days 01:34:37.341000,0 days 01:34:59.167000,277.0,280.0,247.0,320.0,False,SUPERSOFT,31.0,True,Renault,0 days 01:33:33.877000,,1,7.0,,,False,True
0 days 01:36:23.784000,HUL,27,0 days 00:01:24.634000,44.0,2.0,,,0 days 00:00:29.163000,0 days 00:00:33.818000,0 days 00:00:21.653000,0 days 01:35:28.330000,0 days 01:36:02.148000,0 days 01:36:23.801000,285.0,280.0,248.0,319.0,False,SUPERSOFT,32.0,True,Renault,0 days 01:34:59.150000,,1,7.0,,,False,True
0 days 01:37:48.596000,HUL,27,0 days 00:01:24.812000,45.0,2.0,,,0 days 00:00:29.425000,0 days 00:00:33.608000,0 days 00:00:21.779000,0 days 01:36:53.226000,0 days 01:37:26.834000,0 days 01:37:48.613000,285.0,279.0,248.0,315.0,False,SUPERSOFT,33.0,True,Renault,0 days 01:36:23.784000,,1,7.0,,,False,True
0 days 01:39:12.466000,HUL,27,0 days 00:01:23.870000,46.0,2.0,,,0 days 00:00:29.179000,0 days 00:00:33.217000,0 days 00:00:21.474000,0 days 01:38:17.792000,0 days 01:38:51.009000,0 days 01:39:12.483000,286.0,279.0,248.0,316.0,False,SUPERSOFT,34.0,True,Renault,0 days 01:37:48.596000,,1,7.0,,,False,True
0 days 01:40:36.628000,HUL,27,0 days 00:01:24.162000,47.0,2.0,,,0 days 00:00:29.250000,0 days 00:00:33.370000,0 days 00:00:21.542000,0 days 01:39:41.733000,0 days 01:40:15.103000,0 days 01:40:36.645000,289.0,281.0,248.0,318.0,False,SUPERSOFT,35.0,True,Renault,0 days 01:39:12.466000,,1,7.0,,,False,True
0 days 01:42:00.707000,HUL,27,0 days 00:01:24.079000,48.0,2.0,,,0 days 00:00:29.270000,0 days 00:00:33.418000,0 days 00:00:21.391000,0 days 01:41:05.915000,0 days 01:41:39.333000,0 days 01:42:00.724000,286.0,280.0,249.0,318.0,False,SUPERSOFT,36.0,True,Renault,0 days 01:40:36.628000,,1,7.0,,,False,True
0 days 01:43:26.694000,HUL,27,0 days 00:01:25.987000,49.0,2.0,,,0 days 00:00:29.221000,0 days 00:00:35.008000,0 days 00:00:21.758000,0 days 01:42:29.945000,0 days 01:43:04.953000,0 days 01:43:26.711000,286.0,279.0,249.0,317.0,False,SUPERSOFT,37.0,True,Renault,0 days 01:42:00.707000,,1,7.0,,,False,True
0 days 01:44:50.580000,HUL,27,0 days 00:01:23.886000,50.0,2.0,,,0 days 00:00:29.104000,0 days 00:00:33.411000,0 days 00:00:21.371000,0 days 01:43:55.815000,0 days 01:44:29.226000,0 days 01:44:50.597000,287.0,281.0,249.0,320.0,False,SUPERSOFT,38.0,True,Renault,0 days 01:43:26.694000,,1,7.0,,,False,True
0 days 01:46:14.037000,HUL,27,0 days 00:01:23.457000,51.0,2.0,,,0 days 00:00:29.042000,0 days 00:00:33.034000,0 days 00:00:21.381000,0 days 01:45:19.639000,0 days 01:45:52.673000,0 days 01:46:14.054000,293.0,280.0,248.0,318.0,False,SUPERSOFT,39.0,True,Renault,0 days 01:44:50.580000,,1,7.0,,,False,True
0 days 01:47:37.824000,HUL,27,0 days 00:01:23.787000,52.0,2.0,,,0 days 00:00:29.185000,0 days 00:00:33.108000,0 days 00:00:21.494000,0 days 01:46:43.239000,0 days 01:47:16.347000,0 days 01:47:37.841000,290.0,279.0,250.0,318.0,False,SUPERSOFT,40.0,True,Renault,0 days 01:46:14.037000,,1,7.0,,,False,True
0 days 01:49:01.405000,HUL,27,0 days 00:01:23.581000,53.0,2.0,,,0 days 00:00:29.072000,0 days 00:00:33.059000,0 days 00:00:21.450000,0 days 01:48:06.913000,0 days 01:48:39.972000,0 days 01:49:01.422000,291.0,281.0,250.0,317.0,False,SUPERSOFT,41.0,True,Renault,0 days 01:47:37.824000,,1,7.0,,,False,True
0 days 01:50:24.766000,HUL,27,0 days 00:01:23.361000,54.0,2.0,,,0 days 00:00:29.094000,0 days 00:00:33,0 days 00:00:21.267000,0 days 01:49:30.516000,0 days 01:50:03.516000,0 days 01:50:24.783000,291.0,281.0,249.0,317.0,False,SUPERSOFT,42.0,True,Renault,0 days 01:49:01.405000,,1,7.0,,,False,True
0 days 01:51:48.058000,HUL,27,0 days 00:01:23.292000,55.0,2.0,,,0 days 00:00:29.051000,0 days 00:00:32.706000,0 days 00:00:21.535000,0 days 01:50:53.834000,0 days 01:51:26.540000,0 days 01:51:48.075000,289.0,280.0,249.0,316.0,False,SUPERSOFT,43.0,True,Renault,0 days 01:50:24.766000,,1,7.0,,,False,True
0 days 01:53:11.297000,HUL,27,0 days 00:01:23.239000,56.0,2.0,,,0 days 00:00:29.003000,0 days 00:00:32.750000,0 days 00:00:21.486000,0 days 01:52:17.078000,0 days 01:52:49.828000,0 days 01:53:11.314000,291.0,279.0,249.0,315.0,False,SUPERSOFT,44.0,True,Renault,0 days 01:51:48.058000,,1,7.0,,,False,True
0 days 01:54:34.677000,HUL,27,0 days 00:01:23.380000,57.0,2.0,,,0 days 00:00:29.146000,0 days 00:00:32.739000,0 days 00:00:21.495000,0 days 01:53:40.460000,0 days 01:54:13.199000,0 days 01:54:34.694000,291.0,281.0,249.0,317.0,False,SUPERSOFT,45.0,True,Renault,0 days 01:53:11.297000,,1,7.0,,,False,True
0 days 01:55:57.763000,HUL,27,0 days 00:01:23.086000,58.0,2.0,,,0 days 00:00:29.168000,0 days 00:00:32.698000,0 days 00:00:21.220000,0 days 01:55:03.862000,0 days 01:55:36.560000,0 days 01:55:57.780000,290.0,281.0,249.0,317.0,False,SUPERSOFT,46.0,True,Renault,0 days 01:54:34.677000,,1,7.0,,,False,True
0 days 01:57:22.576000,HUL,27,0 days 00:01:24.813000,59.0,2.0,,,0 days 00:00:29.128000,0 days 00:00:34.453000,0 days 00:00:21.232000,0 days 01:56:26.908000,0 days 01:57:01.361000,0 days 01:57:22.593000,290.0,283.0,251.0,318.0,False,SUPERSOFT,47.0,True,Renault,0 days 01:55:57.763000,,1,7.0,,,False,True
0 days 01:58:57.096000,HUL,27,0 days 00:01:34.520000,60.0,2.0,,,0 days 00:00:28.889000,0 days 00:00:38.806000,0 days 00:00:26.825000,0 days 01:57:51.482000,0 days 01:58:30.288000,0 days 01:58:57.113000,294.0,227.0,222.0,324.0,False,SUPERSOFT,48.0,True,Renault,0 days 01:57:22.576000,,126,7.0,,,False,False
0 days 02:00:48.377000,HUL,27,0 days 00:01:51.281000,61.0,2.0,,,0 days 00:00:39.292000,0 days 00:00:43.953000,0 days 00:00:28.036000,0 days 01:59:36.405000,0 days 02:00:20.358000,0 days 02:00:48.394000,178.0,117.0,183.0,283.0,False,SUPERSOFT,49.0,True,Renault,0 days 01:58:57.096000,,67,7.0,,,False,False
0 days 02:02:14.581000,HUL,27,0 days 00:01:26.204000,62.0,2.0,,,0 days 00:00:32.469000,0 days 00:00:32.736000,0 days 00:00:20.999000,0 days 02:01:20.863000,0 days 02:01:53.599000,0 days 02:02:14.598000,291.0,283.0,251.0,303.0,False,SUPERSOFT,50.0,True,Renault,0 days 02:00:48.377000,,71,6.0,,,False,False
0 days 02:03:38.517000,HUL,27,0 days 00:01:23.936000,63.0,2.0,,,0 days 00:00:28.854000,0 days 00:00:33.942000,0 days 00:00:21.140000,0 days 02:02:43.452000,0 days 02:03:17.394000,0 days 02:03:38.534000,294.0,286.0,251.0,321.0,False,SUPERSOFT,51.0,True,Renault,0 days 02:02:14.581000,,1,6.0,,,False,True
0 days 02:05:00.133000,HUL,27,0 days 00:01:21.616000,64.0,2.0,,,0 days 00:00:28.794000,0 days 00:00:32.015000,0 days 00:00:20.807000,0 days 02:04:07.328000,0 days 02:04:39.343000,0 days 02:05:00.150000,295.0,286.0,252.0,324.0,True,SUPERSOFT,52.0,True,Renault,0 days 02:03:38.517000,,1,6.0,,,False,True
0 days 02:06:23.752000,HUL,27,0 days 00:01:23.619000,65.0,2.0,,,0 days 00:00:29.528000,0 days 00:00:33.214000,0 days 00:00:20.877000,0 days 02:05:29.678000,0 days 02:06:02.892000,0 days 02:06:23.769000,195.0,286.0,251.0,319.0,False,SUPERSOFT,53.0,True,Renault,0 days 02:05:00.133000,,1,6.0,,,False,True
0 days 02:07:44.743000,HUL,27,0 days 00:01:20.991000,66.0,2.0,,,0 days 00:00:28.670000,0 days 00:00:31.566000,0 days 00:00:20.755000,0 days 02:06:52.439000,0 days 02:07:24.005000,0 days 02:07:44.760000,295.0,286.0,251.0,322.0,True,SUPERSOFT,54.0,True,Renault,0 days 02:06:23.752000,,1,6.0,,,False,True
0 days 02:09:05.380000,HUL,27,0 days 00:01:20.637000,67.0,2.0,,,0 days 00:00:28.712000,0 days 00:00:31.189000,0 days 00:00:20.736000,0 days 02:08:13.472000,0 days 02:08:44.661000,0 days 02:09:05.397000,295.0,286.0,251.0,320.0,True,SUPERSOFT,55.0,True,Renault,0 days 02:07:44.743000,,1,6.0,,,False,True
0 days 02:10:26.128000,HUL,27,0 days 00:01:20.748000,68.0,2.0,,,0 days 00:00:28.717000,0 days 00:00:31.218000,0 days 00:00:20.813000,0 days 02:09:34.114000,0 days 02:10:05.332000,0 days 02:10:26.145000,295.0,286.0,251.0,320.0,False,SUPERSOFT,56.0,True,Renault,0 days 02:09:05.380000,,1,6.0,,,False,True
0 days 02:11:47.664000,HUL,27,0 days 00:01:21.536000,69.0,2.0,,,0 days 00:00:28.853000,0 days 00:00:31.488000,0 days 00:00:21.195000,0 days 02:10:54.998000,0 days 02:11:26.486000,0 days 02:11:47.681000,293.0,287.0,233.0,321.0,False,SUPERSOFT,57.0,True,Renault,0 days 02:10:26.128000,,1,6.0,,,False,True
0 days 00:34:38.066000,HAR,28,0 days 00:01:39.180000,1.0,1.0,,0 days 00:34:35.407000,,0 days 00:00:37.132000,0 days 00:00:26.814000,,0 days 00:34:11.306000,0 days 00:34:38.144000,266.0,279.0,,280.0,False,SUPERSOFT,1.0,True,Toro Rosso,0 days 00:32:58.703000,,1,20.0,,,False,False
0 days 00:36:19.562000,HAR,28,0 days 00:01:41.496000,2.0,2.0,0 days 00:34:57.590000,,0 days 00:00:47.570000,0 days 00:00:32.392000,0 days 00:00:21.534000,0 days 00:35:25.641000,0 days 00:35:58.033000,0 days 00:36:19.567000,281.0,273.0,243.0,300.0,False,ULTRASOFT,1.0,True,Toro Rosso,0 days 00:34:38.066000,,1,19.0,,,False,False
0 days 00:37:42.872000,HAR,28,0 days 00:01:23.310000,3.0,2.0,,,0 days 00:00:29.310000,0 days 00:00:32.485000,0 days 00:00:21.515000,0 days 00:36:48.877000,0 days 00:37:21.362000,0 days 00:37:42.877000,273.0,273.0,245.0,320.0,True,ULTRASOFT,2.0,True,Toro Rosso,0 days 00:36:19.562000,,1,19.0,,,False,True
0 days 00:39:12.331000,HAR,28,0 days 00:01:29.459000,4.0,2.0,,,0 days 00:00:29.483000,0 days 00:00:32.972000,0 days 00:00:27.004000,0 days 00:38:12.360000,0 days 00:38:45.332000,0 days 00:39:12.336000,266.0,263.0,111.0,321.0,False,ULTRASOFT,3.0,True,Toro Rosso,0 days 00:37:42.872000,,126,18.0,,,False,False
0 days 00:40:47.735000,HAR,28,0 days 00:01:35.404000,5.0,2.0,,,0 days 00:00:39.781000,0 days 00:00:34.356000,0 days 00:00:21.267000,0 days 00:39:52.117000,0 days 00:40:26.473000,0 days 00:40:47.740000,246.0,274.0,245.0,213.0,False,ULTRASOFT,4.0,True,Toro Rosso,0 days 00:39:12.331000,,671,18.0,,,False,False
0 days 00:42:10.263000,HAR,28,0 days 00:01:22.528000,6.0,2.0,,,0 days 00:00:29.244000,0 days 00:00:32.134000,0 days 00:00:21.150000,0 days 00:41:16.984000,0 days 00:41:49.118000,0 days 00:42:10.268000,273.0,274.0,244.0,320.0,True,ULTRASOFT,5.0,True,Toro Rosso,0 days 00:40:47.735000,,1,17.0,,,False,True
0 days 00:43:33.110000,HAR,28,0 days 00:01:22.847000,7.0,2.0,,,0 days 00:00:29.142000,0 days 00:00:32.400000,0 days 00:00:21.305000,0 days 00:42:39.410000,0 days 00:43:11.810000,0 days 00:43:33.115000,276.0,274.0,245.0,322.0,False,ULTRASOFT,6.0,True,Toro Rosso,0 days 00:42:10.263000,,1,17.0,,,False,True
0 days 00:44:56.193000,HAR,28,0 days 00:01:23.083000,8.0,2.0,,,0 days 00:00:29.252000,0 days 00:00:32.381000,0 days 00:00:21.450000,0 days 00:44:02.367000,0 days 00:44:34.748000,0 days 00:44:56.198000,278.0,274.0,244.0,322.0,False,ULTRASOFT,7.0,True,Toro Rosso,0 days 00:43:33.110000,,1,17.0,,,False,True
0 days 00:46:19.596000,HAR,28,0 days 00:01:23.403000,9.0,2.0,,,0 days 00:00:29.351000,0 days 00:00:32.652000,0 days 00:00:21.400000,0 days 00:45:25.549000,0 days 00:45:58.201000,0 days 00:46:19.601000,274.0,274.0,243.0,323.0,False,ULTRASOFT,8.0,True,Toro Rosso,0 days 00:44:56.193000,,1,17.0,,,False,True
0 days 00:47:43.447000,HAR,28,0 days 00:01:23.851000,10.0,2.0,,,0 days 00:00:29.397000,0 days 00:00:32.857000,0 days 00:00:21.597000,0 days 00:46:48.998000,0 days 00:47:21.855000,0 days 00:47:43.452000,274.0,273.0,242.0,325.0,False,ULTRASOFT,9.0,True,Toro Rosso,0 days 00:46:19.596000,,1,17.0,,,False,True
0 days 00:49:07.896000,HAR,28,0 days 00:01:24.449000,11.0,2.0,,,0 days 00:00:29.488000,0 days 00:00:33.093000,0 days 00:00:21.868000,0 days 00:48:12.940000,0 days 00:48:46.033000,0 days 00:49:07.901000,277.0,275.0,244.0,325.0,False,ULTRASOFT,10.0,True,Toro Rosso,0 days 00:47:43.447000,,1,16.0,,,False,True
0 days 00:50:32.637000,HAR,28,0 days 00:01:24.741000,12.0,2.0,,,0 days 00:00:29.523000,0 days 00:00:33.370000,0 days 00:00:21.848000,0 days 00:49:37.424000,0 days 00:50:10.794000,0 days 00:50:32.642000,278.0,275.0,244.0,323.0,False,ULTRASOFT,11.0,True,Toro Rosso,0 days 00:49:07.896000,,1,15.0,,,False,True
0 days 00:51:57.345000,HAR,28,0 days 00:01:24.708000,13.0,2.0,,,0 days 00:00:29.468000,0 days 00:00:33.310000,0 days 00:00:21.930000,0 days 00:51:02.110000,0 days 00:51:35.420000,0 days 00:51:57.350000,278.0,276.0,244.0,324.0,False,ULTRASOFT,12.0,True,Toro Rosso,0 days 00:50:32.637000,,1,14.0,,,False,True
0 days 00:53:22.019000,HAR,28,0 days 00:01:24.674000,14.0,2.0,,,0 days 00:00:29.421000,0 days 00:00:33.247000,0 days 00:00:22.006000,0 days 00:52:26.771000,0 days 00:53:00.018000,0 days 00:53:22.024000,277.0,276.0,246.0,326.0,False,ULTRASOFT,13.0,True,Toro Rosso,0 days 00:51:57.345000,,1,13.0,,,False,True
0 days 00:54:47.125000,HAR,28,0 days 00:01:25.106000,15.0,2.0,,,0 days 00:00:29.447000,0 days 00:00:33.371000,0 days 00:00:22.288000,0 days 00:53:51.471000,0 days 00:54:24.842000,0 days 00:54:47.130000,281.0,276.0,242.0,327.0,False,ULTRASOFT,14.0,True,Toro Rosso,0 days 00:53:22.019000,,1,13.0,,,False,True
0 days 00:56:12.475000,HAR,28,0 days 00:01:25.350000,16.0,2.0,,,0 days 00:00:29.450000,0 days 00:00:33.656000,0 days 00:00:22.244000,0 days 00:55:16.580000,0 days 00:55:50.236000,0 days 00:56:12.480000,275.0,275.0,243.0,332.0,False,ULTRASOFT,15.0,True,Toro Rosso,0 days 00:54:47.125000,,1,12.0,,,False,True
0 days 00:57:38.513000,HAR,28,0 days 00:01:26.038000,17.0,2.0,,,0 days 00:00:29.738000,0 days 00:00:33.936000,0 days 00:00:22.364000,0 days 00:56:42.218000,0 days 00:57:16.154000,0 days 00:57:38.518000,277.0,274.0,245.0,323.0,False,ULTRASOFT,16.0,True,Toro Rosso,0 days 00:56:12.475000,,1,13.0,,,False,True
0 days 00:59:04.116000,HAR,28,0 days 00:01:25.603000,18.0,2.0,,,0 days 00:00:29.448000,0 days 00:00:33.839000,0 days 00:00:22.316000,0 days 00:58:07.966000,0 days 00:58:41.805000,0 days 00:59:04.121000,278.0,275.0,244.0,330.0,False,ULTRASOFT,17.0,True,Toro Rosso,0 days 00:57:38.513000,,1,13.0,,,False,True
0 days 01:00:29.739000,HAR,28,0 days 00:01:25.623000,19.0,2.0,,,0 days 00:00:29.214000,0 days 00:00:34.123000,0 days 00:00:22.286000,0 days 00:59:33.335000,0 days 01:00:07.458000,0 days 01:00:29.744000,280.0,275.0,243.0,345.0,False,ULTRASOFT,18.0,True,Toro Rosso,0 days 00:59:04.116000,,1,13.0,,,False,True
0 days 01:01:55.135000,HAR,28,0 days 00:01:25.396000,20.0,2.0,,,0 days 00:00:29.191000,0 days 00:00:33.816000,0 days 00:00:22.389000,0 days 01:00:58.935000,0 days 01:01:32.751000,0 days 01:01:55.140000,285.0,277.0,243.0,344.0,False,ULTRASOFT,19.0,True,Toro Rosso,0 days 01:00:29.739000,,1,13.0,,,False,True
0 days 01:03:20.243000,HAR,28,0 days 00:01:25.108000,21.0,2.0,,,0 days 00:00:29.089000,0 days 00:00:33.760000,0 days 00:00:22.259000,0 days 01:02:24.229000,0 days 01:02:57.989000,0 days 01:03:20.248000,283.0,278.0,244.0,345.0,False,ULTRASOFT,20.0,True,Toro Rosso,0 days 01:01:55.135000,,1,13.0,,,False,True
0 days 01:04:45.156000,HAR,28,0 days 00:01:24.913000,22.0,2.0,,,0 days 00:00:29.257000,0 days 00:00:33.691000,0 days 00:00:21.965000,0 days 01:03:49.505000,0 days 01:04:23.196000,0 days 01:04:45.161000,284.0,276.0,246.0,346.0,False,ULTRASOFT,21.0,True,Toro Rosso,0 days 01:03:20.243000,,1,13.0,,,False,True
0 days 01:06:10.194000,HAR,28,0 days 00:01:25.038000,23.0,2.0,,,0 days 00:00:29.690000,0 days 00:00:33.326000,0 days 00:00:22.022000,0 days 01:05:14.851000,0 days 01:05:48.177000,0 days 01:06:10.199000,277.0,278.0,243.0,328.0,False,ULTRASOFT,22.0,True,Toro Rosso,0 days 01:04:45.156000,,1,13.0,,,False,True
0 days 01:07:38.783000,HAR,28,0 days 00:01:28.589000,24.0,2.0,,0 days 01:07:36.193000,0 days 00:00:29.808000,0 days 00:00:33.264000,0 days 00:00:25.517000,0 days 01:06:40.007000,0 days 01:07:13.271000,0 days 01:07:38.788000,272.0,276.0,,326.0,False,ULTRASOFT,23.0,True,Toro Rosso,0 days 01:06:10.194000,,1,15.0,,,False,False
0 days 01:09:21.771000,HAR,28,0 days 00:01:42.988000,25.0,3.0,0 days 01:07:59.711000,,0 days 00:00:49.141000,0 days 00:00:32.409000,0 days 00:00:21.438000,0 days 01:08:27.929000,0 days 01:09:00.338000,0 days 01:09:21.776000,281.0,279.0,246.0,305.0,False,SUPERSOFT,1.0,True,Toro Rosso,0 days 01:07:38.783000,,1,18.0,,,False,False
0 days 01:10:44.209000,HAR,28,0 days 00:01:22.438000,26.0,3.0,,,0 days 00:00:29.264000,0 days 00:00:32.082000,0 days 00:00:21.092000,0 days 01:09:51.040000,0 days 01:10:23.122000,0 days 01:10:44.214000,278.0,280.0,246.0,322.0,True,SUPERSOFT,2.0,True,Toro Rosso,0 days 01:09:21.771000,,1,18.0,,,False,True
0 days 01:12:06.682000,HAR,28,0 days 00:01:22.473000,27.0,3.0,,,0 days 00:00:29.166000,0 days 00:00:32.100000,0 days 00:00:21.207000,0 days 01:11:13.380000,0 days 01:11:45.480000,0 days 01:12:06.687000,271.0,281.0,247.0,323.0,False,SUPERSOFT,3.0,True,Toro Rosso,0 days 01:10:44.209000,,1,17.0,,,False,True
0 days 01:13:29.583000,HAR,28,0 days 00:01:22.901000,28.0,3.0,,,0 days 00:00:29.195000,0 days 00:00:32.190000,0 days 00:00:21.516000,0 days 01:12:35.882000,0 days 01:13:08.072000,0 days 01:13:29.588000,281.0,280.0,249.0,324.0,False,SUPERSOFT,4.0,True,Toro Rosso,0 days 01:12:06.682000,,1,17.0,,,False,True
0 days 01:14:58.336000,HAR,28,0 days 00:01:28.753000,29.0,3.0,,,0 days 00:00:28.994000,0 days 00:00:32.775000,0 days 00:00:26.984000,0 days 01:13:58.582000,0 days 01:14:31.357000,0 days 01:14:58.341000,282.0,286.0,143.0,328.0,False,SUPERSOFT,5.0,True,Toro Rosso,0 days 01:13:29.583000,,126,16.0,,,False,False
0 days 01:16:48.001000,HAR,28,0 days 00:01:49.665000,30.0,3.0,,,0 days 00:00:38.287000,0 days 00:00:44.646000,0 days 00:00:26.732000,0 days 01:15:36.628000,0 days 01:16:21.274000,0 days 01:16:48.006000,222.0,192.0,194.0,192.0,False,SUPERSOFT,6.0,True,Toro Rosso,0 days 01:14:58.336000,,6,16.0,,,False,False
0 days 01:18:27.035000,HAR,28,0 days 00:01:39.034000,31.0,3.0,,,0 days 00:00:39.340000,0 days 00:00:37.714000,0 days 00:00:21.980000,0 days 01:17:27.346000,0 days 01:18:05.060000,0 days 01:18:27.040000,194.0,289.0,247.0,208.0,False,SUPERSOFT,7.0,True,Toro Rosso,0 days 01:16:48.001000,,671,14.0,,,False,False
0 days 01:19:51.585000,HAR,28,0 days 00:01:24.550000,32.0,3.0,,,0 days 00:00:29.835000,0 days 00:00:32.811000,0 days 00:00:21.904000,0 days 01:18:56.875000,0 days 01:19:29.686000,0 days 01:19:51.590000,254.0,284.0,250.0,327.0,False,SUPERSOFT,8.0,True,Toro Rosso,0 days 01:18:27.035000,,1,14.0,,,False,True
0 days 01:21:15.424000,HAR,28,0 days 00:01:23.839000,33.0,3.0,,,0 days 00:00:28.897000,0 days 00:00:33.447000,0 days 00:00:21.495000,0 days 01:20:20.487000,0 days 01:20:53.934000,0 days 01:21:15.429000,268.0,285.0,251.0,342.0,False,SUPERSOFT,9.0,True,Toro Rosso,0 days 01:19:51.585000,,1,14.0,,,False,True
0 days 01:22:39.700000,HAR,28,0 days 00:01:24.276000,34.0,3.0,,,0 days 00:00:28.850000,0 days 00:00:33.908000,0 days 00:00:21.518000,0 days 01:21:44.279000,0 days 01:22:18.187000,0 days 01:22:39.705000,274.0,285.0,252.0,328.0,False,SUPERSOFT,10.0,True,Toro Rosso,0 days 01:21:15.424000,,1,14.0,,,False,True
0 days 01:24:03.577000,HAR,28,0 days 00:01:23.877000,35.0,3.0,,,0 days 00:00:28.820000,0 days 00:00:33.418000,0 days 00:00:21.639000,0 days 01:23:08.525000,0 days 01:23:41.943000,0 days 01:24:03.582000,273.0,283.0,250.0,347.0,False,SUPERSOFT,11.0,True,Toro Rosso,0 days 01:22:39.700000,,1,14.0,,,False,True
0 days 01:25:27.794000,HAR,28,0 days 00:01:24.217000,36.0,3.0,,,0 days 00:00:28.918000,0 days 00:00:33.504000,0 days 00:00:21.795000,0 days 01:24:32.500000,0 days 01:25:06.004000,0 days 01:25:27.799000,275.0,286.0,249.0,338.0,False,SUPERSOFT,12.0,True,Toro Rosso,0 days 01:24:03.577000,,1,14.0,,,False,True
0 days 01:26:52.422000,HAR,28,0 days 00:01:24.628000,37.0,3.0,,,0 days 00:00:28.908000,0 days 00:00:33.880000,0 days 00:00:21.840000,0 days 01:25:56.707000,0 days 01:26:30.587000,0 days 01:26:52.427000,269.0,278.0,247.0,344.0,False,SUPERSOFT,13.0,True,Toro Rosso,0 days 01:25:27.794000,,1,14.0,,,False,True
0 days 01:28:19.039000,HAR,28,0 days 00:01:26.617000,38.0,3.0,,,0 days 00:00:29.352000,0 days 00:00:34.916000,0 days 00:00:22.349000,0 days 01:27:21.779000,0 days 01:27:56.695000,0 days 01:28:19.044000,264.0,284.0,246.0,332.0,False,SUPERSOFT,14.0,True,Toro Rosso,0 days 01:26:52.422000,,1,13.0,,,False,True
0 days 01:29:43.369000,HAR,28,0 days 00:01:24.330000,39.0,3.0,,,0 days 00:00:29.431000,0 days 00:00:33.225000,0 days 00:00:21.674000,0 days 01:28:48.475000,0 days 01:29:21.700000,0 days 01:29:43.374000,288.0,281.0,248.0,344.0,False,SUPERSOFT,15.0,True,Toro Rosso,0 days 01:28:19.039000,,1,13.0,,,False,True
0 days 01:31:07.861000,HAR,28,0 days 00:01:24.492000,40.0,3.0,,,0 days 00:00:28.945000,0 days 00:00:33.769000,0 days 00:00:21.778000,0 days 01:30:12.319000,0 days 01:30:46.088000,0 days 01:31:07.866000,283.0,280.0,247.0,344.0,False,SUPERSOFT,16.0,True,Toro Rosso,0 days 01:29:43.369000,,1,13.0,,,False,True
0 days 01:32:32.465000,HAR,28,0 days 00:01:24.604000,41.0,3.0,,,0 days 00:00:28.960000,0 days 00:00:33.738000,0 days 00:00:21.906000,0 days 01:31:36.826000,0 days 01:32:10.564000,0 days 01:32:32.470000,278.0,279.0,250.0,343.0,False,SUPERSOFT,17.0,True,Toro Rosso,0 days 01:31:07.861000,,1,13.0,,,False,True
0 days 01:33:57.064000,HAR,28,0 days 00:01:24.599000,42.0,3.0,,,0 days 00:00:29.045000,0 days 00:00:33.719000,0 days 00:00:21.835000,0 days 01:33:01.515000,0 days 01:33:35.234000,0 days 01:33:57.069000,277.0,281.0,249.0,330.0,False,SUPERSOFT,18.0,True,Toro Rosso,0 days 01:32:32.465000,,1,13.0,,,False,True
0 days 01:35:21.849000,HAR,28,0 days 00:01:24.785000,43.0,3.0,,,0 days 00:00:29.040000,0 days 00:00:33.669000,0 days 00:00:22.076000,0 days 01:34:26.109000,0 days 01:34:59.778000,0 days 01:35:21.854000,272.0,281.0,247.0,334.0,False,SUPERSOFT,19.0,True,Toro Rosso,0 days 01:33:57.064000,,1,13.0,,,False,True
0 days 01:36:47.241000,HAR,28,0 days 00:01:25.392000,44.0,3.0,,,0 days 00:00:29.270000,0 days 00:00:34.059000,0 days 00:00:22.063000,0 days 01:35:51.124000,0 days 01:36:25.183000,0 days 01:36:47.246000,273.0,281.0,246.0,333.0,False,SUPERSOFT,20.0,True,Toro Rosso,0 days 01:35:21.849000,,1,11.0,,,False,True
0 days 01:38:10.646000,HAR,28,0 days 00:01:23.405000,45.0,3.0,,,0 days 00:00:28.979000,0 days 00:00:32.898000,0 days 00:00:21.528000,0 days 01:37:16.225000,0 days 01:37:49.123000,0 days 01:38:10.651000,277.0,280.0,247.0,340.0,False,SUPERSOFT,21.0,True,Toro Rosso,0 days 01:36:47.241000,,1,11.0,,,False,True
0 days 01:39:35.001000,HAR,28,0 days 00:01:24.355000,46.0,3.0,,,0 days 00:00:29.247000,0 days 00:00:33.206000,0 days 00:00:21.902000,0 days 01:38:39.898000,0 days 01:39:13.104000,0 days 01:39:35.006000,270.0,279.0,247.0,327.0,False,SUPERSOFT,22.0,True,Toro Rosso,0 days 01:38:10.646000,,1,11.0,,,False,True
0 days 01:40:59.484000,HAR,28,0 days 00:01:24.483000,47.0,3.0,,,0 days 00:00:29.298000,0 days 00:00:33.223000,0 days 00:00:21.962000,0 days 01:40:04.304000,0 days 01:40:37.527000,0 days 01:40:59.489000,273.0,279.0,247.0,327.0,False,SUPERSOFT,23.0,True,Toro Rosso,0 days 01:39:35.001000,,1,11.0,,,False,True
0 days 01:42:23.934000,HAR,28,0 days 00:01:24.450000,48.0,3.0,,,0 days 00:00:29.315000,0 days 00:00:33.174000,0 days 00:00:21.961000,0 days 01:41:28.804000,0 days 01:42:01.978000,0 days 01:42:23.939000,269.0,281.0,247.0,328.0,False,SUPERSOFT,24.0,True,Toro Rosso,0 days 01:40:59.484000,,1,11.0,,,False,True
0 days 01:43:48.139000,HAR,28,0 days 00:01:24.205000,49.0,3.0,,,0 days 00:00:29.329000,0 days 00:00:33.021000,0 days 00:00:21.855000,0 days 01:42:53.268000,0 days 01:43:26.289000,0 days 01:43:48.144000,276.0,278.0,248.0,326.0,False,SUPERSOFT,25.0,True,Toro Rosso,0 days 01:42:23.934000,,1,11.0,,,False,True
0 days 01:45:12.529000,HAR,28,0 days 00:01:24.390000,50.0,3.0,,,0 days 00:00:29.243000,0 days 00:00:33.156000,0 days 00:00:21.991000,0 days 01:44:17.387000,0 days 01:44:50.543000,0 days 01:45:12.534000,280.0,279.0,248.0,328.0,False,SUPERSOFT,26.0,True,Toro Rosso,0 days 01:43:48.139000,,1,11.0,,,False,True
0 days 01:46:36.936000,HAR,28,0 days 00:01:24.407000,51.0,3.0,,,0 days 00:00:29.178000,0 days 00:00:33.215000,0 days 00:00:22.014000,0 days 01:45:41.712000,0 days 01:46:14.927000,0 days 01:46:36.941000,275.0,281.0,248.0,328.0,False,SUPERSOFT,27.0,True,Toro Rosso,0 days 01:45:12.529000,,1,11.0,,,False,True
0 days 01:48:02.355000,HAR,28,0 days 00:01:25.419000,52.0,3.0,,,0 days 00:00:29.170000,0 days 00:00:33.583000,0 days 00:00:22.666000,0 days 01:47:06.111000,0 days 01:47:39.694000,0 days 01:48:02.360000,271.0,249.0,249.0,328.0,False,SUPERSOFT,28.0,True,Toro Rosso,0 days 01:46:36.936000,,1,11.0,,,False,True
0 days 01:49:26.745000,HAR,28,0 days 00:01:24.390000,53.0,3.0,,,0 days 00:00:29.323000,0 days 00:00:33.142000,0 days 00:00:21.925000,0 days 01:48:31.683000,0 days 01:49:04.825000,0 days 01:49:26.750000,271.0,280.0,250.0,327.0,False,SUPERSOFT,29.0,True,Toro Rosso,0 days 01:48:02.355000,,1,11.0,,,False,True
0 days 01:50:54.482000,HAR,28,0 days 00:01:27.737000,54.0,3.0,,,0 days 00:00:30.761000,0 days 00:00:34.948000,0 days 00:00:22.028000,0 days 01:49:57.511000,0 days 01:50:32.459000,0 days 01:50:54.487000,168.0,282.0,250.0,327.0,False,SUPERSOFT,30.0,True,Toro Rosso,0 days 01:49:26.745000,,1,12.0,,,False,True
0 days 01:52:18.903000,HAR,28,0 days 00:01:24.421000,55.0,3.0,,,0 days 00:00:29.263000,0 days 00:00:33.300000,0 days 00:00:21.858000,0 days 01:51:23.750000,0 days 01:51:57.050000,0 days 01:52:18.908000,278.0,282.0,249.0,331.0,False,SUPERSOFT,31.0,True,Toro Rosso,0 days 01:50:54.482000,,1,12.0,,,False,True
0 days 01:53:43.597000,HAR,28,0 days 00:01:24.694000,56.0,3.0,,,0 days 00:00:29.410000,0 days 00:00:33.309000,0 days 00:00:21.975000,0 days 01:52:48.318000,0 days 01:53:21.627000,0 days 01:53:43.602000,276.0,281.0,247.0,328.0,False,SUPERSOFT,32.0,True,Toro Rosso,0 days 01:52:18.903000,,1,12.0,,,False,True
0 days 01:55:08.988000,HAR,28,0 days 00:01:25.391000,57.0,3.0,,,0 days 00:00:29.345000,0 days 00:00:33.647000,0 days 00:00:22.399000,0 days 01:54:12.947000,0 days 01:54:46.594000,0 days 01:55:08.993000,277.0,262.0,249.0,326.0,False,SUPERSOFT,33.0,True,Toro Rosso,0 days 01:53:43.597000,,1,12.0,,,False,True
0 days 01:56:33.948000,HAR,28,0 days 00:01:24.960000,58.0,3.0,,,0 days 00:00:29.284000,0 days 00:00:33.599000,0 days 00:00:22.077000,0 days 01:55:38.277000,0 days 01:56:11.876000,0 days 01:56:33.953000,270.0,281.0,248.0,328.0,False,SUPERSOFT,34.0,True,Toro Rosso,0 days 01:55:08.988000,,1,12.0,,,False,True
0 days 01:57:58.338000,HAR,28,0 days 00:01:24.390000,59.0,3.0,,,0 days 00:00:29.351000,0 days 00:00:33.143000,0 days 00:00:21.896000,0 days 01:57:03.304000,0 days 01:57:36.447000,0 days 01:57:58.343000,280.0,281.0,249.0,330.0,False,SUPERSOFT,35.0,True,Toro Rosso,0 days 01:56:33.948000,,1,12.0,,,False,True
0 days 01:59:44.320000,HAR,28,0 days 00:01:45.982000,60.0,3.0,,,0 days 00:00:37.508000,0 days 00:00:41.359000,0 days 00:00:27.115000,0 days 01:58:35.851000,0 days 01:59:17.210000,0 days 01:59:44.325000,166.0,179.0,199.0,328.0,False,SUPERSOFT,36.0,True,Toro Rosso,0 days 01:57:58.338000,,126,12.0,,,False,False
0 days 02:01:27.908000,HAR,28,0 days 00:01:43.588000,61.0,3.0,,,0 days 00:00:39.817000,0 days 00:00:40.966000,0 days 00:00:22.805000,0 days 02:00:24.142000,0 days 02:01:05.108000,0 days 02:01:27.913000,189.0,273.0,249.0,212.0,False,SUPERSOFT,37.0,True,Toro Rosso,0 days 01:59:44.320000,,671,12.0,,,False,False
0 days 02:02:53.307000,HAR,28,0 days 00:01:25.399000,62.0,3.0,,,0 days 00:00:30.144000,0 days 00:00:33.515000,0 days 00:00:21.740000,0 days 02:01:58.057000,0 days 02:02:31.572000,0 days 02:02:53.312000,262.0,284.0,250.0,311.0,False,SUPERSOFT,38.0,True,Toro Rosso,0 days 02:01:27.908000,,1,12.0,,,False,True
0 days 02:04:17.053000,HAR,28,0 days 00:01:23.746000,63.0,3.0,,,0 days 00:00:29.332000,0 days 00:00:32.944000,0 days 00:00:21.470000,0 days 02:03:22.644000,0 days 02:03:55.588000,0 days 02:04:17.058000,276.0,284.0,249.0,330.0,False,SUPERSOFT,39.0,True,Toro Rosso,0 days 02:02:53.307000,,1,12.0,,,False,True
0 days 02:05:40.507000,HAR,28,0 days 00:01:23.454000,64.0,3.0,,,0 days 00:00:29.199000,0 days 00:00:32.730000,0 days 00:00:21.525000,0 days 02:04:46.257000,0 days 02:05:18.987000,0 days 02:05:40.512000,282.0,284.0,249.0,329.0,False,SUPERSOFT,40.0,True,Toro Rosso,0 days 02:04:17.053000,,1,12.0,,,False,True
0 days 02:07:04.067000,HAR,28,0 days 00:01:23.560000,65.0,3.0,,,0 days 00:00:29.232000,0 days 00:00:32.817000,0 days 00:00:21.511000,0 days 02:06:09.744000,0 days 02:06:42.561000,0 days 02:07:04.072000,282.0,284.0,249.0,328.0,False,SUPERSOFT,41.0,True,Toro Rosso,0 days 02:05:40.507000,,1,12.0,,,False,True
0 days 02:08:27.592000,HAR,28,0 days 00:01:23.525000,66.0,3.0,,,0 days 00:00:29.114000,0 days 00:00:32.666000,0 days 00:00:21.745000,0 days 02:07:33.186000,0 days 02:08:05.852000,0 days 02:08:27.597000,282.0,284.0,251.0,329.0,False,SUPERSOFT,42.0,True,Toro Rosso,0 days 02:07:04.067000,,1,12.0,,,False,True
0 days 02:09:51.115000,HAR,28,0 days 00:01:23.523000,67.0,3.0,,,0 days 00:00:29.037000,0 days 00:00:32.784000,0 days 00:00:21.702000,0 days 02:08:56.634000,0 days 02:09:29.418000,0 days 02:09:51.120000,280.0,285.0,250.0,329.0,False,SUPERSOFT,43.0,True,Toro Rosso,0 days 02:08:27.592000,,1,12.0,,,False,True
0 days 02:11:14.588000,HAR,28,0 days 00:01:23.473000,68.0,3.0,,,0 days 00:00:29.152000,0 days 00:00:32.752000,0 days 00:00:21.569000,0 days 02:10:20.272000,0 days 02:10:53.024000,0 days 02:11:14.593000,283.0,284.0,253.0,328.0,False,SUPERSOFT,44.0,True,Toro Rosso,0 days 02:09:51.115000,,1,12.0,,,False,True
0 days 02:12:38.282000,HAR,28,0 days 00:01:23.694000,69.0,3.0,,,0 days 00:00:29.247000,0 days 00:00:32.836000,0 days 00:00:21.611000,0 days 02:11:43.840000,0 days 02:12:16.676000,0 days 02:12:38.287000,281.0,285.0,251.0,324.0,False,SUPERSOFT,45.0,True,Toro Rosso,0 days 02:11:14.588000,,1,12.0,,,False,True
0 days 00:34:24.342000,RIC,3,0 days 00:01:25.456000,1.0,1.0,,,,0 days 00:00:32.445000,0 days 00:00:20.871000,,0 days 00:34:03.502000,0 days 00:34:24.467000,284.0,280.0,247.0,312.0,False,ULTRASOFT,4.0,False,Red Bull Racing,0 days 00:32:58.703000,,1,3.0,,,False,False
0 days 00:35:45.895000,RIC,3,0 days 00:01:21.553000,2.0,1.0,,,0 days 00:00:28.871000,0 days 00:00:31.711000,0 days 00:00:20.971000,0 days 00:34:53.227000,0 days 00:35:24.938000,0 days 00:35:45.909000,284.0,281.0,246.0,328.0,True,ULTRASOFT,5.0,False,Red Bull Racing,0 days 00:34:24.342000,,1,3.0,,,False,True
0 days 00:37:07.589000,RIC,3,0 days 00:01:21.694000,3.0,1.0,,,0 days 00:00:28.921000,0 days 00:00:31.805000,0 days 00:00:20.968000,0 days 00:36:14.830000,0 days 00:36:46.635000,0 days 00:37:07.603000,281.0,281.0,246.0,328.0,False,ULTRASOFT,6.0,False,Red Bull Racing,0 days 00:35:45.895000,,1,3.0,,,False,True
0 days 00:38:28.958000,RIC,3,0 days 00:01:21.369000,4.0,1.0,,,0 days 00:00:28.693000,0 days 00:00:31.665000,0 days 00:00:21.011000,0 days 00:37:36.296000,0 days 00:38:07.961000,0 days 00:38:28.972000,282.0,283.0,245.0,329.0,True,ULTRASOFT,7.0,False,Red Bull Racing,0 days 00:37:07.589000,,1,3.0,,,False,True
0 days 00:40:08.849000,RIC,3,0 days 00:01:39.891000,5.0,1.0,,,0 days 00:00:28.785000,0 days 00:00:43.839000,0 days 00:00:27.267000,0 days 00:38:57.757000,0 days 00:39:41.596000,0 days 00:40:08.863000,285.0,218.0,185.0,328.0,False,ULTRASOFT,8.0,False,Red Bull Racing,0 days 00:38:28.958000,,1267,3.0,,,False,False
0 days 00:41:30.923000,RIC,3,0 days 00:01:22.074000,6.0,1.0,,,0 days 00:00:29.534000,0 days 00:00:31.710000,0 days 00:00:20.830000,0 days 00:40:38.397000,0 days 00:41:10.107000,0 days 00:41:30.937000,293.0,279.0,246.0,327.0,False,ULTRASOFT,9.0,False,Red Bull Racing,0 days 00:40:08.849000,,1,3.0,,,False,True
0 days 00:42:52.245000,RIC,3,0 days 00:01:21.322000,7.0,1.0,,,0 days 00:00:28.755000,0 days 00:00:31.621000,0 days 00:00:20.946000,0 days 00:41:59.692000,0 days 00:42:31.313000,0 days 00:42:52.259000,286.0,280.0,245.0,327.0,True,ULTRASOFT,10.0,False,Red Bull Racing,0 days 00:41:30.923000,,1,3.0,,,False,True
0 days 00:44:13.854000,RIC,3,0 days 00:01:21.609000,8.0,1.0,,,0 days 00:00:28.850000,0 days 00:00:31.632000,0 days 00:00:21.127000,0 days 00:43:21.109000,0 days 00:43:52.741000,0 days 00:44:13.868000,287.0,280.0,247.0,327.0,False,ULTRASOFT,11.0,False,Red Bull Racing,0 days 00:42:52.245000,,1,3.0,,,False,True
0 days 00:45:35.732000,RIC,3,0 days 00:01:21.878000,9.0,1.0,,,0 days 00:00:28.879000,0 days 00:00:31.822000,0 days 00:00:21.177000,0 days 00:44:42.747000,0 days 00:45:14.569000,0 days 00:45:35.746000,284.0,278.0,246.0,327.0,False,ULTRASOFT,12.0,False,Red Bull Racing,0 days 00:44:13.854000,,1,3.0,,,False,True
0 days 00:46:58.242000,RIC,3,0 days 00:01:22.510000,10.0,1.0,,,0 days 00:00:28.902000,0 days 00:00:32.272000,0 days 00:00:21.336000,0 days 00:46:04.648000,0 days 00:46:36.920000,0 days 00:46:58.256000,292.0,279.0,246.0,330.0,False,ULTRASOFT,13.0,False,Red Bull Racing,0 days 00:45:35.732000,,1,3.0,,,False,True
0 days 00:48:21.675000,RIC,3,0 days 00:01:23.433000,11.0,1.0,,,0 days 00:00:29.155000,0 days 00:00:32.686000,0 days 00:00:21.592000,0 days 00:47:27.411000,0 days 00:48:00.097000,0 days 00:48:21.689000,291.0,281.0,245.0,334.0,False,ULTRASOFT,14.0,False,Red Bull Racing,0 days 00:46:58.242000,,1,2.0,,,False,True
0 days 00:49:46.907000,RIC,3,0 days 00:01:25.232000,12.0,1.0,,0 days 00:49:45.414000,0 days 00:00:28.608000,0 days 00:00:31.948000,0 days 00:00:24.676000,0 days 00:48:50.297000,0 days 00:49:22.245000,0 days 00:49:46.921000,300.0,280.0,,338.0,False,ULTRASOFT,15.0,False,Red Bull Racing,0 days 00:48:21.675000,,1,3.0,,,False,False
0 days 00:51:26.913000,RIC,3,0 days 00:01:40.006000,13.0,2.0,0 days 00:50:06.296000,,0 days 00:00:47.119000,0 days 00:00:31.834000,0 days 00:00:21.053000,0 days 00:50:34.040000,0 days 00:51:05.874000,0 days 00:51:26.927000,284.0,281.0,249.0,307.0,False,SUPERSOFT,1.0,True,Red Bull Racing,0 days 00:49:46.907000,,1,5.0,,,False,False
0 days 00:52:48.536000,RIC,3,0 days 00:01:21.623000,14.0,2.0,,,0 days 00:00:28.723000,0 days 00:00:31.860000,0 days 00:00:21.040000,0 days 00:51:55.650000,0 days 00:52:27.510000,0 days 00:52:48.550000,284.0,280.0,250.0,327.0,False,SUPERSOFT,2.0,True,Red Bull Racing,0 days 00:51:26.913000,,1,5.0,,,False,True
0 days 00:54:09.540000,RIC,3,0 days 00:01:21.004000,15.0,2.0,,,0 days 00:00:28.652000,0 days 00:00:31.552000,0 days 00:00:20.800000,0 days 00:53:17.202000,0 days 00:53:48.754000,0 days 00:54:09.554000,291.0,281.0,250.0,327.0,True,SUPERSOFT,3.0,True,Red Bull Racing,0 days 00:52:48.536000,,1,5.0,,,False,True
0 days 00:55:32.095000,RIC,3,0 days 00:01:22.555000,16.0,2.0,,,0 days 00:00:28.743000,0 days 00:00:32.415000,0 days 00:00:21.397000,0 days 00:54:38.297000,0 days 00:55:10.712000,0 days 00:55:32.109000,291.0,282.0,251.0,333.0,False,SUPERSOFT,4.0,True,Red Bull Racing,0 days 00:54:09.540000,,1,5.0,,,False,True
0 days 00:56:54.291000,RIC,3,0 days 00:01:22.196000,17.0,2.0,,,0 days 00:00:28.946000,0 days 00:00:32.339000,0 days 00:00:20.911000,0 days 00:56:01.055000,0 days 00:56:33.394000,0 days 00:56:54.305000,277.0,283.0,248.0,346.0,False,SUPERSOFT,5.0,True,Red Bull Racing,0 days 00:55:32.095000,,1,4.0,,,False,True
0 days 00:58:16.782000,RIC,3,0 days 00:01:22.491000,18.0,2.0,,,0 days 00:00:28.909000,0 days 00:00:32.404000,0 days 00:00:21.178000,0 days 00:57:23.214000,0 days 00:57:55.618000,0 days 00:58:16.796000,286.0,279.0,248.0,327.0,False,SUPERSOFT,6.0,True,Red Bull Racing,0 days 00:56:54.291000,,1,3.0,,,False,True
0 days 00:59:38.722000,RIC,3,0 days 00:01:21.940000,19.0,2.0,,,0 days 00:00:28.815000,0 days 00:00:32.028000,0 days 00:00:21.097000,0 days 00:58:45.611000,0 days 00:59:17.639000,0 days 00:59:38.736000,281.0,280.0,248.0,326.0,False,SUPERSOFT,7.0,True,Red Bull Racing,0 days 00:58:16.782000,,1,3.0,,,False,True
0 days 01:01:00.532000,RIC,3,0 days 00:01:21.810000,20.0,2.0,,,0 days 00:00:28.931000,0 days 00:00:31.869000,0 days 00:00:21.010000,0 days 01:00:07.667000,0 days 01:00:39.536000,0 days 01:01:00.546000,279.0,279.0,248.0,327.0,False,SUPERSOFT,8.0,True,Red Bull Racing,0 days 00:59:38.722000,,1,3.0,,,False,True
0 days 01:02:22.076000,RIC,3,0 days 00:01:21.544000,21.0,2.0,,,0 days 00:00:28.728000,0 days 00:00:31.761000,0 days 00:00:21.055000,0 days 01:01:29.274000,0 days 01:02:01.035000,0 days 01:02:22.090000,281.0,280.0,247.0,327.0,False,SUPERSOFT,9.0,True,Red Bull Racing,0 days 01:01:00.532000,,1,3.0,,,False,True
0 days 01:03:43.365000,RIC,3,0 days 00:01:21.289000,22.0,2.0,,,0 days 00:00:28.646000,0 days 00:00:31.646000,0 days 00:00:20.997000,0 days 01:02:50.736000,0 days 01:03:22.382000,0 days 01:03:43.379000,283.0,282.0,248.0,328.0,False,SUPERSOFT,10.0,True,Red Bull Racing,0 days 01:02:22.076000,,1,3.0,,,False,True
0 days 01:05:04.399000,RIC,3,0 days 00:01:21.034000,23.0,2.0,,,0 days 00:00:28.673000,0 days 00:00:31.364000,0 days 00:00:20.997000,0 days 01:04:12.052000,0 days 01:04:43.416000,0 days 01:05:04.413000,291.0,284.0,248.0,329.0,False,SUPERSOFT,11.0,True,Red Bull Racing,0 days 01:03:43.365000,,1,3.0,,,False,True
0 days 01:06:25.854000,RIC,3,0 days 00:01:21.455000,24.0,2.0,,,0 days 00:00:28.622000,0 days 00:00:31.753000,0 days 00:00:21.080000,0 days 01:05:33.035000,0 days 01:06:04.788000,0 days 01:06:25.868000,294.0,283.0,250.0,331.0,False,SUPERSOFT,12.0,True,Red Bull Racing,0 days 01:05:04.399000,,1,3.0,,,False,True
0 days 01:07:47.253000,RIC,3,0 days 00:01:21.399000,25.0,2.0,,,0 days 00:00:28.926000,0 days 00:00:31.548000,0 days 00:00:20.925000,0 days 01:06:54.794000,0 days 01:07:26.342000,0 days 01:07:47.267000,290.0,284.0,248.0,334.0,False,SUPERSOFT,13.0,True,Red Bull Racing,0 days 01:06:25.854000,,1,3.0,,,False,True
0 days 01:09:08.993000,RIC,3,0 days 00:01:21.740000,26.0,2.0,,,0 days 00:00:28.799000,0 days 00:00:31.648000,0 days 00:00:21.293000,0 days 01:08:16.066000,0 days 01:08:47.714000,0 days 01:09:09.007000,281.0,284.0,249.0,332.0,False,SUPERSOFT,14.0,True,Red Bull Racing,0 days 01:07:47.253000,,1,3.0,,,False,True
0 days 01:10:30.938000,RIC,3,0 days 00:01:21.945000,27.0,2.0,,,0 days 00:00:28.507000,0 days 00:00:31.986000,0 days 00:00:21.452000,0 days 01:09:37.514000,0 days 01:10:09.500000,0 days 01:10:30.952000,299.0,284.0,247.0,344.0,False,SUPERSOFT,15.0,True,Red Bull Racing,0 days 01:09:08.993000,,1,3.0,,,False,True
0 days 01:11:53.107000,RIC,3,0 days 00:01:22.169000,28.0,2.0,,,0 days 00:00:28.928000,0 days 00:00:32.073000,0 days 00:00:21.168000,0 days 01:10:59.880000,0 days 01:11:31.953000,0 days 01:11:53.121000,288.0,286.0,250.0,332.0,False,SUPERSOFT,16.0,True,Red Bull Racing,0 days 01:10:30.938000,,1,3.0,,,False,True
0 days 01:13:15.930000,RIC,3,0 days 00:01:22.823000,29.0,2.0,,,0 days 00:00:28.721000,0 days 00:00:32.407000,0 days 00:00:21.695000,0 days 01:12:21.842000,0 days 01:12:54.249000,0 days 01:13:15.944000,292.0,285.0,250.0,331.0,False,SUPERSOFT,17.0,True,Red Bull Racing,0 days 01:11:53.107000,,1,3.0,,,False,True
0 days 01:14:38.867000,RIC,3,0 days 00:01:22.937000,30.0,2.0,,,0 days 00:00:28.717000,0 days 00:00:32.199000,0 days 00:00:22.021000,0 days 01:13:44.661000,0 days 01:14:16.860000,0 days 01:14:38.881000,302.0,284.0,251.0,347.0,False,SUPERSOFT,18.0,True,Red Bull Racing,0 days 01:13:15.930000,,12,3.0,,,False,True
0 days 01:16:31.556000,RIC,3,0 days 00:01:52.689000,31.0,2.0,,,0 days 00:00:43.068000,0 days 00:00:41.396000,0 days 00:00:28.225000,0 days 01:15:21.949000,0 days 01:16:03.345000,0 days 01:16:31.570000,242.0,165.0,191.0,131.0,False,SUPERSOFT,19.0,True,Red Bull Racing,0 days 01:14:38.867000,,26,3.0,,,False,False
0 days 01:18:13.253000,RIC,3,0 days 00:01:41.697000,32.0,2.0,,,0 days 00:00:38.232000,0 days 00:00:42.402000,0 days 00:00:21.063000,0 days 01:17:09.802000,0 days 01:17:52.204000,0 days 01:18:13.267000,206.0,261.0,252.0,225.0,False,SUPERSOFT,20.0,True,Red Bull Racing,0 days 01:16:31.556000,,671,3.0,,,False,False
0 days 01:19:35.923000,RIC,3,0 days 00:01:22.670000,33.0,2.0,,,0 days 00:00:28.795000,0 days 00:00:32.052000,0 days 00:00:21.823000,0 days 01:18:42.062000,0 days 01:19:14.114000,0 days 01:19:35.937000,297.0,284.0,249.0,329.0,False,SUPERSOFT,21.0,True,Red Bull Racing,0 days 01:18:13.253000,,1,3.0,,,False,True
0 days 01:20:59.326000,RIC,3,0 days 00:01:23.403000,34.0,2.0,,,0 days 00:00:29.901000,0 days 00:00:32.462000,0 days 00:00:21.040000,0 days 01:20:05.838000,0 days 01:20:38.300000,0 days 01:20:59.340000,279.0,286.0,249.0,346.0,False,SUPERSOFT,22.0,True,Red Bull Racing,0 days 01:19:35.923000,,1,4.0,,,False,True
0 days 01:22:22.194000,RIC,3,0 days 00:01:22.868000,35.0,2.0,,,0 days 00:00:28.893000,0 days 00:00:32.503000,0 days 00:00:21.472000,0 days 01:21:28.233000,0 days 01:22:00.736000,0 days 01:22:22.208000,280.0,281.0,249.0,328.0,False,SUPERSOFT,23.0,True,Red Bull Racing,0 days 01:20:59.326000,,1,4.0,,,False,True
0 days 01:23:44.764000,RIC,3,0 days 00:01:22.570000,36.0,2.0,,,0 days 00:00:28.933000,0 days 00:00:32.239000,0 days 00:00:21.398000,0 days 01:22:51.141000,0 days 01:23:23.380000,0 days 01:23:44.778000,284.0,283.0,248.0,324.0,False,SUPERSOFT,24.0,True,Red Bull Racing,0 days 01:22:22.194000,,1,4.0,,,False,True
0 days 01:25:06.572000,RIC,3,0 days 00:01:21.808000,37.0,2.0,,,0 days 00:00:28.945000,0 days 00:00:31.785000,0 days 00:00:21.078000,0 days 01:24:13.723000,0 days 01:24:45.508000,0 days 01:25:06.586000,285.0,284.0,249.0,324.0,False,SUPERSOFT,25.0,True,Red Bull Racing,0 days 01:23:44.764000,,1,4.0,,,False,True
0 days 01:26:28.103000,RIC,3,0 days 00:01:21.531000,38.0,2.0,,,0 days 00:00:28.802000,0 days 00:00:31.684000,0 days 00:00:21.045000,0 days 01:25:35.388000,0 days 01:26:07.072000,0 days 01:26:28.117000,291.0,285.0,251.0,325.0,False,SUPERSOFT,26.0,True,Red Bull Racing,0 days 01:25:06.572000,,1,4.0,,,False,True
0 days 01:27:49.826000,RIC,3,0 days 00:01:21.723000,39.0,2.0,,,0 days 00:00:28.855000,0 days 00:00:31.876000,0 days 00:00:20.992000,0 days 01:26:56.972000,0 days 01:27:28.848000,0 days 01:27:49.840000,291.0,285.0,250.0,332.0,False,SUPERSOFT,27.0,True,Red Bull Racing,0 days 01:26:28.103000,,1,4.0,,,False,True
0 days 01:29:10.853000,RIC,3,0 days 00:01:21.027000,40.0,2.0,,,0 days 00:00:28.774000,0 days 00:00:31.451000,0 days 00:00:20.802000,0 days 01:28:18.614000,0 days 01:28:50.065000,0 days 01:29:10.867000,283.0,284.0,249.0,322.0,False,SUPERSOFT,28.0,True,Red Bull Racing,0 days 01:27:49.826000,,1,4.0,,,False,True
0 days 01:30:31.588000,RIC,3,0 days 00:01:20.735000,41.0,2.0,,,0 days 00:00:28.720000,0 days 00:00:31.270000,0 days 00:00:20.745000,0 days 01:29:39.587000,0 days 01:30:10.857000,0 days 01:30:31.602000,285.0,285.0,250.0,325.0,True,SUPERSOFT,29.0,True,Red Bull Racing,0 days 01:29:10.853000,,1,4.0,,,False,True
0 days 01:31:52.476000,RIC,3,0 days 00:01:20.888000,42.0,2.0,,,0 days 00:00:28.720000,0 days 00:00:31.402000,0 days 00:00:20.766000,,0 days 01:31:31.724000,0 days 01:31:52.490000,286.0,283.0,251.0,326.0,False,SUPERSOFT,30.0,True,Red Bull Racing,0 days 01:30:31.588000,,1,4.0,,,False,True
0 days 01:33:13.675000,RIC,3,0 days 00:01:21.199000,43.0,2.0,,,0 days 00:00:28.756000,0 days 00:00:31.622000,0 days 00:00:20.821000,0 days 01:32:21.246000,0 days 01:32:52.868000,0 days 01:33:13.689000,295.0,285.0,250.0,328.0,False,SUPERSOFT,31.0,True,Red Bull Racing,0 days 01:31:52.476000,,1,4.0,,,False,True
0 days 01:34:34.686000,RIC,3,0 days 00:01:21.011000,44.0,2.0,,,0 days 00:00:28.698000,0 days 00:00:31.618000,0 days 00:00:20.695000,0 days 01:33:42.387000,0 days 01:34:14.005000,0 days 01:34:34.700000,294.0,286.0,252.0,330.0,False,SUPERSOFT,32.0,True,Red Bull Racing,0 days 01:33:13.675000,,1,4.0,,,False,True
0 days 01:35:57.130000,RIC,3,0 days 00:01:22.444000,45.0,2.0,,,0 days 00:00:28.523000,0 days 00:00:32.840000,0 days 00:00:21.081000,0 days 01:35:03.223000,0 days 01:35:36.063000,0 days 01:35:57.144000,294.0,286.0,253.0,348.0,False,SUPERSOFT,33.0,True,Red Bull Racing,0 days 01:34:34.686000,,1,4.0,,,False,True
0 days 01:37:18.920000,RIC,3,0 days 00:01:21.790000,46.0,2.0,,,0 days 00:00:28.643000,0 days 00:00:32.287000,0 days 00:00:20.860000,0 days 01:36:25.787000,0 days 01:36:58.074000,0 days 01:37:18.934000,295.0,284.0,254.0,348.0,False,SUPERSOFT,34.0,True,Red Bull Racing,0 days 01:35:57.130000,,1,4.0,,,False,True
0 days 01:38:39.955000,RIC,3,0 days 00:01:21.035000,47.0,2.0,,,0 days 00:00:28.174000,0 days 00:00:31.737000,0 days 00:00:21.124000,0 days 01:37:47.108000,0 days 01:38:18.845000,0 days 01:38:39.969000,301.0,282.0,250.0,351.0,False,SUPERSOFT,35.0,True,Red Bull Racing,0 days 01:37:18.920000,,1,3.0,,,False,True
0 days 01:40:00.721000,RIC,3,0 days 00:01:20.766000,48.0,2.0,,,0 days 00:00:28.763000,0 days 00:00:31.259000,0 days 00:00:20.744000,0 days 01:39:08.732000,0 days 01:39:39.991000,0 days 01:40:00.735000,281.0,285.0,251.0,323.0,False,SUPERSOFT,36.0,True,Red Bull Racing,0 days 01:38:39.955000,,1,2.0,,,False,True
0 days 01:41:21.634000,RIC,3,0 days 00:01:20.913000,49.0,2.0,,,0 days 00:00:28.880000,0 days 00:00:31.276000,0 days 00:00:20.757000,0 days 01:40:29.615000,0 days 01:41:00.891000,0 days 01:41:21.648000,280.0,285.0,251.0,326.0,False,SUPERSOFT,37.0,True,Red Bull Racing,0 days 01:40:00.721000,,1,2.0,,,False,True
0 days 01:42:42.719000,RIC,3,0 days 00:01:21.085000,50.0,2.0,,,0 days 00:00:28.723000,0 days 00:00:31.443000,0 days 00:00:20.919000,0 days 01:41:50.371000,0 days 01:42:21.814000,0 days 01:42:42.733000,283.0,283.0,251.0,325.0,False,SUPERSOFT,38.0,True,Red Bull Racing,0 days 01:41:21.634000,,1,2.0,,,False,True
0 days 01:44:03.442000,RIC,3,0 days 00:01:20.723000,51.0,2.0,,,0 days 00:00:28.551000,0 days 00:00:31.280000,0 days 00:00:20.892000,0 days 01:43:11.284000,0 days 01:43:42.564000,0 days 01:44:03.456000,298.0,285.0,251.0,326.0,True,SUPERSOFT,39.0,True,Red Bull Racing,0 days 01:42:42.719000,,1,2.0,,,False,True
0 days 01:45:24.884000,RIC,3,0 days 00:01:21.442000,52.0,2.0,,,0 days 00:00:28.489000,0 days 00:00:31.616000,0 days 00:00:21.337000,0 days 01:44:31.945000,0 days 01:45:03.561000,0 days 01:45:24.898000,295.0,289.0,251.0,330.0,False,SUPERSOFT,40.0,True,Red Bull Racing,0 days 01:44:03.442000,,1,2.0,,,False,True
0 days 01:46:45.757000,RIC,3,0 days 00:01:20.873000,53.0,2.0,,,0 days 00:00:28.239000,0 days 00:00:31.556000,0 days 00:00:21.078000,0 days 01:45:53.137000,0 days 01:46:24.693000,0 days 01:46:45.771000,304.0,286.0,251.0,352.0,False,SUPERSOFT,41.0,True,Red Bull Racing,0 days 01:45:24.884000,,1,2.0,,,False,True
0 days 01:48:06.973000,RIC,3,0 days 00:01:21.216000,54.0,2.0,,,0 days 00:00:28.205000,0 days 00:00:31.809000,0 days 00:00:21.202000,0 days 01:47:13.976000,0 days 01:47:45.785000,0 days 01:48:06.987000,304.0,289.0,252.0,346.0,False,SUPERSOFT,42.0,True,Red Bull Racing,0 days 01:46:45.757000,,1,2.0,,,False,True
0 days 01:49:28.755000,RIC,3,0 days 00:01:21.782000,55.0,2.0,,,0 days 00:00:28.598000,0 days 00:00:32.247000,0 days 00:00:20.937000,0 days 01:48:35.585000,0 days 01:49:07.832000,0 days 01:49:28.769000,295.0,288.0,252.0,329.0,False,SUPERSOFT,43.0,True,Red Bull Racing,0 days 01:48:06.973000,,1,2.0,,,False,True
0 days 01:50:50.200000,RIC,3,0 days 00:01:21.445000,56.0,2.0,,,0 days 00:00:28.769000,0 days 00:00:31.647000,0 days 00:00:21.029000,0 days 01:49:57.538000,0 days 01:50:29.185000,0 days 01:50:50.214000,292.0,287.0,256.0,333.0,False,SUPERSOFT,44.0,True,Red Bull Racing,0 days 01:49:28.755000,,1,2.0,,,False,True
0 days 01:52:09.662000,RIC,3,0 days 00:01:19.462000,57.0,2.0,,,0 days 00:00:27.943000,0 days 00:00:30.919000,0 days 00:00:20.600000,0 days 01:51:18.157000,0 days 01:51:49.076000,0 days 01:52:09.676000,305.0,285.0,254.0,345.0,True,SUPERSOFT,45.0,True,Red Bull Racing,0 days 01:50:50.200000,,1,2.0,,,False,True
0 days 01:53:30.198000,RIC,3,0 days 00:01:20.536000,58.0,2.0,,,0 days 00:00:28.663000,0 days 00:00:31.256000,0 days 00:00:20.617000,0 days 01:52:38.339000,0 days 01:53:09.595000,0 days 01:53:30.212000,297.0,286.0,253.0,330.0,False,SUPERSOFT,46.0,True,Red Bull Racing,0 days 01:52:09.662000,,1,2.0,,,False,True
0 days 01:54:50.978000,RIC,3,0 days 00:01:20.780000,59.0,2.0,,,0 days 00:00:28.699000,0 days 00:00:31.365000,0 days 00:00:20.716000,0 days 01:53:58.911000,0 days 01:54:30.276000,0 days 01:54:50.992000,291.0,285.0,252.0,329.0,False,SUPERSOFT,47.0,True,Red Bull Racing,0 days 01:53:30.198000,,1,2.0,,,False,True
0 days 01:56:11.305000,RIC,3,0 days 00:01:20.327000,60.0,2.0,,,0 days 00:00:28.722000,0 days 00:00:31.010000,0 days 00:00:20.595000,0 days 01:55:19.714000,0 days 01:55:50.724000,0 days 01:56:11.319000,288.0,284.0,252.0,323.0,False,SUPERSOFT,48.0,True,Red Bull Racing,0 days 01:54:50.978000,,1,2.0,,,False,True
0 days 01:57:31.675000,RIC,3,0 days 00:01:20.370000,61.0,2.0,,,0 days 00:00:28.815000,0 days 00:00:30.936000,0 days 00:00:20.619000,0 days 01:56:40.134000,0 days 01:57:11.070000,0 days 01:57:31.689000,290.0,285.0,251.0,323.0,False,SUPERSOFT,49.0,True,Red Bull Racing,0 days 01:56:11.305000,,1,2.0,,,False,True
0 days 02:00:01.675000,RIC,3,,62.0,2.0,,,,,,,,,,,,,,SUPERSOFT,50.0,True,Red Bull Racing,0 days 01:57:31.675000,,126,,,,True,False
0 days 00:34:35.156000,OCO,31,0 days 00:01:36.270000,1.0,1.0,,0 days 00:34:32.721000,,0 days 00:00:36.223000,0 days 00:00:25.791000,,0 days 00:34:09.409000,0 days 00:34:35.235000,262.0,268.0,,294.0,False,SUPERSOFT,1.0,True,Racing Point,0 days 00:32:58.703000,,1,16.0,,,False,False
0 days 00:36:21.995000,OCO,31,0 days 00:01:46.839000,2.0,2.0,0 days 00:35:00.332000,,0 days 00:00:53.324000,0 days 00:00:32.343000,0 days 00:00:21.172000,0 days 00:35:28.500000,0 days 00:36:00.843000,0 days 00:36:22.015000,294.0,280.0,245.0,311.0,False,SUPERSOFT,6.0,False,Racing Point,0 days 00:34:35.156000,,1,20.0,,,False,False
0 days 00:37:44.744000,OCO,31,0 days 00:01:22.749000,3.0,2.0,,,0 days 00:00:28.973000,0 days 00:00:32.364000,0 days 00:00:21.412000,0 days 00:36:50.988000,0 days 00:37:23.352000,0 days 00:37:44.764000,287.0,281.0,245.0,337.0,True,SUPERSOFT,7.0,False,Racing Point,0 days 00:36:21.995000,,1,20.0,,,False,True
0 days 00:39:16.851000,OCO,31,0 days 00:01:32.107000,4.0,2.0,,,0 days 00:00:28.981000,0 days 00:00:33.018000,0 days 00:00:30.108000,0 days 00:38:13.745000,0 days 00:38:46.763000,0 days 00:39:16.871000,295.0,268.0,83.0,339.0,False,SUPERSOFT,8.0,False,Racing Point,0 days 00:37:44.744000,,126,19.0,,,False,False
0 days 00:40:48.948000,OCO,31,0 days 00:01:32.097000,5.0,2.0,,,0 days 00:00:37.370000,0 days 00:00:33.281000,0 days 00:00:21.446000,0 days 00:39:54.241000,0 days 00:40:27.522000,0 days 00:40:48.968000,249.0,279.0,246.0,288.0,False,SUPERSOFT,9.0,False,Racing Point,0 days 00:39:16.851000,,671,19.0,,,False,False
0 days 00:42:11.577000,OCO,31,0 days 00:01:22.629000,6.0,2.0,,,0 days 00:00:28.877000,0 days 00:00:32.468000,0 days 00:00:21.284000,0 days 00:41:17.845000,0 days 00:41:50.313000,0 days 00:42:11.597000,288.0,282.0,245.0,341.0,True,SUPERSOFT,10.0,False,Racing Point,0 days 00:40:48.948000,,1,18.0,,,False,True
0 days 00:43:34.467000,OCO,31,0 days 00:01:22.890000,7.0,2.0,,,0 days 00:00:28.882000,0 days 00:00:32.536000,0 days 00:00:21.472000,0 days 00:42:40.479000,0 days 00:43:13.015000,0 days 00:43:34.487000,285.0,279.0,246.0,342.0,False,SUPERSOFT,11.0,False,Racing Point,0 days 00:42:11.577000,,1,18.0,,,False,True
0 days 00:44:57.609000,OCO,31,0 days 00:01:23.142000,8.0,2.0,,,0 days 00:00:28.877000,0 days 00:00:32.660000,0 days 00:00:21.605000,0 days 00:44:03.364000,0 days 00:44:36.024000,0 days 00:44:57.629000,287.0,279.0,245.0,339.0,False,SUPERSOFT,12.0,False,Racing Point,0 days 00:43:34.467000,,1,18.0,,,False,True
0 days 00:46:20.968000,OCO,31,0 days 00:01:23.359000,9.0,2.0,,,0 days 00:00:29.067000,0 days 00:00:32.787000,0 days 00:00:21.505000,0 days 00:45:26.696000,0 days 00:45:59.483000,0 days 00:46:20.988000,279.0,279.0,246.0,341.0,False,SUPERSOFT,13.0,False,Racing Point,0 days 00:44:57.609000,,1,18.0,,,False,True
0 days 00:47:44.609000,OCO,31,0 days 00:01:23.641000,10.0,2.0,,,0 days 00:00:29.028000,0 days 00:00:32.908000,0 days 00:00:21.705000,0 days 00:46:50.016000,0 days 00:47:22.924000,0 days 00:47:44.629000,285.0,280.0,245.0,343.0,False,SUPERSOFT,14.0,False,Racing Point,0 days 00:46:20.968000,,1,18.0,,,False,True
0 days 00:49:08.739000,OCO,31,0 days 00:01:24.130000,11.0,2.0,,,0 days 00:00:29.156000,0 days 00:00:33.047000,0 days 00:00:21.927000,0 days 00:48:13.785000,0 days 00:48:46.832000,0 days 00:49:08.759000,283.0,280.0,246.0,345.0,False,SUPERSOFT,15.0,False,Racing Point,0 days 00:47:44.609000,,1,17.0,,,False,True
0 days 00:50:33.651000,OCO,31,0 days 00:01:24.912000,12.0,2.0,,,0 days 00:00:29.135000,0 days 00:00:33.814000,0 days 00:00:21.963000,0 days 00:49:37.894000,0 days 00:50:11.708000,0 days 00:50:33.671000,267.0,283.0,246.0,359.0,False,SUPERSOFT,16.0,False,Racing Point,0 days 00:49:08.739000,,1,16.0,,,False,True
0 days 00:51:58.478000,OCO,31,0 days 00:01:24.827000,13.0,2.0,,,0 days 00:00:29.274000,0 days 00:00:33.361000,0 days 00:00:22.192000,0 days 00:51:02.945000,0 days 00:51:36.306000,0 days 00:51:58.498000,285.0,282.0,245.0,341.0,False,SUPERSOFT,17.0,False,Racing Point,0 days 00:50:33.651000,,1,15.0,,,False,True
0 days 00:53:23.327000,OCO,31,0 days 00:01:24.849000,14.0,2.0,,,0 days 00:00:29.366000,0 days 00:00:33.383000,0 days 00:00:22.100000,0 days 00:52:27.864000,0 days 00:53:01.247000,0 days 00:53:23.347000,285.0,281.0,245.0,343.0,False,SUPERSOFT,18.0,False,Racing Point,0 days 00:51:58.478000,,1,14.0,,,False,True
0 days 00:54:48.166000,OCO,31,0 days 00:01:24.839000,15.0,2.0,,,0 days 00:00:29.153000,0 days 00:00:33.536000,0 days 00:00:22.150000,0 days 00:53:52.500000,0 days 00:54:26.036000,0 days 00:54:48.186000,288.0,279.0,245.0,343.0,False,SUPERSOFT,19.0,False,Racing Point,0 days 00:53:23.327000,,1,14.0,,,False,True
0 days 00:56:14.152000,OCO,31,0 days 00:01:25.986000,16.0,2.0,,,0 days 00:00:29.467000,0 days 00:00:34.137000,0 days 00:00:22.382000,0 days 00:55:17.653000,0 days 00:55:51.790000,0 days 00:56:14.172000,257.0,277.0,245.0,348.0,False,SUPERSOFT,20.0,False,Racing Point,0 days 00:54:48.166000,,1,15.0,,,False,True
0 days 00:57:39.399000,OCO,31,0 days 00:01:25.247000,17.0,2.0,,,0 days 00:00:29.207000,0 days 00:00:33.858000,0 days 00:00:22.182000,0 days 00:56:43.379000,0 days 00:57:17.237000,0 days 00:57:39.419000,288.0,279.0,246.0,344.0,False,SUPERSOFT,21.0,False,Racing Point,0 days 00:56:14.152000,,1,14.0,,,False,True
0 days 00:59:04.746000,OCO,31,0 days 00:01:25.347000,18.0,2.0,,,0 days 00:00:29.285000,0 days 00:00:33.925000,0 days 00:00:22.137000,0 days 00:58:08.704000,0 days 00:58:42.629000,0 days 00:59:04.766000,284.0,280.0,247.0,347.0,False,SUPERSOFT,22.0,False,Racing Point,0 days 00:57:39.399000,,1,14.0,,,False,True
0 days 01:00:30.536000,OCO,31,0 days 00:01:25.790000,19.0,2.0,,,0 days 00:00:29.284000,0 days 00:00:34.242000,0 days 00:00:22.264000,0 days 00:59:34.050000,0 days 01:00:08.292000,0 days 01:00:30.556000,275.0,280.0,246.0,361.0,False,SUPERSOFT,23.0,False,Racing Point,0 days 00:59:04.746000,,1,14.0,,,False,True
0 days 01:01:55.885000,OCO,31,0 days 00:01:25.349000,20.0,2.0,,,0 days 00:00:29.147000,0 days 00:00:33.789000,0 days 00:00:22.413000,0 days 01:00:59.703000,0 days 01:01:33.492000,0 days 01:01:55.905000,292.0,280.0,245.0,356.0,False,SUPERSOFT,24.0,False,Racing Point,0 days 01:00:30.536000,,1,14.0,,,False,True
0 days 01:03:21.031000,OCO,31,0 days 00:01:25.146000,21.0,2.0,,,0 days 00:00:29.135000,0 days 00:00:33.966000,0 days 00:00:22.045000,0 days 01:02:25.040000,0 days 01:02:59.006000,0 days 01:03:21.051000,280.0,281.0,247.0,358.0,False,SUPERSOFT,25.0,False,Racing Point,0 days 01:01:55.885000,,1,14.0,,,False,True
0 days 01:04:46.137000,OCO,31,0 days 00:01:25.106000,22.0,2.0,,,0 days 00:00:29.273000,0 days 00:00:33.796000,0 days 00:00:22.037000,0 days 01:03:50.324000,0 days 01:04:24.120000,0 days 01:04:46.157000,290.0,281.0,247.0,359.0,False,SUPERSOFT,26.0,False,Racing Point,0 days 01:03:21.031000,,1,14.0,,,False,True
0 days 01:06:11.212000,OCO,31,0 days 00:01:25.075000,23.0,2.0,,,0 days 00:00:29.457000,0 days 00:00:33.628000,0 days 00:00:21.990000,0 days 01:05:15.614000,0 days 01:05:49.242000,0 days 01:06:11.232000,283.0,282.0,246.0,343.0,False,SUPERSOFT,27.0,False,Racing Point,0 days 01:04:46.137000,,1,14.0,,,False,True
0 days 01:07:36.619000,OCO,31,0 days 00:01:25.407000,24.0,2.0,,,0 days 00:00:29.600000,0 days 00:00:33.498000,0 days 00:00:22.309000,0 days 01:06:40.832000,0 days 01:07:14.330000,0 days 01:07:36.639000,274.0,282.0,245.0,341.0,False,SUPERSOFT,28.0,False,Racing Point,0 days 01:06:11.212000,,1,13.0,,,False,True
0 days 01:09:01.384000,OCO,31,0 days 00:01:24.765000,25.0,2.0,,,0 days 00:00:30.023000,0 days 00:00:32.943000,0 days 00:00:21.799000,0 days 01:08:06.662000,0 days 01:08:39.605000,0 days 01:09:01.404000,278.0,284.0,246.0,329.0,False,SUPERSOFT,29.0,False,Racing Point,0 days 01:07:36.619000,,1,13.0,,,False,True
0 days 01:10:25.605000,OCO,31,0 days 00:01:24.221000,26.0,2.0,,,0 days 00:00:29.405000,0 days 00:00:33.041000,0 days 00:00:21.775000,0 days 01:09:30.809000,0 days 01:10:03.850000,0 days 01:10:25.625000,290.0,282.0,246.0,338.0,False,SUPERSOFT,30.0,False,Racing Point,0 days 01:09:01.384000,,1,13.0,,,False,True
0 days 01:11:49.852000,OCO,31,0 days 00:01:24.247000,27.0,2.0,,,0 days 00:00:29.407000,0 days 00:00:32.855000,0 days 00:00:21.985000,0 days 01:10:55.032000,0 days 01:11:27.887000,0 days 01:11:49.872000,291.0,284.0,248.0,338.0,False,SUPERSOFT,31.0,False,Racing Point,0 days 01:10:25.605000,,1,13.0,,,False,True
0 days 01:13:15.586000,OCO,31,0 days 00:01:25.734000,28.0,2.0,,,0 days 00:00:30.112000,0 days 00:00:33.410000,0 days 00:00:22.212000,0 days 01:12:19.984000,0 days 01:12:53.394000,0 days 01:13:15.606000,248.0,284.0,246.0,339.0,False,SUPERSOFT,32.0,False,Racing Point,0 days 01:11:49.852000,,1,13.0,,,False,True
0 days 01:14:41.989000,OCO,31,0 days 00:01:26.403000,29.0,2.0,,,0 days 00:00:30.250000,0 days 00:00:34.029000,0 days 00:00:22.124000,0 days 01:13:45.856000,0 days 01:14:19.885000,0 days 01:14:42.009000,265.0,283.0,249.0,329.0,False,SUPERSOFT,33.0,False,Racing Point,0 days 01:13:15.586000,,126,12.0,,,False,False
0 days 01:16:36.358000,OCO,31,0 days 00:01:54.369000,30.0,2.0,,0 days 01:16:33.750000,0 days 00:00:44.696000,0 days 00:00:40.302000,0 days 00:00:29.371000,0 days 01:15:26.705000,0 days 01:16:07.007000,0 days 01:16:36.378000,239.0,198.0,,238.0,False,SUPERSOFT,34.0,False,Racing Point,0 days 01:14:41.989000,,6,13.0,,,False,False
0 days 01:18:28.748000,OCO,31,0 days 00:01:52.390000,31.0,3.0,0 days 01:16:56.488000,,0 days 00:00:54.764000,0 days 00:00:36.158000,0 days 00:00:21.468000,0 days 01:17:31.142000,0 days 01:18:07.300000,0 days 01:18:28.768000,220.0,285.0,252.0,184.0,False,ULTRASOFT,4.0,False,Racing Point,0 days 01:16:36.358000,,671,16.0,,,False,False
0 days 01:19:52.533000,OCO,31,0 days 00:01:23.785000,32.0,3.0,,,0 days 00:00:28.844000,0 days 00:00:33.414000,0 days 00:00:21.527000,0 days 01:18:57.612000,0 days 01:19:31.026000,0 days 01:19:52.553000,259.0,282.0,248.0,359.0,False,ULTRASOFT,5.0,False,Racing Point,0 days 01:18:28.748000,,1,15.0,,,False,True
0 days 01:21:16.234000,OCO,31,0 days 00:01:23.701000,33.0,3.0,,,0 days 00:00:28.999000,0 days 00:00:33.153000,0 days 00:00:21.549000,0 days 01:20:21.552000,0 days 01:20:54.705000,0 days 01:21:16.254000,270.0,283.0,248.0,344.0,False,ULTRASOFT,6.0,False,Racing Point,0 days 01:19:52.533000,,1,15.0,,,False,True
0 days 01:22:40.697000,OCO,31,0 days 00:01:24.463000,34.0,3.0,,,0 days 00:00:28.777000,0 days 00:00:33.693000,0 days 00:00:21.993000,0 days 01:21:45.031000,0 days 01:22:18.724000,0 days 01:22:40.717000,273.0,282.0,246.0,356.0,False,ULTRASOFT,7.0,False,Racing Point,0 days 01:21:16.234000,,1,15.0,,,False,True
0 days 01:24:04.345000,OCO,31,0 days 00:01:23.648000,35.0,3.0,,,0 days 00:00:28.857000,0 days 00:00:33.214000,0 days 00:00:21.577000,0 days 01:23:09.574000,0 days 01:23:42.788000,0 days 01:24:04.365000,278.0,283.0,247.0,357.0,False,ULTRASOFT,8.0,False,Racing Point,0 days 01:22:40.697000,,1,15.0,,,False,True
0 days 01:25:28.979000,OCO,31,0 days 00:01:24.634000,36.0,3.0,,,0 days 00:00:29.213000,0 days 00:00:33.444000,0 days 00:00:21.977000,0 days 01:24:33.578000,0 days 01:25:07.022000,0 days 01:25:28.999000,272.0,280.0,246.0,349.0,False,ULTRASOFT,9.0,False,Racing Point,0 days 01:24:04.345000,,1,15.0,,,False,True
0 days 01:26:53.475000,OCO,31,0 days 00:01:24.496000,37.0,3.0,,,0 days 00:00:28.884000,0 days 00:00:33.490000,0 days 00:00:22.122000,0 days 01:25:57.883000,0 days 01:26:31.373000,0 days 01:26:53.495000,283.0,284.0,246.0,354.0,False,ULTRASOFT,10.0,False,Racing Point,0 days 01:25:28.979000,,1,15.0,,,False,True
0 days 01:28:19.466000,OCO,31,0 days 00:01:25.991000,38.0,3.0,,,0 days 00:00:29.119000,0 days 00:00:34.298000,0 days 00:00:22.574000,0 days 01:27:22.614000,0 days 01:27:56.912000,0 days 01:28:19.486000,264.0,289.0,247.0,351.0,False,ULTRASOFT,11.0,False,Racing Point,0 days 01:26:53.475000,,1,14.0,,,False,True
0 days 01:29:44.112000,OCO,31,0 days 00:01:24.646000,39.0,3.0,,,0 days 00:00:29.345000,0 days 00:00:33.600000,0 days 00:00:21.701000,0 days 01:28:48.831000,0 days 01:29:22.431000,0 days 01:29:44.132000,256.0,284.0,248.0,364.0,False,ULTRASOFT,12.0,False,Racing Point,0 days 01:28:19.466000,,1,14.0,,,False,True
0 days 01:31:08.714000,OCO,31,0 days 00:01:24.602000,40.0,3.0,,,0 days 00:00:28.895000,0 days 00:00:33.836000,0 days 00:00:21.871000,0 days 01:30:13.027000,0 days 01:30:46.863000,0 days 01:31:08.734000,273.0,283.0,248.0,354.0,False,ULTRASOFT,13.0,False,Racing Point,0 days 01:29:44.112000,,1,14.0,,,False,True
0 days 01:32:33.264000,OCO,31,0 days 00:01:24.550000,41.0,3.0,,,0 days 00:00:28.972000,0 days 00:00:33.736000,0 days 00:00:21.842000,0 days 01:31:37.706000,0 days 01:32:11.442000,0 days 01:32:33.284000,280.0,279.0,248.0,351.0,False,ULTRASOFT,14.0,False,Racing Point,0 days 01:31:08.714000,,1,14.0,,,False,True
0 days 01:33:58.092000,OCO,31,0 days 00:01:24.828000,42.0,3.0,,,0 days 00:00:29.018000,0 days 00:00:33.822000,0 days 00:00:21.988000,0 days 01:33:02.302000,0 days 01:33:36.124000,0 days 01:33:58.112000,272.0,283.0,246.0,353.0,False,ULTRASOFT,15.0,False,Racing Point,0 days 01:32:33.264000,,1,14.0,,,False,True
0 days 01:35:22.776000,OCO,31,0 days 00:01:24.684000,43.0,3.0,,,0 days 00:00:29.032000,0 days 00:00:33.665000,0 days 00:00:21.987000,0 days 01:34:27.144000,0 days 01:35:00.809000,0 days 01:35:22.796000,278.0,282.0,248.0,349.0,False,ULTRASOFT,16.0,False,Racing Point,0 days 01:33:58.092000,,1,14.0,,,False,True
0 days 01:36:47.758000,OCO,31,0 days 00:01:24.982000,44.0,3.0,,,0 days 00:00:28.796000,0 days 00:00:34.018000,0 days 00:00:22.168000,0 days 01:35:51.592000,0 days 01:36:25.610000,0 days 01:36:47.778000,259.0,284.0,249.0,359.0,False,ULTRASOFT,17.0,False,Racing Point,0 days 01:35:22.776000,,1,12.0,,,False,True
0 days 01:38:11.559000,OCO,31,0 days 00:01:23.801000,45.0,3.0,,,0 days 00:00:28.686000,0 days 00:00:33.443000,0 days 00:00:21.672000,0 days 01:37:16.464000,0 days 01:37:49.907000,0 days 01:38:11.579000,291.0,285.0,246.0,363.0,False,ULTRASOFT,18.0,False,Racing Point,0 days 01:36:47.758000,,1,12.0,,,False,True
0 days 01:39:37.208000,OCO,31,0 days 00:01:25.649000,46.0,3.0,,,0 days 00:00:29.216000,0 days 00:00:33.714000,0 days 00:00:22.719000,0 days 01:38:40.795000,0 days 01:39:14.509000,0 days 01:39:37.228000,268.0,246.0,246.0,352.0,False,ULTRASOFT,19.0,False,Racing Point,0 days 01:38:11.559000,,1,12.0,,,False,True
0 days 01:41:01.259000,OCO,31,0 days 00:01:24.051000,47.0,3.0,,,0 days 00:00:29.302000,0 days 00:00:33.019000,0 days 00:00:21.730000,0 days 01:40:06.530000,0 days 01:40:39.549000,0 days 01:41:01.279000,285.0,284.0,247.0,338.0,False,ULTRASOFT,20.0,False,Racing Point,0 days 01:39:37.208000,,1,12.0,,,False,True
0 days 01:42:25.101000,OCO,31,0 days 00:01:23.842000,48.0,3.0,,,0 days 00:00:29.142000,0 days 00:00:33.005000,0 days 00:00:21.695000,0 days 01:41:30.421000,0 days 01:42:03.426000,0 days 01:42:25.121000,277.0,280.0,248.0,340.0,False,ULTRASOFT,21.0,False,Racing Point,0 days 01:41:01.259000,,1,12.0,,,False,True
0 days 01:43:49.601000,OCO,31,0 days 00:01:24.500000,49.0,3.0,,,0 days 00:00:29.183000,0 days 00:00:33.459000,0 days 00:00:21.858000,0 days 01:42:54.304000,0 days 01:43:27.763000,0 days 01:43:49.621000,276.0,281.0,246.0,338.0,False,ULTRASOFT,22.0,False,Racing Point,0 days 01:42:25.101000,,1,12.0,,,False,True
0 days 01:45:14.052000,OCO,31,0 days 00:01:24.451000,50.0,3.0,,,0 days 00:00:29.137000,0 days 00:00:33.452000,0 days 00:00:21.862000,0 days 01:44:18.758000,0 days 01:44:52.210000,0 days 01:45:14.072000,278.0,282.0,249.0,337.0,False,ULTRASOFT,23.0,False,Racing Point,0 days 01:43:49.601000,,1,12.0,,,False,True
0 days 01:46:38.936000,OCO,31,0 days 00:01:24.884000,51.0,3.0,,,0 days 00:00:29.035000,0 days 00:00:33.659000,0 days 00:00:22.190000,0 days 01:45:43.107000,0 days 01:46:16.766000,0 days 01:46:38.956000,299.0,283.0,237.0,341.0,False,ULTRASOFT,24.0,False,Racing Point,0 days 01:45:14.052000,,1,12.0,,,False,True
0 days 01:48:04.097000,OCO,31,0 days 00:01:25.161000,52.0,3.0,,,0 days 00:00:29.720000,0 days 00:00:33.406000,0 days 00:00:22.035000,0 days 01:47:08.676000,0 days 01:47:42.082000,0 days 01:48:04.117000,292.0,282.0,245.0,340.0,False,ULTRASOFT,25.0,False,Racing Point,0 days 01:46:38.936000,,1,12.0,,,False,True
0 days 01:49:31.126000,OCO,31,0 days 00:01:27.029000,53.0,3.0,,,0 days 00:00:29.656000,0 days 00:00:33.907000,0 days 00:00:23.466000,0 days 01:48:33.773000,0 days 01:49:07.680000,0 days 01:49:31.146000,277.0,234.0,245.0,340.0,False,ULTRASOFT,26.0,False,Racing Point,0 days 01:48:04.097000,,1,13.0,,,False,True
0 days 01:50:55.829000,OCO,31,0 days 00:01:24.703000,54.0,3.0,,,0 days 00:00:28.886000,0 days 00:00:33.706000,0 days 00:00:22.111000,0 days 01:50:00.032000,0 days 01:50:33.738000,0 days 01:50:55.849000,288.0,282.0,246.0,351.0,False,ULTRASOFT,27.0,False,Racing Point,0 days 01:49:31.126000,,1,13.0,,,False,True
0 days 01:52:20.463000,OCO,31,0 days 00:01:24.634000,55.0,3.0,,,0 days 00:00:29.086000,0 days 00:00:33.529000,0 days 00:00:22.019000,0 days 01:51:24.935000,0 days 01:51:58.464000,0 days 01:52:20.483000,293.0,281.0,246.0,341.0,False,ULTRASOFT,28.0,False,Racing Point,0 days 01:50:55.829000,,1,13.0,,,False,True
0 days 01:53:46.635000,OCO,31,0 days 00:01:26.172000,56.0,3.0,,,0 days 00:00:29.359000,0 days 00:00:33.630000,0 days 00:00:23.183000,0 days 01:52:49.842000,0 days 01:53:23.472000,0 days 01:53:46.655000,281.0,273.0,246.0,338.0,False,ULTRASOFT,29.0,False,Racing Point,0 days 01:52:20.463000,,1,13.0,,,False,True
0 days 01:55:10.967000,OCO,31,0 days 00:01:24.332000,57.0,3.0,,,0 days 00:00:28.872000,0 days 00:00:33.452000,0 days 00:00:22.008000,0 days 01:54:15.527000,0 days 01:54:48.979000,0 days 01:55:10.987000,294.0,284.0,245.0,352.0,False,ULTRASOFT,30.0,False,Racing Point,0 days 01:53:46.635000,,1,13.0,,,False,True
0 days 01:56:35.672000,OCO,31,0 days 00:01:24.705000,58.0,3.0,,,0 days 00:00:29.291000,0 days 00:00:33.391000,0 days 00:00:22.023000,0 days 01:55:40.278000,0 days 01:56:13.669000,0 days 01:56:35.692000,289.0,284.0,246.0,339.0,False,ULTRASOFT,31.0,False,Racing Point,0 days 01:55:10.967000,,1,13.0,,,False,True
0 days 01:58:00.602000,OCO,31,0 days 00:01:24.930000,59.0,3.0,,,0 days 00:00:29.461000,0 days 00:00:33.330000,0 days 00:00:22.139000,0 days 01:57:05.153000,0 days 01:57:38.483000,0 days 01:58:00.622000,278.0,285.0,246.0,339.0,False,ULTRASOFT,32.0,False,Racing Point,0 days 01:56:35.672000,,12,13.0,,,False,True
0 days 01:59:47.633000,OCO,31,0 days 00:01:47.031000,60.0,3.0,,,0 days 00:00:39.281000,0 days 00:00:41.789000,0 days 00:00:25.961000,0 days 01:58:39.903000,0 days 01:59:21.692000,0 days 01:59:47.653000,150.0,194.0,127.0,330.0,False,ULTRASOFT,33.0,False,Racing Point,0 days 01:58:00.602000,,26,13.0,,,False,False
0 days 02:01:28.338000,OCO,31,0 days 00:01:40.705000,61.0,3.0,,,0 days 00:00:40.031000,0 days 00:00:38.725000,0 days 00:00:21.949000,0 days 02:00:27.684000,0 days 02:01:06.409000,0 days 02:01:28.358000,174.0,285.0,252.0,278.0,False,ULTRASOFT,34.0,False,Racing Point,0 days 01:59:47.633000,,671,13.0,,,False,False
0 days 02:02:52.378000,OCO,31,0 days 00:01:24.040000,62.0,3.0,,,0 days 00:00:28.799000,0 days 00:00:33.276000,0 days 00:00:21.965000,0 days 02:01:57.157000,0 days 02:02:30.433000,0 days 02:02:52.398000,286.0,284.0,249.0,353.0,False,ULTRASOFT,35.0,False,Racing Point,0 days 02:01:28.338000,,1,11.0,,,False,True
0 days 02:04:15.901000,OCO,31,0 days 00:01:23.523000,63.0,3.0,,,0 days 00:00:29.197000,0 days 00:00:32.831000,0 days 00:00:21.495000,0 days 02:03:21.595000,0 days 02:03:54.426000,0 days 02:04:15.921000,299.0,286.0,248.0,338.0,False,ULTRASOFT,36.0,False,Racing Point,0 days 02:02:52.378000,,1,11.0,,,False,True
0 days 02:05:39.259000,OCO,31,0 days 00:01:23.358000,64.0,3.0,,,0 days 00:00:29.095000,0 days 00:00:32.660000,0 days 00:00:21.603000,0 days 02:04:45.016000,0 days 02:05:17.676000,0 days 02:05:39.279000,285.0,283.0,247.0,338.0,False,ULTRASOFT,37.0,False,Racing Point,0 days 02:04:15.901000,,1,11.0,,,False,True
0 days 02:07:02.803000,OCO,31,0 days 00:01:23.544000,65.0,3.0,,,0 days 00:00:29.176000,0 days 00:00:32.782000,0 days 00:00:21.586000,0 days 02:06:08.455000,0 days 02:06:41.237000,0 days 02:07:02.823000,291.0,286.0,248.0,336.0,False,ULTRASOFT,38.0,False,Racing Point,0 days 02:05:39.259000,,1,11.0,,,False,True
0 days 02:08:26.303000,OCO,31,0 days 00:01:23.500000,66.0,3.0,,,0 days 00:00:29.158000,0 days 00:00:32.636000,0 days 00:00:21.706000,0 days 02:07:31.981000,0 days 02:08:04.617000,0 days 02:08:26.323000,293.0,284.0,248.0,335.0,False,ULTRASOFT,39.0,False,Racing Point,0 days 02:07:02.803000,,1,11.0,,,False,True
0 days 02:09:49.736000,OCO,31,0 days 00:01:23.433000,67.0,3.0,,,0 days 00:00:29.246000,0 days 00:00:32.638000,0 days 00:00:21.549000,0 days 02:08:55.569000,0 days 02:09:28.207000,0 days 02:09:49.756000,294.0,286.0,248.0,335.0,False,ULTRASOFT,40.0,False,Racing Point,0 days 02:08:26.303000,,1,11.0,,,False,True
0 days 02:11:13.118000,OCO,31,0 days 00:01:23.382000,68.0,3.0,,,0 days 00:00:29.128000,0 days 00:00:32.598000,0 days 00:00:21.656000,0 days 02:10:18.884000,0 days 02:10:51.482000,0 days 02:11:13.138000,297.0,285.0,249.0,335.0,False,ULTRASOFT,41.0,False,Racing Point,0 days 02:09:49.736000,,1,11.0,,,False,True
0 days 02:12:36.508000,OCO,31,0 days 00:01:23.390000,69.0,3.0,,,0 days 00:00:29.315000,0 days 00:00:32.358000,0 days 00:00:21.717000,0 days 02:11:42.453000,0 days 02:12:14.811000,0 days 02:12:36.528000,299.0,285.0,249.0,334.0,False,ULTRASOFT,42.0,False,Racing Point,0 days 02:11:13.118000,,1,11.0,,,False,True
0 days 00:34:21.930000,VER,33,0 days 00:01:23.044000,1.0,1.0,,,,0 days 00:00:31.201000,0 days 00:00:20.741000,,0 days 00:34:01.236000,0 days 00:34:22.046000,292.0,278.0,248.0,310.0,False,ULTRASOFT,4.0,False,Red Bull Racing,0 days 00:32:58.703000,,1,1.0,,,False,False
0 days 00:35:42.889000,VER,33,0 days 00:01:20.959000,2.0,1.0,,,0 days 00:00:29.192000,0 days 00:00:31.076000,0 days 00:00:20.691000,0 days 00:34:51.138000,0 days 00:35:22.214000,0 days 00:35:42.905000,291.0,278.0,247.0,320.0,True,ULTRASOFT,5.0,False,Red Bull Racing,0 days 00:34:21.930000,,1,1.0,,,False,True
0 days 00:37:03.980000,VER,33,0 days 00:01:21.091000,3.0,1.0,,,0 days 00:00:28.851000,0 days 00:00:31.336000,0 days 00:00:20.904000,0 days 00:36:11.756000,0 days 00:36:43.092000,0 days 00:37:03.996000,282.0,277.0,246.0,318.0,False,ULTRASOFT,6.0,False,Red Bull Racing,0 days 00:35:42.889000,,1,1.0,,,False,True
0 days 00:38:25.142000,VER,33,0 days 00:01:21.162000,4.0,1.0,,,0 days 00:00:28.895000,0 days 00:00:31.335000,0 days 00:00:20.932000,0 days 00:37:32.891000,0 days 00:38:04.226000,0 days 00:38:25.158000,280.0,279.0,246.0,317.0,False,ULTRASOFT,7.0,False,Red Bull Racing,0 days 00:37:03.980000,,1,1.0,,,False,True
0 days 00:40:03.843000,VER,33,0 days 00:01:38.701000,5.0,1.0,,,0 days 00:00:28.924000,0 days 00:00:43.290000,0 days 00:00:26.487000,0 days 00:38:54.082000,0 days 00:39:37.372000,0 days 00:40:03.859000,277.0,195.0,182.0,318.0,False,ULTRASOFT,8.0,False,Red Bull Racing,0 days 00:38:25.142000,,1267,1.0,,,False,False
0 days 00:41:27.308000,VER,33,0 days 00:01:23.465000,6.0,1.0,,,0 days 00:00:31.327000,0 days 00:00:31.302000,0 days 00:00:20.836000,0 days 00:40:35.186000,0 days 00:41:06.488000,0 days 00:41:27.324000,279.0,278.0,247.0,310.0,False,ULTRASOFT,9.0,False,Red Bull Racing,0 days 00:40:03.843000,,71,1.0,,,False,False
0 days 00:42:48.485000,VER,33,0 days 00:01:21.177000,7.0,1.0,,,0 days 00:00:28.855000,0 days 00:00:31.303000,0 days 00:00:21.019000,0 days 00:41:56.179000,0 days 00:42:27.482000,0 days 00:42:48.501000,281.0,277.0,246.0,321.0,False,ULTRASOFT,10.0,False,Red Bull Racing,0 days 00:41:27.308000,,1,1.0,,,False,True
0 days 00:44:09.408000,VER,33,0 days 00:01:20.923000,8.0,1.0,,,0 days 00:00:28.820000,0 days 00:00:31.287000,0 days 00:00:20.816000,0 days 00:43:17.321000,0 days 00:43:48.608000,0 days 00:44:09.424000,282.0,277.0,246.0,321.0,True,ULTRASOFT,11.0,False,Red Bull Racing,0 days 00:42:48.485000,,1,1.0,,,False,True
0 days 00:45:30.657000,VER,33,0 days 00:01:21.249000,9.0,1.0,,,0 days 00:00:28.901000,0 days 00:00:31.276000,0 days 00:00:21.072000,0 days 00:44:38.325000,0 days 00:45:09.601000,0 days 00:45:30.673000,282.0,278.0,246.0,321.0,False,ULTRASOFT,12.0,False,Red Bull Racing,0 days 00:44:09.408000,,1,1.0,,,False,True
0 days 00:46:52.291000,VER,33,0 days 00:01:21.634000,10.0,1.0,,,0 days 00:00:29.008000,0 days 00:00:31.551000,0 days 00:00:21.075000,0 days 00:45:59.681000,0 days 00:46:31.232000,0 days 00:46:52.307000,281.0,277.0,246.0,322.0,False,ULTRASOFT,13.0,False,Red Bull Racing,0 days 00:45:30.657000,,1,1.0,,,False,True
0 days 00:48:14.582000,VER,33,0 days 00:01:22.291000,11.0,1.0,,,0 days 00:00:29.056000,0 days 00:00:31.854000,0 days 00:00:21.381000,0 days 00:47:21.363000,0 days 00:47:53.217000,0 days 00:48:14.598000,282.0,275.0,244.0,324.0,False,ULTRASOFT,14.0,False,Red Bull Racing,0 days 00:46:52.291000,,1,1.0,,,False,True
0 days 00:49:37.274000,VER,33,0 days 00:01:22.692000,12.0,1.0,,,0 days 00:00:29.143000,0 days 00:00:32.113000,0 days 00:00:21.436000,0 days 00:48:43.741000,0 days 00:49:15.854000,0 days 00:49:37.290000,287.0,278.0,244.0,323.0,False,ULTRASOFT,15.0,False,Red Bull Racing,0 days 00:48:14.582000,,1,1.0,,,False,True
0 days 00:51:02.978000,VER,33,0 days 00:01:25.704000,13.0,1.0,,0 days 00:51:00.378000,0 days 00:00:29.044000,0 days 00:00:32.220000,0 days 00:00:24.440000,0 days 00:50:06.334000,0 days 00:50:38.554000,0 days 00:51:02.994000,293.0,280.0,,323.0,False,ULTRASOFT,16.0,False,Red Bull Racing,0 days 00:49:37.274000,,1,1.0,,,False,False
0 days 00:52:43.926000,VER,33,0 days 00:01:40.948000,14.0,2.0,0 days 00:51:22.543000,,0 days 00:00:46.775000,0 days 00:00:32.121000,0 days 00:00:22.052000,0 days 00:51:49.769000,0 days 00:52:21.890000,0 days 00:52:43.942000,288.0,285.0,252.0,310.0,False,SUPERSOFT,1.0,True,Red Bull Racing,0 days 00:51:02.978000,,1,3.0,,,False,False
0 days 00:54:04.225000,VER,33,0 days 00:01:20.299000,15.0,2.0,,,0 days 00:00:28.094000,0 days 00:00:31.544000,0 days 00:00:20.661000,0 days 00:53:12.036000,0 days 00:53:43.580000,0 days 00:54:04.241000,286.0,282.0,250.0,340.0,True,SUPERSOFT,2.0,True,Red Bull Racing,0 days 00:52:43.926000,,1,2.0,,,False,True
0 days 00:55:25.144000,VER,33,0 days 00:01:20.919000,16.0,2.0,,,0 days 00:00:28.741000,0 days 00:00:31.364000,0 days 00:00:20.814000,0 days 00:54:32.982000,0 days 00:55:04.346000,0 days 00:55:25.160000,282.0,281.0,249.0,322.0,False,SUPERSOFT,3.0,True,Red Bull Racing,0 days 00:54:04.225000,,1,2.0,,,False,True
0 days 00:56:45.804000,VER,33,0 days 00:01:20.660000,17.0,2.0,,,0 days 00:00:28.782000,0 days 00:00:31.099000,0 days 00:00:20.779000,0 days 00:55:53.942000,0 days 00:56:25.041000,0 days 00:56:45.820000,277.0,281.0,250.0,324.0,False,SUPERSOFT,4.0,True,Red Bull Racing,0 days 00:55:25.144000,,1,2.0,,,False,True
0 days 00:58:06.235000,VER,33,0 days 00:01:20.431000,18.0,2.0,,,0 days 00:00:28.696000,0 days 00:00:31.015000,0 days 00:00:20.720000,0 days 00:57:14.516000,0 days 00:57:45.531000,0 days 00:58:06.251000,281.0,282.0,249.0,323.0,False,SUPERSOFT,5.0,True,Red Bull Racing,0 days 00:56:45.804000,,1,1.0,,,False,True
0 days 00:59:27.608000,VER,33,0 days 00:01:21.373000,19.0,2.0,,,0 days 00:00:28.824000,0 days 00:00:31.604000,0 days 00:00:20.945000,0 days 00:58:35.075000,0 days 00:59:06.679000,0 days 00:59:27.624000,278.0,282.0,250.0,325.0,False,SUPERSOFT,6.0,True,Red Bull Racing,0 days 00:58:06.235000,,1,1.0,,,False,True
0 days 01:00:49.215000,VER,33,0 days 00:01:21.607000,20.0,2.0,,,0 days 00:00:28.793000,0 days 00:00:31.694000,0 days 00:00:21.120000,0 days 00:59:56.417000,0 days 01:00:28.111000,0 days 01:00:49.231000,280.0,281.0,250.0,329.0,False,SUPERSOFT,7.0,True,Red Bull Racing,0 days 00:59:27.608000,,1,1.0,,,False,True
0 days 01:02:10.618000,VER,33,0 days 00:01:21.403000,21.0,2.0,,,0 days 00:00:28.921000,0 days 00:00:31.475000,0 days 00:00:21.007000,0 days 01:01:18.152000,0 days 01:01:49.627000,0 days 01:02:10.634000,272.0,280.0,249.0,324.0,False,SUPERSOFT,8.0,True,Red Bull Racing,0 days 01:00:49.215000,,1,1.0,,,False,True
0 days 01:03:31.883000,VER,33,0 days 00:01:21.265000,22.0,2.0,,,0 days 00:00:28.752000,0 days 00:00:31.485000,0 days 00:00:21.028000,0 days 01:02:39.386000,0 days 01:03:10.871000,0 days 01:03:31.899000,278.0,281.0,249.0,326.0,False,SUPERSOFT,9.0,True,Red Bull Racing,0 days 01:02:10.618000,,1,1.0,,,False,True
0 days 01:04:53.053000,VER,33,0 days 00:01:21.170000,23.0,2.0,,,0 days 00:00:28.732000,0 days 00:00:31.389000,0 days 00:00:21.049000,0 days 01:04:00.631000,0 days 01:04:32.020000,0 days 01:04:53.069000,280.0,285.0,250.0,328.0,False,SUPERSOFT,10.0,True,Red Bull Racing,0 days 01:03:31.883000,,1,1.0,,,False,True
0 days 01:06:14.665000,VER,33,0 days 00:01:21.612000,24.0,2.0,,,0 days 00:00:28.677000,0 days 00:00:31.793000,0 days 00:00:21.142000,0 days 01:05:21.746000,0 days 01:05:53.539000,0 days 01:06:14.681000,278.0,284.0,247.0,334.0,False,SUPERSOFT,11.0,True,Red Bull Racing,0 days 01:04:53.053000,,1,1.0,,,False,True
0 days 01:07:37.011000,VER,33,0 days 00:01:22.346000,25.0,2.0,,,0 days 00:00:28.458000,0 days 00:00:32.539000,0 days 00:00:21.349000,0 days 01:06:43.139000,0 days 01:07:15.678000,0 days 01:07:37.027000,279.0,284.0,248.0,348.0,False,SUPERSOFT,12.0,True,Red Bull Racing,0 days 01:06:14.665000,,1,1.0,,,False,True
0 days 01:08:58.076000,VER,33,0 days 00:01:21.065000,26.0,2.0,,,0 days 00:00:28.303000,0 days 00:00:31.674000,0 days 00:00:21.088000,0 days 01:08:05.330000,0 days 01:08:37.004000,0 days 01:08:58.092000,287.0,285.0,250.0,344.0,False,SUPERSOFT,13.0,True,Red Bull Racing,0 days 01:07:37.011000,,1,1.0,,,False,True
0 days 01:10:18.946000,VER,33,0 days 00:01:20.870000,27.0,2.0,,,0 days 00:00:28.391000,0 days 00:00:31.630000,0 days 00:00:20.849000,0 days 01:09:26.483000,0 days 01:09:58.113000,0 days 01:10:18.962000,289.0,286.0,250.0,342.0,False,SUPERSOFT,14.0,True,Red Bull Racing,0 days 01:08:58.076000,,1,1.0,,,False,True
0 days 01:11:39.844000,VER,33,0 days 00:01:20.898000,28.0,2.0,,,0 days 00:00:28.479000,0 days 00:00:31.485000,0 days 00:00:20.934000,0 days 01:10:47.441000,0 days 01:11:18.926000,0 days 01:11:39.860000,282.0,284.0,249.0,339.0,False,SUPERSOFT,15.0,True,Red Bull Racing,0 days 01:10:18.946000,,1,1.0,,,False,True
0 days 01:13:01.524000,VER,33,0 days 00:01:21.680000,29.0,2.0,,,0 days 00:00:28.833000,0 days 00:00:31.691000,0 days 00:00:21.156000,0 days 01:12:08.693000,0 days 01:12:40.384000,0 days 01:13:01.540000,282.0,286.0,250.0,325.0,False,SUPERSOFT,16.0,True,Red Bull Racing,0 days 01:11:39.844000,,1,1.0,,,False,True
0 days 01:14:23.607000,VER,33,0 days 00:01:22.083000,30.0,2.0,,,0 days 00:00:28.852000,0 days 00:00:31.932000,0 days 00:00:21.299000,0 days 01:13:30.392000,0 days 01:14:02.324000,0 days 01:14:23.623000,277.0,284.0,250.0,324.0,False,SUPERSOFT,17.0,True,Red Bull Racing,0 days 01:13:01.524000,,12,1.0,,,False,True
0 days 01:16:08.346000,VER,33,0 days 00:01:44.739000,31.0,2.0,,,0 days 00:00:37.313000,0 days 00:00:38.786000,0 days 00:00:28.640000,0 days 01:15:00.936000,0 days 01:15:39.722000,0 days 01:16:08.362000,141.0,153.0,207.0,323.0,False,SUPERSOFT,18.0,True,Red Bull Racing,0 days 01:14:23.607000,,26,1.0,,,False,False
0 days 01:17:56.561000,VER,33,0 days 00:01:48.215000,32.0,2.0,,,0 days 00:00:38.544000,0 days 00:00:44.617000,0 days 00:00:25.054000,0 days 01:16:46.906000,0 days 01:17:31.523000,0 days 01:17:56.577000,201.0,204.0,249.0,279.0,False,SUPERSOFT,19.0,True,Red Bull Racing,0 days 01:16:08.346000,,671,1.0,,,False,False
0 days 01:19:19.507000,VER,33,0 days 00:01:22.946000,33.0,2.0,,,0 days 00:00:29.385000,0 days 00:00:32.407000,0 days 00:00:21.154000,0 days 01:18:25.962000,0 days 01:18:58.369000,0 days 01:19:19.523000,271.0,279.0,249.0,318.0,False,SUPERSOFT,20.0,True,Red Bull Racing,0 days 01:17:56.561000,,1,1.0,,,False,True
0 days 01:20:40.966000,VER,33,0 days 00:01:21.459000,34.0,2.0,,,0 days 00:00:28.889000,0 days 00:00:31.567000,0 days 00:00:21.003000,0 days 01:19:48.412000,0 days 01:20:19.979000,0 days 01:20:40.982000,275.0,282.0,249.0,320.0,False,SUPERSOFT,21.0,True,Red Bull Racing,0 days 01:19:19.507000,,1,1.0,,,False,True
0 days 01:22:02.461000,VER,33,0 days 00:01:21.495000,35.0,2.0,,,0 days 00:00:29.037000,0 days 00:00:31.683000,0 days 00:00:20.775000,0 days 01:21:10.019000,0 days 01:21:41.702000,0 days 01:22:02.477000,284.0,283.0,250.0,320.0,False,SUPERSOFT,22.0,True,Red Bull Racing,0 days 01:20:40.966000,,1,1.0,,,False,True
0 days 01:23:23.598000,VER,33,0 days 00:01:21.137000,36.0,2.0,,,0 days 00:00:28.926000,0 days 00:00:31.395000,0 days 00:00:20.816000,0 days 01:22:31.403000,0 days 01:23:02.798000,0 days 01:23:23.614000,272.0,283.0,250.0,320.0,False,SUPERSOFT,23.0,True,Red Bull Racing,0 days 01:22:02.461000,,1,1.0,,,False,True
0 days 01:24:45.253000,VER,33,0 days 00:01:21.655000,37.0,2.0,,,0 days 00:00:29.023000,0 days 00:00:31.643000,0 days 00:00:20.989000,0 days 01:23:52.637000,0 days 01:24:24.280000,0 days 01:24:45.269000,279.0,283.0,250.0,321.0,False,SUPERSOFT,24.0,True,Red Bull Racing,0 days 01:23:23.598000,,1,1.0,,,False,True
0 days 01:26:06.569000,VER,33,0 days 00:01:21.316000,38.0,2.0,,,0 days 00:00:28.847000,0 days 00:00:31.634000,0 days 00:00:20.835000,0 days 01:25:14.116000,0 days 01:25:45.750000,0 days 01:26:06.585000,281.0,283.0,250.0,320.0,False,SUPERSOFT,25.0,True,Red Bull Racing,0 days 01:24:45.253000,,1,1.0,,,False,True
0 days 01:27:27.210000,VER,33,0 days 00:01:20.641000,39.0,2.0,,,0 days 00:00:28.728000,0 days 00:00:31.164000,0 days 00:00:20.749000,0 days 01:26:35.313000,0 days 01:27:06.477000,0 days 01:27:27.226000,279.0,285.0,251.0,321.0,False,SUPERSOFT,26.0,True,Red Bull Racing,0 days 01:26:06.569000,,1,1.0,,,False,True
0 days 01:28:48.235000,VER,33,0 days 00:01:21.025000,40.0,2.0,,,0 days 00:00:28.806000,0 days 00:00:31.340000,0 days 00:00:20.879000,0 days 01:27:56.032000,0 days 01:28:27.372000,0 days 01:28:48.251000,283.0,284.0,251.0,321.0,False,SUPERSOFT,27.0,True,Red Bull Racing,0 days 01:27:27.210000,,1,1.0,,,False,True
0 days 01:30:09.086000,VER,33,0 days 00:01:20.851000,41.0,2.0,,,0 days 00:00:28.681000,0 days 00:00:31.376000,0 days 00:00:20.794000,0 days 01:29:16.932000,0 days 01:29:48.308000,0 days 01:30:09.102000,286.0,284.0,250.0,323.0,False,SUPERSOFT,28.0,True,Red Bull Racing,0 days 01:28:48.235000,,1,1.0,,,False,True
0 days 01:31:29.854000,VER,33,0 days 00:01:20.768000,42.0,2.0,,,0 days 00:00:28.774000,0 days 00:00:31.219000,0 days 00:00:20.775000,0 days 01:30:37.876000,0 days 01:31:09.095000,0 days 01:31:29.870000,286.0,284.0,250.0,323.0,False,SUPERSOFT,29.0,True,Red Bull Racing,0 days 01:30:09.086000,,1,1.0,,,False,True
0 days 01:32:50.717000,VER,33,0 days 00:01:20.863000,43.0,2.0,,,0 days 00:00:28.652000,0 days 00:00:31.336000,0 days 00:00:20.875000,0 days 01:31:58.522000,0 days 01:32:29.858000,0 days 01:32:50.733000,281.0,284.0,251.0,324.0,False,SUPERSOFT,30.0,True,Red Bull Racing,0 days 01:31:29.854000,,1,1.0,,,False,True
0 days 01:34:11.103000,VER,33,0 days 00:01:20.386000,44.0,2.0,,,0 days 00:00:28.486000,0 days 00:00:31.274000,0 days 00:00:20.626000,0 days 01:33:19.219000,0 days 01:33:50.493000,0 days 01:34:11.119000,284.0,285.0,251.0,326.0,False,SUPERSOFT,31.0,True,Red Bull Racing,0 days 01:32:50.717000,,1,1.0,,,False,True
0 days 01:35:31.675000,VER,33,0 days 00:01:20.572000,45.0,2.0,,,0 days 00:00:28.498000,0 days 00:00:31.335000,0 days 00:00:20.739000,0 days 01:34:39.617000,0 days 01:35:10.952000,0 days 01:35:31.691000,287.0,286.0,252.0,327.0,False,SUPERSOFT,32.0,True,Red Bull Racing,0 days 01:34:11.103000,,1,1.0,,,False,True
0 days 01:36:52.698000,VER,33,0 days 00:01:21.023000,46.0,2.0,,,0 days 00:00:28.427000,0 days 00:00:31.565000,0 days 00:00:21.031000,0 days 01:36:00.118000,0 days 01:36:31.683000,0 days 01:36:52.714000,288.0,289.0,251.0,329.0,False,SUPERSOFT,33.0,True,Red Bull Racing,0 days 01:35:31.675000,,1,1.0,,,False,True
0 days 01:38:14.089000,VER,33,0 days 00:01:21.391000,47.0,2.0,,,0 days 00:00:28.640000,0 days 00:00:31.960000,0 days 00:00:20.791000,0 days 01:37:21.354000,0 days 01:37:53.314000,0 days 01:38:14.105000,292.0,287.0,251.0,350.0,False,SUPERSOFT,34.0,True,Red Bull Racing,0 days 01:36:52.698000,,1,1.0,,,False,True
0 days 01:39:38.390000,VER,33,0 days 00:01:24.301000,48.0,2.0,,0 days 01:39:35.795000,0 days 00:00:28.523000,0 days 00:00:31.993000,0 days 00:00:23.785000,0 days 01:38:42.628000,0 days 01:39:14.621000,0 days 01:39:38.406000,288.0,283.0,,340.0,False,SUPERSOFT,35.0,True,Red Bull Racing,0 days 01:38:14.089000,,1,1.0,,,False,False
0 days 01:41:16.448000,VER,33,0 days 00:01:38.058000,49.0,3.0,0 days 01:39:57.844000,,0 days 00:00:46.617000,0 days 00:00:30.940000,0 days 00:00:20.501000,0 days 01:40:25.023000,0 days 01:40:55.963000,0 days 01:41:16.464000,296.0,287.0,254.0,310.0,False,SUPERSOFT,1.0,True,Red Bull Racing,0 days 01:39:38.390000,,1,1.0,,,False,False
0 days 01:42:36.621000,VER,33,0 days 00:01:20.173000,50.0,3.0,,,0 days 00:00:28.194000,0 days 00:00:31.156000,0 days 00:00:20.823000,0 days 01:41:44.658000,0 days 01:42:15.814000,0 days 01:42:36.637000,288.0,288.0,252.0,329.0,True,SUPERSOFT,2.0,True,Red Bull Racing,0 days 01:41:16.448000,,1,1.0,,,False,True
0 days 01:43:57.311000,VER,33,0 days 00:01:20.690000,51.0,3.0,,,0 days 00:00:28.270000,0 days 00:00:31.552000,0 days 00:00:20.868000,0 days 01:43:04.907000,0 days 01:43:36.459000,0 days 01:43:57.327000,292.0,284.0,252.0,334.0,False,SUPERSOFT,3.0,True,Red Bull Racing,0 days 01:42:36.621000,,1,1.0,,,False,True
0 days 01:45:17.745000,VER,33,0 days 00:01:20.434000,52.0,3.0,,,0 days 00:00:28.463000,0 days 00:00:31.356000,0 days 00:00:20.615000,0 days 01:44:25.790000,0 days 01:44:57.146000,0 days 01:45:17.761000,297.0,288.0,252.0,330.0,False,SUPERSOFT,4.0,True,Red Bull Racing,0 days 01:43:57.311000,,1,1.0,,,False,True
0 days 01:46:39.001000,VER,33,0 days 00:01:21.256000,53.0,3.0,,,0 days 00:00:28.496000,0 days 00:00:31.700000,0 days 00:00:21.060000,0 days 01:45:46.257000,0 days 01:46:17.957000,0 days 01:46:39.017000,291.0,286.0,250.0,334.0,False,SUPERSOFT,5.0,True,Red Bull Racing,0 days 01:45:17.745000,,1,1.0,,,False,True
0 days 01:48:00.658000,VER,33,0 days 00:01:21.657000,54.0,3.0,,,0 days 00:00:28.332000,0 days 00:00:32.263000,0 days 00:00:21.062000,0 days 01:47:07.349000,0 days 01:47:39.612000,0 days 01:48:00.674000,279.0,284.0,251.0,345.0,False,SUPERSOFT,6.0,True,Red Bull Racing,0 days 01:46:39.001000,,1,1.0,,,False,True
0 days 01:49:20.396000,VER,33,0 days 00:01:19.738000,55.0,3.0,,,0 days 00:00:28.010000,0 days 00:00:30.986000,0 days 00:00:20.742000,0 days 01:48:28.684000,0 days 01:48:59.670000,0 days 01:49:20.412000,295.0,288.0,254.0,342.0,True,SUPERSOFT,7.0,True,Red Bull Racing,0 days 01:48:00.658000,,1,1.0,,,False,True
0 days 01:50:41.182000,VER,33,0 days 00:01:20.786000,56.0,3.0,,,0 days 00:00:28.630000,0 days 00:00:31.455000,0 days 00:00:20.701000,0 days 01:49:49.042000,0 days 01:50:20.497000,0 days 01:50:41.198000,279.0,288.0,252.0,330.0,False,SUPERSOFT,8.0,True,Red Bull Racing,0 days 01:49:20.396000,,1,1.0,,,False,True
0 days 01:52:00.746000,VER,33,0 days 00:01:19.564000,57.0,3.0,,,0 days 00:00:28.395000,0 days 00:00:30.634000,0 days 00:00:20.535000,0 days 01:51:09.593000,0 days 01:51:40.227000,0 days 01:52:00.762000,284.0,286.0,253.0,322.0,True,SUPERSOFT,9.0,True,Red Bull Racing,0 days 01:50:41.182000,,1,1.0,,,False,True
0 days 01:53:20.493000,VER,33,0 days 00:01:19.747000,58.0,3.0,,,0 days 00:00:28.486000,0 days 00:00:30.750000,0 days 00:00:20.511000,0 days 01:52:29.248000,0 days 01:52:59.998000,0 days 01:53:20.509000,288.0,286.0,253.0,323.0,False,SUPERSOFT,10.0,True,Red Bull Racing,0 days 01:52:00.746000,,1,1.0,,,False,True
0 days 01:54:40.242000,VER,33,0 days 00:01:19.749000,59.0,3.0,,,0 days 00:00:28.503000,0 days 00:00:30.726000,0 days 00:00:20.520000,0 days 01:53:49.012000,0 days 01:54:19.738000,0 days 01:54:40.258000,286.0,287.0,253.0,324.0,False,SUPERSOFT,11.0,True,Red Bull Racing,0 days 01:53:20.493000,,1,1.0,,,False,True
0 days 01:56:00.037000,VER,33,0 days 00:01:19.795000,60.0,3.0,,,0 days 00:00:28.403000,0 days 00:00:30.766000,0 days 00:00:20.626000,0 days 01:55:08.661000,0 days 01:55:39.427000,0 days 01:56:00.053000,290.0,288.0,253.0,325.0,False,SUPERSOFT,12.0,True,Red Bull Racing,0 days 01:54:40.242000,,1,1.0,,,False,True
0 days 01:57:20.136000,VER,33,0 days 00:01:20.099000,61.0,3.0,,,0 days 00:00:28.248000,0 days 00:00:31.222000,0 days 00:00:20.629000,0 days 01:56:28.301000,0 days 01:56:59.523000,0 days 01:57:20.152000,292.0,286.0,253.0,330.0,False,SUPERSOFT,13.0,True,Red Bull Racing,0 days 01:56:00.037000,,1,1.0,,,False,True
0 days 01:58:51.314000,VER,33,0 days 00:01:31.178000,62.0,3.0,,,0 days 00:00:28.509000,0 days 00:00:36.102000,0 days 00:00:26.567000,0 days 01:57:48.661000,0 days 01:58:24.763000,0 days 01:58:51.330000,292.0,173.0,175.0,324.0,False,SUPERSOFT,14.0,True,Red Bull Racing,0 days 01:57:20.136000,,126,1.0,,,False,False
0 days 02:00:42.811000,VER,33,0 days 00:01:51.497000,63.0,3.0,,,0 days 00:00:39.306000,0 days 00:00:43.430000,0 days 00:00:28.761000,0 days 01:59:30.636000,0 days 02:00:14.066000,0 days 02:00:42.827000,175.0,190.0,200.0,254.0,False,SUPERSOFT,15.0,True,Red Bull Racing,0 days 01:58:51.314000,,6,1.0,,,False,False
0 days 02:02:07.876000,VER,33,0 days 00:01:25.065000,64.0,3.0,,,0 days 00:00:32.995000,0 days 00:00:31.409000,0 days 00:00:20.661000,0 days 02:01:15.822000,0 days 02:01:47.231000,0 days 02:02:07.892000,291.0,285.0,253.0,222.0,False,SUPERSOFT,16.0,True,Red Bull Racing,0 days 02:00:42.811000,,671,1.0,,,False,False
0 days 02:03:27.403000,VER,33,0 days 00:01:19.527000,65.0,3.0,,,0 days 00:00:28.638000,0 days 00:00:30.526000,0 days 00:00:20.363000,0 days 02:02:36.530000,0 days 02:03:07.056000,0 days 02:03:27.419000,288.0,287.0,254.0,321.0,True,SUPERSOFT,17.0,True,Red Bull Racing,0 days 02:02:07.876000,,1,1.0,,,False,True
0 days 02:04:46.589000,VER,33,0 days 00:01:19.186000,66.0,3.0,,,0 days 00:00:28.505000,0 days 00:00:30.433000,0 days 00:00:20.248000,0 days 02:03:55.924000,0 days 02:04:26.357000,0 days 02:04:46.605000,288.0,286.0,251.0,321.0,True,SUPERSOFT,18.0,True,Red Bull Racing,0 days 02:03:27.403000,,1,1.0,,,False,True
0 days 02:06:06.670000,VER,33,0 days 00:01:20.081000,67.0,3.0,,,0 days 00:00:28.651000,0 days 00:00:30.911000,0 days 00:00:20.519000,0 days 02:05:15.256000,0 days 02:05:46.167000,0 days 02:06:06.686000,283.0,287.0,251.0,320.0,False,SUPERSOFT,19.0,True,Red Bull Racing,0 days 02:04:46.589000,,1,1.0,,,False,True
0 days 02:07:26.466000,VER,33,0 days 00:01:19.796000,68.0,3.0,,,0 days 00:00:28.514000,0 days 00:00:30.773000,0 days 00:00:20.509000,0 days 02:06:35.200000,0 days 02:07:05.973000,0 days 02:07:26.482000,283.0,287.0,251.0,322.0,False,SUPERSOFT,20.0,True,Red Bull Racing,0 days 02:06:06.670000,,1,1.0,,,False,True
0 days 02:08:46.449000,VER,33,0 days 00:01:19.983000,69.0,3.0,,,0 days 00:00:28.493000,0 days 00:00:30.856000,0 days 00:00:20.634000,0 days 02:07:54.975000,0 days 02:08:25.831000,0 days 02:08:46.465000,289.0,288.0,251.0,324.0,False,SUPERSOFT,21.0,True,Red Bull Racing,0 days 02:07:26.466000,,1,1.0,,,False,True
0 days 02:10:06.691000,VER,33,0 days 00:01:20.242000,70.0,3.0,,,0 days 00:00:28.589000,0 days 00:00:30.923000,0 days 00:00:20.730000,0 days 02:09:15.054000,0 days 02:09:45.977000,0 days 02:10:06.707000,289.0,288.0,250.0,324.0,False,SUPERSOFT,22.0,True,Red Bull Racing,0 days 02:08:46.449000,,1,1.0,,,False,True
0 days 02:11:27.737000,VER,33,0 days 00:01:21.046000,71.0,3.0,,,0 days 00:00:28.612000,0 days 00:00:31.297000,0 days 00:00:21.137000,0 days 02:10:35.319000,0 days 02:11:06.616000,0 days 02:11:27.753000,289.0,287.0,219.0,320.0,False,SUPERSOFT,23.0,True,Red Bull Racing,0 days 02:10:06.691000,,1,1.0,,,False,True
0 days 00:34:34.694000,SIR,35,0 days 00:01:35.808000,1.0,1.0,,,,0 days 00:00:36.603000,0 days 00:00:23.904000,,0 days 00:34:10.833000,0 days 00:34:34.814000,253.0,285.0,244.0,277.0,False,ULTRASOFT,1.0,True,Williams,0 days 00:32:58.703000,,1,15.0,,,False,False
0 days 00:36:01.587000,SIR,35,0 days 00:01:26.893000,2.0,1.0,,,0 days 00:00:29.887000,0 days 00:00:34.678000,0 days 00:00:22.328000,0 days 00:35:04.601000,0 days 00:35:39.279000,0 days 00:36:01.607000,248.0,280.0,247.0,332.0,True,ULTRASOFT,2.0,True,Williams,0 days 00:34:34.694000,,1,15.0,,,False,True
0 days 00:37:26.441000,SIR,35,0 days 00:01:24.854000,3.0,1.0,,,0 days 00:00:29.177000,0 days 00:00:33.524000,0 days 00:00:22.153000,0 days 00:36:30.784000,0 days 00:37:04.308000,0 days 00:37:26.461000,277.0,280.0,244.0,341.0,True,ULTRASOFT,3.0,True,Williams,0 days 00:36:01.587000,,1,15.0,,,False,True
0 days 00:38:53.397000,SIR,35,0 days 00:01:26.956000,4.0,1.0,,,0 days 00:00:30.521000,0 days 00:00:34.303000,0 days 00:00:22.132000,0 days 00:37:56.982000,0 days 00:38:31.285000,0 days 00:38:53.417000,274.0,276.0,244.0,339.0,False,ULTRASOFT,4.0,True,Williams,0 days 00:37:26.441000,,12,15.0,,,False,True
0 days 00:40:35.260000,SIR,35,0 days 00:01:41.863000,5.0,1.0,,,0 days 00:00:39.982000,0 days 00:00:39.447000,0 days 00:00:22.434000,0 days 00:39:33.399000,0 days 00:40:12.846000,0 days 00:40:35.280000,202.0,261.0,246.0,217.0,False,ULTRASOFT,5.0,True,Williams,0 days 00:38:53.397000,,1267,15.0,,,False,False
0 days 00:41:59.514000,SIR,35,0 days 00:01:24.254000,6.0,1.0,,,0 days 00:00:29.287000,0 days 00:00:33.324000,0 days 00:00:21.643000,0 days 00:41:04.567000,0 days 00:41:37.891000,0 days 00:41:59.534000,279.0,278.0,244.0,335.0,True,ULTRASOFT,6.0,True,Williams,0 days 00:40:35.260000,,1,15.0,,,False,True
0 days 00:43:23.547000,SIR,35,0 days 00:01:24.033000,7.0,1.0,,,0 days 00:00:29.224000,0 days 00:00:33.129000,0 days 00:00:21.680000,0 days 00:42:28.758000,0 days 00:43:01.887000,0 days 00:43:23.567000,279.0,279.0,245.0,333.0,True,ULTRASOFT,7.0,True,Williams,0 days 00:41:59.514000,,1,15.0,,,False,True
0 days 00:44:47.932000,SIR,35,0 days 00:01:24.385000,8.0,1.0,,,0 days 00:00:29.517000,0 days 00:00:33.048000,0 days 00:00:21.820000,0 days 00:43:53.084000,0 days 00:44:26.132000,0 days 00:44:47.952000,279.0,279.0,246.0,335.0,False,ULTRASOFT,8.0,True,Williams,0 days 00:43:23.547000,,1,15.0,,,False,True
0 days 00:46:12.572000,SIR,35,0 days 00:01:24.640000,9.0,1.0,,,0 days 00:00:29.431000,0 days 00:00:33.260000,0 days 00:00:21.949000,0 days 00:45:17.383000,0 days 00:45:50.643000,0 days 00:46:12.592000,273.0,275.0,242.0,336.0,False,ULTRASOFT,9.0,True,Williams,0 days 00:44:47.932000,,1,15.0,,,False,True
0 days 00:47:37.889000,SIR,35,0 days 00:01:25.317000,10.0,1.0,,,0 days 00:00:29.577000,0 days 00:00:33.622000,0 days 00:00:22.118000,0 days 00:46:42.169000,0 days 00:47:15.791000,0 days 00:47:37.909000,279.0,277.0,242.0,337.0,False,ULTRASOFT,10.0,True,Williams,0 days 00:46:12.572000,,1,15.0,,,False,True
0 days 00:49:07.871000,SIR,35,0 days 00:01:29.982000,11.0,1.0,,0 days 00:49:05.495000,0 days 00:00:30.044000,0 days 00:00:34.456000,0 days 00:00:25.482000,0 days 00:48:07.953000,0 days 00:48:42.409000,0 days 00:49:07.891000,263.0,276.0,,336.0,False,ULTRASOFT,11.0,True,Williams,0 days 00:47:37.889000,,1,15.0,,,False,False
0 days 00:50:51.362000,SIR,35,0 days 00:01:43.491000,12.0,2.0,0 days 00:49:27.964000,,0 days 00:00:48.687000,0 days 00:00:33.211000,0 days 00:00:21.593000,0 days 00:49:56.578000,0 days 00:50:29.789000,0 days 00:50:51.382000,283.0,281.0,247.0,310.0,False,SUPERSOFT,1.0,True,Williams,0 days 00:49:07.871000,,1,19.0,,,False,False
0 days 00:52:14.736000,SIR,35,0 days 00:01:23.374000,13.0,2.0,,,0 days 00:00:29.122000,0 days 00:00:32.778000,0 days 00:00:21.474000,0 days 00:51:20.504000,0 days 00:51:53.282000,0 days 00:52:14.756000,286.0,279.0,246.0,331.0,True,SUPERSOFT,2.0,True,Williams,0 days 00:50:51.362000,,1,19.0,,,False,True
0 days 00:53:37.913000,SIR,35,0 days 00:01:23.177000,14.0,2.0,,,0 days 00:00:28.943000,0 days 00:00:32.712000,0 days 00:00:21.522000,0 days 00:52:43.699000,0 days 00:53:16.411000,0 days 00:53:37.933000,287.0,281.0,246.0,331.0,True,SUPERSOFT,3.0,True,Williams,0 days 00:52:14.736000,,1,19.0,,,False,True
0 days 00:55:01.348000,SIR,35,0 days 00:01:23.435000,15.0,2.0,,,0 days 00:00:29.015000,0 days 00:00:32.863000,0 days 00:00:21.557000,0 days 00:54:06.948000,0 days 00:54:39.811000,0 days 00:55:01.368000,286.0,279.0,246.0,332.0,False,SUPERSOFT,4.0,True,Williams,0 days 00:53:37.913000,,1,19.0,,,False,True
0 days 00:56:25.076000,SIR,35,0 days 00:01:23.728000,16.0,2.0,,,0 days 00:00:28.997000,0 days 00:00:33.077000,0 days 00:00:21.654000,0 days 00:55:30.365000,0 days 00:56:03.442000,0 days 00:56:25.096000,280.0,279.0,245.0,335.0,False,SUPERSOFT,5.0,True,Williams,0 days 00:55:01.348000,,1,19.0,,,False,True
0 days 00:57:48.933000,SIR,35,0 days 00:01:23.857000,17.0,2.0,,,0 days 00:00:29.121000,0 days 00:00:33.168000,0 days 00:00:21.568000,0 days 00:56:54.217000,0 days 00:57:27.385000,0 days 00:57:48.953000,280.0,279.0,246.0,333.0,False,SUPERSOFT,6.0,True,Williams,0 days 00:56:25.076000,,1,18.0,,,False,True
0 days 00:59:12.957000,SIR,35,0 days 00:01:24.024000,18.0,2.0,,,0 days 00:00:29.164000,0 days 00:00:33.079000,0 days 00:00:21.781000,0 days 00:58:18.117000,0 days 00:58:51.196000,0 days 00:59:12.977000,273.0,281.0,246.0,334.0,False,SUPERSOFT,7.0,True,Williams,0 days 00:57:48.933000,,1,18.0,,,False,True
0 days 01:00:37.296000,SIR,35,0 days 00:01:24.339000,19.0,2.0,,,0 days 00:00:29.140000,0 days 00:00:33.365000,0 days 00:00:21.834000,0 days 00:59:42.117000,0 days 01:00:15.482000,0 days 01:00:37.316000,281.0,280.0,246.0,333.0,False,SUPERSOFT,8.0,True,Williams,0 days 00:59:12.957000,,1,18.0,,,False,True
0 days 01:02:01.597000,SIR,35,0 days 00:01:24.301000,20.0,2.0,,,0 days 00:00:29.024000,0 days 00:00:33.377000,0 days 00:00:21.900000,0 days 01:01:06.340000,0 days 01:01:39.717000,0 days 01:02:01.617000,284.0,280.0,245.0,335.0,False,SUPERSOFT,9.0,True,Williams,0 days 01:00:37.296000,,1,18.0,,,False,True
0 days 01:03:26.158000,SIR,35,0 days 00:01:24.561000,21.0,2.0,,,0 days 00:00:29.073000,0 days 00:00:33.498000,0 days 00:00:21.990000,0 days 01:02:30.690000,0 days 01:03:04.188000,0 days 01:03:26.178000,281.0,281.0,245.0,336.0,False,SUPERSOFT,10.0,True,Williams,0 days 01:02:01.597000,,1,18.0,,,False,True
0 days 01:04:51.467000,SIR,35,0 days 00:01:25.309000,22.0,2.0,,,0 days 00:00:29.195000,0 days 00:00:33.951000,0 days 00:00:22.163000,0 days 01:03:55.373000,0 days 01:04:29.324000,0 days 01:04:51.487000,277.0,280.0,246.0,338.0,False,SUPERSOFT,11.0,True,Williams,0 days 01:03:26.158000,,1,18.0,,,False,True
0 days 01:06:17.988000,SIR,35,0 days 00:01:26.521000,23.0,2.0,,,0 days 00:00:29.744000,0 days 00:00:34.862000,0 days 00:00:21.915000,0 days 01:05:21.231000,0 days 01:05:56.093000,0 days 01:06:18.008000,188.0,280.0,246.0,338.0,False,SUPERSOFT,12.0,True,Williams,0 days 01:04:51.467000,,1,18.0,,,False,True
0 days 01:07:42.705000,SIR,35,0 days 00:01:24.717000,24.0,2.0,,,0 days 00:00:29.214000,0 days 00:00:33.592000,0 days 00:00:21.911000,0 days 01:06:47.222000,0 days 01:07:20.814000,0 days 01:07:42.725000,281.0,281.0,245.0,336.0,False,SUPERSOFT,13.0,True,Williams,0 days 01:06:17.988000,,1,17.0,,,False,True
0 days 01:09:08.550000,SIR,35,0 days 00:01:25.845000,25.0,2.0,,,0 days 00:00:29.087000,0 days 00:00:33.627000,0 days 00:00:23.131000,0 days 01:08:11.812000,0 days 01:08:45.439000,0 days 01:09:08.570000,280.0,282.0,242.0,336.0,False,SUPERSOFT,14.0,True,Williams,0 days 01:07:42.705000,,1,16.0,,,False,True
0 days 01:10:36.214000,SIR,35,0 days 00:01:27.664000,26.0,2.0,,,0 days 00:00:30.551000,0 days 00:00:34.947000,0 days 00:00:22.166000,0 days 01:09:39.121000,0 days 01:10:14.068000,0 days 01:10:36.234000,236.0,280.0,246.0,307.0,False,SUPERSOFT,15.0,True,Williams,0 days 01:09:08.550000,,1,16.0,,,False,True
0 days 01:12:00.781000,SIR,35,0 days 00:01:24.567000,27.0,2.0,,,0 days 00:00:29.218000,0 days 00:00:33.407000,0 days 00:00:21.942000,0 days 01:11:05.452000,0 days 01:11:38.859000,0 days 01:12:00.801000,280.0,282.0,246.0,332.0,False,SUPERSOFT,16.0,True,Williams,0 days 01:10:36.214000,,1,15.0,,,False,True
0 days 01:13:27.041000,SIR,35,0 days 00:01:26.260000,28.0,2.0,,,0 days 00:00:30.435000,0 days 00:00:33.816000,0 days 00:00:22.009000,0 days 01:12:31.236000,0 days 01:13:05.052000,0 days 01:13:27.061000,269.0,281.0,246.0,275.0,False,SUPERSOFT,17.0,True,Williams,0 days 01:12:00.781000,,1,15.0,,,False,True
0 days 01:14:56.900000,SIR,35,0 days 00:01:29.859000,29.0,2.0,,,0 days 00:00:29.786000,0 days 00:00:34.157000,0 days 00:00:25.916000,0 days 01:13:56.847000,0 days 01:14:31.004000,0 days 01:14:56.920000,267.0,282.0,168.0,332.0,False,SUPERSOFT,18.0,True,Williams,0 days 01:13:27.041000,,126,15.0,,,False,False
0 days 01:16:47.252000,SIR,35,0 days 00:01:50.352000,30.0,2.0,,,0 days 00:00:38.846000,0 days 00:00:44.634000,0 days 00:00:26.872000,0 days 01:15:35.766000,0 days 01:16:20.400000,0 days 01:16:47.272000,222.0,202.0,187.0,176.0,False,SUPERSOFT,19.0,True,Williams,0 days 01:14:56.900000,,6,15.0,,,False,False
0 days 01:18:27.836000,SIR,35,0 days 00:01:40.584000,31.0,2.0,,,0 days 00:00:38.812000,0 days 00:00:38.814000,0 days 00:00:22.958000,0 days 01:17:26.084000,0 days 01:18:04.898000,0 days 01:18:27.856000,218.0,282.0,248.0,239.0,False,SUPERSOFT,20.0,True,Williams,0 days 01:16:47.252000,,671,15.0,,,False,False
0 days 01:19:55.497000,SIR,35,0 days 00:01:27.661000,32.0,2.0,,,0 days 00:00:29.558000,0 days 00:00:35.208000,0 days 00:00:22.895000,0 days 01:18:57.414000,0 days 01:19:32.622000,0 days 01:19:55.517000,261.0,282.0,248.0,322.0,False,SUPERSOFT,21.0,True,Williams,0 days 01:18:27.836000,,1,17.0,,,False,True
0 days 01:21:21.227000,SIR,35,0 days 00:01:25.730000,33.0,2.0,,,0 days 00:00:29.447000,0 days 00:00:34.507000,0 days 00:00:21.776000,0 days 01:20:24.964000,0 days 01:20:59.471000,0 days 01:21:21.247000,270.0,281.0,248.0,352.0,False,SUPERSOFT,22.0,True,Williams,0 days 01:19:55.497000,,1,17.0,,,False,True
0 days 01:22:45.586000,SIR,35,0 days 00:01:24.359000,34.0,2.0,,,0 days 00:00:29.140000,0 days 00:00:33.440000,0 days 00:00:21.779000,0 days 01:21:50.387000,0 days 01:22:23.827000,0 days 01:22:45.606000,281.0,282.0,247.0,336.0,False,SUPERSOFT,23.0,True,Williams,0 days 01:21:21.227000,,1,17.0,,,False,True
0 days 01:24:09.857000,SIR,35,0 days 00:01:24.271000,35.0,2.0,,,0 days 00:00:29.144000,0 days 00:00:33.254000,0 days 00:00:21.873000,0 days 01:23:14.750000,0 days 01:23:48.004000,0 days 01:24:09.877000,282.0,283.0,246.0,334.0,False,SUPERSOFT,24.0,True,Williams,0 days 01:22:45.586000,,1,17.0,,,False,True
0 days 01:25:34.935000,SIR,35,0 days 00:01:25.078000,36.0,2.0,,,0 days 00:00:29.301000,0 days 00:00:33.820000,0 days 00:00:21.957000,0 days 01:24:39.178000,0 days 01:25:12.998000,0 days 01:25:34.955000,278.0,281.0,245.0,334.0,False,SUPERSOFT,25.0,True,Williams,0 days 01:24:09.857000,,1,17.0,,,False,True
0 days 01:26:59.632000,SIR,35,0 days 00:01:24.697000,37.0,2.0,,,0 days 00:00:29.254000,0 days 00:00:33.491000,0 days 00:00:21.952000,0 days 01:26:04.209000,0 days 01:26:37.700000,0 days 01:26:59.652000,284.0,282.0,246.0,332.0,False,SUPERSOFT,26.0,True,Williams,0 days 01:25:34.935000,,1,17.0,,,False,True
0 days 01:28:24.324000,SIR,35,0 days 00:01:24.692000,38.0,2.0,,,0 days 00:00:29.106000,0 days 00:00:33.455000,0 days 00:00:22.131000,0 days 01:27:28.758000,0 days 01:28:02.213000,0 days 01:28:24.344000,282.0,282.0,246.0,334.0,False,SUPERSOFT,27.0,True,Williams,0 days 01:26:59.632000,,1,16.0,,,False,True
0 days 01:29:48.922000,SIR,35,0 days 00:01:24.598000,39.0,2.0,,,0 days 00:00:29.059000,0 days 00:00:33.610000,0 days 00:00:21.929000,0 days 01:28:53.403000,0 days 01:29:27.013000,0 days 01:29:48.942000,281.0,282.0,246.0,335.0,False,SUPERSOFT,28.0,True,Williams,0 days 01:28:24.324000,,1,16.0,,,False,True
0 days 01:31:13.426000,SIR,35,0 days 00:01:24.504000,40.0,2.0,,,0 days 00:00:29.026000,0 days 00:00:33.416000,0 days 00:00:22.062000,0 days 01:30:17.968000,0 days 01:30:51.384000,0 days 01:31:13.446000,284.0,283.0,246.0,336.0,False,SUPERSOFT,29.0,True,Williams,0 days 01:29:48.922000,,1,16.0,,,False,True
0 days 01:32:38.281000,SIR,35,0 days 00:01:24.855000,41.0,2.0,,,0 days 00:00:29.258000,0 days 00:00:33.579000,0 days 00:00:22.018000,0 days 01:31:42.704000,0 days 01:32:16.283000,0 days 01:32:38.301000,282.0,281.0,247.0,336.0,False,SUPERSOFT,30.0,True,Williams,0 days 01:31:13.426000,,1,16.0,,,False,True
0 days 01:34:02.855000,SIR,35,0 days 00:01:24.574000,42.0,2.0,,,0 days 00:00:29.150000,0 days 00:00:33.450000,0 days 00:00:21.974000,0 days 01:33:07.451000,0 days 01:33:40.901000,0 days 01:34:02.875000,282.0,283.0,246.0,337.0,False,SUPERSOFT,31.0,True,Williams,0 days 01:32:38.281000,,1,16.0,,,False,True
0 days 01:35:27.238000,SIR,35,0 days 00:01:24.383000,43.0,2.0,,,0 days 00:00:29.134000,0 days 00:00:33.299000,0 days 00:00:21.950000,0 days 01:34:32.009000,0 days 01:35:05.308000,0 days 01:35:27.258000,284.0,284.0,247.0,334.0,False,SUPERSOFT,32.0,True,Williams,0 days 01:34:02.855000,,1,16.0,,,False,True
0 days 01:36:51.535000,SIR,35,0 days 00:01:24.297000,44.0,2.0,,,0 days 00:00:29.025000,0 days 00:00:33.355000,0 days 00:00:21.917000,0 days 01:35:56.283000,0 days 01:36:29.638000,0 days 01:36:51.555000,283.0,284.0,245.0,336.0,False,SUPERSOFT,33.0,True,Williams,0 days 01:35:27.238000,,1,15.0,,,False,True
0 days 01:38:18.596000,SIR,35,0 days 00:01:27.061000,45.0,2.0,,,0 days 00:00:29.789000,0 days 00:00:35.030000,0 days 00:00:22.242000,0 days 01:37:21.344000,0 days 01:37:56.374000,0 days 01:38:18.616000,244.0,280.0,246.0,337.0,False,SUPERSOFT,34.0,True,Williams,0 days 01:36:51.535000,,1,15.0,,,False,True
0 days 01:39:42.909000,SIR,35,0 days 00:01:24.313000,46.0,2.0,,,0 days 00:00:29.070000,0 days 00:00:33.391000,0 days 00:00:21.852000,0 days 01:38:47.686000,0 days 01:39:21.077000,0 days 01:39:42.929000,287.0,284.0,247.0,336.0,False,SUPERSOFT,35.0,True,Williams,0 days 01:38:18.596000,,1,15.0,,,False,True
0 days 01:41:06.934000,SIR,35,0 days 00:01:24.025000,47.0,2.0,,,0 days 00:00:28.950000,0 days 00:00:33.173000,0 days 00:00:21.902000,0 days 01:40:11.879000,0 days 01:40:45.052000,0 days 01:41:06.954000,286.0,284.0,249.0,337.0,False,SUPERSOFT,36.0,True,Williams,0 days 01:39:42.909000,,1,15.0,,,False,True
0 days 01:42:32.600000,SIR,35,0 days 00:01:25.666000,48.0,2.0,,,0 days 00:00:30.058000,0 days 00:00:33.597000,0 days 00:00:22.011000,0 days 01:41:37.012000,0 days 01:42:10.609000,0 days 01:42:32.620000,280.0,283.0,248.0,338.0,False,SUPERSOFT,37.0,True,Williams,0 days 01:41:06.934000,,1,15.0,,,False,True
0 days 01:43:59.449000,SIR,35,0 days 00:01:26.849000,49.0,2.0,,,0 days 00:00:29.544000,0 days 00:00:35.001000,0 days 00:00:22.304000,0 days 01:43:02.164000,0 days 01:43:37.165000,0 days 01:43:59.469000,279.0,281.0,247.0,335.0,False,SUPERSOFT,38.0,True,Williams,0 days 01:42:32.600000,,1,16.0,,,False,True
0 days 01:45:24.230000,SIR,35,0 days 00:01:24.781000,50.0,2.0,,,0 days 00:00:29.232000,0 days 00:00:33.615000,0 days 00:00:21.934000,0 days 01:44:28.701000,0 days 01:45:02.316000,0 days 01:45:24.250000,278.0,284.0,246.0,339.0,False,SUPERSOFT,39.0,True,Williams,0 days 01:43:59.449000,,1,16.0,,,False,True
0 days 01:46:50.570000,SIR,35,0 days 00:01:26.340000,51.0,2.0,,,0 days 00:00:29.710000,0 days 00:00:34.816000,0 days 00:00:21.814000,0 days 01:45:53.960000,0 days 01:46:28.776000,0 days 01:46:50.590000,283.0,283.0,250.0,322.0,False,SUPERSOFT,40.0,True,Williams,0 days 01:45:24.230000,,1,16.0,,,False,True
0 days 01:48:14.822000,SIR,35,0 days 00:01:24.252000,52.0,2.0,,,0 days 00:00:29.149000,0 days 00:00:33.346000,0 days 00:00:21.757000,0 days 01:47:19.739000,0 days 01:47:53.085000,0 days 01:48:14.842000,279.0,283.0,250.0,338.0,False,SUPERSOFT,41.0,True,Williams,0 days 01:46:50.570000,,1,16.0,,,False,True
0 days 01:49:39.015000,SIR,35,0 days 00:01:24.193000,53.0,2.0,,,0 days 00:00:29.061000,0 days 00:00:33.108000,0 days 00:00:22.024000,0 days 01:48:43.903000,0 days 01:49:17.011000,0 days 01:49:39.035000,286.0,284.0,247.0,336.0,False,SUPERSOFT,42.0,True,Williams,0 days 01:48:14.822000,,1,16.0,,,False,True
0 days 01:51:04.788000,SIR,35,0 days 00:01:25.773000,54.0,2.0,,,0 days 00:00:29.862000,0 days 00:00:34.094000,0 days 00:00:21.817000,0 days 01:50:08.897000,0 days 01:50:42.991000,0 days 01:51:04.808000,243.0,283.0,248.0,333.0,False,SUPERSOFT,43.0,True,Williams,0 days 01:49:39.015000,,1,16.0,,,False,True
0 days 01:52:28.285000,SIR,35,0 days 00:01:23.497000,55.0,2.0,,,0 days 00:00:29.050000,0 days 00:00:32.851000,0 days 00:00:21.596000,0 days 01:51:33.858000,0 days 01:52:06.709000,0 days 01:52:28.305000,287.0,284.0,248.0,335.0,False,SUPERSOFT,44.0,True,Williams,0 days 01:51:04.788000,,1,16.0,,,False,True
0 days 01:53:52.019000,SIR,35,0 days 00:01:23.734000,56.0,2.0,,,0 days 00:00:29.001000,0 days 00:00:32.955000,0 days 00:00:21.778000,0 days 01:52:57.306000,0 days 01:53:30.261000,0 days 01:53:52.039000,289.0,285.0,248.0,335.0,False,SUPERSOFT,45.0,True,Williams,0 days 01:52:28.285000,,1,16.0,,,False,True
0 days 01:55:16.351000,SIR,35,0 days 00:01:24.332000,57.0,2.0,,,0 days 00:00:28.967000,0 days 00:00:33.524000,0 days 00:00:21.841000,0 days 01:54:21.006000,0 days 01:54:54.530000,0 days 01:55:16.371000,285.0,286.0,247.0,336.0,False,SUPERSOFT,46.0,True,Williams,0 days 01:53:52.019000,,1,16.0,,,False,True
0 days 01:56:40.684000,SIR,35,0 days 00:01:24.333000,58.0,2.0,,,0 days 00:00:29.046000,0 days 00:00:33.275000,0 days 00:00:22.012000,0 days 01:55:45.417000,0 days 01:56:18.692000,0 days 01:56:40.704000,288.0,285.0,248.0,338.0,False,SUPERSOFT,47.0,True,Williams,0 days 01:55:16.351000,,1,16.0,,,False,True
0 days 01:58:05.403000,SIR,35,0 days 00:01:24.719000,59.0,2.0,,,0 days 00:00:29.036000,0 days 00:00:33.885000,0 days 00:00:21.798000,0 days 01:57:09.740000,0 days 01:57:43.625000,0 days 01:58:05.423000,281.0,285.0,251.0,340.0,False,SUPERSOFT,48.0,True,Williams,0 days 01:56:40.684000,,12,16.0,,,False,True
0 days 01:59:53.318000,SIR,35,0 days 00:01:47.915000,60.0,2.0,,,0 days 00:00:39.370000,0 days 00:00:41.332000,0 days 00:00:27.213000,0 days 01:58:44.793000,0 days 01:59:26.125000,0 days 01:59:53.338000,133.0,194.0,194.0,217.0,False,SUPERSOFT,49.0,True,Williams,0 days 01:58:05.403000,,26,16.0,,,False,False
0 days 02:01:33.487000,SIR,35,0 days 00:01:40.169000,61.0,2.0,,,0 days 00:00:40.133000,0 days 00:00:37.957000,0 days 00:00:22.079000,0 days 02:00:33.471000,0 days 02:01:11.428000,0 days 02:01:33.507000,147.0,284.0,252.0,177.0,False,SUPERSOFT,50.0,True,Williams,0 days 01:59:53.318000,,671,16.0,,,False,False
0 days 02:02:57.156000,SIR,35,0 days 00:01:23.669000,62.0,2.0,,,0 days 00:00:28.928000,0 days 00:00:33.301000,0 days 00:00:21.440000,0 days 02:02:02.435000,0 days 02:02:35.736000,0 days 02:02:57.176000,281.0,287.0,253.0,342.0,False,SUPERSOFT,51.0,True,Williams,0 days 02:01:33.487000,,1,15.0,,,False,True
0 days 02:04:20.983000,SIR,35,0 days 00:01:23.827000,63.0,2.0,,,0 days 00:00:28.933000,0 days 00:00:33.297000,0 days 00:00:21.597000,0 days 02:03:26.109000,0 days 02:03:59.406000,0 days 02:04:21.003000,284.0,288.0,251.0,344.0,False,SUPERSOFT,52.0,True,Williams,0 days 02:02:57.156000,,1,15.0,,,False,True
0 days 02:05:45.055000,SIR,35,0 days 00:01:24.072000,64.0,2.0,,,0 days 00:00:28.937000,0 days 00:00:33.693000,0 days 00:00:21.442000,0 days 02:04:49.940000,0 days 02:05:23.633000,0 days 02:05:45.075000,282.0,288.0,252.0,356.0,False,SUPERSOFT,53.0,True,Williams,0 days 02:04:20.983000,,1,15.0,,,False,True
0 days 02:07:08.297000,SIR,35,0 days 00:01:23.242000,65.0,2.0,,,0 days 00:00:28.990000,0 days 00:00:32.764000,0 days 00:00:21.488000,0 days 02:06:14.065000,0 days 02:06:46.829000,0 days 02:07:08.317000,290.0,288.0,249.0,359.0,False,SUPERSOFT,54.0,True,Williams,0 days 02:05:45.055000,,1,14.0,,,False,True
0 days 02:08:30.937000,SIR,35,0 days 00:01:22.640000,66.0,2.0,,,0 days 00:00:28.788000,0 days 00:00:32.448000,0 days 00:00:21.404000,0 days 02:07:37.105000,0 days 02:08:09.553000,0 days 02:08:30.957000,291.0,289.0,250.0,335.0,True,SUPERSOFT,55.0,True,Williams,0 days 02:07:08.297000,,1,14.0,,,False,True
0 days 02:09:53.832000,SIR,35,0 days 00:01:22.895000,67.0,2.0,,,0 days 00:00:28.863000,0 days 00:00:32.583000,0 days 00:00:21.449000,0 days 02:08:59.820000,0 days 02:09:32.403000,0 days 02:09:53.852000,287.0,287.0,249.0,333.0,False,SUPERSOFT,56.0,True,Williams,0 days 02:08:30.937000,,1,14.0,,,False,True
0 days 02:11:17.041000,SIR,35,0 days 00:01:23.209000,68.0,2.0,,,0 days 00:00:28.915000,0 days 00:00:32.554000,0 days 00:00:21.740000,0 days 02:10:22.767000,0 days 02:10:55.321000,0 days 02:11:17.061000,290.0,288.0,250.0,335.0,False,SUPERSOFT,57.0,True,Williams,0 days 02:09:53.832000,,1,14.0,,,False,True
0 days 02:12:40.528000,SIR,35,0 days 00:01:23.487000,69.0,2.0,,,0 days 00:00:28.893000,0 days 00:00:32.778000,0 days 00:00:21.816000,0 days 02:11:45.954000,0 days 02:12:18.732000,0 days 02:12:40.548000,289.0,291.0,250.0,340.0,False,SUPERSOFT,58.0,True,Williams,0 days 02:11:17.041000,,1,14.0,,,False,True
0 days 00:34:23.055000,HAM,44,0 days 00:01:24.169000,1.0,1.0,,,,0 days 00:00:31.753000,0 days 00:00:20.794000,,0 days 00:34:02.316000,0 days 00:34:23.174000,268.0,281.0,247.0,313.0,False,ULTRASOFT,4.0,False,Mercedes,0 days 00:32:58.703000,,1,2.0,,,False,False
0 days 00:35:44.280000,HAM,44,0 days 00:01:21.225000,2.0,1.0,,,0 days 00:00:28.746000,0 days 00:00:31.534000,0 days 00:00:20.945000,0 days 00:34:51.819000,0 days 00:35:23.353000,0 days 00:35:44.298000,287.0,280.0,245.0,335.0,True,ULTRASOFT,5.0,False,Mercedes,0 days 00:34:23.055000,,1,2.0,,,False,True
0 days 00:37:05.900000,HAM,44,0 days 00:01:21.620000,3.0,1.0,,,0 days 00:00:28.883000,0 days 00:00:31.645000,0 days 00:00:21.092000,0 days 00:36:13.181000,0 days 00:36:44.826000,0 days 00:37:05.918000,281.0,277.0,245.0,333.0,False,ULTRASOFT,6.0,False,Mercedes,0 days 00:35:44.280000,,1,2.0,,,False,True
0 days 00:38:27.263000,HAM,44,0 days 00:01:21.363000,4.0,1.0,,,0 days 00:00:28.814000,0 days 00:00:31.484000,0 days 00:00:21.065000,0 days 00:37:34.732000,0 days 00:38:06.216000,0 days 00:38:27.281000,281.0,278.0,246.0,327.0,False,ULTRASOFT,7.0,False,Mercedes,0 days 00:37:05.900000,,1,2.0,,,False,True
0 days 00:40:07.058000,HAM,44,0 days 00:01:39.795000,5.0,1.0,,,0 days 00:00:28.782000,0 days 00:00:43.842000,0 days 00:00:27.171000,0 days 00:38:56.063000,0 days 00:39:39.905000,0 days 00:40:07.076000,284.0,216.0,160.0,327.0,False,ULTRASOFT,8.0,False,Mercedes,0 days 00:38:27.263000,,1267,2.0,,,False,False
0 days 00:41:29.373000,HAM,44,0 days 00:01:22.315000,6.0,1.0,,,0 days 00:00:30.073000,0 days 00:00:31.391000,0 days 00:00:20.851000,0 days 00:40:37.149000,0 days 00:41:08.540000,0 days 00:41:29.391000,284.0,279.0,246.0,325.0,False,ULTRASOFT,9.0,False,Mercedes,0 days 00:40:07.058000,,1,2.0,,,False,True
0 days 00:42:50.368000,HAM,44,0 days 00:01:20.995000,7.0,1.0,,,0 days 00:00:28.660000,0 days 00:00:31.454000,0 days 00:00:20.881000,0 days 00:41:58.051000,0 days 00:42:29.505000,0 days 00:42:50.386000,288.0,280.0,245.0,331.0,True,ULTRASOFT,10.0,False,Mercedes,0 days 00:41:29.373000,,1,2.0,,,False,True
0 days 00:44:11.898000,HAM,44,0 days 00:01:21.530000,8.0,1.0,,,0 days 00:00:28.740000,0 days 00:00:31.600000,0 days 00:00:21.190000,0 days 00:43:19.126000,0 days 00:43:50.726000,0 days 00:44:11.916000,289.0,278.0,246.0,331.0,False,ULTRASOFT,11.0,False,Mercedes,0 days 00:42:50.368000,,1,2.0,,,False,True
0 days 00:45:34.130000,HAM,44,0 days 00:01:22.232000,9.0,1.0,,,0 days 00:00:28.900000,0 days 00:00:31.905000,0 days 00:00:21.427000,0 days 00:44:40.816000,0 days 00:45:12.721000,0 days 00:45:34.148000,287.0,279.0,244.0,331.0,False,ULTRASOFT,12.0,False,Mercedes,0 days 00:44:11.898000,,1,2.0,,,False,True
0 days 00:46:57.260000,HAM,44,0 days 00:01:23.130000,10.0,1.0,,,0 days 00:00:29.127000,0 days 00:00:32.411000,0 days 00:00:21.592000,0 days 00:46:03.275000,0 days 00:46:35.686000,0 days 00:46:57.278000,288.0,277.0,244.0,331.0,False,ULTRASOFT,13.0,False,Mercedes,0 days 00:45:34.130000,,1,2.0,,,False,True
0 days 00:48:24.243000,HAM,44,0 days 00:01:26.983000,11.0,1.0,,0 days 00:48:21.599000,0 days 00:00:29.263000,0 days 00:00:32.601000,0 days 00:00:25.119000,0 days 00:47:26.541000,0 days 00:47:59.142000,0 days 00:48:24.261000,294.0,277.0,,331.0,False,ULTRASOFT,14.0,False,Mercedes,0 days 00:46:57.260000,,1,4.0,,,False,False
0 days 00:50:02.890000,HAM,44,0 days 00:01:38.647000,12.0,2.0,0 days 00:48:43.851000,,0 days 00:00:47.180000,0 days 00:00:30.896000,0 days 00:00:20.571000,0 days 00:49:11.441000,0 days 00:49:42.337000,0 days 00:50:02.908000,290.0,283.0,251.0,310.0,False,SUPERSOFT,1.0,True,Mercedes,0 days 00:48:24.243000,,1,5.0,,,False,False
0 days 00:51:24.231000,HAM,44,0 days 00:01:21.341000,13.0,2.0,,,0 days 00:00:28.674000,0 days 00:00:31.531000,0 days 00:00:21.136000,0 days 00:50:31.582000,0 days 00:51:03.113000,0 days 00:51:24.249000,288.0,278.0,247.0,326.0,False,SUPERSOFT,2.0,True,Mercedes,0 days 00:50:02.890000,,1,4.0,,,False,True
0 days 00:52:46.086000,HAM,44,0 days 00:01:21.855000,14.0,2.0,,,0 days 00:00:28.925000,0 days 00:00:31.725000,0 days 00:00:21.205000,0 days 00:51:53.174000,0 days 00:52:24.899000,0 days 00:52:46.104000,281.0,278.0,248.0,324.0,False,SUPERSOFT,3.0,True,Mercedes,0 days 00:51:24.231000,,1,4.0,,,False,True
0 days 00:54:08.493000,HAM,44,0 days 00:01:22.407000,15.0,2.0,,,0 days 00:00:28.971000,0 days 00:00:31.957000,0 days 00:00:21.479000,0 days 00:53:15.075000,0 days 00:53:47.032000,0 days 00:54:08.511000,276.0,280.0,250.0,328.0,False,SUPERSOFT,4.0,True,Mercedes,0 days 00:52:46.086000,,1,4.0,,,False,True
0 days 00:55:31.639000,HAM,44,0 days 00:01:23.146000,16.0,2.0,,,0 days 00:00:28.574000,0 days 00:00:32.874000,0 days 00:00:21.698000,0 days 00:54:37.085000,0 days 00:55:09.959000,0 days 00:55:31.657000,284.0,279.0,250.0,345.0,False,SUPERSOFT,5.0,True,Mercedes,0 days 00:54:08.493000,,1,4.0,,,False,True
0 days 00:56:53.065000,HAM,44,0 days 00:01:21.426000,17.0,2.0,,,0 days 00:00:29.118000,0 days 00:00:31.551000,0 days 00:00:20.757000,0 days 00:56:00.775000,0 days 00:56:32.326000,0 days 00:56:53.083000,294.0,275.0,248.0,358.0,False,SUPERSOFT,6.0,True,Mercedes,0 days 00:55:31.639000,,1,3.0,,,False,True
0 days 00:58:14.368000,HAM,44,0 days 00:01:21.303000,18.0,2.0,,,0 days 00:00:28.772000,0 days 00:00:31.551000,0 days 00:00:20.980000,0 days 00:57:21.855000,0 days 00:57:53.406000,0 days 00:58:14.386000,282.0,279.0,248.0,325.0,False,SUPERSOFT,7.0,True,Mercedes,0 days 00:56:53.065000,,1,2.0,,,False,True
0 days 00:59:36.344000,HAM,44,0 days 00:01:21.976000,19.0,2.0,,,0 days 00:00:28.899000,0 days 00:00:31.752000,0 days 00:00:21.325000,0 days 00:58:43.285000,0 days 00:59:15.037000,0 days 00:59:36.362000,270.0,281.0,247.0,328.0,False,SUPERSOFT,8.0,True,Mercedes,0 days 00:58:14.368000,,1,2.0,,,False,True
0 days 01:00:58.190000,HAM,44,0 days 00:01:21.846000,20.0,2.0,,,0 days 00:00:28.919000,0 days 00:00:31.800000,0 days 00:00:21.127000,0 days 01:00:05.281000,0 days 01:00:37.081000,0 days 01:00:58.208000,274.0,277.0,248.0,328.0,False,SUPERSOFT,9.0,True,Mercedes,0 days 00:59:36.344000,,1,2.0,,,False,True
0 days 01:02:19.655000,HAM,44,0 days 00:01:21.465000,21.0,2.0,,,0 days 00:00:28.791000,0 days 00:00:31.676000,0 days 00:00:20.998000,0 days 01:01:26.999000,0 days 01:01:58.675000,0 days 01:02:19.673000,271.0,277.0,247.0,321.0,False,SUPERSOFT,10.0,True,Mercedes,0 days 01:00:58.190000,,1,2.0,,,False,True
0 days 01:03:41.228000,HAM,44,0 days 00:01:21.573000,22.0,2.0,,,0 days 00:00:28.809000,0 days 00:00:31.734000,0 days 00:00:21.030000,0 days 01:02:48.482000,0 days 01:03:20.216000,0 days 01:03:41.246000,283.0,283.0,248.0,323.0,False,SUPERSOFT,11.0,True,Mercedes,0 days 01:02:19.655000,,1,2.0,,,False,True
0 days 01:05:02.739000,HAM,44,0 days 00:01:21.511000,23.0,2.0,,,0 days 00:00:28.792000,0 days 00:00:31.690000,0 days 00:00:21.029000,0 days 01:04:10.038000,0 days 01:04:41.728000,0 days 01:05:02.757000,279.0,282.0,249.0,330.0,False,SUPERSOFT,12.0,True,Mercedes,0 days 01:03:41.228000,,1,2.0,,,False,True
0 days 01:06:24.571000,HAM,44,0 days 00:01:21.832000,24.0,2.0,,,0 days 00:00:28.750000,0 days 00:00:31.788000,0 days 00:00:21.294000,0 days 01:05:31.507000,0 days 01:06:03.295000,0 days 01:06:24.589000,285.0,282.0,247.0,332.0,False,SUPERSOFT,13.0,True,Mercedes,0 days 01:05:02.739000,,1,2.0,,,False,True
0 days 01:07:45.603000,HAM,44,0 days 00:01:21.032000,25.0,2.0,,,0 days 00:00:28.307000,0 days 00:00:31.642000,0 days 00:00:21.083000,0 days 01:06:52.896000,0 days 01:07:24.538000,0 days 01:07:45.621000,295.0,284.0,247.0,349.0,False,SUPERSOFT,14.0,True,Mercedes,0 days 01:06:24.571000,,1,2.0,,,False,True
0 days 01:09:07.453000,HAM,44,0 days 00:01:21.850000,26.0,2.0,,,0 days 00:00:28.817000,0 days 00:00:31.638000,0 days 00:00:21.395000,0 days 01:08:14.438000,0 days 01:08:46.076000,0 days 01:09:07.471000,286.0,287.0,246.0,334.0,False,SUPERSOFT,15.0,True,Mercedes,0 days 01:07:45.603000,,1,2.0,,,False,True
0 days 01:10:29.550000,HAM,44,0 days 00:01:22.097000,27.0,2.0,,,0 days 00:00:28.818000,0 days 00:00:31.601000,0 days 00:00:21.678000,0 days 01:09:36.289000,0 days 01:10:07.890000,0 days 01:10:29.568000,287.0,285.0,246.0,331.0,False,SUPERSOFT,16.0,True,Mercedes,0 days 01:09:07.453000,,1,2.0,,,False,True
0 days 01:11:51.358000,HAM,44,0 days 00:01:21.808000,28.0,2.0,,,0 days 00:00:28.428000,0 days 00:00:31.697000,0 days 00:00:21.683000,0 days 01:10:57.996000,0 days 01:11:29.693000,0 days 01:11:51.376000,291.0,285.0,249.0,348.0,False,SUPERSOFT,17.0,True,Mercedes,0 days 01:10:29.550000,,1,2.0,,,False,True
0 days 01:13:13.185000,HAM,44,0 days 00:01:21.827000,29.0,2.0,,,0 days 00:00:28.328000,0 days 00:00:32.056000,0 days 00:00:21.443000,0 days 01:12:19.704000,0 days 01:12:51.760000,0 days 01:13:13.203000,289.0,281.0,247.0,350.0,False,SUPERSOFT,18.0,True,Mercedes,0 days 01:11:51.358000,,1,2.0,,,False,True
0 days 01:14:35.843000,HAM,44,0 days 00:01:22.658000,30.0,2.0,,,0 days 00:00:28.984000,0 days 00:00:32.270000,0 days 00:00:21.404000,0 days 01:13:42.187000,0 days 01:14:14.457000,0 days 01:14:35.861000,282.0,282.0,248.0,326.0,False,SUPERSOFT,19.0,True,Mercedes,0 days 01:13:13.185000,,12,2.0,,,False,True
0 days 01:16:25.249000,HAM,44,0 days 00:01:49.406000,31.0,2.0,,,0 days 00:00:38.079000,0 days 00:00:42.750000,0 days 00:00:28.577000,0 days 01:15:13.940000,0 days 01:15:56.690000,0 days 01:16:25.267000,202.0,239.0,189.0,166.0,False,SUPERSOFT,20.0,True,Mercedes,0 days 01:14:35.843000,,26,2.0,,,False,False
0 days 01:18:10.196000,HAM,44,0 days 00:01:44.947000,32.0,2.0,,,0 days 00:00:38.877000,0 days 00:00:44.064000,0 days 00:00:22.006000,0 days 01:17:04.144000,0 days 01:17:48.208000,0 days 01:18:10.214000,209.0,224.0,249.0,166.0,False,SUPERSOFT,21.0,True,Mercedes,0 days 01:16:25.249000,,671,2.0,,,False,False
0 days 01:19:32.056000,HAM,44,0 days 00:01:21.860000,33.0,2.0,,,0 days 00:00:28.943000,0 days 00:00:31.981000,0 days 00:00:20.936000,0 days 01:18:39.157000,0 days 01:19:11.138000,0 days 01:19:32.074000,278.0,281.0,249.0,331.0,False,SUPERSOFT,22.0,True,Mercedes,0 days 01:18:10.196000,,1,2.0,,,False,True
0 days 01:20:53.756000,HAM,44,0 days 00:01:21.700000,34.0,2.0,,,0 days 00:00:29.017000,0 days 00:00:31.793000,0 days 00:00:20.890000,0 days 01:20:01.091000,0 days 01:20:32.884000,0 days 01:20:53.774000,283.0,282.0,248.0,326.0,False,SUPERSOFT,23.0,True,Mercedes,0 days 01:19:32.056000,,1,2.0,,,False,True
0 days 01:22:15.126000,HAM,44,0 days 00:01:21.370000,35.0,2.0,,,0 days 00:00:28.792000,0 days 00:00:31.689000,0 days 00:00:20.889000,0 days 01:21:22.566000,0 days 01:21:54.255000,0 days 01:22:15.144000,290.0,281.0,250.0,327.0,False,SUPERSOFT,24.0,True,Mercedes,0 days 01:20:53.756000,,1,2.0,,,False,True
0 days 01:23:36.892000,HAM,44,0 days 00:01:21.766000,36.0,2.0,,,0 days 00:00:28.789000,0 days 00:00:31.854000,0 days 00:00:21.123000,0 days 01:22:43.933000,0 days 01:23:15.787000,0 days 01:23:36.910000,289.0,281.0,249.0,323.0,False,SUPERSOFT,25.0,True,Mercedes,0 days 01:22:15.126000,,1,2.0,,,False,True
0 days 01:24:58.955000,HAM,44,0 days 00:01:22.063000,37.0,2.0,,,0 days 00:00:28.884000,0 days 00:00:32.084000,0 days 00:00:21.095000,0 days 01:24:05.794000,0 days 01:24:37.878000,0 days 01:24:58.973000,292.0,281.0,248.0,332.0,False,SUPERSOFT,26.0,True,Mercedes,0 days 01:23:36.892000,,1,2.0,,,False,True
0 days 01:26:20.784000,HAM,44,0 days 00:01:21.829000,38.0,2.0,,,0 days 00:00:28.898000,0 days 00:00:31.843000,0 days 00:00:21.088000,0 days 01:25:27.871000,0 days 01:25:59.714000,0 days 01:26:20.802000,289.0,282.0,248.0,325.0,False,SUPERSOFT,27.0,True,Mercedes,0 days 01:24:58.955000,,1,2.0,,,False,True
0 days 01:27:44.527000,HAM,44,0 days 00:01:23.743000,39.0,2.0,,,0 days 00:00:29.697000,0 days 00:00:32.619000,0 days 00:00:21.427000,0 days 01:26:50.499000,0 days 01:27:23.118000,0 days 01:27:44.545000,289.0,283.0,248.0,326.0,False,SUPERSOFT,28.0,True,Mercedes,0 days 01:26:20.784000,,1,3.0,,,False,True
0 days 01:29:06.436000,HAM,44,0 days 00:01:21.909000,40.0,2.0,,,0 days 00:00:28.819000,0 days 00:00:31.899000,0 days 00:00:21.191000,0 days 01:28:13.364000,0 days 01:28:45.263000,0 days 01:29:06.454000,287.0,283.0,248.0,325.0,False,SUPERSOFT,29.0,True,Mercedes,0 days 01:27:44.527000,,1,3.0,,,False,True
0 days 01:30:28.294000,HAM,44,0 days 00:01:21.858000,41.0,2.0,,,0 days 00:00:28.927000,0 days 00:00:31.733000,0 days 00:00:21.198000,0 days 01:29:35.381000,0 days 01:30:07.114000,0 days 01:30:28.312000,288.0,283.0,246.0,325.0,False,SUPERSOFT,30.0,True,Mercedes,0 days 01:29:06.436000,,1,3.0,,,False,True
0 days 01:31:50.088000,HAM,44,0 days 00:01:21.794000,42.0,2.0,,,0 days 00:00:28.872000,0 days 00:00:31.749000,0 days 00:00:21.173000,0 days 01:30:57.184000,0 days 01:31:28.933000,0 days 01:31:50.106000,291.0,281.0,247.0,328.0,False,SUPERSOFT,31.0,True,Mercedes,0 days 01:30:28.294000,,1,3.0,,,False,True
0 days 01:33:12.074000,HAM,44,0 days 00:01:21.986000,43.0,2.0,,,0 days 00:00:28.941000,0 days 00:00:31.842000,0 days 00:00:21.203000,0 days 01:32:19.047000,0 days 01:32:50.889000,0 days 01:33:12.092000,295.0,282.0,248.0,329.0,False,SUPERSOFT,32.0,True,Mercedes,0 days 01:31:50.088000,,1,3.0,,,False,True
0 days 01:34:33.904000,HAM,44,0 days 00:01:21.830000,44.0,2.0,,,0 days 00:00:28.915000,0 days 00:00:31.807000,0 days 00:00:21.108000,0 days 01:33:41.007000,0 days 01:34:12.814000,0 days 01:34:33.922000,293.0,282.0,248.0,328.0,False,SUPERSOFT,33.0,True,Mercedes,0 days 01:33:12.074000,,1,3.0,,,False,True
0 days 01:35:56.322000,HAM,44,0 days 00:01:22.418000,45.0,2.0,,,0 days 00:00:29.109000,0 days 00:00:32.201000,0 days 00:00:21.108000,0 days 01:35:03.031000,0 days 01:35:35.232000,0 days 01:35:56.340000,290.0,284.0,250.0,327.0,False,SUPERSOFT,34.0,True,Mercedes,0 days 01:34:33.904000,,1,3.0,,,False,True
0 days 01:37:18.352000,HAM,44,0 days 00:01:22.030000,46.0,2.0,,,0 days 00:00:29.073000,0 days 00:00:31.834000,0 days 00:00:21.123000,0 days 01:36:25.413000,0 days 01:36:57.247000,0 days 01:37:18.370000,294.0,283.0,250.0,318.0,False,SUPERSOFT,35.0,True,Mercedes,0 days 01:35:56.322000,,1,3.0,,,False,True
0 days 01:38:45.482000,HAM,44,0 days 00:01:27.130000,47.0,2.0,,0 days 01:38:42.873000,0 days 00:00:29.318000,0 days 00:00:33.027000,0 days 00:00:24.785000,0 days 01:37:47.688000,0 days 01:38:20.715000,0 days 01:38:45.500000,264.0,281.0,,321.0,False,SUPERSOFT,36.0,True,Mercedes,0 days 01:37:18.352000,,1,4.0,,,False,False
0 days 01:40:25.958000,HAM,44,0 days 00:01:40.476000,48.0,3.0,0 days 01:39:05.211000,,0 days 00:00:47.631000,0 days 00:00:32.075000,0 days 00:00:20.770000,0 days 01:39:33.131000,0 days 01:40:05.206000,0 days 01:40:25.976000,274.0,281.0,250.0,308.0,False,ULTRASOFT,6.0,False,Mercedes,0 days 01:38:45.482000,,1,6.0,,,False,False
0 days 01:41:46.686000,HAM,44,0 days 00:01:20.728000,49.0,3.0,,,0 days 00:00:28.715000,0 days 00:00:31.291000,0 days 00:00:20.722000,0 days 01:40:54.691000,0 days 01:41:25.982000,0 days 01:41:46.704000,287.0,282.0,250.0,321.0,True,ULTRASOFT,7.0,False,Mercedes,0 days 01:40:25.958000,,1,5.0,,,False,True
0 days 01:43:08.112000,HAM,44,0 days 00:01:21.426000,50.0,3.0,,,0 days 00:00:28.915000,0 days 00:00:31.682000,0 days 00:00:20.829000,0 days 01:42:15.619000,0 days 01:42:47.301000,0 days 01:43:08.130000,280.0,279.0,248.0,322.0,False,ULTRASOFT,8.0,False,Mercedes,0 days 01:41:46.686000,,1,5.0,,,False,True
0 days 01:44:28.928000,HAM,44,0 days 00:01:20.816000,51.0,3.0,,,0 days 00:00:28.686000,0 days 00:00:31.371000,0 days 00:00:20.759000,0 days 01:43:36.816000,0 days 01:44:08.187000,0 days 01:44:28.946000,292.0,284.0,250.0,319.0,False,ULTRASOFT,9.0,False,Mercedes,0 days 01:43:08.112000,,1,5.0,,,False,True
0 days 01:45:49.718000,HAM,44,0 days 00:01:20.790000,52.0,3.0,,,0 days 00:00:28.679000,0 days 00:00:31.404000,0 days 00:00:20.707000,0 days 01:44:57.625000,0 days 01:45:29.029000,0 days 01:45:49.736000,291.0,283.0,250.0,327.0,False,ULTRASOFT,10.0,False,Mercedes,0 days 01:44:28.928000,,1,5.0,,,False,True
0 days 01:47:10.912000,HAM,44,0 days 00:01:21.194000,53.0,3.0,,,0 days 00:00:28.684000,0 days 00:00:31.514000,0 days 00:00:20.996000,0 days 01:46:18.420000,0 days 01:46:49.934000,0 days 01:47:10.930000,284.0,282.0,249.0,328.0,False,ULTRASOFT,11.0,False,Mercedes,0 days 01:45:49.718000,,1,5.0,,,False,True
0 days 01:48:33.207000,HAM,44,0 days 00:01:22.295000,54.0,3.0,,,0 days 00:00:28.855000,0 days 00:00:32.021000,0 days 00:00:21.419000,0 days 01:47:39.785000,0 days 01:48:11.806000,0 days 01:48:33.225000,277.0,281.0,247.0,327.0,False,ULTRASOFT,12.0,False,Mercedes,0 days 01:47:10.912000,,1,5.0,,,False,True
0 days 01:49:55.199000,HAM,44,0 days 00:01:21.992000,55.0,3.0,,,0 days 00:00:29.116000,0 days 00:00:31.707000,0 days 00:00:21.169000,0 days 01:49:02.341000,0 days 01:49:34.048000,0 days 01:49:55.217000,286.0,282.0,247.0,324.0,False,ULTRASOFT,13.0,False,Mercedes,0 days 01:48:33.207000,,1,5.0,,,False,True
0 days 01:51:17.441000,HAM,44,0 days 00:01:22.242000,56.0,3.0,,,0 days 00:00:28.945000,0 days 00:00:31.990000,0 days 00:00:21.307000,0 days 01:50:24.162000,0 days 01:50:56.152000,0 days 01:51:17.459000,287.0,282.0,247.0,326.0,False,ULTRASOFT,14.0,False,Mercedes,0 days 01:49:55.199000,,1,5.0,,,False,True
0 days 01:52:40.403000,HAM,44,0 days 00:01:22.962000,57.0,3.0,,,0 days 00:00:29.155000,0 days 00:00:32.334000,0 days 00:00:21.473000,0 days 01:51:46.614000,0 days 01:52:18.948000,0 days 01:52:40.421000,279.0,281.0,247.0,323.0,False,ULTRASOFT,15.0,False,Mercedes,0 days 01:51:17.441000,,1,5.0,,,False,True
0 days 01:54:02.994000,HAM,44,0 days 00:01:22.591000,58.0,3.0,,,0 days 00:00:29.025000,0 days 00:00:32.227000,0 days 00:00:21.339000,0 days 01:53:09.446000,0 days 01:53:41.673000,0 days 01:54:03.012000,290.0,281.0,246.0,327.0,False,ULTRASOFT,16.0,False,Mercedes,0 days 01:52:40.403000,,1,5.0,,,False,True
0 days 01:55:26.124000,HAM,44,0 days 00:01:23.130000,59.0,3.0,,,0 days 00:00:29.067000,0 days 00:00:32.563000,0 days 00:00:21.500000,0 days 01:54:32.079000,0 days 01:55:04.642000,0 days 01:55:26.142000,286.0,283.0,246.0,327.0,False,ULTRASOFT,17.0,False,Mercedes,0 days 01:54:02.994000,,1,5.0,,,False,True
0 days 01:56:49.214000,HAM,44,0 days 00:01:23.090000,60.0,3.0,,,0 days 00:00:29.113000,0 days 00:00:32.295000,0 days 00:00:21.682000,0 days 01:55:55.255000,0 days 01:56:27.550000,0 days 01:56:49.232000,276.0,281.0,246.0,322.0,False,ULTRASOFT,18.0,False,Mercedes,0 days 01:55:26.124000,,1,5.0,,,False,True
0 days 01:58:12.960000,HAM,44,0 days 00:01:23.746000,61.0,3.0,,,0 days 00:00:29.306000,0 days 00:00:32.553000,0 days 00:00:21.887000,0 days 01:57:18.538000,0 days 01:57:51.091000,0 days 01:58:12.978000,285.0,282.0,245.0,330.0,False,ULTRASOFT,19.0,False,Mercedes,0 days 01:56:49.214000,,12,5.0,,,False,True
0 days 02:00:06.201000,HAM,44,0 days 00:01:53.241000,62.0,3.0,,,0 days 00:00:40.969000,0 days 00:00:43.816000,0 days 00:00:28.456000,0 days 01:58:53.947000,0 days 01:59:37.763000,0 days 02:00:06.219000,208.0,184.0,204.0,229.0,False,ULTRASOFT,20.0,False,Mercedes,0 days 01:58:12.960000,,26,4.0,,,False,False
0 days 02:01:40.979000,HAM,44,0 days 00:01:34.778000,63.0,3.0,,,0 days 00:00:38.430000,0 days 00:00:34.894000,0 days 00:00:21.454000,0 days 02:00:44.649000,0 days 02:01:19.543000,0 days 02:01:40.997000,232.0,281.0,247.0,184.0,False,ULTRASOFT,21.0,False,Mercedes,0 days 02:00:06.201000,,671,4.0,,,False,False
0 days 02:03:03.979000,HAM,44,0 days 00:01:23,64.0,3.0,,,0 days 00:00:29.133000,0 days 00:00:32.333000,0 days 00:00:21.534000,0 days 02:02:10.130000,0 days 02:02:42.463000,0 days 02:03:03.997000,280.0,281.0,247.0,324.0,False,ULTRASOFT,22.0,False,Mercedes,0 days 02:01:40.979000,,1,4.0,,,False,True
0 days 02:04:27.164000,HAM,44,0 days 00:01:23.185000,65.0,3.0,,,0 days 00:00:29.306000,0 days 00:00:32.402000,0 days 00:00:21.477000,0 days 02:03:33.303000,0 days 02:04:05.705000,0 days 02:04:27.182000,268.0,283.0,247.0,320.0,False,ULTRASOFT,23.0,False,Mercedes,0 days 02:03:03.979000,,1,4.0,,,False,True
0 days 02:05:50.236000,HAM,44,0 days 00:01:23.072000,66.0,3.0,,,0 days 00:00:29.354000,0 days 00:00:32.329000,0 days 00:00:21.389000,0 days 02:04:56.536000,0 days 02:05:28.865000,0 days 02:05:50.254000,278.0,283.0,247.0,316.0,False,ULTRASOFT,24.0,False,Mercedes,0 days 02:04:27.164000,,1,4.0,,,False,True
0 days 02:07:12.932000,HAM,44,0 days 00:01:22.696000,67.0,3.0,,,0 days 00:00:29.148000,0 days 00:00:32.172000,0 days 00:00:21.376000,0 days 02:06:19.402000,0 days 02:06:51.574000,0 days 02:07:12.950000,285.0,285.0,248.0,329.0,False,ULTRASOFT,25.0,False,Mercedes,0 days 02:05:50.236000,,1,4.0,,,False,True
0 days 02:08:35.702000,HAM,44,0 days 00:01:22.770000,68.0,3.0,,,0 days 00:00:28.826000,0 days 00:00:32.671000,0 days 00:00:21.273000,0 days 02:07:41.776000,0 days 02:08:14.447000,0 days 02:08:35.720000,295.0,282.0,250.0,331.0,False,ULTRASOFT,26.0,False,Mercedes,0 days 02:07:12.932000,,1,4.0,,,False,True
0 days 02:09:58.053000,HAM,44,0 days 00:01:22.351000,69.0,3.0,,,0 days 00:00:28.950000,0 days 00:00:32.031000,0 days 00:00:21.370000,0 days 02:09:04.670000,0 days 02:09:36.701000,0 days 02:09:58.071000,280.0,284.0,247.0,328.0,False,ULTRASOFT,27.0,False,Mercedes,0 days 02:08:35.702000,,1,4.0,,,False,True
0 days 02:11:20.747000,HAM,44,0 days 00:01:22.694000,70.0,3.0,,,0 days 00:00:29.033000,0 days 00:00:32.208000,0 days 00:00:21.453000,0 days 02:10:27.104000,0 days 02:10:59.312000,0 days 02:11:20.765000,283.0,284.0,249.0,329.0,False,ULTRASOFT,28.0,False,Mercedes,0 days 02:09:58.053000,,1,4.0,,,False,True
0 days 02:12:46.475000,HAM,44,0 days 00:01:25.728000,71.0,3.0,,,0 days 00:00:29.489000,0 days 00:00:33.335000,0 days 00:00:22.904000,0 days 02:11:50.254000,0 days 02:12:23.589000,0 days 02:12:46.493000,252.0,279.0,180.0,327.0,False,ULTRASOFT,29.0,False,Mercedes,0 days 02:11:20.747000,,1,4.0,,,False,True
0 days 00:34:25.397000,VET,5,0 days 00:01:26.511000,1.0,1.0,,,,0 days 00:00:33.073000,0 days 00:00:21.097000,,0 days 00:34:04.331000,0 days 00:34:25.550000,295.0,289.0,257.0,302.0,False,ULTRASOFT,4.0,False,Ferrari,0 days 00:32:58.703000,,1,4.0,,,False,False
0 days 00:35:47.196000,VET,5,0 days 00:01:21.799000,2.0,1.0,,,0 days 00:00:28.503000,0 days 00:00:32.156000,0 days 00:00:21.140000,0 days 00:34:53.921000,0 days 00:35:26.077000,0 days 00:35:47.217000,297.0,285.0,255.0,334.0,True,ULTRASOFT,5.0,False,Ferrari,0 days 00:34:25.397000,,1,4.0,,,False,True
0 days 00:37:09.616000,VET,5,0 days 00:01:22.420000,3.0,1.0,,,0 days 00:00:28.553000,0 days 00:00:32.368000,0 days 00:00:21.499000,0 days 00:36:15.770000,0 days 00:36:48.138000,0 days 00:37:09.637000,301.0,280.0,251.0,340.0,False,ULTRASOFT,6.0,False,Ferrari,0 days 00:35:47.196000,,1,4.0,,,False,True
0 days 00:38:31.575000,VET,5,0 days 00:01:21.959000,4.0,1.0,,,0 days 00:00:28.532000,0 days 00:00:32.088000,0 days 00:00:21.339000,0 days 00:37:38.169000,0 days 00:38:10.257000,0 days 00:38:31.596000,298.0,285.0,249.0,336.0,False,ULTRASOFT,7.0,False,Ferrari,0 days 00:37:09.616000,,12,4.0,,,False,True
0 days 00:40:11.273000,VET,5,0 days 00:01:39.698000,5.0,1.0,,,0 days 00:00:28.843000,0 days 00:00:45.078000,0 days 00:00:25.777000,0 days 00:39:00.439000,0 days 00:39:45.517000,0 days 00:40:11.294000,266.0,181.0,235.0,335.0,False,ULTRASOFT,8.0,False,Ferrari,0 days 00:38:31.575000,,2167,4.0,,,False,False
0 days 00:41:33.558000,VET,5,0 days 00:01:22.285000,6.0,1.0,,,0 days 00:00:28.951000,0 days 00:00:31.935000,0 days 00:00:21.399000,0 days 00:40:40.245000,0 days 00:41:12.180000,0 days 00:41:33.579000,296.0,283.0,252.0,334.0,False,ULTRASOFT,9.0,False,Ferrari,0 days 00:40:11.273000,,1,4.0,,,False,True
0 days 00:42:55.476000,VET,5,0 days 00:01:21.918000,7.0,1.0,,,0 days 00:00:28.647000,0 days 00:00:31.977000,0 days 00:00:21.294000,0 days 00:42:02.226000,0 days 00:42:34.203000,0 days 00:42:55.497000,301.0,283.0,252.0,334.0,False,ULTRASOFT,10.0,False,Ferrari,0 days 00:41:33.558000,,1,4.0,,,False,True
0 days 00:44:17.348000,VET,5,0 days 00:01:21.872000,8.0,1.0,,,0 days 00:00:28.735000,0 days 00:00:31.865000,0 days 00:00:21.272000,0 days 00:43:24.232000,0 days 00:43:56.097000,0 days 00:44:17.369000,298.0,284.0,250.0,334.0,False,ULTRASOFT,11.0,False,Ferrari,0 days 00:42:55.476000,,1,4.0,,,False,True
0 days 00:45:39.355000,VET,5,0 days 00:01:22.007000,9.0,1.0,,,0 days 00:00:28.599000,0 days 00:00:31.962000,0 days 00:00:21.446000,0 days 00:44:45.968000,0 days 00:45:17.930000,0 days 00:45:39.376000,300.0,283.0,251.0,334.0,False,ULTRASOFT,12.0,False,Ferrari,0 days 00:44:17.348000,,1,4.0,,,False,True
0 days 00:47:01.379000,VET,5,0 days 00:01:22.024000,10.0,1.0,,,0 days 00:00:28.754000,0 days 00:00:31.874000,0 days 00:00:21.396000,0 days 00:46:08.130000,0 days 00:46:40.004000,0 days 00:47:01.400000,295.0,284.0,251.0,335.0,False,ULTRASOFT,13.0,False,Ferrari,0 days 00:45:39.355000,,1,4.0,,,False,True
0 days 00:48:23.874000,VET,5,0 days 00:01:22.495000,11.0,1.0,,,0 days 00:00:28.759000,0 days 00:00:32.049000,0 days 00:00:21.687000,0 days 00:47:30.159000,0 days 00:48:02.208000,0 days 00:48:23.895000,301.0,285.0,250.0,336.0,False,ULTRASOFT,14.0,False,Ferrari,0 days 00:47:01.379000,,1,3.0,,,False,True
0 days 00:49:46.515000,VET,5,0 days 00:01:22.641000,12.0,1.0,,,0 days 00:00:28.684000,0 days 00:00:32.269000,0 days 00:00:21.688000,0 days 00:48:52.579000,0 days 00:49:24.848000,0 days 00:49:46.536000,299.0,285.0,250.0,337.0,False,ULTRASOFT,15.0,False,Ferrari,0 days 00:48:23.874000,,1,2.0,,,False,True
0 days 00:51:09.015000,VET,5,0 days 00:01:22.500000,13.0,1.0,,,0 days 00:00:28.888000,0 days 00:00:32.138000,0 days 00:00:21.474000,0 days 00:50:15.424000,0 days 00:50:47.562000,0 days 00:51:09.036000,293.0,284.0,251.0,330.0,False,ULTRASOFT,16.0,False,Ferrari,0 days 00:49:46.515000,,1,2.0,,,False,True
0 days 00:52:31.065000,VET,5,0 days 00:01:22.050000,14.0,1.0,,,0 days 00:00:28.749000,0 days 00:00:31.949000,0 days 00:00:21.352000,0 days 00:51:37.785000,0 days 00:52:09.734000,0 days 00:52:31.086000,293.0,283.0,252.0,329.0,False,ULTRASOFT,17.0,False,Ferrari,0 days 00:51:09.015000,,1,1.0,,,False,True
0 days 00:53:53.223000,VET,5,0 days 00:01:22.158000,15.0,1.0,,,0 days 00:00:28.816000,0 days 00:00:31.962000,0 days 00:00:21.380000,0 days 00:52:59.902000,0 days 00:53:31.864000,0 days 00:53:53.244000,294.0,285.0,253.0,328.0,False,ULTRASOFT,18.0,False,Ferrari,0 days 00:52:31.065000,,1,1.0,,,False,True
0 days 00:55:15.350000,VET,5,0 days 00:01:22.127000,16.0,1.0,,,0 days 00:00:28.735000,0 days 00:00:31.973000,0 days 00:00:21.419000,0 days 00:54:21.979000,0 days 00:54:53.952000,0 days 00:55:15.371000,295.0,284.0,252.0,330.0,False,ULTRASOFT,19.0,False,Ferrari,0 days 00:53:53.223000,,1,1.0,,,False,True
0 days 00:56:40.901000,VET,5,0 days 00:01:25.551000,17.0,1.0,,0 days 00:56:38.311000,0 days 00:00:28.744000,0 days 00:00:32.229000,0 days 00:00:24.578000,0 days 00:55:44.115000,0 days 00:56:16.344000,0 days 00:56:40.922000,295.0,286.0,,331.0,False,ULTRASOFT,20.0,False,Ferrari,0 days 00:55:15.350000,,1,1.0,,,False,False
0 days 00:58:20.606000,VET,5,0 days 00:01:39.705000,18.0,2.0,0 days 00:57:00.939000,,0 days 00:00:47.235000,0 days 00:00:31.588000,0 days 00:00:20.882000,0 days 00:57:28.157000,0 days 00:57:59.745000,0 days 00:58:20.627000,298.0,286.0,256.0,318.0,False,SUPERSOFT,1.0,True,Ferrari,0 days 00:56:40.901000,,1,4.0,,,False,False
0 days 00:59:41.682000,VET,5,0 days 00:01:21.076000,19.0,2.0,,,0 days 00:00:28.293000,0 days 00:00:31.742000,0 days 00:00:21.041000,0 days 00:58:48.920000,0 days 00:59:20.662000,0 days 00:59:41.703000,294.0,286.0,255.0,335.0,True,SUPERSOFT,2.0,True,Ferrari,0 days 00:58:20.606000,,1,4.0,,,False,True
0 days 01:01:02.824000,VET,5,0 days 00:01:21.142000,20.0,2.0,,,0 days 00:00:28.379000,0 days 00:00:31.718000,0 days 00:00:21.045000,0 days 01:00:10.082000,0 days 01:00:41.800000,0 days 01:01:02.845000,294.0,285.0,255.0,334.0,False,SUPERSOFT,3.0,True,Ferrari,0 days 00:59:41.682000,,1,4.0,,,False,True
0 days 01:02:23.952000,VET,5,0 days 00:01:21.128000,21.0,2.0,,,0 days 00:00:28.442000,0 days 00:00:31.644000,0 days 00:00:21.042000,0 days 01:01:31.287000,0 days 01:02:02.931000,0 days 01:02:23.973000,298.0,287.0,255.0,336.0,False,SUPERSOFT,4.0,True,Ferrari,0 days 01:01:02.824000,,1,4.0,,,False,True
0 days 01:03:44.952000,VET,5,0 days 00:01:21,22.0,2.0,,,0 days 00:00:28.363000,0 days 00:00:31.620000,0 days 00:00:21.017000,0 days 01:02:52.336000,0 days 01:03:23.956000,0 days 01:03:44.973000,292.0,288.0,256.0,338.0,True,SUPERSOFT,5.0,True,Ferrari,0 days 01:02:23.952000,,1,4.0,,,False,True
0 days 01:05:05.709000,VET,5,0 days 00:01:20.757000,23.0,2.0,,,0 days 00:00:28.330000,0 days 00:00:31.542000,0 days 00:00:20.885000,0 days 01:04:13.303000,0 days 01:04:44.845000,0 days 01:05:05.730000,290.0,289.0,256.0,340.0,True,SUPERSOFT,6.0,True,Ferrari,0 days 01:03:44.952000,,1,4.0,,,False,True
0 days 01:06:26.996000,VET,5,0 days 00:01:21.287000,24.0,2.0,,,0 days 00:00:28.521000,0 days 00:00:31.768000,0 days 00:00:20.998000,0 days 01:05:34.251000,0 days 01:06:06.019000,0 days 01:06:27.017000,293.0,289.0,255.0,336.0,False,SUPERSOFT,7.0,True,Ferrari,0 days 01:05:05.709000,,1,4.0,,,False,True
0 days 01:07:48.611000,VET,5,0 days 00:01:21.615000,25.0,2.0,,,0 days 00:00:28.670000,0 days 00:00:31.880000,0 days 00:00:21.065000,0 days 01:06:55.687000,0 days 01:07:27.567000,0 days 01:07:48.632000,294.0,289.0,254.0,336.0,False,SUPERSOFT,8.0,True,Ferrari,0 days 01:06:26.996000,,1,4.0,,,False,True
0 days 01:09:10.351000,VET,5,0 days 00:01:21.740000,26.0,2.0,,,0 days 00:00:28.669000,0 days 00:00:31.856000,0 days 00:00:21.215000,0 days 01:08:17.301000,0 days 01:08:49.157000,0 days 01:09:10.372000,285.0,290.0,254.0,336.0,False,SUPERSOFT,9.0,True,Ferrari,0 days 01:07:48.611000,,1,4.0,,,False,True
0 days 01:10:32.452000,VET,5,0 days 00:01:22.101000,27.0,2.0,,,0 days 00:00:28.660000,0 days 00:00:32.267000,0 days 00:00:21.174000,0 days 01:09:39.032000,0 days 01:10:11.299000,0 days 01:10:32.473000,296.0,289.0,254.0,343.0,False,SUPERSOFT,10.0,True,Ferrari,0 days 01:09:10.351000,,1,4.0,,,False,True
0 days 01:11:54.180000,VET,5,0 days 00:01:21.728000,28.0,2.0,,,0 days 00:00:28.664000,0 days 00:00:32.094000,0 days 00:00:20.970000,0 days 01:11:01.137000,0 days 01:11:33.231000,0 days 01:11:54.201000,292.0,290.0,256.0,338.0,False,SUPERSOFT,11.0,True,Ferrari,0 days 01:10:32.452000,,1,4.0,,,False,True
0 days 01:13:16.532000,VET,5,0 days 00:01:22.352000,29.0,2.0,,,0 days 00:00:28.573000,0 days 00:00:32.088000,0 days 00:00:21.691000,0 days 01:12:22.774000,0 days 01:12:54.862000,0 days 01:13:16.553000,291.0,293.0,257.0,333.0,False,SUPERSOFT,12.0,True,Ferrari,0 days 01:11:54.180000,,1,4.0,,,False,True
0 days 01:14:39.468000,VET,5,0 days 00:01:22.936000,30.0,2.0,,,0 days 00:00:28.310000,0 days 00:00:32.613000,0 days 00:00:22.013000,0 days 01:13:44.863000,0 days 01:14:17.476000,0 days 01:14:39.489000,312.0,290.0,257.0,356.0,False,SUPERSOFT,13.0,True,Ferrari,0 days 01:13:16.532000,,12,4.0,,,False,True
0 days 01:16:32.057000,VET,5,0 days 00:01:52.589000,31.0,2.0,,,0 days 00:00:43.079000,0 days 00:00:41.133000,0 days 00:00:28.377000,0 days 01:15:22.568000,0 days 01:16:03.701000,0 days 01:16:32.078000,237.0,178.0,195.0,135.0,False,SUPERSOFT,14.0,True,Ferrari,0 days 01:14:39.468000,,26,4.0,,,False,False
0 days 01:18:14.365000,VET,5,0 days 00:01:42.308000,32.0,2.0,,,0 days 00:00:38.242000,0 days 00:00:42.243000,0 days 00:00:21.823000,0 days 01:17:10.320000,0 days 01:17:52.563000,0 days 01:18:14.386000,180.0,276.0,257.0,224.0,False,SUPERSOFT,15.0,True,Ferrari,0 days 01:16:32.057000,,671,4.0,,,False,False
0 days 01:19:36.452000,VET,5,0 days 00:01:22.087000,33.0,2.0,,,0 days 00:00:28.149000,0 days 00:00:32.376000,0 days 00:00:21.562000,0 days 01:18:42.535000,0 days 01:19:14.911000,0 days 01:19:36.473000,292.0,291.0,258.0,360.0,False,SUPERSOFT,16.0,True,Ferrari,0 days 01:18:14.365000,,1,4.0,,,False,True
0 days 01:20:57.760000,VET,5,0 days 00:01:21.308000,34.0,2.0,,,0 days 00:00:28.818000,0 days 00:00:31.652000,0 days 00:00:20.838000,0 days 01:20:05.291000,0 days 01:20:36.943000,0 days 01:20:57.781000,302.0,290.0,255.0,357.0,False,SUPERSOFT,17.0,True,Ferrari,0 days 01:19:36.452000,,1,3.0,,,False,True
0 days 01:22:18.616000,VET,5,0 days 00:01:20.856000,35.0,2.0,,,0 days 00:00:28.484000,0 days 00:00:31.515000,0 days 00:00:20.857000,0 days 01:21:26.265000,0 days 01:21:57.780000,0 days 01:22:18.637000,295.0,289.0,257.0,332.0,False,SUPERSOFT,18.0,True,Ferrari,0 days 01:20:57.760000,,1,3.0,,,False,True
0 days 01:23:39.361000,VET,5,0 days 00:01:20.745000,36.0,2.0,,,0 days 00:00:28.418000,0 days 00:00:31.375000,0 days 00:00:20.952000,0 days 01:22:47.055000,0 days 01:23:18.430000,0 days 01:23:39.382000,299.0,290.0,255.0,332.0,True,SUPERSOFT,19.0,True,Ferrari,0 days 01:22:18.616000,,1,3.0,,,False,True
0 days 01:25:00.430000,VET,5,0 days 00:01:21.069000,37.0,2.0,,,0 days 00:00:28.432000,0 days 00:00:31.646000,0 days 00:00:20.991000,0 days 01:24:07.814000,0 days 01:24:39.460000,0 days 01:25:00.451000,300.0,290.0,256.0,335.0,False,SUPERSOFT,20.0,True,Ferrari,0 days 01:23:39.361000,,1,3.0,,,False,True
0 days 01:26:21.574000,VET,5,0 days 00:01:21.144000,38.0,2.0,,,0 days 00:00:28.508000,0 days 00:00:31.685000,0 days 00:00:20.951000,0 days 01:25:28.959000,0 days 01:26:00.644000,0 days 01:26:21.595000,296.0,290.0,258.0,334.0,False,SUPERSOFT,21.0,True,Ferrari,0 days 01:25:00.430000,,1,3.0,,,False,True
0 days 01:27:42.090000,VET,5,0 days 00:01:20.516000,39.0,2.0,,,0 days 00:00:28.282000,0 days 00:00:31.445000,0 days 00:00:20.789000,0 days 01:26:49.877000,0 days 01:27:21.322000,0 days 01:27:42.111000,312.0,291.0,257.0,349.0,True,SUPERSOFT,22.0,True,Ferrari,0 days 01:26:21.574000,,1,2.0,,,False,True
0 days 01:29:02.476000,VET,5,0 days 00:01:20.386000,40.0,2.0,,,0 days 00:00:28.460000,0 days 00:00:31.253000,0 days 00:00:20.673000,0 days 01:28:10.571000,0 days 01:28:41.824000,0 days 01:29:02.497000,300.0,289.0,256.0,328.0,True,SUPERSOFT,23.0,True,Ferrari,0 days 01:27:42.090000,,1,2.0,,,False,True
0 days 01:30:22.739000,VET,5,0 days 00:01:20.263000,41.0,2.0,,,0 days 00:00:28.409000,0 days 00:00:31.233000,0 days 00:00:20.621000,0 days 01:29:30.906000,0 days 01:30:02.139000,0 days 01:30:22.760000,302.0,288.0,256.0,329.0,True,SUPERSOFT,24.0,True,Ferrari,0 days 01:29:02.476000,,1,2.0,,,False,True
0 days 01:31:42.999000,VET,5,0 days 00:01:20.260000,42.0,2.0,,,0 days 00:00:28.446000,0 days 00:00:31.166000,0 days 00:00:20.648000,0 days 01:30:51.206000,0 days 01:31:22.372000,0 days 01:31:43.020000,301.0,288.0,257.0,330.0,True,SUPERSOFT,25.0,True,Ferrari,0 days 01:30:22.739000,,1,2.0,,,False,True
0 days 01:33:03.111000,VET,5,0 days 00:01:20.112000,43.0,2.0,,,0 days 00:00:28.280000,0 days 00:00:31.106000,0 days 00:00:20.726000,0 days 01:32:11.300000,0 days 01:32:42.406000,0 days 01:33:03.132000,303.0,289.0,256.0,332.0,True,SUPERSOFT,26.0,True,Ferrari,0 days 01:31:42.999000,,1,2.0,,,False,True
0 days 01:34:23.249000,VET,5,0 days 00:01:20.138000,44.0,2.0,,,0 days 00:00:28.307000,0 days 00:00:31.153000,0 days 00:00:20.678000,0 days 01:33:31.439000,0 days 01:34:02.592000,0 days 01:34:23.270000,301.0,289.0,257.0,332.0,False,SUPERSOFT,27.0,True,Ferrari,0 days 01:33:03.111000,,1,2.0,,,False,True
0 days 01:35:43.587000,VET,5,0 days 00:01:20.338000,45.0,2.0,,,0 days 00:00:28.350000,0 days 00:00:31.180000,0 days 00:00:20.808000,0 days 01:34:51.620000,0 days 01:35:22.800000,0 days 01:35:43.608000,307.0,290.0,257.0,332.0,False,SUPERSOFT,28.0,True,Ferrari,0 days 01:34:23.249000,,1,2.0,,,False,True
0 days 01:37:03.990000,VET,5,0 days 00:01:20.403000,46.0,2.0,,,0 days 00:00:28.386000,0 days 00:00:31.122000,0 days 00:00:20.895000,0 days 01:36:11.994000,0 days 01:36:43.116000,0 days 01:37:04.011000,303.0,291.0,258.0,332.0,False,SUPERSOFT,29.0,True,Ferrari,0 days 01:35:43.587000,,1,2.0,,,False,True
0 days 01:38:27.929000,VET,5,0 days 00:01:23.939000,47.0,2.0,,0 days 01:38:25.338000,0 days 00:00:28.279000,0 days 00:00:31.417000,0 days 00:00:24.243000,0 days 01:37:32.290000,0 days 01:38:03.707000,0 days 01:38:27.950000,302.0,290.0,,334.0,False,SUPERSOFT,30.0,True,Ferrari,0 days 01:37:03.990000,,1,2.0,,,False,False
0 days 01:40:05.155000,VET,5,0 days 00:01:37.226000,48.0,3.0,0 days 01:38:47.056000,,0 days 00:00:45.849000,0 days 00:00:30.816000,0 days 00:00:20.561000,0 days 01:39:13.799000,0 days 01:39:44.615000,0 days 01:40:05.176000,302.0,291.0,259.0,320.0,False,ULTRASOFT,1.0,True,Ferrari,0 days 01:38:27.929000,,1,3.0,,,False,False
0 days 01:41:24.677000,VET,5,0 days 00:01:19.522000,49.0,3.0,,,0 days 00:00:27.993000,0 days 00:00:30.901000,0 days 00:00:20.628000,0 days 01:40:33.169000,0 days 01:41:04.070000,0 days 01:41:24.698000,306.0,292.0,258.0,337.0,True,ULTRASOFT,2.0,True,Ferrari,0 days 01:40:05.155000,,1,3.0,,,False,True
0 days 01:42:45.020000,VET,5,0 days 00:01:20.343000,50.0,3.0,,,0 days 00:00:28.005000,0 days 00:00:31.464000,0 days 00:00:20.874000,0 days 01:41:52.703000,0 days 01:42:24.167000,0 days 01:42:45.041000,288.0,291.0,257.0,338.0,False,ULTRASOFT,3.0,True,Ferrari,0 days 01:41:24.677000,,1,3.0,,,False,True
0 days 01:44:05.429000,VET,5,0 days 00:01:20.409000,51.0,3.0,,,0 days 00:00:28.215000,0 days 00:00:31.351000,0 days 00:00:20.843000,0 days 01:43:13.256000,0 days 01:43:44.607000,0 days 01:44:05.450000,295.0,291.0,258.0,338.0,False,ULTRASOFT,4.0,True,Ferrari,0 days 01:42:45.020000,,1,3.0,,,False,True
0 days 01:45:26.396000,VET,5,0 days 00:01:20.967000,52.0,3.0,,,0 days 00:00:28.221000,0 days 00:00:31.423000,0 days 00:00:21.323000,0 days 01:44:33.671000,0 days 01:45:05.094000,0 days 01:45:26.417000,302.0,292.0,259.0,339.0,False,ULTRASOFT,5.0,True,Ferrari,0 days 01:44:05.429000,,1,3.0,,,False,True
0 days 01:46:47.943000,VET,5,0 days 00:01:21.547000,53.0,3.0,,,0 days 00:00:28.059000,0 days 00:00:32.510000,0 days 00:00:20.978000,0 days 01:45:54.476000,0 days 01:46:26.986000,0 days 01:46:47.964000,295.0,288.0,257.0,352.0,False,ULTRASOFT,6.0,True,Ferrari,0 days 01:45:26.396000,,1,3.0,,,False,True
0 days 01:48:08.909000,VET,5,0 days 00:01:20.966000,54.0,3.0,,,0 days 00:00:28.223000,0 days 00:00:31.655000,0 days 00:00:21.088000,0 days 01:47:16.187000,0 days 01:47:47.842000,0 days 01:48:08.930000,302.0,291.0,257.0,340.0,False,ULTRASOFT,7.0,True,Ferrari,0 days 01:46:47.943000,,1,3.0,,,False,True
0 days 01:49:29.689000,VET,5,0 days 00:01:20.780000,55.0,3.0,,,0 days 00:00:27.941000,0 days 00:00:31.701000,0 days 00:00:21.138000,0 days 01:48:36.871000,0 days 01:49:08.572000,0 days 01:49:29.710000,307.0,291.0,260.0,359.0,False,ULTRASOFT,8.0,True,Ferrari,0 days 01:48:08.909000,,1,3.0,,,False,True
0 days 01:50:50.848000,VET,5,0 days 00:01:21.159000,56.0,3.0,,,0 days 00:00:28.357000,0 days 00:00:31.884000,0 days 00:00:20.918000,0 days 01:49:58.067000,0 days 01:50:29.951000,0 days 01:50:50.869000,297.0,292.0,260.0,344.0,False,ULTRASOFT,9.0,True,Ferrari,0 days 01:49:29.689000,,1,3.0,,,False,True
0 days 01:52:10.699000,VET,5,0 days 00:01:19.851000,57.0,3.0,,,0 days 00:00:27.904000,0 days 00:00:31.324000,0 days 00:00:20.623000,0 days 01:51:18.773000,0 days 01:51:50.097000,0 days 01:52:10.720000,307.0,295.0,259.0,350.0,False,ULTRASOFT,10.0,True,Ferrari,0 days 01:50:50.848000,,1,3.0,,,False,True
0 days 01:53:32.272000,VET,5,0 days 00:01:21.573000,58.0,3.0,,,0 days 00:00:28.315000,0 days 00:00:32.266000,0 days 00:00:20.992000,0 days 01:52:39.035000,0 days 01:53:11.301000,0 days 01:53:32.293000,300.0,284.0,257.0,341.0,False,ULTRASOFT,11.0,True,Ferrari,0 days 01:52:10.699000,,1,3.0,,,False,True
0 days 01:54:52.536000,VET,5,0 days 00:01:20.264000,59.0,3.0,,,0 days 00:00:28.120000,0 days 00:00:31.260000,0 days 00:00:20.884000,0 days 01:54:00.413000,0 days 01:54:31.673000,0 days 01:54:52.557000,309.0,292.0,259.0,338.0,False,ULTRASOFT,12.0,True,Ferrari,0 days 01:53:32.272000,,1,3.0,,,False,True
0 days 01:56:12.731000,VET,5,0 days 00:01:20.195000,60.0,3.0,,,0 days 00:00:28.138000,0 days 00:00:31.255000,0 days 00:00:20.802000,0 days 01:55:20.695000,0 days 01:55:51.950000,0 days 01:56:12.752000,305.0,292.0,258.0,339.0,False,ULTRASOFT,13.0,True,Ferrari,0 days 01:54:52.536000,,1,3.0,,,False,True
0 days 01:57:33.518000,VET,5,0 days 00:01:20.787000,61.0,3.0,,,0 days 00:00:28.232000,0 days 00:00:31.329000,0 days 00:00:21.226000,0 days 01:56:40.984000,0 days 01:57:12.313000,0 days 01:57:33.539000,300.0,293.0,258.0,337.0,False,ULTRASOFT,14.0,True,Ferrari,0 days 01:56:12.731000,,1,3.0,,,False,True
0 days 01:59:12.269000,VET,5,0 days 00:01:38.751000,62.0,3.0,,,0 days 00:00:28.898000,0 days 00:00:41.892000,0 days 00:00:27.961000,0 days 01:58:02.437000,0 days 01:58:44.329000,0 days 01:59:12.290000,293.0,205.0,181.0,335.0,False,ULTRASOFT,15.0,True,Ferrari,0 days 01:57:33.518000,,126,2.0,,,False,False
0 days 02:01:01.934000,VET,5,0 days 00:01:49.665000,63.0,3.0,,,0 days 00:00:39.532000,0 days 00:00:42.874000,0 days 00:00:27.259000,0 days 01:59:51.822000,0 days 02:00:34.696000,0 days 02:01:01.955000,175.0,126.0,246.0,218.0,False,ULTRASOFT,16.0,True,Ferrari,0 days 01:59:12.269000,,671,2.0,,,False,False
0 days 02:02:21.937000,VET,5,0 days 00:01:20.003000,64.0,3.0,,,0 days 00:00:28.489000,0 days 00:00:30.984000,0 days 00:00:20.530000,0 days 02:01:30.444000,0 days 02:02:01.428000,0 days 02:02:21.958000,301.0,289.0,257.0,325.0,False,ULTRASOFT,17.0,True,Ferrari,0 days 02:01:01.934000,,1,2.0,,,False,True
0 days 02:03:41.700000,VET,5,0 days 00:01:19.763000,65.0,3.0,,,0 days 00:00:28.290000,0 days 00:00:30.852000,0 days 00:00:20.621000,0 days 02:02:50.248000,0 days 02:03:21.100000,0 days 02:03:41.721000,301.0,289.0,258.0,328.0,False,ULTRASOFT,18.0,True,Ferrari,0 days 02:02:21.937000,,1,2.0,,,False,True
0 days 02:05:01.535000,VET,5,0 days 00:01:19.835000,66.0,3.0,,,0 days 00:00:28.051000,0 days 00:00:30.926000,0 days 00:00:20.858000,0 days 02:04:09.772000,0 days 02:04:40.698000,0 days 02:05:01.556000,306.0,292.0,258.0,332.0,False,ULTRASOFT,19.0,True,Ferrari,0 days 02:03:41.700000,,1,2.0,,,False,True
0 days 02:06:21.685000,VET,5,0 days 00:01:20.150000,67.0,3.0,,,0 days 00:00:28.356000,0 days 00:00:31.140000,0 days 00:00:20.654000,0 days 02:05:29.912000,0 days 02:06:01.052000,0 days 02:06:21.706000,296.0,290.0,258.0,336.0,False,ULTRASOFT,20.0,True,Ferrari,0 days 02:05:01.535000,,1,2.0,,,False,True
0 days 02:07:41.731000,VET,5,0 days 00:01:20.046000,68.0,3.0,,,0 days 00:00:28.390000,0 days 00:00:30.917000,0 days 00:00:20.739000,0 days 02:06:50.096000,0 days 02:07:21.013000,0 days 02:07:41.752000,304.0,290.0,258.0,329.0,False,ULTRASOFT,21.0,True,Ferrari,0 days 02:06:21.685000,,1,2.0,,,False,True
0 days 02:09:01.709000,VET,5,0 days 00:01:19.978000,69.0,3.0,,,0 days 00:00:28.276000,0 days 00:00:30.947000,0 days 00:00:20.755000,0 days 02:08:10.028000,0 days 02:08:40.975000,0 days 02:09:01.730000,305.0,290.0,257.0,329.0,False,ULTRASOFT,22.0,True,Ferrari,0 days 02:07:41.731000,,1,2.0,,,False,True
0 days 02:10:22.660000,VET,5,0 days 00:01:20.951000,70.0,3.0,,,0 days 00:00:28.414000,0 days 00:00:31.485000,0 days 00:00:21.052000,0 days 02:09:30.144000,0 days 02:10:01.629000,0 days 02:10:22.681000,298.0,289.0,256.0,329.0,False,ULTRASOFT,23.0,True,Ferrari,0 days 02:09:01.709000,,1,2.0,,,False,True
0 days 02:11:45.053000,VET,5,0 days 00:01:22.393000,71.0,3.0,,,0 days 00:00:28.773000,0 days 00:00:31.764000,0 days 00:00:21.856000,0 days 02:10:51.454000,0 days 02:11:23.218000,0 days 02:11:45.074000,282.0,289.0,219.0,310.0,False,ULTRASOFT,24.0,True,Ferrari,0 days 02:10:22.660000,,1,2.0,,,False,True
0 days 00:34:27.496000,SAI,55,0 days 00:01:28.610000,1.0,1.0,,,,0 days 00:00:34.116000,0 days 00:00:21.684000,,0 days 00:34:06.265000,0 days 00:34:27.704000,260.0,282.0,249.0,293.0,False,HYPERSOFT,4.0,False,Renault,0 days 00:32:58.703000,,1,6.0,,,False,False
0 days 00:35:51.326000,SAI,55,0 days 00:01:23.830000,2.0,1.0,,,0 days 00:00:29.750000,0 days 00:00:32.937000,0 days 00:00:21.143000,0 days 00:34:57.270000,0 days 00:35:30.207000,0 days 00:35:51.350000,278.0,284.0,248.0,329.0,True,HYPERSOFT,5.0,False,Renault,0 days 00:34:27.496000,,1,7.0,,,False,True
0 days 00:37:14.724000,SAI,55,0 days 00:01:23.398000,3.0,1.0,,,0 days 00:00:29.177000,0 days 00:00:32.812000,0 days 00:00:21.409000,0 days 00:36:20.527000,0 days 00:36:53.339000,0 days 00:37:14.748000,275.0,283.0,247.0,330.0,True,HYPERSOFT,6.0,False,Renault,0 days 00:35:51.326000,,1,7.0,,,False,True
0 days 00:38:37.615000,SAI,55,0 days 00:01:22.891000,4.0,1.0,,,0 days 00:00:29.192000,0 days 00:00:32.569000,0 days 00:00:21.130000,0 days 00:37:43.940000,0 days 00:38:16.509000,0 days 00:38:37.639000,287.0,282.0,248.0,328.0,True,HYPERSOFT,7.0,False,Renault,0 days 00:37:14.724000,,12,7.0,,,False,True
0 days 00:40:18.949000,SAI,55,0 days 00:01:41.334000,5.0,1.0,,,0 days 00:00:37.217000,0 days 00:00:38.896000,0 days 00:00:25.221000,0 days 00:39:14.856000,0 days 00:39:53.752000,0 days 00:40:18.973000,173.0,214.0,250.0,328.0,False,HYPERSOFT,8.0,False,Renault,0 days 00:38:37.615000,,2167,7.0,,,False,False
0 days 00:41:41.335000,SAI,55,0 days 00:01:22.386000,6.0,1.0,,,0 days 00:00:28.879000,0 days 00:00:32.271000,0 days 00:00:21.236000,0 days 00:40:47.852000,0 days 00:41:20.123000,0 days 00:41:41.359000,293.0,279.0,247.0,325.0,True,HYPERSOFT,9.0,False,Renault,0 days 00:40:18.949000,,1,7.0,,,False,True
0 days 00:43:04.471000,SAI,55,0 days 00:01:23.136000,7.0,1.0,,,0 days 00:00:28.981000,0 days 00:00:32.593000,0 days 00:00:21.562000,0 days 00:42:10.340000,0 days 00:42:42.933000,0 days 00:43:04.495000,291.0,279.0,246.0,325.0,False,HYPERSOFT,10.0,False,Renault,0 days 00:41:41.335000,,1,7.0,,,False,True
0 days 00:44:28.082000,SAI,55,0 days 00:01:23.611000,8.0,1.0,,,0 days 00:00:29.154000,0 days 00:00:32.930000,0 days 00:00:21.527000,0 days 00:43:33.649000,0 days 00:44:06.579000,0 days 00:44:28.106000,286.0,278.0,247.0,325.0,False,HYPERSOFT,11.0,False,Renault,0 days 00:43:04.471000,,1,7.0,,,False,True
0 days 00:45:51.932000,SAI,55,0 days 00:01:23.850000,9.0,1.0,,,0 days 00:00:29.137000,0 days 00:00:33.017000,0 days 00:00:21.696000,0 days 00:44:57.243000,0 days 00:45:30.260000,0 days 00:45:51.956000,287.0,277.0,245.0,325.0,False,HYPERSOFT,12.0,False,Renault,0 days 00:44:28.082000,,1,7.0,,,False,True
0 days 00:47:15.984000,SAI,55,0 days 00:01:24.052000,10.0,1.0,,,0 days 00:00:29.230000,0 days 00:00:33.089000,0 days 00:00:21.733000,0 days 00:46:21.186000,0 days 00:46:54.275000,0 days 00:47:16.008000,289.0,278.0,245.0,325.0,False,HYPERSOFT,13.0,False,Renault,0 days 00:45:51.932000,,1,7.0,,,False,True
0 days 00:48:43.460000,SAI,55,0 days 00:01:27.476000,11.0,1.0,,0 days 00:48:40.835000,0 days 00:00:29.342000,0 days 00:00:33.097000,0 days 00:00:25.037000,0 days 00:47:45.350000,0 days 00:48:18.447000,0 days 00:48:43.484000,290.0,278.0,,325.0,False,HYPERSOFT,14.0,False,Renault,0 days 00:47:15.984000,,1,8.0,,,False,False
0 days 00:50:25.876000,SAI,55,0 days 00:01:42.416000,12.0,2.0,0 days 00:49:03.493000,,0 days 00:00:48.116000,0 days 00:00:32.713000,0 days 00:00:21.587000,0 days 00:49:31.600000,0 days 00:50:04.313000,0 days 00:50:25.900000,270.0,283.0,248.0,312.0,False,SUPERSOFT,1.0,True,Renault,0 days 00:48:43.460000,,1,12.0,,,False,False
0 days 00:51:50.723000,SAI,55,0 days 00:01:24.847000,13.0,2.0,,,0 days 00:00:29.125000,0 days 00:00:33.713000,0 days 00:00:22.009000,0 days 00:50:55.025000,0 days 00:51:28.738000,0 days 00:51:50.747000,271.0,282.0,252.0,331.0,False,SUPERSOFT,2.0,True,Renault,0 days 00:50:25.876000,,1,11.0,,,False,True
0 days 00:53:16.428000,SAI,55,0 days 00:01:25.705000,14.0,2.0,,,0 days 00:00:29.333000,0 days 00:00:34.166000,0 days 00:00:22.206000,0 days 00:52:20.080000,0 days 00:52:54.246000,0 days 00:53:16.452000,270.0,283.0,248.0,344.0,False,SUPERSOFT,3.0,True,Renault,0 days 00:51:50.723000,,1,9.0,,,False,True
0 days 00:54:40.274000,SAI,55,0 days 00:01:23.846000,15.0,2.0,,,0 days 00:00:28.799000,0 days 00:00:33.132000,0 days 00:00:21.915000,0 days 00:53:45.251000,0 days 00:54:18.383000,0 days 00:54:40.298000,270.0,279.0,246.0,346.0,False,SUPERSOFT,4.0,True,Renault,0 days 00:53:16.428000,,1,8.0,,,False,True
0 days 00:56:04.024000,SAI,55,0 days 00:01:23.750000,16.0,2.0,,,0 days 00:00:29.117000,0 days 00:00:32.947000,0 days 00:00:21.686000,0 days 00:55:09.415000,0 days 00:55:42.362000,0 days 00:56:04.048000,284.0,279.0,248.0,325.0,False,SUPERSOFT,5.0,True,Renault,0 days 00:54:40.274000,,1,8.0,,,False,True
0 days 00:57:28.163000,SAI,55,0 days 00:01:24.139000,17.0,2.0,,,0 days 00:00:29.332000,0 days 00:00:33.025000,0 days 00:00:21.782000,0 days 00:56:33.380000,0 days 00:57:06.405000,0 days 00:57:28.187000,285.0,280.0,246.0,324.0,False,SUPERSOFT,6.0,True,Renault,0 days 00:56:04.024000,,1,8.0,,,False,True
0 days 00:58:52.465000,SAI,55,0 days 00:01:24.302000,18.0,2.0,,,0 days 00:00:29.213000,0 days 00:00:33.365000,0 days 00:00:21.724000,0 days 00:57:57.400000,0 days 00:58:30.765000,0 days 00:58:52.489000,275.0,278.0,247.0,324.0,False,SUPERSOFT,7.0,True,Renault,0 days 00:57:28.163000,,1,8.0,,,False,True
0 days 01:00:16.875000,SAI,55,0 days 00:01:24.410000,19.0,2.0,,,0 days 00:00:29.111000,0 days 00:00:33.347000,0 days 00:00:21.952000,0 days 00:59:21.600000,0 days 00:59:54.947000,0 days 01:00:16.899000,284.0,278.0,247.0,325.0,False,SUPERSOFT,8.0,True,Renault,0 days 00:58:52.465000,,1,8.0,,,False,True
0 days 01:01:41.432000,SAI,55,0 days 00:01:24.557000,20.0,2.0,,,0 days 00:00:29.251000,0 days 00:00:33.346000,0 days 00:00:21.960000,0 days 01:00:46.150000,0 days 01:01:19.496000,0 days 01:01:41.456000,278.0,278.0,246.0,324.0,False,SUPERSOFT,9.0,True,Renault,0 days 01:00:16.875000,,1,8.0,,,False,True
0 days 01:03:05.251000,SAI,55,0 days 00:01:23.819000,21.0,2.0,,,0 days 00:00:29.211000,0 days 00:00:32.719000,0 days 00:00:21.889000,0 days 01:02:10.667000,0 days 01:02:43.386000,0 days 01:03:05.275000,290.0,281.0,247.0,324.0,False,SUPERSOFT,10.0,True,Renault,0 days 01:01:41.432000,,1,8.0,,,False,True
0 days 01:04:30.236000,SAI,55,0 days 00:01:24.985000,22.0,2.0,,,0 days 00:00:29.232000,0 days 00:00:33.699000,0 days 00:00:22.054000,0 days 01:03:34.507000,0 days 01:04:08.206000,0 days 01:04:30.260000,280.0,278.0,247.0,325.0,False,SUPERSOFT,11.0,True,Renault,0 days 01:03:05.251000,,1,8.0,,,False,True
0 days 01:05:54.441000,SAI,55,0 days 00:01:24.205000,23.0,2.0,,,0 days 00:00:29.029000,0 days 00:00:33.166000,0 days 00:00:22.010000,0 days 01:04:59.289000,0 days 01:05:32.455000,0 days 01:05:54.465000,284.0,280.0,246.0,324.0,False,SUPERSOFT,12.0,True,Renault,0 days 01:04:30.236000,,1,8.0,,,False,True
0 days 01:07:19.234000,SAI,55,0 days 00:01:24.793000,24.0,2.0,,,0 days 00:00:29.440000,0 days 00:00:33.344000,0 days 00:00:22.009000,0 days 01:06:23.905000,0 days 01:06:57.249000,0 days 01:07:19.258000,281.0,281.0,245.0,324.0,False,SUPERSOFT,13.0,True,Renault,0 days 01:05:54.441000,,1,8.0,,,False,True
0 days 01:08:44.217000,SAI,55,0 days 00:01:24.983000,25.0,2.0,,,0 days 00:00:29.416000,0 days 00:00:33.525000,0 days 00:00:22.042000,0 days 01:07:48.674000,0 days 01:08:22.199000,0 days 01:08:44.241000,288.0,280.0,245.0,325.0,False,SUPERSOFT,14.0,True,Renault,0 days 01:07:19.234000,,1,8.0,,,False,True
0 days 01:10:09.409000,SAI,55,0 days 00:01:25.192000,26.0,2.0,,,0 days 00:00:29.426000,0 days 00:00:33.692000,0 days 00:00:22.074000,0 days 01:09:13.667000,0 days 01:09:47.359000,0 days 01:10:09.433000,279.0,282.0,247.0,323.0,False,SUPERSOFT,15.0,True,Renault,0 days 01:08:44.217000,,1,8.0,,,False,True
0 days 01:11:33.986000,SAI,55,0 days 00:01:24.577000,27.0,2.0,,,0 days 00:00:29.314000,0 days 00:00:33.430000,0 days 00:00:21.833000,0 days 01:10:38.747000,0 days 01:11:12.177000,0 days 01:11:34.010000,280.0,283.0,248.0,322.0,False,SUPERSOFT,16.0,True,Renault,0 days 01:10:09.409000,,1,8.0,,,False,True
0 days 01:12:58.125000,SAI,55,0 days 00:01:24.139000,28.0,2.0,,,0 days 00:00:29.228000,0 days 00:00:33.017000,0 days 00:00:21.894000,0 days 01:12:03.238000,0 days 01:12:36.255000,0 days 01:12:58.149000,282.0,284.0,247.0,322.0,False,SUPERSOFT,17.0,True,Renault,0 days 01:11:33.986000,,1,8.0,,,False,True
0 days 01:15:28.125000,SAI,55,,29.0,2.0,,,,,,,,,,,,,,SUPERSOFT,18.0,True,Renault,0 days 01:12:58.125000,,126,,,,True,False
0 days 00:34:28.030000,RAI,7,0 days 00:01:29.144000,1.0,1.0,,,,0 days 00:00:34.266000,0 days 00:00:21.811000,,0 days 00:34:06.694000,0 days 00:34:28.157000,246.0,286.0,253.0,305.0,False,ULTRASOFT,5.0,False,Ferrari,0 days 00:32:58.703000,,1,7.0,,,False,False
0 days 00:35:50.088000,RAI,7,0 days 00:01:22.058000,2.0,1.0,,,0 days 00:00:28.505000,0 days 00:00:32.287000,0 days 00:00:21.266000,0 days 00:34:56.543000,0 days 00:35:28.830000,0 days 00:35:50.096000,282.0,285.0,250.0,353.0,True,ULTRASOFT,6.0,False,Ferrari,0 days 00:34:28.030000,,1,6.0,,,False,True
0 days 00:37:12.394000,RAI,7,0 days 00:01:22.306000,3.0,1.0,,,0 days 00:00:28.946000,0 days 00:00:32.059000,0 days 00:00:21.301000,0 days 00:36:19.042000,0 days 00:36:51.101000,0 days 00:37:12.402000,288.0,284.0,251.0,343.0,False,ULTRASOFT,7.0,False,Ferrari,0 days 00:35:50.088000,,1,6.0,,,False,True
0 days 00:38:34.810000,RAI,7,0 days 00:01:22.416000,4.0,1.0,,,0 days 00:00:28.684000,0 days 00:00:32.227000,0 days 00:00:21.505000,0 days 00:37:41.086000,0 days 00:38:13.313000,0 days 00:38:34.818000,299.0,283.0,249.0,341.0,False,ULTRASOFT,8.0,False,Ferrari,0 days 00:37:12.394000,,12,6.0,,,False,True
0 days 00:40:15.100000,RAI,7,0 days 00:01:40.290000,5.0,1.0,,,0 days 00:00:31.757000,0 days 00:00:43.810000,0 days 00:00:24.723000,0 days 00:39:06.575000,0 days 00:39:50.385000,0 days 00:40:15.108000,127.0,212.0,251.0,341.0,False,ULTRASOFT,9.0,False,Ferrari,0 days 00:38:34.810000,,2167,6.0,,,False,False
0 days 00:41:36.827000,RAI,7,0 days 00:01:21.727000,6.0,1.0,,,0 days 00:00:28.447000,0 days 00:00:31.986000,0 days 00:00:21.294000,0 days 00:40:43.555000,0 days 00:41:15.541000,0 days 00:41:36.835000,298.0,283.0,251.0,340.0,True,ULTRASOFT,10.0,False,Ferrari,0 days 00:40:15.100000,,1,6.0,,,False,True
0 days 00:42:59.132000,RAI,7,0 days 00:01:22.305000,7.0,1.0,,,0 days 00:00:28.640000,0 days 00:00:32.365000,0 days 00:00:21.300000,0 days 00:42:05.475000,0 days 00:42:37.840000,0 days 00:42:59.140000,299.0,286.0,250.0,341.0,False,ULTRASOFT,11.0,False,Ferrari,0 days 00:41:36.827000,,1,6.0,,,False,True
0 days 00:44:21.933000,RAI,7,0 days 00:01:22.801000,8.0,1.0,,,0 days 00:00:28.666000,0 days 00:00:32.704000,0 days 00:00:21.431000,0 days 00:43:27.806000,0 days 00:44:00.510000,0 days 00:44:21.941000,288.0,284.0,251.0,356.0,False,ULTRASOFT,12.0,False,Ferrari,0 days 00:42:59.132000,,1,6.0,,,False,True
0 days 00:45:45.021000,RAI,7,0 days 00:01:23.088000,9.0,1.0,,,0 days 00:00:28.923000,0 days 00:00:32.571000,0 days 00:00:21.594000,0 days 00:44:50.864000,0 days 00:45:23.435000,0 days 00:45:45.029000,274.0,284.0,249.0,332.0,False,ULTRASOFT,13.0,False,Ferrari,0 days 00:44:21.933000,,1,6.0,,,False,True
0 days 00:47:08.796000,RAI,7,0 days 00:01:23.775000,10.0,1.0,,,0 days 00:00:29.044000,0 days 00:00:32.848000,0 days 00:00:21.883000,0 days 00:46:14.073000,0 days 00:46:46.921000,0 days 00:47:08.804000,293.0,279.0,249.0,342.0,False,ULTRASOFT,14.0,False,Ferrari,0 days 00:45:45.021000,,1,6.0,,,False,True
0 days 00:48:33.110000,RAI,7,0 days 00:01:24.314000,11.0,1.0,,,0 days 00:00:28.991000,0 days 00:00:33.111000,0 days 00:00:22.212000,0 days 00:47:37.795000,0 days 00:48:10.906000,0 days 00:48:33.118000,294.0,280.0,250.0,340.0,False,ULTRASOFT,15.0,False,Ferrari,0 days 00:47:08.796000,,1,5.0,,,False,True
0 days 00:49:56.556000,RAI,7,0 days 00:01:23.446000,12.0,1.0,,,0 days 00:00:28.679000,0 days 00:00:32.507000,0 days 00:00:22.260000,0 days 00:49:01.797000,0 days 00:49:34.304000,0 days 00:49:56.564000,292.0,286.0,251.0,335.0,False,ULTRASOFT,16.0,False,Ferrari,0 days 00:48:33.110000,,1,4.0,,,False,True
0 days 00:51:19.698000,RAI,7,0 days 00:01:23.142000,13.0,1.0,,,0 days 00:00:28.869000,0 days 00:00:32.608000,0 days 00:00:21.665000,0 days 00:50:25.433000,0 days 00:50:58.041000,0 days 00:51:19.706000,298.0,282.0,249.0,332.0,False,ULTRASOFT,17.0,False,Ferrari,0 days 00:49:56.556000,,1,3.0,,,False,True
0 days 00:52:43.724000,RAI,7,0 days 00:01:24.026000,14.0,1.0,,,0 days 00:00:29.059000,0 days 00:00:32.760000,0 days 00:00:22.207000,0 days 00:51:48.765000,0 days 00:52:21.525000,0 days 00:52:43.732000,298.0,282.0,251.0,332.0,False,ULTRASOFT,18.0,False,Ferrari,0 days 00:51:19.698000,,1,2.0,,,False,True
0 days 00:54:07.818000,RAI,7,0 days 00:01:24.094000,15.0,1.0,,,0 days 00:00:29.421000,0 days 00:00:33.008000,0 days 00:00:21.665000,0 days 00:53:13.153000,0 days 00:53:46.161000,0 days 00:54:07.826000,284.0,281.0,251.0,330.0,False,ULTRASOFT,19.0,False,Ferrari,0 days 00:52:43.724000,,1,3.0,,,False,True
0 days 00:55:31.037000,RAI,7,0 days 00:01:23.219000,16.0,1.0,,,0 days 00:00:28.827000,0 days 00:00:32.681000,0 days 00:00:21.711000,0 days 00:54:36.653000,0 days 00:55:09.334000,0 days 00:55:31.045000,293.0,284.0,249.0,336.0,False,ULTRASOFT,20.0,False,Ferrari,0 days 00:54:07.818000,,1,3.0,,,False,True
0 days 00:57:00.267000,RAI,7,0 days 00:01:29.230000,17.0,1.0,,0 days 00:56:57.626000,0 days 00:00:30.151000,0 days 00:00:33.959000,0 days 00:00:25.120000,0 days 00:56:01.196000,0 days 00:56:35.155000,0 days 00:57:00.275000,236.0,282.0,,331.0,False,ULTRASOFT,21.0,False,Ferrari,0 days 00:55:31.037000,,1,5.0,,,False,False
0 days 00:58:40.354000,RAI,7,0 days 00:01:40.087000,18.0,2.0,0 days 00:57:19.645000,,0 days 00:00:47.096000,0 days 00:00:31.977000,0 days 00:00:21.014000,0 days 00:57:47.371000,0 days 00:58:19.348000,0 days 00:58:40.362000,293.0,283.0,253.0,314.0,False,SUPERSOFT,1.0,True,Ferrari,0 days 00:57:00.267000,,1,6.0,,,False,False
0 days 01:00:00.688000,RAI,7,0 days 00:01:20.334000,19.0,2.0,,,0 days 00:00:28.293000,0 days 00:00:31.340000,0 days 00:00:20.701000,0 days 00:59:08.655000,0 days 00:59:39.995000,0 days 01:00:00.696000,295.0,284.0,254.0,331.0,True,SUPERSOFT,2.0,True,Ferrari,0 days 00:58:40.354000,,1,6.0,,,False,True
0 days 01:01:21.408000,RAI,7,0 days 00:01:20.720000,20.0,2.0,,,0 days 00:00:28.401000,0 days 00:00:31.493000,0 days 00:00:20.826000,0 days 01:00:29.097000,0 days 01:01:00.590000,0 days 01:01:21.416000,295.0,283.0,254.0,331.0,False,SUPERSOFT,3.0,True,Ferrari,0 days 01:00:00.688000,,1,6.0,,,False,True
0 days 01:02:42.119000,RAI,7,0 days 00:01:20.711000,21.0,2.0,,,0 days 00:00:28.291000,0 days 00:00:31.421000,0 days 00:00:20.999000,0 days 01:01:49.707000,0 days 01:02:21.128000,0 days 01:02:42.127000,290.0,285.0,253.0,332.0,False,SUPERSOFT,4.0,True,Ferrari,0 days 01:01:21.408000,,1,6.0,,,False,True
0 days 01:04:03.227000,RAI,7,0 days 00:01:21.108000,22.0,2.0,,,0 days 00:00:28.438000,0 days 00:00:31.584000,0 days 00:00:21.086000,0 days 01:03:10.565000,0 days 01:03:42.149000,0 days 01:04:03.235000,297.0,285.0,253.0,333.0,False,SUPERSOFT,5.0,True,Ferrari,0 days 01:02:42.119000,,1,6.0,,,False,True
0 days 01:05:24.289000,RAI,7,0 days 00:01:21.062000,23.0,2.0,,,0 days 00:00:28.661000,0 days 00:00:31.400000,0 days 00:00:21.001000,0 days 01:04:31.896000,0 days 01:05:03.296000,0 days 01:05:24.297000,301.0,287.0,253.0,333.0,False,SUPERSOFT,6.0,True,Ferrari,0 days 01:04:03.227000,,1,6.0,,,False,True
0 days 01:06:45.584000,RAI,7,0 days 00:01:21.295000,24.0,2.0,,,0 days 00:00:28.792000,0 days 00:00:31.356000,0 days 00:00:21.147000,0 days 01:05:53.089000,0 days 01:06:24.445000,0 days 01:06:45.592000,298.0,285.0,252.0,331.0,False,SUPERSOFT,7.0,True,Ferrari,0 days 01:05:24.289000,,1,6.0,,,False,True
0 days 01:08:07.170000,RAI,7,0 days 00:01:21.586000,25.0,2.0,,,0 days 00:00:28.705000,0 days 00:00:31.757000,0 days 00:00:21.124000,0 days 01:07:14.297000,0 days 01:07:46.054000,0 days 01:08:07.178000,290.0,286.0,253.0,333.0,False,SUPERSOFT,8.0,True,Ferrari,0 days 01:06:45.584000,,1,6.0,,,False,True
0 days 01:09:28.652000,RAI,7,0 days 00:01:21.482000,26.0,2.0,,,0 days 00:00:28.640000,0 days 00:00:31.621000,0 days 00:00:21.221000,0 days 01:08:35.818000,0 days 01:09:07.439000,0 days 01:09:28.660000,299.0,285.0,253.0,332.0,False,SUPERSOFT,9.0,True,Ferrari,0 days 01:08:07.170000,,1,6.0,,,False,True
0 days 01:10:49.560000,RAI,7,0 days 00:01:20.908000,27.0,2.0,,,0 days 00:00:28.346000,0 days 00:00:31.480000,0 days 00:00:21.082000,0 days 01:09:57.006000,0 days 01:10:28.486000,0 days 01:10:49.568000,303.0,289.0,253.0,333.0,False,SUPERSOFT,10.0,True,Ferrari,0 days 01:09:28.652000,,1,6.0,,,False,True
0 days 01:12:10.808000,RAI,7,0 days 00:01:21.248000,28.0,2.0,,,0 days 00:00:28.555000,0 days 00:00:31.489000,0 days 00:00:21.204000,0 days 01:11:18.123000,0 days 01:11:49.612000,0 days 01:12:10.816000,297.0,291.0,253.0,335.0,False,SUPERSOFT,11.0,True,Ferrari,0 days 01:10:49.560000,,1,6.0,,,False,True
0 days 01:13:32.461000,RAI,7,0 days 00:01:21.653000,29.0,2.0,,,0 days 00:00:28.503000,0 days 00:00:31.979000,0 days 00:00:21.171000,0 days 01:12:39.319000,0 days 01:13:11.298000,0 days 01:13:32.469000,298.0,288.0,254.0,339.0,False,SUPERSOFT,12.0,True,Ferrari,0 days 01:12:10.808000,,1,6.0,,,False,True
0 days 01:14:59.899000,RAI,7,0 days 00:01:27.438000,30.0,2.0,,,0 days 00:00:28.498000,0 days 00:00:31.916000,0 days 00:00:27.024000,0 days 01:14:00.967000,0 days 01:14:32.883000,0 days 01:14:59.907000,301.0,290.0,160.0,337.0,False,SUPERSOFT,13.0,True,Ferrari,0 days 01:13:32.461000,,126,6.0,,,False,False
0 days 01:16:49.599000,RAI,7,0 days 00:01:49.700000,31.0,2.0,,,0 days 00:00:38.726000,0 days 00:00:44.469000,0 days 00:00:26.505000,0 days 01:15:38.633000,0 days 01:16:23.102000,0 days 01:16:49.607000,201.0,188.0,198.0,199.0,False,SUPERSOFT,14.0,True,Ferrari,0 days 01:14:59.899000,,6,6.0,,,False,False
0 days 01:18:28.113000,RAI,7,0 days 00:01:38.514000,32.0,2.0,,,0 days 00:00:39.358000,0 days 00:00:37.159000,0 days 00:00:21.997000,0 days 01:17:28.965000,0 days 01:18:06.124000,0 days 01:18:28.121000,194.0,290.0,252.0,186.0,False,SUPERSOFT,15.0,True,Ferrari,0 days 01:16:49.599000,,671,6.0,,,False,False
0 days 01:19:49.581000,RAI,7,0 days 00:01:21.468000,33.0,2.0,,,0 days 00:00:28.460000,0 days 00:00:31.941000,0 days 00:00:21.067000,0 days 01:18:56.581000,0 days 01:19:28.522000,0 days 01:19:49.589000,305.0,291.0,254.0,351.0,False,SUPERSOFT,16.0,True,Ferrari,0 days 01:18:28.113000,,1,6.0,,,False,True
0 days 01:21:11.182000,RAI,7,0 days 00:01:21.601000,34.0,2.0,,,0 days 00:00:28.666000,0 days 00:00:31.766000,0 days 00:00:21.169000,0 days 01:20:18.255000,0 days 01:20:50.021000,0 days 01:21:11.190000,300.0,290.0,256.0,333.0,False,SUPERSOFT,17.0,True,Ferrari,0 days 01:19:49.581000,,1,6.0,,,False,True
0 days 01:22:32.206000,RAI,7,0 days 00:01:21.024000,35.0,2.0,,,0 days 00:00:27.790000,0 days 00:00:31.971000,0 days 00:00:21.263000,0 days 01:21:38.980000,0 days 01:22:10.951000,0 days 01:22:32.214000,300.0,291.0,257.0,355.0,False,SUPERSOFT,18.0,True,Ferrari,0 days 01:21:11.182000,,1,6.0,,,False,True
0 days 01:23:53.627000,RAI,7,0 days 00:01:21.421000,36.0,2.0,,,0 days 00:00:28.140000,0 days 00:00:31.981000,0 days 00:00:21.300000,0 days 01:23:00.354000,0 days 01:23:32.335000,0 days 01:23:53.635000,314.0,292.0,254.0,353.0,False,SUPERSOFT,19.0,True,Ferrari,0 days 01:22:32.206000,,1,6.0,,,False,True
0 days 01:25:16.699000,RAI,7,0 days 00:01:23.072000,37.0,2.0,,,0 days 00:00:28.493000,0 days 00:00:32.685000,0 days 00:00:21.894000,0 days 01:24:22.128000,0 days 01:24:54.813000,0 days 01:25:16.707000,289.0,288.0,254.0,336.0,False,SUPERSOFT,20.0,True,Ferrari,0 days 01:23:53.627000,,1,6.0,,,False,True
0 days 01:26:38.550000,RAI,7,0 days 00:01:21.851000,38.0,2.0,,,0 days 00:00:28.831000,0 days 00:00:31.822000,0 days 00:00:21.198000,0 days 01:25:45.538000,0 days 01:26:17.360000,0 days 01:26:38.558000,288.0,289.0,254.0,332.0,False,SUPERSOFT,21.0,True,Ferrari,0 days 01:25:16.699000,,1,6.0,,,False,True
0 days 01:28:00.011000,RAI,7,0 days 00:01:21.461000,39.0,2.0,,,0 days 00:00:28.495000,0 days 00:00:31.801000,0 days 00:00:21.165000,0 days 01:27:07.053000,0 days 01:27:38.854000,0 days 01:28:00.019000,298.0,289.0,255.0,333.0,False,SUPERSOFT,22.0,True,Ferrari,0 days 01:26:38.550000,,1,6.0,,,False,True
0 days 01:29:21.233000,RAI,7,0 days 00:01:21.222000,40.0,2.0,,,0 days 00:00:28.479000,0 days 00:00:31.690000,0 days 00:00:21.053000,0 days 01:28:28.498000,0 days 01:29:00.188000,0 days 01:29:21.241000,302.0,290.0,254.0,332.0,False,SUPERSOFT,23.0,True,Ferrari,0 days 01:28:00.011000,,1,6.0,,,False,True
0 days 01:30:42.977000,RAI,7,0 days 00:01:21.744000,41.0,2.0,,,0 days 00:00:28.472000,0 days 00:00:32.052000,0 days 00:00:21.220000,0 days 01:29:49.713000,0 days 01:30:21.765000,0 days 01:30:42.985000,288.0,289.0,254.0,339.0,False,SUPERSOFT,24.0,True,Ferrari,0 days 01:29:21.233000,,1,6.0,,,False,True
0 days 01:32:04.211000,RAI,7,0 days 00:01:21.234000,42.0,2.0,,,0 days 00:00:28.496000,0 days 00:00:31.706000,0 days 00:00:21.032000,0 days 01:31:11.481000,0 days 01:31:43.187000,0 days 01:32:04.219000,302.0,286.0,255.0,333.0,False,SUPERSOFT,25.0,True,Ferrari,0 days 01:30:42.977000,,1,6.0,,,False,True
0 days 01:33:25.584000,RAI,7,0 days 00:01:21.373000,43.0,2.0,,,0 days 00:00:28.474000,0 days 00:00:31.721000,0 days 00:00:21.178000,0 days 01:32:32.693000,0 days 01:33:04.414000,0 days 01:33:25.592000,303.0,289.0,254.0,335.0,False,SUPERSOFT,26.0,True,Ferrari,0 days 01:32:04.211000,,1,6.0,,,False,True
0 days 01:34:46.532000,RAI,7,0 days 00:01:20.948000,44.0,2.0,,,0 days 00:00:28.578000,0 days 00:00:31.456000,0 days 00:00:20.914000,0 days 01:33:54.170000,0 days 01:34:25.626000,0 days 01:34:46.540000,300.0,290.0,255.0,334.0,False,SUPERSOFT,27.0,True,Ferrari,0 days 01:33:25.584000,,1,6.0,,,False,True
0 days 01:36:08.356000,RAI,7,0 days 00:01:21.824000,45.0,2.0,,,0 days 00:00:28.548000,0 days 00:00:32.161000,0 days 00:00:21.115000,0 days 01:35:15.088000,0 days 01:35:47.249000,0 days 01:36:08.364000,284.0,290.0,256.0,336.0,False,SUPERSOFT,28.0,True,Ferrari,0 days 01:34:46.532000,,1,6.0,,,False,True
0 days 01:37:29.271000,RAI,7,0 days 00:01:20.915000,46.0,2.0,,,0 days 00:00:28.414000,0 days 00:00:31.489000,0 days 00:00:21.012000,0 days 01:36:36.778000,0 days 01:37:08.267000,0 days 01:37:29.279000,305.0,292.0,257.0,334.0,False,SUPERSOFT,29.0,True,Ferrari,0 days 01:36:08.356000,,1,6.0,,,False,True
0 days 01:38:51.044000,RAI,7,0 days 00:01:21.773000,47.0,2.0,,,0 days 00:00:28.570000,0 days 00:00:32.029000,0 days 00:00:21.174000,0 days 01:37:57.849000,0 days 01:38:29.878000,0 days 01:38:51.052000,296.0,288.0,257.0,337.0,False,SUPERSOFT,30.0,True,Ferrari,0 days 01:37:29.271000,,1,6.0,,,False,True
0 days 01:40:11.894000,RAI,7,0 days 00:01:20.850000,48.0,2.0,,,0 days 00:00:27.957000,0 days 00:00:31.695000,0 days 00:00:21.198000,0 days 01:39:19.009000,0 days 01:39:50.704000,0 days 01:40:11.902000,305.0,291.0,256.0,362.0,False,SUPERSOFT,31.0,True,Ferrari,0 days 01:38:51.044000,,1,4.0,,,False,True
0 days 01:41:33.001000,RAI,7,0 days 00:01:21.107000,49.0,2.0,,,0 days 00:00:28.462000,0 days 00:00:31.589000,0 days 00:00:21.056000,0 days 01:40:40.364000,0 days 01:41:11.953000,0 days 01:41:33.009000,296.0,290.0,256.0,336.0,False,SUPERSOFT,32.0,True,Ferrari,0 days 01:40:11.894000,,1,4.0,,,False,True
0 days 01:42:54.358000,RAI,7,0 days 00:01:21.357000,50.0,2.0,,,0 days 00:00:28.589000,0 days 00:00:31.746000,0 days 00:00:21.022000,0 days 01:42:01.598000,0 days 01:42:33.344000,0 days 01:42:54.366000,301.0,289.0,256.0,334.0,False,SUPERSOFT,33.0,True,Ferrari,0 days 01:41:33.001000,,1,4.0,,,False,True
0 days 01:44:15.513000,RAI,7,0 days 00:01:21.155000,51.0,2.0,,,0 days 00:00:28.435000,0 days 00:00:31.641000,0 days 00:00:21.079000,0 days 01:43:22.801000,0 days 01:43:54.442000,0 days 01:44:15.521000,296.0,290.0,257.0,333.0,False,SUPERSOFT,34.0,True,Ferrari,0 days 01:42:54.358000,,1,4.0,,,False,True
0 days 01:45:36.639000,RAI,7,0 days 00:01:21.126000,52.0,2.0,,,0 days 00:00:28.437000,0 days 00:00:31.622000,0 days 00:00:21.067000,0 days 01:44:43.958000,0 days 01:45:15.580000,0 days 01:45:36.647000,303.0,290.0,257.0,333.0,False,SUPERSOFT,35.0,True,Ferrari,0 days 01:44:15.513000,,1,4.0,,,False,True
0 days 01:46:57.894000,RAI,7,0 days 00:01:21.255000,53.0,2.0,,,0 days 00:00:28.625000,0 days 00:00:31.603000,0 days 00:00:21.027000,0 days 01:46:05.272000,0 days 01:46:36.875000,0 days 01:46:57.902000,301.0,288.0,257.0,333.0,False,SUPERSOFT,36.0,True,Ferrari,0 days 01:45:36.639000,,1,4.0,,,False,True
0 days 01:48:18.799000,RAI,7,0 days 00:01:20.905000,54.0,2.0,,,0 days 00:00:28.408000,0 days 00:00:31.440000,0 days 00:00:21.057000,0 days 01:47:26.310000,0 days 01:47:57.750000,0 days 01:48:18.807000,302.0,290.0,256.0,336.0,False,SUPERSOFT,37.0,True,Ferrari,0 days 01:46:57.894000,,1,4.0,,,False,True
0 days 01:49:40.212000,RAI,7,0 days 00:01:21.413000,55.0,2.0,,,0 days 00:00:28.353000,0 days 00:00:31.808000,0 days 00:00:21.252000,0 days 01:48:47.160000,0 days 01:49:18.968000,0 days 01:49:40.220000,297.0,292.0,256.0,338.0,False,SUPERSOFT,38.0,True,Ferrari,0 days 01:48:18.799000,,1,4.0,,,False,True
0 days 01:51:01.612000,RAI,7,0 days 00:01:21.400000,56.0,2.0,,,0 days 00:00:28.661000,0 days 00:00:31.817000,0 days 00:00:20.922000,0 days 01:50:08.881000,0 days 01:50:40.698000,0 days 01:51:01.620000,294.0,289.0,257.0,342.0,False,SUPERSOFT,39.0,True,Ferrari,0 days 01:49:40.212000,,1,4.0,,,False,True
0 days 01:52:22.970000,RAI,7,0 days 00:01:21.358000,57.0,2.0,,,0 days 00:00:28.395000,0 days 00:00:31.906000,0 days 00:00:21.057000,0 days 01:51:30.015000,0 days 01:52:01.921000,0 days 01:52:22.978000,290.0,291.0,256.0,338.0,False,SUPERSOFT,40.0,True,Ferrari,0 days 01:51:01.612000,,1,4.0,,,False,True
0 days 01:53:45.277000,RAI,7,0 days 00:01:22.307000,58.0,2.0,,,0 days 00:00:28.384000,0 days 00:00:32.521000,0 days 00:00:21.402000,0 days 01:52:51.362000,0 days 01:53:23.883000,0 days 01:53:45.285000,285.0,293.0,255.0,340.0,False,SUPERSOFT,41.0,True,Ferrari,0 days 01:52:22.970000,,1,4.0,,,False,True
0 days 01:55:07.538000,RAI,7,0 days 00:01:22.261000,59.0,2.0,,,0 days 00:00:28.646000,0 days 00:00:32.587000,0 days 00:00:21.028000,0 days 01:54:13.931000,0 days 01:54:46.518000,0 days 01:55:07.546000,287.0,289.0,256.0,339.0,False,SUPERSOFT,42.0,True,Ferrari,0 days 01:53:45.277000,,1,4.0,,,False,True
0 days 01:56:31.238000,RAI,7,0 days 00:01:23.700000,60.0,2.0,,,0 days 00:00:28.530000,0 days 00:00:32.617000,0 days 00:00:22.553000,0 days 01:55:36.076000,0 days 01:56:08.693000,0 days 01:56:31.246000,292.0,285.0,256.0,339.0,False,SUPERSOFT,43.0,True,Ferrari,0 days 01:55:07.538000,,1,4.0,,,False,True
0 days 01:57:53.823000,RAI,7,0 days 00:01:22.585000,61.0,2.0,,,0 days 00:00:28.670000,0 days 00:00:32.451000,0 days 00:00:21.464000,0 days 01:56:59.916000,0 days 01:57:32.367000,0 days 01:57:53.831000,297.0,289.0,258.0,337.0,False,SUPERSOFT,44.0,True,Ferrari,0 days 01:56:31.238000,,1,4.0,,,False,True
0 days 01:59:39.866000,RAI,7,0 days 00:01:46.043000,62.0,2.0,,,0 days 00:00:36.561000,0 days 00:00:40.670000,0 days 00:00:28.812000,0 days 01:58:30.392000,0 days 01:59:11.062000,0 days 01:59:39.874000,171.0,219.0,165.0,309.0,False,SUPERSOFT,45.0,True,Ferrari,0 days 01:57:53.823000,,126,3.0,,,False,False
0 days 02:01:23.507000,RAI,7,0 days 00:01:43.641000,63.0,2.0,,,0 days 00:00:39.174000,0 days 00:00:42.522000,0 days 00:00:21.945000,0 days 02:00:19.048000,0 days 02:01:01.570000,0 days 02:01:23.515000,171.0,253.0,256.0,220.0,False,SUPERSOFT,46.0,True,Ferrari,0 days 01:59:39.866000,,671,3.0,,,False,False
0 days 02:02:45.434000,RAI,7,0 days 00:01:21.927000,64.0,2.0,,,0 days 00:00:28.928000,0 days 00:00:31.658000,0 days 00:00:21.341000,0 days 02:01:52.443000,0 days 02:02:24.101000,0 days 02:02:45.442000,293.0,289.0,257.0,327.0,False,SUPERSOFT,47.0,True,Ferrari,0 days 02:01:23.507000,,1,3.0,,,False,True
0 days 02:04:06.473000,RAI,7,0 days 00:01:21.039000,65.0,2.0,,,0 days 00:00:28.660000,0 days 00:00:31.423000,0 days 00:00:20.956000,0 days 02:03:14.102000,0 days 02:03:45.525000,0 days 02:04:06.481000,303.0,290.0,257.0,329.0,False,SUPERSOFT,48.0,True,Ferrari,0 days 02:02:45.434000,,1,3.0,,,False,True
0 days 02:05:27.866000,RAI,7,0 days 00:01:21.393000,66.0,2.0,,,0 days 00:00:28.609000,0 days 00:00:31.762000,0 days 00:00:21.022000,0 days 02:04:35.090000,0 days 02:05:06.852000,0 days 02:05:27.874000,295.0,290.0,258.0,330.0,False,SUPERSOFT,49.0,True,Ferrari,0 days 02:04:06.473000,,1,3.0,,,False,True
0 days 02:06:48.758000,RAI,7,0 days 00:01:20.892000,67.0,2.0,,,0 days 00:00:28.526000,0 days 00:00:31.389000,0 days 00:00:20.977000,0 days 02:05:56.400000,0 days 02:06:27.789000,0 days 02:06:48.766000,299.0,291.0,257.0,331.0,False,SUPERSOFT,50.0,True,Ferrari,0 days 02:05:27.866000,,1,3.0,,,False,True
0 days 02:08:10.429000,RAI,7,0 days 00:01:21.671000,68.0,2.0,,,0 days 00:00:28.642000,0 days 00:00:31.783000,0 days 00:00:21.246000,0 days 02:07:17.408000,0 days 02:07:49.191000,0 days 02:08:10.437000,296.0,287.0,257.0,332.0,False,SUPERSOFT,51.0,True,Ferrari,0 days 02:06:48.758000,,1,3.0,,,False,True
0 days 02:09:32.685000,RAI,7,0 days 00:01:22.256000,69.0,2.0,,,0 days 00:00:28.995000,0 days 00:00:32.036000,0 days 00:00:21.225000,0 days 02:08:39.432000,0 days 02:09:11.468000,0 days 02:09:32.693000,281.0,290.0,257.0,336.0,False,SUPERSOFT,52.0,True,Ferrari,0 days 02:08:10.429000,,1,3.0,,,False,True
0 days 02:10:54.430000,RAI,7,0 days 00:01:21.745000,70.0,2.0,,,0 days 00:00:29.014000,0 days 00:00:31.658000,0 days 00:00:21.073000,0 days 02:10:01.707000,0 days 02:10:33.365000,0 days 02:10:54.438000,287.0,287.0,255.0,336.0,False,SUPERSOFT,53.0,True,Ferrari,0 days 02:09:32.685000,,1,3.0,,,False,True
0 days 02:12:17.651000,RAI,7,0 days 00:01:23.221000,71.0,2.0,,,0 days 00:00:28.829000,0 days 00:00:32.200000,0 days 00:00:22.192000,0 days 02:11:23.267000,0 days 02:11:55.467000,0 days 02:12:17.659000,292.0,287.0,247.0,327.0,False,SUPERSOFT,54.0,True,Ferrari,0 days 02:10:54.430000,,1,3.0,,,False,True
0 days 00:34:26.741000,BOT,77,0 days 00:01:27.855000,1.0,1.0,,,,0 days 00:00:33.933000,0 days 00:00:21.603000,,0 days 00:34:05.874000,0 days 00:34:26.875000,276.0,281.0,248.0,315.0,False,ULTRASOFT,6.0,False,Mercedes,0 days 00:32:58.703000,,1,5.0,,,False,False
0 days 00:35:49.282000,BOT,77,0 days 00:01:22.541000,2.0,1.0,,,0 days 00:00:28.892000,0 days 00:00:32.201000,0 days 00:00:21.448000,0 days 00:34:55.651000,0 days 00:35:27.852000,0 days 00:35:49.300000,285.0,278.0,247.0,334.0,True,ULTRASOFT,7.0,False,Mercedes,0 days 00:34:26.741000,,1,5.0,,,False,True
0 days 00:37:11.321000,BOT,77,0 days 00:01:22.039000,3.0,1.0,,,0 days 00:00:28.922000,0 days 00:00:31.709000,0 days 00:00:21.408000,0 days 00:36:18.222000,0 days 00:36:49.931000,0 days 00:37:11.339000,286.0,277.0,246.0,333.0,True,ULTRASOFT,8.0,False,Mercedes,0 days 00:35:49.282000,,1,5.0,,,False,True
0 days 00:38:33.308000,BOT,77,0 days 00:01:21.987000,4.0,1.0,,,0 days 00:00:28.812000,0 days 00:00:31.909000,0 days 00:00:21.266000,0 days 00:37:40.151000,0 days 00:38:12.060000,0 days 00:38:33.326000,292.0,283.0,246.0,324.0,True,ULTRASOFT,9.0,False,Mercedes,0 days 00:37:11.321000,,12,5.0,,,False,True
0 days 00:40:13.219000,BOT,77,0 days 00:01:39.911000,5.0,1.0,,,0 days 00:00:30.018000,0 days 00:00:44.599000,0 days 00:00:25.294000,0 days 00:39:03.344000,0 days 00:39:47.943000,0 days 00:40:13.237000,130.0,193.0,247.0,334.0,False,ULTRASOFT,10.0,False,Mercedes,0 days 00:38:33.308000,,2167,5.0,,,False,False
0 days 00:41:35.500000,BOT,77,0 days 00:01:22.281000,6.0,1.0,,,0 days 00:00:28.835000,0 days 00:00:32.076000,0 days 00:00:21.370000,0 days 00:40:42.072000,0 days 00:41:14.148000,0 days 00:41:35.518000,293.0,282.0,246.0,332.0,False,ULTRASOFT,11.0,False,Mercedes,0 days 00:40:13.219000,,1,5.0,,,False,True
0 days 00:42:58.150000,BOT,77,0 days 00:01:22.650000,7.0,1.0,,,0 days 00:00:29.183000,0 days 00:00:32.194000,0 days 00:00:21.273000,0 days 00:42:04.701000,0 days 00:42:36.895000,0 days 00:42:58.168000,287.0,281.0,247.0,332.0,False,ULTRASOFT,12.0,False,Mercedes,0 days 00:41:35.500000,,1,5.0,,,False,True
0 days 00:44:20.722000,BOT,77,0 days 00:01:22.572000,8.0,1.0,,,0 days 00:00:29.002000,0 days 00:00:32.134000,0 days 00:00:21.436000,0 days 00:43:27.170000,0 days 00:43:59.304000,0 days 00:44:20.740000,283.0,281.0,245.0,331.0,False,ULTRASOFT,13.0,False,Mercedes,0 days 00:42:58.150000,,1,5.0,,,False,True
0 days 00:45:43.764000,BOT,77,0 days 00:01:23.042000,9.0,1.0,,,0 days 00:00:29.099000,0 days 00:00:32.303000,0 days 00:00:21.640000,0 days 00:44:49.839000,0 days 00:45:22.142000,0 days 00:45:43.782000,288.0,278.0,244.0,325.0,False,ULTRASOFT,14.0,False,Mercedes,0 days 00:44:20.722000,,1,5.0,,,False,True
0 days 00:47:07.072000,BOT,77,0 days 00:01:23.308000,10.0,1.0,,,0 days 00:00:29.124000,0 days 00:00:32.404000,0 days 00:00:21.780000,0 days 00:46:12.906000,0 days 00:46:45.310000,0 days 00:47:07.090000,290.0,279.0,244.0,331.0,False,ULTRASOFT,15.0,False,Mercedes,0 days 00:45:43.764000,,1,5.0,,,False,True
0 days 00:48:33.850000,BOT,77,0 days 00:01:26.778000,11.0,1.0,,0 days 00:48:31.226000,0 days 00:00:29.260000,0 days 00:00:32.580000,0 days 00:00:24.938000,0 days 00:47:36.350000,0 days 00:48:08.930000,0 days 00:48:33.868000,292.0,278.0,,330.0,False,ULTRASOFT,16.0,False,Mercedes,0 days 00:47:07.072000,,1,6.0,,,False,False
0 days 00:50:14.391000,BOT,77,0 days 00:01:40.541000,12.0,2.0,0 days 00:48:53.291000,,0 days 00:00:46.906000,0 days 00:00:31.804000,0 days 00:00:21.831000,0 days 00:49:20.774000,0 days 00:49:52.578000,0 days 00:50:14.409000,299.0,285.0,249.0,311.0,False,SUPERSOFT,1.0,True,Mercedes,0 days 00:48:33.850000,,1,7.0,,,False,False
0 days 00:51:35.627000,BOT,77,0 days 00:01:21.236000,13.0,2.0,,,0 days 00:00:28.363000,0 days 00:00:31.527000,0 days 00:00:21.346000,0 days 00:50:42.772000,0 days 00:51:14.299000,0 days 00:51:35.645000,298.0,280.0,248.0,343.0,True,SUPERSOFT,2.0,True,Mercedes,0 days 00:50:14.391000,,1,6.0,,,False,True
0 days 00:52:57.198000,BOT,77,0 days 00:01:21.571000,14.0,2.0,,,0 days 00:00:28.894000,0 days 00:00:31.478000,0 days 00:00:21.199000,0 days 00:52:04.539000,0 days 00:52:36.017000,0 days 00:52:57.216000,282.0,279.0,247.0,320.0,False,SUPERSOFT,3.0,True,Mercedes,0 days 00:51:35.627000,,1,6.0,,,False,True
0 days 00:54:18.808000,BOT,77,0 days 00:01:21.610000,15.0,2.0,,,0 days 00:00:28.814000,0 days 00:00:31.576000,0 days 00:00:21.220000,0 days 00:53:26.030000,0 days 00:53:57.606000,0 days 00:54:18.826000,290.0,282.0,248.0,321.0,False,SUPERSOFT,4.0,True,Mercedes,0 days 00:52:57.198000,,1,6.0,,,False,True
0 days 00:55:40.488000,BOT,77,0 days 00:01:21.680000,16.0,2.0,,,0 days 00:00:28.780000,0 days 00:00:31.580000,0 days 00:00:21.320000,0 days 00:54:47.606000,0 days 00:55:19.186000,0 days 00:55:40.506000,293.0,283.0,247.0,329.0,False,SUPERSOFT,5.0,True,Mercedes,0 days 00:54:18.808000,,1,6.0,,,False,True
0 days 00:57:01.811000,BOT,77,0 days 00:01:21.323000,17.0,2.0,,,0 days 00:00:28.699000,0 days 00:00:31.537000,0 days 00:00:21.087000,0 days 00:56:09.205000,0 days 00:56:40.742000,0 days 00:57:01.829000,282.0,282.0,249.0,328.0,False,SUPERSOFT,6.0,True,Mercedes,0 days 00:55:40.488000,,1,6.0,,,False,True
0 days 00:58:24.327000,BOT,77,0 days 00:01:22.516000,18.0,2.0,,,0 days 00:00:29.024000,0 days 00:00:31.978000,0 days 00:00:21.514000,0 days 00:57:30.853000,0 days 00:58:02.831000,0 days 00:58:24.345000,282.0,282.0,248.0,330.0,False,SUPERSOFT,7.0,True,Mercedes,0 days 00:57:01.811000,,1,5.0,,,False,True
0 days 00:59:45.982000,BOT,77,0 days 00:01:21.655000,19.0,2.0,,,0 days 00:00:28.669000,0 days 00:00:31.832000,0 days 00:00:21.154000,0 days 00:58:53.014000,0 days 00:59:24.846000,0 days 00:59:46,282.0,281.0,249.0,329.0,False,SUPERSOFT,8.0,True,Mercedes,0 days 00:58:24.327000,,1,5.0,,,False,True
0 days 01:01:07.730000,BOT,77,0 days 00:01:21.748000,20.0,2.0,,,0 days 00:00:28.707000,0 days 00:00:31.708000,0 days 00:00:21.333000,0 days 01:00:14.707000,0 days 01:00:46.415000,0 days 01:01:07.748000,288.0,281.0,248.0,331.0,False,SUPERSOFT,9.0,True,Mercedes,0 days 00:59:45.982000,,1,5.0,,,False,True
0 days 01:02:29.211000,BOT,77,0 days 00:01:21.481000,21.0,2.0,,,0 days 00:00:28.706000,0 days 00:00:31.637000,0 days 00:00:21.138000,0 days 01:01:36.454000,0 days 01:02:08.091000,0 days 01:02:29.229000,282.0,281.0,248.0,330.0,False,SUPERSOFT,10.0,True,Mercedes,0 days 01:01:07.730000,,1,5.0,,,False,True
0 days 01:03:50.569000,BOT,77,0 days 00:01:21.358000,22.0,2.0,,,0 days 00:00:28.787000,0 days 00:00:31.446000,0 days 00:00:21.125000,0 days 01:02:58.016000,0 days 01:03:29.462000,0 days 01:03:50.587000,287.0,283.0,248.0,331.0,False,SUPERSOFT,11.0,True,Mercedes,0 days 01:02:29.211000,,1,5.0,,,False,True
0 days 01:05:12.123000,BOT,77,0 days 00:01:21.554000,23.0,2.0,,,0 days 00:00:28.805000,0 days 00:00:31.631000,0 days 00:00:21.118000,0 days 01:04:19.392000,0 days 01:04:51.023000,0 days 01:05:12.141000,284.0,284.0,249.0,332.0,False,SUPERSOFT,12.0,True,Mercedes,0 days 01:03:50.569000,,1,5.0,,,False,True
0 days 01:06:33.538000,BOT,77,0 days 00:01:21.415000,24.0,2.0,,,0 days 00:00:28.771000,0 days 00:00:31.446000,0 days 00:00:21.198000,0 days 01:05:40.912000,0 days 01:06:12.358000,0 days 01:06:33.556000,293.0,283.0,247.0,328.0,False,SUPERSOFT,13.0,True,Mercedes,0 days 01:05:12.123000,,1,5.0,,,False,True
0 days 01:07:55.302000,BOT,77,0 days 00:01:21.764000,25.0,2.0,,,0 days 00:00:28.801000,0 days 00:00:31.651000,0 days 00:00:21.312000,0 days 01:07:02.357000,0 days 01:07:34.008000,0 days 01:07:55.320000,279.0,284.0,248.0,331.0,False,SUPERSOFT,14.0,True,Mercedes,0 days 01:06:33.538000,,1,5.0,,,False,True
0 days 01:09:17.090000,BOT,77,0 days 00:01:21.788000,26.0,2.0,,,0 days 00:00:28.897000,0 days 00:00:31.529000,0 days 00:00:21.362000,0 days 01:08:24.217000,0 days 01:08:55.746000,0 days 01:09:17.108000,290.0,284.0,247.0,331.0,False,SUPERSOFT,15.0,True,Mercedes,0 days 01:07:55.302000,,1,5.0,,,False,True
0 days 01:10:39.516000,BOT,77,0 days 00:01:22.426000,27.0,2.0,,,0 days 00:00:29.179000,0 days 00:00:31.846000,0 days 00:00:21.401000,0 days 01:09:46.287000,0 days 01:10:18.133000,0 days 01:10:39.534000,286.0,287.0,249.0,333.0,False,SUPERSOFT,16.0,True,Mercedes,0 days 01:09:17.090000,,1,5.0,,,False,True
0 days 01:12:01.617000,BOT,77,0 days 00:01:22.101000,28.0,2.0,,,0 days 00:00:28.985000,0 days 00:00:31.662000,0 days 00:00:21.454000,0 days 01:11:08.519000,0 days 01:11:40.181000,0 days 01:12:01.635000,286.0,286.0,249.0,337.0,False,SUPERSOFT,17.0,True,Mercedes,0 days 01:10:39.516000,,1,5.0,,,False,True
0 days 01:13:23.208000,BOT,77,0 days 00:01:21.591000,29.0,2.0,,,0 days 00:00:28.769000,0 days 00:00:31.686000,0 days 00:00:21.136000,0 days 01:12:30.404000,0 days 01:13:02.090000,0 days 01:13:23.226000,281.0,285.0,248.0,338.0,False,SUPERSOFT,18.0,True,Mercedes,0 days 01:12:01.617000,,1,5.0,,,False,True
0 days 01:14:48.234000,BOT,77,0 days 00:01:25.026000,30.0,2.0,,,0 days 00:00:28.888000,0 days 00:00:31.966000,0 days 00:00:24.172000,0 days 01:13:52.114000,0 days 01:14:24.080000,0 days 01:14:48.252000,285.0,284.0,98.0,330.0,False,SUPERSOFT,19.0,True,Mercedes,0 days 01:13:23.208000,,126,5.0,,,False,False
0 days 01:16:38.447000,BOT,77,0 days 00:01:50.213000,31.0,2.0,,,0 days 00:00:42.169000,0 days 00:00:40.427000,0 days 00:00:27.617000,0 days 01:15:30.421000,0 days 01:16:10.848000,0 days 01:16:38.465000,248.0,192.0,187.0,189.0,False,SUPERSOFT,20.0,True,Mercedes,0 days 01:14:48.234000,,6,5.0,,,False,False
0 days 01:18:20.136000,BOT,77,0 days 00:01:41.689000,32.0,2.0,,,0 days 00:00:39.249000,0 days 00:00:40.448000,0 days 00:00:21.992000,0 days 01:17:17.714000,0 days 01:17:58.162000,0 days 01:18:20.154000,209.0,281.0,248.0,218.0,False,SUPERSOFT,21.0,True,Mercedes,0 days 01:16:38.447000,,671,5.0,,,False,False
0 days 01:19:42.030000,BOT,77,0 days 00:01:21.894000,33.0,2.0,,,0 days 00:00:28.892000,0 days 00:00:32.056000,0 days 00:00:20.946000,0 days 01:18:49.046000,0 days 01:19:21.102000,0 days 01:19:42.048000,301.0,284.0,250.0,335.0,False,SUPERSOFT,22.0,True,Mercedes,0 days 01:18:20.136000,,1,5.0,,,False,True
0 days 01:21:03.670000,BOT,77,0 days 00:01:21.640000,34.0,2.0,,,0 days 00:00:28.838000,0 days 00:00:31.697000,0 days 00:00:21.105000,0 days 01:20:10.886000,0 days 01:20:42.583000,0 days 01:21:03.688000,288.0,287.0,250.0,332.0,False,SUPERSOFT,23.0,True,Mercedes,0 days 01:19:42.030000,,1,5.0,,,False,True
0 days 01:22:26.086000,BOT,77,0 days 00:01:22.416000,35.0,2.0,,,0 days 00:00:28.772000,0 days 00:00:32.157000,0 days 00:00:21.487000,0 days 01:21:32.460000,0 days 01:22:04.617000,0 days 01:22:26.104000,290.0,285.0,250.0,334.0,False,SUPERSOFT,24.0,True,Mercedes,0 days 01:21:03.670000,,1,5.0,,,False,True
0 days 01:23:47.571000,BOT,77,0 days 00:01:21.485000,36.0,2.0,,,0 days 00:00:28.740000,0 days 00:00:31.667000,0 days 00:00:21.078000,0 days 01:22:54.844000,0 days 01:23:26.511000,0 days 01:23:47.589000,290.0,285.0,249.0,329.0,False,SUPERSOFT,25.0,True,Mercedes,0 days 01:22:26.086000,,1,5.0,,,False,True
0 days 01:25:09.246000,BOT,77,0 days 00:01:21.675000,37.0,2.0,,,0 days 00:00:28.870000,0 days 00:00:31.631000,0 days 00:00:21.174000,0 days 01:24:16.459000,0 days 01:24:48.090000,0 days 01:25:09.264000,290.0,285.0,248.0,330.0,False,SUPERSOFT,26.0,True,Mercedes,0 days 01:23:47.571000,,1,5.0,,,False,True
0 days 01:26:31.328000,BOT,77,0 days 00:01:22.082000,38.0,2.0,,,0 days 00:00:28.853000,0 days 00:00:31.933000,0 days 00:00:21.296000,0 days 01:25:38.117000,0 days 01:26:10.050000,0 days 01:26:31.346000,290.0,284.0,250.0,330.0,False,SUPERSOFT,27.0,True,Mercedes,0 days 01:25:09.246000,,1,5.0,,,False,True
0 days 01:27:54.097000,BOT,77,0 days 00:01:22.769000,39.0,2.0,,,0 days 00:00:28.976000,0 days 00:00:32.165000,0 days 00:00:21.628000,0 days 01:27:00.322000,0 days 01:27:32.487000,0 days 01:27:54.115000,292.0,287.0,249.0,331.0,False,SUPERSOFT,28.0,True,Mercedes,0 days 01:26:31.328000,,1,5.0,,,False,True
0 days 01:29:15.677000,BOT,77,0 days 00:01:21.580000,40.0,2.0,,,0 days 00:00:28.680000,0 days 00:00:31.730000,0 days 00:00:21.170000,0 days 01:28:22.795000,0 days 01:28:54.525000,0 days 01:29:15.695000,288.0,285.0,248.0,337.0,False,SUPERSOFT,29.0,True,Mercedes,0 days 01:27:54.097000,,1,5.0,,,False,True
0 days 01:30:37.417000,BOT,77,0 days 00:01:21.740000,41.0,2.0,,,0 days 00:00:28.889000,0 days 00:00:31.705000,0 days 00:00:21.146000,0 days 01:29:44.584000,0 days 01:30:16.289000,0 days 01:30:37.435000,288.0,283.0,249.0,327.0,False,SUPERSOFT,30.0,True,Mercedes,0 days 01:29:15.677000,,1,5.0,,,False,True
0 days 01:31:59.617000,BOT,77,0 days 00:01:22.200000,42.0,2.0,,,0 days 00:00:29.019000,0 days 00:00:31.903000,0 days 00:00:21.278000,0 days 01:31:06.454000,0 days 01:31:38.357000,0 days 01:31:59.635000,289.0,282.0,250.0,326.0,False,SUPERSOFT,31.0,True,Mercedes,0 days 01:30:37.417000,,1,5.0,,,False,True
0 days 01:33:21.725000,BOT,77,0 days 00:01:22.108000,43.0,2.0,,,0 days 00:00:28.901000,0 days 00:00:31.849000,0 days 00:00:21.358000,0 days 01:32:28.536000,0 days 01:33:00.385000,0 days 01:33:21.743000,291.0,283.0,249.0,329.0,False,SUPERSOFT,32.0,True,Mercedes,0 days 01:31:59.617000,,1,5.0,,,False,True
0 days 01:34:43.646000,BOT,77,0 days 00:01:21.921000,44.0,2.0,,,0 days 00:00:28.980000,0 days 00:00:31.671000,0 days 00:00:21.270000,0 days 01:33:50.723000,0 days 01:34:22.394000,0 days 01:34:43.664000,285.0,284.0,250.0,328.0,False,SUPERSOFT,33.0,True,Mercedes,0 days 01:33:21.725000,,1,5.0,,,False,True
0 days 01:36:05.837000,BOT,77,0 days 00:01:22.191000,45.0,2.0,,,0 days 00:00:28.916000,0 days 00:00:31.947000,0 days 00:00:21.328000,0 days 01:35:12.580000,0 days 01:35:44.527000,0 days 01:36:05.855000,296.0,285.0,251.0,325.0,False,SUPERSOFT,34.0,True,Mercedes,0 days 01:34:43.646000,,1,5.0,,,False,True
0 days 01:37:28.087000,BOT,77,0 days 00:01:22.250000,46.0,2.0,,,0 days 00:00:29.007000,0 days 00:00:31.950000,0 days 00:00:21.293000,0 days 01:36:34.862000,0 days 01:37:06.812000,0 days 01:37:28.105000,291.0,286.0,250.0,326.0,False,SUPERSOFT,35.0,True,Mercedes,0 days 01:36:05.837000,,1,5.0,,,False,True
0 days 01:38:50.190000,BOT,77,0 days 00:01:22.103000,47.0,2.0,,,0 days 00:00:28.958000,0 days 00:00:31.799000,0 days 00:00:21.346000,0 days 01:37:57.063000,0 days 01:38:28.862000,0 days 01:38:50.208000,294.0,284.0,251.0,326.0,False,SUPERSOFT,36.0,True,Mercedes,0 days 01:37:28.087000,,1,5.0,,,False,True
0 days 01:40:20.253000,BOT,77,0 days 00:01:30.063000,48.0,2.0,,0 days 01:40:17.625000,0 days 00:00:29.787000,0 days 00:00:34.404000,0 days 00:00:25.872000,0 days 01:39:19.995000,0 days 01:39:54.399000,0 days 01:40:20.271000,280.0,280.0,,327.0,False,SUPERSOFT,37.0,True,Mercedes,0 days 01:38:50.190000,,1,5.0,,,False,False
0 days 01:42:02.538000,BOT,77,0 days 00:01:42.285000,49.0,3.0,0 days 01:40:41.489000,,0 days 00:00:49.102000,0 days 00:00:31.938000,0 days 00:00:21.245000,0 days 01:41:09.373000,0 days 01:41:41.311000,0 days 01:42:02.556000,281.0,286.0,251.0,309.0,False,ULTRASOFT,6.0,False,Mercedes,0 days 01:40:20.253000,,1,6.0,,,False,False
0 days 01:43:24.287000,BOT,77,0 days 00:01:21.749000,50.0,3.0,,,0 days 00:00:28.759000,0 days 00:00:32.027000,0 days 00:00:20.963000,0 days 01:42:31.315000,0 days 01:43:03.342000,0 days 01:43:24.305000,287.0,283.0,251.0,328.0,False,ULTRASOFT,7.0,False,Mercedes,0 days 01:42:02.538000,,1,6.0,,,False,True
0 days 01:44:45.965000,BOT,77,0 days 00:01:21.678000,51.0,3.0,,,0 days 00:00:29.028000,0 days 00:00:31.623000,0 days 00:00:21.027000,0 days 01:43:53.333000,0 days 01:44:24.956000,0 days 01:44:45.983000,284.0,282.0,249.0,318.0,False,ULTRASOFT,8.0,False,Mercedes,0 days 01:43:24.287000,,1,6.0,,,False,True
0 days 01:46:07.851000,BOT,77,0 days 00:01:21.886000,52.0,3.0,,,0 days 00:00:28.914000,0 days 00:00:31.649000,0 days 00:00:21.323000,0 days 01:45:14.897000,0 days 01:45:46.546000,0 days 01:46:07.869000,293.0,282.0,247.0,324.0,False,ULTRASOFT,9.0,False,Mercedes,0 days 01:44:45.965000,,1,6.0,,,False,True
0 days 01:47:29.645000,BOT,77,0 days 00:01:21.794000,53.0,3.0,,,0 days 00:00:29.017000,0 days 00:00:31.703000,0 days 00:00:21.074000,0 days 01:46:36.886000,0 days 01:47:08.589000,0 days 01:47:29.663000,289.0,282.0,249.0,324.0,False,ULTRASOFT,10.0,False,Mercedes,0 days 01:46:07.851000,,1,6.0,,,False,True
0 days 01:48:51.314000,BOT,77,0 days 00:01:21.669000,54.0,3.0,,,0 days 00:00:28.967000,0 days 00:00:31.580000,0 days 00:00:21.122000,0 days 01:47:58.630000,0 days 01:48:30.210000,0 days 01:48:51.332000,290.0,283.0,249.0,324.0,False,ULTRASOFT,11.0,False,Mercedes,0 days 01:47:29.645000,,1,6.0,,,False,True
0 days 01:50:13.325000,BOT,77,0 days 00:01:22.011000,55.0,3.0,,,0 days 00:00:28.964000,0 days 00:00:31.709000,0 days 00:00:21.338000,0 days 01:49:20.296000,0 days 01:49:52.005000,0 days 01:50:13.343000,290.0,282.0,248.0,323.0,False,ULTRASOFT,12.0,False,Mercedes,0 days 01:48:51.314000,,1,6.0,,,False,True
0 days 01:51:36.128000,BOT,77,0 days 00:01:22.803000,56.0,3.0,,,0 days 00:00:29.085000,0 days 00:00:32.162000,0 days 00:00:21.556000,0 days 01:50:42.428000,0 days 01:51:14.590000,0 days 01:51:36.146000,285.0,280.0,248.0,323.0,False,ULTRASOFT,13.0,False,Mercedes,0 days 01:50:13.325000,,1,6.0,,,False,True
0 days 01:52:59.168000,BOT,77,0 days 00:01:23.040000,57.0,3.0,,,0 days 00:00:29.131000,0 days 00:00:32.167000,0 days 00:00:21.742000,0 days 01:52:05.277000,0 days 01:52:37.444000,0 days 01:52:59.186000,291.0,280.0,247.0,324.0,False,ULTRASOFT,14.0,False,Mercedes,0 days 01:51:36.128000,,1,6.0,,,False,True
0 days 01:54:22.361000,BOT,77,0 days 00:01:23.193000,58.0,3.0,,,0 days 00:00:29.218000,0 days 00:00:32.213000,0 days 00:00:21.762000,0 days 01:53:28.404000,0 days 01:54:00.617000,0 days 01:54:22.379000,288.0,282.0,246.0,324.0,False,ULTRASOFT,15.0,False,Mercedes,0 days 01:52:59.168000,,1,6.0,,,False,True
0 days 01:55:46.413000,BOT,77,0 days 00:01:24.052000,59.0,3.0,,,0 days 00:00:29.205000,0 days 00:00:32.735000,0 days 00:00:22.112000,0 days 01:54:51.584000,0 days 01:55:24.319000,0 days 01:55:46.431000,288.0,280.0,245.0,324.0,False,ULTRASOFT,16.0,False,Mercedes,0 days 01:54:22.361000,,1,6.0,,,False,True
0 days 01:57:10.875000,BOT,77,0 days 00:01:24.462000,60.0,3.0,,,0 days 00:00:29.337000,0 days 00:00:33.023000,0 days 00:00:22.102000,0 days 01:56:15.768000,0 days 01:56:48.791000,0 days 01:57:10.893000,288.0,279.0,245.0,325.0,False,ULTRASOFT,17.0,False,Mercedes,0 days 01:55:46.413000,,1,6.0,,,False,True
0 days 01:58:42.610000,BOT,77,0 days 00:01:31.735000,61.0,3.0,,,0 days 00:00:29.539000,0 days 00:00:33.325000,0 days 00:00:28.871000,0 days 01:57:40.432000,0 days 01:58:13.757000,0 days 01:58:42.628000,292.0,279.0,185.0,324.0,False,ULTRASOFT,18.0,False,Mercedes,0 days 01:57:10.875000,,126,6.0,,,False,False
0 days 02:00:36.127000,BOT,77,0 days 00:01:53.517000,62.0,3.0,,0 days 02:00:33.440000,0 days 00:00:39.265000,0 days 00:00:43.208000,0 days 00:00:31.044000,0 days 01:59:21.893000,0 days 02:00:05.101000,0 days 02:00:36.145000,160.0,154.0,,158.0,False,ULTRASOFT,19.0,False,Mercedes,0 days 01:58:42.610000,,6,5.0,,,False,False
0 days 02:02:16.353000,BOT,77,0 days 00:01:40.226000,63.0,4.0,0 days 02:00:55.925000,,0 days 00:00:47.754000,0 days 00:00:31.501000,0 days 00:00:20.971000,0 days 02:01:23.899000,0 days 02:01:55.400000,0 days 02:02:16.371000,294.0,287.0,251.0,309.0,False,HYPERSOFT,4.0,False,Mercedes,0 days 02:00:36.127000,,671,5.0,,,False,False
0 days 02:03:35.684000,BOT,77,0 days 00:01:19.331000,64.0,4.0,,,0 days 00:00:28.282000,0 days 00:00:30.828000,0 days 00:00:20.221000,0 days 02:02:44.653000,0 days 02:03:15.481000,0 days 02:03:35.702000,290.0,284.0,252.0,331.0,True,HYPERSOFT,5.0,False,Mercedes,0 days 02:02:16.353000,,1,5.0,,,False,True
0 days 02:04:54.425000,BOT,77,0 days 00:01:18.741000,65.0,4.0,,,0 days 00:00:28.324000,0 days 00:00:30.054000,0 days 00:00:20.363000,0 days 02:04:04.026000,0 days 02:04:34.080000,0 days 02:04:54.443000,299.0,288.0,249.0,324.0,True,HYPERSOFT,6.0,False,Mercedes,0 days 02:03:35.684000,,1,5.0,,,False,True
0 days 02:06:14.884000,BOT,77,0 days 00:01:20.459000,66.0,4.0,,,0 days 00:00:28.810000,0 days 00:00:30.842000,0 days 00:00:20.807000,0 days 02:05:23.253000,0 days 02:05:54.095000,0 days 02:06:14.902000,294.0,286.0,249.0,326.0,False,HYPERSOFT,7.0,False,Mercedes,0 days 02:04:54.425000,,1,5.0,,,False,True
0 days 02:07:34.946000,BOT,77,0 days 00:01:20.062000,67.0,4.0,,,0 days 00:00:28.621000,0 days 00:00:30.716000,0 days 00:00:20.725000,0 days 02:06:43.523000,0 days 02:07:14.239000,0 days 02:07:34.964000,297.0,286.0,249.0,326.0,False,HYPERSOFT,8.0,False,Mercedes,0 days 02:06:14.884000,,1,5.0,,,False,True
0 days 02:08:55.329000,BOT,77,0 days 00:01:20.383000,68.0,4.0,,,0 days 00:00:28.577000,0 days 00:00:30.895000,0 days 00:00:20.911000,0 days 02:08:03.541000,0 days 02:08:34.436000,0 days 02:08:55.347000,299.0,285.0,249.0,325.0,False,HYPERSOFT,9.0,False,Mercedes,0 days 02:07:34.946000,,1,5.0,,,False,True
0 days 02:10:17.079000,BOT,77,0 days 00:01:21.750000,69.0,4.0,,,0 days 00:00:28.765000,0 days 00:00:31.499000,0 days 00:00:21.486000,0 days 02:09:24.112000,0 days 02:09:55.611000,0 days 02:10:17.097000,302.0,283.0,246.0,326.0,False,HYPERSOFT,10.0,False,Mercedes,0 days 02:08:55.329000,,1,5.0,,,False,True
0 days 02:11:40.336000,BOT,77,0 days 00:01:23.257000,70.0,4.0,,,0 days 00:00:29.100000,0 days 00:00:32.128000,0 days 00:00:22.029000,0 days 02:10:46.197000,0 days 02:11:18.325000,0 days 02:11:40.354000,300.0,281.0,242.0,325.0,False,HYPERSOFT,11.0,False,Mercedes,0 days 02:10:17.079000,,1,5.0,,,False,True
0 days 00:34:35.716000,GRO,8,0 days 00:01:36.830000,1.0,1.0,,,,0 days 00:00:36.798000,0 days 00:00:23.882000,,0 days 00:34:11.904000,0 days 00:34:35.872000,218.0,283.0,246.0,250.0,False,SUPERSOFT,1.0,True,Haas F1 Team,0 days 00:32:58.703000,,1,18.0,,,False,False
0 days 00:36:03.367000,GRO,8,0 days 00:01:27.651000,2.0,1.0,,,0 days 00:00:29.516000,0 days 00:00:35.990000,0 days 00:00:22.145000,0 days 00:35:05.284000,0 days 00:35:41.274000,0 days 00:36:03.419000,238.0,280.0,248.0,340.0,True,SUPERSOFT,2.0,True,Haas F1 Team,0 days 00:34:35.716000,,1,18.0,,,False,True
0 days 00:37:28.078000,GRO,8,0 days 00:01:24.711000,3.0,1.0,,,0 days 00:00:29.418000,0 days 00:00:33.379000,0 days 00:00:21.914000,0 days 00:36:32.837000,0 days 00:37:06.216000,0 days 00:37:28.130000,268.0,282.0,249.0,321.0,True,SUPERSOFT,3.0,True,Haas F1 Team,0 days 00:36:03.367000,,1,18.0,,,False,True
0 days 00:38:53.969000,GRO,8,0 days 00:01:25.891000,4.0,1.0,,,0 days 00:00:29.223000,0 days 00:00:34.478000,0 days 00:00:22.190000,0 days 00:37:57.353000,0 days 00:38:31.831000,0 days 00:38:54.021000,243.0,283.0,249.0,325.0,False,SUPERSOFT,4.0,True,Haas F1 Team,0 days 00:37:28.078000,,12,16.0,,,False,True
0 days 00:40:36.562000,GRO,8,0 days 00:01:42.593000,5.0,1.0,,,0 days 00:00:39.968000,0 days 00:00:40.114000,0 days 00:00:22.511000,0 days 00:39:33.989000,0 days 00:40:14.103000,0 days 00:40:36.614000,199.0,263.0,249.0,105.0,False,SUPERSOFT,5.0,True,Haas F1 Team,0 days 00:38:53.969000,,2671,16.0,,,False,False
0 days 00:42:00.263000,GRO,8,0 days 00:01:23.701000,6.0,1.0,,,0 days 00:00:29.012000,0 days 00:00:33.134000,0 days 00:00:21.555000,0 days 00:41:05.626000,0 days 00:41:38.760000,0 days 00:42:00.315000,273.0,278.0,249.0,325.0,True,SUPERSOFT,6.0,True,Haas F1 Team,0 days 00:40:36.562000,,1,16.0,,,False,True
0 days 00:43:24.198000,GRO,8,0 days 00:01:23.935000,7.0,1.0,,,0 days 00:00:28.895000,0 days 00:00:33.315000,0 days 00:00:21.725000,0 days 00:42:29.210000,0 days 00:43:02.525000,0 days 00:43:24.250000,267.0,283.0,249.0,348.0,False,SUPERSOFT,7.0,True,Haas F1 Team,0 days 00:42:00.263000,,1,16.0,,,False,True
0 days 00:44:48.645000,GRO,8,0 days 00:01:24.447000,8.0,1.0,,,0 days 00:00:29.151000,0 days 00:00:33.404000,0 days 00:00:21.892000,0 days 00:43:53.401000,0 days 00:44:26.805000,0 days 00:44:48.697000,257.0,283.0,248.0,352.0,False,SUPERSOFT,8.0,True,Haas F1 Team,0 days 00:43:24.198000,,1,16.0,,,False,True
0 days 00:46:13.401000,GRO,8,0 days 00:01:24.756000,9.0,1.0,,,0 days 00:00:29.270000,0 days 00:00:33.456000,0 days 00:00:22.030000,0 days 00:45:17.967000,0 days 00:45:51.423000,0 days 00:46:13.453000,259.0,279.0,248.0,351.0,False,SUPERSOFT,9.0,True,Haas F1 Team,0 days 00:44:48.645000,,1,16.0,,,False,True
0 days 00:47:38.562000,GRO,8,0 days 00:01:25.161000,10.0,1.0,,,0 days 00:00:29.116000,0 days 00:00:33.837000,0 days 00:00:22.208000,0 days 00:46:42.569000,0 days 00:47:16.406000,0 days 00:47:38.614000,261.0,282.0,248.0,336.0,False,SUPERSOFT,10.0,True,Haas F1 Team,0 days 00:46:13.401000,,1,16.0,,,False,True
0 days 00:49:02.898000,GRO,8,0 days 00:01:24.336000,11.0,1.0,,,0 days 00:00:28.783000,0 days 00:00:33.344000,0 days 00:00:22.209000,0 days 00:48:07.397000,0 days 00:48:40.741000,0 days 00:49:02.950000,269.0,281.0,247.0,358.0,False,SUPERSOFT,11.0,True,Haas F1 Team,0 days 00:47:38.562000,,1,14.0,,,False,True
0 days 00:50:28.199000,GRO,8,0 days 00:01:25.301000,12.0,1.0,,,0 days 00:00:29.707000,0 days 00:00:33.657000,0 days 00:00:21.937000,0 days 00:49:32.657000,0 days 00:50:06.314000,0 days 00:50:28.251000,258.0,281.0,247.0,323.0,False,SUPERSOFT,12.0,True,Haas F1 Team,0 days 00:49:02.898000,,1,14.0,,,False,True
0 days 00:51:53.106000,GRO,8,0 days 00:01:24.907000,13.0,1.0,,,0 days 00:00:29.376000,0 days 00:00:33.271000,0 days 00:00:22.260000,0 days 00:50:57.627000,0 days 00:51:30.898000,0 days 00:51:53.158000,265.0,281.0,248.0,327.0,False,SUPERSOFT,13.0,True,Haas F1 Team,0 days 00:50:28.199000,,1,12.0,,,False,True
0 days 00:53:18.678000,GRO,8,0 days 00:01:25.572000,14.0,1.0,,,0 days 00:00:29.385000,0 days 00:00:33.638000,0 days 00:00:22.549000,0 days 00:52:22.543000,0 days 00:52:56.181000,0 days 00:53:18.730000,283.0,283.0,248.0,333.0,False,SUPERSOFT,14.0,True,Haas F1 Team,0 days 00:51:53.106000,,1,11.0,,,False,True
0 days 00:54:45.085000,GRO,8,0 days 00:01:26.407000,15.0,1.0,,,0 days 00:00:29.532000,0 days 00:00:34.303000,0 days 00:00:22.572000,0 days 00:53:48.262000,0 days 00:54:22.565000,0 days 00:54:45.137000,264.0,281.0,248.0,334.0,False,SUPERSOFT,15.0,True,Haas F1 Team,0 days 00:53:18.678000,,1,12.0,,,False,True
0 days 00:56:11.116000,GRO,8,0 days 00:01:26.031000,16.0,1.0,,,0 days 00:00:29.007000,0 days 00:00:34.398000,0 days 00:00:22.626000,0 days 00:55:14.144000,0 days 00:55:48.542000,0 days 00:56:11.168000,274.0,280.0,248.0,355.0,False,SUPERSOFT,16.0,True,Haas F1 Team,0 days 00:54:45.085000,,1,11.0,,,False,True
0 days 00:57:36.544000,GRO,8,0 days 00:01:25.428000,17.0,1.0,,,0 days 00:00:29.245000,0 days 00:00:33.716000,0 days 00:00:22.467000,0 days 00:56:40.413000,0 days 00:57:14.129000,0 days 00:57:36.596000,266.0,279.0,248.0,336.0,False,SUPERSOFT,17.0,True,Haas F1 Team,0 days 00:56:11.116000,,1,11.0,,,False,True
0 days 00:59:03.147000,GRO,8,0 days 00:01:26.603000,18.0,1.0,,,0 days 00:00:29.993000,0 days 00:00:34.255000,0 days 00:00:22.355000,0 days 00:58:06.589000,0 days 00:58:40.844000,0 days 00:59:03.199000,245.0,279.0,248.0,329.0,False,SUPERSOFT,18.0,True,Haas F1 Team,0 days 00:57:36.544000,,1,12.0,,,False,True
0 days 01:00:28.656000,GRO,8,0 days 00:01:25.509000,19.0,1.0,,,0 days 00:00:29.419000,0 days 00:00:33.717000,0 days 00:00:22.373000,0 days 00:59:32.618000,0 days 01:00:06.335000,0 days 01:00:28.708000,275.0,281.0,250.0,334.0,False,SUPERSOFT,19.0,True,Haas F1 Team,0 days 00:59:03.147000,,1,12.0,,,False,True
0 days 01:01:53.969000,GRO,8,0 days 00:01:25.313000,20.0,1.0,,,0 days 00:00:29.352000,0 days 00:00:33.457000,0 days 00:00:22.504000,0 days 01:00:58.060000,0 days 01:01:31.517000,0 days 01:01:54.021000,270.0,283.0,250.0,332.0,False,SUPERSOFT,20.0,True,Haas F1 Team,0 days 01:00:28.656000,,1,12.0,,,False,True
0 days 01:03:19.127000,GRO,8,0 days 00:01:25.158000,21.0,1.0,,,0 days 00:00:29.313000,0 days 00:00:33.456000,0 days 00:00:22.389000,0 days 01:02:23.334000,0 days 01:02:56.790000,0 days 01:03:19.179000,275.0,282.0,250.0,333.0,False,SUPERSOFT,21.0,True,Haas F1 Team,0 days 01:01:53.969000,,1,12.0,,,False,True
0 days 01:04:43.630000,GRO,8,0 days 00:01:24.503000,22.0,1.0,,,0 days 00:00:29.333000,0 days 00:00:33.064000,0 days 00:00:22.106000,0 days 01:03:48.512000,0 days 01:04:21.576000,0 days 01:04:43.682000,273.0,284.0,250.0,333.0,False,SUPERSOFT,22.0,True,Haas F1 Team,0 days 01:03:19.127000,,1,12.0,,,False,True
0 days 01:06:08.216000,GRO,8,0 days 00:01:24.586000,23.0,1.0,,,0 days 00:00:29.400000,0 days 00:00:33.137000,0 days 00:00:22.049000,0 days 01:05:13.082000,0 days 01:05:46.219000,0 days 01:06:08.268000,274.0,282.0,249.0,332.0,False,SUPERSOFT,23.0,True,Haas F1 Team,0 days 01:04:43.630000,,1,12.0,,,False,True
0 days 01:07:33.186000,GRO,8,0 days 00:01:24.970000,24.0,1.0,,,0 days 00:00:29.611000,0 days 00:00:33.212000,0 days 00:00:22.147000,0 days 01:06:37.879000,0 days 01:07:11.091000,0 days 01:07:33.238000,274.0,283.0,250.0,330.0,False,SUPERSOFT,24.0,True,Haas F1 Team,0 days 01:06:08.216000,,1,12.0,,,False,True
0 days 01:08:59.234000,GRO,8,0 days 00:01:26.048000,25.0,1.0,,,0 days 00:00:29.578000,0 days 00:00:32.988000,0 days 00:00:23.482000,0 days 01:08:02.816000,0 days 01:08:35.804000,0 days 01:08:59.286000,279.0,283.0,250.0,330.0,False,SUPERSOFT,25.0,True,Haas F1 Team,0 days 01:07:33.186000,,1,12.0,,,False,True
0 days 01:10:23.627000,GRO,8,0 days 00:01:24.393000,26.0,1.0,,,0 days 00:00:29.376000,0 days 00:00:32.971000,0 days 00:00:22.046000,0 days 01:09:28.662000,0 days 01:10:01.633000,0 days 01:10:23.679000,276.0,283.0,249.0,331.0,False,SUPERSOFT,26.0,True,Haas F1 Team,0 days 01:08:59.234000,,1,12.0,,,False,True
0 days 01:11:48.268000,GRO,8,0 days 00:01:24.641000,27.0,1.0,,,0 days 00:00:29.432000,0 days 00:00:33.137000,0 days 00:00:22.072000,0 days 01:10:53.111000,0 days 01:11:26.248000,0 days 01:11:48.320000,275.0,284.0,250.0,329.0,False,SUPERSOFT,27.0,True,Haas F1 Team,0 days 01:10:23.627000,,1,12.0,,,False,True
0 days 01:13:14.908000,GRO,8,0 days 00:01:26.640000,28.0,1.0,,,0 days 00:00:29.459000,0 days 00:00:34.128000,0 days 00:00:23.053000,0 days 01:12:17.779000,0 days 01:12:51.907000,0 days 01:13:14.960000,278.0,247.0,250.0,324.0,False,SUPERSOFT,28.0,True,Haas F1 Team,0 days 01:11:48.268000,,1,12.0,,,False,True
0 days 01:14:41.374000,GRO,8,0 days 00:01:26.466000,29.0,1.0,,,0 days 00:00:30.078000,0 days 00:00:34.171000,0 days 00:00:22.217000,0 days 01:13:45.038000,0 days 01:14:19.209000,0 days 01:14:41.426000,233.0,286.0,250.0,324.0,False,SUPERSOFT,29.0,True,Haas F1 Team,0 days 01:13:14.908000,,12,11.0,,,False,True
0 days 01:16:33.949000,GRO,8,0 days 00:01:52.575000,30.0,1.0,,,0 days 00:00:42.912000,0 days 00:00:41.440000,0 days 00:00:28.223000,0 days 01:15:24.338000,0 days 01:16:05.778000,0 days 01:16:34.001000,203.0,193.0,188.0,183.0,False,SUPERSOFT,30.0,True,Haas F1 Team,0 days 01:14:41.374000,,26,11.0,,,False,False
0 days 01:18:18.157000,GRO,8,0 days 00:01:44.208000,31.0,1.0,,,0 days 00:00:39.061000,0 days 00:00:42.567000,0 days 00:00:22.580000,0 days 01:17:13.062000,0 days 01:17:55.629000,0 days 01:18:18.209000,196.0,263.0,251.0,210.0,False,SUPERSOFT,31.0,True,Haas F1 Team,0 days 01:16:33.949000,,671,11.0,,,False,False
0 days 01:19:44.092000,GRO,8,0 days 00:01:25.935000,32.0,1.0,,,0 days 00:00:29.408000,0 days 00:00:34.876000,0 days 00:00:21.651000,0 days 01:18:47.617000,0 days 01:19:22.493000,0 days 01:19:44.144000,281.0,286.0,252.0,332.0,False,SUPERSOFT,32.0,True,Haas F1 Team,0 days 01:18:18.157000,,1,11.0,,,False,True
0 days 01:21:10.674000,GRO,8,0 days 00:01:26.582000,33.0,1.0,,,0 days 00:00:30.310000,0 days 00:00:34.154000,0 days 00:00:22.118000,0 days 01:20:14.454000,0 days 01:20:48.608000,0 days 01:21:10.726000,283.0,285.0,250.0,331.0,False,SUPERSOFT,33.0,True,Haas F1 Team,0 days 01:19:44.092000,,1,12.0,,,False,True
0 days 01:22:35.739000,GRO,8,0 days 00:01:25.065000,34.0,1.0,,,0 days 00:00:29.896000,0 days 00:00:33.280000,0 days 00:00:21.889000,0 days 01:21:40.622000,0 days 01:22:13.902000,0 days 01:22:35.791000,281.0,283.0,251.0,321.0,False,SUPERSOFT,34.0,True,Haas F1 Team,0 days 01:21:10.674000,,1,12.0,,,False,True
0 days 01:24:00.286000,GRO,8,0 days 00:01:24.547000,35.0,1.0,,,0 days 00:00:29.406000,0 days 00:00:33.229000,0 days 00:00:21.912000,0 days 01:23:05.197000,0 days 01:23:38.426000,0 days 01:24:00.338000,284.0,285.0,251.0,332.0,False,SUPERSOFT,35.0,True,Haas F1 Team,0 days 01:22:35.739000,,1,12.0,,,False,True
0 days 01:25:25.417000,GRO,8,0 days 00:01:25.131000,36.0,1.0,,,0 days 00:00:29.590000,0 days 00:00:33.381000,0 days 00:00:22.160000,0 days 01:24:29.928000,0 days 01:25:03.309000,0 days 01:25:25.469000,281.0,283.0,251.0,332.0,False,SUPERSOFT,36.0,True,Haas F1 Team,0 days 01:24:00.286000,,1,12.0,,,False,True
0 days 01:26:50.352000,GRO,8,0 days 00:01:24.935000,37.0,1.0,,,0 days 00:00:29.621000,0 days 00:00:33.227000,0 days 00:00:22.087000,0 days 01:25:55.090000,0 days 01:26:28.317000,0 days 01:26:50.404000,277.0,285.0,252.0,331.0,False,SUPERSOFT,37.0,True,Haas F1 Team,0 days 01:25:25.417000,,1,12.0,,,False,True
0 days 01:28:15.649000,GRO,8,0 days 00:01:25.297000,38.0,1.0,,,0 days 00:00:29.632000,0 days 00:00:33.431000,0 days 00:00:22.234000,0 days 01:27:20.036000,0 days 01:27:53.467000,0 days 01:28:15.701000,251.0,285.0,252.0,333.0,False,SUPERSOFT,38.0,True,Haas F1 Team,0 days 01:26:50.352000,,1,11.0,,,False,True
0 days 01:29:40.527000,GRO,8,0 days 00:01:24.878000,39.0,1.0,,,0 days 00:00:29.554000,0 days 00:00:33.346000,0 days 00:00:21.978000,0 days 01:28:45.255000,0 days 01:29:18.601000,0 days 01:29:40.579000,272.0,282.0,252.0,328.0,False,SUPERSOFT,39.0,True,Haas F1 Team,0 days 01:28:15.649000,,1,11.0,,,False,True
0 days 01:31:05.367000,GRO,8,0 days 00:01:24.840000,40.0,1.0,,,0 days 00:00:29.496000,0 days 00:00:33.247000,0 days 00:00:22.097000,0 days 01:30:10.075000,0 days 01:30:43.322000,0 days 01:31:05.419000,282.0,283.0,251.0,330.0,False,SUPERSOFT,40.0,True,Haas F1 Team,0 days 01:29:40.527000,,1,11.0,,,False,True
0 days 01:32:30.144000,GRO,8,0 days 00:01:24.777000,41.0,1.0,,,0 days 00:00:29.537000,0 days 00:00:33.400000,0 days 00:00:21.840000,0 days 01:31:34.956000,0 days 01:32:08.356000,0 days 01:32:30.196000,280.0,283.0,253.0,330.0,False,SUPERSOFT,41.0,True,Haas F1 Team,0 days 01:31:05.367000,,1,11.0,,,False,True
0 days 01:33:54.803000,GRO,8,0 days 00:01:24.659000,42.0,1.0,,,0 days 00:00:29.583000,0 days 00:00:33.005000,0 days 00:00:22.071000,0 days 01:32:59.779000,0 days 01:33:32.784000,0 days 01:33:54.855000,278.0,284.0,252.0,331.0,False,SUPERSOFT,42.0,True,Haas F1 Team,0 days 01:32:30.144000,,1,11.0,,,False,True
0 days 01:35:20.246000,GRO,8,0 days 00:01:25.443000,43.0,1.0,,,0 days 00:00:29.425000,0 days 00:00:33.207000,0 days 00:00:22.811000,0 days 01:34:24.280000,0 days 01:34:57.487000,0 days 01:35:20.298000,278.0,286.0,252.0,331.0,False,SUPERSOFT,43.0,True,Haas F1 Team,0 days 01:33:54.803000,,1,11.0,,,False,True
0 days 01:36:50.150000,GRO,8,0 days 00:01:29.904000,44.0,1.0,,0 days 01:36:47.565000,0 days 00:00:30.091000,0 days 00:00:34.053000,0 days 00:00:25.760000,0 days 01:35:50.389000,0 days 01:36:24.442000,0 days 01:36:50.202000,258.0,285.0,,329.0,False,SUPERSOFT,44.0,True,Haas F1 Team,0 days 01:35:20.246000,,1,14.0,,,False,False
0 days 01:38:29.845000,GRO,8,0 days 00:01:39.695000,45.0,2.0,0 days 01:37:10.236000,,0 days 00:00:47.372000,0 days 00:00:31.467000,0 days 00:00:20.856000,0 days 01:37:37.574000,0 days 01:38:09.041000,0 days 01:38:29.897000,286.0,286.0,254.0,316.0,False,ULTRASOFT,1.0,True,Haas F1 Team,0 days 01:36:50.150000,,1,17.0,,,False,False
0 days 01:39:51.215000,GRO,8,0 days 00:01:21.370000,46.0,2.0,,,0 days 00:00:28.680000,0 days 00:00:31.614000,0 days 00:00:21.076000,0 days 01:38:58.577000,0 days 01:39:30.191000,0 days 01:39:51.267000,282.0,283.0,253.0,328.0,True,ULTRASOFT,2.0,True,Haas F1 Team,0 days 01:38:29.845000,,1,17.0,,,False,True
0 days 01:41:13.163000,GRO,8,0 days 00:01:21.948000,47.0,2.0,,,0 days 00:00:28.814000,0 days 00:00:31.978000,0 days 00:00:21.156000,0 days 01:40:20.081000,0 days 01:40:52.059000,0 days 01:41:13.215000,295.0,286.0,251.0,329.0,False,ULTRASOFT,3.0,True,Haas F1 Team,0 days 01:39:51.215000,,1,17.0,,,False,True
0 days 01:42:35.835000,GRO,8,0 days 00:01:22.672000,48.0,2.0,,,0 days 00:00:28.881000,0 days 00:00:32.256000,0 days 00:00:21.535000,0 days 01:41:42.096000,0 days 01:42:14.352000,0 days 01:42:35.887000,295.0,284.0,250.0,332.0,False,ULTRASOFT,4.0,True,Haas F1 Team,0 days 01:41:13.163000,,1,17.0,,,False,True
0 days 01:44:00.052000,GRO,8,0 days 00:01:24.217000,49.0,2.0,,,0 days 00:00:30.020000,0 days 00:00:32.615000,0 days 00:00:21.582000,0 days 01:43:05.907000,0 days 01:43:38.522000,0 days 01:44:00.104000,297.0,285.0,252.0,244.0,False,ULTRASOFT,5.0,True,Haas F1 Team,0 days 01:42:35.835000,,1,17.0,,,False,True
0 days 01:45:26.127000,GRO,8,0 days 00:01:26.075000,50.0,2.0,,,0 days 00:00:28.995000,0 days 00:00:33.723000,0 days 00:00:23.357000,0 days 01:44:29.099000,0 days 01:45:02.822000,0 days 01:45:26.179000,278.0,285.0,250.0,360.0,False,ULTRASOFT,6.0,True,Haas F1 Team,0 days 01:44:00.052000,,1,17.0,,,False,True
0 days 01:46:51.273000,GRO,8,0 days 00:01:25.146000,51.0,2.0,,,0 days 00:00:29.322000,0 days 00:00:33.691000,0 days 00:00:22.133000,0 days 01:45:55.501000,0 days 01:46:29.192000,0 days 01:46:51.325000,272.0,287.0,251.0,327.0,False,ULTRASOFT,7.0,True,Haas F1 Team,0 days 01:45:26.127000,,1,17.0,,,False,True
0 days 01:48:15.628000,GRO,8,0 days 00:01:24.355000,52.0,2.0,,,0 days 00:00:28.995000,0 days 00:00:33.198000,0 days 00:00:22.162000,0 days 01:47:20.320000,0 days 01:47:53.518000,0 days 01:48:15.680000,279.0,289.0,247.0,352.0,False,ULTRASOFT,8.0,True,Haas F1 Team,0 days 01:46:51.273000,,1,17.0,,,False,True
0 days 01:49:41.820000,GRO,8,0 days 00:01:26.192000,53.0,2.0,,,0 days 00:00:29.277000,0 days 00:00:33.203000,0 days 00:00:23.712000,0 days 01:48:44.957000,0 days 01:49:18.160000,0 days 01:49:41.872000,263.0,283.0,250.0,326.0,False,ULTRASOFT,9.0,True,Haas F1 Team,0 days 01:48:15.628000,,1,17.0,,,False,True
0 days 01:51:06.125000,GRO,8,0 days 00:01:24.305000,54.0,2.0,,,0 days 00:00:29.073000,0 days 00:00:33.293000,0 days 00:00:21.939000,0 days 01:50:10.945000,0 days 01:50:44.238000,0 days 01:51:06.177000,265.0,285.0,250.0,323.0,False,ULTRASOFT,10.0,True,Haas F1 Team,0 days 01:49:41.820000,,1,17.0,,,False,True
0 days 01:52:30.330000,GRO,8,0 days 00:01:24.205000,55.0,2.0,,,0 days 00:00:29.120000,0 days 00:00:33.056000,0 days 00:00:22.029000,0 days 01:51:35.297000,0 days 01:52:08.353000,0 days 01:52:30.382000,269.0,282.0,249.0,329.0,False,ULTRASOFT,11.0,True,Haas F1 Team,0 days 01:51:06.125000,,1,17.0,,,False,True
0 days 01:53:54.510000,GRO,8,0 days 00:01:24.180000,56.0,2.0,,,0 days 00:00:28.846000,0 days 00:00:33.152000,0 days 00:00:22.182000,0 days 01:52:59.228000,0 days 01:53:32.380000,0 days 01:53:54.562000,284.0,283.0,249.0,332.0,False,ULTRASOFT,12.0,True,Haas F1 Team,0 days 01:52:30.330000,,1,17.0,,,False,True
0 days 01:55:19.266000,GRO,8,0 days 00:01:24.756000,57.0,2.0,,,0 days 00:00:29.172000,0 days 00:00:33.403000,0 days 00:00:22.181000,0 days 01:54:23.734000,0 days 01:54:57.137000,0 days 01:55:19.318000,286.0,284.0,247.0,333.0,False,ULTRASOFT,13.0,True,Haas F1 Team,0 days 01:53:54.510000,,1,17.0,,,False,True
0 days 01:56:44.301000,GRO,8,0 days 00:01:25.035000,58.0,2.0,,,0 days 00:00:29.173000,0 days 00:00:33.485000,0 days 00:00:22.377000,0 days 01:55:48.491000,0 days 01:56:21.976000,0 days 01:56:44.353000,289.0,283.0,247.0,332.0,False,ULTRASOFT,14.0,True,Haas F1 Team,0 days 01:55:19.266000,,1,17.0,,,False,True
0 days 01:58:09.832000,GRO,8,0 days 00:01:25.531000,59.0,2.0,,,0 days 00:00:29.286000,0 days 00:00:33.702000,0 days 00:00:22.543000,0 days 01:57:13.639000,0 days 01:57:47.341000,0 days 01:58:09.884000,289.0,282.0,247.0,332.0,False,ULTRASOFT,15.0,True,Haas F1 Team,0 days 01:56:44.301000,,12,17.0,,,False,True
0 days 02:00:03.583000,GRO,8,0 days 00:01:53.751000,60.0,2.0,,0 days 02:00:00.968000,0 days 00:00:39.260000,0 days 00:00:42.966000,0 days 00:00:31.525000,0 days 01:58:49.144000,0 days 01:59:32.110000,0 days 02:00:03.635000,212.0,190.0,,190.0,False,ULTRASOFT,16.0,True,Haas F1 Team,0 days 01:58:09.832000,,26,17.0,,,False,False
0 days 02:01:53.139000,GRO,8,0 days 00:01:49.556000,61.0,3.0,0 days 02:00:24.375000,,0 days 00:00:55.098000,0 days 00:00:32.938000,0 days 00:00:21.520000,0 days 02:00:58.733000,0 days 02:01:31.671000,0 days 02:01:53.191000,218.0,283.0,253.0,235.0,False,HYPERSOFT,1.0,True,Haas F1 Team,0 days 02:00:03.583000,,671,17.0,,,False,False
0 days 02:03:15.335000,GRO,8,0 days 00:01:22.196000,62.0,3.0,,,0 days 00:00:28.884000,0 days 00:00:32.222000,0 days 00:00:21.090000,0 days 02:02:22.075000,0 days 02:02:54.297000,0 days 02:03:15.387000,271.0,284.0,254.0,326.0,False,HYPERSOFT,2.0,True,Haas F1 Team,0 days 02:01:53.139000,,1,16.0,,,False,True
0 days 02:04:37.501000,GRO,8,0 days 00:01:22.166000,63.0,3.0,,,0 days 00:00:28.859000,0 days 00:00:32.067000,0 days 00:00:21.240000,0 days 02:03:44.246000,0 days 02:04:16.313000,0 days 02:04:37.553000,295.0,286.0,253.0,325.0,False,HYPERSOFT,3.0,True,Haas F1 Team,0 days 02:03:15.335000,,1,16.0,,,False,True
0 days 02:05:58.939000,GRO,8,0 days 00:01:21.438000,64.0,3.0,,,0 days 00:00:28.652000,0 days 00:00:31.795000,0 days 00:00:20.991000,0 days 02:05:06.205000,0 days 02:05:38,0 days 02:05:58.991000,294.0,285.0,253.0,327.0,False,HYPERSOFT,4.0,True,Haas F1 Team,0 days 02:04:37.501000,,1,16.0,,,False,True
0 days 02:07:20.951000,GRO,8,0 days 00:01:22.012000,65.0,3.0,,,0 days 00:00:28.845000,0 days 00:00:31.896000,0 days 00:00:21.271000,0 days 02:06:27.836000,0 days 02:06:59.732000,0 days 02:07:21.003000,299.0,285.0,252.0,328.0,False,HYPERSOFT,5.0,True,Haas F1 Team,0 days 02:05:58.939000,,1,16.0,,,False,True
0 days 02:08:42.564000,GRO,8,0 days 00:01:21.613000,66.0,3.0,,,0 days 00:00:28.660000,0 days 00:00:31.847000,0 days 00:00:21.106000,0 days 02:07:49.663000,0 days 02:08:21.510000,0 days 02:08:42.616000,293.0,284.0,251.0,326.0,False,HYPERSOFT,6.0,True,Haas F1 Team,0 days 02:07:20.951000,,1,16.0,,,False,True
0 days 02:10:04.866000,GRO,8,0 days 00:01:22.302000,67.0,3.0,,,0 days 00:00:28.837000,0 days 00:00:31.932000,0 days 00:00:21.533000,0 days 02:09:11.453000,0 days 02:09:43.385000,0 days 02:10:04.918000,292.0,284.0,249.0,327.0,False,HYPERSOFT,7.0,True,Haas F1 Team,0 days 02:08:42.564000,,1,16.0,,,False,True
0 days 02:11:29.948000,GRO,8,0 days 00:01:25.082000,68.0,3.0,,,0 days 00:00:29.008000,0 days 00:00:34.464000,0 days 00:00:21.610000,0 days 02:10:33.926000,0 days 02:11:08.390000,0 days 02:11:30,290.0,284.0,249.0,328.0,False,HYPERSOFT,8.0,True,Haas F1 Team,0 days 02:10:04.866000,,1,16.0,,,False,True
0 days 00:34:32.478000,ERI,9,0 days 00:01:33.592000,1.0,1.0,,,,0 days 00:00:36.313000,0 days 00:00:22.859000,,0 days 00:34:09.677000,0 days 00:34:32.721000,264.0,276.0,251.0,288.0,False,HYPERSOFT,4.0,False,Sauber,0 days 00:32:58.703000,,1,10.0,,,False,False
0 days 00:35:56.637000,ERI,9,0 days 00:01:24.159000,2.0,1.0,,,0 days 00:00:29.159000,0 days 00:00:33.349000,0 days 00:00:21.651000,0 days 00:35:01.650000,0 days 00:35:34.999000,0 days 00:35:56.650000,269.0,282.0,251.0,334.0,True,HYPERSOFT,5.0,False,Sauber,0 days 00:34:32.478000,,1,10.0,,,False,True
0 days 00:37:20.760000,ERI,9,0 days 00:01:24.123000,3.0,1.0,,,0 days 00:00:29.357000,0 days 00:00:33.402000,0 days 00:00:21.364000,0 days 00:36:26.007000,0 days 00:36:59.409000,0 days 00:37:20.773000,260.0,281.0,250.0,329.0,True,HYPERSOFT,6.0,False,Sauber,0 days 00:35:56.637000,,1,10.0,,,False,True
0 days 00:38:44.468000,ERI,9,0 days 00:01:23.708000,4.0,1.0,,,0 days 00:00:28.938000,0 days 00:00:33.280000,0 days 00:00:21.490000,0 days 00:37:49.711000,0 days 00:38:22.991000,0 days 00:38:44.481000,269.0,283.0,250.0,332.0,True,HYPERSOFT,7.0,False,Sauber,0 days 00:37:20.760000,,12,10.0,,,False,True
0 days 00:40:25.243000,ERI,9,0 days 00:01:40.775000,5.0,1.0,,,0 days 00:00:36.131000,0 days 00:00:41.889000,0 days 00:00:22.755000,0 days 00:39:20.612000,0 days 00:40:02.501000,0 days 00:40:25.256000,203.0,240.0,251.0,330.0,False,HYPERSOFT,8.0,False,Sauber,0 days 00:38:44.468000,,2167,10.0,,,False,False
0 days 00:41:49.168000,ERI,9,0 days 00:01:23.925000,6.0,1.0,,,0 days 00:00:29.290000,0 days 00:00:33.292000,0 days 00:00:21.343000,0 days 00:40:54.546000,0 days 00:41:27.838000,0 days 00:41:49.181000,280.0,279.0,250.0,319.0,False,HYPERSOFT,9.0,False,Sauber,0 days 00:40:25.243000,,1,10.0,,,False,True
0 days 00:43:13.335000,ERI,9,0 days 00:01:24.167000,7.0,1.0,,,0 days 00:00:29.166000,0 days 00:00:33.604000,0 days 00:00:21.397000,0 days 00:42:18.347000,0 days 00:42:51.951000,0 days 00:43:13.348000,266.0,280.0,250.0,331.0,False,HYPERSOFT,10.0,False,Sauber,0 days 00:41:49.168000,,1,10.0,,,False,True
0 days 00:44:38.233000,ERI,9,0 days 00:01:24.898000,8.0,1.0,,,0 days 00:00:29.307000,0 days 00:00:33.911000,0 days 00:00:21.680000,0 days 00:43:42.655000,0 days 00:44:16.566000,0 days 00:44:38.246000,270.0,279.0,250.0,327.0,False,HYPERSOFT,11.0,False,Sauber,0 days 00:43:13.335000,,1,10.0,,,False,True
0 days 00:46:03.088000,ERI,9,0 days 00:01:24.855000,9.0,1.0,,,0 days 00:00:29.348000,0 days 00:00:33.691000,0 days 00:00:21.816000,0 days 00:45:07.594000,0 days 00:45:41.285000,0 days 00:46:03.101000,269.0,279.0,247.0,329.0,False,HYPERSOFT,12.0,False,Sauber,0 days 00:44:38.233000,,1,10.0,,,False,True
0 days 00:47:28.905000,ERI,9,0 days 00:01:25.817000,10.0,1.0,,,0 days 00:00:29.532000,0 days 00:00:34.256000,0 days 00:00:22.029000,0 days 00:46:32.633000,0 days 00:47:06.889000,0 days 00:47:28.918000,272.0,279.0,247.0,329.0,False,HYPERSOFT,13.0,False,Sauber,0 days 00:46:03.088000,,1,10.0,,,False,True
0 days 00:48:56.107000,ERI,9,0 days 00:01:27.202000,11.0,1.0,,,0 days 00:00:30.185000,0 days 00:00:34.771000,0 days 00:00:22.246000,0 days 00:47:59.103000,0 days 00:48:33.874000,0 days 00:48:56.120000,270.0,279.0,247.0,332.0,False,HYPERSOFT,14.0,False,Sauber,0 days 00:47:28.905000,,1,10.0,,,False,True
0 days 00:50:22.733000,ERI,9,0 days 00:01:26.626000,12.0,1.0,,,0 days 00:00:29.903000,0 days 00:00:34.407000,0 days 00:00:22.316000,0 days 00:49:26.023000,0 days 00:50:00.430000,0 days 00:50:22.746000,288.0,280.0,246.0,329.0,False,HYPERSOFT,15.0,False,Sauber,0 days 00:48:56.107000,,1,9.0,,,False,True
0 days 00:51:49.294000,ERI,9,0 days 00:01:26.561000,13.0,1.0,,,0 days 00:00:29.745000,0 days 00:00:34.441000,0 days 00:00:22.375000,0 days 00:50:52.491000,0 days 00:51:26.932000,0 days 00:51:49.307000,282.0,279.0,246.0,328.0,False,HYPERSOFT,16.0,False,Sauber,0 days 00:50:22.733000,,1,8.0,,,False,True
0 days 00:53:16.120000,ERI,9,0 days 00:01:26.826000,14.0,1.0,,,0 days 00:00:30.059000,0 days 00:00:34.207000,0 days 00:00:22.560000,0 days 00:52:19.366000,0 days 00:52:53.573000,0 days 00:53:16.133000,260.0,280.0,246.0,325.0,False,HYPERSOFT,17.0,False,Sauber,0 days 00:51:49.294000,,1,8.0,,,False,True
0 days 00:54:42.874000,ERI,9,0 days 00:01:26.754000,15.0,1.0,,,0 days 00:00:30.005000,0 days 00:00:34.231000,0 days 00:00:22.518000,0 days 00:53:46.138000,0 days 00:54:20.369000,0 days 00:54:42.887000,255.0,280.0,247.0,327.0,False,HYPERSOFT,18.0,False,Sauber,0 days 00:53:16.120000,,1,9.0,,,False,True
0 days 00:56:13.194000,ERI,9,0 days 00:01:30.320000,16.0,1.0,,0 days 00:56:10.638000,0 days 00:00:29.973000,0 days 00:00:34.465000,0 days 00:00:25.882000,0 days 00:55:12.860000,0 days 00:55:47.325000,0 days 00:56:13.207000,256.0,280.0,,330.0,False,HYPERSOFT,19.0,False,Sauber,0 days 00:54:42.874000,,1,14.0,,,False,False
0 days 00:58:03.172000,ERI,9,0 days 00:01:49.978000,17.0,2.0,0 days 00:56:41.985000,,0 days 00:00:56.501000,0 days 00:00:32.308000,0 days 00:00:21.169000,0 days 00:57:09.708000,0 days 00:57:42.016000,0 days 00:58:03.185000,283.0,282.0,252.0,313.0,False,SUPERSOFT,1.0,True,Sauber,0 days 00:56:13.194000,,1,19.0,,,False,False
0 days 00:59:25.612000,ERI,9,0 days 00:01:22.440000,18.0,2.0,,,0 days 00:00:28.804000,0 days 00:00:32.415000,0 days 00:00:21.221000,0 days 00:58:31.989000,0 days 00:59:04.404000,0 days 00:59:25.625000,273.0,281.0,250.0,329.0,True,SUPERSOFT,2.0,True,Sauber,0 days 00:58:03.172000,,1,19.0,,,False,True
0 days 01:00:50.209000,ERI,9,0 days 00:01:24.597000,19.0,2.0,,,0 days 00:00:28.758000,0 days 00:00:32.650000,0 days 00:00:23.189000,0 days 00:59:54.383000,0 days 01:00:27.033000,0 days 01:00:50.222000,284.0,266.0,253.0,330.0,False,SUPERSOFT,3.0,True,Sauber,0 days 00:59:25.612000,,1,19.0,,,False,True
0 days 01:02:13.677000,ERI,9,0 days 00:01:23.468000,20.0,2.0,,,0 days 00:00:28.754000,0 days 00:00:33.172000,0 days 00:00:21.542000,0 days 01:01:18.976000,0 days 01:01:52.148000,0 days 01:02:13.690000,278.0,283.0,251.0,344.0,False,SUPERSOFT,4.0,True,Sauber,0 days 01:00:50.209000,,1,19.0,,,False,True
0 days 01:03:36.568000,ERI,9,0 days 00:01:22.891000,21.0,2.0,,,0 days 00:00:28.603000,0 days 00:00:32.686000,0 days 00:00:21.602000,0 days 01:02:42.293000,0 days 01:03:14.979000,0 days 01:03:36.581000,273.0,284.0,251.0,329.0,False,SUPERSOFT,5.0,True,Sauber,0 days 01:02:13.677000,,1,19.0,,,False,True
0 days 01:05:00.103000,ERI,9,0 days 00:01:23.535000,22.0,2.0,,,0 days 00:00:28.826000,0 days 00:00:32.714000,0 days 00:00:21.995000,0 days 01:04:05.407000,0 days 01:04:38.121000,0 days 01:05:00.116000,274.0,283.0,248.0,330.0,False,SUPERSOFT,6.0,True,Sauber,0 days 01:03:36.568000,,1,19.0,,,False,True
0 days 01:06:23.866000,ERI,9,0 days 00:01:23.763000,23.0,2.0,,,0 days 00:00:29.045000,0 days 00:00:32.857000,0 days 00:00:21.861000,0 days 01:05:29.161000,0 days 01:06:02.018000,0 days 01:06:23.879000,279.0,283.0,245.0,328.0,False,SUPERSOFT,7.0,True,Sauber,0 days 01:05:00.103000,,1,19.0,,,False,True
0 days 01:07:51.032000,ERI,9,0 days 00:01:27.166000,24.0,2.0,,,0 days 00:00:31.849000,0 days 00:00:33.849000,0 days 00:00:21.468000,0 days 01:06:55.728000,0 days 01:07:29.577000,0 days 01:07:51.045000,171.0,286.0,250.0,315.0,False,SUPERSOFT,8.0,True,Sauber,0 days 01:06:23.866000,,1,18.0,,,False,True
0 days 01:09:14.493000,ERI,9,0 days 00:01:23.461000,25.0,2.0,,,0 days 00:00:28.934000,0 days 00:00:32.989000,0 days 00:00:21.538000,0 days 01:08:19.979000,0 days 01:08:52.968000,0 days 01:09:14.506000,278.0,286.0,251.0,335.0,False,SUPERSOFT,9.0,True,Sauber,0 days 01:07:51.032000,,1,17.0,,,False,True
0 days 01:10:38.372000,ERI,9,0 days 00:01:23.879000,26.0,2.0,,,0 days 00:00:29.059000,0 days 00:00:33.124000,0 days 00:00:21.696000,0 days 01:09:43.565000,0 days 01:10:16.689000,0 days 01:10:38.385000,284.0,284.0,245.0,332.0,False,SUPERSOFT,10.0,True,Sauber,0 days 01:09:14.493000,,1,17.0,,,False,True
0 days 01:12:04.015000,ERI,9,0 days 00:01:25.643000,27.0,2.0,,,0 days 00:00:30.715000,0 days 00:00:33.492000,0 days 00:00:21.436000,0 days 01:11:09.100000,0 days 01:11:42.592000,0 days 01:12:04.028000,265.0,285.0,252.0,269.0,False,SUPERSOFT,11.0,True,Sauber,0 days 01:10:38.372000,,1,16.0,,,False,True
0 days 01:13:27.639000,ERI,9,0 days 00:01:23.624000,28.0,2.0,,,0 days 00:00:28.937000,0 days 00:00:33.299000,0 days 00:00:21.388000,0 days 01:12:32.965000,0 days 01:13:06.264000,0 days 01:13:27.652000,274.0,287.0,254.0,327.0,False,SUPERSOFT,12.0,True,Sauber,0 days 01:12:04.015000,,1,16.0,,,False,True
0 days 01:14:56.428000,ERI,9,0 days 00:01:28.789000,29.0,2.0,,,0 days 00:00:28.591000,0 days 00:00:33.261000,0 days 00:00:26.937000,0 days 01:13:56.243000,0 days 01:14:29.504000,0 days 01:14:56.441000,276.0,285.0,165.0,354.0,False,SUPERSOFT,13.0,True,Sauber,0 days 01:13:27.639000,,126,14.0,,,False,False
0 days 01:16:46.338000,ERI,9,0 days 00:01:49.910000,30.0,2.0,,,0 days 00:00:37.703000,0 days 00:00:45.168000,0 days 00:00:27.039000,0 days 01:15:34.144000,0 days 01:16:19.312000,0 days 01:16:46.351000,208.0,183.0,203.0,212.0,False,SUPERSOFT,14.0,True,Sauber,0 days 01:14:56.428000,,6,14.0,,,False,False
0 days 01:18:25.569000,ERI,9,0 days 00:01:39.231000,31.0,2.0,,,0 days 00:00:39.223000,0 days 00:00:38.380000,0 days 00:00:21.628000,0 days 01:17:25.574000,0 days 01:18:03.954000,0 days 01:18:25.582000,201.0,287.0,252.0,241.0,False,SUPERSOFT,15.0,True,Sauber,0 days 01:16:46.338000,,671,13.0,,,False,False
0 days 01:19:51.114000,ERI,9,0 days 00:01:25.545000,32.0,2.0,,,0 days 00:00:28.885000,0 days 00:00:33.593000,0 days 00:00:23.067000,0 days 01:18:54.467000,0 days 01:19:28.060000,0 days 01:19:51.127000,280.0,232.0,254.0,331.0,False,SUPERSOFT,16.0,True,Sauber,0 days 01:18:25.569000,,1,13.0,,,False,True
0 days 01:21:14.838000,ERI,9,0 days 00:01:23.724000,33.0,2.0,,,0 days 00:00:28.847000,0 days 00:00:33.598000,0 days 00:00:21.279000,0 days 01:20:19.974000,0 days 01:20:53.572000,0 days 01:21:14.851000,287.0,286.0,253.0,339.0,False,SUPERSOFT,17.0,True,Sauber,0 days 01:19:51.114000,,1,13.0,,,False,True
0 days 01:22:39.117000,ERI,9,0 days 00:01:24.279000,34.0,2.0,,,0 days 00:00:29.167000,0 days 00:00:33.812000,0 days 00:00:21.300000,0 days 01:21:44.018000,0 days 01:22:17.830000,0 days 01:22:39.130000,287.0,286.0,255.0,329.0,False,SUPERSOFT,18.0,True,Sauber,0 days 01:21:14.838000,,1,13.0,,,False,True
0 days 01:24:02.800000,ERI,9,0 days 00:01:23.683000,35.0,2.0,,,0 days 00:00:28.955000,0 days 00:00:33.359000,0 days 00:00:21.369000,0 days 01:23:08.085000,0 days 01:23:41.444000,0 days 01:24:02.813000,278.0,286.0,254.0,328.0,False,SUPERSOFT,19.0,True,Sauber,0 days 01:22:39.117000,,1,13.0,,,False,True
0 days 01:25:27.151000,ERI,9,0 days 00:01:24.351000,36.0,2.0,,,0 days 00:00:29.128000,0 days 00:00:33.749000,0 days 00:00:21.474000,0 days 01:24:31.941000,0 days 01:25:05.690000,0 days 01:25:27.164000,274.0,286.0,254.0,324.0,False,SUPERSOFT,20.0,True,Sauber,0 days 01:24:02.800000,,1,13.0,,,False,True
0 days 01:26:51.563000,ERI,9,0 days 00:01:24.412000,37.0,2.0,,,0 days 00:00:29.045000,0 days 00:00:33.788000,0 days 00:00:21.579000,0 days 01:25:56.209000,0 days 01:26:29.997000,0 days 01:26:51.576000,265.0,287.0,254.0,334.0,False,SUPERSOFT,21.0,True,Sauber,0 days 01:25:27.151000,,1,13.0,,,False,True
0 days 01:28:18.079000,ERI,9,0 days 00:01:26.516000,38.0,2.0,,,0 days 00:00:29.596000,0 days 00:00:35.071000,0 days 00:00:21.849000,0 days 01:27:21.172000,0 days 01:27:56.243000,0 days 01:28:18.092000,259.0,289.0,253.0,326.0,False,SUPERSOFT,22.0,True,Sauber,0 days 01:26:51.563000,,1,12.0,,,False,True
0 days 01:29:42.372000,ERI,9,0 days 00:01:24.293000,39.0,2.0,,,0 days 00:00:29.124000,0 days 00:00:33.397000,0 days 00:00:21.772000,0 days 01:28:47.216000,0 days 01:29:20.613000,0 days 01:29:42.385000,272.0,287.0,252.0,332.0,False,SUPERSOFT,23.0,True,Sauber,0 days 01:28:18.079000,,1,12.0,,,False,True
0 days 01:31:06.886000,ERI,9,0 days 00:01:24.514000,40.0,2.0,,,0 days 00:00:29.016000,0 days 00:00:34.011000,0 days 00:00:21.487000,0 days 01:30:11.401000,0 days 01:30:45.412000,0 days 01:31:06.899000,267.0,286.0,253.0,328.0,False,SUPERSOFT,24.0,True,Sauber,0 days 01:29:42.372000,,1,12.0,,,False,True
0 days 01:32:31.483000,ERI,9,0 days 00:01:24.597000,41.0,2.0,,,0 days 00:00:29.209000,0 days 00:00:33.660000,0 days 00:00:21.728000,0 days 01:31:36.108000,0 days 01:32:09.768000,0 days 01:32:31.496000,268.0,286.0,254.0,331.0,False,SUPERSOFT,25.0,True,Sauber,0 days 01:31:06.886000,,1,12.0,,,False,True
0 days 01:33:56.171000,ERI,9,0 days 00:01:24.688000,42.0,2.0,,,0 days 00:00:29.186000,0 days 00:00:33.774000,0 days 00:00:21.728000,0 days 01:33:00.682000,0 days 01:33:34.456000,0 days 01:33:56.184000,267.0,286.0,254.0,332.0,False,SUPERSOFT,26.0,True,Sauber,0 days 01:32:31.483000,,1,12.0,,,False,True
0 days 01:35:20.726000,ERI,9,0 days 00:01:24.555000,43.0,2.0,,,0 days 00:00:29.123000,0 days 00:00:33.694000,0 days 00:00:21.738000,0 days 01:34:25.307000,0 days 01:34:59.001000,0 days 01:35:20.739000,270.0,288.0,254.0,328.0,False,SUPERSOFT,27.0,True,Sauber,0 days 01:33:56.171000,,1,12.0,,,False,True
0 days 01:36:44.811000,ERI,9,0 days 00:01:24.085000,44.0,2.0,,,0 days 00:00:28.473000,0 days 00:00:33.949000,0 days 00:00:21.663000,0 days 01:35:49.212000,0 days 01:36:23.161000,0 days 01:36:44.824000,274.0,286.0,253.0,356.0,False,SUPERSOFT,28.0,True,Sauber,0 days 01:35:20.726000,,1,10.0,,,False,True
0 days 01:38:09.356000,ERI,9,0 days 00:01:24.545000,45.0,2.0,,,0 days 00:00:29.271000,0 days 00:00:33.474000,0 days 00:00:21.800000,0 days 01:37:14.095000,0 days 01:37:47.569000,0 days 01:38:09.369000,276.0,284.0,252.0,324.0,False,SUPERSOFT,29.0,True,Sauber,0 days 01:36:44.811000,,1,10.0,,,False,True
0 days 01:39:33.819000,ERI,9,0 days 00:01:24.463000,46.0,2.0,,,0 days 00:00:29.010000,0 days 00:00:33.446000,0 days 00:00:22.007000,0 days 01:38:38.379000,0 days 01:39:11.825000,0 days 01:39:33.832000,276.0,284.0,252.0,325.0,False,SUPERSOFT,30.0,True,Sauber,0 days 01:38:09.356000,,1,10.0,,,False,True
0 days 01:40:58.297000,ERI,9,0 days 00:01:24.478000,47.0,2.0,,,0 days 00:00:29.262000,0 days 00:00:33.345000,0 days 00:00:21.871000,0 days 01:40:03.094000,0 days 01:40:36.439000,0 days 01:40:58.310000,278.0,283.0,253.0,325.0,False,SUPERSOFT,31.0,True,Sauber,0 days 01:39:33.819000,,1,10.0,,,False,True
0 days 01:42:22.527000,ERI,9,0 days 00:01:24.230000,48.0,2.0,,,0 days 00:00:29.112000,0 days 00:00:33.298000,0 days 00:00:21.820000,0 days 01:41:27.422000,0 days 01:42:00.720000,0 days 01:42:22.540000,275.0,283.0,252.0,327.0,False,SUPERSOFT,32.0,True,Sauber,0 days 01:40:58.297000,,1,10.0,,,False,True
0 days 01:43:46.941000,ERI,9,0 days 00:01:24.414000,49.0,2.0,,,0 days 00:00:29.216000,0 days 00:00:33.302000,0 days 00:00:21.896000,0 days 01:42:51.756000,0 days 01:43:25.058000,0 days 01:43:46.954000,279.0,283.0,253.0,321.0,False,SUPERSOFT,33.0,True,Sauber,0 days 01:42:22.527000,,1,10.0,,,False,True
0 days 01:45:11.118000,ERI,9,0 days 00:01:24.177000,50.0,2.0,,,0 days 00:00:29.103000,0 days 00:00:33.374000,0 days 00:00:21.700000,0 days 01:44:16.057000,0 days 01:44:49.431000,0 days 01:45:11.131000,281.0,285.0,253.0,324.0,False,SUPERSOFT,34.0,True,Sauber,0 days 01:43:46.941000,,1,10.0,,,False,True
0 days 01:46:35.468000,ERI,9,0 days 00:01:24.350000,51.0,2.0,,,0 days 00:00:29.058000,0 days 00:00:33.448000,0 days 00:00:21.844000,0 days 01:45:40.189000,0 days 01:46:13.637000,0 days 01:46:35.481000,276.0,286.0,253.0,330.0,False,SUPERSOFT,35.0,True,Sauber,0 days 01:45:11.118000,,1,10.0,,,False,True
0 days 01:48:00.254000,ERI,9,0 days 00:01:24.786000,52.0,2.0,,,0 days 00:00:29.139000,0 days 00:00:33.590000,0 days 00:00:22.057000,0 days 01:47:04.620000,0 days 01:47:38.210000,0 days 01:48:00.267000,275.0,285.0,248.0,328.0,False,SUPERSOFT,36.0,True,Sauber,0 days 01:46:35.468000,,1,10.0,,,False,True
0 days 01:49:25.463000,ERI,9,0 days 00:01:25.209000,53.0,2.0,,,0 days 00:00:29.968000,0 days 00:00:33.487000,0 days 00:00:21.754000,0 days 01:48:30.235000,0 days 01:49:03.722000,0 days 01:49:25.476000,266.0,285.0,254.0,302.0,False,SUPERSOFT,37.0,True,Sauber,0 days 01:48:00.254000,,1,10.0,,,False,True
0 days 01:50:49.929000,ERI,9,0 days 00:01:24.466000,54.0,2.0,,,0 days 00:00:29.028000,0 days 00:00:33.462000,0 days 00:00:21.976000,0 days 01:49:54.504000,0 days 01:50:27.966000,0 days 01:50:49.942000,274.0,287.0,252.0,330.0,False,SUPERSOFT,38.0,True,Sauber,0 days 01:49:25.463000,,1,10.0,,,False,True
0 days 01:52:15.604000,ERI,9,0 days 00:01:25.675000,55.0,2.0,,,0 days 00:00:30.126000,0 days 00:00:33.658000,0 days 00:00:21.891000,0 days 01:51:20.068000,0 days 01:51:53.726000,0 days 01:52:15.617000,266.0,287.0,255.0,285.0,False,SUPERSOFT,39.0,True,Sauber,0 days 01:50:49.929000,,1,10.0,,,False,True
0 days 01:53:40.164000,ERI,9,0 days 00:01:24.560000,56.0,2.0,,,0 days 00:00:29.165000,0 days 00:00:33.687000,0 days 00:00:21.708000,0 days 01:52:44.782000,0 days 01:53:18.469000,0 days 01:53:40.177000,278.0,285.0,255.0,330.0,False,SUPERSOFT,40.0,True,Sauber,0 days 01:52:15.604000,,1,10.0,,,False,True
0 days 01:55:04.665000,ERI,9,0 days 00:01:24.501000,57.0,2.0,,,0 days 00:00:29.180000,0 days 00:00:33.417000,0 days 00:00:21.904000,0 days 01:54:09.357000,0 days 01:54:42.774000,0 days 01:55:04.678000,281.0,287.0,255.0,330.0,False,SUPERSOFT,41.0,True,Sauber,0 days 01:53:40.164000,,1,10.0,,,False,True
0 days 01:56:29.469000,ERI,9,0 days 00:01:24.804000,58.0,2.0,,,0 days 00:00:29.427000,0 days 00:00:33.572000,0 days 00:00:21.805000,0 days 01:55:34.105000,0 days 01:56:07.677000,0 days 01:56:29.482000,283.0,287.0,254.0,328.0,False,SUPERSOFT,42.0,True,Sauber,0 days 01:55:04.665000,,1,10.0,,,False,True
0 days 01:57:54.967000,ERI,9,0 days 00:01:25.498000,59.0,2.0,,,0 days 00:00:29.119000,0 days 00:00:33.802000,0 days 00:00:22.577000,0 days 01:56:58.601000,0 days 01:57:32.403000,0 days 01:57:54.980000,279.0,260.0,255.0,329.0,False,SUPERSOFT,43.0,True,Sauber,0 days 01:56:29.469000,,1,10.0,,,False,True
0 days 01:59:41.397000,ERI,9,0 days 00:01:46.430000,60.0,2.0,,,0 days 00:00:36.741000,0 days 00:00:41.700000,0 days 00:00:27.989000,0 days 01:58:31.721000,0 days 01:59:13.421000,0 days 01:59:41.410000,197.0,215.0,188.0,301.0,False,SUPERSOFT,44.0,True,Sauber,0 days 01:57:54.967000,,126,10.0,,,False,False
0 days 02:01:24.864000,ERI,9,0 days 00:01:43.467000,61.0,2.0,,,0 days 00:00:39.239000,0 days 00:00:41.826000,0 days 00:00:22.402000,0 days 02:00:20.649000,0 days 02:01:02.475000,0 days 02:01:24.877000,193.0,262.0,256.0,225.0,False,SUPERSOFT,45.0,True,Sauber,0 days 01:59:41.397000,,671,10.0,,,False,False
0 days 02:02:49.051000,ERI,9,0 days 00:01:24.187000,62.0,2.0,,,0 days 00:00:29.247000,0 days 00:00:33.532000,0 days 00:00:21.408000,0 days 02:01:54.124000,0 days 02:02:27.656000,0 days 02:02:49.064000,262.0,288.0,257.0,327.0,False,SUPERSOFT,46.0,True,Sauber,0 days 02:01:24.864000,,1,9.0,,,False,True
0 days 02:04:12.245000,ERI,9,0 days 00:01:23.194000,63.0,2.0,,,0 days 00:00:29.215000,0 days 00:00:32.685000,0 days 00:00:21.294000,0 days 02:03:18.279000,0 days 02:03:50.964000,0 days 02:04:12.258000,282.0,288.0,256.0,330.0,False,SUPERSOFT,47.0,True,Sauber,0 days 02:02:49.051000,,1,9.0,,,False,True
0 days 02:05:35.247000,ERI,9,0 days 00:01:23.002000,64.0,2.0,,,0 days 00:00:28.940000,0 days 00:00:32.798000,0 days 00:00:21.264000,0 days 02:04:41.198000,0 days 02:05:13.996000,0 days 02:05:35.260000,287.0,288.0,256.0,329.0,False,SUPERSOFT,48.0,True,Sauber,0 days 02:04:12.245000,,1,9.0,,,False,True
0 days 02:06:58.611000,ERI,9,0 days 00:01:23.364000,65.0,2.0,,,0 days 00:00:29.120000,0 days 00:00:32.809000,0 days 00:00:21.435000,0 days 02:06:04.380000,0 days 02:06:37.189000,0 days 02:06:58.624000,283.0,288.0,256.0,329.0,False,SUPERSOFT,49.0,True,Sauber,0 days 02:05:35.247000,,1,9.0,,,False,True
0 days 02:08:21.966000,ERI,9,0 days 00:01:23.355000,66.0,2.0,,,0 days 00:00:29.010000,0 days 00:00:32.691000,0 days 00:00:21.654000,0 days 02:07:27.634000,0 days 02:08:00.325000,0 days 02:08:21.979000,294.0,287.0,255.0,328.0,False,SUPERSOFT,50.0,True,Sauber,0 days 02:06:58.611000,,1,9.0,,,False,True
0 days 02:09:45.063000,ERI,9,0 days 00:01:23.097000,67.0,2.0,,,0 days 00:00:28.983000,0 days 00:00:32.594000,0 days 00:00:21.520000,0 days 02:08:50.962000,0 days 02:09:23.556000,0 days 02:09:45.076000,292.0,288.0,255.0,329.0,False,SUPERSOFT,51.0,True,Sauber,0 days 02:08:21.966000,,1,9.0,,,False,True
0 days 02:11:07.886000,ERI,9,0 days 00:01:22.823000,68.0,2.0,,,0 days 00:00:28.952000,0 days 00:00:32.460000,0 days 00:00:21.411000,0 days 02:10:14.028000,0 days 02:10:46.488000,0 days 02:11:07.899000,294.0,288.0,257.0,328.0,False,SUPERSOFT,52.0,True,Sauber,0 days 02:09:45.063000,,1,9.0,,,False,True
0 days 02:12:30.781000,ERI,9,0 days 00:01:22.895000,69.0,2.0,,,0 days 00:00:29.048000,0 days 00:00:32.273000,0 days 00:00:21.574000,0 days 02:11:36.947000,0 days 02:12:09.220000,0 days 02:12:30.794000,293.0,290.0,256.0,328.0,False,SUPERSOFT,53.0,True,Sauber,0 days 02:11:07.886000,,1,9.0,,,False,True
