Time,Driver,DriverNumber,LapTime,LapNumber,Stint,PitOutTime,PitInTime,Sector1Time,Sector2Time,Sector3Time,Sector1SessionTime,Sector2SessionTime,Sector3SessionTime,SpeedI1,SpeedI2,SpeedFL,SpeedST,IsPersonalBest,Compound,TyreLife,FreshTyre,Team,LapStartTime,LapStartDate,TrackStatus,Position,Deleted,DeletedReason,FastF1Generated,IsAccurate
0 days 00:34:47.056000,GAS,10,0 days 00:01:38.238000,1.0,1.0,,,,0 days 00:00:38.499000,0 days 00:00:25.809000,,0 days 00:34:21.387000,0 days 00:34:47.221000,301.0,258.0,246.0,315.0,False,MEDIUM,6.0,False,Red Bull Racing,0 days 00:33:08.644000,,1,6.0,,,False,False
0 days 00:36:19.361000,GAS,10,0 days 00:01:32.305000,2.0,1.0,,,0 days 00:00:29.133000,0 days 00:00:37.679000,0 days 00:00:25.493000,0 days 00:35:16.219000,0 days 00:35:53.898000,0 days 00:36:19.391000,293.0,258.0,247.0,309.0,True,MEDIUM,7.0,False,Red Bull Racing,0 days 00:34:47.056000,,1,6.0,,,False,True
0 days 00:37:51.208000,GAS,10,0 days 00:01:31.847000,3.0,1.0,,,0 days 00:00:28.845000,0 days 00:00:37.545000,0 days 00:00:25.457000,0 days 00:36:48.236000,0 days 00:37:25.781000,0 days 00:37:51.238000,309.0,261.0,247.0,330.0,True,MEDIUM,8.0,False,Red Bull Racing,0 days 00:36:19.361000,,1,6.0,,,False,True
0 days 00:39:22.864000,GAS,10,0 days 00:01:31.656000,4.0,1.0,,,0 days 00:00:28.799000,0 days 00:00:37.681000,0 days 00:00:25.176000,0 days 00:38:20.037000,0 days 00:38:57.718000,0 days 00:39:22.894000,312.0,257.0,246.0,333.0,True,MEDIUM,9.0,False,Red Bull Racing,0 days 00:37:51.208000,,1,6.0,,,False,True
0 days 00:40:54.708000,GAS,10,0 days 00:01:31.844000,5.0,1.0,,,0 days 00:00:29.073000,0 days 00:00:37.583000,0 days 00:00:25.188000,0 days 00:39:51.967000,0 days 00:40:29.550000,0 days 00:40:54.738000,308.0,257.0,247.0,330.0,False,MEDIUM,10.0,False,Red Bull Racing,0 days 00:39:22.864000,,1,6.0,,,False,True
0 days 00:42:26.417000,GAS,10,0 days 00:01:31.709000,6.0,1.0,,,0 days 00:00:28.908000,0 days 00:00:37.583000,0 days 00:00:25.218000,0 days 00:41:23.646000,0 days 00:42:01.229000,0 days 00:42:26.447000,311.0,260.0,246.0,328.0,False,MEDIUM,11.0,False,Red Bull Racing,0 days 00:40:54.708000,,1,6.0,,,False,True
0 days 00:43:58.042000,GAS,10,0 days 00:01:31.625000,7.0,1.0,,,0 days 00:00:28.949000,0 days 00:00:37.449000,0 days 00:00:25.227000,0 days 00:42:55.396000,0 days 00:43:32.845000,0 days 00:43:58.072000,311.0,260.0,247.0,326.0,True,MEDIUM,12.0,False,Red Bull Racing,0 days 00:42:26.417000,,1,6.0,,,False,True
0 days 00:45:29.582000,GAS,10,0 days 00:01:31.540000,8.0,1.0,,,0 days 00:00:28.933000,0 days 00:00:37.483000,0 days 00:00:25.124000,0 days 00:44:27.005000,0 days 00:45:04.488000,0 days 00:45:29.612000,306.0,259.0,245.0,323.0,True,MEDIUM,13.0,False,Red Bull Racing,0 days 00:43:58.042000,,1,6.0,,,False,True
0 days 00:47:00.992000,GAS,10,0 days 00:01:31.410000,9.0,1.0,,,0 days 00:00:28.820000,0 days 00:00:37.421000,0 days 00:00:25.169000,0 days 00:45:58.432000,0 days 00:46:35.853000,0 days 00:47:01.022000,308.0,260.0,248.0,323.0,True,MEDIUM,14.0,False,Red Bull Racing,0 days 00:45:29.582000,,1,6.0,,,False,True
0 days 00:48:32.585000,GAS,10,0 days 00:01:31.593000,10.0,1.0,,,0 days 00:00:28.746000,0 days 00:00:37.537000,0 days 00:00:25.310000,0 days 00:47:29.768000,0 days 00:48:07.305000,0 days 00:48:32.615000,308.0,258.0,248.0,312.0,False,MEDIUM,15.0,False,Red Bull Racing,0 days 00:47:00.992000,,1,6.0,,,False,True
0 days 00:50:04.767000,GAS,10,0 days 00:01:32.182000,11.0,1.0,,,0 days 00:00:28.984000,0 days 00:00:38.014000,0 days 00:00:25.184000,0 days 00:49:01.599000,0 days 00:49:39.613000,0 days 00:50:04.797000,308.0,257.0,250.0,334.0,False,MEDIUM,16.0,False,Red Bull Racing,0 days 00:48:32.585000,,1,6.0,,,False,True
0 days 00:51:36.176000,GAS,10,0 days 00:01:31.409000,12.0,1.0,,0 days 00:51:30.360000,0 days 00:00:29.017000,0 days 00:00:37.640000,0 days 00:00:24.752000,0 days 00:50:33.814000,0 days 00:51:11.454000,0 days 00:51:36.206000,317.0,259.0,,306.0,False,MEDIUM,17.0,False,Red Bull Racing,0 days 00:50:04.767000,,1,5.0,,,False,False
0 days 00:53:27.740000,GAS,10,0 days 00:01:51.564000,13.0,2.0,0 days 00:51:58.253000,,0 days 00:00:49.079000,0 days 00:00:37.555000,0 days 00:00:24.930000,0 days 00:52:25.285000,0 days 00:53:02.840000,0 days 00:53:27.770000,285.0,261.0,249.0,308.0,False,HARD,1.0,True,Red Bull Racing,0 days 00:51:36.176000,,1,10.0,,,False,False
0 days 00:55:00.328000,GAS,10,0 days 00:01:32.588000,14.0,2.0,,,0 days 00:00:29.171000,0 days 00:00:37.854000,0 days 00:00:25.563000,0 days 00:53:56.941000,0 days 00:54:34.795000,0 days 00:55:00.358000,295.0,257.0,247.0,336.0,False,HARD,2.0,True,Red Bull Racing,0 days 00:53:27.740000,,1,7.0,,,False,True
0 days 00:56:32.494000,GAS,10,0 days 00:01:32.166000,15.0,2.0,,,0 days 00:00:29.098000,0 days 00:00:37.608000,0 days 00:00:25.460000,0 days 00:55:29.456000,0 days 00:56:07.064000,0 days 00:56:32.524000,309.0,259.0,249.0,329.0,False,HARD,3.0,True,Red Bull Racing,0 days 00:55:00.328000,,1,7.0,,,False,True
0 days 00:58:04.442000,GAS,10,0 days 00:01:31.948000,16.0,2.0,,,0 days 00:00:29.055000,0 days 00:00:37.661000,0 days 00:00:25.232000,0 days 00:57:01.579000,0 days 00:57:39.240000,0 days 00:58:04.472000,307.0,261.0,251.0,326.0,False,HARD,4.0,True,Red Bull Racing,0 days 00:56:32.494000,,1,7.0,,,False,True
0 days 00:59:36.810000,GAS,10,0 days 00:01:32.368000,17.0,2.0,,,0 days 00:00:28.981000,0 days 00:00:37.744000,0 days 00:00:25.643000,0 days 00:58:33.453000,0 days 00:59:11.197000,0 days 00:59:36.840000,309.0,258.0,248.0,334.0,False,HARD,5.0,True,Red Bull Racing,0 days 00:58:04.442000,,1,7.0,,,False,True
0 days 01:01:08.550000,GAS,10,0 days 00:01:31.740000,18.0,2.0,,,0 days 00:00:29,0 days 00:00:37.319000,0 days 00:00:25.421000,0 days 01:00:05.840000,0 days 01:00:43.159000,0 days 01:01:08.580000,308.0,261.0,250.0,322.0,False,HARD,6.0,True,Red Bull Racing,0 days 00:59:36.810000,,1,7.0,,,False,True
0 days 01:02:40.155000,GAS,10,0 days 00:01:31.605000,19.0,2.0,,,0 days 00:00:28.942000,0 days 00:00:37.390000,0 days 00:00:25.273000,0 days 01:01:37.522000,0 days 01:02:14.912000,0 days 01:02:40.185000,307.0,259.0,250.0,319.0,False,HARD,7.0,True,Red Bull Racing,0 days 01:01:08.550000,,1,7.0,,,False,True
0 days 01:04:37.484000,GAS,10,0 days 00:01:57.329000,20.0,2.0,,,0 days 00:00:29.103000,0 days 00:00:51.865000,0 days 00:00:36.361000,0 days 01:03:09.288000,0 days 01:04:01.153000,0 days 01:04:37.514000,307.0,171.0,191.0,203.0,False,HARD,8.0,True,Red Bull Racing,0 days 01:02:40.155000,,124,7.0,,,False,False
0 days 01:06:46.082000,GAS,10,0 days 00:02:08.598000,21.0,2.0,,,0 days 00:00:40.901000,0 days 00:00:54.389000,0 days 00:00:33.308000,0 days 01:05:18.415000,0 days 01:06:12.804000,0 days 01:06:46.112000,234.0,197.0,246.0,237.0,False,HARD,9.0,True,Red Bull Racing,0 days 01:04:37.484000,,4,5.0,,,False,False
0 days 01:08:54.216000,GAS,10,0 days 00:02:08.134000,22.0,2.0,,,0 days 00:00:35.514000,0 days 00:00:54.237000,0 days 00:00:38.383000,0 days 01:07:21.626000,0 days 01:08:15.863000,0 days 01:08:54.246000,251.0,147.0,129.0,251.0,False,HARD,10.0,True,Red Bull Racing,0 days 01:06:46.082000,,4,4.0,,,False,False
0 days 01:11:13.921000,GAS,10,0 days 00:02:19.705000,23.0,2.0,,,0 days 00:00:43.911000,0 days 00:00:56.593000,0 days 00:00:39.201000,0 days 01:09:38.157000,0 days 01:10:34.750000,0 days 01:11:13.951000,258.0,230.0,246.0,129.0,False,HARD,11.0,True,Red Bull Racing,0 days 01:08:54.216000,,41,4.0,,,False,False
0 days 01:12:47.113000,GAS,10,0 days 00:01:33.192000,24.0,2.0,,,0 days 00:00:29.408000,0 days 00:00:38.121000,0 days 00:00:25.663000,0 days 01:11:43.359000,0 days 01:12:21.480000,0 days 01:12:47.143000,306.0,262.0,249.0,307.0,False,HARD,12.0,True,Red Bull Racing,0 days 01:11:13.921000,,1,4.0,,,False,True
0 days 01:14:18.494000,GAS,10,0 days 00:01:31.381000,25.0,2.0,,,0 days 00:00:29.041000,0 days 00:00:37.165000,0 days 00:00:25.175000,0 days 01:13:16.184000,0 days 01:13:53.349000,0 days 01:14:18.524000,292.0,261.0,250.0,307.0,True,HARD,13.0,True,Red Bull Racing,0 days 01:12:47.113000,,1,4.0,,,False,True
0 days 01:15:49.338000,GAS,10,0 days 00:01:30.844000,26.0,2.0,,,0 days 00:00:28.741000,0 days 00:00:37.028000,0 days 00:00:25.075000,0 days 01:14:47.265000,0 days 01:15:24.293000,0 days 01:15:49.368000,292.0,262.0,249.0,310.0,True,HARD,14.0,True,Red Bull Racing,0 days 01:14:18.494000,,12,4.0,,,False,True
0 days 01:17:21.103000,GAS,10,0 days 00:01:31.765000,27.0,2.0,,,0 days 00:00:28.740000,0 days 00:00:36.782000,0 days 00:00:26.243000,0 days 01:16:18.108000,0 days 01:16:54.890000,0 days 01:17:21.133000,293.0,261.0,250.0,280.0,False,HARD,15.0,True,Red Bull Racing,0 days 01:15:49.338000,,21,5.0,,,False,True
0 days 01:18:51.585000,GAS,10,0 days 00:01:30.482000,28.0,2.0,,,0 days 00:00:28.560000,0 days 00:00:36.926000,0 days 00:00:24.996000,0 days 01:17:49.693000,0 days 01:18:26.619000,0 days 01:18:51.615000,310.0,262.0,250.0,315.0,True,HARD,16.0,True,Red Bull Racing,0 days 01:17:21.103000,,1,5.0,,,False,True
0 days 01:20:22.202000,GAS,10,0 days 00:01:30.617000,29.0,2.0,,,0 days 00:00:28.711000,0 days 00:00:36.776000,0 days 00:00:25.130000,0 days 01:19:20.326000,0 days 01:19:57.102000,0 days 01:20:22.232000,291.0,261.0,251.0,307.0,False,HARD,17.0,True,Red Bull Racing,0 days 01:18:51.585000,,1,5.0,,,False,True
0 days 01:21:52.390000,GAS,10,0 days 00:01:30.188000,30.0,2.0,,,0 days 00:00:28.632000,0 days 00:00:36.624000,0 days 00:00:24.932000,0 days 01:20:50.864000,0 days 01:21:27.488000,0 days 01:21:52.420000,291.0,264.0,249.0,309.0,True,HARD,18.0,True,Red Bull Racing,0 days 01:20:22.202000,,1,5.0,,,False,True
0 days 01:23:22.591000,GAS,10,0 days 00:01:30.201000,31.0,2.0,,,0 days 00:00:28.714000,0 days 00:00:36.625000,0 days 00:00:24.862000,0 days 01:22:21.134000,0 days 01:22:57.759000,0 days 01:23:22.621000,290.0,263.0,251.0,311.0,False,HARD,19.0,True,Red Bull Racing,0 days 01:21:52.390000,,1,5.0,,,False,True
0 days 01:24:52.615000,GAS,10,0 days 00:01:30.024000,32.0,2.0,,,0 days 00:00:28.651000,0 days 00:00:36.626000,0 days 00:00:24.747000,0 days 01:23:51.272000,0 days 01:24:27.898000,0 days 01:24:52.645000,290.0,262.0,251.0,307.0,True,HARD,20.0,True,Red Bull Racing,0 days 01:23:22.591000,,1,5.0,,,False,True
0 days 01:26:22.556000,GAS,10,0 days 00:01:29.941000,33.0,2.0,,,0 days 00:00:28.670000,0 days 00:00:36.513000,0 days 00:00:24.758000,0 days 01:25:21.315000,0 days 01:25:57.828000,0 days 01:26:22.586000,289.0,263.0,251.0,307.0,True,HARD,21.0,True,Red Bull Racing,0 days 01:24:52.615000,,1,5.0,,,False,True
0 days 01:27:52.393000,GAS,10,0 days 00:01:29.837000,34.0,2.0,,,0 days 00:00:28.703000,0 days 00:00:36.460000,0 days 00:00:24.674000,0 days 01:26:51.289000,0 days 01:27:27.749000,0 days 01:27:52.423000,290.0,263.0,251.0,311.0,True,HARD,22.0,True,Red Bull Racing,0 days 01:26:22.556000,,1,5.0,,,False,True
0 days 01:29:22.136000,GAS,10,0 days 00:01:29.743000,35.0,2.0,,,0 days 00:00:28.547000,0 days 00:00:36.413000,0 days 00:00:24.783000,0 days 01:28:20.970000,0 days 01:28:57.383000,0 days 01:29:22.166000,291.0,264.0,252.0,310.0,True,HARD,23.0,True,Red Bull Racing,0 days 01:27:52.393000,,1,5.0,,,False,True
0 days 01:30:53.146000,GAS,10,0 days 00:01:31.010000,36.0,2.0,,,0 days 00:00:28.699000,0 days 00:00:37.430000,0 days 00:00:24.881000,0 days 01:29:50.865000,0 days 01:30:28.295000,0 days 01:30:53.176000,304.0,267.0,252.0,330.0,False,HARD,24.0,True,Red Bull Racing,0 days 01:29:22.136000,,1,6.0,,,False,True
0 days 01:32:23.768000,GAS,10,0 days 00:01:30.622000,37.0,2.0,,,0 days 00:00:28.717000,0 days 00:00:36.932000,0 days 00:00:24.973000,0 days 01:31:21.893000,0 days 01:31:58.825000,0 days 01:32:23.798000,307.0,265.0,251.0,328.0,False,HARD,25.0,True,Red Bull Racing,0 days 01:30:53.146000,,12,4.0,,,False,True
0 days 01:33:54.263000,GAS,10,0 days 00:01:30.495000,38.0,2.0,,,0 days 00:00:28.725000,0 days 00:00:36.821000,0 days 00:00:24.949000,0 days 01:32:52.523000,0 days 01:33:29.344000,0 days 01:33:54.293000,306.0,265.0,250.0,326.0,False,HARD,26.0,True,Red Bull Racing,0 days 01:32:23.768000,,21,4.0,,,False,True
0 days 01:35:24.410000,GAS,10,0 days 00:01:30.147000,39.0,2.0,,,0 days 00:00:28.578000,0 days 00:00:36.734000,0 days 00:00:24.835000,0 days 01:34:22.871000,0 days 01:34:59.605000,0 days 01:35:24.440000,306.0,265.0,251.0,308.0,False,HARD,27.0,True,Red Bull Racing,0 days 01:33:54.263000,,1,4.0,,,False,True
0 days 01:36:54.315000,GAS,10,0 days 00:01:29.905000,40.0,2.0,,,0 days 00:00:28.631000,0 days 00:00:36.515000,0 days 00:00:24.759000,0 days 01:35:53.071000,0 days 01:36:29.586000,0 days 01:36:54.345000,293.0,265.0,252.0,308.0,False,HARD,28.0,True,Red Bull Racing,0 days 01:35:24.410000,,1,4.0,,,False,True
0 days 01:38:24.295000,GAS,10,0 days 00:01:29.980000,41.0,2.0,,,0 days 00:00:28.591000,0 days 00:00:36.630000,0 days 00:00:24.759000,0 days 01:37:22.936000,0 days 01:37:59.566000,0 days 01:38:24.325000,294.0,265.0,252.0,308.0,False,HARD,29.0,True,Red Bull Racing,0 days 01:36:54.315000,,1,4.0,,,False,True
0 days 01:39:54.167000,GAS,10,0 days 00:01:29.872000,42.0,2.0,,,0 days 00:00:28.510000,0 days 00:00:36.560000,0 days 00:00:24.802000,0 days 01:38:52.835000,0 days 01:39:29.395000,0 days 01:39:54.197000,294.0,265.0,251.0,309.0,False,HARD,30.0,True,Red Bull Racing,0 days 01:38:24.295000,,1,4.0,,,False,True
0 days 01:41:23.962000,GAS,10,0 days 00:01:29.795000,43.0,2.0,,,0 days 00:00:28.659000,0 days 00:00:36.417000,0 days 00:00:24.719000,0 days 01:40:22.856000,0 days 01:40:59.273000,0 days 01:41:23.992000,293.0,266.0,251.0,306.0,False,HARD,31.0,True,Red Bull Racing,0 days 01:39:54.167000,,1,4.0,,,False,True
0 days 01:42:53.776000,GAS,10,0 days 00:01:29.814000,44.0,2.0,,,0 days 00:00:28.484000,0 days 00:00:36.389000,0 days 00:00:24.941000,0 days 01:41:52.476000,0 days 01:42:28.865000,0 days 01:42:53.806000,292.0,263.0,250.0,308.0,False,HARD,32.0,True,Red Bull Racing,0 days 01:41:23.962000,,1,4.0,,,False,True
0 days 01:44:23.651000,GAS,10,0 days 00:01:29.875000,45.0,2.0,,,0 days 00:00:28.562000,0 days 00:00:36.542000,0 days 00:00:24.771000,0 days 01:43:22.368000,0 days 01:43:58.910000,0 days 01:44:23.681000,290.0,265.0,251.0,305.0,False,HARD,33.0,True,Red Bull Racing,0 days 01:42:53.776000,,1,4.0,,,False,True
0 days 01:45:53.333000,GAS,10,0 days 00:01:29.682000,46.0,2.0,,,0 days 00:00:28.503000,0 days 00:00:36.463000,0 days 00:00:24.716000,0 days 01:44:52.184000,0 days 01:45:28.647000,0 days 01:45:53.363000,291.0,266.0,251.0,305.0,True,HARD,34.0,True,Red Bull Racing,0 days 01:44:23.651000,,1,4.0,,,False,True
0 days 01:47:22.912000,GAS,10,0 days 00:01:29.579000,47.0,2.0,,,0 days 00:00:28.444000,0 days 00:00:36.434000,0 days 00:00:24.701000,0 days 01:46:21.807000,0 days 01:46:58.241000,0 days 01:47:22.942000,291.0,262.0,250.0,309.0,True,HARD,35.0,True,Red Bull Racing,0 days 01:45:53.333000,,1,4.0,,,False,True
0 days 01:48:52.456000,GAS,10,0 days 00:01:29.544000,48.0,2.0,,,0 days 00:00:28.468000,0 days 00:00:36.328000,0 days 00:00:24.748000,0 days 01:47:51.410000,0 days 01:48:27.738000,0 days 01:48:52.486000,291.0,265.0,251.0,306.0,True,HARD,36.0,True,Red Bull Racing,0 days 01:47:22.912000,,1,4.0,,,False,True
0 days 01:50:22.286000,GAS,10,0 days 00:01:29.830000,49.0,2.0,,,0 days 00:00:28.519000,0 days 00:00:36.470000,0 days 00:00:24.841000,0 days 01:49:21.005000,0 days 01:49:57.475000,0 days 01:50:22.316000,291.0,264.0,251.0,310.0,False,HARD,37.0,True,Red Bull Racing,0 days 01:48:52.456000,,1,4.0,,,False,True
0 days 01:51:51.978000,GAS,10,0 days 00:01:29.692000,50.0,2.0,,,0 days 00:00:28.546000,0 days 00:00:36.379000,0 days 00:00:24.767000,0 days 01:50:50.862000,0 days 01:51:27.241000,0 days 01:51:52.008000,291.0,265.0,251.0,311.0,False,HARD,38.0,True,Red Bull Racing,0 days 01:50:22.286000,,1,4.0,,,False,True
0 days 01:53:21.987000,GAS,10,0 days 00:01:30.009000,51.0,2.0,,,0 days 00:00:28.599000,0 days 00:00:36.685000,0 days 00:00:24.725000,0 days 01:52:20.607000,0 days 01:52:57.292000,0 days 01:53:22.017000,291.0,264.0,251.0,306.0,False,HARD,39.0,True,Red Bull Racing,0 days 01:51:51.978000,,1,4.0,,,False,True
0 days 01:54:51.962000,GAS,10,0 days 00:01:29.975000,52.0,2.0,,,0 days 00:00:28.545000,0 days 00:00:36.620000,0 days 00:00:24.810000,0 days 01:53:50.562000,0 days 01:54:27.182000,0 days 01:54:51.992000,290.0,265.0,251.0,305.0,False,HARD,40.0,True,Red Bull Racing,0 days 01:53:21.987000,,1,4.0,,,False,True
0 days 00:34:51.621000,PER,11,0 days 00:01:42.803000,1.0,1.0,,,,0 days 00:00:40.198000,0 days 00:00:26.451000,,0 days 00:34:25.225000,0 days 00:34:51.823000,280.0,256.0,245.0,319.0,False,MEDIUM,1.0,True,Racing Point,0 days 00:33:08.644000,,1,14.0,,,False,False
0 days 00:36:26.359000,PER,11,0 days 00:01:34.738000,2.0,1.0,,,0 days 00:00:29.739000,0 days 00:00:38.840000,0 days 00:00:26.159000,0 days 00:35:21.383000,0 days 00:36:00.223000,0 days 00:36:26.382000,296.0,257.0,247.0,320.0,True,MEDIUM,2.0,True,Racing Point,0 days 00:34:51.621000,,1,14.0,,,False,True
0 days 00:37:59.532000,PER,11,0 days 00:01:33.173000,3.0,1.0,,,0 days 00:00:29.318000,0 days 00:00:38.235000,0 days 00:00:25.620000,0 days 00:36:55.700000,0 days 00:37:33.935000,0 days 00:37:59.555000,310.0,259.0,246.0,315.0,True,MEDIUM,3.0,True,Racing Point,0 days 00:36:26.359000,,1,13.0,,,False,True
0 days 00:39:32.726000,PER,11,0 days 00:01:33.194000,4.0,1.0,,,0 days 00:00:29.282000,0 days 00:00:37.878000,0 days 00:00:26.034000,0 days 00:38:28.837000,0 days 00:39:06.715000,0 days 00:39:32.749000,308.0,260.0,243.0,333.0,False,MEDIUM,4.0,True,Racing Point,0 days 00:37:59.532000,,1,13.0,,,False,True
0 days 00:41:05.474000,PER,11,0 days 00:01:32.748000,5.0,1.0,,,0 days 00:00:29.228000,0 days 00:00:38.081000,0 days 00:00:25.439000,0 days 00:40:01.977000,0 days 00:40:40.058000,0 days 00:41:05.497000,317.0,258.0,243.0,334.0,True,MEDIUM,5.0,True,Racing Point,0 days 00:39:32.726000,,1,12.0,,,False,True
0 days 00:42:38.939000,PER,11,0 days 00:01:33.465000,6.0,1.0,,,0 days 00:00:29.660000,0 days 00:00:37.914000,0 days 00:00:25.891000,0 days 00:41:35.157000,0 days 00:42:13.071000,0 days 00:42:38.962000,288.0,256.0,244.0,296.0,False,MEDIUM,6.0,True,Racing Point,0 days 00:41:05.474000,,1,12.0,,,False,True
0 days 00:44:12.195000,PER,11,0 days 00:01:33.256000,7.0,1.0,,,0 days 00:00:29.659000,0 days 00:00:37.688000,0 days 00:00:25.909000,0 days 00:43:08.621000,0 days 00:43:46.309000,0 days 00:44:12.218000,287.0,256.0,245.0,297.0,False,MEDIUM,7.0,True,Racing Point,0 days 00:42:38.939000,,1,12.0,,,False,True
0 days 00:45:45.258000,PER,11,0 days 00:01:33.063000,8.0,1.0,,,0 days 00:00:29.445000,0 days 00:00:37.673000,0 days 00:00:25.945000,0 days 00:44:41.663000,0 days 00:45:19.336000,0 days 00:45:45.281000,291.0,254.0,244.0,301.0,False,MEDIUM,8.0,True,Racing Point,0 days 00:44:12.195000,,1,12.0,,,False,True
0 days 00:47:18.279000,PER,11,0 days 00:01:33.021000,9.0,1.0,,,0 days 00:00:29.483000,0 days 00:00:37.758000,0 days 00:00:25.780000,0 days 00:46:14.764000,0 days 00:46:52.522000,0 days 00:47:18.302000,289.0,256.0,246.0,298.0,False,MEDIUM,9.0,True,Racing Point,0 days 00:45:45.258000,,1,12.0,,,False,True
0 days 00:48:50.940000,PER,11,0 days 00:01:32.661000,10.0,1.0,,,0 days 00:00:29.249000,0 days 00:00:37.740000,0 days 00:00:25.672000,0 days 00:47:47.551000,0 days 00:48:25.291000,0 days 00:48:50.963000,288.0,256.0,246.0,298.0,True,MEDIUM,10.0,True,Racing Point,0 days 00:47:18.279000,,1,12.0,,,False,True
0 days 00:50:23.520000,PER,11,0 days 00:01:32.580000,11.0,1.0,,,0 days 00:00:29.281000,0 days 00:00:37.645000,0 days 00:00:25.654000,0 days 00:49:20.244000,0 days 00:49:57.889000,0 days 00:50:23.543000,291.0,257.0,244.0,302.0,True,MEDIUM,11.0,True,Racing Point,0 days 00:48:50.940000,,1,12.0,,,False,True
0 days 00:51:56.189000,PER,11,0 days 00:01:32.669000,12.0,1.0,,,0 days 00:00:29.506000,0 days 00:00:37.608000,0 days 00:00:25.555000,0 days 00:50:53.049000,0 days 00:51:30.657000,0 days 00:51:56.212000,289.0,255.0,246.0,300.0,False,MEDIUM,12.0,True,Racing Point,0 days 00:50:23.520000,,1,12.0,,,False,True
0 days 00:53:29.212000,PER,11,0 days 00:01:33.023000,13.0,1.0,,,0 days 00:00:29.262000,0 days 00:00:38.261000,0 days 00:00:25.500000,0 days 00:52:25.474000,0 days 00:53:03.735000,0 days 00:53:29.235000,289.0,255.0,247.0,319.0,False,MEDIUM,13.0,True,Racing Point,0 days 00:51:56.189000,,1,11.0,,,False,True
0 days 00:55:02.071000,PER,11,0 days 00:01:32.859000,14.0,1.0,,,0 days 00:00:29.532000,0 days 00:00:37.704000,0 days 00:00:25.623000,0 days 00:53:58.767000,0 days 00:54:36.471000,0 days 00:55:02.094000,290.0,257.0,247.0,303.0,False,MEDIUM,14.0,True,Racing Point,0 days 00:53:29.212000,,1,8.0,,,False,True
0 days 00:56:34.621000,PER,11,0 days 00:01:32.550000,15.0,1.0,,,0 days 00:00:29.149000,0 days 00:00:37.973000,0 days 00:00:25.428000,0 days 00:55:31.243000,0 days 00:56:09.216000,0 days 00:56:34.644000,294.0,254.0,246.0,304.0,True,MEDIUM,15.0,True,Racing Point,0 days 00:55:02.071000,,1,8.0,,,False,True
0 days 00:58:06.323000,PER,11,0 days 00:01:31.702000,16.0,1.0,,,0 days 00:00:29.139000,0 days 00:00:37.329000,0 days 00:00:25.234000,0 days 00:57:03.783000,0 days 00:57:41.112000,0 days 00:58:06.346000,292.0,256.0,248.0,305.0,True,MEDIUM,16.0,True,Racing Point,0 days 00:56:34.621000,,1,8.0,,,False,True
0 days 00:59:38.387000,PER,11,0 days 00:01:32.064000,17.0,1.0,,,0 days 00:00:29.241000,0 days 00:00:37.388000,0 days 00:00:25.435000,0 days 00:58:35.587000,0 days 00:59:12.975000,0 days 00:59:38.410000,293.0,254.0,247.0,302.0,False,MEDIUM,17.0,True,Racing Point,0 days 00:58:06.323000,,1,8.0,,,False,True
0 days 01:01:09.829000,PER,11,0 days 00:01:31.442000,18.0,1.0,,0 days 01:01:04.017000,0 days 00:00:29.110000,0 days 00:00:37.241000,0 days 00:00:25.091000,0 days 01:00:07.520000,0 days 01:00:44.761000,0 days 01:01:09.852000,301.0,255.0,,304.0,False,MEDIUM,18.0,True,Racing Point,0 days 00:59:38.387000,,1,8.0,,,False,False
0 days 01:03:05.371000,PER,11,0 days 00:01:55.542000,19.0,2.0,0 days 01:01:34.281000,,0 days 00:00:51.579000,0 days 00:00:37.903000,0 days 00:00:26.060000,0 days 01:02:01.431000,0 days 01:02:39.334000,0 days 01:03:05.394000,289.0,252.0,242.0,293.0,False,HARD,1.0,True,Racing Point,0 days 01:01:09.829000,,12,12.0,,,False,False
0 days 01:05:10.473000,PER,11,0 days 00:02:05.102000,20.0,2.0,,,0 days 00:00:35.930000,0 days 00:00:56.481000,0 days 00:00:32.691000,0 days 01:03:41.324000,0 days 01:04:37.805000,0 days 01:05:10.496000,189.0,178.0,217.0,268.0,False,HARD,2.0,True,Racing Point,0 days 01:03:05.371000,,24,12.0,,,False,False
0 days 01:07:20.649000,PER,11,0 days 00:02:10.176000,21.0,2.0,,,0 days 00:00:43.185000,0 days 00:00:52.683000,0 days 00:00:34.308000,0 days 01:05:53.681000,0 days 01:06:46.364000,0 days 01:07:20.672000,272.0,219.0,234.0,233.0,False,HARD,3.0,True,Racing Point,0 days 01:05:10.473000,,4,13.0,,,False,False
0 days 01:09:04.905000,PER,11,0 days 00:01:44.256000,22.0,2.0,,,0 days 00:00:31.126000,0 days 00:00:39.030000,0 days 00:00:34.100000,0 days 01:07:51.798000,0 days 01:08:30.828000,0 days 01:09:04.928000,278.0,248.0,186.0,264.0,False,HARD,4.0,True,Racing Point,0 days 01:07:20.649000,,4,12.0,,,False,False
0 days 01:11:16.760000,PER,11,0 days 00:02:11.855000,23.0,2.0,,,0 days 00:00:47.897000,0 days 00:00:51.749000,0 days 00:00:32.209000,0 days 01:09:52.825000,0 days 01:10:44.574000,0 days 01:11:16.783000,171.0,168.0,245.0,167.0,False,HARD,5.0,True,Racing Point,0 days 01:09:04.905000,,41,12.0,,,False,False
0 days 01:13:03.298000,PER,11,0 days 00:01:46.538000,24.0,2.0,,0 days 01:12:57.371000,0 days 00:00:29.661000,0 days 00:00:47.954000,0 days 00:00:28.923000,0 days 01:11:46.444000,0 days 01:12:34.398000,0 days 01:13:03.321000,292.0,240.0,,277.0,False,HARD,6.0,True,Racing Point,0 days 01:11:16.760000,,1,17.0,,,False,False
0 days 01:15:06.736000,PER,11,0 days 00:02:03.438000,25.0,3.0,0 days 01:13:35.638000,,0 days 00:00:59.126000,0 days 00:00:38.423000,0 days 00:00:25.889000,0 days 01:14:02.447000,0 days 01:14:40.870000,0 days 01:15:06.759000,291.0,258.0,246.0,301.0,False,SOFT,1.0,True,Racing Point,0 days 01:13:03.298000,,1,17.0,,,False,False
0 days 01:16:39.997000,PER,11,0 days 00:01:33.261000,26.0,3.0,,,0 days 00:00:29.515000,0 days 00:00:38.163000,0 days 00:00:25.583000,0 days 01:15:36.274000,0 days 01:16:14.437000,0 days 01:16:40.020000,287.0,257.0,246.0,295.0,False,SOFT,2.0,True,Racing Point,0 days 01:15:06.736000,,12,17.0,,,False,True
0 days 01:18:12.587000,PER,11,0 days 00:01:32.590000,27.0,3.0,,,0 days 00:00:29.245000,0 days 00:00:37.729000,0 days 00:00:25.616000,0 days 01:17:09.265000,0 days 01:17:46.994000,0 days 01:18:12.610000,286.0,259.0,246.0,296.0,False,SOFT,3.0,True,Racing Point,0 days 01:16:39.997000,,1,17.0,,,False,True
0 days 01:19:44.402000,PER,11,0 days 00:01:31.815000,28.0,3.0,,,0 days 00:00:29.286000,0 days 00:00:37.247000,0 days 00:00:25.282000,0 days 01:18:41.896000,0 days 01:19:19.143000,0 days 01:19:44.425000,287.0,259.0,247.0,297.0,False,SOFT,4.0,True,Racing Point,0 days 01:18:12.587000,,1,17.0,,,False,True
0 days 01:21:16.488000,PER,11,0 days 00:01:32.086000,29.0,3.0,,,0 days 00:00:29.024000,0 days 00:00:37.392000,0 days 00:00:25.670000,0 days 01:20:13.449000,0 days 01:20:50.841000,0 days 01:21:16.511000,286.0,259.0,245.0,295.0,False,SOFT,5.0,True,Racing Point,0 days 01:19:44.402000,,1,17.0,,,False,True
0 days 01:22:47.812000,PER,11,0 days 00:01:31.324000,30.0,3.0,,,0 days 00:00:29.074000,0 days 00:00:36.968000,0 days 00:00:25.282000,0 days 01:21:45.585000,0 days 01:22:22.553000,0 days 01:22:47.835000,286.0,258.0,248.0,297.0,True,SOFT,6.0,True,Racing Point,0 days 01:21:16.488000,,1,17.0,,,False,True
0 days 01:24:19.179000,PER,11,0 days 00:01:31.367000,31.0,3.0,,,0 days 00:00:28.955000,0 days 00:00:37.103000,0 days 00:00:25.309000,0 days 01:23:16.790000,0 days 01:23:53.893000,0 days 01:24:19.202000,285.0,259.0,249.0,295.0,False,SOFT,7.0,True,Racing Point,0 days 01:22:47.812000,,1,17.0,,,False,True
0 days 01:25:50.165000,PER,11,0 days 00:01:30.986000,32.0,3.0,,,0 days 00:00:29.020000,0 days 00:00:36.913000,0 days 00:00:25.053000,0 days 01:24:48.222000,0 days 01:25:25.135000,0 days 01:25:50.188000,286.0,260.0,249.0,298.0,True,SOFT,8.0,True,Racing Point,0 days 01:24:19.179000,,1,17.0,,,False,True
0 days 01:27:20.879000,PER,11,0 days 00:01:30.714000,33.0,3.0,,,0 days 00:00:28.928000,0 days 00:00:36.702000,0 days 00:00:25.084000,0 days 01:26:19.116000,0 days 01:26:55.818000,0 days 01:27:20.902000,286.0,262.0,248.0,298.0,True,SOFT,9.0,True,Racing Point,0 days 01:25:50.165000,,1,17.0,,,False,True
0 days 01:28:51.521000,PER,11,0 days 00:01:30.642000,34.0,3.0,,,0 days 00:00:28.878000,0 days 00:00:36.848000,0 days 00:00:24.916000,0 days 01:27:49.780000,0 days 01:28:26.628000,0 days 01:28:51.544000,286.0,260.0,249.0,297.0,True,SOFT,10.0,True,Racing Point,0 days 01:27:20.879000,,1,17.0,,,False,True
0 days 01:30:21.723000,PER,11,0 days 00:01:30.202000,35.0,3.0,,,0 days 00:00:28.776000,0 days 00:00:36.665000,0 days 00:00:24.761000,0 days 01:29:20.320000,0 days 01:29:56.985000,0 days 01:30:21.746000,288.0,262.0,250.0,301.0,True,SOFT,11.0,True,Racing Point,0 days 01:28:51.521000,,1,17.0,,,False,True
0 days 01:31:52.181000,PER,11,0 days 00:01:30.458000,36.0,3.0,,,0 days 00:00:28.819000,0 days 00:00:36.708000,0 days 00:00:24.931000,0 days 01:30:50.565000,0 days 01:31:27.273000,0 days 01:31:52.204000,288.0,261.0,249.0,300.0,False,SOFT,12.0,True,Racing Point,0 days 01:30:21.723000,,1,17.0,,,False,True
0 days 01:33:22.993000,PER,11,0 days 00:01:30.812000,37.0,3.0,,,0 days 00:00:28.825000,0 days 00:00:36.709000,0 days 00:00:25.278000,0 days 01:32:21.029000,0 days 01:32:57.738000,0 days 01:33:23.016000,287.0,261.0,248.0,299.0,False,SOFT,13.0,True,Racing Point,0 days 01:31:52.181000,,12,17.0,,,False,True
0 days 01:34:54.451000,PER,11,0 days 00:01:31.458000,38.0,3.0,,,0 days 00:00:29.120000,0 days 00:00:37.211000,0 days 00:00:25.127000,0 days 01:33:52.136000,0 days 01:34:29.347000,0 days 01:34:54.474000,286.0,262.0,248.0,298.0,False,SOFT,14.0,True,Racing Point,0 days 01:33:22.993000,,1,17.0,,,False,True
0 days 01:36:25.459000,PER,11,0 days 00:01:31.008000,39.0,3.0,,,0 days 00:00:28.835000,0 days 00:00:37.229000,0 days 00:00:24.944000,0 days 01:35:23.309000,0 days 01:36:00.538000,0 days 01:36:25.482000,289.0,261.0,249.0,298.0,False,SOFT,15.0,True,Racing Point,0 days 01:34:54.451000,,1,16.0,,,False,True
0 days 01:37:56.277000,PER,11,0 days 00:01:30.818000,40.0,3.0,,,0 days 00:00:28.785000,0 days 00:00:36.941000,0 days 00:00:25.092000,0 days 01:36:54.267000,0 days 01:37:31.208000,0 days 01:37:56.300000,285.0,264.0,249.0,296.0,False,SOFT,16.0,True,Racing Point,0 days 01:36:25.459000,,1,16.0,,,False,True
0 days 01:39:27.192000,PER,11,0 days 00:01:30.915000,41.0,3.0,,,0 days 00:00:28.934000,0 days 00:00:36.837000,0 days 00:00:25.144000,0 days 01:38:25.234000,0 days 01:39:02.071000,0 days 01:39:27.215000,286.0,263.0,246.0,296.0,False,SOFT,17.0,True,Racing Point,0 days 01:37:56.277000,,1,16.0,,,False,True
0 days 01:40:59.612000,PER,11,0 days 00:01:32.420000,42.0,3.0,,,0 days 00:00:29.098000,0 days 00:00:36.990000,0 days 00:00:26.332000,0 days 01:39:56.313000,0 days 01:40:33.303000,0 days 01:40:59.635000,284.0,261.0,250.0,255.0,False,SOFT,18.0,True,Racing Point,0 days 01:39:27.192000,,1,16.0,,,False,True
0 days 01:42:31.962000,PER,11,0 days 00:01:32.350000,43.0,3.0,,,0 days 00:00:28.953000,0 days 00:00:38.427000,0 days 00:00:24.970000,0 days 01:41:28.588000,0 days 01:42:07.015000,0 days 01:42:31.985000,286.0,263.0,251.0,318.0,False,SOFT,19.0,True,Racing Point,0 days 01:40:59.612000,,1,16.0,,,False,True
0 days 01:44:02.743000,PER,11,0 days 00:01:30.781000,44.0,3.0,,,0 days 00:00:28.834000,0 days 00:00:36.913000,0 days 00:00:25.034000,0 days 01:43:00.819000,0 days 01:43:37.732000,0 days 01:44:02.766000,287.0,262.0,251.0,297.0,False,SOFT,20.0,True,Racing Point,0 days 01:42:31.962000,,1,16.0,,,False,True
0 days 01:45:33.416000,PER,11,0 days 00:01:30.673000,45.0,3.0,,,0 days 00:00:28.818000,0 days 00:00:36.683000,0 days 00:00:25.172000,0 days 01:44:31.584000,0 days 01:45:08.267000,0 days 01:45:33.439000,287.0,264.0,250.0,297.0,False,SOFT,21.0,True,Racing Point,0 days 01:44:02.743000,,1,16.0,,,False,True
0 days 01:47:03.947000,PER,11,0 days 00:01:30.531000,46.0,3.0,,0 days 01:46:58.189000,0 days 00:00:28.737000,0 days 00:00:36.786000,0 days 00:00:25.008000,0 days 01:46:02.176000,0 days 01:46:38.962000,0 days 01:47:03.970000,287.0,264.0,,298.0,False,SOFT,22.0,True,Racing Point,0 days 01:45:33.416000,,1,16.0,,,False,False
0 days 01:48:55.010000,PER,11,0 days 00:01:51.063000,47.0,4.0,0 days 01:47:26.861000,,0 days 00:00:49.566000,0 days 00:00:36.624000,0 days 00:00:24.873000,0 days 01:47:53.536000,0 days 01:48:30.160000,0 days 01:48:55.033000,291.0,265.0,251.0,302.0,False,SOFT,4.0,False,Racing Point,0 days 01:47:03.947000,,1,17.0,,,False,False
0 days 01:50:24.757000,PER,11,0 days 00:01:29.747000,48.0,4.0,,,0 days 00:00:28.524000,0 days 00:00:36.355000,0 days 00:00:24.868000,0 days 01:49:23.557000,0 days 01:49:59.912000,0 days 01:50:24.780000,288.0,265.0,250.0,300.0,True,SOFT,5.0,False,Racing Point,0 days 01:48:55.010000,,1,17.0,,,False,True
0 days 01:51:54.597000,PER,11,0 days 00:01:29.840000,49.0,4.0,,,0 days 00:00:28.632000,0 days 00:00:36.431000,0 days 00:00:24.777000,0 days 01:50:53.412000,0 days 01:51:29.843000,0 days 01:51:54.620000,288.0,264.0,250.0,303.0,False,SOFT,6.0,False,Racing Point,0 days 01:50:24.757000,,1,17.0,,,False,True
0 days 01:53:24.053000,PER,11,0 days 00:01:29.456000,50.0,4.0,,,0 days 00:00:28.474000,0 days 00:00:36.254000,0 days 00:00:24.728000,0 days 01:52:23.094000,0 days 01:52:59.348000,0 days 01:53:24.076000,292.0,264.0,250.0,307.0,True,SOFT,7.0,False,Racing Point,0 days 01:51:54.597000,,1,17.0,,,False,True
0 days 01:54:53.593000,PER,11,0 days 00:01:29.540000,51.0,4.0,,,0 days 00:00:28.432000,0 days 00:00:36.305000,0 days 00:00:24.803000,0 days 01:53:52.508000,0 days 01:54:28.813000,0 days 01:54:53.616000,289.0,264.0,249.0,299.0,False,SOFT,8.0,False,Racing Point,0 days 01:53:24.053000,,1,17.0,,,False,True
0 days 00:34:44.863000,LEC,16,0 days 00:01:36.045000,1.0,1.0,,,,0 days 00:00:37.978000,0 days 00:00:25.684000,,0 days 00:34:19.266000,0 days 00:34:45.052000,295.0,257.0,245.0,309.0,False,SOFT,4.0,False,Ferrari,0 days 00:33:08.644000,,1,3.0,,,False,False
0 days 00:36:17.021000,LEC,16,0 days 00:01:32.158000,2.0,1.0,,,0 days 00:00:29.125000,0 days 00:00:37.666000,0 days 00:00:25.367000,0 days 00:35:14.044000,0 days 00:35:51.710000,0 days 00:36:17.077000,291.0,256.0,247.0,302.0,True,SOFT,5.0,False,Ferrari,0 days 00:34:44.863000,,1,3.0,,,False,True
0 days 00:37:48.904000,LEC,16,0 days 00:01:31.883000,3.0,1.0,,,0 days 00:00:28.843000,0 days 00:00:37.922000,0 days 00:00:25.118000,0 days 00:36:45.920000,0 days 00:37:23.842000,0 days 00:37:48.960000,296.0,255.0,247.0,326.0,True,SOFT,6.0,False,Ferrari,0 days 00:36:17.021000,,1,3.0,,,False,True
0 days 00:39:20.543000,LEC,16,0 days 00:01:31.639000,4.0,1.0,,,0 days 00:00:28.896000,0 days 00:00:37.487000,0 days 00:00:25.256000,0 days 00:38:17.856000,0 days 00:38:55.343000,0 days 00:39:20.599000,291.0,258.0,245.0,316.0,True,SOFT,7.0,False,Ferrari,0 days 00:37:48.904000,,1,3.0,,,False,True
0 days 00:40:52.431000,LEC,16,0 days 00:01:31.888000,5.0,1.0,,,0 days 00:00:29.058000,0 days 00:00:37.257000,0 days 00:00:25.573000,0 days 00:39:49.657000,0 days 00:40:26.914000,0 days 00:40:52.487000,294.0,259.0,246.0,302.0,False,SOFT,8.0,False,Ferrari,0 days 00:39:20.543000,,1,3.0,,,False,True
0 days 00:42:23.937000,LEC,16,0 days 00:01:31.506000,6.0,1.0,,,0 days 00:00:28.970000,0 days 00:00:37.106000,0 days 00:00:25.430000,0 days 00:41:21.457000,0 days 00:41:58.563000,0 days 00:42:23.993000,291.0,256.0,246.0,302.0,True,SOFT,9.0,False,Ferrari,0 days 00:40:52.431000,,1,3.0,,,False,True
0 days 00:43:55.243000,LEC,16,0 days 00:01:31.306000,7.0,1.0,,,0 days 00:00:28.915000,0 days 00:00:37.142000,0 days 00:00:25.249000,0 days 00:42:52.908000,0 days 00:43:30.050000,0 days 00:43:55.299000,295.0,258.0,246.0,306.0,True,SOFT,10.0,False,Ferrari,0 days 00:42:23.937000,,1,3.0,,,False,True
0 days 00:45:26.618000,LEC,16,0 days 00:01:31.375000,8.0,1.0,,,0 days 00:00:28.946000,0 days 00:00:37.292000,0 days 00:00:25.137000,0 days 00:44:24.245000,0 days 00:45:01.537000,0 days 00:45:26.674000,293.0,258.0,246.0,313.0,False,SOFT,11.0,False,Ferrari,0 days 00:43:55.243000,,1,3.0,,,False,True
0 days 00:46:58.199000,LEC,16,0 days 00:01:31.581000,9.0,1.0,,,0 days 00:00:28.938000,0 days 00:00:37.282000,0 days 00:00:25.361000,0 days 00:45:55.612000,0 days 00:46:32.894000,0 days 00:46:58.255000,291.0,256.0,247.0,299.0,False,SOFT,12.0,False,Ferrari,0 days 00:45:26.618000,,1,3.0,,,False,True
0 days 00:48:30.471000,LEC,16,0 days 00:01:32.272000,10.0,1.0,,,0 days 00:00:28.893000,0 days 00:00:37.425000,0 days 00:00:25.954000,0 days 00:47:27.148000,0 days 00:48:04.573000,0 days 00:48:30.527000,291.0,255.0,247.0,311.0,False,SOFT,13.0,False,Ferrari,0 days 00:46:58.199000,,1,3.0,,,False,True
0 days 00:50:02.684000,LEC,16,0 days 00:01:32.213000,11.0,1.0,,,0 days 00:00:29.725000,0 days 00:00:37.147000,0 days 00:00:25.341000,0 days 00:49:00.252000,0 days 00:49:37.399000,0 days 00:50:02.740000,288.0,257.0,247.0,298.0,False,SOFT,14.0,False,Ferrari,0 days 00:48:30.471000,,1,3.0,,,False,True
0 days 00:51:34.341000,LEC,16,0 days 00:01:31.657000,12.0,1.0,,,0 days 00:00:29.119000,0 days 00:00:37.184000,0 days 00:00:25.354000,0 days 00:50:31.859000,0 days 00:51:09.043000,0 days 00:51:34.397000,287.0,259.0,246.0,303.0,False,SOFT,15.0,False,Ferrari,0 days 00:50:02.684000,,1,3.0,,,False,True
0 days 00:53:05.583000,LEC,16,0 days 00:01:31.242000,13.0,1.0,,0 days 00:52:59.857000,0 days 00:00:29.231000,0 days 00:00:37.131000,0 days 00:00:24.880000,0 days 00:52:03.628000,0 days 00:52:40.759000,0 days 00:53:05.639000,286.0,256.0,,301.0,False,SOFT,16.0,False,Ferrari,0 days 00:51:34.341000,,1,3.0,,,False,False
0 days 00:54:57.565000,LEC,16,0 days 00:01:51.982000,14.0,2.0,0 days 00:53:29.263000,,0 days 00:00:49.651000,0 days 00:00:37.229000,0 days 00:00:25.102000,0 days 00:53:55.290000,0 days 00:54:32.519000,0 days 00:54:57.621000,298.0,259.0,249.0,293.0,False,MEDIUM,4.0,False,Ferrari,0 days 00:53:05.583000,,1,4.0,,,False,False
0 days 00:56:28.673000,LEC,16,0 days 00:01:31.108000,15.0,2.0,,,0 days 00:00:28.988000,0 days 00:00:36.865000,0 days 00:00:25.255000,0 days 00:55:26.609000,0 days 00:56:03.474000,0 days 00:56:28.729000,290.0,260.0,246.0,296.0,True,MEDIUM,5.0,False,Ferrari,0 days 00:54:57.565000,,1,4.0,,,False,True
0 days 00:58:00.133000,LEC,16,0 days 00:01:31.460000,16.0,2.0,,,0 days 00:00:29.409000,0 days 00:00:37.182000,0 days 00:00:24.869000,0 days 00:56:58.138000,0 days 00:57:35.320000,0 days 00:58:00.189000,282.0,260.0,248.0,308.0,False,MEDIUM,6.0,False,Ferrari,0 days 00:56:28.673000,,1,4.0,,,False,True
0 days 00:59:31.925000,LEC,16,0 days 00:01:31.792000,17.0,2.0,,,0 days 00:00:29.118000,0 days 00:00:37.211000,0 days 00:00:25.463000,0 days 00:58:29.307000,0 days 00:59:06.518000,0 days 00:59:31.981000,301.0,260.0,249.0,292.0,False,MEDIUM,7.0,False,Ferrari,0 days 00:58:00.133000,,1,4.0,,,False,True
0 days 01:01:03.595000,LEC,16,0 days 00:01:31.670000,18.0,2.0,,,0 days 00:00:29.028000,0 days 00:00:37.209000,0 days 00:00:25.433000,0 days 01:00:01.009000,0 days 01:00:38.218000,0 days 01:01:03.651000,300.0,258.0,248.0,291.0,False,MEDIUM,8.0,False,Ferrari,0 days 00:59:31.925000,,1,4.0,,,False,True
0 days 01:02:34.592000,LEC,16,0 days 00:01:30.997000,19.0,2.0,,,0 days 00:00:28.987000,0 days 00:00:36.697000,0 days 00:00:25.313000,0 days 01:01:32.638000,0 days 01:02:09.335000,0 days 01:02:34.648000,284.0,257.0,247.0,303.0,True,MEDIUM,9.0,False,Ferrari,0 days 01:01:03.595000,,1,4.0,,,False,True
0 days 01:04:28.035000,LEC,16,0 days 00:01:53.443000,20.0,2.0,,,0 days 00:00:29.002000,0 days 00:00:49.879000,0 days 00:00:34.562000,0 days 01:03:03.650000,0 days 01:03:53.529000,0 days 01:04:28.091000,302.0,161.0,195.0,215.0,False,MEDIUM,10.0,False,Ferrari,0 days 01:02:34.592000,,124,5.0,,,False,False
0 days 01:06:35.414000,LEC,16,0 days 00:02:07.379000,21.0,2.0,,0 days 01:06:29.556000,0 days 00:00:42.175000,0 days 00:00:52.449000,0 days 00:00:32.755000,0 days 01:05:10.266000,0 days 01:06:02.715000,0 days 01:06:35.470000,196.0,222.0,,236.0,False,MEDIUM,11.0,False,Ferrari,0 days 01:04:28.035000,,4,4.0,,,False,False
0 days 01:08:56.249000,LEC,16,0 days 00:02:20.835000,22.0,3.0,0 days 01:06:57.839000,,0 days 00:00:51.261000,0 days 00:00:51.853000,0 days 00:00:37.721000,0 days 01:07:26.731000,0 days 01:08:18.584000,0 days 01:08:56.305000,249.0,102.0,134.0,180.0,False,HARD,1.0,False,Ferrari,0 days 01:06:35.414000,,4,6.0,,,False,False
0 days 01:11:14.867000,LEC,16,0 days 00:02:18.618000,23.0,3.0,,,0 days 00:00:45.279000,0 days 00:00:55.770000,0 days 00:00:37.569000,0 days 01:09:41.584000,0 days 01:10:37.354000,0 days 01:11:14.923000,245.0,208.0,234.0,132.0,False,HARD,2.0,False,Ferrari,0 days 01:08:56.249000,,41,6.0,,,False,False
0 days 01:12:48.542000,LEC,16,0 days 00:01:33.675000,24.0,3.0,,,0 days 00:00:29.231000,0 days 00:00:38.273000,0 days 00:00:26.171000,0 days 01:11:44.154000,0 days 01:12:22.427000,0 days 01:12:48.598000,305.0,262.0,238.0,316.0,False,HARD,3.0,False,Ferrari,0 days 01:11:14.867000,,1,6.0,,,False,True
0 days 01:14:20.948000,LEC,16,0 days 00:01:32.406000,25.0,3.0,,,0 days 00:00:29.646000,0 days 00:00:37.505000,0 days 00:00:25.255000,0 days 01:13:18.244000,0 days 01:13:55.749000,0 days 01:14:21.004000,291.0,260.0,250.0,296.0,False,HARD,4.0,False,Ferrari,0 days 01:12:48.542000,,1,6.0,,,False,True
0 days 01:15:51.529000,LEC,16,0 days 00:01:30.581000,26.0,3.0,,,0 days 00:00:28.706000,0 days 00:00:36.820000,0 days 00:00:25.055000,0 days 01:14:49.710000,0 days 01:15:26.530000,0 days 01:15:51.585000,296.0,261.0,250.0,310.0,True,HARD,5.0,False,Ferrari,0 days 01:14:20.948000,,12,6.0,,,False,True
0 days 01:17:21.996000,LEC,16,0 days 00:01:30.467000,27.0,3.0,,,0 days 00:00:28.670000,0 days 00:00:36.815000,0 days 00:00:24.982000,0 days 01:16:20.255000,0 days 01:16:57.070000,0 days 01:17:22.052000,298.0,260.0,250.0,309.0,True,HARD,6.0,False,Ferrari,0 days 01:15:51.529000,,21,6.0,,,False,True
0 days 01:18:52.301000,LEC,16,0 days 00:01:30.305000,28.0,3.0,,,0 days 00:00:28.394000,0 days 00:00:36.996000,0 days 00:00:24.915000,0 days 01:17:50.446000,0 days 01:18:27.442000,0 days 01:18:52.357000,317.0,259.0,250.0,334.0,True,HARD,7.0,False,Ferrari,0 days 01:17:21.996000,,1,6.0,,,False,True
0 days 01:20:22.876000,LEC,16,0 days 00:01:30.575000,29.0,3.0,,,0 days 00:00:28.304000,0 days 00:00:37.037000,0 days 00:00:25.234000,0 days 01:19:20.661000,0 days 01:19:57.698000,0 days 01:20:22.932000,317.0,265.0,251.0,333.0,False,HARD,8.0,False,Ferrari,0 days 01:18:52.301000,,1,6.0,,,False,True
0 days 01:21:53.161000,LEC,16,0 days 00:01:30.285000,30.0,3.0,,,0 days 00:00:28.529000,0 days 00:00:36.872000,0 days 00:00:24.884000,0 days 01:20:51.461000,0 days 01:21:28.333000,0 days 01:21:53.217000,310.0,262.0,251.0,319.0,True,HARD,9.0,False,Ferrari,0 days 01:20:22.876000,,1,6.0,,,False,True
0 days 01:23:23.232000,LEC,16,0 days 00:01:30.071000,31.0,3.0,,,0 days 00:00:28.504000,0 days 00:00:36.858000,0 days 00:00:24.709000,0 days 01:22:21.721000,0 days 01:22:58.579000,0 days 01:23:23.288000,309.0,265.0,251.0,323.0,True,HARD,10.0,False,Ferrari,0 days 01:21:53.161000,,1,6.0,,,False,True
0 days 01:24:53.389000,LEC,16,0 days 00:01:30.157000,32.0,3.0,,,0 days 00:00:28.198000,0 days 00:00:37.131000,0 days 00:00:24.828000,0 days 01:23:51.486000,0 days 01:24:28.617000,0 days 01:24:53.445000,327.0,261.0,251.0,335.0,False,HARD,11.0,False,Ferrari,0 days 01:23:23.232000,,1,6.0,,,False,True
0 days 01:26:23.230000,LEC,16,0 days 00:01:29.841000,33.0,3.0,,,0 days 00:00:28.329000,0 days 00:00:36.760000,0 days 00:00:24.752000,0 days 01:25:21.774000,0 days 01:25:58.534000,0 days 01:26:23.286000,312.0,266.0,254.0,338.0,True,HARD,12.0,False,Ferrari,0 days 01:24:53.389000,,1,6.0,,,False,True
0 days 01:27:53.066000,LEC,16,0 days 00:01:29.836000,34.0,3.0,,,0 days 00:00:28.308000,0 days 00:00:36.837000,0 days 00:00:24.691000,0 days 01:26:51.594000,0 days 01:27:28.431000,0 days 01:27:53.122000,314.0,267.0,253.0,328.0,True,HARD,13.0,False,Ferrari,0 days 01:26:23.230000,,1,6.0,,,False,True
0 days 01:29:22.640000,LEC,16,0 days 00:01:29.574000,35.0,3.0,,,0 days 00:00:28.159000,0 days 00:00:36.833000,0 days 00:00:24.582000,0 days 01:28:21.281000,0 days 01:28:58.114000,0 days 01:29:22.696000,327.0,263.0,257.0,323.0,True,HARD,14.0,False,Ferrari,0 days 01:27:53.066000,,1,6.0,,,False,True
0 days 01:30:52.232000,LEC,16,0 days 00:01:29.592000,36.0,3.0,,,0 days 00:00:28.180000,0 days 00:00:36.921000,0 days 00:00:24.491000,0 days 01:29:50.876000,0 days 01:30:27.797000,0 days 01:30:52.288000,303.0,262.0,252.0,312.0,False,HARD,15.0,False,Ferrari,0 days 01:29:22.640000,,1,5.0,,,False,True
0 days 01:32:23.038000,LEC,16,0 days 00:01:30.806000,37.0,3.0,,,0 days 00:00:28.725000,0 days 00:00:36.899000,0 days 00:00:25.182000,0 days 01:31:21.013000,0 days 01:31:57.912000,0 days 01:32:23.094000,286.0,262.0,249.0,294.0,False,HARD,16.0,False,Ferrari,0 days 01:30:52.232000,,12,3.0,,,False,True
0 days 01:33:53.341000,LEC,16,0 days 00:01:30.303000,38.0,3.0,,,0 days 00:00:28.771000,0 days 00:00:36.650000,0 days 00:00:24.882000,0 days 01:32:51.865000,0 days 01:33:28.515000,0 days 01:33:53.397000,284.0,262.0,249.0,295.0,False,HARD,17.0,False,Ferrari,0 days 01:32:23.038000,,21,3.0,,,False,True
0 days 01:35:23.084000,LEC,16,0 days 00:01:29.743000,39.0,3.0,,,0 days 00:00:28.577000,0 days 00:00:36.459000,0 days 00:00:24.707000,0 days 01:34:21.974000,0 days 01:34:58.433000,0 days 01:35:23.140000,290.0,263.0,251.0,299.0,False,HARD,18.0,False,Ferrari,0 days 01:33:53.341000,,1,3.0,,,False,True
0 days 01:36:52.880000,LEC,16,0 days 00:01:29.796000,40.0,3.0,,,0 days 00:00:28.616000,0 days 00:00:36.463000,0 days 00:00:24.717000,0 days 01:35:51.756000,0 days 01:36:28.219000,0 days 01:36:52.936000,289.0,262.0,251.0,298.0,False,HARD,19.0,False,Ferrari,0 days 01:35:23.084000,,1,3.0,,,False,True
0 days 01:38:22.973000,LEC,16,0 days 00:01:30.093000,41.0,3.0,,,0 days 00:00:28.677000,0 days 00:00:36.672000,0 days 00:00:24.744000,0 days 01:37:21.613000,0 days 01:37:58.285000,0 days 01:38:23.029000,290.0,262.0,250.0,297.0,False,HARD,20.0,False,Ferrari,0 days 01:36:52.880000,,1,3.0,,,False,True
0 days 01:39:52.554000,LEC,16,0 days 00:01:29.581000,42.0,3.0,,,0 days 00:00:28.528000,0 days 00:00:36.330000,0 days 00:00:24.723000,0 days 01:38:51.557000,0 days 01:39:27.887000,0 days 01:39:52.610000,290.0,263.0,250.0,299.0,False,HARD,21.0,False,Ferrari,0 days 01:38:22.973000,,1,3.0,,,False,True
0 days 01:41:22.337000,LEC,16,0 days 00:01:29.783000,43.0,3.0,,,0 days 00:00:28.576000,0 days 00:00:36.462000,0 days 00:00:24.745000,0 days 01:40:21.186000,0 days 01:40:57.648000,0 days 01:41:22.393000,289.0,262.0,250.0,298.0,False,HARD,22.0,False,Ferrari,0 days 01:39:52.554000,,1,3.0,,,False,True
0 days 01:42:51.690000,LEC,16,0 days 00:01:29.353000,44.0,3.0,,,0 days 00:00:28.442000,0 days 00:00:36.315000,0 days 00:00:24.596000,0 days 01:41:50.835000,0 days 01:42:27.150000,0 days 01:42:51.746000,290.0,264.0,251.0,300.0,True,HARD,23.0,False,Ferrari,0 days 01:41:22.337000,,1,3.0,,,False,True
0 days 01:44:21.116000,LEC,16,0 days 00:01:29.426000,45.0,3.0,,,0 days 00:00:28.500000,0 days 00:00:36.401000,0 days 00:00:24.525000,0 days 01:43:20.246000,0 days 01:43:56.647000,0 days 01:44:21.172000,287.0,266.0,250.0,309.0,False,HARD,24.0,False,Ferrari,0 days 01:42:51.690000,,1,3.0,,,False,True
0 days 01:45:50.607000,LEC,16,0 days 00:01:29.491000,46.0,3.0,,,0 days 00:00:28.507000,0 days 00:00:36.306000,0 days 00:00:24.678000,0 days 01:44:49.679000,0 days 01:45:25.985000,0 days 01:45:50.663000,289.0,264.0,252.0,298.0,False,HARD,25.0,False,Ferrari,0 days 01:44:21.116000,,1,3.0,,,False,True
0 days 01:47:19.920000,LEC,16,0 days 00:01:29.313000,47.0,3.0,,,0 days 00:00:28.358000,0 days 00:00:36.178000,0 days 00:00:24.777000,0 days 01:46:19.021000,0 days 01:46:55.199000,0 days 01:47:19.976000,290.0,263.0,250.0,299.0,True,HARD,26.0,False,Ferrari,0 days 01:45:50.607000,,1,3.0,,,False,True
0 days 01:48:49.640000,LEC,16,0 days 00:01:29.720000,48.0,3.0,,,0 days 00:00:28.508000,0 days 00:00:36.441000,0 days 00:00:24.771000,0 days 01:47:48.484000,0 days 01:48:24.925000,0 days 01:48:49.696000,290.0,265.0,252.0,298.0,False,HARD,27.0,False,Ferrari,0 days 01:47:19.920000,,1,3.0,,,False,True
0 days 01:50:19.054000,LEC,16,0 days 00:01:29.414000,49.0,3.0,,,0 days 00:00:28.377000,0 days 00:00:36.337000,0 days 00:00:24.700000,0 days 01:49:18.073000,0 days 01:49:54.410000,0 days 01:50:19.110000,292.0,263.0,251.0,302.0,False,HARD,28.0,False,Ferrari,0 days 01:48:49.640000,,1,3.0,,,False,True
0 days 01:51:48.489000,LEC,16,0 days 00:01:29.435000,50.0,3.0,,,0 days 00:00:28.371000,0 days 00:00:36.379000,0 days 00:00:24.685000,0 days 01:50:47.481000,0 days 01:51:23.860000,0 days 01:51:48.545000,292.0,265.0,251.0,301.0,False,HARD,29.0,False,Ferrari,0 days 01:50:19.054000,,1,3.0,,,False,True
0 days 01:53:17.938000,LEC,16,0 days 00:01:29.449000,51.0,3.0,,,0 days 00:00:28.510000,0 days 00:00:36.292000,0 days 00:00:24.647000,0 days 01:52:17.055000,0 days 01:52:53.347000,0 days 01:53:17.994000,291.0,263.0,252.0,300.0,False,HARD,30.0,False,Ferrari,0 days 01:51:48.489000,,1,3.0,,,False,True
0 days 01:54:47.387000,LEC,16,0 days 00:01:29.449000,52.0,3.0,,,0 days 00:00:28.475000,0 days 00:00:36.245000,0 days 00:00:24.729000,0 days 01:53:46.469000,0 days 01:54:22.714000,0 days 01:54:47.443000,288.0,264.0,251.0,301.0,False,HARD,31.0,False,Ferrari,0 days 01:53:17.938000,,1,3.0,,,False,True
0 days 00:34:51.991000,STR,18,0 days 00:01:43.173000,1.0,1.0,,,,0 days 00:00:40.611000,0 days 00:00:26.136000,,0 days 00:34:25.942000,0 days 00:34:52.135000,251.0,258.0,245.0,311.0,False,MEDIUM,1.0,True,Racing Point,0 days 00:33:08.644000,,1,15.0,,,False,False
0 days 00:36:26.752000,STR,18,0 days 00:01:34.761000,2.0,1.0,,,0 days 00:00:29.775000,0 days 00:00:38.921000,0 days 00:00:26.065000,0 days 00:35:21.788000,0 days 00:36:00.709000,0 days 00:36:26.774000,300.0,259.0,248.0,312.0,True,MEDIUM,2.0,True,Racing Point,0 days 00:34:51.991000,,1,15.0,,,False,True
0 days 00:38:00.403000,STR,18,0 days 00:01:33.651000,3.0,1.0,,,0 days 00:00:29.431000,0 days 00:00:38.521000,0 days 00:00:25.699000,0 days 00:36:56.205000,0 days 00:37:34.726000,0 days 00:38:00.425000,317.0,261.0,248.0,340.0,True,MEDIUM,3.0,True,Racing Point,0 days 00:36:26.752000,,1,14.0,,,False,True
0 days 00:39:33.884000,STR,18,0 days 00:01:33.481000,4.0,1.0,,,0 days 00:00:29.560000,0 days 00:00:38.062000,0 days 00:00:25.859000,0 days 00:38:29.985000,0 days 00:39:08.047000,0 days 00:39:33.906000,296.0,260.0,245.0,306.0,True,MEDIUM,4.0,True,Racing Point,0 days 00:38:00.403000,,1,14.0,,,False,True
0 days 00:41:06.933000,STR,18,0 days 00:01:33.049000,5.0,1.0,,,0 days 00:00:29.430000,0 days 00:00:37.885000,0 days 00:00:25.734000,0 days 00:40:03.336000,0 days 00:40:41.221000,0 days 00:41:06.955000,293.0,255.0,247.0,307.0,True,MEDIUM,5.0,True,Racing Point,0 days 00:39:33.884000,,1,14.0,,,False,True
0 days 00:42:40.467000,STR,18,0 days 00:01:33.534000,6.0,1.0,,,0 days 00:00:29.308000,0 days 00:00:38.285000,0 days 00:00:25.941000,0 days 00:41:36.263000,0 days 00:42:14.548000,0 days 00:42:40.489000,311.0,260.0,245.0,323.0,False,MEDIUM,6.0,True,Racing Point,0 days 00:41:06.933000,,1,14.0,,,False,True
0 days 00:44:13.897000,STR,18,0 days 00:01:33.430000,7.0,1.0,,,0 days 00:00:29.505000,0 days 00:00:38.152000,0 days 00:00:25.773000,0 days 00:43:09.994000,0 days 00:43:48.146000,0 days 00:44:13.919000,309.0,260.0,247.0,333.0,False,MEDIUM,7.0,True,Racing Point,0 days 00:42:40.467000,,1,14.0,,,False,True
0 days 00:45:46.911000,STR,18,0 days 00:01:33.014000,8.0,1.0,,,0 days 00:00:29.107000,0 days 00:00:38.232000,0 days 00:00:25.675000,0 days 00:44:43.026000,0 days 00:45:21.258000,0 days 00:45:46.933000,310.0,260.0,246.0,322.0,True,MEDIUM,8.0,True,Racing Point,0 days 00:44:13.897000,,1,14.0,,,False,True
0 days 00:47:20.022000,STR,18,0 days 00:01:33.111000,9.0,1.0,,,0 days 00:00:29.325000,0 days 00:00:38.064000,0 days 00:00:25.722000,0 days 00:46:16.258000,0 days 00:46:54.322000,0 days 00:47:20.044000,312.0,260.0,249.0,325.0,False,MEDIUM,9.0,True,Racing Point,0 days 00:45:46.911000,,1,14.0,,,False,True
0 days 00:48:52.671000,STR,18,0 days 00:01:32.649000,10.0,1.0,,,0 days 00:00:29.254000,0 days 00:00:37.896000,0 days 00:00:25.499000,0 days 00:47:49.298000,0 days 00:48:27.194000,0 days 00:48:52.693000,307.0,259.0,248.0,323.0,True,MEDIUM,10.0,True,Racing Point,0 days 00:47:20.022000,,1,14.0,,,False,True
0 days 00:50:25.294000,STR,18,0 days 00:01:32.623000,11.0,1.0,,,0 days 00:00:29.075000,0 days 00:00:37.957000,0 days 00:00:25.591000,0 days 00:49:21.768000,0 days 00:49:59.725000,0 days 00:50:25.316000,314.0,260.0,246.0,325.0,True,MEDIUM,11.0,True,Racing Point,0 days 00:48:52.671000,,1,14.0,,,False,True
0 days 00:51:58.045000,STR,18,0 days 00:01:32.751000,12.0,1.0,,,0 days 00:00:29.246000,0 days 00:00:37.990000,0 days 00:00:25.515000,0 days 00:50:54.562000,0 days 00:51:32.552000,0 days 00:51:58.067000,309.0,260.0,247.0,320.0,False,MEDIUM,12.0,True,Racing Point,0 days 00:50:25.294000,,1,14.0,,,False,True
0 days 00:53:30.334000,STR,18,0 days 00:01:32.289000,13.0,1.0,,0 days 00:53:24.473000,0 days 00:00:29.447000,0 days 00:00:37.829000,0 days 00:00:25.013000,0 days 00:52:27.514000,0 days 00:53:05.343000,0 days 00:53:30.356000,296.0,261.0,,323.0,False,MEDIUM,13.0,True,Racing Point,0 days 00:51:58.045000,,1,13.0,,,False,False
0 days 00:55:25.178000,STR,18,0 days 00:01:54.844000,14.0,2.0,0 days 00:53:54.893000,,0 days 00:00:51.494000,0 days 00:00:37.904000,0 days 00:00:25.446000,0 days 00:54:21.850000,0 days 00:54:59.754000,0 days 00:55:25.200000,306.0,261.0,247.0,317.0,False,HARD,1.0,True,Racing Point,0 days 00:53:30.334000,,1,18.0,,,False,False
0 days 00:56:57.807000,STR,18,0 days 00:01:32.629000,15.0,2.0,,,0 days 00:00:29.333000,0 days 00:00:37.721000,0 days 00:00:25.575000,0 days 00:55:54.533000,0 days 00:56:32.254000,0 days 00:56:57.829000,288.0,256.0,247.0,301.0,False,HARD,2.0,True,Racing Point,0 days 00:55:25.178000,,1,18.0,,,False,True
0 days 00:58:30.135000,STR,18,0 days 00:01:32.328000,16.0,2.0,,,0 days 00:00:29.140000,0 days 00:00:37.957000,0 days 00:00:25.231000,0 days 00:57:26.969000,0 days 00:58:04.926000,0 days 00:58:30.157000,295.0,259.0,250.0,340.0,True,HARD,3.0,True,Racing Point,0 days 00:56:57.807000,,1,17.0,,,False,True
0 days 01:00:02.278000,STR,18,0 days 00:01:32.143000,17.0,2.0,,,0 days 00:00:29.142000,0 days 00:00:37.474000,0 days 00:00:25.527000,0 days 00:58:59.299000,0 days 00:59:36.773000,0 days 01:00:02.300000,291.0,255.0,247.0,301.0,True,HARD,4.0,True,Racing Point,0 days 00:58:30.135000,,1,17.0,,,False,True
0 days 01:01:34.701000,STR,18,0 days 00:01:32.423000,18.0,2.0,,,0 days 00:00:29.180000,0 days 00:00:37.660000,0 days 00:00:25.583000,0 days 01:00:31.480000,0 days 01:01:09.140000,0 days 01:01:34.723000,291.0,256.0,248.0,301.0,False,HARD,5.0,True,Racing Point,0 days 01:00:02.278000,,1,17.0,,,False,True
0 days 01:03:07.796000,STR,18,0 days 00:01:33.095000,19.0,2.0,,,0 days 00:00:29.313000,0 days 00:00:37.743000,0 days 00:00:26.039000,0 days 01:02:04.036000,0 days 01:02:41.779000,0 days 01:03:07.818000,293.0,260.0,249.0,320.0,False,HARD,6.0,True,Racing Point,0 days 01:01:34.701000,,12,16.0,,,False,True
0 days 01:05:17.193000,STR,18,0 days 00:02:09.397000,20.0,2.0,,,0 days 00:00:42.375000,0 days 00:00:52.161000,0 days 00:00:34.861000,0 days 01:03:50.193000,0 days 01:04:42.354000,0 days 01:05:17.215000,243.0,169.0,231.0,261.0,False,HARD,7.0,True,Racing Point,0 days 01:03:07.796000,,24,16.0,,,False,False
0 days 01:07:25.588000,STR,18,0 days 00:02:08.395000,21.0,2.0,,,0 days 00:00:43.665000,0 days 00:00:51.939000,0 days 00:00:32.791000,0 days 01:06:00.880000,0 days 01:06:52.819000,0 days 01:07:25.610000,253.0,241.0,238.0,240.0,False,HARD,8.0,True,Racing Point,0 days 01:05:17.193000,,4,16.0,,,False,False
0 days 01:09:07.596000,STR,18,0 days 00:01:42.008000,22.0,2.0,,,0 days 00:00:30.708000,0 days 00:00:40.585000,0 days 00:00:30.715000,0 days 01:07:56.318000,0 days 01:08:36.903000,0 days 01:09:07.618000,284.0,238.0,227.0,280.0,False,HARD,9.0,True,Racing Point,0 days 01:07:25.588000,,4,14.0,,,False,False
0 days 01:11:17.380000,STR,18,0 days 00:02:09.784000,23.0,2.0,,,0 days 00:00:47.183000,0 days 00:00:51.137000,0 days 00:00:31.464000,0 days 01:09:54.801000,0 days 01:10:45.938000,0 days 01:11:17.402000,172.0,159.0,250.0,150.0,False,HARD,10.0,True,Racing Point,0 days 01:09:07.596000,,41,14.0,,,False,False
0 days 01:12:52.235000,STR,18,0 days 00:01:34.855000,24.0,2.0,,,0 days 00:00:29.693000,0 days 00:00:39.355000,0 days 00:00:25.807000,0 days 01:11:47.095000,0 days 01:12:26.450000,0 days 01:12:52.257000,286.0,261.0,250.0,321.0,False,HARD,11.0,True,Racing Point,0 days 01:11:17.380000,,1,13.0,,,False,True
0 days 01:14:25.895000,STR,18,0 days 00:01:33.660000,25.0,2.0,,,0 days 00:00:29.122000,0 days 00:00:38.577000,0 days 00:00:25.961000,0 days 01:13:21.379000,0 days 01:13:59.956000,0 days 01:14:25.917000,296.0,259.0,246.0,308.0,False,HARD,12.0,True,Racing Point,0 days 01:12:52.235000,,1,13.0,,,False,True
0 days 01:15:58.644000,STR,18,0 days 00:01:32.749000,26.0,2.0,,,0 days 00:00:29.081000,0 days 00:00:38.006000,0 days 00:00:25.662000,0 days 01:14:54.998000,0 days 01:15:33.004000,0 days 01:15:58.666000,318.0,263.0,250.0,339.0,False,HARD,13.0,True,Racing Point,0 days 01:14:25.895000,,12,13.0,,,False,True
0 days 01:17:30.702000,STR,18,0 days 00:01:32.058000,27.0,2.0,,,0 days 00:00:29.170000,0 days 00:00:37.630000,0 days 00:00:25.258000,0 days 01:16:27.836000,0 days 01:17:05.466000,0 days 01:17:30.724000,323.0,264.0,249.0,325.0,True,HARD,14.0,True,Racing Point,0 days 01:15:58.644000,,21,13.0,,,False,True
0 days 01:19:02.613000,STR,18,0 days 00:01:31.911000,28.0,2.0,,,0 days 00:00:29.087000,0 days 00:00:37.339000,0 days 00:00:25.485000,0 days 01:17:59.811000,0 days 01:18:37.150000,0 days 01:19:02.635000,295.0,261.0,249.0,311.0,True,HARD,15.0,True,Racing Point,0 days 01:17:30.702000,,1,13.0,,,False,True
0 days 01:20:34.191000,STR,18,0 days 00:01:31.578000,29.0,2.0,,,0 days 00:00:28.900000,0 days 00:00:37.454000,0 days 00:00:25.224000,0 days 01:19:31.535000,0 days 01:20:08.989000,0 days 01:20:34.213000,297.0,262.0,251.0,321.0,True,HARD,16.0,True,Racing Point,0 days 01:19:02.613000,,1,13.0,,,False,True
0 days 01:22:05.781000,STR,18,0 days 00:01:31.590000,30.0,2.0,,,0 days 00:00:29.012000,0 days 00:00:37.272000,0 days 00:00:25.306000,0 days 01:21:03.225000,0 days 01:21:40.497000,0 days 01:22:05.803000,294.0,260.0,251.0,308.0,False,HARD,17.0,True,Racing Point,0 days 01:20:34.191000,,1,13.0,,,False,True
0 days 01:23:37.304000,STR,18,0 days 00:01:31.523000,31.0,2.0,,,0 days 00:00:29.060000,0 days 00:00:37.268000,0 days 00:00:25.195000,0 days 01:22:34.863000,0 days 01:23:12.131000,0 days 01:23:37.326000,296.0,259.0,251.0,310.0,True,HARD,18.0,True,Racing Point,0 days 01:22:05.781000,,1,13.0,,,False,True
0 days 01:25:08.618000,STR,18,0 days 00:01:31.314000,32.0,2.0,,,0 days 00:00:28.998000,0 days 00:00:37.125000,0 days 00:00:25.191000,0 days 01:24:06.324000,0 days 01:24:43.449000,0 days 01:25:08.640000,296.0,261.0,252.0,309.0,True,HARD,19.0,True,Racing Point,0 days 01:23:37.304000,,1,13.0,,,False,True
0 days 01:26:40.068000,STR,18,0 days 00:01:31.450000,33.0,2.0,,,0 days 00:00:28.854000,0 days 00:00:37.441000,0 days 00:00:25.155000,0 days 01:25:37.494000,0 days 01:26:14.935000,0 days 01:26:40.090000,297.0,261.0,251.0,308.0,False,HARD,20.0,True,Racing Point,0 days 01:25:08.618000,,1,13.0,,,False,True
0 days 01:28:11.200000,STR,18,0 days 00:01:31.132000,34.0,2.0,,,0 days 00:00:28.726000,0 days 00:00:37.271000,0 days 00:00:25.135000,0 days 01:27:08.816000,0 days 01:27:46.087000,0 days 01:28:11.222000,299.0,262.0,252.0,308.0,True,HARD,21.0,True,Racing Point,0 days 01:26:40.068000,,1,13.0,,,False,True
0 days 01:29:42.291000,STR,18,0 days 00:01:31.091000,35.0,2.0,,,0 days 00:00:28.884000,0 days 00:00:37.099000,0 days 00:00:25.108000,0 days 01:28:40.106000,0 days 01:29:17.205000,0 days 01:29:42.313000,293.0,262.0,254.0,307.0,True,HARD,22.0,True,Racing Point,0 days 01:28:11.200000,,1,13.0,,,False,True
0 days 01:31:13.300000,STR,18,0 days 00:01:31.009000,36.0,2.0,,,0 days 00:00:28.735000,0 days 00:00:37.284000,0 days 00:00:24.990000,0 days 01:30:11.048000,0 days 01:30:48.332000,0 days 01:31:13.322000,297.0,263.0,253.0,311.0,True,HARD,23.0,True,Racing Point,0 days 01:29:42.291000,,1,12.0,,,False,True
0 days 01:32:44.920000,STR,18,0 days 00:01:31.620000,37.0,2.0,,,0 days 00:00:28.943000,0 days 00:00:37.385000,0 days 00:00:25.292000,0 days 01:31:42.265000,0 days 01:32:19.650000,0 days 01:32:44.942000,293.0,262.0,250.0,311.0,False,HARD,24.0,True,Racing Point,0 days 01:31:13.300000,,12,12.0,,,False,True
0 days 01:34:16.752000,STR,18,0 days 00:01:31.832000,38.0,2.0,,,0 days 00:00:28.998000,0 days 00:00:37.826000,0 days 00:00:25.008000,0 days 01:33:13.940000,0 days 01:33:51.766000,0 days 01:34:16.774000,293.0,262.0,251.0,318.0,False,HARD,25.0,True,Racing Point,0 days 01:32:44.920000,,1,11.0,,,False,True
0 days 01:35:48.280000,STR,18,0 days 00:01:31.528000,39.0,2.0,,0 days 01:35:42.445000,0 days 00:00:28.865000,0 days 00:00:37.087000,0 days 00:00:25.576000,0 days 01:34:45.639000,0 days 01:35:22.726000,0 days 01:35:48.302000,290.0,261.0,,301.0,False,HARD,26.0,True,Racing Point,0 days 01:34:16.752000,,1,12.0,,,False,False
0 days 01:37:40.804000,STR,18,0 days 00:01:52.524000,40.0,3.0,0 days 01:36:11.523000,,0 days 00:00:50.287000,0 days 00:00:37.216000,0 days 00:00:25.021000,0 days 01:36:38.589000,0 days 01:37:15.805000,0 days 01:37:40.826000,289.0,264.0,252.0,300.0,False,SOFT,1.0,True,Racing Point,0 days 01:35:48.280000,,1,14.0,,,False,False
0 days 01:39:11.832000,STR,18,0 days 00:01:31.028000,41.0,3.0,,,0 days 00:00:28.796000,0 days 00:00:37.364000,0 days 00:00:24.868000,0 days 01:38:09.622000,0 days 01:38:46.986000,0 days 01:39:11.854000,307.0,263.0,251.0,297.0,False,SOFT,2.0,True,Racing Point,0 days 01:37:40.804000,,1,13.0,,,False,True
0 days 01:40:41.965000,STR,18,0 days 00:01:30.133000,42.0,3.0,,,0 days 00:00:28.737000,0 days 00:00:36.459000,0 days 00:00:24.937000,0 days 01:39:40.591000,0 days 01:40:17.050000,0 days 01:40:41.987000,288.0,265.0,251.0,297.0,True,SOFT,3.0,True,Racing Point,0 days 01:39:11.832000,,1,13.0,,,False,True
0 days 01:42:11.816000,STR,18,0 days 00:01:29.851000,43.0,3.0,,,0 days 00:00:28.730000,0 days 00:00:36.461000,0 days 00:00:24.660000,0 days 01:41:10.717000,0 days 01:41:47.178000,0 days 01:42:11.838000,288.0,263.0,251.0,300.0,True,SOFT,4.0,True,Racing Point,0 days 01:40:41.965000,,1,13.0,,,False,True
0 days 01:43:41.545000,STR,18,0 days 00:01:29.729000,44.0,3.0,,,0 days 00:00:28.545000,0 days 00:00:36.511000,0 days 00:00:24.673000,0 days 01:42:40.383000,0 days 01:43:16.894000,0 days 01:43:41.567000,288.0,264.0,252.0,298.0,True,SOFT,5.0,True,Racing Point,0 days 01:42:11.816000,,1,13.0,,,False,True
0 days 01:45:11.232000,STR,18,0 days 00:01:29.687000,45.0,3.0,,,0 days 00:00:28.637000,0 days 00:00:36.338000,0 days 00:00:24.712000,0 days 01:44:10.204000,0 days 01:44:46.542000,0 days 01:45:11.254000,288.0,264.0,252.0,300.0,True,SOFT,6.0,True,Racing Point,0 days 01:43:41.545000,,1,13.0,,,False,True
0 days 01:46:40.867000,STR,18,0 days 00:01:29.635000,46.0,3.0,,,0 days 00:00:28.590000,0 days 00:00:36.221000,0 days 00:00:24.824000,0 days 01:45:39.844000,0 days 01:46:16.065000,0 days 01:46:40.889000,289.0,266.0,251.0,300.0,True,SOFT,7.0,True,Racing Point,0 days 01:45:11.232000,,1,13.0,,,False,True
0 days 01:48:10.458000,STR,18,0 days 00:01:29.591000,47.0,3.0,,,0 days 00:00:28.638000,0 days 00:00:36.286000,0 days 00:00:24.667000,0 days 01:47:09.527000,0 days 01:47:45.813000,0 days 01:48:10.480000,289.0,265.0,252.0,299.0,True,SOFT,8.0,True,Racing Point,0 days 01:46:40.867000,,1,13.0,,,False,True
0 days 01:49:39.862000,STR,18,0 days 00:01:29.404000,48.0,3.0,,,0 days 00:00:28.595000,0 days 00:00:36.106000,0 days 00:00:24.703000,0 days 01:48:39.075000,0 days 01:49:15.181000,0 days 01:49:39.884000,289.0,264.0,253.0,299.0,True,SOFT,9.0,True,Racing Point,0 days 01:48:10.458000,,1,13.0,,,False,True
0 days 01:51:09.252000,STR,18,0 days 00:01:29.390000,49.0,3.0,,,0 days 00:00:28.485000,0 days 00:00:36.216000,0 days 00:00:24.689000,0 days 01:50:08.369000,0 days 01:50:44.585000,0 days 01:51:09.274000,289.0,264.0,252.0,300.0,True,SOFT,10.0,True,Racing Point,0 days 01:49:39.862000,,1,13.0,,,False,True
0 days 01:52:38.719000,STR,18,0 days 00:01:29.467000,50.0,3.0,,,0 days 00:00:28.537000,0 days 00:00:36.183000,0 days 00:00:24.747000,0 days 01:51:37.811000,0 days 01:52:13.994000,0 days 01:52:38.741000,288.0,266.0,251.0,296.0,False,SOFT,11.0,True,Racing Point,0 days 01:51:09.252000,,1,13.0,,,False,True
0 days 01:54:08.250000,STR,18,0 days 00:01:29.531000,51.0,3.0,,,0 days 00:00:28.702000,0 days 00:00:36.190000,0 days 00:00:24.639000,0 days 01:53:07.443000,0 days 01:53:43.633000,0 days 01:54:08.272000,292.0,264.0,251.0,305.0,False,SOFT,12.0,True,Racing Point,0 days 01:52:38.719000,,1,13.0,,,False,True
0 days 01:55:38.356000,STR,18,0 days 00:01:30.106000,52.0,3.0,,,0 days 00:00:28.516000,0 days 00:00:36.402000,0 days 00:00:25.188000,0 days 01:54:36.788000,0 days 01:55:13.190000,0 days 01:55:38.378000,289.0,264.0,249.0,303.0,False,SOFT,13.0,True,Racing Point,0 days 01:54:08.250000,,1,13.0,,,False,True
0 days 00:35:48.010000,MAG,20,0 days 00:02:39.140000,1.0,1.0,,0 days 00:35:41.680000,,0 days 00:01:17.862000,0 days 00:00:45.018000,,0 days 00:35:02.992000,0 days 00:35:48.107000,244.0,120.0,,125.0,False,SOFT,1.0,True,Haas F1 Team,0 days 00:33:08.644000,,1,20.0,,,False,False
0 days 00:37:52.954000,MAG,20,0 days 00:02:04.944000,2.0,2.0,0 days 00:36:14.471000,,0 days 00:00:54.277000,0 days 00:00:42.833000,0 days 00:00:27.834000,0 days 00:36:42.287000,0 days 00:37:25.120000,0 days 00:37:52.954000,287.0,233.0,240.0,260.0,False,HARD,1.0,True,Haas F1 Team,0 days 00:35:48.010000,,1,20.0,,,False,False
0 days 00:39:42.837000,MAG,20,0 days 00:01:49.883000,3.0,2.0,,,0 days 00:00:35.994000,0 days 00:00:47.253000,0 days 00:00:26.636000,0 days 00:38:28.948000,0 days 00:39:16.201000,0 days 00:39:42.837000,213.0,243.0,240.0,304.0,True,HARD,2.0,True,Haas F1 Team,0 days 00:37:52.954000,,1,20.0,,,False,True
0 days 00:41:16.791000,MAG,20,0 days 00:01:33.954000,4.0,2.0,,,0 days 00:00:29.966000,0 days 00:00:38.309000,0 days 00:00:25.679000,0 days 00:40:12.803000,0 days 00:40:51.112000,0 days 00:41:16.791000,282.0,253.0,241.0,291.0,True,HARD,3.0,True,Haas F1 Team,0 days 00:39:42.837000,,1,20.0,,,False,True
0 days 00:42:50.216000,MAG,20,0 days 00:01:33.425000,5.0,2.0,,,0 days 00:00:29.658000,0 days 00:00:37.950000,0 days 00:00:25.817000,0 days 00:41:46.449000,0 days 00:42:24.399000,0 days 00:42:50.216000,284.0,253.0,241.0,295.0,True,HARD,4.0,True,Haas F1 Team,0 days 00:41:16.791000,,1,20.0,,,False,True
0 days 00:44:26.368000,MAG,20,0 days 00:01:36.152000,6.0,2.0,,0 days 00:44:20.519000,0 days 00:00:29.805000,0 days 00:00:39.133000,0 days 00:00:27.214000,0 days 00:43:20.021000,0 days 00:43:59.154000,0 days 00:44:26.368000,287.0,252.0,,297.0,False,HARD,5.0,True,Haas F1 Team,0 days 00:42:50.216000,,1,20.0,,,False,False
0 days 00:34:49.426000,ALB,23,0 days 00:01:40.608000,1.0,1.0,,,,0 days 00:00:40.012000,0 days 00:00:25.846000,,0 days 00:34:23.618000,0 days 00:34:49.561000,311.0,253.0,247.0,314.0,False,SOFT,6.0,False,Toro Rosso,0 days 00:33:08.644000,,1,10.0,,,False,False
0 days 00:36:23.504000,ALB,23,0 days 00:01:34.078000,2.0,1.0,,,0 days 00:00:29.607000,0 days 00:00:38.670000,0 days 00:00:25.801000,0 days 00:35:19.056000,0 days 00:35:57.726000,0 days 00:36:23.527000,292.0,254.0,247.0,300.0,True,SOFT,7.0,False,Toro Rosso,0 days 00:34:49.426000,,1,10.0,,,False,True
0 days 00:37:56.150000,ALB,23,0 days 00:01:32.646000,3.0,1.0,,,0 days 00:00:29.022000,0 days 00:00:38.091000,0 days 00:00:25.533000,0 days 00:36:52.549000,0 days 00:37:30.640000,0 days 00:37:56.173000,312.0,259.0,247.0,322.0,True,SOFT,8.0,False,Toro Rosso,0 days 00:36:23.504000,,1,10.0,,,False,True
0 days 00:39:28.916000,ALB,23,0 days 00:01:32.766000,4.0,1.0,,,0 days 00:00:29.161000,0 days 00:00:38.097000,0 days 00:00:25.508000,0 days 00:38:25.334000,0 days 00:39:03.431000,0 days 00:39:28.939000,313.0,257.0,243.0,324.0,False,SOFT,9.0,False,Toro Rosso,0 days 00:37:56.150000,,1,10.0,,,False,True
0 days 00:41:01.617000,ALB,23,0 days 00:01:32.701000,5.0,1.0,,,0 days 00:00:29.177000,0 days 00:00:37.982000,0 days 00:00:25.542000,0 days 00:39:58.116000,0 days 00:40:36.098000,0 days 00:41:01.640000,310.0,259.0,244.0,325.0,False,SOFT,10.0,False,Toro Rosso,0 days 00:39:28.916000,,1,10.0,,,False,True
0 days 00:42:34.510000,ALB,23,0 days 00:01:32.893000,6.0,1.0,,,0 days 00:00:29.260000,0 days 00:00:37.951000,0 days 00:00:25.682000,0 days 00:41:30.900000,0 days 00:42:08.851000,0 days 00:42:34.533000,311.0,255.0,244.0,326.0,False,SOFT,11.0,False,Toro Rosso,0 days 00:41:01.617000,,1,10.0,,,False,True
0 days 00:44:07.665000,ALB,23,0 days 00:01:33.155000,7.0,1.0,,,0 days 00:00:29.349000,0 days 00:00:38.119000,0 days 00:00:25.687000,0 days 00:43:03.882000,0 days 00:43:42.001000,0 days 00:44:07.688000,305.0,256.0,243.0,318.0,False,SOFT,12.0,False,Toro Rosso,0 days 00:42:34.510000,,1,10.0,,,False,True
0 days 00:45:40.808000,ALB,23,0 days 00:01:33.143000,8.0,1.0,,,0 days 00:00:29.086000,0 days 00:00:38.031000,0 days 00:00:26.026000,0 days 00:44:36.774000,0 days 00:45:14.805000,0 days 00:45:40.831000,306.0,255.0,242.0,329.0,False,SOFT,13.0,False,Toro Rosso,0 days 00:44:07.665000,,1,10.0,,,False,True
0 days 00:47:13.560000,ALB,23,0 days 00:01:32.752000,9.0,1.0,,,0 days 00:00:29.134000,0 days 00:00:38.032000,0 days 00:00:25.586000,0 days 00:46:09.965000,0 days 00:46:47.997000,0 days 00:47:13.583000,304.0,257.0,245.0,317.0,False,SOFT,14.0,False,Toro Rosso,0 days 00:45:40.808000,,1,10.0,,,False,True
0 days 00:48:46.136000,ALB,23,0 days 00:01:32.576000,10.0,1.0,,,0 days 00:00:28.920000,0 days 00:00:37.861000,0 days 00:00:25.795000,0 days 00:47:42.503000,0 days 00:48:20.364000,0 days 00:48:46.159000,306.0,258.0,245.0,333.0,True,SOFT,15.0,False,Toro Rosso,0 days 00:47:13.560000,,1,10.0,,,False,True
0 days 00:50:18.861000,ALB,23,0 days 00:01:32.725000,11.0,1.0,,,0 days 00:00:29.095000,0 days 00:00:37.977000,0 days 00:00:25.653000,0 days 00:49:15.254000,0 days 00:49:53.231000,0 days 00:50:18.884000,306.0,256.0,243.0,318.0,False,SOFT,16.0,False,Toro Rosso,0 days 00:48:46.136000,,1,10.0,,,False,True
0 days 00:51:51.518000,ALB,23,0 days 00:01:32.657000,12.0,1.0,,,0 days 00:00:29.265000,0 days 00:00:37.985000,0 days 00:00:25.407000,0 days 00:50:48.149000,0 days 00:51:26.134000,0 days 00:51:51.541000,304.0,257.0,244.0,330.0,False,SOFT,17.0,False,Toro Rosso,0 days 00:50:18.861000,,1,9.0,,,False,True
0 days 00:53:24.521000,ALB,23,0 days 00:01:33.003000,13.0,1.0,,0 days 00:53:18.701000,0 days 00:00:29.633000,0 days 00:00:37.932000,0 days 00:00:25.438000,0 days 00:52:21.174000,0 days 00:52:59.106000,0 days 00:53:24.544000,280.0,254.0,,290.0,False,SOFT,18.0,False,Toro Rosso,0 days 00:51:51.518000,,1,7.0,,,False,False
0 days 00:55:17.456000,ALB,23,0 days 00:01:52.935000,14.0,2.0,0 days 00:53:47.686000,,0 days 00:00:50.002000,0 days 00:00:37.599000,0 days 00:00:25.334000,0 days 00:54:14.546000,0 days 00:54:52.145000,0 days 00:55:17.479000,280.0,255.0,245.0,295.0,False,MEDIUM,1.0,True,Toro Rosso,0 days 00:53:24.521000,,1,14.0,,,False,False
0 days 00:56:49.500000,ALB,23,0 days 00:01:32.044000,15.0,2.0,,,0 days 00:00:29.245000,0 days 00:00:37.711000,0 days 00:00:25.088000,0 days 00:55:46.724000,0 days 00:56:24.435000,0 days 00:56:49.523000,284.0,257.0,244.0,313.0,True,MEDIUM,2.0,True,Toro Rosso,0 days 00:55:17.456000,,1,13.0,,,False,True
0 days 00:58:21.219000,ALB,23,0 days 00:01:31.719000,16.0,2.0,,,0 days 00:00:29.286000,0 days 00:00:37.183000,0 days 00:00:25.250000,0 days 00:57:18.809000,0 days 00:57:55.992000,0 days 00:58:21.242000,281.0,256.0,247.0,295.0,True,MEDIUM,3.0,True,Toro Rosso,0 days 00:56:49.500000,,1,13.0,,,False,True
0 days 00:59:52.996000,ALB,23,0 days 00:01:31.777000,17.0,2.0,,,0 days 00:00:29.250000,0 days 00:00:37.159000,0 days 00:00:25.368000,0 days 00:58:50.492000,0 days 00:59:27.651000,0 days 00:59:53.019000,284.0,254.0,245.0,297.0,False,MEDIUM,4.0,True,Toro Rosso,0 days 00:58:21.219000,,1,13.0,,,False,True
0 days 01:01:25.006000,ALB,23,0 days 00:01:32.010000,18.0,2.0,,,0 days 00:00:29.135000,0 days 00:00:37.383000,0 days 00:00:25.492000,0 days 01:00:22.154000,0 days 01:00:59.537000,0 days 01:01:25.029000,289.0,253.0,245.0,293.0,False,MEDIUM,5.0,True,Toro Rosso,0 days 00:59:52.996000,,1,12.0,,,False,True
0 days 01:02:57.165000,ALB,23,0 days 00:01:32.159000,19.0,2.0,,,0 days 00:00:29.272000,0 days 00:00:37.348000,0 days 00:00:25.539000,0 days 01:01:54.301000,0 days 01:02:31.649000,0 days 01:02:57.188000,286.0,253.0,245.0,294.0,False,MEDIUM,6.0,True,Toro Rosso,0 days 01:01:25.006000,,12,10.0,,,False,True
0 days 01:05:02.271000,ALB,23,0 days 00:02:05.106000,20.0,2.0,,,0 days 00:00:36.939000,0 days 00:00:52.152000,0 days 00:00:36.015000,0 days 01:03:34.127000,0 days 01:04:26.279000,0 days 01:05:02.294000,244.0,177.0,211.0,124.0,False,MEDIUM,7.0,True,Toro Rosso,0 days 01:02:57.165000,,24,10.0,,,False,False
0 days 01:07:11.995000,ALB,23,0 days 00:02:09.724000,21.0,2.0,,,0 days 00:00:39.854000,0 days 00:00:54.941000,0 days 00:00:34.929000,0 days 01:05:42.148000,0 days 01:06:37.089000,0 days 01:07:12.018000,100.0,121.0,196.0,272.0,False,MEDIUM,8.0,True,Toro Rosso,0 days 01:05:02.271000,,4,9.0,,,False,False
0 days 01:08:59.846000,ALB,23,0 days 00:01:47.851000,22.0,2.0,,,0 days 00:00:31.333000,0 days 00:00:40.359000,0 days 00:00:36.159000,0 days 01:07:43.351000,0 days 01:08:23.710000,0 days 01:08:59.869000,273.0,147.0,191.0,276.0,False,MEDIUM,9.0,True,Toro Rosso,0 days 01:07:11.995000,,4,9.0,,,False,False
0 days 01:11:15.313000,ALB,23,0 days 00:02:15.467000,23.0,2.0,,,0 days 00:00:45.590000,0 days 00:00:55.094000,0 days 00:00:34.783000,0 days 01:09:45.459000,0 days 01:10:40.553000,0 days 01:11:15.336000,254.0,190.0,250.0,117.0,False,MEDIUM,10.0,True,Toro Rosso,0 days 01:08:59.846000,,41,9.0,,,False,False
0 days 01:12:50.025000,ALB,23,0 days 00:01:34.712000,24.0,2.0,,,0 days 00:00:30.623000,0 days 00:00:38.427000,0 days 00:00:25.662000,0 days 01:11:45.959000,0 days 01:12:24.386000,0 days 01:12:50.048000,307.0,258.0,246.0,314.0,False,MEDIUM,11.0,True,Toro Rosso,0 days 01:11:15.313000,,1,9.0,,,False,True
0 days 01:14:23.793000,ALB,23,0 days 00:01:33.768000,25.0,2.0,,,0 days 00:00:29.414000,0 days 00:00:38.808000,0 days 00:00:25.546000,0 days 01:13:19.462000,0 days 01:13:58.270000,0 days 01:14:23.816000,303.0,255.0,249.0,314.0,False,MEDIUM,12.0,True,Toro Rosso,0 days 01:12:50.025000,,1,10.0,,,False,True
0 days 01:15:55.699000,ALB,23,0 days 00:01:31.906000,26.0,2.0,,,0 days 00:00:28.833000,0 days 00:00:37.743000,0 days 00:00:25.330000,0 days 01:14:52.649000,0 days 01:15:30.392000,0 days 01:15:55.722000,319.0,260.0,247.0,329.0,False,MEDIUM,13.0,True,Toro Rosso,0 days 01:14:23.793000,,12,10.0,,,False,True
0 days 01:17:27.464000,ALB,23,0 days 00:01:31.765000,27.0,2.0,,,0 days 00:00:28.886000,0 days 00:00:37.665000,0 days 00:00:25.214000,0 days 01:16:24.608000,0 days 01:17:02.273000,0 days 01:17:27.487000,315.0,260.0,247.0,328.0,False,MEDIUM,14.0,True,Toro Rosso,0 days 01:15:55.699000,,21,10.0,,,False,True
0 days 01:18:58.911000,ALB,23,0 days 00:01:31.447000,28.0,2.0,,,0 days 00:00:28.896000,0 days 00:00:37.348000,0 days 00:00:25.203000,0 days 01:17:56.383000,0 days 01:18:33.731000,0 days 01:18:58.934000,298.0,258.0,247.0,324.0,True,MEDIUM,15.0,True,Toro Rosso,0 days 01:17:27.464000,,1,10.0,,,False,True
0 days 01:20:30.695000,ALB,23,0 days 00:01:31.784000,29.0,2.0,,,0 days 00:00:28.910000,0 days 00:00:37.466000,0 days 00:00:25.408000,0 days 01:19:27.844000,0 days 01:20:05.310000,0 days 01:20:30.718000,297.0,256.0,248.0,302.0,False,MEDIUM,16.0,True,Toro Rosso,0 days 01:18:58.911000,,1,10.0,,,False,True
0 days 01:22:02.440000,ALB,23,0 days 00:01:31.745000,30.0,2.0,,,0 days 00:00:29.051000,0 days 00:00:37.226000,0 days 00:00:25.468000,0 days 01:20:59.769000,0 days 01:21:36.995000,0 days 01:22:02.463000,291.0,257.0,247.0,301.0,False,MEDIUM,17.0,True,Toro Rosso,0 days 01:20:30.695000,,1,10.0,,,False,True
0 days 01:23:34.127000,ALB,23,0 days 00:01:31.687000,31.0,2.0,,,0 days 00:00:29.041000,0 days 00:00:37.450000,0 days 00:00:25.196000,0 days 01:22:31.504000,0 days 01:23:08.954000,0 days 01:23:34.150000,288.0,257.0,248.0,303.0,False,MEDIUM,18.0,True,Toro Rosso,0 days 01:22:02.440000,,1,10.0,,,False,True
0 days 01:25:05.759000,ALB,23,0 days 00:01:31.632000,32.0,2.0,,,0 days 00:00:28.932000,0 days 00:00:37.364000,0 days 00:00:25.336000,0 days 01:24:03.082000,0 days 01:24:40.446000,0 days 01:25:05.782000,290.0,257.0,247.0,300.0,False,MEDIUM,19.0,True,Toro Rosso,0 days 01:23:34.127000,,1,10.0,,,False,True
0 days 01:26:37.288000,ALB,23,0 days 00:01:31.529000,33.0,2.0,,,0 days 00:00:28.970000,0 days 00:00:37.271000,0 days 00:00:25.288000,0 days 01:25:34.752000,0 days 01:26:12.023000,0 days 01:26:37.311000,289.0,258.0,247.0,301.0,False,MEDIUM,20.0,True,Toro Rosso,0 days 01:25:05.759000,,1,10.0,,,False,True
0 days 01:28:08.359000,ALB,23,0 days 00:01:31.071000,34.0,2.0,,,0 days 00:00:28.850000,0 days 00:00:37.091000,0 days 00:00:25.130000,0 days 01:27:06.161000,0 days 01:27:43.252000,0 days 01:28:08.382000,289.0,259.0,249.0,301.0,True,MEDIUM,21.0,True,Toro Rosso,0 days 01:26:37.288000,,1,10.0,,,False,True
0 days 01:29:39.541000,ALB,23,0 days 00:01:31.182000,35.0,2.0,,,0 days 00:00:28.837000,0 days 00:00:37.063000,0 days 00:00:25.282000,0 days 01:28:37.219000,0 days 01:29:14.282000,0 days 01:29:39.564000,288.0,257.0,249.0,302.0,False,MEDIUM,22.0,True,Toro Rosso,0 days 01:28:08.359000,,1,10.0,,,False,True
0 days 01:31:10.514000,ALB,23,0 days 00:01:30.973000,36.0,2.0,,,0 days 00:00:28.800000,0 days 00:00:37.064000,0 days 00:00:25.109000,0 days 01:30:08.364000,0 days 01:30:45.428000,0 days 01:31:10.537000,286.0,258.0,249.0,307.0,True,MEDIUM,23.0,True,Toro Rosso,0 days 01:29:39.541000,,1,9.0,,,False,True
0 days 01:32:41.852000,ALB,23,0 days 00:01:31.338000,37.0,2.0,,,0 days 00:00:28.862000,0 days 00:00:37.202000,0 days 00:00:25.274000,0 days 01:31:39.399000,0 days 01:32:16.601000,0 days 01:32:41.875000,283.0,257.0,247.0,304.0,False,MEDIUM,24.0,True,Toro Rosso,0 days 01:31:10.514000,,12,9.0,,,False,True
0 days 01:34:13.205000,ALB,23,0 days 00:01:31.353000,38.0,2.0,,,0 days 00:00:28.951000,0 days 00:00:37.151000,0 days 00:00:25.251000,0 days 01:33:10.826000,0 days 01:33:47.977000,0 days 01:34:13.228000,285.0,258.0,248.0,304.0,False,MEDIUM,25.0,True,Toro Rosso,0 days 01:32:41.852000,,1,8.0,,,False,True
0 days 01:35:44.522000,ALB,23,0 days 00:01:31.317000,39.0,2.0,,,0 days 00:00:28.906000,0 days 00:00:37.109000,0 days 00:00:25.302000,0 days 01:34:42.134000,0 days 01:35:19.243000,0 days 01:35:44.545000,284.0,258.0,247.0,295.0,False,MEDIUM,26.0,True,Toro Rosso,0 days 01:34:13.205000,,1,8.0,,,False,True
0 days 01:37:15.786000,ALB,23,0 days 00:01:31.264000,40.0,2.0,,,0 days 00:00:28.832000,0 days 00:00:37.158000,0 days 00:00:25.274000,0 days 01:36:13.377000,0 days 01:36:50.535000,0 days 01:37:15.809000,285.0,258.0,248.0,296.0,False,MEDIUM,27.0,True,Toro Rosso,0 days 01:35:44.522000,,1,8.0,,,False,True
0 days 01:38:47.226000,ALB,23,0 days 00:01:31.440000,41.0,2.0,,,0 days 00:00:28.946000,0 days 00:00:37.084000,0 days 00:00:25.410000,0 days 01:37:44.755000,0 days 01:38:21.839000,0 days 01:38:47.249000,283.0,258.0,249.0,293.0,False,MEDIUM,28.0,True,Toro Rosso,0 days 01:37:15.786000,,1,8.0,,,False,True
0 days 01:40:18.561000,ALB,23,0 days 00:01:31.335000,42.0,2.0,,,0 days 00:00:28.904000,0 days 00:00:37.083000,0 days 00:00:25.348000,0 days 01:39:16.153000,0 days 01:39:53.236000,0 days 01:40:18.584000,283.0,259.0,248.0,302.0,False,MEDIUM,29.0,True,Toro Rosso,0 days 01:38:47.226000,,1,8.0,,,False,True
0 days 01:41:50.186000,ALB,23,0 days 00:01:31.625000,43.0,2.0,,,0 days 00:00:28.826000,0 days 00:00:37.070000,0 days 00:00:25.729000,0 days 01:40:47.410000,0 days 01:41:24.480000,0 days 01:41:50.209000,281.0,258.0,249.0,306.0,False,MEDIUM,30.0,True,Toro Rosso,0 days 01:40:18.561000,,1,9.0,,,False,True
0 days 01:43:21.064000,ALB,23,0 days 00:01:30.878000,44.0,2.0,,,0 days 00:00:28.661000,0 days 00:00:37.248000,0 days 00:00:24.969000,0 days 01:42:18.870000,0 days 01:42:56.118000,0 days 01:43:21.087000,305.0,261.0,249.0,318.0,True,MEDIUM,31.0,True,Toro Rosso,0 days 01:41:50.186000,,1,9.0,,,False,True
0 days 01:44:53.103000,ALB,23,0 days 00:01:32.039000,45.0,2.0,,,0 days 00:00:28.813000,0 days 00:00:37.165000,0 days 00:00:26.061000,0 days 01:43:49.900000,0 days 01:44:27.065000,0 days 01:44:53.126000,286.0,259.0,248.0,301.0,False,MEDIUM,32.0,True,Toro Rosso,0 days 01:43:21.064000,,1,10.0,,,False,True
0 days 01:46:23.975000,ALB,23,0 days 00:01:30.872000,46.0,2.0,,,0 days 00:00:28.533000,0 days 00:00:37.322000,0 days 00:00:25.017000,0 days 01:45:21.659000,0 days 01:45:58.981000,0 days 01:46:23.998000,307.0,261.0,250.0,318.0,True,MEDIUM,33.0,True,Toro Rosso,0 days 01:44:53.103000,,1,10.0,,,False,True
0 days 01:47:55.283000,ALB,23,0 days 00:01:31.308000,47.0,2.0,,,0 days 00:00:28.730000,0 days 00:00:37.274000,0 days 00:00:25.304000,0 days 01:46:52.728000,0 days 01:47:30.002000,0 days 01:47:55.306000,287.0,259.0,250.0,296.0,False,MEDIUM,34.0,True,Toro Rosso,0 days 01:46:23.975000,,1,10.0,,,False,True
0 days 01:49:26.392000,ALB,23,0 days 00:01:31.109000,48.0,2.0,,,0 days 00:00:28.827000,0 days 00:00:37.066000,0 days 00:00:25.216000,0 days 01:48:24.133000,0 days 01:49:01.199000,0 days 01:49:26.415000,284.0,258.0,250.0,299.0,False,MEDIUM,35.0,True,Toro Rosso,0 days 01:47:55.283000,,1,10.0,,,False,True
0 days 01:50:57.532000,ALB,23,0 days 00:01:31.140000,49.0,2.0,,,0 days 00:00:28.717000,0 days 00:00:37.115000,0 days 00:00:25.308000,0 days 01:49:55.132000,0 days 01:50:32.247000,0 days 01:50:57.555000,284.0,259.0,248.0,296.0,False,MEDIUM,36.0,True,Toro Rosso,0 days 01:49:26.392000,,1,10.0,,,False,True
0 days 01:52:28.727000,ALB,23,0 days 00:01:31.195000,50.0,2.0,,,0 days 00:00:28.795000,0 days 00:00:37.101000,0 days 00:00:25.299000,0 days 01:51:26.350000,0 days 01:52:03.451000,0 days 01:52:28.750000,285.0,261.0,249.0,296.0,False,MEDIUM,37.0,True,Toro Rosso,0 days 01:50:57.532000,,1,10.0,,,False,True
0 days 01:54:00.672000,ALB,23,0 days 00:01:31.945000,51.0,2.0,,,0 days 00:00:28.894000,0 days 00:00:37.239000,0 days 00:00:25.812000,0 days 01:52:57.644000,0 days 01:53:34.883000,0 days 01:54:00.695000,285.0,259.0,251.0,305.0,False,MEDIUM,38.0,True,Toro Rosso,0 days 01:52:28.727000,,1,11.0,,,False,True
0 days 01:55:32.887000,ALB,23,0 days 00:01:32.215000,52.0,2.0,,,0 days 00:00:28.619000,0 days 00:00:37.498000,0 days 00:00:26.098000,0 days 01:54:29.314000,0 days 01:55:06.812000,0 days 01:55:32.910000,307.0,257.0,249.0,307.0,False,MEDIUM,39.0,True,Toro Rosso,0 days 01:54:00.672000,,1,12.0,,,False,True
0 days 00:34:52.459000,KVY,26,0 days 00:01:43.641000,1.0,1.0,,,,0 days 00:00:40.758000,0 days 00:00:26.195000,,0 days 00:34:26.395000,0 days 00:34:52.618000,245.0,256.0,245.0,310.0,False,SOFT,1.0,True,Toro Rosso,0 days 00:33:08.644000,,1,16.0,,,False,False
0 days 00:36:27.225000,KVY,26,0 days 00:01:34.766000,2.0,1.0,,,0 days 00:00:29.684000,0 days 00:00:38.966000,0 days 00:00:26.116000,0 days 00:35:22.159000,0 days 00:36:01.125000,0 days 00:36:27.241000,296.0,254.0,246.0,306.0,True,SOFT,2.0,True,Toro Rosso,0 days 00:34:52.459000,,1,16.0,,,False,True
0 days 00:38:01.511000,KVY,26,0 days 00:01:34.286000,3.0,1.0,,,0 days 00:00:29.608000,0 days 00:00:38.346000,0 days 00:00:26.332000,0 days 00:36:56.849000,0 days 00:37:35.195000,0 days 00:38:01.527000,310.0,258.0,245.0,325.0,True,SOFT,3.0,True,Toro Rosso,0 days 00:36:27.225000,,1,16.0,,,False,True
0 days 00:39:35.110000,KVY,26,0 days 00:01:33.599000,4.0,1.0,,,0 days 00:00:29.436000,0 days 00:00:38.485000,0 days 00:00:25.678000,0 days 00:38:30.963000,0 days 00:39:09.448000,0 days 00:39:35.126000,313.0,259.0,241.0,329.0,True,SOFT,4.0,True,Toro Rosso,0 days 00:38:01.511000,,1,15.0,,,False,True
0 days 00:41:08.249000,KVY,26,0 days 00:01:33.139000,5.0,1.0,,,0 days 00:00:29.547000,0 days 00:00:37.714000,0 days 00:00:25.878000,0 days 00:40:04.673000,0 days 00:40:42.387000,0 days 00:41:08.265000,286.0,256.0,243.0,298.0,True,SOFT,5.0,True,Toro Rosso,0 days 00:39:35.110000,,1,15.0,,,False,True
0 days 00:42:41.920000,KVY,26,0 days 00:01:33.671000,6.0,1.0,,,0 days 00:00:29.529000,0 days 00:00:38.125000,0 days 00:00:26.017000,0 days 00:41:37.794000,0 days 00:42:15.919000,0 days 00:42:41.936000,288.0,241.0,243.0,300.0,False,SOFT,6.0,True,Toro Rosso,0 days 00:41:08.249000,,1,15.0,,,False,True
0 days 00:44:15.004000,KVY,26,0 days 00:01:33.084000,7.0,1.0,,,0 days 00:00:29.505000,0 days 00:00:37.906000,0 days 00:00:25.673000,0 days 00:43:11.441000,0 days 00:43:49.347000,0 days 00:44:15.020000,288.0,257.0,243.0,301.0,True,SOFT,7.0,True,Toro Rosso,0 days 00:42:41.920000,,1,15.0,,,False,True
0 days 00:45:48.231000,KVY,26,0 days 00:01:33.227000,8.0,1.0,,,0 days 00:00:29.430000,0 days 00:00:37.978000,0 days 00:00:25.819000,0 days 00:44:44.450000,0 days 00:45:22.428000,0 days 00:45:48.247000,289.0,254.0,243.0,300.0,False,SOFT,8.0,True,Toro Rosso,0 days 00:44:15.004000,,1,15.0,,,False,True
0 days 00:47:21.349000,KVY,26,0 days 00:01:33.118000,9.0,1.0,,,0 days 00:00:29.421000,0 days 00:00:37.941000,0 days 00:00:25.756000,0 days 00:46:17.668000,0 days 00:46:55.609000,0 days 00:47:21.365000,287.0,254.0,245.0,301.0,False,SOFT,9.0,True,Toro Rosso,0 days 00:45:48.231000,,1,15.0,,,False,True
0 days 00:48:53.888000,KVY,26,0 days 00:01:32.539000,10.0,1.0,,,0 days 00:00:29.162000,0 days 00:00:37.718000,0 days 00:00:25.659000,0 days 00:47:50.527000,0 days 00:48:28.245000,0 days 00:48:53.904000,292.0,254.0,245.0,305.0,True,SOFT,10.0,True,Toro Rosso,0 days 00:47:21.349000,,1,15.0,,,False,True
0 days 00:50:26.911000,KVY,26,0 days 00:01:33.023000,11.0,1.0,,,0 days 00:00:29.309000,0 days 00:00:37.908000,0 days 00:00:25.806000,0 days 00:49:23.213000,0 days 00:50:01.121000,0 days 00:50:26.927000,293.0,248.0,243.0,300.0,False,SOFT,11.0,True,Toro Rosso,0 days 00:48:53.888000,,1,15.0,,,False,True
0 days 00:51:59.124000,KVY,26,0 days 00:01:32.213000,12.0,1.0,,0 days 00:51:53.105000,0 days 00:00:29.399000,0 days 00:00:37.678000,0 days 00:00:25.136000,0 days 00:50:56.326000,0 days 00:51:34.004000,0 days 00:51:59.140000,289.0,252.0,,300.0,False,SOFT,12.0,True,Toro Rosso,0 days 00:50:26.911000,,1,15.0,,,False,False
0 days 00:53:51.872000,KVY,26,0 days 00:01:52.748000,13.0,2.0,0 days 00:52:22.542000,,0 days 00:00:50.444000,0 days 00:00:37.219000,0 days 00:00:25.085000,0 days 00:52:49.584000,0 days 00:53:26.803000,0 days 00:53:51.888000,279.0,257.0,246.0,304.0,False,MEDIUM,1.0,True,Toro Rosso,0 days 00:51:59.124000,,1,18.0,,,False,False
0 days 00:55:23.970000,KVY,26,0 days 00:01:32.098000,14.0,2.0,,,0 days 00:00:29.358000,0 days 00:00:37.407000,0 days 00:00:25.333000,0 days 00:54:21.246000,0 days 00:54:58.653000,0 days 00:55:23.986000,281.0,258.0,246.0,294.0,True,MEDIUM,2.0,True,Toro Rosso,0 days 00:53:51.872000,,1,17.0,,,False,True
0 days 00:56:56.310000,KVY,26,0 days 00:01:32.340000,15.0,2.0,,,0 days 00:00:29.255000,0 days 00:00:37.672000,0 days 00:00:25.413000,0 days 00:55:53.241000,0 days 00:56:30.913000,0 days 00:56:56.326000,282.0,255.0,246.0,297.0,False,MEDIUM,3.0,True,Toro Rosso,0 days 00:55:23.970000,,1,17.0,,,False,True
0 days 00:58:28.706000,KVY,26,0 days 00:01:32.396000,16.0,2.0,,,0 days 00:00:29.040000,0 days 00:00:37.959000,0 days 00:00:25.397000,0 days 00:57:25.366000,0 days 00:58:03.325000,0 days 00:58:28.722000,320.0,255.0,247.0,300.0,False,MEDIUM,4.0,True,Toro Rosso,0 days 00:56:56.310000,,1,16.0,,,False,True
0 days 01:00:00.461000,KVY,26,0 days 00:01:31.755000,17.0,2.0,,,0 days 00:00:29.245000,0 days 00:00:37.248000,0 days 00:00:25.262000,0 days 00:58:57.967000,0 days 00:59:35.215000,0 days 01:00:00.477000,283.0,256.0,245.0,296.0,True,MEDIUM,5.0,True,Toro Rosso,0 days 00:58:28.706000,,1,16.0,,,False,True
0 days 01:01:33.353000,KVY,26,0 days 00:01:32.892000,18.0,2.0,,,0 days 00:00:29.331000,0 days 00:00:37.934000,0 days 00:00:25.627000,0 days 01:00:29.808000,0 days 01:01:07.742000,0 days 01:01:33.369000,307.0,256.0,246.0,315.0,False,MEDIUM,6.0,True,Toro Rosso,0 days 01:00:00.461000,,1,16.0,,,False,True
0 days 01:03:06.380000,KVY,26,0 days 00:01:33.027000,19.0,2.0,,,0 days 00:00:28.982000,0 days 00:00:38.124000,0 days 00:00:25.921000,0 days 01:02:02.351000,0 days 01:02:40.475000,0 days 01:03:06.396000,325.0,260.0,245.0,323.0,False,MEDIUM,7.0,True,Toro Rosso,0 days 01:01:33.353000,,12,13.0,,,False,True
0 days 01:05:13.377000,KVY,26,0 days 00:02:06.997000,20.0,2.0,,,0 days 00:00:38.971000,0 days 00:00:53.893000,0 days 00:00:34.133000,0 days 01:03:45.367000,0 days 01:04:39.260000,0 days 01:05:13.393000,233.0,160.0,159.0,265.0,False,MEDIUM,8.0,True,Toro Rosso,0 days 01:03:06.380000,,24,13.0,,,False,False
0 days 01:07:19.395000,KVY,26,0 days 00:02:06.018000,21.0,2.0,,0 days 01:07:13.501000,0 days 00:00:43.061000,0 days 00:00:52.057000,0 days 00:00:30.900000,0 days 01:05:56.454000,0 days 01:06:48.511000,0 days 01:07:19.411000,267.0,161.0,,230.0,False,MEDIUM,9.0,True,Toro Rosso,0 days 01:05:13.377000,,4,12.0,,,False,False
0 days 01:09:16.241000,KVY,26,0 days 00:01:56.846000,22.0,3.0,0 days 01:07:42.299000,,0 days 00:00:51.488000,0 days 00:00:39.488000,0 days 00:00:25.870000,0 days 01:08:10.899000,0 days 01:08:50.387000,0 days 01:09:16.257000,268.0,257.0,244.0,286.0,False,HARD,1.0,False,Toro Rosso,0 days 01:07:19.395000,,4,15.0,,,False,False
0 days 01:11:17.943000,KVY,26,0 days 00:02:01.702000,23.0,3.0,,,0 days 00:00:39.780000,0 days 00:00:50.593000,0 days 00:00:31.329000,0 days 01:09:56.037000,0 days 01:10:46.630000,0 days 01:11:17.959000,196.0,160.0,249.0,215.0,False,HARD,2.0,False,Toro Rosso,0 days 01:09:16.241000,,41,15.0,,,False,False
0 days 01:12:52.782000,KVY,26,0 days 00:01:34.839000,24.0,3.0,,,0 days 00:00:29.640000,0 days 00:00:39.292000,0 days 00:00:25.907000,0 days 01:11:47.599000,0 days 01:12:26.891000,0 days 01:12:52.798000,308.0,254.0,249.0,300.0,False,HARD,3.0,False,Toro Rosso,0 days 01:11:17.943000,,1,14.0,,,False,True
0 days 01:14:26.171000,KVY,26,0 days 00:01:33.389000,25.0,3.0,,,0 days 00:00:29.403000,0 days 00:00:38.220000,0 days 00:00:25.766000,0 days 01:13:22.201000,0 days 01:14:00.421000,0 days 01:14:26.187000,295.0,259.0,249.0,304.0,False,HARD,4.0,False,Toro Rosso,0 days 01:12:52.782000,,1,14.0,,,False,True
0 days 01:15:59.061000,KVY,26,0 days 00:01:32.890000,26.0,3.0,,,0 days 00:00:29.456000,0 days 00:00:37.725000,0 days 00:00:25.709000,0 days 01:14:55.643000,0 days 01:15:33.368000,0 days 01:15:59.077000,315.0,264.0,249.0,333.0,False,HARD,5.0,False,Toro Rosso,0 days 01:14:26.171000,,12,14.0,,,False,True
0 days 01:17:31.159000,KVY,26,0 days 00:01:32.098000,27.0,3.0,,,0 days 00:00:28.857000,0 days 00:00:38.117000,0 days 00:00:25.124000,0 days 01:16:27.934000,0 days 01:17:06.051000,0 days 01:17:31.175000,324.0,262.0,249.0,329.0,False,HARD,6.0,False,Toro Rosso,0 days 01:15:59.061000,,21,14.0,,,False,True
0 days 01:19:03.174000,KVY,26,0 days 00:01:32.015000,28.0,3.0,,,0 days 00:00:29.027000,0 days 00:00:37.508000,0 days 00:00:25.480000,0 days 01:18:00.202000,0 days 01:18:37.710000,0 days 01:19:03.190000,314.0,255.0,247.0,323.0,False,HARD,7.0,False,Toro Rosso,0 days 01:17:31.159000,,1,14.0,,,False,True
0 days 01:20:35.100000,KVY,26,0 days 00:01:31.926000,29.0,3.0,,,0 days 00:00:28.912000,0 days 00:00:37.455000,0 days 00:00:25.559000,0 days 01:19:32.102000,0 days 01:20:09.557000,0 days 01:20:35.116000,311.0,262.0,245.0,325.0,False,HARD,8.0,False,Toro Rosso,0 days 01:19:03.174000,,1,14.0,,,False,True
0 days 01:22:06.880000,KVY,26,0 days 00:01:31.780000,30.0,3.0,,,0 days 00:00:29.146000,0 days 00:00:37.242000,0 days 00:00:25.392000,0 days 01:21:04.262000,0 days 01:21:41.504000,0 days 01:22:06.896000,291.0,258.0,247.0,304.0,False,HARD,9.0,False,Toro Rosso,0 days 01:20:35.100000,,1,14.0,,,False,True
0 days 01:23:38.620000,KVY,26,0 days 00:01:31.740000,31.0,3.0,,,0 days 00:00:29.221000,0 days 00:00:37.234000,0 days 00:00:25.285000,0 days 01:22:36.117000,0 days 01:23:13.351000,0 days 01:23:38.636000,288.0,260.0,248.0,302.0,True,HARD,10.0,False,Toro Rosso,0 days 01:22:06.880000,,1,14.0,,,False,True
0 days 01:25:10.324000,KVY,26,0 days 00:01:31.704000,32.0,3.0,,,0 days 00:00:29.217000,0 days 00:00:37.240000,0 days 00:00:25.247000,0 days 01:24:07.853000,0 days 01:24:45.093000,0 days 01:25:10.340000,288.0,260.0,248.0,301.0,True,HARD,11.0,False,Toro Rosso,0 days 01:23:38.620000,,1,14.0,,,False,True
0 days 01:26:41.635000,KVY,26,0 days 00:01:31.311000,33.0,3.0,,,0 days 00:00:29.105000,0 days 00:00:37.070000,0 days 00:00:25.136000,0 days 01:25:39.445000,0 days 01:26:16.515000,0 days 01:26:41.651000,286.0,261.0,247.0,301.0,True,HARD,12.0,False,Toro Rosso,0 days 01:25:10.324000,,1,14.0,,,False,True
0 days 01:28:12.655000,KVY,26,0 days 00:01:31.020000,34.0,3.0,,,0 days 00:00:28.976000,0 days 00:00:37.100000,0 days 00:00:24.944000,0 days 01:27:10.627000,0 days 01:27:47.727000,0 days 01:28:12.671000,290.0,261.0,249.0,303.0,True,HARD,13.0,False,Toro Rosso,0 days 01:26:41.635000,,1,14.0,,,False,True
0 days 01:29:43.634000,KVY,26,0 days 00:01:30.979000,35.0,3.0,,,0 days 00:00:28.945000,0 days 00:00:36.968000,0 days 00:00:25.066000,0 days 01:28:41.616000,0 days 01:29:18.584000,0 days 01:29:43.650000,288.0,261.0,250.0,302.0,True,HARD,14.0,False,Toro Rosso,0 days 01:28:12.655000,,1,14.0,,,False,True
0 days 01:31:14.569000,KVY,26,0 days 00:01:30.935000,36.0,3.0,,,0 days 00:00:28.903000,0 days 00:00:36.912000,0 days 00:00:25.120000,0 days 01:30:12.553000,0 days 01:30:49.465000,0 days 01:31:14.585000,289.0,260.0,250.0,301.0,True,HARD,15.0,False,Toro Rosso,0 days 01:29:43.634000,,1,13.0,,,False,True
0 days 01:32:45.881000,KVY,26,0 days 00:01:31.312000,37.0,3.0,,,0 days 00:00:28.911000,0 days 00:00:37.058000,0 days 00:00:25.343000,0 days 01:31:43.496000,0 days 01:32:20.554000,0 days 01:32:45.897000,288.0,263.0,246.0,303.0,False,HARD,16.0,False,Toro Rosso,0 days 01:31:14.569000,,12,13.0,,,False,True
0 days 01:34:17.648000,KVY,26,0 days 00:01:31.767000,38.0,3.0,,,0 days 00:00:28.842000,0 days 00:00:37.459000,0 days 00:00:25.466000,0 days 01:33:14.739000,0 days 01:33:52.198000,0 days 01:34:17.664000,306.0,263.0,248.0,337.0,False,HARD,17.0,False,Toro Rosso,0 days 01:32:45.881000,,1,12.0,,,False,True
0 days 01:35:48.096000,KVY,26,0 days 00:01:30.448000,39.0,3.0,,,0 days 00:00:28.738000,0 days 00:00:36.853000,0 days 00:00:24.857000,0 days 01:34:46.402000,0 days 01:35:23.255000,0 days 01:35:48.112000,307.0,265.0,248.0,335.0,True,HARD,18.0,False,Toro Rosso,0 days 01:34:17.648000,,1,11.0,,,False,True
0 days 01:37:18.998000,KVY,26,0 days 00:01:30.902000,40.0,3.0,,,0 days 00:00:28.981000,0 days 00:00:36.893000,0 days 00:00:25.028000,0 days 01:36:17.093000,0 days 01:36:53.986000,0 days 01:37:19.014000,284.0,259.0,248.0,300.0,False,HARD,19.0,False,Toro Rosso,0 days 01:35:48.096000,,1,11.0,,,False,True
0 days 01:38:49.859000,KVY,26,0 days 00:01:30.861000,41.0,3.0,,,0 days 00:00:28.858000,0 days 00:00:36.962000,0 days 00:00:25.041000,0 days 01:37:47.872000,0 days 01:38:24.834000,0 days 01:38:49.875000,290.0,261.0,250.0,302.0,False,HARD,20.0,False,Toro Rosso,0 days 01:37:18.998000,,1,11.0,,,False,True
0 days 01:40:20.491000,KVY,26,0 days 00:01:30.632000,42.0,3.0,,,0 days 00:00:28.871000,0 days 00:00:36.755000,0 days 00:00:25.006000,0 days 01:39:18.746000,0 days 01:39:55.501000,0 days 01:40:20.507000,292.0,264.0,249.0,306.0,False,HARD,21.0,False,Toro Rosso,0 days 01:38:49.859000,,1,11.0,,,False,True
0 days 01:41:51.577000,KVY,26,0 days 00:01:31.086000,43.0,3.0,,,0 days 00:00:28.587000,0 days 00:00:37.455000,0 days 00:00:25.044000,0 days 01:40:49.094000,0 days 01:41:26.549000,0 days 01:41:51.593000,311.0,253.0,249.0,313.0,False,HARD,22.0,False,Toro Rosso,0 days 01:40:20.491000,,1,10.0,,,False,True
0 days 01:43:22.006000,KVY,26,0 days 00:01:30.429000,44.0,3.0,,,0 days 00:00:28.765000,0 days 00:00:36.793000,0 days 00:00:24.871000,0 days 01:42:20.358000,0 days 01:42:57.151000,0 days 01:43:22.022000,288.0,263.0,250.0,300.0,True,HARD,23.0,False,Toro Rosso,0 days 01:41:51.577000,,1,10.0,,,False,True
0 days 01:44:52.058000,KVY,26,0 days 00:01:30.052000,45.0,3.0,,,0 days 00:00:28.526000,0 days 00:00:37.046000,0 days 00:00:24.480000,0 days 01:43:50.548000,0 days 01:44:27.594000,0 days 01:44:52.074000,319.0,258.0,249.0,329.0,True,HARD,24.0,False,Toro Rosso,0 days 01:43:22.006000,,1,9.0,,,False,True
0 days 01:46:22.628000,KVY,26,0 days 00:01:30.570000,46.0,3.0,,,0 days 00:00:28.919000,0 days 00:00:36.714000,0 days 00:00:24.937000,0 days 01:45:20.993000,0 days 01:45:57.707000,0 days 01:46:22.644000,283.0,262.0,250.0,297.0,False,HARD,25.0,False,Toro Rosso,0 days 01:44:52.058000,,1,9.0,,,False,True
0 days 01:47:52.989000,KVY,26,0 days 00:01:30.361000,47.0,3.0,,,0 days 00:00:28.872000,0 days 00:00:36.490000,0 days 00:00:24.999000,0 days 01:46:51.516000,0 days 01:47:28.006000,0 days 01:47:53.005000,287.0,264.0,248.0,296.0,False,HARD,26.0,False,Toro Rosso,0 days 01:46:22.628000,,1,9.0,,,False,True
0 days 01:49:23.325000,KVY,26,0 days 00:01:30.336000,48.0,3.0,,,0 days 00:00:28.850000,0 days 00:00:36.556000,0 days 00:00:24.930000,0 days 01:48:21.855000,0 days 01:48:58.411000,0 days 01:49:23.341000,285.0,265.0,250.0,298.0,False,HARD,27.0,False,Toro Rosso,0 days 01:47:52.989000,,1,9.0,,,False,True
0 days 01:50:53.731000,KVY,26,0 days 00:01:30.406000,49.0,3.0,,,0 days 00:00:28.858000,0 days 00:00:36.582000,0 days 00:00:24.966000,0 days 01:49:52.199000,0 days 01:50:28.781000,0 days 01:50:53.747000,284.0,263.0,250.0,298.0,False,HARD,28.0,False,Toro Rosso,0 days 01:49:23.325000,,1,9.0,,,False,True
0 days 01:52:23.819000,KVY,26,0 days 00:01:30.088000,50.0,3.0,,,0 days 00:00:28.796000,0 days 00:00:36.380000,0 days 00:00:24.912000,0 days 01:51:22.543000,0 days 01:51:58.923000,0 days 01:52:23.835000,285.0,268.0,250.0,330.0,False,HARD,29.0,False,Toro Rosso,0 days 01:50:53.731000,,1,9.0,,,False,True
0 days 01:53:53.729000,KVY,26,0 days 00:01:29.910000,51.0,3.0,,,0 days 00:00:28.421000,0 days 00:00:36.655000,0 days 00:00:24.834000,0 days 01:52:52.256000,0 days 01:53:28.911000,0 days 01:53:53.745000,319.0,262.0,252.0,326.0,True,HARD,30.0,False,Toro Rosso,0 days 01:52:23.819000,,1,9.0,,,False,True
0 days 01:55:23.990000,KVY,26,0 days 00:01:30.261000,52.0,3.0,,,0 days 00:00:28.668000,0 days 00:00:36.713000,0 days 00:00:24.880000,0 days 01:54:22.413000,0 days 01:54:59.126000,0 days 01:55:24.006000,303.0,265.0,250.0,328.0,False,HARD,31.0,False,Toro Rosso,0 days 01:53:53.729000,,1,9.0,,,False,True
0 days 00:34:49.010000,HUL,27,0 days 00:01:40.192000,1.0,1.0,,,,0 days 00:00:39.946000,0 days 00:00:25.780000,,0 days 00:34:23.306000,0 days 00:34:49.186000,303.0,255.0,248.0,315.0,False,SOFT,4.0,False,Renault,0 days 00:33:08.644000,,1,9.0,,,False,False
0 days 00:36:22.800000,HUL,27,0 days 00:01:33.790000,2.0,1.0,,,0 days 00:00:29.379000,0 days 00:00:38.651000,0 days 00:00:25.760000,0 days 00:35:18.433000,0 days 00:35:57.084000,0 days 00:36:22.844000,307.0,258.0,248.0,306.0,True,SOFT,5.0,False,Renault,0 days 00:34:49.010000,,1,9.0,,,False,True
0 days 00:37:55.471000,HUL,27,0 days 00:01:32.671000,3.0,1.0,,,0 days 00:00:29.018000,0 days 00:00:38.128000,0 days 00:00:25.525000,0 days 00:36:51.862000,0 days 00:37:29.990000,0 days 00:37:55.515000,309.0,258.0,247.0,312.0,True,SOFT,6.0,False,Renault,0 days 00:36:22.800000,,1,9.0,,,False,True
0 days 00:39:28.373000,HUL,27,0 days 00:01:32.902000,4.0,1.0,,,0 days 00:00:29.195000,0 days 00:00:38.076000,0 days 00:00:25.631000,0 days 00:38:24.710000,0 days 00:39:02.786000,0 days 00:39:28.417000,308.0,259.0,244.0,320.0,False,SOFT,7.0,False,Renault,0 days 00:37:55.471000,,1,9.0,,,False,True
0 days 00:41:00.969000,HUL,27,0 days 00:01:32.596000,5.0,1.0,,,0 days 00:00:28.992000,0 days 00:00:38.024000,0 days 00:00:25.580000,0 days 00:39:57.409000,0 days 00:40:35.433000,0 days 00:41:01.013000,310.0,258.0,245.0,320.0,True,SOFT,8.0,False,Renault,0 days 00:39:28.373000,,1,9.0,,,False,True
0 days 00:42:33.882000,HUL,27,0 days 00:01:32.913000,6.0,1.0,,,0 days 00:00:29.323000,0 days 00:00:37.949000,0 days 00:00:25.641000,0 days 00:41:30.336000,0 days 00:42:08.285000,0 days 00:42:33.926000,295.0,256.0,245.0,316.0,False,SOFT,9.0,False,Renault,0 days 00:41:00.969000,,1,9.0,,,False,True
0 days 00:44:06.971000,HUL,27,0 days 00:01:33.089000,7.0,1.0,,,0 days 00:00:29.370000,0 days 00:00:37.928000,0 days 00:00:25.791000,0 days 00:43:03.296000,0 days 00:43:41.224000,0 days 00:44:07.015000,291.0,256.0,246.0,312.0,False,SOFT,10.0,False,Renault,0 days 00:42:33.882000,,1,9.0,,,False,True
0 days 00:45:39.888000,HUL,27,0 days 00:01:32.917000,8.0,1.0,,,0 days 00:00:29.217000,0 days 00:00:38.050000,0 days 00:00:25.650000,0 days 00:44:36.232000,0 days 00:45:14.282000,0 days 00:45:39.932000,292.0,255.0,244.0,316.0,False,SOFT,11.0,False,Renault,0 days 00:44:06.971000,,1,9.0,,,False,True
0 days 00:47:12.753000,HUL,27,0 days 00:01:32.865000,9.0,1.0,,,0 days 00:00:29.202000,0 days 00:00:38.052000,0 days 00:00:25.611000,0 days 00:46:09.134000,0 days 00:46:47.186000,0 days 00:47:12.797000,288.0,257.0,247.0,313.0,False,SOFT,12.0,False,Renault,0 days 00:45:39.888000,,1,9.0,,,False,True
0 days 00:48:45.448000,HUL,27,0 days 00:01:32.695000,10.0,1.0,,,0 days 00:00:29.121000,0 days 00:00:37.925000,0 days 00:00:25.649000,0 days 00:47:41.918000,0 days 00:48:19.843000,0 days 00:48:45.492000,287.0,256.0,246.0,314.0,False,SOFT,13.0,False,Renault,0 days 00:47:12.753000,,1,9.0,,,False,True
0 days 00:50:18.153000,HUL,27,0 days 00:01:32.705000,11.0,1.0,,,0 days 00:00:29.198000,0 days 00:00:37.880000,0 days 00:00:25.627000,0 days 00:49:14.690000,0 days 00:49:52.570000,0 days 00:50:18.197000,289.0,257.0,244.0,314.0,False,SOFT,14.0,False,Renault,0 days 00:48:45.448000,,1,9.0,,,False,True
0 days 00:51:52.234000,HUL,27,0 days 00:01:34.081000,12.0,1.0,,,0 days 00:00:29.352000,0 days 00:00:38.133000,0 days 00:00:26.596000,0 days 00:50:47.549000,0 days 00:51:25.682000,0 days 00:51:52.278000,289.0,254.0,245.0,305.0,False,SOFT,15.0,False,Renault,0 days 00:50:18.153000,,1,10.0,,,False,True
0 days 00:53:25.408000,HUL,27,0 days 00:01:33.174000,13.0,1.0,,0 days 00:53:19.918000,0 days 00:00:29.584000,0 days 00:00:38.251000,0 days 00:00:25.339000,0 days 00:52:21.862000,0 days 00:53:00.113000,0 days 00:53:25.452000,299.0,258.0,,317.0,False,SOFT,16.0,False,Renault,0 days 00:51:52.234000,,1,8.0,,,False,False
0 days 00:55:19.291000,HUL,27,0 days 00:01:53.883000,14.0,2.0,0 days 00:53:48.560000,,0 days 00:00:50.168000,0 days 00:00:38.081000,0 days 00:00:25.634000,0 days 00:54:15.620000,0 days 00:54:53.701000,0 days 00:55:19.335000,299.0,259.0,247.0,294.0,False,HARD,2.0,False,Renault,0 days 00:53:25.408000,,1,15.0,,,False,False
0 days 00:56:51.586000,HUL,27,0 days 00:01:32.295000,15.0,2.0,,,0 days 00:00:29.249000,0 days 00:00:37.699000,0 days 00:00:25.347000,0 days 00:55:48.584000,0 days 00:56:26.283000,0 days 00:56:51.630000,286.0,257.0,248.0,300.0,True,HARD,3.0,False,Renault,0 days 00:55:19.291000,,1,15.0,,,False,True
0 days 00:58:23.111000,HUL,27,0 days 00:01:31.525000,16.0,2.0,,,0 days 00:00:28.715000,0 days 00:00:37.614000,0 days 00:00:25.196000,0 days 00:57:20.345000,0 days 00:57:57.959000,0 days 00:58:23.155000,322.0,258.0,250.0,300.0,True,HARD,4.0,False,Renault,0 days 00:56:51.586000,,1,14.0,,,False,True
0 days 00:59:54.756000,HUL,27,0 days 00:01:31.645000,17.0,2.0,,,0 days 00:00:28.999000,0 days 00:00:37.385000,0 days 00:00:25.261000,0 days 00:58:52.154000,0 days 00:59:29.539000,0 days 00:59:54.800000,290.0,256.0,248.0,302.0,False,HARD,5.0,False,Renault,0 days 00:58:23.111000,,1,14.0,,,False,True
0 days 01:01:26.439000,HUL,27,0 days 00:01:31.683000,18.0,2.0,,,0 days 00:00:29.010000,0 days 00:00:37.376000,0 days 00:00:25.297000,0 days 01:00:23.810000,0 days 01:01:01.186000,0 days 01:01:26.483000,291.0,257.0,248.0,301.0,False,HARD,6.0,False,Renault,0 days 00:59:54.756000,,1,13.0,,,False,True
0 days 01:02:59.027000,HUL,27,0 days 00:01:32.588000,19.0,2.0,,,0 days 00:00:29.196000,0 days 00:00:37.697000,0 days 00:00:25.695000,0 days 01:01:55.679000,0 days 01:02:33.376000,0 days 01:02:59.071000,291.0,255.0,247.0,296.0,False,HARD,7.0,False,Renault,0 days 01:01:26.439000,,12,11.0,,,False,True
0 days 01:05:04.231000,HUL,27,0 days 00:02:05.204000,20.0,2.0,,,0 days 00:00:39.119000,0 days 00:00:49.568000,0 days 00:00:36.517000,0 days 01:03:38.190000,0 days 01:04:27.758000,0 days 01:05:04.275000,236.0,207.0,204.0,219.0,False,HARD,8.0,False,Renault,0 days 01:02:59.027000,,24,11.0,,,False,False
0 days 01:07:12.440000,HUL,27,0 days 00:02:08.209000,21.0,2.0,,,0 days 00:00:40.346000,0 days 00:00:54.589000,0 days 00:00:33.274000,0 days 01:05:44.621000,0 days 01:06:39.210000,0 days 01:07:12.484000,111.0,157.0,206.0,240.0,False,HARD,9.0,False,Renault,0 days 01:05:04.231000,,4,10.0,,,False,False
0 days 01:09:00.977000,HUL,27,0 days 00:01:48.537000,22.0,2.0,,,0 days 00:00:32.158000,0 days 00:00:40.968000,0 days 00:00:35.411000,0 days 01:07:44.642000,0 days 01:08:25.610000,0 days 01:09:01.021000,284.0,160.0,212.0,259.0,False,HARD,10.0,False,Renault,0 days 01:07:12.440000,,4,10.0,,,False,False
0 days 01:11:15.689000,HUL,27,0 days 00:02:14.712000,23.0,2.0,,,0 days 00:00:45.951000,0 days 00:00:54.640000,0 days 00:00:34.121000,0 days 01:09:46.972000,0 days 01:10:41.612000,0 days 01:11:15.733000,255.0,189.0,249.0,116.0,False,HARD,11.0,False,Renault,0 days 01:09:00.977000,,41,10.0,,,False,False
0 days 01:12:51.727000,HUL,27,0 days 00:01:36.038000,24.0,2.0,,,0 days 00:00:30.609000,0 days 00:00:39.571000,0 days 00:00:25.858000,0 days 01:11:46.342000,0 days 01:12:25.913000,0 days 01:12:51.771000,297.0,261.0,249.0,304.0,False,HARD,12.0,False,Renault,0 days 01:11:15.689000,,1,12.0,,,False,True
0 days 01:14:25.738000,HUL,27,0 days 00:01:34.011000,25.0,2.0,,,0 days 00:00:29.236000,0 days 00:00:38.327000,0 days 00:00:26.448000,0 days 01:13:21.007000,0 days 01:13:59.334000,0 days 01:14:25.782000,298.0,261.0,248.0,302.0,False,HARD,13.0,False,Renault,0 days 01:12:51.727000,,1,12.0,,,False,True
0 days 01:15:57.795000,HUL,27,0 days 00:01:32.057000,26.0,2.0,,,0 days 00:00:29.017000,0 days 00:00:37.563000,0 days 00:00:25.477000,0 days 01:14:54.799000,0 days 01:15:32.362000,0 days 01:15:57.839000,311.0,260.0,248.0,307.0,False,HARD,14.0,False,Renault,0 days 01:14:25.738000,,12,12.0,,,False,True
0 days 01:17:29.710000,HUL,27,0 days 00:01:31.915000,27.0,2.0,,,0 days 00:00:29.099000,0 days 00:00:37.550000,0 days 00:00:25.266000,0 days 01:16:26.938000,0 days 01:17:04.488000,0 days 01:17:29.754000,297.0,259.0,249.0,307.0,False,HARD,15.0,False,Renault,0 days 01:15:57.795000,,21,12.0,,,False,True
0 days 01:19:01.384000,HUL,27,0 days 00:01:31.674000,28.0,2.0,,,0 days 00:00:28.897000,0 days 00:00:37.426000,0 days 00:00:25.351000,0 days 01:17:58.651000,0 days 01:18:36.077000,0 days 01:19:01.428000,295.0,263.0,249.0,322.0,False,HARD,16.0,False,Renault,0 days 01:17:29.710000,,1,12.0,,,False,True
0 days 01:20:33.132000,HUL,27,0 days 00:01:31.748000,29.0,2.0,,,0 days 00:00:28.797000,0 days 00:00:37.682000,0 days 00:00:25.269000,0 days 01:19:30.225000,0 days 01:20:07.907000,0 days 01:20:33.176000,307.0,262.0,250.0,316.0,False,HARD,17.0,False,Renault,0 days 01:19:01.384000,,1,12.0,,,False,True
0 days 01:22:04.389000,HUL,27,0 days 00:01:31.257000,30.0,2.0,,,0 days 00:00:28.808000,0 days 00:00:37.299000,0 days 00:00:25.150000,0 days 01:21:01.984000,0 days 01:21:39.283000,0 days 01:22:04.433000,307.0,262.0,250.0,321.0,True,HARD,18.0,False,Renault,0 days 01:20:33.132000,,1,12.0,,,False,True
0 days 01:23:35.809000,HUL,27,0 days 00:01:31.420000,31.0,2.0,,,0 days 00:00:28.925000,0 days 00:00:37.364000,0 days 00:00:25.131000,0 days 01:22:33.358000,0 days 01:23:10.722000,0 days 01:23:35.853000,306.0,263.0,251.0,322.0,False,HARD,19.0,False,Renault,0 days 01:22:04.389000,,1,12.0,,,False,True
0 days 01:25:07.232000,HUL,27,0 days 00:01:31.423000,32.0,2.0,,,0 days 00:00:28.771000,0 days 00:00:37.571000,0 days 00:00:25.081000,0 days 01:24:04.624000,0 days 01:24:42.195000,0 days 01:25:07.276000,310.0,264.0,252.0,323.0,False,HARD,20.0,False,Renault,0 days 01:23:35.809000,,1,12.0,,,False,True
0 days 01:26:38.724000,HUL,27,0 days 00:01:31.492000,33.0,2.0,,,0 days 00:00:28.909000,0 days 00:00:37.449000,0 days 00:00:25.134000,0 days 01:25:36.185000,0 days 01:26:13.634000,0 days 01:26:38.768000,308.0,264.0,251.0,323.0,False,HARD,21.0,False,Renault,0 days 01:25:07.232000,,1,12.0,,,False,True
0 days 01:28:09.697000,HUL,27,0 days 00:01:30.973000,34.0,2.0,,,0 days 00:00:28.776000,0 days 00:00:37.323000,0 days 00:00:24.874000,0 days 01:27:07.544000,0 days 01:27:44.867000,0 days 01:28:09.741000,309.0,264.0,251.0,323.0,True,HARD,22.0,False,Renault,0 days 01:26:38.724000,,1,12.0,,,False,True
0 days 01:29:40.725000,HUL,27,0 days 00:01:31.028000,35.0,2.0,,,0 days 00:00:28.812000,0 days 00:00:37.268000,0 days 00:00:24.948000,0 days 01:28:38.553000,0 days 01:29:15.821000,0 days 01:29:40.769000,309.0,266.0,252.0,325.0,False,HARD,23.0,False,Renault,0 days 01:28:09.697000,,1,12.0,,,False,True
0 days 01:31:11.869000,HUL,27,0 days 00:01:31.144000,36.0,2.0,,,0 days 00:00:28.735000,0 days 00:00:37.544000,0 days 00:00:24.865000,0 days 01:30:09.504000,0 days 01:30:47.048000,0 days 01:31:11.913000,310.0,265.0,252.0,324.0,False,HARD,24.0,False,Renault,0 days 01:29:40.725000,,1,11.0,,,False,True
0 days 01:32:43.364000,HUL,27,0 days 00:01:31.495000,37.0,2.0,,,0 days 00:00:28.752000,0 days 00:00:37.662000,0 days 00:00:25.081000,0 days 01:31:40.665000,0 days 01:32:18.327000,0 days 01:32:43.408000,308.0,264.0,251.0,323.0,False,HARD,25.0,False,Renault,0 days 01:31:11.869000,,12,11.0,,,False,True
0 days 01:34:14.859000,HUL,27,0 days 00:01:31.495000,38.0,2.0,,,0 days 00:00:28.733000,0 days 00:00:37.618000,0 days 00:00:25.144000,0 days 01:33:12.141000,0 days 01:33:49.759000,0 days 01:34:14.903000,307.0,260.0,250.0,319.0,False,HARD,26.0,False,Renault,0 days 01:32:43.364000,,1,10.0,,,False,True
0 days 01:35:46.451000,HUL,27,0 days 00:01:31.592000,39.0,2.0,,,0 days 00:00:28.647000,0 days 00:00:37.742000,0 days 00:00:25.203000,0 days 01:34:43.550000,0 days 01:35:21.292000,0 days 01:35:46.495000,304.0,261.0,250.0,304.0,False,HARD,27.0,False,Renault,0 days 01:34:14.859000,,1,10.0,,,False,True
0 days 01:37:17.627000,HUL,27,0 days 00:01:31.176000,40.0,2.0,,,0 days 00:00:28.856000,0 days 00:00:37.216000,0 days 00:00:25.104000,0 days 01:36:15.351000,0 days 01:36:52.567000,0 days 01:37:17.671000,292.0,263.0,251.0,307.0,False,HARD,28.0,False,Renault,0 days 01:35:46.451000,,1,10.0,,,False,True
0 days 01:38:48.541000,HUL,27,0 days 00:01:30.914000,41.0,2.0,,,0 days 00:00:28.591000,0 days 00:00:37.242000,0 days 00:00:25.081000,0 days 01:37:46.262000,0 days 01:38:23.504000,0 days 01:38:48.585000,307.0,266.0,252.0,320.0,True,HARD,29.0,False,Renault,0 days 01:37:17.627000,,1,10.0,,,False,True
0 days 01:40:19.729000,HUL,27,0 days 00:01:31.188000,42.0,2.0,,,0 days 00:00:28.633000,0 days 00:00:37.459000,0 days 00:00:25.096000,0 days 01:39:17.218000,0 days 01:39:54.677000,0 days 01:40:19.773000,311.0,266.0,251.0,324.0,False,HARD,30.0,False,Renault,0 days 01:38:48.541000,,1,10.0,,,False,True
0 days 01:41:55.417000,HUL,27,0 days 00:01:35.688000,43.0,2.0,,,0 days 00:00:28.648000,0 days 00:00:38.167000,0 days 00:00:28.873000,0 days 01:40:48.421000,0 days 01:41:26.588000,0 days 01:41:55.461000,307.0,217.0,247.0,239.0,False,HARD,31.0,False,Renault,0 days 01:40:19.729000,,1,11.0,,,False,True
0 days 01:43:26.760000,HUL,27,0 days 00:01:31.343000,44.0,2.0,,,0 days 00:00:29.070000,0 days 00:00:37.153000,0 days 00:00:25.120000,0 days 01:42:24.531000,0 days 01:43:01.684000,0 days 01:43:26.804000,285.0,261.0,249.0,294.0,False,HARD,32.0,False,Renault,0 days 01:41:55.417000,,1,11.0,,,False,True
0 days 01:44:57.451000,HUL,27,0 days 00:01:30.691000,45.0,2.0,,,0 days 00:00:28.737000,0 days 00:00:36.986000,0 days 00:00:24.968000,0 days 01:43:55.541000,0 days 01:44:32.527000,0 days 01:44:57.495000,284.0,261.0,248.0,297.0,True,HARD,33.0,False,Renault,0 days 01:43:26.760000,,1,11.0,,,False,True
0 days 01:46:28.029000,HUL,27,0 days 00:01:30.578000,46.0,2.0,,,0 days 00:00:28.654000,0 days 00:00:36.973000,0 days 00:00:24.951000,0 days 01:45:26.149000,0 days 01:46:03.122000,0 days 01:46:28.073000,285.0,260.0,250.0,297.0,True,HARD,34.0,False,Renault,0 days 01:44:57.451000,,1,11.0,,,False,True
0 days 01:47:58.676000,HUL,27,0 days 00:01:30.647000,47.0,2.0,,,0 days 00:00:28.768000,0 days 00:00:36.863000,0 days 00:00:25.016000,0 days 01:46:56.841000,0 days 01:47:33.704000,0 days 01:47:58.720000,284.0,260.0,249.0,296.0,False,HARD,35.0,False,Renault,0 days 01:46:28.029000,,1,11.0,,,False,True
0 days 01:49:29.325000,HUL,27,0 days 00:01:30.649000,48.0,2.0,,,0 days 00:00:28.803000,0 days 00:00:36.816000,0 days 00:00:25.030000,0 days 01:48:27.523000,0 days 01:49:04.339000,0 days 01:49:29.369000,283.0,260.0,250.0,294.0,False,HARD,36.0,False,Renault,0 days 01:47:58.676000,,1,11.0,,,False,True
0 days 01:50:59.635000,HUL,27,0 days 00:01:30.310000,49.0,2.0,,,0 days 00:00:28.682000,0 days 00:00:36.838000,0 days 00:00:24.790000,0 days 01:49:58.051000,0 days 01:50:34.889000,0 days 01:50:59.679000,283.0,262.0,250.0,309.0,True,HARD,37.0,False,Renault,0 days 01:49:29.325000,,1,11.0,,,False,True
0 days 01:52:29.767000,HUL,27,0 days 00:01:30.132000,50.0,2.0,,,0 days 00:00:28.504000,0 days 00:00:36.559000,0 days 00:00:25.069000,0 days 01:51:28.183000,0 days 01:52:04.742000,0 days 01:52:29.811000,302.0,263.0,251.0,300.0,True,HARD,38.0,False,Renault,0 days 01:50:59.635000,,1,11.0,,,False,True
0 days 01:53:59.716000,HUL,27,0 days 00:01:29.949000,51.0,2.0,,,0 days 00:00:28.422000,0 days 00:00:37.112000,0 days 00:00:24.415000,0 days 01:52:58.233000,0 days 01:53:35.345000,0 days 01:53:59.760000,303.0,265.0,251.0,330.0,True,HARD,39.0,False,Renault,0 days 01:52:29.767000,,1,10.0,,,False,True
0 days 01:55:30.003000,HUL,27,0 days 00:01:30.287000,52.0,2.0,,,0 days 00:00:28.596000,0 days 00:00:36.773000,0 days 00:00:24.918000,0 days 01:54:28.356000,0 days 01:55:05.129000,0 days 01:55:30.047000,282.0,262.0,250.0,292.0,False,HARD,40.0,False,Renault,0 days 01:53:59.716000,,1,10.0,,,False,True
0 days 00:34:48.461000,RIC,3,0 days 00:01:39.643000,1.0,1.0,,,,0 days 00:00:39.778000,0 days 00:00:25.683000,,0 days 00:34:22.854000,0 days 00:34:48.625000,300.0,257.0,248.0,311.0,False,SOFT,4.0,False,Renault,0 days 00:33:08.644000,,1,8.0,,,False,False
0 days 00:36:21.989000,RIC,3,0 days 00:01:33.528000,2.0,1.0,,,0 days 00:00:29.452000,0 days 00:00:38.424000,0 days 00:00:25.652000,0 days 00:35:17.913000,0 days 00:35:56.337000,0 days 00:36:21.989000,296.0,257.0,248.0,303.0,True,SOFT,5.0,False,Renault,0 days 00:34:48.461000,,1,8.0,,,False,True
0 days 00:37:54.508000,RIC,3,0 days 00:01:32.519000,3.0,1.0,,,0 days 00:00:28.833000,0 days 00:00:38.087000,0 days 00:00:25.599000,0 days 00:36:50.822000,0 days 00:37:28.909000,0 days 00:37:54.508000,311.0,259.0,248.0,323.0,True,SOFT,6.0,False,Renault,0 days 00:36:21.989000,,1,8.0,,,False,True
0 days 00:39:27.453000,RIC,3,0 days 00:01:32.945000,4.0,1.0,,,0 days 00:00:28.971000,0 days 00:00:38.237000,0 days 00:00:25.737000,0 days 00:38:23.479000,0 days 00:39:01.716000,0 days 00:39:27.453000,311.0,260.0,246.0,323.0,False,SOFT,7.0,False,Renault,0 days 00:37:54.508000,,1,8.0,,,False,True
0 days 00:40:59.902000,RIC,3,0 days 00:01:32.449000,5.0,1.0,,,0 days 00:00:28.983000,0 days 00:00:38.050000,0 days 00:00:25.416000,0 days 00:39:56.436000,0 days 00:40:34.486000,0 days 00:40:59.902000,309.0,258.0,247.0,321.0,True,SOFT,8.0,False,Renault,0 days 00:39:27.453000,,1,8.0,,,False,True
0 days 00:42:32.755000,RIC,3,0 days 00:01:32.853000,6.0,1.0,,,0 days 00:00:28.975000,0 days 00:00:38.248000,0 days 00:00:25.630000,0 days 00:41:28.877000,0 days 00:42:07.125000,0 days 00:42:32.755000,307.0,258.0,246.0,319.0,False,SOFT,9.0,False,Renault,0 days 00:40:59.902000,,1,8.0,,,False,True
0 days 00:44:05.624000,RIC,3,0 days 00:01:32.869000,7.0,1.0,,,0 days 00:00:29.011000,0 days 00:00:38.339000,0 days 00:00:25.519000,0 days 00:43:01.766000,0 days 00:43:40.105000,0 days 00:44:05.624000,308.0,259.0,246.0,319.0,False,SOFT,10.0,False,Renault,0 days 00:42:32.755000,,1,8.0,,,False,True
0 days 00:45:38.092000,RIC,3,0 days 00:01:32.468000,8.0,1.0,,,0 days 00:00:29.048000,0 days 00:00:37.967000,0 days 00:00:25.453000,0 days 00:44:34.672000,0 days 00:45:12.639000,0 days 00:45:38.092000,305.0,257.0,246.0,318.0,False,SOFT,11.0,False,Renault,0 days 00:44:05.624000,,1,8.0,,,False,True
0 days 00:47:10.730000,RIC,3,0 days 00:01:32.638000,9.0,1.0,,,0 days 00:00:28.999000,0 days 00:00:38.160000,0 days 00:00:25.479000,0 days 00:46:07.091000,0 days 00:46:45.251000,0 days 00:47:10.730000,307.0,257.0,247.0,318.0,False,SOFT,12.0,False,Renault,0 days 00:45:38.092000,,1,8.0,,,False,True
0 days 00:48:43.159000,RIC,3,0 days 00:01:32.429000,10.0,1.0,,,0 days 00:00:29.013000,0 days 00:00:38.052000,0 days 00:00:25.364000,0 days 00:47:39.743000,0 days 00:48:17.795000,0 days 00:48:43.159000,305.0,259.0,247.0,318.0,True,SOFT,13.0,False,Renault,0 days 00:47:10.730000,,1,8.0,,,False,True
0 days 00:50:15.538000,RIC,3,0 days 00:01:32.379000,11.0,1.0,,,0 days 00:00:29.042000,0 days 00:00:38.015000,0 days 00:00:25.322000,0 days 00:49:12.201000,0 days 00:49:50.216000,0 days 00:50:15.538000,306.0,258.0,245.0,319.0,True,SOFT,14.0,False,Renault,0 days 00:48:43.159000,,1,8.0,,,False,True
0 days 00:51:47.348000,RIC,3,0 days 00:01:31.810000,12.0,1.0,,0 days 00:51:41.545000,0 days 00:00:28.977000,0 days 00:00:37.941000,0 days 00:00:24.892000,0 days 00:50:44.515000,0 days 00:51:22.456000,0 days 00:51:47.348000,307.0,258.0,,318.0,False,SOFT,15.0,False,Renault,0 days 00:50:15.538000,,1,8.0,,,False,False
0 days 00:53:39.155000,RIC,3,0 days 00:01:51.807000,13.0,2.0,0 days 00:52:09.937000,,0 days 00:00:49.532000,0 days 00:00:37.214000,0 days 00:00:25.061000,0 days 00:52:36.880000,0 days 00:53:14.094000,0 days 00:53:39.155000,287.0,259.0,248.0,300.0,False,MEDIUM,1.0,True,Renault,0 days 00:51:47.348000,,1,15.0,,,False,False
0 days 00:55:11.096000,RIC,3,0 days 00:01:31.941000,14.0,2.0,,,0 days 00:00:29.513000,0 days 00:00:37.194000,0 days 00:00:25.234000,0 days 00:54:08.668000,0 days 00:54:45.862000,0 days 00:55:11.096000,315.0,259.0,248.0,302.0,True,MEDIUM,2.0,True,Renault,0 days 00:53:39.155000,,1,11.0,,,False,True
0 days 00:56:43.238000,RIC,3,0 days 00:01:32.142000,15.0,2.0,,,0 days 00:00:29.226000,0 days 00:00:37.545000,0 days 00:00:25.371000,0 days 00:55:40.322000,0 days 00:56:17.867000,0 days 00:56:43.238000,286.0,258.0,247.0,298.0,False,MEDIUM,3.0,True,Renault,0 days 00:55:11.096000,,1,11.0,,,False,True
0 days 00:58:15.334000,RIC,3,0 days 00:01:32.096000,16.0,2.0,,,0 days 00:00:29.044000,0 days 00:00:37.666000,0 days 00:00:25.386000,0 days 00:57:12.282000,0 days 00:57:49.948000,0 days 00:58:15.334000,290.0,257.0,249.0,301.0,False,MEDIUM,4.0,True,Renault,0 days 00:56:43.238000,,1,11.0,,,False,True
0 days 00:59:47.194000,RIC,3,0 days 00:01:31.860000,17.0,2.0,,,0 days 00:00:29.106000,0 days 00:00:37.483000,0 days 00:00:25.271000,0 days 00:58:44.440000,0 days 00:59:21.923000,0 days 00:59:47.194000,291.0,258.0,249.0,318.0,True,MEDIUM,5.0,True,Renault,0 days 00:58:15.334000,,1,11.0,,,False,True
0 days 01:01:18.875000,RIC,3,0 days 00:01:31.681000,18.0,2.0,,,0 days 00:00:28.911000,0 days 00:00:37.831000,0 days 00:00:24.939000,0 days 01:00:16.105000,0 days 01:00:53.936000,0 days 01:01:18.875000,309.0,261.0,248.0,326.0,True,MEDIUM,6.0,True,Renault,0 days 00:59:47.194000,,1,9.0,,,False,True
0 days 01:02:51.112000,RIC,3,0 days 00:01:32.237000,19.0,2.0,,,0 days 00:00:29.241000,0 days 00:00:37.501000,0 days 00:00:25.495000,0 days 01:01:48.116000,0 days 01:02:25.617000,0 days 01:02:51.112000,286.0,253.0,247.0,293.0,False,MEDIUM,7.0,True,Renault,0 days 01:01:18.875000,,12,8.0,,,False,True
0 days 01:04:48.802000,RIC,3,0 days 00:01:57.690000,20.0,2.0,,0 days 01:04:42.993000,0 days 00:00:32.164000,0 days 00:00:53.779000,0 days 00:00:31.747000,0 days 01:03:23.276000,0 days 01:04:17.055000,0 days 01:04:48.802000,134.0,150.0,,235.0,False,MEDIUM,8.0,True,Renault,0 days 01:02:51.112000,,24,8.0,,,False,False
0 days 01:07:14.920000,RIC,3,0 days 00:02:26.118000,21.0,3.0,0 days 01:05:11.385000,,0 days 00:00:57.667000,0 days 00:00:54.002000,0 days 00:00:34.449000,0 days 01:05:46.469000,0 days 01:06:40.471000,0 days 01:07:14.920000,183.0,129.0,164.0,255.0,False,HARD,1.0,True,Renault,0 days 01:04:48.802000,,4,11.0,,,False,False
0 days 01:09:02.938000,RIC,3,0 days 00:01:48.018000,22.0,3.0,,,0 days 00:00:32.425000,0 days 00:00:40.150000,0 days 00:00:35.443000,0 days 01:07:47.345000,0 days 01:08:27.495000,0 days 01:09:02.938000,286.0,239.0,168.0,238.0,False,HARD,2.0,True,Renault,0 days 01:07:14.920000,,4,11.0,,,False,False
0 days 01:11:16.213000,RIC,3,0 days 00:02:13.275000,23.0,3.0,,,0 days 00:00:47.237000,0 days 00:00:52.001000,0 days 00:00:34.037000,0 days 01:09:50.175000,0 days 01:10:42.176000,0 days 01:11:16.213000,236.0,205.0,247.0,116.0,False,HARD,3.0,True,Renault,0 days 01:09:02.938000,,41,11.0,,,False,False
0 days 01:12:50.586000,RIC,3,0 days 00:01:34.373000,24.0,3.0,,,0 days 00:00:30.071000,0 days 00:00:38.465000,0 days 00:00:25.837000,0 days 01:11:46.284000,0 days 01:12:24.749000,0 days 01:12:50.586000,306.0,263.0,249.0,311.0,False,HARD,4.0,True,Renault,0 days 01:11:16.213000,,1,10.0,,,False,True
0 days 01:14:23.376000,RIC,3,0 days 00:01:32.790000,25.0,3.0,,,0 days 00:00:28.872000,0 days 00:00:38.228000,0 days 00:00:25.690000,0 days 01:13:19.458000,0 days 01:13:57.686000,0 days 01:14:23.376000,316.0,260.0,251.0,313.0,False,HARD,5.0,True,Renault,0 days 01:12:50.586000,,1,9.0,,,False,True
0 days 01:15:55.101000,RIC,3,0 days 00:01:31.725000,26.0,3.0,,,0 days 00:00:28.825000,0 days 00:00:37.551000,0 days 00:00:25.349000,0 days 01:14:52.201000,0 days 01:15:29.752000,0 days 01:15:55.101000,314.0,264.0,250.0,324.0,False,HARD,6.0,True,Renault,0 days 01:14:23.376000,,12,9.0,,,False,True
0 days 01:17:26.471000,RIC,3,0 days 00:01:31.370000,27.0,3.0,,,0 days 00:00:28.729000,0 days 00:00:37.484000,0 days 00:00:25.157000,0 days 01:16:23.830000,0 days 01:17:01.314000,0 days 01:17:26.471000,314.0,263.0,250.0,325.0,True,HARD,7.0,True,Renault,0 days 01:15:55.101000,,21,9.0,,,False,True
0 days 01:18:57.945000,RIC,3,0 days 00:01:31.474000,28.0,3.0,,,0 days 00:00:28.648000,0 days 00:00:37.621000,0 days 00:00:25.205000,0 days 01:17:55.119000,0 days 01:18:32.740000,0 days 01:18:57.945000,316.0,262.0,251.0,324.0,False,HARD,8.0,True,Renault,0 days 01:17:26.471000,,1,9.0,,,False,True
0 days 01:20:29.526000,RIC,3,0 days 00:01:31.581000,29.0,3.0,,,0 days 00:00:28.670000,0 days 00:00:37.568000,0 days 00:00:25.343000,0 days 01:19:26.615000,0 days 01:20:04.183000,0 days 01:20:29.526000,318.0,262.0,250.0,327.0,False,HARD,9.0,True,Renault,0 days 01:18:57.945000,,1,9.0,,,False,True
0 days 01:22:00.938000,RIC,3,0 days 00:01:31.412000,30.0,3.0,,,0 days 00:00:28.763000,0 days 00:00:37.440000,0 days 00:00:25.209000,0 days 01:20:58.289000,0 days 01:21:35.729000,0 days 01:22:00.938000,313.0,262.0,250.0,325.0,False,HARD,10.0,True,Renault,0 days 01:20:29.526000,,1,9.0,,,False,True
0 days 01:23:32.765000,RIC,3,0 days 00:01:31.827000,31.0,3.0,,,0 days 00:00:28.610000,0 days 00:00:37.771000,0 days 00:00:25.446000,0 days 01:22:29.548000,0 days 01:23:07.319000,0 days 01:23:32.765000,323.0,263.0,252.0,335.0,False,HARD,11.0,True,Renault,0 days 01:22:00.938000,,1,9.0,,,False,True
0 days 01:25:04.077000,RIC,3,0 days 00:01:31.312000,32.0,3.0,,,0 days 00:00:28.718000,0 days 00:00:37.547000,0 days 00:00:25.047000,0 days 01:24:01.483000,0 days 01:24:39.030000,0 days 01:25:04.077000,308.0,263.0,252.0,319.0,True,HARD,12.0,True,Renault,0 days 01:23:32.765000,,1,9.0,,,False,True
0 days 01:26:35.072000,RIC,3,0 days 00:01:30.995000,33.0,3.0,,,0 days 00:00:28.675000,0 days 00:00:37.340000,0 days 00:00:24.980000,0 days 01:25:32.752000,0 days 01:26:10.092000,0 days 01:26:35.072000,309.0,263.0,250.0,323.0,True,HARD,13.0,True,Renault,0 days 01:25:04.077000,,1,9.0,,,False,True
0 days 01:28:05.953000,RIC,3,0 days 00:01:30.881000,34.0,3.0,,,0 days 00:00:28.693000,0 days 00:00:37.314000,0 days 00:00:24.874000,0 days 01:27:03.765000,0 days 01:27:41.079000,0 days 01:28:05.953000,308.0,263.0,253.0,322.0,True,HARD,14.0,True,Renault,0 days 01:26:35.072000,,1,9.0,,,False,True
0 days 01:29:36.457000,RIC,3,0 days 00:01:30.504000,35.0,3.0,,,0 days 00:00:28.655000,0 days 00:00:37.113000,0 days 00:00:24.736000,0 days 01:28:34.608000,0 days 01:29:11.721000,0 days 01:29:36.457000,310.0,265.0,252.0,325.0,True,HARD,15.0,True,Renault,0 days 01:28:05.953000,,1,9.0,,,False,True
0 days 01:31:06.904000,RIC,3,0 days 00:01:30.447000,36.0,3.0,,,0 days 00:00:28.618000,0 days 00:00:36.866000,0 days 00:00:24.963000,0 days 01:30:05.075000,0 days 01:30:41.941000,0 days 01:31:06.904000,290.0,262.0,252.0,301.0,True,HARD,16.0,True,Renault,0 days 01:29:36.457000,,1,8.0,,,False,True
0 days 01:32:37.730000,RIC,3,0 days 00:01:30.826000,37.0,3.0,,,0 days 00:00:28.720000,0 days 00:00:36.946000,0 days 00:00:25.160000,0 days 01:31:35.624000,0 days 01:32:12.570000,0 days 01:32:37.730000,289.0,260.0,250.0,299.0,False,HARD,17.0,True,Renault,0 days 01:31:06.904000,,12,8.0,,,False,True
0 days 01:34:08.295000,RIC,3,0 days 00:01:30.565000,38.0,3.0,,,0 days 00:00:28.623000,0 days 00:00:36.929000,0 days 00:00:25.013000,0 days 01:33:06.353000,0 days 01:33:43.282000,0 days 01:34:08.295000,291.0,260.0,250.0,302.0,False,HARD,18.0,True,Renault,0 days 01:32:37.730000,,1,7.0,,,False,True
0 days 01:35:38.595000,RIC,3,0 days 00:01:30.300000,39.0,3.0,,,0 days 00:00:28.603000,0 days 00:00:36.923000,0 days 00:00:24.774000,0 days 01:34:36.898000,0 days 01:35:13.821000,0 days 01:35:38.595000,292.0,265.0,252.0,318.0,True,HARD,19.0,True,Renault,0 days 01:34:08.295000,,1,7.0,,,False,True
0 days 01:37:09.093000,RIC,3,0 days 00:01:30.498000,40.0,3.0,,,0 days 00:00:28.565000,0 days 00:00:37.159000,0 days 00:00:24.774000,0 days 01:36:07.160000,0 days 01:36:44.319000,0 days 01:37:09.093000,305.0,264.0,252.0,316.0,False,HARD,20.0,True,Renault,0 days 01:35:38.595000,,1,7.0,,,False,True
0 days 01:38:39.646000,RIC,3,0 days 00:01:30.553000,41.0,3.0,,,0 days 00:00:28.484000,0 days 00:00:37.184000,0 days 00:00:24.885000,0 days 01:37:37.577000,0 days 01:38:14.761000,0 days 01:38:39.646000,311.0,264.0,252.0,323.0,False,HARD,21.0,True,Renault,0 days 01:37:09.093000,,1,7.0,,,False,True
0 days 01:40:10.338000,RIC,3,0 days 00:01:30.692000,42.0,3.0,,,0 days 00:00:28.535000,0 days 00:00:37.168000,0 days 00:00:24.989000,0 days 01:39:08.181000,0 days 01:39:45.349000,0 days 01:40:10.338000,312.0,266.0,252.0,332.0,False,HARD,22.0,True,Renault,0 days 01:38:39.646000,,1,7.0,,,False,True
0 days 01:41:40.811000,RIC,3,0 days 00:01:30.473000,43.0,3.0,,,0 days 00:00:28.513000,0 days 00:00:37.033000,0 days 00:00:24.927000,0 days 01:40:38.851000,0 days 01:41:15.884000,0 days 01:41:40.811000,308.0,266.0,252.0,321.0,False,HARD,23.0,True,Renault,0 days 01:40:10.338000,,1,7.0,,,False,True
0 days 01:43:11.092000,RIC,3,0 days 00:01:30.281000,44.0,3.0,,,0 days 00:00:28.493000,0 days 00:00:36.994000,0 days 00:00:24.794000,0 days 01:42:09.304000,0 days 01:42:46.298000,0 days 01:43:11.092000,306.0,265.0,252.0,320.0,True,HARD,24.0,True,Renault,0 days 01:41:40.811000,,1,7.0,,,False,True
0 days 01:44:41.021000,RIC,3,0 days 00:01:29.929000,45.0,3.0,,,0 days 00:00:28.361000,0 days 00:00:36.779000,0 days 00:00:24.789000,0 days 01:43:39.453000,0 days 01:44:16.232000,0 days 01:44:41.021000,310.0,267.0,253.0,324.0,True,HARD,25.0,True,Renault,0 days 01:43:11.092000,,1,7.0,,,False,True
0 days 01:46:11.630000,RIC,3,0 days 00:01:30.609000,46.0,3.0,,,0 days 00:00:28.419000,0 days 00:00:36.869000,0 days 00:00:25.321000,0 days 01:45:09.440000,0 days 01:45:46.309000,0 days 01:46:11.630000,306.0,267.0,254.0,333.0,False,HARD,26.0,True,Renault,0 days 01:44:41.021000,,1,7.0,,,False,True
0 days 01:47:42.160000,RIC,3,0 days 00:01:30.530000,47.0,3.0,,,0 days 00:00:28.572000,0 days 00:00:37.042000,0 days 00:00:24.916000,0 days 01:46:40.202000,0 days 01:47:17.244000,0 days 01:47:42.160000,307.0,267.0,252.0,321.0,False,HARD,27.0,True,Renault,0 days 01:46:11.630000,,1,7.0,,,False,True
0 days 01:49:12.333000,RIC,3,0 days 00:01:30.173000,48.0,3.0,,,0 days 00:00:28.449000,0 days 00:00:36.955000,0 days 00:00:24.769000,0 days 01:48:10.609000,0 days 01:48:47.564000,0 days 01:49:12.333000,309.0,268.0,253.0,322.0,False,HARD,28.0,True,Renault,0 days 01:47:42.160000,,1,7.0,,,False,True
0 days 01:50:42.233000,RIC,3,0 days 00:01:29.900000,49.0,3.0,,,0 days 00:00:28.513000,0 days 00:00:36.705000,0 days 00:00:24.682000,0 days 01:49:40.846000,0 days 01:50:17.551000,0 days 01:50:42.233000,307.0,267.0,253.0,320.0,True,HARD,29.0,True,Renault,0 days 01:49:12.333000,,1,7.0,,,False,True
0 days 01:52:11.857000,RIC,3,0 days 00:01:29.624000,50.0,3.0,,,0 days 00:00:28.421000,0 days 00:00:36.447000,0 days 00:00:24.756000,0 days 01:51:10.654000,0 days 01:51:47.101000,0 days 01:52:11.857000,309.0,269.0,254.0,334.0,True,HARD,30.0,True,Renault,0 days 01:50:42.233000,,1,7.0,,,False,True
0 days 01:53:41.768000,RIC,3,0 days 00:01:29.911000,51.0,3.0,,,0 days 00:00:28.505000,0 days 00:00:36.617000,0 days 00:00:24.789000,0 days 01:52:40.362000,0 days 01:53:16.979000,0 days 01:53:41.768000,309.0,269.0,256.0,321.0,False,HARD,31.0,True,Renault,0 days 01:52:11.857000,,1,7.0,,,False,True
0 days 01:55:11.671000,RIC,3,0 days 00:01:29.903000,52.0,3.0,,,0 days 00:00:28.178000,0 days 00:00:36.775000,0 days 00:00:24.950000,0 days 01:54:09.946000,0 days 01:54:46.721000,0 days 01:55:11.671000,324.0,269.0,252.0,321.0,False,HARD,32.0,True,Renault,0 days 01:53:41.768000,,1,7.0,,,False,True
0 days 00:34:45.539000,VER,33,0 days 00:01:36.721000,1.0,1.0,,,,0 days 00:00:38.402000,0 days 00:00:25.612000,,0 days 00:34:20.014000,0 days 00:34:45.692000,306.0,258.0,247.0,300.0,False,MEDIUM,6.0,False,Red Bull Racing,0 days 00:33:08.644000,,1,4.0,,,False,False
0 days 00:36:17.734000,VER,33,0 days 00:01:32.195000,2.0,1.0,,,0 days 00:00:29.184000,0 days 00:00:37.483000,0 days 00:00:25.528000,0 days 00:35:14.738000,0 days 00:35:52.221000,0 days 00:36:17.749000,290.0,260.0,247.0,307.0,True,MEDIUM,7.0,False,Red Bull Racing,0 days 00:34:45.539000,,1,4.0,,,False,True
0 days 00:37:49.663000,VER,33,0 days 00:01:31.929000,3.0,1.0,,,0 days 00:00:28.736000,0 days 00:00:37.728000,0 days 00:00:25.465000,0 days 00:36:46.485000,0 days 00:37:24.213000,0 days 00:37:49.678000,306.0,261.0,246.0,340.0,True,MEDIUM,8.0,False,Red Bull Racing,0 days 00:36:17.734000,,1,4.0,,,False,True
0 days 00:39:21.279000,VER,33,0 days 00:01:31.616000,4.0,1.0,,,0 days 00:00:28.815000,0 days 00:00:37.553000,0 days 00:00:25.248000,0 days 00:38:18.493000,0 days 00:38:56.046000,0 days 00:39:21.294000,305.0,260.0,246.0,329.0,True,MEDIUM,9.0,False,Red Bull Racing,0 days 00:37:49.663000,,1,4.0,,,False,True
0 days 00:40:53.203000,VER,33,0 days 00:01:31.924000,5.0,1.0,,,0 days 00:00:28.988000,0 days 00:00:37.369000,0 days 00:00:25.567000,0 days 00:39:50.282000,0 days 00:40:27.651000,0 days 00:40:53.218000,306.0,262.0,245.0,321.0,False,MEDIUM,10.0,False,Red Bull Racing,0 days 00:39:21.279000,,1,4.0,,,False,True
0 days 00:42:24.593000,VER,33,0 days 00:01:31.390000,6.0,1.0,,,0 days 00:00:28.931000,0 days 00:00:37.175000,0 days 00:00:25.284000,0 days 00:41:22.149000,0 days 00:41:59.324000,0 days 00:42:24.608000,304.0,260.0,247.0,322.0,True,MEDIUM,11.0,False,Red Bull Racing,0 days 00:40:53.203000,,1,4.0,,,False,True
0 days 00:43:55.951000,VER,33,0 days 00:01:31.358000,7.0,1.0,,,0 days 00:00:28.971000,0 days 00:00:37.197000,0 days 00:00:25.190000,0 days 00:42:53.579000,0 days 00:43:30.776000,0 days 00:43:55.966000,306.0,262.0,248.0,323.0,True,MEDIUM,12.0,False,Red Bull Racing,0 days 00:42:24.593000,,1,4.0,,,False,True
0 days 00:45:27.325000,VER,33,0 days 00:01:31.374000,8.0,1.0,,,0 days 00:00:28.763000,0 days 00:00:37.273000,0 days 00:00:25.338000,0 days 00:44:24.729000,0 days 00:45:02.002000,0 days 00:45:27.340000,309.0,259.0,247.0,332.0,False,MEDIUM,13.0,False,Red Bull Racing,0 days 00:43:55.951000,,1,4.0,,,False,True
0 days 00:46:58.983000,VER,33,0 days 00:01:31.658000,9.0,1.0,,,0 days 00:00:28.841000,0 days 00:00:37.412000,0 days 00:00:25.405000,0 days 00:45:56.181000,0 days 00:46:33.593000,0 days 00:46:58.998000,307.0,261.0,247.0,324.0,False,MEDIUM,14.0,False,Red Bull Racing,0 days 00:45:27.325000,,1,4.0,,,False,True
0 days 00:48:30.947000,VER,33,0 days 00:01:31.964000,10.0,1.0,,,0 days 00:00:28.817000,0 days 00:00:37.210000,0 days 00:00:25.937000,0 days 00:47:27.815000,0 days 00:48:05.025000,0 days 00:48:30.962000,306.0,260.0,246.0,332.0,False,MEDIUM,15.0,False,Red Bull Racing,0 days 00:46:58.983000,,1,4.0,,,False,True
0 days 00:50:03.700000,VER,33,0 days 00:01:32.753000,11.0,1.0,,,0 days 00:00:29.655000,0 days 00:00:37.433000,0 days 00:00:25.665000,0 days 00:49:00.617000,0 days 00:49:38.050000,0 days 00:50:03.715000,313.0,264.0,246.0,324.0,False,MEDIUM,16.0,False,Red Bull Racing,0 days 00:48:30.947000,,1,4.0,,,False,True
0 days 00:51:35.022000,VER,33,0 days 00:01:31.322000,12.0,1.0,,,0 days 00:00:28.865000,0 days 00:00:36.957000,0 days 00:00:25.500000,0 days 00:50:32.580000,0 days 00:51:09.537000,0 days 00:51:35.037000,303.0,263.0,247.0,320.0,True,MEDIUM,17.0,False,Red Bull Racing,0 days 00:50:03.700000,,1,4.0,,,False,True
0 days 00:53:06.160000,VER,33,0 days 00:01:31.138000,13.0,1.0,,0 days 00:53:00.356000,0 days 00:00:28.916000,0 days 00:00:37.473000,0 days 00:00:24.749000,0 days 00:52:03.953000,0 days 00:52:41.426000,0 days 00:53:06.175000,305.0,263.0,,318.0,False,MEDIUM,18.0,False,Red Bull Racing,0 days 00:51:35.022000,,1,4.0,,,False,False
0 days 00:54:58.231000,VER,33,0 days 00:01:52.071000,14.0,2.0,0 days 00:53:28.202000,,0 days 00:00:49.106000,0 days 00:00:37.901000,0 days 00:00:25.064000,0 days 00:53:55.281000,0 days 00:54:33.182000,0 days 00:54:58.246000,301.0,267.0,248.0,319.0,False,MEDIUM,1.0,True,Red Bull Racing,0 days 00:53:06.160000,,1,5.0,,,False,False
0 days 00:56:29.142000,VER,33,0 days 00:01:30.911000,15.0,2.0,,,0 days 00:00:28.738000,0 days 00:00:36.952000,0 days 00:00:25.221000,0 days 00:55:26.984000,0 days 00:56:03.936000,0 days 00:56:29.157000,303.0,262.0,249.0,316.0,True,MEDIUM,2.0,True,Red Bull Racing,0 days 00:54:58.231000,,1,5.0,,,False,True
0 days 00:58:00.781000,VER,33,0 days 00:01:31.639000,16.0,2.0,,,0 days 00:00:29.075000,0 days 00:00:37.534000,0 days 00:00:25.030000,0 days 00:56:58.232000,0 days 00:57:35.766000,0 days 00:58:00.796000,307.0,262.0,250.0,319.0,False,MEDIUM,3.0,True,Red Bull Racing,0 days 00:56:29.142000,,1,5.0,,,False,True
0 days 00:59:32.359000,VER,33,0 days 00:01:31.578000,17.0,2.0,,,0 days 00:00:28.477000,0 days 00:00:37.766000,0 days 00:00:25.335000,0 days 00:58:29.273000,0 days 00:59:07.039000,0 days 00:59:32.374000,319.0,261.0,250.0,321.0,False,MEDIUM,4.0,True,Red Bull Racing,0 days 00:58:00.781000,,1,5.0,,,False,True
0 days 01:01:04.211000,VER,33,0 days 00:01:31.852000,18.0,2.0,,,0 days 00:00:28.591000,0 days 00:00:37.677000,0 days 00:00:25.584000,0 days 01:00:00.965000,0 days 01:00:38.642000,0 days 01:01:04.226000,319.0,261.0,245.0,325.0,False,MEDIUM,5.0,True,Red Bull Racing,0 days 00:59:32.359000,,1,5.0,,,False,True
0 days 01:02:35.132000,VER,33,0 days 00:01:30.921000,19.0,2.0,,,0 days 00:00:28.885000,0 days 00:00:36.744000,0 days 00:00:25.292000,0 days 01:01:33.111000,0 days 01:02:09.855000,0 days 01:02:35.147000,303.0,260.0,250.0,323.0,False,MEDIUM,6.0,True,Red Bull Racing,0 days 01:01:04.211000,,1,5.0,,,False,True
0 days 01:04:26.771000,VER,33,0 days 00:01:51.639000,20.0,2.0,,0 days 01:04:20.950000,0 days 00:00:28.720000,0 days 00:00:51.048000,0 days 00:00:31.871000,0 days 01:03:03.867000,0 days 01:03:54.915000,0 days 01:04:26.786000,305.0,116.0,,157.0,False,MEDIUM,7.0,True,Red Bull Racing,0 days 01:02:35.132000,,124,4.0,,,False,False
0 days 01:06:50.895000,VER,33,0 days 00:02:24.124000,21.0,3.0,0 days 01:04:48.952000,,0 days 00:00:57.906000,0 days 00:00:52.716000,0 days 00:00:33.502000,0 days 01:05:24.692000,0 days 01:06:17.408000,0 days 01:06:50.910000,229.0,163.0,226.0,191.0,False,HARD,1.0,True,Red Bull Racing,0 days 01:04:26.771000,,4,6.0,,,False,False
0 days 01:08:55.367000,VER,33,0 days 00:02:04.472000,22.0,3.0,,,0 days 00:00:32.230000,0 days 00:00:54.453000,0 days 00:00:37.789000,0 days 01:07:23.140000,0 days 01:08:17.593000,0 days 01:08:55.382000,252.0,95.0,134.0,197.0,False,HARD,2.0,True,Red Bull Racing,0 days 01:06:50.895000,,4,5.0,,,False,False
0 days 01:11:14.346000,VER,33,0 days 00:02:18.979000,23.0,3.0,,,0 days 00:00:44.664000,0 days 00:00:55.866000,0 days 00:00:38.449000,0 days 01:09:40.046000,0 days 01:10:35.912000,0 days 01:11:14.361000,267.0,218.0,246.0,146.0,False,HARD,3.0,True,Red Bull Racing,0 days 01:08:55.367000,,41,5.0,,,False,False
0 days 01:12:48.489000,VER,33,0 days 00:01:34.143000,24.0,3.0,,,0 days 00:00:29.102000,0 days 00:00:38.412000,0 days 00:00:26.629000,0 days 01:11:43.463000,0 days 01:12:21.875000,0 days 01:12:48.504000,318.0,263.0,241.0,316.0,False,HARD,4.0,True,Red Bull Racing,0 days 01:11:14.346000,,1,5.0,,,False,True
0 days 01:14:19.229000,VER,33,0 days 00:01:30.740000,25.0,3.0,,,0 days 00:00:28.772000,0 days 00:00:36.783000,0 days 00:00:25.185000,0 days 01:13:17.276000,0 days 01:13:54.059000,0 days 01:14:19.244000,292.0,265.0,249.0,310.0,True,HARD,5.0,True,Red Bull Racing,0 days 01:12:48.489000,,1,5.0,,,False,True
0 days 01:15:50.212000,VER,33,0 days 00:01:30.983000,26.0,3.0,,,0 days 00:00:28.440000,0 days 00:00:37.160000,0 days 00:00:25.383000,0 days 01:14:47.684000,0 days 01:15:24.844000,0 days 01:15:50.227000,309.0,264.0,247.0,330.0,False,HARD,6.0,True,Red Bull Racing,0 days 01:14:19.229000,,12,5.0,,,False,True
0 days 01:17:20.151000,VER,33,0 days 00:01:29.939000,27.0,3.0,,,0 days 00:00:28.469000,0 days 00:00:36.745000,0 days 00:00:24.725000,0 days 01:16:18.696000,0 days 01:16:55.441000,0 days 01:17:20.166000,310.0,263.0,249.0,331.0,True,HARD,7.0,True,Red Bull Racing,0 days 01:15:50.212000,,21,4.0,,,False,True
0 days 01:18:49.976000,VER,33,0 days 00:01:29.825000,28.0,3.0,,,0 days 00:00:28.490000,0 days 00:00:36.500000,0 days 00:00:24.835000,0 days 01:17:48.656000,0 days 01:18:25.156000,0 days 01:18:49.991000,294.0,262.0,250.0,310.0,True,HARD,8.0,True,Red Bull Racing,0 days 01:17:20.151000,,1,4.0,,,False,True
0 days 01:20:20.004000,VER,33,0 days 00:01:30.028000,29.0,3.0,,,0 days 00:00:28.482000,0 days 00:00:36.631000,0 days 00:00:24.915000,0 days 01:19:18.473000,0 days 01:19:55.104000,0 days 01:20:20.019000,291.0,263.0,250.0,303.0,False,HARD,9.0,True,Red Bull Racing,0 days 01:18:49.976000,,1,4.0,,,False,True
0 days 01:21:49.861000,VER,33,0 days 00:01:29.857000,30.0,3.0,,,0 days 00:00:28.509000,0 days 00:00:36.482000,0 days 00:00:24.866000,0 days 01:20:48.528000,0 days 01:21:25.010000,0 days 01:21:49.876000,290.0,264.0,250.0,306.0,False,HARD,10.0,True,Red Bull Racing,0 days 01:20:20.004000,,1,4.0,,,False,True
0 days 01:23:19.942000,VER,33,0 days 00:01:30.081000,31.0,3.0,,,0 days 00:00:28.599000,0 days 00:00:36.642000,0 days 00:00:24.840000,0 days 01:22:18.475000,0 days 01:22:55.117000,0 days 01:23:19.957000,290.0,262.0,250.0,308.0,False,HARD,11.0,True,Red Bull Racing,0 days 01:21:49.861000,,1,4.0,,,False,True
0 days 01:24:49.637000,VER,33,0 days 00:01:29.695000,32.0,3.0,,,0 days 00:00:28.496000,0 days 00:00:36.371000,0 days 00:00:24.828000,0 days 01:23:48.453000,0 days 01:24:24.824000,0 days 01:24:49.652000,292.0,263.0,251.0,308.0,True,HARD,12.0,True,Red Bull Racing,0 days 01:23:19.942000,,1,4.0,,,False,True
0 days 01:26:19.317000,VER,33,0 days 00:01:29.680000,33.0,3.0,,,0 days 00:00:28.522000,0 days 00:00:36.439000,0 days 00:00:24.719000,0 days 01:25:18.174000,0 days 01:25:54.613000,0 days 01:26:19.332000,293.0,264.0,251.0,308.0,True,HARD,13.0,True,Red Bull Racing,0 days 01:24:49.637000,,1,4.0,,,False,True
0 days 01:27:48.767000,VER,33,0 days 00:01:29.450000,34.0,3.0,,,0 days 00:00:28.340000,0 days 00:00:36.445000,0 days 00:00:24.665000,0 days 01:26:47.672000,0 days 01:27:24.117000,0 days 01:27:48.782000,304.0,267.0,250.0,325.0,True,HARD,14.0,True,Red Bull Racing,0 days 01:26:19.317000,,1,4.0,,,False,True
0 days 01:29:18.291000,VER,33,0 days 00:01:29.524000,35.0,3.0,,,0 days 00:00:28.419000,0 days 00:00:36.378000,0 days 00:00:24.727000,0 days 01:28:17.201000,0 days 01:28:53.579000,0 days 01:29:18.306000,305.0,266.0,252.0,325.0,False,HARD,15.0,True,Red Bull Racing,0 days 01:27:48.767000,,1,4.0,,,False,True
0 days 01:30:47.568000,VER,33,0 days 00:01:29.277000,36.0,3.0,,,0 days 00:00:28.282000,0 days 00:00:36.323000,0 days 00:00:24.672000,0 days 01:29:46.588000,0 days 01:30:22.911000,0 days 01:30:47.583000,305.0,269.0,253.0,329.0,True,HARD,16.0,True,Red Bull Racing,0 days 01:29:18.291000,,1,4.0,,,False,True
0 days 01:32:30.473000,VER,33,0 days 00:01:42.905000,37.0,3.0,,,0 days 00:00:28.474000,0 days 00:00:36.506000,0 days 00:00:37.925000,0 days 01:31:16.057000,0 days 01:31:52.563000,0 days 01:32:30.488000,308.0,269.0,202.0,333.0,False,HARD,17.0,True,Red Bull Racing,0 days 01:30:47.568000,,12,6.0,,,False,True
0 days 01:34:01.982000,VER,33,0 days 00:01:31.509000,38.0,3.0,,,0 days 00:00:29.760000,0 days 00:00:36.974000,0 days 00:00:24.775000,0 days 01:33:00.248000,0 days 01:33:37.222000,0 days 01:34:01.997000,287.0,265.0,249.0,306.0,False,HARD,18.0,True,Red Bull Racing,0 days 01:32:30.473000,,1,5.0,,,False,True
0 days 01:35:31.933000,VER,33,0 days 00:01:29.951000,39.0,3.0,,,0 days 00:00:28.602000,0 days 00:00:36.552000,0 days 00:00:24.797000,0 days 01:34:30.599000,0 days 01:35:07.151000,0 days 01:35:31.948000,289.0,266.0,250.0,302.0,False,HARD,19.0,True,Red Bull Racing,0 days 01:34:01.982000,,1,5.0,,,False,True
0 days 01:37:01.650000,VER,33,0 days 00:01:29.717000,40.0,3.0,,,0 days 00:00:28.497000,0 days 00:00:36.460000,0 days 00:00:24.760000,0 days 01:36:00.445000,0 days 01:36:36.905000,0 days 01:37:01.665000,292.0,265.0,249.0,306.0,False,HARD,20.0,True,Red Bull Racing,0 days 01:35:31.933000,,1,5.0,,,False,True
0 days 01:38:31.303000,VER,33,0 days 00:01:29.653000,41.0,3.0,,,0 days 00:00:28.522000,0 days 00:00:36.558000,0 days 00:00:24.573000,0 days 01:37:30.187000,0 days 01:38:06.745000,0 days 01:38:31.318000,290.0,265.0,250.0,305.0,False,HARD,21.0,True,Red Bull Racing,0 days 01:37:01.650000,,1,5.0,,,False,True
0 days 01:40:01.078000,VER,33,0 days 00:01:29.775000,42.0,3.0,,,0 days 00:00:28.501000,0 days 00:00:36.454000,0 days 00:00:24.820000,0 days 01:38:59.819000,0 days 01:39:36.273000,0 days 01:40:01.093000,292.0,267.0,249.0,304.0,False,HARD,22.0,True,Red Bull Racing,0 days 01:38:31.303000,,1,5.0,,,False,True
0 days 01:41:30.487000,VER,33,0 days 00:01:29.409000,43.0,3.0,,,0 days 00:00:28.482000,0 days 00:00:36.337000,0 days 00:00:24.590000,0 days 01:40:29.575000,0 days 01:41:05.912000,0 days 01:41:30.502000,291.0,266.0,250.0,306.0,False,HARD,23.0,True,Red Bull Racing,0 days 01:40:01.078000,,1,5.0,,,False,True
0 days 01:43:00.019000,VER,33,0 days 00:01:29.532000,44.0,3.0,,,0 days 00:00:28.413000,0 days 00:00:36.438000,0 days 00:00:24.681000,0 days 01:41:58.915000,0 days 01:42:35.353000,0 days 01:43:00.034000,290.0,267.0,251.0,305.0,False,HARD,24.0,True,Red Bull Racing,0 days 01:41:30.487000,,1,5.0,,,False,True
0 days 01:44:29.291000,VER,33,0 days 00:01:29.272000,45.0,3.0,,,0 days 00:00:28.444000,0 days 00:00:36.239000,0 days 00:00:24.589000,0 days 01:43:28.478000,0 days 01:44:04.717000,0 days 01:44:29.306000,290.0,268.0,251.0,306.0,True,HARD,25.0,True,Red Bull Racing,0 days 01:43:00.019000,,1,5.0,,,False,True
0 days 01:45:58.634000,VER,33,0 days 00:01:29.343000,46.0,3.0,,,0 days 00:00:28.396000,0 days 00:00:36.332000,0 days 00:00:24.615000,0 days 01:44:57.702000,0 days 01:45:34.034000,0 days 01:45:58.649000,292.0,266.0,251.0,310.0,False,HARD,26.0,True,Red Bull Racing,0 days 01:44:29.291000,,1,5.0,,,False,True
0 days 01:47:27.925000,VER,33,0 days 00:01:29.291000,47.0,3.0,,,0 days 00:00:28.407000,0 days 00:00:36.253000,0 days 00:00:24.631000,0 days 01:46:27.056000,0 days 01:47:03.309000,0 days 01:47:27.940000,291.0,267.0,250.0,305.0,False,HARD,27.0,True,Red Bull Racing,0 days 01:45:58.634000,,1,5.0,,,False,True
0 days 01:48:57.659000,VER,33,0 days 00:01:29.734000,48.0,3.0,,,0 days 00:00:28.501000,0 days 00:00:36.433000,0 days 00:00:24.800000,0 days 01:47:56.441000,0 days 01:48:32.874000,0 days 01:48:57.674000,289.0,265.0,248.0,311.0,False,HARD,28.0,True,Red Bull Racing,0 days 01:47:27.925000,,1,5.0,,,False,True
0 days 01:50:27.562000,VER,33,0 days 00:01:29.903000,49.0,3.0,,,0 days 00:00:28.543000,0 days 00:00:36.483000,0 days 00:00:24.877000,0 days 01:49:26.217000,0 days 01:50:02.700000,0 days 01:50:27.577000,288.0,266.0,249.0,306.0,False,HARD,29.0,True,Red Bull Racing,0 days 01:48:57.659000,,1,5.0,,,False,True
0 days 01:51:57.278000,VER,33,0 days 00:01:29.716000,50.0,3.0,,,0 days 00:00:28.553000,0 days 00:00:36.459000,0 days 00:00:24.704000,0 days 01:50:56.130000,0 days 01:51:32.589000,0 days 01:51:57.293000,289.0,266.0,250.0,310.0,False,HARD,30.0,True,Red Bull Racing,0 days 01:50:27.562000,,1,5.0,,,False,True
0 days 01:53:26.873000,VER,33,0 days 00:01:29.595000,51.0,3.0,,,0 days 00:00:28.541000,0 days 00:00:36.348000,0 days 00:00:24.706000,0 days 01:52:25.834000,0 days 01:53:02.182000,0 days 01:53:26.888000,291.0,266.0,250.0,308.0,False,HARD,31.0,True,Red Bull Racing,0 days 01:51:57.278000,,1,5.0,,,False,True
0 days 01:54:56.728000,VER,33,0 days 00:01:29.855000,52.0,3.0,,,0 days 00:00:28.552000,0 days 00:00:36.465000,0 days 00:00:24.838000,0 days 01:53:55.440000,0 days 01:54:31.905000,0 days 01:54:56.743000,289.0,265.0,249.0,305.0,False,HARD,32.0,True,Red Bull Racing,0 days 01:53:26.873000,,1,5.0,,,False,True
0 days 00:34:48.139000,NOR,4,0 days 00:01:39.321000,1.0,1.0,,,,0 days 00:00:39.383000,0 days 00:00:25.941000,,0 days 00:34:22.308000,0 days 00:34:48.328000,311.0,258.0,246.0,302.0,False,SOFT,4.0,False,McLaren,0 days 00:33:08.644000,,1,7.0,,,False,False
0 days 00:36:21.319000,NOR,4,0 days 00:01:33.180000,2.0,1.0,,,0 days 00:00:29.371000,0 days 00:00:38.070000,0 days 00:00:25.739000,0 days 00:35:17.581000,0 days 00:35:55.651000,0 days 00:36:21.390000,286.0,257.0,246.0,299.0,True,SOFT,5.0,False,McLaren,0 days 00:34:48.139000,,1,7.0,,,False,True
0 days 00:37:53.817000,NOR,4,0 days 00:01:32.498000,3.0,1.0,,,0 days 00:00:29.018000,0 days 00:00:37.816000,0 days 00:00:25.664000,0 days 00:36:50.408000,0 days 00:37:28.224000,0 days 00:37:53.888000,293.0,259.0,247.0,300.0,True,SOFT,6.0,False,McLaren,0 days 00:36:21.319000,,1,7.0,,,False,True
0 days 00:39:26.720000,NOR,4,0 days 00:01:32.903000,4.0,1.0,,,0 days 00:00:29.343000,0 days 00:00:37.915000,0 days 00:00:25.645000,0 days 00:38:23.231000,0 days 00:39:01.146000,0 days 00:39:26.791000,290.0,258.0,245.0,303.0,False,SOFT,7.0,False,McLaren,0 days 00:37:53.817000,,1,7.0,,,False,True
0 days 00:40:59.037000,NOR,4,0 days 00:01:32.317000,5.0,1.0,,,0 days 00:00:29.243000,0 days 00:00:37.630000,0 days 00:00:25.444000,0 days 00:39:56.034000,0 days 00:40:33.664000,0 days 00:40:59.108000,289.0,259.0,244.0,304.0,True,SOFT,8.0,False,McLaren,0 days 00:39:26.720000,,1,7.0,,,False,True
0 days 00:42:32.056000,NOR,4,0 days 00:01:33.019000,6.0,1.0,,,0 days 00:00:29.413000,0 days 00:00:37.854000,0 days 00:00:25.752000,0 days 00:41:28.521000,0 days 00:42:06.375000,0 days 00:42:32.127000,286.0,258.0,245.0,300.0,False,SOFT,9.0,False,McLaren,0 days 00:40:59.037000,,1,7.0,,,False,True
0 days 00:44:04.801000,NOR,4,0 days 00:01:32.745000,7.0,1.0,,,0 days 00:00:29.293000,0 days 00:00:37.814000,0 days 00:00:25.638000,0 days 00:43:01.420000,0 days 00:43:39.234000,0 days 00:44:04.872000,285.0,259.0,245.0,301.0,False,SOFT,10.0,False,McLaren,0 days 00:42:32.056000,,1,7.0,,,False,True
0 days 00:45:37.237000,NOR,4,0 days 00:01:32.436000,8.0,1.0,,,0 days 00:00:29.261000,0 days 00:00:37.708000,0 days 00:00:25.467000,0 days 00:44:34.133000,0 days 00:45:11.841000,0 days 00:45:37.308000,286.0,257.0,244.0,300.0,False,SOFT,11.0,False,McLaren,0 days 00:44:04.801000,,1,7.0,,,False,True
0 days 00:47:09.975000,NOR,4,0 days 00:01:32.738000,9.0,1.0,,,0 days 00:00:29.316000,0 days 00:00:37.857000,0 days 00:00:25.565000,0 days 00:46:06.624000,0 days 00:46:44.481000,0 days 00:47:10.046000,285.0,257.0,246.0,296.0,False,SOFT,12.0,False,McLaren,0 days 00:45:37.237000,,1,7.0,,,False,True
0 days 00:48:42.344000,NOR,4,0 days 00:01:32.369000,10.0,1.0,,,0 days 00:00:29.273000,0 days 00:00:37.650000,0 days 00:00:25.446000,0 days 00:47:39.319000,0 days 00:48:16.969000,0 days 00:48:42.415000,284.0,258.0,245.0,298.0,False,SOFT,13.0,False,McLaren,0 days 00:47:09.975000,,1,7.0,,,False,True
0 days 00:50:14.648000,NOR,4,0 days 00:01:32.304000,11.0,1.0,,,0 days 00:00:29.241000,0 days 00:00:37.547000,0 days 00:00:25.516000,0 days 00:49:11.656000,0 days 00:49:49.203000,0 days 00:50:14.719000,287.0,259.0,245.0,300.0,True,SOFT,14.0,False,McLaren,0 days 00:48:42.344000,,1,7.0,,,False,True
0 days 00:51:47.226000,NOR,4,0 days 00:01:32.578000,12.0,1.0,,,0 days 00:00:29.433000,0 days 00:00:37.558000,0 days 00:00:25.587000,0 days 00:50:44.152000,0 days 00:51:21.710000,0 days 00:51:47.297000,284.0,259.0,245.0,298.0,False,SOFT,15.0,False,McLaren,0 days 00:50:14.648000,,1,7.0,,,False,True
0 days 00:53:19.042000,NOR,4,0 days 00:01:31.816000,13.0,1.0,,0 days 00:53:13.257000,0 days 00:00:29.294000,0 days 00:00:37.383000,0 days 00:00:25.139000,0 days 00:52:16.591000,0 days 00:52:53.974000,0 days 00:53:19.113000,284.0,260.0,,298.0,False,SOFT,16.0,False,McLaren,0 days 00:51:47.226000,,1,6.0,,,False,False
0 days 00:55:12.203000,NOR,4,0 days 00:01:53.161000,14.0,2.0,0 days 00:53:41.540000,,0 days 00:00:49.714000,0 days 00:00:37.936000,0 days 00:00:25.511000,0 days 00:54:08.827000,0 days 00:54:46.763000,0 days 00:55:12.274000,308.0,264.0,247.0,323.0,False,MEDIUM,1.0,True,McLaren,0 days 00:53:19.042000,,1,12.0,,,False,False
0 days 00:56:44.713000,NOR,4,0 days 00:01:32.510000,15.0,2.0,,,0 days 00:00:28.985000,0 days 00:00:37.843000,0 days 00:00:25.682000,0 days 00:55:41.259000,0 days 00:56:19.102000,0 days 00:56:44.784000,306.0,259.0,246.0,306.0,False,MEDIUM,2.0,True,McLaren,0 days 00:55:12.203000,,1,12.0,,,False,True
0 days 00:58:17.383000,NOR,4,0 days 00:01:32.670000,16.0,2.0,,,0 days 00:00:29.441000,0 days 00:00:37.718000,0 days 00:00:25.511000,0 days 00:57:14.225000,0 days 00:57:51.943000,0 days 00:58:17.454000,288.0,260.0,248.0,302.0,False,MEDIUM,3.0,True,McLaren,0 days 00:56:44.713000,,1,12.0,,,False,True
0 days 00:59:49.255000,NOR,4,0 days 00:01:31.872000,17.0,2.0,,,0 days 00:00:29.120000,0 days 00:00:37.314000,0 days 00:00:25.438000,0 days 00:58:46.574000,0 days 00:59:23.888000,0 days 00:59:49.326000,291.0,258.0,247.0,306.0,True,MEDIUM,4.0,True,McLaren,0 days 00:58:17.383000,,1,12.0,,,False,True
0 days 01:01:21.377000,NOR,4,0 days 00:01:32.122000,18.0,2.0,,,0 days 00:00:29.266000,0 days 00:00:37.463000,0 days 00:00:25.393000,0 days 01:00:18.592000,0 days 01:00:56.055000,0 days 01:01:21.448000,291.0,259.0,247.0,302.0,False,MEDIUM,5.0,True,McLaren,0 days 00:59:49.255000,,1,11.0,,,False,True
0 days 01:02:53.759000,NOR,4,0 days 00:01:32.382000,19.0,2.0,,,0 days 00:00:29.193000,0 days 00:00:37.263000,0 days 00:00:25.926000,0 days 01:01:50.641000,0 days 01:02:27.904000,0 days 01:02:53.830000,292.0,258.0,247.0,305.0,False,MEDIUM,6.0,True,McLaren,0 days 01:01:21.377000,,12,9.0,,,False,True
0 days 01:04:57.241000,NOR,4,0 days 00:02:03.482000,20.0,2.0,,,0 days 00:00:34.325000,0 days 00:00:53.266000,0 days 00:00:35.891000,0 days 01:03:28.155000,0 days 01:04:21.421000,0 days 01:04:57.312000,201.0,134.0,172.0,196.0,False,MEDIUM,7.0,True,McLaren,0 days 01:02:53.759000,,24,9.0,,,False,False
0 days 01:07:04.916000,NOR,4,0 days 00:02:07.675000,21.0,2.0,,,0 days 00:00:40.924000,0 days 00:00:52.423000,0 days 00:00:34.328000,0 days 01:05:38.236000,0 days 01:06:30.659000,0 days 01:07:04.987000,165.0,112.0,235.0,215.0,False,MEDIUM,8.0,True,McLaren,0 days 01:04:57.241000,,4,8.0,,,False,False
0 days 01:08:58.604000,NOR,4,0 days 00:01:53.688000,22.0,2.0,,,0 days 00:00:31.820000,0 days 00:00:45.534000,0 days 00:00:36.334000,0 days 01:07:36.807000,0 days 01:08:22.341000,0 days 01:08:58.675000,278.0,106.0,137.0,255.0,False,MEDIUM,9.0,True,McLaren,0 days 01:07:04.916000,,4,8.0,,,False,False
0 days 01:11:15.187000,NOR,4,0 days 00:02:16.583000,23.0,2.0,,,0 days 00:00:45.798000,0 days 00:00:55.386000,0 days 00:00:35.399000,0 days 01:09:44.473000,0 days 01:10:39.859000,0 days 01:11:15.258000,233.0,188.0,241.0,120.0,False,MEDIUM,10.0,True,McLaren,0 days 01:08:58.604000,,41,8.0,,,False,False
0 days 01:12:49.561000,NOR,4,0 days 00:01:34.374000,24.0,2.0,,,0 days 00:00:30.324000,0 days 00:00:38.233000,0 days 00:00:25.817000,0 days 01:11:45.582000,0 days 01:12:23.815000,0 days 01:12:49.632000,297.0,263.0,248.0,311.0,False,MEDIUM,11.0,True,McLaren,0 days 01:11:15.187000,,1,8.0,,,False,True
0 days 01:14:22.800000,NOR,4,0 days 00:01:33.239000,25.0,2.0,,,0 days 00:00:29.450000,0 days 00:00:38.084000,0 days 00:00:25.705000,0 days 01:13:19.082000,0 days 01:13:57.166000,0 days 01:14:22.871000,295.0,261.0,249.0,305.0,False,MEDIUM,12.0,True,McLaren,0 days 01:12:49.561000,,1,8.0,,,False,True
0 days 01:15:54.427000,NOR,4,0 days 00:01:31.627000,26.0,2.0,,,0 days 00:00:28.659000,0 days 00:00:37.399000,0 days 00:00:25.569000,0 days 01:14:51.530000,0 days 01:15:28.929000,0 days 01:15:54.498000,315.0,264.0,249.0,326.0,True,MEDIUM,13.0,True,McLaren,0 days 01:14:22.800000,,12,8.0,,,False,True
0 days 01:17:25.769000,NOR,4,0 days 00:01:31.342000,27.0,2.0,,,0 days 00:00:28.800000,0 days 00:00:37.146000,0 days 00:00:25.396000,0 days 01:16:23.298000,0 days 01:17:00.444000,0 days 01:17:25.840000,310.0,263.0,249.0,325.0,True,MEDIUM,14.0,True,McLaren,0 days 01:15:54.427000,,21,8.0,,,False,True
0 days 01:18:57.378000,NOR,4,0 days 00:01:31.609000,28.0,2.0,,,0 days 00:00:28.669000,0 days 00:00:37.346000,0 days 00:00:25.594000,0 days 01:17:54.509000,0 days 01:18:31.855000,0 days 01:18:57.449000,314.0,265.0,249.0,324.0,False,MEDIUM,15.0,True,McLaren,0 days 01:17:25.769000,,1,8.0,,,False,True
0 days 01:20:28.922000,NOR,4,0 days 00:01:31.544000,29.0,2.0,,,0 days 00:00:28.715000,0 days 00:00:37.271000,0 days 00:00:25.558000,0 days 01:19:26.164000,0 days 01:20:03.435000,0 days 01:20:28.993000,310.0,262.0,250.0,320.0,False,MEDIUM,16.0,True,McLaren,0 days 01:18:57.378000,,1,8.0,,,False,True
0 days 01:22:00.425000,NOR,4,0 days 00:01:31.503000,30.0,2.0,,,0 days 00:00:29.001000,0 days 00:00:37.059000,0 days 00:00:25.443000,0 days 01:20:57.994000,0 days 01:21:35.053000,0 days 01:22:00.496000,292.0,263.0,249.0,305.0,False,MEDIUM,17.0,True,McLaren,0 days 01:20:28.922000,,1,8.0,,,False,True
0 days 01:23:32.148000,NOR,4,0 days 00:01:31.723000,31.0,2.0,,,0 days 00:00:28.942000,0 days 00:00:37.393000,0 days 00:00:25.388000,0 days 01:22:29.438000,0 days 01:23:06.831000,0 days 01:23:32.219000,302.0,261.0,251.0,305.0,False,MEDIUM,18.0,True,McLaren,0 days 01:22:00.425000,,1,8.0,,,False,True
0 days 01:25:03.267000,NOR,4,0 days 00:01:31.119000,32.0,2.0,,,0 days 00:00:28.960000,0 days 00:00:36.951000,0 days 00:00:25.208000,0 days 01:24:01.179000,0 days 01:24:38.130000,0 days 01:25:03.338000,286.0,263.0,250.0,300.0,True,MEDIUM,19.0,True,McLaren,0 days 01:23:32.148000,,1,8.0,,,False,True
0 days 01:26:34.350000,NOR,4,0 days 00:01:31.083000,33.0,2.0,,,0 days 00:00:28.893000,0 days 00:00:37.042000,0 days 00:00:25.148000,0 days 01:25:32.231000,0 days 01:26:09.273000,0 days 01:26:34.421000,288.0,264.0,249.0,302.0,True,MEDIUM,20.0,True,McLaren,0 days 01:25:03.267000,,1,8.0,,,False,True
0 days 01:28:05.279000,NOR,4,0 days 00:01:30.929000,34.0,2.0,,,0 days 00:00:28.981000,0 days 00:00:36.841000,0 days 00:00:25.107000,0 days 01:27:03.402000,0 days 01:27:40.243000,0 days 01:28:05.350000,286.0,264.0,250.0,304.0,True,MEDIUM,21.0,True,McLaren,0 days 01:26:34.350000,,1,8.0,,,False,True
0 days 01:29:35.844000,NOR,4,0 days 00:01:30.565000,35.0,2.0,,0 days 01:29:30.184000,0 days 00:00:28.865000,0 days 00:00:36.730000,0 days 00:00:24.970000,0 days 01:28:34.215000,0 days 01:29:10.945000,0 days 01:29:35.915000,287.0,265.0,,303.0,False,MEDIUM,22.0,True,McLaren,0 days 01:28:05.279000,,1,8.0,,,False,False
0 days 01:31:27.261000,NOR,4,0 days 00:01:51.417000,36.0,3.0,0 days 01:29:57.983000,,0 days 00:00:49.025000,0 days 00:00:37.388000,0 days 00:00:25.004000,0 days 01:30:24.940000,0 days 01:31:02.328000,0 days 01:31:27.332000,281.0,264.0,251.0,297.0,False,HARD,1.0,True,McLaren,0 days 01:29:35.844000,,1,14.0,,,False,False
0 days 01:32:57.857000,NOR,4,0 days 00:01:30.596000,37.0,3.0,,,0 days 00:00:28.769000,0 days 00:00:36.783000,0 days 00:00:25.044000,0 days 01:31:56.101000,0 days 01:32:32.884000,0 days 01:32:57.928000,283.0,266.0,249.0,298.0,True,HARD,2.0,True,McLaren,0 days 01:31:27.261000,,12,14.0,,,False,True
0 days 01:34:28.808000,NOR,4,0 days 00:01:30.951000,38.0,3.0,,,0 days 00:00:28.859000,0 days 00:00:36.723000,0 days 00:00:25.369000,0 days 01:33:26.787000,0 days 01:34:03.510000,0 days 01:34:28.879000,282.0,267.0,250.0,301.0,False,HARD,3.0,True,McLaren,0 days 01:32:57.857000,,1,13.0,,,False,True
0 days 01:35:59.232000,NOR,4,0 days 00:01:30.424000,39.0,3.0,,,0 days 00:00:28.795000,0 days 00:00:36.729000,0 days 00:00:24.900000,0 days 01:34:57.674000,0 days 01:35:34.403000,0 days 01:35:59.303000,282.0,264.0,250.0,296.0,True,HARD,4.0,True,McLaren,0 days 01:34:28.808000,,1,13.0,,,False,True
0 days 01:37:29.642000,NOR,4,0 days 00:01:30.410000,40.0,3.0,,,0 days 00:00:28.813000,0 days 00:00:36.671000,0 days 00:00:24.926000,0 days 01:36:28.116000,0 days 01:37:04.787000,0 days 01:37:29.713000,282.0,266.0,250.0,296.0,True,HARD,5.0,True,McLaren,0 days 01:35:59.232000,,1,12.0,,,False,True
0 days 01:39:00.425000,NOR,4,0 days 00:01:30.783000,41.0,3.0,,,0 days 00:00:28.994000,0 days 00:00:36.822000,0 days 00:00:24.967000,0 days 01:37:58.707000,0 days 01:38:35.529000,0 days 01:39:00.496000,281.0,266.0,250.0,292.0,False,HARD,6.0,True,McLaren,0 days 01:37:29.642000,,1,12.0,,,False,True
0 days 01:40:30.849000,NOR,4,0 days 00:01:30.424000,42.0,3.0,,,0 days 00:00:28.801000,0 days 00:00:36.819000,0 days 00:00:24.804000,0 days 01:39:29.297000,0 days 01:40:06.116000,0 days 01:40:30.920000,284.0,266.0,250.0,304.0,False,HARD,7.0,True,McLaren,0 days 01:39:00.425000,,1,12.0,,,False,True
0 days 01:42:01.340000,NOR,4,0 days 00:01:30.491000,43.0,3.0,,,0 days 00:00:28.784000,0 days 00:00:36.834000,0 days 00:00:24.873000,0 days 01:40:59.704000,0 days 01:41:36.538000,0 days 01:42:01.411000,282.0,266.0,250.0,296.0,False,HARD,8.0,True,McLaren,0 days 01:40:30.849000,,1,12.0,,,False,True
0 days 01:43:31.603000,NOR,4,0 days 00:01:30.263000,44.0,3.0,,,0 days 00:00:28.898000,0 days 00:00:36.569000,0 days 00:00:24.796000,0 days 01:42:30.309000,0 days 01:43:06.878000,0 days 01:43:31.674000,282.0,266.0,251.0,298.0,True,HARD,9.0,True,McLaren,0 days 01:42:01.340000,,1,12.0,,,False,True
0 days 01:45:01.535000,NOR,4,0 days 00:01:29.932000,45.0,3.0,,,0 days 00:00:28.786000,0 days 00:00:36.447000,0 days 00:00:24.699000,0 days 01:44:00.460000,0 days 01:44:36.907000,0 days 01:45:01.606000,282.0,267.0,250.0,300.0,True,HARD,10.0,True,McLaren,0 days 01:43:31.603000,,1,12.0,,,False,True
0 days 01:46:31.772000,NOR,4,0 days 00:01:30.237000,46.0,3.0,,,0 days 00:00:28.841000,0 days 00:00:36.540000,0 days 00:00:24.856000,0 days 01:45:30.447000,0 days 01:46:06.987000,0 days 01:46:31.843000,281.0,267.0,251.0,296.0,False,HARD,11.0,True,McLaren,0 days 01:45:01.535000,,1,12.0,,,False,True
0 days 01:48:01.626000,NOR,4,0 days 00:01:29.854000,47.0,3.0,,,0 days 00:00:28.686000,0 days 00:00:36.434000,0 days 00:00:24.734000,0 days 01:47:00.529000,0 days 01:47:36.963000,0 days 01:48:01.697000,282.0,268.0,250.0,296.0,True,HARD,12.0,True,McLaren,0 days 01:46:31.772000,,1,12.0,,,False,True
0 days 01:49:31.366000,NOR,4,0 days 00:01:29.740000,48.0,3.0,,,0 days 00:00:28.818000,0 days 00:00:36.288000,0 days 00:00:24.634000,0 days 01:48:30.515000,0 days 01:49:06.803000,0 days 01:49:31.437000,282.0,267.0,251.0,297.0,True,HARD,13.0,True,McLaren,0 days 01:48:01.626000,,1,12.0,,,False,True
0 days 01:51:01.140000,NOR,4,0 days 00:01:29.774000,49.0,3.0,,,0 days 00:00:28.613000,0 days 00:00:36.421000,0 days 00:00:24.740000,0 days 01:50:00.050000,0 days 01:50:36.471000,0 days 01:51:01.211000,282.0,266.0,251.0,298.0,False,HARD,14.0,True,McLaren,0 days 01:49:31.366000,,1,12.0,,,False,True
0 days 01:52:30.776000,NOR,4,0 days 00:01:29.636000,50.0,3.0,,,0 days 00:00:28.640000,0 days 00:00:36.224000,0 days 00:00:24.772000,0 days 01:51:29.851000,0 days 01:52:06.075000,0 days 01:52:30.847000,284.0,270.0,252.0,302.0,True,HARD,15.0,True,McLaren,0 days 01:51:01.140000,,1,12.0,,,False,True
0 days 01:54:00.939000,NOR,4,0 days 00:01:30.163000,51.0,3.0,,,0 days 00:00:28.356000,0 days 00:00:36.657000,0 days 00:00:25.150000,0 days 01:52:59.203000,0 days 01:53:35.860000,0 days 01:54:01.010000,309.0,271.0,254.0,334.0,False,HARD,16.0,True,McLaren,0 days 01:52:30.776000,,1,12.0,,,False,True
0 days 01:55:31.551000,NOR,4,0 days 00:01:30.612000,52.0,3.0,,,0 days 00:00:28.708000,0 days 00:00:37.406000,0 days 00:00:24.498000,0 days 01:54:29.718000,0 days 01:55:07.124000,0 days 01:55:31.622000,313.0,269.0,250.0,326.0,False,HARD,17.0,True,McLaren,0 days 01:54:00.939000,,1,11.0,,,False,True
0 days 00:34:43.713000,HAM,44,0 days 00:01:34.895000,1.0,1.0,,,,0 days 00:00:37.656000,0 days 00:00:25.458000,,0 days 00:34:18.345000,0 days 00:34:43.898000,303.0,261.0,248.0,307.0,False,MEDIUM,5.0,False,Mercedes,0 days 00:33:08.644000,,1,2.0,,,False,False
0 days 00:36:15.636000,HAM,44,0 days 00:01:31.923000,2.0,1.0,,,0 days 00:00:29.161000,0 days 00:00:37.504000,0 days 00:00:25.258000,0 days 00:35:12.904000,0 days 00:35:50.408000,0 days 00:36:15.666000,298.0,257.0,246.0,301.0,True,MEDIUM,6.0,False,Mercedes,0 days 00:34:43.713000,,1,2.0,,,False,True
0 days 00:37:47.271000,HAM,44,0 days 00:01:31.635000,3.0,1.0,,,0 days 00:00:29.079000,0 days 00:00:37.230000,0 days 00:00:25.326000,0 days 00:36:44.745000,0 days 00:37:21.975000,0 days 00:37:47.301000,303.0,264.0,249.0,331.0,True,MEDIUM,7.0,False,Mercedes,0 days 00:36:15.636000,,1,2.0,,,False,True
0 days 00:39:19.329000,HAM,44,0 days 00:01:32.058000,4.0,1.0,,,0 days 00:00:28.860000,0 days 00:00:37.917000,0 days 00:00:25.281000,0 days 00:38:16.161000,0 days 00:38:54.078000,0 days 00:39:19.359000,307.0,262.0,246.0,316.0,False,MEDIUM,8.0,False,Mercedes,0 days 00:37:47.271000,,1,2.0,,,False,True
0 days 00:40:50.869000,HAM,44,0 days 00:01:31.540000,5.0,1.0,,,0 days 00:00:29.107000,0 days 00:00:37.308000,0 days 00:00:25.125000,0 days 00:39:48.466000,0 days 00:40:25.774000,0 days 00:40:50.899000,303.0,259.0,247.0,300.0,True,MEDIUM,9.0,False,Mercedes,0 days 00:39:19.329000,,1,2.0,,,False,True
0 days 00:42:21.836000,HAM,44,0 days 00:01:30.967000,6.0,1.0,,,0 days 00:00:29.037000,0 days 00:00:36.859000,0 days 00:00:25.071000,0 days 00:41:19.936000,0 days 00:41:56.795000,0 days 00:42:21.866000,291.0,261.0,246.0,316.0,True,MEDIUM,10.0,False,Mercedes,0 days 00:40:50.869000,,1,2.0,,,False,True
0 days 00:43:52.776000,HAM,44,0 days 00:01:30.940000,7.0,1.0,,,0 days 00:00:28.915000,0 days 00:00:36.950000,0 days 00:00:25.075000,0 days 00:42:50.781000,0 days 00:43:27.731000,0 days 00:43:52.806000,305.0,261.0,245.0,317.0,True,MEDIUM,11.0,False,Mercedes,0 days 00:42:21.836000,,1,2.0,,,False,True
0 days 00:45:23.626000,HAM,44,0 days 00:01:30.850000,8.0,1.0,,,0 days 00:00:28.913000,0 days 00:00:36.946000,0 days 00:00:24.991000,0 days 00:44:21.719000,0 days 00:44:58.665000,0 days 00:45:23.656000,307.0,262.0,246.0,319.0,True,MEDIUM,12.0,False,Mercedes,0 days 00:43:52.776000,,1,2.0,,,False,True
0 days 00:46:54.766000,HAM,44,0 days 00:01:31.140000,9.0,1.0,,,0 days 00:00:28.908000,0 days 00:00:37.122000,0 days 00:00:25.110000,0 days 00:45:52.564000,0 days 00:46:29.686000,0 days 00:46:54.796000,306.0,261.0,248.0,320.0,False,MEDIUM,13.0,False,Mercedes,0 days 00:45:23.626000,,1,2.0,,,False,True
0 days 00:48:25.738000,HAM,44,0 days 00:01:30.972000,10.0,1.0,,,0 days 00:00:28.942000,0 days 00:00:37.060000,0 days 00:00:24.970000,0 days 00:47:23.738000,0 days 00:48:00.798000,0 days 00:48:25.768000,305.0,263.0,247.0,319.0,False,MEDIUM,14.0,False,Mercedes,0 days 00:46:54.766000,,1,2.0,,,False,True
0 days 00:49:56.725000,HAM,44,0 days 00:01:30.987000,11.0,1.0,,,0 days 00:00:28.995000,0 days 00:00:37.024000,0 days 00:00:24.968000,0 days 00:48:54.763000,0 days 00:49:31.787000,0 days 00:49:56.755000,303.0,262.0,247.0,315.0,False,MEDIUM,15.0,False,Mercedes,0 days 00:48:25.738000,,1,2.0,,,False,True
0 days 00:51:27.629000,HAM,44,0 days 00:01:30.904000,12.0,1.0,,,0 days 00:00:29.048000,0 days 00:00:36.892000,0 days 00:00:24.964000,0 days 00:50:25.803000,0 days 00:51:02.695000,0 days 00:51:27.659000,305.0,262.0,247.0,317.0,False,MEDIUM,16.0,False,Mercedes,0 days 00:49:56.725000,,1,2.0,,,False,True
0 days 00:52:58.436000,HAM,44,0 days 00:01:30.807000,13.0,1.0,,,0 days 00:00:28.990000,0 days 00:00:36.893000,0 days 00:00:24.924000,0 days 00:51:56.649000,0 days 00:52:33.542000,0 days 00:52:58.466000,305.0,262.0,248.0,318.0,True,MEDIUM,17.0,False,Mercedes,0 days 00:51:27.629000,,1,2.0,,,False,True
0 days 00:54:29.207000,HAM,44,0 days 00:01:30.771000,14.0,1.0,,,0 days 00:00:28.908000,0 days 00:00:36.741000,0 days 00:00:25.122000,0 days 00:53:27.374000,0 days 00:54:04.115000,0 days 00:54:29.237000,305.0,262.0,246.0,315.0,True,MEDIUM,18.0,False,Mercedes,0 days 00:52:58.436000,,1,2.0,,,False,True
0 days 00:56:00.084000,HAM,44,0 days 00:01:30.877000,15.0,1.0,,,0 days 00:00:28.976000,0 days 00:00:36.949000,0 days 00:00:24.952000,0 days 00:54:58.213000,0 days 00:55:35.162000,0 days 00:56:00.114000,306.0,262.0,247.0,317.0,False,MEDIUM,19.0,False,Mercedes,0 days 00:54:29.207000,,1,2.0,,,False,True
0 days 00:57:31.090000,HAM,44,0 days 00:01:31.006000,16.0,1.0,,,0 days 00:00:29.068000,0 days 00:00:37.009000,0 days 00:00:24.929000,0 days 00:56:29.182000,0 days 00:57:06.191000,0 days 00:57:31.120000,290.0,258.0,247.0,301.0,False,MEDIUM,20.0,False,Mercedes,0 days 00:56:00.084000,,1,2.0,,,False,True
0 days 00:59:01.326000,HAM,44,0 days 00:01:30.236000,17.0,1.0,,,0 days 00:00:28.831000,0 days 00:00:36.594000,0 days 00:00:24.811000,0 days 00:57:59.951000,0 days 00:58:36.545000,0 days 00:59:01.356000,293.0,260.0,247.0,303.0,True,MEDIUM,21.0,False,Mercedes,0 days 00:57:31.090000,,1,1.0,,,False,True
0 days 01:00:32.305000,HAM,44,0 days 00:01:30.979000,18.0,1.0,,,0 days 00:00:29.076000,0 days 00:00:36.795000,0 days 00:00:25.108000,0 days 00:59:30.432000,0 days 01:00:07.227000,0 days 01:00:32.335000,285.0,258.0,247.0,293.0,False,MEDIUM,22.0,False,Mercedes,0 days 00:59:01.326000,,1,1.0,,,False,True
0 days 01:02:03.089000,HAM,44,0 days 00:01:30.784000,19.0,1.0,,,0 days 00:00:28.899000,0 days 00:00:36.743000,0 days 00:00:25.142000,0 days 01:01:01.234000,0 days 01:01:37.977000,0 days 01:02:03.119000,289.0,256.0,247.0,296.0,False,MEDIUM,23.0,False,Mercedes,0 days 01:00:32.305000,,1,1.0,,,False,True
0 days 01:03:40.650000,HAM,44,0 days 00:01:37.561000,20.0,1.0,,0 days 01:03:34.775000,0 days 00:00:29.162000,0 days 00:00:37.122000,0 days 00:00:31.277000,0 days 01:02:32.281000,0 days 01:03:09.403000,0 days 01:03:40.680000,289.0,255.0,,296.0,False,MEDIUM,24.0,False,Mercedes,0 days 01:02:03.089000,,124,1.0,,,False,False
0 days 01:06:30.278000,HAM,44,,21.0,2.0,0 days 01:04:03.681000,,0 days 00:00:57.400000,0 days 00:01:03.310000,0 days 00:00:48.919000,0 days 01:04:38.079000,0 days 01:05:41.586000,0 days 01:06:30.399000,173.0,108.0,130.0,65.0,False,HARD,1.0,True,Mercedes,0 days 01:03:40.650000,,4,1.0,,,False,False
0 days 01:08:50.319000,HAM,44,0 days 00:02:20.041000,22.0,2.0,,,0 days 00:00:42.276000,0 days 00:00:59.962000,0 days 00:00:37.803000,0 days 01:07:12.584000,0 days 01:08:12.546000,0 days 01:08:50.349000,182.0,105.0,159.0,195.0,False,HARD,2.0,True,Mercedes,0 days 01:06:30.278000,,4,1.0,,,False,False
0 days 01:11:11.556000,HAM,44,0 days 00:02:21.237000,23.0,2.0,,,0 days 00:00:43.266000,0 days 00:00:57.753000,0 days 00:00:40.218000,0 days 01:09:33.615000,0 days 01:10:31.368000,0 days 01:11:11.586000,209.0,175.0,245.0,119.0,False,HARD,3.0,True,Mercedes,0 days 01:08:50.319000,,41,1.0,,,False,False
0 days 01:12:41.529000,HAM,44,0 days 00:01:29.973000,24.0,2.0,,,0 days 00:00:28.969000,0 days 00:00:36.538000,0 days 00:00:24.466000,0 days 01:11:40.555000,0 days 01:12:17.093000,0 days 01:12:41.559000,293.0,263.0,249.0,299.0,True,HARD,4.0,True,Mercedes,0 days 01:11:11.556000,,1,1.0,,,False,True
0 days 01:14:11.538000,HAM,44,0 days 00:01:30.009000,25.0,2.0,,,0 days 00:00:28.657000,0 days 00:00:36.784000,0 days 00:00:24.568000,0 days 01:13:10.216000,0 days 01:13:47,0 days 01:14:11.568000,289.0,263.0,250.0,297.0,False,HARD,5.0,True,Mercedes,0 days 01:12:41.529000,,1,1.0,,,False,True
0 days 01:15:41.528000,HAM,44,0 days 00:01:29.990000,26.0,2.0,,,0 days 00:00:28.723000,0 days 00:00:36.668000,0 days 00:00:24.599000,0 days 01:14:40.291000,0 days 01:15:16.959000,0 days 01:15:41.558000,288.0,263.0,249.0,298.0,False,HARD,6.0,True,Mercedes,0 days 01:14:11.538000,,1,1.0,,,False,True
0 days 01:17:11.129000,HAM,44,0 days 00:01:29.601000,27.0,2.0,,,0 days 00:00:28.535000,0 days 00:00:36.619000,0 days 00:00:24.447000,0 days 01:16:10.093000,0 days 01:16:46.712000,0 days 01:17:11.159000,290.0,263.0,250.0,300.0,True,HARD,7.0,True,Mercedes,0 days 01:15:41.528000,,12,1.0,,,False,True
0 days 01:18:40.633000,HAM,44,0 days 00:01:29.504000,28.0,2.0,,,0 days 00:00:28.557000,0 days 00:00:36.485000,0 days 00:00:24.462000,0 days 01:17:39.716000,0 days 01:18:16.201000,0 days 01:18:40.663000,288.0,264.0,250.0,298.0,True,HARD,8.0,True,Mercedes,0 days 01:17:11.129000,,1,1.0,,,False,True
0 days 01:20:09.823000,HAM,44,0 days 00:01:29.190000,29.0,2.0,,,0 days 00:00:28.429000,0 days 00:00:36.217000,0 days 00:00:24.544000,0 days 01:19:09.092000,0 days 01:19:45.309000,0 days 01:20:09.853000,291.0,265.0,250.0,299.0,True,HARD,9.0,True,Mercedes,0 days 01:18:40.633000,,1,1.0,,,False,True
0 days 01:21:39.582000,HAM,44,0 days 00:01:29.759000,30.0,2.0,,,0 days 00:00:28.555000,0 days 00:00:36.555000,0 days 00:00:24.649000,0 days 01:20:38.408000,0 days 01:21:14.963000,0 days 01:21:39.612000,288.0,262.0,251.0,297.0,False,HARD,10.0,True,Mercedes,0 days 01:20:09.823000,,1,1.0,,,False,True
0 days 01:23:08.845000,HAM,44,0 days 00:01:29.263000,31.0,2.0,,,0 days 00:00:28.432000,0 days 00:00:36.385000,0 days 00:00:24.446000,0 days 01:22:08.044000,0 days 01:22:44.429000,0 days 01:23:08.875000,289.0,263.0,252.0,301.0,False,HARD,11.0,True,Mercedes,0 days 01:21:39.582000,,1,1.0,,,False,True
0 days 01:24:38.354000,HAM,44,0 days 00:01:29.509000,32.0,2.0,,,0 days 00:00:28.644000,0 days 00:00:36.387000,0 days 00:00:24.478000,0 days 01:23:37.519000,0 days 01:24:13.906000,0 days 01:24:38.384000,287.0,263.0,250.0,297.0,False,HARD,12.0,True,Mercedes,0 days 01:23:08.845000,,1,1.0,,,False,True
0 days 01:26:07.883000,HAM,44,0 days 00:01:29.529000,33.0,2.0,,,0 days 00:00:28.558000,0 days 00:00:36.582000,0 days 00:00:24.389000,0 days 01:25:06.942000,0 days 01:25:43.524000,0 days 01:26:07.913000,289.0,264.0,250.0,302.0,False,HARD,13.0,True,Mercedes,0 days 01:24:38.354000,,1,1.0,,,False,True
0 days 01:27:37.043000,HAM,44,0 days 00:01:29.160000,34.0,2.0,,,0 days 00:00:28.580000,0 days 00:00:36.179000,0 days 00:00:24.401000,0 days 01:26:36.493000,0 days 01:27:12.672000,0 days 01:27:37.073000,289.0,265.0,250.0,302.0,True,HARD,14.0,True,Mercedes,0 days 01:26:07.883000,,1,1.0,,,False,True
0 days 01:29:06.301000,HAM,44,0 days 00:01:29.258000,35.0,2.0,,,0 days 00:00:28.535000,0 days 00:00:36.301000,0 days 00:00:24.422000,0 days 01:28:05.608000,0 days 01:28:41.909000,0 days 01:29:06.331000,288.0,264.0,251.0,299.0,False,HARD,15.0,True,Mercedes,0 days 01:27:37.043000,,1,1.0,,,False,True
0 days 01:30:35.491000,HAM,44,0 days 00:01:29.190000,36.0,2.0,,,0 days 00:00:28.479000,0 days 00:00:36.318000,0 days 00:00:24.393000,0 days 01:29:34.810000,0 days 01:30:11.128000,0 days 01:30:35.521000,289.0,266.0,252.0,303.0,False,HARD,16.0,True,Mercedes,0 days 01:29:06.301000,,1,1.0,,,False,True
0 days 01:32:05.147000,HAM,44,0 days 00:01:29.656000,37.0,2.0,,,0 days 00:00:28.605000,0 days 00:00:36.669000,0 days 00:00:24.382000,0 days 01:31:04.126000,0 days 01:31:40.795000,0 days 01:32:05.177000,288.0,263.0,249.0,299.0,False,HARD,17.0,True,Mercedes,0 days 01:30:35.491000,,1,1.0,,,False,True
0 days 01:33:34.186000,HAM,44,0 days 00:01:29.039000,38.0,2.0,,,0 days 00:00:28.495000,0 days 00:00:36.222000,0 days 00:00:24.322000,0 days 01:32:33.672000,0 days 01:33:09.894000,0 days 01:33:34.216000,289.0,266.0,250.0,301.0,True,HARD,18.0,True,Mercedes,0 days 01:32:05.147000,,12,1.0,,,False,True
0 days 01:35:03.457000,HAM,44,0 days 00:01:29.271000,39.0,2.0,,,0 days 00:00:28.657000,0 days 00:00:36.382000,0 days 00:00:24.232000,0 days 01:34:02.873000,0 days 01:34:39.255000,0 days 01:35:03.487000,288.0,267.0,251.0,300.0,False,HARD,19.0,True,Mercedes,0 days 01:33:34.186000,,1,1.0,,,False,True
0 days 01:36:32.442000,HAM,44,0 days 00:01:28.985000,40.0,2.0,,,0 days 00:00:28.558000,0 days 00:00:36.182000,0 days 00:00:24.245000,0 days 01:35:32.045000,0 days 01:36:08.227000,0 days 01:36:32.472000,293.0,266.0,251.0,301.0,True,HARD,20.0,True,Mercedes,0 days 01:35:03.457000,,1,1.0,,,False,True
0 days 01:38:01.010000,HAM,44,0 days 00:01:28.568000,41.0,2.0,,,0 days 00:00:28.372000,0 days 00:00:35.979000,0 days 00:00:24.217000,0 days 01:37:00.844000,0 days 01:37:36.823000,0 days 01:38:01.040000,291.0,267.0,252.0,302.0,True,HARD,21.0,True,Mercedes,0 days 01:36:32.442000,,1,1.0,,,False,True
0 days 01:39:29.644000,HAM,44,0 days 00:01:28.634000,42.0,2.0,,,0 days 00:00:28.445000,0 days 00:00:35.918000,0 days 00:00:24.271000,0 days 01:38:29.485000,0 days 01:39:05.403000,0 days 01:39:29.674000,290.0,267.0,252.0,303.0,False,HARD,22.0,True,Mercedes,0 days 01:38:01.010000,,1,1.0,,,False,True
0 days 01:40:58.266000,HAM,44,0 days 00:01:28.622000,43.0,2.0,,,0 days 00:00:28.301000,0 days 00:00:36.043000,0 days 00:00:24.278000,0 days 01:39:57.975000,0 days 01:40:34.018000,0 days 01:40:58.296000,291.0,268.0,252.0,305.0,False,HARD,23.0,True,Mercedes,0 days 01:39:29.644000,,1,1.0,,,False,True
0 days 01:42:27.093000,HAM,44,0 days 00:01:28.827000,44.0,2.0,,,0 days 00:00:28.668000,0 days 00:00:35.983000,0 days 00:00:24.176000,0 days 01:41:26.964000,0 days 01:42:02.947000,0 days 01:42:27.123000,289.0,267.0,252.0,300.0,False,HARD,24.0,True,Mercedes,0 days 01:40:58.266000,,1,1.0,,,False,True
0 days 01:43:55.934000,HAM,44,0 days 00:01:28.841000,45.0,2.0,,,0 days 00:00:28.412000,0 days 00:00:36.068000,0 days 00:00:24.361000,0 days 01:42:55.535000,0 days 01:43:31.603000,0 days 01:43:55.964000,288.0,267.0,253.0,303.0,False,HARD,25.0,True,Mercedes,0 days 01:42:27.093000,,1,1.0,,,False,True
0 days 01:45:24.844000,HAM,44,0 days 00:01:28.910000,46.0,2.0,,,0 days 00:00:28.127000,0 days 00:00:36.455000,0 days 00:00:24.328000,0 days 01:44:24.091000,0 days 01:45:00.546000,0 days 01:45:24.874000,312.0,265.0,252.0,302.0,False,HARD,26.0,True,Mercedes,0 days 01:43:55.934000,,1,1.0,,,False,True
0 days 01:46:53.907000,HAM,44,0 days 00:01:29.063000,47.0,2.0,,,0 days 00:00:28.485000,0 days 00:00:36.185000,0 days 00:00:24.393000,0 days 01:45:53.359000,0 days 01:46:29.544000,0 days 01:46:53.937000,288.0,267.0,252.0,303.0,False,HARD,27.0,True,Mercedes,0 days 01:45:24.844000,,1,1.0,,,False,True
0 days 01:48:22.605000,HAM,44,0 days 00:01:28.698000,48.0,2.0,,,0 days 00:00:28.427000,0 days 00:00:36.112000,0 days 00:00:24.159000,0 days 01:47:22.364000,0 days 01:47:58.476000,0 days 01:48:22.635000,288.0,266.0,252.0,300.0,False,HARD,28.0,True,Mercedes,0 days 01:46:53.907000,,1,1.0,,,False,True
0 days 01:49:51.281000,HAM,44,0 days 00:01:28.676000,49.0,2.0,,,0 days 00:00:28.397000,0 days 00:00:36.087000,0 days 00:00:24.192000,0 days 01:48:51.032000,0 days 01:49:27.119000,0 days 01:49:51.311000,287.0,267.0,251.0,299.0,False,HARD,29.0,True,Mercedes,0 days 01:48:22.605000,,1,1.0,,,False,True
0 days 01:51:20.189000,HAM,44,0 days 00:01:28.908000,50.0,2.0,,,0 days 00:00:28.397000,0 days 00:00:36.174000,0 days 00:00:24.337000,,0 days 01:50:55.882000,0 days 01:51:20.219000,287.0,265.0,249.0,297.0,False,HARD,30.0,True,Mercedes,0 days 01:49:51.281000,,1,1.0,,,False,True
0 days 01:52:49.900000,HAM,44,0 days 00:01:29.711000,51.0,2.0,,,0 days 00:00:28.701000,0 days 00:00:36.367000,0 days 00:00:24.643000,0 days 01:51:48.920000,0 days 01:52:25.287000,0 days 01:52:49.930000,289.0,264.0,254.0,306.0,False,HARD,31.0,True,Mercedes,0 days 01:51:20.189000,,1,1.0,,,False,True
0 days 01:54:17.269000,HAM,44,0 days 00:01:27.369000,52.0,2.0,,,0 days 00:00:28.075000,0 days 00:00:35.375000,0 days 00:00:23.919000,0 days 01:53:18.005000,0 days 01:53:53.380000,0 days 01:54:17.299000,298.0,269.0,252.0,307.0,True,HARD,32.0,True,Mercedes,0 days 01:52:49.900000,,1,1.0,,,False,True
0 days 00:34:46.178000,VET,5,0 days 00:01:37.360000,1.0,1.0,,,,0 days 00:00:38.589000,0 days 00:00:25.521000,,0 days 00:34:20.779000,0 days 00:34:46.410000,296.0,257.0,250.0,306.0,False,SOFT,4.0,False,Ferrari,0 days 00:33:08.644000,,1,5.0,,,False,False
0 days 00:36:18.561000,VET,5,0 days 00:01:32.383000,2.0,1.0,,,0 days 00:00:29.257000,0 days 00:00:37.791000,0 days 00:00:25.335000,0 days 00:35:15.485000,0 days 00:35:53.276000,0 days 00:36:18.611000,294.0,257.0,249.0,303.0,True,SOFT,5.0,False,Ferrari,0 days 00:34:46.178000,,1,5.0,,,False,True
0 days 00:37:50.377000,VET,5,0 days 00:01:31.816000,3.0,1.0,,,0 days 00:00:28.726000,0 days 00:00:37.894000,0 days 00:00:25.196000,0 days 00:36:47.337000,0 days 00:37:25.231000,0 days 00:37:50.427000,314.0,261.0,248.0,309.0,True,SOFT,6.0,False,Ferrari,0 days 00:36:18.561000,,1,5.0,,,False,True
0 days 00:39:22.147000,VET,5,0 days 00:01:31.770000,4.0,1.0,,,0 days 00:00:28.689000,0 days 00:00:37.887000,0 days 00:00:25.194000,0 days 00:38:19.116000,0 days 00:38:57.003000,0 days 00:39:22.197000,316.0,259.0,245.0,328.0,True,SOFT,7.0,False,Ferrari,0 days 00:37:50.377000,,1,5.0,,,False,True
0 days 00:40:53.747000,VET,5,0 days 00:01:31.600000,5.0,1.0,,,0 days 00:00:28.882000,0 days 00:00:37.615000,0 days 00:00:25.103000,0 days 00:39:51.079000,0 days 00:40:28.694000,0 days 00:40:53.797000,315.0,260.0,248.0,327.0,True,SOFT,8.0,False,Ferrari,0 days 00:39:22.147000,,1,5.0,,,False,True
0 days 00:42:25.421000,VET,5,0 days 00:01:31.674000,6.0,1.0,,,0 days 00:00:28.917000,0 days 00:00:37.612000,0 days 00:00:25.145000,0 days 00:41:22.714000,0 days 00:42:00.326000,0 days 00:42:25.471000,318.0,259.0,247.0,327.0,False,SOFT,9.0,False,Ferrari,0 days 00:40:53.747000,,1,5.0,,,False,True
0 days 00:43:57.166000,VET,5,0 days 00:01:31.745000,7.0,1.0,,,0 days 00:00:28.999000,0 days 00:00:37.608000,0 days 00:00:25.138000,0 days 00:42:54.470000,0 days 00:43:32.078000,0 days 00:43:57.216000,313.0,256.0,247.0,308.0,False,SOFT,10.0,False,Ferrari,0 days 00:42:25.421000,,1,5.0,,,False,True
0 days 00:45:28.663000,VET,5,0 days 00:01:31.497000,8.0,1.0,,,0 days 00:00:28.872000,0 days 00:00:37.373000,0 days 00:00:25.252000,0 days 00:44:26.088000,0 days 00:45:03.461000,0 days 00:45:28.713000,298.0,258.0,247.0,306.0,True,SOFT,11.0,False,Ferrari,0 days 00:43:57.166000,,1,5.0,,,False,True
0 days 00:47:00.120000,VET,5,0 days 00:01:31.457000,9.0,1.0,,,0 days 00:00:28.852000,0 days 00:00:37.401000,0 days 00:00:25.204000,0 days 00:45:57.565000,0 days 00:46:34.966000,0 days 00:47:00.170000,299.0,257.0,248.0,307.0,True,SOFT,12.0,False,Ferrari,0 days 00:45:28.663000,,1,5.0,,,False,True
0 days 00:48:31.604000,VET,5,0 days 00:01:31.484000,10.0,1.0,,,0 days 00:00:28.989000,0 days 00:00:37.202000,0 days 00:00:25.293000,0 days 00:47:29.159000,0 days 00:48:06.361000,0 days 00:48:31.654000,298.0,258.0,246.0,309.0,False,SOFT,13.0,False,Ferrari,0 days 00:47:00.120000,,1,5.0,,,False,True
0 days 00:50:04.396000,VET,5,0 days 00:01:32.792000,11.0,1.0,,,0 days 00:00:29.092000,0 days 00:00:38.285000,0 days 00:00:25.415000,0 days 00:49:00.746000,0 days 00:49:39.031000,0 days 00:50:04.446000,313.0,261.0,246.0,329.0,False,SOFT,14.0,False,Ferrari,0 days 00:48:31.604000,,1,5.0,,,False,True
0 days 00:51:37.254000,VET,5,0 days 00:01:32.858000,12.0,1.0,,,0 days 00:00:29.358000,0 days 00:00:38.370000,0 days 00:00:25.130000,0 days 00:50:33.804000,0 days 00:51:12.174000,0 days 00:51:37.304000,327.0,260.0,248.0,323.0,False,SOFT,15.0,False,Ferrari,0 days 00:50:04.396000,,1,6.0,,,False,True
0 days 00:53:08.482000,VET,5,0 days 00:01:31.228000,13.0,1.0,,,0 days 00:00:28.994000,0 days 00:00:37.100000,0 days 00:00:25.134000,0 days 00:52:06.298000,0 days 00:52:43.398000,0 days 00:53:08.532000,292.0,258.0,246.0,301.0,True,SOFT,16.0,False,Ferrari,0 days 00:51:37.254000,,1,5.0,,,False,True
0 days 00:54:40.290000,VET,5,0 days 00:01:31.808000,14.0,1.0,,,0 days 00:00:29.144000,0 days 00:00:37.341000,0 days 00:00:25.323000,0 days 00:53:37.676000,0 days 00:54:15.017000,0 days 00:54:40.340000,288.0,256.0,246.0,293.0,False,SOFT,17.0,False,Ferrari,0 days 00:53:08.482000,,1,3.0,,,False,True
0 days 00:56:12.082000,VET,5,0 days 00:01:31.792000,15.0,1.0,,,0 days 00:00:29.213000,0 days 00:00:37.319000,0 days 00:00:25.260000,0 days 00:55:09.553000,0 days 00:55:46.872000,0 days 00:56:12.132000,288.0,257.0,246.0,294.0,False,SOFT,18.0,False,Ferrari,0 days 00:54:40.290000,,1,3.0,,,False,True
0 days 00:57:43.829000,VET,5,0 days 00:01:31.747000,16.0,1.0,,,0 days 00:00:29.046000,0 days 00:00:37.460000,0 days 00:00:25.241000,0 days 00:56:41.178000,0 days 00:57:18.638000,0 days 00:57:43.879000,286.0,255.0,246.0,294.0,False,SOFT,19.0,False,Ferrari,0 days 00:56:12.082000,,1,3.0,,,False,True
0 days 00:59:15.242000,VET,5,0 days 00:01:31.413000,17.0,1.0,,,0 days 00:00:29.031000,0 days 00:00:37.203000,0 days 00:00:25.179000,0 days 00:58:12.910000,0 days 00:58:50.113000,0 days 00:59:15.292000,285.0,257.0,249.0,294.0,False,SOFT,20.0,False,Ferrari,0 days 00:57:43.829000,,1,2.0,,,False,True
0 days 01:00:46.728000,VET,5,0 days 00:01:31.486000,18.0,1.0,,,0 days 00:00:29.026000,0 days 00:00:37.167000,0 days 00:00:25.293000,0 days 00:59:44.318000,0 days 01:00:21.485000,0 days 01:00:46.778000,287.0,256.0,246.0,295.0,False,SOFT,21.0,False,Ferrari,0 days 00:59:15.242000,,1,2.0,,,False,True
0 days 01:02:18.494000,VET,5,0 days 00:01:31.766000,19.0,1.0,,,0 days 00:00:29.055000,0 days 00:00:37.166000,0 days 00:00:25.545000,0 days 01:01:15.833000,0 days 01:01:52.999000,0 days 01:02:18.544000,287.0,254.0,246.0,292.0,False,SOFT,22.0,False,Ferrari,0 days 01:00:46.728000,,1,2.0,,,False,True
0 days 01:04:02.831000,VET,5,0 days 00:01:44.337000,20.0,1.0,,0 days 01:03:57.020000,0 days 00:00:29.129000,0 days 00:00:43.599000,0 days 00:00:31.609000,0 days 01:02:47.673000,0 days 01:03:31.272000,0 days 01:04:02.881000,288.0,173.0,,238.0,False,SOFT,23.0,False,Ferrari,0 days 01:02:18.494000,,124,2.0,,,False,False
0 days 01:06:32.333000,VET,5,0 days 00:02:29.502000,21.0,2.0,0 days 01:04:25.022000,,0 days 00:00:56.306000,0 days 00:00:55.217000,0 days 00:00:37.979000,0 days 01:04:59.187000,0 days 01:05:54.404000,0 days 01:06:32.383000,198.0,195.0,128.0,246.0,False,HARD,1.0,False,Ferrari,0 days 01:04:02.831000,,4,3.0,,,False,False
0 days 01:08:53.220000,VET,5,0 days 00:02:20.887000,22.0,2.0,,,0 days 00:00:43.862000,0 days 00:00:58.047000,0 days 00:00:38.978000,0 days 01:07:16.245000,0 days 01:08:14.292000,0 days 01:08:53.270000,192.0,115.0,153.0,223.0,False,HARD,2.0,False,Ferrari,0 days 01:06:32.333000,,4,3.0,,,False,False
0 days 01:11:13.366000,VET,5,0 days 00:02:20.146000,23.0,2.0,,,0 days 00:00:43.612000,0 days 00:00:57.060000,0 days 00:00:39.474000,0 days 01:09:36.882000,0 days 01:10:33.942000,0 days 01:11:13.416000,249.0,193.0,245.0,118.0,False,HARD,3.0,False,Ferrari,0 days 01:08:53.220000,,41,3.0,,,False,False
0 days 01:12:46.017000,VET,5,0 days 00:01:32.651000,24.0,2.0,,,0 days 00:00:29.486000,0 days 00:00:37.885000,0 days 00:00:25.280000,0 days 01:11:42.902000,0 days 01:12:20.787000,0 days 01:12:46.067000,292.0,259.0,248.0,296.0,False,HARD,4.0,False,Ferrari,0 days 01:11:13.366000,,1,3.0,,,False,True
0 days 01:14:16.998000,VET,5,0 days 00:01:30.981000,25.0,2.0,,,0 days 00:00:28.819000,0 days 00:00:37.220000,0 days 00:00:24.942000,0 days 01:13:14.886000,0 days 01:13:52.106000,0 days 01:14:17.048000,288.0,261.0,250.0,297.0,True,HARD,5.0,False,Ferrari,0 days 01:12:46.017000,,1,3.0,,,False,True
0 days 01:15:47.436000,VET,5,0 days 00:01:30.438000,26.0,2.0,,,0 days 00:00:28.669000,0 days 00:00:36.829000,0 days 00:00:24.940000,0 days 01:14:45.717000,0 days 01:15:22.546000,0 days 01:15:47.486000,292.0,262.0,248.0,304.0,True,HARD,6.0,False,Ferrari,0 days 01:14:16.998000,,12,3.0,,,False,True
0 days 01:17:17.920000,VET,5,0 days 00:01:30.484000,27.0,2.0,,,0 days 00:00:28.686000,0 days 00:00:36.893000,0 days 00:00:24.905000,0 days 01:16:16.172000,0 days 01:16:53.065000,0 days 01:17:17.970000,292.0,260.0,249.0,301.0,False,HARD,7.0,False,Ferrari,0 days 01:15:47.436000,,21,3.0,,,False,True
0 days 01:18:48.173000,VET,5,0 days 00:01:30.253000,28.0,2.0,,,0 days 00:00:28.637000,0 days 00:00:36.799000,0 days 00:00:24.817000,0 days 01:17:46.607000,0 days 01:18:23.406000,0 days 01:18:48.223000,291.0,260.0,250.0,300.0,True,HARD,8.0,False,Ferrari,0 days 01:17:17.920000,,1,3.0,,,False,True
0 days 01:20:18.560000,VET,5,0 days 00:01:30.387000,29.0,2.0,,,0 days 00:00:28.692000,0 days 00:00:36.850000,0 days 00:00:24.845000,0 days 01:19:16.915000,0 days 01:19:53.765000,0 days 01:20:18.610000,290.0,262.0,250.0,296.0,False,HARD,9.0,False,Ferrari,0 days 01:18:48.173000,,1,3.0,,,False,True
0 days 01:21:48.568000,VET,5,0 days 00:01:30.008000,30.0,2.0,,,0 days 00:00:28.583000,0 days 00:00:36.685000,0 days 00:00:24.740000,0 days 01:20:47.193000,0 days 01:21:23.878000,0 days 01:21:48.618000,290.0,261.0,250.0,301.0,True,HARD,10.0,False,Ferrari,0 days 01:20:18.560000,,1,3.0,,,False,True
0 days 01:23:18.345000,VET,5,0 days 00:01:29.777000,31.0,2.0,,,0 days 00:00:28.640000,0 days 00:00:36.505000,0 days 00:00:24.632000,0 days 01:22:17.258000,0 days 01:22:53.763000,0 days 01:23:18.395000,291.0,261.0,251.0,303.0,True,HARD,11.0,False,Ferrari,0 days 01:21:48.568000,,1,3.0,,,False,True
0 days 01:24:48.309000,VET,5,0 days 00:01:29.964000,32.0,2.0,,,0 days 00:00:28.600000,0 days 00:00:36.610000,0 days 00:00:24.754000,0 days 01:23:46.995000,0 days 01:24:23.605000,0 days 01:24:48.359000,290.0,261.0,249.0,299.0,False,HARD,12.0,False,Ferrari,0 days 01:23:18.345000,,1,3.0,,,False,True
0 days 01:26:18.199000,VET,5,0 days 00:01:29.890000,33.0,2.0,,,0 days 00:00:28.714000,0 days 00:00:36.514000,0 days 00:00:24.662000,0 days 01:25:17.073000,0 days 01:25:53.587000,0 days 01:26:18.249000,289.0,263.0,250.0,300.0,False,HARD,13.0,False,Ferrari,0 days 01:24:48.309000,,1,3.0,,,False,True
0 days 01:27:47.829000,VET,5,0 days 00:01:29.630000,34.0,2.0,,,0 days 00:00:28.666000,0 days 00:00:36.326000,0 days 00:00:24.638000,0 days 01:26:46.915000,0 days 01:27:23.241000,0 days 01:27:47.879000,289.0,262.0,249.0,301.0,True,HARD,14.0,False,Ferrari,0 days 01:26:18.199000,,1,3.0,,,False,True
0 days 01:29:17.369000,VET,5,0 days 00:01:29.540000,35.0,2.0,,,0 days 00:00:28.613000,0 days 00:00:36.280000,0 days 00:00:24.647000,0 days 01:28:16.492000,0 days 01:28:52.772000,0 days 01:29:17.419000,290.0,264.0,251.0,300.0,True,HARD,15.0,False,Ferrari,0 days 01:27:47.829000,,1,3.0,,,False,True
0 days 01:30:46.984000,VET,5,0 days 00:01:29.615000,36.0,2.0,,,0 days 00:00:28.524000,0 days 00:00:36.464000,0 days 00:00:24.627000,0 days 01:29:45.943000,0 days 01:30:22.407000,0 days 01:30:47.034000,290.0,263.0,251.0,310.0,False,HARD,16.0,False,Ferrari,0 days 01:29:17.369000,,1,3.0,,,False,True
0 days 01:32:26.094000,VET,5,0 days 00:01:39.110000,37.0,2.0,,,0 days 00:00:28.574000,0 days 00:00:36.568000,0 days 00:00:33.968000,0 days 01:31:15.608000,0 days 01:31:52.176000,0 days 01:32:26.144000,292.0,265.0,203.0,301.0,False,HARD,17.0,False,Ferrari,0 days 01:30:46.984000,,12,5.0,,,False,True
0 days 01:34:30.550000,VET,5,0 days 00:02:04.456000,38.0,2.0,,0 days 01:34:24.711000,0 days 00:00:40.601000,0 days 00:00:50.398000,0 days 00:00:33.457000,0 days 01:33:06.745000,0 days 01:33:57.143000,0 days 01:34:30.600000,180.0,189.0,,185.0,False,HARD,18.0,False,Ferrari,0 days 01:32:26.094000,,1,14.0,,,False,False
0 days 01:36:35.998000,VET,5,0 days 00:02:05.448000,39.0,3.0,0 days 01:35:03.196000,,0 days 00:00:59.968000,0 days 00:00:39.461000,0 days 00:00:26.019000,0 days 01:35:30.568000,0 days 01:36:10.029000,0 days 01:36:36.048000,282.0,260.0,251.0,276.0,False,MEDIUM,1.0,True,Ferrari,0 days 01:34:30.550000,,1,17.0,,,False,False
0 days 01:38:07.082000,VET,5,0 days 00:01:31.084000,40.0,3.0,,,0 days 00:00:28.358000,0 days 00:00:37.586000,0 days 00:00:25.140000,0 days 01:37:04.406000,0 days 01:37:41.992000,0 days 01:38:07.132000,294.0,258.0,249.0,299.0,False,MEDIUM,2.0,True,Ferrari,0 days 01:36:35.998000,,1,17.0,,,False,True
0 days 01:39:38.150000,VET,5,0 days 00:01:31.068000,41.0,3.0,,,0 days 00:00:29.006000,0 days 00:00:37.090000,0 days 00:00:24.972000,0 days 01:38:36.138000,0 days 01:39:13.228000,0 days 01:39:38.200000,291.0,260.0,250.0,299.0,False,MEDIUM,3.0,True,Ferrari,0 days 01:38:07.082000,,1,17.0,,,False,True
0 days 01:41:09.034000,VET,5,0 days 00:01:30.884000,42.0,3.0,,,0 days 00:00:28.691000,0 days 00:00:37.369000,0 days 00:00:24.824000,0 days 01:40:06.891000,0 days 01:40:44.260000,0 days 01:41:09.084000,289.0,261.0,249.0,300.0,False,MEDIUM,4.0,True,Ferrari,0 days 01:39:38.150000,,1,17.0,,,False,True
0 days 01:42:38.439000,VET,5,0 days 00:01:29.405000,43.0,3.0,,,0 days 00:00:28.491000,0 days 00:00:36.156000,0 days 00:00:24.758000,0 days 01:41:37.575000,0 days 01:42:13.731000,0 days 01:42:38.489000,287.0,256.0,250.0,298.0,True,MEDIUM,5.0,True,Ferrari,0 days 01:41:09.034000,,1,17.0,,,False,True
0 days 01:44:07.520000,VET,5,0 days 00:01:29.081000,44.0,3.0,,,0 days 00:00:28.474000,0 days 00:00:36.173000,0 days 00:00:24.434000,0 days 01:43:06.963000,0 days 01:43:43.136000,0 days 01:44:07.570000,284.0,265.0,252.0,298.0,True,MEDIUM,6.0,True,Ferrari,0 days 01:42:38.439000,,1,17.0,,,False,True
0 days 01:45:37.396000,VET,5,0 days 00:01:29.876000,45.0,3.0,,,0 days 00:00:28.518000,0 days 00:00:36.717000,0 days 00:00:24.641000,0 days 01:44:36.088000,0 days 01:45:12.805000,0 days 01:45:37.446000,285.0,263.0,252.0,296.0,False,MEDIUM,7.0,True,Ferrari,0 days 01:44:07.520000,,1,17.0,,,False,True
0 days 01:47:06.129000,VET,5,0 days 00:01:28.733000,46.0,3.0,,,0 days 00:00:28.366000,0 days 00:00:36.070000,0 days 00:00:24.297000,0 days 01:46:05.812000,0 days 01:46:41.882000,0 days 01:47:06.179000,290.0,264.0,251.0,303.0,True,MEDIUM,8.0,True,Ferrari,0 days 01:45:37.396000,,1,17.0,,,False,True
0 days 01:48:36.915000,VET,5,0 days 00:01:30.786000,47.0,3.0,,,0 days 00:00:28.686000,0 days 00:00:37.333000,0 days 00:00:24.767000,0 days 01:47:34.865000,0 days 01:48:12.198000,0 days 01:48:36.965000,285.0,261.0,251.0,295.0,False,MEDIUM,9.0,True,Ferrari,0 days 01:47:06.129000,,1,16.0,,,False,True
0 days 01:50:05.675000,VET,5,0 days 00:01:28.760000,48.0,3.0,,,0 days 00:00:28.376000,0 days 00:00:35.907000,0 days 00:00:24.477000,0 days 01:49:05.341000,0 days 01:49:41.248000,0 days 01:50:05.725000,288.0,266.0,252.0,303.0,False,MEDIUM,10.0,True,Ferrari,0 days 01:48:36.915000,,1,16.0,,,False,True
0 days 01:51:35.866000,VET,5,0 days 00:01:30.191000,49.0,3.0,,,0 days 00:00:28.915000,0 days 00:00:36.624000,0 days 00:00:24.652000,0 days 01:50:34.640000,0 days 01:51:11.264000,0 days 01:51:35.916000,313.0,265.0,248.0,298.0,False,MEDIUM,11.0,True,Ferrari,0 days 01:50:05.675000,,1,15.0,,,False,True
0 days 01:53:04.973000,VET,5,0 days 00:01:29.107000,50.0,3.0,,,0 days 00:00:28.575000,0 days 00:00:36.023000,0 days 00:00:24.509000,0 days 01:52:04.491000,0 days 01:52:40.514000,0 days 01:53:05.023000,285.0,264.0,251.0,292.0,False,MEDIUM,12.0,True,Ferrari,0 days 01:51:35.866000,,1,15.0,,,False,True
0 days 01:54:33.731000,VET,5,0 days 00:01:28.758000,51.0,3.0,,,0 days 00:00:28.450000,0 days 00:00:35.875000,0 days 00:00:24.433000,0 days 01:53:33.473000,0 days 01:54:09.348000,0 days 01:54:33.781000,288.0,264.0,252.0,299.0,False,MEDIUM,13.0,True,Ferrari,0 days 01:53:04.973000,,1,15.0,,,False,True
0 days 00:34:50.129000,SAI,55,0 days 00:01:41.311000,1.0,1.0,,,,0 days 00:00:40.032000,0 days 00:00:26.227000,,0 days 00:34:24.008000,0 days 00:34:50.325000,300.0,255.0,248.0,305.0,False,MEDIUM,1.0,True,McLaren,0 days 00:33:08.644000,,1,11.0,,,False,False
0 days 00:36:24.186000,SAI,55,0 days 00:01:34.057000,2.0,1.0,,,0 days 00:00:29.539000,0 days 00:00:38.569000,0 days 00:00:25.949000,0 days 00:35:19.733000,0 days 00:35:58.302000,0 days 00:36:24.251000,289.0,258.0,249.0,303.0,True,MEDIUM,2.0,True,McLaren,0 days 00:34:50.129000,,1,11.0,,,False,True
0 days 00:37:57.029000,SAI,55,0 days 00:01:32.843000,3.0,1.0,,,0 days 00:00:29.139000,0 days 00:00:38.177000,0 days 00:00:25.527000,0 days 00:36:53.390000,0 days 00:37:31.567000,0 days 00:37:57.094000,312.0,260.0,248.0,323.0,True,MEDIUM,3.0,True,McLaren,0 days 00:36:24.186000,,1,11.0,,,False,True
0 days 00:39:30.199000,SAI,55,0 days 00:01:33.170000,4.0,1.0,,,0 days 00:00:29.212000,0 days 00:00:38.293000,0 days 00:00:25.665000,0 days 00:38:26.306000,0 days 00:39:04.599000,0 days 00:39:30.264000,310.0,257.0,245.0,308.0,False,MEDIUM,4.0,True,McLaren,0 days 00:37:57.029000,,1,11.0,,,False,True
0 days 00:41:03.277000,SAI,55,0 days 00:01:33.078000,5.0,1.0,,,0 days 00:00:29.545000,0 days 00:00:37.940000,0 days 00:00:25.593000,0 days 00:39:59.809000,0 days 00:40:37.749000,0 days 00:41:03.342000,290.0,258.0,246.0,305.0,False,MEDIUM,5.0,True,McLaren,0 days 00:39:30.199000,,1,11.0,,,False,True
0 days 00:42:36.357000,SAI,55,0 days 00:01:33.080000,6.0,1.0,,,0 days 00:00:29.446000,0 days 00:00:37.942000,0 days 00:00:25.692000,0 days 00:41:32.788000,0 days 00:42:10.730000,0 days 00:42:36.422000,288.0,256.0,245.0,302.0,False,MEDIUM,6.0,True,McLaren,0 days 00:41:03.277000,,1,11.0,,,False,True
0 days 00:44:09.299000,SAI,55,0 days 00:01:32.942000,7.0,1.0,,,0 days 00:00:29.434000,0 days 00:00:37.822000,0 days 00:00:25.686000,0 days 00:43:05.856000,0 days 00:43:43.678000,0 days 00:44:09.364000,288.0,256.0,245.0,303.0,False,MEDIUM,7.0,True,McLaren,0 days 00:42:36.357000,,1,11.0,,,False,True
0 days 00:45:42.017000,SAI,55,0 days 00:01:32.718000,8.0,1.0,,,0 days 00:00:29.313000,0 days 00:00:37.763000,0 days 00:00:25.642000,0 days 00:44:38.677000,0 days 00:45:16.440000,0 days 00:45:42.082000,290.0,257.0,245.0,303.0,True,MEDIUM,8.0,True,McLaren,0 days 00:44:09.299000,,1,11.0,,,False,True
0 days 00:47:14.907000,SAI,55,0 days 00:01:32.890000,9.0,1.0,,,0 days 00:00:29.339000,0 days 00:00:37.868000,0 days 00:00:25.683000,0 days 00:46:11.421000,0 days 00:46:49.289000,0 days 00:47:14.972000,293.0,258.0,247.0,306.0,False,MEDIUM,9.0,True,McLaren,0 days 00:45:42.017000,,1,11.0,,,False,True
0 days 00:48:47.651000,SAI,55,0 days 00:01:32.744000,10.0,1.0,,,0 days 00:00:29.340000,0 days 00:00:37.795000,0 days 00:00:25.609000,0 days 00:47:44.312000,0 days 00:48:22.107000,0 days 00:48:47.716000,289.0,256.0,246.0,302.0,False,MEDIUM,10.0,True,McLaren,0 days 00:47:14.907000,,1,11.0,,,False,True
0 days 00:50:20.187000,SAI,55,0 days 00:01:32.536000,11.0,1.0,,,0 days 00:00:29.282000,0 days 00:00:37.695000,0 days 00:00:25.559000,0 days 00:49:16.998000,0 days 00:49:54.693000,0 days 00:50:20.252000,292.0,257.0,246.0,303.0,True,MEDIUM,11.0,True,McLaren,0 days 00:48:47.651000,,1,11.0,,,False,True
0 days 00:51:52.875000,SAI,55,0 days 00:01:32.688000,12.0,1.0,,,0 days 00:00:29.432000,0 days 00:00:37.593000,0 days 00:00:25.663000,0 days 00:50:49.684000,0 days 00:51:27.277000,0 days 00:51:52.940000,291.0,258.0,247.0,304.0,False,MEDIUM,12.0,True,McLaren,0 days 00:50:20.187000,,1,11.0,,,False,True
0 days 00:53:25.773000,SAI,55,0 days 00:01:32.898000,13.0,1.0,,,0 days 00:00:29.306000,0 days 00:00:38.354000,0 days 00:00:25.238000,0 days 00:52:22.246000,0 days 00:53:00.600000,0 days 00:53:25.838000,313.0,260.0,246.0,328.0,False,MEDIUM,13.0,True,McLaren,0 days 00:51:52.875000,,1,9.0,,,False,True
0 days 00:54:59.676000,SAI,55,0 days 00:01:33.903000,14.0,1.0,,,0 days 00:00:29.737000,0 days 00:00:38.736000,0 days 00:00:25.430000,0 days 00:53:55.575000,0 days 00:54:34.311000,0 days 00:54:59.741000,286.0,261.0,247.0,317.0,False,MEDIUM,14.0,True,McLaren,0 days 00:53:25.773000,,1,6.0,,,False,True
0 days 00:56:31.891000,SAI,55,0 days 00:01:32.215000,15.0,1.0,,,0 days 00:00:29.297000,0 days 00:00:37.512000,0 days 00:00:25.406000,0 days 00:55:29.038000,0 days 00:56:06.550000,0 days 00:56:31.956000,287.0,257.0,246.0,300.0,True,MEDIUM,15.0,True,McLaren,0 days 00:54:59.676000,,1,6.0,,,False,True
0 days 00:58:03.865000,SAI,55,0 days 00:01:31.974000,16.0,1.0,,,0 days 00:00:29.335000,0 days 00:00:37.357000,0 days 00:00:25.282000,0 days 00:57:01.291000,0 days 00:57:38.648000,0 days 00:58:03.930000,284.0,259.0,249.0,297.0,True,MEDIUM,16.0,True,McLaren,0 days 00:56:31.891000,,1,6.0,,,False,True
0 days 00:59:36.041000,SAI,55,0 days 00:01:32.176000,17.0,1.0,,,0 days 00:00:29.284000,0 days 00:00:37.475000,0 days 00:00:25.417000,0 days 00:58:33.214000,0 days 00:59:10.689000,0 days 00:59:36.106000,284.0,256.0,249.0,299.0,False,MEDIUM,17.0,True,McLaren,0 days 00:58:03.865000,,1,6.0,,,False,True
0 days 01:01:07.765000,SAI,55,0 days 00:01:31.724000,18.0,1.0,,,0 days 00:00:29.147000,0 days 00:00:37.223000,0 days 00:00:25.354000,0 days 01:00:05.253000,0 days 01:00:42.476000,0 days 01:01:07.830000,287.0,256.0,248.0,296.0,True,MEDIUM,18.0,True,McLaren,0 days 00:59:36.041000,,1,6.0,,,False,True
0 days 01:02:39.570000,SAI,55,0 days 00:01:31.805000,19.0,1.0,,,0 days 00:00:29.271000,0 days 00:00:37.086000,0 days 00:00:25.448000,0 days 01:01:37.101000,0 days 01:02:14.187000,0 days 01:02:39.635000,283.0,258.0,248.0,293.0,False,MEDIUM,19.0,True,McLaren,0 days 01:01:07.765000,,1,6.0,,,False,True
0 days 01:04:32.904000,SAI,55,0 days 00:01:53.334000,20.0,1.0,,0 days 01:04:27.783000,0 days 00:00:29.220000,0 days 00:00:51.581000,0 days 00:00:32.533000,0 days 01:03:08.855000,0 days 01:04:00.436000,0 days 01:04:32.969000,282.0,171.0,,211.0,False,MEDIUM,20.0,True,McLaren,0 days 01:02:39.570000,,124,6.0,,,False,False
0 days 01:06:57.607000,SAI,55,0 days 00:02:24.703000,21.0,2.0,0 days 01:04:55.161000,,0 days 00:00:56.618000,0 days 00:00:52.870000,0 days 00:00:35.215000,0 days 01:05:29.587000,0 days 01:06:22.457000,0 days 01:06:57.672000,154.0,91.0,231.0,240.0,False,HARD,1.0,True,McLaren,0 days 01:04:32.904000,,4,7.0,,,False,False
0 days 01:08:57.233000,SAI,55,0 days 00:01:59.626000,22.0,2.0,,,0 days 00:00:31.091000,0 days 00:00:51.491000,0 days 00:00:37.044000,0 days 01:07:28.763000,0 days 01:08:20.254000,0 days 01:08:57.298000,275.0,100.0,113.0,234.0,False,HARD,2.0,True,McLaren,0 days 01:06:57.607000,,4,7.0,,,False,False
0 days 01:11:15.048000,SAI,55,0 days 00:02:17.815000,23.0,2.0,,,0 days 00:00:45.620000,0 days 00:00:55.852000,0 days 00:00:36.343000,0 days 01:09:42.918000,0 days 01:10:38.770000,0 days 01:11:15.113000,255.0,200.0,235.0,126.0,False,HARD,3.0,True,McLaren,0 days 01:08:57.233000,,41,7.0,,,False,False
0 days 01:12:48.737000,SAI,55,0 days 00:01:33.689000,24.0,2.0,,,0 days 00:00:30.190000,0 days 00:00:37.937000,0 days 00:00:25.562000,0 days 01:11:45.303000,0 days 01:12:23.240000,0 days 01:12:48.802000,301.0,259.0,249.0,304.0,False,HARD,4.0,True,McLaren,0 days 01:11:15.048000,,1,7.0,,,False,True
0 days 01:14:21.985000,SAI,55,0 days 00:01:33.248000,25.0,2.0,,,0 days 00:00:29.818000,0 days 00:00:37.923000,0 days 00:00:25.507000,0 days 01:13:18.620000,0 days 01:13:56.543000,0 days 01:14:22.050000,297.0,260.0,251.0,300.0,False,HARD,5.0,True,McLaren,0 days 01:12:48.737000,,1,7.0,,,False,True
0 days 01:15:53.501000,SAI,55,0 days 00:01:31.516000,26.0,2.0,,,0 days 00:00:28.770000,0 days 00:00:37.358000,0 days 00:00:25.388000,0 days 01:14:50.820000,0 days 01:15:28.178000,0 days 01:15:53.566000,305.0,260.0,249.0,300.0,True,HARD,6.0,True,McLaren,0 days 01:14:21.985000,,12,7.0,,,False,True
0 days 01:17:24.923000,SAI,55,0 days 00:01:31.422000,27.0,2.0,,,0 days 00:00:28.976000,0 days 00:00:37.063000,0 days 00:00:25.383000,0 days 01:16:22.542000,0 days 01:16:59.605000,0 days 01:17:24.988000,288.0,260.0,249.0,300.0,True,HARD,7.0,True,McLaren,0 days 01:15:53.501000,,21,7.0,,,False,True
0 days 01:18:56.399000,SAI,55,0 days 00:01:31.476000,28.0,2.0,,,0 days 00:00:28.982000,0 days 00:00:37.171000,0 days 00:00:25.323000,0 days 01:17:53.970000,0 days 01:18:31.141000,0 days 01:18:56.464000,288.0,259.0,249.0,299.0,False,HARD,8.0,True,McLaren,0 days 01:17:24.923000,,1,7.0,,,False,True
0 days 01:20:27.709000,SAI,55,0 days 00:01:31.310000,29.0,2.0,,,0 days 00:00:28.968000,0 days 00:00:37.069000,0 days 00:00:25.273000,0 days 01:19:25.432000,0 days 01:20:02.501000,0 days 01:20:27.774000,284.0,261.0,248.0,295.0,True,HARD,9.0,True,McLaren,0 days 01:18:56.399000,,1,7.0,,,False,True
0 days 01:21:58.717000,SAI,55,0 days 00:01:31.008000,30.0,2.0,,,0 days 00:00:28.931000,0 days 00:00:36.983000,0 days 00:00:25.094000,0 days 01:20:56.705000,0 days 01:21:33.688000,0 days 01:21:58.782000,284.0,260.0,249.0,298.0,True,HARD,10.0,True,McLaren,0 days 01:20:27.709000,,1,7.0,,,False,True
0 days 01:23:29.965000,SAI,55,0 days 00:01:31.248000,31.0,2.0,,,0 days 00:00:29.048000,0 days 00:00:37.074000,0 days 00:00:25.126000,0 days 01:22:27.830000,0 days 01:23:04.904000,0 days 01:23:30.030000,282.0,261.0,249.0,299.0,False,HARD,11.0,True,McLaren,0 days 01:21:58.717000,,1,7.0,,,False,True
0 days 01:25:01.148000,SAI,55,0 days 00:01:31.183000,32.0,2.0,,,0 days 00:00:29.063000,0 days 00:00:36.974000,0 days 00:00:25.146000,0 days 01:23:59.093000,0 days 01:24:36.067000,0 days 01:25:01.213000,281.0,261.0,250.0,295.0,False,HARD,12.0,True,McLaren,0 days 01:23:29.965000,,1,7.0,,,False,True
0 days 01:26:32.250000,SAI,55,0 days 00:01:31.102000,33.0,2.0,,,0 days 00:00:29.069000,0 days 00:00:37.089000,0 days 00:00:24.944000,0 days 01:25:30.282000,0 days 01:26:07.371000,0 days 01:26:32.315000,281.0,262.0,249.0,302.0,False,HARD,13.0,True,McLaren,0 days 01:25:01.148000,,1,7.0,,,False,True
0 days 01:28:03.376000,SAI,55,0 days 00:01:31.126000,34.0,2.0,,,0 days 00:00:29.079000,0 days 00:00:37.082000,0 days 00:00:24.965000,0 days 01:27:01.394000,0 days 01:27:38.476000,0 days 01:28:03.441000,281.0,261.0,250.0,297.0,False,HARD,14.0,True,McLaren,0 days 01:26:32.250000,,1,7.0,,,False,True
0 days 01:29:34.106000,SAI,55,0 days 00:01:30.730000,35.0,2.0,,,0 days 00:00:28.952000,0 days 00:00:36.863000,0 days 00:00:24.915000,0 days 01:28:32.393000,0 days 01:29:09.256000,0 days 01:29:34.171000,281.0,263.0,251.0,302.0,True,HARD,15.0,True,McLaren,0 days 01:28:03.376000,,1,7.0,,,False,True
0 days 01:31:04.902000,SAI,55,0 days 00:01:30.796000,36.0,2.0,,,0 days 00:00:29.052000,0 days 00:00:36.867000,0 days 00:00:24.877000,0 days 01:30:03.223000,0 days 01:30:40.090000,0 days 01:31:04.967000,281.0,261.0,251.0,296.0,False,HARD,16.0,True,McLaren,0 days 01:29:34.106000,,1,7.0,,,False,True
0 days 01:32:35.929000,SAI,55,0 days 00:01:31.027000,37.0,2.0,,,0 days 00:00:29.002000,0 days 00:00:36.886000,0 days 00:00:25.139000,0 days 01:31:33.969000,0 days 01:32:10.855000,0 days 01:32:35.994000,280.0,262.0,248.0,296.0,False,HARD,17.0,True,McLaren,0 days 01:31:04.902000,,12,7.0,,,False,True
0 days 01:34:06.790000,SAI,55,0 days 00:01:30.861000,38.0,2.0,,,0 days 00:00:29.035000,0 days 00:00:36.823000,0 days 00:00:25.003000,0 days 01:33:05.029000,0 days 01:33:41.852000,0 days 01:34:06.855000,280.0,266.0,249.0,295.0,False,HARD,18.0,True,McLaren,0 days 01:32:35.929000,,1,6.0,,,False,True
0 days 01:35:37.618000,SAI,55,0 days 00:01:30.828000,39.0,2.0,,,0 days 00:00:28.974000,0 days 00:00:36.833000,0 days 00:00:25.021000,0 days 01:34:35.829000,0 days 01:35:12.662000,0 days 01:35:37.683000,280.0,264.0,249.0,293.0,False,HARD,19.0,True,McLaren,0 days 01:34:06.790000,,1,6.0,,,False,True
0 days 01:37:08.207000,SAI,55,0 days 00:01:30.589000,40.0,2.0,,,0 days 00:00:28.850000,0 days 00:00:36.769000,0 days 00:00:24.970000,0 days 01:36:06.533000,0 days 01:36:43.302000,0 days 01:37:08.272000,281.0,264.0,249.0,295.0,True,HARD,20.0,True,McLaren,0 days 01:35:37.618000,,1,6.0,,,False,True
0 days 01:38:38.966000,SAI,55,0 days 00:01:30.759000,41.0,2.0,,,0 days 00:00:28.962000,0 days 00:00:36.841000,0 days 00:00:24.956000,0 days 01:37:37.234000,0 days 01:38:14.075000,0 days 01:38:39.031000,280.0,265.0,251.0,293.0,False,HARD,21.0,True,McLaren,0 days 01:37:08.207000,,1,6.0,,,False,True
0 days 01:40:09.600000,SAI,55,0 days 00:01:30.634000,42.0,2.0,,,0 days 00:00:28.949000,0 days 00:00:36.787000,0 days 00:00:24.898000,0 days 01:39:07.980000,0 days 01:39:44.767000,0 days 01:40:09.665000,280.0,265.0,251.0,300.0,False,HARD,22.0,True,McLaren,0 days 01:38:38.966000,,1,6.0,,,False,True
0 days 01:41:40.107000,SAI,55,0 days 00:01:30.507000,43.0,2.0,,,0 days 00:00:28.878000,0 days 00:00:36.706000,0 days 00:00:24.923000,0 days 01:40:38.543000,0 days 01:41:15.249000,0 days 01:41:40.172000,278.0,267.0,251.0,294.0,True,HARD,23.0,True,McLaren,0 days 01:40:09.600000,,1,6.0,,,False,True
0 days 01:43:10.211000,SAI,55,0 days 00:01:30.104000,44.0,2.0,,,0 days 00:00:28.672000,0 days 00:00:36.615000,0 days 00:00:24.817000,0 days 01:42:08.844000,0 days 01:42:45.459000,0 days 01:43:10.276000,279.0,266.0,251.0,295.0,True,HARD,24.0,True,McLaren,0 days 01:41:40.107000,,1,6.0,,,False,True
0 days 01:44:40.258000,SAI,55,0 days 00:01:30.047000,45.0,2.0,,,0 days 00:00:28.767000,0 days 00:00:36.516000,0 days 00:00:24.764000,0 days 01:43:39.043000,0 days 01:44:15.559000,0 days 01:44:40.323000,278.0,268.0,251.0,296.0,True,HARD,25.0,True,McLaren,0 days 01:43:10.211000,,1,6.0,,,False,True
0 days 01:46:11.051000,SAI,55,0 days 00:01:30.793000,46.0,2.0,,,0 days 00:00:28.759000,0 days 00:00:36.626000,0 days 00:00:25.408000,0 days 01:45:09.082000,0 days 01:45:45.708000,0 days 01:46:11.116000,279.0,265.0,252.0,293.0,False,HARD,26.0,True,McLaren,0 days 01:44:40.258000,,1,6.0,,,False,True
0 days 01:47:41.468000,SAI,55,0 days 00:01:30.417000,47.0,2.0,,,0 days 00:00:28.760000,0 days 00:00:36.691000,0 days 00:00:24.966000,0 days 01:46:39.876000,0 days 01:47:16.567000,0 days 01:47:41.533000,278.0,265.0,250.0,292.0,False,HARD,27.0,True,McLaren,0 days 01:46:11.051000,,1,6.0,,,False,True
0 days 01:49:11.656000,SAI,55,0 days 00:01:30.188000,48.0,2.0,,,0 days 00:00:28.784000,0 days 00:00:36.602000,0 days 00:00:24.802000,0 days 01:48:10.317000,0 days 01:48:46.919000,0 days 01:49:11.721000,290.0,267.0,251.0,294.0,False,HARD,28.0,True,McLaren,0 days 01:47:41.468000,,1,6.0,,,False,True
0 days 01:50:41.422000,SAI,55,0 days 00:01:29.766000,49.0,2.0,,,0 days 00:00:28.772000,0 days 00:00:36.381000,0 days 00:00:24.613000,0 days 01:49:40.493000,0 days 01:50:16.874000,0 days 01:50:41.487000,279.0,266.0,250.0,295.0,True,HARD,29.0,True,McLaren,0 days 01:49:11.656000,,1,6.0,,,False,True
0 days 01:52:11.179000,SAI,55,0 days 00:01:29.757000,50.0,2.0,,,0 days 00:00:28.763000,0 days 00:00:36.293000,0 days 00:00:24.701000,0 days 01:51:10.250000,0 days 01:51:46.543000,0 days 01:52:11.244000,280.0,268.0,251.0,305.0,True,HARD,30.0,True,McLaren,0 days 01:50:41.422000,,1,6.0,,,False,True
0 days 01:53:41.042000,SAI,55,0 days 00:01:29.863000,51.0,2.0,,,0 days 00:00:28.824000,0 days 00:00:36.256000,0 days 00:00:24.783000,0 days 01:52:40.068000,0 days 01:53:16.324000,0 days 01:53:41.107000,277.0,268.0,252.0,290.0,False,HARD,31.0,True,McLaren,0 days 01:52:11.179000,,1,6.0,,,False,True
0 days 01:55:10.909000,SAI,55,0 days 00:01:29.867000,52.0,2.0,,,0 days 00:00:28.772000,0 days 00:00:36.207000,0 days 00:00:24.888000,0 days 01:54:09.879000,0 days 01:54:46.086000,0 days 01:55:10.974000,287.0,267.0,252.0,291.0,False,HARD,32.0,True,McLaren,0 days 01:53:41.042000,,1,6.0,,,False,True
0 days 00:34:53.280000,RUS,63,0 days 00:01:44.462000,1.0,1.0,,,,0 days 00:00:41.244000,0 days 00:00:26.310000,,0 days 00:34:27.019000,0 days 00:34:53.445000,275.0,252.0,241.0,307.0,False,MEDIUM,1.0,True,Williams,0 days 00:33:08.644000,,1,17.0,,,False,False
0 days 00:36:28.316000,RUS,63,0 days 00:01:35.036000,2.0,1.0,,,0 days 00:00:30.042000,0 days 00:00:38.963000,0 days 00:00:26.031000,0 days 00:35:23.342000,0 days 00:36:02.305000,0 days 00:36:28.336000,288.0,253.0,244.0,297.0,True,MEDIUM,2.0,True,Williams,0 days 00:34:53.280000,,1,17.0,,,False,True
0 days 00:38:02.692000,RUS,63,0 days 00:01:34.376000,3.0,1.0,,,0 days 00:00:29.571000,0 days 00:00:38.841000,0 days 00:00:25.964000,0 days 00:36:57.907000,0 days 00:37:36.748000,0 days 00:38:02.712000,294.0,253.0,244.0,298.0,True,MEDIUM,3.0,True,Williams,0 days 00:36:28.316000,,1,17.0,,,False,True
0 days 00:39:37.272000,RUS,63,0 days 00:01:34.580000,4.0,1.0,,,0 days 00:00:29.480000,0 days 00:00:39.082000,0 days 00:00:26.018000,0 days 00:38:32.192000,0 days 00:39:11.274000,0 days 00:39:37.292000,295.0,254.0,242.0,297.0,False,MEDIUM,4.0,True,Williams,0 days 00:38:02.692000,,1,17.0,,,False,True
0 days 00:41:10.893000,RUS,63,0 days 00:01:33.621000,5.0,1.0,,,0 days 00:00:29.347000,0 days 00:00:38.150000,0 days 00:00:26.124000,0 days 00:40:06.639000,0 days 00:40:44.789000,0 days 00:41:10.913000,305.0,258.0,243.0,325.0,True,MEDIUM,5.0,True,Williams,0 days 00:39:37.272000,,1,17.0,,,False,True
0 days 00:42:44.541000,RUS,63,0 days 00:01:33.648000,6.0,1.0,,,0 days 00:00:29.333000,0 days 00:00:38.267000,0 days 00:00:26.048000,0 days 00:41:40.246000,0 days 00:42:18.513000,0 days 00:42:44.561000,313.0,254.0,243.0,306.0,False,MEDIUM,6.0,True,Williams,0 days 00:41:10.893000,,1,17.0,,,False,True
0 days 00:44:18.636000,RUS,63,0 days 00:01:34.095000,7.0,1.0,,,0 days 00:00:29.758000,0 days 00:00:38.411000,0 days 00:00:25.926000,0 days 00:43:14.319000,0 days 00:43:52.730000,0 days 00:44:18.656000,285.0,252.0,243.0,296.0,False,MEDIUM,7.0,True,Williams,0 days 00:42:44.541000,,1,17.0,,,False,True
0 days 00:45:52.557000,RUS,63,0 days 00:01:33.921000,8.0,1.0,,,0 days 00:00:29.669000,0 days 00:00:38.220000,0 days 00:00:26.032000,0 days 00:44:48.325000,0 days 00:45:26.545000,0 days 00:45:52.577000,286.0,252.0,241.0,296.0,False,MEDIUM,8.0,True,Williams,0 days 00:44:18.636000,,1,17.0,,,False,True
0 days 00:47:26.872000,RUS,63,0 days 00:01:34.315000,9.0,1.0,,,0 days 00:00:29.633000,0 days 00:00:38.451000,0 days 00:00:26.231000,0 days 00:46:22.210000,0 days 00:47:00.661000,0 days 00:47:26.892000,285.0,250.0,242.0,296.0,False,MEDIUM,9.0,True,Williams,0 days 00:45:52.557000,,1,17.0,,,False,True
0 days 00:49:00.763000,RUS,63,0 days 00:01:33.891000,10.0,1.0,,,0 days 00:00:29.687000,0 days 00:00:38.362000,0 days 00:00:25.842000,0 days 00:47:56.579000,0 days 00:48:34.941000,0 days 00:49:00.783000,283.0,251.0,242.0,296.0,False,MEDIUM,10.0,True,Williams,0 days 00:47:26.872000,,1,17.0,,,False,True
0 days 00:50:34.762000,RUS,63,0 days 00:01:33.999000,11.0,1.0,,,0 days 00:00:29.737000,0 days 00:00:38.277000,0 days 00:00:25.985000,0 days 00:49:30.520000,0 days 00:50:08.797000,0 days 00:50:34.782000,284.0,252.0,242.0,294.0,False,MEDIUM,11.0,True,Williams,0 days 00:49:00.763000,,1,17.0,,,False,True
0 days 00:52:08.298000,RUS,63,0 days 00:01:33.536000,12.0,1.0,,,0 days 00:00:29.733000,0 days 00:00:37.902000,0 days 00:00:25.901000,0 days 00:51:04.515000,0 days 00:51:42.417000,0 days 00:52:08.318000,283.0,252.0,243.0,293.0,True,MEDIUM,12.0,True,Williams,0 days 00:50:34.762000,,1,17.0,,,False,True
0 days 00:53:42,RUS,63,0 days 00:01:33.702000,13.0,1.0,,,0 days 00:00:29.769000,0 days 00:00:38.169000,0 days 00:00:25.764000,0 days 00:52:38.087000,0 days 00:53:16.256000,0 days 00:53:42.020000,288.0,251.0,245.0,299.0,False,MEDIUM,13.0,True,Williams,0 days 00:52:08.298000,,1,16.0,,,False,True
0 days 00:55:15.801000,RUS,63,0 days 00:01:33.801000,14.0,1.0,,,0 days 00:00:29.802000,0 days 00:00:38.190000,0 days 00:00:25.809000,0 days 00:54:11.822000,0 days 00:54:50.012000,0 days 00:55:15.821000,284.0,253.0,243.0,294.0,False,MEDIUM,14.0,True,Williams,0 days 00:53:42,,1,13.0,,,False,True
0 days 00:56:50.558000,RUS,63,0 days 00:01:34.757000,15.0,1.0,,,0 days 00:00:29.814000,0 days 00:00:38.501000,0 days 00:00:26.442000,0 days 00:55:45.635000,0 days 00:56:24.136000,0 days 00:56:50.578000,283.0,251.0,244.0,293.0,False,MEDIUM,15.0,True,Williams,0 days 00:55:15.801000,,1,14.0,,,False,True
0 days 00:58:25.188000,RUS,63,0 days 00:01:34.630000,16.0,1.0,,,0 days 00:00:29.685000,0 days 00:00:38.935000,0 days 00:00:26.010000,0 days 00:57:20.263000,0 days 00:57:59.198000,0 days 00:58:25.208000,286.0,253.0,245.0,298.0,False,MEDIUM,16.0,True,Williams,0 days 00:56:50.558000,,1,15.0,,,False,True
0 days 00:59:58.508000,RUS,63,0 days 00:01:33.320000,17.0,1.0,,,0 days 00:00:29.608000,0 days 00:00:38.003000,0 days 00:00:25.709000,0 days 00:58:54.816000,0 days 00:59:32.819000,0 days 00:59:58.528000,285.0,250.0,245.0,294.0,True,MEDIUM,17.0,True,Williams,0 days 00:58:25.188000,,1,15.0,,,False,True
0 days 01:01:32.165000,RUS,63,0 days 00:01:33.657000,18.0,1.0,,,0 days 00:00:29.722000,0 days 00:00:38.070000,0 days 00:00:25.865000,0 days 01:00:28.250000,0 days 01:01:06.320000,0 days 01:01:32.185000,293.0,251.0,245.0,298.0,False,MEDIUM,18.0,True,Williams,0 days 00:59:58.508000,,1,14.0,,,False,True
0 days 01:03:07.228000,RUS,63,0 days 00:01:35.063000,19.0,1.0,,,0 days 00:00:29.545000,0 days 00:00:38.459000,0 days 00:00:27.059000,0 days 01:02:01.730000,0 days 01:02:40.189000,0 days 01:03:07.248000,306.0,252.0,244.0,321.0,False,MEDIUM,19.0,True,Williams,0 days 01:01:32.165000,,12,14.0,,,False,True
0 days 01:05:15.395000,RUS,63,0 days 00:02:08.167000,20.0,1.0,,,0 days 00:00:41.364000,0 days 00:00:52.244000,0 days 00:00:34.559000,0 days 01:03:48.612000,0 days 01:04:40.856000,0 days 01:05:15.415000,182.0,203.0,235.0,262.0,False,MEDIUM,20.0,True,Williams,0 days 01:03:07.228000,,24,15.0,,,False,False
0 days 01:07:22.164000,RUS,63,0 days 00:02:06.769000,21.0,1.0,,0 days 01:07:17.573000,0 days 00:00:43.933000,0 days 00:00:51.639000,0 days 00:00:31.197000,0 days 01:05:59.348000,0 days 01:06:50.987000,0 days 01:07:22.184000,260.0,148.0,,246.0,False,MEDIUM,21.0,True,Williams,0 days 01:05:15.395000,,4,14.0,,,False,False
0 days 01:09:25.286000,RUS,63,0 days 00:02:03.122000,22.0,2.0,0 days 01:07:46.573000,,0 days 00:00:55.116000,0 days 00:00:40.820000,0 days 00:00:27.186000,0 days 01:08:17.300000,0 days 01:08:58.120000,0 days 01:09:25.306000,272.0,245.0,236.0,277.0,False,HARD,1.0,True,Williams,0 days 01:07:22.164000,,4,16.0,,,False,False
0 days 01:11:18.524000,RUS,63,0 days 00:01:53.238000,23.0,2.0,,,0 days 00:00:33.919000,0 days 00:00:47.757000,0 days 00:00:31.562000,0 days 01:09:59.225000,0 days 01:10:46.982000,0 days 01:11:18.544000,221.0,166.0,247.0,238.0,False,HARD,2.0,True,Williams,0 days 01:09:25.286000,,41,16.0,,,False,False
0 days 01:12:54.267000,RUS,63,0 days 00:01:35.743000,24.0,2.0,,,0 days 00:00:29.918000,0 days 00:00:39.541000,0 days 00:00:26.284000,0 days 01:11:48.462000,0 days 01:12:28.003000,0 days 01:12:54.287000,301.0,255.0,245.0,303.0,False,HARD,3.0,True,Williams,0 days 01:11:18.524000,,1,15.0,,,False,True
0 days 01:14:28.484000,RUS,63,0 days 00:01:34.217000,25.0,2.0,,,0 days 00:00:29.616000,0 days 00:00:38.637000,0 days 00:00:25.964000,0 days 01:13:23.903000,0 days 01:14:02.540000,0 days 01:14:28.504000,290.0,255.0,245.0,297.0,False,HARD,4.0,True,Williams,0 days 01:12:54.267000,,1,15.0,,,False,True
0 days 01:16:01.719000,RUS,63,0 days 00:01:33.235000,26.0,2.0,,,0 days 00:00:29.537000,0 days 00:00:37.951000,0 days 00:00:25.747000,0 days 01:14:58.041000,0 days 01:15:35.992000,0 days 01:16:01.739000,290.0,256.0,245.0,300.0,True,HARD,5.0,True,Williams,0 days 01:14:28.484000,,12,15.0,,,False,True
0 days 01:17:34.679000,RUS,63,0 days 00:01:32.960000,27.0,2.0,,,0 days 00:00:29.464000,0 days 00:00:37.840000,0 days 00:00:25.656000,0 days 01:16:31.203000,0 days 01:17:09.043000,0 days 01:17:34.699000,290.0,256.0,245.0,301.0,True,HARD,6.0,True,Williams,0 days 01:16:01.719000,,21,15.0,,,False,True
0 days 01:19:07.822000,RUS,63,0 days 00:01:33.143000,28.0,2.0,,,0 days 00:00:29.438000,0 days 00:00:38.010000,0 days 00:00:25.695000,0 days 01:18:04.137000,0 days 01:18:42.147000,0 days 01:19:07.842000,288.0,254.0,245.0,301.0,False,HARD,7.0,True,Williams,0 days 01:17:34.679000,,1,15.0,,,False,True
0 days 01:20:40.896000,RUS,63,0 days 00:01:33.074000,29.0,2.0,,,0 days 00:00:29.398000,0 days 00:00:37.770000,0 days 00:00:25.906000,0 days 01:19:37.240000,0 days 01:20:15.010000,0 days 01:20:40.916000,287.0,256.0,245.0,293.0,False,HARD,8.0,True,Williams,0 days 01:19:07.822000,,1,15.0,,,False,True
0 days 01:22:13.871000,RUS,63,0 days 00:01:32.975000,30.0,2.0,,,0 days 00:00:29.558000,0 days 00:00:37.745000,0 days 00:00:25.672000,0 days 01:21:10.474000,0 days 01:21:48.219000,0 days 01:22:13.891000,284.0,257.0,246.0,297.0,False,HARD,9.0,True,Williams,0 days 01:20:40.896000,,1,15.0,,,False,True
0 days 01:23:46.785000,RUS,63,0 days 00:01:32.914000,31.0,2.0,,,0 days 00:00:29.471000,0 days 00:00:37.842000,0 days 00:00:25.601000,0 days 01:22:43.362000,0 days 01:23:21.204000,0 days 01:23:46.805000,282.0,257.0,246.0,295.0,True,HARD,10.0,True,Williams,0 days 01:22:13.871000,,1,15.0,,,False,True
0 days 01:25:19.625000,RUS,63,0 days 00:01:32.840000,32.0,2.0,,,0 days 00:00:29.563000,0 days 00:00:37.623000,0 days 00:00:25.654000,0 days 01:24:16.368000,0 days 01:24:53.991000,0 days 01:25:19.645000,282.0,257.0,246.0,296.0,True,HARD,11.0,True,Williams,0 days 01:23:46.785000,,1,15.0,,,False,True
0 days 01:26:52.416000,RUS,63,0 days 00:01:32.791000,33.0,2.0,,,0 days 00:00:29.490000,0 days 00:00:37.693000,0 days 00:00:25.608000,0 days 01:25:49.135000,0 days 01:26:26.828000,0 days 01:26:52.436000,282.0,257.0,247.0,295.0,True,HARD,12.0,True,Williams,0 days 01:25:19.625000,,1,15.0,,,False,True
0 days 01:28:24.469000,RUS,63,0 days 00:01:32.053000,34.0,2.0,,,0 days 00:00:29.408000,0 days 00:00:37.289000,0 days 00:00:25.356000,0 days 01:27:21.844000,0 days 01:27:59.133000,0 days 01:28:24.489000,283.0,257.0,247.0,298.0,True,HARD,13.0,True,Williams,0 days 01:26:52.416000,,1,15.0,,,False,True
0 days 01:29:56.457000,RUS,63,0 days 00:01:31.988000,35.0,2.0,,,0 days 00:00:29.367000,0 days 00:00:37.268000,0 days 00:00:25.353000,0 days 01:28:53.856000,0 days 01:29:31.124000,0 days 01:29:56.477000,283.0,258.0,248.0,298.0,True,HARD,14.0,True,Williams,0 days 01:28:24.469000,,1,15.0,,,False,True
0 days 01:31:29.451000,RUS,63,0 days 00:01:32.994000,36.0,2.0,,,0 days 00:00:29.415000,0 days 00:00:38.153000,0 days 00:00:25.426000,0 days 01:30:25.892000,0 days 01:31:04.045000,0 days 01:31:29.471000,289.0,256.0,248.0,300.0,False,HARD,15.0,True,Williams,0 days 01:29:56.457000,,1,15.0,,,False,True
0 days 01:33:02.254000,RUS,63,0 days 00:01:32.803000,37.0,2.0,,,0 days 00:00:29.333000,0 days 00:00:37.787000,0 days 00:00:25.683000,0 days 01:31:58.804000,0 days 01:32:36.591000,0 days 01:33:02.274000,284.0,257.0,246.0,293.0,False,HARD,16.0,True,Williams,0 days 01:31:29.451000,,12,15.0,,,False,True
0 days 01:34:34.619000,RUS,63,0 days 00:01:32.365000,38.0,2.0,,,0 days 00:00:29.393000,0 days 00:00:37.478000,0 days 00:00:25.494000,0 days 01:33:31.667000,0 days 01:34:09.145000,0 days 01:34:34.639000,284.0,258.0,246.0,295.0,False,HARD,17.0,True,Williams,0 days 01:33:02.254000,,1,15.0,,,False,True
0 days 01:36:07.236000,RUS,63,0 days 00:01:32.617000,39.0,2.0,,,0 days 00:00:29.522000,0 days 00:00:37.525000,0 days 00:00:25.570000,0 days 01:35:04.161000,0 days 01:35:41.686000,0 days 01:36:07.256000,284.0,258.0,247.0,295.0,False,HARD,18.0,True,Williams,0 days 01:34:34.619000,,1,14.0,,,False,True
0 days 01:37:39.649000,RUS,63,0 days 00:01:32.413000,40.0,2.0,,,0 days 00:00:29.406000,0 days 00:00:37.613000,0 days 00:00:25.394000,0 days 01:36:36.662000,0 days 01:37:14.275000,0 days 01:37:39.669000,285.0,259.0,248.0,300.0,False,HARD,19.0,True,Williams,0 days 01:36:07.236000,,1,13.0,,,False,True
0 days 01:39:13.235000,RUS,63,0 days 00:01:33.586000,41.0,2.0,,,0 days 00:00:29.432000,0 days 00:00:38.872000,0 days 00:00:25.282000,0 days 01:38:09.101000,0 days 01:38:47.973000,0 days 01:39:13.255000,294.0,260.0,248.0,321.0,False,HARD,20.0,True,Williams,0 days 01:37:39.649000,,1,14.0,,,False,True
0 days 01:40:45.297000,RUS,63,0 days 00:01:32.062000,42.0,2.0,,,0 days 00:00:29.190000,0 days 00:00:37.472000,0 days 00:00:25.400000,0 days 01:39:42.445000,0 days 01:40:19.917000,0 days 01:40:45.317000,285.0,259.0,249.0,292.0,False,HARD,21.0,True,Williams,0 days 01:39:13.235000,,1,14.0,,,False,True
0 days 01:42:17.294000,RUS,63,0 days 00:01:31.997000,43.0,2.0,,,0 days 00:00:29.258000,0 days 00:00:37.276000,0 days 00:00:25.463000,0 days 01:41:14.575000,0 days 01:41:51.851000,0 days 01:42:17.314000,284.0,259.0,248.0,293.0,False,HARD,22.0,True,Williams,0 days 01:40:45.297000,,1,14.0,,,False,True
0 days 01:43:49.052000,RUS,63,0 days 00:01:31.758000,44.0,2.0,,,0 days 00:00:29.221000,0 days 00:00:37.245000,0 days 00:00:25.292000,0 days 01:42:46.535000,0 days 01:43:23.780000,0 days 01:43:49.072000,284.0,260.0,249.0,295.0,True,HARD,23.0,True,Williams,0 days 01:42:17.294000,,1,14.0,,,False,True
0 days 01:45:20.789000,RUS,63,0 days 00:01:31.737000,45.0,2.0,,,0 days 00:00:29.204000,0 days 00:00:37.217000,0 days 00:00:25.316000,0 days 01:44:18.276000,0 days 01:44:55.493000,0 days 01:45:20.809000,284.0,259.0,249.0,295.0,True,HARD,24.0,True,Williams,0 days 01:43:49.052000,,1,14.0,,,False,True
0 days 01:46:53.056000,RUS,63,0 days 00:01:32.267000,46.0,2.0,,,0 days 00:00:29.268000,0 days 00:00:37.520000,0 days 00:00:25.479000,0 days 01:45:50.077000,0 days 01:46:27.597000,0 days 01:46:53.076000,283.0,259.0,247.0,294.0,False,HARD,25.0,True,Williams,0 days 01:45:20.789000,,1,14.0,,,False,True
0 days 01:48:26.196000,RUS,63,0 days 00:01:33.140000,47.0,2.0,,,0 days 00:00:30.176000,0 days 00:00:37.517000,0 days 00:00:25.447000,0 days 01:47:23.252000,0 days 01:48:00.769000,0 days 01:48:26.216000,306.0,258.0,248.0,295.0,False,HARD,26.0,True,Williams,0 days 01:46:53.056000,,1,14.0,,,False,True
0 days 01:49:58.030000,RUS,63,0 days 00:01:31.834000,48.0,2.0,,,0 days 00:00:29.193000,0 days 00:00:37.239000,0 days 00:00:25.402000,0 days 01:48:55.409000,0 days 01:49:32.648000,0 days 01:49:58.050000,283.0,260.0,248.0,295.0,False,HARD,27.0,True,Williams,0 days 01:48:26.196000,,1,14.0,,,False,True
0 days 01:51:29.713000,RUS,63,0 days 00:01:31.683000,49.0,2.0,,,0 days 00:00:29.256000,0 days 00:00:37.165000,0 days 00:00:25.262000,0 days 01:50:27.306000,0 days 01:51:04.471000,0 days 01:51:29.733000,284.0,260.0,247.0,297.0,True,HARD,28.0,True,Williams,0 days 01:49:58.030000,,1,14.0,,,False,True
0 days 01:53:00.726000,RUS,63,0 days 00:01:31.013000,50.0,2.0,,,0 days 00:00:28.992000,0 days 00:00:36.893000,0 days 00:00:25.128000,0 days 01:51:58.725000,0 days 01:52:35.618000,0 days 01:53:00.746000,290.0,262.0,249.0,300.0,True,HARD,29.0,True,Williams,0 days 01:51:29.713000,,1,14.0,,,False,True
0 days 01:54:32.676000,RUS,63,0 days 00:01:31.950000,51.0,2.0,,,0 days 00:00:29.302000,0 days 00:00:37.117000,0 days 00:00:25.531000,0 days 01:53:30.048000,0 days 01:54:07.165000,0 days 01:54:32.696000,282.0,260.0,247.0,287.0,False,HARD,30.0,True,Williams,0 days 01:53:00.726000,,1,14.0,,,False,True
0 days 00:34:50.832000,RAI,7,0 days 00:01:42.014000,1.0,1.0,,,,0 days 00:00:39.645000,0 days 00:00:26.554000,,0 days 00:34:24.367000,0 days 00:34:51.012000,299.0,252.0,243.0,304.0,False,MEDIUM,1.0,True,Alfa Romeo Racing,0 days 00:33:08.644000,,1,12.0,,,False,False
0 days 00:36:25.063000,RAI,7,0 days 00:01:34.231000,2.0,1.0,,,0 days 00:00:29.541000,0 days 00:00:38.764000,0 days 00:00:25.926000,0 days 00:35:20.418000,0 days 00:35:59.182000,0 days 00:36:25.108000,289.0,255.0,245.0,294.0,True,MEDIUM,2.0,True,Alfa Romeo Racing,0 days 00:34:50.832000,,1,12.0,,,False,True
0 days 00:37:58.530000,RAI,7,0 days 00:01:33.467000,3.0,1.0,,,0 days 00:00:29.518000,0 days 00:00:38.193000,0 days 00:00:25.756000,0 days 00:36:54.626000,0 days 00:37:32.819000,0 days 00:37:58.575000,293.0,253.0,243.0,300.0,True,MEDIUM,3.0,True,Alfa Romeo Racing,0 days 00:36:25.063000,,1,12.0,,,False,True
0 days 00:39:31.970000,RAI,7,0 days 00:01:33.440000,4.0,1.0,,,0 days 00:00:29.560000,0 days 00:00:38.066000,0 days 00:00:25.814000,0 days 00:38:28.135000,0 days 00:39:06.201000,0 days 00:39:32.015000,293.0,252.0,241.0,307.0,True,MEDIUM,4.0,True,Alfa Romeo Racing,0 days 00:37:58.530000,,1,12.0,,,False,True
0 days 00:41:06.222000,RAI,7,0 days 00:01:34.252000,5.0,1.0,,,0 days 00:00:29.535000,0 days 00:00:38.063000,0 days 00:00:26.654000,0 days 00:40:01.550000,0 days 00:40:39.613000,0 days 00:41:06.267000,285.0,253.0,243.0,306.0,False,MEDIUM,5.0,True,Alfa Romeo Racing,0 days 00:39:31.970000,,1,13.0,,,False,True
0 days 00:42:39.701000,RAI,7,0 days 00:01:33.479000,6.0,1.0,,,0 days 00:00:29.493000,0 days 00:00:38.077000,0 days 00:00:25.909000,0 days 00:41:35.760000,0 days 00:42:13.837000,0 days 00:42:39.746000,304.0,256.0,242.0,315.0,False,MEDIUM,6.0,True,Alfa Romeo Racing,0 days 00:41:06.222000,,1,13.0,,,False,True
0 days 00:44:13.231000,RAI,7,0 days 00:01:33.530000,7.0,1.0,,,0 days 00:00:29.525000,0 days 00:00:38.229000,0 days 00:00:25.776000,0 days 00:43:09.271000,0 days 00:43:47.500000,0 days 00:44:13.276000,301.0,253.0,242.0,307.0,False,MEDIUM,7.0,True,Alfa Romeo Racing,0 days 00:42:39.701000,,1,13.0,,,False,True
0 days 00:45:46.153000,RAI,7,0 days 00:01:32.922000,8.0,1.0,,,0 days 00:00:29.298000,0 days 00:00:37.828000,0 days 00:00:25.796000,0 days 00:44:42.574000,0 days 00:45:20.402000,0 days 00:45:46.198000,302.0,255.0,242.0,314.0,True,MEDIUM,8.0,True,Alfa Romeo Racing,0 days 00:44:13.231000,,1,13.0,,,False,True
0 days 00:47:19.251000,RAI,7,0 days 00:01:33.098000,9.0,1.0,,,0 days 00:00:29.395000,0 days 00:00:37.949000,0 days 00:00:25.754000,0 days 00:46:15.593000,0 days 00:46:53.542000,0 days 00:47:19.296000,301.0,255.0,244.0,312.0,False,MEDIUM,9.0,True,Alfa Romeo Racing,0 days 00:45:46.153000,,1,13.0,,,False,True
0 days 00:48:51.922000,RAI,7,0 days 00:01:32.671000,10.0,1.0,,,0 days 00:00:29.121000,0 days 00:00:37.915000,0 days 00:00:25.635000,0 days 00:47:48.417000,0 days 00:48:26.332000,0 days 00:48:51.967000,303.0,254.0,243.0,314.0,True,MEDIUM,10.0,True,Alfa Romeo Racing,0 days 00:47:19.251000,,1,13.0,,,False,True
0 days 00:50:24.406000,RAI,7,0 days 00:01:32.484000,11.0,1.0,,,0 days 00:00:29.186000,0 days 00:00:37.833000,0 days 00:00:25.465000,0 days 00:49:21.153000,0 days 00:49:58.986000,0 days 00:50:24.451000,304.0,255.0,242.0,315.0,True,MEDIUM,11.0,True,Alfa Romeo Racing,0 days 00:48:51.922000,,1,13.0,,,False,True
0 days 00:51:57.071000,RAI,7,0 days 00:01:32.665000,12.0,1.0,,,0 days 00:00:29.277000,0 days 00:00:37.781000,0 days 00:00:25.607000,0 days 00:50:53.728000,0 days 00:51:31.509000,0 days 00:51:57.116000,302.0,255.0,243.0,315.0,False,MEDIUM,12.0,True,Alfa Romeo Racing,0 days 00:50:24.406000,,1,13.0,,,False,True
0 days 00:53:30.039000,RAI,7,0 days 00:01:32.968000,13.0,1.0,,,0 days 00:00:29.265000,0 days 00:00:38.071000,0 days 00:00:25.632000,0 days 00:52:26.381000,0 days 00:53:04.452000,0 days 00:53:30.084000,305.0,255.0,245.0,318.0,False,MEDIUM,13.0,True,Alfa Romeo Racing,0 days 00:51:57.071000,,1,12.0,,,False,True
0 days 00:55:03.094000,RAI,7,0 days 00:01:33.055000,14.0,1.0,,,0 days 00:00:29.216000,0 days 00:00:38.330000,0 days 00:00:25.509000,0 days 00:53:59.300000,0 days 00:54:37.630000,0 days 00:55:03.139000,306.0,249.0,244.0,316.0,False,MEDIUM,14.0,True,Alfa Romeo Racing,0 days 00:53:30.039000,,1,9.0,,,False,True
0 days 00:56:35.525000,RAI,7,0 days 00:01:32.431000,15.0,1.0,,,0 days 00:00:29.319000,0 days 00:00:37.761000,0 days 00:00:25.351000,0 days 00:55:32.458000,0 days 00:56:10.219000,0 days 00:56:35.570000,287.0,255.0,244.0,317.0,True,MEDIUM,15.0,True,Alfa Romeo Racing,0 days 00:55:03.094000,,1,9.0,,,False,True
0 days 00:58:07.972000,RAI,7,0 days 00:01:32.447000,16.0,1.0,,,0 days 00:00:29.150000,0 days 00:00:37.703000,0 days 00:00:25.594000,0 days 00:57:04.720000,0 days 00:57:42.423000,0 days 00:58:08.017000,303.0,253.0,246.0,298.0,False,MEDIUM,16.0,True,Alfa Romeo Racing,0 days 00:56:35.525000,,1,9.0,,,False,True
0 days 00:59:40.165000,RAI,7,0 days 00:01:32.193000,17.0,1.0,,0 days 00:59:34.379000,0 days 00:00:29.335000,0 days 00:00:37.620000,0 days 00:00:25.238000,0 days 00:58:37.352000,0 days 00:59:14.972000,0 days 00:59:40.210000,288.0,249.0,,299.0,False,MEDIUM,17.0,True,Alfa Romeo Racing,0 days 00:58:07.972000,,1,9.0,,,False,False
0 days 01:01:32.872000,RAI,7,0 days 00:01:52.707000,18.0,2.0,0 days 01:00:02.771000,,0 days 00:00:49.177000,0 days 00:00:37.761000,0 days 00:00:25.769000,0 days 01:00:29.387000,0 days 01:01:07.148000,0 days 01:01:32.917000,297.0,257.0,243.0,313.0,False,HARD,1.0,True,Alfa Romeo Racing,0 days 00:59:40.165000,,1,15.0,,,False,False
0 days 01:03:07.350000,RAI,7,0 days 00:01:34.478000,19.0,2.0,,,0 days 00:00:29.497000,0 days 00:00:38.582000,0 days 00:00:26.399000,0 days 01:02:02.414000,0 days 01:02:40.996000,0 days 01:03:07.395000,310.0,259.0,248.0,321.0,False,HARD,2.0,True,Alfa Romeo Racing,0 days 01:01:32.872000,,12,15.0,,,False,True
0 days 01:05:14.965000,RAI,7,0 days 00:02:07.615000,20.0,2.0,,,0 days 00:00:40.304000,0 days 00:00:52.805000,0 days 00:00:34.506000,0 days 01:03:47.699000,0 days 01:04:40.504000,0 days 01:05:15.010000,223.0,185.0,223.0,261.0,False,HARD,3.0,True,Alfa Romeo Racing,0 days 01:03:07.350000,,24,14.0,,,False,False
0 days 01:07:23.427000,RAI,7,0 days 00:02:08.462000,21.0,2.0,,,0 days 00:00:43.097000,0 days 00:00:52.182000,0 days 00:00:33.183000,0 days 01:05:58.107000,0 days 01:06:50.289000,0 days 01:07:23.472000,254.0,151.0,229.0,239.0,False,HARD,4.0,True,Alfa Romeo Racing,0 days 01:05:14.965000,,4,15.0,,,False,False
0 days 01:09:06.011000,RAI,7,0 days 00:01:42.584000,22.0,2.0,,,0 days 00:00:31.111000,0 days 00:00:40.549000,0 days 00:00:30.924000,0 days 01:07:54.583000,0 days 01:08:35.132000,0 days 01:09:06.056000,269.0,234.0,225.0,278.0,False,HARD,5.0,True,Alfa Romeo Racing,0 days 01:07:23.427000,,4,13.0,,,False,False
0 days 01:11:16.925000,RAI,7,0 days 00:02:10.914000,23.0,2.0,,,0 days 00:00:47.844000,0 days 00:00:51.202000,0 days 00:00:31.868000,0 days 01:09:53.900000,0 days 01:10:45.102000,0 days 01:11:16.970000,128.0,187.0,246.0,165.0,False,HARD,6.0,True,Alfa Romeo Racing,0 days 01:09:06.011000,,41,13.0,,,False,False
0 days 01:12:51.146000,RAI,7,0 days 00:01:34.221000,24.0,2.0,,,0 days 00:00:29.795000,0 days 00:00:38.540000,0 days 00:00:25.886000,0 days 01:11:46.765000,0 days 01:12:25.305000,0 days 01:12:51.191000,299.0,259.0,247.0,302.0,False,HARD,7.0,True,Alfa Romeo Racing,0 days 01:11:16.925000,,1,11.0,,,False,True
0 days 01:14:24.352000,RAI,7,0 days 00:01:33.206000,25.0,2.0,,,0 days 00:00:29.305000,0 days 00:00:38.110000,0 days 00:00:25.791000,0 days 01:13:20.496000,0 days 01:13:58.606000,0 days 01:14:24.397000,290.0,257.0,248.0,306.0,False,HARD,8.0,True,Alfa Romeo Racing,0 days 01:12:51.146000,,1,11.0,,,False,True
0 days 01:15:56.406000,RAI,7,0 days 00:01:32.054000,26.0,2.0,,,0 days 00:00:29.151000,0 days 00:00:37.604000,0 days 00:00:25.299000,0 days 01:14:53.548000,0 days 01:15:31.152000,0 days 01:15:56.451000,310.0,259.0,248.0,323.0,True,HARD,9.0,True,Alfa Romeo Racing,0 days 01:14:24.352000,,12,11.0,,,False,True
0 days 01:17:28.359000,RAI,7,0 days 00:01:31.953000,27.0,2.0,,,0 days 00:00:29.110000,0 days 00:00:37.662000,0 days 00:00:25.181000,0 days 01:16:25.561000,0 days 01:17:03.223000,0 days 01:17:28.404000,310.0,259.0,246.0,322.0,True,HARD,10.0,True,Alfa Romeo Racing,0 days 01:15:56.406000,,21,11.0,,,False,True
0 days 01:19:00.365000,RAI,7,0 days 00:01:32.006000,28.0,2.0,,,0 days 00:00:29.160000,0 days 00:00:37.556000,0 days 00:00:25.290000,0 days 01:17:57.564000,0 days 01:18:35.120000,0 days 01:19:00.410000,292.0,257.0,246.0,302.0,False,HARD,11.0,True,Alfa Romeo Racing,0 days 01:17:28.359000,,1,11.0,,,False,True
0 days 01:20:32.224000,RAI,7,0 days 00:01:31.859000,29.0,2.0,,,0 days 00:00:29.137000,0 days 00:00:37.302000,0 days 00:00:25.420000,0 days 01:19:29.547000,0 days 01:20:06.849000,0 days 01:20:32.269000,289.0,256.0,247.0,296.0,True,HARD,12.0,True,Alfa Romeo Racing,0 days 01:19:00.365000,,1,11.0,,,False,True
0 days 01:22:03.586000,RAI,7,0 days 00:01:31.362000,30.0,2.0,,,0 days 00:00:29.091000,0 days 00:00:36.983000,0 days 00:00:25.288000,0 days 01:21:01.360000,0 days 01:21:38.343000,0 days 01:22:03.631000,285.0,257.0,246.0,299.0,True,HARD,13.0,True,Alfa Romeo Racing,0 days 01:20:32.224000,,1,11.0,,,False,True
0 days 01:23:35.067000,RAI,7,0 days 00:01:31.481000,31.0,2.0,,,0 days 00:00:29.039000,0 days 00:00:37.274000,0 days 00:00:25.168000,0 days 01:22:32.670000,0 days 01:23:09.944000,0 days 01:23:35.112000,290.0,256.0,248.0,304.0,False,HARD,14.0,True,Alfa Romeo Racing,0 days 01:22:03.586000,,1,11.0,,,False,True
0 days 01:25:06.419000,RAI,7,0 days 00:01:31.352000,32.0,2.0,,,0 days 00:00:28.895000,0 days 00:00:37.305000,0 days 00:00:25.152000,0 days 01:24:04.007000,0 days 01:24:41.312000,0 days 01:25:06.464000,305.0,258.0,250.0,320.0,True,HARD,15.0,True,Alfa Romeo Racing,0 days 01:23:35.067000,,1,11.0,,,False,True
0 days 01:26:37.867000,RAI,7,0 days 00:01:31.448000,33.0,2.0,,,0 days 00:00:28.962000,0 days 00:00:37.376000,0 days 00:00:25.110000,0 days 01:25:35.426000,0 days 01:26:12.802000,0 days 01:26:37.912000,304.0,261.0,250.0,321.0,False,HARD,16.0,True,Alfa Romeo Racing,0 days 01:25:06.419000,,1,11.0,,,False,True
0 days 01:28:08.993000,RAI,7,0 days 00:01:31.126000,34.0,2.0,,,0 days 00:00:28.820000,0 days 00:00:37.195000,0 days 00:00:25.111000,0 days 01:27:06.732000,0 days 01:27:43.927000,0 days 01:28:09.038000,308.0,261.0,250.0,322.0,True,HARD,17.0,True,Alfa Romeo Racing,0 days 01:26:37.867000,,1,11.0,,,False,True
0 days 01:29:40.150000,RAI,7,0 days 00:01:31.157000,35.0,2.0,,,0 days 00:00:28.849000,0 days 00:00:37.162000,0 days 00:00:25.146000,0 days 01:28:37.887000,0 days 01:29:15.049000,0 days 01:29:40.195000,307.0,261.0,251.0,318.0,False,HARD,18.0,True,Alfa Romeo Racing,0 days 01:28:08.993000,,1,11.0,,,False,True
0 days 01:31:11.228000,RAI,7,0 days 00:01:31.078000,36.0,2.0,,,0 days 00:00:28.856000,0 days 00:00:37.159000,0 days 00:00:25.063000,0 days 01:30:09.051000,0 days 01:30:46.210000,0 days 01:31:11.273000,306.0,262.0,249.0,317.0,True,HARD,19.0,True,Alfa Romeo Racing,0 days 01:29:40.150000,,1,10.0,,,False,True
0 days 01:32:42.614000,RAI,7,0 days 00:01:31.386000,37.0,2.0,,,0 days 00:00:28.810000,0 days 00:00:37.343000,0 days 00:00:25.233000,0 days 01:31:40.083000,0 days 01:32:17.426000,0 days 01:32:42.659000,302.0,260.0,247.0,316.0,False,HARD,20.0,True,Alfa Romeo Racing,0 days 01:31:11.228000,,12,10.0,,,False,True
0 days 01:34:13.907000,RAI,7,0 days 00:01:31.293000,38.0,2.0,,,0 days 00:00:28.776000,0 days 00:00:37.305000,0 days 00:00:25.212000,0 days 01:33:11.435000,0 days 01:33:48.740000,0 days 01:34:13.952000,302.0,259.0,248.0,316.0,False,HARD,21.0,True,Alfa Romeo Racing,0 days 01:32:42.614000,,1,9.0,,,False,True
0 days 01:35:45.406000,RAI,7,0 days 00:01:31.499000,39.0,2.0,,,0 days 00:00:28.768000,0 days 00:00:37.473000,0 days 00:00:25.258000,0 days 01:34:42.720000,0 days 01:35:20.193000,0 days 01:35:45.451000,303.0,259.0,247.0,312.0,False,HARD,22.0,True,Alfa Romeo Racing,0 days 01:34:13.907000,,1,9.0,,,False,True
0 days 01:37:16.551000,RAI,7,0 days 00:01:31.145000,40.0,2.0,,,0 days 00:00:28.648000,0 days 00:00:37.413000,0 days 00:00:25.084000,0 days 01:36:14.099000,0 days 01:36:51.512000,0 days 01:37:16.596000,305.0,259.0,249.0,313.0,False,HARD,23.0,True,Alfa Romeo Racing,0 days 01:35:45.406000,,1,9.0,,,False,True
0 days 01:38:47.845000,RAI,7,0 days 00:01:31.294000,41.0,2.0,,,0 days 00:00:28.850000,0 days 00:00:37.144000,0 days 00:00:25.300000,0 days 01:37:45.446000,0 days 01:38:22.590000,0 days 01:38:47.890000,305.0,261.0,250.0,316.0,False,HARD,24.0,True,Alfa Romeo Racing,0 days 01:37:16.551000,,1,9.0,,,False,True
0 days 01:40:19.062000,RAI,7,0 days 00:01:31.217000,42.0,2.0,,,0 days 00:00:28.921000,0 days 00:00:37.163000,0 days 00:00:25.133000,0 days 01:39:16.811000,0 days 01:39:53.974000,0 days 01:40:19.107000,304.0,263.0,251.0,313.0,False,HARD,25.0,True,Alfa Romeo Racing,0 days 01:38:47.845000,,1,9.0,,,False,True
0 days 01:41:49.361000,RAI,7,0 days 00:01:30.299000,43.0,2.0,,,0 days 00:00:28.665000,0 days 00:00:37.148000,0 days 00:00:24.486000,0 days 01:40:47.772000,0 days 01:41:24.920000,0 days 01:41:49.406000,306.0,264.0,244.0,330.0,True,HARD,26.0,True,Alfa Romeo Racing,0 days 01:40:19.062000,,1,8.0,,,False,True
0 days 01:43:19.756000,RAI,7,0 days 00:01:30.395000,44.0,2.0,,,0 days 00:00:29.023000,0 days 00:00:36.508000,0 days 00:00:24.864000,0 days 01:42:18.429000,0 days 01:42:54.937000,0 days 01:43:19.801000,294.0,260.0,248.0,303.0,False,HARD,27.0,True,Alfa Romeo Racing,0 days 01:41:49.361000,,1,8.0,,,False,True
0 days 01:44:50.271000,RAI,7,0 days 00:01:30.515000,45.0,2.0,,,0 days 00:00:28.935000,0 days 00:00:36.718000,0 days 00:00:24.862000,0 days 01:43:48.736000,0 days 01:44:25.454000,0 days 01:44:50.316000,281.0,261.0,248.0,297.0,False,HARD,28.0,True,Alfa Romeo Racing,0 days 01:43:19.756000,,1,8.0,,,False,True
0 days 01:46:20.865000,RAI,7,0 days 00:01:30.594000,46.0,2.0,,,0 days 00:00:28.969000,0 days 00:00:36.680000,0 days 00:00:24.945000,0 days 01:45:19.285000,0 days 01:45:55.965000,0 days 01:46:20.910000,289.0,260.0,248.0,294.0,False,HARD,29.0,True,Alfa Romeo Racing,0 days 01:44:50.271000,,1,8.0,,,False,True
0 days 01:47:51.444000,RAI,7,0 days 00:01:30.579000,47.0,2.0,,,0 days 00:00:28.980000,0 days 00:00:36.616000,0 days 00:00:24.983000,0 days 01:46:49.890000,0 days 01:47:26.506000,0 days 01:47:51.489000,286.0,261.0,246.0,297.0,False,HARD,30.0,True,Alfa Romeo Racing,0 days 01:46:20.865000,,1,8.0,,,False,True
0 days 01:49:21.838000,RAI,7,0 days 00:01:30.394000,48.0,2.0,,,0 days 00:00:28.963000,0 days 00:00:36.591000,0 days 00:00:24.840000,0 days 01:48:20.452000,0 days 01:48:57.043000,0 days 01:49:21.883000,288.0,261.0,248.0,295.0,False,HARD,31.0,True,Alfa Romeo Racing,0 days 01:47:51.444000,,1,8.0,,,False,True
0 days 01:50:52.306000,RAI,7,0 days 00:01:30.468000,49.0,2.0,,,0 days 00:00:28.997000,0 days 00:00:36.589000,0 days 00:00:24.882000,0 days 01:49:50.880000,0 days 01:50:27.469000,0 days 01:50:52.351000,281.0,261.0,248.0,295.0,False,HARD,32.0,True,Alfa Romeo Racing,0 days 01:49:21.838000,,1,8.0,,,False,True
0 days 01:52:22.740000,RAI,7,0 days 00:01:30.434000,50.0,2.0,,,0 days 00:00:29.082000,0 days 00:00:36.681000,0 days 00:00:24.671000,0 days 01:51:21.433000,0 days 01:51:58.114000,0 days 01:52:22.785000,281.0,263.0,247.0,303.0,False,HARD,33.0,True,Alfa Romeo Racing,0 days 01:50:52.306000,,1,8.0,,,False,True
0 days 01:53:52.774000,RAI,7,0 days 00:01:30.034000,51.0,2.0,,,0 days 00:00:28.950000,0 days 00:00:36.485000,0 days 00:00:24.599000,0 days 01:52:51.735000,0 days 01:53:28.220000,0 days 01:53:52.819000,285.0,262.0,250.0,302.0,True,HARD,34.0,True,Alfa Romeo Racing,0 days 01:52:22.740000,,1,8.0,,,False,True
0 days 01:55:22.810000,RAI,7,0 days 00:01:30.036000,52.0,2.0,,,0 days 00:00:28.892000,0 days 00:00:36.408000,0 days 00:00:24.736000,0 days 01:54:21.711000,0 days 01:54:58.119000,0 days 01:55:22.855000,281.0,264.0,247.0,302.0,False,HARD,35.0,True,Alfa Romeo Racing,0 days 01:53:52.774000,,1,8.0,,,False,True
0 days 00:34:43.279000,BOT,77,0 days 00:01:34.461000,1.0,1.0,,,,0 days 00:00:37.386000,0 days 00:00:25.447000,,0 days 00:34:17.940000,0 days 00:34:43.508000,292.0,259.0,242.0,301.0,False,MEDIUM,6.0,False,Mercedes,0 days 00:33:08.644000,,1,1.0,,,False,False
0 days 00:36:14.923000,BOT,77,0 days 00:01:31.644000,2.0,1.0,,,0 days 00:00:29.281000,0 days 00:00:37.101000,0 days 00:00:25.262000,0 days 00:35:12.633000,0 days 00:35:49.734000,0 days 00:36:14.996000,295.0,258.0,246.0,297.0,True,MEDIUM,7.0,False,Mercedes,0 days 00:34:43.279000,,1,1.0,,,False,True
0 days 00:37:46.908000,BOT,77,0 days 00:01:31.985000,3.0,1.0,,,0 days 00:00:29.268000,0 days 00:00:37.226000,0 days 00:00:25.491000,0 days 00:36:44.264000,0 days 00:37:21.490000,0 days 00:37:46.981000,285.0,259.0,247.0,306.0,False,MEDIUM,8.0,False,Mercedes,0 days 00:36:14.923000,,1,1.0,,,False,True
0 days 00:39:18.511000,BOT,77,0 days 00:01:31.603000,4.0,1.0,,,0 days 00:00:29.178000,0 days 00:00:37.395000,0 days 00:00:25.030000,0 days 00:38:16.159000,0 days 00:38:53.554000,0 days 00:39:18.584000,295.0,259.0,246.0,300.0,True,MEDIUM,9.0,False,Mercedes,0 days 00:37:46.908000,,1,1.0,,,False,True
0 days 00:40:49.524000,BOT,77,0 days 00:01:31.013000,5.0,1.0,,,0 days 00:00:29.128000,0 days 00:00:36.764000,0 days 00:00:25.121000,0 days 00:39:47.712000,0 days 00:40:24.476000,0 days 00:40:49.597000,284.0,259.0,247.0,295.0,True,MEDIUM,10.0,False,Mercedes,0 days 00:39:18.511000,,1,1.0,,,False,True
0 days 00:42:20.961000,BOT,77,0 days 00:01:31.437000,6.0,1.0,,,0 days 00:00:29.308000,0 days 00:00:36.956000,0 days 00:00:25.173000,0 days 00:41:18.905000,0 days 00:41:55.861000,0 days 00:42:21.034000,285.0,259.0,246.0,293.0,False,MEDIUM,11.0,False,Mercedes,0 days 00:40:49.524000,,1,1.0,,,False,True
0 days 00:43:51.899000,BOT,77,0 days 00:01:30.938000,7.0,1.0,,,0 days 00:00:29.165000,0 days 00:00:36.770000,0 days 00:00:25.003000,0 days 00:42:50.199000,0 days 00:43:26.969000,0 days 00:43:51.972000,287.0,260.0,246.0,298.0,True,MEDIUM,12.0,False,Mercedes,0 days 00:42:20.961000,,1,1.0,,,False,True
0 days 00:45:22.790000,BOT,77,0 days 00:01:30.891000,8.0,1.0,,,0 days 00:00:29.172000,0 days 00:00:36.762000,0 days 00:00:24.957000,0 days 00:44:21.144000,0 days 00:44:57.906000,0 days 00:45:22.863000,287.0,259.0,246.0,298.0,True,MEDIUM,13.0,False,Mercedes,0 days 00:43:51.899000,,1,1.0,,,False,True
0 days 00:46:54.200000,BOT,77,0 days 00:01:31.410000,9.0,1.0,,,0 days 00:00:29.124000,0 days 00:00:37.052000,0 days 00:00:25.234000,0 days 00:45:51.987000,0 days 00:46:29.039000,0 days 00:46:54.273000,290.0,258.0,247.0,301.0,False,MEDIUM,14.0,False,Mercedes,0 days 00:45:22.790000,,1,1.0,,,False,True
0 days 00:48:24.925000,BOT,77,0 days 00:01:30.725000,10.0,1.0,,,0 days 00:00:29.056000,0 days 00:00:36.821000,0 days 00:00:24.848000,0 days 00:47:23.329000,0 days 00:48:00.150000,0 days 00:48:24.998000,288.0,258.0,247.0,298.0,True,MEDIUM,15.0,False,Mercedes,0 days 00:46:54.200000,,1,1.0,,,False,True
0 days 00:49:55.826000,BOT,77,0 days 00:01:30.901000,11.0,1.0,,,0 days 00:00:29.169000,0 days 00:00:36.793000,0 days 00:00:24.939000,0 days 00:48:54.167000,0 days 00:49:30.960000,0 days 00:49:55.899000,288.0,259.0,247.0,298.0,False,MEDIUM,16.0,False,Mercedes,0 days 00:48:24.925000,,1,1.0,,,False,True
0 days 00:51:26.698000,BOT,77,0 days 00:01:30.872000,12.0,1.0,,,0 days 00:00:29.205000,0 days 00:00:36.724000,0 days 00:00:24.943000,0 days 00:50:25.104000,0 days 00:51:01.828000,0 days 00:51:26.771000,288.0,259.0,247.0,297.0,False,MEDIUM,17.0,False,Mercedes,0 days 00:49:55.826000,,1,1.0,,,False,True
0 days 00:52:57.439000,BOT,77,0 days 00:01:30.741000,13.0,1.0,,,0 days 00:00:29.145000,0 days 00:00:36.722000,0 days 00:00:24.874000,0 days 00:51:55.916000,0 days 00:52:32.638000,0 days 00:52:57.512000,285.0,260.0,248.0,293.0,False,MEDIUM,18.0,False,Mercedes,0 days 00:51:26.698000,,1,1.0,,,False,True
0 days 00:54:28.305000,BOT,77,0 days 00:01:30.866000,14.0,1.0,,,0 days 00:00:29.199000,0 days 00:00:36.657000,0 days 00:00:25.010000,0 days 00:53:26.711000,0 days 00:54:03.368000,0 days 00:54:28.378000,285.0,259.0,247.0,295.0,False,MEDIUM,19.0,False,Mercedes,0 days 00:52:57.439000,,1,1.0,,,False,True
0 days 00:55:58.936000,BOT,77,0 days 00:01:30.631000,15.0,1.0,,,0 days 00:00:29.206000,0 days 00:00:36.532000,0 days 00:00:24.893000,0 days 00:54:57.584000,0 days 00:55:34.116000,0 days 00:55:59.009000,288.0,260.0,248.0,299.0,True,MEDIUM,20.0,False,Mercedes,0 days 00:54:28.305000,,1,1.0,,,False,True
0 days 00:57:29.566000,BOT,77,0 days 00:01:30.630000,16.0,1.0,,0 days 00:57:23.699000,0 days 00:00:29.035000,0 days 00:00:36.698000,0 days 00:00:24.897000,0 days 00:56:28.044000,0 days 00:57:04.742000,0 days 00:57:29.639000,284.0,260.0,,294.0,False,MEDIUM,21.0,False,Mercedes,0 days 00:55:58.936000,,1,1.0,,,False,False
0 days 00:59:19.606000,BOT,77,0 days 00:01:50.040000,17.0,2.0,0 days 00:57:52.091000,,0 days 00:00:48.636000,0 days 00:00:36.555000,0 days 00:00:24.849000,0 days 00:58:18.275000,0 days 00:58:54.830000,0 days 00:59:19.679000,286.0,260.0,250.0,296.0,False,MEDIUM,1.0,True,Mercedes,0 days 00:57:29.566000,,1,3.0,,,False,False
0 days 01:00:49.950000,BOT,77,0 days 00:01:30.344000,18.0,2.0,,,0 days 00:00:28.777000,0 days 00:00:36.736000,0 days 00:00:24.831000,0 days 00:59:48.456000,0 days 01:00:25.192000,0 days 01:00:50.023000,288.0,258.0,249.0,297.0,True,MEDIUM,2.0,True,Mercedes,0 days 00:59:19.606000,,1,3.0,,,False,True
0 days 01:02:20.574000,BOT,77,0 days 00:01:30.624000,19.0,2.0,,,0 days 00:00:28.826000,0 days 00:00:36.753000,0 days 00:00:25.045000,0 days 01:01:18.849000,0 days 01:01:55.602000,0 days 01:02:20.647000,289.0,260.0,249.0,298.0,False,MEDIUM,3.0,True,Mercedes,0 days 01:00:49.950000,,1,3.0,,,False,True
0 days 01:04:08.439000,BOT,77,0 days 00:01:47.865000,20.0,2.0,,,0 days 00:00:28.971000,0 days 00:00:45.011000,0 days 00:00:33.883000,0 days 01:02:49.618000,0 days 01:03:34.629000,0 days 01:04:08.512000,289.0,172.0,172.0,268.0,False,MEDIUM,4.0,True,Mercedes,0 days 01:02:20.574000,,124,3.0,,,False,False
0 days 01:06:31.112000,BOT,77,0 days 00:02:22.673000,21.0,2.0,,,0 days 00:00:41.080000,0 days 00:00:54.964000,0 days 00:00:46.629000,0 days 01:04:49.592000,0 days 01:05:44.556000,0 days 01:06:31.185000,166.0,191.0,116.0,73.0,False,MEDIUM,5.0,True,Mercedes,0 days 01:04:08.439000,,4,2.0,,,False,False
0 days 01:08:52.017000,BOT,77,0 days 00:02:20.905000,22.0,2.0,,,0 days 00:00:42.442000,0 days 00:00:59.939000,0 days 00:00:38.524000,0 days 01:07:13.627000,0 days 01:08:13.566000,0 days 01:08:52.090000,161.0,118.0,173.0,242.0,False,MEDIUM,6.0,True,Mercedes,0 days 01:06:31.112000,,4,2.0,,,False,False
0 days 01:11:12.447000,BOT,77,0 days 00:02:20.430000,23.0,2.0,,,0 days 00:00:42.462000,0 days 00:00:57.637000,0 days 00:00:40.331000,0 days 01:09:34.552000,0 days 01:10:32.189000,0 days 01:11:12.520000,209.0,197.0,246.0,120.0,False,MEDIUM,7.0,True,Mercedes,0 days 01:08:52.017000,,41,2.0,,,False,False
0 days 01:12:42.765000,BOT,77,0 days 00:01:30.318000,24.0,2.0,,,0 days 00:00:28.676000,0 days 00:00:36.828000,0 days 00:00:24.814000,0 days 01:11:41.196000,0 days 01:12:18.024000,0 days 01:12:42.838000,300.0,263.0,249.0,307.0,True,MEDIUM,8.0,True,Mercedes,0 days 01:11:12.447000,,1,2.0,,,False,True
0 days 01:14:12.836000,BOT,77,0 days 00:01:30.071000,25.0,2.0,,,0 days 00:00:28.626000,0 days 00:00:36.598000,0 days 00:00:24.847000,0 days 01:13:11.464000,0 days 01:13:48.062000,0 days 01:14:12.909000,290.0,264.0,251.0,298.0,True,MEDIUM,9.0,True,Mercedes,0 days 01:12:42.765000,,1,2.0,,,False,True
0 days 01:15:42.794000,BOT,77,0 days 00:01:29.958000,26.0,2.0,,,0 days 00:00:28.661000,0 days 00:00:36.470000,0 days 00:00:24.827000,0 days 01:14:41.570000,0 days 01:15:18.040000,0 days 01:15:42.867000,292.0,263.0,250.0,302.0,True,MEDIUM,10.0,True,Mercedes,0 days 01:14:12.836000,,12,2.0,,,False,True
0 days 01:17:12.643000,BOT,77,0 days 00:01:29.849000,27.0,2.0,,,0 days 00:00:28.672000,0 days 00:00:36.450000,0 days 00:00:24.727000,0 days 01:16:11.539000,0 days 01:16:47.989000,0 days 01:17:12.716000,292.0,264.0,250.0,300.0,True,MEDIUM,11.0,True,Mercedes,0 days 01:15:42.794000,,21,2.0,,,False,True
0 days 01:18:42.292000,BOT,77,0 days 00:01:29.649000,28.0,2.0,,,0 days 00:00:28.628000,0 days 00:00:36.307000,0 days 00:00:24.714000,0 days 01:17:41.344000,0 days 01:18:17.651000,0 days 01:18:42.365000,293.0,264.0,250.0,301.0,True,MEDIUM,12.0,True,Mercedes,0 days 01:17:12.643000,,1,2.0,,,False,True
0 days 01:20:11.712000,BOT,77,0 days 00:01:29.420000,29.0,2.0,,,0 days 00:00:28.540000,0 days 00:00:36.256000,0 days 00:00:24.624000,0 days 01:19:10.905000,0 days 01:19:47.161000,0 days 01:20:11.785000,292.0,261.0,250.0,300.0,True,MEDIUM,13.0,True,Mercedes,0 days 01:18:42.292000,,1,2.0,,,False,True
0 days 01:21:41.248000,BOT,77,0 days 00:01:29.536000,30.0,2.0,,,0 days 00:00:28.577000,0 days 00:00:36.330000,0 days 00:00:24.629000,0 days 01:20:40.362000,0 days 01:21:16.692000,0 days 01:21:41.321000,291.0,265.0,251.0,303.0,False,MEDIUM,14.0,True,Mercedes,0 days 01:20:11.712000,,1,2.0,,,False,True
0 days 01:23:10.975000,BOT,77,0 days 00:01:29.727000,31.0,2.0,,,0 days 00:00:28.677000,0 days 00:00:36.407000,0 days 00:00:24.643000,0 days 01:22:09.998000,0 days 01:22:46.405000,0 days 01:23:11.048000,288.0,264.0,251.0,299.0,False,MEDIUM,15.0,True,Mercedes,0 days 01:21:41.248000,,1,2.0,,,False,True
0 days 01:24:40.676000,BOT,77,0 days 00:01:29.701000,32.0,2.0,,,0 days 00:00:28.690000,0 days 00:00:36.407000,0 days 00:00:24.604000,0 days 01:23:39.738000,0 days 01:24:16.145000,0 days 01:24:40.749000,288.0,262.0,251.0,302.0,False,MEDIUM,16.0,True,Mercedes,0 days 01:23:10.975000,,1,2.0,,,False,True
0 days 01:26:10.009000,BOT,77,0 days 00:01:29.333000,33.0,2.0,,,0 days 00:00:28.586000,0 days 00:00:36.228000,0 days 00:00:24.519000,0 days 01:25:09.335000,0 days 01:25:45.563000,0 days 01:26:10.082000,289.0,262.0,252.0,304.0,True,MEDIUM,17.0,True,Mercedes,0 days 01:24:40.676000,,1,2.0,,,False,True
0 days 01:27:39.228000,BOT,77,0 days 00:01:29.219000,34.0,2.0,,,0 days 00:00:28.662000,0 days 00:00:36.059000,0 days 00:00:24.498000,0 days 01:26:38.744000,0 days 01:27:14.803000,0 days 01:27:39.301000,289.0,263.0,251.0,305.0,True,MEDIUM,18.0,True,Mercedes,0 days 01:26:10.009000,,1,2.0,,,False,True
0 days 01:29:08.420000,BOT,77,0 days 00:01:29.192000,35.0,2.0,,,0 days 00:00:28.566000,0 days 00:00:36.126000,0 days 00:00:24.500000,0 days 01:28:07.867000,0 days 01:28:43.993000,0 days 01:29:08.493000,290.0,265.0,252.0,304.0,True,MEDIUM,19.0,True,Mercedes,0 days 01:27:39.228000,,1,2.0,,,False,True
0 days 01:30:37.547000,BOT,77,0 days 00:01:29.127000,36.0,2.0,,,0 days 00:00:28.485000,0 days 00:00:36.281000,0 days 00:00:24.361000,0 days 01:29:36.978000,0 days 01:30:13.259000,0 days 01:30:37.620000,289.0,266.0,253.0,302.0,True,MEDIUM,20.0,True,Mercedes,0 days 01:29:08.420000,,1,2.0,,,False,True
0 days 01:32:07.020000,BOT,77,0 days 00:01:29.473000,37.0,2.0,,,0 days 00:00:28.537000,0 days 00:00:36.305000,0 days 00:00:24.631000,0 days 01:31:06.157000,0 days 01:31:42.462000,0 days 01:32:07.093000,289.0,265.0,251.0,302.0,False,MEDIUM,21.0,True,Mercedes,0 days 01:30:37.547000,,1,2.0,,,False,True
0 days 01:33:36.307000,BOT,77,0 days 00:01:29.287000,38.0,2.0,,,0 days 00:00:28.592000,0 days 00:00:36.200000,0 days 00:00:24.495000,0 days 01:32:35.685000,0 days 01:33:11.885000,0 days 01:33:36.380000,291.0,265.0,250.0,304.0,False,MEDIUM,22.0,True,Mercedes,0 days 01:32:07.020000,,12,2.0,,,False,True
0 days 01:35:05.708000,BOT,77,0 days 00:01:29.401000,39.0,2.0,,,0 days 00:00:28.745000,0 days 00:00:36.170000,0 days 00:00:24.486000,0 days 01:34:05.125000,0 days 01:34:41.295000,0 days 01:35:05.781000,289.0,264.0,251.0,302.0,False,MEDIUM,23.0,True,Mercedes,0 days 01:33:36.307000,,1,2.0,,,False,True
0 days 01:36:34.679000,BOT,77,0 days 00:01:28.971000,40.0,2.0,,,0 days 00:00:28.480000,0 days 00:00:36.343000,0 days 00:00:24.148000,0 days 01:35:34.261000,0 days 01:36:10.604000,0 days 01:36:34.752000,290.0,266.0,252.0,319.0,True,MEDIUM,24.0,True,Mercedes,0 days 01:35:05.708000,,1,2.0,,,False,True
0 days 01:38:03.615000,BOT,77,0 days 00:01:28.936000,41.0,2.0,,,0 days 00:00:28.434000,0 days 00:00:36.004000,0 days 00:00:24.498000,0 days 01:37:03.186000,0 days 01:37:39.190000,0 days 01:38:03.688000,290.0,266.0,252.0,298.0,True,MEDIUM,25.0,True,Mercedes,0 days 01:36:34.679000,,1,2.0,,,False,True
0 days 01:39:32.399000,BOT,77,0 days 00:01:28.784000,42.0,2.0,,,0 days 00:00:28.458000,0 days 00:00:35.965000,0 days 00:00:24.361000,0 days 01:38:32.146000,0 days 01:39:08.111000,0 days 01:39:32.472000,291.0,267.0,252.0,302.0,True,MEDIUM,26.0,True,Mercedes,0 days 01:38:03.615000,,1,2.0,,,False,True
0 days 01:41:01.400000,BOT,77,0 days 00:01:29.001000,43.0,2.0,,,0 days 00:00:28.487000,0 days 00:00:36.078000,0 days 00:00:24.436000,0 days 01:40:00.959000,0 days 01:40:37.037000,0 days 01:41:01.473000,287.0,266.0,253.0,296.0,False,MEDIUM,27.0,True,Mercedes,0 days 01:39:32.399000,,1,2.0,,,False,True
0 days 01:42:30.416000,BOT,77,0 days 00:01:29.016000,44.0,2.0,,,0 days 00:00:28.424000,0 days 00:00:36.164000,0 days 00:00:24.428000,0 days 01:41:29.897000,0 days 01:42:06.061000,0 days 01:42:30.489000,292.0,266.0,252.0,300.0,False,MEDIUM,28.0,True,Mercedes,0 days 01:41:01.400000,,1,2.0,,,False,True
0 days 01:43:58.961000,BOT,77,0 days 00:01:28.545000,45.0,2.0,,0 days 01:43:53.095000,0 days 00:00:28.395000,0 days 00:00:35.919000,0 days 00:00:24.231000,0 days 01:42:58.884000,0 days 01:43:34.803000,0 days 01:43:59.034000,288.0,267.0,,301.0,False,MEDIUM,29.0,True,Mercedes,0 days 01:42:30.416000,,1,2.0,,,False,False
0 days 01:45:47.825000,BOT,77,0 days 00:01:48.864000,46.0,3.0,0 days 01:44:21.253000,,0 days 00:00:48.189000,0 days 00:00:36.132000,0 days 00:00:24.543000,0 days 01:44:47.223000,0 days 01:45:23.355000,0 days 01:45:47.898000,284.0,267.0,254.0,296.0,False,SOFT,4.0,False,Mercedes,0 days 01:43:58.961000,,1,2.0,,,False,False
0 days 01:47:15.231000,BOT,77,0 days 00:01:27.406000,47.0,3.0,,,0 days 00:00:28.027000,0 days 00:00:35.332000,0 days 00:00:24.047000,0 days 01:46:15.925000,0 days 01:46:51.257000,0 days 01:47:15.304000,293.0,267.0,251.0,307.0,True,SOFT,5.0,False,Mercedes,0 days 01:45:47.825000,,1,2.0,,,False,True
0 days 01:48:43.911000,BOT,77,0 days 00:01:28.680000,48.0,3.0,,,0 days 00:00:28.494000,0 days 00:00:35.837000,0 days 00:00:24.349000,0 days 01:47:43.798000,0 days 01:48:19.635000,0 days 01:48:43.984000,282.0,266.0,253.0,293.0,False,SOFT,6.0,False,Mercedes,0 days 01:47:15.231000,,1,2.0,,,False,True
0 days 01:50:12.310000,BOT,77,0 days 00:01:28.399000,49.0,3.0,,,0 days 00:00:28.334000,0 days 00:00:35.834000,0 days 00:00:24.231000,0 days 01:49:12.318000,0 days 01:49:48.152000,0 days 01:50:12.383000,286.0,267.0,251.0,297.0,False,SOFT,7.0,False,Mercedes,0 days 01:48:43.911000,,1,2.0,,,False,True
0 days 01:51:41.553000,BOT,77,0 days 00:01:29.243000,50.0,3.0,,,0 days 00:00:28.503000,0 days 00:00:36.158000,0 days 00:00:24.582000,0 days 01:50:40.886000,0 days 01:51:17.044000,0 days 01:51:41.626000,283.0,263.0,249.0,293.0,False,SOFT,8.0,False,Mercedes,0 days 01:50:12.310000,,1,2.0,,,False,True
0 days 01:53:11.349000,BOT,77,0 days 00:01:29.796000,51.0,3.0,,,0 days 00:00:28.690000,0 days 00:00:36.431000,0 days 00:00:24.675000,0 days 01:52:10.316000,0 days 01:52:46.747000,0 days 01:53:11.422000,288.0,261.0,250.0,300.0,False,SOFT,9.0,False,Mercedes,0 days 01:51:41.553000,,1,2.0,,,False,True
0 days 01:54:42.198000,BOT,77,0 days 00:01:30.849000,52.0,3.0,,,0 days 00:00:28.711000,0 days 00:00:37.310000,0 days 00:00:24.828000,0 days 01:53:40.133000,0 days 01:54:17.443000,0 days 01:54:42.271000,290.0,262.0,249.0,294.0,False,SOFT,10.0,False,Mercedes,0 days 01:53:11.349000,,1,2.0,,,False,True
0 days 00:35:18.522000,GRO,8,0 days 00:02:09.704000,1.0,1.0,,0 days 00:35:12.352000,,0 days 00:00:55.922000,0 days 00:00:37.705000,,0 days 00:34:40.887000,0 days 00:35:18.701000,263.0,143.0,,183.0,False,SOFT,1.0,True,Haas F1 Team,0 days 00:33:08.644000,,1,19.0,,,False,False
0 days 00:37:22.531000,GRO,8,0 days 00:02:04.009000,2.0,2.0,0 days 00:35:45.908000,,0 days 00:00:56.443000,0 days 00:00:41.082000,0 days 00:00:26.484000,0 days 00:36:15.035000,0 days 00:36:56.117000,0 days 00:37:22.601000,279.0,247.0,240.0,288.0,False,HARD,1.0,True,Haas F1 Team,0 days 00:35:18.522000,,1,19.0,,,False,False
0 days 00:39:00.382000,GRO,8,0 days 00:01:37.851000,3.0,2.0,,,0 days 00:00:30.141000,0 days 00:00:41.229000,0 days 00:00:26.481000,0 days 00:37:52.742000,0 days 00:38:33.971000,0 days 00:39:00.452000,282.0,247.0,239.0,290.0,True,HARD,2.0,True,Haas F1 Team,0 days 00:37:22.531000,,1,19.0,,,False,True
0 days 00:40:34.732000,GRO,8,0 days 00:01:34.350000,4.0,2.0,,,0 days 00:00:29.773000,0 days 00:00:38.505000,0 days 00:00:26.072000,0 days 00:39:30.225000,0 days 00:40:08.730000,0 days 00:40:34.802000,283.0,251.0,240.0,292.0,True,HARD,3.0,True,Haas F1 Team,0 days 00:39:00.382000,,1,19.0,,,False,True
0 days 00:42:09.443000,GRO,8,0 days 00:01:34.711000,5.0,2.0,,,0 days 00:00:30.045000,0 days 00:00:38.703000,0 days 00:00:25.963000,0 days 00:41:04.847000,0 days 00:41:43.550000,0 days 00:42:09.513000,283.0,252.0,239.0,291.0,False,HARD,4.0,True,Haas F1 Team,0 days 00:40:34.732000,,1,19.0,,,False,True
0 days 00:43:44.139000,GRO,8,0 days 00:01:34.696000,6.0,2.0,,,0 days 00:00:29.941000,0 days 00:00:38.762000,0 days 00:00:25.993000,0 days 00:42:39.454000,0 days 00:43:18.216000,0 days 00:43:44.209000,284.0,251.0,239.0,293.0,False,HARD,5.0,True,Haas F1 Team,0 days 00:42:09.443000,,1,19.0,,,False,True
0 days 00:45:18.597000,GRO,8,0 days 00:01:34.458000,7.0,2.0,,,0 days 00:00:30.037000,0 days 00:00:38.589000,0 days 00:00:25.832000,0 days 00:44:14.246000,0 days 00:44:52.835000,0 days 00:45:18.667000,284.0,250.0,240.0,293.0,False,HARD,6.0,True,Haas F1 Team,0 days 00:43:44.139000,,1,19.0,,,False,True
0 days 00:46:53.550000,GRO,8,0 days 00:01:34.953000,8.0,2.0,,,0 days 00:00:29.846000,0 days 00:00:38.874000,0 days 00:00:26.233000,0 days 00:45:48.513000,0 days 00:46:27.387000,0 days 00:46:53.620000,285.0,250.0,227.0,293.0,False,HARD,7.0,True,Haas F1 Team,0 days 00:45:18.597000,,1,19.0,,,False,True
0 days 00:48:36.499000,GRO,8,0 days 00:01:42.949000,9.0,2.0,,0 days 00:48:30.602000,0 days 00:00:32.386000,0 days 00:00:44.641000,0 days 00:00:25.922000,0 days 00:47:26.006000,0 days 00:48:10.647000,0 days 00:48:36.569000,289.0,249.0,,300.0,False,HARD,8.0,True,Haas F1 Team,0 days 00:46:53.550000,,1,19.0,,,False,False
0 days 00:34:54.483000,KUB,88,0 days 00:01:45.665000,1.0,1.0,,,,0 days 00:00:41.747000,0 days 00:00:26.370000,,0 days 00:34:28.173000,0 days 00:34:54.631000,261.0,252.0,243.0,306.0,False,MEDIUM,1.0,True,Williams,0 days 00:33:08.644000,,1,18.0,,,False,False
0 days 00:36:29.741000,KUB,88,0 days 00:01:35.258000,2.0,1.0,,,0 days 00:00:30.011000,0 days 00:00:38.967000,0 days 00:00:26.280000,0 days 00:35:24.500000,0 days 00:36:03.467000,0 days 00:36:29.747000,283.0,255.0,244.0,293.0,True,MEDIUM,2.0,True,Williams,0 days 00:34:54.483000,,1,18.0,,,False,True
0 days 00:38:04.828000,KUB,88,0 days 00:01:35.087000,3.0,1.0,,,0 days 00:00:30.025000,0 days 00:00:38.863000,0 days 00:00:26.199000,0 days 00:36:59.772000,0 days 00:37:38.635000,0 days 00:38:04.834000,288.0,254.0,242.0,296.0,True,MEDIUM,3.0,True,Williams,0 days 00:36:29.741000,,1,18.0,,,False,True
0 days 00:39:39.718000,KUB,88,0 days 00:01:34.890000,4.0,1.0,,,0 days 00:00:29.832000,0 days 00:00:38.860000,0 days 00:00:26.198000,0 days 00:38:34.666000,0 days 00:39:13.526000,0 days 00:39:39.724000,287.0,254.0,242.0,293.0,True,MEDIUM,4.0,True,Williams,0 days 00:38:04.828000,,1,18.0,,,False,True
0 days 00:41:14.187000,KUB,88,0 days 00:01:34.469000,5.0,1.0,,,0 days 00:00:29.903000,0 days 00:00:38.516000,0 days 00:00:26.050000,0 days 00:40:09.627000,0 days 00:40:48.143000,0 days 00:41:14.193000,284.0,255.0,243.0,294.0,True,MEDIUM,5.0,True,Williams,0 days 00:39:39.718000,,1,18.0,,,False,True
0 days 00:42:48.469000,KUB,88,0 days 00:01:34.282000,6.0,1.0,,,0 days 00:00:29.677000,0 days 00:00:38.268000,0 days 00:00:26.337000,0 days 00:41:43.870000,0 days 00:42:22.138000,0 days 00:42:48.475000,288.0,254.0,241.0,293.0,True,MEDIUM,6.0,True,Williams,0 days 00:41:14.187000,,1,18.0,,,False,True
0 days 00:44:23.144000,KUB,88,0 days 00:01:34.675000,7.0,1.0,,,0 days 00:00:30.009000,0 days 00:00:38.551000,0 days 00:00:26.115000,0 days 00:43:18.484000,0 days 00:43:57.035000,0 days 00:44:23.150000,283.0,253.0,243.0,293.0,False,MEDIUM,7.0,True,Williams,0 days 00:42:48.469000,,1,18.0,,,False,True
0 days 00:45:57.223000,KUB,88,0 days 00:01:34.079000,8.0,1.0,,,0 days 00:00:29.736000,0 days 00:00:38.341000,0 days 00:00:26.002000,0 days 00:44:52.886000,0 days 00:45:31.227000,0 days 00:45:57.229000,285.0,252.0,243.0,294.0,True,MEDIUM,8.0,True,Williams,0 days 00:44:23.144000,,1,18.0,,,False,True
0 days 00:47:31.374000,KUB,88,0 days 00:01:34.151000,9.0,1.0,,,0 days 00:00:29.738000,0 days 00:00:38.292000,0 days 00:00:26.121000,0 days 00:46:26.967000,0 days 00:47:05.259000,0 days 00:47:31.380000,284.0,254.0,244.0,291.0,False,MEDIUM,9.0,True,Williams,0 days 00:45:57.223000,,1,18.0,,,False,True
0 days 00:49:05.479000,KUB,88,0 days 00:01:34.105000,10.0,1.0,,,0 days 00:00:29.822000,0 days 00:00:38.300000,0 days 00:00:25.983000,0 days 00:48:01.202000,0 days 00:48:39.502000,0 days 00:49:05.485000,285.0,254.0,244.0,296.0,False,MEDIUM,10.0,True,Williams,0 days 00:47:31.374000,,1,18.0,,,False,True
0 days 00:50:39.190000,KUB,88,0 days 00:01:33.711000,11.0,1.0,,,0 days 00:00:29.711000,0 days 00:00:38.044000,0 days 00:00:25.956000,0 days 00:49:35.196000,0 days 00:50:13.240000,0 days 00:50:39.196000,285.0,255.0,243.0,296.0,True,MEDIUM,11.0,True,Williams,0 days 00:49:05.479000,,1,18.0,,,False,True
0 days 00:52:13.195000,KUB,88,0 days 00:01:34.005000,12.0,1.0,,,0 days 00:00:29.753000,0 days 00:00:38.250000,0 days 00:00:26.002000,0 days 00:51:08.949000,0 days 00:51:47.199000,0 days 00:52:13.201000,282.0,253.0,244.0,290.0,False,MEDIUM,12.0,True,Williams,0 days 00:50:39.190000,,1,18.0,,,False,True
0 days 00:53:46.994000,KUB,88,0 days 00:01:33.799000,13.0,1.0,,,0 days 00:00:29.767000,0 days 00:00:38.093000,0 days 00:00:25.939000,0 days 00:52:42.968000,0 days 00:53:21.061000,0 days 00:53:47,283.0,254.0,245.0,293.0,False,MEDIUM,13.0,True,Williams,0 days 00:52:13.195000,,1,17.0,,,False,True
0 days 00:55:21.388000,KUB,88,0 days 00:01:34.394000,14.0,1.0,,,0 days 00:00:29.965000,0 days 00:00:38.556000,0 days 00:00:25.873000,0 days 00:54:16.965000,0 days 00:54:55.521000,0 days 00:55:21.394000,292.0,255.0,245.0,297.0,False,MEDIUM,14.0,True,Williams,0 days 00:53:46.994000,,1,16.0,,,False,True
0 days 00:56:55.506000,KUB,88,0 days 00:01:34.118000,15.0,1.0,,,0 days 00:00:29.807000,0 days 00:00:38.437000,0 days 00:00:25.874000,0 days 00:55:51.201000,0 days 00:56:29.638000,0 days 00:56:55.512000,283.0,254.0,243.0,292.0,False,MEDIUM,15.0,True,Williams,0 days 00:55:21.388000,,1,16.0,,,False,True
0 days 00:58:30.727000,KUB,88,0 days 00:01:35.221000,16.0,1.0,,,0 days 00:00:29.751000,0 days 00:00:39.202000,0 days 00:00:26.268000,0 days 00:57:25.263000,0 days 00:58:04.465000,0 days 00:58:30.733000,285.0,256.0,242.0,319.0,False,MEDIUM,16.0,True,Williams,0 days 00:56:55.506000,,1,18.0,,,False,True
0 days 01:00:05.393000,KUB,88,0 days 00:01:34.666000,17.0,1.0,,,0 days 00:00:30.037000,0 days 00:00:38.512000,0 days 00:00:26.117000,0 days 00:59:00.770000,0 days 00:59:39.282000,0 days 01:00:05.399000,286.0,252.0,244.0,291.0,False,MEDIUM,17.0,True,Williams,0 days 00:58:30.727000,,1,18.0,,,False,True
0 days 01:01:39.497000,KUB,88,0 days 00:01:34.104000,18.0,1.0,,,0 days 00:00:29.727000,0 days 00:00:38.327000,0 days 00:00:26.050000,0 days 01:00:35.126000,0 days 01:01:13.453000,0 days 01:01:39.503000,286.0,252.0,245.0,290.0,False,MEDIUM,18.0,True,Williams,0 days 01:00:05.393000,,1,18.0,,,False,True
0 days 01:03:13.839000,KUB,88,0 days 00:01:34.342000,19.0,1.0,,,0 days 00:00:29.799000,0 days 00:00:38.256000,0 days 00:00:26.287000,0 days 01:02:09.302000,0 days 01:02:47.558000,0 days 01:03:13.845000,286.0,252.0,241.0,294.0,False,MEDIUM,19.0,True,Williams,0 days 01:01:39.497000,,12,17.0,,,False,True
0 days 01:05:22.106000,KUB,88,0 days 00:02:08.267000,20.0,1.0,,0 days 01:05:16.268000,0 days 00:00:43.127000,0 days 00:00:51.899000,0 days 00:00:33.241000,0 days 01:03:56.972000,0 days 01:04:48.871000,0 days 01:05:22.112000,204.0,151.0,,230.0,False,MEDIUM,20.0,True,Williams,0 days 01:03:13.839000,,24,17.0,,,False,False
0 days 01:07:45.632000,KUB,88,0 days 00:02:23.526000,21.0,2.0,0 days 01:05:45.018000,,0 days 00:00:56.758000,0 days 00:00:54.117000,0 days 00:00:32.651000,0 days 01:06:18.870000,0 days 01:07:12.987000,0 days 01:07:45.638000,179.0,150.0,239.0,205.0,False,HARD,1.0,True,Williams,0 days 01:05:22.106000,,4,17.0,,,False,False
0 days 01:09:26.847000,KUB,88,0 days 00:01:41.215000,22.0,2.0,,,0 days 00:00:33.139000,0 days 00:00:41.023000,0 days 00:00:27.053000,0 days 01:08:18.777000,0 days 01:08:59.800000,0 days 01:09:26.853000,246.0,251.0,245.0,297.0,False,HARD,2.0,True,Williams,0 days 01:07:45.632000,,4,17.0,,,False,False
0 days 01:11:18.911000,KUB,88,0 days 00:01:52.064000,23.0,2.0,,,0 days 00:00:33.873000,0 days 00:00:47.643000,0 days 00:00:30.548000,0 days 01:10:00.726000,0 days 01:10:48.369000,0 days 01:11:18.917000,210.0,169.0,248.0,251.0,False,HARD,3.0,True,Williams,0 days 01:09:26.847000,,41,17.0,,,False,False
0 days 01:12:55.522000,KUB,88,0 days 00:01:36.611000,24.0,2.0,,,0 days 00:00:30.342000,0 days 00:00:39.785000,0 days 00:00:26.484000,0 days 01:11:49.259000,0 days 01:12:29.044000,0 days 01:12:55.528000,292.0,256.0,245.0,303.0,False,HARD,4.0,True,Williams,0 days 01:11:18.911000,,1,16.0,,,False,True
0 days 01:14:30.503000,KUB,88,0 days 00:01:34.981000,25.0,2.0,,,0 days 00:00:30.096000,0 days 00:00:38.790000,0 days 00:00:26.095000,0 days 01:13:25.624000,0 days 01:14:04.414000,0 days 01:14:30.509000,283.0,257.0,247.0,289.0,False,HARD,5.0,True,Williams,0 days 01:12:55.522000,,1,16.0,,,False,True
0 days 01:16:04.380000,KUB,88,0 days 00:01:33.877000,26.0,2.0,,,0 days 00:00:29.773000,0 days 00:00:38.128000,0 days 00:00:25.976000,0 days 01:15:00.282000,0 days 01:15:38.410000,0 days 01:16:04.386000,287.0,258.0,245.0,295.0,False,HARD,6.0,True,Williams,0 days 01:14:30.503000,,12,16.0,,,False,True
0 days 01:17:37.842000,KUB,88,0 days 00:01:33.462000,27.0,2.0,,,0 days 00:00:29.566000,0 days 00:00:38.085000,0 days 00:00:25.811000,0 days 01:16:33.952000,0 days 01:17:12.037000,0 days 01:17:37.848000,289.0,257.0,244.0,300.0,True,HARD,7.0,True,Williams,0 days 01:16:04.380000,,21,16.0,,,False,True
0 days 01:19:11.106000,KUB,88,0 days 00:01:33.264000,28.0,2.0,,,0 days 00:00:29.439000,0 days 00:00:38.074000,0 days 00:00:25.751000,0 days 01:18:07.287000,0 days 01:18:45.361000,0 days 01:19:11.112000,289.0,258.0,246.0,301.0,True,HARD,8.0,True,Williams,0 days 01:17:37.842000,,1,16.0,,,False,True
0 days 01:20:43.989000,KUB,88,0 days 00:01:32.883000,29.0,2.0,,,0 days 00:00:29.400000,0 days 00:00:37.749000,0 days 00:00:25.734000,0 days 01:19:40.512000,0 days 01:20:18.261000,0 days 01:20:43.995000,286.0,258.0,248.0,293.0,True,HARD,9.0,True,Williams,0 days 01:19:11.106000,,1,16.0,,,False,True
0 days 01:22:16.712000,KUB,88,0 days 00:01:32.723000,30.0,2.0,,,0 days 00:00:29.356000,0 days 00:00:37.659000,0 days 00:00:25.708000,0 days 01:21:13.351000,0 days 01:21:51.010000,0 days 01:22:16.718000,285.0,257.0,246.0,299.0,True,HARD,10.0,True,Williams,0 days 01:20:43.989000,,1,16.0,,,False,True
0 days 01:23:49.682000,KUB,88,0 days 00:01:32.970000,31.0,2.0,,,0 days 00:00:29.512000,0 days 00:00:37.870000,0 days 00:00:25.588000,0 days 01:22:46.230000,0 days 01:23:24.100000,0 days 01:23:49.688000,285.0,257.0,248.0,296.0,False,HARD,11.0,True,Williams,0 days 01:22:16.712000,,1,16.0,,,False,True
0 days 01:25:22.599000,KUB,88,0 days 00:01:32.917000,32.0,2.0,,,0 days 00:00:29.543000,0 days 00:00:37.809000,0 days 00:00:25.565000,0 days 01:24:19.231000,0 days 01:24:57.040000,0 days 01:25:22.605000,284.0,258.0,248.0,295.0,False,HARD,12.0,True,Williams,0 days 01:23:49.682000,,1,16.0,,,False,True
0 days 01:26:55.471000,KUB,88,0 days 00:01:32.872000,33.0,2.0,,,0 days 00:00:29.481000,0 days 00:00:37.726000,0 days 00:00:25.665000,0 days 01:25:52.086000,0 days 01:26:29.812000,0 days 01:26:55.477000,282.0,256.0,247.0,295.0,False,HARD,13.0,True,Williams,0 days 01:25:22.599000,,1,16.0,,,False,True
0 days 01:28:27.700000,KUB,88,0 days 00:01:32.229000,34.0,2.0,,,0 days 00:00:29.396000,0 days 00:00:37.451000,0 days 00:00:25.382000,0 days 01:27:24.873000,0 days 01:28:02.324000,0 days 01:28:27.706000,287.0,257.0,246.0,300.0,True,HARD,14.0,True,Williams,0 days 01:26:55.471000,,1,16.0,,,False,True
0 days 01:29:59.961000,KUB,88,0 days 00:01:32.261000,35.0,2.0,,,0 days 00:00:29.329000,0 days 00:00:37.510000,0 days 00:00:25.422000,0 days 01:28:57.035000,0 days 01:29:34.545000,0 days 01:29:59.967000,285.0,260.0,249.0,298.0,False,HARD,15.0,True,Williams,0 days 01:28:27.700000,,1,16.0,,,False,True
0 days 01:31:32.511000,KUB,88,0 days 00:01:32.550000,36.0,2.0,,,0 days 00:00:29.371000,0 days 00:00:37.696000,0 days 00:00:25.483000,0 days 01:30:29.338000,0 days 01:31:07.034000,0 days 01:31:32.517000,287.0,259.0,249.0,298.0,False,HARD,16.0,True,Williams,0 days 01:29:59.961000,,1,16.0,,,False,True
0 days 01:33:05.314000,KUB,88,0 days 00:01:32.803000,37.0,2.0,,,0 days 00:00:29.401000,0 days 00:00:37.748000,0 days 00:00:25.654000,0 days 01:32:01.918000,0 days 01:32:39.666000,0 days 01:33:05.320000,285.0,260.0,247.0,296.0,False,HARD,17.0,True,Williams,0 days 01:31:32.511000,,12,16.0,,,False,True
0 days 01:34:37.871000,KUB,88,0 days 00:01:32.557000,38.0,2.0,,,0 days 00:00:29.440000,0 days 00:00:37.585000,0 days 00:00:25.532000,0 days 01:33:34.760000,0 days 01:34:12.345000,0 days 01:34:37.877000,284.0,260.0,246.0,293.0,False,HARD,18.0,True,Williams,0 days 01:33:05.314000,,1,16.0,,,False,True
0 days 01:36:10.467000,KUB,88,0 days 00:01:32.596000,39.0,2.0,,,0 days 00:00:29.493000,0 days 00:00:37.594000,0 days 00:00:25.509000,0 days 01:35:07.370000,0 days 01:35:44.964000,0 days 01:36:10.473000,283.0,261.0,248.0,291.0,False,HARD,19.0,True,Williams,0 days 01:34:37.871000,,1,15.0,,,False,True
0 days 01:37:43.522000,KUB,88,0 days 00:01:33.055000,40.0,2.0,,,0 days 00:00:29.415000,0 days 00:00:37.743000,0 days 00:00:25.897000,0 days 01:36:39.888000,0 days 01:37:17.631000,0 days 01:37:43.528000,286.0,261.0,247.0,293.0,False,HARD,20.0,True,Williams,0 days 01:36:10.467000,,1,15.0,,,False,True
0 days 01:39:16.590000,KUB,88,0 days 00:01:33.068000,41.0,2.0,,,0 days 00:00:29.500000,0 days 00:00:37.694000,0 days 00:00:25.874000,0 days 01:38:13.028000,0 days 01:38:50.722000,0 days 01:39:16.596000,284.0,260.0,248.0,292.0,False,HARD,21.0,True,Williams,0 days 01:37:43.522000,,1,15.0,,,False,True
0 days 01:40:49.098000,KUB,88,0 days 00:01:32.508000,42.0,2.0,,,0 days 00:00:29.422000,0 days 00:00:37.569000,0 days 00:00:25.517000,0 days 01:39:46.018000,0 days 01:40:23.587000,0 days 01:40:49.104000,284.0,261.0,248.0,291.0,False,HARD,22.0,True,Williams,0 days 01:39:16.590000,,1,15.0,,,False,True
0 days 01:42:21.766000,KUB,88,0 days 00:01:32.668000,43.0,2.0,,,0 days 00:00:29.452000,0 days 00:00:37.747000,0 days 00:00:25.469000,0 days 01:41:18.556000,0 days 01:41:56.303000,0 days 01:42:21.772000,283.0,261.0,249.0,291.0,False,HARD,23.0,True,Williams,0 days 01:40:49.098000,,1,15.0,,,False,True
0 days 01:43:54.309000,KUB,88,0 days 00:01:32.543000,44.0,2.0,,,0 days 00:00:29.303000,0 days 00:00:37.616000,0 days 00:00:25.624000,0 days 01:42:51.075000,0 days 01:43:28.691000,0 days 01:43:54.315000,282.0,262.0,249.0,291.0,False,HARD,24.0,True,Williams,0 days 01:42:21.766000,,1,15.0,,,False,True
0 days 01:45:28.315000,KUB,88,0 days 00:01:34.006000,45.0,2.0,,,0 days 00:00:29.773000,0 days 00:00:38.334000,0 days 00:00:25.899000,0 days 01:44:24.088000,0 days 01:45:02.422000,0 days 01:45:28.321000,277.0,260.0,248.0,291.0,False,HARD,25.0,True,Williams,0 days 01:43:54.309000,,1,15.0,,,False,True
0 days 01:47:01.049000,KUB,88,0 days 00:01:32.734000,46.0,2.0,,,0 days 00:00:29.388000,0 days 00:00:37.741000,0 days 00:00:25.605000,0 days 01:45:57.709000,0 days 01:46:35.450000,0 days 01:47:01.055000,282.0,261.0,247.0,291.0,False,HARD,26.0,True,Williams,0 days 01:45:28.315000,,1,15.0,,,False,True
0 days 01:48:33.136000,KUB,88,0 days 00:01:32.087000,47.0,2.0,,,0 days 00:00:29.270000,0 days 00:00:37.462000,0 days 00:00:25.355000,0 days 01:47:30.325000,0 days 01:48:07.787000,0 days 01:48:33.142000,284.0,261.0,249.0,292.0,True,HARD,27.0,True,Williams,0 days 01:47:01.049000,,1,15.0,,,False,True
0 days 01:50:05.146000,KUB,88,0 days 00:01:32.010000,48.0,2.0,,,0 days 00:00:29.244000,0 days 00:00:37.388000,0 days 00:00:25.378000,0 days 01:49:02.386000,0 days 01:49:39.774000,0 days 01:50:05.152000,285.0,262.0,247.0,294.0,True,HARD,28.0,True,Williams,0 days 01:48:33.136000,,1,15.0,,,False,True
0 days 01:51:38.310000,KUB,88,0 days 00:01:33.164000,49.0,2.0,,,0 days 00:00:29.481000,0 days 00:00:38.182000,0 days 00:00:25.501000,0 days 01:50:34.633000,0 days 01:51:12.815000,0 days 01:51:38.316000,283.0,262.0,248.0,298.0,False,HARD,29.0,True,Williams,0 days 01:50:05.146000,,1,16.0,,,False,True
0 days 01:53:09.819000,KUB,88,0 days 00:01:31.509000,50.0,2.0,,,0 days 00:00:29.066000,0 days 00:00:37.154000,0 days 00:00:25.289000,0 days 01:52:07.382000,0 days 01:52:44.536000,0 days 01:53:09.825000,288.0,263.0,249.0,294.0,True,HARD,30.0,True,Williams,0 days 01:51:38.310000,,1,16.0,,,False,True
0 days 01:54:43.456000,KUB,88,0 days 00:01:33.637000,51.0,2.0,,,0 days 00:00:29.190000,0 days 00:00:39.314000,0 days 00:00:25.133000,0 days 01:53:39.015000,0 days 01:54:18.329000,0 days 01:54:43.462000,285.0,263.0,249.0,323.0,False,HARD,31.0,True,Williams,0 days 01:53:09.819000,,1,16.0,,,False,True
0 days 00:34:51.120000,GIO,99,0 days 00:01:42.302000,1.0,1.0,,,,0 days 00:00:40.323000,0 days 00:00:26.268000,,0 days 00:34:24.975000,0 days 00:34:51.277000,299.0,254.0,246.0,308.0,False,MEDIUM,1.0,True,Alfa Romeo Racing,0 days 00:33:08.644000,,1,13.0,,,False,False
0 days 00:36:25.960000,GIO,99,0 days 00:01:34.840000,2.0,1.0,,,0 days 00:00:29.887000,0 days 00:00:38.847000,0 days 00:00:26.106000,0 days 00:35:21.045000,0 days 00:35:59.892000,0 days 00:36:25.998000,285.0,254.0,245.0,307.0,True,MEDIUM,2.0,True,Alfa Romeo Racing,0 days 00:34:51.120000,,1,13.0,,,False,True
0 days 00:38:01.178000,GIO,99,0 days 00:01:35.218000,3.0,1.0,,,0 days 00:00:29.243000,0 days 00:00:38.842000,0 days 00:00:27.133000,0 days 00:36:55.241000,0 days 00:37:34.083000,0 days 00:38:01.216000,308.0,221.0,245.0,314.0,False,MEDIUM,3.0,True,Alfa Romeo Racing,0 days 00:36:25.960000,,1,15.0,,,False,True
0 days 00:39:36.179000,GIO,99,0 days 00:01:35.001000,4.0,1.0,,,0 days 00:00:29.439000,0 days 00:00:38.407000,0 days 00:00:27.155000,0 days 00:38:30.655000,0 days 00:39:09.062000,0 days 00:39:36.217000,309.0,254.0,242.0,299.0,False,MEDIUM,4.0,True,Alfa Romeo Racing,0 days 00:38:01.178000,,1,16.0,,,False,True
0 days 00:41:09.896000,GIO,99,0 days 00:01:33.717000,5.0,1.0,,,0 days 00:00:29.836000,0 days 00:00:38.025000,0 days 00:00:25.856000,0 days 00:40:06.053000,0 days 00:40:44.078000,0 days 00:41:09.934000,285.0,254.0,244.0,294.0,True,MEDIUM,5.0,True,Alfa Romeo Racing,0 days 00:39:36.179000,,1,16.0,,,False,True
0 days 00:42:43.294000,GIO,99,0 days 00:01:33.398000,6.0,1.0,,,0 days 00:00:29.536000,0 days 00:00:37.938000,0 days 00:00:25.924000,0 days 00:41:39.470000,0 days 00:42:17.408000,0 days 00:42:43.332000,285.0,253.0,243.0,298.0,True,MEDIUM,6.0,True,Alfa Romeo Racing,0 days 00:41:09.896000,,1,16.0,,,False,True
0 days 00:44:16.777000,GIO,99,0 days 00:01:33.483000,7.0,1.0,,,0 days 00:00:29.744000,0 days 00:00:37.920000,0 days 00:00:25.819000,0 days 00:43:13.076000,0 days 00:43:50.996000,0 days 00:44:16.815000,284.0,254.0,242.0,305.0,False,MEDIUM,7.0,True,Alfa Romeo Racing,0 days 00:42:43.294000,,1,16.0,,,False,True
0 days 00:45:49.924000,GIO,99,0 days 00:01:33.147000,8.0,1.0,,,0 days 00:00:29.552000,0 days 00:00:37.908000,0 days 00:00:25.687000,0 days 00:44:46.367000,0 days 00:45:24.275000,0 days 00:45:49.962000,286.0,253.0,243.0,296.0,True,MEDIUM,8.0,True,Alfa Romeo Racing,0 days 00:44:16.777000,,1,16.0,,,False,True
0 days 00:47:23.454000,GIO,99,0 days 00:01:33.530000,9.0,1.0,,,0 days 00:00:29.527000,0 days 00:00:38.172000,0 days 00:00:25.831000,0 days 00:46:19.489000,0 days 00:46:57.661000,0 days 00:47:23.492000,284.0,253.0,244.0,292.0,False,MEDIUM,9.0,True,Alfa Romeo Racing,0 days 00:45:49.924000,,1,16.0,,,False,True
0 days 00:48:56.512000,GIO,99,0 days 00:01:33.058000,10.0,1.0,,,0 days 00:00:29.488000,0 days 00:00:37.966000,0 days 00:00:25.604000,0 days 00:47:52.980000,0 days 00:48:30.946000,0 days 00:48:56.550000,290.0,255.0,244.0,306.0,True,MEDIUM,10.0,True,Alfa Romeo Racing,0 days 00:47:23.454000,,1,16.0,,,False,True
0 days 00:50:29.671000,GIO,99,0 days 00:01:33.159000,11.0,1.0,,,0 days 00:00:29.555000,0 days 00:00:37.942000,0 days 00:00:25.662000,0 days 00:49:26.105000,0 days 00:50:04.047000,0 days 00:50:29.709000,283.0,254.0,242.0,297.0,False,MEDIUM,11.0,True,Alfa Romeo Racing,0 days 00:48:56.512000,,1,16.0,,,False,True
0 days 00:52:02.707000,GIO,99,0 days 00:01:33.036000,12.0,1.0,,,0 days 00:00:29.628000,0 days 00:00:37.705000,0 days 00:00:25.703000,0 days 00:50:59.337000,0 days 00:51:37.042000,0 days 00:52:02.745000,282.0,253.0,244.0,292.0,True,MEDIUM,12.0,True,Alfa Romeo Racing,0 days 00:50:29.671000,,1,16.0,,,False,True
0 days 00:53:35.600000,GIO,99,0 days 00:01:32.893000,13.0,1.0,,,0 days 00:00:29.609000,0 days 00:00:37.811000,0 days 00:00:25.473000,0 days 00:52:32.354000,0 days 00:53:10.165000,0 days 00:53:35.638000,280.0,253.0,245.0,300.0,True,MEDIUM,13.0,True,Alfa Romeo Racing,0 days 00:52:02.707000,,1,14.0,,,False,True
0 days 00:55:08.536000,GIO,99,0 days 00:01:32.936000,14.0,1.0,,,0 days 00:00:29.691000,0 days 00:00:37.694000,0 days 00:00:25.551000,0 days 00:54:05.329000,0 days 00:54:43.023000,0 days 00:55:08.574000,281.0,256.0,244.0,291.0,False,MEDIUM,14.0,True,Alfa Romeo Racing,0 days 00:53:35.600000,,1,10.0,,,False,True
0 days 00:56:41.268000,GIO,99,0 days 00:01:32.732000,15.0,1.0,,,0 days 00:00:29.597000,0 days 00:00:37.772000,0 days 00:00:25.363000,0 days 00:55:38.171000,0 days 00:56:15.943000,0 days 00:56:41.306000,281.0,254.0,244.0,301.0,True,MEDIUM,15.0,True,Alfa Romeo Racing,0 days 00:55:08.536000,,1,10.0,,,False,True
0 days 00:58:14.002000,GIO,99,0 days 00:01:32.734000,16.0,1.0,,,0 days 00:00:29.574000,0 days 00:00:37.599000,0 days 00:00:25.561000,0 days 00:57:10.880000,0 days 00:57:48.479000,0 days 00:58:14.040000,282.0,254.0,246.0,292.0,False,MEDIUM,16.0,True,Alfa Romeo Racing,0 days 00:56:41.268000,,1,10.0,,,False,True
0 days 00:59:46.466000,GIO,99,0 days 00:01:32.464000,17.0,1.0,,,0 days 00:00:29.343000,0 days 00:00:37.483000,0 days 00:00:25.638000,0 days 00:58:43.383000,0 days 00:59:20.866000,0 days 00:59:46.504000,283.0,252.0,245.0,289.0,True,MEDIUM,17.0,True,Alfa Romeo Racing,0 days 00:58:14.002000,,1,10.0,,,False,True
0 days 01:01:19.605000,GIO,99,0 days 00:01:33.139000,18.0,1.0,,,0 days 00:00:29.306000,0 days 00:00:37.667000,0 days 00:00:26.166000,0 days 01:00:15.810000,0 days 01:00:53.477000,0 days 01:01:19.643000,285.0,253.0,245.0,295.0,False,MEDIUM,18.0,True,Alfa Romeo Racing,0 days 00:59:46.466000,,1,10.0,,,False,True
0 days 01:03:49.605000,GIO,99,,19.0,1.0,,,,,,,,,,,,,,MEDIUM,19.0,True,Alfa Romeo Racing,0 days 01:01:19.605000,,124,,,,True,False
