Time,Driver,DriverNumber,LapTime,LapNumber,Stint,PitOutTime,PitInTime,Sector1Time,Sector2Time,Sector3Time,Sector1SessionTime,Sector2SessionTime,Sector3SessionTime,SpeedI1,SpeedI2,SpeedFL,SpeedST,IsPersonalBest,Compound,TyreLife,FreshTyre,Team,LapStartTime,LapStartDate,TrackStatus,Position,Deleted,DeletedReason,FastF1Generated,IsAccurate
0 days 00:34:48.162000,HAM,44,0 days 00:01:38.260000,1.0,1.0,,,,0 days 00:00:39.888000,0 days 00:00:30.581000,,0 days 00:34:17.735000,0 days 00:34:48.359000,262.0,150.0,294.0,231.0,False,MEDIUM,6.0,False,Mercedes,0 days 00:33:09.808000,,12,3.0,,,False,False
0 days 00:36:13.906000,HAM,44,0 days 00:01:25.744000,2.0,1.0,,,0 days 00:00:25.711000,0 days 00:00:33.101000,0 days 00:00:26.932000,0 days 00:35:13.914000,0 days 00:35:47.015000,0 days 00:36:13.947000,268.0,183.0,296.0,305.0,True,MEDIUM,7.0,False,Mercedes,0 days 00:34:48.162000,,1,3.0,,,False,True
0 days 00:37:37.722000,HAM,44,0 days 00:01:23.816000,3.0,1.0,,,0 days 00:00:24.412000,0 days 00:00:32.576000,0 days 00:00:26.828000,0 days 00:36:38.359000,0 days 00:37:10.935000,0 days 00:37:37.763000,270.0,185.0,303.0,310.0,True,MEDIUM,8.0,False,Mercedes,0 days 00:36:13.906000,,1,3.0,,,False,True
0 days 00:39:00.948000,HAM,44,0 days 00:01:23.226000,4.0,1.0,,,0 days 00:00:24.092000,0 days 00:00:32.324000,0 days 00:00:26.810000,0 days 00:38:01.855000,0 days 00:38:34.179000,0 days 00:39:00.989000,268.0,182.0,306.0,316.0,True,MEDIUM,9.0,False,Mercedes,0 days 00:37:37.722000,,1,3.0,,,False,True
0 days 00:40:23.944000,HAM,44,0 days 00:01:22.996000,5.0,1.0,,,0 days 00:00:24.205000,0 days 00:00:32.114000,0 days 00:00:26.677000,0 days 00:39:25.194000,0 days 00:39:57.308000,0 days 00:40:23.985000,269.0,187.0,310.0,316.0,True,MEDIUM,10.0,False,Mercedes,0 days 00:39:00.948000,,1,3.0,,,False,True
0 days 00:41:47.886000,HAM,44,0 days 00:01:23.942000,6.0,1.0,,,0 days 00:00:24.647000,0 days 00:00:32.216000,0 days 00:00:27.079000,0 days 00:40:48.632000,0 days 00:41:20.848000,0 days 00:41:47.927000,273.0,184.0,316.0,321.0,False,MEDIUM,11.0,False,Mercedes,0 days 00:40:23.944000,,1,3.0,,,False,True
0 days 00:43:09.926000,HAM,44,0 days 00:01:22.040000,7.0,1.0,,,0 days 00:00:23.681000,0 days 00:00:31.641000,0 days 00:00:26.718000,0 days 00:42:11.608000,0 days 00:42:43.249000,0 days 00:43:09.967000,262.0,190.0,293.0,323.0,True,MEDIUM,12.0,False,Mercedes,0 days 00:41:47.886000,,1,2.0,,,False,True
0 days 00:44:31.748000,HAM,44,0 days 00:01:21.822000,8.0,1.0,,,0 days 00:00:24.117000,0 days 00:00:31.364000,0 days 00:00:26.341000,0 days 00:43:34.084000,0 days 00:44:05.448000,0 days 00:44:31.789000,265.0,190.0,294.0,294.0,True,MEDIUM,13.0,False,Mercedes,0 days 00:43:09.926000,,1,2.0,,,False,True
0 days 00:45:53.540000,HAM,44,0 days 00:01:21.792000,9.0,1.0,,,0 days 00:00:23.792000,0 days 00:00:31.408000,0 days 00:00:26.592000,0 days 00:44:55.581000,0 days 00:45:26.989000,0 days 00:45:53.581000,267.0,189.0,294.0,292.0,True,MEDIUM,14.0,False,Mercedes,0 days 00:44:31.748000,,1,2.0,,,False,True
0 days 00:47:15.581000,HAM,44,0 days 00:01:22.041000,10.0,1.0,,,0 days 00:00:23.952000,0 days 00:00:31.527000,0 days 00:00:26.562000,0 days 00:46:17.533000,0 days 00:46:49.060000,0 days 00:47:15.622000,265.0,186.0,293.0,296.0,False,MEDIUM,15.0,False,Mercedes,0 days 00:45:53.540000,,1,2.0,,,False,True
0 days 00:48:37.533000,HAM,44,0 days 00:01:21.952000,11.0,1.0,,,0 days 00:00:23.786000,0 days 00:00:31.495000,0 days 00:00:26.671000,0 days 00:47:39.408000,0 days 00:48:10.903000,0 days 00:48:37.574000,265.0,186.0,295.0,296.0,False,MEDIUM,16.0,False,Mercedes,0 days 00:47:15.581000,,1,2.0,,,False,True
0 days 00:49:59.473000,HAM,44,0 days 00:01:21.940000,12.0,1.0,,,0 days 00:00:23.763000,0 days 00:00:31.548000,0 days 00:00:26.629000,0 days 00:49:01.337000,0 days 00:49:32.885000,0 days 00:49:59.514000,267.0,188.0,295.0,298.0,False,MEDIUM,17.0,False,Mercedes,0 days 00:48:37.533000,,1,2.0,,,False,True
0 days 00:51:21.602000,HAM,44,0 days 00:01:22.129000,13.0,1.0,,,0 days 00:00:23.747000,0 days 00:00:31.760000,0 days 00:00:26.622000,0 days 00:50:23.261000,0 days 00:50:55.021000,0 days 00:51:21.643000,263.0,186.0,294.0,298.0,False,MEDIUM,18.0,False,Mercedes,0 days 00:49:59.473000,,1,2.0,,,False,True
0 days 00:52:43.358000,HAM,44,0 days 00:01:21.756000,14.0,1.0,,,0 days 00:00:23.747000,0 days 00:00:31.474000,0 days 00:00:26.535000,,0 days 00:52:16.864000,0 days 00:52:43.399000,266.0,186.0,294.0,293.0,True,MEDIUM,19.0,False,Mercedes,0 days 00:51:21.602000,,1,2.0,,,False,True
0 days 00:54:04.779000,HAM,44,0 days 00:01:21.421000,15.0,1.0,,,0 days 00:00:23.598000,0 days 00:00:31.404000,0 days 00:00:26.419000,0 days 00:53:06.997000,0 days 00:53:38.401000,0 days 00:54:04.820000,270.0,192.0,294.0,296.0,True,MEDIUM,20.0,False,Mercedes,0 days 00:52:43.358000,,1,2.0,,,False,True
0 days 00:55:26.145000,HAM,44,0 days 00:01:21.366000,16.0,1.0,,,0 days 00:00:23.536000,0 days 00:00:31.292000,0 days 00:00:26.538000,0 days 00:54:28.356000,0 days 00:54:59.648000,0 days 00:55:26.186000,270.0,192.0,294.0,298.0,True,MEDIUM,21.0,False,Mercedes,0 days 00:54:04.779000,,1,2.0,,,False,True
0 days 00:56:47.462000,HAM,44,0 days 00:01:21.317000,17.0,1.0,,,0 days 00:00:23.428000,0 days 00:00:31.452000,0 days 00:00:26.437000,0 days 00:55:49.614000,0 days 00:56:21.066000,0 days 00:56:47.503000,268.0,191.0,294.0,299.0,True,MEDIUM,22.0,False,Mercedes,0 days 00:55:26.145000,,1,2.0,,,False,True
0 days 00:58:09.275000,HAM,44,0 days 00:01:21.813000,18.0,1.0,,,0 days 00:00:23.599000,0 days 00:00:31.531000,0 days 00:00:26.683000,0 days 00:57:11.102000,0 days 00:57:42.633000,0 days 00:58:09.316000,268.0,190.0,304.0,299.0,False,MEDIUM,23.0,False,Mercedes,0 days 00:56:47.462000,,1,2.0,,,False,True
0 days 00:59:31.637000,HAM,44,0 days 00:01:22.362000,19.0,1.0,,,0 days 00:00:23.433000,0 days 00:00:32.111000,0 days 00:00:26.818000,0 days 00:58:32.749000,0 days 00:59:04.860000,0 days 00:59:31.678000,271.0,181.0,309.0,320.0,False,MEDIUM,24.0,False,Mercedes,0 days 00:58:09.275000,,1,2.0,,,False,True
0 days 01:00:52.771000,HAM,44,0 days 00:01:21.134000,20.0,1.0,,,0 days 00:00:23.272000,0 days 00:00:31.532000,0 days 00:00:26.330000,0 days 00:59:54.950000,0 days 01:00:26.482000,0 days 01:00:52.812000,264.0,192.0,296.0,324.0,True,MEDIUM,25.0,False,Mercedes,0 days 00:59:31.637000,,1,1.0,,,False,True
0 days 01:02:14.790000,HAM,44,0 days 00:01:22.019000,21.0,1.0,,,0 days 00:00:24.026000,0 days 00:00:31.579000,0 days 00:00:26.414000,0 days 01:01:16.838000,0 days 01:01:48.417000,0 days 01:02:14.831000,269.0,195.0,294.0,291.0,False,MEDIUM,26.0,False,Mercedes,0 days 01:00:52.771000,,1,1.0,,,False,True
0 days 01:03:36.164000,HAM,44,0 days 00:01:21.374000,22.0,1.0,,,0 days 00:00:23.702000,0 days 00:00:31.111000,0 days 00:00:26.561000,0 days 01:02:38.533000,0 days 01:03:09.644000,0 days 01:03:36.205000,267.0,193.0,294.0,291.0,False,MEDIUM,27.0,False,Mercedes,0 days 01:02:14.790000,,1,1.0,,,False,True
0 days 01:04:57.417000,HAM,44,0 days 00:01:21.253000,23.0,1.0,,,0 days 00:00:23.562000,0 days 00:00:31.189000,0 days 00:00:26.502000,0 days 01:03:59.767000,0 days 01:04:30.956000,0 days 01:04:57.458000,272.0,191.0,295.0,298.0,False,MEDIUM,28.0,False,Mercedes,0 days 01:03:36.164000,,1,1.0,,,False,True
0 days 01:06:18.440000,HAM,44,0 days 00:01:21.023000,24.0,1.0,,,0 days 00:00:23.445000,0 days 00:00:31.103000,0 days 00:00:26.475000,0 days 01:05:20.903000,0 days 01:05:52.006000,0 days 01:06:18.481000,272.0,192.0,294.0,297.0,True,MEDIUM,29.0,False,Mercedes,0 days 01:04:57.417000,,1,1.0,,,False,True
0 days 01:07:39.215000,HAM,44,0 days 00:01:20.775000,25.0,1.0,,,0 days 00:00:23.510000,0 days 00:00:30.973000,0 days 00:00:26.292000,0 days 01:06:41.991000,0 days 01:07:12.964000,0 days 01:07:39.256000,270.0,192.0,294.0,297.0,True,MEDIUM,30.0,False,Mercedes,0 days 01:06:18.440000,,1,1.0,,,False,True
0 days 01:09:00.838000,HAM,44,0 days 00:01:21.623000,26.0,1.0,,,0 days 00:00:23.592000,0 days 00:00:31.441000,0 days 00:00:26.590000,0 days 01:08:02.848000,0 days 01:08:34.289000,0 days 01:09:00.879000,272.0,191.0,295.0,294.0,False,MEDIUM,31.0,False,Mercedes,0 days 01:07:39.215000,,1,1.0,,,False,True
0 days 01:10:22.754000,HAM,44,0 days 00:01:21.916000,27.0,1.0,,,0 days 00:00:23.585000,0 days 00:00:31.517000,0 days 00:00:26.814000,0 days 01:09:24.464000,0 days 01:09:55.981000,0 days 01:10:22.795000,269.0,190.0,297.0,300.0,False,MEDIUM,32.0,False,Mercedes,0 days 01:09:00.838000,,1,1.0,,,False,True
0 days 01:11:44.029000,HAM,44,0 days 00:01:21.275000,28.0,1.0,,,0 days 00:00:23.578000,0 days 00:00:31.318000,0 days 00:00:26.379000,0 days 01:10:46.373000,0 days 01:11:17.691000,0 days 01:11:44.070000,274.0,190.0,310.0,299.0,False,MEDIUM,33.0,False,Mercedes,0 days 01:10:22.754000,,1,1.0,,,False,True
0 days 01:13:04.566000,HAM,44,0 days 00:01:20.537000,29.0,1.0,,,0 days 00:00:22.937000,0 days 00:00:31.265000,0 days 00:00:26.335000,0 days 01:12:07.007000,0 days 01:12:38.272000,0 days 01:13:04.607000,270.0,192.0,298.0,319.0,True,MEDIUM,34.0,False,Mercedes,0 days 01:11:44.029000,,1,1.0,,,False,True
0 days 01:14:25.715000,HAM,44,0 days 00:01:21.149000,30.0,1.0,,,0 days 00:00:23.801000,0 days 00:00:30.965000,0 days 00:00:26.383000,0 days 01:13:28.408000,0 days 01:13:59.373000,0 days 01:14:25.756000,274.0,194.0,296.0,303.0,False,MEDIUM,35.0,False,Mercedes,0 days 01:13:04.566000,,1,1.0,,,False,True
0 days 01:15:46.451000,HAM,44,0 days 00:01:20.736000,31.0,1.0,,,0 days 00:00:23.435000,0 days 00:00:31.063000,0 days 00:00:26.238000,0 days 01:14:49.191000,0 days 01:15:20.254000,0 days 01:15:46.492000,272.0,194.0,296.0,297.0,False,MEDIUM,36.0,False,Mercedes,0 days 01:14:25.715000,,1,1.0,,,False,True
0 days 01:17:07.388000,HAM,44,0 days 00:01:20.937000,32.0,1.0,,,0 days 00:00:23.354000,0 days 00:00:31.314000,0 days 00:00:26.269000,0 days 01:16:09.846000,0 days 01:16:41.160000,0 days 01:17:07.429000,272.0,187.0,306.0,301.0,False,MEDIUM,37.0,False,Mercedes,0 days 01:15:46.451000,,1,1.0,,,False,True
0 days 01:18:28.145000,HAM,44,0 days 00:01:20.757000,33.0,1.0,,,0 days 00:00:23.123000,0 days 00:00:31.374000,0 days 00:00:26.260000,0 days 01:17:30.552000,0 days 01:18:01.926000,0 days 01:18:28.186000,269.0,190.0,309.0,320.0,False,MEDIUM,38.0,False,Mercedes,0 days 01:17:07.388000,,1,1.0,,,False,True
0 days 01:19:49.166000,HAM,44,0 days 00:01:21.021000,34.0,1.0,,,0 days 00:00:23.294000,0 days 00:00:31.502000,0 days 00:00:26.225000,0 days 01:18:51.480000,0 days 01:19:22.982000,0 days 01:19:49.207000,274.0,190.0,309.0,318.0,False,MEDIUM,39.0,False,Mercedes,0 days 01:18:28.145000,,1,1.0,,,False,True
0 days 01:21:10.050000,HAM,44,0 days 00:01:20.884000,35.0,1.0,,,0 days 00:00:23.174000,0 days 00:00:31.316000,0 days 00:00:26.394000,0 days 01:20:12.381000,0 days 01:20:43.697000,0 days 01:21:10.091000,272.0,190.0,297.0,322.0,False,MEDIUM,40.0,False,Mercedes,0 days 01:19:49.166000,,1,1.0,,,False,True
0 days 01:22:31.578000,HAM,44,0 days 00:01:21.528000,36.0,1.0,,,0 days 00:00:23.639000,0 days 00:00:31.416000,0 days 00:00:26.473000,0 days 01:21:33.730000,0 days 01:22:05.146000,0 days 01:22:31.619000,274.0,192.0,294.0,302.0,False,MEDIUM,41.0,False,Mercedes,0 days 01:21:10.050000,,1,1.0,,,False,True
0 days 01:23:52.821000,HAM,44,0 days 00:01:21.243000,37.0,1.0,,,0 days 00:00:23.705000,0 days 00:00:31.265000,0 days 00:00:26.273000,0 days 01:22:55.324000,0 days 01:23:26.589000,0 days 01:23:52.862000,268.0,194.0,292.0,296.0,False,MEDIUM,42.0,False,Mercedes,0 days 01:22:31.578000,,1,1.0,,,False,True
0 days 01:25:13.591000,HAM,44,0 days 00:01:20.770000,38.0,1.0,,,0 days 00:00:23.427000,0 days 00:00:31.140000,0 days 00:00:26.203000,0 days 01:24:16.289000,0 days 01:24:47.429000,0 days 01:25:13.632000,270.0,194.0,293.0,291.0,False,MEDIUM,43.0,False,Mercedes,0 days 01:23:52.821000,,1,1.0,,,False,True
0 days 01:26:34.337000,HAM,44,0 days 00:01:20.746000,39.0,1.0,,,0 days 00:00:23.380000,0 days 00:00:30.975000,0 days 00:00:26.391000,0 days 01:25:37.012000,0 days 01:26:07.987000,0 days 01:26:34.378000,271.0,193.0,295.0,296.0,False,MEDIUM,44.0,False,Mercedes,0 days 01:25:13.591000,,1,1.0,,,False,True
0 days 01:27:59.025000,HAM,44,0 days 00:01:24.688000,40.0,1.0,,0 days 01:27:56.096000,0 days 00:00:23.307000,0 days 00:00:31.228000,0 days 00:00:30.153000,0 days 01:26:57.685000,0 days 01:27:28.913000,0 days 01:27:59.066000,273.0,192.0,,298.0,False,MEDIUM,45.0,False,Mercedes,0 days 01:26:34.337000,,1,1.0,,,False,False
0 days 01:29:45.610000,HAM,44,0 days 00:01:46.585000,41.0,2.0,0 days 01:28:23.264000,,0 days 00:00:47.553000,0 days 00:00:32.091000,0 days 00:00:26.941000,0 days 01:28:46.619000,0 days 01:29:18.710000,0 days 01:29:45.651000,264.0,192.0,294.0,298.0,False,HARD,1.0,True,Mercedes,0 days 01:27:59.025000,,1,2.0,,,False,False
0 days 01:31:06.501000,HAM,44,0 days 00:01:20.891000,42.0,2.0,,,0 days 00:00:23.489000,0 days 00:00:31.022000,0 days 00:00:26.380000,0 days 01:30:09.140000,0 days 01:30:40.162000,0 days 01:31:06.542000,267.0,195.0,295.0,302.0,False,HARD,2.0,True,Mercedes,0 days 01:29:45.610000,,1,1.0,,,False,True
0 days 01:32:27.155000,HAM,44,0 days 00:01:20.654000,43.0,2.0,,,0 days 00:00:23.352000,0 days 00:00:30.928000,0 days 00:00:26.374000,0 days 01:31:29.894000,0 days 01:32:00.822000,0 days 01:32:27.196000,272.0,192.0,295.0,293.0,False,HARD,3.0,True,Mercedes,0 days 01:31:06.501000,,1,1.0,,,False,True
0 days 01:33:47.650000,HAM,44,0 days 00:01:20.495000,44.0,2.0,,,0 days 00:00:23.507000,0 days 00:00:30.824000,0 days 00:00:26.164000,0 days 01:32:50.703000,0 days 01:33:21.527000,0 days 01:33:47.691000,275.0,194.0,296.0,296.0,True,HARD,4.0,True,Mercedes,0 days 01:32:27.155000,,1,1.0,,,False,True
0 days 01:35:08.117000,HAM,44,0 days 00:01:20.467000,45.0,2.0,,,0 days 00:00:23.285000,0 days 00:00:31.085000,0 days 00:00:26.097000,0 days 01:34:10.976000,0 days 01:34:42.061000,0 days 01:35:08.158000,272.0,191.0,296.0,296.0,True,HARD,5.0,True,Mercedes,0 days 01:33:47.650000,,1,1.0,,,False,True
0 days 01:36:28.483000,HAM,44,0 days 00:01:20.366000,46.0,2.0,,,0 days 00:00:23.213000,0 days 00:00:30.973000,0 days 00:00:26.180000,0 days 01:35:31.371000,0 days 01:36:02.344000,0 days 01:36:28.524000,275.0,195.0,297.0,295.0,True,HARD,6.0,True,Mercedes,0 days 01:35:08.117000,,1,1.0,,,False,True
0 days 01:37:48.406000,HAM,44,0 days 00:01:19.923000,47.0,2.0,,,0 days 00:00:23.113000,0 days 00:00:30.787000,0 days 00:00:26.023000,0 days 01:36:51.637000,0 days 01:37:22.424000,0 days 01:37:48.447000,274.0,195.0,296.0,300.0,True,HARD,7.0,True,Mercedes,0 days 01:36:28.483000,,1,1.0,,,False,True
0 days 01:39:08.582000,HAM,44,0 days 00:01:20.176000,48.0,2.0,,,0 days 00:00:23.130000,0 days 00:00:31.021000,0 days 00:00:26.025000,0 days 01:38:11.577000,0 days 01:38:42.598000,0 days 01:39:08.623000,273.0,191.0,296.0,298.0,False,HARD,8.0,True,Mercedes,0 days 01:37:48.406000,,1,1.0,,,False,True
0 days 01:40:28.503000,HAM,44,0 days 00:01:19.921000,49.0,2.0,,,0 days 00:00:23.236000,0 days 00:00:30.707000,0 days 00:00:25.978000,0 days 01:39:31.859000,0 days 01:40:02.566000,0 days 01:40:28.544000,274.0,194.0,298.0,296.0,True,HARD,9.0,True,Mercedes,0 days 01:39:08.582000,,1,1.0,,,False,True
0 days 01:41:48.630000,HAM,44,0 days 00:01:20.127000,50.0,2.0,,,0 days 00:00:23.121000,0 days 00:00:30.780000,0 days 00:00:26.226000,0 days 01:40:51.665000,0 days 01:41:22.445000,0 days 01:41:48.671000,273.0,192.0,298.0,303.0,False,HARD,10.0,True,Mercedes,0 days 01:40:28.503000,,1,1.0,,,False,True
0 days 01:43:09.546000,HAM,44,0 days 00:01:20.916000,51.0,2.0,,,0 days 00:00:23.412000,0 days 00:00:31.257000,0 days 00:00:26.247000,0 days 01:42:12.083000,0 days 01:42:43.340000,0 days 01:43:09.587000,272.0,192.0,298.0,305.0,False,HARD,11.0,True,Mercedes,0 days 01:41:48.630000,,1,1.0,,,False,True
0 days 01:44:30.452000,HAM,44,0 days 00:01:20.906000,52.0,2.0,,,0 days 00:00:23.646000,0 days 00:00:31.142000,0 days 00:00:26.118000,0 days 01:43:33.233000,0 days 01:44:04.375000,0 days 01:44:30.493000,271.0,195.0,297.0,302.0,False,HARD,12.0,True,Mercedes,0 days 01:43:09.546000,,1,1.0,,,False,True
0 days 01:45:50.886000,HAM,44,0 days 00:01:20.434000,53.0,2.0,,,0 days 00:00:23.275000,0 days 00:00:30.881000,0 days 00:00:26.278000,0 days 01:44:53.768000,0 days 01:45:24.649000,0 days 01:45:50.927000,271.0,188.0,297.0,303.0,False,HARD,13.0,True,Mercedes,0 days 01:44:30.452000,,1,1.0,,,False,True
0 days 01:47:11.002000,HAM,44,0 days 00:01:20.116000,54.0,2.0,,,0 days 00:00:23.288000,0 days 00:00:30.717000,0 days 00:00:26.111000,0 days 01:46:14.215000,0 days 01:46:44.932000,0 days 01:47:11.043000,272.0,195.0,298.0,299.0,False,HARD,14.0,True,Mercedes,0 days 01:45:50.886000,,1,1.0,,,False,True
0 days 01:48:31.208000,HAM,44,0 days 00:01:20.206000,55.0,2.0,,,0 days 00:00:23.399000,0 days 00:00:30.897000,0 days 00:00:25.910000,0 days 01:47:34.442000,0 days 01:48:05.339000,0 days 01:48:31.249000,275.0,193.0,297.0,298.0,False,HARD,15.0,True,Mercedes,0 days 01:47:11.002000,,1,1.0,,,False,True
0 days 01:49:50.710000,HAM,44,0 days 00:01:19.502000,56.0,2.0,,,0 days 00:00:23.134000,0 days 00:00:30.611000,0 days 00:00:25.757000,0 days 01:48:54.383000,0 days 01:49:24.994000,0 days 01:49:50.751000,274.0,195.0,295.0,295.0,True,HARD,16.0,True,Mercedes,0 days 01:48:31.208000,,1,1.0,,,False,True
0 days 01:51:11.233000,HAM,44,0 days 00:01:20.523000,57.0,2.0,,,0 days 00:00:23.616000,0 days 00:00:30.861000,0 days 00:00:26.046000,0 days 01:50:14.367000,0 days 01:50:45.228000,0 days 01:51:11.274000,276.0,194.0,297.0,287.0,False,HARD,17.0,True,Mercedes,0 days 01:49:50.710000,,1,1.0,,,False,True
0 days 01:52:31.335000,HAM,44,0 days 00:01:20.102000,58.0,2.0,,,0 days 00:00:23.226000,0 days 00:00:31.070000,0 days 00:00:25.806000,0 days 01:51:34.500000,0 days 01:52:05.570000,0 days 01:52:31.376000,273.0,192.0,298.0,294.0,False,HARD,18.0,True,Mercedes,0 days 01:51:11.233000,,1,1.0,,,False,True
0 days 01:53:51.248000,HAM,44,0 days 00:01:19.913000,59.0,2.0,,,0 days 00:00:23.347000,0 days 00:00:30.773000,0 days 00:00:25.793000,0 days 01:52:54.723000,0 days 01:53:25.496000,0 days 01:53:51.289000,273.0,195.0,294.0,298.0,False,HARD,19.0,True,Mercedes,0 days 01:52:31.335000,,1,1.0,,,False,True
0 days 01:55:10.732000,HAM,44,0 days 00:01:19.484000,60.0,2.0,,,0 days 00:00:23.082000,0 days 00:00:30.662000,0 days 00:00:25.740000,0 days 01:54:14.371000,0 days 01:54:45.033000,0 days 01:55:10.773000,274.0,199.0,296.0,297.0,True,HARD,20.0,True,Mercedes,0 days 01:53:51.248000,,1,1.0,,,False,True
0 days 01:56:29.698000,HAM,44,0 days 00:01:18.966000,61.0,2.0,,,0 days 00:00:23.038000,0 days 00:00:30.122000,0 days 00:00:25.806000,0 days 01:55:33.811000,0 days 01:56:03.933000,0 days 01:56:29.739000,276.0,201.0,296.0,293.0,True,HARD,21.0,True,Mercedes,0 days 01:55:10.732000,,1,1.0,,,False,True
0 days 01:57:49.214000,HAM,44,0 days 00:01:19.516000,62.0,2.0,,,0 days 00:00:23.139000,0 days 00:00:30.631000,0 days 00:00:25.746000,0 days 01:56:52.878000,0 days 01:57:23.509000,0 days 01:57:49.255000,277.0,196.0,295.0,297.0,False,HARD,22.0,True,Mercedes,0 days 01:56:29.698000,,1,1.0,,,False,True
0 days 01:59:07.964000,HAM,44,0 days 00:01:18.750000,63.0,2.0,,,0 days 00:00:22.928000,0 days 00:00:30.171000,0 days 00:00:25.651000,0 days 01:58:12.183000,0 days 01:58:42.354000,0 days 01:59:08.005000,276.0,199.0,297.0,298.0,True,HARD,23.0,True,Mercedes,0 days 01:57:49.214000,,1,1.0,,,False,True
0 days 02:00:27.351000,HAM,44,0 days 00:01:19.387000,64.0,2.0,,,0 days 00:00:23.030000,0 days 00:00:30.179000,0 days 00:00:26.178000,0 days 01:59:31.035000,0 days 02:00:01.214000,0 days 02:00:27.392000,276.0,197.0,299.0,298.0,False,HARD,24.0,True,Mercedes,0 days 01:59:07.964000,,1,1.0,,,False,True
0 days 02:01:47.781000,HAM,44,0 days 00:01:20.430000,65.0,2.0,,,0 days 00:00:23.279000,0 days 00:00:30.882000,0 days 00:00:26.269000,0 days 02:00:50.671000,0 days 02:01:21.553000,0 days 02:01:47.822000,273.0,188.0,298.0,302.0,False,HARD,25.0,True,Mercedes,0 days 02:00:27.351000,,1,1.0,,,False,True
0 days 02:03:06.730000,HAM,44,0 days 00:01:18.949000,66.0,2.0,,,0 days 00:00:22.936000,0 days 00:00:30.103000,0 days 00:00:25.910000,0 days 02:02:10.758000,0 days 02:02:40.861000,0 days 02:03:06.771000,277.0,199.0,250.0,306.0,False,HARD,26.0,True,Mercedes,0 days 02:01:47.781000,,1,1.0,,,False,True
0 days 00:34:45.855000,BOT,77,0 days 00:01:35.953000,1.0,1.0,,,,0 days 00:00:37.812000,0 days 00:00:29.743000,,0 days 00:34:16.260000,0 days 00:34:46.150000,266.0,163.0,291.0,233.0,False,MEDIUM,4.0,False,Mercedes,0 days 00:33:09.808000,,12,1.0,,,False,False
0 days 00:36:13.274000,BOT,77,0 days 00:01:27.419000,2.0,1.0,,,0 days 00:00:26.084000,0 days 00:00:33.791000,0 days 00:00:27.544000,0 days 00:35:11.983000,0 days 00:35:45.774000,0 days 00:36:13.318000,269.0,183.0,293.0,297.0,True,MEDIUM,5.0,False,Mercedes,0 days 00:34:45.855000,,1,2.0,,,False,True
0 days 00:37:36.979000,BOT,77,0 days 00:01:23.705000,3.0,1.0,,,0 days 00:00:24.593000,0 days 00:00:32.200000,0 days 00:00:26.912000,0 days 00:36:37.911000,0 days 00:37:10.111000,0 days 00:37:37.023000,265.0,191.0,293.0,305.0,True,MEDIUM,6.0,False,Mercedes,0 days 00:36:13.274000,,1,2.0,,,False,True
0 days 00:39:00.174000,BOT,77,0 days 00:01:23.195000,4.0,1.0,,,0 days 00:00:24.293000,0 days 00:00:32.026000,0 days 00:00:26.876000,0 days 00:38:01.316000,0 days 00:38:33.342000,0 days 00:39:00.218000,266.0,187.0,295.0,301.0,True,MEDIUM,7.0,False,Mercedes,0 days 00:37:36.979000,,1,2.0,,,False,True
0 days 00:40:23.460000,BOT,77,0 days 00:01:23.286000,5.0,1.0,,,0 days 00:00:24.308000,0 days 00:00:32.075000,0 days 00:00:26.903000,0 days 00:39:24.526000,0 days 00:39:56.601000,0 days 00:40:23.504000,272.0,185.0,307.0,301.0,False,MEDIUM,8.0,False,Mercedes,0 days 00:39:00.174000,,1,2.0,,,False,True
0 days 00:41:45.649000,BOT,77,0 days 00:01:22.189000,6.0,1.0,,,0 days 00:00:23.609000,0 days 00:00:31.812000,0 days 00:00:26.768000,0 days 00:40:47.113000,0 days 00:41:18.925000,0 days 00:41:45.693000,264.0,186.0,294.0,326.0,True,MEDIUM,9.0,False,Mercedes,0 days 00:40:23.460000,,1,1.0,,,False,True
0 days 00:43:08.237000,BOT,77,0 days 00:01:22.588000,7.0,1.0,,,0 days 00:00:24.111000,0 days 00:00:31.619000,0 days 00:00:26.858000,0 days 00:42:09.804000,0 days 00:42:41.423000,0 days 00:43:08.281000,267.0,193.0,292.0,287.0,False,MEDIUM,10.0,False,Mercedes,0 days 00:41:45.649000,,1,1.0,,,False,True
0 days 00:44:29.879000,BOT,77,0 days 00:01:21.642000,8.0,1.0,,,0 days 00:00:23.889000,0 days 00:00:31.297000,0 days 00:00:26.456000,0 days 00:43:32.170000,0 days 00:44:03.467000,0 days 00:44:29.923000,271.0,192.0,293.0,292.0,True,MEDIUM,11.0,False,Mercedes,0 days 00:43:08.237000,,1,1.0,,,False,True
0 days 00:45:51.650000,BOT,77,0 days 00:01:21.771000,9.0,1.0,,,0 days 00:00:23.841000,0 days 00:00:31.292000,0 days 00:00:26.638000,0 days 00:44:53.764000,0 days 00:45:25.056000,0 days 00:45:51.694000,270.0,189.0,292.0,293.0,False,MEDIUM,12.0,False,Mercedes,0 days 00:44:29.879000,,1,1.0,,,False,True
0 days 00:47:13.457000,BOT,77,0 days 00:01:21.807000,10.0,1.0,,,0 days 00:00:23.874000,0 days 00:00:31.325000,0 days 00:00:26.608000,0 days 00:46:15.568000,0 days 00:46:46.893000,0 days 00:47:13.501000,268.0,189.0,293.0,294.0,False,MEDIUM,13.0,False,Mercedes,0 days 00:45:51.650000,,1,1.0,,,False,True
0 days 00:48:35.532000,BOT,77,0 days 00:01:22.075000,11.0,1.0,,,0 days 00:00:23.925000,0 days 00:00:31.571000,0 days 00:00:26.579000,0 days 00:47:37.426000,0 days 00:48:08.997000,0 days 00:48:35.576000,267.0,189.0,294.0,295.0,False,MEDIUM,14.0,False,Mercedes,0 days 00:47:13.457000,,1,1.0,,,False,True
0 days 00:49:57.421000,BOT,77,0 days 00:01:21.889000,12.0,1.0,,,0 days 00:00:23.834000,0 days 00:00:31.362000,0 days 00:00:26.693000,0 days 00:48:59.410000,0 days 00:49:30.772000,0 days 00:49:57.465000,267.0,190.0,292.0,293.0,False,MEDIUM,15.0,False,Mercedes,0 days 00:48:35.532000,,1,1.0,,,False,True
0 days 00:51:19.297000,BOT,77,0 days 00:01:21.876000,13.0,1.0,,,0 days 00:00:23.827000,0 days 00:00:31.405000,0 days 00:00:26.644000,0 days 00:50:21.292000,0 days 00:50:52.697000,0 days 00:51:19.341000,270.0,187.0,292.0,293.0,False,MEDIUM,16.0,False,Mercedes,0 days 00:49:57.421000,,1,1.0,,,False,True
0 days 00:52:41.004000,BOT,77,0 days 00:01:21.707000,14.0,1.0,,,0 days 00:00:23.783000,0 days 00:00:31.326000,0 days 00:00:26.598000,0 days 00:51:43.124000,0 days 00:52:14.450000,0 days 00:52:41.048000,269.0,190.0,292.0,295.0,False,MEDIUM,17.0,False,Mercedes,0 days 00:51:19.297000,,1,1.0,,,False,True
0 days 00:54:02.818000,BOT,77,0 days 00:01:21.814000,15.0,1.0,,,0 days 00:00:23.798000,0 days 00:00:31.455000,0 days 00:00:26.561000,0 days 00:53:04.846000,0 days 00:53:36.301000,0 days 00:54:02.862000,267.0,186.0,293.0,295.0,False,MEDIUM,18.0,False,Mercedes,0 days 00:52:41.004000,,1,1.0,,,False,True
0 days 00:55:24.468000,BOT,77,0 days 00:01:21.650000,16.0,1.0,,,0 days 00:00:23.736000,0 days 00:00:31.183000,0 days 00:00:26.731000,0 days 00:54:26.598000,0 days 00:54:57.781000,0 days 00:55:24.512000,270.0,191.0,292.0,292.0,False,MEDIUM,19.0,False,Mercedes,0 days 00:54:02.818000,,1,1.0,,,False,True
0 days 00:56:46.077000,BOT,77,0 days 00:01:21.609000,17.0,1.0,,,0 days 00:00:23.622000,0 days 00:00:31.335000,0 days 00:00:26.652000,0 days 00:55:48.134000,0 days 00:56:19.469000,0 days 00:56:46.121000,269.0,189.0,292.0,293.0,True,MEDIUM,20.0,False,Mercedes,0 days 00:55:24.468000,,1,1.0,,,False,True
0 days 00:58:08.389000,BOT,77,0 days 00:01:22.312000,18.0,1.0,,,0 days 00:00:23.702000,0 days 00:00:31.534000,0 days 00:00:27.076000,0 days 00:57:09.823000,0 days 00:57:41.357000,0 days 00:58:08.433000,270.0,192.0,293.0,294.0,False,MEDIUM,21.0,False,Mercedes,0 days 00:56:46.077000,,1,1.0,,,False,True
0 days 00:59:31.314000,BOT,77,0 days 00:01:22.925000,19.0,1.0,,,0 days 00:00:23.861000,0 days 00:00:32.112000,0 days 00:00:26.952000,0 days 00:58:32.294000,0 days 00:59:04.406000,0 days 00:59:31.358000,265.0,188.0,292.0,303.0,False,MEDIUM,22.0,False,Mercedes,0 days 00:58:08.389000,,1,1.0,,,False,True
0 days 01:00:53.910000,BOT,77,0 days 00:01:22.596000,20.0,1.0,,,0 days 00:00:24.286000,0 days 00:00:31.888000,0 days 00:00:26.422000,0 days 00:59:55.644000,0 days 01:00:27.532000,0 days 01:00:53.954000,272.0,191.0,296.0,298.0,False,MEDIUM,23.0,False,Mercedes,0 days 00:59:31.314000,,1,2.0,,,False,True
0 days 01:02:17.054000,BOT,77,0 days 00:01:23.144000,21.0,1.0,,,0 days 00:00:24.335000,0 days 00:00:31.998000,0 days 00:00:26.811000,0 days 01:01:18.289000,0 days 01:01:50.287000,0 days 01:02:17.098000,266.0,192.0,295.0,297.0,False,MEDIUM,24.0,False,Mercedes,0 days 01:00:53.910000,,1,2.0,,,False,True
0 days 01:03:39.094000,BOT,77,0 days 00:01:22.040000,22.0,1.0,,,0 days 00:00:23.930000,0 days 00:00:31.438000,0 days 00:00:26.672000,0 days 01:02:41.028000,0 days 01:03:12.466000,0 days 01:03:39.138000,268.0,184.0,294.0,297.0,False,MEDIUM,25.0,False,Mercedes,0 days 01:02:17.054000,,1,2.0,,,False,True
0 days 01:05:00.450000,BOT,77,0 days 00:01:21.356000,23.0,1.0,,,0 days 00:00:23.662000,0 days 00:00:31.112000,0 days 00:00:26.582000,0 days 01:04:02.800000,0 days 01:04:33.912000,0 days 01:05:00.494000,272.0,192.0,295.0,304.0,True,MEDIUM,26.0,False,Mercedes,0 days 01:03:39.094000,,1,2.0,,,False,True
0 days 01:06:21.740000,BOT,77,0 days 00:01:21.290000,24.0,1.0,,,0 days 00:00:23.529000,0 days 00:00:31.253000,0 days 00:00:26.508000,0 days 01:05:24.023000,0 days 01:05:55.276000,0 days 01:06:21.784000,272.0,191.0,295.0,301.0,True,MEDIUM,27.0,False,Mercedes,0 days 01:05:00.450000,,1,2.0,,,False,True
0 days 01:07:42.854000,BOT,77,0 days 00:01:21.114000,25.0,1.0,,,0 days 00:00:23.599000,0 days 00:00:31.148000,0 days 00:00:26.367000,0 days 01:06:45.383000,0 days 01:07:16.531000,0 days 01:07:42.898000,271.0,195.0,294.0,302.0,True,MEDIUM,28.0,False,Mercedes,0 days 01:06:21.740000,,1,2.0,,,False,True
0 days 01:09:04.860000,BOT,77,0 days 00:01:22.006000,26.0,1.0,,,0 days 00:00:23.736000,0 days 00:00:31.773000,0 days 00:00:26.497000,0 days 01:08:06.634000,0 days 01:08:38.407000,0 days 01:09:04.904000,272.0,193.0,295.0,298.0,False,MEDIUM,29.0,False,Mercedes,0 days 01:07:42.854000,,1,2.0,,,False,True
0 days 01:10:27.620000,BOT,77,0 days 00:01:22.760000,27.0,1.0,,,0 days 00:00:23.975000,0 days 00:00:31.931000,0 days 00:00:26.854000,0 days 01:09:28.879000,0 days 01:10:00.810000,0 days 01:10:27.664000,270.0,191.0,296.0,301.0,False,MEDIUM,30.0,False,Mercedes,0 days 01:09:04.860000,,1,2.0,,,False,True
0 days 01:11:50.695000,BOT,77,0 days 00:01:23.075000,28.0,1.0,,,0 days 00:00:25.293000,0 days 00:00:31.379000,0 days 00:00:26.403000,0 days 01:10:52.957000,0 days 01:11:24.336000,0 days 01:11:50.739000,268.0,193.0,295.0,296.0,False,MEDIUM,31.0,False,Mercedes,0 days 01:10:27.620000,,1,2.0,,,False,True
0 days 01:13:11.988000,BOT,77,0 days 00:01:21.293000,29.0,1.0,,,0 days 00:00:23.583000,0 days 00:00:31.120000,0 days 00:00:26.590000,0 days 01:12:14.322000,0 days 01:12:45.442000,0 days 01:13:12.032000,272.0,194.0,295.0,293.0,False,MEDIUM,32.0,False,Mercedes,0 days 01:11:50.695000,,1,2.0,,,False,True
0 days 01:14:33.040000,BOT,77,0 days 00:01:21.052000,30.0,1.0,,,0 days 00:00:23.613000,0 days 00:00:30.995000,0 days 00:00:26.444000,0 days 01:13:35.645000,0 days 01:14:06.640000,0 days 01:14:33.084000,273.0,195.0,297.0,301.0,True,MEDIUM,33.0,False,Mercedes,0 days 01:13:11.988000,,1,2.0,,,False,True
0 days 01:15:54.113000,BOT,77,0 days 00:01:21.073000,31.0,1.0,,,0 days 00:00:23.513000,0 days 00:00:31.203000,0 days 00:00:26.357000,0 days 01:14:56.597000,0 days 01:15:27.800000,0 days 01:15:54.157000,273.0,194.0,296.0,302.0,False,MEDIUM,34.0,False,Mercedes,0 days 01:14:33.040000,,1,2.0,,,False,True
0 days 01:17:15.345000,BOT,77,0 days 00:01:21.232000,32.0,1.0,,,0 days 00:00:23.842000,0 days 00:00:31.166000,0 days 00:00:26.224000,0 days 01:16:17.999000,0 days 01:16:49.165000,0 days 01:17:15.389000,273.0,188.0,308.0,301.0,False,MEDIUM,35.0,False,Mercedes,0 days 01:15:54.113000,,1,2.0,,,False,True
0 days 01:18:36.305000,BOT,77,0 days 00:01:20.960000,33.0,1.0,,,0 days 00:00:23.314000,0 days 00:00:31.151000,0 days 00:00:26.495000,0 days 01:17:38.703000,0 days 01:18:09.854000,0 days 01:18:36.349000,267.0,191.0,296.0,320.0,True,MEDIUM,36.0,False,Mercedes,0 days 01:17:15.345000,,1,2.0,,,False,True
0 days 01:19:57.180000,BOT,77,0 days 00:01:20.875000,34.0,1.0,,,0 days 00:00:23.429000,0 days 00:00:31.070000,0 days 00:00:26.376000,0 days 01:18:59.778000,0 days 01:19:30.848000,0 days 01:19:57.224000,271.0,192.0,298.0,300.0,True,MEDIUM,37.0,False,Mercedes,0 days 01:18:36.305000,,1,2.0,,,False,True
0 days 01:21:18.718000,BOT,77,0 days 00:01:21.538000,35.0,1.0,,,0 days 00:00:23.500000,0 days 00:00:31.428000,0 days 00:00:26.610000,0 days 01:20:20.724000,0 days 01:20:52.152000,0 days 01:21:18.762000,272.0,190.0,310.0,301.0,False,MEDIUM,38.0,False,Mercedes,0 days 01:19:57.180000,,1,2.0,,,False,True
0 days 01:22:39.417000,BOT,77,0 days 00:01:20.699000,36.0,1.0,,,0 days 00:00:23.109000,0 days 00:00:31.230000,0 days 00:00:26.360000,0 days 01:21:41.871000,0 days 01:22:13.101000,0 days 01:22:39.461000,273.0,193.0,295.0,320.0,True,MEDIUM,39.0,False,Mercedes,0 days 01:21:18.718000,,1,2.0,,,False,True
0 days 01:24:01.067000,BOT,77,0 days 00:01:21.650000,37.0,1.0,,,0 days 00:00:23.678000,0 days 00:00:31.438000,0 days 00:00:26.534000,0 days 01:23:03.139000,0 days 01:23:34.577000,0 days 01:24:01.111000,272.0,196.0,297.0,298.0,False,MEDIUM,40.0,False,Mercedes,0 days 01:22:39.417000,,1,2.0,,,False,True
0 days 01:25:22.508000,BOT,77,0 days 00:01:21.441000,38.0,1.0,,,0 days 00:00:23.650000,0 days 00:00:31.570000,0 days 00:00:26.221000,0 days 01:24:24.761000,0 days 01:24:56.331000,0 days 01:25:22.552000,271.0,193.0,310.0,307.0,False,MEDIUM,41.0,False,Mercedes,0 days 01:24:01.067000,,1,2.0,,,False,True
0 days 01:26:43.914000,BOT,77,0 days 00:01:21.406000,39.0,1.0,,,0 days 00:00:23.320000,0 days 00:00:31.391000,0 days 00:00:26.695000,0 days 01:25:45.872000,0 days 01:26:17.263000,0 days 01:26:43.958000,271.0,191.0,297.0,322.0,False,MEDIUM,42.0,False,Mercedes,0 days 01:25:22.508000,,1,2.0,,,False,True
0 days 01:28:05.041000,BOT,77,0 days 00:01:21.127000,40.0,1.0,,,0 days 00:00:23.633000,0 days 00:00:31.108000,0 days 00:00:26.386000,0 days 01:27:07.591000,0 days 01:27:38.699000,0 days 01:28:05.085000,273.0,193.0,299.0,298.0,False,MEDIUM,43.0,False,Mercedes,0 days 01:26:43.914000,,1,2.0,,,False,True
0 days 01:29:29.850000,BOT,77,0 days 00:01:24.809000,41.0,1.0,,0 days 01:29:26.909000,0 days 00:00:23.667000,0 days 00:00:31.149000,0 days 00:00:29.993000,0 days 01:28:28.752000,0 days 01:28:59.901000,0 days 01:29:29.894000,275.0,197.0,,306.0,False,MEDIUM,44.0,False,Mercedes,0 days 01:28:05.041000,,1,1.0,,,False,False
0 days 01:31:17.749000,BOT,77,0 days 00:01:47.899000,42.0,2.0,0 days 01:29:53.413000,,0 days 00:00:47.620000,0 days 00:00:33.454000,0 days 00:00:26.825000,0 days 01:30:17.514000,0 days 01:30:50.968000,0 days 01:31:17.793000,267.0,188.0,309.0,306.0,False,HARD,1.0,True,Mercedes,0 days 01:29:29.850000,,1,2.0,,,False,False
0 days 01:32:39.151000,BOT,77,0 days 00:01:21.402000,43.0,2.0,,,0 days 00:00:23.340000,0 days 00:00:31.376000,0 days 00:00:26.686000,0 days 01:31:41.133000,0 days 01:32:12.509000,0 days 01:32:39.195000,267.0,191.0,299.0,330.0,False,HARD,2.0,True,Mercedes,0 days 01:31:17.749000,,1,2.0,,,False,True
0 days 01:34:00.707000,BOT,77,0 days 00:01:21.556000,44.0,2.0,,,0 days 00:00:23.781000,0 days 00:00:31.287000,0 days 00:00:26.488000,0 days 01:33:02.976000,0 days 01:33:34.263000,0 days 01:34:00.751000,269.0,191.0,313.0,296.0,False,HARD,3.0,True,Mercedes,0 days 01:32:39.151000,,1,2.0,,,False,True
0 days 01:35:22.342000,BOT,77,0 days 00:01:21.635000,45.0,2.0,,,0 days 00:00:23.352000,0 days 00:00:31.570000,0 days 00:00:26.713000,0 days 01:34:24.103000,0 days 01:34:55.673000,0 days 01:35:22.386000,276.0,192.0,295.0,326.0,False,HARD,4.0,True,Mercedes,0 days 01:34:00.707000,,1,2.0,,,False,True
0 days 01:36:42.815000,BOT,77,0 days 00:01:20.473000,46.0,2.0,,,0 days 00:00:23.534000,0 days 00:00:30.865000,0 days 00:00:26.074000,0 days 01:35:45.920000,0 days 01:36:16.785000,0 days 01:36:42.859000,268.0,196.0,296.0,294.0,True,HARD,5.0,True,Mercedes,0 days 01:35:22.342000,,1,2.0,,,False,True
0 days 01:38:02.737000,BOT,77,0 days 00:01:19.922000,47.0,2.0,,,0 days 00:00:23.294000,0 days 00:00:30.559000,0 days 00:00:26.069000,0 days 01:37:06.153000,0 days 01:37:36.712000,0 days 01:38:02.781000,275.0,199.0,295.0,300.0,True,HARD,6.0,True,Mercedes,0 days 01:36:42.815000,,1,2.0,,,False,True
0 days 01:39:22.771000,BOT,77,0 days 00:01:20.034000,48.0,2.0,,,0 days 00:00:23.397000,0 days 00:00:30.618000,0 days 00:00:26.019000,0 days 01:38:26.178000,0 days 01:38:56.796000,0 days 01:39:22.815000,275.0,197.0,297.0,297.0,False,HARD,7.0,True,Mercedes,0 days 01:38:02.737000,,1,2.0,,,False,True
0 days 01:40:43.051000,BOT,77,0 days 00:01:20.280000,49.0,2.0,,,0 days 00:00:23.468000,0 days 00:00:30.517000,0 days 00:00:26.295000,0 days 01:39:46.283000,0 days 01:40:16.800000,0 days 01:40:43.095000,276.0,197.0,298.0,297.0,False,HARD,8.0,True,Mercedes,0 days 01:39:22.771000,,1,2.0,,,False,True
0 days 01:42:03.752000,BOT,77,0 days 00:01:20.701000,50.0,2.0,,,0 days 00:00:23.433000,0 days 00:00:30.971000,0 days 00:00:26.297000,0 days 01:41:06.528000,0 days 01:41:37.499000,0 days 01:42:03.796000,275.0,194.0,298.0,302.0,False,HARD,9.0,True,Mercedes,0 days 01:40:43.051000,,1,2.0,,,False,True
0 days 01:43:24.670000,BOT,77,0 days 00:01:20.918000,51.0,2.0,,,0 days 00:00:23.600000,0 days 00:00:30.838000,0 days 00:00:26.480000,0 days 01:42:27.396000,0 days 01:42:58.234000,0 days 01:43:24.714000,272.0,195.0,297.0,299.0,False,HARD,10.0,True,Mercedes,0 days 01:42:03.752000,,1,2.0,,,False,True
0 days 01:44:45.069000,BOT,77,0 days 00:01:20.399000,52.0,2.0,,,0 days 00:00:23.482000,0 days 00:00:30.682000,0 days 00:00:26.235000,0 days 01:43:48.196000,0 days 01:44:18.878000,0 days 01:44:45.113000,269.0,197.0,296.0,298.0,False,HARD,11.0,True,Mercedes,0 days 01:43:24.670000,,1,2.0,,,False,True
0 days 01:46:05.594000,BOT,77,0 days 00:01:20.525000,53.0,2.0,,,0 days 00:00:23.527000,0 days 00:00:30.831000,0 days 00:00:26.167000,0 days 01:45:08.640000,0 days 01:45:39.471000,0 days 01:46:05.638000,272.0,195.0,297.0,296.0,False,HARD,12.0,True,Mercedes,0 days 01:44:45.069000,,1,2.0,,,False,True
0 days 01:47:26.016000,BOT,77,0 days 00:01:20.422000,54.0,2.0,,,0 days 00:00:23.284000,0 days 00:00:30.882000,0 days 00:00:26.256000,0 days 01:46:28.922000,0 days 01:46:59.804000,0 days 01:47:26.060000,273.0,195.0,296.0,302.0,False,HARD,13.0,True,Mercedes,0 days 01:46:05.594000,,1,2.0,,,False,True
0 days 01:48:47.146000,BOT,77,0 days 00:01:21.130000,55.0,2.0,,,0 days 00:00:23.429000,0 days 00:00:31.330000,0 days 00:00:26.371000,0 days 01:47:49.489000,0 days 01:48:20.819000,0 days 01:48:47.190000,275.0,178.0,298.0,297.0,False,HARD,14.0,True,Mercedes,0 days 01:47:26.016000,,1,2.0,,,False,True
0 days 01:50:07.236000,BOT,77,0 days 00:01:20.090000,56.0,2.0,,,0 days 00:00:23.513000,0 days 00:00:30.639000,0 days 00:00:25.938000,0 days 01:49:10.703000,0 days 01:49:41.342000,0 days 01:50:07.280000,274.0,198.0,299.0,301.0,False,HARD,15.0,True,Mercedes,0 days 01:48:47.146000,,1,2.0,,,False,True
0 days 01:51:28.268000,BOT,77,0 days 00:01:21.032000,57.0,2.0,,,0 days 00:00:23.660000,0 days 00:00:31.172000,0 days 00:00:26.200000,0 days 01:50:30.940000,0 days 01:51:02.112000,0 days 01:51:28.312000,275.0,192.0,298.0,300.0,False,HARD,16.0,True,Mercedes,0 days 01:50:07.236000,,1,2.0,,,False,True
0 days 01:52:49.028000,BOT,77,0 days 00:01:20.760000,58.0,2.0,,,0 days 00:00:23.689000,0 days 00:00:30.999000,0 days 00:00:26.072000,0 days 01:51:52.001000,0 days 01:52:23,0 days 01:52:49.072000,269.0,196.0,299.0,297.0,False,HARD,17.0,True,Mercedes,0 days 01:51:28.268000,,1,2.0,,,False,True
0 days 01:54:09.605000,BOT,77,0 days 00:01:20.577000,59.0,2.0,,,0 days 00:00:23.589000,0 days 00:00:30.923000,0 days 00:00:26.065000,0 days 01:53:12.661000,0 days 01:53:43.584000,0 days 01:54:09.649000,273.0,193.0,298.0,298.0,False,HARD,18.0,True,Mercedes,0 days 01:52:49.028000,,1,2.0,,,False,True
0 days 01:55:29.111000,BOT,77,0 days 00:01:19.506000,60.0,2.0,,,0 days 00:00:23.019000,0 days 00:00:30.572000,0 days 00:00:25.915000,0 days 01:54:32.668000,0 days 01:55:03.240000,0 days 01:55:29.155000,276.0,193.0,301.0,307.0,True,HARD,19.0,True,Mercedes,0 days 01:54:09.605000,,1,2.0,,,False,True
0 days 01:56:49.891000,BOT,77,0 days 00:01:20.780000,61.0,2.0,,,0 days 00:00:23.606000,0 days 00:00:31.120000,0 days 00:00:26.054000,0 days 01:55:52.761000,0 days 01:56:23.881000,0 days 01:56:49.935000,273.0,199.0,301.0,303.0,False,HARD,20.0,True,Mercedes,0 days 01:55:29.111000,,1,2.0,,,False,True
0 days 01:58:10.777000,BOT,77,0 days 00:01:20.886000,62.0,2.0,,,0 days 00:00:23.690000,0 days 00:00:31.097000,0 days 00:00:26.099000,0 days 01:57:13.625000,0 days 01:57:44.722000,0 days 01:58:10.821000,270.0,189.0,302.0,302.0,False,HARD,21.0,True,Mercedes,0 days 01:56:49.891000,,1,2.0,,,False,True
0 days 01:59:31.500000,BOT,77,0 days 00:01:20.723000,63.0,2.0,,,0 days 00:00:23.740000,0 days 00:00:30.798000,0 days 00:00:26.185000,0 days 01:58:34.561000,0 days 01:59:05.359000,0 days 01:59:31.544000,276.0,193.0,301.0,299.0,False,HARD,22.0,True,Mercedes,0 days 01:58:10.777000,,1,2.0,,,False,True
0 days 02:00:52.469000,BOT,77,0 days 00:01:20.969000,64.0,2.0,,,0 days 00:00:23.664000,0 days 00:00:30.966000,0 days 00:00:26.339000,0 days 01:59:55.208000,0 days 02:00:26.174000,0 days 02:00:52.513000,276.0,192.0,300.0,308.0,False,HARD,23.0,True,Mercedes,0 days 01:59:31.500000,,1,2.0,,,False,True
0 days 02:02:12.977000,BOT,77,0 days 00:01:20.508000,65.0,2.0,,,0 days 00:00:23.697000,0 days 00:00:30.739000,0 days 00:00:26.072000,0 days 02:01:16.210000,0 days 02:01:46.949000,0 days 02:02:13.021000,277.0,196.0,300.0,308.0,False,HARD,24.0,True,Mercedes,0 days 02:00:52.469000,,1,2.0,,,False,True
0 days 02:03:32.322000,BOT,77,0 days 00:01:19.345000,66.0,2.0,,,0 days 00:00:22.989000,0 days 00:00:30.396000,0 days 00:00:25.960000,0 days 02:02:36.010000,0 days 02:03:06.406000,0 days 02:03:32.366000,276.0,197.0,301.0,309.0,True,HARD,25.0,True,Mercedes,0 days 02:02:12.977000,,1,2.0,,,False,True
0 days 00:34:48.595000,VER,33,0 days 00:01:38.693000,1.0,1.0,,,,0 days 00:00:38.479000,0 days 00:00:30.579000,,0 days 00:34:18.190000,0 days 00:34:48.764000,255.0,155.0,290.0,235.0,False,SOFT,5.0,False,Red Bull Racing,0 days 00:33:09.808000,,12,5.0,,,False,False
0 days 00:36:15.854000,VER,33,0 days 00:01:27.259000,2.0,1.0,,,0 days 00:00:26.474000,0 days 00:00:33.525000,0 days 00:00:27.260000,0 days 00:35:15.098000,0 days 00:35:48.623000,0 days 00:36:15.883000,266.0,184.0,291.0,312.0,True,SOFT,6.0,False,Red Bull Racing,0 days 00:34:48.595000,,1,5.0,,,False,True
0 days 00:37:39.826000,VER,33,0 days 00:01:23.972000,3.0,1.0,,,0 days 00:00:24.420000,0 days 00:00:32.549000,0 days 00:00:27.003000,0 days 00:36:40.303000,0 days 00:37:12.852000,0 days 00:37:39.855000,274.0,182.0,302.0,295.0,True,SOFT,7.0,False,Red Bull Racing,0 days 00:36:15.854000,,1,5.0,,,False,True
0 days 00:39:03.501000,VER,33,0 days 00:01:23.675000,4.0,1.0,,,0 days 00:00:24.393000,0 days 00:00:32.132000,0 days 00:00:27.150000,0 days 00:38:04.248000,0 days 00:38:36.380000,0 days 00:39:03.530000,273.0,188.0,304.0,318.0,True,SOFT,8.0,False,Red Bull Racing,0 days 00:37:39.826000,,1,5.0,,,False,True
0 days 00:40:25.466000,VER,33,0 days 00:01:21.965000,5.0,1.0,,,0 days 00:00:23.723000,0 days 00:00:31.483000,0 days 00:00:26.759000,0 days 00:39:27.253000,0 days 00:39:58.736000,0 days 00:40:25.495000,270.0,190.0,291.0,324.0,True,SOFT,9.0,False,Red Bull Racing,0 days 00:39:03.501000,,1,4.0,,,False,True
0 days 00:41:48.446000,VER,33,0 days 00:01:22.980000,6.0,1.0,,,0 days 00:00:24.011000,0 days 00:00:31.982000,0 days 00:00:26.987000,0 days 00:40:49.506000,0 days 00:41:21.488000,0 days 00:41:48.475000,268.0,189.0,306.0,294.0,False,SOFT,10.0,False,Red Bull Racing,0 days 00:40:25.466000,,1,4.0,,,False,True
0 days 00:43:12.678000,VER,33,0 days 00:01:24.232000,7.0,1.0,,,0 days 00:00:24.519000,0 days 00:00:32.533000,0 days 00:00:27.180000,0 days 00:42:12.994000,0 days 00:42:45.527000,0 days 00:43:12.707000,273.0,173.0,305.0,321.0,False,SOFT,11.0,False,Red Bull Racing,0 days 00:41:48.446000,,1,4.0,,,False,True
0 days 00:44:34.569000,VER,33,0 days 00:01:21.891000,8.0,1.0,,,0 days 00:00:23.700000,0 days 00:00:31.510000,0 days 00:00:26.681000,0 days 00:43:36.407000,0 days 00:44:07.917000,0 days 00:44:34.598000,264.0,186.0,289.0,320.0,True,SOFT,12.0,False,Red Bull Racing,0 days 00:43:12.678000,,1,3.0,,,False,True
0 days 00:45:56.714000,VER,33,0 days 00:01:22.145000,9.0,1.0,,,0 days 00:00:24.067000,0 days 00:00:31.451000,0 days 00:00:26.627000,0 days 00:44:58.665000,0 days 00:45:30.116000,0 days 00:45:56.743000,265.0,188.0,289.0,283.0,False,SOFT,13.0,False,Red Bull Racing,0 days 00:44:34.569000,,1,3.0,,,False,True
0 days 00:47:19.094000,VER,33,0 days 00:01:22.380000,10.0,1.0,,,0 days 00:00:23.951000,0 days 00:00:31.524000,0 days 00:00:26.905000,0 days 00:46:20.694000,0 days 00:46:52.218000,0 days 00:47:19.123000,268.0,190.0,287.0,287.0,False,SOFT,14.0,False,Red Bull Racing,0 days 00:45:56.714000,,1,3.0,,,False,True
0 days 00:48:42.051000,VER,33,0 days 00:01:22.957000,11.0,1.0,,,0 days 00:00:24.265000,0 days 00:00:31.776000,0 days 00:00:26.916000,0 days 00:47:43.388000,0 days 00:48:15.164000,0 days 00:48:42.080000,262.0,188.0,289.0,283.0,False,SOFT,15.0,False,Red Bull Racing,0 days 00:47:19.094000,,1,3.0,,,False,True
0 days 00:50:05.001000,VER,33,0 days 00:01:22.950000,12.0,1.0,,,0 days 00:00:24.456000,0 days 00:00:31.698000,0 days 00:00:26.796000,0 days 00:49:06.536000,0 days 00:49:38.234000,0 days 00:50:05.030000,266.0,187.0,287.0,282.0,False,SOFT,16.0,False,Red Bull Racing,0 days 00:48:42.051000,,1,3.0,,,False,True
0 days 00:51:27.854000,VER,33,0 days 00:01:22.853000,13.0,1.0,,,0 days 00:00:24.419000,0 days 00:00:31.812000,0 days 00:00:26.622000,0 days 00:50:29.449000,0 days 00:51:01.261000,0 days 00:51:27.883000,258.0,187.0,287.0,280.0,False,SOFT,17.0,False,Red Bull Racing,0 days 00:50:05.001000,,1,3.0,,,False,True
0 days 00:52:50.480000,VER,33,0 days 00:01:22.626000,14.0,1.0,,,0 days 00:00:24.325000,0 days 00:00:31.556000,0 days 00:00:26.745000,0 days 00:51:52.208000,0 days 00:52:23.764000,0 days 00:52:50.509000,262.0,187.0,287.0,281.0,False,SOFT,18.0,False,Red Bull Racing,0 days 00:51:27.854000,,1,3.0,,,False,True
0 days 00:54:13.039000,VER,33,0 days 00:01:22.559000,15.0,1.0,,,0 days 00:00:24.330000,0 days 00:00:31.548000,0 days 00:00:26.681000,0 days 00:53:14.839000,0 days 00:53:46.387000,0 days 00:54:13.068000,262.0,193.0,287.0,281.0,False,SOFT,19.0,False,Red Bull Racing,0 days 00:52:50.480000,,1,3.0,,,False,True
0 days 00:55:35.631000,VER,33,0 days 00:01:22.592000,16.0,1.0,,,0 days 00:00:24.184000,0 days 00:00:31.762000,0 days 00:00:26.646000,0 days 00:54:37.252000,0 days 00:55:09.014000,0 days 00:55:35.660000,265.0,187.0,286.0,284.0,False,SOFT,20.0,False,Red Bull Racing,0 days 00:54:13.039000,,1,3.0,,,False,True
0 days 00:56:58.196000,VER,33,0 days 00:01:22.565000,17.0,1.0,,,0 days 00:00:24.130000,0 days 00:00:31.630000,0 days 00:00:26.805000,0 days 00:55:59.790000,0 days 00:56:31.420000,0 days 00:56:58.225000,266.0,180.0,286.0,284.0,False,SOFT,21.0,False,Red Bull Racing,0 days 00:55:35.631000,,1,3.0,,,False,True
0 days 00:58:20.769000,VER,33,0 days 00:01:22.573000,18.0,1.0,,,0 days 00:00:24.121000,0 days 00:00:31.540000,0 days 00:00:26.912000,0 days 00:57:22.346000,0 days 00:57:53.886000,0 days 00:58:20.798000,267.0,186.0,287.0,287.0,False,SOFT,22.0,False,Red Bull Racing,0 days 00:56:58.196000,,1,3.0,,,False,True
0 days 00:59:43.248000,VER,33,0 days 00:01:22.479000,19.0,1.0,,,0 days 00:00:24.084000,0 days 00:00:31.740000,0 days 00:00:26.655000,0 days 00:58:44.882000,0 days 00:59:16.622000,0 days 00:59:43.277000,267.0,193.0,286.0,287.0,False,SOFT,23.0,False,Red Bull Racing,0 days 00:58:20.769000,,1,3.0,,,False,True
0 days 01:01:05.537000,VER,33,0 days 00:01:22.289000,20.0,1.0,,,0 days 00:00:24.033000,0 days 00:00:31.641000,0 days 00:00:26.615000,0 days 01:00:07.310000,0 days 01:00:38.951000,0 days 01:01:05.566000,267.0,190.0,287.0,283.0,False,SOFT,24.0,False,Red Bull Racing,0 days 00:59:43.248000,,1,3.0,,,False,True
0 days 01:02:28.309000,VER,33,0 days 00:01:22.772000,21.0,1.0,,,0 days 00:00:24.098000,0 days 00:00:31.709000,0 days 00:00:26.965000,0 days 01:01:29.664000,0 days 01:02:01.373000,0 days 01:02:28.338000,266.0,190.0,287.0,283.0,False,SOFT,25.0,False,Red Bull Racing,0 days 01:01:05.537000,,1,3.0,,,False,True
0 days 01:03:50.831000,VER,33,0 days 00:01:22.522000,22.0,1.0,,,0 days 00:00:24.150000,0 days 00:00:31.678000,0 days 00:00:26.694000,0 days 01:02:52.488000,0 days 01:03:24.166000,0 days 01:03:50.860000,271.0,191.0,288.0,287.0,False,SOFT,26.0,False,Red Bull Racing,0 days 01:02:28.309000,,1,3.0,,,False,True
0 days 01:05:16.369000,VER,33,0 days 00:01:25.538000,23.0,1.0,,0 days 01:05:13.316000,0 days 00:00:24.047000,0 days 00:00:31.415000,0 days 00:00:30.076000,0 days 01:04:14.907000,0 days 01:04:46.322000,0 days 01:05:16.398000,271.0,192.0,,286.0,False,SOFT,27.0,False,Red Bull Racing,0 days 01:03:50.831000,,1,4.0,,,False,False
0 days 01:07:01.426000,VER,33,0 days 00:01:45.057000,24.0,2.0,0 days 01:05:39.702000,,0 days 00:00:46.203000,0 days 00:00:31.995000,0 days 00:00:26.859000,0 days 01:06:02.601000,0 days 01:06:34.596000,0 days 01:07:01.455000,268.0,186.0,289.0,286.0,False,MEDIUM,1.0,True,Red Bull Racing,0 days 01:05:16.369000,,1,6.0,,,False,False
0 days 01:08:23.296000,VER,33,0 days 00:01:21.870000,25.0,2.0,,,0 days 00:00:23.997000,0 days 00:00:31.438000,0 days 00:00:26.435000,0 days 01:07:25.452000,0 days 01:07:56.890000,0 days 01:08:23.325000,269.0,193.0,289.0,284.0,True,MEDIUM,2.0,True,Red Bull Racing,0 days 01:07:01.426000,,1,6.0,,,False,True
0 days 01:09:45.473000,VER,33,0 days 00:01:22.177000,26.0,2.0,,,0 days 00:00:23.973000,0 days 00:00:31.413000,0 days 00:00:26.791000,0 days 01:08:47.298000,0 days 01:09:18.711000,0 days 01:09:45.502000,267.0,191.0,288.0,282.0,False,MEDIUM,3.0,True,Red Bull Racing,0 days 01:08:23.296000,,1,5.0,,,False,True
0 days 01:11:07.563000,VER,33,0 days 00:01:22.090000,27.0,2.0,,,0 days 00:00:24.030000,0 days 00:00:31.451000,0 days 00:00:26.609000,0 days 01:10:09.532000,0 days 01:10:40.983000,0 days 01:11:07.592000,271.0,188.0,291.0,284.0,False,MEDIUM,4.0,True,Red Bull Racing,0 days 01:09:45.473000,,1,5.0,,,False,True
0 days 01:12:28.699000,VER,33,0 days 00:01:21.136000,28.0,2.0,,,0 days 00:00:23.784000,0 days 00:00:31.047000,0 days 00:00:26.305000,0 days 01:11:31.376000,0 days 01:12:02.423000,0 days 01:12:28.728000,271.0,196.0,289.0,287.0,True,MEDIUM,5.0,True,Red Bull Racing,0 days 01:11:07.563000,,1,5.0,,,False,True
0 days 01:13:50.231000,VER,33,0 days 00:01:21.532000,29.0,2.0,,,0 days 00:00:24.015000,0 days 00:00:31.130000,0 days 00:00:26.387000,0 days 01:12:52.743000,0 days 01:13:23.873000,0 days 01:13:50.260000,268.0,193.0,289.0,281.0,False,MEDIUM,6.0,True,Red Bull Racing,0 days 01:12:28.699000,,1,4.0,,,False,True
0 days 01:15:11.781000,VER,33,0 days 00:01:21.550000,30.0,2.0,,,0 days 00:00:23.802000,0 days 00:00:31.197000,0 days 00:00:26.551000,0 days 01:14:14.062000,0 days 01:14:45.259000,0 days 01:15:11.810000,273.0,192.0,289.0,283.0,False,MEDIUM,7.0,True,Red Bull Racing,0 days 01:13:50.231000,,1,4.0,,,False,True
0 days 01:16:33.223000,VER,33,0 days 00:01:21.442000,31.0,2.0,,,0 days 00:00:23.745000,0 days 00:00:31.206000,0 days 00:00:26.491000,0 days 01:15:35.555000,0 days 01:16:06.761000,0 days 01:16:33.252000,271.0,183.0,290.0,286.0,False,MEDIUM,8.0,True,Red Bull Racing,0 days 01:15:11.781000,,1,4.0,,,False,True
0 days 01:17:54.780000,VER,33,0 days 00:01:21.557000,32.0,2.0,,,0 days 00:00:23.780000,0 days 00:00:31.106000,0 days 00:00:26.671000,0 days 01:16:57.032000,0 days 01:17:28.138000,0 days 01:17:54.809000,266.0,194.0,288.0,286.0,False,MEDIUM,9.0,True,Red Bull Racing,0 days 01:16:33.223000,,1,4.0,,,False,True
0 days 01:19:15.865000,VER,33,0 days 00:01:21.085000,33.0,2.0,,,0 days 00:00:23.769000,0 days 00:00:30.952000,0 days 00:00:26.364000,0 days 01:18:18.578000,0 days 01:18:49.530000,0 days 01:19:15.894000,269.0,194.0,288.0,288.0,True,MEDIUM,10.0,True,Red Bull Racing,0 days 01:17:54.780000,,1,4.0,,,False,True
0 days 01:20:37.335000,VER,33,0 days 00:01:21.470000,34.0,2.0,,,0 days 00:00:23.717000,0 days 00:00:31.061000,0 days 00:00:26.692000,0 days 01:19:39.611000,0 days 01:20:10.672000,0 days 01:20:37.364000,265.0,193.0,288.0,284.0,False,MEDIUM,11.0,True,Red Bull Racing,0 days 01:19:15.865000,,1,4.0,,,False,True
0 days 01:21:58.466000,VER,33,0 days 00:01:21.131000,35.0,2.0,,,0 days 00:00:23.676000,0 days 00:00:30.977000,0 days 00:00:26.478000,0 days 01:21:01.040000,0 days 01:21:32.017000,0 days 01:21:58.495000,270.0,195.0,287.0,285.0,False,MEDIUM,12.0,True,Red Bull Racing,0 days 01:20:37.335000,,1,3.0,,,False,True
0 days 01:23:19.590000,VER,33,0 days 00:01:21.124000,36.0,2.0,,,0 days 00:00:23.653000,0 days 00:00:31.142000,0 days 00:00:26.329000,0 days 01:22:22.148000,0 days 01:22:53.290000,0 days 01:23:19.619000,272.0,197.0,288.0,288.0,False,MEDIUM,13.0,True,Red Bull Racing,0 days 01:21:58.466000,,1,3.0,,,False,True
0 days 01:24:41.236000,VER,33,0 days 00:01:21.646000,37.0,2.0,,,0 days 00:00:23.816000,0 days 00:00:31.365000,0 days 00:00:26.465000,0 days 01:23:43.435000,0 days 01:24:14.800000,0 days 01:24:41.265000,266.0,195.0,288.0,285.0,False,MEDIUM,14.0,True,Red Bull Racing,0 days 01:23:19.590000,,1,3.0,,,False,True
0 days 01:26:02.405000,VER,33,0 days 00:01:21.169000,38.0,2.0,,,0 days 00:00:23.700000,0 days 00:00:31.119000,0 days 00:00:26.350000,0 days 01:25:04.965000,0 days 01:25:36.084000,0 days 01:26:02.434000,267.0,193.0,289.0,286.0,False,MEDIUM,15.0,True,Red Bull Racing,0 days 01:24:41.236000,,1,3.0,,,False,True
0 days 01:27:23.789000,VER,33,0 days 00:01:21.384000,39.0,2.0,,,0 days 00:00:23.650000,0 days 00:00:31.157000,0 days 00:00:26.577000,0 days 01:26:26.084000,0 days 01:26:57.241000,0 days 01:27:23.818000,272.0,191.0,294.0,289.0,False,MEDIUM,16.0,True,Red Bull Racing,0 days 01:26:02.405000,,1,3.0,,,False,True
0 days 01:28:44.770000,VER,33,0 days 00:01:20.981000,40.0,2.0,,,0 days 00:00:23.620000,0 days 00:00:31.013000,0 days 00:00:26.348000,0 days 01:27:47.438000,0 days 01:28:18.451000,0 days 01:28:44.799000,275.0,196.0,292.0,295.0,True,MEDIUM,17.0,True,Red Bull Racing,0 days 01:27:23.789000,,1,3.0,,,False,True
0 days 01:30:06.342000,VER,33,0 days 00:01:21.572000,41.0,2.0,,,0 days 00:00:23.593000,0 days 00:00:31.262000,0 days 00:00:26.717000,0 days 01:29:08.392000,0 days 01:29:39.654000,0 days 01:30:06.371000,270.0,195.0,290.0,290.0,False,MEDIUM,18.0,True,Red Bull Racing,0 days 01:28:44.770000,,1,3.0,,,False,True
0 days 01:31:27.211000,VER,33,0 days 00:01:20.869000,42.0,2.0,,,0 days 00:00:23.599000,0 days 00:00:30.942000,0 days 00:00:26.328000,0 days 01:30:29.970000,0 days 01:31:00.912000,0 days 01:31:27.240000,270.0,195.0,289.0,286.0,True,MEDIUM,19.0,True,Red Bull Racing,0 days 01:30:06.342000,,1,3.0,,,False,True
0 days 01:32:48.082000,VER,33,0 days 00:01:20.871000,43.0,2.0,,,0 days 00:00:23.658000,0 days 00:00:31.001000,0 days 00:00:26.212000,0 days 01:31:50.898000,0 days 01:32:21.899000,0 days 01:32:48.111000,267.0,195.0,290.0,287.0,False,MEDIUM,20.0,True,Red Bull Racing,0 days 01:31:27.211000,,1,3.0,,,False,True
0 days 01:34:08.653000,VER,33,0 days 00:01:20.571000,44.0,2.0,,,0 days 00:00:23.606000,0 days 00:00:30.805000,0 days 00:00:26.160000,0 days 01:33:11.717000,0 days 01:33:42.522000,0 days 01:34:08.682000,271.0,197.0,292.0,288.0,True,MEDIUM,21.0,True,Red Bull Racing,0 days 01:32:48.082000,,1,3.0,,,False,True
0 days 01:35:29.548000,VER,33,0 days 00:01:20.895000,45.0,2.0,,,0 days 00:00:23.599000,0 days 00:00:31.223000,0 days 00:00:26.073000,0 days 01:34:32.281000,0 days 01:35:03.504000,0 days 01:35:29.577000,270.0,195.0,292.0,288.0,False,MEDIUM,22.0,True,Red Bull Racing,0 days 01:34:08.653000,,1,3.0,,,False,True
0 days 01:36:50.061000,VER,33,0 days 00:01:20.513000,46.0,2.0,,,0 days 00:00:23.546000,0 days 00:00:30.898000,0 days 00:00:26.069000,0 days 01:35:53.123000,0 days 01:36:24.021000,0 days 01:36:50.090000,273.0,196.0,296.0,292.0,True,MEDIUM,23.0,True,Red Bull Racing,0 days 01:35:29.548000,,1,3.0,,,False,True
0 days 01:38:10.632000,VER,33,0 days 00:01:20.571000,47.0,2.0,,,0 days 00:00:23.492000,0 days 00:00:30.967000,0 days 00:00:26.112000,0 days 01:37:13.582000,0 days 01:37:44.549000,0 days 01:38:10.661000,269.0,197.0,295.0,291.0,False,MEDIUM,24.0,True,Red Bull Racing,0 days 01:36:50.061000,,1,3.0,,,False,True
0 days 01:39:31.395000,VER,33,0 days 00:01:20.763000,48.0,2.0,,,0 days 00:00:23.469000,0 days 00:00:30.945000,0 days 00:00:26.349000,0 days 01:38:34.130000,0 days 01:39:05.075000,0 days 01:39:31.424000,276.0,192.0,313.0,296.0,False,MEDIUM,25.0,True,Red Bull Racing,0 days 01:38:10.632000,,1,3.0,,,False,True
0 days 01:40:52.308000,VER,33,0 days 00:01:20.913000,49.0,2.0,,,0 days 00:00:23.763000,0 days 00:00:31.078000,0 days 00:00:26.072000,0 days 01:39:55.187000,0 days 01:40:26.265000,0 days 01:40:52.337000,279.0,197.0,292.0,326.0,False,MEDIUM,26.0,True,Red Bull Racing,0 days 01:39:31.395000,,1,3.0,,,False,True
0 days 01:42:12.451000,VER,33,0 days 00:01:20.143000,50.0,2.0,,,0 days 00:00:23.286000,0 days 00:00:30.715000,0 days 00:00:26.142000,0 days 01:41:15.623000,0 days 01:41:46.338000,0 days 01:42:12.480000,272.0,198.0,292.0,293.0,True,MEDIUM,27.0,True,Red Bull Racing,0 days 01:40:52.308000,,1,3.0,,,False,True
0 days 01:43:33.492000,VER,33,0 days 00:01:21.041000,51.0,2.0,,,0 days 00:00:23.574000,0 days 00:00:31.020000,0 days 00:00:26.447000,0 days 01:42:36.054000,0 days 01:43:07.074000,0 days 01:43:33.521000,265.0,195.0,290.0,289.0,False,MEDIUM,28.0,True,Red Bull Racing,0 days 01:42:12.451000,,1,3.0,,,False,True
0 days 01:44:54.235000,VER,33,0 days 00:01:20.743000,52.0,2.0,,,0 days 00:00:23.513000,0 days 00:00:30.853000,0 days 00:00:26.377000,0 days 01:43:57.034000,0 days 01:44:27.887000,0 days 01:44:54.264000,270.0,196.0,290.0,287.0,False,MEDIUM,29.0,True,Red Bull Racing,0 days 01:43:33.492000,,1,3.0,,,False,True
0 days 01:46:14.979000,VER,33,0 days 00:01:20.744000,53.0,2.0,,,0 days 00:00:23.565000,0 days 00:00:30.864000,0 days 00:00:26.315000,0 days 01:45:17.829000,0 days 01:45:48.693000,0 days 01:46:15.008000,267.0,195.0,289.0,286.0,False,MEDIUM,30.0,True,Red Bull Racing,0 days 01:44:54.235000,,1,3.0,,,False,True
0 days 01:47:36.169000,VER,33,0 days 00:01:21.190000,54.0,2.0,,,0 days 00:00:23.503000,0 days 00:00:31.310000,0 days 00:00:26.377000,0 days 01:46:38.511000,0 days 01:47:09.821000,0 days 01:47:36.198000,272.0,186.0,289.0,290.0,False,MEDIUM,31.0,True,Red Bull Racing,0 days 01:46:14.979000,,1,3.0,,,False,True
0 days 01:48:57.118000,VER,33,0 days 00:01:20.949000,55.0,2.0,,,0 days 00:00:23.757000,0 days 00:00:31.105000,0 days 00:00:26.087000,0 days 01:47:59.955000,0 days 01:48:31.060000,0 days 01:48:57.147000,268.0,193.0,290.0,284.0,False,MEDIUM,32.0,True,Red Bull Racing,0 days 01:47:36.169000,,1,3.0,,,False,True
0 days 01:50:17.506000,VER,33,0 days 00:01:20.388000,56.0,2.0,,,0 days 00:00:23.694000,0 days 00:00:30.754000,0 days 00:00:25.940000,0 days 01:49:20.841000,0 days 01:49:51.595000,0 days 01:50:17.535000,271.0,199.0,290.0,283.0,False,MEDIUM,33.0,True,Red Bull Racing,0 days 01:48:57.118000,,1,3.0,,,False,True
0 days 01:51:38.178000,VER,33,0 days 00:01:20.672000,57.0,2.0,,,0 days 00:00:23.514000,0 days 00:00:31.122000,0 days 00:00:26.036000,0 days 01:50:41.049000,0 days 01:51:12.171000,0 days 01:51:38.207000,270.0,195.0,290.0,286.0,False,MEDIUM,34.0,True,Red Bull Racing,0 days 01:50:17.506000,,1,3.0,,,False,True
0 days 01:52:58.729000,VER,33,0 days 00:01:20.551000,58.0,2.0,,,0 days 00:00:23.569000,0 days 00:00:30.959000,0 days 00:00:26.023000,0 days 01:52:01.776000,0 days 01:52:32.735000,0 days 01:52:58.758000,273.0,194.0,290.0,287.0,False,MEDIUM,35.0,True,Red Bull Racing,0 days 01:51:38.178000,,1,3.0,,,False,True
0 days 01:54:19.332000,VER,33,0 days 00:01:20.603000,59.0,2.0,,,0 days 00:00:23.632000,0 days 00:00:30.946000,0 days 00:00:26.025000,0 days 01:53:22.390000,0 days 01:53:53.336000,0 days 01:54:19.361000,267.0,197.0,289.0,283.0,False,MEDIUM,36.0,True,Red Bull Racing,0 days 01:52:58.729000,,1,3.0,,,False,True
0 days 01:55:39.524000,VER,33,0 days 00:01:20.192000,60.0,2.0,,,0 days 00:00:23.596000,0 days 00:00:30.718000,0 days 00:00:25.878000,0 days 01:54:42.957000,0 days 01:55:13.675000,0 days 01:55:39.553000,272.0,198.0,289.0,285.0,False,MEDIUM,37.0,True,Red Bull Racing,0 days 01:54:19.332000,,1,3.0,,,False,True
0 days 01:56:59.939000,VER,33,0 days 00:01:20.415000,61.0,2.0,,,0 days 00:00:23.549000,0 days 00:00:30.906000,0 days 00:00:25.960000,0 days 01:56:03.102000,0 days 01:56:34.008000,0 days 01:56:59.968000,271.0,199.0,290.0,287.0,False,MEDIUM,38.0,True,Red Bull Racing,0 days 01:55:39.524000,,1,3.0,,,False,True
0 days 01:58:19.793000,VER,33,0 days 00:01:19.854000,62.0,2.0,,,0 days 00:00:23.461000,0 days 00:00:30.564000,0 days 00:00:25.829000,0 days 01:57:23.429000,0 days 01:57:53.993000,0 days 01:58:19.822000,270.0,197.0,291.0,288.0,True,MEDIUM,39.0,True,Red Bull Racing,0 days 01:56:59.939000,,1,3.0,,,False,True
0 days 01:59:39.866000,VER,33,0 days 00:01:20.073000,63.0,2.0,,,0 days 00:00:23.503000,0 days 00:00:30.737000,0 days 00:00:25.833000,0 days 01:58:43.325000,0 days 01:59:14.062000,0 days 01:59:39.895000,271.0,199.0,292.0,286.0,False,MEDIUM,40.0,True,Red Bull Racing,0 days 01:58:19.793000,,1,3.0,,,False,True
0 days 02:01:00.646000,VER,33,0 days 00:01:20.780000,64.0,2.0,,,0 days 00:00:23.463000,0 days 00:00:30.630000,0 days 00:00:26.687000,0 days 02:00:03.358000,0 days 02:00:33.988000,0 days 02:01:00.675000,273.0,196.0,291.0,290.0,False,MEDIUM,41.0,True,Red Bull Racing,0 days 01:59:39.866000,,1,3.0,,,False,True
0 days 02:02:20.794000,VER,33,0 days 00:01:20.148000,65.0,2.0,,,0 days 00:00:23.334000,0 days 00:00:30.663000,0 days 00:00:26.151000,0 days 02:01:24.009000,0 days 02:01:54.672000,0 days 02:02:20.823000,276.0,196.0,291.0,293.0,False,MEDIUM,42.0,True,Red Bull Racing,0 days 02:01:00.646000,,1,3.0,,,False,True
0 days 02:03:41.238000,VER,33,0 days 00:01:20.444000,66.0,2.0,,,0 days 00:00:23.477000,0 days 00:00:30.853000,0 days 00:00:26.114000,0 days 02:02:44.300000,0 days 02:03:15.153000,0 days 02:03:41.267000,268.0,198.0,285.0,291.0,False,MEDIUM,43.0,True,Red Bull Racing,0 days 02:02:20.794000,,1,3.0,,,False,True
0 days 00:34:48.614000,LEC,16,0 days 00:01:38.712000,1.0,1.0,,,,0 days 00:00:38.744000,0 days 00:00:29.998000,,0 days 00:34:18.735000,0 days 00:34:48.942000,262.0,153.0,303.0,238.0,False,MEDIUM,6.0,False,Ferrari,0 days 00:33:09.808000,,12,6.0,,,False,False
0 days 00:36:18.879000,LEC,16,0 days 00:01:30.265000,2.0,1.0,,,0 days 00:00:27.552000,0 days 00:00:34.921000,0 days 00:00:27.792000,0 days 00:35:16.204000,0 days 00:35:51.125000,0 days 00:36:18.917000,266.0,174.0,291.0,309.0,True,MEDIUM,7.0,False,Ferrari,0 days 00:34:48.614000,,1,8.0,,,False,True
0 days 00:37:43.556000,LEC,16,0 days 00:01:24.677000,3.0,1.0,,,0 days 00:00:24.945000,0 days 00:00:32.615000,0 days 00:00:27.117000,0 days 00:36:43.862000,0 days 00:37:16.477000,0 days 00:37:43.594000,265.0,182.0,291.0,297.0,True,MEDIUM,8.0,False,Ferrari,0 days 00:36:18.879000,,1,8.0,,,False,True
0 days 00:39:07.156000,LEC,16,0 days 00:01:23.600000,4.0,1.0,,,0 days 00:00:24.404000,0 days 00:00:32.312000,0 days 00:00:26.884000,0 days 00:38:07.998000,0 days 00:38:40.310000,0 days 00:39:07.194000,268.0,177.0,306.0,298.0,True,MEDIUM,9.0,False,Ferrari,0 days 00:37:43.556000,,1,8.0,,,False,True
0 days 00:40:30.656000,LEC,16,0 days 00:01:23.500000,5.0,1.0,,,0 days 00:00:24.219000,0 days 00:00:32.546000,0 days 00:00:26.735000,0 days 00:39:31.413000,0 days 00:40:03.959000,0 days 00:40:30.694000,269.0,179.0,307.0,313.0,True,MEDIUM,10.0,False,Ferrari,0 days 00:39:07.156000,,1,8.0,,,False,True
0 days 00:41:53.692000,LEC,16,0 days 00:01:23.036000,6.0,1.0,,,0 days 00:00:23.966000,0 days 00:00:32.299000,0 days 00:00:26.771000,0 days 00:40:54.660000,0 days 00:41:26.959000,0 days 00:41:53.730000,263.0,187.0,302.0,328.0,True,MEDIUM,11.0,False,Ferrari,0 days 00:40:30.656000,,1,7.0,,,False,True
0 days 00:43:17.166000,LEC,16,0 days 00:01:23.474000,7.0,1.0,,,0 days 00:00:24.041000,0 days 00:00:32.214000,0 days 00:00:27.219000,0 days 00:42:17.771000,0 days 00:42:49.985000,0 days 00:43:17.204000,267.0,184.0,306.0,316.0,False,MEDIUM,12.0,False,Ferrari,0 days 00:41:53.692000,,1,7.0,,,False,True
0 days 00:44:40.095000,LEC,16,0 days 00:01:22.929000,8.0,1.0,,,0 days 00:00:24.083000,0 days 00:00:32.222000,0 days 00:00:26.624000,0 days 00:43:41.287000,0 days 00:44:13.509000,0 days 00:44:40.133000,266.0,186.0,305.0,312.0,True,MEDIUM,13.0,False,Ferrari,0 days 00:43:17.166000,,1,6.0,,,False,True
0 days 00:46:02.627000,LEC,16,0 days 00:01:22.532000,9.0,1.0,,,0 days 00:00:23.802000,0 days 00:00:31.867000,0 days 00:00:26.863000,0 days 00:45:03.935000,0 days 00:45:35.802000,0 days 00:46:02.665000,264.0,185.0,290.0,324.0,True,MEDIUM,14.0,False,Ferrari,0 days 00:44:40.095000,,1,5.0,,,False,True
0 days 00:47:25.298000,LEC,16,0 days 00:01:22.671000,10.0,1.0,,,0 days 00:00:24.115000,0 days 00:00:31.803000,0 days 00:00:26.753000,0 days 00:46:26.780000,0 days 00:46:58.583000,0 days 00:47:25.336000,267.0,187.0,302.0,295.0,False,MEDIUM,15.0,False,Ferrari,0 days 00:46:02.627000,,1,5.0,,,False,True
0 days 00:48:48.430000,LEC,16,0 days 00:01:23.132000,11.0,1.0,,,0 days 00:00:24.262000,0 days 00:00:32.182000,0 days 00:00:26.688000,0 days 00:47:49.598000,0 days 00:48:21.780000,0 days 00:48:48.468000,267.0,184.0,311.0,317.0,False,MEDIUM,16.0,False,Ferrari,0 days 00:47:25.298000,,1,5.0,,,False,True
0 days 00:50:10.373000,LEC,16,0 days 00:01:21.943000,12.0,1.0,,,0 days 00:00:23.725000,0 days 00:00:31.417000,0 days 00:00:26.801000,0 days 00:49:12.193000,0 days 00:49:43.610000,0 days 00:50:10.411000,263.0,185.0,287.0,312.0,True,MEDIUM,17.0,False,Ferrari,0 days 00:48:48.430000,,1,4.0,,,False,True
0 days 00:51:32.963000,LEC,16,0 days 00:01:22.590000,13.0,1.0,,,0 days 00:00:24.106000,0 days 00:00:31.788000,0 days 00:00:26.696000,0 days 00:50:34.517000,0 days 00:51:06.305000,0 days 00:51:33.001000,267.0,188.0,287.0,292.0,False,MEDIUM,18.0,False,Ferrari,0 days 00:50:10.373000,,1,4.0,,,False,True
0 days 00:52:55.464000,LEC,16,0 days 00:01:22.501000,14.0,1.0,,,0 days 00:00:24.085000,0 days 00:00:31.678000,0 days 00:00:26.738000,0 days 00:51:57.086000,0 days 00:52:28.764000,0 days 00:52:55.502000,265.0,187.0,289.0,290.0,False,MEDIUM,19.0,False,Ferrari,0 days 00:51:32.963000,,1,4.0,,,False,True
0 days 00:54:17.920000,LEC,16,0 days 00:01:22.456000,15.0,1.0,,,0 days 00:00:24.069000,0 days 00:00:31.494000,0 days 00:00:26.893000,0 days 00:53:19.571000,0 days 00:53:51.065000,0 days 00:54:17.958000,268.0,187.0,288.0,293.0,False,MEDIUM,20.0,False,Ferrari,0 days 00:52:55.464000,,1,4.0,,,False,True
0 days 00:55:40.157000,LEC,16,0 days 00:01:22.237000,16.0,1.0,,,0 days 00:00:24.020000,0 days 00:00:31.591000,0 days 00:00:26.626000,0 days 00:54:41.978000,0 days 00:55:13.569000,0 days 00:55:40.195000,268.0,189.0,287.0,296.0,False,MEDIUM,21.0,False,Ferrari,0 days 00:54:17.920000,,1,4.0,,,False,True
0 days 00:57:02.145000,LEC,16,0 days 00:01:21.988000,17.0,1.0,,,0 days 00:00:23.918000,0 days 00:00:31.415000,0 days 00:00:26.655000,0 days 00:56:04.113000,0 days 00:56:35.528000,0 days 00:57:02.183000,269.0,190.0,288.0,295.0,False,MEDIUM,22.0,False,Ferrari,0 days 00:55:40.157000,,1,4.0,,,False,True
0 days 00:58:24.899000,LEC,16,0 days 00:01:22.754000,18.0,1.0,,,0 days 00:00:23.945000,0 days 00:00:31.843000,0 days 00:00:26.966000,0 days 00:57:26.128000,0 days 00:57:57.971000,0 days 00:58:24.937000,266.0,189.0,288.0,293.0,False,MEDIUM,23.0,False,Ferrari,0 days 00:57:02.145000,,1,4.0,,,False,True
0 days 00:59:46.852000,LEC,16,0 days 00:01:21.953000,19.0,1.0,,,0 days 00:00:23.845000,0 days 00:00:31.488000,0 days 00:00:26.620000,0 days 00:58:48.782000,0 days 00:59:20.270000,0 days 00:59:46.890000,267.0,189.0,287.0,298.0,False,MEDIUM,24.0,False,Ferrari,0 days 00:58:24.899000,,1,4.0,,,False,True
0 days 01:01:08.925000,LEC,16,0 days 00:01:22.073000,20.0,1.0,,,0 days 00:00:23.838000,0 days 00:00:31.553000,0 days 00:00:26.682000,0 days 01:00:10.728000,0 days 01:00:42.281000,0 days 01:01:08.963000,268.0,187.0,288.0,297.0,False,MEDIUM,25.0,False,Ferrari,0 days 00:59:46.852000,,1,4.0,,,False,True
0 days 01:02:31.562000,LEC,16,0 days 00:01:22.637000,21.0,1.0,,,0 days 00:00:23.963000,0 days 00:00:31.529000,0 days 00:00:27.145000,0 days 01:01:32.926000,0 days 01:02:04.455000,0 days 01:02:31.600000,268.0,189.0,289.0,297.0,False,MEDIUM,26.0,False,Ferrari,0 days 01:01:08.925000,,1,4.0,,,False,True
0 days 01:03:53.842000,LEC,16,0 days 00:01:22.280000,22.0,1.0,,,0 days 00:00:23.886000,0 days 00:00:31.524000,0 days 00:00:26.870000,0 days 01:02:55.486000,0 days 01:03:27.010000,0 days 01:03:53.880000,269.0,186.0,290.0,299.0,False,MEDIUM,27.0,False,Ferrari,0 days 01:02:31.562000,,1,4.0,,,False,True
0 days 01:05:15.616000,LEC,16,0 days 00:01:21.774000,23.0,1.0,,,0 days 00:00:23.861000,0 days 00:00:31.307000,0 days 00:00:26.606000,0 days 01:04:17.741000,0 days 01:04:49.048000,0 days 01:05:15.654000,270.0,189.0,290.0,300.0,True,MEDIUM,28.0,False,Ferrari,0 days 01:03:53.842000,,1,3.0,,,False,True
0 days 01:06:37.569000,LEC,16,0 days 00:01:21.953000,24.0,1.0,,,0 days 00:00:23.857000,0 days 00:00:31.470000,0 days 00:00:26.626000,0 days 01:05:39.511000,0 days 01:06:10.981000,0 days 01:06:37.607000,269.0,188.0,289.0,295.0,False,MEDIUM,29.0,False,Ferrari,0 days 01:05:15.616000,,1,3.0,,,False,True
0 days 01:07:59.744000,LEC,16,0 days 00:01:22.175000,25.0,1.0,,,0 days 00:00:23.970000,0 days 00:00:31.308000,0 days 00:00:26.897000,0 days 01:07:01.577000,0 days 01:07:32.885000,0 days 01:07:59.782000,268.0,188.0,289.0,294.0,False,MEDIUM,30.0,False,Ferrari,0 days 01:06:37.569000,,1,3.0,,,False,True
0 days 01:09:21.567000,LEC,16,0 days 00:01:21.823000,26.0,1.0,,,0 days 00:00:23.889000,0 days 00:00:31.224000,0 days 00:00:26.710000,0 days 01:08:23.671000,0 days 01:08:54.895000,0 days 01:09:21.605000,270.0,189.0,288.0,291.0,False,MEDIUM,31.0,False,Ferrari,0 days 01:07:59.744000,,1,3.0,,,False,True
0 days 01:10:44.175000,LEC,16,0 days 00:01:22.608000,27.0,1.0,,,0 days 00:00:23.992000,0 days 00:00:31.544000,0 days 00:00:27.072000,0 days 01:09:45.597000,0 days 01:10:17.141000,0 days 01:10:44.213000,270.0,189.0,291.0,295.0,False,MEDIUM,32.0,False,Ferrari,0 days 01:09:21.567000,,1,3.0,,,False,True
0 days 01:12:06.183000,LEC,16,0 days 00:01:22.008000,28.0,1.0,,,0 days 00:00:23.866000,0 days 00:00:31.505000,0 days 00:00:26.637000,0 days 01:11:08.079000,0 days 01:11:39.584000,0 days 01:12:06.221000,269.0,190.0,291.0,298.0,False,MEDIUM,33.0,False,Ferrari,0 days 01:10:44.175000,,1,3.0,,,False,True
0 days 01:13:28.651000,LEC,16,0 days 00:01:22.468000,29.0,1.0,,,0 days 00:00:24.605000,0 days 00:00:31.225000,0 days 00:00:26.638000,0 days 01:12:30.826000,0 days 01:13:02.051000,0 days 01:13:28.689000,270.0,192.0,289.0,297.0,False,MEDIUM,34.0,False,Ferrari,0 days 01:12:06.183000,,1,3.0,,,False,True
0 days 01:14:50.216000,LEC,16,0 days 00:01:21.565000,30.0,1.0,,,0 days 00:00:23.843000,0 days 00:00:31.197000,0 days 00:00:26.525000,0 days 01:13:52.532000,0 days 01:14:23.729000,0 days 01:14:50.254000,271.0,191.0,291.0,294.0,True,MEDIUM,35.0,False,Ferrari,0 days 01:13:28.651000,,1,3.0,,,False,True
0 days 01:16:12.189000,LEC,16,0 days 00:01:21.973000,31.0,1.0,,,0 days 00:00:23.831000,0 days 00:00:31.648000,0 days 00:00:26.494000,0 days 01:15:14.085000,0 days 01:15:45.733000,0 days 01:16:12.227000,271.0,187.0,292.0,301.0,False,MEDIUM,36.0,False,Ferrari,0 days 01:14:50.216000,,1,3.0,,,False,True
0 days 01:17:34.264000,LEC,16,0 days 00:01:22.075000,32.0,1.0,,,0 days 00:00:23.918000,0 days 00:00:31.390000,0 days 00:00:26.767000,0 days 01:16:36.145000,0 days 01:17:07.535000,0 days 01:17:34.302000,268.0,190.0,290.0,302.0,False,MEDIUM,37.0,False,Ferrari,0 days 01:16:12.189000,,1,3.0,,,False,True
0 days 01:18:56.488000,LEC,16,0 days 00:01:22.224000,33.0,1.0,,,0 days 00:00:24.225000,0 days 00:00:31.330000,0 days 00:00:26.669000,0 days 01:17:58.527000,0 days 01:18:29.857000,0 days 01:18:56.526000,271.0,188.0,289.0,298.0,False,MEDIUM,38.0,False,Ferrari,0 days 01:17:34.264000,,1,3.0,,,False,True
0 days 01:20:21.649000,LEC,16,0 days 00:01:25.161000,34.0,1.0,,0 days 01:20:18.735000,0 days 00:00:23.780000,0 days 00:00:31.206000,0 days 00:00:30.175000,0 days 01:19:20.306000,0 days 01:19:51.512000,0 days 01:20:21.687000,270.0,188.0,,298.0,False,MEDIUM,39.0,False,Ferrari,0 days 01:18:56.488000,,1,3.0,,,False,False
0 days 01:22:07.779000,LEC,16,0 days 00:01:46.130000,35.0,2.0,0 days 01:20:45.683000,,0 days 00:00:46.912000,0 days 00:00:32.399000,0 days 00:00:26.819000,0 days 01:21:08.599000,0 days 01:21:40.998000,0 days 01:22:07.817000,263.0,189.0,287.0,298.0,False,HARD,1.0,True,Ferrari,0 days 01:20:21.649000,,1,4.0,,,False,False
0 days 01:23:30.081000,LEC,16,0 days 00:01:22.302000,36.0,2.0,,,0 days 00:00:24.081000,0 days 00:00:31.603000,0 days 00:00:26.618000,0 days 01:22:31.898000,0 days 01:23:03.501000,0 days 01:23:30.119000,268.0,187.0,288.0,291.0,False,HARD,2.0,True,Ferrari,0 days 01:22:07.779000,,1,4.0,,,False,True
0 days 01:24:51.677000,LEC,16,0 days 00:01:21.596000,37.0,2.0,,,0 days 00:00:23.955000,0 days 00:00:31.131000,0 days 00:00:26.510000,0 days 01:23:54.074000,0 days 01:24:25.205000,0 days 01:24:51.715000,268.0,185.0,288.0,296.0,False,HARD,3.0,True,Ferrari,0 days 01:23:30.081000,,1,4.0,,,False,True
0 days 01:26:13.094000,LEC,16,0 days 00:01:21.417000,38.0,2.0,,,0 days 00:00:23.737000,0 days 00:00:31.224000,0 days 00:00:26.456000,0 days 01:25:15.452000,0 days 01:25:46.676000,0 days 01:26:13.132000,269.0,190.0,290.0,295.0,True,HARD,4.0,True,Ferrari,0 days 01:24:51.677000,,1,4.0,,,False,True
0 days 01:27:34.704000,LEC,16,0 days 00:01:21.610000,39.0,2.0,,,0 days 00:00:23.829000,0 days 00:00:31.120000,0 days 00:00:26.661000,0 days 01:26:36.961000,0 days 01:27:08.081000,0 days 01:27:34.742000,270.0,190.0,290.0,298.0,False,HARD,5.0,True,Ferrari,0 days 01:26:13.094000,,1,4.0,,,False,True
0 days 01:28:55.850000,LEC,16,0 days 00:01:21.146000,40.0,2.0,,,0 days 00:00:23.764000,0 days 00:00:30.951000,0 days 00:00:26.431000,0 days 01:27:58.506000,0 days 01:28:29.457000,0 days 01:28:55.888000,271.0,192.0,291.0,298.0,True,HARD,6.0,True,Ferrari,0 days 01:27:34.704000,,1,4.0,,,False,True
0 days 01:30:17.161000,LEC,16,0 days 00:01:21.311000,41.0,2.0,,,0 days 00:00:23.757000,0 days 00:00:31.002000,0 days 00:00:26.552000,0 days 01:29:19.645000,0 days 01:29:50.647000,0 days 01:30:17.199000,270.0,191.0,290.0,297.0,False,HARD,7.0,True,Ferrari,0 days 01:28:55.850000,,1,4.0,,,False,True
0 days 01:31:38.461000,LEC,16,0 days 00:01:21.300000,42.0,2.0,,,0 days 00:00:23.619000,0 days 00:00:31.088000,0 days 00:00:26.593000,0 days 01:30:40.818000,0 days 01:31:11.906000,0 days 01:31:38.499000,271.0,192.0,291.0,296.0,False,HARD,8.0,True,Ferrari,0 days 01:30:17.161000,,1,4.0,,,False,True
0 days 01:32:59.443000,LEC,16,0 days 00:01:20.982000,43.0,2.0,,,0 days 00:00:23.701000,0 days 00:00:30.866000,0 days 00:00:26.415000,0 days 01:32:02.200000,0 days 01:32:33.066000,0 days 01:32:59.481000,270.0,193.0,291.0,298.0,True,HARD,9.0,True,Ferrari,0 days 01:31:38.461000,,1,4.0,,,False,True
0 days 01:34:21.008000,LEC,16,0 days 00:01:21.565000,44.0,2.0,,,0 days 00:00:23.666000,0 days 00:00:31.268000,0 days 00:00:26.631000,0 days 01:33:23.147000,0 days 01:33:54.415000,0 days 01:34:21.046000,270.0,188.0,291.0,298.0,False,HARD,10.0,True,Ferrari,0 days 01:32:59.443000,,1,4.0,,,False,True
0 days 01:35:42.807000,LEC,16,0 days 00:01:21.799000,45.0,2.0,,,0 days 00:00:24.034000,0 days 00:00:31.323000,0 days 00:00:26.442000,0 days 01:34:45.080000,0 days 01:35:16.403000,0 days 01:35:42.845000,271.0,192.0,293.0,300.0,False,HARD,11.0,True,Ferrari,0 days 01:34:21.008000,,1,4.0,,,False,True
0 days 01:37:03.928000,LEC,16,0 days 00:01:21.121000,46.0,2.0,,,0 days 00:00:23.686000,0 days 00:00:31.140000,0 days 00:00:26.295000,0 days 01:36:06.531000,0 days 01:36:37.671000,0 days 01:37:03.966000,271.0,191.0,310.0,302.0,False,HARD,12.0,True,Ferrari,0 days 01:35:42.807000,,1,4.0,,,False,True
0 days 01:38:24.850000,LEC,16,0 days 00:01:20.922000,47.0,2.0,,,0 days 00:00:23.344000,0 days 00:00:31.185000,0 days 00:00:26.393000,0 days 01:37:27.310000,0 days 01:37:58.495000,0 days 01:38:24.888000,272.0,192.0,293.0,318.0,True,HARD,13.0,True,Ferrari,0 days 01:37:03.928000,,1,4.0,,,False,True
0 days 01:39:46.069000,LEC,16,0 days 00:01:21.219000,48.0,2.0,,,0 days 00:00:23.661000,0 days 00:00:31.222000,0 days 00:00:26.336000,0 days 01:38:48.549000,0 days 01:39:19.771000,0 days 01:39:46.107000,272.0,189.0,306.0,299.0,False,HARD,14.0,True,Ferrari,0 days 01:38:24.850000,,1,4.0,,,False,True
0 days 01:41:07.168000,LEC,16,0 days 00:01:21.099000,49.0,2.0,,,0 days 00:00:23.478000,0 days 00:00:31.111000,0 days 00:00:26.510000,0 days 01:40:09.585000,0 days 01:40:40.696000,0 days 01:41:07.206000,270.0,193.0,290.0,317.0,False,HARD,15.0,True,Ferrari,0 days 01:39:46.069000,,1,4.0,,,False,True
0 days 01:42:28.607000,LEC,16,0 days 00:01:21.439000,50.0,2.0,,,0 days 00:00:23.836000,0 days 00:00:31.121000,0 days 00:00:26.482000,0 days 01:41:31.042000,0 days 01:42:02.163000,0 days 01:42:28.645000,269.0,192.0,291.0,298.0,False,HARD,16.0,True,Ferrari,0 days 01:41:07.168000,,1,4.0,,,False,True
0 days 01:43:50.367000,LEC,16,0 days 00:01:21.760000,51.0,2.0,,,0 days 00:00:23.992000,0 days 00:00:31.109000,0 days 00:00:26.659000,0 days 01:42:52.637000,0 days 01:43:23.746000,0 days 01:43:50.405000,268.0,191.0,292.0,295.0,False,HARD,17.0,True,Ferrari,0 days 01:42:28.607000,,1,4.0,,,False,True
0 days 01:45:11.605000,LEC,16,0 days 00:01:21.238000,52.0,2.0,,,0 days 00:00:23.710000,0 days 00:00:31.135000,0 days 00:00:26.393000,0 days 01:44:14.115000,0 days 01:44:45.250000,0 days 01:45:11.643000,269.0,193.0,291.0,298.0,False,HARD,18.0,True,Ferrari,0 days 01:43:50.367000,,1,4.0,,,False,True
0 days 01:46:32.679000,LEC,16,0 days 00:01:21.074000,53.0,2.0,,,0 days 00:00:23.692000,0 days 00:00:30.995000,0 days 00:00:26.387000,0 days 01:45:35.335000,0 days 01:46:06.330000,0 days 01:46:32.717000,270.0,194.0,291.0,296.0,False,HARD,19.0,True,Ferrari,0 days 01:45:11.605000,,1,4.0,,,False,True
0 days 01:47:54.249000,LEC,16,0 days 00:01:21.570000,54.0,2.0,,,0 days 00:00:23.954000,0 days 00:00:31.264000,0 days 00:00:26.352000,0 days 01:46:56.671000,0 days 01:47:27.935000,0 days 01:47:54.287000,270.0,195.0,290.0,298.0,False,HARD,20.0,True,Ferrari,0 days 01:46:32.679000,,1,4.0,,,False,True
0 days 01:49:15.616000,LEC,16,0 days 00:01:21.367000,55.0,2.0,,,0 days 00:00:23.634000,0 days 00:00:31.378000,0 days 00:00:26.355000,0 days 01:48:17.921000,0 days 01:48:49.299000,0 days 01:49:15.654000,271.0,187.0,292.0,298.0,False,HARD,21.0,True,Ferrari,0 days 01:47:54.249000,,1,4.0,,,False,True
0 days 01:50:37.431000,LEC,16,0 days 00:01:21.815000,56.0,2.0,,,0 days 00:00:23.972000,0 days 00:00:31.394000,0 days 00:00:26.449000,0 days 01:49:39.626000,0 days 01:50:11.020000,0 days 01:50:37.469000,270.0,189.0,292.0,297.0,False,HARD,22.0,True,Ferrari,0 days 01:49:15.616000,,1,4.0,,,False,True
0 days 01:51:58.942000,LEC,16,0 days 00:01:21.511000,57.0,2.0,,,0 days 00:00:23.748000,0 days 00:00:31.346000,0 days 00:00:26.417000,0 days 01:51:01.217000,0 days 01:51:32.563000,0 days 01:51:58.980000,272.0,192.0,297.0,298.0,False,HARD,23.0,True,Ferrari,0 days 01:50:37.431000,,1,4.0,,,False,True
0 days 01:53:20.863000,LEC,16,0 days 00:01:21.921000,58.0,2.0,,,0 days 00:00:23.757000,0 days 00:00:31.773000,0 days 00:00:26.391000,0 days 01:52:22.737000,0 days 01:52:54.510000,0 days 01:53:20.901000,270.0,191.0,292.0,298.0,False,HARD,24.0,True,Ferrari,0 days 01:51:58.942000,,1,4.0,,,False,True
0 days 01:54:42.495000,LEC,16,0 days 00:01:21.632000,59.0,2.0,,,0 days 00:00:23.840000,0 days 00:00:31.371000,0 days 00:00:26.421000,0 days 01:53:44.741000,0 days 01:54:16.112000,0 days 01:54:42.533000,270.0,190.0,293.0,296.0,False,HARD,25.0,True,Ferrari,0 days 01:53:20.863000,,1,4.0,,,False,True
0 days 01:56:04.120000,LEC,16,0 days 00:01:21.625000,60.0,2.0,,,0 days 00:00:23.871000,0 days 00:00:31.314000,0 days 00:00:26.440000,0 days 01:55:06.404000,0 days 01:55:37.718000,0 days 01:56:04.158000,271.0,192.0,293.0,299.0,False,HARD,26.0,True,Ferrari,0 days 01:54:42.495000,,1,4.0,,,False,True
0 days 01:57:25.986000,LEC,16,0 days 00:01:21.866000,61.0,2.0,,,0 days 00:00:23.780000,0 days 00:00:31.429000,0 days 00:00:26.657000,0 days 01:56:27.938000,0 days 01:56:59.367000,0 days 01:57:26.024000,271.0,189.0,291.0,299.0,False,HARD,27.0,True,Ferrari,0 days 01:56:04.120000,,1,4.0,,,False,True
0 days 01:58:48.449000,LEC,16,0 days 00:01:22.463000,62.0,2.0,,,0 days 00:00:23.739000,0 days 00:00:32.194000,0 days 00:00:26.530000,0 days 01:57:49.763000,0 days 01:58:21.957000,0 days 01:58:48.487000,268.0,189.0,291.0,294.0,False,HARD,28.0,True,Ferrari,0 days 01:57:25.986000,,1,4.0,,,False,True
0 days 02:00:09.464000,LEC,16,0 days 00:01:21.015000,63.0,2.0,,,0 days 00:00:23.769000,0 days 00:00:30.987000,0 days 00:00:26.259000,0 days 01:59:12.256000,0 days 01:59:43.243000,0 days 02:00:09.502000,271.0,193.0,292.0,296.0,False,HARD,29.0,True,Ferrari,0 days 01:58:48.449000,,1,4.0,,,False,True
0 days 02:01:30.288000,LEC,16,0 days 00:01:20.824000,64.0,2.0,,,0 days 00:00:23.628000,0 days 00:00:30.854000,0 days 00:00:26.342000,0 days 02:00:33.130000,0 days 02:01:03.984000,0 days 02:01:30.326000,272.0,195.0,292.0,299.0,True,HARD,30.0,True,Ferrari,0 days 02:00:09.464000,,1,4.0,,,False,True
0 days 02:02:51.634000,LEC,16,0 days 00:01:21.346000,65.0,2.0,,,0 days 00:00:23.970000,0 days 00:00:31.118000,0 days 00:00:26.258000,0 days 02:01:54.296000,0 days 02:02:25.414000,0 days 02:02:51.672000,271.0,195.0,292.0,299.0,False,HARD,31.0,True,Ferrari,0 days 02:01:30.288000,,1,4.0,,,False,True
0 days 02:04:12.042000,LEC,16,0 days 00:01:20.408000,66.0,2.0,,,0 days 00:00:23.617000,0 days 00:00:30.880000,0 days 00:00:25.911000,0 days 02:03:15.289000,0 days 02:03:46.169000,0 days 02:04:12.080000,271.0,197.0,292.0,300.0,True,HARD,32.0,True,Ferrari,0 days 02:02:51.634000,,1,4.0,,,False,True
0 days 00:34:50.185000,GAS,10,0 days 00:01:40.283000,1.0,1.0,,,,0 days 00:00:38.735000,0 days 00:00:29.828000,,0 days 00:34:20.615000,0 days 00:34:50.416000,264.0,159.0,304.0,244.0,False,SOFT,5.0,False,AlphaTauri,0 days 00:33:09.808000,,12,10.0,,,False,False
0 days 00:36:19.449000,GAS,10,0 days 00:01:29.264000,2.0,1.0,,,0 days 00:00:27.128000,0 days 00:00:34.489000,0 days 00:00:27.647000,0 days 00:35:17.345000,0 days 00:35:51.834000,0 days 00:36:19.481000,262.0,175.0,297.0,306.0,True,SOFT,6.0,False,AlphaTauri,0 days 00:34:50.185000,,1,9.0,,,False,True
0 days 00:37:44.866000,GAS,10,0 days 00:01:25.417000,3.0,1.0,,,0 days 00:00:25.382000,0 days 00:00:32.860000,0 days 00:00:27.175000,0 days 00:36:44.863000,0 days 00:37:17.723000,0 days 00:37:44.898000,268.0,184.0,293.0,302.0,True,SOFT,7.0,False,AlphaTauri,0 days 00:36:19.449000,,1,9.0,,,False,True
0 days 00:39:09.207000,GAS,10,0 days 00:01:24.341000,4.0,1.0,,,0 days 00:00:24.610000,0 days 00:00:32.726000,0 days 00:00:27.005000,0 days 00:38:09.508000,0 days 00:38:42.234000,0 days 00:39:09.239000,269.0,189.0,293.0,300.0,True,SOFT,8.0,False,AlphaTauri,0 days 00:37:44.866000,,1,9.0,,,False,True
0 days 00:40:33.032000,GAS,10,0 days 00:01:23.825000,5.0,1.0,,,0 days 00:00:24.430000,0 days 00:00:32.452000,0 days 00:00:26.943000,0 days 00:39:33.669000,0 days 00:40:06.121000,0 days 00:40:33.064000,270.0,184.0,293.0,299.0,True,SOFT,9.0,False,AlphaTauri,0 days 00:39:09.207000,,1,9.0,,,False,True
0 days 00:41:56.661000,GAS,10,0 days 00:01:23.629000,6.0,1.0,,,0 days 00:00:24.537000,0 days 00:00:32.218000,0 days 00:00:26.874000,0 days 00:40:57.601000,0 days 00:41:29.819000,0 days 00:41:56.693000,270.0,187.0,294.0,296.0,True,SOFT,10.0,False,AlphaTauri,0 days 00:40:33.032000,,1,9.0,,,False,True
0 days 00:43:19.873000,GAS,10,0 days 00:01:23.212000,7.0,1.0,,,0 days 00:00:24.259000,0 days 00:00:32.085000,0 days 00:00:26.868000,0 days 00:42:20.952000,0 days 00:42:53.037000,0 days 00:43:19.905000,271.0,187.0,293.0,301.0,True,SOFT,11.0,False,AlphaTauri,0 days 00:41:56.661000,,1,9.0,,,False,True
0 days 00:44:43.518000,GAS,10,0 days 00:01:23.645000,8.0,1.0,,,0 days 00:00:24.179000,0 days 00:00:32.569000,0 days 00:00:26.897000,0 days 00:43:44.084000,0 days 00:44:16.653000,0 days 00:44:43.550000,275.0,177.0,311.0,302.0,False,SOFT,12.0,False,AlphaTauri,0 days 00:43:19.873000,,1,9.0,,,False,True
0 days 00:46:07.905000,GAS,10,0 days 00:01:24.387000,9.0,1.0,,,0 days 00:00:24.492000,0 days 00:00:32.890000,0 days 00:00:27.005000,0 days 00:45:08.042000,0 days 00:45:40.932000,0 days 00:46:07.937000,274.0,183.0,310.0,329.0,False,SOFT,13.0,False,AlphaTauri,0 days 00:44:43.518000,,1,9.0,,,False,True
0 days 00:47:30.645000,GAS,10,0 days 00:01:22.740000,10.0,1.0,,,0 days 00:00:23.868000,0 days 00:00:32.088000,0 days 00:00:26.784000,0 days 00:46:31.805000,0 days 00:47:03.893000,0 days 00:47:30.677000,273.0,183.0,314.0,324.0,True,SOFT,14.0,False,AlphaTauri,0 days 00:46:07.905000,,1,8.0,,,False,True
0 days 00:48:53.196000,GAS,10,0 days 00:01:22.551000,11.0,1.0,,,0 days 00:00:23.768000,0 days 00:00:32.112000,0 days 00:00:26.671000,0 days 00:47:54.445000,0 days 00:48:26.557000,0 days 00:48:53.228000,270.0,185.0,296.0,323.0,True,SOFT,15.0,False,AlphaTauri,0 days 00:47:30.645000,,1,7.0,,,False,True
0 days 00:50:16.159000,GAS,10,0 days 00:01:22.963000,12.0,1.0,,,0 days 00:00:24.281000,0 days 00:00:32.044000,0 days 00:00:26.638000,0 days 00:49:17.509000,0 days 00:49:49.553000,0 days 00:50:16.191000,269.0,184.0,306.0,301.0,False,SOFT,16.0,False,AlphaTauri,0 days 00:48:53.196000,,1,7.0,,,False,True
0 days 00:51:38.826000,GAS,10,0 days 00:01:22.667000,13.0,1.0,,,0 days 00:00:23.901000,0 days 00:00:31.909000,0 days 00:00:26.857000,0 days 00:50:40.092000,0 days 00:51:12.001000,0 days 00:51:38.858000,270.0,184.0,291.0,324.0,True,SOFT,17.0,False,AlphaTauri,0 days 00:50:16.159000,,1,6.0,,,False,True
0 days 00:53:01.889000,GAS,10,0 days 00:01:23.063000,14.0,1.0,,,0 days 00:00:24.259000,0 days 00:00:32.045000,0 days 00:00:26.759000,0 days 00:52:03.117000,0 days 00:52:35.162000,0 days 00:53:01.921000,270.0,183.0,294.0,296.0,False,SOFT,18.0,False,AlphaTauri,0 days 00:51:38.826000,,1,6.0,,,False,True
0 days 00:54:24.905000,GAS,10,0 days 00:01:23.016000,15.0,1.0,,,0 days 00:00:24.336000,0 days 00:00:31.955000,0 days 00:00:26.725000,0 days 00:53:26.257000,0 days 00:53:58.212000,0 days 00:54:24.937000,272.0,186.0,305.0,299.0,False,SOFT,19.0,False,AlphaTauri,0 days 00:53:01.889000,,1,6.0,,,False,True
0 days 00:55:48.117000,GAS,10,0 days 00:01:23.212000,16.0,1.0,,,0 days 00:00:24.287000,0 days 00:00:32.116000,0 days 00:00:26.809000,0 days 00:54:49.224000,0 days 00:55:21.340000,0 days 00:55:48.149000,276.0,181.0,306.0,324.0,False,SOFT,20.0,False,AlphaTauri,0 days 00:54:24.905000,,1,6.0,,,False,True
0 days 00:57:11.545000,GAS,10,0 days 00:01:23.428000,17.0,1.0,,,0 days 00:00:24.578000,0 days 00:00:32.205000,0 days 00:00:26.645000,0 days 00:56:12.727000,0 days 00:56:44.932000,0 days 00:57:11.577000,273.0,187.0,304.0,320.0,False,SOFT,21.0,False,AlphaTauri,0 days 00:55:48.117000,,1,6.0,,,False,True
0 days 00:58:34.619000,GAS,10,0 days 00:01:23.074000,18.0,1.0,,,0 days 00:00:24.218000,0 days 00:00:31.928000,0 days 00:00:26.928000,0 days 00:57:35.795000,0 days 00:58:07.723000,0 days 00:58:34.651000,273.0,184.0,306.0,310.0,False,SOFT,22.0,False,AlphaTauri,0 days 00:57:11.545000,,1,6.0,,,False,True
0 days 00:59:57.439000,GAS,10,0 days 00:01:22.820000,19.0,1.0,,,0 days 00:00:24.259000,0 days 00:00:31.756000,0 days 00:00:26.805000,0 days 00:58:58.910000,0 days 00:59:30.666000,0 days 00:59:57.471000,266.0,186.0,306.0,330.0,False,SOFT,23.0,False,AlphaTauri,0 days 00:58:34.619000,,1,6.0,,,False,True
0 days 01:01:20.412000,GAS,10,0 days 00:01:22.973000,20.0,1.0,,,0 days 00:00:24.117000,0 days 00:00:32.048000,0 days 00:00:26.808000,0 days 01:00:21.588000,0 days 01:00:53.636000,0 days 01:01:20.444000,270.0,187.0,291.0,324.0,False,SOFT,24.0,False,AlphaTauri,0 days 00:59:57.439000,,1,5.0,,,False,True
0 days 01:02:43.825000,GAS,10,0 days 00:01:23.413000,21.0,1.0,,,0 days 00:00:24.385000,0 days 00:00:31.922000,0 days 00:00:27.106000,0 days 01:01:44.829000,0 days 01:02:16.751000,0 days 01:02:43.857000,271.0,183.0,291.0,291.0,False,SOFT,25.0,False,AlphaTauri,0 days 01:01:20.412000,,1,5.0,,,False,True
0 days 01:04:06.869000,GAS,10,0 days 00:01:23.044000,22.0,1.0,,,0 days 00:00:24.237000,0 days 00:00:31.833000,0 days 00:00:26.974000,0 days 01:03:08.094000,0 days 01:03:39.927000,0 days 01:04:06.901000,272.0,188.0,293.0,295.0,False,SOFT,26.0,False,AlphaTauri,0 days 01:02:43.825000,,1,5.0,,,False,True
0 days 01:05:29.787000,GAS,10,0 days 00:01:22.918000,23.0,1.0,,,0 days 00:00:24.420000,0 days 00:00:31.715000,0 days 00:00:26.783000,0 days 01:04:31.321000,0 days 01:05:03.036000,0 days 01:05:29.819000,267.0,191.0,292.0,292.0,False,SOFT,27.0,False,AlphaTauri,0 days 01:04:06.869000,,1,5.0,,,False,True
0 days 01:06:52.526000,GAS,10,0 days 00:01:22.739000,24.0,1.0,,,0 days 00:00:24.147000,0 days 00:00:31.674000,0 days 00:00:26.918000,0 days 01:05:53.966000,0 days 01:06:25.640000,0 days 01:06:52.558000,271.0,178.0,292.0,300.0,False,SOFT,28.0,False,AlphaTauri,0 days 01:05:29.787000,,1,4.0,,,False,True
0 days 01:08:15.357000,GAS,10,0 days 00:01:22.831000,25.0,1.0,,,0 days 00:00:24.273000,0 days 00:00:31.880000,0 days 00:00:26.678000,0 days 01:07:16.831000,0 days 01:07:48.711000,0 days 01:08:15.389000,270.0,190.0,292.0,288.0,False,SOFT,29.0,False,AlphaTauri,0 days 01:06:52.526000,,1,4.0,,,False,True
0 days 01:09:38.230000,GAS,10,0 days 00:01:22.873000,26.0,1.0,,,0 days 00:00:24.219000,0 days 00:00:31.811000,0 days 00:00:26.843000,0 days 01:08:39.608000,0 days 01:09:11.419000,0 days 01:09:38.262000,273.0,190.0,291.0,288.0,False,SOFT,30.0,False,AlphaTauri,0 days 01:08:15.357000,,1,4.0,,,False,True
0 days 01:11:01.871000,GAS,10,0 days 00:01:23.641000,27.0,1.0,,,0 days 00:00:24.323000,0 days 00:00:32.283000,0 days 00:00:27.035000,0 days 01:10:02.585000,0 days 01:10:34.868000,0 days 01:11:01.903000,273.0,185.0,293.0,292.0,False,SOFT,31.0,False,AlphaTauri,0 days 01:09:38.230000,,1,4.0,,,False,True
0 days 01:12:28.144000,GAS,10,0 days 00:01:26.273000,28.0,1.0,,0 days 01:12:25.250000,0 days 00:00:24.132000,0 days 00:00:31.729000,0 days 00:00:30.412000,0 days 01:11:26.035000,0 days 01:11:57.764000,0 days 01:12:28.176000,273.0,191.0,,293.0,False,SOFT,32.0,False,AlphaTauri,0 days 01:11:01.871000,,1,4.0,,,False,False
0 days 01:14:15.309000,GAS,10,0 days 00:01:47.165000,29.0,2.0,0 days 01:12:52.486000,,0 days 00:00:47.051000,0 days 00:00:32.674000,0 days 00:00:27.440000,0 days 01:13:15.227000,0 days 01:13:47.901000,0 days 01:14:15.341000,263.0,185.0,293.0,293.0,False,MEDIUM,1.0,True,AlphaTauri,0 days 01:12:28.144000,,1,8.0,,,False,False
0 days 01:15:38.930000,GAS,10,0 days 00:01:23.621000,30.0,2.0,,,0 days 00:00:24.748000,0 days 00:00:32.202000,0 days 00:00:26.671000,0 days 01:14:40.089000,0 days 01:15:12.291000,0 days 01:15:38.962000,273.0,188.0,294.0,296.0,False,MEDIUM,2.0,True,AlphaTauri,0 days 01:14:15.309000,,1,9.0,,,False,True
0 days 01:17:01.210000,GAS,10,0 days 00:01:22.280000,31.0,2.0,,,0 days 00:00:24.117000,0 days 00:00:31.659000,0 days 00:00:26.504000,0 days 01:16:03.079000,0 days 01:16:34.738000,0 days 01:17:01.242000,269.0,192.0,294.0,295.0,True,MEDIUM,3.0,True,AlphaTauri,0 days 01:15:38.930000,,1,9.0,,,False,True
0 days 01:18:23.722000,GAS,10,0 days 00:01:22.512000,32.0,2.0,,,0 days 00:00:23.967000,0 days 00:00:31.778000,0 days 00:00:26.767000,0 days 01:17:25.209000,0 days 01:17:56.987000,0 days 01:18:23.754000,270.0,190.0,295.0,296.0,False,MEDIUM,4.0,True,AlphaTauri,0 days 01:17:01.210000,,1,9.0,,,False,True
0 days 01:19:46.634000,GAS,10,0 days 00:01:22.912000,33.0,2.0,,,0 days 00:00:24.020000,0 days 00:00:32.350000,0 days 00:00:26.542000,0 days 01:18:47.774000,0 days 01:19:20.124000,0 days 01:19:46.666000,270.0,190.0,294.0,297.0,False,MEDIUM,5.0,True,AlphaTauri,0 days 01:18:23.722000,,1,9.0,,,False,True
0 days 01:21:09.037000,GAS,10,0 days 00:01:22.403000,34.0,2.0,,,0 days 00:00:23.974000,0 days 00:00:31.656000,0 days 00:00:26.773000,0 days 01:20:10.640000,0 days 01:20:42.296000,0 days 01:21:09.069000,273.0,192.0,294.0,295.0,False,MEDIUM,6.0,True,AlphaTauri,0 days 01:19:46.634000,,1,9.0,,,False,True
0 days 01:22:32.914000,GAS,10,0 days 00:01:23.877000,35.0,2.0,,,0 days 00:00:24.017000,0 days 00:00:33.217000,0 days 00:00:26.643000,0 days 01:21:33.086000,0 days 01:22:06.303000,0 days 01:22:32.946000,240.0,188.0,293.0,298.0,False,MEDIUM,7.0,True,AlphaTauri,0 days 01:21:09.037000,,1,9.0,,,False,True
0 days 01:23:55.631000,GAS,10,0 days 00:01:22.717000,36.0,2.0,,,0 days 00:00:24.077000,0 days 00:00:31.938000,0 days 00:00:26.702000,0 days 01:22:57.023000,0 days 01:23:28.961000,0 days 01:23:55.663000,272.0,189.0,293.0,298.0,False,MEDIUM,8.0,True,AlphaTauri,0 days 01:22:32.914000,,1,9.0,,,False,True
0 days 01:25:18.213000,GAS,10,0 days 00:01:22.582000,37.0,2.0,,,0 days 00:00:24.091000,0 days 00:00:31.892000,0 days 00:00:26.599000,0 days 01:24:19.754000,0 days 01:24:51.646000,0 days 01:25:18.245000,272.0,192.0,295.0,298.0,False,MEDIUM,9.0,True,AlphaTauri,0 days 01:23:55.631000,,1,8.0,,,False,True
0 days 01:26:40.584000,GAS,10,0 days 00:01:22.371000,38.0,2.0,,,0 days 00:00:24.015000,0 days 00:00:31.584000,0 days 00:00:26.772000,0 days 01:25:42.260000,0 days 01:26:13.844000,0 days 01:26:40.616000,273.0,190.0,295.0,297.0,False,MEDIUM,10.0,True,AlphaTauri,0 days 01:25:18.213000,,1,8.0,,,False,True
0 days 01:28:02.889000,GAS,10,0 days 00:01:22.305000,39.0,2.0,,,0 days 00:00:24.074000,0 days 00:00:31.620000,0 days 00:00:26.611000,0 days 01:27:04.690000,0 days 01:27:36.310000,0 days 01:28:02.921000,275.0,192.0,297.0,301.0,False,MEDIUM,11.0,True,AlphaTauri,0 days 01:26:40.584000,,1,8.0,,,False,True
0 days 01:29:24.746000,GAS,10,0 days 00:01:21.857000,40.0,2.0,,,0 days 00:00:24.030000,0 days 00:00:31.379000,0 days 00:00:26.448000,0 days 01:28:26.951000,0 days 01:28:58.330000,0 days 01:29:24.778000,272.0,192.0,306.0,306.0,True,MEDIUM,12.0,True,AlphaTauri,0 days 01:28:02.889000,,1,8.0,,,False,True
0 days 01:30:46.894000,GAS,10,0 days 00:01:22.148000,41.0,2.0,,,0 days 00:00:23.840000,0 days 00:00:31.570000,0 days 00:00:26.738000,0 days 01:29:48.618000,0 days 01:30:20.188000,0 days 01:30:46.926000,274.0,194.0,296.0,318.0,False,MEDIUM,13.0,True,AlphaTauri,0 days 01:29:24.746000,,1,8.0,,,False,True
0 days 01:32:08.701000,GAS,10,0 days 00:01:21.807000,42.0,2.0,,,0 days 00:00:24.048000,0 days 00:00:31.375000,0 days 00:00:26.384000,0 days 01:31:10.974000,0 days 01:31:42.349000,0 days 01:32:08.733000,275.0,192.0,307.0,298.0,True,MEDIUM,14.0,True,AlphaTauri,0 days 01:30:46.894000,,1,8.0,,,False,True
0 days 01:33:30.969000,GAS,10,0 days 00:01:22.268000,43.0,2.0,,,0 days 00:00:24.239000,0 days 00:00:31.583000,0 days 00:00:26.446000,0 days 01:32:32.972000,0 days 01:33:04.555000,0 days 01:33:31.001000,268.0,193.0,306.0,329.0,False,MEDIUM,15.0,True,AlphaTauri,0 days 01:32:08.701000,,1,8.0,,,False,True
0 days 01:34:52.973000,GAS,10,0 days 00:01:22.004000,44.0,2.0,,,0 days 00:00:23.971000,0 days 00:00:31.638000,0 days 00:00:26.395000,0 days 01:33:54.972000,0 days 01:34:26.610000,0 days 01:34:53.005000,278.0,187.0,309.0,316.0,False,MEDIUM,16.0,True,AlphaTauri,0 days 01:33:30.969000,,1,8.0,,,False,True
0 days 01:36:15.155000,GAS,10,0 days 00:01:22.182000,45.0,2.0,,,0 days 00:00:24.122000,0 days 00:00:31.637000,0 days 00:00:26.423000,0 days 01:35:17.127000,0 days 01:35:48.764000,0 days 01:36:15.187000,273.0,194.0,294.0,332.0,False,MEDIUM,17.0,True,AlphaTauri,0 days 01:34:52.973000,,1,7.0,,,False,True
0 days 01:37:36.868000,GAS,10,0 days 00:01:21.713000,46.0,2.0,,,0 days 00:00:23.950000,0 days 00:00:31.339000,0 days 00:00:26.424000,0 days 01:36:39.137000,0 days 01:37:10.476000,0 days 01:37:36.900000,270.0,195.0,296.0,292.0,True,MEDIUM,18.0,True,AlphaTauri,0 days 01:36:15.155000,,1,7.0,,,False,True
0 days 01:38:58.782000,GAS,10,0 days 00:01:21.914000,47.0,2.0,,,0 days 00:00:24.036000,0 days 00:00:31.570000,0 days 00:00:26.308000,0 days 01:38:00.936000,0 days 01:38:32.506000,0 days 01:38:58.814000,271.0,195.0,295.0,298.0,False,MEDIUM,19.0,True,AlphaTauri,0 days 01:37:36.868000,,1,7.0,,,False,True
0 days 01:40:20.034000,GAS,10,0 days 00:01:21.252000,48.0,2.0,,,0 days 00:00:23.697000,0 days 00:00:31.234000,0 days 00:00:26.321000,0 days 01:39:22.511000,0 days 01:39:53.745000,0 days 01:40:20.066000,272.0,195.0,295.0,295.0,True,MEDIUM,20.0,True,AlphaTauri,0 days 01:38:58.782000,,1,7.0,,,False,True
0 days 01:41:41.350000,GAS,10,0 days 00:01:21.316000,49.0,2.0,,,0 days 00:00:23.897000,0 days 00:00:31.054000,0 days 00:00:26.365000,0 days 01:40:43.963000,0 days 01:41:15.017000,0 days 01:41:41.382000,270.0,198.0,294.0,297.0,False,MEDIUM,21.0,True,AlphaTauri,0 days 01:40:20.034000,,1,7.0,,,False,True
0 days 01:43:03.063000,GAS,10,0 days 00:01:21.713000,50.0,2.0,,,0 days 00:00:23.767000,0 days 00:00:31.338000,0 days 00:00:26.608000,0 days 01:42:05.149000,0 days 01:42:36.487000,0 days 01:43:03.095000,275.0,193.0,295.0,298.0,False,MEDIUM,22.0,True,AlphaTauri,0 days 01:41:41.350000,,1,7.0,,,False,True
0 days 01:44:24.608000,GAS,10,0 days 00:01:21.545000,51.0,2.0,,,0 days 00:00:23.761000,0 days 00:00:31.123000,0 days 00:00:26.661000,0 days 01:43:26.856000,0 days 01:43:57.979000,0 days 01:44:24.640000,272.0,195.0,294.0,298.0,False,MEDIUM,23.0,True,AlphaTauri,0 days 01:43:03.063000,,1,7.0,,,False,True
0 days 01:45:46.241000,GAS,10,0 days 00:01:21.633000,52.0,2.0,,,0 days 00:00:23.808000,0 days 00:00:31.290000,0 days 00:00:26.535000,0 days 01:44:48.448000,0 days 01:45:19.738000,0 days 01:45:46.273000,273.0,195.0,293.0,297.0,False,MEDIUM,24.0,True,AlphaTauri,0 days 01:44:24.608000,,1,7.0,,,False,True
0 days 01:47:07.459000,GAS,10,0 days 00:01:21.218000,53.0,2.0,,,0 days 00:00:23.771000,0 days 00:00:31.025000,0 days 00:00:26.422000,0 days 01:46:10.044000,0 days 01:46:41.069000,0 days 01:47:07.491000,273.0,195.0,294.0,296.0,True,MEDIUM,25.0,True,AlphaTauri,0 days 01:45:46.241000,,1,7.0,,,False,True
0 days 01:48:28.886000,GAS,10,0 days 00:01:21.427000,54.0,2.0,,,0 days 00:00:23.893000,0 days 00:00:31.341000,0 days 00:00:26.193000,0 days 01:47:31.384000,0 days 01:48:02.725000,0 days 01:48:28.918000,266.0,196.0,293.0,290.0,False,MEDIUM,26.0,True,AlphaTauri,0 days 01:47:07.459000,,1,6.0,,,False,True
0 days 01:49:53.151000,GAS,10,0 days 00:01:24.265000,55.0,2.0,,,0 days 00:00:23.770000,0 days 00:00:34.227000,0 days 00:00:26.268000,0 days 01:48:52.688000,0 days 01:49:26.915000,0 days 01:49:53.183000,275.0,194.0,295.0,294.0,False,MEDIUM,27.0,True,AlphaTauri,0 days 01:48:28.886000,,1,6.0,,,False,True
0 days 01:51:14.181000,GAS,10,0 days 00:01:21.030000,56.0,2.0,,,0 days 00:00:23.723000,0 days 00:00:31.275000,0 days 00:00:26.032000,0 days 01:50:16.906000,0 days 01:50:48.181000,0 days 01:51:14.213000,276.0,195.0,294.0,302.0,True,MEDIUM,28.0,True,AlphaTauri,0 days 01:49:53.151000,,1,6.0,,,False,True
0 days 01:52:35.272000,GAS,10,0 days 00:01:21.091000,57.0,2.0,,,0 days 00:00:23.678000,0 days 00:00:31.303000,0 days 00:00:26.110000,0 days 01:51:37.891000,0 days 01:52:09.194000,0 days 01:52:35.304000,275.0,195.0,294.0,297.0,False,MEDIUM,29.0,True,AlphaTauri,0 days 01:51:14.181000,,1,6.0,,,False,True
0 days 01:53:56.394000,GAS,10,0 days 00:01:21.122000,58.0,2.0,,,0 days 00:00:23.683000,0 days 00:00:31.258000,0 days 00:00:26.181000,0 days 01:52:58.987000,0 days 01:53:30.245000,0 days 01:53:56.426000,272.0,193.0,293.0,295.0,False,MEDIUM,30.0,True,AlphaTauri,0 days 01:52:35.272000,,1,6.0,,,False,True
0 days 01:55:17.408000,GAS,10,0 days 00:01:21.014000,59.0,2.0,,,0 days 00:00:23.717000,0 days 00:00:31.230000,0 days 00:00:26.067000,0 days 01:54:20.143000,0 days 01:54:51.373000,0 days 01:55:17.440000,268.0,196.0,295.0,292.0,True,MEDIUM,31.0,True,AlphaTauri,0 days 01:53:56.394000,,1,6.0,,,False,True
0 days 01:56:38.386000,GAS,10,0 days 00:01:20.978000,60.0,2.0,,,0 days 00:00:23.639000,0 days 00:00:31.173000,0 days 00:00:26.166000,0 days 01:55:41.079000,0 days 01:56:12.252000,0 days 01:56:38.418000,276.0,197.0,296.0,297.0,True,MEDIUM,32.0,True,AlphaTauri,0 days 01:55:17.408000,,1,6.0,,,False,True
0 days 01:57:59.182000,GAS,10,0 days 00:01:20.796000,61.0,2.0,,,0 days 00:00:23.676000,0 days 00:00:31.001000,0 days 00:00:26.119000,0 days 01:57:02.094000,0 days 01:57:33.095000,0 days 01:57:59.214000,274.0,195.0,296.0,302.0,True,MEDIUM,33.0,True,AlphaTauri,0 days 01:56:38.386000,,1,6.0,,,False,True
0 days 01:59:20.001000,GAS,10,0 days 00:01:20.819000,62.0,2.0,,,0 days 00:00:23.770000,0 days 00:00:31.183000,0 days 00:00:25.866000,0 days 01:58:22.984000,0 days 01:58:54.167000,0 days 01:59:20.033000,276.0,195.0,310.0,299.0,False,MEDIUM,34.0,True,AlphaTauri,0 days 01:57:59.182000,,1,6.0,,,False,True
0 days 02:00:41.950000,GAS,10,0 days 00:01:21.949000,63.0,2.0,,,0 days 00:00:24.561000,0 days 00:00:31.142000,0 days 00:00:26.246000,0 days 01:59:44.594000,0 days 02:00:15.736000,0 days 02:00:41.982000,278.0,197.0,310.0,299.0,False,MEDIUM,35.0,True,AlphaTauri,0 days 01:59:20.001000,,1,6.0,,,False,True
0 days 02:02:03.215000,GAS,10,0 days 00:01:21.265000,64.0,2.0,,,0 days 00:00:23.852000,0 days 00:00:31.178000,0 days 00:00:26.235000,0 days 02:01:05.834000,0 days 02:01:37.012000,0 days 02:02:03.247000,276.0,199.0,294.0,329.0,False,MEDIUM,36.0,True,AlphaTauri,0 days 02:00:41.950000,,1,5.0,,,False,True
0 days 02:03:23.766000,GAS,10,0 days 00:01:20.551000,65.0,2.0,,,0 days 00:00:23.624000,0 days 00:00:30.859000,0 days 00:00:26.068000,0 days 02:02:26.871000,0 days 02:02:57.730000,0 days 02:03:23.798000,275.0,196.0,294.0,296.0,True,MEDIUM,37.0,True,AlphaTauri,0 days 02:02:03.215000,,1,5.0,,,False,True
0 days 00:34:46.928000,SAI,55,0 days 00:01:37.026000,1.0,1.0,,,,0 days 00:00:37.729000,0 days 00:00:29.550000,,0 days 00:34:17.525000,0 days 00:34:47.178000,259.0,160.0,292.0,247.0,False,SOFT,6.0,False,McLaren,0 days 00:33:09.808000,,12,2.0,,,False,False
0 days 00:36:12.045000,SAI,55,0 days 00:01:25.117000,2.0,1.0,,,0 days 00:00:25.398000,0 days 00:00:32.534000,0 days 00:00:27.185000,0 days 00:35:12.349000,0 days 00:35:44.883000,0 days 00:36:12.068000,272.0,188.0,290.0,296.0,True,SOFT,7.0,False,McLaren,0 days 00:34:46.928000,,1,1.0,,,False,True
0 days 00:37:35.511000,SAI,55,0 days 00:01:23.466000,3.0,1.0,,,0 days 00:00:24.551000,0 days 00:00:31.985000,0 days 00:00:26.930000,0 days 00:36:36.619000,0 days 00:37:08.604000,0 days 00:37:35.534000,266.0,190.0,286.0,282.0,True,SOFT,8.0,False,McLaren,0 days 00:36:12.045000,,1,1.0,,,False,True
0 days 00:38:59.187000,SAI,55,0 days 00:01:23.676000,4.0,1.0,,,0 days 00:00:24.794000,0 days 00:00:31.922000,0 days 00:00:26.960000,0 days 00:38:00.328000,0 days 00:38:32.250000,0 days 00:38:59.210000,260.0,187.0,291.0,280.0,False,SOFT,9.0,False,McLaren,0 days 00:37:35.511000,,1,1.0,,,False,True
0 days 00:40:22.944000,SAI,55,0 days 00:01:23.757000,5.0,1.0,,,0 days 00:00:24.710000,0 days 00:00:31.994000,0 days 00:00:27.053000,0 days 00:39:23.920000,0 days 00:39:55.914000,0 days 00:40:22.967000,262.0,185.0,291.0,280.0,False,SOFT,10.0,False,McLaren,0 days 00:38:59.187000,,1,1.0,,,False,True
0 days 00:41:47.763000,SAI,55,0 days 00:01:24.819000,6.0,1.0,,,0 days 00:00:25.317000,0 days 00:00:32.139000,0 days 00:00:27.363000,0 days 00:40:48.284000,0 days 00:41:20.423000,0 days 00:41:47.786000,263.0,189.0,294.0,295.0,False,SOFT,11.0,False,McLaren,0 days 00:40:22.944000,,1,2.0,,,False,True
0 days 00:43:12.295000,SAI,55,0 days 00:01:24.532000,7.0,1.0,,,0 days 00:00:24.889000,0 days 00:00:32.344000,0 days 00:00:27.299000,0 days 00:42:12.675000,0 days 00:42:45.019000,0 days 00:43:12.318000,265.0,183.0,291.0,303.0,False,SOFT,12.0,False,McLaren,0 days 00:41:47.763000,,1,3.0,,,False,True
0 days 00:44:36.849000,SAI,55,0 days 00:01:24.554000,8.0,1.0,,,0 days 00:00:25.137000,0 days 00:00:32.262000,0 days 00:00:27.155000,0 days 00:43:37.455000,0 days 00:44:09.717000,0 days 00:44:36.872000,263.0,183.0,293.0,290.0,False,SOFT,13.0,False,McLaren,0 days 00:43:12.295000,,1,4.0,,,False,True
0 days 00:46:00.665000,SAI,55,0 days 00:01:23.816000,9.0,1.0,,,0 days 00:00:24.620000,0 days 00:00:32.003000,0 days 00:00:27.193000,0 days 00:45:01.492000,0 days 00:45:33.495000,0 days 00:46:00.688000,262.0,185.0,293.0,289.0,False,SOFT,14.0,False,McLaren,0 days 00:44:36.849000,,1,4.0,,,False,True
0 days 00:47:24.652000,SAI,55,0 days 00:01:23.987000,10.0,1.0,,,0 days 00:00:24.572000,0 days 00:00:31.974000,0 days 00:00:27.441000,0 days 00:46:25.260000,0 days 00:46:57.234000,0 days 00:47:24.675000,263.0,185.0,291.0,288.0,False,SOFT,15.0,False,McLaren,0 days 00:46:00.665000,,1,4.0,,,False,True
0 days 00:48:48.223000,SAI,55,0 days 00:01:23.571000,11.0,1.0,,,0 days 00:00:24.414000,0 days 00:00:31.996000,0 days 00:00:27.161000,0 days 00:47:49.089000,0 days 00:48:21.085000,0 days 00:48:48.246000,263.0,186.0,293.0,301.0,False,SOFT,16.0,False,McLaren,0 days 00:47:24.652000,,1,4.0,,,False,True
0 days 00:50:13.117000,SAI,55,0 days 00:01:24.894000,12.0,1.0,,,0 days 00:00:25.150000,0 days 00:00:32.386000,0 days 00:00:27.358000,0 days 00:49:13.396000,0 days 00:49:45.782000,0 days 00:50:13.140000,261.0,183.0,292.0,296.0,False,SOFT,17.0,False,McLaren,0 days 00:48:48.223000,,1,5.0,,,False,True
0 days 00:51:36.996000,SAI,55,0 days 00:01:23.879000,13.0,1.0,,,0 days 00:00:24.583000,0 days 00:00:32.078000,0 days 00:00:27.218000,0 days 00:50:37.723000,0 days 00:51:09.801000,0 days 00:51:37.019000,263.0,186.0,291.0,289.0,False,SOFT,18.0,False,McLaren,0 days 00:50:13.117000,,1,5.0,,,False,True
0 days 00:53:00.563000,SAI,55,0 days 00:01:23.567000,14.0,1.0,,,0 days 00:00:24.452000,0 days 00:00:31.998000,0 days 00:00:27.117000,0 days 00:52:01.471000,0 days 00:52:33.469000,0 days 00:53:00.586000,264.0,182.0,294.0,288.0,False,SOFT,19.0,False,McLaren,0 days 00:51:36.996000,,1,5.0,,,False,True
0 days 00:54:24.115000,SAI,55,0 days 00:01:23.552000,15.0,1.0,,,0 days 00:00:24.491000,0 days 00:00:31.971000,0 days 00:00:27.090000,0 days 00:53:25.077000,0 days 00:53:57.048000,0 days 00:54:24.138000,263.0,185.0,292.0,286.0,False,SOFT,20.0,False,McLaren,0 days 00:53:00.563000,,1,5.0,,,False,True
0 days 00:55:47.596000,SAI,55,0 days 00:01:23.481000,16.0,1.0,,,0 days 00:00:24.403000,0 days 00:00:31.968000,0 days 00:00:27.110000,0 days 00:54:48.541000,0 days 00:55:20.509000,0 days 00:55:47.619000,265.0,186.0,291.0,286.0,False,SOFT,21.0,False,McLaren,0 days 00:54:24.115000,,1,5.0,,,False,True
0 days 00:57:10.748000,SAI,55,0 days 00:01:23.152000,17.0,1.0,,,0 days 00:00:24.596000,0 days 00:00:31.672000,0 days 00:00:26.884000,0 days 00:56:12.215000,0 days 00:56:43.887000,0 days 00:57:10.771000,265.0,183.0,292.0,300.0,True,SOFT,22.0,False,McLaren,0 days 00:55:47.596000,,1,5.0,,,False,True
0 days 00:58:34.002000,SAI,55,0 days 00:01:23.254000,18.0,1.0,,,0 days 00:00:24.214000,0 days 00:00:31.781000,0 days 00:00:27.259000,0 days 00:57:34.985000,0 days 00:58:06.766000,0 days 00:58:34.025000,263.0,187.0,293.0,286.0,False,SOFT,23.0,False,McLaren,0 days 00:57:10.748000,,1,5.0,,,False,True
0 days 00:59:56.972000,SAI,55,0 days 00:01:22.970000,19.0,1.0,,,0 days 00:00:24.137000,0 days 00:00:31.694000,0 days 00:00:27.139000,0 days 00:58:58.162000,0 days 00:59:29.856000,0 days 00:59:56.995000,263.0,187.0,291.0,302.0,True,SOFT,24.0,False,McLaren,0 days 00:58:34.002000,,1,5.0,,,False,True
0 days 01:01:21.954000,SAI,55,0 days 00:01:24.982000,20.0,1.0,,,0 days 00:00:25.241000,0 days 00:00:32.506000,0 days 00:00:27.235000,0 days 01:00:22.236000,0 days 01:00:54.742000,0 days 01:01:21.977000,265.0,183.0,294.0,299.0,False,SOFT,25.0,False,McLaren,0 days 00:59:56.972000,,1,6.0,,,False,True
0 days 01:02:46.159000,SAI,55,0 days 00:01:24.205000,21.0,1.0,,,0 days 00:00:24.520000,0 days 00:00:32.209000,0 days 00:00:27.476000,0 days 01:01:46.497000,0 days 01:02:18.706000,0 days 01:02:46.182000,262.0,182.0,293.0,288.0,False,SOFT,26.0,False,McLaren,0 days 01:01:21.954000,,1,6.0,,,False,True
0 days 01:04:09.812000,SAI,55,0 days 00:01:23.653000,22.0,1.0,,,0 days 00:00:24.561000,0 days 00:00:31.959000,0 days 00:00:27.133000,0 days 01:03:10.743000,0 days 01:03:42.702000,0 days 01:04:09.835000,262.0,178.0,295.0,285.0,False,SOFT,27.0,False,McLaren,0 days 01:02:46.159000,,1,6.0,,,False,True
0 days 01:05:33.028000,SAI,55,0 days 00:01:23.216000,23.0,1.0,,,0 days 00:00:24.400000,0 days 00:00:31.811000,0 days 00:00:27.005000,0 days 01:04:34.235000,0 days 01:05:06.046000,0 days 01:05:33.051000,263.0,187.0,294.0,288.0,False,SOFT,28.0,False,McLaren,0 days 01:04:09.812000,,1,6.0,,,False,True
0 days 01:06:56.341000,SAI,55,0 days 00:01:23.313000,24.0,1.0,,,0 days 00:00:24.275000,0 days 00:00:32.031000,0 days 00:00:27.007000,0 days 01:05:57.326000,0 days 01:06:29.357000,0 days 01:06:56.364000,265.0,182.0,294.0,291.0,False,SOFT,29.0,False,McLaren,0 days 01:05:33.028000,,1,5.0,,,False,True
0 days 01:08:19.871000,SAI,55,0 days 00:01:23.530000,25.0,1.0,,,0 days 00:00:24.303000,0 days 00:00:32.078000,0 days 00:00:27.149000,0 days 01:07:20.667000,0 days 01:07:52.745000,0 days 01:08:19.894000,267.0,180.0,293.0,288.0,False,SOFT,30.0,False,McLaren,0 days 01:06:56.341000,,1,5.0,,,False,True
0 days 01:09:48.055000,SAI,55,0 days 00:01:28.184000,26.0,1.0,,0 days 01:09:44.791000,0 days 00:00:24.351000,0 days 00:00:32.718000,0 days 00:00:31.115000,0 days 01:08:44.245000,0 days 01:09:16.963000,0 days 01:09:48.078000,268.0,183.0,,287.0,False,SOFT,31.0,False,McLaren,0 days 01:08:19.871000,,1,6.0,,,False,False
0 days 01:11:33.868000,SAI,55,0 days 00:01:45.813000,27.0,2.0,0 days 01:10:12.070000,,0 days 00:00:46.865000,0 days 00:00:32.028000,0 days 00:00:26.920000,0 days 01:10:34.943000,0 days 01:11:06.971000,0 days 01:11:33.891000,260.0,186.0,296.0,287.0,False,MEDIUM,1.0,True,McLaren,0 days 01:09:48.055000,,1,14.0,,,False,False
0 days 01:12:55.812000,SAI,55,0 days 00:01:21.944000,28.0,2.0,,,0 days 00:00:23.769000,0 days 00:00:31.465000,0 days 00:00:26.710000,0 days 01:11:57.660000,0 days 01:12:29.125000,0 days 01:12:55.835000,269.0,189.0,296.0,298.0,True,MEDIUM,2.0,True,McLaren,0 days 01:11:33.868000,,1,13.0,,,False,True
0 days 01:14:18.631000,SAI,55,0 days 00:01:22.819000,29.0,2.0,,,0 days 00:00:24.180000,0 days 00:00:31.971000,0 days 00:00:26.668000,0 days 01:13:20.015000,0 days 01:13:51.986000,0 days 01:14:18.654000,270.0,187.0,315.0,296.0,False,MEDIUM,3.0,True,McLaren,0 days 01:12:55.812000,,1,12.0,,,False,True
0 days 01:15:40.485000,SAI,55,0 days 00:01:21.854000,30.0,2.0,,,0 days 00:00:23.573000,0 days 00:00:31.587000,0 days 00:00:26.694000,0 days 01:14:42.227000,0 days 01:15:13.814000,0 days 01:15:40.508000,268.0,192.0,310.0,328.0,True,MEDIUM,4.0,True,McLaren,0 days 01:14:18.631000,,1,11.0,,,False,True
0 days 01:17:02.776000,SAI,55,0 days 00:01:22.291000,31.0,2.0,,,0 days 00:00:23.930000,0 days 00:00:31.739000,0 days 00:00:26.622000,0 days 01:16:04.438000,0 days 01:16:36.177000,0 days 01:17:02.799000,268.0,190.0,311.0,321.0,False,MEDIUM,5.0,True,McLaren,0 days 01:15:40.485000,,1,11.0,,,False,True
0 days 01:18:26.683000,SAI,55,0 days 00:01:23.907000,32.0,2.0,,,0 days 00:00:24.506000,0 days 00:00:32.612000,0 days 00:00:26.789000,0 days 01:17:27.305000,0 days 01:17:59.917000,0 days 01:18:26.706000,275.0,185.0,312.0,336.0,False,MEDIUM,6.0,True,McLaren,0 days 01:17:02.776000,,1,11.0,,,False,True
0 days 01:19:48.398000,SAI,55,0 days 00:01:21.715000,33.0,2.0,,,0 days 00:00:23.405000,0 days 00:00:31.459000,0 days 00:00:26.851000,0 days 01:18:50.111000,0 days 01:19:21.570000,0 days 01:19:48.421000,267.0,191.0,296.0,327.0,True,MEDIUM,7.0,True,McLaren,0 days 01:18:26.683000,,1,10.0,,,False,True
0 days 01:21:12.019000,SAI,55,0 days 00:01:23.621000,34.0,2.0,,,0 days 00:00:25.120000,0 days 00:00:31.671000,0 days 00:00:26.830000,0 days 01:20:13.541000,0 days 01:20:45.212000,0 days 01:21:12.042000,263.0,192.0,295.0,278.0,False,MEDIUM,8.0,True,McLaren,0 days 01:19:48.398000,,1,10.0,,,False,True
0 days 01:22:34.673000,SAI,55,0 days 00:01:22.654000,35.0,2.0,,,0 days 00:00:24.016000,0 days 00:00:31.931000,0 days 00:00:26.707000,0 days 01:21:36.058000,0 days 01:22:07.989000,0 days 01:22:34.696000,266.0,191.0,294.0,291.0,False,MEDIUM,9.0,True,McLaren,0 days 01:21:12.019000,,1,10.0,,,False,True
0 days 01:23:56.965000,SAI,55,0 days 00:01:22.292000,36.0,2.0,,,0 days 00:00:24.005000,0 days 00:00:31.519000,0 days 00:00:26.768000,0 days 01:22:58.701000,0 days 01:23:30.220000,0 days 01:23:56.988000,263.0,194.0,295.0,290.0,False,MEDIUM,10.0,True,McLaren,0 days 01:22:34.673000,,1,10.0,,,False,True
0 days 01:25:19.355000,SAI,55,0 days 00:01:22.390000,37.0,2.0,,,0 days 00:00:24.033000,0 days 00:00:31.711000,0 days 00:00:26.646000,0 days 01:24:21.021000,0 days 01:24:52.732000,0 days 01:25:19.378000,264.0,195.0,298.0,290.0,False,MEDIUM,11.0,True,McLaren,0 days 01:23:56.965000,,1,9.0,,,False,True
0 days 01:26:41.345000,SAI,55,0 days 00:01:21.990000,38.0,2.0,,,0 days 00:00:23.889000,0 days 00:00:31.513000,0 days 00:00:26.588000,0 days 01:25:43.267000,0 days 01:26:14.780000,0 days 01:26:41.368000,268.0,191.0,311.0,297.0,False,MEDIUM,12.0,True,McLaren,0 days 01:25:19.355000,,1,9.0,,,False,True
0 days 01:28:03.489000,SAI,55,0 days 00:01:22.144000,39.0,2.0,,,0 days 00:00:23.810000,0 days 00:00:31.737000,0 days 00:00:26.597000,0 days 01:27:05.178000,0 days 01:27:36.915000,0 days 01:28:03.512000,271.0,191.0,313.0,328.0,False,MEDIUM,13.0,True,McLaren,0 days 01:26:41.345000,,1,9.0,,,False,True
0 days 01:29:27.399000,SAI,55,0 days 00:01:23.910000,40.0,2.0,,,0 days 00:00:24.042000,0 days 00:00:33.172000,0 days 00:00:26.696000,0 days 01:28:27.554000,0 days 01:29:00.726000,0 days 01:29:27.422000,270.0,193.0,296.0,340.0,False,MEDIUM,14.0,True,McLaren,0 days 01:28:03.489000,,1,9.0,,,False,True
0 days 01:30:49.401000,SAI,55,0 days 00:01:22.002000,41.0,2.0,,,0 days 00:00:23.678000,0 days 00:00:31.298000,0 days 00:00:27.026000,0 days 01:29:51.100000,0 days 01:30:22.398000,0 days 01:30:49.424000,267.0,194.0,295.0,295.0,False,MEDIUM,15.0,True,McLaren,0 days 01:29:27.399000,,1,9.0,,,False,True
0 days 01:32:11.420000,SAI,55,0 days 00:01:22.019000,42.0,2.0,,,0 days 00:00:23.847000,0 days 00:00:31.309000,0 days 00:00:26.863000,0 days 01:31:13.271000,0 days 01:31:44.580000,0 days 01:32:11.443000,265.0,194.0,295.0,291.0,False,MEDIUM,16.0,True,McLaren,0 days 01:30:49.401000,,1,9.0,,,False,True
0 days 01:33:33.196000,SAI,55,0 days 00:01:21.776000,43.0,2.0,,,0 days 00:00:23.788000,0 days 00:00:31.274000,0 days 00:00:26.714000,0 days 01:32:35.231000,0 days 01:33:06.505000,0 days 01:33:33.219000,266.0,193.0,294.0,291.0,False,MEDIUM,17.0,True,McLaren,0 days 01:32:11.420000,,1,9.0,,,False,True
0 days 01:34:55.003000,SAI,55,0 days 00:01:21.807000,44.0,2.0,,,0 days 00:00:23.913000,0 days 00:00:31.372000,0 days 00:00:26.522000,0 days 01:33:57.132000,0 days 01:34:28.504000,0 days 01:34:55.026000,267.0,192.0,296.0,290.0,False,MEDIUM,18.0,True,McLaren,0 days 01:33:33.196000,,1,9.0,,,False,True
0 days 01:36:16.876000,SAI,55,0 days 00:01:21.873000,45.0,2.0,,,0 days 00:00:23.969000,0 days 00:00:31.485000,0 days 00:00:26.419000,0 days 01:35:18.995000,0 days 01:35:50.480000,0 days 01:36:16.899000,267.0,193.0,312.0,289.0,False,MEDIUM,19.0,True,McLaren,0 days 01:34:55.003000,,1,9.0,,,False,True
0 days 01:37:38.801000,SAI,55,0 days 00:01:21.925000,46.0,2.0,,,0 days 00:00:23.873000,0 days 00:00:31.671000,0 days 00:00:26.381000,0 days 01:36:40.772000,0 days 01:37:12.443000,0 days 01:37:38.824000,270.0,194.0,315.0,324.0,False,MEDIUM,20.0,True,McLaren,0 days 01:36:16.876000,,1,9.0,,,False,True
0 days 01:38:59.782000,SAI,55,0 days 00:01:20.981000,47.0,2.0,,,0 days 00:00:23.209000,0 days 00:00:31.419000,0 days 00:00:26.353000,0 days 01:38:02.033000,0 days 01:38:33.452000,0 days 01:38:59.805000,271.0,193.0,299.0,329.0,True,MEDIUM,21.0,True,McLaren,0 days 01:37:38.801000,,1,8.0,,,False,True
0 days 01:40:21.172000,SAI,55,0 days 00:01:21.390000,48.0,2.0,,,0 days 00:00:23.670000,0 days 00:00:31.288000,0 days 00:00:26.432000,0 days 01:39:23.475000,0 days 01:39:54.763000,0 days 01:40:21.195000,271.0,194.0,298.0,297.0,False,MEDIUM,22.0,True,McLaren,0 days 01:38:59.782000,,1,8.0,,,False,True
0 days 01:41:42.857000,SAI,55,0 days 00:01:21.685000,49.0,2.0,,,0 days 00:00:23.845000,0 days 00:00:31.185000,0 days 00:00:26.655000,0 days 01:40:45.040000,0 days 01:41:16.225000,0 days 01:41:42.880000,267.0,192.0,296.0,297.0,False,MEDIUM,23.0,True,McLaren,0 days 01:40:21.172000,,1,8.0,,,False,True
0 days 01:43:04.983000,SAI,55,0 days 00:01:22.126000,50.0,2.0,,,0 days 00:00:23.907000,0 days 00:00:31.333000,0 days 00:00:26.886000,0 days 01:42:06.787000,0 days 01:42:38.120000,0 days 01:43:05.006000,265.0,194.0,297.0,292.0,False,MEDIUM,24.0,True,McLaren,0 days 01:41:42.857000,,1,8.0,,,False,True
0 days 01:44:26.628000,SAI,55,0 days 00:01:21.645000,51.0,2.0,,,0 days 00:00:23.813000,0 days 00:00:31.234000,0 days 00:00:26.598000,0 days 01:43:28.819000,0 days 01:44:00.053000,0 days 01:44:26.651000,263.0,195.0,296.0,290.0,False,MEDIUM,25.0,True,McLaren,0 days 01:43:04.983000,,1,8.0,,,False,True
0 days 01:45:48.089000,SAI,55,0 days 00:01:21.461000,52.0,2.0,,,0 days 00:00:23.791000,0 days 00:00:31.174000,0 days 00:00:26.496000,0 days 01:44:50.442000,0 days 01:45:21.616000,0 days 01:45:48.112000,266.0,192.0,296.0,288.0,False,MEDIUM,26.0,True,McLaren,0 days 01:44:26.628000,,1,8.0,,,False,True
0 days 01:47:09.625000,SAI,55,0 days 00:01:21.536000,53.0,2.0,,,0 days 00:00:23.784000,0 days 00:00:31.259000,0 days 00:00:26.493000,0 days 01:46:11.896000,0 days 01:46:43.155000,0 days 01:47:09.648000,266.0,196.0,295.0,292.0,False,MEDIUM,27.0,True,McLaren,0 days 01:45:48.089000,,1,8.0,,,False,True
0 days 01:48:32.807000,SAI,55,0 days 00:01:23.182000,54.0,2.0,,,0 days 00:00:23.794000,0 days 00:00:32.870000,0 days 00:00:26.518000,0 days 01:47:33.442000,0 days 01:48:06.312000,0 days 01:48:32.830000,265.0,187.0,295.0,290.0,False,MEDIUM,28.0,True,McLaren,0 days 01:47:09.625000,,1,7.0,,,False,True
0 days 01:49:53.916000,SAI,55,0 days 00:01:21.109000,55.0,2.0,,,0 days 00:00:23.726000,0 days 00:00:31.204000,0 days 00:00:26.179000,0 days 01:48:56.556000,0 days 01:49:27.760000,0 days 01:49:53.939000,269.0,195.0,312.0,291.0,False,MEDIUM,29.0,True,McLaren,0 days 01:48:32.807000,,1,7.0,,,False,True
0 days 01:51:15.716000,SAI,55,0 days 00:01:21.800000,56.0,2.0,,,0 days 00:00:23.628000,0 days 00:00:31.595000,0 days 00:00:26.577000,0 days 01:50:17.567000,0 days 01:50:49.162000,0 days 01:51:15.739000,274.0,185.0,296.0,333.0,False,MEDIUM,30.0,True,McLaren,0 days 01:49:53.916000,,1,7.0,,,False,True
0 days 01:52:37.062000,SAI,55,0 days 00:01:21.346000,57.0,2.0,,,0 days 00:00:23.690000,0 days 00:00:31.202000,0 days 00:00:26.454000,0 days 01:51:39.429000,0 days 01:52:10.631000,0 days 01:52:37.085000,268.0,196.0,297.0,291.0,False,MEDIUM,31.0,True,McLaren,0 days 01:51:15.716000,,1,7.0,,,False,True
0 days 01:53:57.972000,SAI,55,0 days 00:01:20.910000,58.0,2.0,,,0 days 00:00:23.758000,0 days 00:00:30.986000,0 days 00:00:26.166000,0 days 01:53:00.843000,0 days 01:53:31.829000,0 days 01:53:57.995000,267.0,198.0,295.0,294.0,True,MEDIUM,32.0,True,McLaren,0 days 01:52:37.062000,,1,7.0,,,False,True
0 days 01:55:18.815000,SAI,55,0 days 00:01:20.843000,59.0,2.0,,,0 days 00:00:23.538000,0 days 00:00:31.085000,0 days 00:00:26.220000,0 days 01:54:21.533000,0 days 01:54:52.618000,0 days 01:55:18.838000,269.0,195.0,299.0,293.0,True,MEDIUM,33.0,True,McLaren,0 days 01:53:57.972000,,1,7.0,,,False,True
0 days 01:56:39.651000,SAI,55,0 days 00:01:20.836000,60.0,2.0,,,0 days 00:00:23.617000,0 days 00:00:31.076000,0 days 00:00:26.143000,0 days 01:55:42.455000,0 days 01:56:13.531000,0 days 01:56:39.674000,270.0,197.0,298.0,293.0,True,MEDIUM,34.0,True,McLaren,0 days 01:55:18.815000,,1,7.0,,,False,True
0 days 01:58:00.271000,SAI,55,0 days 00:01:20.620000,61.0,2.0,,,0 days 00:00:23.615000,0 days 00:00:30.838000,0 days 00:00:26.167000,0 days 01:57:03.289000,0 days 01:57:34.127000,0 days 01:58:00.294000,268.0,198.0,298.0,298.0,True,MEDIUM,35.0,True,McLaren,0 days 01:56:39.651000,,1,7.0,,,False,True
0 days 01:59:21.332000,SAI,55,0 days 00:01:21.061000,62.0,2.0,,,0 days 00:00:23.819000,0 days 00:00:30.980000,0 days 00:00:26.262000,0 days 01:58:24.113000,0 days 01:58:55.093000,0 days 01:59:21.355000,269.0,192.0,299.0,295.0,False,MEDIUM,36.0,True,McLaren,0 days 01:58:00.271000,,1,7.0,,,False,True
0 days 02:00:42.849000,SAI,55,0 days 00:01:21.517000,63.0,2.0,,,0 days 00:00:23.908000,0 days 00:00:31.201000,0 days 00:00:26.408000,0 days 01:59:45.263000,0 days 02:00:16.464000,0 days 02:00:42.872000,271.0,196.0,313.0,295.0,False,MEDIUM,37.0,True,McLaren,0 days 01:59:21.332000,,1,7.0,,,False,True
0 days 02:02:04.914000,SAI,55,0 days 00:01:22.065000,64.0,2.0,,,0 days 00:00:23.790000,0 days 00:00:31.806000,0 days 00:00:26.469000,0 days 02:01:06.662000,0 days 02:01:38.468000,0 days 02:02:04.937000,273.0,196.0,315.0,324.0,False,MEDIUM,38.0,True,McLaren,0 days 02:00:42.849000,,1,7.0,,,False,True
0 days 02:03:25.182000,SAI,55,0 days 00:01:20.268000,65.0,2.0,,,0 days 00:00:22.979000,0 days 00:00:31.122000,0 days 00:00:26.167000,0 days 02:02:27.916000,0 days 02:02:59.038000,0 days 02:03:25.205000,271.0,196.0,298.0,333.0,True,MEDIUM,39.0,True,McLaren,0 days 02:02:04.914000,,1,6.0,,,False,True
0 days 00:34:57.348000,PER,11,0 days 00:01:47.446000,1.0,1.0,,0 days 00:34:54.617000,,0 days 00:00:35.040000,0 days 00:00:32.853000,,0 days 00:34:24.654000,0 days 00:34:57.519000,220.0,176.0,,244.0,False,SOFT,5.0,False,Racing Point,0 days 00:33:09.808000,,12,20.0,,,False,False
0 days 00:36:43.237000,PER,11,0 days 00:01:45.889000,2.0,2.0,0 days 00:35:20.742000,,0 days 00:00:45.856000,0 days 00:00:32.790000,0 days 00:00:27.243000,0 days 00:35:43.223000,0 days 00:36:16.013000,0 days 00:36:43.256000,267.0,186.0,291.0,244.0,False,MEDIUM,1.0,True,Racing Point,0 days 00:34:57.348000,,1,20.0,,,False,False
0 days 00:38:07.232000,PER,11,0 days 00:01:23.995000,3.0,2.0,,,0 days 00:00:24.745000,0 days 00:00:32.343000,0 days 00:00:26.907000,0 days 00:37:08.001000,0 days 00:37:40.344000,0 days 00:38:07.251000,264.0,187.0,291.0,300.0,True,MEDIUM,2.0,True,Racing Point,0 days 00:36:43.237000,,1,20.0,,,False,True
0 days 00:39:30.290000,PER,11,0 days 00:01:23.058000,4.0,2.0,,,0 days 00:00:24.420000,0 days 00:00:31.843000,0 days 00:00:26.795000,0 days 00:38:31.671000,0 days 00:39:03.514000,0 days 00:39:30.309000,272.0,189.0,291.0,298.0,True,MEDIUM,3.0,True,Racing Point,0 days 00:38:07.232000,,1,20.0,,,False,True
0 days 00:40:53.242000,PER,11,0 days 00:01:22.952000,5.0,2.0,,,0 days 00:00:24.156000,0 days 00:00:31.909000,0 days 00:00:26.887000,0 days 00:39:54.465000,0 days 00:40:26.374000,0 days 00:40:53.261000,266.0,189.0,290.0,297.0,True,MEDIUM,4.0,True,Racing Point,0 days 00:39:30.290000,,1,20.0,,,False,True
0 days 00:42:15.934000,PER,11,0 days 00:01:22.692000,6.0,2.0,,,0 days 00:00:24.113000,0 days 00:00:31.669000,0 days 00:00:26.910000,0 days 00:41:17.374000,0 days 00:41:49.043000,0 days 00:42:15.953000,271.0,191.0,292.0,290.0,True,MEDIUM,5.0,True,Racing Point,0 days 00:40:53.242000,,1,20.0,,,False,True
0 days 00:43:38.753000,PER,11,0 days 00:01:22.819000,7.0,2.0,,,0 days 00:00:24.258000,0 days 00:00:31.679000,0 days 00:00:26.882000,0 days 00:42:40.211000,0 days 00:43:11.890000,0 days 00:43:38.772000,271.0,186.0,291.0,294.0,False,MEDIUM,6.0,True,Racing Point,0 days 00:42:15.934000,,1,20.0,,,False,True
0 days 00:45:01.462000,PER,11,0 days 00:01:22.709000,8.0,2.0,,,0 days 00:00:24.296000,0 days 00:00:31.826000,0 days 00:00:26.587000,0 days 00:44:03.068000,0 days 00:44:34.894000,0 days 00:45:01.481000,270.0,189.0,293.0,291.0,False,MEDIUM,7.0,True,Racing Point,0 days 00:43:38.753000,,1,20.0,,,False,True
0 days 00:46:24.545000,PER,11,0 days 00:01:23.083000,9.0,2.0,,,0 days 00:00:24.329000,0 days 00:00:31.828000,0 days 00:00:26.926000,0 days 00:45:25.810000,0 days 00:45:57.638000,0 days 00:46:24.564000,270.0,186.0,294.0,293.0,False,MEDIUM,8.0,True,Racing Point,0 days 00:45:01.462000,,1,20.0,,,False,True
0 days 00:47:47.164000,PER,11,0 days 00:01:22.619000,10.0,2.0,,,0 days 00:00:24.231000,0 days 00:00:31.486000,0 days 00:00:26.902000,0 days 00:46:48.795000,0 days 00:47:20.281000,0 days 00:47:47.183000,269.0,189.0,295.0,295.0,True,MEDIUM,9.0,True,Racing Point,0 days 00:46:24.545000,,1,20.0,,,False,True
0 days 00:49:09.887000,PER,11,0 days 00:01:22.723000,11.0,2.0,,,0 days 00:00:24.217000,0 days 00:00:31.813000,0 days 00:00:26.693000,0 days 00:48:11.400000,0 days 00:48:43.213000,0 days 00:49:09.906000,263.0,187.0,297.0,299.0,False,MEDIUM,10.0,True,Racing Point,0 days 00:47:47.164000,,1,20.0,,,False,True
0 days 00:50:33.024000,PER,11,0 days 00:01:23.137000,12.0,2.0,,,0 days 00:00:24.286000,0 days 00:00:32.180000,0 days 00:00:26.671000,0 days 00:49:34.192000,0 days 00:50:06.372000,0 days 00:50:33.043000,272.0,189.0,312.0,305.0,False,MEDIUM,11.0,True,Racing Point,0 days 00:49:09.887000,,1,19.0,,,False,True
0 days 00:51:56.393000,PER,11,0 days 00:01:23.369000,13.0,2.0,,,0 days 00:00:24.398000,0 days 00:00:32.163000,0 days 00:00:26.808000,0 days 00:50:57.441000,0 days 00:51:29.604000,0 days 00:51:56.412000,277.0,190.0,296.0,337.0,False,MEDIUM,12.0,True,Racing Point,0 days 00:50:33.024000,,1,18.0,,,False,True
0 days 00:53:19.750000,PER,11,0 days 00:01:23.357000,14.0,2.0,,,0 days 00:00:24.353000,0 days 00:00:32.209000,0 days 00:00:26.795000,0 days 00:52:20.765000,0 days 00:52:52.974000,0 days 00:53:19.769000,262.0,191.0,313.0,306.0,False,MEDIUM,13.0,True,Racing Point,0 days 00:51:56.393000,,1,18.0,,,False,True
0 days 00:54:42.419000,PER,11,0 days 00:01:22.669000,15.0,2.0,,,0 days 00:00:23.857000,0 days 00:00:31.744000,0 days 00:00:27.068000,0 days 00:53:43.626000,0 days 00:54:15.370000,0 days 00:54:42.438000,264.0,190.0,310.0,327.0,False,MEDIUM,14.0,True,Racing Point,0 days 00:53:19.750000,,1,16.0,,,False,True
0 days 00:56:05.461000,PER,11,0 days 00:01:23.042000,16.0,2.0,,,0 days 00:00:23.927000,0 days 00:00:31.951000,0 days 00:00:27.164000,0 days 00:55:06.365000,0 days 00:55:38.316000,0 days 00:56:05.480000,268.0,188.0,296.0,330.0,False,MEDIUM,15.0,True,Racing Point,0 days 00:54:42.419000,,1,15.0,,,False,True
0 days 00:57:28.781000,PER,11,0 days 00:01:23.320000,17.0,2.0,,,0 days 00:00:24.213000,0 days 00:00:32.076000,0 days 00:00:27.031000,0 days 00:56:29.693000,0 days 00:57:01.769000,0 days 00:57:28.800000,270.0,182.0,311.0,301.0,False,MEDIUM,16.0,True,Racing Point,0 days 00:56:05.461000,,1,15.0,,,False,True
0 days 00:58:52.660000,PER,11,0 days 00:01:23.879000,18.0,2.0,,,0 days 00:00:24.296000,0 days 00:00:32.579000,0 days 00:00:27.004000,0 days 00:57:53.096000,0 days 00:58:25.675000,0 days 00:58:52.679000,266.0,186.0,317.0,338.0,False,MEDIUM,17.0,True,Racing Point,0 days 00:57:28.781000,,1,14.0,,,False,True
0 days 01:00:16.437000,PER,11,0 days 00:01:23.777000,19.0,2.0,,,0 days 00:00:23.939000,0 days 00:00:33.024000,0 days 00:00:26.814000,0 days 00:59:16.618000,0 days 00:59:49.642000,0 days 01:00:16.456000,280.0,187.0,309.0,341.0,False,MEDIUM,18.0,True,Racing Point,0 days 00:58:52.660000,,1,13.0,,,False,True
0 days 01:01:40.168000,PER,11,0 days 00:01:23.731000,20.0,2.0,,,0 days 00:00:24.546000,0 days 00:00:32.350000,0 days 00:00:26.835000,0 days 01:00:41.002000,0 days 01:01:13.352000,0 days 01:01:40.187000,273.0,187.0,310.0,336.0,False,MEDIUM,19.0,True,Racing Point,0 days 01:00:16.437000,,1,12.0,,,False,True
0 days 01:03:03.330000,PER,11,0 days 00:01:23.162000,21.0,2.0,,,0 days 00:00:23.728000,0 days 00:00:32.213000,0 days 00:00:27.221000,0 days 01:02:03.915000,0 days 01:02:36.128000,0 days 01:03:03.349000,266.0,190.0,307.0,336.0,False,MEDIUM,20.0,True,Racing Point,0 days 01:01:40.168000,,1,11.0,,,False,True
0 days 01:04:26.309000,PER,11,0 days 00:01:22.979000,22.0,2.0,,,0 days 00:00:24.052000,0 days 00:00:32.105000,0 days 00:00:26.822000,0 days 01:03:27.401000,0 days 01:03:59.506000,0 days 01:04:26.328000,272.0,192.0,308.0,322.0,False,MEDIUM,21.0,True,Racing Point,0 days 01:03:03.330000,,1,11.0,,,False,True
0 days 01:05:48.217000,PER,11,0 days 00:01:21.908000,23.0,2.0,,,0 days 00:00:23.973000,0 days 00:00:31.265000,0 days 00:00:26.670000,0 days 01:04:50.301000,0 days 01:05:21.566000,0 days 01:05:48.236000,272.0,193.0,295.0,333.0,True,MEDIUM,22.0,True,Racing Point,0 days 01:04:26.309000,,1,10.0,,,False,True
0 days 01:07:10.594000,PER,11,0 days 00:01:22.377000,24.0,2.0,,,0 days 00:00:23.962000,0 days 00:00:31.590000,0 days 00:00:26.825000,0 days 01:06:12.198000,0 days 01:06:43.788000,0 days 01:07:10.613000,272.0,191.0,309.0,294.0,False,MEDIUM,23.0,True,Racing Point,0 days 01:05:48.217000,,1,10.0,,,False,True
0 days 01:08:31.970000,PER,11,0 days 00:01:21.376000,25.0,2.0,,,0 days 00:00:23.663000,0 days 00:00:31.120000,0 days 00:00:26.593000,0 days 01:07:34.276000,0 days 01:08:05.396000,0 days 01:08:31.989000,272.0,192.0,292.0,331.0,True,MEDIUM,24.0,True,Racing Point,0 days 01:07:10.594000,,1,9.0,,,False,True
0 days 01:09:54.260000,PER,11,0 days 00:01:22.290000,26.0,2.0,,,0 days 00:00:24.166000,0 days 00:00:31.285000,0 days 00:00:26.839000,0 days 01:08:56.155000,0 days 01:09:27.440000,0 days 01:09:54.279000,275.0,195.0,293.0,287.0,False,MEDIUM,25.0,True,Racing Point,0 days 01:08:31.970000,,1,9.0,,,False,True
0 days 01:11:16.454000,PER,11,0 days 00:01:22.194000,27.0,2.0,,,0 days 00:00:24.169000,0 days 00:00:31.246000,0 days 00:00:26.779000,0 days 01:10:18.448000,0 days 01:10:49.694000,0 days 01:11:16.473000,270.0,190.0,293.0,291.0,False,MEDIUM,26.0,True,Racing Point,0 days 01:09:54.260000,,1,7.0,,,False,True
0 days 01:12:38.054000,PER,11,0 days 00:01:21.600000,28.0,2.0,,,0 days 00:00:23.902000,0 days 00:00:31.071000,0 days 00:00:26.627000,0 days 01:11:40.375000,0 days 01:12:11.446000,0 days 01:12:38.073000,270.0,195.0,294.0,290.0,False,MEDIUM,27.0,True,Racing Point,0 days 01:11:16.454000,,1,7.0,,,False,True
0 days 01:13:59.560000,PER,11,0 days 00:01:21.506000,29.0,2.0,,,0 days 00:00:24,0 days 00:00:30.961000,0 days 00:00:26.545000,0 days 01:13:02.073000,0 days 01:13:33.034000,0 days 01:13:59.579000,269.0,193.0,292.0,285.0,False,MEDIUM,28.0,True,Racing Point,0 days 01:12:38.054000,,1,6.0,,,False,True
0 days 01:15:20.930000,PER,11,0 days 00:01:21.370000,30.0,2.0,,,0 days 00:00:23.740000,0 days 00:00:31.171000,0 days 00:00:26.459000,0 days 01:14:23.319000,0 days 01:14:54.490000,0 days 01:15:20.949000,269.0,193.0,295.0,294.0,True,MEDIUM,29.0,True,Racing Point,0 days 01:13:59.560000,,1,6.0,,,False,True
0 days 01:16:42.915000,PER,11,0 days 00:01:21.985000,31.0,2.0,,,0 days 00:00:23.935000,0 days 00:00:31.527000,0 days 00:00:26.523000,0 days 01:15:44.884000,0 days 01:16:16.411000,0 days 01:16:42.934000,266.0,190.0,296.0,296.0,False,MEDIUM,30.0,True,Racing Point,0 days 01:15:20.930000,,1,6.0,,,False,True
0 days 01:18:04.735000,PER,11,0 days 00:01:21.820000,32.0,2.0,,,0 days 00:00:23.838000,0 days 00:00:31.431000,0 days 00:00:26.551000,0 days 01:17:06.772000,0 days 01:17:38.203000,0 days 01:18:04.754000,265.0,189.0,296.0,297.0,False,MEDIUM,31.0,True,Racing Point,0 days 01:16:42.915000,,1,6.0,,,False,True
0 days 01:19:26.166000,PER,11,0 days 00:01:21.431000,33.0,2.0,,,0 days 00:00:23.666000,0 days 00:00:31.407000,0 days 00:00:26.358000,0 days 01:18:28.420000,0 days 01:18:59.827000,0 days 01:19:26.185000,272.0,191.0,309.0,307.0,False,MEDIUM,32.0,True,Racing Point,0 days 01:18:04.735000,,1,6.0,,,False,True
0 days 01:20:49.435000,PER,11,0 days 00:01:23.269000,34.0,2.0,,,0 days 00:00:24.105000,0 days 00:00:32.114000,0 days 00:00:27.050000,0 days 01:19:50.290000,0 days 01:20:22.404000,0 days 01:20:49.454000,282.0,189.0,291.0,333.0,False,MEDIUM,33.0,True,Racing Point,0 days 01:19:26.166000,,1,5.0,,,False,True
0 days 01:22:11.227000,PER,11,0 days 00:01:21.792000,35.0,2.0,,,0 days 00:00:23.888000,0 days 00:00:31.331000,0 days 00:00:26.573000,0 days 01:21:13.342000,0 days 01:21:44.673000,0 days 01:22:11.246000,271.0,193.0,292.0,293.0,False,MEDIUM,34.0,True,Racing Point,0 days 01:20:49.435000,,1,5.0,,,False,True
0 days 01:23:33.094000,PER,11,0 days 00:01:21.867000,36.0,2.0,,,0 days 00:00:23.878000,0 days 00:00:31.372000,0 days 00:00:26.617000,0 days 01:22:35.124000,0 days 01:23:06.496000,0 days 01:23:33.113000,267.0,192.0,292.0,295.0,False,MEDIUM,35.0,True,Racing Point,0 days 01:22:11.227000,,1,5.0,,,False,True
0 days 01:24:54.943000,PER,11,0 days 00:01:21.849000,37.0,2.0,,,0 days 00:00:23.903000,0 days 00:00:31.404000,0 days 00:00:26.542000,0 days 01:23:57.016000,0 days 01:24:28.420000,0 days 01:24:54.962000,267.0,191.0,292.0,291.0,False,MEDIUM,36.0,True,Racing Point,0 days 01:23:33.094000,,1,5.0,,,False,True
0 days 01:26:16.623000,PER,11,0 days 00:01:21.680000,38.0,2.0,,,0 days 00:00:23.875000,0 days 00:00:31.249000,0 days 00:00:26.556000,0 days 01:25:18.837000,0 days 01:25:50.086000,0 days 01:26:16.642000,267.0,191.0,292.0,294.0,False,MEDIUM,37.0,True,Racing Point,0 days 01:24:54.943000,,1,5.0,,,False,True
0 days 01:27:38.163000,PER,11,0 days 00:01:21.540000,39.0,2.0,,,0 days 00:00:23.691000,0 days 00:00:31.252000,0 days 00:00:26.597000,0 days 01:26:40.333000,0 days 01:27:11.585000,0 days 01:27:38.182000,271.0,191.0,294.0,292.0,False,MEDIUM,38.0,True,Racing Point,0 days 01:26:16.623000,,1,5.0,,,False,True
0 days 01:28:59.838000,PER,11,0 days 00:01:21.675000,40.0,2.0,,,0 days 00:00:23.862000,0 days 00:00:31.220000,0 days 00:00:26.593000,0 days 01:28:02.044000,0 days 01:28:33.264000,0 days 01:28:59.857000,267.0,193.0,292.0,296.0,False,MEDIUM,39.0,True,Racing Point,0 days 01:27:38.163000,,1,5.0,,,False,True
0 days 01:30:21.591000,PER,11,0 days 00:01:21.753000,41.0,2.0,,,0 days 00:00:23.934000,0 days 00:00:31.167000,0 days 00:00:26.652000,0 days 01:29:23.791000,0 days 01:29:54.958000,0 days 01:30:21.610000,268.0,193.0,293.0,289.0,False,MEDIUM,40.0,True,Racing Point,0 days 01:28:59.838000,,1,5.0,,,False,True
0 days 01:31:43.100000,PER,11,0 days 00:01:21.509000,42.0,2.0,,,0 days 00:00:23.772000,0 days 00:00:31.097000,0 days 00:00:26.640000,0 days 01:30:45.382000,0 days 01:31:16.479000,0 days 01:31:43.119000,274.0,192.0,294.0,296.0,False,MEDIUM,41.0,True,Racing Point,0 days 01:30:21.591000,,1,5.0,,,False,True
0 days 01:33:04.596000,PER,11,0 days 00:01:21.496000,43.0,2.0,,,0 days 00:00:23.828000,0 days 00:00:31.045000,0 days 00:00:26.623000,0 days 01:32:06.947000,0 days 01:32:37.992000,0 days 01:33:04.615000,273.0,192.0,292.0,293.0,False,MEDIUM,42.0,True,Racing Point,0 days 01:31:43.100000,,1,5.0,,,False,True
0 days 01:34:26.321000,PER,11,0 days 00:01:21.725000,44.0,2.0,,,0 days 00:00:24.003000,0 days 00:00:31.352000,0 days 00:00:26.370000,0 days 01:33:28.618000,0 days 01:33:59.970000,0 days 01:34:26.340000,270.0,191.0,294.0,292.0,False,MEDIUM,43.0,True,Racing Point,0 days 01:33:04.596000,,1,5.0,,,False,True
0 days 01:35:51.857000,PER,11,0 days 00:01:25.536000,45.0,2.0,,0 days 01:35:48.944000,0 days 00:00:23.834000,0 days 00:00:31.508000,0 days 00:00:30.194000,0 days 01:34:50.174000,0 days 01:35:21.682000,0 days 01:35:51.876000,271.0,192.0,,294.0,False,MEDIUM,44.0,True,Racing Point,0 days 01:34:26.321000,,1,5.0,,,False,False
0 days 01:37:35.676000,PER,11,0 days 00:01:43.819000,46.0,3.0,0 days 01:36:15.599000,,0 days 00:00:45.745000,0 days 00:00:31.376000,0 days 00:00:26.698000,0 days 01:36:37.621000,0 days 01:37:08.997000,0 days 01:37:35.695000,271.0,192.0,293.0,294.0,False,SOFT,4.0,False,Racing Point,0 days 01:35:51.857000,,1,6.0,,,False,False
0 days 01:38:56.766000,PER,11,0 days 00:01:21.090000,47.0,3.0,,,0 days 00:00:23.664000,0 days 00:00:31.163000,0 days 00:00:26.263000,0 days 01:37:59.359000,0 days 01:38:30.522000,0 days 01:38:56.785000,272.0,192.0,293.0,294.0,True,SOFT,5.0,False,Racing Point,0 days 01:37:35.676000,,1,6.0,,,False,True
0 days 01:40:17.627000,PER,11,0 days 00:01:20.861000,48.0,3.0,,,0 days 00:00:23.807000,0 days 00:00:30.801000,0 days 00:00:26.253000,0 days 01:39:20.592000,0 days 01:39:51.393000,0 days 01:40:17.646000,270.0,193.0,294.0,285.0,True,SOFT,6.0,False,Racing Point,0 days 01:38:56.766000,,1,6.0,,,False,True
0 days 01:41:38.429000,PER,11,0 days 00:01:20.802000,49.0,3.0,,,0 days 00:00:23.670000,0 days 00:00:30.748000,0 days 00:00:26.384000,0 days 01:40:41.316000,0 days 01:41:12.064000,0 days 01:41:38.448000,273.0,194.0,293.0,294.0,True,SOFT,7.0,False,Racing Point,0 days 01:40:17.627000,,1,6.0,,,False,True
0 days 01:42:59.709000,PER,11,0 days 00:01:21.280000,50.0,3.0,,,0 days 00:00:23.708000,0 days 00:00:31.018000,0 days 00:00:26.554000,0 days 01:42:02.156000,0 days 01:42:33.174000,0 days 01:42:59.728000,270.0,195.0,295.0,292.0,False,SOFT,8.0,False,Racing Point,0 days 01:41:38.429000,,1,6.0,,,False,True
0 days 01:44:21.019000,PER,11,0 days 00:01:21.310000,51.0,3.0,,,0 days 00:00:23.680000,0 days 00:00:31.128000,0 days 00:00:26.502000,0 days 01:43:23.408000,0 days 01:43:54.536000,0 days 01:44:21.038000,266.0,196.0,294.0,294.0,False,SOFT,9.0,False,Racing Point,0 days 01:42:59.709000,,1,6.0,,,False,True
0 days 01:45:42.193000,PER,11,0 days 00:01:21.174000,52.0,3.0,,,0 days 00:00:23.670000,0 days 00:00:31.050000,0 days 00:00:26.454000,0 days 01:44:44.708000,0 days 01:45:15.758000,0 days 01:45:42.212000,268.0,192.0,293.0,293.0,False,SOFT,10.0,False,Racing Point,0 days 01:44:21.019000,,1,6.0,,,False,True
0 days 01:47:03.457000,PER,11,0 days 00:01:21.264000,53.0,3.0,,,0 days 00:00:23.870000,0 days 00:00:30.992000,0 days 00:00:26.402000,0 days 01:46:06.082000,0 days 01:46:37.074000,0 days 01:47:03.476000,267.0,194.0,292.0,291.0,False,SOFT,11.0,False,Racing Point,0 days 01:45:42.193000,,1,6.0,,,False,True
0 days 01:48:24.761000,PER,11,0 days 00:01:21.304000,54.0,3.0,,,0 days 00:00:23.802000,0 days 00:00:31.100000,0 days 00:00:26.402000,0 days 01:47:27.278000,0 days 01:47:58.378000,0 days 01:48:24.780000,271.0,192.0,293.0,289.0,False,SOFT,12.0,False,Racing Point,0 days 01:47:03.457000,,1,5.0,,,False,True
0 days 01:49:45.955000,PER,11,0 days 00:01:21.194000,55.0,3.0,,,0 days 00:00:23.879000,0 days 00:00:31.079000,0 days 00:00:26.236000,0 days 01:48:48.659000,0 days 01:49:19.738000,0 days 01:49:45.974000,273.0,194.0,292.0,288.0,False,SOFT,13.0,False,Racing Point,0 days 01:48:24.761000,,1,5.0,,,False,True
0 days 01:51:07.305000,PER,11,0 days 00:01:21.350000,56.0,3.0,,,0 days 00:00:23.943000,0 days 00:00:31.088000,0 days 00:00:26.319000,0 days 01:50:09.917000,0 days 01:50:41.005000,0 days 01:51:07.324000,275.0,191.0,293.0,285.0,False,SOFT,14.0,False,Racing Point,0 days 01:49:45.955000,,1,5.0,,,False,True
0 days 01:52:29.759000,PER,11,0 days 00:01:22.454000,57.0,3.0,,,0 days 00:00:24.488000,0 days 00:00:31.410000,0 days 00:00:26.556000,0 days 01:51:31.812000,0 days 01:52:03.222000,0 days 01:52:29.778000,275.0,190.0,293.0,293.0,False,SOFT,15.0,False,Racing Point,0 days 01:51:07.305000,,1,5.0,,,False,True
0 days 01:53:53.544000,PER,11,0 days 00:01:23.785000,58.0,3.0,,,0 days 00:00:24.806000,0 days 00:00:32.559000,0 days 00:00:26.420000,0 days 01:52:54.584000,0 days 01:53:27.143000,0 days 01:53:53.563000,253.0,190.0,293.0,295.0,False,SOFT,16.0,False,Racing Point,0 days 01:52:29.759000,,1,5.0,,,False,True
0 days 01:55:15.421000,PER,11,0 days 00:01:21.877000,59.0,3.0,,,0 days 00:00:23.858000,0 days 00:00:31.538000,0 days 00:00:26.481000,0 days 01:54:17.421000,0 days 01:54:48.959000,0 days 01:55:15.440000,270.0,194.0,294.0,291.0,False,SOFT,17.0,False,Racing Point,0 days 01:53:53.544000,,1,5.0,,,False,True
0 days 01:56:36.907000,PER,11,0 days 00:01:21.486000,60.0,3.0,,,0 days 00:00:23.852000,0 days 00:00:31.069000,0 days 00:00:26.565000,0 days 01:55:39.292000,0 days 01:56:10.361000,0 days 01:56:36.926000,274.0,194.0,293.0,291.0,False,SOFT,18.0,False,Racing Point,0 days 01:55:15.421000,,1,5.0,,,False,True
0 days 01:57:58.071000,PER,11,0 days 00:01:21.164000,61.0,3.0,,,0 days 00:00:23.806000,0 days 00:00:30.983000,0 days 00:00:26.375000,0 days 01:57:00.732000,0 days 01:57:31.715000,0 days 01:57:58.090000,271.0,194.0,292.0,292.0,False,SOFT,19.0,False,Racing Point,0 days 01:56:36.907000,,1,5.0,,,False,True
0 days 01:59:19.498000,PER,11,0 days 00:01:21.427000,62.0,3.0,,,0 days 00:00:23.885000,0 days 00:00:30.978000,0 days 00:00:26.564000,0 days 01:58:21.975000,0 days 01:58:52.953000,0 days 01:59:19.517000,273.0,194.0,293.0,288.0,False,SOFT,20.0,False,Racing Point,0 days 01:57:58.071000,,1,5.0,,,False,True
0 days 02:00:41.423000,PER,11,0 days 00:01:21.925000,63.0,3.0,,,0 days 00:00:24.533000,0 days 00:00:30.726000,0 days 00:00:26.666000,0 days 01:59:44.050000,0 days 02:00:14.776000,0 days 02:00:41.442000,271.0,194.0,294.0,299.0,False,SOFT,21.0,False,Racing Point,0 days 01:59:19.498000,,1,5.0,,,False,True
0 days 02:02:04.562000,PER,11,0 days 00:01:23.139000,64.0,3.0,,,0 days 00:00:24.903000,0 days 00:00:31.546000,0 days 00:00:26.690000,0 days 02:01:06.345000,0 days 02:01:37.891000,0 days 02:02:04.581000,276.0,187.0,297.0,298.0,False,SOFT,22.0,False,Racing Point,0 days 02:00:41.423000,,1,6.0,,,False,True
0 days 02:03:26.788000,PER,11,0 days 00:01:22.226000,65.0,3.0,,,0 days 00:00:24.329000,0 days 00:00:31.394000,0 days 00:00:26.503000,0 days 02:02:28.910000,0 days 02:03:00.304000,0 days 02:03:26.807000,275.0,189.0,295.0,301.0,False,SOFT,23.0,False,Racing Point,0 days 02:02:04.562000,,1,7.0,,,False,True
0 days 00:34:51.287000,OCO,31,0 days 00:01:41.385000,1.0,1.0,,,,0 days 00:00:39.041000,0 days 00:00:30.389000,,0 days 00:34:21.055000,0 days 00:34:51.572000,264.0,151.0,299.0,234.0,False,MEDIUM,1.0,True,Renault,0 days 00:33:09.808000,,12,12.0,,,False,False
0 days 00:36:21.248000,OCO,31,0 days 00:01:29.961000,2.0,1.0,,,0 days 00:00:27.322000,0 days 00:00:34.566000,0 days 00:00:28.073000,0 days 00:35:18.631000,0 days 00:35:53.197000,0 days 00:36:21.270000,266.0,177.0,297.0,317.0,True,MEDIUM,2.0,True,Renault,0 days 00:34:51.287000,,1,11.0,,,False,True
0 days 00:37:48.229000,OCO,31,0 days 00:01:26.981000,3.0,1.0,,,0 days 00:00:26.304000,0 days 00:00:33.127000,0 days 00:00:27.550000,0 days 00:36:47.574000,0 days 00:37:20.701000,0 days 00:37:48.251000,268.0,183.0,306.0,305.0,True,MEDIUM,3.0,True,Renault,0 days 00:36:21.248000,,1,12.0,,,False,True
0 days 00:39:12.925000,OCO,31,0 days 00:01:24.696000,4.0,1.0,,,0 days 00:00:25.101000,0 days 00:00:32.618000,0 days 00:00:26.977000,0 days 00:38:13.352000,0 days 00:38:45.970000,0 days 00:39:12.947000,265.0,185.0,305.0,328.0,True,MEDIUM,4.0,True,Renault,0 days 00:37:48.229000,,1,12.0,,,False,True
0 days 00:40:36.753000,OCO,31,0 days 00:01:23.828000,5.0,1.0,,,0 days 00:00:24.303000,0 days 00:00:32.502000,0 days 00:00:27.023000,0 days 00:39:37.250000,0 days 00:40:09.752000,0 days 00:40:36.775000,269.0,187.0,305.0,323.0,True,MEDIUM,5.0,True,Renault,0 days 00:39:12.925000,,1,12.0,,,False,True
0 days 00:42:00.082000,OCO,31,0 days 00:01:23.329000,6.0,1.0,,,0 days 00:00:24.200000,0 days 00:00:32.166000,0 days 00:00:26.963000,0 days 00:41:00.975000,0 days 00:41:33.141000,0 days 00:42:00.104000,266.0,189.0,306.0,320.0,True,MEDIUM,6.0,True,Renault,0 days 00:40:36.753000,,1,12.0,,,False,True
0 days 00:43:23.257000,OCO,31,0 days 00:01:23.175000,7.0,1.0,,,0 days 00:00:24.106000,0 days 00:00:32.146000,0 days 00:00:26.923000,0 days 00:42:24.210000,0 days 00:42:56.356000,0 days 00:43:23.279000,265.0,188.0,307.0,320.0,True,MEDIUM,7.0,True,Renault,0 days 00:42:00.082000,,1,12.0,,,False,True
0 days 00:44:46.868000,OCO,31,0 days 00:01:23.611000,8.0,1.0,,,0 days 00:00:24.264000,0 days 00:00:32.520000,0 days 00:00:26.827000,0 days 00:43:47.543000,0 days 00:44:20.063000,0 days 00:44:46.890000,264.0,185.0,296.0,332.0,False,MEDIUM,8.0,True,Renault,0 days 00:43:23.257000,,1,12.0,,,False,True
0 days 00:46:10.527000,OCO,31,0 days 00:01:23.659000,9.0,1.0,,,0 days 00:00:24.271000,0 days 00:00:32.437000,0 days 00:00:26.951000,0 days 00:45:11.161000,0 days 00:45:43.598000,0 days 00:46:10.549000,264.0,187.0,300.0,300.0,False,MEDIUM,9.0,True,Renault,0 days 00:44:46.868000,,1,12.0,,,False,True
0 days 00:47:34.423000,OCO,31,0 days 00:01:23.896000,10.0,1.0,,,0 days 00:00:24.286000,0 days 00:00:32.485000,0 days 00:00:27.125000,0 days 00:46:34.835000,0 days 00:47:07.320000,0 days 00:47:34.445000,262.0,187.0,310.0,302.0,False,MEDIUM,10.0,True,Renault,0 days 00:46:10.527000,,1,12.0,,,False,True
0 days 00:48:58.589000,OCO,31,0 days 00:01:24.166000,11.0,1.0,,,0 days 00:00:24.336000,0 days 00:00:32.913000,0 days 00:00:26.917000,0 days 00:47:58.781000,0 days 00:48:31.694000,0 days 00:48:58.611000,270.0,187.0,316.0,329.0,False,MEDIUM,11.0,True,Renault,0 days 00:47:34.423000,,1,11.0,,,False,True
0 days 00:50:21.085000,OCO,31,0 days 00:01:22.496000,12.0,1.0,,,0 days 00:00:23.498000,0 days 00:00:32.058000,0 days 00:00:26.940000,0 days 00:49:22.109000,0 days 00:49:54.167000,0 days 00:50:21.107000,265.0,187.0,293.0,334.0,True,MEDIUM,12.0,True,Renault,0 days 00:48:58.589000,,1,10.0,,,False,True
0 days 00:51:44.587000,OCO,31,0 days 00:01:23.502000,13.0,1.0,,,0 days 00:00:24.285000,0 days 00:00:32.364000,0 days 00:00:26.853000,0 days 00:50:45.392000,0 days 00:51:17.756000,0 days 00:51:44.609000,265.0,191.0,305.0,296.0,False,MEDIUM,13.0,True,Renault,0 days 00:50:21.085000,,1,10.0,,,False,True
0 days 00:53:07.886000,OCO,31,0 days 00:01:23.299000,14.0,1.0,,,0 days 00:00:24.163000,0 days 00:00:32.211000,0 days 00:00:26.925000,0 days 00:52:08.772000,0 days 00:52:40.983000,0 days 00:53:07.908000,266.0,188.0,305.0,320.0,False,MEDIUM,14.0,True,Renault,0 days 00:51:44.587000,,1,9.0,,,False,True
0 days 00:54:31.010000,OCO,31,0 days 00:01:23.124000,15.0,1.0,,,0 days 00:00:23.928000,0 days 00:00:32.205000,0 days 00:00:26.991000,0 days 00:53:31.836000,0 days 00:54:04.041000,0 days 00:54:31.032000,264.0,188.0,293.0,316.0,False,MEDIUM,15.0,True,Renault,0 days 00:53:07.886000,,1,9.0,,,False,True
0 days 00:55:54.816000,OCO,31,0 days 00:01:23.806000,16.0,1.0,,,0 days 00:00:24.397000,0 days 00:00:32.248000,0 days 00:00:27.161000,0 days 00:54:55.429000,0 days 00:55:27.677000,0 days 00:55:54.838000,265.0,188.0,293.0,296.0,False,MEDIUM,16.0,True,Renault,0 days 00:54:31.010000,,1,9.0,,,False,True
0 days 00:57:17.965000,OCO,31,0 days 00:01:23.149000,17.0,1.0,,,0 days 00:00:24.207000,0 days 00:00:32.030000,0 days 00:00:26.912000,0 days 00:56:19.045000,0 days 00:56:51.075000,0 days 00:57:17.987000,264.0,189.0,294.0,296.0,False,MEDIUM,17.0,True,Renault,0 days 00:55:54.816000,,1,9.0,,,False,True
0 days 00:58:42.376000,OCO,31,0 days 00:01:24.411000,18.0,1.0,,,0 days 00:00:24.889000,0 days 00:00:32.061000,0 days 00:00:27.461000,0 days 00:57:42.876000,0 days 00:58:14.937000,0 days 00:58:42.398000,263.0,187.0,293.0,295.0,False,MEDIUM,18.0,True,Renault,0 days 00:57:17.965000,,1,7.0,,,False,True
0 days 01:00:05.253000,OCO,31,0 days 00:01:22.877000,19.0,1.0,,,0 days 00:00:24.110000,0 days 00:00:31.869000,0 days 00:00:26.898000,0 days 00:59:06.508000,0 days 00:59:38.377000,0 days 01:00:05.275000,264.0,191.0,291.0,292.0,False,MEDIUM,19.0,True,Renault,0 days 00:58:42.376000,,1,7.0,,,False,True
0 days 01:01:28.287000,OCO,31,0 days 00:01:23.034000,20.0,1.0,,,0 days 00:00:24.117000,0 days 00:00:32.033000,0 days 00:00:26.884000,0 days 01:00:29.392000,0 days 01:01:01.425000,0 days 01:01:28.309000,264.0,190.0,292.0,291.0,False,MEDIUM,20.0,True,Renault,0 days 01:00:05.253000,,1,7.0,,,False,True
0 days 01:02:52.316000,OCO,31,0 days 00:01:24.029000,21.0,1.0,,,0 days 00:00:24.569000,0 days 00:00:32.378000,0 days 00:00:27.082000,0 days 01:01:52.878000,0 days 01:02:25.256000,0 days 01:02:52.338000,259.0,188.0,292.0,292.0,False,MEDIUM,21.0,True,Renault,0 days 01:01:28.287000,,1,7.0,,,False,True
0 days 01:04:15.600000,OCO,31,0 days 00:01:23.284000,22.0,1.0,,,0 days 00:00:24.367000,0 days 00:00:32.041000,0 days 00:00:26.876000,0 days 01:03:16.705000,0 days 01:03:48.746000,0 days 01:04:15.622000,265.0,190.0,294.0,293.0,False,MEDIUM,22.0,True,Renault,0 days 01:02:52.316000,,1,7.0,,,False,True
0 days 01:05:38.622000,OCO,31,0 days 00:01:23.022000,23.0,1.0,,,0 days 00:00:24.343000,0 days 00:00:31.884000,0 days 00:00:26.795000,0 days 01:04:39.965000,0 days 01:05:11.849000,0 days 01:05:38.644000,265.0,192.0,293.0,293.0,False,MEDIUM,23.0,True,Renault,0 days 01:04:15.600000,,1,7.0,,,False,True
0 days 01:07:02.575000,OCO,31,0 days 00:01:23.953000,24.0,1.0,,,0 days 00:00:24.504000,0 days 00:00:32.566000,0 days 00:00:26.883000,0 days 01:06:03.148000,0 days 01:06:35.714000,0 days 01:07:02.597000,266.0,189.0,296.0,294.0,False,MEDIUM,24.0,True,Renault,0 days 01:05:38.622000,,1,7.0,,,False,True
0 days 01:08:25.558000,OCO,31,0 days 00:01:22.983000,25.0,1.0,,,0 days 00:00:24.204000,0 days 00:00:32.075000,0 days 00:00:26.704000,0 days 01:07:26.801000,0 days 01:07:58.876000,0 days 01:08:25.580000,268.0,192.0,294.0,297.0,False,MEDIUM,25.0,True,Renault,0 days 01:07:02.575000,,1,7.0,,,False,True
0 days 01:09:48.642000,OCO,31,0 days 00:01:23.084000,26.0,1.0,,,0 days 00:00:24.225000,0 days 00:00:31.794000,0 days 00:00:27.065000,0 days 01:08:49.805000,0 days 01:09:21.599000,0 days 01:09:48.664000,266.0,191.0,293.0,293.0,False,MEDIUM,26.0,True,Renault,0 days 01:08:25.558000,,1,7.0,,,False,True
0 days 01:11:12.168000,OCO,31,0 days 00:01:23.526000,27.0,1.0,,,0 days 00:00:24.198000,0 days 00:00:32.218000,0 days 00:00:27.110000,0 days 01:10:12.862000,0 days 01:10:45.080000,0 days 01:11:12.190000,266.0,189.0,294.0,293.0,False,MEDIUM,27.0,True,Renault,0 days 01:09:48.642000,,1,6.0,,,False,True
0 days 01:12:34.973000,OCO,31,0 days 00:01:22.805000,28.0,1.0,,,0 days 00:00:24.125000,0 days 00:00:31.967000,0 days 00:00:26.713000,0 days 01:11:36.315000,0 days 01:12:08.282000,0 days 01:12:34.995000,265.0,193.0,294.0,293.0,False,MEDIUM,28.0,True,Renault,0 days 01:11:12.168000,,1,6.0,,,False,True
0 days 01:13:57.609000,OCO,31,0 days 00:01:22.636000,29.0,1.0,,,0 days 00:00:24.062000,0 days 00:00:31.665000,0 days 00:00:26.909000,0 days 01:12:59.057000,0 days 01:13:30.722000,0 days 01:13:57.631000,267.0,191.0,292.0,291.0,False,MEDIUM,29.0,True,Renault,0 days 01:12:34.973000,,1,5.0,,,False,True
0 days 01:15:19.716000,OCO,31,0 days 00:01:22.107000,30.0,1.0,,,0 days 00:00:24.082000,0 days 00:00:31.529000,0 days 00:00:26.496000,0 days 01:14:21.713000,0 days 01:14:53.242000,0 days 01:15:19.738000,266.0,192.0,293.0,290.0,True,MEDIUM,30.0,True,Renault,0 days 01:13:57.609000,,1,5.0,,,False,True
0 days 01:16:41.719000,OCO,31,0 days 00:01:22.003000,31.0,1.0,,,0 days 00:00:23.960000,0 days 00:00:31.480000,0 days 00:00:26.563000,0 days 01:15:43.698000,0 days 01:16:15.178000,0 days 01:16:41.741000,266.0,190.0,294.0,291.0,True,MEDIUM,31.0,True,Renault,0 days 01:15:19.716000,,1,5.0,,,False,True
0 days 01:18:03.710000,OCO,31,0 days 00:01:21.991000,32.0,1.0,,,0 days 00:00:23.831000,0 days 00:00:31.437000,0 days 00:00:26.723000,0 days 01:17:05.572000,0 days 01:17:37.009000,0 days 01:18:03.732000,266.0,194.0,292.0,293.0,True,MEDIUM,32.0,True,Renault,0 days 01:16:41.719000,,1,5.0,,,False,True
0 days 01:19:25.581000,OCO,31,0 days 00:01:21.871000,33.0,1.0,,,0 days 00:00:23.939000,0 days 00:00:31.339000,0 days 00:00:26.593000,0 days 01:18:27.671000,0 days 01:18:59.010000,0 days 01:19:25.603000,267.0,193.0,292.0,293.0,True,MEDIUM,33.0,True,Renault,0 days 01:18:03.710000,,1,5.0,,,False,True
0 days 01:20:50.133000,OCO,31,0 days 00:01:24.552000,34.0,1.0,,,0 days 00:00:24.570000,0 days 00:00:32.881000,0 days 00:00:27.101000,0 days 01:19:50.173000,0 days 01:20:23.054000,0 days 01:20:50.155000,265.0,191.0,305.0,301.0,False,MEDIUM,34.0,True,Renault,0 days 01:19:25.581000,,1,6.0,,,False,True
0 days 01:22:12.669000,OCO,31,0 days 00:01:22.536000,35.0,1.0,,,0 days 00:00:24.074000,0 days 00:00:31.716000,0 days 00:00:26.746000,0 days 01:21:14.229000,0 days 01:21:45.945000,0 days 01:22:12.691000,266.0,192.0,294.0,314.0,False,MEDIUM,35.0,True,Renault,0 days 01:20:50.133000,,1,6.0,,,False,True
0 days 01:23:35.015000,OCO,31,0 days 00:01:22.346000,36.0,1.0,,,0 days 00:00:23.929000,0 days 00:00:31.695000,0 days 00:00:26.722000,0 days 01:22:36.620000,0 days 01:23:08.315000,0 days 01:23:35.037000,266.0,192.0,294.0,296.0,False,MEDIUM,36.0,True,Renault,0 days 01:22:12.669000,,1,6.0,,,False,True
0 days 01:24:57.348000,OCO,31,0 days 00:01:22.333000,37.0,1.0,,,0 days 00:00:24.017000,0 days 00:00:31.649000,0 days 00:00:26.667000,0 days 01:23:59.054000,0 days 01:24:30.703000,0 days 01:24:57.370000,263.0,192.0,293.0,293.0,False,MEDIUM,37.0,True,Renault,0 days 01:23:35.015000,,1,6.0,,,False,True
0 days 01:26:19.788000,OCO,31,0 days 00:01:22.440000,38.0,1.0,,,0 days 00:00:24.002000,0 days 00:00:31.605000,0 days 00:00:26.833000,0 days 01:25:21.372000,0 days 01:25:52.977000,0 days 01:26:19.810000,264.0,189.0,294.0,292.0,False,MEDIUM,38.0,True,Renault,0 days 01:24:57.348000,,1,6.0,,,False,True
0 days 01:27:41.965000,OCO,31,0 days 00:01:22.177000,39.0,1.0,,,0 days 00:00:23.834000,0 days 00:00:31.628000,0 days 00:00:26.715000,0 days 01:26:43.644000,0 days 01:27:15.272000,0 days 01:27:41.987000,265.0,194.0,295.0,295.0,False,MEDIUM,39.0,True,Renault,0 days 01:26:19.788000,,1,6.0,,,False,True
0 days 01:29:03.855000,OCO,31,0 days 00:01:21.890000,40.0,1.0,,,0 days 00:00:23.924000,0 days 00:00:31.381000,0 days 00:00:26.585000,0 days 01:28:05.911000,0 days 01:28:37.292000,0 days 01:29:03.877000,265.0,194.0,295.0,293.0,False,MEDIUM,40.0,True,Renault,0 days 01:27:41.965000,,1,6.0,,,False,True
0 days 01:30:25.718000,OCO,31,0 days 00:01:21.863000,41.0,1.0,,,0 days 00:00:23.815000,0 days 00:00:31.381000,0 days 00:00:26.667000,0 days 01:29:27.692000,0 days 01:29:59.073000,0 days 01:30:25.740000,265.0,195.0,295.0,293.0,True,MEDIUM,41.0,True,Renault,0 days 01:29:03.855000,,1,6.0,,,False,True
0 days 01:31:47.427000,OCO,31,0 days 00:01:21.709000,42.0,1.0,,,0 days 00:00:23.776000,0 days 00:00:31.280000,0 days 00:00:26.653000,0 days 01:30:49.516000,0 days 01:31:20.796000,0 days 01:31:47.449000,266.0,193.0,295.0,293.0,True,MEDIUM,42.0,True,Renault,0 days 01:30:25.718000,,1,6.0,,,False,True
0 days 01:33:09.059000,OCO,31,0 days 00:01:21.632000,43.0,1.0,,,0 days 00:00:23.820000,0 days 00:00:31.294000,0 days 00:00:26.518000,0 days 01:32:11.269000,0 days 01:32:42.563000,0 days 01:33:09.081000,267.0,194.0,294.0,293.0,True,MEDIUM,43.0,True,Renault,0 days 01:31:47.427000,,1,6.0,,,False,True
0 days 01:34:31.172000,OCO,31,0 days 00:01:22.113000,44.0,1.0,,,0 days 00:00:24.064000,0 days 00:00:31.548000,0 days 00:00:26.501000,0 days 01:33:33.145000,0 days 01:34:04.693000,0 days 01:34:31.194000,265.0,193.0,295.0,293.0,False,MEDIUM,44.0,True,Renault,0 days 01:33:09.059000,,1,6.0,,,False,True
0 days 01:35:53.012000,OCO,31,0 days 00:01:21.840000,45.0,1.0,,,0 days 00:00:23.894000,0 days 00:00:31.468000,0 days 00:00:26.478000,0 days 01:34:55.088000,0 days 01:35:26.556000,0 days 01:35:53.034000,268.0,194.0,294.0,293.0,False,MEDIUM,45.0,True,Renault,0 days 01:34:31.172000,,1,6.0,,,False,True
0 days 01:37:14.325000,OCO,31,0 days 00:01:21.313000,46.0,1.0,,,0 days 00:00:23.719000,0 days 00:00:31.174000,0 days 00:00:26.420000,0 days 01:36:16.753000,0 days 01:36:47.927000,0 days 01:37:14.347000,268.0,193.0,294.0,291.0,True,MEDIUM,46.0,True,Renault,0 days 01:35:53.012000,,1,5.0,,,False,True
0 days 01:38:35.657000,OCO,31,0 days 00:01:21.332000,47.0,1.0,,,0 days 00:00:23.724000,0 days 00:00:31.263000,0 days 00:00:26.345000,0 days 01:37:38.071000,0 days 01:38:09.334000,0 days 01:38:35.679000,267.0,194.0,294.0,292.0,False,MEDIUM,47.0,True,Renault,0 days 01:37:14.325000,,1,5.0,,,False,True
0 days 01:39:56.973000,OCO,31,0 days 00:01:21.316000,48.0,1.0,,,0 days 00:00:23.793000,0 days 00:00:31.226000,0 days 00:00:26.297000,0 days 01:38:59.472000,0 days 01:39:30.698000,0 days 01:39:56.995000,267.0,190.0,296.0,291.0,False,MEDIUM,48.0,True,Renault,0 days 01:38:35.657000,,1,5.0,,,False,True
0 days 01:41:18.428000,OCO,31,0 days 00:01:21.455000,49.0,1.0,,,0 days 00:00:23.765000,0 days 00:00:31.188000,0 days 00:00:26.502000,0 days 01:40:20.760000,0 days 01:40:51.948000,0 days 01:41:18.450000,266.0,194.0,294.0,293.0,False,MEDIUM,49.0,True,Renault,0 days 01:39:56.973000,,1,5.0,,,False,True
0 days 01:42:40.477000,OCO,31,0 days 00:01:22.049000,50.0,1.0,,,0 days 00:00:23.847000,0 days 00:00:31.379000,0 days 00:00:26.823000,0 days 01:41:42.297000,0 days 01:42:13.676000,0 days 01:42:40.499000,266.0,193.0,295.0,294.0,False,MEDIUM,50.0,True,Renault,0 days 01:41:18.428000,,1,5.0,,,False,True
0 days 01:44:02.407000,OCO,31,0 days 00:01:21.930000,51.0,1.0,,,0 days 00:00:23.796000,0 days 00:00:31.514000,0 days 00:00:26.620000,0 days 01:43:04.295000,0 days 01:43:35.809000,0 days 01:44:02.429000,265.0,193.0,295.0,292.0,False,MEDIUM,51.0,True,Renault,0 days 01:42:40.477000,,1,5.0,,,False,True
0 days 01:45:24.310000,OCO,31,0 days 00:01:21.903000,52.0,1.0,,,0 days 00:00:23.889000,0 days 00:00:31.380000,0 days 00:00:26.634000,0 days 01:44:26.318000,0 days 01:44:57.698000,0 days 01:45:24.332000,264.0,193.0,295.0,293.0,False,MEDIUM,52.0,True,Renault,0 days 01:44:02.407000,,1,5.0,,,False,True
0 days 01:46:49.807000,OCO,31,0 days 00:01:25.497000,53.0,1.0,,0 days 01:46:46.902000,0 days 00:00:23.792000,0 days 00:00:31.523000,0 days 00:00:30.182000,0 days 01:45:48.124000,0 days 01:46:19.647000,0 days 01:46:49.829000,266.0,194.0,,293.0,False,MEDIUM,53.0,True,Renault,0 days 01:45:24.310000,,1,5.0,,,False,False
0 days 01:48:35.731000,OCO,31,0 days 00:01:45.924000,54.0,2.0,0 days 01:47:15.338000,,0 days 00:00:47.796000,0 days 00:00:31.648000,0 days 00:00:26.480000,0 days 01:47:37.625000,0 days 01:48:09.273000,0 days 01:48:35.753000,263.0,193.0,295.0,293.0,False,SOFT,1.0,True,Renault,0 days 01:46:49.807000,,1,8.0,,,False,False
0 days 01:49:57.148000,OCO,31,0 days 00:01:21.417000,55.0,2.0,,,0 days 00:00:23.755000,0 days 00:00:31.257000,0 days 00:00:26.405000,0 days 01:48:59.508000,0 days 01:49:30.765000,0 days 01:49:57.170000,266.0,194.0,295.0,290.0,False,SOFT,2.0,True,Renault,0 days 01:48:35.731000,,1,8.0,,,False,True
0 days 01:51:18.260000,OCO,31,0 days 00:01:21.112000,56.0,2.0,,,0 days 00:00:23.615000,0 days 00:00:31.147000,0 days 00:00:26.350000,0 days 01:50:20.785000,0 days 01:50:51.932000,0 days 01:51:18.282000,266.0,193.0,296.0,291.0,True,SOFT,3.0,True,Renault,0 days 01:49:57.148000,,1,8.0,,,False,True
0 days 01:52:39.477000,OCO,31,0 days 00:01:21.217000,57.0,2.0,,,0 days 00:00:23.702000,0 days 00:00:31.135000,0 days 00:00:26.380000,0 days 01:51:41.984000,0 days 01:52:13.119000,0 days 01:52:39.499000,266.0,196.0,299.0,291.0,False,SOFT,4.0,True,Renault,0 days 01:51:18.260000,,1,8.0,,,False,True
0 days 01:54:00.570000,OCO,31,0 days 00:01:21.093000,58.0,2.0,,,0 days 00:00:23.759000,0 days 00:00:31.070000,0 days 00:00:26.264000,0 days 01:53:03.258000,0 days 01:53:34.328000,0 days 01:54:00.592000,266.0,194.0,294.0,299.0,True,SOFT,5.0,True,Renault,0 days 01:52:39.477000,,1,8.0,,,False,True
0 days 01:55:21.447000,OCO,31,0 days 00:01:20.877000,59.0,2.0,,,0 days 00:00:23.576000,0 days 00:00:31.090000,0 days 00:00:26.211000,0 days 01:54:24.168000,0 days 01:54:55.258000,0 days 01:55:21.469000,266.0,195.0,297.0,292.0,True,SOFT,6.0,True,Renault,0 days 01:54:00.570000,,1,8.0,,,False,True
0 days 01:56:42.453000,OCO,31,0 days 00:01:21.006000,60.0,2.0,,,0 days 00:00:23.614000,0 days 00:00:31.076000,0 days 00:00:26.316000,0 days 01:55:45.083000,0 days 01:56:16.159000,0 days 01:56:42.475000,267.0,195.0,297.0,292.0,False,SOFT,7.0,True,Renault,0 days 01:55:21.447000,,1,8.0,,,False,True
0 days 01:58:03.312000,OCO,31,0 days 00:01:20.859000,61.0,2.0,,,0 days 00:00:23.655000,0 days 00:00:31.032000,0 days 00:00:26.172000,0 days 01:57:06.130000,0 days 01:57:37.162000,0 days 01:58:03.334000,266.0,195.0,295.0,295.0,True,SOFT,8.0,True,Renault,0 days 01:56:42.453000,,1,8.0,,,False,True
0 days 01:59:24.440000,OCO,31,0 days 00:01:21.128000,62.0,2.0,,,0 days 00:00:23.709000,0 days 00:00:30.931000,0 days 00:00:26.488000,0 days 01:58:27.043000,0 days 01:58:57.974000,0 days 01:59:24.462000,267.0,195.0,296.0,292.0,False,SOFT,9.0,True,Renault,0 days 01:58:03.312000,,1,8.0,,,False,True
0 days 02:00:45.542000,OCO,31,0 days 00:01:21.102000,63.0,2.0,,,0 days 00:00:23.663000,0 days 00:00:30.999000,0 days 00:00:26.440000,0 days 01:59:48.125000,0 days 02:00:19.124000,0 days 02:00:45.564000,269.0,197.0,297.0,295.0,False,SOFT,10.0,True,Renault,0 days 01:59:24.440000,,1,8.0,,,False,True
0 days 02:02:06.970000,OCO,31,0 days 00:01:21.428000,64.0,2.0,,,0 days 00:00:23.643000,0 days 00:00:31.306000,0 days 00:00:26.479000,0 days 02:01:09.207000,0 days 02:01:40.513000,0 days 02:02:06.992000,271.0,194.0,297.0,299.0,False,SOFT,11.0,True,Renault,0 days 02:00:45.542000,,1,8.0,,,False,True
0 days 02:03:28.359000,OCO,31,0 days 00:01:21.389000,65.0,2.0,,,0 days 00:00:23.554000,0 days 00:00:31.280000,0 days 00:00:26.555000,0 days 02:02:30.546000,0 days 02:03:01.826000,0 days 02:03:28.381000,272.0,195.0,297.0,304.0,False,SOFT,12.0,True,Renault,0 days 02:02:06.970000,,1,8.0,,,False,True
0 days 00:34:49.659000,RIC,3,0 days 00:01:39.757000,1.0,1.0,,,,0 days 00:00:38.428000,0 days 00:00:30.162000,,0 days 00:34:19.647000,0 days 00:34:49.902000,262.0,158.0,298.0,253.0,False,SOFT,6.0,False,Renault,0 days 00:33:09.808000,,12,8.0,,,False,False
0 days 00:36:17.981000,RIC,3,0 days 00:01:28.322000,2.0,1.0,,,0 days 00:00:26.343000,0 days 00:00:34.385000,0 days 00:00:27.594000,0 days 00:35:16.048000,0 days 00:35:50.433000,0 days 00:36:18.027000,262.0,178.0,293.0,304.0,True,SOFT,7.0,False,Renault,0 days 00:34:49.659000,,1,7.0,,,False,True
0 days 00:37:42.542000,RIC,3,0 days 00:01:24.561000,3.0,1.0,,,0 days 00:00:25.160000,0 days 00:00:32.332000,0 days 00:00:27.069000,0 days 00:36:43.187000,0 days 00:37:15.519000,0 days 00:37:42.588000,264.0,184.0,292.0,298.0,True,SOFT,8.0,False,Renault,0 days 00:36:17.981000,,1,7.0,,,False,True
0 days 00:39:06.515000,RIC,3,0 days 00:01:23.973000,4.0,1.0,,,0 days 00:00:24.728000,0 days 00:00:32.229000,0 days 00:00:27.016000,0 days 00:38:07.316000,0 days 00:38:39.545000,0 days 00:39:06.561000,262.0,189.0,292.0,295.0,True,SOFT,9.0,False,Renault,0 days 00:37:42.542000,,1,7.0,,,False,True
0 days 00:40:30.248000,RIC,3,0 days 00:01:23.733000,5.0,1.0,,,0 days 00:00:24.490000,0 days 00:00:32.236000,0 days 00:00:27.007000,0 days 00:39:31.051000,0 days 00:40:03.287000,0 days 00:40:30.294000,264.0,185.0,293.0,305.0,True,SOFT,10.0,False,Renault,0 days 00:39:06.515000,,1,7.0,,,False,True
0 days 00:41:55,RIC,3,0 days 00:01:24.752000,6.0,1.0,,,0 days 00:00:25.041000,0 days 00:00:32.555000,0 days 00:00:27.156000,0 days 00:40:55.335000,0 days 00:41:27.890000,0 days 00:41:55.046000,266.0,186.0,295.0,303.0,False,SOFT,11.0,False,Renault,0 days 00:40:30.248000,,1,8.0,,,False,True
0 days 00:43:18.829000,RIC,3,0 days 00:01:23.829000,7.0,1.0,,,0 days 00:00:24.656000,0 days 00:00:31.968000,0 days 00:00:27.205000,0 days 00:42:19.702000,0 days 00:42:51.670000,0 days 00:43:18.875000,262.0,188.0,292.0,301.0,False,SOFT,12.0,False,Renault,0 days 00:41:55,,1,8.0,,,False,True
0 days 00:44:42.931000,RIC,3,0 days 00:01:24.102000,8.0,1.0,,,0 days 00:00:24.649000,0 days 00:00:32.332000,0 days 00:00:27.121000,0 days 00:43:43.524000,0 days 00:44:15.856000,0 days 00:44:42.977000,263.0,186.0,305.0,298.0,False,SOFT,13.0,False,Renault,0 days 00:43:18.829000,,1,8.0,,,False,True
0 days 00:46:06.542000,RIC,3,0 days 00:01:23.611000,9.0,1.0,,,0 days 00:00:24.065000,0 days 00:00:32.369000,0 days 00:00:27.177000,0 days 00:45:07.042000,0 days 00:45:39.411000,0 days 00:46:06.588000,263.0,184.0,292.0,325.0,True,SOFT,14.0,False,Renault,0 days 00:44:42.931000,,1,7.0,,,False,True
0 days 00:47:30.528000,RIC,3,0 days 00:01:23.986000,10.0,1.0,,,0 days 00:00:24.497000,0 days 00:00:32.216000,0 days 00:00:27.273000,0 days 00:46:31.085000,0 days 00:47:03.301000,0 days 00:47:30.574000,263.0,183.0,292.0,295.0,False,SOFT,15.0,False,Renault,0 days 00:46:06.542000,,1,7.0,,,False,True
0 days 00:48:55.341000,RIC,3,0 days 00:01:24.813000,11.0,1.0,,,0 days 00:00:25.057000,0 days 00:00:32.487000,0 days 00:00:27.269000,0 days 00:47:55.631000,0 days 00:48:28.118000,0 days 00:48:55.387000,262.0,181.0,293.0,304.0,False,SOFT,16.0,False,Renault,0 days 00:47:30.528000,,1,8.0,,,False,True
0 days 00:50:19.135000,RIC,3,0 days 00:01:23.794000,12.0,1.0,,,0 days 00:00:24.512000,0 days 00:00:32.180000,0 days 00:00:27.102000,0 days 00:49:19.899000,0 days 00:49:52.079000,0 days 00:50:19.181000,263.0,186.0,291.0,295.0,False,SOFT,17.0,False,Renault,0 days 00:48:55.341000,,1,8.0,,,False,True
0 days 00:51:43.807000,RIC,3,0 days 00:01:24.672000,13.0,1.0,,,0 days 00:00:25.198000,0 days 00:00:32.417000,0 days 00:00:27.057000,0 days 00:50:44.379000,0 days 00:51:16.796000,0 days 00:51:43.853000,262.0,187.0,293.0,300.0,False,SOFT,18.0,False,Renault,0 days 00:50:19.135000,,1,9.0,,,False,True
0 days 00:53:10.672000,RIC,3,0 days 00:01:26.865000,14.0,1.0,,0 days 00:53:07.679000,0 days 00:00:24.424000,0 days 00:00:32.055000,0 days 00:00:30.386000,0 days 00:52:08.277000,0 days 00:52:40.332000,0 days 00:53:10.718000,261.0,183.0,,292.0,False,SOFT,19.0,False,Renault,0 days 00:51:43.807000,,1,11.0,,,False,False
0 days 00:54:56.493000,RIC,3,0 days 00:01:45.821000,15.0,2.0,0 days 00:53:34.599000,,0 days 00:00:46.649000,0 days 00:00:32.306000,0 days 00:00:26.866000,0 days 00:53:57.367000,0 days 00:54:29.673000,0 days 00:54:56.539000,258.0,190.0,290.0,292.0,False,MEDIUM,1.0,True,Renault,0 days 00:53:10.672000,,1,19.0,,,False,False
0 days 00:56:19.483000,RIC,3,0 days 00:01:22.990000,16.0,2.0,,,0 days 00:00:24.545000,0 days 00:00:31.708000,0 days 00:00:26.737000,0 days 00:55:21.084000,0 days 00:55:52.792000,0 days 00:56:19.529000,264.0,189.0,291.0,299.0,True,MEDIUM,2.0,True,Renault,0 days 00:54:56.493000,,1,19.0,,,False,True
0 days 00:57:42.392000,RIC,3,0 days 00:01:22.909000,17.0,2.0,,,0 days 00:00:24.253000,0 days 00:00:31.746000,0 days 00:00:26.910000,0 days 00:56:43.782000,0 days 00:57:15.528000,0 days 00:57:42.438000,261.0,189.0,289.0,287.0,True,MEDIUM,3.0,True,Renault,0 days 00:56:19.483000,,1,19.0,,,False,True
0 days 00:59:05.078000,RIC,3,0 days 00:01:22.686000,18.0,2.0,,,0 days 00:00:24.266000,0 days 00:00:31.552000,0 days 00:00:26.868000,0 days 00:58:06.704000,0 days 00:58:38.256000,0 days 00:59:05.124000,258.0,188.0,291.0,289.0,True,MEDIUM,4.0,True,Renault,0 days 00:57:42.392000,,1,19.0,,,False,True
0 days 01:00:27.994000,RIC,3,0 days 00:01:22.916000,19.0,2.0,,,0 days 00:00:24.377000,0 days 00:00:31.800000,0 days 00:00:26.739000,0 days 00:59:29.501000,0 days 01:00:01.301000,0 days 01:00:28.040000,257.0,189.0,290.0,287.0,False,MEDIUM,5.0,True,Renault,0 days 00:59:05.078000,,1,17.0,,,False,True
0 days 01:01:50.931000,RIC,3,0 days 00:01:22.937000,20.0,2.0,,,0 days 00:00:24.521000,0 days 00:00:31.798000,0 days 00:00:26.618000,0 days 01:00:52.561000,0 days 01:01:24.359000,0 days 01:01:50.977000,258.0,192.0,292.0,283.0,False,MEDIUM,6.0,True,Renault,0 days 01:00:27.994000,,1,16.0,,,False,True
0 days 01:03:13.899000,RIC,3,0 days 00:01:22.968000,21.0,2.0,,,0 days 00:00:24.615000,0 days 00:00:31.695000,0 days 00:00:26.658000,0 days 01:02:15.592000,0 days 01:02:47.287000,0 days 01:03:13.945000,258.0,191.0,293.0,284.0,False,MEDIUM,7.0,True,Renault,0 days 01:01:50.931000,,1,16.0,,,False,True
0 days 01:04:36.668000,RIC,3,0 days 00:01:22.769000,22.0,2.0,,,0 days 00:00:24.327000,0 days 00:00:31.596000,0 days 00:00:26.846000,0 days 01:03:38.272000,0 days 01:04:09.868000,0 days 01:04:36.714000,260.0,192.0,293.0,289.0,False,MEDIUM,8.0,True,Renault,0 days 01:03:13.899000,,1,16.0,,,False,True
0 days 01:05:59.162000,RIC,3,0 days 00:01:22.494000,23.0,2.0,,,0 days 00:00:24.136000,0 days 00:00:31.605000,0 days 00:00:26.753000,0 days 01:05:00.850000,0 days 01:05:32.455000,0 days 01:05:59.208000,263.0,192.0,294.0,291.0,True,MEDIUM,9.0,True,Renault,0 days 01:04:36.668000,,1,16.0,,,False,True
0 days 01:07:21.688000,RIC,3,0 days 00:01:22.526000,24.0,2.0,,,0 days 00:00:24.065000,0 days 00:00:31.672000,0 days 00:00:26.789000,0 days 01:06:23.273000,0 days 01:06:54.945000,0 days 01:07:21.734000,264.0,191.0,302.0,294.0,False,MEDIUM,10.0,True,Renault,0 days 01:05:59.162000,,1,15.0,,,False,True
0 days 01:08:44.100000,RIC,3,0 days 00:01:22.412000,25.0,2.0,,,0 days 00:00:23.909000,0 days 00:00:31.772000,0 days 00:00:26.731000,0 days 01:07:45.643000,0 days 01:08:17.415000,0 days 01:08:44.146000,262.0,192.0,293.0,309.0,True,MEDIUM,11.0,True,Renault,0 days 01:07:21.688000,,1,15.0,,,False,True
0 days 01:10:07.185000,RIC,3,0 days 00:01:23.085000,26.0,2.0,,,0 days 00:00:24.193000,0 days 00:00:31.872000,0 days 00:00:27.020000,0 days 01:09:08.339000,0 days 01:09:40.211000,0 days 01:10:07.231000,264.0,187.0,294.0,287.0,False,MEDIUM,12.0,True,Renault,0 days 01:08:44.100000,,1,14.0,,,False,True
0 days 01:11:29.985000,RIC,3,0 days 00:01:22.800000,27.0,2.0,,,0 days 00:00:24.276000,0 days 00:00:31.850000,0 days 00:00:26.674000,0 days 01:10:31.507000,0 days 01:11:03.357000,0 days 01:11:30.031000,263.0,190.0,312.0,290.0,False,MEDIUM,13.0,True,Renault,0 days 01:10:07.185000,,1,12.0,,,False,True
0 days 01:12:52.028000,RIC,3,0 days 00:01:22.043000,28.0,2.0,,,0 days 00:00:23.631000,0 days 00:00:31.687000,0 days 00:00:26.725000,0 days 01:11:53.662000,0 days 01:12:25.349000,0 days 01:12:52.074000,261.0,190.0,292.0,320.0,True,MEDIUM,14.0,True,Renault,0 days 01:11:29.985000,,1,9.0,,,False,True
0 days 01:14:15.441000,RIC,3,0 days 00:01:23.413000,29.0,2.0,,,0 days 00:00:24.259000,0 days 00:00:31.981000,0 days 00:00:27.173000,0 days 01:13:16.333000,0 days 01:13:48.314000,0 days 01:14:15.487000,263.0,188.0,313.0,284.0,False,MEDIUM,15.0,True,Renault,0 days 01:12:52.028000,,1,9.0,,,False,True
0 days 01:15:37.214000,RIC,3,0 days 00:01:21.773000,30.0,2.0,,,0 days 00:00:23.651000,0 days 00:00:31.549000,0 days 00:00:26.573000,0 days 01:14:39.138000,0 days 01:15:10.687000,0 days 01:15:37.260000,262.0,193.0,291.0,318.0,True,MEDIUM,16.0,True,Renault,0 days 01:14:15.441000,,1,8.0,,,False,True
0 days 01:16:59.382000,RIC,3,0 days 00:01:22.168000,31.0,2.0,,,0 days 00:00:24.082000,0 days 00:00:31.476000,0 days 00:00:26.610000,0 days 01:16:01.342000,0 days 01:16:32.818000,0 days 01:16:59.428000,260.0,193.0,292.0,285.0,False,MEDIUM,17.0,True,Renault,0 days 01:15:37.214000,,1,8.0,,,False,True
0 days 01:18:22.175000,RIC,3,0 days 00:01:22.793000,32.0,2.0,,,0 days 00:00:24.148000,0 days 00:00:31.809000,0 days 00:00:26.836000,0 days 01:17:23.576000,0 days 01:17:55.385000,0 days 01:18:22.221000,260.0,189.0,293.0,284.0,False,MEDIUM,18.0,True,Renault,0 days 01:16:59.382000,,1,8.0,,,False,True
0 days 01:19:44.862000,RIC,3,0 days 00:01:22.687000,33.0,2.0,,,0 days 00:00:24.395000,0 days 00:00:31.599000,0 days 00:00:26.693000,0 days 01:18:46.616000,0 days 01:19:18.215000,0 days 01:19:44.908000,259.0,192.0,291.0,283.0,False,MEDIUM,19.0,True,Renault,0 days 01:18:22.175000,,1,8.0,,,False,True
0 days 01:21:07.362000,RIC,3,0 days 00:01:22.500000,34.0,2.0,,,0 days 00:00:24.243000,0 days 00:00:31.501000,0 days 00:00:26.756000,0 days 01:20:09.151000,0 days 01:20:40.652000,0 days 01:21:07.408000,261.0,191.0,291.0,285.0,False,MEDIUM,20.0,True,Renault,0 days 01:19:44.862000,,1,8.0,,,False,True
0 days 01:22:30.060000,RIC,3,0 days 00:01:22.698000,35.0,2.0,,,0 days 00:00:24.174000,0 days 00:00:31.704000,0 days 00:00:26.820000,0 days 01:21:31.582000,0 days 01:22:03.286000,0 days 01:22:30.106000,263.0,190.0,290.0,285.0,False,MEDIUM,21.0,True,Renault,0 days 01:21:07.362000,,1,8.0,,,False,True
0 days 01:23:54.409000,RIC,3,0 days 00:01:24.349000,36.0,2.0,,,0 days 00:00:24.209000,0 days 00:00:33.502000,0 days 00:00:26.638000,0 days 01:22:54.315000,0 days 01:23:27.817000,0 days 01:23:54.455000,260.0,192.0,291.0,285.0,False,MEDIUM,22.0,True,Renault,0 days 01:22:30.060000,,1,8.0,,,False,True
0 days 01:25:16.845000,RIC,3,0 days 00:01:22.436000,37.0,2.0,,,0 days 00:00:24.062000,0 days 00:00:31.714000,0 days 00:00:26.660000,0 days 01:24:18.517000,0 days 01:24:50.231000,0 days 01:25:16.891000,262.0,193.0,292.0,287.0,False,MEDIUM,23.0,True,Renault,0 days 01:23:54.409000,,1,7.0,,,False,True
0 days 01:26:39.244000,RIC,3,0 days 00:01:22.399000,38.0,2.0,,,0 days 00:00:24.082000,0 days 00:00:31.425000,0 days 00:00:26.892000,0 days 01:25:40.973000,0 days 01:26:12.398000,0 days 01:26:39.290000,260.0,192.0,290.0,287.0,False,MEDIUM,24.0,True,Renault,0 days 01:25:16.845000,,1,7.0,,,False,True
0 days 01:28:01.752000,RIC,3,0 days 00:01:22.508000,39.0,2.0,,,0 days 00:00:24.128000,0 days 00:00:31.666000,0 days 00:00:26.714000,0 days 01:27:03.418000,0 days 01:27:35.084000,0 days 01:28:01.798000,261.0,193.0,293.0,284.0,False,MEDIUM,25.0,True,Renault,0 days 01:26:39.244000,,1,7.0,,,False,True
0 days 01:29:23.985000,RIC,3,0 days 00:01:22.233000,40.0,2.0,,,0 days 00:00:24.217000,0 days 00:00:31.353000,0 days 00:00:26.663000,0 days 01:28:26.015000,0 days 01:28:57.368000,0 days 01:29:24.031000,261.0,194.0,292.0,283.0,False,MEDIUM,26.0,True,Renault,0 days 01:28:01.752000,,1,7.0,,,False,True
0 days 01:30:45.919000,RIC,3,0 days 00:01:21.934000,41.0,2.0,,,0 days 00:00:23.810000,0 days 00:00:31.457000,0 days 00:00:26.667000,0 days 01:29:47.841000,0 days 01:30:19.298000,0 days 01:30:45.965000,260.0,195.0,293.0,300.0,False,MEDIUM,27.0,True,Renault,0 days 01:29:23.985000,,1,7.0,,,False,True
0 days 01:32:08.028000,RIC,3,0 days 00:01:22.109000,42.0,2.0,,,0 days 00:00:24.232000,0 days 00:00:31.185000,0 days 00:00:26.692000,0 days 01:31:10.197000,0 days 01:31:41.382000,0 days 01:32:08.074000,260.0,195.0,292.0,284.0,False,MEDIUM,28.0,True,Renault,0 days 01:30:45.919000,,1,7.0,,,False,True
0 days 01:33:30.248000,RIC,3,0 days 00:01:22.220000,43.0,2.0,,,0 days 00:00:24.384000,0 days 00:00:31.286000,0 days 00:00:26.550000,0 days 01:32:32.458000,0 days 01:33:03.744000,0 days 01:33:30.294000,262.0,193.0,290.0,297.0,False,MEDIUM,29.0,True,Renault,0 days 01:32:08.028000,,1,7.0,,,False,True
0 days 01:34:52.406000,RIC,3,0 days 00:01:22.158000,44.0,2.0,,,0 days 00:00:23.956000,0 days 00:00:31.616000,0 days 00:00:26.586000,0 days 01:33:54.250000,0 days 01:34:25.866000,0 days 01:34:52.452000,264.0,191.0,293.0,296.0,False,MEDIUM,30.0,True,Renault,0 days 01:33:30.248000,,1,7.0,,,False,True
0 days 01:36:16.142000,RIC,3,0 days 00:01:23.736000,45.0,2.0,,,0 days 00:00:25.282000,0 days 00:00:31.986000,0 days 00:00:26.468000,0 days 01:35:17.734000,0 days 01:35:49.720000,0 days 01:36:16.188000,265.0,192.0,293.0,298.0,False,MEDIUM,31.0,True,Renault,0 days 01:34:52.406000,,1,8.0,,,False,True
0 days 01:37:38.372000,RIC,3,0 days 00:01:22.230000,46.0,2.0,,,0 days 00:00:24.132000,0 days 00:00:31.454000,0 days 00:00:26.644000,0 days 01:36:40.320000,0 days 01:37:11.774000,0 days 01:37:38.418000,261.0,193.0,291.0,299.0,False,MEDIUM,32.0,True,Renault,0 days 01:36:16.142000,,1,8.0,,,False,True
0 days 01:39:01.230000,RIC,3,0 days 00:01:22.858000,47.0,2.0,,,0 days 00:00:24.703000,0 days 00:00:31.558000,0 days 00:00:26.597000,0 days 01:38:03.121000,0 days 01:38:34.679000,0 days 01:39:01.276000,263.0,191.0,297.0,288.0,False,MEDIUM,33.0,True,Renault,0 days 01:37:38.372000,,1,9.0,,,False,True
0 days 01:40:23.345000,RIC,3,0 days 00:01:22.115000,48.0,2.0,,,0 days 00:00:24.173000,0 days 00:00:31.391000,0 days 00:00:26.551000,0 days 01:39:25.449000,0 days 01:39:56.840000,0 days 01:40:23.391000,264.0,194.0,296.0,291.0,False,MEDIUM,34.0,True,Renault,0 days 01:39:01.230000,,1,9.0,,,False,True
0 days 01:41:45.286000,RIC,3,0 days 00:01:21.941000,49.0,2.0,,,0 days 00:00:24.137000,0 days 00:00:31.388000,0 days 00:00:26.416000,0 days 01:40:47.528000,0 days 01:41:18.916000,0 days 01:41:45.332000,262.0,194.0,295.0,304.0,False,MEDIUM,35.0,True,Renault,0 days 01:40:23.345000,,1,9.0,,,False,True
0 days 01:43:07.210000,RIC,3,0 days 00:01:21.924000,50.0,2.0,,,0 days 00:00:23.973000,0 days 00:00:31.269000,0 days 00:00:26.682000,0 days 01:42:09.305000,0 days 01:42:40.574000,0 days 01:43:07.256000,264.0,192.0,295.0,289.0,False,MEDIUM,36.0,True,Renault,0 days 01:41:45.286000,,1,9.0,,,False,True
0 days 01:44:29.089000,RIC,3,0 days 00:01:21.879000,51.0,2.0,,,0 days 00:00:24.004000,0 days 00:00:31.406000,0 days 00:00:26.469000,0 days 01:43:31.260000,0 days 01:44:02.666000,0 days 01:44:29.135000,263.0,196.0,294.0,291.0,False,MEDIUM,37.0,True,Renault,0 days 01:43:07.210000,,1,9.0,,,False,True
0 days 01:45:52.315000,RIC,3,0 days 00:01:23.226000,52.0,2.0,,,0 days 00:00:23.886000,0 days 00:00:32.702000,0 days 00:00:26.638000,0 days 01:44:53.021000,0 days 01:45:25.723000,0 days 01:45:52.361000,265.0,192.0,295.0,291.0,False,MEDIUM,38.0,True,Renault,0 days 01:44:29.089000,,1,9.0,,,False,True
0 days 01:47:13.677000,RIC,3,0 days 00:01:21.362000,53.0,2.0,,,0 days 00:00:23.774000,0 days 00:00:31.111000,0 days 00:00:26.477000,0 days 01:46:16.135000,0 days 01:46:47.246000,0 days 01:47:13.723000,268.0,192.0,294.0,295.0,True,MEDIUM,39.0,True,Renault,0 days 01:45:52.315000,,1,9.0,,,False,True
0 days 01:48:36.612000,RIC,3,0 days 00:01:22.935000,54.0,2.0,,,0 days 00:00:24.454000,0 days 00:00:32.050000,0 days 00:00:26.431000,0 days 01:47:38.177000,0 days 01:48:10.227000,0 days 01:48:36.658000,266.0,192.0,306.0,288.0,False,MEDIUM,40.0,True,Renault,0 days 01:47:13.677000,,1,9.0,,,False,True
0 days 01:49:58.080000,RIC,3,0 days 00:01:21.468000,55.0,2.0,,,0 days 00:00:23.916000,0 days 00:00:31.307000,0 days 00:00:26.245000,0 days 01:49:00.574000,0 days 01:49:31.881000,0 days 01:49:58.126000,265.0,194.0,299.0,316.0,False,MEDIUM,41.0,True,Renault,0 days 01:48:36.612000,,1,9.0,,,False,True
0 days 01:51:19.314000,RIC,3,0 days 00:01:21.234000,56.0,2.0,,,0 days 00:00:23.738000,0 days 00:00:31.290000,0 days 00:00:26.206000,0 days 01:50:21.864000,0 days 01:50:53.154000,0 days 01:51:19.360000,267.0,194.0,297.0,297.0,True,MEDIUM,42.0,True,Renault,0 days 01:49:58.080000,,1,9.0,,,False,True
0 days 01:52:40.404000,RIC,3,0 days 00:01:21.090000,57.0,2.0,,,0 days 00:00:23.780000,0 days 00:00:31.157000,0 days 00:00:26.153000,0 days 01:51:43.140000,0 days 01:52:14.297000,0 days 01:52:40.450000,267.0,196.0,308.0,296.0,True,MEDIUM,43.0,True,Renault,0 days 01:51:19.314000,,1,9.0,,,False,True
0 days 01:54:01.650000,RIC,3,0 days 00:01:21.246000,58.0,2.0,,,0 days 00:00:23.720000,0 days 00:00:31.277000,0 days 00:00:26.249000,0 days 01:53:04.170000,0 days 01:53:35.447000,0 days 01:54:01.696000,267.0,193.0,296.0,320.0,False,MEDIUM,44.0,True,Renault,0 days 01:52:40.404000,,1,9.0,,,False,True
0 days 01:55:22.707000,RIC,3,0 days 00:01:21.057000,59.0,2.0,,,0 days 00:00:23.748000,0 days 00:00:31.083000,0 days 00:00:26.226000,0 days 01:54:25.444000,0 days 01:54:56.527000,0 days 01:55:22.753000,269.0,195.0,296.0,296.0,True,MEDIUM,45.0,True,Renault,0 days 01:54:01.650000,,1,9.0,,,False,True
0 days 01:56:43.730000,RIC,3,0 days 00:01:21.023000,60.0,2.0,,,0 days 00:00:23.625000,0 days 00:00:31.196000,0 days 00:00:26.202000,0 days 01:55:46.378000,0 days 01:56:17.574000,0 days 01:56:43.776000,267.0,194.0,297.0,294.0,True,MEDIUM,46.0,True,Renault,0 days 01:55:22.707000,,1,9.0,,,False,True
0 days 01:58:04.636000,RIC,3,0 days 00:01:20.906000,61.0,2.0,,,0 days 00:00:23.623000,0 days 00:00:31.098000,0 days 00:00:26.185000,0 days 01:57:07.399000,0 days 01:57:38.497000,0 days 01:58:04.682000,268.0,195.0,296.0,298.0,True,MEDIUM,47.0,True,Renault,0 days 01:56:43.730000,,1,9.0,,,False,True
0 days 01:59:25.634000,RIC,3,0 days 00:01:20.998000,62.0,2.0,,,0 days 00:00:23.674000,0 days 00:00:31.091000,0 days 00:00:26.233000,0 days 01:58:28.356000,0 days 01:58:59.447000,0 days 01:59:25.680000,268.0,196.0,296.0,295.0,False,MEDIUM,48.0,True,Renault,0 days 01:58:04.636000,,1,9.0,,,False,True
0 days 02:00:46.760000,RIC,3,0 days 00:01:21.126000,63.0,2.0,,,0 days 00:00:23.759000,0 days 00:00:31.042000,0 days 00:00:26.325000,0 days 01:59:49.439000,0 days 02:00:20.481000,0 days 02:00:46.806000,269.0,195.0,297.0,298.0,False,MEDIUM,49.0,True,Renault,0 days 01:59:25.634000,,1,9.0,,,False,True
0 days 02:02:08.130000,RIC,3,0 days 00:01:21.370000,64.0,2.0,,,0 days 00:00:23.624000,0 days 00:00:31.413000,0 days 00:00:26.333000,0 days 02:01:10.430000,0 days 02:01:41.843000,0 days 02:02:08.176000,270.0,197.0,297.0,299.0,False,MEDIUM,50.0,True,Renault,0 days 02:00:46.760000,,1,9.0,,,False,True
0 days 02:03:29.053000,RIC,3,0 days 00:01:20.923000,65.0,2.0,,,0 days 00:00:23.521000,0 days 00:00:31.306000,0 days 00:00:26.096000,0 days 02:02:31.697000,0 days 02:03:03.003000,0 days 02:03:29.099000,271.0,194.0,306.0,303.0,False,MEDIUM,51.0,True,Renault,0 days 02:02:08.130000,,1,9.0,,,False,True
0 days 00:34:51.919000,VET,5,0 days 00:01:42.017000,1.0,1.0,,,,0 days 00:00:39.260000,0 days 00:00:30.190000,,0 days 00:34:22.375000,0 days 00:34:52.132000,254.0,163.0,293.0,240.0,False,MEDIUM,5.0,False,Ferrari,0 days 00:33:09.808000,,12,15.0,,,False,False
0 days 00:36:23.395000,VET,5,0 days 00:01:31.476000,2.0,1.0,,,0 days 00:00:27.761000,0 days 00:00:35.390000,0 days 00:00:28.325000,0 days 00:35:19.701000,0 days 00:35:55.091000,0 days 00:36:23.416000,258.0,178.0,297.0,303.0,True,MEDIUM,6.0,False,Ferrari,0 days 00:34:51.919000,,1,16.0,,,False,True
0 days 00:37:50.477000,VET,5,0 days 00:01:27.082000,3.0,1.0,,,0 days 00:00:26.568000,0 days 00:00:33.080000,0 days 00:00:27.434000,0 days 00:36:49.984000,0 days 00:37:23.064000,0 days 00:37:50.498000,271.0,184.0,310.0,311.0,True,MEDIUM,7.0,False,Ferrari,0 days 00:36:23.395000,,1,16.0,,,False,True
0 days 00:39:15.791000,VET,5,0 days 00:01:25.314000,4.0,1.0,,,0 days 00:00:24.587000,0 days 00:00:33.571000,0 days 00:00:27.156000,0 days 00:38:15.085000,0 days 00:38:48.656000,0 days 00:39:15.812000,273.0,185.0,311.0,322.0,True,MEDIUM,8.0,False,Ferrari,0 days 00:37:50.477000,,1,16.0,,,False,True
0 days 00:40:39.961000,VET,5,0 days 00:01:24.170000,5.0,1.0,,,0 days 00:00:24.386000,0 days 00:00:32.705000,0 days 00:00:27.079000,0 days 00:39:40.198000,0 days 00:40:12.903000,0 days 00:40:39.982000,270.0,189.0,311.0,310.0,True,MEDIUM,9.0,False,Ferrari,0 days 00:39:15.791000,,1,16.0,,,False,True
0 days 00:42:03.311000,VET,5,0 days 00:01:23.350000,6.0,1.0,,,0 days 00:00:24.327000,0 days 00:00:32.270000,0 days 00:00:26.753000,0 days 00:41:04.309000,0 days 00:41:36.579000,0 days 00:42:03.332000,274.0,190.0,314.0,316.0,True,MEDIUM,10.0,False,Ferrari,0 days 00:40:39.961000,,1,16.0,,,False,True
0 days 00:43:26.415000,VET,5,0 days 00:01:23.104000,7.0,1.0,,,0 days 00:00:24.048000,0 days 00:00:32.040000,0 days 00:00:27.016000,0 days 00:42:27.380000,0 days 00:42:59.420000,0 days 00:43:26.436000,271.0,189.0,304.0,323.0,True,MEDIUM,11.0,False,Ferrari,0 days 00:42:03.311000,,1,15.0,,,False,True
0 days 00:44:50.157000,VET,5,0 days 00:01:23.742000,8.0,1.0,,,0 days 00:00:24.076000,0 days 00:00:32.552000,0 days 00:00:27.114000,0 days 00:43:50.512000,0 days 00:44:23.064000,0 days 00:44:50.178000,271.0,189.0,308.0,324.0,False,MEDIUM,12.0,False,Ferrari,0 days 00:43:26.415000,,1,15.0,,,False,True
0 days 00:46:14.042000,VET,5,0 days 00:01:23.885000,9.0,1.0,,,0 days 00:00:24.255000,0 days 00:00:32.734000,0 days 00:00:26.896000,0 days 00:45:14.433000,0 days 00:45:47.167000,0 days 00:46:14.063000,272.0,180.0,311.0,324.0,False,MEDIUM,13.0,False,Ferrari,0 days 00:44:50.157000,,1,15.0,,,False,True
0 days 00:47:38.103000,VET,5,0 days 00:01:24.061000,10.0,1.0,,,0 days 00:00:24.381000,0 days 00:00:32.607000,0 days 00:00:27.073000,0 days 00:46:38.444000,0 days 00:47:11.051000,0 days 00:47:38.124000,273.0,188.0,307.0,324.0,False,MEDIUM,14.0,False,Ferrari,0 days 00:46:14.042000,,1,15.0,,,False,True
0 days 00:49:02.219000,VET,5,0 days 00:01:24.116000,11.0,1.0,,,0 days 00:00:24.454000,0 days 00:00:33.025000,0 days 00:00:26.637000,0 days 00:48:02.578000,0 days 00:48:35.603000,0 days 00:49:02.240000,276.0,190.0,318.0,324.0,False,MEDIUM,15.0,False,Ferrari,0 days 00:47:38.103000,,1,15.0,,,False,True
0 days 00:50:26.048000,VET,5,0 days 00:01:23.829000,12.0,1.0,,,0 days 00:00:24.196000,0 days 00:00:32.445000,0 days 00:00:27.188000,0 days 00:49:26.436000,0 days 00:49:58.881000,0 days 00:50:26.069000,270.0,189.0,308.0,327.0,False,MEDIUM,16.0,False,Ferrari,0 days 00:49:02.219000,,1,13.0,,,False,True
0 days 00:51:50.770000,VET,5,0 days 00:01:24.722000,13.0,1.0,,,0 days 00:00:24.614000,0 days 00:00:33.167000,0 days 00:00:26.941000,0 days 00:50:50.683000,0 days 00:51:23.850000,0 days 00:51:50.791000,272.0,187.0,312.0,326.0,False,MEDIUM,17.0,False,Ferrari,0 days 00:50:26.048000,,1,13.0,,,False,True
0 days 00:53:13.598000,VET,5,0 days 00:01:22.828000,14.0,1.0,,,0 days 00:00:23.976000,0 days 00:00:32.030000,0 days 00:00:26.822000,0 days 00:52:14.767000,0 days 00:52:46.797000,0 days 00:53:13.619000,266.0,186.0,290.0,323.0,True,MEDIUM,18.0,False,Ferrari,0 days 00:51:50.770000,,1,12.0,,,False,True
0 days 00:54:36.753000,VET,5,0 days 00:01:23.155000,15.0,1.0,,,0 days 00:00:24.303000,0 days 00:00:31.785000,0 days 00:00:27.067000,0 days 00:53:37.922000,0 days 00:54:09.707000,0 days 00:54:36.774000,269.0,192.0,289.0,297.0,False,MEDIUM,19.0,False,Ferrari,0 days 00:53:13.598000,,1,11.0,,,False,True
0 days 00:55:59.807000,VET,5,0 days 00:01:23.054000,16.0,1.0,,,0 days 00:00:24.188000,0 days 00:00:31.834000,0 days 00:00:27.032000,0 days 00:55:00.962000,0 days 00:55:32.796000,0 days 00:55:59.828000,269.0,191.0,291.0,297.0,False,MEDIUM,20.0,False,Ferrari,0 days 00:54:36.753000,,1,11.0,,,False,True
0 days 00:57:22.624000,VET,5,0 days 00:01:22.817000,17.0,1.0,,,0 days 00:00:24.099000,0 days 00:00:31.808000,0 days 00:00:26.910000,0 days 00:56:23.927000,0 days 00:56:55.735000,0 days 00:57:22.645000,269.0,185.0,290.0,303.0,True,MEDIUM,21.0,False,Ferrari,0 days 00:55:59.807000,,1,11.0,,,False,True
0 days 00:58:46.133000,VET,5,0 days 00:01:23.509000,18.0,1.0,,,0 days 00:00:24.518000,0 days 00:00:31.848000,0 days 00:00:27.143000,0 days 00:57:47.163000,0 days 00:58:19.011000,0 days 00:58:46.154000,274.0,188.0,292.0,301.0,False,MEDIUM,22.0,False,Ferrari,0 days 00:57:22.624000,,1,10.0,,,False,True
0 days 01:00:08.737000,VET,5,0 days 00:01:22.604000,19.0,1.0,,,0 days 00:00:23.975000,0 days 00:00:31.885000,0 days 00:00:26.744000,0 days 00:59:10.129000,0 days 00:59:42.014000,0 days 01:00:08.758000,271.0,187.0,290.0,305.0,True,MEDIUM,23.0,False,Ferrari,0 days 00:58:46.133000,,1,8.0,,,False,True
0 days 01:01:31.595000,VET,5,0 days 00:01:22.858000,20.0,1.0,,,0 days 00:00:24.095000,0 days 00:00:31.858000,0 days 00:00:26.905000,0 days 01:00:32.853000,0 days 01:01:04.711000,0 days 01:01:31.616000,271.0,185.0,289.0,300.0,False,MEDIUM,24.0,False,Ferrari,0 days 01:00:08.737000,,1,8.0,,,False,True
0 days 01:02:55.648000,VET,5,0 days 00:01:24.053000,21.0,1.0,,,0 days 00:00:24.452000,0 days 00:00:32.423000,0 days 00:00:27.178000,0 days 01:01:56.068000,0 days 01:02:28.491000,0 days 01:02:55.669000,269.0,189.0,290.0,300.0,False,MEDIUM,25.0,False,Ferrari,0 days 01:01:31.595000,,1,8.0,,,False,True
0 days 01:04:18.756000,VET,5,0 days 00:01:23.108000,22.0,1.0,,,0 days 00:00:24.260000,0 days 00:00:31.954000,0 days 00:00:26.894000,0 days 01:03:19.929000,0 days 01:03:51.883000,0 days 01:04:18.777000,270.0,187.0,293.0,299.0,False,MEDIUM,26.0,False,Ferrari,0 days 01:02:55.648000,,1,8.0,,,False,True
0 days 01:05:41.535000,VET,5,0 days 00:01:22.779000,23.0,1.0,,,0 days 00:00:24.123000,0 days 00:00:31.749000,0 days 00:00:26.907000,0 days 01:04:42.900000,0 days 01:05:14.649000,0 days 01:05:41.556000,270.0,191.0,291.0,300.0,False,MEDIUM,27.0,False,Ferrari,0 days 01:04:18.756000,,1,8.0,,,False,True
0 days 01:07:04.064000,VET,5,0 days 00:01:22.529000,24.0,1.0,,,0 days 00:00:24.005000,0 days 00:00:31.631000,0 days 00:00:26.893000,0 days 01:06:05.561000,0 days 01:06:37.192000,0 days 01:07:04.085000,271.0,191.0,293.0,302.0,True,MEDIUM,28.0,False,Ferrari,0 days 01:05:41.535000,,1,8.0,,,False,True
0 days 01:08:27.054000,VET,5,0 days 00:01:22.990000,25.0,1.0,,,0 days 00:00:24.156000,0 days 00:00:31.953000,0 days 00:00:26.881000,0 days 01:07:28.241000,0 days 01:08:00.194000,0 days 01:08:27.075000,272.0,188.0,293.0,301.0,False,MEDIUM,29.0,False,Ferrari,0 days 01:07:04.064000,,1,8.0,,,False,True
0 days 01:09:49.903000,VET,5,0 days 00:01:22.849000,26.0,1.0,,,0 days 00:00:24.028000,0 days 00:00:31.816000,0 days 00:00:27.005000,0 days 01:08:51.103000,0 days 01:09:22.919000,0 days 01:09:49.924000,272.0,190.0,292.0,301.0,False,MEDIUM,30.0,False,Ferrari,0 days 01:08:27.054000,,1,8.0,,,False,True
0 days 01:11:16.890000,VET,5,0 days 00:01:26.987000,27.0,1.0,,0 days 01:11:16.548000,0 days 00:00:24.131000,0 days 00:00:32.075000,0 days 00:00:30.781000,0 days 01:10:14.055000,0 days 01:10:46.130000,0 days 01:11:16.911000,271.0,191.0,,302.0,False,MEDIUM,31.0,False,Ferrari,0 days 01:09:49.903000,,1,8.0,,,False,False
0 days 01:13:03.656000,VET,5,0 days 00:01:46.766000,28.0,2.0,0 days 01:11:40.554000,,0 days 00:00:46.861000,0 days 00:00:32.382000,0 days 00:00:27.523000,0 days 01:12:03.772000,0 days 01:12:36.154000,0 days 01:13:03.677000,266.0,189.0,290.0,302.0,False,HARD,1.0,True,Ferrari,0 days 01:11:16.890000,,1,15.0,,,False,False
0 days 01:14:27.666000,VET,5,0 days 00:01:24.010000,29.0,2.0,,,0 days 00:00:25.474000,0 days 00:00:31.662000,0 days 00:00:26.874000,0 days 01:13:29.151000,0 days 01:14:00.813000,0 days 01:14:27.687000,271.0,189.0,292.0,293.0,False,HARD,2.0,True,Ferrari,0 days 01:13:03.656000,,1,14.0,,,False,True
0 days 01:15:49.717000,VET,5,0 days 00:01:22.051000,30.0,2.0,,,0 days 00:00:23.753000,0 days 00:00:31.604000,0 days 00:00:26.694000,0 days 01:14:51.440000,0 days 01:15:23.044000,0 days 01:15:49.738000,271.0,190.0,292.0,303.0,True,HARD,3.0,True,Ferrari,0 days 01:14:27.666000,,1,14.0,,,False,True
0 days 01:17:11.699000,VET,5,0 days 00:01:21.982000,31.0,2.0,,,0 days 00:00:23.719000,0 days 00:00:31.564000,0 days 00:00:26.699000,0 days 01:16:13.457000,0 days 01:16:45.021000,0 days 01:17:11.720000,270.0,192.0,292.0,302.0,True,HARD,4.0,True,Ferrari,0 days 01:15:49.717000,,1,14.0,,,False,True
0 days 01:18:33.687000,VET,5,0 days 00:01:21.988000,32.0,2.0,,,0 days 00:00:23.834000,0 days 00:00:31.366000,0 days 00:00:26.788000,0 days 01:17:35.554000,0 days 01:18:06.920000,0 days 01:18:33.708000,270.0,192.0,291.0,301.0,False,HARD,5.0,True,Ferrari,0 days 01:17:11.699000,,1,13.0,,,False,True
0 days 01:19:55.595000,VET,5,0 days 00:01:21.908000,33.0,2.0,,,0 days 00:00:23.722000,0 days 00:00:31.438000,0 days 00:00:26.748000,0 days 01:18:57.430000,0 days 01:19:28.868000,0 days 01:19:55.616000,271.0,191.0,292.0,302.0,True,HARD,6.0,True,Ferrari,0 days 01:18:33.687000,,1,13.0,,,False,True
0 days 01:21:18.068000,VET,5,0 days 00:01:22.473000,34.0,2.0,,,0 days 00:00:23.693000,0 days 00:00:31.638000,0 days 00:00:27.142000,0 days 01:20:19.309000,0 days 01:20:50.947000,0 days 01:21:18.089000,271.0,191.0,292.0,301.0,False,HARD,7.0,True,Ferrari,0 days 01:19:55.595000,,1,13.0,,,False,True
0 days 01:22:41.655000,VET,5,0 days 00:01:23.587000,35.0,2.0,,,0 days 00:00:25.075000,0 days 00:00:31.754000,0 days 00:00:26.758000,0 days 01:21:43.164000,0 days 01:22:14.918000,0 days 01:22:41.676000,271.0,193.0,290.0,246.0,False,HARD,8.0,True,Ferrari,0 days 01:21:18.068000,,1,13.0,,,False,True
0 days 01:24:04.023000,VET,5,0 days 00:01:22.368000,36.0,2.0,,,0 days 00:00:23.968000,0 days 00:00:31.593000,0 days 00:00:26.807000,0 days 01:23:05.644000,0 days 01:23:37.237000,0 days 01:24:04.044000,269.0,192.0,292.0,302.0,False,HARD,9.0,True,Ferrari,0 days 01:22:41.655000,,1,13.0,,,False,True
0 days 01:25:26.148000,VET,5,0 days 00:01:22.125000,37.0,2.0,,,0 days 00:00:23.846000,0 days 00:00:31.478000,0 days 00:00:26.801000,0 days 01:24:27.890000,0 days 01:24:59.368000,0 days 01:25:26.169000,270.0,193.0,291.0,300.0,False,HARD,10.0,True,Ferrari,0 days 01:24:04.023000,,1,12.0,,,False,True
0 days 01:26:48.365000,VET,5,0 days 00:01:22.217000,38.0,2.0,,,0 days 00:00:23.821000,0 days 00:00:31.526000,0 days 00:00:26.870000,0 days 01:25:49.990000,0 days 01:26:21.516000,0 days 01:26:48.386000,271.0,189.0,294.0,304.0,False,HARD,11.0,True,Ferrari,0 days 01:25:26.148000,,1,12.0,,,False,True
0 days 01:28:10.170000,VET,5,0 days 00:01:21.805000,39.0,2.0,,,0 days 00:00:23.653000,0 days 00:00:31.378000,0 days 00:00:26.774000,0 days 01:27:12.039000,0 days 01:27:43.417000,0 days 01:28:10.191000,272.0,194.0,293.0,305.0,True,HARD,12.0,True,Ferrari,0 days 01:26:48.365000,,1,12.0,,,False,True
0 days 01:29:31.998000,VET,5,0 days 00:01:21.828000,40.0,2.0,,,0 days 00:00:23.744000,0 days 00:00:31.295000,0 days 00:00:26.789000,0 days 01:28:33.935000,0 days 01:29:05.230000,0 days 01:29:32.019000,272.0,192.0,293.0,304.0,False,HARD,13.0,True,Ferrari,0 days 01:28:10.170000,,1,12.0,,,False,True
0 days 01:30:54.086000,VET,5,0 days 00:01:22.088000,41.0,2.0,,,0 days 00:00:23.707000,0 days 00:00:31.378000,0 days 00:00:27.003000,0 days 01:29:55.726000,0 days 01:30:27.104000,0 days 01:30:54.107000,271.0,190.0,294.0,304.0,False,HARD,14.0,True,Ferrari,0 days 01:29:31.998000,,1,12.0,,,False,True
0 days 01:32:15.831000,VET,5,0 days 00:01:21.745000,42.0,2.0,,,0 days 00:00:23.671000,0 days 00:00:31.340000,0 days 00:00:26.734000,0 days 01:31:17.778000,0 days 01:31:49.118000,0 days 01:32:15.852000,272.0,192.0,294.0,304.0,True,HARD,15.0,True,Ferrari,0 days 01:30:54.086000,,1,12.0,,,False,True
0 days 01:33:37.675000,VET,5,0 days 00:01:21.844000,43.0,2.0,,,0 days 00:00:23.859000,0 days 00:00:31.164000,0 days 00:00:26.821000,0 days 01:32:39.711000,0 days 01:33:10.875000,0 days 01:33:37.696000,272.0,193.0,293.0,304.0,False,HARD,16.0,True,Ferrari,0 days 01:32:15.831000,,1,12.0,,,False,True
0 days 01:34:59.598000,VET,5,0 days 00:01:21.923000,44.0,2.0,,,0 days 00:00:23.855000,0 days 00:00:31.501000,0 days 00:00:26.567000,0 days 01:34:01.551000,0 days 01:34:33.052000,0 days 01:34:59.619000,273.0,191.0,295.0,305.0,False,HARD,17.0,True,Ferrari,0 days 01:33:37.675000,,1,12.0,,,False,True
0 days 01:36:21.190000,VET,5,0 days 00:01:21.592000,45.0,2.0,,,0 days 00:00:23.619000,0 days 00:00:31.315000,0 days 00:00:26.658000,0 days 01:35:23.238000,0 days 01:35:54.553000,0 days 01:36:21.211000,273.0,191.0,294.0,306.0,True,HARD,18.0,True,Ferrari,0 days 01:34:59.598000,,1,12.0,,,False,True
0 days 01:37:42.562000,VET,5,0 days 00:01:21.372000,46.0,2.0,,,0 days 00:00:23.567000,0 days 00:00:31.257000,0 days 00:00:26.548000,0 days 01:36:44.778000,0 days 01:37:16.035000,0 days 01:37:42.583000,273.0,194.0,294.0,308.0,True,HARD,19.0,True,Ferrari,0 days 01:36:21.190000,,1,11.0,,,False,True
0 days 01:39:03.828000,VET,5,0 days 00:01:21.266000,47.0,2.0,,,0 days 00:00:23.578000,0 days 00:00:31.267000,0 days 00:00:26.421000,0 days 01:38:06.161000,0 days 01:38:37.428000,0 days 01:39:03.849000,273.0,196.0,294.0,301.0,True,HARD,20.0,True,Ferrari,0 days 01:37:42.562000,,1,11.0,,,False,True
0 days 01:40:25.634000,VET,5,0 days 00:01:21.806000,48.0,2.0,,,0 days 00:00:23.902000,0 days 00:00:31.324000,0 days 00:00:26.580000,0 days 01:39:27.751000,0 days 01:39:59.075000,0 days 01:40:25.655000,273.0,196.0,294.0,300.0,False,HARD,21.0,True,Ferrari,0 days 01:39:03.828000,,1,11.0,,,False,True
0 days 01:41:47.252000,VET,5,0 days 00:01:21.618000,49.0,2.0,,,0 days 00:00:23.693000,0 days 00:00:31.281000,0 days 00:00:26.644000,0 days 01:40:49.348000,0 days 01:41:20.629000,0 days 01:41:47.273000,271.0,194.0,294.0,305.0,False,HARD,22.0,True,Ferrari,0 days 01:40:25.634000,,1,11.0,,,False,True
0 days 01:43:11.267000,VET,5,0 days 00:01:24.015000,50.0,2.0,,,0 days 00:00:23.743000,0 days 00:00:33.554000,0 days 00:00:26.718000,0 days 01:42:11.016000,0 days 01:42:44.570000,0 days 01:43:11.288000,273.0,188.0,294.0,307.0,False,HARD,23.0,True,Ferrari,0 days 01:41:47.252000,,1,11.0,,,False,True
0 days 01:44:32.607000,VET,5,0 days 00:01:21.340000,51.0,2.0,,,0 days 00:00:23.588000,0 days 00:00:31.320000,0 days 00:00:26.432000,0 days 01:43:34.876000,0 days 01:44:06.196000,0 days 01:44:32.628000,270.0,193.0,305.0,303.0,False,HARD,24.0,True,Ferrari,0 days 01:43:11.267000,,1,11.0,,,False,True
0 days 01:45:54.830000,VET,5,0 days 00:01:22.223000,52.0,2.0,,,0 days 00:00:24.085000,0 days 00:00:31.474000,0 days 00:00:26.664000,0 days 01:44:56.713000,0 days 01:45:28.187000,0 days 01:45:54.851000,271.0,193.0,293.0,322.0,False,HARD,25.0,True,Ferrari,0 days 01:44:32.607000,,1,11.0,,,False,True
0 days 01:47:15.904000,VET,5,0 days 00:01:21.074000,53.0,2.0,,,0 days 00:00:23.614000,0 days 00:00:31.231000,0 days 00:00:26.229000,0 days 01:46:18.465000,0 days 01:46:49.696000,0 days 01:47:15.925000,272.0,196.0,310.0,304.0,True,HARD,26.0,True,Ferrari,0 days 01:45:54.830000,,1,11.0,,,False,True
0 days 01:48:37.479000,VET,5,0 days 00:01:21.575000,54.0,2.0,,,0 days 00:00:23.514000,0 days 00:00:31.576000,0 days 00:00:26.485000,0 days 01:47:39.439000,0 days 01:48:11.015000,0 days 01:48:37.500000,270.0,193.0,308.0,326.0,False,HARD,27.0,True,Ferrari,0 days 01:47:15.904000,,1,10.0,,,False,True
0 days 01:49:59.004000,VET,5,0 days 00:01:21.525000,55.0,2.0,,,0 days 00:00:23.662000,0 days 00:00:31.563000,0 days 00:00:26.300000,0 days 01:49:01.162000,0 days 01:49:32.725000,0 days 01:49:59.025000,274.0,195.0,306.0,323.0,False,HARD,28.0,True,Ferrari,0 days 01:48:37.479000,,1,10.0,,,False,True
0 days 01:51:20.435000,VET,5,0 days 00:01:21.431000,56.0,2.0,,,0 days 00:00:23.434000,0 days 00:00:31.569000,0 days 00:00:26.428000,0 days 01:50:22.459000,0 days 01:50:54.028000,0 days 01:51:20.456000,275.0,195.0,294.0,322.0,False,HARD,29.0,True,Ferrari,0 days 01:49:59.004000,,1,10.0,,,False,True
0 days 01:52:41.328000,VET,5,0 days 00:01:20.893000,57.0,2.0,,,0 days 00:00:23.571000,0 days 00:00:31.107000,0 days 00:00:26.215000,0 days 01:51:44.027000,0 days 01:52:15.134000,0 days 01:52:41.349000,274.0,196.0,309.0,306.0,True,HARD,30.0,True,Ferrari,0 days 01:51:20.435000,,1,10.0,,,False,True
0 days 01:54:02.446000,VET,5,0 days 00:01:21.118000,58.0,2.0,,,0 days 00:00:23.497000,0 days 00:00:31.377000,0 days 00:00:26.244000,0 days 01:53:04.846000,0 days 01:53:36.223000,0 days 01:54:02.467000,271.0,195.0,306.0,323.0,False,HARD,31.0,True,Ferrari,0 days 01:52:41.328000,,1,10.0,,,False,True
0 days 01:55:24.508000,VET,5,0 days 00:01:22.062000,59.0,2.0,,,0 days 00:00:23.542000,0 days 00:00:31.958000,0 days 00:00:26.562000,0 days 01:54:26.009000,0 days 01:54:57.967000,0 days 01:55:24.529000,276.0,179.0,293.0,327.0,False,HARD,32.0,True,Ferrari,0 days 01:54:02.446000,,1,10.0,,,False,True
0 days 01:56:45.652000,VET,5,0 days 00:01:21.144000,60.0,2.0,,,0 days 00:00:23.501000,0 days 00:00:31.363000,0 days 00:00:26.280000,0 days 01:55:48.030000,0 days 01:56:19.393000,0 days 01:56:45.673000,273.0,195.0,295.0,304.0,False,HARD,33.0,True,Ferrari,0 days 01:55:24.508000,,1,10.0,,,False,True
0 days 01:58:06.529000,VET,5,0 days 00:01:20.877000,61.0,2.0,,,0 days 00:00:23.583000,0 days 00:00:30.955000,0 days 00:00:26.339000,0 days 01:57:09.256000,0 days 01:57:40.211000,0 days 01:58:06.550000,273.0,192.0,293.0,304.0,True,HARD,34.0,True,Ferrari,0 days 01:56:45.652000,,1,10.0,,,False,True
0 days 01:59:27.260000,VET,5,0 days 00:01:20.731000,62.0,2.0,,,0 days 00:00:23.441000,0 days 00:00:30.860000,0 days 00:00:26.430000,0 days 01:58:29.991000,0 days 01:59:00.851000,0 days 01:59:27.281000,274.0,195.0,295.0,302.0,True,HARD,35.0,True,Ferrari,0 days 01:58:06.529000,,1,10.0,,,False,True
0 days 02:00:48.256000,VET,5,0 days 00:01:20.996000,63.0,2.0,,,0 days 00:00:23.433000,0 days 00:00:31.228000,0 days 00:00:26.335000,0 days 01:59:50.714000,0 days 02:00:21.942000,0 days 02:00:48.277000,274.0,196.0,295.0,306.0,False,HARD,36.0,True,Ferrari,0 days 01:59:27.260000,,1,10.0,,,False,True
0 days 02:02:09.166000,VET,5,0 days 00:01:20.910000,64.0,2.0,,,0 days 00:00:23.417000,0 days 00:00:31.090000,0 days 00:00:26.403000,0 days 02:01:11.694000,0 days 02:01:42.784000,0 days 02:02:09.187000,276.0,196.0,295.0,303.0,False,HARD,37.0,True,Ferrari,0 days 02:00:48.256000,,1,10.0,,,False,True
0 days 02:03:30.193000,VET,5,0 days 00:01:21.027000,65.0,2.0,,,0 days 00:00:23.580000,0 days 00:00:31.354000,0 days 00:00:26.093000,0 days 02:02:32.767000,0 days 02:03:04.121000,0 days 02:03:30.214000,274.0,197.0,286.0,310.0,False,HARD,38.0,True,Ferrari,0 days 02:02:09.166000,,1,10.0,,,False,True
0 days 00:34:48.820000,RAI,7,0 days 00:01:38.918000,1.0,1.0,,,,0 days 00:00:36.988000,0 days 00:00:29.436000,,0 days 00:34:19.497000,0 days 00:34:49.071000,264.0,165.0,309.0,244.0,False,SOFT,1.0,True,Alfa Romeo Racing,0 days 00:33:09.808000,,12,7.0,,,False,False
0 days 00:36:16.751000,RAI,7,0 days 00:01:27.931000,2.0,1.0,,,0 days 00:00:26.420000,0 days 00:00:34.049000,0 days 00:00:27.462000,0 days 00:35:15.270000,0 days 00:35:49.319000,0 days 00:36:16.781000,273.0,179.0,292.0,305.0,True,SOFT,2.0,True,Alfa Romeo Racing,0 days 00:34:48.820000,,1,6.0,,,False,True
0 days 00:37:40.980000,RAI,7,0 days 00:01:24.229000,3.0,1.0,,,0 days 00:00:24.683000,0 days 00:00:32.361000,0 days 00:00:27.185000,0 days 00:36:41.464000,0 days 00:37:13.825000,0 days 00:37:41.010000,269.0,180.0,292.0,301.0,True,SOFT,3.0,True,Alfa Romeo Racing,0 days 00:36:16.751000,,1,6.0,,,False,True
0 days 00:39:04.503000,RAI,7,0 days 00:01:23.523000,4.0,1.0,,,0 days 00:00:24.428000,0 days 00:00:32.051000,0 days 00:00:27.044000,0 days 00:38:05.438000,0 days 00:38:37.489000,0 days 00:39:04.533000,268.0,185.0,304.0,305.0,True,SOFT,4.0,True,Alfa Romeo Racing,0 days 00:37:40.980000,,1,6.0,,,False,True
0 days 00:40:28.810000,RAI,7,0 days 00:01:24.307000,5.0,1.0,,,0 days 00:00:24.362000,0 days 00:00:32.661000,0 days 00:00:27.284000,0 days 00:39:28.895000,0 days 00:40:01.556000,0 days 00:40:28.840000,271.0,173.0,302.0,325.0,False,SOFT,5.0,True,Alfa Romeo Racing,0 days 00:39:04.503000,,1,6.0,,,False,True
0 days 00:41:52.732000,RAI,7,0 days 00:01:23.922000,6.0,1.0,,,0 days 00:00:24.383000,0 days 00:00:32.317000,0 days 00:00:27.222000,0 days 00:40:53.223000,0 days 00:41:25.540000,0 days 00:41:52.762000,271.0,182.0,302.0,320.0,False,SOFT,6.0,True,Alfa Romeo Racing,0 days 00:40:28.810000,,1,6.0,,,False,True
0 days 00:43:16.959000,RAI,7,0 days 00:01:24.227000,7.0,1.0,,,0 days 00:00:24.357000,0 days 00:00:32.370000,0 days 00:00:27.500000,0 days 00:42:17.119000,0 days 00:42:49.489000,0 days 00:43:16.989000,269.0,177.0,292.0,322.0,False,SOFT,7.0,True,Alfa Romeo Racing,0 days 00:41:52.732000,,1,6.0,,,False,True
0 days 00:44:42.601000,RAI,7,0 days 00:01:25.642000,8.0,1.0,,,0 days 00:00:25.404000,0 days 00:00:32.727000,0 days 00:00:27.511000,0 days 00:43:42.393000,0 days 00:44:15.120000,0 days 00:44:42.631000,268.0,174.0,290.0,303.0,False,SOFT,8.0,True,Alfa Romeo Racing,0 days 00:43:16.959000,,1,7.0,,,False,True
0 days 00:46:07.709000,RAI,7,0 days 00:01:25.108000,9.0,1.0,,,0 days 00:00:25.118000,0 days 00:00:32.599000,0 days 00:00:27.391000,0 days 00:45:07.749000,0 days 00:45:40.348000,0 days 00:46:07.739000,268.0,180.0,292.0,296.0,False,SOFT,9.0,True,Alfa Romeo Racing,0 days 00:44:42.601000,,1,8.0,,,False,True
0 days 00:47:32.768000,RAI,7,0 days 00:01:25.059000,10.0,1.0,,,0 days 00:00:25.106000,0 days 00:00:32.568000,0 days 00:00:27.385000,0 days 00:46:32.845000,0 days 00:47:05.413000,0 days 00:47:32.798000,268.0,183.0,292.0,306.0,False,SOFT,10.0,True,Alfa Romeo Racing,0 days 00:46:07.709000,,1,9.0,,,False,True
0 days 00:49:01.125000,RAI,7,0 days 00:01:28.357000,11.0,1.0,,0 days 00:48:58.202000,0 days 00:00:25.180000,0 days 00:00:32.583000,0 days 00:00:30.594000,0 days 00:47:57.978000,0 days 00:48:30.561000,0 days 00:49:01.155000,266.0,184.0,,300.0,False,SOFT,11.0,True,Alfa Romeo Racing,0 days 00:47:32.768000,,1,12.0,,,False,False
0 days 00:50:49.428000,RAI,7,0 days 00:01:48.303000,12.0,2.0,0 days 00:49:27.299000,,0 days 00:00:48.613000,0 days 00:00:32.380000,0 days 00:00:27.310000,0 days 00:49:49.768000,0 days 00:50:22.148000,0 days 00:50:49.458000,263.0,188.0,288.0,300.0,False,MEDIUM,1.0,True,Alfa Romeo Racing,0 days 00:49:01.125000,,1,20.0,,,False,False
0 days 00:52:12.098000,RAI,7,0 days 00:01:22.670000,13.0,2.0,,,0 days 00:00:24.106000,0 days 00:00:31.702000,0 days 00:00:26.862000,0 days 00:51:13.564000,0 days 00:51:45.266000,0 days 00:52:12.128000,266.0,186.0,287.0,295.0,True,MEDIUM,2.0,True,Alfa Romeo Racing,0 days 00:50:49.428000,,1,20.0,,,False,True
0 days 00:53:34.274000,RAI,7,0 days 00:01:22.176000,14.0,2.0,,,0 days 00:00:24.162000,0 days 00:00:31.326000,0 days 00:00:26.688000,0 days 00:52:36.290000,0 days 00:53:07.616000,0 days 00:53:34.304000,266.0,186.0,288.0,297.0,True,MEDIUM,3.0,True,Alfa Romeo Racing,0 days 00:52:12.098000,,1,20.0,,,False,True
0 days 00:54:57.068000,RAI,7,0 days 00:01:22.794000,15.0,2.0,,,0 days 00:00:24.229000,0 days 00:00:31.730000,0 days 00:00:26.835000,0 days 00:53:58.533000,0 days 00:54:30.263000,0 days 00:54:57.098000,268.0,185.0,304.0,298.0,False,MEDIUM,4.0,True,Alfa Romeo Racing,0 days 00:53:34.274000,,1,20.0,,,False,True
0 days 00:56:20.517000,RAI,7,0 days 00:01:23.449000,16.0,2.0,,,0 days 00:00:24.363000,0 days 00:00:32.123000,0 days 00:00:26.963000,0 days 00:55:21.461000,0 days 00:55:53.584000,0 days 00:56:20.547000,274.0,186.0,293.0,329.0,False,MEDIUM,5.0,True,Alfa Romeo Racing,0 days 00:54:57.068000,,1,20.0,,,False,True
0 days 00:57:43.495000,RAI,7,0 days 00:01:22.978000,17.0,2.0,,,0 days 00:00:24.257000,0 days 00:00:31.763000,0 days 00:00:26.958000,0 days 00:56:44.804000,0 days 00:57:16.567000,0 days 00:57:43.525000,267.0,186.0,289.0,302.0,False,MEDIUM,6.0,True,Alfa Romeo Racing,0 days 00:56:20.517000,,1,20.0,,,False,True
0 days 00:59:06.362000,RAI,7,0 days 00:01:22.867000,18.0,2.0,,,0 days 00:00:24.323000,0 days 00:00:31.589000,0 days 00:00:26.955000,0 days 00:58:07.848000,0 days 00:58:39.437000,0 days 00:59:06.392000,268.0,189.0,294.0,302.0,False,MEDIUM,7.0,True,Alfa Romeo Racing,0 days 00:57:43.495000,,1,20.0,,,False,True
0 days 01:00:29.492000,RAI,7,0 days 00:01:23.130000,19.0,2.0,,,0 days 00:00:24.470000,0 days 00:00:31.738000,0 days 00:00:26.922000,0 days 00:59:30.862000,0 days 01:00:02.600000,0 days 01:00:29.522000,267.0,187.0,291.0,304.0,False,MEDIUM,8.0,True,Alfa Romeo Racing,0 days 00:59:06.362000,,1,18.0,,,False,True
0 days 01:01:52.377000,RAI,7,0 days 00:01:22.885000,20.0,2.0,,,0 days 00:00:24.148000,0 days 00:00:31.835000,0 days 00:00:26.902000,0 days 01:00:53.670000,0 days 01:01:25.505000,0 days 01:01:52.407000,270.0,188.0,292.0,301.0,False,MEDIUM,9.0,True,Alfa Romeo Racing,0 days 01:00:29.492000,,1,17.0,,,False,True
0 days 01:03:15.260000,RAI,7,0 days 00:01:22.883000,21.0,2.0,,,0 days 00:00:24.182000,0 days 00:00:31.964000,0 days 00:00:26.737000,0 days 01:02:16.589000,0 days 01:02:48.553000,0 days 01:03:15.290000,269.0,188.0,293.0,303.0,False,MEDIUM,10.0,True,Alfa Romeo Racing,0 days 01:01:52.377000,,1,17.0,,,False,True
0 days 01:04:37.772000,RAI,7,0 days 00:01:22.512000,22.0,2.0,,,0 days 00:00:24.160000,0 days 00:00:31.634000,0 days 00:00:26.718000,0 days 01:03:39.450000,0 days 01:04:11.084000,0 days 01:04:37.802000,270.0,189.0,293.0,303.0,False,MEDIUM,11.0,True,Alfa Romeo Racing,0 days 01:03:15.260000,,1,17.0,,,False,True
0 days 01:06:00.243000,RAI,7,0 days 00:01:22.471000,23.0,2.0,,,0 days 00:00:24.102000,0 days 00:00:31.784000,0 days 00:00:26.585000,0 days 01:05:01.904000,0 days 01:05:33.688000,0 days 01:06:00.273000,271.0,189.0,294.0,306.0,False,MEDIUM,12.0,True,Alfa Romeo Racing,0 days 01:04:37.772000,,1,17.0,,,False,True
0 days 01:07:22.841000,RAI,7,0 days 00:01:22.598000,24.0,2.0,,,0 days 00:00:24.043000,0 days 00:00:31.743000,0 days 00:00:26.812000,0 days 01:06:24.316000,0 days 01:06:56.059000,0 days 01:07:22.871000,270.0,190.0,293.0,306.0,False,MEDIUM,13.0,True,Alfa Romeo Racing,0 days 01:06:00.243000,,1,16.0,,,False,True
0 days 01:08:45.813000,RAI,7,0 days 00:01:22.972000,25.0,2.0,,,0 days 00:00:24.293000,0 days 00:00:31.917000,0 days 00:00:26.762000,0 days 01:07:47.164000,0 days 01:08:19.081000,0 days 01:08:45.843000,269.0,189.0,292.0,305.0,False,MEDIUM,14.0,True,Alfa Romeo Racing,0 days 01:07:22.841000,,1,16.0,,,False,True
0 days 01:10:08.490000,RAI,7,0 days 00:01:22.677000,26.0,2.0,,,0 days 00:00:24.097000,0 days 00:00:31.683000,0 days 00:00:26.897000,0 days 01:09:09.940000,0 days 01:09:41.623000,0 days 01:10:08.520000,271.0,189.0,293.0,299.0,False,MEDIUM,15.0,True,Alfa Romeo Racing,0 days 01:08:45.813000,,1,15.0,,,False,True
0 days 01:11:31.046000,RAI,7,0 days 00:01:22.556000,27.0,2.0,,,0 days 00:00:24.094000,0 days 00:00:31.613000,0 days 00:00:26.849000,0 days 01:10:32.614000,0 days 01:11:04.227000,0 days 01:11:31.076000,270.0,190.0,306.0,302.0,False,MEDIUM,16.0,True,Alfa Romeo Racing,0 days 01:10:08.490000,,1,13.0,,,False,True
0 days 01:12:53.550000,RAI,7,0 days 00:01:22.504000,28.0,2.0,,,0 days 00:00:24.030000,0 days 00:00:31.617000,0 days 00:00:26.857000,0 days 01:11:55.106000,0 days 01:12:26.723000,0 days 01:12:53.580000,279.0,187.0,292.0,325.0,False,MEDIUM,17.0,True,Alfa Romeo Racing,0 days 01:11:31.046000,,1,11.0,,,False,True
0 days 01:14:16.016000,RAI,7,0 days 00:01:22.466000,29.0,2.0,,,0 days 00:00:23.983000,0 days 00:00:31.571000,0 days 00:00:26.912000,0 days 01:13:17.563000,0 days 01:13:49.134000,0 days 01:14:16.046000,272.0,188.0,309.0,300.0,False,MEDIUM,18.0,True,Alfa Romeo Racing,0 days 01:12:53.550000,,1,10.0,,,False,True
0 days 01:15:39.655000,RAI,7,0 days 00:01:23.639000,30.0,2.0,,,0 days 00:00:24.365000,0 days 00:00:32.395000,0 days 00:00:26.879000,0 days 01:14:40.411000,0 days 01:15:12.806000,0 days 01:15:39.685000,277.0,182.0,306.0,321.0,False,MEDIUM,19.0,True,Alfa Romeo Racing,0 days 01:14:16.016000,,1,10.0,,,False,True
0 days 01:17:02.245000,RAI,7,0 days 00:01:22.590000,31.0,2.0,,,0 days 00:00:24.010000,0 days 00:00:31.583000,0 days 00:00:26.997000,0 days 01:16:03.695000,0 days 01:16:35.278000,0 days 01:17:02.275000,273.0,192.0,293.0,326.0,False,MEDIUM,20.0,True,Alfa Romeo Racing,0 days 01:15:39.655000,,1,10.0,,,False,True
0 days 01:18:26.361000,RAI,7,0 days 00:01:24.116000,32.0,2.0,,,0 days 00:00:24.969000,0 days 00:00:32.083000,0 days 00:00:27.064000,0 days 01:17:27.244000,0 days 01:17:59.327000,0 days 01:18:26.391000,271.0,188.0,290.0,304.0,False,MEDIUM,21.0,True,Alfa Romeo Racing,0 days 01:17:02.245000,,1,10.0,,,False,True
0 days 01:19:50.415000,RAI,7,0 days 00:01:24.054000,33.0,2.0,,,0 days 00:00:24.569000,0 days 00:00:32.798000,0 days 00:00:26.687000,0 days 01:18:50.960000,0 days 01:19:23.758000,0 days 01:19:50.445000,242.0,188.0,294.0,300.0,False,MEDIUM,22.0,True,Alfa Romeo Racing,0 days 01:18:26.361000,,1,11.0,,,False,True
0 days 01:21:13.283000,RAI,7,0 days 00:01:22.868000,34.0,2.0,,,0 days 00:00:24.041000,0 days 00:00:31.859000,0 days 00:00:26.968000,0 days 01:20:14.486000,0 days 01:20:46.345000,0 days 01:21:13.313000,268.0,183.0,294.0,300.0,False,MEDIUM,23.0,True,Alfa Romeo Racing,0 days 01:19:50.415000,,1,11.0,,,False,True
0 days 01:22:35.884000,RAI,7,0 days 00:01:22.601000,35.0,2.0,,,0 days 00:00:24.169000,0 days 00:00:31.819000,0 days 00:00:26.613000,0 days 01:21:37.482000,0 days 01:22:09.301000,0 days 01:22:35.914000,267.0,188.0,294.0,303.0,False,MEDIUM,24.0,True,Alfa Romeo Racing,0 days 01:21:13.283000,,1,11.0,,,False,True
0 days 01:23:58.552000,RAI,7,0 days 00:01:22.668000,36.0,2.0,,,0 days 00:00:24.179000,0 days 00:00:31.664000,0 days 00:00:26.825000,0 days 01:23:00.093000,0 days 01:23:31.757000,0 days 01:23:58.582000,266.0,189.0,293.0,302.0,False,MEDIUM,25.0,True,Alfa Romeo Racing,0 days 01:22:35.884000,,1,11.0,,,False,True
0 days 01:25:20.999000,RAI,7,0 days 00:01:22.447000,37.0,2.0,,,0 days 00:00:24.069000,0 days 00:00:31.711000,0 days 00:00:26.667000,0 days 01:24:22.651000,0 days 01:24:54.362000,0 days 01:25:21.029000,266.0,188.0,294.0,300.0,False,MEDIUM,26.0,True,Alfa Romeo Racing,0 days 01:23:58.552000,,1,10.0,,,False,True
0 days 01:26:44.698000,RAI,7,0 days 00:01:23.699000,38.0,2.0,,,0 days 00:00:23.918000,0 days 00:00:33.087000,0 days 00:00:26.694000,0 days 01:25:44.947000,0 days 01:26:18.034000,0 days 01:26:44.728000,269.0,187.0,307.0,298.0,False,MEDIUM,27.0,True,Alfa Romeo Racing,0 days 01:25:20.999000,,1,10.0,,,False,True
0 days 01:28:06.722000,RAI,7,0 days 00:01:22.024000,39.0,2.0,,,0 days 00:00:23.692000,0 days 00:00:31.620000,0 days 00:00:26.712000,0 days 01:27:08.420000,0 days 01:27:40.040000,0 days 01:28:06.752000,269.0,189.0,294.0,322.0,True,MEDIUM,28.0,True,Alfa Romeo Racing,0 days 01:26:44.698000,,1,10.0,,,False,True
0 days 01:29:28.728000,RAI,7,0 days 00:01:22.006000,40.0,2.0,,,0 days 00:00:23.788000,0 days 00:00:31.521000,0 days 00:00:26.697000,0 days 01:28:30.540000,0 days 01:29:02.061000,0 days 01:29:28.758000,266.0,191.0,295.0,298.0,True,MEDIUM,29.0,True,Alfa Romeo Racing,0 days 01:28:06.722000,,1,10.0,,,False,True
0 days 01:30:51.148000,RAI,7,0 days 00:01:22.420000,41.0,2.0,,,0 days 00:00:23.917000,0 days 00:00:31.596000,0 days 00:00:26.907000,0 days 01:29:52.675000,0 days 01:30:24.271000,0 days 01:30:51.178000,267.0,190.0,293.0,298.0,False,MEDIUM,30.0,True,Alfa Romeo Racing,0 days 01:29:28.728000,,1,10.0,,,False,True
0 days 01:32:13.080000,RAI,7,0 days 00:01:21.932000,42.0,2.0,,,0 days 00:00:23.933000,0 days 00:00:31.229000,0 days 00:00:26.770000,0 days 01:31:15.111000,0 days 01:31:46.340000,0 days 01:32:13.110000,268.0,191.0,293.0,302.0,True,MEDIUM,31.0,True,Alfa Romeo Racing,0 days 01:30:51.148000,,1,10.0,,,False,True
0 days 01:33:34.776000,RAI,7,0 days 00:01:21.696000,43.0,2.0,,,0 days 00:00:23.991000,0 days 00:00:31.148000,0 days 00:00:26.557000,0 days 01:32:37.101000,0 days 01:33:08.249000,0 days 01:33:34.806000,268.0,193.0,293.0,302.0,True,MEDIUM,32.0,True,Alfa Romeo Racing,0 days 01:32:13.080000,,1,10.0,,,False,True
0 days 01:34:56.590000,RAI,7,0 days 00:01:21.814000,44.0,2.0,,,0 days 00:00:23.948000,0 days 00:00:31.437000,0 days 00:00:26.429000,0 days 01:33:58.754000,0 days 01:34:30.191000,0 days 01:34:56.620000,269.0,190.0,294.0,302.0,False,MEDIUM,33.0,True,Alfa Romeo Racing,0 days 01:33:34.776000,,1,10.0,,,False,True
0 days 01:36:18.716000,RAI,7,0 days 00:01:22.126000,45.0,2.0,,,0 days 00:00:23.862000,0 days 00:00:31.833000,0 days 00:00:26.431000,0 days 01:35:20.482000,0 days 01:35:52.315000,0 days 01:36:18.746000,268.0,187.0,294.0,303.0,False,MEDIUM,34.0,True,Alfa Romeo Racing,0 days 01:34:56.590000,,1,10.0,,,False,True
0 days 01:37:40.501000,RAI,7,0 days 00:01:21.785000,46.0,2.0,,,0 days 00:00:23.879000,0 days 00:00:31.403000,0 days 00:00:26.503000,0 days 01:36:42.625000,0 days 01:37:14.028000,0 days 01:37:40.531000,268.0,193.0,296.0,297.0,False,MEDIUM,35.0,True,Alfa Romeo Racing,0 days 01:36:18.716000,,1,10.0,,,False,True
0 days 01:39:02.577000,RAI,7,0 days 00:01:22.076000,47.0,2.0,,,0 days 00:00:23.985000,0 days 00:00:31.634000,0 days 00:00:26.457000,0 days 01:38:04.516000,0 days 01:38:36.150000,0 days 01:39:02.607000,269.0,191.0,296.0,301.0,False,MEDIUM,36.0,True,Alfa Romeo Racing,0 days 01:37:40.501000,,1,10.0,,,False,True
0 days 01:40:24.052000,RAI,7,0 days 00:01:21.475000,48.0,2.0,,,0 days 00:00:23.858000,0 days 00:00:31.347000,0 days 00:00:26.270000,0 days 01:39:26.465000,0 days 01:39:57.812000,0 days 01:40:24.082000,269.0,189.0,310.0,298.0,True,MEDIUM,37.0,True,Alfa Romeo Racing,0 days 01:39:02.577000,,1,10.0,,,False,True
0 days 01:41:46.103000,RAI,7,0 days 00:01:22.051000,49.0,2.0,,,0 days 00:00:23.758000,0 days 00:00:31.721000,0 days 00:00:26.572000,0 days 01:40:47.840000,0 days 01:41:19.561000,0 days 01:41:46.133000,274.0,187.0,306.0,325.0,False,MEDIUM,38.0,True,Alfa Romeo Racing,0 days 01:40:24.052000,,1,10.0,,,False,True
0 days 01:43:08.424000,RAI,7,0 days 00:01:22.321000,50.0,2.0,,,0 days 00:00:23.768000,0 days 00:00:31.598000,0 days 00:00:26.955000,0 days 01:42:09.901000,0 days 01:42:41.499000,0 days 01:43:08.454000,269.0,186.0,296.0,321.0,False,MEDIUM,39.0,True,Alfa Romeo Racing,0 days 01:41:46.103000,,1,10.0,,,False,True
0 days 01:44:31.898000,RAI,7,0 days 00:01:23.474000,51.0,2.0,,,0 days 00:00:23.986000,0 days 00:00:32.840000,0 days 00:00:26.648000,0 days 01:43:32.440000,0 days 01:44:05.280000,0 days 01:44:31.928000,266.0,191.0,292.0,299.0,False,MEDIUM,40.0,True,Alfa Romeo Racing,0 days 01:43:08.424000,,1,10.0,,,False,True
0 days 01:45:53.405000,RAI,7,0 days 00:01:21.507000,52.0,2.0,,,0 days 00:00:23.749000,0 days 00:00:31.262000,0 days 00:00:26.496000,0 days 01:44:55.677000,0 days 01:45:26.939000,0 days 01:45:53.435000,268.0,192.0,295.0,303.0,False,MEDIUM,41.0,True,Alfa Romeo Racing,0 days 01:44:31.898000,,1,10.0,,,False,True
0 days 01:47:15.508000,RAI,7,0 days 00:01:22.103000,53.0,2.0,,,0 days 00:00:23.980000,0 days 00:00:31.386000,0 days 00:00:26.737000,0 days 01:46:17.415000,0 days 01:46:48.801000,0 days 01:47:15.538000,267.0,191.0,293.0,298.0,False,MEDIUM,42.0,True,Alfa Romeo Racing,0 days 01:45:53.405000,,1,10.0,,,False,True
0 days 01:48:38.174000,RAI,7,0 days 00:01:22.666000,54.0,2.0,,,0 days 00:00:24.471000,0 days 00:00:31.751000,0 days 00:00:26.444000,0 days 01:47:40.009000,0 days 01:48:11.760000,0 days 01:48:38.204000,273.0,181.0,312.0,299.0,False,MEDIUM,43.0,True,Alfa Romeo Racing,0 days 01:47:15.508000,,1,11.0,,,False,True
0 days 01:49:59.755000,RAI,7,0 days 00:01:21.581000,55.0,2.0,,,0 days 00:00:23.595000,0 days 00:00:31.697000,0 days 00:00:26.289000,0 days 01:49:01.799000,0 days 01:49:33.496000,0 days 01:49:59.785000,270.0,191.0,312.0,326.0,False,MEDIUM,44.0,True,Alfa Romeo Racing,0 days 01:48:38.174000,,1,11.0,,,False,True
0 days 01:51:21.216000,RAI,7,0 days 00:01:21.461000,56.0,2.0,,,0 days 00:00:23.613000,0 days 00:00:31.553000,0 days 00:00:26.295000,0 days 01:50:23.398000,0 days 01:50:54.951000,0 days 01:51:21.246000,271.0,184.0,309.0,326.0,True,MEDIUM,45.0,True,Alfa Romeo Racing,0 days 01:49:59.755000,,1,11.0,,,False,True
0 days 01:52:42.945000,RAI,7,0 days 00:01:21.729000,57.0,2.0,,,0 days 00:00:23.634000,0 days 00:00:31.686000,0 days 00:00:26.409000,0 days 01:51:44.880000,0 days 01:52:16.566000,0 days 01:52:42.975000,270.0,192.0,296.0,323.0,False,MEDIUM,46.0,True,Alfa Romeo Racing,0 days 01:51:21.216000,,1,11.0,,,False,True
0 days 01:54:04.442000,RAI,7,0 days 00:01:21.497000,58.0,2.0,,,0 days 00:00:23.762000,0 days 00:00:31.388000,0 days 00:00:26.347000,0 days 01:53:06.737000,0 days 01:53:38.125000,0 days 01:54:04.472000,275.0,192.0,293.0,302.0,False,MEDIUM,47.0,True,Alfa Romeo Racing,0 days 01:52:42.945000,,1,11.0,,,False,True
0 days 01:55:25.742000,RAI,7,0 days 00:01:21.300000,59.0,2.0,,,0 days 00:00:23.862000,0 days 00:00:31.361000,0 days 00:00:26.077000,0 days 01:54:28.334000,0 days 01:54:59.695000,0 days 01:55:25.772000,268.0,192.0,297.0,297.0,True,MEDIUM,48.0,True,Alfa Romeo Racing,0 days 01:54:04.442000,,1,11.0,,,False,True
0 days 01:56:46.800000,RAI,7,0 days 00:01:21.058000,60.0,2.0,,,0 days 00:00:23.696000,0 days 00:00:31.225000,0 days 00:00:26.137000,0 days 01:55:49.468000,0 days 01:56:20.693000,0 days 01:56:46.830000,269.0,194.0,297.0,299.0,True,MEDIUM,49.0,True,Alfa Romeo Racing,0 days 01:55:25.742000,,1,11.0,,,False,True
0 days 01:58:08.470000,RAI,7,0 days 00:01:21.670000,61.0,2.0,,,0 days 00:00:24.063000,0 days 00:00:31.156000,0 days 00:00:26.451000,0 days 01:57:10.893000,0 days 01:57:42.049000,0 days 01:58:08.500000,268.0,191.0,295.0,300.0,False,MEDIUM,50.0,True,Alfa Romeo Racing,0 days 01:56:46.800000,,1,11.0,,,False,True
0 days 01:59:30.189000,RAI,7,0 days 00:01:21.719000,62.0,2.0,,,0 days 00:00:23.791000,0 days 00:00:31.306000,0 days 00:00:26.622000,0 days 01:58:32.291000,0 days 01:59:03.597000,0 days 01:59:30.219000,271.0,184.0,294.0,302.0,False,MEDIUM,51.0,True,Alfa Romeo Racing,0 days 01:58:08.470000,,1,11.0,,,False,True
0 days 02:00:53.568000,RAI,7,0 days 00:01:23.379000,63.0,2.0,,,0 days 00:00:24.007000,0 days 00:00:32.965000,0 days 00:00:26.407000,0 days 01:59:54.226000,0 days 02:00:27.191000,0 days 02:00:53.598000,271.0,189.0,296.0,299.0,False,MEDIUM,52.0,True,Alfa Romeo Racing,0 days 01:59:30.189000,,1,11.0,,,False,True
0 days 02:02:15.387000,RAI,7,0 days 00:01:21.819000,64.0,2.0,,,0 days 00:00:23.748000,0 days 00:00:31.417000,0 days 00:00:26.654000,0 days 02:01:17.346000,0 days 02:01:48.763000,0 days 02:02:15.417000,273.0,189.0,293.0,303.0,False,MEDIUM,53.0,True,Alfa Romeo Racing,0 days 02:00:53.568000,,1,11.0,,,False,True
0 days 02:03:36.712000,RAI,7,0 days 00:01:21.325000,65.0,2.0,,,0 days 00:00:23.988000,0 days 00:00:30.831000,0 days 00:00:26.506000,0 days 02:02:39.405000,0 days 02:03:10.236000,0 days 02:03:36.742000,271.0,195.0,292.0,302.0,False,MEDIUM,54.0,True,Alfa Romeo Racing,0 days 02:02:15.387000,,1,11.0,,,False,True
0 days 00:34:49.975000,ALB,23,0 days 00:01:40.073000,1.0,1.0,,,,0 days 00:00:38.352000,0 days 00:00:31.028000,,0 days 00:34:19.153000,0 days 00:34:50.216000,262.0,153.0,296.0,246.0,False,SOFT,6.0,False,Red Bull Racing,0 days 00:33:09.808000,,12,9.0,,,False,False
0 days 00:36:21.508000,ALB,23,0 days 00:01:31.533000,2.0,1.0,,,0 days 00:00:27.835000,0 days 00:00:36.029000,0 days 00:00:27.669000,0 days 00:35:17.845000,0 days 00:35:53.874000,0 days 00:36:21.543000,264.0,173.0,305.0,310.0,True,SOFT,7.0,False,Red Bull Racing,0 days 00:34:49.975000,,1,12.0,,,False,True
0 days 00:37:47.681000,ALB,23,0 days 00:01:26.173000,3.0,1.0,,,0 days 00:00:25.462000,0 days 00:00:33.433000,0 days 00:00:27.278000,0 days 00:36:47.005000,0 days 00:37:20.438000,0 days 00:37:47.716000,267.0,177.0,291.0,313.0,True,SOFT,8.0,False,Red Bull Racing,0 days 00:36:21.508000,,1,11.0,,,False,True
0 days 00:39:12.090000,ALB,23,0 days 00:01:24.409000,4.0,1.0,,,0 days 00:00:24.584000,0 days 00:00:32.749000,0 days 00:00:27.076000,0 days 00:38:12.300000,0 days 00:38:45.049000,0 days 00:39:12.125000,268.0,185.0,292.0,300.0,True,SOFT,9.0,False,Red Bull Racing,0 days 00:37:47.681000,,1,11.0,,,False,True
0 days 00:40:35.948000,ALB,23,0 days 00:01:23.858000,5.0,1.0,,,0 days 00:00:24.536000,0 days 00:00:32.278000,0 days 00:00:27.044000,0 days 00:39:36.661000,0 days 00:40:08.939000,0 days 00:40:35.983000,270.0,184.0,292.0,291.0,True,SOFT,10.0,False,Red Bull Racing,0 days 00:39:12.090000,,1,11.0,,,False,True
0 days 00:41:59.279000,ALB,23,0 days 00:01:23.331000,6.0,1.0,,,0 days 00:00:24.308000,0 days 00:00:32.014000,0 days 00:00:27.009000,0 days 00:41:00.291000,0 days 00:41:32.305000,0 days 00:41:59.314000,270.0,183.0,294.0,295.0,True,SOFT,11.0,False,Red Bull Racing,0 days 00:40:35.948000,,1,11.0,,,False,True
0 days 00:43:22.681000,ALB,23,0 days 00:01:23.402000,7.0,1.0,,,0 days 00:00:24.140000,0 days 00:00:32.202000,0 days 00:00:27.060000,0 days 00:42:23.454000,0 days 00:42:55.656000,0 days 00:43:22.716000,271.0,175.0,291.0,296.0,False,SOFT,12.0,False,Red Bull Racing,0 days 00:41:59.279000,,1,11.0,,,False,True
0 days 00:44:45.759000,ALB,23,0 days 00:01:23.078000,8.0,1.0,,,0 days 00:00:24.219000,0 days 00:00:32.024000,0 days 00:00:26.835000,0 days 00:43:46.935000,0 days 00:44:18.959000,0 days 00:44:45.794000,269.0,186.0,294.0,302.0,True,SOFT,13.0,False,Red Bull Racing,0 days 00:43:22.681000,,1,11.0,,,False,True
0 days 00:46:09.346000,ALB,23,0 days 00:01:23.587000,9.0,1.0,,,0 days 00:00:24.373000,0 days 00:00:32.320000,0 days 00:00:26.894000,0 days 00:45:10.167000,0 days 00:45:42.487000,0 days 00:46:09.381000,268.0,187.0,308.0,298.0,False,SOFT,14.0,False,Red Bull Racing,0 days 00:44:45.759000,,1,11.0,,,False,True
0 days 00:47:33.775000,ALB,23,0 days 00:01:24.429000,10.0,1.0,,,0 days 00:00:24.371000,0 days 00:00:32.776000,0 days 00:00:27.282000,0 days 00:46:33.752000,0 days 00:47:06.528000,0 days 00:47:33.810000,274.0,168.0,307.0,324.0,False,SOFT,15.0,False,Red Bull Racing,0 days 00:46:09.346000,,1,11.0,,,False,True
0 days 00:48:58.303000,ALB,23,0 days 00:01:24.528000,11.0,1.0,,,0 days 00:00:24.715000,0 days 00:00:32.769000,0 days 00:00:27.044000,0 days 00:47:58.525000,0 days 00:48:31.294000,0 days 00:48:58.338000,269.0,179.0,303.0,329.0,False,SOFT,16.0,False,Red Bull Racing,0 days 00:47:33.775000,,1,10.0,,,False,True
0 days 00:50:22.339000,ALB,23,0 days 00:01:24.036000,12.0,1.0,,,0 days 00:00:24.723000,0 days 00:00:32.247000,0 days 00:00:27.066000,0 days 00:49:23.061000,0 days 00:49:55.308000,0 days 00:50:22.374000,270.0,182.0,293.0,316.0,False,SOFT,17.0,False,Red Bull Racing,0 days 00:48:58.303000,,1,11.0,,,False,True
0 days 00:51:45.935000,ALB,23,0 days 00:01:23.596000,13.0,1.0,,,0 days 00:00:24.462000,0 days 00:00:32.116000,0 days 00:00:27.018000,0 days 00:50:46.836000,0 days 00:51:18.952000,0 days 00:51:45.970000,270.0,178.0,292.0,297.0,False,SOFT,18.0,False,Red Bull Racing,0 days 00:50:22.339000,,1,11.0,,,False,True
0 days 00:53:09.891000,ALB,23,0 days 00:01:23.956000,14.0,1.0,,,0 days 00:00:24.433000,0 days 00:00:32.446000,0 days 00:00:27.077000,0 days 00:52:10.403000,0 days 00:52:42.849000,0 days 00:53:09.926000,269.0,182.0,293.0,296.0,False,SOFT,19.0,False,Red Bull Racing,0 days 00:51:45.935000,,1,10.0,,,False,True
0 days 00:54:33.584000,ALB,23,0 days 00:01:23.693000,15.0,1.0,,,0 days 00:00:24.534000,0 days 00:00:32.129000,0 days 00:00:27.030000,0 days 00:53:34.460000,0 days 00:54:06.589000,0 days 00:54:33.619000,270.0,187.0,291.0,293.0,False,SOFT,20.0,False,Red Bull Racing,0 days 00:53:09.891000,,1,10.0,,,False,True
0 days 00:55:57.501000,ALB,23,0 days 00:01:23.917000,16.0,1.0,,,0 days 00:00:24.356000,0 days 00:00:32.260000,0 days 00:00:27.301000,0 days 00:54:57.975000,0 days 00:55:30.235000,0 days 00:55:57.536000,271.0,184.0,291.0,291.0,False,SOFT,21.0,False,Red Bull Racing,0 days 00:54:33.584000,,1,10.0,,,False,True
0 days 00:57:20.781000,ALB,23,0 days 00:01:23.280000,17.0,1.0,,,0 days 00:00:24.265000,0 days 00:00:32.101000,0 days 00:00:26.914000,0 days 00:56:21.801000,0 days 00:56:53.902000,0 days 00:57:20.816000,269.0,184.0,290.0,292.0,False,SOFT,22.0,False,Red Bull Racing,0 days 00:55:57.501000,,1,10.0,,,False,True
0 days 00:58:44.460000,ALB,23,0 days 00:01:23.679000,18.0,1.0,,,0 days 00:00:24.474000,0 days 00:00:31.944000,0 days 00:00:27.261000,0 days 00:57:45.290000,0 days 00:58:17.234000,0 days 00:58:44.495000,268.0,187.0,292.0,290.0,False,SOFT,23.0,False,Red Bull Racing,0 days 00:57:20.781000,,1,8.0,,,False,True
0 days 01:00:11.753000,ALB,23,0 days 00:01:27.293000,19.0,1.0,,0 days 01:00:08.826000,0 days 00:00:24.193000,0 days 00:00:32.140000,0 days 00:00:30.960000,0 days 00:59:08.688000,0 days 00:59:40.828000,0 days 01:00:11.788000,270.0,187.0,,293.0,False,SOFT,24.0,False,Red Bull Racing,0 days 00:58:44.460000,,1,9.0,,,False,False
0 days 01:01:58.865000,ALB,23,0 days 00:01:47.112000,20.0,2.0,0 days 01:00:35.113000,,0 days 00:00:47.078000,0 days 00:00:32.883000,0 days 00:00:27.151000,0 days 01:00:58.866000,0 days 01:01:31.749000,0 days 01:01:58.900000,265.0,187.0,289.0,293.0,False,MEDIUM,6.0,False,Red Bull Racing,0 days 01:00:11.753000,,1,18.0,,,False,False
0 days 01:03:22.404000,ALB,23,0 days 00:01:23.539000,21.0,2.0,,,0 days 00:00:24.691000,0 days 00:00:31.696000,0 days 00:00:27.152000,0 days 01:02:23.591000,0 days 01:02:55.287000,0 days 01:03:22.439000,265.0,188.0,290.0,284.0,False,MEDIUM,7.0,False,Red Bull Racing,0 days 01:01:58.865000,,1,18.0,,,False,True
0 days 01:04:44.339000,ALB,23,0 days 00:01:21.935000,22.0,2.0,,,0 days 00:00:23.930000,0 days 00:00:31.280000,0 days 00:00:26.725000,0 days 01:03:46.369000,0 days 01:04:17.649000,0 days 01:04:44.374000,270.0,191.0,291.0,289.0,True,MEDIUM,8.0,False,Red Bull Racing,0 days 01:03:22.404000,,1,18.0,,,False,True
0 days 01:06:06.170000,ALB,23,0 days 00:01:21.831000,23.0,2.0,,,0 days 00:00:23.843000,0 days 00:00:31.420000,0 days 00:00:26.568000,0 days 01:05:08.217000,0 days 01:05:39.637000,0 days 01:06:06.205000,271.0,192.0,292.0,289.0,True,MEDIUM,9.0,False,Red Bull Racing,0 days 01:04:44.339000,,1,18.0,,,False,True
0 days 01:07:28.526000,ALB,23,0 days 00:01:22.356000,24.0,2.0,,,0 days 00:00:24.068000,0 days 00:00:31.537000,0 days 00:00:26.751000,0 days 01:06:30.273000,0 days 01:07:01.810000,0 days 01:07:28.561000,267.0,190.0,291.0,288.0,False,MEDIUM,10.0,False,Red Bull Racing,0 days 01:06:06.170000,,1,18.0,,,False,True
0 days 01:08:50.775000,ALB,23,0 days 00:01:22.249000,25.0,2.0,,,0 days 00:00:24.120000,0 days 00:00:31.384000,0 days 00:00:26.745000,0 days 01:07:52.681000,0 days 01:08:24.065000,0 days 01:08:50.810000,271.0,193.0,291.0,286.0,False,MEDIUM,11.0,False,Red Bull Racing,0 days 01:07:28.526000,,1,17.0,,,False,True
0 days 01:10:12.836000,ALB,23,0 days 00:01:22.061000,26.0,2.0,,,0 days 00:00:23.732000,0 days 00:00:31.492000,0 days 00:00:26.837000,0 days 01:09:14.542000,0 days 01:09:46.034000,0 days 01:10:12.871000,272.0,190.0,292.0,298.0,False,MEDIUM,12.0,False,Red Bull Racing,0 days 01:08:50.775000,,1,16.0,,,False,True
0 days 01:11:35.154000,ALB,23,0 days 00:01:22.318000,27.0,2.0,,,0 days 00:00:23.896000,0 days 00:00:31.639000,0 days 00:00:26.783000,0 days 01:10:36.767000,0 days 01:11:08.406000,0 days 01:11:35.189000,271.0,189.0,296.0,289.0,False,MEDIUM,13.0,False,Red Bull Racing,0 days 01:10:12.836000,,1,15.0,,,False,True
0 days 01:12:57.300000,ALB,23,0 days 00:01:22.146000,28.0,2.0,,,0 days 00:00:23.852000,0 days 00:00:31.477000,0 days 00:00:26.817000,0 days 01:11:59.041000,0 days 01:12:30.518000,0 days 01:12:57.335000,272.0,186.0,294.0,300.0,False,MEDIUM,14.0,False,Red Bull Racing,0 days 01:11:35.154000,,1,14.0,,,False,True
0 days 01:14:19.978000,ALB,23,0 days 00:01:22.678000,29.0,2.0,,,0 days 00:00:23.906000,0 days 00:00:31.838000,0 days 00:00:26.934000,0 days 01:13:21.241000,0 days 01:13:53.079000,0 days 01:14:20.013000,273.0,187.0,296.0,294.0,False,MEDIUM,15.0,False,Red Bull Racing,0 days 01:12:57.300000,,1,13.0,,,False,True
0 days 01:15:43.193000,ALB,23,0 days 00:01:23.215000,30.0,2.0,,,0 days 00:00:23.934000,0 days 00:00:32.342000,0 days 00:00:26.939000,0 days 01:14:43.947000,0 days 01:15:16.289000,0 days 01:15:43.228000,275.0,186.0,309.0,303.0,False,MEDIUM,16.0,False,Red Bull Racing,0 days 01:14:19.978000,,1,13.0,,,False,True
0 days 01:17:04.987000,ALB,23,0 days 00:01:21.794000,31.0,2.0,,,0 days 00:00:23.544000,0 days 00:00:31.533000,0 days 00:00:26.717000,0 days 01:16:06.772000,0 days 01:16:38.305000,0 days 01:17:05.022000,271.0,191.0,295.0,322.0,True,MEDIUM,17.0,False,Red Bull Racing,0 days 01:15:43.193000,,1,12.0,,,False,True
0 days 01:18:27.567000,ALB,23,0 days 00:01:22.580000,32.0,2.0,,,0 days 00:00:23.939000,0 days 00:00:31.669000,0 days 00:00:26.972000,0 days 01:17:28.961000,0 days 01:18:00.630000,0 days 01:18:27.602000,272.0,190.0,269.0,296.0,False,MEDIUM,18.0,False,Red Bull Racing,0 days 01:17:04.987000,,1,12.0,,,False,True
0 days 01:19:51.239000,ALB,23,0 days 00:01:23.672000,33.0,2.0,,,0 days 00:00:24.832000,0 days 00:00:32.215000,0 days 00:00:26.625000,0 days 01:18:52.434000,0 days 01:19:24.649000,0 days 01:19:51.274000,273.0,188.0,307.0,297.0,False,MEDIUM,19.0,False,Red Bull Racing,0 days 01:18:27.567000,,1,12.0,,,False,True
0 days 01:21:13.939000,ALB,23,0 days 00:01:22.700000,34.0,2.0,,,0 days 00:00:23.893000,0 days 00:00:31.990000,0 days 00:00:26.817000,0 days 01:20:15.167000,0 days 01:20:47.157000,0 days 01:21:13.974000,275.0,187.0,307.0,320.0,False,MEDIUM,20.0,False,Red Bull Racing,0 days 01:19:51.239000,,1,12.0,,,False,True
0 days 01:22:36.612000,ALB,23,0 days 00:01:22.673000,35.0,2.0,,,0 days 00:00:24.149000,0 days 00:00:31.831000,0 days 00:00:26.693000,0 days 01:21:38.123000,0 days 01:22:09.954000,0 days 01:22:36.647000,273.0,186.0,306.0,324.0,False,MEDIUM,21.0,False,Red Bull Racing,0 days 01:21:13.939000,,1,12.0,,,False,True
0 days 01:23:59.276000,ALB,23,0 days 00:01:22.664000,36.0,2.0,,,0 days 00:00:24.082000,0 days 00:00:31.925000,0 days 00:00:26.657000,0 days 01:23:00.729000,0 days 01:23:32.654000,0 days 01:23:59.311000,272.0,189.0,306.0,318.0,False,MEDIUM,22.0,False,Red Bull Racing,0 days 01:22:36.612000,,1,12.0,,,False,True
0 days 01:25:22.137000,ALB,23,0 days 00:01:22.861000,37.0,2.0,,,0 days 00:00:24.063000,0 days 00:00:31.832000,0 days 00:00:26.966000,0 days 01:24:23.374000,0 days 01:24:55.206000,0 days 01:25:22.172000,271.0,183.0,276.0,317.0,False,MEDIUM,23.0,False,Red Bull Racing,0 days 01:23:59.276000,,1,11.0,,,False,True
0 days 01:26:45.716000,ALB,23,0 days 00:01:23.579000,38.0,2.0,,,0 days 00:00:24.668000,0 days 00:00:32.015000,0 days 00:00:26.896000,0 days 01:25:46.840000,0 days 01:26:18.855000,0 days 01:26:45.751000,272.0,181.0,308.0,297.0,False,MEDIUM,24.0,False,Red Bull Racing,0 days 01:25:22.137000,,1,11.0,,,False,True
0 days 01:28:07.693000,ALB,23,0 days 00:01:21.977000,39.0,2.0,,,0 days 00:00:23.527000,0 days 00:00:31.707000,0 days 00:00:26.743000,0 days 01:27:09.278000,0 days 01:27:40.985000,0 days 01:28:07.728000,275.0,187.0,295.0,320.0,False,MEDIUM,25.0,False,Red Bull Racing,0 days 01:26:45.716000,,1,11.0,,,False,True
0 days 01:29:29.891000,ALB,23,0 days 00:01:22.198000,40.0,2.0,,,0 days 00:00:23.855000,0 days 00:00:31.548000,0 days 00:00:26.795000,0 days 01:28:31.583000,0 days 01:29:03.131000,0 days 01:29:29.926000,274.0,190.0,296.0,298.0,False,MEDIUM,26.0,False,Red Bull Racing,0 days 01:28:07.693000,,1,11.0,,,False,True
0 days 01:30:51.891000,ALB,23,0 days 00:01:22,41.0,2.0,,,0 days 00:00:23.909000,0 days 00:00:31.422000,0 days 00:00:26.669000,0 days 01:29:53.835000,0 days 01:30:25.257000,0 days 01:30:51.926000,272.0,189.0,307.0,299.0,False,MEDIUM,27.0,False,Red Bull Racing,0 days 01:29:29.891000,,1,11.0,,,False,True
0 days 01:32:13.704000,ALB,23,0 days 00:01:21.813000,42.0,2.0,,,0 days 00:00:23.830000,0 days 00:00:31.397000,0 days 00:00:26.586000,0 days 01:31:15.756000,0 days 01:31:47.153000,0 days 01:32:13.739000,276.0,187.0,308.0,321.0,False,MEDIUM,28.0,False,Red Bull Racing,0 days 01:30:51.891000,,1,11.0,,,False,True
0 days 01:33:35.503000,ALB,23,0 days 00:01:21.799000,43.0,2.0,,,0 days 00:00:23.868000,0 days 00:00:31.408000,0 days 00:00:26.523000,0 days 01:32:37.607000,0 days 01:33:09.015000,0 days 01:33:35.538000,276.0,191.0,306.0,329.0,False,MEDIUM,29.0,False,Red Bull Racing,0 days 01:32:13.704000,,1,11.0,,,False,True
0 days 01:34:57.231000,ALB,23,0 days 00:01:21.728000,44.0,2.0,,,0 days 00:00:23.828000,0 days 00:00:31.666000,0 days 00:00:26.234000,0 days 01:33:59.366000,0 days 01:34:31.032000,0 days 01:34:57.266000,275.0,188.0,309.0,318.0,True,MEDIUM,30.0,False,Red Bull Racing,0 days 01:33:35.503000,,1,11.0,,,False,True
0 days 01:36:19.588000,ALB,23,0 days 00:01:22.357000,45.0,2.0,,,0 days 00:00:23.995000,0 days 00:00:31.732000,0 days 00:00:26.630000,0 days 01:35:21.261000,0 days 01:35:52.993000,0 days 01:36:19.623000,274.0,172.0,308.0,322.0,False,MEDIUM,31.0,False,Red Bull Racing,0 days 01:34:57.231000,,1,11.0,,,False,True
0 days 01:37:45.285000,ALB,23,0 days 00:01:25.697000,46.0,2.0,,0 days 01:37:42.314000,0 days 00:00:23.780000,0 days 00:00:31.591000,0 days 00:00:30.326000,0 days 01:36:43.403000,0 days 01:37:14.994000,0 days 01:37:45.320000,271.0,189.0,,323.0,False,MEDIUM,32.0,False,Red Bull Racing,0 days 01:36:19.588000,,1,12.0,,,False,False
0 days 01:39:28.725000,ALB,23,0 days 00:01:43.440000,47.0,3.0,0 days 01:38:08.312000,,0 days 00:00:45.638000,0 days 00:00:31.534000,0 days 00:00:26.268000,0 days 01:38:30.958000,0 days 01:39:02.492000,0 days 01:39:28.760000,267.0,191.0,293.0,323.0,False,SOFT,3.0,False,Red Bull Racing,0 days 01:37:45.285000,,1,12.0,,,False,False
0 days 01:40:50.011000,ALB,23,0 days 00:01:21.286000,48.0,3.0,,,0 days 00:00:23.889000,0 days 00:00:31.142000,0 days 00:00:26.255000,0 days 01:39:52.649000,0 days 01:40:23.791000,0 days 01:40:50.046000,267.0,195.0,293.0,287.0,True,SOFT,4.0,False,Red Bull Racing,0 days 01:39:28.725000,,1,12.0,,,False,True
0 days 01:42:11.008000,ALB,23,0 days 00:01:20.997000,49.0,3.0,,,0 days 00:00:23.592000,0 days 00:00:31.217000,0 days 00:00:26.188000,0 days 01:41:13.638000,0 days 01:41:44.855000,0 days 01:42:11.043000,269.0,193.0,292.0,288.0,True,SOFT,5.0,False,Red Bull Racing,0 days 01:40:50.011000,,1,12.0,,,False,True
0 days 01:43:34.990000,ALB,23,0 days 00:01:23.982000,50.0,3.0,,,0 days 00:00:23.642000,0 days 00:00:33.716000,0 days 00:00:26.624000,0 days 01:42:34.685000,0 days 01:43:08.401000,0 days 01:43:35.025000,238.0,190.0,295.0,288.0,False,SOFT,6.0,False,Red Bull Racing,0 days 01:42:11.008000,,1,12.0,,,False,True
0 days 01:44:55.971000,ALB,23,0 days 00:01:20.981000,51.0,3.0,,,0 days 00:00:23.606000,0 days 00:00:31.157000,0 days 00:00:26.218000,0 days 01:43:58.631000,0 days 01:44:29.788000,0 days 01:44:56.006000,275.0,195.0,295.0,295.0,True,SOFT,7.0,False,Red Bull Racing,0 days 01:43:34.990000,,1,12.0,,,False,True
0 days 01:46:17.327000,ALB,23,0 days 00:01:21.356000,52.0,3.0,,,0 days 00:00:23.569000,0 days 00:00:31.118000,0 days 00:00:26.669000,0 days 01:45:19.575000,0 days 01:45:50.693000,0 days 01:46:17.362000,274.0,194.0,294.0,294.0,False,SOFT,8.0,False,Red Bull Racing,0 days 01:44:55.971000,,1,12.0,,,False,True
0 days 01:47:38.031000,ALB,23,0 days 00:01:20.704000,53.0,3.0,,,0 days 00:00:23.439000,0 days 00:00:30.972000,0 days 00:00:26.293000,0 days 01:46:40.801000,0 days 01:47:11.773000,0 days 01:47:38.066000,275.0,195.0,294.0,291.0,True,SOFT,9.0,False,Red Bull Racing,0 days 01:46:17.327000,,1,12.0,,,False,True
0 days 01:48:58.885000,ALB,23,0 days 00:01:20.854000,54.0,3.0,,,0 days 00:00:23.584000,0 days 00:00:31.182000,0 days 00:00:26.088000,0 days 01:48:01.650000,0 days 01:48:32.832000,0 days 01:48:58.920000,272.0,193.0,296.0,290.0,False,SOFT,10.0,False,Red Bull Racing,0 days 01:47:38.031000,,1,12.0,,,False,True
0 days 01:50:19.488000,ALB,23,0 days 00:01:20.603000,55.0,3.0,,,0 days 00:00:23.690000,0 days 00:00:30.954000,0 days 00:00:25.959000,0 days 01:49:22.610000,0 days 01:49:53.564000,0 days 01:50:19.523000,274.0,195.0,297.0,291.0,True,SOFT,11.0,False,Red Bull Racing,0 days 01:48:58.885000,,1,12.0,,,False,True
0 days 01:51:40.359000,ALB,23,0 days 00:01:20.871000,56.0,3.0,,,0 days 00:00:23.510000,0 days 00:00:31.297000,0 days 00:00:26.064000,0 days 01:50:43.033000,0 days 01:51:14.330000,0 days 01:51:40.394000,273.0,192.0,295.0,289.0,False,SOFT,12.0,False,Red Bull Racing,0 days 01:50:19.488000,,1,12.0,,,False,True
0 days 01:53:00.775000,ALB,23,0 days 00:01:20.416000,57.0,3.0,,,0 days 00:00:23.560000,0 days 00:00:30.913000,0 days 00:00:25.943000,0 days 01:52:03.954000,0 days 01:52:34.867000,0 days 01:53:00.810000,274.0,194.0,295.0,290.0,True,SOFT,13.0,False,Red Bull Racing,0 days 01:51:40.359000,,1,12.0,,,False,True
0 days 01:54:21.354000,ALB,23,0 days 00:01:20.579000,58.0,3.0,,,0 days 00:00:23.492000,0 days 00:00:30.964000,0 days 00:00:26.123000,0 days 01:53:24.302000,0 days 01:53:55.266000,0 days 01:54:21.389000,274.0,196.0,295.0,291.0,False,SOFT,14.0,False,Red Bull Racing,0 days 01:53:00.775000,,1,12.0,,,False,True
0 days 01:55:41.566000,ALB,23,0 days 00:01:20.212000,59.0,3.0,,,0 days 00:00:23.428000,0 days 00:00:30.809000,0 days 00:00:25.975000,0 days 01:54:44.817000,0 days 01:55:15.626000,0 days 01:55:41.601000,275.0,197.0,294.0,292.0,True,SOFT,15.0,False,Red Bull Racing,0 days 01:54:21.354000,,1,12.0,,,False,True
0 days 01:57:02.101000,ALB,23,0 days 00:01:20.535000,60.0,3.0,,,0 days 00:00:23.555000,0 days 00:00:30.873000,0 days 00:00:26.107000,0 days 01:56:05.156000,0 days 01:56:36.029000,0 days 01:57:02.136000,273.0,193.0,296.0,292.0,False,SOFT,16.0,False,Red Bull Racing,0 days 01:55:41.566000,,1,12.0,,,False,True
0 days 01:58:21.991000,ALB,23,0 days 00:01:19.890000,61.0,3.0,,,0 days 00:00:23.394000,0 days 00:00:30.549000,0 days 00:00:25.947000,0 days 01:57:25.530000,0 days 01:57:56.079000,0 days 01:58:22.026000,275.0,198.0,297.0,295.0,True,SOFT,17.0,False,Red Bull Racing,0 days 01:57:02.101000,,1,12.0,,,False,True
0 days 01:59:42.065000,ALB,23,0 days 00:01:20.074000,62.0,3.0,,,0 days 00:00:23.370000,0 days 00:00:30.764000,0 days 00:00:25.940000,0 days 01:58:45.396000,0 days 01:59:16.160000,0 days 01:59:42.100000,271.0,199.0,297.0,290.0,False,SOFT,18.0,False,Red Bull Racing,0 days 01:58:21.991000,,1,12.0,,,False,True
0 days 02:01:02.213000,ALB,23,0 days 00:01:20.148000,63.0,3.0,,,0 days 00:00:23.380000,0 days 00:00:30.516000,0 days 00:00:26.252000,0 days 02:00:05.480000,0 days 02:00:35.996000,0 days 02:01:02.248000,277.0,196.0,297.0,296.0,False,SOFT,19.0,False,Red Bull Racing,0 days 01:59:42.065000,,1,12.0,,,False,True
0 days 02:02:22.903000,ALB,23,0 days 00:01:20.690000,64.0,3.0,,,0 days 00:00:23.534000,0 days 00:00:30.940000,0 days 00:00:26.216000,0 days 02:01:25.782000,0 days 02:01:56.722000,0 days 02:02:22.938000,276.0,193.0,296.0,296.0,False,SOFT,20.0,False,Red Bull Racing,0 days 02:01:02.213000,,1,12.0,,,False,True
0 days 02:03:42.951000,ALB,23,0 days 00:01:20.048000,65.0,3.0,,,0 days 00:00:23.407000,0 days 00:00:30.596000,0 days 00:00:26.045000,0 days 02:02:46.345000,0 days 02:03:16.941000,0 days 02:03:42.986000,276.0,197.0,293.0,297.0,False,SOFT,21.0,False,Red Bull Racing,0 days 02:02:22.903000,,1,12.0,,,False,True
0 days 00:34:48.488000,NOR,4,0 days 00:01:38.586000,1.0,1.0,,,,0 days 00:00:38.082000,0 days 00:00:30.221000,,0 days 00:34:18.425000,0 days 00:34:48.764000,263.0,153.0,298.0,255.0,False,SOFT,5.0,False,McLaren,0 days 00:33:09.808000,,12,4.0,,,False,False
0 days 00:36:15.144000,NOR,4,0 days 00:01:26.656000,2.0,1.0,,,0 days 00:00:26.072000,0 days 00:00:33.259000,0 days 00:00:27.325000,0 days 00:35:14.560000,0 days 00:35:47.819000,0 days 00:36:15.144000,268.0,190.0,293.0,311.0,True,SOFT,6.0,False,McLaren,0 days 00:34:48.488000,,1,4.0,,,False,True
0 days 00:37:39.172000,NOR,4,0 days 00:01:24.028000,3.0,1.0,,,0 days 00:00:24.766000,0 days 00:00:32.488000,0 days 00:00:26.774000,0 days 00:36:39.910000,0 days 00:37:12.398000,0 days 00:37:39.172000,264.0,190.0,295.0,288.0,True,SOFT,7.0,False,McLaren,0 days 00:36:15.144000,,1,4.0,,,False,True
0 days 00:39:03.039000,NOR,4,0 days 00:01:23.867000,4.0,1.0,,,0 days 00:00:24.542000,0 days 00:00:32.327000,0 days 00:00:26.998000,0 days 00:38:03.714000,0 days 00:38:36.041000,0 days 00:39:03.039000,264.0,187.0,294.0,288.0,True,SOFT,8.0,False,McLaren,0 days 00:37:39.172000,,1,4.0,,,False,True
0 days 00:40:27.898000,NOR,4,0 days 00:01:24.859000,5.0,1.0,,,0 days 00:00:25.097000,0 days 00:00:32.749000,0 days 00:00:27.013000,0 days 00:39:28.136000,0 days 00:40:00.885000,0 days 00:40:27.898000,267.0,184.0,293.0,289.0,False,SOFT,9.0,False,McLaren,0 days 00:39:03.039000,,1,5.0,,,False,True
0 days 00:41:51.861000,NOR,4,0 days 00:01:23.963000,6.0,1.0,,,0 days 00:00:24.444000,0 days 00:00:32.452000,0 days 00:00:27.067000,0 days 00:40:52.342000,0 days 00:41:24.794000,0 days 00:41:51.861000,267.0,192.0,294.0,292.0,False,SOFT,10.0,False,McLaren,0 days 00:40:27.898000,,1,5.0,,,False,True
0 days 00:43:15.755000,NOR,4,0 days 00:01:23.894000,7.0,1.0,,,0 days 00:00:24.370000,0 days 00:00:32.406000,0 days 00:00:27.118000,0 days 00:42:16.231000,0 days 00:42:48.637000,0 days 00:43:15.755000,265.0,187.0,292.0,291.0,False,SOFT,11.0,False,McLaren,0 days 00:41:51.861000,,1,5.0,,,False,True
0 days 00:44:39.538000,NOR,4,0 days 00:01:23.783000,8.0,1.0,,,0 days 00:00:24.498000,0 days 00:00:32.271000,0 days 00:00:27.014000,0 days 00:43:40.253000,0 days 00:44:12.524000,0 days 00:44:39.538000,264.0,187.0,293.0,291.0,True,SOFT,12.0,False,McLaren,0 days 00:43:15.755000,,1,5.0,,,False,True
0 days 00:46:04.525000,NOR,4,0 days 00:01:24.987000,9.0,1.0,,,0 days 00:00:25.329000,0 days 00:00:32.586000,0 days 00:00:27.072000,0 days 00:45:04.867000,0 days 00:45:37.453000,0 days 00:46:04.525000,263.0,185.0,294.0,286.0,False,SOFT,13.0,False,McLaren,0 days 00:44:39.538000,,1,6.0,,,False,True
0 days 00:47:28.538000,NOR,4,0 days 00:01:24.013000,10.0,1.0,,,0 days 00:00:24.520000,0 days 00:00:32.454000,0 days 00:00:27.039000,0 days 00:46:29.045000,0 days 00:47:01.499000,0 days 00:47:28.538000,263.0,187.0,292.0,290.0,False,SOFT,14.0,False,McLaren,0 days 00:46:04.525000,,1,6.0,,,False,True
0 days 00:48:52.238000,NOR,4,0 days 00:01:23.700000,11.0,1.0,,,0 days 00:00:24.475000,0 days 00:00:32.316000,0 days 00:00:26.909000,0 days 00:47:53.013000,0 days 00:48:25.329000,0 days 00:48:52.238000,262.0,191.0,294.0,289.0,True,SOFT,15.0,False,McLaren,0 days 00:47:28.538000,,1,6.0,,,False,True
0 days 00:50:15.669000,NOR,4,0 days 00:01:23.431000,12.0,1.0,,,0 days 00:00:24.294000,0 days 00:00:32.112000,0 days 00:00:27.025000,0 days 00:49:16.532000,0 days 00:49:48.644000,0 days 00:50:15.669000,263.0,189.0,293.0,291.0,True,SOFT,16.0,False,McLaren,0 days 00:48:52.238000,,1,6.0,,,False,True
0 days 00:51:40.517000,NOR,4,0 days 00:01:24.848000,13.0,1.0,,,0 days 00:00:25.363000,0 days 00:00:32.357000,0 days 00:00:27.128000,0 days 00:50:41.032000,0 days 00:51:13.389000,0 days 00:51:40.517000,265.0,185.0,293.0,286.0,False,SOFT,17.0,False,McLaren,0 days 00:50:15.669000,,1,7.0,,,False,True
0 days 00:53:04.573000,NOR,4,0 days 00:01:24.056000,14.0,1.0,,,0 days 00:00:24.437000,0 days 00:00:32.489000,0 days 00:00:27.130000,0 days 00:52:04.954000,0 days 00:52:37.443000,0 days 00:53:04.573000,266.0,189.0,294.0,293.0,False,SOFT,18.0,False,McLaren,0 days 00:51:40.517000,,1,7.0,,,False,True
0 days 00:54:28.238000,NOR,4,0 days 00:01:23.665000,15.0,1.0,,,0 days 00:00:24.487000,0 days 00:00:32.153000,0 days 00:00:27.025000,0 days 00:53:29.060000,0 days 00:54:01.213000,0 days 00:54:28.238000,267.0,191.0,293.0,291.0,False,SOFT,19.0,False,McLaren,0 days 00:53:04.573000,,1,7.0,,,False,True
0 days 00:55:51.931000,NOR,4,0 days 00:01:23.693000,16.0,1.0,,,0 days 00:00:24.471000,0 days 00:00:32.138000,0 days 00:00:27.084000,0 days 00:54:52.709000,0 days 00:55:24.847000,0 days 00:55:51.931000,267.0,190.0,292.0,303.0,False,SOFT,20.0,False,McLaren,0 days 00:54:28.238000,,1,7.0,,,False,True
0 days 00:57:15.381000,NOR,4,0 days 00:01:23.450000,17.0,1.0,,,0 days 00:00:24.484000,0 days 00:00:32.045000,0 days 00:00:26.921000,0 days 00:56:16.415000,0 days 00:56:48.460000,0 days 00:57:15.381000,264.0,190.0,291.0,289.0,False,SOFT,21.0,False,McLaren,0 days 00:55:51.931000,,1,7.0,,,False,True
0 days 00:58:44.529000,NOR,4,0 days 00:01:29.148000,18.0,1.0,,0 days 00:58:41.622000,0 days 00:00:25.497000,0 days 00:00:32.290000,0 days 00:00:31.361000,0 days 00:57:40.878000,0 days 00:58:13.168000,0 days 00:58:44.529000,261.0,187.0,,287.0,False,SOFT,22.0,False,McLaren,0 days 00:57:15.381000,,1,9.0,,,False,False
0 days 01:00:39.244000,NOR,4,0 days 00:01:54.715000,19.0,2.0,0 days 00:59:16.419000,,0 days 00:00:54.840000,0 days 00:00:32.695000,0 days 00:00:27.180000,0 days 00:59:39.369000,0 days 01:00:12.064000,0 days 01:00:39.244000,260.0,187.0,291.0,287.0,False,HARD,1.0,True,McLaren,0 days 00:58:44.529000,,1,19.0,,,False,False
0 days 01:02:03.246000,NOR,4,0 days 00:01:24.002000,20.0,2.0,,,0 days 00:00:24.670000,0 days 00:00:32.285000,0 days 00:00:27.047000,0 days 01:01:03.914000,0 days 01:01:36.199000,0 days 01:02:03.246000,264.0,193.0,292.0,283.0,False,HARD,2.0,True,McLaren,0 days 01:00:39.244000,,1,19.0,,,False,True
0 days 01:03:26.910000,NOR,4,0 days 00:01:23.664000,21.0,2.0,,,0 days 00:00:24.549000,0 days 00:00:32.176000,0 days 00:00:26.939000,0 days 01:02:27.795000,0 days 01:02:59.971000,0 days 01:03:26.910000,264.0,193.0,293.0,287.0,False,HARD,3.0,True,McLaren,0 days 01:02:03.246000,,1,19.0,,,False,True
0 days 01:04:49.754000,NOR,4,0 days 00:01:22.844000,22.0,2.0,,,0 days 00:00:24.093000,0 days 00:00:31.930000,0 days 00:00:26.821000,0 days 01:03:51.003000,0 days 01:04:22.933000,0 days 01:04:49.754000,266.0,194.0,293.0,293.0,True,HARD,4.0,True,McLaren,0 days 01:03:26.910000,,1,19.0,,,False,True
0 days 01:06:12.267000,NOR,4,0 days 00:01:22.513000,23.0,2.0,,,0 days 00:00:24.021000,0 days 00:00:31.699000,0 days 00:00:26.793000,0 days 01:05:13.775000,0 days 01:05:45.474000,0 days 01:06:12.267000,267.0,193.0,293.0,292.0,True,HARD,5.0,True,McLaren,0 days 01:04:49.754000,,1,19.0,,,False,True
0 days 01:07:34.935000,NOR,4,0 days 00:01:22.668000,24.0,2.0,,,0 days 00:00:24.065000,0 days 00:00:31.861000,0 days 00:00:26.742000,0 days 01:06:36.332000,0 days 01:07:08.193000,0 days 01:07:34.935000,267.0,194.0,292.0,291.0,False,HARD,6.0,True,McLaren,0 days 01:06:12.267000,,1,19.0,,,False,True
0 days 01:08:57.580000,NOR,4,0 days 00:01:22.645000,25.0,2.0,,,0 days 00:00:24.096000,0 days 00:00:31.708000,0 days 00:00:26.841000,0 days 01:07:59.031000,0 days 01:08:30.739000,0 days 01:08:57.580000,268.0,195.0,293.0,289.0,False,HARD,7.0,True,McLaren,0 days 01:07:34.935000,,1,18.0,,,False,True
0 days 01:10:20.532000,NOR,4,0 days 00:01:22.952000,26.0,2.0,,,0 days 00:00:24.014000,0 days 00:00:31.892000,0 days 00:00:27.046000,0 days 01:09:21.594000,0 days 01:09:53.486000,0 days 01:10:20.532000,268.0,194.0,295.0,288.0,False,HARD,8.0,True,McLaren,0 days 01:08:57.580000,,1,17.0,,,False,True
0 days 01:11:43.724000,NOR,4,0 days 00:01:23.192000,27.0,2.0,,,0 days 00:00:24.031000,0 days 00:00:31.878000,0 days 00:00:27.283000,0 days 01:10:44.563000,0 days 01:11:16.441000,0 days 01:11:43.724000,267.0,194.0,283.0,289.0,False,HARD,9.0,True,McLaren,0 days 01:10:20.532000,,1,16.0,,,False,True
0 days 01:13:07.260000,NOR,4,0 days 00:01:23.536000,28.0,2.0,,,0 days 00:00:24.859000,0 days 00:00:31.695000,0 days 00:00:26.982000,0 days 01:12:08.583000,0 days 01:12:40.278000,0 days 01:13:07.260000,266.0,190.0,295.0,289.0,False,HARD,10.0,True,McLaren,0 days 01:11:43.724000,,1,16.0,,,False,True
0 days 01:14:29.728000,NOR,4,0 days 00:01:22.468000,29.0,2.0,,,0 days 00:00:23.937000,0 days 00:00:31.645000,0 days 00:00:26.886000,0 days 01:13:31.197000,0 days 01:14:02.842000,0 days 01:14:29.728000,271.0,195.0,296.0,293.0,True,HARD,11.0,True,McLaren,0 days 01:13:07.260000,,1,15.0,,,False,True
0 days 01:15:52.130000,NOR,4,0 days 00:01:22.402000,30.0,2.0,,,0 days 00:00:23.821000,0 days 00:00:31.870000,0 days 00:00:26.711000,0 days 01:14:53.549000,0 days 01:15:25.419000,0 days 01:15:52.130000,271.0,194.0,295.0,297.0,True,HARD,12.0,True,McLaren,0 days 01:14:29.728000,,1,15.0,,,False,True
0 days 01:17:14.556000,NOR,4,0 days 00:01:22.426000,31.0,2.0,,,0 days 00:00:23.893000,0 days 00:00:31.621000,0 days 00:00:26.912000,0 days 01:16:16.023000,0 days 01:16:47.644000,0 days 01:17:14.556000,268.0,196.0,294.0,294.0,False,HARD,13.0,True,McLaren,0 days 01:15:52.130000,,1,15.0,,,False,True
0 days 01:18:38.238000,NOR,4,0 days 00:01:23.682000,32.0,2.0,,,0 days 00:00:25.092000,0 days 00:00:31.808000,0 days 00:00:26.782000,0 days 01:17:39.648000,0 days 01:18:11.456000,0 days 01:18:38.238000,270.0,195.0,295.0,218.0,False,HARD,14.0,True,McLaren,0 days 01:17:14.556000,,1,14.0,,,False,True
0 days 01:20:00.467000,NOR,4,0 days 00:01:22.229000,33.0,2.0,,,0 days 00:00:23.930000,0 days 00:00:31.639000,0 days 00:00:26.660000,0 days 01:19:02.168000,0 days 01:19:33.807000,0 days 01:20:00.467000,267.0,194.0,295.0,294.0,True,HARD,15.0,True,McLaren,0 days 01:18:38.238000,,1,14.0,,,False,True
0 days 01:21:23.143000,NOR,4,0 days 00:01:22.676000,34.0,2.0,,,0 days 00:00:23.973000,0 days 00:00:31.895000,0 days 00:00:26.808000,0 days 01:20:24.440000,0 days 01:20:56.335000,0 days 01:21:23.143000,266.0,186.0,292.0,289.0,False,HARD,16.0,True,McLaren,0 days 01:20:00.467000,,1,14.0,,,False,True
0 days 01:22:45.591000,NOR,4,0 days 00:01:22.448000,35.0,2.0,,,0 days 00:00:23.874000,0 days 00:00:31.797000,0 days 00:00:26.777000,0 days 01:21:47.017000,0 days 01:22:18.814000,0 days 01:22:45.591000,267.0,194.0,293.0,294.0,False,HARD,17.0,True,McLaren,0 days 01:21:23.143000,,1,14.0,,,False,True
0 days 01:24:08.722000,NOR,4,0 days 00:01:23.131000,36.0,2.0,,,0 days 00:00:23.948000,0 days 00:00:32.308000,0 days 00:00:26.875000,0 days 01:23:09.539000,0 days 01:23:41.847000,0 days 01:24:08.722000,267.0,191.0,293.0,289.0,False,HARD,18.0,True,McLaren,0 days 01:22:45.591000,,1,14.0,,,False,True
0 days 01:25:31.197000,NOR,4,0 days 00:01:22.475000,37.0,2.0,,,0 days 00:00:24.118000,0 days 00:00:31.776000,0 days 00:00:26.581000,0 days 01:24:32.840000,0 days 01:25:04.616000,0 days 01:25:31.197000,267.0,193.0,293.0,289.0,False,HARD,19.0,True,McLaren,0 days 01:24:08.722000,,1,13.0,,,False,True
0 days 01:26:54.339000,NOR,4,0 days 00:01:23.142000,38.0,2.0,,,0 days 00:00:23.961000,0 days 00:00:31.880000,0 days 00:00:27.301000,0 days 01:25:55.158000,0 days 01:26:27.038000,0 days 01:26:54.339000,268.0,187.0,295.0,290.0,False,HARD,20.0,True,McLaren,0 days 01:25:31.197000,,1,13.0,,,False,True
0 days 01:28:17.044000,NOR,4,0 days 00:01:22.705000,39.0,2.0,,,0 days 00:00:23.995000,0 days 00:00:31.771000,0 days 00:00:26.939000,0 days 01:27:18.334000,0 days 01:27:50.105000,0 days 01:28:17.044000,268.0,191.0,294.0,291.0,False,HARD,21.0,True,McLaren,0 days 01:26:54.339000,,1,13.0,,,False,True
0 days 01:29:39.349000,NOR,4,0 days 00:01:22.305000,40.0,2.0,,,0 days 00:00:23.865000,0 days 00:00:31.634000,0 days 00:00:26.806000,0 days 01:28:40.909000,0 days 01:29:12.543000,0 days 01:29:39.349000,269.0,191.0,293.0,291.0,False,HARD,22.0,True,McLaren,0 days 01:28:17.044000,,1,13.0,,,False,True
0 days 01:31:01.681000,NOR,4,0 days 00:01:22.332000,41.0,2.0,,,0 days 00:00:23.939000,0 days 00:00:31.504000,0 days 00:00:26.889000,0 days 01:30:03.288000,0 days 01:30:34.792000,0 days 01:31:01.681000,266.0,193.0,293.0,291.0,False,HARD,23.0,True,McLaren,0 days 01:29:39.349000,,1,13.0,,,False,True
0 days 01:32:23.987000,NOR,4,0 days 00:01:22.306000,42.0,2.0,,,0 days 00:00:23.833000,0 days 00:00:31.495000,0 days 00:00:26.978000,0 days 01:31:25.514000,0 days 01:31:57.009000,0 days 01:32:23.987000,268.0,193.0,294.0,288.0,False,HARD,24.0,True,McLaren,0 days 01:31:01.681000,,1,13.0,,,False,True
0 days 01:33:50.678000,NOR,4,0 days 00:01:26.691000,43.0,2.0,,0 days 01:33:47.755000,0 days 00:00:24.182000,0 days 00:00:31.557000,0 days 00:00:30.952000,0 days 01:32:48.169000,0 days 01:33:19.726000,0 days 01:33:50.678000,267.0,191.0,,289.0,False,HARD,25.0,True,McLaren,0 days 01:32:23.987000,,1,13.0,,,False,False
0 days 01:35:36.996000,NOR,4,0 days 00:01:46.318000,44.0,3.0,0 days 01:34:15.505000,,0 days 00:00:47.599000,0 days 00:00:32.146000,0 days 00:00:26.573000,0 days 01:34:38.277000,0 days 01:35:10.423000,0 days 01:35:36.996000,267.0,194.0,293.0,289.0,False,MEDIUM,1.0,True,McLaren,0 days 01:33:50.678000,,1,17.0,,,False,False
0 days 01:36:58.786000,NOR,4,0 days 00:01:21.790000,45.0,3.0,,,0 days 00:00:23.766000,0 days 00:00:31.532000,0 days 00:00:26.492000,0 days 01:36:00.762000,0 days 01:36:32.294000,0 days 01:36:58.786000,269.0,192.0,294.0,290.0,True,MEDIUM,2.0,True,McLaren,0 days 01:35:36.996000,,1,17.0,,,False,True
0 days 01:38:20.071000,NOR,4,0 days 00:01:21.285000,46.0,3.0,,,0 days 00:00:23.678000,0 days 00:00:31.205000,0 days 00:00:26.402000,0 days 01:37:22.464000,0 days 01:37:53.669000,0 days 01:38:20.071000,270.0,194.0,294.0,291.0,True,MEDIUM,3.0,True,McLaren,0 days 01:36:58.786000,,1,17.0,,,False,True
0 days 01:39:41.423000,NOR,4,0 days 00:01:21.352000,47.0,3.0,,,0 days 00:00:23.798000,0 days 00:00:31.229000,0 days 00:00:26.325000,0 days 01:38:43.869000,0 days 01:39:15.098000,0 days 01:39:41.423000,269.0,193.0,295.0,289.0,False,MEDIUM,4.0,True,McLaren,0 days 01:38:20.071000,,1,17.0,,,False,True
0 days 01:41:02.515000,NOR,4,0 days 00:01:21.092000,48.0,3.0,,,0 days 00:00:23.581000,0 days 00:00:31.115000,0 days 00:00:26.396000,0 days 01:40:05.004000,0 days 01:40:36.119000,0 days 01:41:02.515000,270.0,192.0,294.0,293.0,True,MEDIUM,5.0,True,McLaren,0 days 01:39:41.423000,,1,17.0,,,False,True
0 days 01:42:23.776000,NOR,4,0 days 00:01:21.261000,49.0,3.0,,,0 days 00:00:23.602000,0 days 00:00:31.153000,0 days 00:00:26.506000,0 days 01:41:26.117000,0 days 01:41:57.270000,0 days 01:42:23.776000,268.0,194.0,294.0,294.0,True,MEDIUM,6.0,True,McLaren,0 days 01:41:02.515000,,1,17.0,,,False,True
0 days 01:43:45.233000,NOR,4,0 days 00:01:21.457000,50.0,3.0,,,0 days 00:00:23.639000,0 days 00:00:31.230000,0 days 00:00:26.588000,0 days 01:42:47.415000,0 days 01:43:18.645000,0 days 01:43:45.233000,266.0,191.0,296.0,293.0,False,MEDIUM,7.0,True,McLaren,0 days 01:42:23.776000,,1,17.0,,,False,True
0 days 01:45:06.286000,NOR,4,0 days 00:01:21.053000,51.0,3.0,,,0 days 00:00:23.494000,0 days 00:00:31.115000,0 days 00:00:26.444000,0 days 01:44:08.727000,0 days 01:44:39.842000,0 days 01:45:06.286000,268.0,190.0,299.0,294.0,True,MEDIUM,8.0,True,McLaren,0 days 01:43:45.233000,,1,17.0,,,False,True
0 days 01:46:27.523000,NOR,4,0 days 00:01:21.237000,52.0,3.0,,,0 days 00:00:23.643000,0 days 00:00:31.295000,0 days 00:00:26.299000,0 days 01:45:29.929000,0 days 01:46:01.224000,0 days 01:46:27.523000,269.0,192.0,322.0,295.0,False,MEDIUM,9.0,True,McLaren,0 days 01:45:06.286000,,1,17.0,,,False,True
0 days 01:47:49.190000,NOR,4,0 days 00:01:21.667000,53.0,3.0,,,0 days 00:00:23.511000,0 days 00:00:31.768000,0 days 00:00:26.388000,0 days 01:46:51.034000,0 days 01:47:22.802000,0 days 01:47:49.190000,268.0,187.0,320.0,318.0,False,MEDIUM,10.0,True,McLaren,0 days 01:46:27.523000,,1,16.0,,,False,True
0 days 01:49:10.698000,NOR,4,0 days 00:01:21.508000,54.0,3.0,,,0 days 00:00:23.452000,0 days 00:00:31.577000,0 days 00:00:26.479000,0 days 01:48:12.642000,0 days 01:48:44.219000,0 days 01:49:10.698000,268.0,186.0,312.0,312.0,False,MEDIUM,11.0,True,McLaren,0 days 01:47:49.190000,,1,15.0,,,False,True
0 days 01:50:31.098000,NOR,4,0 days 00:01:20.400000,55.0,3.0,,,0 days 00:00:23.111000,0 days 00:00:31.053000,0 days 00:00:26.236000,0 days 01:49:33.809000,0 days 01:50:04.862000,0 days 01:50:31.098000,270.0,196.0,297.0,329.0,True,MEDIUM,12.0,True,McLaren,0 days 01:49:10.698000,,1,14.0,,,False,True
0 days 01:51:52.222000,NOR,4,0 days 00:01:21.124000,56.0,3.0,,,0 days 00:00:23.618000,0 days 00:00:31.244000,0 days 00:00:26.262000,0 days 01:50:54.716000,0 days 01:51:25.960000,0 days 01:51:52.222000,270.0,197.0,297.0,290.0,False,MEDIUM,13.0,True,McLaren,0 days 01:50:31.098000,,1,14.0,,,False,True
0 days 01:53:12.948000,NOR,4,0 days 00:01:20.726000,57.0,3.0,,,0 days 00:00:23.441000,0 days 00:00:31.060000,0 days 00:00:26.225000,0 days 01:52:15.663000,0 days 01:52:46.723000,0 days 01:53:12.948000,270.0,196.0,313.0,294.0,False,MEDIUM,14.0,True,McLaren,0 days 01:51:52.222000,,1,14.0,,,False,True
0 days 01:54:35.250000,NOR,4,0 days 00:01:22.302000,58.0,3.0,,,0 days 00:00:24.144000,0 days 00:00:31.905000,0 days 00:00:26.253000,0 days 01:53:37.092000,0 days 01:54:08.997000,0 days 01:54:35.250000,271.0,198.0,294.0,334.0,False,MEDIUM,15.0,True,McLaren,0 days 01:53:12.948000,,1,13.0,,,False,True
0 days 01:55:55.871000,NOR,4,0 days 00:01:20.621000,59.0,3.0,,,0 days 00:00:23.584000,0 days 00:00:30.714000,0 days 00:00:26.323000,0 days 01:54:58.834000,0 days 01:55:29.548000,0 days 01:55:55.871000,268.0,199.0,294.0,287.0,False,MEDIUM,16.0,True,McLaren,0 days 01:54:35.250000,,1,13.0,,,False,True
0 days 01:57:16.466000,NOR,4,0 days 00:01:20.595000,60.0,3.0,,,0 days 00:00:23.542000,0 days 00:00:30.914000,0 days 00:00:26.139000,0 days 01:56:19.413000,0 days 01:56:50.327000,0 days 01:57:16.466000,268.0,198.0,293.0,287.0,False,MEDIUM,17.0,True,McLaren,0 days 01:55:55.871000,,1,13.0,,,False,True
0 days 01:58:36.902000,NOR,4,0 days 00:01:20.436000,61.0,3.0,,,0 days 00:00:23.549000,0 days 00:00:30.870000,0 days 00:00:26.017000,0 days 01:57:40.015000,0 days 01:58:10.885000,0 days 01:58:36.902000,265.0,196.0,294.0,286.0,False,MEDIUM,18.0,True,McLaren,0 days 01:57:16.466000,,1,13.0,,,False,True
0 days 01:59:57.187000,NOR,4,0 days 00:01:20.285000,62.0,3.0,,,0 days 00:00:23.457000,0 days 00:00:30.627000,0 days 00:00:26.201000,0 days 01:59:00.359000,0 days 01:59:30.986000,0 days 01:59:57.187000,268.0,196.0,295.0,285.0,True,MEDIUM,19.0,True,McLaren,0 days 01:58:36.902000,,1,13.0,,,False,True
0 days 02:01:17.530000,NOR,4,0 days 00:01:20.343000,63.0,3.0,,,0 days 00:00:23.571000,0 days 00:00:30.544000,0 days 00:00:26.228000,0 days 02:00:20.758000,0 days 02:00:51.302000,0 days 02:01:17.530000,268.0,198.0,294.0,286.0,False,MEDIUM,20.0,True,McLaren,0 days 01:59:57.187000,,1,13.0,,,False,True
0 days 02:02:37.980000,NOR,4,0 days 00:01:20.450000,64.0,3.0,,,0 days 00:00:23.428000,0 days 00:00:30.735000,0 days 00:00:26.287000,0 days 02:01:40.958000,0 days 02:02:11.693000,0 days 02:02:37.980000,269.0,197.0,295.0,290.0,False,MEDIUM,21.0,True,McLaren,0 days 02:01:17.530000,,1,13.0,,,False,True
0 days 02:03:57.340000,NOR,4,0 days 00:01:19.360000,65.0,3.0,,,0 days 00:00:23.200000,0 days 00:00:30.295000,0 days 00:00:25.865000,0 days 02:03:01.180000,0 days 02:03:31.475000,0 days 02:03:57.340000,275.0,199.0,293.0,291.0,True,MEDIUM,22.0,True,McLaren,0 days 02:02:37.980000,,1,13.0,,,False,True
0 days 00:34:51.309000,RUS,63,0 days 00:01:41.407000,1.0,1.0,,,,0 days 00:00:38.172000,0 days 00:00:29.929000,,0 days 00:34:21.864000,0 days 00:34:51.572000,264.0,156.0,310.0,243.0,False,MEDIUM,1.0,True,Williams,0 days 00:33:09.808000,,12,13.0,,,False,False
0 days 00:36:22.061000,RUS,63,0 days 00:01:30.752000,2.0,1.0,,,0 days 00:00:27.379000,0 days 00:00:35.396000,0 days 00:00:27.977000,0 days 00:35:18.712000,0 days 00:35:54.108000,0 days 00:36:22.085000,270.0,179.0,303.0,315.0,True,MEDIUM,2.0,True,Williams,0 days 00:34:51.309000,,1,13.0,,,False,True
0 days 00:37:48.398000,RUS,63,0 days 00:01:26.337000,3.0,1.0,,,0 days 00:00:25.689000,0 days 00:00:33.560000,0 days 00:00:27.088000,0 days 00:36:47.774000,0 days 00:37:21.334000,0 days 00:37:48.422000,278.0,183.0,318.0,315.0,True,MEDIUM,3.0,True,Williams,0 days 00:36:22.061000,,1,13.0,,,False,True
0 days 00:39:13.649000,RUS,63,0 days 00:01:25.251000,4.0,1.0,,,0 days 00:00:25.430000,0 days 00:00:32.941000,0 days 00:00:26.880000,0 days 00:38:13.852000,0 days 00:38:46.793000,0 days 00:39:13.673000,274.0,182.0,312.0,317.0,True,MEDIUM,4.0,True,Williams,0 days 00:37:48.398000,,1,13.0,,,False,True
0 days 00:40:37.563000,RUS,63,0 days 00:01:23.914000,5.0,1.0,,,0 days 00:00:24.514000,0 days 00:00:32.537000,0 days 00:00:26.863000,0 days 00:39:38.187000,0 days 00:40:10.724000,0 days 00:40:37.587000,273.0,184.0,309.0,336.0,True,MEDIUM,5.0,True,Williams,0 days 00:39:13.649000,,1,13.0,,,False,True
0 days 00:42:01.292000,RUS,63,0 days 00:01:23.729000,6.0,1.0,,,0 days 00:00:24.221000,0 days 00:00:32.480000,0 days 00:00:27.028000,0 days 00:41:01.808000,0 days 00:41:34.288000,0 days 00:42:01.316000,274.0,186.0,299.0,337.0,True,MEDIUM,6.0,True,Williams,0 days 00:40:37.563000,,1,13.0,,,False,True
0 days 00:43:24.942000,RUS,63,0 days 00:01:23.650000,7.0,1.0,,,0 days 00:00:24.215000,0 days 00:00:32.375000,0 days 00:00:27.060000,0 days 00:42:25.531000,0 days 00:42:57.906000,0 days 00:43:24.966000,273.0,187.0,298.0,315.0,True,MEDIUM,7.0,True,Williams,0 days 00:42:01.292000,,1,13.0,,,False,True
0 days 00:44:49.018000,RUS,63,0 days 00:01:24.076000,8.0,1.0,,,0 days 00:00:24.452000,0 days 00:00:32.693000,0 days 00:00:26.931000,0 days 00:43:49.418000,0 days 00:44:22.111000,0 days 00:44:49.042000,271.0,186.0,296.0,310.0,False,MEDIUM,8.0,True,Williams,0 days 00:43:24.942000,,1,13.0,,,False,True
0 days 00:46:13.031000,RUS,63,0 days 00:01:24.013000,9.0,1.0,,,0 days 00:00:24.218000,0 days 00:00:32.722000,0 days 00:00:27.073000,0 days 00:45:13.260000,0 days 00:45:45.982000,0 days 00:46:13.055000,272.0,183.0,298.0,310.0,False,MEDIUM,9.0,True,Williams,0 days 00:44:49.018000,,1,13.0,,,False,True
0 days 00:47:37.215000,RUS,63,0 days 00:01:24.184000,10.0,1.0,,,0 days 00:00:24.288000,0 days 00:00:32.755000,0 days 00:00:27.141000,0 days 00:46:37.343000,0 days 00:47:10.098000,0 days 00:47:37.239000,271.0,181.0,297.0,309.0,False,MEDIUM,10.0,True,Williams,0 days 00:46:13.031000,,1,13.0,,,False,True
0 days 00:49:01.413000,RUS,63,0 days 00:01:24.198000,11.0,1.0,,,0 days 00:00:24.629000,0 days 00:00:32.647000,0 days 00:00:26.922000,0 days 00:48:01.868000,0 days 00:48:34.515000,0 days 00:49:01.437000,271.0,181.0,298.0,309.0,False,MEDIUM,11.0,True,Williams,0 days 00:47:37.215000,,1,13.0,,,False,True
0 days 00:50:25.641000,RUS,63,0 days 00:01:24.228000,12.0,1.0,,,0 days 00:00:24.196000,0 days 00:00:32.769000,0 days 00:00:27.263000,0 days 00:49:25.633000,0 days 00:49:58.402000,0 days 00:50:25.665000,273.0,185.0,296.0,311.0,False,MEDIUM,12.0,True,Williams,0 days 00:49:01.413000,,1,12.0,,,False,True
0 days 00:51:50.534000,RUS,63,0 days 00:01:24.893000,13.0,1.0,,,0 days 00:00:24.754000,0 days 00:00:33.075000,0 days 00:00:27.064000,0 days 00:50:50.419000,0 days 00:51:23.494000,0 days 00:51:50.558000,270.0,185.0,293.0,306.0,False,MEDIUM,13.0,True,Williams,0 days 00:50:25.641000,,1,12.0,,,False,True
0 days 00:53:15.238000,RUS,63,0 days 00:01:24.704000,14.0,1.0,,,0 days 00:00:24.976000,0 days 00:00:32.744000,0 days 00:00:26.984000,0 days 00:52:15.534000,0 days 00:52:48.278000,0 days 00:53:15.262000,273.0,184.0,296.0,305.0,False,MEDIUM,14.0,True,Williams,0 days 00:51:50.534000,,1,13.0,,,False,True
0 days 00:54:39.089000,RUS,63,0 days 00:01:23.851000,15.0,1.0,,,0 days 00:00:24.229000,0 days 00:00:32.566000,0 days 00:00:27.056000,0 days 00:53:39.491000,0 days 00:54:12.057000,0 days 00:54:39.113000,273.0,184.0,295.0,308.0,False,MEDIUM,15.0,True,Williams,0 days 00:53:15.238000,,1,12.0,,,False,True
0 days 00:56:02.993000,RUS,63,0 days 00:01:23.904000,16.0,1.0,,,0 days 00:00:24.161000,0 days 00:00:32.528000,0 days 00:00:27.215000,0 days 00:55:03.274000,0 days 00:55:35.802000,0 days 00:56:03.017000,275.0,185.0,297.0,308.0,False,MEDIUM,16.0,True,Williams,0 days 00:54:39.089000,,1,12.0,,,False,True
0 days 00:57:26.767000,RUS,63,0 days 00:01:23.774000,17.0,1.0,,,0 days 00:00:24.135000,0 days 00:00:32.562000,0 days 00:00:27.077000,0 days 00:56:27.152000,0 days 00:56:59.714000,0 days 00:57:26.791000,272.0,185.0,295.0,306.0,False,MEDIUM,17.0,True,Williams,0 days 00:56:02.993000,,1,12.0,,,False,True
0 days 00:58:50.812000,RUS,63,0 days 00:01:24.045000,18.0,1.0,,,0 days 00:00:24.200000,0 days 00:00:32.328000,0 days 00:00:27.517000,0 days 00:57:50.991000,0 days 00:58:23.319000,0 days 00:58:50.836000,271.0,183.0,305.0,305.0,False,MEDIUM,18.0,True,Williams,0 days 00:57:26.767000,,1,11.0,,,False,True
0 days 01:00:13.699000,RUS,63,0 days 00:01:22.887000,19.0,1.0,,,0 days 00:00:23.745000,0 days 00:00:32.145000,0 days 00:00:26.997000,0 days 00:59:14.581000,0 days 00:59:46.726000,0 days 01:00:13.723000,272.0,187.0,294.0,325.0,True,MEDIUM,19.0,True,Williams,0 days 00:58:50.812000,,1,10.0,,,False,True
0 days 01:01:36.967000,RUS,63,0 days 00:01:23.268000,20.0,1.0,,,0 days 00:00:23.988000,0 days 00:00:32.221000,0 days 00:00:27.059000,0 days 01:00:37.711000,0 days 01:01:09.932000,0 days 01:01:36.991000,273.0,182.0,294.0,305.0,False,MEDIUM,20.0,True,Williams,0 days 01:00:13.699000,,1,9.0,,,False,True
0 days 01:03:00.625000,RUS,63,0 days 00:01:23.658000,21.0,1.0,,,0 days 00:00:24.239000,0 days 00:00:32.319000,0 days 00:00:27.100000,0 days 01:02:01.230000,0 days 01:02:33.549000,0 days 01:03:00.649000,269.0,186.0,296.0,304.0,False,MEDIUM,21.0,True,Williams,0 days 01:01:36.967000,,1,9.0,,,False,True
0 days 01:04:23.851000,RUS,63,0 days 00:01:23.226000,22.0,1.0,,,0 days 00:00:24.037000,0 days 00:00:32.085000,0 days 00:00:27.104000,0 days 01:03:24.686000,0 days 01:03:56.771000,0 days 01:04:23.875000,274.0,184.0,297.0,297.0,False,MEDIUM,22.0,True,Williams,0 days 01:03:00.625000,,1,9.0,,,False,True
0 days 01:05:46.963000,RUS,63,0 days 00:01:23.112000,23.0,1.0,,,0 days 00:00:24.051000,0 days 00:00:32.014000,0 days 00:00:27.047000,0 days 01:04:47.926000,0 days 01:05:19.940000,0 days 01:05:46.987000,267.0,185.0,296.0,303.0,False,MEDIUM,23.0,True,Williams,0 days 01:04:23.851000,,1,9.0,,,False,True
0 days 01:07:10.147000,RUS,63,0 days 00:01:23.184000,24.0,1.0,,,0 days 00:00:24.046000,0 days 00:00:31.989000,0 days 00:00:27.149000,0 days 01:06:11.033000,0 days 01:06:43.022000,0 days 01:07:10.171000,269.0,186.0,295.0,297.0,False,MEDIUM,24.0,True,Williams,0 days 01:05:46.963000,,1,9.0,,,False,True
0 days 01:08:34.099000,RUS,63,0 days 00:01:23.952000,25.0,1.0,,,0 days 00:00:24.914000,0 days 00:00:32.113000,0 days 00:00:26.925000,0 days 01:07:35.085000,0 days 01:08:07.198000,0 days 01:08:34.123000,273.0,183.0,296.0,299.0,False,MEDIUM,25.0,True,Williams,0 days 01:07:10.147000,,1,10.0,,,False,True
0 days 01:09:57.304000,RUS,63,0 days 00:01:23.205000,26.0,1.0,,,0 days 00:00:23.967000,0 days 00:00:31.937000,0 days 00:00:27.301000,0 days 01:08:58.090000,0 days 01:09:30.027000,0 days 01:09:57.328000,271.0,184.0,296.0,302.0,False,MEDIUM,26.0,True,Williams,0 days 01:08:34.099000,,1,10.0,,,False,True
0 days 01:11:20.970000,RUS,63,0 days 00:01:23.666000,27.0,1.0,,,0 days 00:00:24.081000,0 days 00:00:32.437000,0 days 00:00:27.148000,0 days 01:10:21.409000,0 days 01:10:53.846000,0 days 01:11:20.994000,272.0,184.0,296.0,299.0,False,MEDIUM,27.0,True,Williams,0 days 01:09:57.304000,,1,9.0,,,False,True
0 days 01:12:43.794000,RUS,63,0 days 00:01:22.824000,28.0,1.0,,,0 days 00:00:24.030000,0 days 00:00:31.890000,0 days 00:00:26.904000,0 days 01:11:45.024000,0 days 01:12:16.914000,0 days 01:12:43.818000,267.0,186.0,298.0,301.0,True,MEDIUM,28.0,True,Williams,0 days 01:11:20.970000,,1,8.0,,,False,True
0 days 01:14:06.742000,RUS,63,0 days 00:01:22.948000,29.0,1.0,,,0 days 00:00:23.933000,0 days 00:00:31.974000,0 days 00:00:27.041000,0 days 01:13:07.751000,0 days 01:13:39.725000,0 days 01:14:06.766000,275.0,186.0,296.0,295.0,False,MEDIUM,29.0,True,Williams,0 days 01:12:43.794000,,1,7.0,,,False,True
0 days 01:15:29.410000,RUS,63,0 days 00:01:22.668000,30.0,1.0,,,0 days 00:00:24.021000,0 days 00:00:31.709000,0 days 00:00:26.938000,0 days 01:14:30.787000,0 days 01:15:02.496000,0 days 01:15:29.434000,271.0,184.0,296.0,296.0,True,MEDIUM,30.0,True,Williams,0 days 01:14:06.742000,,1,7.0,,,False,True
0 days 01:16:52.173000,RUS,63,0 days 00:01:22.763000,31.0,1.0,,,0 days 00:00:23.952000,0 days 00:00:31.897000,0 days 00:00:26.914000,0 days 01:15:53.386000,0 days 01:16:25.283000,0 days 01:16:52.197000,273.0,182.0,296.0,300.0,False,MEDIUM,31.0,True,Williams,0 days 01:15:29.410000,,1,7.0,,,False,True
0 days 01:18:15.037000,RUS,63,0 days 00:01:22.864000,32.0,1.0,,,0 days 00:00:24.048000,0 days 00:00:31.872000,0 days 00:00:26.944000,0 days 01:17:16.245000,0 days 01:17:48.117000,0 days 01:18:15.061000,268.0,185.0,295.0,295.0,False,MEDIUM,32.0,True,Williams,0 days 01:16:52.173000,,1,7.0,,,False,True
0 days 01:19:37.546000,RUS,63,0 days 00:01:22.509000,33.0,1.0,,,0 days 00:00:23.993000,0 days 00:00:31.806000,0 days 00:00:26.710000,0 days 01:18:39.054000,0 days 01:19:10.860000,0 days 01:19:37.570000,270.0,185.0,295.0,297.0,True,MEDIUM,33.0,True,Williams,0 days 01:18:15.037000,,1,7.0,,,False,True
0 days 01:21:00.552000,RUS,63,0 days 00:01:23.006000,34.0,1.0,,,0 days 00:00:24.010000,0 days 00:00:31.952000,0 days 00:00:27.044000,0 days 01:20:01.580000,0 days 01:20:33.532000,0 days 01:21:00.576000,271.0,187.0,295.0,300.0,False,MEDIUM,34.0,True,Williams,0 days 01:19:37.546000,,1,7.0,,,False,True
0 days 01:22:23.889000,RUS,63,0 days 00:01:23.337000,35.0,1.0,,,0 days 00:00:23.983000,0 days 00:00:32.419000,0 days 00:00:26.935000,0 days 01:21:24.559000,0 days 01:21:56.978000,0 days 01:22:23.913000,272.0,186.0,294.0,293.0,False,MEDIUM,35.0,True,Williams,0 days 01:21:00.552000,,1,7.0,,,False,True
0 days 01:23:51.322000,RUS,63,0 days 00:01:27.433000,36.0,1.0,,0 days 01:23:48.494000,0 days 00:00:24.366000,0 days 00:00:32.635000,0 days 00:00:30.432000,0 days 01:22:48.279000,0 days 01:23:20.914000,0 days 01:23:51.346000,271.0,184.0,,303.0,False,MEDIUM,36.0,True,Williams,0 days 01:22:23.889000,,1,7.0,,,False,False
0 days 01:25:44.489000,RUS,63,0 days 00:01:53.167000,37.0,2.0,0 days 01:24:21.466000,,0 days 00:00:52.859000,0 days 00:00:33.441000,0 days 00:00:26.867000,0 days 01:24:44.205000,0 days 01:25:17.646000,0 days 01:25:44.513000,268.0,187.0,297.0,303.0,False,HARD,1.0,True,Williams,0 days 01:23:51.322000,,1,15.0,,,False,False
0 days 01:27:07.330000,RUS,63,0 days 00:01:22.841000,38.0,2.0,,,0 days 00:00:23.838000,0 days 00:00:32.142000,0 days 00:00:26.861000,0 days 01:26:08.351000,0 days 01:26:40.493000,0 days 01:27:07.354000,274.0,191.0,298.0,309.0,False,HARD,2.0,True,Williams,0 days 01:25:44.489000,,1,15.0,,,False,True
0 days 01:28:29.722000,RUS,63,0 days 00:01:22.392000,39.0,2.0,,,0 days 00:00:23.820000,0 days 00:00:31.977000,0 days 00:00:26.595000,0 days 01:27:31.174000,0 days 01:28:03.151000,0 days 01:28:29.746000,277.0,192.0,298.0,309.0,True,HARD,3.0,True,Williams,0 days 01:27:07.330000,,1,15.0,,,False,True
0 days 01:29:51.609000,RUS,63,0 days 00:01:21.887000,40.0,2.0,,,0 days 00:00:23.482000,0 days 00:00:31.783000,0 days 00:00:26.622000,0 days 01:28:53.228000,0 days 01:29:25.011000,0 days 01:29:51.633000,277.0,194.0,309.0,310.0,True,HARD,4.0,True,Williams,0 days 01:28:29.722000,,1,15.0,,,False,True
0 days 01:31:14.930000,RUS,63,0 days 00:01:23.321000,41.0,2.0,,,0 days 00:00:24.360000,0 days 00:00:32.071000,0 days 00:00:26.890000,0 days 01:30:15.993000,0 days 01:30:48.064000,0 days 01:31:14.954000,276.0,194.0,298.0,322.0,False,HARD,5.0,True,Williams,0 days 01:29:51.609000,,1,15.0,,,False,True
0 days 01:32:37.040000,RUS,63,0 days 00:01:22.110000,42.0,2.0,,,0 days 00:00:23.630000,0 days 00:00:31.665000,0 days 00:00:26.815000,0 days 01:31:38.584000,0 days 01:32:10.249000,0 days 01:32:37.064000,276.0,194.0,309.0,307.0,False,HARD,6.0,True,Williams,0 days 01:31:14.930000,,1,15.0,,,False,True
0 days 01:34:00.105000,RUS,63,0 days 00:01:23.065000,43.0,2.0,,,0 days 00:00:24.115000,0 days 00:00:32.113000,0 days 00:00:26.837000,0 days 01:33:01.179000,0 days 01:33:33.292000,0 days 01:34:00.129000,275.0,191.0,299.0,332.0,False,HARD,7.0,True,Williams,0 days 01:32:37.040000,,1,15.0,,,False,True
0 days 01:35:24.061000,RUS,63,0 days 00:01:23.956000,44.0,2.0,,,0 days 00:00:24.903000,0 days 00:00:32.147000,0 days 00:00:26.906000,0 days 01:34:25.032000,0 days 01:34:57.179000,0 days 01:35:24.085000,278.0,191.0,300.0,278.0,False,HARD,8.0,True,Williams,0 days 01:34:00.105000,,1,14.0,,,False,True
0 days 01:36:46.364000,RUS,63,0 days 00:01:22.303000,45.0,2.0,,,0 days 00:00:23.858000,0 days 00:00:31.862000,0 days 00:00:26.583000,0 days 01:35:47.943000,0 days 01:36:19.805000,0 days 01:36:46.388000,277.0,192.0,300.0,312.0,False,HARD,9.0,True,Williams,0 days 01:35:24.061000,,1,14.0,,,False,True
0 days 01:38:08.225000,RUS,63,0 days 00:01:21.861000,46.0,2.0,,,0 days 00:00:23.697000,0 days 00:00:31.655000,0 days 00:00:26.509000,0 days 01:37:10.085000,0 days 01:37:41.740000,0 days 01:38:08.249000,278.0,193.0,299.0,311.0,True,HARD,10.0,True,Williams,0 days 01:36:46.364000,,1,14.0,,,False,True
0 days 01:39:30.747000,RUS,63,0 days 00:01:22.522000,47.0,2.0,,,0 days 00:00:23.732000,0 days 00:00:32.263000,0 days 00:00:26.527000,0 days 01:38:31.981000,0 days 01:39:04.244000,0 days 01:39:30.771000,279.0,190.0,311.0,309.0,False,HARD,11.0,True,Williams,0 days 01:38:08.225000,,1,14.0,,,False,True
0 days 01:40:54.952000,RUS,63,0 days 00:01:24.205000,48.0,2.0,,,0 days 00:00:24.691000,0 days 00:00:32.785000,0 days 00:00:26.729000,0 days 01:39:55.462000,0 days 01:40:28.247000,0 days 01:40:54.976000,281.0,192.0,310.0,336.0,False,HARD,12.0,True,Williams,0 days 01:39:30.747000,,1,14.0,,,False,True
0 days 01:42:17.959000,RUS,63,0 days 00:01:23.007000,49.0,2.0,,,0 days 00:00:24.170000,0 days 00:00:32.318000,0 days 00:00:26.519000,0 days 01:41:19.146000,0 days 01:41:51.464000,0 days 01:42:17.983000,277.0,194.0,298.0,337.0,False,HARD,13.0,True,Williams,0 days 01:40:54.952000,,1,14.0,,,False,True
0 days 01:43:40.154000,RUS,63,0 days 00:01:22.195000,50.0,2.0,,,0 days 00:00:23.621000,0 days 00:00:31.902000,0 days 00:00:26.672000,0 days 01:42:41.604000,0 days 01:43:13.506000,0 days 01:43:40.178000,276.0,197.0,311.0,310.0,False,HARD,14.0,True,Williams,0 days 01:42:17.959000,,1,14.0,,,False,True
0 days 01:45:01.623000,RUS,63,0 days 00:01:21.469000,51.0,2.0,,,0 days 00:00:23.156000,0 days 00:00:31.775000,0 days 00:00:26.538000,0 days 01:44:03.334000,0 days 01:44:35.109000,0 days 01:45:01.647000,274.0,196.0,297.0,329.0,True,HARD,15.0,True,Williams,0 days 01:43:40.154000,,1,13.0,,,False,True
0 days 01:46:23.865000,RUS,63,0 days 00:01:22.242000,52.0,2.0,,,0 days 00:00:23.578000,0 days 00:00:32.065000,0 days 00:00:26.599000,0 days 01:45:25.225000,0 days 01:45:57.290000,0 days 01:46:23.889000,276.0,191.0,298.0,305.0,False,HARD,16.0,True,Williams,0 days 01:45:01.623000,,1,13.0,,,False,True
0 days 01:47:45.808000,RUS,63,0 days 00:01:21.943000,53.0,2.0,,,0 days 00:00:23.474000,0 days 00:00:31.969000,0 days 00:00:26.500000,0 days 01:46:47.363000,0 days 01:47:19.332000,0 days 01:47:45.832000,276.0,190.0,297.0,305.0,False,HARD,17.0,True,Williams,0 days 01:46:23.865000,,1,13.0,,,False,True
0 days 01:49:07.470000,RUS,63,0 days 00:01:21.662000,54.0,2.0,,,0 days 00:00:23.524000,0 days 00:00:31.654000,0 days 00:00:26.484000,0 days 01:48:09.356000,0 days 01:48:41.010000,0 days 01:49:07.494000,277.0,194.0,298.0,304.0,False,HARD,18.0,True,Williams,0 days 01:47:45.808000,,1,13.0,,,False,True
0 days 01:50:28.985000,RUS,63,0 days 00:01:21.515000,55.0,2.0,,,0 days 00:00:23.812000,0 days 00:00:31.340000,0 days 00:00:26.363000,0 days 01:49:31.306000,0 days 01:50:02.646000,0 days 01:50:29.009000,277.0,194.0,297.0,295.0,False,HARD,19.0,True,Williams,0 days 01:49:07.470000,,1,13.0,,,False,True
0 days 01:51:50.850000,RUS,63,0 days 00:01:21.865000,56.0,2.0,,,0 days 00:00:23.627000,0 days 00:00:31.757000,0 days 00:00:26.481000,0 days 01:50:52.636000,0 days 01:51:24.393000,0 days 01:51:50.874000,274.0,192.0,298.0,298.0,False,HARD,20.0,True,Williams,0 days 01:50:28.985000,,1,13.0,,,False,True
0 days 01:53:12.413000,RUS,63,0 days 00:01:21.563000,57.0,2.0,,,0 days 00:00:23.518000,0 days 00:00:31.636000,0 days 00:00:26.409000,0 days 01:52:14.392000,0 days 01:52:46.028000,0 days 01:53:12.437000,276.0,192.0,298.0,305.0,False,HARD,21.0,True,Williams,0 days 01:51:50.850000,,1,13.0,,,False,True
0 days 01:54:36.280000,RUS,63,0 days 00:01:23.867000,58.0,2.0,,,0 days 00:00:24.375000,0 days 00:00:33.008000,0 days 00:00:26.484000,0 days 01:53:36.812000,0 days 01:54:09.820000,0 days 01:54:36.304000,274.0,193.0,301.0,305.0,False,HARD,22.0,True,Williams,0 days 01:53:12.413000,,1,14.0,,,False,True
0 days 01:55:58.223000,RUS,63,0 days 00:01:21.943000,59.0,2.0,,,0 days 00:00:23.697000,0 days 00:00:31.678000,0 days 00:00:26.568000,0 days 01:55:00.001000,0 days 01:55:31.679000,0 days 01:55:58.247000,278.0,193.0,299.0,311.0,False,HARD,23.0,True,Williams,0 days 01:54:36.280000,,1,14.0,,,False,True
0 days 01:57:19.701000,RUS,63,0 days 00:01:21.478000,60.0,2.0,,,0 days 00:00:23.642000,0 days 00:00:31.414000,0 days 00:00:26.422000,0 days 01:56:21.889000,0 days 01:56:53.303000,0 days 01:57:19.725000,277.0,195.0,298.0,307.0,False,HARD,24.0,True,Williams,0 days 01:55:58.223000,,1,14.0,,,False,True
0 days 01:58:40.585000,RUS,63,0 days 00:01:20.884000,61.0,2.0,,,0 days 00:00:23.519000,0 days 00:00:31.203000,0 days 00:00:26.162000,0 days 01:57:43.244000,0 days 01:58:14.447000,0 days 01:58:40.609000,271.0,193.0,299.0,298.0,True,HARD,25.0,True,Williams,0 days 01:57:19.701000,,1,14.0,,,False,True
0 days 02:00:01.467000,RUS,63,0 days 00:01:20.882000,62.0,2.0,,,0 days 00:00:23.522000,0 days 00:00:31.016000,0 days 00:00:26.344000,0 days 01:59:04.131000,0 days 01:59:35.147000,0 days 02:00:01.491000,278.0,198.0,300.0,301.0,True,HARD,26.0,True,Williams,0 days 01:58:40.585000,,1,14.0,,,False,True
0 days 02:01:22.514000,RUS,63,0 days 00:01:21.047000,63.0,2.0,,,0 days 00:00:23.494000,0 days 00:00:31.092000,0 days 00:00:26.461000,0 days 02:00:24.985000,0 days 02:00:56.077000,0 days 02:01:22.538000,278.0,196.0,299.0,297.0,False,HARD,27.0,True,Williams,0 days 02:00:01.467000,,1,14.0,,,False,True
0 days 02:02:43.533000,RUS,63,0 days 00:01:21.019000,64.0,2.0,,,0 days 00:00:23.386000,0 days 00:00:31.261000,0 days 00:00:26.372000,0 days 02:01:45.924000,0 days 02:02:17.185000,0 days 02:02:43.557000,278.0,196.0,299.0,307.0,False,HARD,28.0,True,Williams,0 days 02:01:22.514000,,1,14.0,,,False,True
0 days 02:04:04.943000,RUS,63,0 days 00:01:21.410000,65.0,2.0,,,0 days 00:00:23.501000,0 days 00:00:31.224000,0 days 00:00:26.685000,0 days 02:03:07.058000,0 days 02:03:38.282000,0 days 02:04:04.967000,272.0,191.0,298.0,308.0,False,HARD,29.0,True,Williams,0 days 02:02:43.533000,,1,14.0,,,False,True
0 days 00:34:51.324000,GIO,99,0 days 00:01:41.422000,1.0,1.0,,,,0 days 00:00:37.911000,0 days 00:00:30.832000,,0 days 00:34:20.977000,0 days 00:34:51.572000,254.0,164.0,295.0,248.0,False,MEDIUM,1.0,True,Alfa Romeo Racing,0 days 00:33:09.808000,,12,14.0,,,False,False
0 days 00:36:22.714000,GIO,99,0 days 00:01:31.390000,2.0,1.0,,,0 days 00:00:27.573000,0 days 00:00:35.642000,0 days 00:00:28.175000,0 days 00:35:18.918000,0 days 00:35:54.560000,0 days 00:36:22.735000,271.0,172.0,298.0,310.0,True,MEDIUM,2.0,True,Alfa Romeo Racing,0 days 00:34:51.324000,,1,14.0,,,False,True
0 days 00:37:49.349000,GIO,99,0 days 00:01:26.635000,3.0,1.0,,,0 days 00:00:25.654000,0 days 00:00:33.640000,0 days 00:00:27.341000,0 days 00:36:48.389000,0 days 00:37:22.029000,0 days 00:37:49.370000,267.0,178.0,305.0,309.0,True,MEDIUM,3.0,True,Alfa Romeo Racing,0 days 00:36:22.714000,,1,14.0,,,False,True
0 days 00:39:14.815000,GIO,99,0 days 00:01:25.466000,4.0,1.0,,,0 days 00:00:25.047000,0 days 00:00:33.215000,0 days 00:00:27.204000,0 days 00:38:14.417000,0 days 00:38:47.632000,0 days 00:39:14.836000,266.0,181.0,304.0,323.0,True,MEDIUM,4.0,True,Alfa Romeo Racing,0 days 00:37:49.349000,,1,14.0,,,False,True
0 days 00:40:38.557000,GIO,99,0 days 00:01:23.742000,5.0,1.0,,,0 days 00:00:24.312000,0 days 00:00:32.367000,0 days 00:00:27.063000,0 days 00:39:39.148000,0 days 00:40:11.515000,0 days 00:40:38.578000,269.0,186.0,304.0,326.0,True,MEDIUM,5.0,True,Alfa Romeo Racing,0 days 00:39:14.815000,,1,14.0,,,False,True
0 days 00:42:02.143000,GIO,99,0 days 00:01:23.586000,6.0,1.0,,,0 days 00:00:24.268000,0 days 00:00:32.321000,0 days 00:00:26.997000,0 days 00:41:02.846000,0 days 00:41:35.167000,0 days 00:42:02.164000,270.0,186.0,304.0,327.0,True,MEDIUM,6.0,True,Alfa Romeo Racing,0 days 00:40:38.557000,,1,14.0,,,False,True
0 days 00:43:25.509000,GIO,99,0 days 00:01:23.366000,7.0,1.0,,,0 days 00:00:24.259000,0 days 00:00:32.205000,0 days 00:00:26.902000,0 days 00:42:26.423000,0 days 00:42:58.628000,0 days 00:43:25.530000,269.0,186.0,307.0,326.0,True,MEDIUM,7.0,True,Alfa Romeo Racing,0 days 00:42:02.143000,,1,14.0,,,False,True
0 days 00:44:49.691000,GIO,99,0 days 00:01:24.182000,8.0,1.0,,,0 days 00:00:24.349000,0 days 00:00:32.801000,0 days 00:00:27.032000,0 days 00:43:49.879000,0 days 00:44:22.680000,0 days 00:44:49.712000,271.0,182.0,306.0,326.0,False,MEDIUM,8.0,True,Alfa Romeo Racing,0 days 00:43:25.509000,,1,14.0,,,False,True
0 days 00:46:13.641000,GIO,99,0 days 00:01:23.950000,9.0,1.0,,,0 days 00:00:24.203000,0 days 00:00:32.604000,0 days 00:00:27.143000,0 days 00:45:13.915000,0 days 00:45:46.519000,0 days 00:46:13.662000,268.0,185.0,308.0,328.0,False,MEDIUM,9.0,True,Alfa Romeo Racing,0 days 00:44:49.691000,,1,14.0,,,False,True
0 days 00:47:37.604000,GIO,99,0 days 00:01:23.963000,10.0,1.0,,,0 days 00:00:24.424000,0 days 00:00:32.447000,0 days 00:00:27.092000,0 days 00:46:38.086000,0 days 00:47:10.533000,0 days 00:47:37.625000,267.0,184.0,309.0,329.0,False,MEDIUM,10.0,True,Alfa Romeo Racing,0 days 00:46:13.641000,,1,14.0,,,False,True
0 days 00:49:02.063000,GIO,99,0 days 00:01:24.459000,11.0,1.0,,,0 days 00:00:24.770000,0 days 00:00:32.761000,0 days 00:00:26.928000,0 days 00:48:02.395000,0 days 00:48:35.156000,0 days 00:49:02.084000,268.0,185.0,306.0,330.0,False,MEDIUM,11.0,True,Alfa Romeo Racing,0 days 00:47:37.604000,,1,14.0,,,False,True
0 days 00:50:27.076000,GIO,99,0 days 00:01:25.013000,12.0,1.0,,,0 days 00:00:25.218000,0 days 00:00:32.748000,0 days 00:00:27.047000,0 days 00:49:27.302000,0 days 00:50:00.050000,0 days 00:50:27.097000,269.0,185.0,307.0,323.0,False,MEDIUM,12.0,True,Alfa Romeo Racing,0 days 00:49:02.063000,,1,14.0,,,False,True
0 days 00:51:51.545000,GIO,99,0 days 00:01:24.469000,13.0,1.0,,,0 days 00:00:24.481000,0 days 00:00:32.863000,0 days 00:00:27.125000,0 days 00:50:51.578000,0 days 00:51:24.441000,0 days 00:51:51.566000,268.0,180.0,307.0,325.0,False,MEDIUM,13.0,True,Alfa Romeo Racing,0 days 00:50:27.076000,,1,14.0,,,False,True
0 days 00:53:15.882000,GIO,99,0 days 00:01:24.337000,14.0,1.0,,,0 days 00:00:24.760000,0 days 00:00:32.569000,0 days 00:00:27.008000,0 days 00:52:16.326000,0 days 00:52:48.895000,0 days 00:53:15.903000,268.0,181.0,307.0,326.0,False,MEDIUM,14.0,True,Alfa Romeo Racing,0 days 00:51:51.545000,,1,14.0,,,False,True
0 days 00:54:39.962000,GIO,99,0 days 00:01:24.080000,15.0,1.0,,,0 days 00:00:24.311000,0 days 00:00:32.662000,0 days 00:00:27.107000,0 days 00:53:40.214000,0 days 00:54:12.876000,0 days 00:54:39.983000,270.0,183.0,302.0,329.0,False,MEDIUM,15.0,True,Alfa Romeo Racing,0 days 00:53:15.882000,,1,13.0,,,False,True
0 days 00:56:03.789000,GIO,99,0 days 00:01:23.827000,16.0,1.0,,,0 days 00:00:24.298000,0 days 00:00:32.427000,0 days 00:00:27.102000,0 days 00:55:04.281000,0 days 00:55:36.708000,0 days 00:56:03.810000,271.0,185.0,304.0,323.0,False,MEDIUM,16.0,True,Alfa Romeo Racing,0 days 00:54:39.962000,,1,13.0,,,False,True
0 days 00:57:27.440000,GIO,99,0 days 00:01:23.651000,17.0,1.0,,,0 days 00:00:24.381000,0 days 00:00:32.284000,0 days 00:00:26.986000,0 days 00:56:28.191000,0 days 00:57:00.475000,0 days 00:57:27.461000,268.0,186.0,305.0,323.0,False,MEDIUM,17.0,True,Alfa Romeo Racing,0 days 00:56:03.789000,,1,13.0,,,False,True
0 days 00:58:51.621000,GIO,99,0 days 00:01:24.181000,18.0,1.0,,,0 days 00:00:24.572000,0 days 00:00:32.433000,0 days 00:00:27.176000,0 days 00:57:52.033000,0 days 00:58:24.466000,0 days 00:58:51.642000,267.0,186.0,305.0,328.0,False,MEDIUM,18.0,True,Alfa Romeo Racing,0 days 00:57:27.440000,,1,12.0,,,False,True
0 days 01:00:14.836000,GIO,99,0 days 00:01:23.215000,19.0,1.0,,,0 days 00:00:24.200000,0 days 00:00:32.138000,0 days 00:00:26.877000,0 days 00:59:15.842000,0 days 00:59:47.980000,0 days 01:00:14.857000,269.0,188.0,292.0,326.0,True,MEDIUM,19.0,True,Alfa Romeo Racing,0 days 00:58:51.621000,,1,11.0,,,False,True
0 days 01:01:38.541000,GIO,99,0 days 00:01:23.705000,20.0,1.0,,,0 days 00:00:24.525000,0 days 00:00:32.155000,0 days 00:00:27.025000,0 days 01:00:39.382000,0 days 01:01:11.537000,0 days 01:01:38.562000,270.0,187.0,291.0,303.0,False,MEDIUM,20.0,True,Alfa Romeo Racing,0 days 01:00:14.836000,,1,10.0,,,False,True
0 days 01:03:02.530000,GIO,99,0 days 00:01:23.989000,21.0,1.0,,,0 days 00:00:24.641000,0 days 00:00:32.284000,0 days 00:00:27.064000,0 days 01:02:03.203000,0 days 01:02:35.487000,0 days 01:03:02.551000,269.0,186.0,291.0,301.0,False,MEDIUM,21.0,True,Alfa Romeo Racing,0 days 01:01:38.541000,,1,10.0,,,False,True
0 days 01:04:25.753000,GIO,99,0 days 00:01:23.223000,22.0,1.0,,,0 days 00:00:24.306000,0 days 00:00:31.921000,0 days 00:00:26.996000,0 days 01:03:26.857000,0 days 01:03:58.778000,0 days 01:04:25.774000,269.0,187.0,293.0,300.0,False,MEDIUM,22.0,True,Alfa Romeo Racing,0 days 01:03:02.530000,,1,10.0,,,False,True
0 days 01:05:50.512000,GIO,99,0 days 00:01:24.759000,23.0,1.0,,,0 days 00:00:25.260000,0 days 00:00:32.287000,0 days 00:00:27.212000,0 days 01:04:51.034000,0 days 01:05:23.321000,0 days 01:05:50.533000,272.0,187.0,291.0,301.0,False,MEDIUM,23.0,True,Alfa Romeo Racing,0 days 01:04:25.753000,,1,11.0,,,False,True
0 days 01:07:14.473000,GIO,99,0 days 00:01:23.961000,24.0,1.0,,,0 days 00:00:24.906000,0 days 00:00:32.161000,0 days 00:00:26.894000,0 days 01:06:15.439000,0 days 01:06:47.600000,0 days 01:07:14.494000,271.0,185.0,303.0,299.0,False,MEDIUM,24.0,True,Alfa Romeo Racing,0 days 01:05:50.512000,,1,12.0,,,False,True
0 days 01:08:37.915000,GIO,99,0 days 00:01:23.442000,25.0,1.0,,,0 days 00:00:24.215000,0 days 00:00:32.235000,0 days 00:00:26.992000,0 days 01:07:38.709000,0 days 01:08:10.944000,0 days 01:08:37.936000,273.0,186.0,290.0,321.0,False,MEDIUM,25.0,True,Alfa Romeo Racing,0 days 01:07:14.473000,,1,11.0,,,False,True
0 days 01:10:01.434000,GIO,99,0 days 00:01:23.519000,26.0,1.0,,,0 days 00:00:24.465000,0 days 00:00:31.836000,0 days 00:00:27.218000,0 days 01:09:02.401000,0 days 01:09:34.237000,0 days 01:10:01.455000,272.0,187.0,292.0,297.0,False,MEDIUM,26.0,True,Alfa Romeo Racing,0 days 01:08:37.915000,,1,11.0,,,False,True
0 days 01:11:25.265000,GIO,99,0 days 00:01:23.831000,27.0,1.0,,,0 days 00:00:24.315000,0 days 00:00:32.203000,0 days 00:00:27.313000,0 days 01:10:25.770000,0 days 01:10:57.973000,0 days 01:11:25.286000,270.0,183.0,290.0,299.0,False,MEDIUM,27.0,True,Alfa Romeo Racing,0 days 01:10:01.434000,,1,10.0,,,False,True
0 days 01:12:52.281000,GIO,99,0 days 00:01:27.016000,28.0,1.0,,0 days 01:12:49.392000,0 days 00:00:24.400000,0 days 00:00:31.864000,0 days 00:00:30.752000,0 days 01:11:49.686000,0 days 01:12:21.550000,0 days 01:12:52.302000,270.0,186.0,,294.0,False,MEDIUM,28.0,True,Alfa Romeo Racing,0 days 01:11:25.265000,,1,10.0,,,False,False
0 days 01:14:40.072000,GIO,99,0 days 00:01:47.791000,29.0,2.0,0 days 01:13:15.842000,,0 days 00:00:47.373000,0 days 00:00:32.969000,0 days 00:00:27.449000,0 days 01:13:39.675000,0 days 01:14:12.644000,0 days 01:14:40.093000,264.0,188.0,290.0,294.0,False,HARD,1.0,True,Alfa Romeo Racing,0 days 01:12:52.281000,,1,16.0,,,False,False
0 days 01:16:03.563000,GIO,99,0 days 00:01:23.491000,30.0,2.0,,,0 days 00:00:24.603000,0 days 00:00:32.031000,0 days 00:00:26.857000,0 days 01:15:04.696000,0 days 01:15:36.727000,0 days 01:16:03.584000,270.0,188.0,288.0,299.0,False,HARD,2.0,True,Alfa Romeo Racing,0 days 01:14:40.072000,,1,16.0,,,False,True
0 days 01:17:26.332000,GIO,99,0 days 00:01:22.769000,31.0,2.0,,,0 days 00:00:24.196000,0 days 00:00:31.642000,0 days 00:00:26.931000,0 days 01:16:27.780000,0 days 01:16:59.422000,0 days 01:17:26.353000,269.0,189.0,290.0,295.0,True,HARD,3.0,True,Alfa Romeo Racing,0 days 01:16:03.563000,,1,16.0,,,False,True
0 days 01:18:48.767000,GIO,99,0 days 00:01:22.435000,32.0,2.0,,,0 days 00:00:24.105000,0 days 00:00:31.430000,0 days 00:00:26.900000,0 days 01:17:50.458000,0 days 01:18:21.888000,0 days 01:18:48.788000,271.0,188.0,289.0,297.0,True,HARD,4.0,True,Alfa Romeo Racing,0 days 01:17:26.332000,,1,15.0,,,False,True
0 days 01:20:11.088000,GIO,99,0 days 00:01:22.321000,33.0,2.0,,,0 days 00:00:24.073000,0 days 00:00:31.451000,0 days 00:00:26.797000,0 days 01:19:12.861000,0 days 01:19:44.312000,0 days 01:20:11.109000,270.0,190.0,290.0,297.0,True,HARD,5.0,True,Alfa Romeo Racing,0 days 01:18:48.767000,,1,15.0,,,False,True
0 days 01:21:34.033000,GIO,99,0 days 00:01:22.945000,34.0,2.0,,,0 days 00:00:24.176000,0 days 00:00:31.756000,0 days 00:00:27.013000,0 days 01:20:35.285000,0 days 01:21:07.041000,0 days 01:21:34.054000,270.0,188.0,289.0,297.0,False,HARD,6.0,True,Alfa Romeo Racing,0 days 01:20:11.088000,,1,15.0,,,False,True
0 days 01:22:56.631000,GIO,99,0 days 00:01:22.598000,35.0,2.0,,,0 days 00:00:24.063000,0 days 00:00:31.652000,0 days 00:00:26.883000,0 days 01:21:58.117000,0 days 01:22:29.769000,0 days 01:22:56.652000,271.0,189.0,289.0,297.0,False,HARD,7.0,True,Alfa Romeo Racing,0 days 01:21:34.033000,,1,15.0,,,False,True
0 days 01:24:19.517000,GIO,99,0 days 00:01:22.886000,36.0,2.0,,,0 days 00:00:24.168000,0 days 00:00:31.773000,0 days 00:00:26.945000,0 days 01:23:20.820000,0 days 01:23:52.593000,0 days 01:24:19.538000,270.0,190.0,290.0,297.0,False,HARD,8.0,True,Alfa Romeo Racing,0 days 01:22:56.631000,,1,15.0,,,False,True
0 days 01:25:43.332000,GIO,99,0 days 00:01:23.815000,37.0,2.0,,,0 days 00:00:24.835000,0 days 00:00:32.199000,0 days 00:00:26.781000,0 days 01:24:44.373000,0 days 01:25:16.572000,0 days 01:25:43.353000,273.0,189.0,289.0,298.0,False,HARD,9.0,True,Alfa Romeo Racing,0 days 01:24:19.517000,,1,14.0,,,False,True
0 days 01:27:06.121000,GIO,99,0 days 00:01:22.789000,38.0,2.0,,,0 days 00:00:24.003000,0 days 00:00:31.994000,0 days 00:00:26.792000,0 days 01:26:07.356000,0 days 01:26:39.350000,0 days 01:27:06.142000,272.0,188.0,291.0,298.0,False,HARD,10.0,True,Alfa Romeo Racing,0 days 01:25:43.332000,,1,14.0,,,False,True
0 days 01:28:28.541000,GIO,99,0 days 00:01:22.420000,39.0,2.0,,,0 days 00:00:24.003000,0 days 00:00:31.560000,0 days 00:00:26.857000,,0 days 01:28:01.705000,0 days 01:28:28.562000,272.0,190.0,291.0,297.0,False,HARD,11.0,True,Alfa Romeo Racing,0 days 01:27:06.121000,,1,14.0,,,False,True
0 days 01:29:50.842000,GIO,99,0 days 00:01:22.301000,40.0,2.0,,,0 days 00:00:23.892000,0 days 00:00:31.559000,0 days 00:00:26.850000,0 days 01:28:52.454000,0 days 01:29:24.013000,0 days 01:29:50.863000,272.0,192.0,291.0,299.0,True,HARD,12.0,True,Alfa Romeo Racing,0 days 01:28:28.541000,,1,14.0,,,False,True
0 days 01:31:13.667000,GIO,99,0 days 00:01:22.825000,41.0,2.0,,,0 days 00:00:24.364000,0 days 00:00:31.574000,0 days 00:00:26.887000,0 days 01:30:15.227000,0 days 01:30:46.801000,0 days 01:31:13.688000,271.0,190.0,291.0,299.0,False,HARD,13.0,True,Alfa Romeo Racing,0 days 01:29:50.842000,,1,14.0,,,False,True
0 days 01:32:36.369000,GIO,99,0 days 00:01:22.702000,42.0,2.0,,,0 days 00:00:23.963000,0 days 00:00:31.888000,0 days 00:00:26.851000,0 days 01:31:37.651000,0 days 01:32:09.539000,0 days 01:32:36.390000,272.0,191.0,293.0,297.0,False,HARD,14.0,True,Alfa Romeo Racing,0 days 01:31:13.667000,,1,14.0,,,False,True
0 days 01:33:58.816000,GIO,99,0 days 00:01:22.447000,43.0,2.0,,,0 days 00:00:24.135000,0 days 00:00:31.449000,0 days 00:00:26.863000,0 days 01:33:00.525000,0 days 01:33:31.974000,0 days 01:33:58.837000,271.0,188.0,291.0,298.0,False,HARD,15.0,True,Alfa Romeo Racing,0 days 01:32:36.369000,,1,14.0,,,False,True
0 days 01:35:22.911000,GIO,99,0 days 00:01:24.095000,44.0,2.0,,,0 days 00:00:23.941000,0 days 00:00:32.080000,0 days 00:00:28.074000,0 days 01:34:22.778000,0 days 01:34:54.858000,0 days 01:35:22.932000,273.0,184.0,304.0,295.0,False,HARD,16.0,True,Alfa Romeo Racing,0 days 01:33:58.816000,,1,13.0,,,False,True
0 days 01:36:45.312000,GIO,99,0 days 00:01:22.401000,45.0,2.0,,,0 days 00:00:24.139000,0 days 00:00:31.694000,0 days 00:00:26.568000,0 days 01:35:47.071000,0 days 01:36:18.765000,0 days 01:36:45.333000,273.0,192.0,293.0,319.0,False,HARD,17.0,True,Alfa Romeo Racing,0 days 01:35:22.911000,,1,13.0,,,False,True
0 days 01:38:07.205000,GIO,99,0 days 00:01:21.893000,46.0,2.0,,,0 days 00:00:23.890000,0 days 00:00:31.384000,0 days 00:00:26.619000,0 days 01:37:09.223000,0 days 01:37:40.607000,0 days 01:38:07.226000,273.0,191.0,292.0,299.0,True,HARD,18.0,True,Alfa Romeo Racing,0 days 01:36:45.312000,,1,13.0,,,False,True
0 days 01:39:30.158000,GIO,99,0 days 00:01:22.953000,47.0,2.0,,,0 days 00:00:24.153000,0 days 00:00:32.233000,0 days 00:00:26.567000,0 days 01:38:31.379000,0 days 01:39:03.612000,0 days 01:39:30.179000,277.0,192.0,296.0,299.0,False,HARD,19.0,True,Alfa Romeo Racing,0 days 01:38:07.205000,,1,13.0,,,False,True
0 days 01:40:54.338000,GIO,99,0 days 00:01:24.180000,48.0,2.0,,,0 days 00:00:24.835000,0 days 00:00:32.600000,0 days 00:00:26.745000,0 days 01:39:55.014000,0 days 01:40:27.614000,0 days 01:40:54.359000,269.0,191.0,294.0,303.0,False,HARD,20.0,True,Alfa Romeo Racing,0 days 01:39:30.158000,,1,13.0,,,False,True
0 days 01:42:16.875000,GIO,99,0 days 00:01:22.537000,49.0,2.0,,,0 days 00:00:24.357000,0 days 00:00:31.556000,0 days 00:00:26.624000,0 days 01:41:18.716000,0 days 01:41:50.272000,0 days 01:42:16.896000,272.0,192.0,290.0,305.0,False,HARD,21.0,True,Alfa Romeo Racing,0 days 01:40:54.338000,,1,13.0,,,False,True
0 days 01:43:39.747000,GIO,99,0 days 00:01:22.872000,50.0,2.0,,,0 days 00:00:23.976000,0 days 00:00:31.910000,0 days 00:00:26.986000,0 days 01:42:40.872000,0 days 01:43:12.782000,0 days 01:43:39.768000,270.0,192.0,292.0,298.0,False,HARD,22.0,True,Alfa Romeo Racing,0 days 01:42:16.875000,,1,13.0,,,False,True
0 days 01:45:03.009000,GIO,99,0 days 00:01:23.262000,51.0,2.0,,,0 days 00:00:24.654000,0 days 00:00:31.874000,0 days 00:00:26.734000,0 days 01:44:04.422000,0 days 01:44:36.296000,0 days 01:45:03.030000,270.0,192.0,293.0,299.0,False,HARD,23.0,True,Alfa Romeo Racing,0 days 01:43:39.747000,,1,14.0,,,False,True
0 days 01:46:25.384000,GIO,99,0 days 00:01:22.375000,52.0,2.0,,,0 days 00:00:23.934000,0 days 00:00:31.754000,0 days 00:00:26.687000,0 days 01:45:26.964000,0 days 01:45:58.718000,0 days 01:46:25.405000,272.0,190.0,294.0,301.0,False,HARD,24.0,True,Alfa Romeo Racing,0 days 01:45:03.009000,,1,14.0,,,False,True
0 days 01:47:47.835000,GIO,99,0 days 00:01:22.451000,53.0,2.0,,,0 days 00:00:23.886000,0 days 00:00:31.909000,0 days 00:00:26.656000,0 days 01:46:49.291000,0 days 01:47:21.200000,0 days 01:47:47.856000,271.0,191.0,291.0,302.0,False,HARD,25.0,True,Alfa Romeo Racing,0 days 01:46:25.384000,,1,14.0,,,False,True
0 days 01:49:10.287000,GIO,99,0 days 00:01:22.452000,54.0,2.0,,,0 days 00:00:23.945000,0 days 00:00:31.939000,0 days 00:00:26.568000,0 days 01:48:11.801000,0 days 01:48:43.740000,0 days 01:49:10.308000,272.0,191.0,294.0,299.0,False,HARD,26.0,True,Alfa Romeo Racing,0 days 01:47:47.835000,,1,14.0,,,False,True
0 days 01:50:33.444000,GIO,99,0 days 00:01:23.157000,55.0,2.0,,,0 days 00:00:24.625000,0 days 00:00:31.964000,0 days 00:00:26.568000,0 days 01:49:34.933000,0 days 01:50:06.897000,0 days 01:50:33.465000,273.0,192.0,292.0,300.0,False,HARD,27.0,True,Alfa Romeo Racing,0 days 01:49:10.287000,,1,15.0,,,False,True
0 days 01:51:55.919000,GIO,99,0 days 00:01:22.475000,56.0,2.0,,,0 days 00:00:23.927000,0 days 00:00:31.891000,0 days 00:00:26.657000,0 days 01:50:57.392000,0 days 01:51:29.283000,0 days 01:51:55.940000,273.0,192.0,292.0,299.0,False,HARD,28.0,True,Alfa Romeo Racing,0 days 01:50:33.444000,,1,15.0,,,False,True
0 days 01:53:18.213000,GIO,99,0 days 00:01:22.294000,57.0,2.0,,,0 days 00:00:23.963000,0 days 00:00:31.857000,0 days 00:00:26.474000,0 days 01:52:19.903000,0 days 01:52:51.760000,0 days 01:53:18.234000,272.0,192.0,292.0,300.0,False,HARD,29.0,True,Alfa Romeo Racing,0 days 01:51:55.919000,,1,15.0,,,False,True
0 days 01:54:40.467000,GIO,99,0 days 00:01:22.254000,58.0,2.0,,,0 days 00:00:23.861000,0 days 00:00:31.830000,0 days 00:00:26.563000,0 days 01:53:42.095000,0 days 01:54:13.925000,0 days 01:54:40.488000,273.0,192.0,291.0,298.0,False,HARD,30.0,True,Alfa Romeo Racing,0 days 01:53:18.213000,,1,15.0,,,False,True
0 days 01:56:02.489000,GIO,99,0 days 00:01:22.022000,59.0,2.0,,,0 days 00:00:23.923000,0 days 00:00:31.579000,0 days 00:00:26.520000,0 days 01:55:04.411000,0 days 01:55:35.990000,0 days 01:56:02.510000,273.0,192.0,293.0,300.0,False,HARD,31.0,True,Alfa Romeo Racing,0 days 01:54:40.467000,,1,15.0,,,False,True
0 days 01:57:26.494000,GIO,99,0 days 00:01:24.005000,60.0,2.0,,,0 days 00:00:23.849000,0 days 00:00:31.814000,0 days 00:00:28.342000,0 days 01:56:26.359000,0 days 01:56:58.173000,0 days 01:57:26.515000,273.0,189.0,307.0,299.0,False,HARD,32.0,True,Alfa Romeo Racing,0 days 01:56:02.489000,,1,15.0,,,False,True
0 days 01:58:49.277000,GIO,99,0 days 00:01:22.783000,61.0,2.0,,,0 days 00:00:24.329000,0 days 00:00:31.930000,0 days 00:00:26.524000,0 days 01:57:50.844000,0 days 01:58:22.774000,0 days 01:58:49.298000,271.0,192.0,306.0,307.0,False,HARD,33.0,True,Alfa Romeo Racing,0 days 01:57:26.494000,,1,15.0,,,False,True
0 days 02:00:11.315000,GIO,99,0 days 00:01:22.038000,62.0,2.0,,,0 days 00:00:23.883000,0 days 00:00:31.627000,0 days 00:00:26.528000,0 days 01:59:13.181000,0 days 01:59:44.808000,0 days 02:00:11.336000,274.0,193.0,296.0,320.0,False,HARD,34.0,True,Alfa Romeo Racing,0 days 01:58:49.277000,,1,15.0,,,False,True
0 days 02:01:33.563000,GIO,99,0 days 00:01:22.248000,63.0,2.0,,,0 days 00:00:24.284000,0 days 00:00:31.337000,0 days 00:00:26.627000,0 days 02:00:35.620000,0 days 02:01:06.957000,0 days 02:01:33.584000,274.0,194.0,293.0,303.0,False,HARD,35.0,True,Alfa Romeo Racing,0 days 02:00:11.315000,,1,15.0,,,False,True
0 days 02:02:55.558000,GIO,99,0 days 00:01:21.995000,64.0,2.0,,,0 days 00:00:23.990000,0 days 00:00:31.462000,0 days 00:00:26.543000,0 days 02:01:57.574000,0 days 02:02:29.036000,0 days 02:02:55.579000,273.0,193.0,294.0,299.0,False,HARD,36.0,True,Alfa Romeo Racing,0 days 02:01:33.563000,,1,15.0,,,False,True
0 days 02:04:17.523000,GIO,99,0 days 00:01:21.965000,65.0,2.0,,,0 days 00:00:23.823000,0 days 00:00:31.628000,0 days 00:00:26.514000,0 days 02:03:19.402000,0 days 02:03:51.030000,0 days 02:04:17.544000,273.0,194.0,292.0,302.0,False,HARD,37.0,True,Alfa Romeo Racing,0 days 02:02:55.558000,,1,15.0,,,False,True
0 days 00:34:52.646000,MAG,20,0 days 00:01:42.744000,1.0,1.0,,,,0 days 00:00:37.924000,0 days 00:00:30.433000,,0 days 00:34:22.496000,0 days 00:34:52.896000,254.0,160.0,294.0,239.0,False,HARD,1.0,True,Haas F1 Team,0 days 00:33:09.808000,,12,17.0,,,False,False
0 days 00:36:24.120000,MAG,20,0 days 00:01:31.474000,2.0,1.0,,,0 days 00:00:27.908000,0 days 00:00:35.234000,0 days 00:00:28.332000,0 days 00:35:20.590000,0 days 00:35:55.824000,0 days 00:36:24.156000,258.0,164.0,299.0,311.0,True,HARD,2.0,True,Haas F1 Team,0 days 00:34:52.646000,,1,18.0,,,False,True
0 days 00:37:51.724000,MAG,20,0 days 00:01:27.604000,3.0,1.0,,,0 days 00:00:26.239000,0 days 00:00:34.128000,0 days 00:00:27.237000,0 days 00:36:50.395000,0 days 00:37:24.523000,0 days 00:37:51.760000,266.0,179.0,311.0,314.0,True,HARD,3.0,True,Haas F1 Team,0 days 00:36:24.120000,,1,18.0,,,False,True
0 days 00:39:17.591000,MAG,20,0 days 00:01:25.867000,4.0,1.0,,,0 days 00:00:24.979000,0 days 00:00:33.328000,0 days 00:00:27.560000,0 days 00:38:16.739000,0 days 00:38:50.067000,0 days 00:39:17.627000,267.0,173.0,305.0,337.0,True,HARD,4.0,True,Haas F1 Team,0 days 00:37:51.724000,,1,18.0,,,False,True
0 days 00:40:43.976000,MAG,20,0 days 00:01:26.385000,5.0,1.0,,,0 days 00:00:25.311000,0 days 00:00:33.689000,0 days 00:00:27.385000,0 days 00:39:42.938000,0 days 00:40:16.627000,0 days 00:40:44.012000,268.0,180.0,289.0,328.0,False,HARD,5.0,True,Haas F1 Team,0 days 00:39:17.591000,,1,19.0,,,False,True
0 days 00:42:08.550000,MAG,20,0 days 00:01:24.574000,6.0,1.0,,,0 days 00:00:24.801000,0 days 00:00:32.596000,0 days 00:00:27.177000,0 days 00:41:08.813000,0 days 00:41:41.409000,0 days 00:42:08.586000,266.0,186.0,290.0,302.0,True,HARD,6.0,True,Haas F1 Team,0 days 00:40:43.976000,,1,19.0,,,False,True
0 days 00:43:33.178000,MAG,20,0 days 00:01:24.628000,7.0,1.0,,,0 days 00:00:24.595000,0 days 00:00:32.699000,0 days 00:00:27.334000,0 days 00:42:33.181000,0 days 00:43:05.880000,0 days 00:43:33.214000,268.0,181.0,289.0,298.0,False,HARD,7.0,True,Haas F1 Team,0 days 00:42:08.550000,,1,19.0,,,False,True
0 days 00:44:57.210000,MAG,20,0 days 00:01:24.032000,8.0,1.0,,,0 days 00:00:24.739000,0 days 00:00:32.399000,0 days 00:00:26.894000,0 days 00:43:57.953000,0 days 00:44:30.352000,0 days 00:44:57.246000,266.0,183.0,291.0,298.0,True,HARD,8.0,True,Haas F1 Team,0 days 00:43:33.178000,,1,19.0,,,False,True
0 days 00:46:21.398000,MAG,20,0 days 00:01:24.188000,9.0,1.0,,,0 days 00:00:24.498000,0 days 00:00:32.804000,0 days 00:00:26.886000,0 days 00:45:21.744000,0 days 00:45:54.548000,0 days 00:46:21.434000,265.0,185.0,303.0,301.0,False,HARD,9.0,True,Haas F1 Team,0 days 00:44:57.210000,,1,19.0,,,False,True
0 days 00:47:45.077000,MAG,20,0 days 00:01:23.679000,10.0,1.0,,,0 days 00:00:24.584000,0 days 00:00:32.146000,0 days 00:00:26.949000,0 days 00:46:46.018000,0 days 00:47:18.164000,0 days 00:47:45.113000,265.0,183.0,306.0,324.0,True,HARD,10.0,True,Haas F1 Team,0 days 00:46:21.398000,,1,19.0,,,False,True
0 days 00:49:08.652000,MAG,20,0 days 00:01:23.575000,11.0,1.0,,,0 days 00:00:24.479000,0 days 00:00:32.270000,0 days 00:00:26.826000,0 days 00:48:09.592000,0 days 00:48:41.862000,0 days 00:49:08.688000,266.0,185.0,305.0,332.0,True,HARD,11.0,True,Haas F1 Team,0 days 00:47:45.077000,,1,19.0,,,False,True
0 days 00:50:32.365000,MAG,20,0 days 00:01:23.713000,12.0,1.0,,,0 days 00:00:24.382000,0 days 00:00:32.503000,0 days 00:00:26.828000,0 days 00:49:33.070000,0 days 00:50:05.573000,0 days 00:50:32.401000,265.0,186.0,310.0,323.0,False,HARD,12.0,True,Haas F1 Team,0 days 00:49:08.652000,,1,18.0,,,False,True
0 days 00:51:55.459000,MAG,20,0 days 00:01:23.094000,13.0,1.0,,,0 days 00:00:23.927000,0 days 00:00:32.276000,0 days 00:00:26.891000,0 days 00:50:56.328000,0 days 00:51:28.604000,0 days 00:51:55.495000,261.0,189.0,289.0,324.0,True,HARD,13.0,True,Haas F1 Team,0 days 00:50:32.365000,,1,17.0,,,False,True
0 days 00:53:19.491000,MAG,20,0 days 00:01:24.032000,14.0,1.0,,,0 days 00:00:24.446000,0 days 00:00:32.470000,0 days 00:00:27.116000,0 days 00:52:19.941000,0 days 00:52:52.411000,0 days 00:53:19.527000,265.0,180.0,289.0,299.0,False,HARD,14.0,True,Haas F1 Team,0 days 00:51:55.459000,,1,17.0,,,False,True
0 days 00:54:44.071000,MAG,20,0 days 00:01:24.580000,15.0,1.0,,,0 days 00:00:24.966000,0 days 00:00:32.520000,0 days 00:00:27.094000,0 days 00:53:44.493000,0 days 00:54:17.013000,0 days 00:54:44.107000,267.0,183.0,290.0,303.0,False,HARD,15.0,True,Haas F1 Team,0 days 00:53:19.491000,,1,17.0,,,False,True
0 days 00:56:08.325000,MAG,20,0 days 00:01:24.254000,16.0,1.0,,,0 days 00:00:24.591000,0 days 00:00:32.376000,0 days 00:00:27.287000,0 days 00:55:08.698000,0 days 00:55:41.074000,0 days 00:56:08.361000,268.0,183.0,288.0,303.0,False,HARD,16.0,True,Haas F1 Team,0 days 00:54:44.071000,,1,17.0,,,False,True
0 days 00:57:32.409000,MAG,20,0 days 00:01:24.084000,17.0,1.0,,,0 days 00:00:24.583000,0 days 00:00:32.322000,0 days 00:00:27.179000,0 days 00:56:32.944000,0 days 00:57:05.266000,0 days 00:57:32.445000,265.0,184.0,288.0,299.0,False,HARD,17.0,True,Haas F1 Team,0 days 00:56:08.325000,,1,17.0,,,False,True
0 days 00:58:56.594000,MAG,20,0 days 00:01:24.185000,18.0,1.0,,,0 days 00:00:24.411000,0 days 00:00:32.290000,0 days 00:00:27.484000,0 days 00:57:56.856000,0 days 00:58:29.146000,0 days 00:58:56.630000,265.0,183.0,289.0,299.0,False,HARD,18.0,True,Haas F1 Team,0 days 00:57:32.409000,,1,17.0,,,False,True
0 days 01:00:20.619000,MAG,20,0 days 00:01:24.025000,19.0,1.0,,,0 days 00:00:24.446000,0 days 00:00:32.447000,0 days 00:00:27.132000,0 days 00:59:21.076000,0 days 00:59:53.523000,0 days 01:00:20.655000,264.0,181.0,288.0,302.0,False,HARD,19.0,True,Haas F1 Team,0 days 00:58:56.594000,,1,15.0,,,False,True
0 days 01:01:44.450000,MAG,20,0 days 00:01:23.831000,20.0,1.0,,,0 days 00:00:24.553000,0 days 00:00:32.203000,0 days 00:00:27.075000,0 days 01:00:45.208000,0 days 01:01:17.411000,0 days 01:01:44.486000,266.0,180.0,289.0,297.0,False,HARD,20.0,True,Haas F1 Team,0 days 01:00:20.619000,,1,14.0,,,False,True
0 days 01:03:08.177000,MAG,20,0 days 00:01:23.727000,21.0,1.0,,,0 days 00:00:24.520000,0 days 00:00:32.178000,0 days 00:00:27.029000,0 days 01:02:09.006000,0 days 01:02:41.184000,0 days 01:03:08.213000,265.0,181.0,290.0,298.0,False,HARD,21.0,True,Haas F1 Team,0 days 01:01:44.450000,,1,14.0,,,False,True
0 days 01:04:31.515000,MAG,20,0 days 00:01:23.338000,22.0,1.0,,,0 days 00:00:24.409000,0 days 00:00:31.840000,0 days 00:00:27.089000,0 days 01:03:32.622000,0 days 01:04:04.462000,0 days 01:04:31.551000,267.0,180.0,289.0,300.0,False,HARD,22.0,True,Haas F1 Team,0 days 01:03:08.177000,,1,14.0,,,False,True
0 days 01:05:54.877000,MAG,20,0 days 00:01:23.362000,23.0,1.0,,,0 days 00:00:24.441000,0 days 00:00:31.881000,0 days 00:00:27.040000,0 days 01:04:55.992000,0 days 01:05:27.873000,0 days 01:05:54.913000,268.0,182.0,289.0,298.0,False,HARD,23.0,True,Haas F1 Team,0 days 01:04:31.515000,,1,14.0,,,False,True
0 days 01:07:18.619000,MAG,20,0 days 00:01:23.742000,24.0,1.0,,,0 days 00:00:24.400000,0 days 00:00:32.132000,0 days 00:00:27.210000,0 days 01:06:19.313000,0 days 01:06:51.445000,0 days 01:07:18.655000,267.0,178.0,289.0,300.0,False,HARD,24.0,True,Haas F1 Team,0 days 01:05:54.877000,,1,14.0,,,False,True
0 days 01:08:42.233000,MAG,20,0 days 00:01:23.614000,25.0,1.0,,,0 days 00:00:24.630000,0 days 00:00:32.119000,0 days 00:00:26.865000,0 days 01:07:43.285000,0 days 01:08:15.404000,0 days 01:08:42.269000,265.0,185.0,288.0,296.0,False,HARD,25.0,True,Haas F1 Team,0 days 01:07:18.619000,,1,14.0,,,False,True
0 days 01:10:05.859000,MAG,20,0 days 00:01:23.626000,26.0,1.0,,,0 days 00:00:24.430000,0 days 00:00:32.081000,0 days 00:00:27.115000,0 days 01:09:06.699000,0 days 01:09:38.780000,0 days 01:10:05.895000,269.0,182.0,289.0,294.0,False,HARD,26.0,True,Haas F1 Team,0 days 01:08:42.233000,,1,12.0,,,False,True
0 days 01:11:29.831000,MAG,20,0 days 00:01:23.972000,27.0,1.0,,,0 days 00:00:24.450000,0 days 00:00:32.296000,0 days 00:00:27.226000,0 days 01:10:30.345000,0 days 01:11:02.641000,0 days 01:11:29.867000,268.0,182.0,290.0,294.0,False,HARD,27.0,True,Haas F1 Team,0 days 01:10:05.859000,,1,11.0,,,False,True
0 days 01:12:54.738000,MAG,20,0 days 00:01:24.907000,28.0,1.0,,,0 days 00:00:25.070000,0 days 00:00:32.863000,0 days 00:00:26.974000,0 days 01:11:54.937000,0 days 01:12:27.800000,0 days 01:12:54.774000,266.0,184.0,291.0,300.0,False,HARD,28.0,True,Haas F1 Team,0 days 01:11:29.831000,,1,12.0,,,False,True
0 days 01:14:18.426000,MAG,20,0 days 00:01:23.688000,29.0,1.0,,,0 days 00:00:24.513000,0 days 00:00:32.017000,0 days 00:00:27.158000,0 days 01:13:19.287000,0 days 01:13:51.304000,0 days 01:14:18.462000,268.0,186.0,289.0,298.0,False,HARD,29.0,True,Haas F1 Team,0 days 01:12:54.738000,,1,11.0,,,False,True
0 days 01:15:42.811000,MAG,20,0 days 00:01:24.385000,30.0,1.0,,,0 days 00:00:24.911000,0 days 00:00:32.462000,0 days 00:00:27.012000,0 days 01:14:43.373000,0 days 01:15:15.835000,0 days 01:15:42.847000,268.0,185.0,290.0,305.0,False,HARD,30.0,True,Haas F1 Team,0 days 01:14:18.426000,,1,12.0,,,False,True
0 days 01:17:10.669000,MAG,20,0 days 00:01:27.858000,31.0,1.0,,0 days 01:17:07.724000,0 days 00:00:24.852000,0 days 00:00:32.267000,0 days 00:00:30.739000,0 days 01:16:07.699000,0 days 01:16:39.966000,0 days 01:17:10.705000,270.0,185.0,,298.0,False,HARD,31.0,True,Haas F1 Team,0 days 01:15:42.811000,,1,13.0,,,False,False
0 days 01:18:58.776000,MAG,20,0 days 00:01:48.107000,32.0,2.0,0 days 01:17:35.076000,,0 days 00:00:47.671000,0 days 00:00:33.230000,0 days 00:00:27.206000,0 days 01:17:58.376000,0 days 01:18:31.606000,0 days 01:18:58.812000,244.0,186.0,289.0,298.0,False,MEDIUM,1.0,True,Haas F1 Team,0 days 01:17:10.669000,,1,18.0,,,False,False
0 days 01:20:22.613000,MAG,20,0 days 00:01:23.837000,33.0,2.0,,,0 days 00:00:24.746000,0 days 00:00:32.214000,0 days 00:00:26.877000,0 days 01:19:23.558000,0 days 01:19:55.772000,0 days 01:20:22.649000,271.0,186.0,303.0,292.0,False,MEDIUM,2.0,True,Haas F1 Team,0 days 01:18:58.776000,,1,19.0,,,False,True
0 days 01:21:45.661000,MAG,20,0 days 00:01:23.048000,34.0,2.0,,,0 days 00:00:24.281000,0 days 00:00:31.910000,0 days 00:00:26.857000,0 days 01:20:46.930000,0 days 01:21:18.840000,0 days 01:21:45.697000,267.0,186.0,305.0,320.0,True,MEDIUM,3.0,True,Haas F1 Team,0 days 01:20:22.613000,,1,19.0,,,False,True
0 days 01:23:09.761000,MAG,20,0 days 00:01:24.100000,35.0,2.0,,,0 days 00:00:24.685000,0 days 00:00:32.462000,0 days 00:00:26.953000,0 days 01:22:10.382000,0 days 01:22:42.844000,0 days 01:23:09.797000,269.0,174.0,303.0,327.0,False,MEDIUM,4.0,True,Haas F1 Team,0 days 01:21:45.661000,,1,19.0,,,False,True
0 days 01:24:33.057000,MAG,20,0 days 00:01:23.296000,36.0,2.0,,,0 days 00:00:24.097000,0 days 00:00:32.241000,0 days 00:00:26.958000,0 days 01:23:33.894000,0 days 01:24:06.135000,0 days 01:24:33.093000,271.0,188.0,307.0,324.0,False,MEDIUM,5.0,True,Haas F1 Team,0 days 01:23:09.761000,,1,19.0,,,False,True
0 days 01:25:56.776000,MAG,20,0 days 00:01:23.719000,37.0,2.0,,,0 days 00:00:24.655000,0 days 00:00:32.474000,0 days 00:00:26.590000,0 days 01:24:57.748000,0 days 01:25:30.222000,0 days 01:25:56.812000,273.0,189.0,303.0,327.0,False,MEDIUM,6.0,True,Haas F1 Team,0 days 01:24:33.057000,,1,19.0,,,False,True
0 days 01:27:20.248000,MAG,20,0 days 00:01:23.472000,38.0,2.0,,,0 days 00:00:24.613000,0 days 00:00:31.953000,0 days 00:00:26.906000,0 days 01:26:21.425000,0 days 01:26:53.378000,0 days 01:27:20.284000,268.0,189.0,289.0,315.0,False,MEDIUM,7.0,True,Haas F1 Team,0 days 01:25:56.776000,,1,18.0,,,False,True
0 days 01:28:43.003000,MAG,20,0 days 00:01:22.755000,39.0,2.0,,,0 days 00:00:24.176000,0 days 00:00:31.654000,0 days 00:00:26.925000,0 days 01:27:44.460000,0 days 01:28:16.114000,0 days 01:28:43.039000,269.0,190.0,290.0,296.0,True,MEDIUM,8.0,True,Haas F1 Team,0 days 01:27:20.248000,,1,18.0,,,False,True
0 days 01:30:07.173000,MAG,20,0 days 00:01:24.170000,40.0,2.0,,,0 days 00:00:24.308000,0 days 00:00:31.971000,0 days 00:00:27.891000,0 days 01:29:07.347000,0 days 01:29:39.318000,0 days 01:30:07.209000,269.0,185.0,301.0,296.0,False,MEDIUM,9.0,True,Haas F1 Team,0 days 01:28:43.003000,,1,18.0,,,False,True
0 days 01:31:29.798000,MAG,20,0 days 00:01:22.625000,41.0,2.0,,,0 days 00:00:24.211000,0 days 00:00:31.585000,0 days 00:00:26.829000,0 days 01:30:31.420000,0 days 01:31:03.005000,0 days 01:31:29.834000,269.0,189.0,290.0,323.0,True,MEDIUM,10.0,True,Haas F1 Team,0 days 01:30:07.173000,,1,18.0,,,False,True
0 days 01:32:52.226000,MAG,20,0 days 00:01:22.428000,42.0,2.0,,,0 days 00:00:24.117000,0 days 00:00:31.488000,0 days 00:00:26.823000,0 days 01:31:53.951000,0 days 01:32:25.439000,0 days 01:32:52.262000,268.0,190.0,290.0,300.0,True,MEDIUM,11.0,True,Haas F1 Team,0 days 01:31:29.798000,,1,18.0,,,False,True
0 days 01:34:14.730000,MAG,20,0 days 00:01:22.504000,43.0,2.0,,,0 days 00:00:24.072000,0 days 00:00:31.632000,0 days 00:00:26.800000,0 days 01:33:16.334000,0 days 01:33:47.966000,0 days 01:34:14.766000,269.0,190.0,290.0,297.0,False,MEDIUM,12.0,True,Haas F1 Team,0 days 01:32:52.226000,,1,18.0,,,False,True
0 days 01:35:38.211000,MAG,20,0 days 00:01:23.481000,44.0,2.0,,,0 days 00:00:24.484000,0 days 00:00:32.104000,0 days 00:00:26.893000,0 days 01:34:39.250000,0 days 01:35:11.354000,0 days 01:35:38.247000,271.0,189.0,291.0,297.0,False,MEDIUM,13.0,True,Haas F1 Team,0 days 01:34:14.730000,,1,18.0,,,False,True
0 days 01:37:00.565000,MAG,20,0 days 00:01:22.354000,45.0,2.0,,,0 days 00:00:24.058000,0 days 00:00:31.555000,0 days 00:00:26.741000,0 days 01:36:02.305000,0 days 01:36:33.860000,0 days 01:37:00.601000,269.0,189.0,291.0,301.0,True,MEDIUM,14.0,True,Haas F1 Team,0 days 01:35:38.211000,,1,18.0,,,False,True
0 days 01:38:23.061000,MAG,20,0 days 00:01:22.496000,46.0,2.0,,,0 days 00:00:24.118000,0 days 00:00:31.753000,0 days 00:00:26.625000,0 days 01:37:24.719000,0 days 01:37:56.472000,0 days 01:38:23.097000,271.0,189.0,290.0,300.0,False,MEDIUM,15.0,True,Haas F1 Team,0 days 01:37:00.565000,,1,18.0,,,False,True
0 days 01:39:45.369000,MAG,20,0 days 00:01:22.308000,47.0,2.0,,,0 days 00:00:24.068000,0 days 00:00:31.483000,0 days 00:00:26.757000,0 days 01:38:47.165000,0 days 01:39:18.648000,0 days 01:39:45.405000,269.0,190.0,272.0,297.0,True,MEDIUM,16.0,True,Haas F1 Team,0 days 01:38:23.061000,,1,18.0,,,False,True
0 days 01:41:08.907000,MAG,20,0 days 00:01:23.538000,48.0,2.0,,,0 days 00:00:25.301000,0 days 00:00:31.464000,0 days 00:00:26.773000,0 days 01:40:10.706000,0 days 01:40:42.170000,0 days 01:41:08.943000,269.0,190.0,290.0,290.0,False,MEDIUM,17.0,True,Haas F1 Team,0 days 01:39:45.369000,,1,18.0,,,False,True
0 days 01:42:31.125000,MAG,20,0 days 00:01:22.218000,49.0,2.0,,,0 days 00:00:24.031000,0 days 00:00:31.362000,0 days 00:00:26.825000,0 days 01:41:32.974000,0 days 01:42:04.336000,0 days 01:42:31.161000,268.0,190.0,289.0,301.0,True,MEDIUM,18.0,True,Haas F1 Team,0 days 01:41:08.907000,,1,18.0,,,False,True
0 days 01:43:53.918000,MAG,20,0 days 00:01:22.793000,50.0,2.0,,,0 days 00:00:24.190000,0 days 00:00:31.745000,0 days 00:00:26.858000,0 days 01:42:55.351000,0 days 01:43:27.096000,0 days 01:43:53.954000,266.0,189.0,290.0,298.0,False,MEDIUM,19.0,True,Haas F1 Team,0 days 01:42:31.125000,,1,18.0,,,False,True
0 days 01:45:16.106000,MAG,20,0 days 00:01:22.188000,51.0,2.0,,,0 days 00:00:23.859000,0 days 00:00:31.600000,0 days 00:00:26.729000,0 days 01:44:17.813000,0 days 01:44:49.413000,0 days 01:45:16.142000,268.0,191.0,290.0,299.0,True,MEDIUM,20.0,True,Haas F1 Team,0 days 01:43:53.918000,,1,18.0,,,False,True
0 days 01:46:38.052000,MAG,20,0 days 00:01:21.946000,52.0,2.0,,,0 days 00:00:23.960000,0 days 00:00:31.371000,0 days 00:00:26.615000,0 days 01:45:40.102000,0 days 01:46:11.473000,0 days 01:46:38.088000,268.0,190.0,288.0,297.0,True,MEDIUM,21.0,True,Haas F1 Team,0 days 01:45:16.106000,,1,18.0,,,False,True
0 days 01:47:59.969000,MAG,20,0 days 00:01:21.917000,53.0,2.0,,,0 days 00:00:23.956000,0 days 00:00:31.437000,0 days 00:00:26.524000,0 days 01:47:02.044000,0 days 01:47:33.481000,0 days 01:48:00.005000,268.0,193.0,288.0,297.0,True,MEDIUM,22.0,True,Haas F1 Team,0 days 01:46:38.052000,,1,18.0,,,False,True
0 days 01:49:21.758000,MAG,20,0 days 00:01:21.789000,54.0,2.0,,,0 days 00:00:23.826000,0 days 00:00:31.440000,0 days 00:00:26.523000,0 days 01:48:23.831000,0 days 01:48:55.271000,0 days 01:49:21.794000,270.0,187.0,289.0,295.0,True,MEDIUM,23.0,True,Haas F1 Team,0 days 01:47:59.969000,,1,18.0,,,False,True
0 days 01:50:43.479000,MAG,20,0 days 00:01:21.721000,55.0,2.0,,,0 days 00:00:23.943000,0 days 00:00:31.320000,0 days 00:00:26.458000,0 days 01:49:45.737000,0 days 01:50:17.057000,0 days 01:50:43.515000,270.0,190.0,289.0,295.0,True,MEDIUM,24.0,True,Haas F1 Team,0 days 01:49:21.758000,,1,18.0,,,False,True
0 days 01:52:05.482000,MAG,20,0 days 00:01:22.003000,56.0,2.0,,,0 days 00:00:23.974000,0 days 00:00:31.473000,0 days 00:00:26.556000,0 days 01:51:07.489000,0 days 01:51:38.962000,0 days 01:52:05.518000,270.0,190.0,290.0,295.0,False,MEDIUM,25.0,True,Haas F1 Team,0 days 01:50:43.479000,,1,17.0,,,False,True
0 days 01:53:27.849000,MAG,20,0 days 00:01:22.367000,57.0,2.0,,,0 days 00:00:23.915000,0 days 00:00:31.911000,0 days 00:00:26.541000,0 days 01:52:29.433000,0 days 01:53:01.344000,0 days 01:53:27.885000,269.0,193.0,290.0,297.0,False,MEDIUM,26.0,True,Haas F1 Team,0 days 01:52:05.482000,,1,17.0,,,False,True
0 days 01:54:49.458000,MAG,20,0 days 00:01:21.609000,58.0,2.0,,,0 days 00:00:23.836000,0 days 00:00:31.521000,0 days 00:00:26.252000,0 days 01:53:51.721000,0 days 01:54:23.242000,0 days 01:54:49.494000,270.0,194.0,291.0,295.0,True,MEDIUM,27.0,True,Haas F1 Team,0 days 01:53:27.849000,,1,17.0,,,False,True
0 days 01:56:11.125000,MAG,20,0 days 00:01:21.667000,59.0,2.0,,,0 days 00:00:23.885000,0 days 00:00:31.255000,0 days 00:00:26.527000,0 days 01:55:13.379000,0 days 01:55:44.634000,0 days 01:56:11.161000,271.0,195.0,290.0,295.0,False,MEDIUM,28.0,True,Haas F1 Team,0 days 01:54:49.458000,,1,17.0,,,False,True
0 days 01:57:32.840000,MAG,20,0 days 00:01:21.715000,60.0,2.0,,,0 days 00:00:23.917000,0 days 00:00:31.332000,0 days 00:00:26.466000,0 days 01:56:35.078000,0 days 01:57:06.410000,0 days 01:57:32.876000,270.0,191.0,290.0,295.0,False,MEDIUM,29.0,True,Haas F1 Team,0 days 01:56:11.125000,,1,17.0,,,False,True
0 days 01:58:54.318000,MAG,20,0 days 00:01:21.478000,61.0,2.0,,,0 days 00:00:23.752000,0 days 00:00:31.271000,0 days 00:00:26.455000,0 days 01:57:56.628000,0 days 01:58:27.899000,0 days 01:58:54.354000,270.0,193.0,290.0,298.0,True,MEDIUM,30.0,True,Haas F1 Team,0 days 01:57:32.840000,,1,17.0,,,False,True
0 days 02:00:15.783000,MAG,20,0 days 00:01:21.465000,62.0,2.0,,,0 days 00:00:23.661000,0 days 00:00:31.268000,0 days 00:00:26.536000,0 days 01:59:18.015000,0 days 01:59:49.283000,0 days 02:00:15.819000,271.0,191.0,291.0,299.0,True,MEDIUM,31.0,True,Haas F1 Team,0 days 01:58:54.318000,,1,17.0,,,False,True
0 days 02:01:37.243000,MAG,20,0 days 00:01:21.460000,63.0,2.0,,,0 days 00:00:23.915000,0 days 00:00:31.206000,0 days 00:00:26.339000,0 days 02:00:39.734000,0 days 02:01:10.940000,0 days 02:01:37.279000,271.0,193.0,291.0,299.0,True,MEDIUM,32.0,True,Haas F1 Team,0 days 02:00:15.783000,,1,17.0,,,False,True
0 days 02:02:58.955000,MAG,20,0 days 00:01:21.712000,64.0,2.0,,,0 days 00:00:24.095000,0 days 00:00:31.264000,0 days 00:00:26.353000,0 days 02:02:01.374000,0 days 02:02:32.638000,0 days 02:02:58.991000,271.0,196.0,292.0,299.0,False,MEDIUM,33.0,True,Haas F1 Team,0 days 02:01:37.243000,,1,17.0,,,False,True
0 days 02:04:20.777000,MAG,20,0 days 00:01:21.822000,65.0,2.0,,,0 days 00:00:23.893000,0 days 00:00:31.192000,0 days 00:00:26.737000,0 days 02:03:22.884000,0 days 02:03:54.076000,0 days 02:04:20.813000,270.0,195.0,212.0,302.0,False,MEDIUM,34.0,True,Haas F1 Team,0 days 02:02:58.955000,,1,17.0,,,False,True
0 days 00:34:52.161000,GRO,8,0 days 00:01:42.259000,1.0,1.0,,,,0 days 00:00:38.849000,0 days 00:00:29.819000,,0 days 00:34:22.613000,0 days 00:34:52.401000,265.0,146.0,303.0,260.0,False,MEDIUM,1.0,True,Haas F1 Team,0 days 00:33:09.808000,,12,16.0,,,False,False
0 days 00:36:22.801000,GRO,8,0 days 00:01:30.640000,2.0,1.0,,,0 days 00:00:26.898000,0 days 00:00:35.516000,0 days 00:00:28.226000,0 days 00:35:19.103000,0 days 00:35:54.619000,0 days 00:36:22.845000,259.0,171.0,309.0,321.0,True,MEDIUM,2.0,True,Haas F1 Team,0 days 00:34:52.161000,,1,15.0,,,False,True
0 days 00:37:50.054000,GRO,8,0 days 00:01:27.253000,3.0,1.0,,,0 days 00:00:25.893000,0 days 00:00:33.824000,0 days 00:00:27.536000,0 days 00:36:48.738000,0 days 00:37:22.562000,0 days 00:37:50.098000,266.0,178.0,303.0,304.0,True,MEDIUM,3.0,True,Haas F1 Team,0 days 00:36:22.801000,,1,15.0,,,False,True
0 days 00:39:15.378000,GRO,8,0 days 00:01:25.324000,4.0,1.0,,,0 days 00:00:24.717000,0 days 00:00:33.401000,0 days 00:00:27.206000,0 days 00:38:14.815000,0 days 00:38:48.216000,0 days 00:39:15.422000,267.0,177.0,307.0,323.0,True,MEDIUM,4.0,True,Haas F1 Team,0 days 00:37:50.054000,,1,15.0,,,False,True
0 days 00:40:39.562000,GRO,8,0 days 00:01:24.184000,5.0,1.0,,,0 days 00:00:24.301000,0 days 00:00:32.714000,0 days 00:00:27.169000,0 days 00:39:39.723000,0 days 00:40:12.437000,0 days 00:40:39.606000,269.0,168.0,302.0,330.0,True,MEDIUM,5.0,True,Haas F1 Team,0 days 00:39:15.378000,,1,15.0,,,False,True
0 days 00:42:03.236000,GRO,8,0 days 00:01:23.674000,6.0,1.0,,,0 days 00:00:24.199000,0 days 00:00:32.397000,0 days 00:00:27.078000,0 days 00:41:03.805000,0 days 00:41:36.202000,0 days 00:42:03.280000,268.0,177.0,295.0,326.0,True,MEDIUM,6.0,True,Haas F1 Team,0 days 00:40:39.562000,,1,15.0,,,False,True
0 days 00:43:27.891000,GRO,8,0 days 00:01:24.655000,7.0,1.0,,,0 days 00:00:25.039000,0 days 00:00:32.536000,0 days 00:00:27.080000,0 days 00:42:28.319000,0 days 00:43:00.855000,0 days 00:43:27.935000,269.0,178.0,294.0,310.0,False,MEDIUM,7.0,True,Haas F1 Team,0 days 00:42:03.236000,,1,16.0,,,False,True
0 days 00:44:52.120000,GRO,8,0 days 00:01:24.229000,8.0,1.0,,,0 days 00:00:24.482000,0 days 00:00:32.492000,0 days 00:00:27.255000,0 days 00:43:52.417000,0 days 00:44:24.909000,0 days 00:44:52.164000,266.0,181.0,293.0,303.0,False,MEDIUM,8.0,True,Haas F1 Team,0 days 00:43:27.891000,,1,16.0,,,False,True
0 days 00:46:17.078000,GRO,8,0 days 00:01:24.958000,9.0,1.0,,,0 days 00:00:24.995000,0 days 00:00:32.533000,0 days 00:00:27.430000,0 days 00:45:17.159000,0 days 00:45:49.692000,0 days 00:46:17.122000,266.0,163.0,293.0,298.0,False,MEDIUM,9.0,True,Haas F1 Team,0 days 00:44:52.120000,,1,17.0,,,False,True
0 days 00:47:41.690000,GRO,8,0 days 00:01:24.612000,10.0,1.0,,,0 days 00:00:24.629000,0 days 00:00:32.481000,0 days 00:00:27.502000,0 days 00:46:41.751000,0 days 00:47:14.232000,0 days 00:47:41.734000,264.0,180.0,291.0,300.0,False,MEDIUM,10.0,True,Haas F1 Team,0 days 00:46:17.078000,,1,17.0,,,False,True
0 days 00:49:05.232000,GRO,8,0 days 00:01:23.542000,11.0,1.0,,,0 days 00:00:24.461000,0 days 00:00:32.117000,0 days 00:00:26.964000,0 days 00:48:06.195000,0 days 00:48:38.312000,0 days 00:49:05.276000,265.0,186.0,293.0,302.0,True,MEDIUM,11.0,True,Haas F1 Team,0 days 00:47:41.690000,,1,17.0,,,False,True
0 days 00:50:29.623000,GRO,8,0 days 00:01:24.391000,12.0,1.0,,,0 days 00:00:24.587000,0 days 00:00:32.504000,0 days 00:00:27.300000,0 days 00:49:29.863000,0 days 00:50:02.367000,0 days 00:50:29.667000,269.0,179.0,292.0,306.0,False,MEDIUM,12.0,True,Haas F1 Team,0 days 00:49:05.232000,,1,16.0,,,False,True
0 days 00:51:53.582000,GRO,8,0 days 00:01:23.959000,13.0,1.0,,,0 days 00:00:24.430000,0 days 00:00:32.356000,0 days 00:00:27.173000,0 days 00:50:54.097000,0 days 00:51:26.453000,0 days 00:51:53.626000,266.0,183.0,291.0,305.0,False,MEDIUM,13.0,True,Haas F1 Team,0 days 00:50:29.623000,,1,16.0,,,False,True
0 days 00:53:17.986000,GRO,8,0 days 00:01:24.404000,14.0,1.0,,,0 days 00:00:24.383000,0 days 00:00:32.766000,0 days 00:00:27.255000,0 days 00:52:18.009000,0 days 00:52:50.775000,0 days 00:53:18.030000,267.0,172.0,292.0,304.0,False,MEDIUM,14.0,True,Haas F1 Team,0 days 00:51:53.582000,,1,16.0,,,False,True
0 days 00:54:42.022000,GRO,8,0 days 00:01:24.036000,15.0,1.0,,,0 days 00:00:24.282000,0 days 00:00:32.406000,0 days 00:00:27.348000,0 days 00:53:42.312000,0 days 00:54:14.718000,0 days 00:54:42.066000,268.0,181.0,292.0,304.0,False,MEDIUM,15.0,True,Haas F1 Team,0 days 00:53:17.986000,,1,15.0,,,False,True
0 days 00:56:06.643000,GRO,8,0 days 00:01:24.621000,16.0,1.0,,,0 days 00:00:25.139000,0 days 00:00:32.376000,0 days 00:00:27.106000,0 days 00:55:07.205000,0 days 00:55:39.581000,0 days 00:56:06.687000,269.0,184.0,292.0,305.0,False,MEDIUM,16.0,True,Haas F1 Team,0 days 00:54:42.022000,,1,16.0,,,False,True
0 days 00:57:29.838000,GRO,8,0 days 00:01:23.195000,17.0,1.0,,,0 days 00:00:24.220000,0 days 00:00:31.976000,0 days 00:00:26.999000,0 days 00:56:30.907000,0 days 00:57:02.883000,0 days 00:57:29.882000,266.0,183.0,303.0,304.0,True,MEDIUM,17.0,True,Haas F1 Team,0 days 00:56:06.643000,,1,16.0,,,False,True
0 days 00:58:53.605000,GRO,8,0 days 00:01:23.767000,18.0,1.0,,,0 days 00:00:24.023000,0 days 00:00:32.476000,0 days 00:00:27.268000,0 days 00:57:53.905000,0 days 00:58:26.381000,0 days 00:58:53.649000,269.0,180.0,307.0,323.0,False,MEDIUM,18.0,True,Haas F1 Team,0 days 00:57:29.838000,,1,15.0,,,False,True
0 days 01:00:17.459000,GRO,8,0 days 00:01:23.854000,19.0,1.0,,,0 days 00:00:24.090000,0 days 00:00:32.716000,0 days 00:00:27.048000,0 days 00:59:17.739000,0 days 00:59:50.455000,0 days 01:00:17.503000,268.0,180.0,302.0,328.0,False,MEDIUM,19.0,True,Haas F1 Team,0 days 00:58:53.605000,,1,14.0,,,False,True
0 days 01:01:41.134000,GRO,8,0 days 00:01:23.675000,20.0,1.0,,,0 days 00:00:24.449000,0 days 00:00:32.392000,0 days 00:00:26.834000,0 days 01:00:41.952000,0 days 01:01:14.344000,0 days 01:01:41.178000,269.0,180.0,303.0,319.0,False,MEDIUM,20.0,True,Haas F1 Team,0 days 01:00:17.459000,,1,13.0,,,False,True
0 days 01:03:04.854000,GRO,8,0 days 00:01:23.720000,21.0,1.0,,,0 days 00:00:24.082000,0 days 00:00:32.660000,0 days 00:00:26.978000,0 days 01:02:05.260000,0 days 01:02:37.920000,0 days 01:03:04.898000,270.0,178.0,308.0,322.0,False,MEDIUM,21.0,True,Haas F1 Team,0 days 01:01:41.134000,,1,13.0,,,False,True
0 days 01:04:28.055000,GRO,8,0 days 00:01:23.201000,22.0,1.0,,,0 days 00:00:24.019000,0 days 00:00:32.275000,0 days 00:00:26.907000,0 days 01:03:28.917000,0 days 01:04:01.192000,0 days 01:04:28.099000,269.0,186.0,308.0,329.0,False,MEDIUM,22.0,True,Haas F1 Team,0 days 01:03:04.854000,,1,13.0,,,False,True
0 days 01:05:51.928000,GRO,8,0 days 00:01:23.873000,23.0,1.0,,,0 days 00:00:24.362000,0 days 00:00:32.563000,0 days 00:00:26.948000,0 days 01:04:52.461000,0 days 01:05:25.024000,0 days 01:05:51.972000,271.0,185.0,303.0,332.0,False,MEDIUM,23.0,True,Haas F1 Team,0 days 01:04:28.055000,,1,13.0,,,False,True
0 days 01:07:15.358000,GRO,8,0 days 00:01:23.430000,24.0,1.0,,,0 days 00:00:24.150000,0 days 00:00:32.246000,0 days 00:00:27.034000,0 days 01:06:16.122000,0 days 01:06:48.368000,0 days 01:07:15.402000,272.0,185.0,302.0,318.0,False,MEDIUM,24.0,True,Haas F1 Team,0 days 01:05:51.928000,,1,13.0,,,False,True
0 days 01:08:38.611000,GRO,8,0 days 00:01:23.253000,25.0,1.0,,,0 days 00:00:24.232000,0 days 00:00:32.080000,0 days 00:00:26.941000,0 days 01:07:39.634000,0 days 01:08:11.714000,0 days 01:08:38.655000,268.0,186.0,302.0,322.0,False,MEDIUM,25.0,True,Haas F1 Team,0 days 01:07:15.358000,,1,12.0,,,False,True
0 days 01:10:06.130000,GRO,8,0 days 00:01:27.519000,26.0,1.0,,0 days 01:10:03.249000,0 days 00:00:24.415000,0 days 00:00:32.078000,0 days 00:00:31.026000,0 days 01:09:03.070000,0 days 01:09:35.148000,0 days 01:10:06.174000,271.0,187.0,,319.0,False,MEDIUM,26.0,True,Haas F1 Team,0 days 01:08:38.611000,,1,13.0,,,False,False
0 days 01:11:54.103000,GRO,8,0 days 00:01:47.973000,27.0,2.0,0 days 01:10:30.203000,,0 days 00:00:48.245000,0 days 00:00:32.138000,0 days 00:00:27.590000,0 days 01:10:54.419000,0 days 01:11:26.557000,0 days 01:11:54.147000,263.0,190.0,290.0,319.0,False,HARD,1.0,True,Haas F1 Team,0 days 01:10:06.130000,,1,17.0,,,False,False
0 days 01:13:17.917000,GRO,8,0 days 00:01:23.814000,28.0,2.0,,,0 days 00:00:24.414000,0 days 00:00:31.674000,0 days 00:00:27.726000,0 days 01:12:18.561000,0 days 01:12:50.235000,0 days 01:13:17.961000,261.0,192.0,289.0,293.0,False,HARD,2.0,True,Haas F1 Team,0 days 01:11:54.103000,,1,17.0,,,False,True
0 days 01:14:40.570000,GRO,8,0 days 00:01:22.653000,29.0,2.0,,,0 days 00:00:24.443000,0 days 00:00:31.452000,0 days 00:00:26.758000,0 days 01:13:42.404000,0 days 01:14:13.856000,0 days 01:14:40.614000,270.0,191.0,304.0,295.0,True,HARD,3.0,True,Haas F1 Team,0 days 01:13:17.917000,,1,17.0,,,False,True
0 days 01:16:04.620000,GRO,8,0 days 00:01:24.050000,30.0,2.0,,,0 days 00:00:25.180000,0 days 00:00:32.084000,0 days 00:00:26.786000,0 days 01:15:05.794000,0 days 01:15:37.878000,0 days 01:16:04.664000,270.0,189.0,289.0,324.0,False,HARD,4.0,True,Haas F1 Team,0 days 01:14:40.570000,,1,17.0,,,False,True
0 days 01:17:27.521000,GRO,8,0 days 00:01:22.901000,31.0,2.0,,,0 days 00:00:24.115000,0 days 00:00:31.857000,0 days 00:00:26.929000,0 days 01:16:28.779000,0 days 01:17:00.636000,0 days 01:17:27.565000,269.0,191.0,292.0,300.0,False,HARD,5.0,True,Haas F1 Team,0 days 01:16:04.620000,,1,17.0,,,False,True
0 days 01:18:50.398000,GRO,8,0 days 00:01:22.877000,32.0,2.0,,,0 days 00:00:24.070000,0 days 00:00:31.923000,0 days 00:00:26.884000,0 days 01:17:51.635000,0 days 01:18:23.558000,0 days 01:18:50.442000,271.0,190.0,290.0,301.0,False,HARD,6.0,True,Haas F1 Team,0 days 01:17:27.521000,,1,16.0,,,False,True
0 days 01:20:13.780000,GRO,8,0 days 00:01:23.382000,33.0,2.0,,,0 days 00:00:24.120000,0 days 00:00:32.191000,0 days 00:00:27.071000,0 days 01:19:14.562000,0 days 01:19:46.753000,0 days 01:20:13.824000,270.0,173.0,290.0,300.0,False,HARD,7.0,True,Haas F1 Team,0 days 01:18:50.398000,,1,16.0,,,False,True
0 days 01:21:37.041000,GRO,8,0 days 00:01:23.261000,34.0,2.0,,,0 days 00:00:24.101000,0 days 00:00:32.025000,0 days 00:00:27.135000,0 days 01:20:37.925000,0 days 01:21:09.950000,0 days 01:21:37.085000,269.0,178.0,288.0,297.0,False,HARD,8.0,True,Haas F1 Team,0 days 01:20:13.780000,,1,16.0,,,False,True
0 days 01:22:59.570000,GRO,8,0 days 00:01:22.529000,35.0,2.0,,,0 days 00:00:24.158000,0 days 00:00:31.528000,0 days 00:00:26.843000,0 days 01:22:01.243000,0 days 01:22:32.771000,0 days 01:22:59.614000,269.0,190.0,289.0,298.0,True,HARD,9.0,True,Haas F1 Team,0 days 01:21:37.041000,,1,16.0,,,False,True
0 days 01:24:22.559000,GRO,8,0 days 00:01:22.989000,36.0,2.0,,,0 days 00:00:24.375000,0 days 00:00:31.686000,0 days 00:00:26.928000,0 days 01:23:23.989000,0 days 01:23:55.675000,0 days 01:24:22.603000,270.0,189.0,289.0,297.0,False,HARD,10.0,True,Haas F1 Team,0 days 01:22:59.570000,,1,16.0,,,False,True
0 days 01:25:45.111000,GRO,8,0 days 00:01:22.552000,37.0,2.0,,,0 days 00:00:24.159000,0 days 00:00:31.666000,0 days 00:00:26.727000,0 days 01:24:46.762000,0 days 01:25:18.428000,0 days 01:25:45.155000,268.0,185.0,308.0,298.0,False,HARD,11.0,True,Haas F1 Team,0 days 01:24:22.559000,,1,16.0,,,False,True
0 days 01:27:08.342000,GRO,8,0 days 00:01:23.231000,38.0,2.0,,,0 days 00:00:24.115000,0 days 00:00:31.960000,0 days 00:00:27.156000,0 days 01:26:09.270000,0 days 01:26:41.230000,0 days 01:27:08.386000,270.0,185.0,303.0,329.0,False,HARD,12.0,True,Haas F1 Team,0 days 01:25:45.111000,,1,16.0,,,False,True
0 days 01:28:30.907000,GRO,8,0 days 00:01:22.565000,39.0,2.0,,,0 days 00:00:23.940000,0 days 00:00:31.731000,0 days 00:00:26.894000,0 days 01:27:32.326000,0 days 01:28:04.057000,0 days 01:28:30.951000,271.0,187.0,294.0,323.0,False,HARD,13.0,True,Haas F1 Team,0 days 01:27:08.342000,,1,16.0,,,False,True
0 days 01:29:53.393000,GRO,8,0 days 00:01:22.486000,40.0,2.0,,,0 days 00:00:23.959000,0 days 00:00:31.513000,0 days 00:00:27.014000,0 days 01:28:54.910000,0 days 01:29:26.423000,0 days 01:29:53.437000,271.0,189.0,294.0,305.0,True,HARD,14.0,True,Haas F1 Team,0 days 01:28:30.907000,,1,16.0,,,False,True
0 days 01:31:18.412000,GRO,8,0 days 00:01:25.019000,41.0,2.0,,,0 days 00:00:24.952000,0 days 00:00:33.266000,0 days 00:00:26.801000,0 days 01:30:18.389000,0 days 01:30:51.655000,0 days 01:31:18.456000,276.0,184.0,304.0,304.0,False,HARD,15.0,True,Haas F1 Team,0 days 01:29:53.393000,,1,17.0,,,False,True
0 days 01:32:41.651000,GRO,8,0 days 00:01:23.239000,42.0,2.0,,,0 days 00:00:23.991000,0 days 00:00:32.375000,0 days 00:00:26.873000,0 days 01:31:42.447000,0 days 01:32:14.822000,0 days 01:32:41.695000,278.0,185.0,306.0,328.0,False,HARD,16.0,True,Haas F1 Team,0 days 01:31:18.412000,,1,17.0,,,False,True
0 days 01:34:04.297000,GRO,8,0 days 00:01:22.646000,43.0,2.0,,,0 days 00:00:24.055000,0 days 00:00:31.688000,0 days 00:00:26.903000,0 days 01:33:05.750000,0 days 01:33:37.438000,0 days 01:34:04.341000,272.0,189.0,305.0,326.0,False,HARD,17.0,True,Haas F1 Team,0 days 01:32:41.651000,,1,17.0,,,False,True
0 days 01:35:26.885000,GRO,8,0 days 00:01:22.588000,44.0,2.0,,,0 days 00:00:23.853000,0 days 00:00:32,0 days 00:00:26.735000,0 days 01:34:28.194000,0 days 01:35:00.194000,0 days 01:35:26.929000,273.0,185.0,294.0,324.0,False,HARD,18.0,True,Haas F1 Team,0 days 01:34:04.297000,,1,16.0,,,False,True
0 days 01:36:49.136000,GRO,8,0 days 00:01:22.251000,45.0,2.0,,,0 days 00:00:24.052000,0 days 00:00:31.413000,0 days 00:00:26.786000,0 days 01:35:50.981000,0 days 01:36:22.394000,0 days 01:36:49.180000,271.0,191.0,293.0,304.0,True,HARD,19.0,True,Haas F1 Team,0 days 01:35:26.885000,,1,16.0,,,False,True
0 days 01:38:13.657000,GRO,8,0 days 00:01:24.521000,46.0,2.0,,,0 days 00:00:26.128000,0 days 00:00:31.654000,0 days 00:00:26.739000,0 days 01:37:15.308000,0 days 01:37:46.962000,0 days 01:38:13.701000,270.0,189.0,291.0,217.0,False,HARD,20.0,True,Haas F1 Team,0 days 01:36:49.136000,,1,16.0,,,False,True
0 days 01:39:35.646000,GRO,8,0 days 00:01:21.989000,47.0,2.0,,,0 days 00:00:23.994000,0 days 00:00:31.441000,0 days 00:00:26.554000,0 days 01:38:37.695000,0 days 01:39:09.136000,0 days 01:39:35.690000,272.0,190.0,294.0,299.0,True,HARD,21.0,True,Haas F1 Team,0 days 01:38:13.657000,,1,16.0,,,False,True
0 days 01:40:57.686000,GRO,8,0 days 00:01:22.040000,48.0,2.0,,,0 days 00:00:23.936000,0 days 00:00:31.450000,0 days 00:00:26.654000,0 days 01:39:59.626000,0 days 01:40:31.076000,0 days 01:40:57.730000,271.0,193.0,294.0,303.0,False,HARD,22.0,True,Haas F1 Team,0 days 01:39:35.646000,,1,16.0,,,False,True
0 days 01:42:20.406000,GRO,8,0 days 00:01:22.720000,49.0,2.0,,,0 days 00:00:24.283000,0 days 00:00:31.681000,0 days 00:00:26.756000,0 days 01:41:22.013000,0 days 01:41:53.694000,0 days 01:42:20.450000,270.0,188.0,292.0,307.0,False,HARD,23.0,True,Haas F1 Team,0 days 01:40:57.686000,,1,16.0,,,False,True
0 days 01:43:42.661000,GRO,8,0 days 00:01:22.255000,50.0,2.0,,,0 days 00:00:24.161000,0 days 00:00:31.519000,0 days 00:00:26.575000,0 days 01:42:44.611000,0 days 01:43:16.130000,0 days 01:43:42.705000,268.0,190.0,306.0,303.0,False,HARD,24.0,True,Haas F1 Team,0 days 01:42:20.406000,,1,16.0,,,False,True
0 days 01:45:04.646000,GRO,8,0 days 00:01:21.985000,51.0,2.0,,,0 days 00:00:23.996000,0 days 00:00:31.476000,0 days 00:00:26.513000,0 days 01:44:06.701000,0 days 01:44:38.177000,0 days 01:45:04.690000,271.0,191.0,307.0,328.0,True,HARD,25.0,True,Haas F1 Team,0 days 01:43:42.661000,,1,16.0,,,False,True
0 days 01:46:27.324000,GRO,8,0 days 00:01:22.678000,52.0,2.0,,,0 days 00:00:23.994000,0 days 00:00:31.875000,0 days 00:00:26.809000,0 days 01:45:28.684000,0 days 01:46:00.559000,0 days 01:46:27.368000,273.0,180.0,304.0,326.0,False,HARD,26.0,True,Haas F1 Team,0 days 01:45:04.646000,,1,16.0,,,False,True
0 days 01:47:50.395000,GRO,8,0 days 00:01:23.071000,53.0,2.0,,,0 days 00:00:24.546000,0 days 00:00:31.846000,0 days 00:00:26.679000,0 days 01:46:51.914000,0 days 01:47:23.760000,0 days 01:47:50.439000,269.0,190.0,303.0,323.0,False,HARD,27.0,True,Haas F1 Team,0 days 01:46:27.324000,,1,17.0,,,False,True
0 days 01:49:12.510000,GRO,8,0 days 00:01:22.115000,54.0,2.0,,,0 days 00:00:23.815000,0 days 00:00:31.856000,0 days 00:00:26.444000,0 days 01:48:14.254000,0 days 01:48:46.110000,0 days 01:49:12.554000,271.0,184.0,307.0,321.0,False,HARD,28.0,True,Haas F1 Team,0 days 01:47:50.395000,,1,17.0,,,False,True
0 days 01:50:35.329000,GRO,8,0 days 00:01:22.819000,55.0,2.0,,,0 days 00:00:23.957000,0 days 00:00:32.120000,0 days 00:00:26.742000,0 days 01:49:36.511000,0 days 01:50:08.631000,0 days 01:50:35.373000,274.0,185.0,302.0,327.0,False,HARD,29.0,True,Haas F1 Team,0 days 01:49:12.510000,,1,16.0,,,False,True
0 days 01:51:58.004000,GRO,8,0 days 00:01:22.675000,56.0,2.0,,,0 days 00:00:23.818000,0 days 00:00:32.088000,0 days 00:00:26.769000,0 days 01:50:59.191000,0 days 01:51:31.279000,0 days 01:51:58.048000,271.0,188.0,291.0,316.0,False,HARD,30.0,True,Haas F1 Team,0 days 01:50:35.329000,,1,16.0,,,False,True
0 days 01:53:22.097000,GRO,8,0 days 00:01:24.093000,57.0,2.0,,,0 days 00:00:25.833000,0 days 00:00:31.719000,0 days 00:00:26.541000,0 days 01:52:23.881000,0 days 01:52:55.600000,0 days 01:53:22.141000,270.0,190.0,293.0,213.0,False,HARD,31.0,True,Haas F1 Team,0 days 01:51:58.004000,,1,16.0,,,False,True
0 days 01:54:44.217000,GRO,8,0 days 00:01:22.120000,58.0,2.0,,,0 days 00:00:23.895000,0 days 00:00:31.643000,0 days 00:00:26.582000,0 days 01:53:46.036000,0 days 01:54:17.679000,0 days 01:54:44.261000,272.0,186.0,294.0,302.0,False,HARD,32.0,True,Haas F1 Team,0 days 01:53:22.097000,,1,16.0,,,False,True
0 days 01:56:05.881000,GRO,8,0 days 00:01:21.664000,59.0,2.0,,,0 days 00:00:23.803000,0 days 00:00:31.371000,0 days 00:00:26.490000,0 days 01:55:08.064000,0 days 01:55:39.435000,0 days 01:56:05.925000,273.0,192.0,294.0,302.0,True,HARD,33.0,True,Haas F1 Team,0 days 01:54:44.217000,,1,16.0,,,False,True
0 days 01:57:27.749000,GRO,8,0 days 00:01:21.868000,60.0,2.0,,,0 days 00:00:23.814000,0 days 00:00:31.482000,0 days 00:00:26.572000,0 days 01:56:29.739000,0 days 01:57:01.221000,0 days 01:57:27.793000,272.0,193.0,294.0,301.0,False,HARD,34.0,True,Haas F1 Team,0 days 01:56:05.881000,,1,16.0,,,False,True
0 days 01:58:49.993000,GRO,8,0 days 00:01:22.244000,61.0,2.0,,,0 days 00:00:23.899000,0 days 00:00:31.756000,0 days 00:00:26.589000,0 days 01:57:51.692000,0 days 01:58:23.448000,0 days 01:58:50.037000,272.0,186.0,306.0,306.0,False,HARD,35.0,True,Haas F1 Team,0 days 01:57:27.749000,,1,16.0,,,False,True
0 days 02:00:11.812000,GRO,8,0 days 00:01:21.819000,62.0,2.0,,,0 days 00:00:23.775000,0 days 00:00:31.636000,0 days 00:00:26.408000,0 days 01:59:13.812000,0 days 01:59:45.448000,0 days 02:00:11.856000,275.0,188.0,308.0,323.0,False,HARD,36.0,True,Haas F1 Team,0 days 01:58:49.993000,,1,16.0,,,False,True
0 days 02:01:34.598000,GRO,8,0 days 00:01:22.786000,63.0,2.0,,,0 days 00:00:24.399000,0 days 00:00:31.775000,0 days 00:00:26.612000,0 days 02:00:36.255000,0 days 02:01:08.030000,0 days 02:01:34.642000,273.0,192.0,293.0,328.0,False,HARD,37.0,True,Haas F1 Team,0 days 02:00:11.812000,,1,16.0,,,False,True
0 days 02:02:56.373000,GRO,8,0 days 00:01:21.775000,64.0,2.0,,,0 days 00:00:23.802000,0 days 00:00:31.451000,0 days 00:00:26.522000,0 days 02:01:58.444000,0 days 02:02:29.895000,0 days 02:02:56.417000,273.0,189.0,304.0,301.0,False,HARD,38.0,True,Haas F1 Team,0 days 02:01:34.598000,,1,16.0,,,False,True
0 days 02:04:18.374000,GRO,8,0 days 00:01:22.001000,65.0,2.0,,,0 days 00:00:23.544000,0 days 00:00:31.667000,0 days 00:00:26.790000,0 days 02:03:19.961000,0 days 02:03:51.628000,0 days 02:04:18.418000,276.0,183.0,302.0,323.0,False,HARD,39.0,True,Haas F1 Team,0 days 02:02:56.373000,,1,16.0,,,False,True
0 days 00:34:52.701000,LAT,6,0 days 00:01:42.799000,1.0,1.0,,,,0 days 00:00:37.724000,0 days 00:00:30.205000,,0 days 00:34:24.018000,0 days 00:34:52.918000,252.0,158.0,308.0,262.0,False,MEDIUM,1.0,True,Williams,0 days 00:33:09.808000,,12,18.0,,,False,False
0 days 00:36:23.487000,LAT,6,0 days 00:01:30.786000,2.0,1.0,,,0 days 00:00:27.817000,0 days 00:00:34.966000,0 days 00:00:28.003000,0 days 00:35:20.556000,0 days 00:35:55.522000,0 days 00:36:23.525000,266.0,162.0,313.0,321.0,True,MEDIUM,2.0,True,Williams,0 days 00:34:52.701000,,1,17.0,,,False,True
0 days 00:37:51.316000,LAT,6,0 days 00:01:27.829000,3.0,1.0,,,0 days 00:00:26.319000,0 days 00:00:34.003000,0 days 00:00:27.507000,0 days 00:36:49.844000,0 days 00:37:23.847000,0 days 00:37:51.354000,264.0,176.0,309.0,307.0,True,MEDIUM,3.0,True,Williams,0 days 00:36:23.487000,,1,17.0,,,False,True
0 days 00:39:16.509000,LAT,6,0 days 00:01:25.193000,4.0,1.0,,,0 days 00:00:24.561000,0 days 00:00:33.330000,0 days 00:00:27.302000,0 days 00:38:15.915000,0 days 00:38:49.245000,0 days 00:39:16.547000,270.0,178.0,311.0,335.0,True,MEDIUM,4.0,True,Williams,0 days 00:37:51.316000,,1,17.0,,,False,True
0 days 00:40:41.570000,LAT,6,0 days 00:01:25.061000,5.0,1.0,,,0 days 00:00:24.420000,0 days 00:00:32.858000,0 days 00:00:27.783000,0 days 00:39:40.967000,0 days 00:40:13.825000,0 days 00:40:41.608000,271.0,184.0,294.0,335.0,True,MEDIUM,5.0,True,Williams,0 days 00:39:16.509000,,1,17.0,,,False,True
0 days 00:42:06.147000,LAT,6,0 days 00:01:24.577000,6.0,1.0,,,0 days 00:00:24.808000,0 days 00:00:32.501000,0 days 00:00:27.268000,0 days 00:41:06.416000,0 days 00:41:38.917000,0 days 00:42:06.185000,269.0,180.0,294.0,310.0,True,MEDIUM,6.0,True,Williams,0 days 00:40:41.570000,,1,17.0,,,False,True
0 days 00:43:31.578000,LAT,6,0 days 00:01:25.431000,7.0,1.0,,,0 days 00:00:25.141000,0 days 00:00:32.864000,0 days 00:00:27.426000,0 days 00:42:31.326000,0 days 00:43:04.190000,0 days 00:43:31.616000,270.0,184.0,293.0,305.0,False,MEDIUM,7.0,True,Williams,0 days 00:42:06.147000,,1,18.0,,,False,True
0 days 00:44:55.982000,LAT,6,0 days 00:01:24.404000,8.0,1.0,,,0 days 00:00:24.513000,0 days 00:00:32.511000,0 days 00:00:27.380000,0 days 00:43:56.129000,0 days 00:44:28.640000,0 days 00:44:56.020000,265.0,171.0,293.0,305.0,True,MEDIUM,8.0,True,Williams,0 days 00:43:31.578000,,1,18.0,,,False,True
0 days 00:46:20.598000,LAT,6,0 days 00:01:24.616000,9.0,1.0,,,0 days 00:00:24.599000,0 days 00:00:32.540000,0 days 00:00:27.477000,0 days 00:45:20.619000,0 days 00:45:53.159000,0 days 00:46:20.636000,264.0,174.0,294.0,300.0,False,MEDIUM,9.0,True,Williams,0 days 00:44:55.982000,,1,18.0,,,False,True
0 days 00:47:44.451000,LAT,6,0 days 00:01:23.853000,10.0,1.0,,,0 days 00:00:24.256000,0 days 00:00:32.241000,0 days 00:00:27.356000,0 days 00:46:44.892000,0 days 00:47:17.133000,0 days 00:47:44.489000,265.0,175.0,294.0,299.0,True,MEDIUM,10.0,True,Williams,0 days 00:46:20.598000,,1,18.0,,,False,True
0 days 00:49:08.090000,LAT,6,0 days 00:01:23.639000,11.0,1.0,,,0 days 00:00:24.404000,0 days 00:00:32.023000,0 days 00:00:27.212000,0 days 00:48:08.893000,0 days 00:48:40.916000,0 days 00:49:08.128000,268.0,180.0,295.0,305.0,True,MEDIUM,11.0,True,Williams,0 days 00:47:44.451000,,1,18.0,,,False,True
0 days 00:50:32.063000,LAT,6,0 days 00:01:23.973000,12.0,1.0,,,0 days 00:00:24.330000,0 days 00:00:32.278000,0 days 00:00:27.365000,0 days 00:49:32.458000,0 days 00:50:04.736000,0 days 00:50:32.101000,263.0,181.0,294.0,308.0,False,MEDIUM,12.0,True,Williams,0 days 00:49:08.090000,,1,17.0,,,False,True
0 days 00:51:57.735000,LAT,6,0 days 00:01:25.672000,13.0,1.0,,,0 days 00:00:25.110000,0 days 00:00:33.453000,0 days 00:00:27.109000,0 days 00:50:57.211000,0 days 00:51:30.664000,0 days 00:51:57.773000,267.0,183.0,294.0,305.0,False,MEDIUM,13.0,True,Williams,0 days 00:50:32.063000,,1,19.0,,,False,True
0 days 00:53:21.834000,LAT,6,0 days 00:01:24.099000,14.0,1.0,,,0 days 00:00:24.454000,0 days 00:00:32.577000,0 days 00:00:27.068000,0 days 00:52:22.227000,0 days 00:52:54.804000,0 days 00:53:21.872000,264.0,181.0,294.0,309.0,False,MEDIUM,14.0,True,Williams,0 days 00:51:57.735000,,1,19.0,,,False,True
0 days 00:54:46.001000,LAT,6,0 days 00:01:24.167000,15.0,1.0,,,0 days 00:00:24.364000,0 days 00:00:32.488000,0 days 00:00:27.315000,0 days 00:53:46.236000,0 days 00:54:18.724000,0 days 00:54:46.039000,268.0,184.0,293.0,302.0,False,MEDIUM,15.0,True,Williams,0 days 00:53:21.834000,,1,18.0,,,False,True
0 days 00:56:10.052000,LAT,6,0 days 00:01:24.051000,16.0,1.0,,,0 days 00:00:24.407000,0 days 00:00:32.306000,0 days 00:00:27.338000,0 days 00:55:10.446000,0 days 00:55:42.752000,0 days 00:56:10.090000,269.0,182.0,293.0,308.0,False,MEDIUM,16.0,True,Williams,0 days 00:54:46.001000,,1,18.0,,,False,True
0 days 00:57:33.948000,LAT,6,0 days 00:01:23.896000,17.0,1.0,,,0 days 00:00:24.328000,0 days 00:00:32.297000,0 days 00:00:27.271000,0 days 00:56:34.418000,0 days 00:57:06.715000,0 days 00:57:33.986000,267.0,181.0,294.0,299.0,False,MEDIUM,17.0,True,Williams,0 days 00:56:10.052000,,1,18.0,,,False,True
0 days 00:58:58.126000,LAT,6,0 days 00:01:24.178000,18.0,1.0,,,0 days 00:00:24.314000,0 days 00:00:32.398000,0 days 00:00:27.466000,0 days 00:57:58.300000,0 days 00:58:30.698000,0 days 00:58:58.164000,267.0,182.0,296.0,308.0,False,MEDIUM,18.0,True,Williams,0 days 00:57:33.948000,,1,18.0,,,False,True
0 days 01:00:21.992000,LAT,6,0 days 00:01:23.866000,19.0,1.0,,,0 days 00:00:24.158000,0 days 00:00:32.463000,0 days 00:00:27.245000,0 days 00:59:22.322000,0 days 00:59:54.785000,0 days 01:00:22.030000,267.0,185.0,295.0,310.0,False,MEDIUM,19.0,True,Williams,0 days 00:58:58.126000,,1,16.0,,,False,True
0 days 01:01:46.304000,LAT,6,0 days 00:01:24.312000,20.0,1.0,,,0 days 00:00:24.309000,0 days 00:00:32.850000,0 days 00:00:27.153000,0 days 01:00:46.339000,0 days 01:01:19.189000,0 days 01:01:46.342000,268.0,183.0,295.0,305.0,False,MEDIUM,20.0,True,Williams,0 days 01:00:21.992000,,1,15.0,,,False,True
0 days 01:03:10.190000,LAT,6,0 days 00:01:23.886000,21.0,1.0,,,0 days 00:00:24.204000,0 days 00:00:32.469000,0 days 00:00:27.213000,0 days 01:02:10.546000,0 days 01:02:43.015000,0 days 01:03:10.228000,267.0,181.0,295.0,304.0,False,MEDIUM,21.0,True,Williams,0 days 01:01:46.304000,,1,15.0,,,False,True
0 days 01:04:33.994000,LAT,6,0 days 00:01:23.804000,22.0,1.0,,,0 days 00:00:24.279000,0 days 00:00:32.206000,0 days 00:00:27.319000,0 days 01:03:34.507000,0 days 01:04:06.713000,0 days 01:04:34.032000,267.0,179.0,295.0,306.0,False,MEDIUM,22.0,True,Williams,0 days 01:03:10.190000,,1,15.0,,,False,True
0 days 01:05:57.608000,LAT,6,0 days 00:01:23.614000,23.0,1.0,,,0 days 00:00:24.241000,0 days 00:00:32.266000,0 days 00:00:27.107000,0 days 01:04:58.273000,0 days 01:05:30.539000,0 days 01:05:57.646000,268.0,178.0,294.0,303.0,True,MEDIUM,23.0,True,Williams,0 days 01:04:33.994000,,1,15.0,,,False,True
0 days 01:07:24.992000,LAT,6,0 days 00:01:27.384000,24.0,1.0,,0 days 01:07:22.169000,0 days 00:00:24.124000,0 days 00:00:32.132000,0 days 00:00:31.128000,0 days 01:06:21.770000,0 days 01:06:53.902000,0 days 01:07:25.030000,268.0,174.0,,302.0,False,MEDIUM,24.0,True,Williams,0 days 01:05:57.608000,,1,17.0,,,False,False
0 days 01:09:11.978000,LAT,6,0 days 00:01:46.986000,25.0,2.0,0 days 01:07:50.879000,,0 days 00:00:46.727000,0 days 00:00:33.088000,0 days 00:00:27.171000,0 days 01:08:11.757000,0 days 01:08:44.845000,0 days 01:09:12.016000,268.0,181.0,292.0,302.0,False,HARD,1.0,True,Williams,0 days 01:07:24.992000,,1,19.0,,,False,False
0 days 01:10:36.701000,LAT,6,0 days 00:01:24.723000,26.0,2.0,,,0 days 00:00:24.501000,0 days 00:00:32.695000,0 days 00:00:27.527000,0 days 01:09:36.517000,0 days 01:10:09.212000,0 days 01:10:36.739000,270.0,180.0,294.0,300.0,False,HARD,2.0,True,Williams,0 days 01:09:11.978000,,1,19.0,,,False,True
0 days 01:12:00.656000,LAT,6,0 days 00:01:23.955000,27.0,2.0,,,0 days 00:00:24.226000,0 days 00:00:32.523000,0 days 00:00:27.206000,0 days 01:11:00.965000,0 days 01:11:33.488000,0 days 01:12:00.694000,270.0,185.0,294.0,302.0,False,HARD,3.0,True,Williams,0 days 01:10:36.701000,,1,19.0,,,False,True
0 days 01:13:24.013000,LAT,6,0 days 00:01:23.357000,28.0,2.0,,,0 days 00:00:24.267000,0 days 00:00:32.018000,0 days 00:00:27.072000,0 days 01:12:24.961000,0 days 01:12:56.979000,0 days 01:13:24.051000,271.0,184.0,294.0,303.0,True,HARD,4.0,True,Williams,0 days 01:12:00.656000,,1,19.0,,,False,True
0 days 01:14:47.042000,LAT,6,0 days 00:01:23.029000,29.0,2.0,,,0 days 00:00:24.108000,0 days 00:00:32.024000,0 days 00:00:26.897000,0 days 01:13:48.159000,0 days 01:14:20.183000,0 days 01:14:47.080000,273.0,184.0,295.0,303.0,True,HARD,5.0,True,Williams,0 days 01:13:24.013000,,1,19.0,,,False,True
0 days 01:16:10.677000,LAT,6,0 days 00:01:23.635000,30.0,2.0,,,0 days 00:00:24.101000,0 days 00:00:32.504000,0 days 00:00:27.030000,0 days 01:15:11.181000,0 days 01:15:43.685000,0 days 01:16:10.715000,272.0,180.0,294.0,306.0,False,HARD,6.0,True,Williams,0 days 01:14:47.042000,,1,19.0,,,False,True
0 days 01:17:34.961000,LAT,6,0 days 00:01:24.284000,31.0,2.0,,,0 days 00:00:23.872000,0 days 00:00:32.180000,0 days 00:00:28.232000,0 days 01:16:34.587000,0 days 01:17:06.767000,0 days 01:17:34.999000,270.0,173.0,306.0,304.0,False,HARD,7.0,True,Williams,0 days 01:16:10.677000,,1,19.0,,,False,True
0 days 01:18:59.146000,LAT,6,0 days 00:01:24.185000,32.0,2.0,,,0 days 00:00:24.301000,0 days 00:00:32.764000,0 days 00:00:27.120000,0 days 01:17:59.300000,0 days 01:18:32.064000,0 days 01:18:59.184000,273.0,183.0,310.0,330.0,False,HARD,8.0,True,Williams,0 days 01:17:34.961000,,1,19.0,,,False,True
0 days 01:20:21.782000,LAT,6,0 days 00:01:22.636000,33.0,2.0,,,0 days 00:00:23.527000,0 days 00:00:32.294000,0 days 00:00:26.815000,0 days 01:19:22.711000,0 days 01:19:55.005000,0 days 01:20:21.820000,270.0,186.0,293.0,326.0,True,HARD,9.0,True,Williams,0 days 01:18:59.146000,,1,18.0,,,False,True
0 days 01:21:45.122000,LAT,6,0 days 00:01:23.340000,34.0,2.0,,,0 days 00:00:23.971000,0 days 00:00:32.094000,0 days 00:00:27.275000,0 days 01:20:45.791000,0 days 01:21:17.885000,0 days 01:21:45.160000,271.0,182.0,291.0,301.0,False,HARD,10.0,True,Williams,0 days 01:20:21.782000,,1,18.0,,,False,True
0 days 01:23:09.043000,LAT,6,0 days 00:01:23.921000,35.0,2.0,,,0 days 00:00:24.393000,0 days 00:00:32.585000,0 days 00:00:26.943000,0 days 01:22:09.553000,0 days 01:22:42.138000,0 days 01:23:09.081000,271.0,182.0,293.0,300.0,False,HARD,11.0,True,Williams,0 days 01:21:45.122000,,1,18.0,,,False,True
0 days 01:24:32.582000,LAT,6,0 days 00:01:23.539000,36.0,2.0,,,0 days 00:00:23.938000,0 days 00:00:32.627000,0 days 00:00:26.974000,0 days 01:23:33.019000,0 days 01:24:05.646000,0 days 01:24:32.620000,273.0,188.0,293.0,301.0,False,HARD,12.0,True,Williams,0 days 01:23:09.043000,,1,18.0,,,False,True
0 days 01:25:56.492000,LAT,6,0 days 00:01:23.910000,37.0,2.0,,,0 days 00:00:24.928000,0 days 00:00:32.100000,0 days 00:00:26.882000,0 days 01:24:57.548000,0 days 01:25:29.648000,0 days 01:25:56.530000,269.0,174.0,293.0,300.0,False,HARD,13.0,True,Williams,0 days 01:24:32.582000,,1,18.0,,,False,True
0 days 01:27:22.467000,LAT,6,0 days 00:01:25.975000,38.0,2.0,,,0 days 00:00:25.809000,0 days 00:00:32.456000,0 days 00:00:27.710000,0 days 01:26:22.339000,0 days 01:26:54.795000,0 days 01:27:22.505000,272.0,186.0,295.0,300.0,False,HARD,14.0,True,Williams,0 days 01:25:56.492000,,1,19.0,,,False,True
0 days 01:28:46.843000,LAT,6,0 days 00:01:24.376000,39.0,2.0,,,0 days 00:00:23.920000,0 days 00:00:33.302000,0 days 00:00:27.154000,0 days 01:27:46.425000,0 days 01:28:19.727000,0 days 01:28:46.881000,271.0,185.0,296.0,306.0,False,HARD,15.0,True,Williams,0 days 01:27:22.467000,,1,19.0,,,False,True
0 days 01:30:09.753000,LAT,6,0 days 00:01:22.910000,40.0,2.0,,,0 days 00:00:23.829000,0 days 00:00:31.893000,0 days 00:00:27.188000,0 days 01:29:10.710000,0 days 01:29:42.603000,0 days 01:30:09.791000,268.0,186.0,295.0,308.0,False,HARD,16.0,True,Williams,0 days 01:28:46.843000,,1,19.0,,,False,True
0 days 01:31:32.571000,LAT,6,0 days 00:01:22.818000,41.0,2.0,,,0 days 00:00:23.797000,0 days 00:00:31.955000,0 days 00:00:27.066000,0 days 01:30:33.588000,0 days 01:31:05.543000,0 days 01:31:32.609000,272.0,187.0,296.0,301.0,False,HARD,17.0,True,Williams,0 days 01:30:09.753000,,1,19.0,,,False,True
0 days 01:32:55.351000,LAT,6,0 days 00:01:22.780000,42.0,2.0,,,0 days 00:00:23.908000,0 days 00:00:31.871000,0 days 00:00:27.001000,0 days 01:31:56.517000,0 days 01:32:28.388000,0 days 01:32:55.389000,269.0,188.0,294.0,306.0,False,HARD,18.0,True,Williams,0 days 01:31:32.571000,,1,19.0,,,False,True
0 days 01:34:18.154000,LAT,6,0 days 00:01:22.803000,43.0,2.0,,,0 days 00:00:23.807000,0 days 00:00:32.098000,0 days 00:00:26.898000,0 days 01:33:19.196000,0 days 01:33:51.294000,0 days 01:34:18.192000,271.0,185.0,296.0,298.0,False,HARD,19.0,True,Williams,0 days 01:32:55.351000,,1,19.0,,,False,True
0 days 01:35:40.819000,LAT,6,0 days 00:01:22.665000,44.0,2.0,,,0 days 00:00:23.957000,0 days 00:00:31.845000,0 days 00:00:26.863000,0 days 01:34:42.149000,0 days 01:35:13.994000,0 days 01:35:40.857000,272.0,189.0,296.0,302.0,False,HARD,20.0,True,Williams,0 days 01:34:18.154000,,1,19.0,,,False,True
0 days 01:37:03.449000,LAT,6,0 days 00:01:22.630000,45.0,2.0,,,0 days 00:00:23.752000,0 days 00:00:31.792000,0 days 00:00:27.086000,0 days 01:36:04.609000,0 days 01:36:36.401000,0 days 01:37:03.487000,270.0,189.0,295.0,301.0,True,HARD,21.0,True,Williams,0 days 01:35:40.819000,,1,19.0,,,False,True
0 days 01:38:27.014000,LAT,6,0 days 00:01:23.565000,46.0,2.0,,,0 days 00:00:24.929000,0 days 00:00:31.832000,0 days 00:00:26.804000,0 days 01:37:28.416000,0 days 01:38:00.248000,0 days 01:38:27.052000,275.0,188.0,297.0,286.0,False,HARD,22.0,True,Williams,0 days 01:37:03.449000,,1,19.0,,,False,True
0 days 01:39:49.091000,LAT,6,0 days 00:01:22.077000,47.0,2.0,,,0 days 00:00:23.662000,0 days 00:00:31.746000,0 days 00:00:26.669000,0 days 01:38:50.714000,0 days 01:39:22.460000,0 days 01:39:49.129000,270.0,185.0,297.0,305.0,True,HARD,23.0,True,Williams,0 days 01:38:27.014000,,1,19.0,,,False,True
0 days 01:41:11.614000,LAT,6,0 days 00:01:22.523000,48.0,2.0,,,0 days 00:00:23.879000,0 days 00:00:31.816000,0 days 00:00:26.828000,0 days 01:40:13.008000,0 days 01:40:44.824000,0 days 01:41:11.652000,272.0,190.0,295.0,301.0,False,HARD,24.0,True,Williams,0 days 01:39:49.091000,,1,19.0,,,False,True
0 days 01:42:33.951000,LAT,6,0 days 00:01:22.337000,49.0,2.0,,,0 days 00:00:23.708000,0 days 00:00:31.803000,0 days 00:00:26.826000,0 days 01:41:35.360000,0 days 01:42:07.163000,0 days 01:42:33.989000,270.0,190.0,295.0,306.0,False,HARD,25.0,True,Williams,0 days 01:41:11.614000,,1,19.0,,,False,True
0 days 01:43:56.366000,LAT,6,0 days 00:01:22.415000,50.0,2.0,,,0 days 00:00:23.892000,0 days 00:00:31.591000,0 days 00:00:26.932000,0 days 01:42:57.881000,0 days 01:43:29.472000,0 days 01:43:56.404000,268.0,189.0,296.0,299.0,False,HARD,26.0,True,Williams,0 days 01:42:33.951000,,1,19.0,,,False,True
0 days 01:45:18.705000,LAT,6,0 days 00:01:22.339000,51.0,2.0,,,0 days 00:00:23.497000,0 days 00:00:31.724000,0 days 00:00:27.118000,0 days 01:44:19.901000,0 days 01:44:51.625000,0 days 01:45:18.743000,270.0,191.0,295.0,306.0,False,HARD,27.0,True,Williams,0 days 01:43:56.366000,,1,19.0,,,False,True
0 days 01:46:41.251000,LAT,6,0 days 00:01:22.546000,52.0,2.0,,,0 days 00:00:23.817000,0 days 00:00:31.926000,0 days 00:00:26.803000,0 days 01:45:42.560000,0 days 01:46:14.486000,0 days 01:46:41.289000,269.0,184.0,295.0,304.0,False,HARD,28.0,True,Williams,0 days 01:45:18.705000,,1,19.0,,,False,True
0 days 01:48:03.110000,LAT,6,0 days 00:01:21.859000,53.0,2.0,,,0 days 00:00:23.634000,0 days 00:00:31.595000,0 days 00:00:26.630000,0 days 01:47:04.923000,0 days 01:47:36.518000,0 days 01:48:03.148000,270.0,188.0,295.0,302.0,True,HARD,29.0,True,Williams,0 days 01:46:41.251000,,1,19.0,,,False,True
0 days 01:49:25.140000,LAT,6,0 days 00:01:22.030000,54.0,2.0,,,0 days 00:00:23.599000,0 days 00:00:31.615000,0 days 00:00:26.816000,0 days 01:48:26.747000,0 days 01:48:58.362000,0 days 01:49:25.178000,274.0,182.0,296.0,300.0,False,HARD,30.0,True,Williams,0 days 01:48:03.110000,,1,19.0,,,False,True
0 days 01:50:47.855000,LAT,6,0 days 00:01:22.715000,55.0,2.0,,,0 days 00:00:24.066000,0 days 00:00:31.819000,0 days 00:00:26.830000,0 days 01:49:49.244000,0 days 01:50:21.063000,0 days 01:50:47.893000,273.0,180.0,294.0,294.0,False,HARD,31.0,True,Williams,0 days 01:49:25.140000,,1,19.0,,,False,True
0 days 01:52:10.212000,LAT,6,0 days 00:01:22.357000,56.0,2.0,,,0 days 00:00:23.747000,0 days 00:00:31.768000,0 days 00:00:26.842000,0 days 01:51:11.640000,0 days 01:51:43.408000,0 days 01:52:10.250000,270.0,185.0,296.0,303.0,False,HARD,32.0,True,Williams,0 days 01:50:47.855000,,1,18.0,,,False,True
0 days 01:53:32.339000,LAT,6,0 days 00:01:22.127000,57.0,2.0,,,0 days 00:00:23.825000,0 days 00:00:31.699000,0 days 00:00:26.603000,0 days 01:52:34.075000,0 days 01:53:05.774000,0 days 01:53:32.377000,274.0,189.0,296.0,299.0,False,HARD,33.0,True,Williams,0 days 01:52:10.212000,,1,18.0,,,False,True
0 days 01:54:54.489000,LAT,6,0 days 00:01:22.150000,58.0,2.0,,,0 days 00:00:23.599000,0 days 00:00:31.778000,0 days 00:00:26.773000,0 days 01:53:55.976000,0 days 01:54:27.754000,0 days 01:54:54.527000,275.0,190.0,296.0,298.0,False,HARD,34.0,True,Williams,0 days 01:53:32.339000,,1,18.0,,,False,True
0 days 01:56:16.810000,LAT,6,0 days 00:01:22.321000,59.0,2.0,,,0 days 00:00:23.763000,0 days 00:00:31.737000,0 days 00:00:26.821000,0 days 01:55:18.290000,0 days 01:55:50.027000,0 days 01:56:16.848000,273.0,186.0,295.0,297.0,False,HARD,35.0,True,Williams,0 days 01:54:54.489000,,1,18.0,,,False,True
0 days 01:57:39.661000,LAT,6,0 days 00:01:22.851000,60.0,2.0,,,0 days 00:00:23.867000,0 days 00:00:32.303000,0 days 00:00:26.681000,0 days 01:56:40.715000,0 days 01:57:13.018000,0 days 01:57:39.699000,271.0,186.0,294.0,303.0,False,HARD,36.0,True,Williams,0 days 01:56:16.810000,,1,18.0,,,False,True
0 days 01:59:02.213000,LAT,6,0 days 00:01:22.552000,61.0,2.0,,,0 days 00:00:23.919000,0 days 00:00:31.882000,0 days 00:00:26.751000,0 days 01:58:03.618000,0 days 01:58:35.500000,0 days 01:59:02.251000,272.0,183.0,295.0,300.0,False,HARD,37.0,True,Williams,0 days 01:57:39.661000,,1,18.0,,,False,True
0 days 02:00:24.666000,LAT,6,0 days 00:01:22.453000,62.0,2.0,,,0 days 00:00:23.972000,0 days 00:00:31.647000,0 days 00:00:26.834000,0 days 01:59:26.223000,0 days 01:59:57.870000,0 days 02:00:24.704000,270.0,187.0,296.0,303.0,False,HARD,38.0,True,Williams,0 days 01:59:02.213000,,1,18.0,,,False,True
0 days 02:01:48.237000,LAT,6,0 days 00:01:23.571000,63.0,2.0,,,0 days 00:00:24.044000,0 days 00:00:31.973000,0 days 00:00:27.554000,0 days 02:00:48.748000,0 days 02:01:20.721000,0 days 02:01:48.275000,273.0,182.0,312.0,302.0,False,HARD,39.0,True,Williams,0 days 02:00:24.666000,,1,18.0,,,False,True
0 days 02:03:10.980000,LAT,6,0 days 00:01:22.743000,64.0,2.0,,,0 days 00:00:24.014000,0 days 00:00:31.751000,0 days 00:00:26.978000,0 days 02:02:12.289000,0 days 02:02:44.040000,0 days 02:03:11.018000,273.0,185.0,296.0,312.0,False,HARD,40.0,True,Williams,0 days 02:01:48.237000,,1,18.0,,,False,True
0 days 00:34:53.493000,KVY,26,0 days 00:01:43.591000,1.0,1.0,,,,0 days 00:00:39.066000,0 days 00:00:29.628000,,0 days 00:34:24.103000,0 days 00:34:53.704000,250.0,164.0,299.0,226.0,False,MEDIUM,1.0,True,AlphaTauri,0 days 00:33:09.808000,,12,19.0,,,False,False
0 days 00:36:24.739000,KVY,26,0 days 00:01:31.246000,2.0,1.0,,,0 days 00:00:27.254000,0 days 00:00:35.896000,0 days 00:00:28.096000,0 days 00:35:20.783000,0 days 00:35:56.679000,0 days 00:36:24.775000,270.0,180.0,300.0,270.0,True,MEDIUM,2.0,True,AlphaTauri,0 days 00:34:53.493000,,1,19.0,,,False,True
0 days 00:37:52.720000,KVY,26,0 days 00:01:27.981000,3.0,1.0,,,0 days 00:00:26.155000,0 days 00:00:34.584000,0 days 00:00:27.242000,0 days 00:36:50.930000,0 days 00:37:25.514000,0 days 00:37:52.756000,268.0,183.0,310.0,290.0,True,MEDIUM,3.0,True,AlphaTauri,0 days 00:36:24.739000,,1,19.0,,,False,True
0 days 00:39:17.671000,KVY,26,0 days 00:01:24.951000,4.0,1.0,,,0 days 00:00:24.592000,0 days 00:00:33.435000,0 days 00:00:26.924000,0 days 00:38:17.348000,0 days 00:38:50.783000,0 days 00:39:17.707000,274.0,187.0,322.0,329.0,True,MEDIUM,4.0,True,AlphaTauri,0 days 00:37:52.720000,,1,19.0,,,False,True
0 days 00:40:41.995000,KVY,26,0 days 00:01:24.324000,5.0,1.0,,,0 days 00:00:24.550000,0 days 00:00:32.501000,0 days 00:00:27.273000,0 days 00:39:42.257000,0 days 00:40:14.758000,0 days 00:40:42.031000,270.0,188.0,310.0,327.0,True,MEDIUM,5.0,True,AlphaTauri,0 days 00:39:17.671000,,1,18.0,,,False,True
0 days 00:42:06.441000,KVY,26,0 days 00:01:24.446000,6.0,1.0,,,0 days 00:00:24.782000,0 days 00:00:32.690000,0 days 00:00:26.974000,0 days 00:41:06.813000,0 days 00:41:39.503000,0 days 00:42:06.477000,274.0,186.0,312.0,337.0,False,MEDIUM,6.0,True,AlphaTauri,0 days 00:40:41.995000,,1,18.0,,,False,True
0 days 00:43:29.279000,KVY,26,0 days 00:01:22.838000,7.0,1.0,,,0 days 00:00:23.839000,0 days 00:00:32.090000,0 days 00:00:26.909000,0 days 00:42:30.316000,0 days 00:43:02.406000,0 days 00:43:29.315000,272.0,189.0,296.0,328.0,True,MEDIUM,7.0,True,AlphaTauri,0 days 00:42:06.441000,,1,17.0,,,False,True
0 days 00:44:52.424000,KVY,26,0 days 00:01:23.145000,8.0,1.0,,,0 days 00:00:24.251000,0 days 00:00:32.194000,0 days 00:00:26.700000,0 days 00:43:53.566000,0 days 00:44:25.760000,0 days 00:44:52.460000,266.0,189.0,312.0,298.0,False,MEDIUM,8.0,True,AlphaTauri,0 days 00:43:29.279000,,1,17.0,,,False,True
0 days 00:46:15.327000,KVY,26,0 days 00:01:22.903000,9.0,1.0,,,0 days 00:00:23.726000,0 days 00:00:32.164000,0 days 00:00:27.013000,0 days 00:45:16.186000,0 days 00:45:48.350000,0 days 00:46:15.363000,265.0,189.0,300.0,330.0,False,MEDIUM,9.0,True,AlphaTauri,0 days 00:44:52.424000,,1,16.0,,,False,True
0 days 00:47:38.786000,KVY,26,0 days 00:01:23.459000,10.0,1.0,,,0 days 00:00:24.149000,0 days 00:00:32.333000,0 days 00:00:26.977000,0 days 00:46:39.512000,0 days 00:47:11.845000,0 days 00:47:38.822000,266.0,189.0,310.0,304.0,False,MEDIUM,10.0,True,AlphaTauri,0 days 00:46:15.327000,,1,16.0,,,False,True
0 days 00:49:03.339000,KVY,26,0 days 00:01:24.553000,11.0,1.0,,,0 days 00:00:24.374000,0 days 00:00:32.982000,0 days 00:00:27.197000,0 days 00:48:03.196000,0 days 00:48:36.178000,0 days 00:49:03.375000,268.0,193.0,310.0,328.0,False,MEDIUM,11.0,True,AlphaTauri,0 days 00:47:38.786000,,1,16.0,,,False,True
0 days 00:50:27.494000,KVY,26,0 days 00:01:24.155000,12.0,1.0,,,0 days 00:00:24.259000,0 days 00:00:32.895000,0 days 00:00:27.001000,0 days 00:49:27.634000,0 days 00:50:00.529000,0 days 00:50:27.530000,275.0,191.0,313.0,325.0,False,MEDIUM,12.0,True,AlphaTauri,0 days 00:49:03.339000,,1,15.0,,,False,True
0 days 00:51:51.925000,KVY,26,0 days 00:01:24.431000,13.0,1.0,,,0 days 00:00:24.487000,0 days 00:00:33.141000,0 days 00:00:26.803000,0 days 00:50:52.017000,0 days 00:51:25.158000,0 days 00:51:51.961000,267.0,188.0,313.0,331.0,False,MEDIUM,13.0,True,AlphaTauri,0 days 00:50:27.494000,,1,15.0,,,False,True
0 days 00:53:16.225000,KVY,26,0 days 00:01:24.300000,14.0,1.0,,,0 days 00:00:24.678000,0 days 00:00:32.944000,0 days 00:00:26.678000,0 days 00:52:16.639000,0 days 00:52:49.583000,0 days 00:53:16.261000,269.0,187.0,315.0,328.0,False,MEDIUM,14.0,True,AlphaTauri,0 days 00:51:51.925000,,1,15.0,,,False,True
0 days 00:54:40.479000,KVY,26,0 days 00:01:24.254000,15.0,1.0,,,0 days 00:00:24.430000,0 days 00:00:32.779000,0 days 00:00:27.045000,0 days 00:53:40.691000,0 days 00:54:13.470000,0 days 00:54:40.515000,274.0,189.0,310.0,338.0,False,MEDIUM,15.0,True,AlphaTauri,0 days 00:53:16.225000,,1,14.0,,,False,True
0 days 00:56:04.325000,KVY,26,0 days 00:01:23.846000,16.0,1.0,,,0 days 00:00:24.269000,0 days 00:00:32.515000,0 days 00:00:27.062000,0 days 00:55:04.784000,0 days 00:55:37.299000,0 days 00:56:04.361000,278.0,190.0,310.0,329.0,False,MEDIUM,16.0,True,AlphaTauri,0 days 00:54:40.479000,,1,14.0,,,False,True
0 days 00:57:28.194000,KVY,26,0 days 00:01:23.869000,17.0,1.0,,,0 days 00:00:24.306000,0 days 00:00:32.568000,0 days 00:00:26.995000,0 days 00:56:28.667000,0 days 00:57:01.235000,0 days 00:57:28.230000,273.0,190.0,306.0,333.0,False,MEDIUM,17.0,True,AlphaTauri,0 days 00:56:04.325000,,1,14.0,,,False,True
0 days 00:58:52.254000,KVY,26,0 days 00:01:24.060000,18.0,1.0,,,0 days 00:00:24.194000,0 days 00:00:32.658000,0 days 00:00:27.208000,0 days 00:57:52.424000,0 days 00:58:25.082000,0 days 00:58:52.290000,273.0,186.0,311.0,325.0,False,MEDIUM,18.0,True,AlphaTauri,0 days 00:57:28.194000,,1,13.0,,,False,True
0 days 01:00:15.876000,KVY,26,0 days 00:01:23.622000,19.0,1.0,,,0 days 00:00:24.078000,0 days 00:00:32.641000,0 days 00:00:26.903000,0 days 00:59:16.368000,0 days 00:59:49.009000,0 days 01:00:15.912000,272.0,190.0,293.0,334.0,False,MEDIUM,19.0,True,AlphaTauri,0 days 00:58:52.254000,,1,12.0,,,False,True
0 days 01:01:39.690000,KVY,26,0 days 00:01:23.814000,20.0,1.0,,,0 days 00:00:24.766000,0 days 00:00:32.104000,0 days 00:00:26.944000,0 days 01:00:40.678000,0 days 01:01:12.782000,0 days 01:01:39.726000,270.0,187.0,293.0,306.0,False,MEDIUM,20.0,True,AlphaTauri,0 days 01:00:15.876000,,1,11.0,,,False,True
0 days 01:03:04.255000,KVY,26,0 days 00:01:24.565000,21.0,1.0,,,0 days 00:00:24.994000,0 days 00:00:32.434000,0 days 00:00:27.137000,0 days 01:02:04.720000,0 days 01:02:37.154000,0 days 01:03:04.291000,271.0,192.0,307.0,304.0,False,MEDIUM,21.0,True,AlphaTauri,0 days 01:01:39.690000,,1,12.0,,,False,True
0 days 01:04:27.494000,KVY,26,0 days 00:01:23.239000,22.0,1.0,,,0 days 00:00:23.777000,0 days 00:00:32.300000,0 days 00:00:27.162000,0 days 01:03:28.068000,0 days 01:04:00.368000,0 days 01:04:27.530000,276.0,190.0,297.0,327.0,False,MEDIUM,22.0,True,AlphaTauri,0 days 01:03:04.255000,,1,12.0,,,False,True
0 days 01:05:50.957000,KVY,26,0 days 00:01:23.463000,23.0,1.0,,,0 days 00:00:24.164000,0 days 00:00:32.346000,0 days 00:00:26.953000,0 days 01:04:51.694000,0 days 01:05:24.040000,0 days 01:05:50.993000,272.0,187.0,308.0,308.0,False,MEDIUM,23.0,True,AlphaTauri,0 days 01:04:27.494000,,1,12.0,,,False,True
0 days 01:07:13.590000,KVY,26,0 days 00:01:22.633000,24.0,1.0,,,0 days 00:00:23.603000,0 days 00:00:31.934000,0 days 00:00:27.096000,0 days 01:06:14.596000,0 days 01:06:46.530000,0 days 01:07:13.626000,266.0,191.0,293.0,326.0,True,MEDIUM,24.0,True,AlphaTauri,0 days 01:05:50.957000,,1,11.0,,,False,True
0 days 01:08:40.198000,KVY,26,0 days 00:01:26.608000,25.0,1.0,,0 days 01:08:37.273000,0 days 00:00:24.169000,0 days 00:00:32.039000,0 days 00:00:30.400000,0 days 01:07:37.795000,0 days 01:08:09.834000,0 days 01:08:40.234000,267.0,188.0,,290.0,False,MEDIUM,25.0,True,AlphaTauri,0 days 01:07:13.590000,,1,13.0,,,False,False
0 days 01:10:33.649000,KVY,26,0 days 00:01:53.451000,26.0,2.0,0 days 01:09:04.512000,,0 days 00:00:50.008000,0 days 00:00:35.161000,0 days 00:00:28.282000,0 days 01:09:30.242000,0 days 01:10:05.403000,0 days 01:10:33.685000,261.0,180.0,293.0,290.0,False,HARD,2.0,False,AlphaTauri,0 days 01:08:40.198000,,1,18.0,,,False,False
0 days 01:11:58.296000,KVY,26,0 days 00:01:24.647000,27.0,2.0,,,0 days 00:00:24.662000,0 days 00:00:32.857000,0 days 00:00:27.128000,0 days 01:10:58.347000,0 days 01:11:31.204000,0 days 01:11:58.332000,266.0,192.0,295.0,296.0,False,HARD,3.0,False,AlphaTauri,0 days 01:10:33.649000,,1,18.0,,,False,True
0 days 01:13:21.960000,KVY,26,0 days 00:01:23.664000,28.0,2.0,,,0 days 00:00:24.254000,0 days 00:00:32.173000,0 days 00:00:27.237000,0 days 01:12:22.586000,0 days 01:12:54.759000,0 days 01:13:21.996000,267.0,192.0,293.0,293.0,False,HARD,4.0,False,AlphaTauri,0 days 01:11:58.296000,,1,18.0,,,False,True
0 days 01:14:45.409000,KVY,26,0 days 00:01:23.449000,29.0,2.0,,,0 days 00:00:24.260000,0 days 00:00:31.964000,0 days 00:00:27.225000,0 days 01:13:46.256000,0 days 01:14:18.220000,0 days 01:14:45.445000,273.0,194.0,293.0,294.0,False,HARD,5.0,False,AlphaTauri,0 days 01:13:21.960000,,1,18.0,,,False,True
0 days 01:16:08.163000,KVY,26,0 days 00:01:22.754000,30.0,2.0,,,0 days 00:00:23.885000,0 days 00:00:31.896000,0 days 00:00:26.973000,0 days 01:15:09.330000,0 days 01:15:41.226000,0 days 01:16:08.199000,273.0,192.0,293.0,296.0,False,HARD,6.0,False,AlphaTauri,0 days 01:14:45.409000,,1,18.0,,,False,True
0 days 01:17:31.018000,KVY,26,0 days 00:01:22.855000,31.0,2.0,,,0 days 00:00:23.886000,0 days 00:00:31.879000,0 days 00:00:27.090000,0 days 01:16:32.085000,0 days 01:17:03.964000,0 days 01:17:31.054000,271.0,193.0,295.0,296.0,False,HARD,7.0,False,AlphaTauri,0 days 01:16:08.163000,,1,18.0,,,False,True
0 days 01:18:53.612000,KVY,26,0 days 00:01:22.594000,32.0,2.0,,,0 days 00:00:23.888000,0 days 00:00:31.700000,0 days 00:00:27.006000,0 days 01:17:54.942000,0 days 01:18:26.642000,0 days 01:18:53.648000,273.0,196.0,293.0,304.0,True,HARD,8.0,False,AlphaTauri,0 days 01:17:31.018000,,1,17.0,,,False,True
0 days 01:20:16.052000,KVY,26,0 days 00:01:22.440000,33.0,2.0,,,0 days 00:00:23.822000,0 days 00:00:31.659000,0 days 00:00:26.959000,0 days 01:19:17.470000,0 days 01:19:49.129000,0 days 01:20:16.088000,274.0,193.0,295.0,298.0,True,HARD,9.0,False,AlphaTauri,0 days 01:18:53.612000,,1,17.0,,,False,True
0 days 01:21:38.851000,KVY,26,0 days 00:01:22.799000,34.0,2.0,,,0 days 00:00:23.809000,0 days 00:00:31.881000,0 days 00:00:27.109000,0 days 01:20:39.897000,0 days 01:21:11.778000,0 days 01:21:38.887000,271.0,193.0,293.0,297.0,False,HARD,10.0,False,AlphaTauri,0 days 01:20:16.052000,,1,17.0,,,False,True
0 days 01:23:01.151000,KVY,26,0 days 00:01:22.300000,35.0,2.0,,,0 days 00:00:23.759000,0 days 00:00:31.598000,0 days 00:00:26.943000,0 days 01:22:02.646000,0 days 01:22:34.244000,0 days 01:23:01.187000,275.0,194.0,295.0,301.0,True,HARD,11.0,False,AlphaTauri,0 days 01:21:38.851000,,1,17.0,,,False,True
0 days 01:24:23.763000,KVY,26,0 days 00:01:22.612000,36.0,2.0,,,0 days 00:00:23.881000,0 days 00:00:31.908000,0 days 00:00:26.823000,0 days 01:23:25.068000,0 days 01:23:56.976000,0 days 01:24:23.799000,271.0,193.0,295.0,296.0,False,HARD,12.0,False,AlphaTauri,0 days 01:23:01.151000,,1,17.0,,,False,True
0 days 01:25:46.471000,KVY,26,0 days 00:01:22.708000,37.0,2.0,,,0 days 00:00:24.093000,0 days 00:00:31.994000,0 days 00:00:26.621000,0 days 01:24:47.892000,0 days 01:25:19.886000,0 days 01:25:46.507000,267.0,194.0,298.0,298.0,False,HARD,13.0,False,AlphaTauri,0 days 01:24:23.763000,,1,17.0,,,False,True
0 days 01:27:09.084000,KVY,26,0 days 00:01:22.613000,38.0,2.0,,,0 days 00:00:23.764000,0 days 00:00:32.033000,0 days 00:00:26.816000,0 days 01:26:10.271000,0 days 01:26:42.304000,0 days 01:27:09.120000,274.0,192.0,311.0,301.0,False,HARD,14.0,False,AlphaTauri,0 days 01:25:46.471000,,1,17.0,,,False,True
0 days 01:28:31.569000,KVY,26,0 days 00:01:22.485000,39.0,2.0,,,0 days 00:00:23.657000,0 days 00:00:31.981000,0 days 00:00:26.847000,0 days 01:27:32.777000,0 days 01:28:04.758000,0 days 01:28:31.605000,278.0,194.0,312.0,334.0,False,HARD,15.0,False,AlphaTauri,0 days 01:27:09.084000,,1,17.0,,,False,True
0 days 01:29:53.919000,KVY,26,0 days 00:01:22.350000,40.0,2.0,,,0 days 00:00:23.872000,0 days 00:00:31.727000,0 days 00:00:26.751000,0 days 01:28:55.477000,0 days 01:29:27.204000,0 days 01:29:53.955000,274.0,192.0,312.0,335.0,False,HARD,16.0,False,AlphaTauri,0 days 01:28:31.569000,,1,17.0,,,False,True
0 days 01:31:17.113000,KVY,26,0 days 00:01:23.194000,41.0,2.0,,,0 days 00:00:24.075000,0 days 00:00:32.086000,0 days 00:00:27.033000,0 days 01:30:18.030000,0 days 01:30:50.116000,0 days 01:31:17.149000,273.0,194.0,295.0,331.0,False,HARD,17.0,False,AlphaTauri,0 days 01:29:53.919000,,1,16.0,,,False,True
0 days 01:32:40.976000,KVY,26,0 days 00:01:23.863000,42.0,2.0,,,0 days 00:00:24.917000,0 days 00:00:32.093000,0 days 00:00:26.853000,0 days 01:31:42.066000,0 days 01:32:14.159000,0 days 01:32:41.012000,274.0,192.0,297.0,264.0,False,HARD,18.0,False,AlphaTauri,0 days 01:31:17.113000,,1,16.0,,,False,True
0 days 01:34:03.367000,KVY,26,0 days 00:01:22.391000,43.0,2.0,,,0 days 00:00:23.722000,0 days 00:00:31.601000,0 days 00:00:27.068000,0 days 01:33:04.734000,0 days 01:33:36.335000,0 days 01:34:03.403000,273.0,194.0,297.0,299.0,False,HARD,19.0,False,AlphaTauri,0 days 01:32:40.976000,,1,16.0,,,False,True
0 days 01:35:25.786000,KVY,26,0 days 00:01:22.419000,44.0,2.0,,,0 days 00:00:23.813000,0 days 00:00:31.790000,0 days 00:00:26.816000,0 days 01:34:27.216000,0 days 01:34:59.006000,0 days 01:35:25.822000,276.0,194.0,296.0,300.0,False,HARD,20.0,False,AlphaTauri,0 days 01:34:03.367000,,1,15.0,,,False,True
0 days 01:36:47.431000,KVY,26,0 days 00:01:21.645000,45.0,2.0,,,0 days 00:00:23.614000,0 days 00:00:31.472000,0 days 00:00:26.559000,0 days 01:35:49.436000,0 days 01:36:20.908000,0 days 01:36:47.467000,275.0,194.0,300.0,304.0,True,HARD,21.0,False,AlphaTauri,0 days 01:35:25.786000,,1,15.0,,,False,True
0 days 01:38:09.524000,KVY,26,0 days 00:01:22.093000,46.0,2.0,,,0 days 00:00:23.595000,0 days 00:00:31.774000,0 days 00:00:26.724000,0 days 01:37:11.062000,0 days 01:37:42.836000,0 days 01:38:09.560000,274.0,195.0,298.0,303.0,False,HARD,22.0,False,AlphaTauri,0 days 01:36:47.431000,,1,15.0,,,False,True
0 days 01:39:33.096000,KVY,26,0 days 00:01:23.572000,47.0,2.0,,,0 days 00:00:23.706000,0 days 00:00:33.276000,0 days 00:00:26.590000,0 days 01:38:33.266000,0 days 01:39:06.542000,0 days 01:39:33.132000,264.0,194.0,298.0,296.0,False,HARD,23.0,False,AlphaTauri,0 days 01:38:09.524000,,1,15.0,,,False,True
0 days 01:40:56.349000,KVY,26,0 days 00:01:23.253000,48.0,2.0,,,0 days 00:00:24.688000,0 days 00:00:31.605000,0 days 00:00:26.960000,0 days 01:39:57.820000,0 days 01:40:29.425000,0 days 01:40:56.385000,273.0,198.0,299.0,305.0,False,HARD,24.0,False,AlphaTauri,0 days 01:39:33.096000,,1,15.0,,,False,True
0 days 01:42:18.839000,KVY,26,0 days 00:01:22.490000,49.0,2.0,,,0 days 00:00:23.841000,0 days 00:00:31.945000,0 days 00:00:26.704000,0 days 01:41:20.226000,0 days 01:41:52.171000,0 days 01:42:18.875000,275.0,188.0,309.0,311.0,False,HARD,25.0,False,AlphaTauri,0 days 01:40:56.349000,,1,15.0,,,False,True
0 days 01:43:41.975000,KVY,26,0 days 00:01:23.136000,50.0,2.0,,,0 days 00:00:23.501000,0 days 00:00:32.425000,0 days 00:00:27.210000,0 days 01:42:42.376000,0 days 01:43:14.801000,0 days 01:43:42.011000,275.0,195.0,298.0,329.0,False,HARD,26.0,False,AlphaTauri,0 days 01:42:18.839000,,1,15.0,,,False,True
0 days 01:45:04.061000,KVY,26,0 days 00:01:22.086000,51.0,2.0,,,0 days 00:00:23.643000,0 days 00:00:31.568000,0 days 00:00:26.875000,0 days 01:44:05.654000,0 days 01:44:37.222000,0 days 01:45:04.097000,274.0,196.0,297.0,303.0,False,HARD,27.0,False,AlphaTauri,0 days 01:43:41.975000,,1,15.0,,,False,True
0 days 01:46:26.361000,KVY,26,0 days 00:01:22.300000,52.0,2.0,,,0 days 00:00:23.794000,0 days 00:00:31.622000,0 days 00:00:26.884000,0 days 01:45:27.891000,0 days 01:45:59.513000,0 days 01:46:26.397000,275.0,195.0,297.0,307.0,False,HARD,28.0,False,AlphaTauri,0 days 01:45:04.061000,,1,15.0,,,False,True
0 days 01:47:49.124000,KVY,26,0 days 00:01:22.763000,53.0,2.0,,,0 days 00:00:23.883000,0 days 00:00:32.057000,0 days 00:00:26.823000,0 days 01:46:50.280000,0 days 01:47:22.337000,0 days 01:47:49.160000,274.0,198.0,296.0,305.0,False,HARD,29.0,False,AlphaTauri,0 days 01:46:26.361000,,1,15.0,,,False,True
0 days 01:49:11.884000,KVY,26,0 days 00:01:22.760000,54.0,2.0,,,0 days 00:00:24.346000,0 days 00:00:31.886000,0 days 00:00:26.528000,0 days 01:48:13.506000,0 days 01:48:45.392000,0 days 01:49:11.920000,277.0,194.0,299.0,310.0,False,HARD,30.0,False,AlphaTauri,0 days 01:47:49.124000,,1,16.0,,,False,True
0 days 01:50:38.465000,KVY,26,0 days 00:01:26.581000,55.0,2.0,,0 days 01:50:35.773000,0 days 00:00:23.656000,0 days 00:00:32.614000,0 days 00:00:30.311000,0 days 01:49:35.576000,0 days 01:50:08.190000,0 days 01:50:38.501000,277.0,194.0,,303.0,False,HARD,31.0,False,AlphaTauri,0 days 01:49:11.884000,,1,17.0,,,False,False
0 days 01:52:38.528000,KVY,26,0 days 00:02:00.063000,56.0,3.0,0 days 01:51:08.526000,,0 days 00:00:54.912000,0 days 00:00:35.136000,0 days 00:00:30.015000,0 days 01:51:33.413000,0 days 01:52:08.549000,0 days 01:52:38.564000,266.0,181.0,297.0,303.0,False,SOFT,1.0,True,AlphaTauri,0 days 01:50:38.465000,,1,19.0,,,False,False
0 days 01:54:06.555000,KVY,26,0 days 00:01:28.027000,57.0,3.0,,,0 days 00:00:28.174000,0 days 00:00:33.345000,0 days 00:00:26.508000,0 days 01:53:06.738000,0 days 01:53:40.083000,0 days 01:54:06.591000,264.0,197.0,295.0,303.0,False,SOFT,2.0,True,AlphaTauri,0 days 01:52:38.528000,,1,19.0,,,False,True
0 days 01:55:27.784000,KVY,26,0 days 00:01:21.229000,58.0,3.0,,,0 days 00:00:23.609000,0 days 00:00:31.206000,0 days 00:00:26.414000,0 days 01:54:30.200000,0 days 01:55:01.406000,0 days 01:55:27.820000,274.0,195.0,296.0,298.0,True,SOFT,3.0,True,AlphaTauri,0 days 01:54:06.555000,,1,19.0,,,False,True
0 days 01:56:48.233000,KVY,26,0 days 00:01:20.449000,59.0,3.0,,,0 days 00:00:23.338000,0 days 00:00:30.932000,0 days 00:00:26.179000,0 days 01:55:51.158000,0 days 01:56:22.090000,0 days 01:56:48.269000,276.0,198.0,297.0,298.0,True,SOFT,4.0,True,AlphaTauri,0 days 01:55:27.784000,,1,19.0,,,False,True
0 days 01:58:09.058000,KVY,26,0 days 00:01:20.825000,60.0,3.0,,,0 days 00:00:23.420000,0 days 00:00:31.248000,0 days 00:00:26.157000,0 days 01:57:11.689000,0 days 01:57:42.937000,0 days 01:58:09.094000,275.0,195.0,311.0,301.0,False,SOFT,5.0,True,AlphaTauri,0 days 01:56:48.233000,,1,19.0,,,False,True
0 days 01:59:33.964000,KVY,26,0 days 00:01:24.906000,61.0,3.0,,,0 days 00:00:24.325000,0 days 00:00:33.815000,0 days 00:00:26.766000,0 days 01:58:33.419000,0 days 01:59:07.234000,0 days 01:59:34,274.0,194.0,297.0,329.0,False,SOFT,6.0,True,AlphaTauri,0 days 01:58:09.058000,,1,19.0,,,False,True
0 days 02:00:55.940000,KVY,26,0 days 00:01:21.976000,62.0,3.0,,,0 days 00:00:23.588000,0 days 00:00:31.593000,0 days 00:00:26.795000,0 days 01:59:57.588000,0 days 02:00:29.181000,0 days 02:00:55.976000,274.0,196.0,297.0,299.0,False,SOFT,7.0,True,AlphaTauri,0 days 01:59:33.964000,,1,19.0,,,False,True
0 days 02:02:17.208000,KVY,26,0 days 00:01:21.268000,63.0,3.0,,,0 days 00:00:23.613000,0 days 00:00:31.054000,0 days 00:00:26.601000,0 days 02:01:19.589000,0 days 02:01:50.643000,0 days 02:02:17.244000,276.0,195.0,298.0,300.0,False,SOFT,8.0,True,AlphaTauri,0 days 02:00:55.940000,,1,19.0,,,False,True
0 days 02:03:38.071000,KVY,26,0 days 00:01:20.863000,64.0,3.0,,,0 days 00:00:23.577000,0 days 00:00:31.004000,0 days 00:00:26.282000,0 days 02:02:40.821000,0 days 02:03:11.825000,0 days 02:03:38.107000,275.0,201.0,297.0,301.0,False,SOFT,9.0,True,AlphaTauri,0 days 02:02:17.208000,,1,19.0,,,False,True
0 days 00:34:51.041000,STR,18,0 days 00:01:41.139000,1.0,1.0,,,,0 days 00:00:38.686000,0 days 00:00:30.114000,,0 days 00:34:21.462000,0 days 00:34:51.265000,256.0,162.0,292.0,241.0,False,MEDIUM,1.0,True,Racing Point,0 days 00:33:09.808000,,12,11.0,,,False,False
0 days 00:36:20.500000,STR,18,0 days 00:01:29.459000,2.0,1.0,,,0 days 00:00:27.096000,0 days 00:00:34.574000,0 days 00:00:27.789000,0 days 00:35:18.195000,0 days 00:35:52.769000,0 days 00:36:20.558000,268.0,174.0,297.0,313.0,True,MEDIUM,2.0,True,Racing Point,0 days 00:34:51.041000,,1,10.0,,,False,True
0 days 00:37:45.767000,STR,18,0 days 00:01:25.267000,3.0,1.0,,,0 days 00:00:25.339000,0 days 00:00:32.699000,0 days 00:00:27.229000,0 days 00:36:45.897000,0 days 00:37:18.596000,0 days 00:37:45.825000,269.0,184.0,306.0,309.0,True,MEDIUM,3.0,True,Racing Point,0 days 00:36:20.500000,,1,10.0,,,False,True
0 days 00:39:10.207000,STR,18,0 days 00:01:24.440000,4.0,1.0,,,0 days 00:00:24.636000,0 days 00:00:32.744000,0 days 00:00:27.060000,0 days 00:38:10.461000,0 days 00:38:43.205000,0 days 00:39:10.265000,269.0,183.0,296.0,328.0,True,MEDIUM,4.0,True,Racing Point,0 days 00:37:45.767000,,1,10.0,,,False,True
0 days 00:40:33.637000,STR,18,0 days 00:01:23.430000,5.0,1.0,,,0 days 00:00:24.396000,0 days 00:00:32.140000,0 days 00:00:26.894000,0 days 00:39:34.661000,0 days 00:40:06.801000,0 days 00:40:33.695000,269.0,183.0,308.0,309.0,True,MEDIUM,5.0,True,Racing Point,0 days 00:39:10.207000,,1,10.0,,,False,True
0 days 00:41:57.497000,STR,18,0 days 00:01:23.860000,6.0,1.0,,,0 days 00:00:24.454000,0 days 00:00:32.309000,0 days 00:00:27.097000,0 days 00:40:58.149000,0 days 00:41:30.458000,0 days 00:41:57.555000,272.0,177.0,308.0,336.0,False,MEDIUM,6.0,True,Racing Point,0 days 00:40:33.637000,,1,10.0,,,False,True
0 days 00:43:20.843000,STR,18,0 days 00:01:23.346000,7.0,1.0,,,0 days 00:00:24.111000,0 days 00:00:32.139000,0 days 00:00:27.096000,0 days 00:42:21.666000,0 days 00:42:53.805000,0 days 00:43:20.901000,271.0,177.0,296.0,322.0,True,MEDIUM,7.0,True,Racing Point,0 days 00:41:57.497000,,1,10.0,,,False,True
0 days 00:44:44.195000,STR,18,0 days 00:01:23.352000,8.0,1.0,,,0 days 00:00:24.302000,0 days 00:00:32.185000,0 days 00:00:26.865000,0 days 00:43:45.203000,0 days 00:44:17.388000,0 days 00:44:44.253000,268.0,184.0,311.0,305.0,False,MEDIUM,8.0,True,Racing Point,0 days 00:43:20.843000,,1,10.0,,,False,True
0 days 00:46:08.509000,STR,18,0 days 00:01:24.314000,9.0,1.0,,,0 days 00:00:24.260000,0 days 00:00:32.933000,0 days 00:00:27.121000,0 days 00:45:08.513000,0 days 00:45:41.446000,0 days 00:46:08.567000,274.0,176.0,312.0,331.0,False,MEDIUM,9.0,True,Racing Point,0 days 00:44:44.195000,,1,10.0,,,False,True
0 days 00:47:33.142000,STR,18,0 days 00:01:24.633000,10.0,1.0,,,0 days 00:00:24.772000,0 days 00:00:32.688000,0 days 00:00:27.173000,0 days 00:46:33.339000,0 days 00:47:06.027000,0 days 00:47:33.200000,268.0,174.0,309.0,336.0,False,MEDIUM,10.0,True,Racing Point,0 days 00:46:08.509000,,1,10.0,,,False,True
0 days 00:48:56.302000,STR,18,0 days 00:01:23.160000,11.0,1.0,,,0 days 00:00:23.848000,0 days 00:00:32.232000,0 days 00:00:27.080000,0 days 00:47:57.048000,0 days 00:48:29.280000,0 days 00:48:56.360000,265.0,181.0,297.0,332.0,True,MEDIUM,11.0,True,Racing Point,0 days 00:47:33.142000,,1,9.0,,,False,True
0 days 00:50:19.641000,STR,18,0 days 00:01:23.339000,12.0,1.0,,,0 days 00:00:24.301000,0 days 00:00:32.133000,0 days 00:00:26.905000,0 days 00:49:20.661000,0 days 00:49:52.794000,0 days 00:50:19.699000,271.0,180.0,308.0,306.0,False,MEDIUM,12.0,True,Racing Point,0 days 00:48:56.302000,,1,9.0,,,False,True
0 days 00:51:42.349000,STR,18,0 days 00:01:22.708000,13.0,1.0,,,0 days 00:00:23.834000,0 days 00:00:31.918000,0 days 00:00:26.956000,0 days 00:50:43.533000,0 days 00:51:15.451000,0 days 00:51:42.407000,264.0,184.0,294.0,330.0,True,MEDIUM,13.0,True,Racing Point,0 days 00:50:19.641000,,1,8.0,,,False,True
0 days 00:53:05.386000,STR,18,0 days 00:01:23.037000,14.0,1.0,,,0 days 00:00:24.192000,0 days 00:00:31.914000,0 days 00:00:26.931000,0 days 00:52:06.599000,0 days 00:52:38.513000,0 days 00:53:05.444000,271.0,182.0,308.0,298.0,False,MEDIUM,14.0,True,Racing Point,0 days 00:51:42.349000,,1,8.0,,,False,True
0 days 00:54:28.826000,STR,18,0 days 00:01:23.440000,15.0,1.0,,,0 days 00:00:24.425000,0 days 00:00:32.068000,0 days 00:00:26.947000,0 days 00:53:29.869000,0 days 00:54:01.937000,0 days 00:54:28.884000,267.0,182.0,307.0,330.0,False,MEDIUM,15.0,True,Racing Point,0 days 00:53:05.386000,,1,8.0,,,False,True
0 days 00:55:52.633000,STR,18,0 days 00:01:23.807000,16.0,1.0,,,0 days 00:00:24.367000,0 days 00:00:32.309000,0 days 00:00:27.131000,0 days 00:54:53.251000,0 days 00:55:25.560000,0 days 00:55:52.691000,271.0,179.0,306.0,336.0,False,MEDIUM,16.0,True,Racing Point,0 days 00:54:28.826000,,1,8.0,,,False,True
0 days 00:57:16.002000,STR,18,0 days 00:01:23.369000,17.0,1.0,,,0 days 00:00:24.462000,0 days 00:00:32.055000,0 days 00:00:26.852000,0 days 00:56:17.153000,0 days 00:56:49.208000,0 days 00:57:16.060000,272.0,179.0,306.0,325.0,False,MEDIUM,17.0,True,Racing Point,0 days 00:55:52.633000,,1,8.0,,,False,True
0 days 00:58:54.851000,STR,18,0 days 00:01:38.849000,18.0,1.0,,0 days 00:58:51.880000,0 days 00:00:31.030000,0 days 00:00:34.530000,0 days 00:00:33.289000,0 days 00:57:47.090000,0 days 00:58:21.620000,0 days 00:58:54.909000,264.0,162.0,,322.0,False,MEDIUM,18.0,True,Racing Point,0 days 00:57:16.002000,,1,16.0,,,False,False
0 days 01:00:51.309000,STR,18,0 days 00:01:56.458000,19.0,2.0,0 days 00:59:28.220000,,0 days 00:00:56.740000,0 days 00:00:32.495000,0 days 00:00:27.223000,0 days 00:59:51.649000,0 days 01:00:24.144000,0 days 01:00:51.367000,263.0,188.0,290.0,322.0,False,HARD,1.0,True,Racing Point,0 days 00:58:54.851000,,1,20.0,,,False,False
0 days 01:02:18.587000,STR,18,0 days 00:01:27.278000,20.0,2.0,,,0 days 00:00:25.098000,0 days 00:00:34.751000,0 days 00:00:27.429000,0 days 01:01:16.465000,0 days 01:01:51.216000,0 days 01:02:18.645000,265.0,179.0,293.0,298.0,False,HARD,2.0,True,Racing Point,0 days 01:00:51.309000,,1,20.0,,,False,True
0 days 01:03:42.580000,STR,18,0 days 00:01:23.993000,21.0,2.0,,,0 days 00:00:24.736000,0 days 00:00:31.872000,0 days 00:00:27.385000,0 days 01:02:43.381000,0 days 01:03:15.253000,0 days 01:03:42.638000,270.0,184.0,292.0,304.0,False,HARD,3.0,True,Racing Point,0 days 01:02:18.587000,,1,20.0,,,False,True
0 days 01:05:05.174000,STR,18,0 days 00:01:22.594000,22.0,2.0,,,0 days 00:00:24.289000,0 days 00:00:31.510000,0 days 00:00:26.795000,0 days 01:04:06.927000,0 days 01:04:38.437000,0 days 01:05:05.232000,271.0,188.0,293.0,302.0,True,HARD,4.0,True,Racing Point,0 days 01:03:42.580000,,1,20.0,,,False,True
0 days 01:06:27.689000,STR,18,0 days 00:01:22.515000,23.0,2.0,,,0 days 00:00:24.222000,0 days 00:00:31.444000,0 days 00:00:26.849000,0 days 01:05:29.454000,0 days 01:06:00.898000,0 days 01:06:27.747000,270.0,185.0,292.0,303.0,True,HARD,5.0,True,Racing Point,0 days 01:05:05.174000,,1,20.0,,,False,True
0 days 01:07:50.533000,STR,18,0 days 00:01:22.844000,24.0,2.0,,,0 days 00:00:24.235000,0 days 00:00:31.632000,0 days 00:00:26.977000,0 days 01:06:51.982000,0 days 01:07:23.614000,0 days 01:07:50.591000,272.0,182.0,293.0,297.0,False,HARD,6.0,True,Racing Point,0 days 01:06:27.689000,,1,20.0,,,False,True
0 days 01:09:13.437000,STR,18,0 days 00:01:22.904000,25.0,2.0,,,0 days 00:00:24.158000,0 days 00:00:31.858000,0 days 00:00:26.888000,0 days 01:08:14.749000,0 days 01:08:46.607000,0 days 01:09:13.495000,271.0,178.0,295.0,299.0,False,HARD,7.0,True,Racing Point,0 days 01:07:50.533000,,1,20.0,,,False,True
0 days 01:10:38.073000,STR,18,0 days 00:01:24.636000,26.0,2.0,,,0 days 00:00:24.475000,0 days 00:00:32.171000,0 days 00:00:27.990000,0 days 01:09:37.970000,0 days 01:10:10.141000,0 days 01:10:38.131000,270.0,184.0,294.0,299.0,False,HARD,8.0,True,Racing Point,0 days 01:09:13.437000,,1,20.0,,,False,True
0 days 01:12:02.008000,STR,18,0 days 00:01:23.935000,27.0,2.0,,,0 days 00:00:24.609000,0 days 00:00:32.225000,0 days 00:00:27.101000,0 days 01:11:02.740000,0 days 01:11:34.965000,0 days 01:12:02.066000,270.0,184.0,296.0,305.0,False,HARD,9.0,True,Racing Point,0 days 01:10:38.073000,,1,20.0,,,False,True
0 days 01:13:25.374000,STR,18,0 days 00:01:23.366000,28.0,2.0,,,0 days 00:00:24.229000,0 days 00:00:32.068000,0 days 00:00:27.069000,0 days 01:12:26.295000,0 days 01:12:58.363000,0 days 01:13:25.432000,272.0,181.0,294.0,305.0,False,HARD,10.0,True,Racing Point,0 days 01:12:02.008000,,1,20.0,,,False,True
0 days 01:14:48.335000,STR,18,0 days 00:01:22.961000,29.0,2.0,,,0 days 00:00:24.189000,0 days 00:00:31.770000,0 days 00:00:27.002000,0 days 01:13:49.621000,0 days 01:14:21.391000,0 days 01:14:48.393000,272.0,185.0,295.0,301.0,False,HARD,11.0,True,Racing Point,0 days 01:13:25.374000,,1,20.0,,,False,True
0 days 01:16:13.872000,STR,18,0 days 00:01:25.537000,30.0,2.0,,,0 days 00:00:24.594000,0 days 00:00:33.751000,0 days 00:00:27.192000,0 days 01:15:12.987000,0 days 01:15:46.738000,0 days 01:16:13.930000,271.0,176.0,294.0,304.0,False,HARD,12.0,True,Racing Point,0 days 01:14:48.335000,,1,20.0,,,False,True
0 days 01:17:36.819000,STR,18,0 days 00:01:22.947000,31.0,2.0,,,0 days 00:00:24.311000,0 days 00:00:31.606000,0 days 00:00:27.030000,0 days 01:16:38.241000,0 days 01:17:09.847000,0 days 01:17:36.877000,268.0,185.0,288.0,305.0,False,HARD,13.0,True,Racing Point,0 days 01:16:13.872000,,1,20.0,,,False,True
0 days 01:19:00.651000,STR,18,0 days 00:01:23.832000,32.0,2.0,,,0 days 00:00:24.212000,0 days 00:00:32.272000,0 days 00:00:27.348000,0 days 01:18:01.089000,0 days 01:18:33.361000,0 days 01:19:00.709000,272.0,167.0,295.0,305.0,False,HARD,14.0,True,Racing Point,0 days 01:17:36.819000,,1,20.0,,,False,True
0 days 01:20:23.444000,STR,18,0 days 00:01:22.793000,33.0,2.0,,,0 days 00:00:24.055000,0 days 00:00:31.859000,0 days 00:00:26.879000,0 days 01:19:24.764000,0 days 01:19:56.623000,0 days 01:20:23.502000,271.0,182.0,309.0,306.0,False,HARD,15.0,True,Racing Point,0 days 01:19:00.651000,,1,20.0,,,False,True
0 days 01:21:50.435000,STR,18,0 days 00:01:26.991000,34.0,2.0,,0 days 01:21:47.494000,0 days 00:00:24.064000,0 days 00:00:32.083000,0 days 00:00:30.844000,0 days 01:20:47.566000,0 days 01:21:19.649000,0 days 01:21:50.493000,271.0,183.0,,331.0,False,HARD,16.0,True,Racing Point,0 days 01:20:23.444000,,1,20.0,,,False,False
0 days 01:23:46.009000,STR,18,0 days 00:01:55.574000,35.0,3.0,0 days 01:22:24.988000,,0 days 00:00:56.874000,0 days 00:00:31.620000,0 days 00:00:27.080000,0 days 01:22:47.367000,0 days 01:23:18.987000,0 days 01:23:46.067000,270.0,186.0,289.0,331.0,False,SOFT,1.0,True,Racing Point,0 days 01:21:50.435000,,1,20.0,,,False,False
0 days 01:25:08.281000,STR,18,0 days 00:01:22.272000,36.0,3.0,,,0 days 00:00:23.975000,0 days 00:00:31.453000,0 days 00:00:26.844000,0 days 01:24:10.042000,0 days 01:24:41.495000,0 days 01:25:08.339000,270.0,186.0,292.0,300.0,True,SOFT,2.0,True,Racing Point,0 days 01:23:46.009000,,1,20.0,,,False,True
0 days 01:26:30.640000,STR,18,0 days 00:01:22.359000,37.0,3.0,,,0 days 00:00:23.913000,0 days 00:00:31.429000,0 days 00:00:27.017000,0 days 01:25:32.252000,0 days 01:26:03.681000,0 days 01:26:30.698000,270.0,182.0,293.0,300.0,False,SOFT,3.0,True,Racing Point,0 days 01:25:08.281000,,1,20.0,,,False,True
0 days 01:27:53.090000,STR,18,0 days 00:01:22.450000,38.0,3.0,,,0 days 00:00:23.910000,0 days 00:00:31.528000,0 days 00:00:27.012000,0 days 01:26:54.608000,0 days 01:27:26.136000,0 days 01:27:53.148000,271.0,185.0,293.0,299.0,False,SOFT,4.0,True,Racing Point,0 days 01:26:30.640000,,1,20.0,,,False,True
0 days 01:29:15.373000,STR,18,0 days 00:01:22.283000,39.0,3.0,,,0 days 00:00:24.033000,0 days 00:00:31.470000,0 days 00:00:26.780000,0 days 01:28:17.181000,0 days 01:28:48.651000,0 days 01:29:15.431000,272.0,185.0,293.0,297.0,False,SOFT,5.0,True,Racing Point,0 days 01:27:53.090000,,1,20.0,,,False,True
0 days 01:30:37.716000,STR,18,0 days 00:01:22.343000,40.0,3.0,,,0 days 00:00:23.935000,0 days 00:00:31.386000,0 days 00:00:27.022000,0 days 01:29:39.366000,0 days 01:30:10.752000,0 days 01:30:37.774000,268.0,187.0,293.0,301.0,False,SOFT,6.0,True,Racing Point,0 days 01:29:15.373000,,1,20.0,,,False,True
0 days 01:31:59.636000,STR,18,0 days 00:01:21.920000,41.0,3.0,,,0 days 00:00:23.848000,0 days 00:00:31.230000,0 days 00:00:26.842000,0 days 01:31:01.622000,0 days 01:31:32.852000,0 days 01:31:59.694000,271.0,187.0,293.0,295.0,True,SOFT,7.0,True,Racing Point,0 days 01:30:37.716000,,1,20.0,,,False,True
0 days 01:33:21.432000,STR,18,0 days 00:01:21.796000,42.0,3.0,,,0 days 00:00:23.783000,0 days 00:00:31.147000,0 days 00:00:26.866000,0 days 01:32:23.477000,0 days 01:32:54.624000,0 days 01:33:21.490000,270.0,188.0,292.0,298.0,True,SOFT,8.0,True,Racing Point,0 days 01:31:59.636000,,1,20.0,,,False,True
0 days 01:34:43.490000,STR,18,0 days 00:01:22.058000,43.0,3.0,,,0 days 00:00:24.033000,0 days 00:00:31.227000,0 days 00:00:26.798000,0 days 01:33:45.523000,0 days 01:34:16.750000,0 days 01:34:43.548000,272.0,186.0,293.0,292.0,False,SOFT,9.0,True,Racing Point,0 days 01:33:21.432000,,1,20.0,,,False,True
0 days 01:36:05.581000,STR,18,0 days 00:01:22.091000,44.0,3.0,,,0 days 00:00:23.888000,0 days 00:00:31.499000,0 days 00:00:26.704000,0 days 01:35:07.436000,0 days 01:35:38.935000,0 days 01:36:05.639000,271.0,187.0,294.0,296.0,False,SOFT,10.0,True,Racing Point,0 days 01:34:43.490000,,1,20.0,,,False,True
0 days 01:37:27.275000,STR,18,0 days 00:01:21.694000,45.0,3.0,,,0 days 00:00:23.723000,0 days 00:00:31.136000,0 days 00:00:26.835000,0 days 01:36:29.362000,0 days 01:37:00.498000,0 days 01:37:27.333000,274.0,187.0,292.0,293.0,True,SOFT,11.0,True,Racing Point,0 days 01:36:05.581000,,1,20.0,,,False,True
0 days 01:38:49.662000,STR,18,0 days 00:01:22.387000,46.0,3.0,,,0 days 00:00:23.744000,0 days 00:00:31.435000,0 days 00:00:27.208000,0 days 01:37:51.077000,0 days 01:38:22.512000,0 days 01:38:49.720000,270.0,187.0,292.0,295.0,False,SOFT,12.0,True,Racing Point,0 days 01:37:27.275000,,1,20.0,,,False,True
0 days 01:40:11.425000,STR,18,0 days 00:01:21.763000,47.0,3.0,,,0 days 00:00:23.736000,0 days 00:00:31.371000,0 days 00:00:26.656000,0 days 01:39:13.456000,0 days 01:39:44.827000,0 days 01:40:11.483000,274.0,186.0,294.0,293.0,False,SOFT,13.0,True,Racing Point,0 days 01:38:49.662000,,1,20.0,,,False,True
0 days 01:41:33.775000,STR,18,0 days 00:01:22.350000,48.0,3.0,,,0 days 00:00:23.918000,0 days 00:00:31.429000,0 days 00:00:27.003000,0 days 01:40:35.401000,0 days 01:41:06.830000,0 days 01:41:33.833000,269.0,186.0,292.0,298.0,False,SOFT,14.0,True,Racing Point,0 days 01:40:11.425000,,1,20.0,,,False,True
0 days 01:42:56.076000,STR,18,0 days 00:01:22.301000,49.0,3.0,,,0 days 00:00:23.832000,0 days 00:00:31.350000,0 days 00:00:27.119000,0 days 01:41:57.665000,0 days 01:42:29.015000,0 days 01:42:56.134000,270.0,188.0,293.0,298.0,False,SOFT,15.0,True,Racing Point,0 days 01:41:33.775000,,1,20.0,,,False,True
0 days 01:44:18.129000,STR,18,0 days 00:01:22.053000,50.0,3.0,,,0 days 00:00:23.839000,0 days 00:00:31.278000,0 days 00:00:26.936000,0 days 01:43:19.973000,0 days 01:43:51.251000,0 days 01:44:18.187000,270.0,187.0,293.0,294.0,False,SOFT,16.0,True,Racing Point,0 days 01:42:56.076000,,1,20.0,,,False,True
0 days 01:45:44.397000,STR,18,0 days 00:01:26.268000,51.0,3.0,,0 days 01:45:41.472000,0 days 00:00:23.746000,0 days 00:00:31.449000,0 days 00:00:31.073000,0 days 01:44:41.933000,0 days 01:45:13.382000,0 days 01:45:44.455000,270.0,182.0,,298.0,False,SOFT,17.0,True,Racing Point,0 days 01:44:18.129000,,1,20.0,,,False,False
