Time,Driver,DriverNumber,LapTime,LapNumber,Stint,PitOutTime,PitInTime,Sector1Time,Sector2Time,Sector3Time,Sector1SessionTime,Sector2SessionTime,Sector3SessionTime,SpeedI1,SpeedI2,SpeedFL,SpeedST,IsPersonalBest,Compound,TyreLife,FreshTyre,Team,LapStartTime,LapStartDate,TrackStatus,Position,Deleted,DeletedReason,FastF1Generated,IsAccurate
0 days 00:35:04.777000,GAS,10,0 days 00:01:41.865000,1.0,1.0,,,,0 days 00:00:40.714000,0 days 00:00:26.155000,,0 days 00:34:38.711000,0 days 00:35:04.893000,296.0,254.0,248.0,314.0,False,MEDIUM,1.0,True,AlphaTauri,0 days 00:33:22.751000,,1,11.0,,,False,False
0 days 00:37:17.393000,GAS,10,0 days 00:02:12.616000,2.0,1.0,,,0 days 00:00:45.915000,0 days 00:00:50.751000,0 days 00:00:35.950000,0 days 00:35:50.733000,0 days 00:36:41.484000,0 days 00:37:17.434000,127.0,225.0,123.0,268.0,True,MEDIUM,2.0,True,AlphaTauri,0 days 00:35:04.777000,,124,11.0,,,False,False
0 days 00:39:47.054000,GAS,10,0 days 00:02:29.661000,3.0,1.0,,,0 days 00:00:45.594000,0 days 00:01:02.264000,0 days 00:00:41.803000,0 days 00:38:03.028000,0 days 00:39:05.292000,0 days 00:39:47.095000,173.0,99.0,96.0,235.0,False,MEDIUM,3.0,True,AlphaTauri,0 days 00:37:17.393000,,4,11.0,,,False,False
0 days 00:42:20.990000,GAS,10,,4.0,1.0,,,0 days 00:00:48.141000,0 days 00:01:03.205000,0 days 00:00:42.634000,0 days 00:40:35.307000,0 days 00:41:38.470000,0 days 00:42:21.188000,225.0,177.0,84.0,224.0,False,MEDIUM,4.0,True,AlphaTauri,0 days 00:39:47.054000,,4,11.0,,,False,False
0 days 00:44:31.155000,GAS,10,0 days 00:02:10.165000,5.0,1.0,,,0 days 00:00:43.714000,0 days 00:00:54.216000,0 days 00:00:32.235000,0 days 00:43:04.745000,0 days 00:43:58.961000,0 days 00:44:31.196000,235.0,167.0,249.0,194.0,True,MEDIUM,5.0,True,AlphaTauri,0 days 00:42:20.990000,,41,11.0,,,False,False
0 days 00:46:06.531000,GAS,10,0 days 00:01:35.376000,6.0,1.0,,,0 days 00:00:30.426000,0 days 00:00:38.642000,0 days 00:00:26.308000,0 days 00:45:01.622000,0 days 00:45:40.264000,0 days 00:46:06.572000,290.0,249.0,250.0,307.0,True,MEDIUM,6.0,True,AlphaTauri,0 days 00:44:31.155000,,1,11.0,,,False,True
0 days 00:47:41.413000,GAS,10,0 days 00:01:34.882000,7.0,1.0,,,0 days 00:00:29.936000,0 days 00:00:38.747000,0 days 00:00:26.199000,0 days 00:46:36.508000,0 days 00:47:15.255000,0 days 00:47:41.454000,288.0,254.0,249.0,308.0,True,MEDIUM,7.0,True,AlphaTauri,0 days 00:46:06.531000,,1,11.0,,,False,True
0 days 00:49:14.904000,GAS,10,0 days 00:01:33.491000,8.0,1.0,,,0 days 00:00:29.430000,0 days 00:00:38.192000,0 days 00:00:25.869000,0 days 00:48:10.884000,0 days 00:48:49.076000,0 days 00:49:14.945000,314.0,256.0,249.0,334.0,True,MEDIUM,8.0,True,AlphaTauri,0 days 00:47:41.413000,,1,11.0,,,False,True
0 days 00:50:48.319000,GAS,10,0 days 00:01:33.415000,9.0,1.0,,,0 days 00:00:29.396000,0 days 00:00:38.177000,0 days 00:00:25.842000,0 days 00:49:44.341000,0 days 00:50:22.518000,0 days 00:50:48.360000,316.0,255.0,250.0,332.0,True,MEDIUM,9.0,True,AlphaTauri,0 days 00:49:14.904000,,1,11.0,,,False,True
0 days 00:52:21.947000,GAS,10,0 days 00:01:33.628000,10.0,1.0,,,0 days 00:00:29.548000,0 days 00:00:38.049000,0 days 00:00:26.031000,0 days 00:51:17.908000,0 days 00:51:55.957000,0 days 00:52:21.988000,315.0,258.0,247.0,332.0,False,MEDIUM,10.0,True,AlphaTauri,0 days 00:50:48.319000,,1,11.0,,,False,True
0 days 00:53:54.901000,GAS,10,0 days 00:01:32.954000,11.0,1.0,,,0 days 00:00:29.398000,0 days 00:00:38.056000,0 days 00:00:25.500000,0 days 00:52:51.386000,0 days 00:53:29.442000,0 days 00:53:54.942000,314.0,259.0,250.0,328.0,True,MEDIUM,11.0,True,AlphaTauri,0 days 00:52:21.947000,,1,11.0,,,False,True
0 days 00:55:35.547000,GAS,10,0 days 00:01:40.646000,12.0,1.0,,0 days 00:55:29.709000,0 days 00:00:29.450000,0 days 00:00:38.187000,0 days 00:00:33.009000,0 days 00:54:24.392000,0 days 00:55:02.579000,0 days 00:55:35.588000,318.0,260.0,,260.0,False,MEDIUM,12.0,True,AlphaTauri,0 days 00:53:54.901000,,124,11.0,,,False,False
0 days 00:58:03.273000,GAS,10,0 days 00:02:27.726000,13.0,2.0,0 days 00:55:59.125000,,0 days 00:01:00.094000,0 days 00:00:53.606000,0 days 00:00:34.026000,0 days 00:56:35.682000,0 days 00:57:29.288000,0 days 00:58:03.314000,153.0,228.0,238.0,158.0,False,HARD,1.0,True,AlphaTauri,0 days 00:55:35.547000,,4,13.0,,,False,False
0 days 01:00:11.545000,GAS,10,0 days 00:02:08.272000,14.0,2.0,,,0 days 00:00:37.871000,0 days 00:00:48.903000,0 days 00:00:41.498000,0 days 00:58:41.185000,0 days 00:59:30.088000,0 days 01:00:11.586000,187.0,224.0,134.0,201.0,False,HARD,2.0,True,AlphaTauri,0 days 00:58:03.273000,,4,13.0,,,False,False
0 days 01:02:43.140000,GAS,10,,15.0,2.0,,,0 days 00:00:45.795000,0 days 00:01:07.725000,0 days 00:00:38.053000,0 days 01:00:57.403000,0 days 01:02:05.205000,0 days 01:02:43.329000,200.0,135.0,118.0,238.0,False,HARD,3.0,True,AlphaTauri,0 days 01:00:11.545000,,4,13.0,,,False,False
0 days 01:05:23.235000,GAS,10,,16.0,2.0,,,0 days 00:00:49.892000,0 days 00:01:12.825000,0 days 00:00:37.386000,0 days 01:03:33.065000,0 days 01:04:45.927000,0 days 01:05:23.389000,234.0,100.0,99.0,240.0,False,HARD,4.0,True,AlphaTauri,0 days 01:02:43.140000,,4,13.0,,,False,False
0 days 01:07:56.262000,GAS,10,,17.0,2.0,,,0 days 00:00:44.363000,0 days 00:01:10.875000,0 days 00:00:37.801000,0 days 01:06:07.634000,0 days 01:07:18.612000,0 days 01:07:56.445000,230.0,64.0,102.0,252.0,False,HARD,5.0,True,AlphaTauri,0 days 01:05:23.235000,,4,13.0,,,False,False
0 days 01:10:07.733000,GAS,10,0 days 00:02:11.471000,18.0,2.0,,,0 days 00:00:43.087000,0 days 00:00:55.403000,0 days 00:00:32.981000,0 days 01:08:39.390000,0 days 01:09:34.793000,0 days 01:10:07.774000,240.0,197.0,250.0,199.0,False,HARD,6.0,True,AlphaTauri,0 days 01:07:56.262000,,41,13.0,,,False,False
0 days 01:11:43.725000,GAS,10,0 days 00:01:35.992000,19.0,2.0,,,0 days 00:00:30.583000,0 days 00:00:39.123000,0 days 00:00:26.286000,0 days 01:10:38.357000,0 days 01:11:17.480000,0 days 01:11:43.766000,297.0,255.0,250.0,304.0,False,HARD,7.0,True,AlphaTauri,0 days 01:10:07.733000,,1,13.0,,,False,True
0 days 01:13:17.723000,GAS,10,0 days 00:01:33.998000,20.0,2.0,,,0 days 00:00:29.704000,0 days 00:00:38.391000,0 days 00:00:25.903000,0 days 01:12:13.470000,0 days 01:12:51.861000,0 days 01:13:17.764000,293.0,256.0,250.0,308.0,False,HARD,8.0,True,AlphaTauri,0 days 01:11:43.725000,,1,13.0,,,False,True
0 days 01:14:50.498000,GAS,10,0 days 00:01:32.775000,21.0,2.0,,,0 days 00:00:29.416000,0 days 00:00:38.014000,0 days 00:00:25.345000,0 days 01:13:47.180000,0 days 01:14:25.194000,0 days 01:14:50.539000,318.0,261.0,251.0,329.0,True,HARD,9.0,True,AlphaTauri,0 days 01:13:17.723000,,1,13.0,,,False,True
0 days 01:16:23.084000,GAS,10,0 days 00:01:32.586000,22.0,2.0,,,0 days 00:00:29.258000,0 days 00:00:37.833000,0 days 00:00:25.495000,0 days 01:15:19.797000,0 days 01:15:57.630000,0 days 01:16:23.125000,320.0,257.0,252.0,326.0,True,HARD,10.0,True,AlphaTauri,0 days 01:14:50.498000,,1,13.0,,,False,True
0 days 01:17:55.380000,GAS,10,0 days 00:01:32.296000,23.0,2.0,,,0 days 00:00:29.221000,0 days 00:00:37.461000,0 days 00:00:25.614000,0 days 01:16:52.346000,0 days 01:17:29.807000,0 days 01:17:55.421000,319.0,262.0,251.0,332.0,True,HARD,11.0,True,AlphaTauri,0 days 01:16:23.084000,,1,13.0,,,False,True
0 days 01:19:27.442000,GAS,10,0 days 00:01:32.062000,24.0,2.0,,,0 days 00:00:29.217000,0 days 00:00:37.552000,0 days 00:00:25.293000,0 days 01:18:24.638000,0 days 01:19:02.190000,0 days 01:19:27.483000,308.0,261.0,250.0,330.0,True,HARD,12.0,True,AlphaTauri,0 days 01:17:55.380000,,1,13.0,,,False,True
0 days 01:20:59.648000,GAS,10,0 days 00:01:32.206000,25.0,2.0,,,0 days 00:00:29.266000,0 days 00:00:37.620000,0 days 00:00:25.320000,0 days 01:19:56.749000,0 days 01:20:34.369000,0 days 01:20:59.689000,316.0,262.0,252.0,335.0,False,HARD,13.0,True,AlphaTauri,0 days 01:19:27.442000,,1,13.0,,,False,True
0 days 01:22:31.808000,GAS,10,0 days 00:01:32.160000,26.0,2.0,,,0 days 00:00:29.327000,0 days 00:00:37.591000,0 days 00:00:25.242000,0 days 01:21:29.016000,0 days 01:22:06.607000,0 days 01:22:31.849000,311.0,260.0,253.0,332.0,False,HARD,14.0,True,AlphaTauri,0 days 01:20:59.648000,,1,13.0,,,False,True
0 days 01:24:04.205000,GAS,10,0 days 00:01:32.397000,27.0,2.0,,,0 days 00:00:29.051000,0 days 00:00:38.086000,0 days 00:00:25.260000,0 days 01:23:00.900000,0 days 01:23:38.986000,0 days 01:24:04.246000,336.0,262.0,252.0,329.0,False,HARD,15.0,True,AlphaTauri,0 days 01:22:31.808000,,1,13.0,,,False,True
0 days 01:25:36.377000,GAS,10,0 days 00:01:32.172000,28.0,2.0,,,0 days 00:00:29.144000,0 days 00:00:37.779000,0 days 00:00:25.249000,0 days 01:24:33.390000,0 days 01:25:11.169000,0 days 01:25:36.418000,323.0,262.0,253.0,326.0,False,HARD,16.0,True,AlphaTauri,0 days 01:24:04.205000,,1,13.0,,,False,True
0 days 01:27:08.428000,GAS,10,0 days 00:01:32.051000,29.0,2.0,,,0 days 00:00:29.465000,0 days 00:00:37.391000,0 days 00:00:25.195000,0 days 01:26:05.883000,0 days 01:26:43.274000,0 days 01:27:08.469000,320.0,262.0,253.0,327.0,True,HARD,17.0,True,AlphaTauri,0 days 01:25:36.377000,,1,13.0,,,False,True
0 days 01:28:39.724000,GAS,10,0 days 00:01:31.296000,30.0,2.0,,,0 days 00:00:29.156000,0 days 00:00:37.232000,0 days 00:00:24.908000,0 days 01:27:37.625000,0 days 01:28:14.857000,0 days 01:28:39.765000,318.0,263.0,253.0,329.0,True,HARD,18.0,True,AlphaTauri,0 days 01:27:08.428000,,1,12.0,,,False,True
0 days 01:30:11.670000,GAS,10,0 days 00:01:31.946000,31.0,2.0,,,0 days 00:00:29.456000,0 days 00:00:37.256000,0 days 00:00:25.234000,0 days 01:29:09.221000,0 days 01:29:46.477000,0 days 01:30:11.711000,292.0,258.0,252.0,298.0,False,HARD,19.0,True,AlphaTauri,0 days 01:28:39.724000,,1,12.0,,,False,True
0 days 01:31:42.923000,GAS,10,0 days 00:01:31.253000,32.0,2.0,,,0 days 00:00:29.214000,0 days 00:00:37.028000,0 days 00:00:25.011000,0 days 01:30:40.925000,0 days 01:31:17.953000,0 days 01:31:42.964000,294.0,258.0,253.0,304.0,True,HARD,20.0,True,AlphaTauri,0 days 01:30:11.670000,,1,12.0,,,False,True
0 days 01:33:14.374000,GAS,10,0 days 00:01:31.451000,33.0,2.0,,,0 days 00:00:29.262000,0 days 00:00:37.152000,0 days 00:00:25.037000,0 days 01:32:12.226000,0 days 01:32:49.378000,0 days 01:33:14.415000,290.0,260.0,252.0,324.0,False,HARD,21.0,True,AlphaTauri,0 days 01:31:42.923000,,1,12.0,,,False,True
0 days 01:34:45.504000,GAS,10,0 days 00:01:31.130000,34.0,2.0,,,0 days 00:00:29.067000,0 days 00:00:36.932000,0 days 00:00:25.131000,0 days 01:33:43.482000,0 days 01:34:20.414000,0 days 01:34:45.545000,293.0,258.0,252.0,306.0,True,HARD,22.0,True,AlphaTauri,0 days 01:33:14.374000,,1,12.0,,,False,True
0 days 01:36:17.240000,GAS,10,0 days 00:01:31.736000,35.0,2.0,,,0 days 00:00:29.279000,0 days 00:00:37.147000,0 days 00:00:25.310000,0 days 01:35:14.824000,0 days 01:35:51.971000,0 days 01:36:17.281000,293.0,257.0,252.0,298.0,False,HARD,23.0,True,AlphaTauri,0 days 01:34:45.504000,,1,12.0,,,False,True
0 days 01:37:48.347000,GAS,10,0 days 00:01:31.107000,36.0,2.0,,,0 days 00:00:29.192000,0 days 00:00:36.906000,0 days 00:00:25.009000,0 days 01:36:46.473000,0 days 01:37:23.379000,0 days 01:37:48.388000,293.0,263.0,254.0,324.0,True,HARD,24.0,True,AlphaTauri,0 days 01:36:17.240000,,1,12.0,,,False,True
0 days 01:39:19.431000,GAS,10,0 days 00:01:31.084000,37.0,2.0,,,0 days 00:00:29.016000,0 days 00:00:36.919000,0 days 00:00:25.149000,0 days 01:38:17.404000,0 days 01:38:54.323000,0 days 01:39:19.472000,308.0,265.0,251.0,331.0,True,HARD,25.0,True,AlphaTauri,0 days 01:37:48.347000,,1,10.0,,,False,True
0 days 01:40:50.535000,GAS,10,0 days 00:01:31.104000,38.0,2.0,,,0 days 00:00:29.295000,0 days 00:00:36.842000,0 days 00:00:24.967000,0 days 01:39:48.767000,0 days 01:40:25.609000,0 days 01:40:50.576000,289.0,257.0,251.0,295.0,True,HARD,26.0,True,AlphaTauri,0 days 01:39:19.431000,,1,10.0,,,False,True
0 days 01:42:21.340000,GAS,10,0 days 00:01:30.805000,39.0,2.0,,,0 days 00:00:29.100000,0 days 00:00:36.714000,0 days 00:00:24.991000,0 days 01:41:19.676000,0 days 01:41:56.390000,0 days 01:42:21.381000,291.0,258.0,252.0,297.0,True,HARD,27.0,True,AlphaTauri,0 days 01:40:50.535000,,1,10.0,,,False,True
0 days 01:43:51.759000,GAS,10,0 days 00:01:30.419000,40.0,2.0,,,0 days 00:00:28.889000,0 days 00:00:36.685000,0 days 00:00:24.845000,0 days 01:42:50.270000,0 days 01:43:26.955000,0 days 01:43:51.800000,291.0,261.0,253.0,297.0,True,HARD,28.0,True,AlphaTauri,0 days 01:42:21.340000,,1,10.0,,,False,True
0 days 01:45:22.078000,GAS,10,0 days 00:01:30.319000,41.0,2.0,,,0 days 00:00:28.820000,0 days 00:00:36.604000,0 days 00:00:24.895000,0 days 01:44:20.620000,0 days 01:44:57.224000,0 days 01:45:22.119000,290.0,262.0,254.0,297.0,True,HARD,29.0,True,AlphaTauri,0 days 01:43:51.759000,,1,10.0,,,False,True
0 days 01:46:52.438000,GAS,10,0 days 00:01:30.360000,42.0,2.0,,,0 days 00:00:28.900000,0 days 00:00:36.613000,0 days 00:00:24.847000,0 days 01:45:51.019000,0 days 01:46:27.632000,0 days 01:46:52.479000,292.0,263.0,254.0,300.0,False,HARD,30.0,True,AlphaTauri,0 days 01:45:22.078000,,1,10.0,,,False,True
0 days 01:48:22.873000,GAS,10,0 days 00:01:30.435000,43.0,2.0,,,0 days 00:00:29.114000,0 days 00:00:36.399000,0 days 00:00:24.922000,0 days 01:47:21.593000,0 days 01:47:57.992000,0 days 01:48:22.914000,291.0,262.0,254.0,297.0,False,HARD,31.0,True,AlphaTauri,0 days 01:46:52.438000,,1,10.0,,,False,True
0 days 01:49:53.371000,GAS,10,0 days 00:01:30.498000,44.0,2.0,,,0 days 00:00:29.050000,0 days 00:00:36.536000,0 days 00:00:24.912000,0 days 01:48:51.964000,0 days 01:49:28.500000,0 days 01:49:53.412000,286.0,258.0,255.0,292.0,False,HARD,32.0,True,AlphaTauri,0 days 01:48:22.873000,,1,10.0,,,False,True
0 days 01:51:23.976000,GAS,10,0 days 00:01:30.605000,45.0,2.0,,,0 days 00:00:29.144000,0 days 00:00:36.538000,0 days 00:00:24.923000,0 days 01:50:22.556000,0 days 01:50:59.094000,0 days 01:51:24.017000,282.0,258.0,255.0,290.0,False,HARD,33.0,True,AlphaTauri,0 days 01:49:53.371000,,1,10.0,,,False,True
0 days 01:52:54.511000,GAS,10,0 days 00:01:30.535000,46.0,2.0,,,0 days 00:00:29.108000,0 days 00:00:36.544000,0 days 00:00:24.883000,0 days 01:51:53.125000,0 days 01:52:29.669000,0 days 01:52:54.552000,284.0,258.0,255.0,288.0,False,HARD,34.0,True,AlphaTauri,0 days 01:51:23.976000,,1,10.0,,,False,True
0 days 01:54:24.700000,GAS,10,0 days 00:01:30.189000,47.0,2.0,,,0 days 00:00:29.007000,0 days 00:00:36.351000,0 days 00:00:24.831000,0 days 01:53:23.559000,0 days 01:53:59.910000,0 days 01:54:24.741000,285.0,259.0,255.0,296.0,True,HARD,35.0,True,AlphaTauri,0 days 01:52:54.511000,,1,10.0,,,False,True
0 days 01:55:55.275000,GAS,10,0 days 00:01:30.575000,48.0,2.0,,,0 days 00:00:28.863000,0 days 00:00:36.365000,0 days 00:00:25.347000,0 days 01:54:53.604000,0 days 01:55:29.969000,0 days 01:55:55.316000,305.0,263.0,251.0,329.0,False,HARD,36.0,True,AlphaTauri,0 days 01:54:24.700000,,12,10.0,,,False,True
0 days 01:57:25.599000,GAS,10,0 days 00:01:30.324000,49.0,2.0,,,0 days 00:00:29.186000,0 days 00:00:36.415000,0 days 00:00:24.723000,0 days 01:56:24.502000,0 days 01:57:00.917000,0 days 01:57:25.640000,285.0,260.0,256.0,298.0,False,HARD,37.0,True,AlphaTauri,0 days 01:55:55.275000,,1,9.0,,,False,True
0 days 01:58:55.774000,GAS,10,0 days 00:01:30.175000,50.0,2.0,,,0 days 00:00:28.931000,0 days 00:00:36.427000,0 days 00:00:24.817000,0 days 01:57:54.571000,0 days 01:58:30.998000,0 days 01:58:55.815000,289.0,256.0,256.0,300.0,True,HARD,38.0,True,AlphaTauri,0 days 01:57:25.599000,,1,9.0,,,False,True
0 days 02:00:25.738000,GAS,10,0 days 00:01:29.964000,51.0,2.0,,,0 days 00:00:28.916000,0 days 00:00:36.401000,0 days 00:00:24.647000,0 days 01:59:24.731000,0 days 02:00:01.132000,0 days 02:00:25.779000,288.0,261.0,254.0,305.0,True,HARD,39.0,True,AlphaTauri,0 days 01:58:55.774000,,1,8.0,,,False,True
0 days 02:01:55.341000,GAS,10,0 days 00:01:29.603000,52.0,2.0,,,0 days 00:00:28.943000,0 days 00:00:36.034000,0 days 00:00:24.626000,0 days 02:00:54.722000,0 days 02:01:30.756000,0 days 02:01:55.382000,289.0,259.0,254.0,300.0,True,HARD,40.0,True,AlphaTauri,0 days 02:00:25.738000,,1,7.0,,,False,True
0 days 00:35:00.816000,LEC,16,0 days 00:01:37.904000,1.0,1.0,,,,0 days 00:00:38.828000,0 days 00:00:25.762000,,0 days 00:34:35.138000,0 days 00:35:00.954000,311.0,252.0,250.0,306.0,False,MEDIUM,4.0,False,Ferrari,0 days 00:33:22.751000,,1,4.0,,,False,False
0 days 00:37:07.943000,LEC,16,0 days 00:02:07.127000,2.0,1.0,,,0 days 00:00:36.355000,0 days 00:00:52.888000,0 days 00:00:37.884000,0 days 00:35:37.184000,0 days 00:36:30.072000,0 days 00:37:07.956000,161.0,196.0,118.0,229.0,True,MEDIUM,5.0,False,Ferrari,0 days 00:35:00.816000,,124,4.0,,,False,False
0 days 00:39:37.411000,LEC,16,0 days 00:02:29.468000,3.0,1.0,,,0 days 00:00:47.581000,0 days 00:01:01.949000,0 days 00:00:39.938000,0 days 00:37:55.537000,0 days 00:38:57.486000,0 days 00:39:37.424000,128.0,165.0,81.0,241.0,False,MEDIUM,6.0,False,Ferrari,0 days 00:37:07.943000,,4,4.0,,,False,False
0 days 00:42:10.721000,LEC,16,,4.0,1.0,,,0 days 00:00:47.245000,0 days 00:01:04.747000,0 days 00:00:41.320000,0 days 00:40:24.667000,0 days 00:41:29.442000,0 days 00:42:10.945000,141.0,133.0,92.0,254.0,False,MEDIUM,7.0,False,Ferrari,0 days 00:39:37.411000,,4,4.0,,,False,False
0 days 00:44:28.901000,LEC,16,0 days 00:02:18.180000,5.0,1.0,,,0 days 00:00:43.207000,0 days 00:01:00.510000,0 days 00:00:34.463000,0 days 00:42:53.941000,0 days 00:43:54.451000,0 days 00:44:28.914000,253.0,184.0,245.0,234.0,False,MEDIUM,8.0,False,Ferrari,0 days 00:42:10.721000,,41,4.0,,,False,False
0 days 00:46:02.596000,LEC,16,0 days 00:01:33.695000,6.0,1.0,,,0 days 00:00:29.375000,0 days 00:00:37.620000,0 days 00:00:26.700000,0 days 00:44:58.289000,0 days 00:45:35.909000,0 days 00:46:02.609000,298.0,252.0,236.0,304.0,True,MEDIUM,9.0,False,Ferrari,0 days 00:44:28.901000,,1,4.0,,,False,True
0 days 00:47:35.546000,LEC,16,0 days 00:01:32.950000,7.0,1.0,,,0 days 00:00:29.472000,0 days 00:00:37.588000,0 days 00:00:25.890000,0 days 00:46:32.081000,0 days 00:47:09.669000,0 days 00:47:35.559000,288.0,251.0,248.0,295.0,True,MEDIUM,10.0,False,Ferrari,0 days 00:46:02.596000,,1,4.0,,,False,True
0 days 00:49:07.794000,LEC,16,0 days 00:01:32.248000,8.0,1.0,,,0 days 00:00:29.211000,0 days 00:00:37.503000,0 days 00:00:25.534000,0 days 00:48:04.770000,0 days 00:48:42.273000,0 days 00:49:07.807000,287.0,252.0,249.0,295.0,True,MEDIUM,11.0,False,Ferrari,0 days 00:47:35.546000,,1,4.0,,,False,True
0 days 00:50:40.313000,LEC,16,0 days 00:01:32.519000,9.0,1.0,,,0 days 00:00:29.259000,0 days 00:00:37.662000,0 days 00:00:25.598000,0 days 00:49:37.066000,0 days 00:50:14.728000,0 days 00:50:40.326000,293.0,252.0,248.0,300.0,False,MEDIUM,12.0,False,Ferrari,0 days 00:49:07.794000,,1,4.0,,,False,True
0 days 00:52:12.632000,LEC,16,0 days 00:01:32.319000,10.0,1.0,,,0 days 00:00:29.299000,0 days 00:00:37.520000,0 days 00:00:25.500000,0 days 00:51:09.625000,0 days 00:51:47.145000,0 days 00:52:12.645000,293.0,252.0,248.0,299.0,False,MEDIUM,13.0,False,Ferrari,0 days 00:50:40.313000,,1,4.0,,,False,True
0 days 00:53:44.815000,LEC,16,0 days 00:01:32.183000,11.0,1.0,,,0 days 00:00:29.340000,0 days 00:00:37.428000,0 days 00:00:25.415000,0 days 00:52:41.985000,0 days 00:53:19.413000,0 days 00:53:44.828000,294.0,254.0,248.0,301.0,True,MEDIUM,14.0,False,Ferrari,0 days 00:52:12.632000,,1,4.0,,,False,True
0 days 00:55:22.041000,LEC,16,0 days 00:01:37.226000,12.0,1.0,,,0 days 00:00:29.465000,0 days 00:00:37.462000,0 days 00:00:30.299000,0 days 00:54:14.293000,0 days 00:54:51.755000,0 days 00:55:22.054000,293.0,252.0,166.0,299.0,False,MEDIUM,15.0,False,Ferrari,0 days 00:53:44.815000,,124,4.0,,,False,False
0 days 00:57:28.345000,LEC,16,0 days 00:02:06.304000,13.0,1.0,,0 days 00:57:22.452000,0 days 00:00:40.168000,0 days 00:00:53.814000,0 days 00:00:32.322000,0 days 00:56:02.222000,0 days 00:56:56.036000,0 days 00:57:28.358000,225.0,161.0,,223.0,False,MEDIUM,16.0,False,Ferrari,0 days 00:55:22.041000,,4,4.0,,,False,False
0 days 00:59:59.918000,LEC,16,,14.0,2.0,0 days 00:57:51.976000,,0 days 00:00:58.988000,0 days 00:00:48.390000,0 days 00:00:44.186000,0 days 00:58:27.355000,0 days 00:59:15.799000,0 days 01:00:00.148000,168.0,210.0,114.0,214.0,False,HARD,1.0,True,Ferrari,0 days 00:57:28.345000,,4,4.0,,,False,False
0 days 01:02:31.242000,LEC,16,,15.0,2.0,,,0 days 00:00:44.749000,0 days 00:01:07.104000,0 days 00:00:39.470000,0 days 01:00:44.681000,0 days 01:01:51.822000,0 days 01:02:31.351000,196.0,206.0,174.0,238.0,False,HARD,2.0,True,Ferrari,0 days 00:59:59.918000,,4,4.0,,,False,False
0 days 01:05:09.076000,LEC,16,,16.0,2.0,,,0 days 00:00:50.247000,0 days 00:01:08.934000,0 days 00:00:38.668000,0 days 01:03:21.487000,0 days 01:04:30.487000,0 days 01:05:09.292000,156.0,204.0,140.0,262.0,False,HARD,3.0,True,Ferrari,0 days 01:02:31.242000,,4,4.0,,,False,False
0 days 01:07:43.243000,LEC,16,,17.0,2.0,,,0 days 00:00:46.543000,0 days 00:01:07.623000,0 days 00:00:39.990000,0 days 01:05:55.643000,0 days 01:07:03.269000,0 days 01:07:43.370000,170.0,139.0,134.0,219.0,False,HARD,4.0,True,Ferrari,0 days 01:05:09.076000,,4,4.0,,,False,False
0 days 01:10:04.735000,LEC,16,0 days 00:02:21.492000,18.0,2.0,,,0 days 00:00:42.695000,0 days 00:01:01.152000,0 days 00:00:37.645000,0 days 01:08:25.951000,0 days 01:09:27.103000,0 days 01:10:04.748000,253.0,193.0,232.0,218.0,False,HARD,5.0,True,Ferrari,0 days 01:07:43.243000,,41,4.0,,,False,False
0 days 01:11:38.349000,LEC,16,0 days 00:01:33.614000,19.0,2.0,,,0 days 00:00:30.016000,0 days 00:00:37.769000,0 days 00:00:25.829000,0 days 01:10:34.764000,0 days 01:11:12.533000,0 days 01:11:38.362000,296.0,253.0,249.0,299.0,False,HARD,6.0,True,Ferrari,0 days 01:10:04.735000,,1,4.0,,,False,True
0 days 01:13:10.685000,LEC,16,0 days 00:01:32.336000,20.0,2.0,,,0 days 00:00:29.276000,0 days 00:00:37.500000,0 days 00:00:25.560000,0 days 01:12:07.638000,0 days 01:12:45.138000,0 days 01:13:10.698000,286.0,252.0,250.0,297.0,False,HARD,7.0,True,Ferrari,0 days 01:11:38.349000,,1,4.0,,,False,True
0 days 01:14:42.551000,LEC,16,0 days 00:01:31.866000,21.0,2.0,,,0 days 00:00:29.195000,0 days 00:00:37.386000,0 days 00:00:25.285000,0 days 01:13:39.893000,0 days 01:14:17.279000,0 days 01:14:42.564000,292.0,254.0,250.0,305.0,True,HARD,8.0,True,Ferrari,0 days 01:13:10.685000,,1,4.0,,,False,True
0 days 01:16:13.969000,LEC,16,0 days 00:01:31.418000,22.0,2.0,,,0 days 00:00:29.056000,0 days 00:00:37.214000,0 days 00:00:25.148000,0 days 01:15:11.620000,0 days 01:15:48.834000,0 days 01:16:13.982000,294.0,254.0,250.0,301.0,True,HARD,9.0,True,Ferrari,0 days 01:14:42.551000,,1,4.0,,,False,True
0 days 01:17:45.516000,LEC,16,0 days 00:01:31.547000,23.0,2.0,,,0 days 00:00:29.160000,0 days 00:00:37.154000,0 days 00:00:25.233000,0 days 01:16:43.142000,0 days 01:17:20.296000,0 days 01:17:45.529000,294.0,253.0,251.0,300.0,False,HARD,10.0,True,Ferrari,0 days 01:16:13.969000,,1,4.0,,,False,True
0 days 01:19:17.413000,LEC,16,0 days 00:01:31.897000,24.0,2.0,,,0 days 00:00:29.303000,0 days 00:00:37.314000,0 days 00:00:25.280000,0 days 01:18:14.832000,0 days 01:18:52.146000,0 days 01:19:17.426000,292.0,254.0,250.0,303.0,False,HARD,11.0,True,Ferrari,0 days 01:17:45.516000,,1,4.0,,,False,True
0 days 01:20:48.834000,LEC,16,0 days 00:01:31.421000,25.0,2.0,,,0 days 00:00:29.273000,0 days 00:00:37.157000,0 days 00:00:24.991000,0 days 01:19:46.699000,0 days 01:20:23.856000,0 days 01:20:48.847000,292.0,255.0,251.0,304.0,False,HARD,12.0,True,Ferrari,0 days 01:19:17.413000,,1,4.0,,,False,True
0 days 01:22:20.297000,LEC,16,0 days 00:01:31.463000,26.0,2.0,,,0 days 00:00:29.079000,0 days 00:00:37.270000,0 days 00:00:25.114000,0 days 01:21:17.926000,0 days 01:21:55.196000,0 days 01:22:20.310000,293.0,255.0,251.0,304.0,False,HARD,13.0,True,Ferrari,0 days 01:20:48.834000,,1,4.0,,,False,True
0 days 01:23:51.886000,LEC,16,0 days 00:01:31.589000,27.0,2.0,,,0 days 00:00:29.137000,0 days 00:00:37.313000,0 days 00:00:25.139000,0 days 01:22:49.447000,0 days 01:23:26.760000,0 days 01:23:51.899000,293.0,255.0,250.0,302.0,False,HARD,14.0,True,Ferrari,0 days 01:22:20.297000,,1,4.0,,,False,True
0 days 01:25:23.264000,LEC,16,0 days 00:01:31.378000,28.0,2.0,,,0 days 00:00:29.088000,0 days 00:00:37.204000,0 days 00:00:25.086000,0 days 01:24:20.987000,0 days 01:24:58.191000,0 days 01:25:23.277000,294.0,256.0,252.0,304.0,True,HARD,15.0,True,Ferrari,0 days 01:23:51.886000,,1,4.0,,,False,True
0 days 01:26:54.712000,LEC,16,0 days 00:01:31.448000,29.0,2.0,,,0 days 00:00:29.047000,0 days 00:00:37.157000,0 days 00:00:25.244000,0 days 01:25:52.324000,0 days 01:26:29.481000,0 days 01:26:54.725000,293.0,257.0,251.0,302.0,False,HARD,16.0,True,Ferrari,0 days 01:25:23.264000,,1,4.0,,,False,True
0 days 01:28:26.034000,LEC,16,0 days 00:01:31.322000,30.0,2.0,,,0 days 00:00:29.105000,0 days 00:00:37.189000,0 days 00:00:25.028000,0 days 01:27:23.830000,0 days 01:28:01.019000,0 days 01:28:26.047000,294.0,257.0,252.0,302.0,True,HARD,17.0,True,Ferrari,0 days 01:26:54.712000,,1,4.0,,,False,True
0 days 01:29:57.678000,LEC,16,0 days 00:01:31.644000,31.0,2.0,,,0 days 00:00:28.973000,0 days 00:00:37.375000,0 days 00:00:25.296000,0 days 01:28:55.020000,0 days 01:29:32.395000,0 days 01:29:57.691000,292.0,257.0,248.0,302.0,False,HARD,18.0,True,Ferrari,0 days 01:28:26.034000,,1,4.0,,,False,True
0 days 01:31:28.927000,LEC,16,0 days 00:01:31.249000,32.0,2.0,,,0 days 00:00:29.032000,0 days 00:00:37.202000,0 days 00:00:25.015000,0 days 01:30:26.723000,0 days 01:31:03.925000,0 days 01:31:28.940000,294.0,257.0,251.0,303.0,True,HARD,19.0,True,Ferrari,0 days 01:29:57.678000,,1,4.0,,,False,True
0 days 01:33:00.128000,LEC,16,0 days 00:01:31.201000,33.0,2.0,,,0 days 00:00:29.049000,0 days 00:00:37.053000,0 days 00:00:25.099000,0 days 01:31:57.989000,0 days 01:32:35.042000,0 days 01:33:00.141000,292.0,256.0,252.0,301.0,True,HARD,20.0,True,Ferrari,0 days 01:31:28.927000,,1,4.0,,,False,True
0 days 01:34:31.135000,LEC,16,0 days 00:01:31.007000,34.0,2.0,,,0 days 00:00:28.941000,0 days 00:00:37.086000,0 days 00:00:24.980000,0 days 01:33:29.082000,0 days 01:34:06.168000,0 days 01:34:31.148000,292.0,257.0,252.0,303.0,True,HARD,21.0,True,Ferrari,0 days 01:33:00.128000,,1,4.0,,,False,True
0 days 01:36:02.942000,LEC,16,0 days 00:01:31.807000,35.0,2.0,,,0 days 00:00:29.358000,0 days 00:00:37.363000,0 days 00:00:25.086000,0 days 01:35:00.506000,0 days 01:35:37.869000,0 days 01:36:02.955000,290.0,255.0,251.0,300.0,False,HARD,22.0,True,Ferrari,0 days 01:34:31.135000,,1,4.0,,,False,True
0 days 01:37:34.136000,LEC,16,0 days 00:01:31.194000,36.0,2.0,,,0 days 00:00:29.034000,0 days 00:00:36.960000,0 days 00:00:25.200000,0 days 01:36:31.989000,0 days 01:37:08.949000,0 days 01:37:34.149000,293.0,256.0,253.0,300.0,False,HARD,23.0,True,Ferrari,0 days 01:36:02.942000,,1,4.0,,,False,True
0 days 01:39:05.066000,LEC,16,0 days 00:01:30.930000,37.0,2.0,,,0 days 00:00:29.016000,0 days 00:00:36.897000,0 days 00:00:25.017000,0 days 01:38:03.165000,0 days 01:38:40.062000,0 days 01:39:05.079000,294.0,256.0,251.0,301.0,True,HARD,24.0,True,Ferrari,0 days 01:37:34.136000,,1,4.0,,,False,True
0 days 01:40:35.856000,LEC,16,0 days 00:01:30.790000,38.0,2.0,,,0 days 00:00:29.001000,0 days 00:00:36.866000,0 days 00:00:24.923000,0 days 01:39:34.080000,0 days 01:40:10.946000,0 days 01:40:35.869000,295.0,256.0,253.0,301.0,True,HARD,25.0,True,Ferrari,0 days 01:39:05.066000,,1,4.0,,,False,True
0 days 01:42:06.316000,LEC,16,0 days 00:01:30.460000,39.0,2.0,,,0 days 00:00:28.834000,0 days 00:00:36.787000,0 days 00:00:24.839000,0 days 01:41:04.703000,0 days 01:41:41.490000,0 days 01:42:06.329000,297.0,257.0,253.0,303.0,True,HARD,26.0,True,Ferrari,0 days 01:40:35.856000,,1,4.0,,,False,True
0 days 01:43:36.912000,LEC,16,0 days 00:01:30.596000,40.0,2.0,,,0 days 00:00:28.841000,0 days 00:00:36.817000,0 days 00:00:24.938000,0 days 01:42:35.170000,0 days 01:43:11.987000,0 days 01:43:36.925000,295.0,257.0,251.0,303.0,False,HARD,27.0,True,Ferrari,0 days 01:42:06.316000,,1,4.0,,,False,True
0 days 01:45:07.016000,LEC,16,0 days 00:01:30.104000,41.0,2.0,,,0 days 00:00:28.694000,0 days 00:00:36.634000,0 days 00:00:24.776000,0 days 01:44:05.619000,0 days 01:44:42.253000,0 days 01:45:07.029000,297.0,259.0,253.0,304.0,True,HARD,28.0,True,Ferrari,0 days 01:43:36.912000,,1,4.0,,,False,True
0 days 01:46:37.235000,LEC,16,0 days 00:01:30.219000,42.0,2.0,,,0 days 00:00:28.784000,0 days 00:00:36.645000,0 days 00:00:24.790000,0 days 01:45:35.813000,0 days 01:46:12.458000,0 days 01:46:37.248000,294.0,258.0,252.0,303.0,False,HARD,29.0,True,Ferrari,0 days 01:45:07.016000,,1,4.0,,,False,True
0 days 01:48:07.747000,LEC,16,0 days 00:01:30.512000,43.0,2.0,,,0 days 00:00:29.107000,0 days 00:00:36.572000,0 days 00:00:24.833000,0 days 01:47:06.355000,0 days 01:47:42.927000,0 days 01:48:07.760000,295.0,258.0,252.0,302.0,False,HARD,30.0,True,Ferrari,0 days 01:46:37.235000,,1,4.0,,,False,True
0 days 01:49:38.059000,LEC,16,0 days 00:01:30.312000,44.0,2.0,,,0 days 00:00:28.944000,0 days 00:00:36.515000,0 days 00:00:24.853000,0 days 01:48:36.704000,0 days 01:49:13.219000,0 days 01:49:38.072000,292.0,258.0,252.0,303.0,False,HARD,31.0,True,Ferrari,0 days 01:48:07.747000,,1,4.0,,,False,True
0 days 01:51:08.255000,LEC,16,0 days 00:01:30.196000,45.0,2.0,,,0 days 00:00:28.877000,0 days 00:00:36.477000,0 days 00:00:24.842000,0 days 01:50:06.949000,0 days 01:50:43.426000,0 days 01:51:08.268000,292.0,256.0,253.0,302.0,False,HARD,32.0,True,Ferrari,0 days 01:49:38.059000,,1,4.0,,,False,True
0 days 01:52:38.236000,LEC,16,0 days 00:01:29.981000,46.0,2.0,,,0 days 00:00:28.939000,0 days 00:00:36.363000,0 days 00:00:24.679000,0 days 01:51:37.207000,0 days 01:52:13.570000,0 days 01:52:38.249000,291.0,259.0,252.0,301.0,True,HARD,33.0,True,Ferrari,0 days 01:51:08.255000,,1,4.0,,,False,True
0 days 01:54:08.304000,LEC,16,0 days 00:01:30.068000,47.0,2.0,,,0 days 00:00:28.896000,0 days 00:00:36.525000,0 days 00:00:24.647000,0 days 01:53:07.145000,0 days 01:53:43.670000,0 days 01:54:08.317000,292.0,257.0,254.0,303.0,False,HARD,34.0,True,Ferrari,0 days 01:52:38.236000,,1,4.0,,,False,True
0 days 01:55:39.144000,LEC,16,0 days 00:01:30.840000,48.0,2.0,,,0 days 00:00:28.818000,0 days 00:00:37.138000,0 days 00:00:24.884000,0 days 01:54:37.135000,0 days 01:55:14.273000,0 days 01:55:39.157000,292.0,253.0,253.0,303.0,False,HARD,35.0,True,Ferrari,0 days 01:54:08.304000,,12,4.0,,,False,True
0 days 01:57:08.957000,LEC,16,0 days 00:01:29.813000,49.0,2.0,,,0 days 00:00:28.805000,0 days 00:00:36.359000,0 days 00:00:24.649000,0 days 01:56:07.962000,0 days 01:56:44.321000,0 days 01:57:08.970000,293.0,257.0,252.0,304.0,True,HARD,36.0,True,Ferrari,0 days 01:55:39.144000,,1,4.0,,,False,True
0 days 01:58:39.720000,LEC,16,0 days 00:01:30.763000,50.0,2.0,,,0 days 00:00:29.026000,0 days 00:00:36.805000,0 days 00:00:24.932000,0 days 01:57:37.996000,0 days 01:58:14.801000,0 days 01:58:39.733000,295.0,257.0,254.0,304.0,False,HARD,37.0,True,Ferrari,0 days 01:57:08.957000,,1,3.0,,,False,True
0 days 02:00:10.167000,LEC,16,0 days 00:01:30.447000,51.0,2.0,,,0 days 00:00:28.868000,0 days 00:00:36.637000,0 days 00:00:24.942000,0 days 01:59:08.601000,0 days 01:59:45.238000,0 days 02:00:10.180000,292.0,257.0,252.0,304.0,False,HARD,38.0,True,Ferrari,0 days 01:58:39.720000,,1,3.0,,,False,True
0 days 02:01:42.673000,LEC,16,0 days 00:01:32.506000,52.0,2.0,,,0 days 00:00:29.245000,0 days 00:00:37.510000,0 days 00:00:25.751000,0 days 02:00:39.425000,0 days 02:01:16.935000,0 days 02:01:42.686000,296.0,256.0,238.0,304.0,False,HARD,39.0,True,Ferrari,0 days 02:00:10.167000,,1,3.0,,,False,True
0 days 00:35:03.388000,STR,18,0 days 00:01:40.476000,1.0,1.0,,,,0 days 00:00:40.480000,0 days 00:00:26.425000,,0 days 00:34:37.026000,0 days 00:35:03.507000,300.0,256.0,248.0,307.0,False,MEDIUM,4.0,False,Racing Point,0 days 00:33:22.751000,,1,8.0,,,False,False
0 days 00:37:13.674000,STR,18,0 days 00:02:10.286000,2.0,1.0,,,0 days 00:00:43.124000,0 days 00:00:50.945000,0 days 00:00:36.217000,0 days 00:35:46.559000,0 days 00:36:37.504000,0 days 00:37:13.721000,166.0,232.0,135.0,267.0,True,MEDIUM,5.0,False,Racing Point,0 days 00:35:03.388000,,124,8.0,,,False,False
0 days 00:39:42.945000,STR,18,0 days 00:02:29.271000,3.0,1.0,,,0 days 00:00:45.721000,0 days 00:01:02.758000,0 days 00:00:40.792000,0 days 00:37:59.442000,0 days 00:39:02.200000,0 days 00:39:42.992000,189.0,111.0,69.0,250.0,False,MEDIUM,6.0,False,Racing Point,0 days 00:37:13.674000,,4,8.0,,,False,False
0 days 00:42:17.777000,STR,18,,4.0,1.0,,,0 days 00:00:46.582000,,,0 days 00:40:29.578000,,,122.0,111.0,99.0,217.0,False,MEDIUM,7.0,False,Racing Point,0 days 00:39:42.945000,,4,8.0,,,False,False
0 days 00:44:30.092000,STR,18,0 days 00:02:12.315000,5.0,1.0,,,0 days 00:00:41.070000,0 days 00:00:58.429000,0 days 00:00:32.816000,0 days 00:42:58.894000,0 days 00:43:57.323000,0 days 00:44:30.139000,156.0,189.0,249.0,201.0,False,MEDIUM,8.0,False,Racing Point,0 days 00:42:17.777000,,41,8.0,,,False,False
0 days 00:46:05.055000,STR,18,0 days 00:01:34.963000,6.0,1.0,,,0 days 00:00:30.342000,0 days 00:00:38.505000,0 days 00:00:26.116000,0 days 00:45:00.481000,0 days 00:45:38.986000,0 days 00:46:05.102000,295.0,251.0,250.0,301.0,True,MEDIUM,9.0,False,Racing Point,0 days 00:44:30.092000,,1,8.0,,,False,True
0 days 00:47:39.316000,STR,18,0 days 00:01:34.261000,7.0,1.0,,,0 days 00:00:29.859000,0 days 00:00:38.228000,0 days 00:00:26.174000,0 days 00:46:34.961000,0 days 00:47:13.189000,0 days 00:47:39.363000,281.0,255.0,251.0,290.0,True,MEDIUM,10.0,False,Racing Point,0 days 00:46:05.055000,,1,8.0,,,False,True
0 days 00:49:12.424000,STR,18,0 days 00:01:33.108000,8.0,1.0,,,0 days 00:00:29.445000,0 days 00:00:37.884000,0 days 00:00:25.779000,0 days 00:48:08.808000,0 days 00:48:46.692000,0 days 00:49:12.471000,297.0,258.0,250.0,311.0,True,MEDIUM,11.0,False,Racing Point,0 days 00:47:39.316000,,1,8.0,,,False,True
0 days 00:50:45.823000,STR,18,0 days 00:01:33.399000,9.0,1.0,,,0 days 00:00:29.455000,0 days 00:00:37.967000,0 days 00:00:25.977000,0 days 00:49:41.926000,0 days 00:50:19.893000,0 days 00:50:45.870000,301.0,256.0,250.0,328.0,False,MEDIUM,12.0,False,Racing Point,0 days 00:49:12.424000,,1,8.0,,,False,True
0 days 00:52:18.963000,STR,18,0 days 00:01:33.140000,10.0,1.0,,,0 days 00:00:29.440000,0 days 00:00:37.999000,0 days 00:00:25.701000,0 days 00:51:15.310000,0 days 00:51:53.309000,0 days 00:52:19.010000,300.0,256.0,249.0,312.0,False,MEDIUM,13.0,False,Racing Point,0 days 00:50:45.823000,,1,8.0,,,False,True
0 days 00:53:51.763000,STR,18,0 days 00:01:32.800000,11.0,1.0,,,0 days 00:00:29.464000,0 days 00:00:37.537000,0 days 00:00:25.799000,0 days 00:52:48.474000,0 days 00:53:26.011000,0 days 00:53:51.810000,300.0,260.0,250.0,329.0,True,MEDIUM,14.0,False,Racing Point,0 days 00:52:18.963000,,1,8.0,,,False,True
0 days 00:55:32.849000,STR,18,0 days 00:01:41.086000,12.0,1.0,,,0 days 00:00:29.596000,0 days 00:00:37.753000,0 days 00:00:33.737000,0 days 00:54:21.406000,0 days 00:54:59.159000,0 days 00:55:32.896000,297.0,261.0,168.0,326.0,False,MEDIUM,15.0,False,Racing Point,0 days 00:53:51.763000,,124,8.0,,,False,False
0 days 00:57:38.628000,STR,18,0 days 00:02:05.779000,13.0,1.0,,0 days 00:57:32.716000,0 days 00:00:40.545000,0 days 00:00:53.448000,0 days 00:00:31.786000,0 days 00:56:13.441000,0 days 00:57:06.889000,0 days 00:57:38.675000,196.0,224.0,,154.0,False,MEDIUM,16.0,False,Racing Point,0 days 00:55:32.849000,,4,6.0,,,False,False
0 days 01:00:07.165000,STR,18,0 days 00:02:28.537000,14.0,2.0,0 days 00:58:01.456000,,0 days 00:00:57.894000,0 days 00:00:48.006000,0 days 00:00:42.637000,0 days 00:58:36.569000,0 days 00:59:24.575000,0 days 01:00:07.212000,197.0,234.0,173.0,233.0,False,HARD,1.0,True,Racing Point,0 days 00:57:38.628000,,4,9.0,,,False,False
0 days 01:02:38.167000,STR,18,,15.0,2.0,,,0 days 00:00:44.165000,0 days 00:01:09.471000,0 days 00:00:37.344000,0 days 01:00:51.399000,0 days 01:02:00.876000,0 days 01:02:38.341000,172.0,173.0,182.0,266.0,False,HARD,2.0,True,Racing Point,0 days 01:00:07.165000,,4,9.0,,,False,False
0 days 01:05:18.531000,STR,18,,16.0,2.0,,,0 days 00:00:48.367000,0 days 00:01:14.181000,0 days 00:00:37.837000,0 days 01:03:26.560000,0 days 01:04:40.760000,0 days 01:05:18.668000,128.0,179.0,79.0,265.0,False,HARD,3.0,True,Racing Point,0 days 01:02:38.167000,,4,9.0,,,False,False
0 days 01:07:51.480000,STR,18,,17.0,2.0,,,0 days 00:00:43.588000,0 days 00:01:12.178000,0 days 00:00:37.168000,0 days 01:06:02.181000,0 days 01:07:14.652000,0 days 01:07:51.659000,158.0,66.0,87.0,262.0,False,HARD,4.0,True,Racing Point,0 days 01:05:18.531000,,4,9.0,,,False,False
0 days 01:10:06.298000,STR,18,0 days 00:02:14.818000,18.0,2.0,,,0 days 00:00:42.032000,0 days 00:00:57.372000,0 days 00:00:35.414000,0 days 01:08:33.559000,0 days 01:09:30.931000,0 days 01:10:06.345000,259.0,209.0,248.0,213.0,False,HARD,5.0,True,Racing Point,0 days 01:07:51.480000,,41,9.0,,,False,False
0 days 01:11:41.383000,STR,18,0 days 00:01:35.085000,19.0,2.0,,,0 days 00:00:29.894000,0 days 00:00:39.217000,0 days 00:00:25.974000,0 days 01:10:36.239000,0 days 01:11:15.456000,0 days 01:11:41.430000,310.0,252.0,253.0,303.0,False,HARD,6.0,True,Racing Point,0 days 01:10:06.298000,,1,9.0,,,False,True
0 days 01:13:14.933000,STR,18,0 days 00:01:33.550000,20.0,2.0,,,0 days 00:00:29.772000,0 days 00:00:38.011000,0 days 00:00:25.767000,0 days 01:12:11.202000,0 days 01:12:49.213000,0 days 01:13:14.980000,298.0,256.0,251.0,300.0,False,HARD,7.0,True,Racing Point,0 days 01:11:41.383000,,1,9.0,,,False,True
0 days 01:14:47.519000,STR,18,0 days 00:01:32.586000,21.0,2.0,,,0 days 00:00:29.340000,0 days 00:00:37.688000,0 days 00:00:25.558000,0 days 01:13:44.320000,0 days 01:14:22.008000,0 days 01:14:47.566000,309.0,262.0,252.0,336.0,True,HARD,8.0,True,Racing Point,0 days 01:13:14.933000,,1,9.0,,,False,True
0 days 01:16:19.725000,STR,18,0 days 00:01:32.206000,22.0,2.0,,,0 days 00:00:29.238000,0 days 00:00:37.407000,0 days 00:00:25.561000,0 days 01:15:16.804000,0 days 01:15:54.211000,0 days 01:16:19.772000,307.0,261.0,252.0,323.0,True,HARD,9.0,True,Racing Point,0 days 01:14:47.519000,,1,9.0,,,False,True
0 days 01:17:52.023000,STR,18,0 days 00:01:32.298000,23.0,2.0,,,0 days 00:00:29.228000,0 days 00:00:37.589000,0 days 00:00:25.481000,0 days 01:16:49,0 days 01:17:26.589000,0 days 01:17:52.070000,306.0,260.0,251.0,315.0,False,HARD,10.0,True,Racing Point,0 days 01:16:19.725000,,1,9.0,,,False,True
0 days 01:19:24.343000,STR,18,0 days 00:01:32.320000,24.0,2.0,,,0 days 00:00:29.467000,0 days 00:00:37.383000,0 days 00:00:25.470000,0 days 01:18:21.537000,0 days 01:18:58.920000,0 days 01:19:24.390000,310.0,259.0,249.0,321.0,False,HARD,11.0,True,Racing Point,0 days 01:17:52.023000,,1,9.0,,,False,True
0 days 01:20:56.909000,STR,18,0 days 00:01:32.566000,25.0,2.0,,,0 days 00:00:29.639000,0 days 00:00:37.574000,0 days 00:00:25.353000,0 days 01:19:54.029000,0 days 01:20:31.603000,0 days 01:20:56.956000,309.0,259.0,252.0,318.0,False,HARD,12.0,True,Racing Point,0 days 01:19:24.343000,,1,9.0,,,False,True
0 days 01:22:29.642000,STR,18,0 days 00:01:32.733000,26.0,2.0,,,0 days 00:00:29.223000,0 days 00:00:37.987000,0 days 00:00:25.523000,0 days 01:21:26.179000,0 days 01:22:04.166000,0 days 01:22:29.689000,305.0,244.0,252.0,317.0,False,HARD,13.0,True,Racing Point,0 days 01:20:56.909000,,1,9.0,,,False,True
0 days 01:24:01.406000,STR,18,0 days 00:01:31.764000,27.0,2.0,,,0 days 00:00:29.248000,0 days 00:00:37.211000,0 days 00:00:25.305000,0 days 01:22:58.937000,0 days 01:23:36.148000,0 days 01:24:01.453000,303.0,260.0,252.0,313.0,True,HARD,14.0,True,Racing Point,0 days 01:22:29.642000,,1,9.0,,,False,True
0 days 01:25:33.222000,STR,18,0 days 00:01:31.816000,28.0,2.0,,,0 days 00:00:29.196000,0 days 00:00:37.210000,0 days 00:00:25.410000,0 days 01:24:30.649000,0 days 01:25:07.859000,0 days 01:25:33.269000,311.0,263.0,250.0,317.0,False,HARD,15.0,True,Racing Point,0 days 01:24:01.406000,,1,9.0,,,False,True
0 days 01:27:04.914000,STR,18,0 days 00:01:31.692000,29.0,2.0,,,0 days 00:00:29.166000,0 days 00:00:37.122000,0 days 00:00:25.404000,0 days 01:26:02.435000,0 days 01:26:39.557000,0 days 01:27:04.961000,309.0,260.0,251.0,311.0,True,HARD,16.0,True,Racing Point,0 days 01:25:33.222000,,1,9.0,,,False,True
0 days 01:28:36.355000,STR,18,0 days 00:01:31.441000,30.0,2.0,,,0 days 00:00:29.133000,0 days 00:00:37.203000,0 days 00:00:25.105000,0 days 01:27:34.094000,0 days 01:28:11.297000,0 days 01:28:36.402000,310.0,262.0,252.0,320.0,True,HARD,17.0,True,Racing Point,0 days 01:27:04.914000,,1,9.0,,,False,True
0 days 01:30:07.773000,STR,18,0 days 00:01:31.418000,31.0,2.0,,,0 days 00:00:29.095000,0 days 00:00:37.154000,0 days 00:00:25.169000,0 days 01:29:05.497000,0 days 01:29:42.651000,0 days 01:30:07.820000,310.0,263.0,253.0,315.0,True,HARD,18.0,True,Racing Point,0 days 01:28:36.355000,,1,9.0,,,False,True
0 days 01:31:39.164000,STR,18,0 days 00:01:31.391000,32.0,2.0,,,0 days 00:00:28.906000,0 days 00:00:37.264000,0 days 00:00:25.221000,0 days 01:30:36.726000,0 days 01:31:13.990000,0 days 01:31:39.211000,312.0,263.0,253.0,325.0,True,HARD,19.0,True,Racing Point,0 days 01:30:07.773000,,1,9.0,,,False,True
0 days 01:33:10.369000,STR,18,0 days 00:01:31.205000,33.0,2.0,,,0 days 00:00:29.109000,0 days 00:00:37.033000,0 days 00:00:25.063000,0 days 01:32:08.320000,0 days 01:32:45.353000,0 days 01:33:10.416000,309.0,261.0,252.0,319.0,True,HARD,20.0,True,Racing Point,0 days 01:31:39.164000,,1,9.0,,,False,True
0 days 01:34:41.511000,STR,18,0 days 00:01:31.142000,34.0,2.0,,,0 days 00:00:29.061000,0 days 00:00:37.010000,0 days 00:00:25.071000,0 days 01:33:39.477000,0 days 01:34:16.487000,0 days 01:34:41.558000,308.0,260.0,251.0,322.0,True,HARD,21.0,True,Racing Point,0 days 01:33:10.369000,,1,9.0,,,False,True
0 days 01:36:12.973000,STR,18,0 days 00:01:31.462000,35.0,2.0,,,0 days 00:00:29.066000,0 days 00:00:37.123000,0 days 00:00:25.273000,0 days 01:35:10.624000,0 days 01:35:47.747000,0 days 01:36:13.020000,309.0,260.0,251.0,312.0,False,HARD,22.0,True,Racing Point,0 days 01:34:41.511000,,1,9.0,,,False,True
0 days 01:37:44.197000,STR,18,0 days 00:01:31.224000,36.0,2.0,,,0 days 00:00:29.129000,0 days 00:00:37.613000,0 days 00:00:24.482000,0 days 01:36:42.149000,0 days 01:37:19.762000,0 days 01:37:44.244000,307.0,263.0,253.0,328.0,False,HARD,23.0,True,Racing Point,0 days 01:36:12.973000,,1,8.0,,,False,True
0 days 01:39:16.069000,STR,18,0 days 00:01:31.872000,37.0,2.0,,,0 days 00:00:30.007000,0 days 00:00:36.750000,0 days 00:00:25.115000,0 days 01:38:14.251000,0 days 01:38:51.001000,0 days 01:39:16.116000,279.0,258.0,252.0,296.0,False,HARD,24.0,True,Racing Point,0 days 01:37:44.197000,,1,8.0,,,False,True
0 days 01:40:46.711000,STR,18,0 days 00:01:30.642000,38.0,2.0,,,0 days 00:00:29.083000,0 days 00:00:36.570000,0 days 00:00:24.989000,0 days 01:39:45.199000,0 days 01:40:21.769000,0 days 01:40:46.758000,294.0,257.0,250.0,298.0,True,HARD,25.0,True,Racing Point,0 days 01:39:16.069000,,1,8.0,,,False,True
0 days 01:42:17.453000,STR,18,0 days 00:01:30.742000,39.0,2.0,,,0 days 00:00:29.120000,0 days 00:00:36.375000,0 days 00:00:25.247000,0 days 01:41:15.878000,0 days 01:41:52.253000,0 days 01:42:17.500000,292.0,258.0,250.0,285.0,False,HARD,26.0,True,Racing Point,0 days 01:40:46.711000,,1,8.0,,,False,True
0 days 01:43:48.261000,STR,18,0 days 00:01:30.808000,40.0,2.0,,,0 days 00:00:28.997000,0 days 00:00:36.458000,0 days 00:00:25.353000,0 days 01:42:46.497000,0 days 01:43:22.955000,0 days 01:43:48.308000,295.0,259.0,251.0,289.0,False,HARD,27.0,True,Racing Point,0 days 01:42:17.453000,,1,8.0,,,False,True
0 days 01:45:18.989000,STR,18,0 days 00:01:30.728000,41.0,2.0,,,0 days 00:00:29.006000,0 days 00:00:36.501000,0 days 00:00:25.221000,0 days 01:44:17.314000,0 days 01:44:53.815000,0 days 01:45:19.036000,296.0,259.0,250.0,292.0,False,HARD,28.0,True,Racing Point,0 days 01:43:48.261000,,1,8.0,,,False,True
0 days 01:46:49.711000,STR,18,0 days 00:01:30.722000,42.0,2.0,,,0 days 00:00:29.115000,0 days 00:00:36.574000,0 days 00:00:25.033000,0 days 01:45:48.151000,0 days 01:46:24.725000,0 days 01:46:49.758000,282.0,262.0,250.0,298.0,False,HARD,29.0,True,Racing Point,0 days 01:45:18.989000,,1,8.0,,,False,True
0 days 01:48:20.476000,STR,18,0 days 00:01:30.765000,43.0,2.0,,,0 days 00:00:29.223000,0 days 00:00:36.478000,0 days 00:00:25.064000,0 days 01:47:18.981000,0 days 01:47:55.459000,0 days 01:48:20.523000,283.0,260.0,250.0,298.0,False,HARD,30.0,True,Racing Point,0 days 01:46:49.711000,,1,8.0,,,False,True
0 days 01:49:50.951000,STR,18,0 days 00:01:30.475000,44.0,2.0,,,0 days 00:00:29.179000,0 days 00:00:36.298000,0 days 00:00:24.998000,0 days 01:48:49.702000,0 days 01:49:26,0 days 01:49:50.998000,279.0,258.0,251.0,297.0,True,HARD,31.0,True,Racing Point,0 days 01:48:20.476000,,1,8.0,,,False,True
0 days 01:51:21.590000,STR,18,0 days 00:01:30.639000,45.0,2.0,,,0 days 00:00:29.232000,0 days 00:00:36.305000,0 days 00:00:25.102000,0 days 01:50:20.230000,0 days 01:50:56.535000,0 days 01:51:21.637000,279.0,258.0,251.0,297.0,False,HARD,32.0,True,Racing Point,0 days 01:49:50.951000,,1,8.0,,,False,True
0 days 01:52:52.995000,STR,18,0 days 00:01:31.405000,46.0,2.0,,,0 days 00:00:29.373000,0 days 00:00:36.846000,0 days 00:00:25.186000,0 days 01:51:51.010000,0 days 01:52:27.856000,0 days 01:52:53.042000,290.0,262.0,251.0,321.0,False,HARD,33.0,True,Racing Point,0 days 01:51:21.590000,,1,9.0,,,False,True
0 days 01:54:23.829000,STR,18,0 days 00:01:30.834000,47.0,2.0,,,0 days 00:00:29.327000,0 days 00:00:36.441000,0 days 00:00:25.066000,0 days 01:53:22.369000,0 days 01:53:58.810000,0 days 01:54:23.876000,281.0,257.0,252.0,288.0,False,HARD,34.0,True,Racing Point,0 days 01:52:52.995000,,1,9.0,,,False,True
0 days 01:55:55.158000,STR,18,0 days 00:01:31.329000,48.0,2.0,,,0 days 00:00:29.178000,0 days 00:00:36.340000,0 days 00:00:25.811000,0 days 01:54:53.054000,0 days 01:55:29.394000,0 days 01:55:55.205000,283.0,256.0,248.0,292.0,False,HARD,35.0,True,Racing Point,0 days 01:54:23.829000,,12,9.0,,,False,True
0 days 01:57:27.311000,STR,18,0 days 00:01:32.153000,49.0,2.0,,,0 days 00:00:30.194000,0 days 00:00:36.833000,0 days 00:00:25.126000,0 days 01:56:25.399000,0 days 01:57:02.232000,0 days 01:57:27.358000,303.0,259.0,252.0,297.0,False,HARD,36.0,True,Racing Point,0 days 01:55:55.158000,,1,10.0,,,False,True
0 days 01:58:58.083000,STR,18,0 days 00:01:30.772000,50.0,2.0,,,0 days 00:00:29.266000,0 days 00:00:36.452000,0 days 00:00:25.054000,0 days 01:57:56.624000,0 days 01:58:33.076000,0 days 01:58:58.130000,284.0,258.0,253.0,291.0,False,HARD,37.0,True,Racing Point,0 days 01:57:27.311000,,1,10.0,,,False,True
0 days 02:00:29.763000,STR,18,0 days 00:01:31.680000,51.0,2.0,,,0 days 00:00:29.165000,0 days 00:00:37.540000,0 days 00:00:24.975000,0 days 01:59:27.295000,0 days 02:00:04.835000,0 days 02:00:29.810000,289.0,260.0,251.0,318.0,False,HARD,38.0,True,Racing Point,0 days 01:58:58.083000,,1,10.0,,,False,True
0 days 02:02:01.505000,STR,18,0 days 00:01:31.742000,52.0,2.0,,,0 days 00:00:29.406000,0 days 00:00:37.043000,0 days 00:00:25.293000,0 days 02:00:59.216000,0 days 02:01:36.259000,0 days 02:02:01.552000,286.0,256.0,251.0,293.0,False,HARD,39.0,True,Racing Point,0 days 02:00:29.763000,,1,9.0,,,False,True
0 days 00:35:06.743000,MAG,20,0 days 00:01:43.754000,1.0,1.0,,,,0 days 00:00:40.570000,0 days 00:00:28.184000,,0 days 00:34:38.559000,0 days 02:07:40.216000,293.0,245.0,,302.0,False,MEDIUM,1.0,True,Haas F1 Team,0 days 00:33:22.751000,,1,15.0,,,False,False
0 days 00:37:36.743000,MAG,20,,2.0,1.0,,,,,,,,,,,,,,MEDIUM,2.0,True,Haas F1 Team,0 days 00:35:06.743000,,124,,,,True,False
0 days 00:35:05.989000,ALB,23,0 days 00:01:43.077000,1.0,1.0,,,,0 days 00:00:40.219000,0 days 00:00:27.100000,,0 days 00:34:38.961000,0 days 00:35:06.130000,296.0,254.0,205.0,307.0,False,MEDIUM,1.0,True,Red Bull Racing,0 days 00:33:22.751000,,1,12.0,,,False,False
0 days 00:37:18.623000,ALB,23,0 days 00:02:12.634000,2.0,1.0,,,0 days 00:00:45.661000,0 days 00:00:50.621000,0 days 00:00:36.352000,0 days 00:35:51.692000,0 days 00:36:42.313000,0 days 00:37:18.665000,117.0,245.0,115.0,278.0,True,MEDIUM,2.0,True,Red Bull Racing,0 days 00:35:05.989000,,124,12.0,,,False,False
0 days 00:39:48.720000,ALB,23,,3.0,1.0,,,0 days 00:00:45.228000,0 days 00:01:02.616000,0 days 00:00:42.225000,0 days 00:38:03.921000,0 days 00:39:06.819000,0 days 00:39:48.832000,185.0,88.0,87.0,154.0,False,MEDIUM,3.0,True,Red Bull Racing,0 days 00:37:18.623000,,4,12.0,,,False,False
0 days 00:42:23.166000,ALB,23,,4.0,1.0,,,0 days 00:00:47.403000,0 days 00:01:05.358000,0 days 00:00:41.754000,0 days 00:40:36.101000,0 days 00:41:41.527000,0 days 00:42:23.304000,208.0,219.0,71.0,209.0,False,MEDIUM,4.0,True,Red Bull Racing,0 days 00:39:48.720000,,4,12.0,,,False,False
0 days 00:44:31.946000,ALB,23,0 days 00:02:08.780000,5.0,1.0,,,0 days 00:00:43.191000,0 days 00:00:53.330000,0 days 00:00:32.259000,0 days 00:43:06.399000,0 days 00:43:59.729000,0 days 00:44:31.988000,138.0,202.0,246.0,172.0,True,MEDIUM,5.0,True,Red Bull Racing,0 days 00:42:23.166000,,41,12.0,,,False,False
0 days 00:46:07.783000,ALB,23,0 days 00:01:35.837000,6.0,1.0,,0 days 00:46:01.962000,0 days 00:00:30.373000,0 days 00:00:39.146000,0 days 00:00:26.318000,0 days 00:45:02.361000,0 days 00:45:41.507000,0 days 00:46:07.825000,277.0,247.0,,284.0,False,MEDIUM,6.0,True,Red Bull Racing,0 days 00:44:31.946000,,1,13.0,,,False,False
0 days 00:48:02.453000,ALB,23,0 days 00:01:54.670000,7.0,2.0,0 days 00:46:30.797000,,0 days 00:00:50.824000,0 days 00:00:37.969000,0 days 00:00:25.877000,0 days 00:46:58.649000,0 days 00:47:36.618000,0 days 00:48:02.495000,277.0,250.0,249.0,281.0,False,HARD,1.0,True,Red Bull Racing,0 days 00:46:07.783000,,1,18.0,,,False,False
0 days 00:49:34.281000,ALB,23,0 days 00:01:31.828000,8.0,2.0,,,0 days 00:00:29.247000,0 days 00:00:37.139000,0 days 00:00:25.442000,0 days 00:48:31.742000,0 days 00:49:08.881000,0 days 00:49:34.323000,278.0,253.0,249.0,285.0,True,HARD,2.0,True,Red Bull Racing,0 days 00:48:02.453000,,1,18.0,,,False,True
0 days 00:51:06.688000,ALB,23,0 days 00:01:32.407000,9.0,2.0,,,0 days 00:00:29.970000,0 days 00:00:37.241000,0 days 00:00:25.196000,0 days 00:50:04.293000,0 days 00:50:41.534000,0 days 00:51:06.730000,280.0,254.0,250.0,300.0,False,HARD,3.0,True,Red Bull Racing,0 days 00:49:34.281000,,1,18.0,,,False,True
0 days 00:52:38.896000,ALB,23,0 days 00:01:32.208000,10.0,2.0,,,0 days 00:00:29.537000,0 days 00:00:37.236000,0 days 00:00:25.435000,0 days 00:51:36.267000,0 days 00:52:13.503000,0 days 00:52:38.938000,278.0,254.0,249.0,286.0,False,HARD,4.0,True,Red Bull Racing,0 days 00:51:06.688000,,1,18.0,,,False,True
0 days 00:54:10.518000,ALB,23,0 days 00:01:31.622000,11.0,2.0,,,0 days 00:00:29.465000,0 days 00:00:36.974000,0 days 00:00:25.183000,0 days 00:53:08.403000,0 days 00:53:45.377000,0 days 00:54:10.560000,283.0,257.0,250.0,289.0,True,HARD,5.0,True,Red Bull Racing,0 days 00:52:38.896000,,1,18.0,,,False,True
0 days 00:55:58.948000,ALB,23,0 days 00:01:48.430000,12.0,2.0,,,0 days 00:00:29.551000,0 days 00:00:43.639000,0 days 00:00:35.240000,0 days 00:54:40.111000,0 days 00:55:23.750000,0 days 00:55:58.990000,285.0,225.0,207.0,169.0,False,HARD,6.0,True,Red Bull Racing,0 days 00:54:10.518000,,124,17.0,,,False,False
0 days 00:58:06.785000,ALB,23,0 days 00:02:07.837000,13.0,2.0,,,0 days 00:00:41.766000,0 days 00:00:52.956000,0 days 00:00:33.115000,0 days 00:56:40.756000,0 days 00:57:33.712000,0 days 00:58:06.827000,202.0,227.0,242.0,160.0,False,HARD,7.0,True,Red Bull Racing,0 days 00:55:58.948000,,4,14.0,,,False,False
0 days 01:00:12.529000,ALB,23,0 days 00:02:05.744000,14.0,2.0,,,0 days 00:00:36.137000,0 days 00:00:48.627000,0 days 00:00:40.980000,0 days 00:58:42.964000,0 days 00:59:31.591000,0 days 01:00:12.571000,136.0,230.0,158.0,173.0,False,HARD,8.0,True,Red Bull Racing,0 days 00:58:06.785000,,4,14.0,,,False,False
0 days 01:02:44.795000,ALB,23,,15.0,2.0,,,0 days 00:00:45.978000,0 days 00:01:07.813000,0 days 00:00:38.427000,0 days 01:00:58.597000,0 days 01:02:06.432000,0 days 01:02:44.955000,173.0,108.0,131.0,234.0,False,HARD,9.0,True,Red Bull Racing,0 days 01:00:12.529000,,4,14.0,,,False,False
0 days 01:05:24.485000,ALB,23,,16.0,2.0,,,0 days 00:00:49.114000,0 days 00:01:12.690000,0 days 00:00:37.941000,0 days 01:03:33.896000,0 days 01:04:46.936000,0 days 01:05:24.688000,237.0,98.0,96.0,214.0,False,HARD,10.0,True,Red Bull Racing,0 days 01:02:44.795000,,4,14.0,,,False,False
0 days 01:07:58.385000,ALB,23,,17.0,2.0,,,0 days 00:00:45.721000,0 days 00:01:09.865000,0 days 00:00:38.295000,0 days 01:06:10.363000,0 days 01:07:20.459000,0 days 01:07:58.551000,176.0,63.0,102.0,251.0,False,HARD,11.0,True,Red Bull Racing,0 days 01:05:24.485000,,4,14.0,,,False,False
0 days 01:10:08.097000,ALB,23,0 days 00:02:09.712000,18.0,2.0,,,0 days 00:00:43.606000,0 days 00:00:53.483000,0 days 00:00:32.623000,0 days 01:08:42.033000,0 days 01:09:35.516000,0 days 01:10:08.139000,161.0,204.0,244.0,215.0,False,HARD,12.0,True,Red Bull Racing,0 days 01:07:58.385000,,41,14.0,,,False,False
0 days 01:11:44.310000,ALB,23,0 days 00:01:36.213000,19.0,2.0,,,0 days 00:00:30.521000,0 days 00:00:39.439000,0 days 00:00:26.253000,0 days 01:10:38.660000,0 days 01:11:18.099000,0 days 01:11:44.352000,298.0,257.0,252.0,304.0,False,HARD,13.0,True,Red Bull Racing,0 days 01:10:08.097000,,1,14.0,,,False,True
0 days 01:13:18.289000,ALB,23,0 days 00:01:33.979000,20.0,2.0,,,0 days 00:00:29.637000,0 days 00:00:38.511000,0 days 00:00:25.831000,0 days 01:12:13.989000,0 days 01:12:52.500000,0 days 01:13:18.331000,305.0,254.0,251.0,307.0,False,HARD,14.0,True,Red Bull Racing,0 days 01:11:44.310000,,1,14.0,,,False,True
0 days 01:14:51.059000,ALB,23,0 days 00:01:32.770000,21.0,2.0,,,0 days 00:00:29.649000,0 days 00:00:37.822000,0 days 00:00:25.299000,0 days 01:13:47.980000,0 days 01:14:25.802000,0 days 01:14:51.101000,311.0,262.0,254.0,326.0,False,HARD,15.0,True,Red Bull Racing,0 days 01:13:18.289000,,1,14.0,,,False,True
0 days 01:16:23.732000,ALB,23,0 days 00:01:32.673000,22.0,2.0,,,0 days 00:00:29.536000,0 days 00:00:37.564000,0 days 00:00:25.573000,0 days 01:15:20.637000,0 days 01:15:58.201000,0 days 01:16:23.774000,311.0,262.0,253.0,324.0,False,HARD,16.0,True,Red Bull Racing,0 days 01:14:51.059000,,1,14.0,,,False,True
0 days 01:17:55.921000,ALB,23,0 days 00:01:32.189000,23.0,2.0,,,0 days 00:00:29.284000,0 days 00:00:37.431000,0 days 00:00:25.474000,0 days 01:16:53.058000,0 days 01:17:30.489000,0 days 01:17:55.963000,311.0,263.0,253.0,315.0,False,HARD,17.0,True,Red Bull Racing,0 days 01:16:23.732000,,1,14.0,,,False,True
0 days 01:19:28.028000,ALB,23,0 days 00:01:32.107000,24.0,2.0,,,0 days 00:00:29.569000,0 days 00:00:37.320000,0 days 00:00:25.218000,0 days 01:18:25.532000,0 days 01:19:02.852000,0 days 01:19:28.070000,304.0,261.0,254.0,320.0,False,HARD,18.0,True,Red Bull Racing,0 days 01:17:55.921000,,1,14.0,,,False,True
0 days 01:21:00.273000,ALB,23,0 days 00:01:32.245000,25.0,2.0,,,0 days 00:00:29.353000,0 days 00:00:37.625000,0 days 00:00:25.267000,0 days 01:19:57.423000,0 days 01:20:35.048000,0 days 01:21:00.315000,313.0,252.0,254.0,323.0,False,HARD,19.0,True,Red Bull Racing,0 days 01:19:28.028000,,1,14.0,,,False,True
0 days 01:22:32.422000,ALB,23,0 days 00:01:32.149000,26.0,2.0,,,0 days 00:00:29.371000,0 days 00:00:37.516000,0 days 00:00:25.262000,0 days 01:21:29.686000,0 days 01:22:07.202000,0 days 01:22:32.464000,312.0,260.0,252.0,325.0,False,HARD,20.0,True,Red Bull Racing,0 days 01:21:00.273000,,1,14.0,,,False,True
0 days 01:24:04.772000,ALB,23,0 days 00:01:32.350000,27.0,2.0,,,0 days 00:00:29.385000,0 days 00:00:37.708000,0 days 00:00:25.257000,0 days 01:23:01.849000,0 days 01:23:39.557000,0 days 01:24:04.814000,315.0,262.0,255.0,323.0,False,HARD,21.0,True,Red Bull Racing,0 days 01:22:32.422000,,1,14.0,,,False,True
0 days 01:25:36.947000,ALB,23,0 days 00:01:32.175000,28.0,2.0,,,0 days 00:00:29.295000,0 days 00:00:37.583000,0 days 00:00:25.297000,0 days 01:24:34.109000,0 days 01:25:11.692000,0 days 01:25:36.989000,317.0,263.0,254.0,335.0,False,HARD,22.0,True,Red Bull Racing,0 days 01:24:04.772000,,1,14.0,,,False,True
0 days 01:27:09.107000,ALB,23,0 days 00:01:32.160000,29.0,2.0,,,0 days 00:00:29.151000,0 days 00:00:37.702000,0 days 00:00:25.307000,0 days 01:26:06.140000,0 days 01:26:43.842000,0 days 01:27:09.149000,325.0,265.0,251.0,326.0,False,HARD,23.0,True,Red Bull Racing,0 days 01:25:36.947000,,1,14.0,,,False,True
0 days 01:28:40.311000,ALB,23,0 days 00:01:31.204000,30.0,2.0,,0 days 01:28:34.504000,0 days 00:00:29.174000,0 days 00:00:37.315000,0 days 00:00:24.715000,0 days 01:27:38.323000,0 days 01:28:15.638000,0 days 01:28:40.353000,312.0,263.0,,321.0,False,HARD,24.0,True,Red Bull Racing,0 days 01:27:09.107000,,1,13.0,,,False,False
0 days 01:30:37.836000,ALB,23,0 days 00:01:57.525000,31.0,3.0,0 days 01:29:07.796000,,0 days 00:00:55.099000,0 days 00:00:37.465000,0 days 00:00:24.961000,0 days 01:29:35.452000,0 days 01:30:12.917000,0 days 01:30:37.878000,280.0,257.0,253.0,289.0,False,MEDIUM,4.0,False,Red Bull Racing,0 days 01:28:40.311000,,1,17.0,,,False,False
0 days 01:32:07.968000,ALB,23,0 days 00:01:30.132000,32.0,3.0,,,0 days 00:00:28.698000,0 days 00:00:36.595000,0 days 00:00:24.839000,0 days 01:31:06.576000,0 days 01:31:43.171000,0 days 01:32:08.010000,284.0,258.0,253.0,295.0,True,MEDIUM,5.0,False,Red Bull Racing,0 days 01:30:37.836000,,1,17.0,,,False,True
0 days 01:33:37.605000,ALB,23,0 days 00:01:29.637000,33.0,3.0,,,0 days 00:00:28.749000,0 days 00:00:36.231000,0 days 00:00:24.657000,0 days 01:32:36.759000,0 days 01:33:12.990000,0 days 01:33:37.647000,283.0,259.0,252.0,293.0,True,MEDIUM,6.0,False,Red Bull Racing,0 days 01:32:07.968000,,1,17.0,,,False,True
0 days 01:35:07.031000,ALB,23,0 days 00:01:29.426000,34.0,3.0,,,0 days 00:00:28.645000,0 days 00:00:36.053000,0 days 00:00:24.728000,0 days 01:34:06.292000,0 days 01:34:42.345000,0 days 01:35:07.073000,284.0,259.0,253.0,294.0,True,MEDIUM,7.0,False,Red Bull Racing,0 days 01:33:37.605000,,1,17.0,,,False,True
0 days 01:36:37.024000,ALB,23,0 days 00:01:29.993000,35.0,3.0,,,0 days 00:00:28.816000,0 days 00:00:36.223000,0 days 00:00:24.954000,0 days 01:35:35.889000,0 days 01:36:12.112000,0 days 01:36:37.066000,281.0,257.0,253.0,288.0,False,MEDIUM,8.0,False,Red Bull Racing,0 days 01:35:07.031000,,1,17.0,,,False,True
0 days 01:38:06.589000,ALB,23,0 days 00:01:29.565000,36.0,3.0,,,0 days 00:00:28.963000,0 days 00:00:35.979000,0 days 00:00:24.623000,0 days 01:37:06.029000,0 days 01:37:42.008000,0 days 01:38:06.631000,284.0,260.0,254.0,291.0,False,MEDIUM,9.0,False,Red Bull Racing,0 days 01:36:37.024000,,1,17.0,,,False,True
0 days 01:39:36.076000,ALB,23,0 days 00:01:29.487000,37.0,3.0,,,0 days 00:00:28.722000,0 days 00:00:36.014000,0 days 00:00:24.751000,0 days 01:38:35.353000,0 days 01:39:11.367000,0 days 01:39:36.118000,287.0,260.0,254.0,290.0,False,MEDIUM,10.0,False,Red Bull Racing,0 days 01:38:06.589000,,1,16.0,,,False,True
0 days 01:41:06.330000,ALB,23,0 days 00:01:30.254000,38.0,3.0,,,0 days 00:00:28.904000,0 days 00:00:36.291000,0 days 00:00:25.059000,0 days 01:40:05.022000,0 days 01:40:41.313000,0 days 01:41:06.372000,289.0,261.0,252.0,297.0,False,MEDIUM,11.0,False,Red Bull Racing,0 days 01:39:36.076000,,1,16.0,,,False,True
0 days 01:42:36.756000,ALB,23,0 days 00:01:30.426000,39.0,3.0,,,0 days 00:00:28.986000,0 days 00:00:37.105000,0 days 00:00:24.335000,0 days 01:41:35.358000,0 days 01:42:12.463000,0 days 01:42:36.798000,315.0,263.0,253.0,312.0,False,MEDIUM,12.0,False,Red Bull Racing,0 days 01:41:06.330000,,1,15.0,,,False,True
0 days 01:44:06.017000,ALB,23,0 days 00:01:29.261000,40.0,3.0,,,0 days 00:00:28.574000,0 days 00:00:36.062000,0 days 00:00:24.625000,0 days 01:43:05.372000,0 days 01:43:41.434000,0 days 01:44:06.059000,288.0,263.0,254.0,300.0,True,MEDIUM,13.0,False,Red Bull Racing,0 days 01:42:36.756000,,1,15.0,,,False,True
0 days 01:45:35.298000,ALB,23,0 days 00:01:29.281000,41.0,3.0,,,0 days 00:00:28.562000,0 days 00:00:36.435000,0 days 00:00:24.284000,0 days 01:44:34.621000,0 days 01:45:11.056000,0 days 01:45:35.340000,293.0,264.0,253.0,331.0,False,MEDIUM,14.0,False,Red Bull Racing,0 days 01:44:06.017000,,1,14.0,,,False,True
0 days 01:47:04.783000,ALB,23,0 days 00:01:29.485000,42.0,3.0,,,0 days 00:00:28.867000,0 days 00:00:35.962000,0 days 00:00:24.656000,0 days 01:46:04.207000,0 days 01:46:40.169000,0 days 01:47:04.825000,287.0,263.0,254.0,294.0,False,MEDIUM,15.0,False,Red Bull Racing,0 days 01:45:35.298000,,1,14.0,,,False,True
0 days 01:48:34.151000,ALB,23,0 days 00:01:29.368000,43.0,3.0,,,0 days 00:00:28.853000,0 days 00:00:35.819000,0 days 00:00:24.696000,0 days 01:47:33.678000,0 days 01:48:09.497000,0 days 01:48:34.193000,288.0,263.0,257.0,293.0,False,MEDIUM,16.0,False,Red Bull Racing,0 days 01:47:04.783000,,1,14.0,,,False,True
0 days 01:50:04.183000,ALB,23,0 days 00:01:30.032000,44.0,3.0,,,0 days 00:00:28.941000,0 days 00:00:35.986000,0 days 00:00:25.105000,0 days 01:49:03.134000,0 days 01:49:39.120000,0 days 01:50:04.225000,291.0,265.0,257.0,328.0,False,MEDIUM,17.0,False,Red Bull Racing,0 days 01:48:34.151000,,1,14.0,,,False,True
0 days 01:51:33.868000,ALB,23,0 days 00:01:29.685000,45.0,3.0,,,0 days 00:00:29.040000,0 days 00:00:36.370000,0 days 00:00:24.275000,0 days 01:50:33.265000,0 days 01:51:09.635000,0 days 01:51:33.910000,303.0,264.0,255.0,311.0,False,MEDIUM,18.0,False,Red Bull Racing,0 days 01:50:04.183000,,1,12.0,,,False,True
0 days 01:53:02.742000,ALB,23,0 days 00:01:28.874000,46.0,3.0,,,0 days 00:00:28.732000,0 days 00:00:35.584000,0 days 00:00:24.558000,0 days 01:52:02.642000,0 days 01:52:38.226000,0 days 01:53:02.784000,281.0,259.0,256.0,288.0,True,MEDIUM,19.0,False,Red Bull Racing,0 days 01:51:33.868000,,1,12.0,,,False,True
0 days 01:54:31.532000,ALB,23,0 days 00:01:28.790000,47.0,3.0,,,0 days 00:00:28.867000,0 days 00:00:35.486000,0 days 00:00:24.437000,0 days 01:53:31.651000,0 days 01:54:07.137000,0 days 01:54:31.574000,282.0,262.0,256.0,290.0,True,MEDIUM,20.0,False,Red Bull Racing,0 days 01:53:02.742000,,12,12.0,,,False,True
0 days 01:56:00.607000,ALB,23,0 days 00:01:29.075000,48.0,3.0,,,0 days 00:00:28.827000,0 days 00:00:35.670000,0 days 00:00:24.578000,0 days 01:55:00.401000,0 days 01:55:36.071000,0 days 01:56:00.649000,285.0,258.0,256.0,297.0,False,MEDIUM,21.0,False,Red Bull Racing,0 days 01:54:31.532000,,21,12.0,,,False,True
0 days 01:57:29.863000,ALB,23,0 days 00:01:29.256000,49.0,3.0,,,0 days 00:00:28.838000,0 days 00:00:36.243000,0 days 00:00:24.175000,0 days 01:56:29.487000,0 days 01:57:05.730000,0 days 01:57:29.905000,289.0,266.0,257.0,311.0,False,MEDIUM,22.0,False,Red Bull Racing,0 days 01:56:00.607000,,1,11.0,,,False,True
0 days 01:58:58.985000,ALB,23,0 days 00:01:29.122000,50.0,3.0,,,0 days 00:00:28.756000,0 days 00:00:35.578000,0 days 00:00:24.788000,0 days 01:57:58.661000,0 days 01:58:34.239000,0 days 01:58:59.027000,287.0,262.0,258.0,298.0,False,MEDIUM,23.0,False,Red Bull Racing,0 days 01:57:29.863000,,1,11.0,,,False,True
0 days 02:00:28.147000,ALB,23,0 days 00:01:29.162000,51.0,3.0,,,0 days 00:00:28.655000,0 days 00:00:35.981000,0 days 00:00:24.526000,0 days 01:59:27.682000,0 days 02:00:03.663000,0 days 02:00:28.189000,304.0,262.0,257.0,291.0,False,MEDIUM,24.0,False,Red Bull Racing,0 days 01:58:58.985000,,1,9.0,,,False,True
0 days 02:01:56.836000,ALB,23,0 days 00:01:28.689000,52.0,3.0,,,0 days 00:00:28.670000,0 days 00:00:35.454000,0 days 00:00:24.565000,0 days 02:00:56.859000,0 days 02:01:32.313000,0 days 02:01:56.878000,287.0,263.0,258.0,294.0,True,MEDIUM,25.0,False,Red Bull Racing,0 days 02:00:28.147000,,1,8.0,,,False,True
0 days 00:35:06.660000,KVY,26,0 days 00:01:43.748000,1.0,1.0,,,,0 days 00:00:40.852000,0 days 00:00:27.056000,,0 days 00:34:39.667000,0 days 00:35:06.764000,302.0,255.0,234.0,300.0,False,MEDIUM,1.0,True,AlphaTauri,0 days 00:33:22.751000,,1,14.0,,,False,False
0 days 00:37:22.487000,KVY,26,0 days 00:02:15.827000,2.0,1.0,,,0 days 00:00:47.213000,0 days 00:00:51.843000,0 days 00:00:36.771000,0 days 00:35:53.879000,0 days 00:36:45.722000,0 days 00:37:22.493000,120.0,224.0,128.0,262.0,True,MEDIUM,2.0,True,AlphaTauri,0 days 00:35:06.660000,,124,14.0,,,False,False
0 days 00:39:51.811000,KVY,26,0 days 00:02:29.324000,3.0,1.0,,,0 days 00:00:45.307000,0 days 00:01:01.432000,0 days 00:00:42.585000,0 days 00:38:07.800000,0 days 00:39:09.232000,0 days 00:39:51.817000,231.0,77.0,128.0,143.0,False,MEDIUM,3.0,True,AlphaTauri,0 days 00:37:22.487000,,4,14.0,,,False,False
0 days 00:42:26.861000,KVY,26,,4.0,1.0,,,0 days 00:00:46.747000,0 days 00:01:06.703000,0 days 00:00:41.588000,0 days 00:40:38.647000,0 days 00:41:45.323000,0 days 00:42:27.019000,202.0,191.0,59.0,137.0,False,MEDIUM,4.0,True,AlphaTauri,0 days 00:39:51.811000,,4,14.0,,,False,False
0 days 00:44:33.631000,KVY,26,0 days 00:02:06.770000,5.0,1.0,,,0 days 00:00:41.437000,0 days 00:00:54.320000,0 days 00:00:31.013000,0 days 00:43:08.304000,0 days 00:44:02.624000,0 days 00:44:33.637000,197.0,171.0,252.0,254.0,True,MEDIUM,5.0,True,AlphaTauri,0 days 00:42:26.861000,,41,14.0,,,False,False
0 days 00:46:08.314000,KVY,26,0 days 00:01:34.683000,6.0,1.0,,,0 days 00:00:29.206000,0 days 00:00:39.231000,0 days 00:00:26.246000,0 days 00:45:02.843000,0 days 00:45:42.074000,0 days 00:46:08.320000,306.0,256.0,249.0,310.0,True,MEDIUM,6.0,True,AlphaTauri,0 days 00:44:33.631000,,1,14.0,,,False,True
0 days 00:47:42.716000,KVY,26,0 days 00:01:34.402000,7.0,1.0,,,0 days 00:00:29.871000,0 days 00:00:38.291000,0 days 00:00:26.240000,0 days 00:46:38.191000,0 days 00:47:16.482000,0 days 00:47:42.722000,282.0,251.0,246.0,290.0,True,MEDIUM,7.0,True,AlphaTauri,0 days 00:46:08.314000,,1,13.0,,,False,True
0 days 00:49:16.237000,KVY,26,0 days 00:01:33.521000,8.0,1.0,,,0 days 00:00:29.670000,0 days 00:00:38.058000,0 days 00:00:25.793000,0 days 00:48:12.392000,0 days 00:48:50.450000,0 days 00:49:16.243000,303.0,256.0,248.0,320.0,True,MEDIUM,8.0,True,AlphaTauri,0 days 00:47:42.716000,,1,13.0,,,False,True
0 days 00:50:49.621000,KVY,26,0 days 00:01:33.384000,9.0,1.0,,,0 days 00:00:29.766000,0 days 00:00:37.994000,0 days 00:00:25.624000,0 days 00:49:46.009000,0 days 00:50:24.003000,0 days 00:50:49.627000,302.0,258.0,249.0,318.0,True,MEDIUM,9.0,True,AlphaTauri,0 days 00:49:16.237000,,1,13.0,,,False,True
0 days 00:52:23.082000,KVY,26,0 days 00:01:33.461000,10.0,1.0,,,0 days 00:00:29.381000,0 days 00:00:38.356000,0 days 00:00:25.724000,0 days 00:51:19.008000,0 days 00:51:57.364000,0 days 00:52:23.088000,311.0,258.0,250.0,317.0,False,MEDIUM,10.0,True,AlphaTauri,0 days 00:50:49.621000,,1,13.0,,,False,True
0 days 00:53:55.525000,KVY,26,0 days 00:01:32.443000,11.0,1.0,,,0 days 00:00:29.443000,0 days 00:00:37.595000,0 days 00:00:25.405000,0 days 00:52:52.531000,0 days 00:53:30.126000,0 days 00:53:55.531000,320.0,258.0,250.0,304.0,True,MEDIUM,11.0,True,AlphaTauri,0 days 00:52:23.082000,,1,12.0,,,False,True
0 days 00:56:25.525000,KVY,26,,12.0,1.0,,,,,,,,,,,,,,MEDIUM,12.0,True,AlphaTauri,0 days 00:53:55.525000,,124,,,,True,False
0 days 00:35:02.176000,RIC,3,0 days 00:01:39.264000,1.0,1.0,,,,0 days 00:00:39.329000,0 days 00:00:26.135000,,0 days 00:34:36.100000,0 days 00:35:02.329000,293.0,250.0,248.0,299.0,False,SOFT,4.0,False,Renault,0 days 00:33:22.751000,,1,6.0,,,False,False
0 days 00:37:11.063000,RIC,3,0 days 00:02:08.887000,2.0,1.0,,,0 days 00:00:40.341000,0 days 00:00:51.893000,0 days 00:00:36.653000,0 days 00:35:42.563000,0 days 00:36:34.456000,0 days 00:37:11.109000,179.0,210.0,103.0,266.0,True,SOFT,5.0,False,Renault,0 days 00:35:02.176000,,124,6.0,,,False,False
0 days 00:39:40.045000,RIC,3,0 days 00:02:28.982000,3.0,1.0,,,0 days 00:00:46.481000,0 days 00:01:02.053000,0 days 00:00:40.448000,0 days 00:37:57.590000,0 days 00:38:59.643000,0 days 00:39:40.091000,146.0,115.0,84.0,262.0,False,SOFT,6.0,False,Renault,0 days 00:37:11.063000,,4,6.0,,,False,False
0 days 00:42:15.113000,RIC,3,,4.0,1.0,,,0 days 00:00:46.317000,0 days 00:01:05.105000,0 days 00:00:43.668000,0 days 00:40:26.422000,0 days 00:41:31.524000,0 days 00:42:15.344000,152.0,150.0,82.0,247.0,False,SOFT,7.0,False,Renault,0 days 00:39:40.045000,,4,6.0,,,False,False
0 days 00:44:29.441000,RIC,3,0 days 00:02:14.328000,5.0,1.0,,,0 days 00:00:40.847000,0 days 00:01:00.079000,0 days 00:00:33.402000,0 days 00:42:56.006000,0 days 00:43:56.085000,0 days 00:44:29.487000,266.0,173.0,242.0,205.0,False,SOFT,8.0,False,Renault,0 days 00:42:15.113000,,41,6.0,,,False,False
0 days 00:46:03.620000,RIC,3,0 days 00:01:34.179000,6.0,1.0,,,0 days 00:00:29.867000,0 days 00:00:38.389000,0 days 00:00:25.923000,0 days 00:44:59.354000,0 days 00:45:37.743000,0 days 00:46:03.666000,289.0,251.0,247.0,292.0,True,SOFT,9.0,False,Renault,0 days 00:44:29.441000,,1,6.0,,,False,True
0 days 00:47:37.755000,RIC,3,0 days 00:01:34.135000,7.0,1.0,,,0 days 00:00:30.012000,0 days 00:00:38.212000,0 days 00:00:25.911000,0 days 00:46:33.678000,0 days 00:47:11.890000,0 days 00:47:37.801000,287.0,251.0,248.0,290.0,True,SOFT,10.0,False,Renault,0 days 00:46:03.620000,,1,6.0,,,False,True
0 days 00:49:10.780000,RIC,3,0 days 00:01:33.025000,8.0,1.0,,,0 days 00:00:29.645000,0 days 00:00:37.774000,0 days 00:00:25.606000,0 days 00:48:07.446000,0 days 00:48:45.220000,0 days 00:49:10.826000,287.0,253.0,248.0,292.0,True,SOFT,11.0,False,Renault,0 days 00:47:37.755000,,1,6.0,,,False,True
0 days 00:50:43.963000,RIC,3,0 days 00:01:33.183000,9.0,1.0,,,0 days 00:00:29.665000,0 days 00:00:37.823000,0 days 00:00:25.695000,0 days 00:49:40.491000,0 days 00:50:18.314000,0 days 00:50:44.009000,286.0,250.0,247.0,291.0,False,SOFT,12.0,False,Renault,0 days 00:49:10.780000,,1,6.0,,,False,True
0 days 00:52:17.025000,RIC,3,0 days 00:01:33.062000,10.0,1.0,,,0 days 00:00:29.540000,0 days 00:00:37.934000,0 days 00:00:25.588000,0 days 00:51:13.549000,0 days 00:51:51.483000,0 days 00:52:17.071000,289.0,252.0,247.0,294.0,False,SOFT,13.0,False,Renault,0 days 00:50:43.963000,,1,6.0,,,False,True
0 days 00:53:49.814000,RIC,3,0 days 00:01:32.789000,11.0,1.0,,,0 days 00:00:29.543000,0 days 00:00:37.686000,0 days 00:00:25.560000,0 days 00:52:46.614000,0 days 00:53:24.300000,0 days 00:53:49.860000,289.0,254.0,248.0,293.0,True,SOFT,14.0,False,Renault,0 days 00:52:17.025000,,1,6.0,,,False,True
0 days 00:55:28.465000,RIC,3,0 days 00:01:38.651000,12.0,1.0,,0 days 00:55:22.603000,0 days 00:00:29.765000,0 days 00:00:37.634000,0 days 00:00:31.252000,0 days 00:54:19.625000,0 days 00:54:57.259000,0 days 00:55:28.511000,289.0,254.0,,295.0,False,SOFT,15.0,False,Renault,0 days 00:53:49.814000,,124,5.0,,,False,False
0 days 00:57:55.280000,RIC,3,0 days 00:02:26.815000,13.0,2.0,0 days 00:55:52.218000,,0 days 00:01:00.633000,0 days 00:00:53.172000,0 days 00:00:33.010000,0 days 00:56:29.144000,0 days 00:57:22.316000,0 days 00:57:55.326000,159.0,222.0,240.0,240.0,False,HARD,1.0,True,Renault,0 days 00:55:28.465000,,4,8.0,,,False,False
0 days 01:00:03.968000,RIC,3,0 days 00:02:08.688000,14.0,2.0,,,0 days 00:00:39.082000,0 days 00:00:47.236000,0 days 00:00:42.370000,0 days 00:58:34.408000,0 days 00:59:21.644000,0 days 01:00:04.014000,192.0,228.0,109.0,245.0,False,HARD,2.0,True,Renault,0 days 00:57:55.280000,,4,7.0,,,False,False
0 days 01:02:35.773000,RIC,3,,15.0,2.0,,,0 days 00:00:44.719000,0 days 00:01:09.733000,0 days 00:00:37.309000,0 days 01:00:48.777000,0 days 01:01:58.518000,0 days 01:02:35.896000,216.0,181.0,180.0,264.0,False,HARD,3.0,True,Renault,0 days 01:00:03.968000,,4,7.0,,,False,False
0 days 01:05:15.012000,RIC,3,,16.0,2.0,,,0 days 00:00:49.149000,0 days 00:01:12.381000,0 days 00:00:37.737000,0 days 01:03:24.951000,0 days 01:04:37.321000,0 days 01:05:15.161000,141.0,198.0,70.0,262.0,False,HARD,4.0,True,Renault,0 days 01:02:35.773000,,4,7.0,,,False,False
0 days 01:07:47.804000,RIC,3,,17.0,2.0,,,0 days 00:00:44.097000,0 days 00:01:11.674000,0 days 00:00:37.042000,0 days 01:05:59.176000,0 days 01:07:11.144000,0 days 01:07:48.026000,174.0,72.0,95.0,253.0,False,HARD,5.0,True,Renault,0 days 01:05:15.012000,,4,7.0,,,False,False
0 days 01:10:05.621000,RIC,3,0 days 00:02:17.817000,18.0,2.0,,,0 days 00:00:42.375000,0 days 00:00:59.176000,0 days 00:00:36.266000,0 days 01:08:30.225000,0 days 01:09:29.401000,0 days 01:10:05.667000,262.0,207.0,240.0,254.0,False,HARD,6.0,True,Renault,0 days 01:07:47.804000,,41,7.0,,,False,False
0 days 01:11:40.981000,RIC,3,0 days 00:01:35.360000,19.0,2.0,,,0 days 00:00:29.930000,0 days 00:00:39.364000,0 days 00:00:26.066000,0 days 01:10:35.597000,0 days 01:11:14.961000,0 days 01:11:41.027000,309.0,256.0,250.0,316.0,False,HARD,7.0,True,Renault,0 days 01:10:05.621000,,1,8.0,,,False,True
0 days 01:13:14.340000,RIC,3,0 days 00:01:33.359000,20.0,2.0,,,0 days 00:00:29.592000,0 days 00:00:38.119000,0 days 00:00:25.648000,0 days 01:12:10.619000,0 days 01:12:48.738000,0 days 01:13:14.386000,291.0,255.0,247.0,313.0,False,HARD,8.0,True,Renault,0 days 01:11:40.981000,,1,8.0,,,False,True
0 days 01:14:46.900000,RIC,3,0 days 00:01:32.560000,21.0,2.0,,,0 days 00:00:29.409000,0 days 00:00:37.756000,0 days 00:00:25.395000,0 days 01:13:43.795000,0 days 01:14:21.551000,0 days 01:14:46.946000,303.0,256.0,251.0,328.0,True,HARD,9.0,True,Renault,0 days 01:13:14.340000,,1,8.0,,,False,True
0 days 01:16:19.025000,RIC,3,0 days 00:01:32.125000,22.0,2.0,,,0 days 00:00:29.272000,0 days 00:00:37.465000,0 days 00:00:25.388000,0 days 01:15:16.218000,0 days 01:15:53.683000,0 days 01:16:19.071000,305.0,256.0,250.0,318.0,True,HARD,10.0,True,Renault,0 days 01:14:46.900000,,1,8.0,,,False,True
0 days 01:17:51.465000,RIC,3,0 days 00:01:32.440000,23.0,2.0,,,0 days 00:00:29.207000,0 days 00:00:37.689000,0 days 00:00:25.544000,0 days 01:16:48.278000,0 days 01:17:25.967000,0 days 01:17:51.511000,313.0,258.0,251.0,324.0,False,HARD,11.0,True,Renault,0 days 01:16:19.025000,,1,8.0,,,False,True
0 days 01:19:23.647000,RIC,3,0 days 00:01:32.182000,24.0,2.0,,,0 days 00:00:29.364000,0 days 00:00:37.464000,0 days 00:00:25.354000,0 days 01:18:20.875000,0 days 01:18:58.339000,0 days 01:19:23.693000,311.0,259.0,247.0,321.0,False,HARD,12.0,True,Renault,0 days 01:17:51.465000,,1,8.0,,,False,True
0 days 01:20:56.265000,RIC,3,0 days 00:01:32.618000,25.0,2.0,,,0 days 00:00:29.620000,0 days 00:00:37.699000,0 days 00:00:25.299000,0 days 01:19:53.313000,0 days 01:20:31.012000,0 days 01:20:56.311000,310.0,260.0,251.0,322.0,False,HARD,13.0,True,Renault,0 days 01:19:23.647000,,1,8.0,,,False,True
0 days 01:22:28.698000,RIC,3,0 days 00:01:32.433000,26.0,2.0,,,0 days 00:00:29.017000,0 days 00:00:37.873000,0 days 00:00:25.543000,0 days 01:21:25.328000,0 days 01:22:03.201000,0 days 01:22:28.744000,322.0,257.0,251.0,328.0,False,HARD,14.0,True,Renault,0 days 01:20:56.265000,,1,8.0,,,False,True
0 days 01:24:00.650000,RIC,3,0 days 00:01:31.952000,27.0,2.0,,,0 days 00:00:29.144000,0 days 00:00:37.499000,0 days 00:00:25.309000,0 days 01:22:57.888000,0 days 01:23:35.387000,0 days 01:24:00.696000,311.0,257.0,251.0,319.0,True,HARD,15.0,True,Renault,0 days 01:22:28.698000,,1,8.0,,,False,True
0 days 01:25:32.501000,RIC,3,0 days 00:01:31.851000,28.0,2.0,,,0 days 00:00:29.053000,0 days 00:00:37.477000,0 days 00:00:25.321000,0 days 01:24:29.749000,0 days 01:25:07.226000,0 days 01:25:32.547000,314.0,260.0,251.0,321.0,True,HARD,16.0,True,Renault,0 days 01:24:00.650000,,1,8.0,,,False,True
0 days 01:27:04.182000,RIC,3,0 days 00:01:31.681000,29.0,2.0,,,0 days 00:00:29.076000,0 days 00:00:37.381000,0 days 00:00:25.224000,0 days 01:26:01.623000,0 days 01:26:39.004000,0 days 01:27:04.228000,305.0,259.0,251.0,317.0,True,HARD,17.0,True,Renault,0 days 01:25:32.501000,,1,8.0,,,False,True
0 days 01:28:35.636000,RIC,3,0 days 00:01:31.454000,30.0,2.0,,,0 days 00:00:28.977000,0 days 00:00:37.329000,0 days 00:00:25.148000,0 days 01:27:33.205000,0 days 01:28:10.534000,0 days 01:28:35.682000,314.0,261.0,251.0,323.0,True,HARD,18.0,True,Renault,0 days 01:27:04.182000,,1,8.0,,,False,True
0 days 01:30:06.946000,RIC,3,0 days 00:01:31.310000,31.0,2.0,,,0 days 00:00:28.958000,0 days 00:00:37.286000,0 days 00:00:25.066000,0 days 01:29:04.640000,0 days 01:29:41.926000,0 days 01:30:06.992000,313.0,262.0,251.0,321.0,True,HARD,19.0,True,Renault,0 days 01:28:35.636000,,1,8.0,,,False,True
0 days 01:31:38.506000,RIC,3,0 days 00:01:31.560000,32.0,2.0,,,0 days 00:00:29.037000,0 days 00:00:37.450000,0 days 00:00:25.073000,0 days 01:30:36.029000,0 days 01:31:13.479000,0 days 01:31:38.552000,313.0,261.0,251.0,323.0,False,HARD,20.0,True,Renault,0 days 01:30:06.946000,,1,8.0,,,False,True
0 days 01:33:09.541000,RIC,3,0 days 00:01:31.035000,33.0,2.0,,,0 days 00:00:28.961000,0 days 00:00:37.149000,0 days 00:00:24.925000,0 days 01:32:07.513000,0 days 01:32:44.662000,0 days 01:33:09.587000,311.0,260.0,253.0,325.0,True,HARD,21.0,True,Renault,0 days 01:31:38.506000,,1,8.0,,,False,True
0 days 01:34:40.680000,RIC,3,0 days 00:01:31.139000,34.0,2.0,,,0 days 00:00:28.855000,0 days 00:00:37.179000,0 days 00:00:25.105000,0 days 01:33:38.442000,0 days 01:34:15.621000,0 days 01:34:40.726000,309.0,256.0,252.0,323.0,False,HARD,22.0,True,Renault,0 days 01:33:09.541000,,1,8.0,,,False,True
0 days 01:36:12.153000,RIC,3,0 days 00:01:31.473000,35.0,2.0,,,0 days 00:00:29.249000,0 days 00:00:36.942000,0 days 00:00:25.282000,0 days 01:35:09.975000,0 days 01:35:46.917000,0 days 01:36:12.199000,311.0,260.0,253.0,324.0,False,HARD,23.0,True,Renault,0 days 01:34:40.680000,,1,8.0,,,False,True
0 days 01:37:42.902000,RIC,3,0 days 00:01:30.749000,36.0,2.0,,,0 days 00:00:28.843000,0 days 00:00:36.971000,0 days 00:00:24.935000,0 days 01:36:41.042000,0 days 01:37:18.013000,0 days 01:37:42.948000,303.0,258.0,253.0,295.0,True,HARD,24.0,True,Renault,0 days 01:36:12.153000,,1,7.0,,,False,True
0 days 01:39:13.505000,RIC,3,0 days 00:01:30.603000,37.0,2.0,,,0 days 00:00:29.019000,0 days 00:00:36.554000,0 days 00:00:25.030000,0 days 01:38:11.967000,0 days 01:38:48.521000,0 days 01:39:13.551000,288.0,261.0,252.0,294.0,True,HARD,25.0,True,Renault,0 days 01:37:42.902000,,1,7.0,,,False,True
0 days 01:40:43.858000,RIC,3,0 days 00:01:30.353000,38.0,2.0,,,0 days 00:00:28.910000,0 days 00:00:36.540000,0 days 00:00:24.903000,0 days 01:39:42.461000,0 days 01:40:19.001000,0 days 01:40:43.904000,291.0,257.0,252.0,296.0,True,HARD,26.0,True,Renault,0 days 01:39:13.505000,,1,7.0,,,False,True
0 days 01:42:14.037000,RIC,3,0 days 00:01:30.179000,39.0,2.0,,,0 days 00:00:28.782000,0 days 00:00:36.493000,0 days 00:00:24.904000,0 days 01:41:12.686000,0 days 01:41:49.179000,0 days 01:42:14.083000,293.0,258.0,252.0,298.0,True,HARD,27.0,True,Renault,0 days 01:40:43.858000,,1,7.0,,,False,True
0 days 01:43:44.198000,RIC,3,0 days 00:01:30.161000,40.0,2.0,,,0 days 00:00:28.673000,0 days 00:00:36.530000,0 days 00:00:24.958000,0 days 01:42:42.756000,0 days 01:43:19.286000,0 days 01:43:44.244000,296.0,261.0,252.0,307.0,True,HARD,28.0,True,Renault,0 days 01:42:14.037000,,1,7.0,,,False,True
0 days 01:45:14.148000,RIC,3,0 days 00:01:29.950000,41.0,2.0,,,0 days 00:00:28.750000,0 days 00:00:36.537000,0 days 00:00:24.663000,0 days 01:44:12.994000,0 days 01:44:49.531000,0 days 01:45:14.194000,297.0,261.0,253.0,306.0,True,HARD,29.0,True,Renault,0 days 01:43:44.198000,,1,7.0,,,False,True
0 days 01:46:44.210000,RIC,3,0 days 00:01:30.062000,42.0,2.0,,,0 days 00:00:28.891000,0 days 00:00:36.434000,0 days 00:00:24.737000,0 days 01:45:43.085000,0 days 01:46:19.519000,0 days 01:46:44.256000,295.0,263.0,254.0,306.0,False,HARD,30.0,True,Renault,0 days 01:45:14.148000,,1,7.0,,,False,True
0 days 01:48:14.740000,RIC,3,0 days 00:01:30.530000,43.0,2.0,,,0 days 00:00:29.035000,0 days 00:00:36.621000,0 days 00:00:24.874000,0 days 01:47:13.291000,0 days 01:47:49.912000,0 days 01:48:14.786000,295.0,259.0,254.0,299.0,False,HARD,31.0,True,Renault,0 days 01:46:44.210000,,1,7.0,,,False,True
0 days 01:49:44.859000,RIC,3,0 days 00:01:30.119000,44.0,2.0,,,0 days 00:00:28.903000,0 days 00:00:36.436000,0 days 00:00:24.780000,0 days 01:48:43.689000,0 days 01:49:20.125000,0 days 01:49:44.905000,289.0,259.0,254.0,298.0,False,HARD,32.0,True,Renault,0 days 01:48:14.740000,,1,7.0,,,False,True
0 days 01:51:14.832000,RIC,3,0 days 00:01:29.973000,45.0,2.0,,,0 days 00:00:29.002000,0 days 00:00:36.339000,0 days 00:00:24.632000,0 days 01:50:13.907000,0 days 01:50:50.246000,0 days 01:51:14.878000,289.0,258.0,254.0,298.0,False,HARD,33.0,True,Renault,0 days 01:49:44.859000,,1,7.0,,,False,True
0 days 01:52:44.909000,RIC,3,0 days 00:01:30.077000,46.0,2.0,,,0 days 00:00:29.018000,0 days 00:00:36.302000,0 days 00:00:24.757000,0 days 01:51:43.896000,0 days 01:52:20.198000,0 days 01:52:44.955000,293.0,259.0,254.0,298.0,False,HARD,34.0,True,Renault,0 days 01:51:14.832000,,1,7.0,,,False,True
0 days 01:54:14.924000,RIC,3,0 days 00:01:30.015000,47.0,2.0,,,0 days 00:00:28.821000,0 days 00:00:36.280000,0 days 00:00:24.914000,0 days 01:53:13.776000,0 days 01:53:50.056000,0 days 01:54:14.970000,308.0,262.0,254.0,330.0,False,HARD,35.0,True,Renault,0 days 01:52:44.909000,,1,7.0,,,False,True
0 days 01:55:44.929000,RIC,3,0 days 00:01:30.005000,48.0,2.0,,,0 days 00:00:28.788000,0 days 00:00:36.456000,0 days 00:00:24.761000,0 days 01:54:43.758000,0 days 01:55:20.214000,0 days 01:55:44.975000,308.0,262.0,255.0,319.0,False,HARD,36.0,True,Renault,0 days 01:54:14.924000,,12,7.0,,,False,True
0 days 01:57:14.411000,RIC,3,0 days 00:01:29.482000,49.0,2.0,,,0 days 00:00:28.858000,0 days 00:00:36.309000,0 days 00:00:24.315000,0 days 01:56:13.833000,0 days 01:56:50.142000,0 days 01:57:14.457000,308.0,263.0,255.0,332.0,True,HARD,37.0,True,Renault,0 days 01:55:44.929000,,1,6.0,,,False,True
0 days 01:58:44.269000,RIC,3,0 days 00:01:29.858000,50.0,2.0,,,0 days 00:00:29.026000,0 days 00:00:36.208000,0 days 00:00:24.624000,0 days 01:57:43.483000,0 days 01:58:19.691000,0 days 01:58:44.315000,289.0,260.0,255.0,301.0,False,HARD,38.0,True,Renault,0 days 01:57:14.411000,,1,6.0,,,False,True
0 days 02:00:14.052000,RIC,3,0 days 00:01:29.783000,51.0,2.0,,,0 days 00:00:28.752000,0 days 00:00:36.644000,0 days 00:00:24.387000,0 days 01:59:13.067000,0 days 01:59:49.711000,0 days 02:00:14.098000,306.0,257.0,252.0,311.0,False,HARD,39.0,True,Renault,0 days 01:58:44.269000,,1,4.0,,,False,True
0 days 02:01:43.818000,RIC,3,0 days 00:01:29.766000,52.0,2.0,,,0 days 00:00:29.065000,0 days 00:00:36.187000,0 days 00:00:24.514000,0 days 02:00:43.163000,0 days 02:01:19.350000,0 days 02:01:43.864000,288.0,257.0,254.0,300.0,False,HARD,40.0,True,Renault,0 days 02:00:14.052000,,1,4.0,,,False,True
0 days 00:35:03.750000,OCO,31,0 days 00:01:40.838000,1.0,1.0,,,,0 days 00:00:40.449000,0 days 00:00:26.403000,,0 days 00:34:37.416000,0 days 00:35:03.891000,309.0,250.0,247.0,306.0,False,SOFT,4.0,False,Renault,0 days 00:33:22.751000,,1,9.0,,,False,False
0 days 00:37:15.056000,OCO,31,0 days 00:02:11.306000,2.0,1.0,,,0 days 00:00:43.841000,0 days 00:00:50.839000,0 days 00:00:36.626000,0 days 00:35:47.648000,0 days 00:36:38.487000,0 days 00:37:15.113000,170.0,220.0,145.0,269.0,True,SOFT,5.0,False,Renault,0 days 00:35:03.750000,,124,9.0,,,False,False
0 days 00:39:44.146000,OCO,31,0 days 00:02:29.090000,3.0,1.0,,,0 days 00:00:45.754000,0 days 00:01:02.504000,0 days 00:00:40.832000,0 days 00:38:00.867000,0 days 00:39:03.371000,0 days 00:39:44.203000,177.0,120.0,77.0,246.0,False,SOFT,6.0,False,Renault,0 days 00:37:15.056000,,4,9.0,,,False,False
0 days 00:42:19.251000,OCO,31,,4.0,1.0,,,0 days 00:00:47.186000,0 days 00:01:03.941000,0 days 00:00:44.004000,0 days 00:40:31.394000,0 days 00:41:35.332000,0 days 00:42:19.421000,260.0,102.0,87.0,203.0,False,SOFT,7.0,False,Renault,0 days 00:39:44.146000,,4,9.0,,,False,False
0 days 00:44:30.349000,OCO,31,0 days 00:02:11.098000,5.0,1.0,,,0 days 00:00:41.688000,0 days 00:00:56.939000,0 days 00:00:32.471000,0 days 00:43:00.996000,0 days 00:43:57.935000,0 days 00:44:30.406000,262.0,186.0,243.0,208.0,True,SOFT,8.0,False,Renault,0 days 00:42:19.251000,,41,9.0,,,False,False
0 days 00:46:05.635000,OCO,31,0 days 00:01:35.286000,6.0,1.0,,,0 days 00:00:30.134000,0 days 00:00:38.731000,0 days 00:00:26.421000,0 days 00:45:00.540000,0 days 00:45:39.271000,0 days 00:46:05.692000,297.0,254.0,243.0,315.0,True,SOFT,9.0,False,Renault,0 days 00:44:30.349000,,1,9.0,,,False,True
0 days 00:47:40.313000,OCO,31,0 days 00:01:34.678000,7.0,1.0,,,0 days 00:00:29.824000,0 days 00:00:38.715000,0 days 00:00:26.139000,0 days 00:46:35.516000,0 days 00:47:14.231000,0 days 00:47:40.370000,290.0,253.0,247.0,292.0,True,SOFT,10.0,False,Renault,0 days 00:46:05.635000,,1,9.0,,,False,True
0 days 00:49:13.723000,OCO,31,0 days 00:01:33.410000,8.0,1.0,,,0 days 00:00:29.542000,0 days 00:00:38.074000,0 days 00:00:25.794000,0 days 00:48:09.912000,0 days 00:48:47.986000,0 days 00:49:13.780000,303.0,254.0,247.0,296.0,True,SOFT,11.0,False,Renault,0 days 00:47:40.313000,,1,9.0,,,False,True
0 days 00:50:47.179000,OCO,31,0 days 00:01:33.456000,9.0,1.0,,,0 days 00:00:29.646000,0 days 00:00:37.829000,0 days 00:00:25.981000,0 days 00:49:43.426000,0 days 00:50:21.255000,0 days 00:50:47.236000,289.0,253.0,246.0,295.0,False,SOFT,12.0,False,Renault,0 days 00:49:13.723000,,1,9.0,,,False,True
0 days 00:52:20.358000,OCO,31,0 days 00:01:33.179000,10.0,1.0,,,0 days 00:00:29.725000,0 days 00:00:37.752000,0 days 00:00:25.702000,0 days 00:51:16.961000,0 days 00:51:54.713000,0 days 00:52:20.415000,290.0,255.0,247.0,300.0,True,SOFT,13.0,False,Renault,0 days 00:50:47.179000,,1,9.0,,,False,True
0 days 00:53:53.435000,OCO,31,0 days 00:01:33.077000,11.0,1.0,,,0 days 00:00:29.660000,0 days 00:00:37.856000,0 days 00:00:25.561000,0 days 00:52:50.075000,0 days 00:53:27.931000,0 days 00:53:53.492000,292.0,255.0,247.0,299.0,True,SOFT,14.0,False,Renault,0 days 00:52:20.358000,,1,9.0,,,False,True
0 days 00:55:33.331000,OCO,31,0 days 00:01:39.896000,12.0,1.0,,0 days 00:55:27.506000,0 days 00:00:29.845000,0 days 00:00:37.935000,0 days 00:00:32.116000,0 days 00:54:23.337000,0 days 00:55:01.272000,0 days 00:55:33.388000,291.0,254.0,,261.0,False,SOFT,15.0,False,Renault,0 days 00:53:53.435000,,124,9.0,,,False,False
0 days 00:57:59.957000,OCO,31,0 days 00:02:26.626000,13.0,2.0,0 days 00:55:58.264000,,0 days 00:00:59.774000,0 days 00:00:53.511000,0 days 00:00:33.341000,0 days 00:56:33.162000,0 days 00:57:26.673000,0 days 00:58:00.014000,191.0,210.0,238.0,209.0,False,HARD,1.0,True,Renault,0 days 00:55:33.331000,,4,11.0,,,False,False
0 days 01:00:09.355000,OCO,31,0 days 00:02:09.398000,14.0,2.0,,,0 days 00:00:38.528000,0 days 00:00:48.107000,0 days 00:00:42.763000,0 days 00:58:38.542000,0 days 00:59:26.649000,0 days 01:00:09.412000,203.0,225.0,128.0,166.0,False,HARD,2.0,True,Renault,0 days 00:57:59.957000,,4,11.0,,,False,False
0 days 01:02:40.619000,OCO,31,,15.0,2.0,,,0 days 00:00:45.658000,0 days 00:01:08.090000,0 days 00:00:37.485000,0 days 01:00:55.109000,0 days 01:02:03.191000,0 days 01:02:40.769000,133.0,138.0,132.0,259.0,False,HARD,3.0,True,Renault,0 days 01:00:09.355000,,4,11.0,,,False,False
0 days 01:05:20.254000,OCO,31,,16.0,2.0,,,0 days 00:00:49.647000,0 days 00:01:12.608000,0 days 00:00:37.395000,0 days 01:03:30.308000,0 days 01:04:42.929000,0 days 01:05:20.449000,202.0,172.0,111.0,240.0,False,HARD,4.0,True,Renault,0 days 01:02:40.619000,,4,11.0,,,False,False
0 days 01:07:53.974000,OCO,31,,17.0,2.0,,,0 days 00:00:44.540000,,,0 days 01:06:04.860000,,,160.0,172.0,112.0,228.0,False,HARD,5.0,True,Renault,0 days 01:05:20.254000,,4,11.0,,,False,False
0 days 01:10:07.115000,OCO,31,0 days 00:02:13.141000,18.0,2.0,,,0 days 00:00:42.386000,0 days 00:00:55.510000,0 days 00:00:35.245000,0 days 01:08:36.417000,0 days 01:09:31.927000,0 days 01:10:07.172000,146.0,196.0,230.0,207.0,False,HARD,6.0,True,Renault,0 days 01:07:53.974000,,41,11.0,,,False,False
0 days 01:11:41.779000,OCO,31,0 days 00:01:34.664000,19.0,2.0,,,0 days 00:00:30.319000,0 days 00:00:38.375000,0 days 00:00:25.970000,0 days 01:10:37.491000,0 days 01:11:15.866000,0 days 01:11:41.836000,295.0,256.0,247.0,316.0,False,HARD,7.0,True,Renault,0 days 01:10:07.115000,,1,10.0,,,False,True
0 days 01:13:15.507000,OCO,31,0 days 00:01:33.728000,20.0,2.0,,,0 days 00:00:29.351000,0 days 00:00:38.630000,0 days 00:00:25.747000,0 days 01:12:11.187000,0 days 01:12:49.817000,0 days 01:13:15.564000,301.0,254.0,250.0,303.0,False,HARD,8.0,True,Renault,0 days 01:11:41.779000,,1,10.0,,,False,True
0 days 01:14:48.290000,OCO,31,0 days 00:01:32.783000,21.0,2.0,,,0 days 00:00:29.373000,0 days 00:00:37.976000,0 days 00:00:25.434000,0 days 01:13:44.937000,0 days 01:14:22.913000,0 days 01:14:48.347000,312.0,258.0,249.0,321.0,True,HARD,9.0,True,Renault,0 days 01:13:15.507000,,1,10.0,,,False,True
0 days 01:16:20.735000,OCO,31,0 days 00:01:32.445000,22.0,2.0,,,0 days 00:00:29.338000,0 days 00:00:37.623000,0 days 00:00:25.484000,0 days 01:15:17.685000,0 days 01:15:55.308000,0 days 01:16:20.792000,309.0,254.0,249.0,301.0,True,HARD,10.0,True,Renault,0 days 01:14:48.290000,,1,10.0,,,False,True
0 days 01:17:52.778000,OCO,31,0 days 00:01:32.043000,23.0,2.0,,,0 days 00:00:29.209000,0 days 00:00:37.538000,0 days 00:00:25.296000,0 days 01:16:50.001000,0 days 01:17:27.539000,0 days 01:17:52.835000,310.0,260.0,250.0,318.0,True,HARD,11.0,True,Renault,0 days 01:16:20.735000,,1,10.0,,,False,True
0 days 01:19:25.157000,OCO,31,0 days 00:01:32.379000,24.0,2.0,,,0 days 00:00:29.311000,0 days 00:00:37.738000,0 days 00:00:25.330000,0 days 01:18:22.146000,0 days 01:18:59.884000,0 days 01:19:25.214000,311.0,258.0,249.0,317.0,False,HARD,12.0,True,Renault,0 days 01:17:52.778000,,1,10.0,,,False,True
0 days 01:20:57.624000,OCO,31,0 days 00:01:32.467000,25.0,2.0,,,0 days 00:00:29.268000,0 days 00:00:37.833000,0 days 00:00:25.366000,0 days 01:19:54.482000,0 days 01:20:32.315000,0 days 01:20:57.681000,314.0,259.0,250.0,320.0,False,HARD,13.0,True,Renault,0 days 01:19:25.157000,,1,10.0,,,False,True
0 days 01:22:30.212000,OCO,31,0 days 00:01:32.588000,26.0,2.0,,,0 days 00:00:29.194000,0 days 00:00:37.608000,0 days 00:00:25.786000,0 days 01:21:26.875000,0 days 01:22:04.483000,0 days 01:22:30.269000,311.0,259.0,249.0,333.0,False,HARD,14.0,True,Renault,0 days 01:20:57.624000,,1,10.0,,,False,True
0 days 01:24:02.057000,OCO,31,0 days 00:01:31.845000,27.0,2.0,,,0 days 00:00:29.169000,0 days 00:00:37.523000,0 days 00:00:25.153000,0 days 01:22:59.438000,0 days 01:23:36.961000,0 days 01:24:02.114000,312.0,259.0,251.0,320.0,True,HARD,15.0,True,Renault,0 days 01:22:30.212000,,1,10.0,,,False,True
0 days 01:25:33.853000,OCO,31,0 days 00:01:31.796000,28.0,2.0,,,0 days 00:00:29.096000,0 days 00:00:37.421000,0 days 00:00:25.279000,0 days 01:24:31.210000,0 days 01:25:08.631000,0 days 01:25:33.910000,317.0,261.0,251.0,323.0,True,HARD,16.0,True,Renault,0 days 01:24:02.057000,,1,10.0,,,False,True
0 days 01:27:05.646000,OCO,31,0 days 00:01:31.793000,29.0,2.0,,,0 days 00:00:29.249000,0 days 00:00:37.376000,0 days 00:00:25.168000,0 days 01:26:03.159000,0 days 01:26:40.535000,0 days 01:27:05.703000,312.0,258.0,251.0,302.0,True,HARD,17.0,True,Renault,0 days 01:25:33.853000,,1,10.0,,,False,True
0 days 01:28:37.526000,OCO,31,0 days 00:01:31.880000,30.0,2.0,,,0 days 00:00:29.087000,0 days 00:00:37.512000,0 days 00:00:25.281000,0 days 01:27:34.790000,0 days 01:28:12.302000,0 days 01:28:37.583000,314.0,258.0,251.0,304.0,False,HARD,18.0,True,Renault,0 days 01:27:05.646000,,1,10.0,,,False,True
0 days 01:30:09.019000,OCO,31,0 days 00:01:31.493000,31.0,2.0,,,0 days 00:00:29.281000,0 days 00:00:37.127000,0 days 00:00:25.085000,0 days 01:29:06.864000,0 days 01:29:43.991000,0 days 01:30:09.076000,295.0,258.0,252.0,301.0,True,HARD,19.0,True,Renault,0 days 01:28:37.526000,,1,10.0,,,False,True
0 days 01:31:40.178000,OCO,31,0 days 00:01:31.159000,32.0,2.0,,,0 days 00:00:29.064000,0 days 00:00:36.976000,0 days 00:00:25.119000,0 days 01:30:38.140000,0 days 01:31:15.116000,0 days 01:31:40.235000,297.0,260.0,251.0,306.0,True,HARD,20.0,True,Renault,0 days 01:30:09.019000,,1,10.0,,,False,True
0 days 01:33:11.581000,OCO,31,0 days 00:01:31.403000,33.0,2.0,,,0 days 00:00:29.227000,0 days 00:00:37.094000,0 days 00:00:25.082000,0 days 01:32:09.462000,0 days 01:32:46.556000,0 days 01:33:11.638000,298.0,258.0,250.0,306.0,False,HARD,21.0,True,Renault,0 days 01:31:40.178000,,1,10.0,,,False,True
0 days 01:34:42.865000,OCO,31,0 days 00:01:31.284000,34.0,2.0,,,0 days 00:00:29.194000,0 days 00:00:37.046000,0 days 00:00:25.044000,0 days 01:33:40.832000,0 days 01:34:17.878000,0 days 01:34:42.922000,293.0,258.0,251.0,303.0,False,HARD,22.0,True,Renault,0 days 01:33:11.581000,,1,10.0,,,False,True
0 days 01:36:14.344000,OCO,31,0 days 00:01:31.479000,35.0,2.0,,,0 days 00:00:29.314000,0 days 00:00:36.994000,0 days 00:00:25.171000,0 days 01:35:12.236000,0 days 01:35:49.230000,0 days 01:36:14.401000,295.0,256.0,252.0,297.0,False,HARD,23.0,True,Renault,0 days 01:34:42.865000,,1,10.0,,,False,True
0 days 01:37:45.703000,OCO,31,0 days 00:01:31.359000,36.0,2.0,,,0 days 00:00:29.222000,0 days 00:00:36.994000,0 days 00:00:25.143000,0 days 01:36:43.623000,0 days 01:37:20.617000,0 days 01:37:45.760000,295.0,259.0,252.0,303.0,False,HARD,24.0,True,Renault,0 days 01:36:14.344000,,1,10.0,,,False,True
0 days 01:39:16.713000,OCO,31,0 days 00:01:31.010000,37.0,2.0,,,0 days 00:00:29.174000,0 days 00:00:36.776000,0 days 00:00:25.060000,0 days 01:38:14.934000,0 days 01:38:51.710000,0 days 01:39:16.770000,293.0,263.0,253.0,315.0,True,HARD,25.0,True,Renault,0 days 01:37:45.703000,,1,9.0,,,False,True
0 days 01:40:47.544000,OCO,31,0 days 00:01:30.831000,38.0,2.0,,,0 days 00:00:29.078000,0 days 00:00:36.811000,0 days 00:00:24.942000,0 days 01:39:45.848000,0 days 01:40:22.659000,0 days 01:40:47.601000,305.0,260.0,251.0,314.0,True,HARD,26.0,True,Renault,0 days 01:39:16.713000,,1,9.0,,,False,True
0 days 01:42:18.249000,OCO,31,0 days 00:01:30.705000,39.0,2.0,,,0 days 00:00:28.945000,0 days 00:00:36.661000,0 days 00:00:25.099000,0 days 01:41:16.546000,0 days 01:41:53.207000,0 days 01:42:18.306000,305.0,260.0,253.0,315.0,True,HARD,27.0,True,Renault,0 days 01:40:47.544000,,1,9.0,,,False,True
0 days 01:43:48.876000,OCO,31,0 days 00:01:30.627000,40.0,2.0,,,0 days 00:00:28.728000,0 days 00:00:36.712000,0 days 00:00:25.187000,0 days 01:42:47.034000,0 days 01:43:23.746000,0 days 01:43:48.933000,307.0,264.0,253.0,317.0,True,HARD,28.0,True,Renault,0 days 01:42:18.249000,,1,9.0,,,False,True
0 days 01:45:19.751000,OCO,31,0 days 00:01:30.875000,41.0,2.0,,,0 days 00:00:28.912000,0 days 00:00:36.616000,0 days 00:00:25.347000,0 days 01:44:17.845000,0 days 01:44:54.461000,0 days 01:45:19.808000,308.0,263.0,252.0,329.0,False,HARD,29.0,True,Renault,0 days 01:43:48.876000,,1,9.0,,,False,True
0 days 01:46:50.384000,OCO,31,0 days 00:01:30.633000,42.0,2.0,,,0 days 00:00:28.880000,0 days 00:00:36.685000,0 days 00:00:25.068000,0 days 01:45:48.688000,0 days 01:46:25.373000,0 days 01:46:50.441000,306.0,264.0,253.0,324.0,False,HARD,30.0,True,Renault,0 days 01:45:19.751000,,1,9.0,,,False,True
0 days 01:48:21.165000,OCO,31,0 days 00:01:30.781000,43.0,2.0,,,0 days 00:00:29,0 days 00:00:36.676000,0 days 00:00:25.105000,0 days 01:47:19.441000,0 days 01:47:56.117000,0 days 01:48:21.222000,306.0,263.0,254.0,315.0,False,HARD,31.0,True,Renault,0 days 01:46:50.384000,,1,9.0,,,False,True
0 days 01:49:51.697000,OCO,31,0 days 00:01:30.532000,44.0,2.0,,,0 days 00:00:28.888000,0 days 00:00:36.557000,0 days 00:00:25.087000,0 days 01:48:50.110000,0 days 01:49:26.667000,0 days 01:49:51.754000,304.0,263.0,252.0,317.0,True,HARD,32.0,True,Renault,0 days 01:48:21.165000,,1,9.0,,,False,True
0 days 01:51:22.101000,OCO,31,0 days 00:01:30.404000,45.0,2.0,,,0 days 00:00:28.886000,0 days 00:00:36.490000,0 days 00:00:25.028000,0 days 01:50:20.640000,0 days 01:50:57.130000,0 days 01:51:22.158000,304.0,263.0,253.0,328.0,True,HARD,33.0,True,Renault,0 days 01:49:51.697000,,1,9.0,,,False,True
0 days 01:52:51.949000,OCO,31,0 days 00:01:29.848000,46.0,2.0,,,0 days 00:00:28.764000,0 days 00:00:36.194000,0 days 00:00:24.890000,0 days 01:51:50.922000,0 days 01:52:27.116000,0 days 01:52:52.006000,313.0,258.0,252.0,289.0,True,HARD,34.0,True,Renault,0 days 01:51:22.101000,,1,8.0,,,False,True
0 days 01:54:22.094000,OCO,31,0 days 00:01:30.145000,47.0,2.0,,,0 days 00:00:29.065000,0 days 00:00:36.155000,0 days 00:00:24.925000,0 days 01:53:21.071000,0 days 01:53:57.226000,0 days 01:54:22.151000,283.0,258.0,253.0,290.0,False,HARD,35.0,True,Renault,0 days 01:52:51.949000,,1,8.0,,,False,True
0 days 01:55:52.557000,OCO,31,0 days 00:01:30.463000,48.0,2.0,,,0 days 00:00:29.014000,0 days 00:00:36.645000,0 days 00:00:24.804000,0 days 01:54:51.165000,0 days 01:55:27.810000,0 days 01:55:52.614000,286.0,257.0,252.0,292.0,False,HARD,36.0,True,Renault,0 days 01:54:22.094000,,12,8.0,,,False,True
0 days 01:57:22.431000,OCO,31,0 days 00:01:29.874000,49.0,2.0,,,0 days 00:00:28.872000,0 days 00:00:36.136000,0 days 00:00:24.866000,0 days 01:56:21.486000,0 days 01:56:57.622000,0 days 01:57:22.488000,287.0,259.0,253.0,293.0,False,HARD,37.0,True,Renault,0 days 01:55:52.557000,,1,8.0,,,False,True
0 days 01:58:51.922000,OCO,31,0 days 00:01:29.491000,50.0,2.0,,,0 days 00:00:28.771000,0 days 00:00:36.141000,0 days 00:00:24.579000,0 days 01:57:51.259000,0 days 01:58:27.400000,0 days 01:58:51.979000,287.0,259.0,254.0,293.0,True,HARD,38.0,True,Renault,0 days 01:57:22.431000,,1,8.0,,,False,True
0 days 02:00:21.582000,OCO,31,0 days 00:01:29.660000,51.0,2.0,,,0 days 00:00:28.752000,0 days 00:00:36.070000,0 days 00:00:24.838000,0 days 01:59:20.731000,0 days 01:59:56.801000,0 days 02:00:21.639000,286.0,260.0,253.0,293.0,False,HARD,39.0,True,Renault,0 days 01:58:51.922000,,1,7.0,,,False,True
0 days 02:01:51.097000,OCO,31,0 days 00:01:29.515000,52.0,2.0,,,0 days 00:00:28.798000,0 days 00:00:36.068000,0 days 00:00:24.649000,0 days 02:00:50.437000,0 days 02:01:26.505000,0 days 02:01:51.154000,288.0,259.0,254.0,294.0,False,HARD,40.0,True,Renault,0 days 02:00:21.582000,,1,6.0,,,False,True
0 days 00:34:59.825000,VER,33,0 days 00:01:36.913000,1.0,1.0,,,,0 days 00:00:37.985000,0 days 00:00:25.688000,,0 days 00:34:34.210000,0 days 00:34:59.925000,301.0,255.0,248.0,291.0,False,MEDIUM,4.0,False,Red Bull Racing,0 days 00:33:22.751000,,1,3.0,,,False,False
0 days 00:37:06.151000,VER,33,0 days 00:02:06.326000,2.0,1.0,,,0 days 00:00:36.070000,0 days 00:00:53.173000,0 days 00:00:37.083000,0 days 00:35:35.965000,0 days 00:36:29.138000,0 days 00:37:06.221000,140.0,202.0,102.0,248.0,True,MEDIUM,5.0,False,Red Bull Racing,0 days 00:34:59.825000,,124,3.0,,,False,False
0 days 00:39:36.336000,VER,33,,3.0,1.0,,,0 days 00:00:48.454000,0 days 00:01:00.205000,0 days 00:00:41.563000,0 days 00:37:54.690000,0 days 00:38:54.843000,0 days 00:39:36.495000,125.0,150.0,84.0,226.0,False,MEDIUM,6.0,False,Red Bull Racing,0 days 00:37:06.151000,,4,3.0,,,False,False
0 days 00:42:09.302000,VER,33,,4.0,1.0,,,0 days 00:00:47.043000,0 days 00:01:04.698000,0 days 00:00:41.256000,0 days 00:40:23.502000,0 days 00:41:28.195000,0 days 00:42:09.505000,161.0,145.0,99.0,203.0,False,MEDIUM,7.0,False,Red Bull Racing,0 days 00:39:36.336000,,4,3.0,,,False,False
0 days 00:44:28.054000,VER,33,0 days 00:02:18.752000,5.0,1.0,,,0 days 00:00:43.655000,0 days 00:00:59.319000,0 days 00:00:35.778000,0 days 00:42:53.027000,0 days 00:43:52.346000,0 days 00:44:28.124000,247.0,197.0,247.0,147.0,False,MEDIUM,8.0,False,Red Bull Racing,0 days 00:42:09.302000,,41,3.0,,,False,False
0 days 00:46:00.013000,VER,33,0 days 00:01:31.959000,6.0,1.0,,,0 days 00:00:29.223000,0 days 00:00:37.280000,0 days 00:00:25.456000,0 days 00:44:57.347000,0 days 00:45:34.627000,0 days 00:46:00.083000,283.0,255.0,250.0,291.0,True,MEDIUM,9.0,False,Red Bull Racing,0 days 00:44:28.054000,,1,3.0,,,False,True
0 days 00:47:32.031000,VER,33,0 days 00:01:32.018000,7.0,1.0,,,0 days 00:00:29.292000,0 days 00:00:37.194000,0 days 00:00:25.532000,0 days 00:46:29.375000,0 days 00:47:06.569000,0 days 00:47:32.101000,282.0,255.0,250.0,288.0,False,MEDIUM,10.0,False,Red Bull Racing,0 days 00:46:00.013000,,1,3.0,,,False,True
0 days 00:49:03.405000,VER,33,0 days 00:01:31.374000,8.0,1.0,,,0 days 00:00:29.192000,0 days 00:00:36.890000,0 days 00:00:25.292000,0 days 00:48:01.293000,0 days 00:48:38.183000,0 days 00:49:03.475000,281.0,255.0,251.0,289.0,True,MEDIUM,11.0,False,Red Bull Racing,0 days 00:47:32.031000,,1,3.0,,,False,True
0 days 00:50:34.865000,VER,33,0 days 00:01:31.460000,9.0,1.0,,,0 days 00:00:29.273000,0 days 00:00:36.864000,0 days 00:00:25.323000,0 days 00:49:32.748000,0 days 00:50:09.612000,0 days 00:50:34.935000,284.0,256.0,250.0,290.0,False,MEDIUM,12.0,False,Red Bull Racing,0 days 00:49:03.405000,,1,3.0,,,False,True
0 days 00:52:06.008000,VER,33,0 days 00:01:31.143000,10.0,1.0,,,0 days 00:00:29.150000,0 days 00:00:36.872000,0 days 00:00:25.121000,0 days 00:51:04.085000,0 days 00:51:40.957000,0 days 00:52:06.078000,285.0,256.0,251.0,292.0,True,MEDIUM,13.0,False,Red Bull Racing,0 days 00:50:34.865000,,1,3.0,,,False,True
0 days 00:53:37.212000,VER,33,0 days 00:01:31.204000,11.0,1.0,,,0 days 00:00:29.200000,0 days 00:00:36.800000,0 days 00:00:25.204000,0 days 00:52:35.278000,0 days 00:53:12.078000,0 days 00:53:37.282000,285.0,257.0,251.0,291.0,False,MEDIUM,14.0,False,Red Bull Racing,0 days 00:52:06.008000,,1,3.0,,,False,True
0 days 00:55:08.393000,VER,33,0 days 00:01:31.181000,12.0,1.0,,,0 days 00:00:29.207000,0 days 00:00:36.771000,0 days 00:00:25.203000,0 days 00:54:06.489000,0 days 00:54:43.260000,0 days 00:55:08.463000,287.0,257.0,231.0,291.0,False,MEDIUM,15.0,False,Red Bull Racing,0 days 00:53:37.212000,,124,3.0,,,False,False
0 days 00:57:17.233000,VER,33,0 days 00:02:08.840000,13.0,1.0,,0 days 00:57:11.416000,0 days 00:00:44.653000,0 days 00:00:55.888000,0 days 00:00:28.299000,0 days 00:55:53.116000,0 days 00:56:49.004000,0 days 00:57:17.303000,184.0,220.0,,269.0,False,MEDIUM,16.0,False,Red Bull Racing,0 days 00:55:08.393000,,4,3.0,,,False,False
0 days 00:59:58.334000,VER,33,,14.0,2.0,0 days 00:57:39.868000,,0 days 00:00:56.510000,0 days 00:00:59.443000,0 days 00:00:45.065000,0 days 00:58:13.896000,0 days 00:59:13.361000,0 days 00:59:58.485000,214.0,110.0,111.0,174.0,False,HARD,1.0,True,Red Bull Racing,0 days 00:57:17.233000,,4,3.0,,,False,False
0 days 01:02:30.138000,VER,33,,15.0,2.0,,,0 days 00:00:45.504000,0 days 00:01:05.617000,0 days 00:00:40.744000,0 days 01:00:43.922000,0 days 01:01:49.464000,0 days 01:02:30.361000,192.0,211.0,136.0,237.0,False,HARD,2.0,True,Red Bull Racing,0 days 00:59:58.334000,,4,3.0,,,False,False
0 days 01:05:07.656000,VER,33,,16.0,2.0,,,0 days 00:00:49.033000,0 days 00:01:07.658000,0 days 00:00:40.822000,0 days 01:03:19.288000,0 days 01:04:26.904000,0 days 01:05:07.872000,177.0,219.0,166.0,236.0,False,HARD,3.0,True,Red Bull Racing,0 days 01:02:30.138000,,4,3.0,,,False,False
0 days 01:07:41.718000,VER,33,,17.0,2.0,,,0 days 00:00:46.420000,0 days 00:01:05.837000,0 days 00:00:41.838000,0 days 01:05:54.113000,0 days 01:07:00.039000,0 days 01:07:41.975000,213.0,159.0,138.0,226.0,False,HARD,4.0,True,Red Bull Racing,0 days 01:05:07.656000,,4,3.0,,,False,False
0 days 01:10:03.639000,VER,33,0 days 00:02:21.921000,18.0,2.0,,,0 days 00:00:42.263000,0 days 00:01:01.467000,0 days 00:00:38.191000,0 days 01:08:24.051000,0 days 01:09:25.518000,0 days 01:10:03.709000,221.0,201.0,242.0,245.0,False,HARD,5.0,True,Red Bull Racing,0 days 01:07:41.718000,,41,3.0,,,False,False
0 days 01:11:35.973000,VER,33,0 days 00:01:32.334000,19.0,2.0,,,0 days 00:00:29.620000,0 days 00:00:37.338000,0 days 00:00:25.376000,0 days 01:10:33.329000,0 days 01:11:10.667000,0 days 01:11:36.043000,282.0,255.0,252.0,292.0,False,HARD,6.0,True,Red Bull Racing,0 days 01:10:03.639000,,1,3.0,,,False,True
0 days 01:13:07.069000,VER,33,0 days 00:01:31.096000,20.0,2.0,,,0 days 00:00:29.093000,0 days 00:00:36.769000,0 days 00:00:25.234000,0 days 01:12:05.136000,0 days 01:12:41.905000,0 days 01:13:07.139000,281.0,255.0,252.0,291.0,True,HARD,7.0,True,Red Bull Racing,0 days 01:11:35.973000,,1,3.0,,,False,True
0 days 01:14:37.899000,VER,33,0 days 00:01:30.830000,21.0,2.0,,,0 days 00:00:29.164000,0 days 00:00:36.769000,0 days 00:00:24.897000,0 days 01:13:36.303000,0 days 01:14:13.072000,0 days 01:14:37.969000,285.0,258.0,252.0,306.0,True,HARD,8.0,True,Red Bull Racing,0 days 01:13:07.069000,,1,3.0,,,False,True
0 days 01:16:08.402000,VER,33,0 days 00:01:30.503000,22.0,2.0,,,0 days 00:00:29.054000,0 days 00:00:36.541000,0 days 00:00:24.908000,0 days 01:15:07.023000,0 days 01:15:43.564000,0 days 01:16:08.472000,285.0,258.0,252.0,293.0,True,HARD,9.0,True,Red Bull Racing,0 days 01:14:37.899000,,1,3.0,,,False,True
0 days 01:17:39.148000,VER,33,0 days 00:01:30.746000,23.0,2.0,,,0 days 00:00:29.225000,0 days 00:00:36.510000,0 days 00:00:25.011000,0 days 01:16:37.697000,0 days 01:17:14.207000,0 days 01:17:39.218000,286.0,258.0,253.0,292.0,False,HARD,10.0,True,Red Bull Racing,0 days 01:16:08.402000,,1,3.0,,,False,True
0 days 01:19:10.178000,VER,33,0 days 00:01:31.030000,24.0,2.0,,,0 days 00:00:29.438000,0 days 00:00:36.578000,0 days 00:00:25.014000,0 days 01:18:08.656000,0 days 01:18:45.234000,0 days 01:19:10.248000,284.0,257.0,251.0,293.0,False,HARD,11.0,True,Red Bull Racing,0 days 01:17:39.148000,,1,3.0,,,False,True
0 days 01:20:40.554000,VER,33,0 days 00:01:30.376000,25.0,2.0,,,0 days 00:00:29.153000,0 days 00:00:36.397000,0 days 00:00:24.826000,0 days 01:19:39.401000,0 days 01:20:15.798000,0 days 01:20:40.624000,285.0,259.0,252.0,295.0,True,HARD,12.0,True,Red Bull Racing,0 days 01:19:10.178000,,1,3.0,,,False,True
0 days 01:22:10.969000,VER,33,0 days 00:01:30.415000,26.0,2.0,,,0 days 00:00:29.063000,0 days 00:00:36.461000,0 days 00:00:24.891000,0 days 01:21:09.687000,0 days 01:21:46.148000,0 days 01:22:11.039000,286.0,259.0,252.0,294.0,False,HARD,13.0,True,Red Bull Racing,0 days 01:20:40.554000,,1,3.0,,,False,True
0 days 01:23:41.586000,VER,33,0 days 00:01:30.617000,27.0,2.0,,,0 days 00:00:29.007000,0 days 00:00:36.539000,0 days 00:00:25.071000,0 days 01:22:40.046000,0 days 01:23:16.585000,0 days 01:23:41.656000,285.0,258.0,252.0,292.0,False,HARD,14.0,True,Red Bull Racing,0 days 01:22:10.969000,,1,3.0,,,False,True
0 days 01:25:12.033000,VER,33,0 days 00:01:30.447000,28.0,2.0,,,0 days 00:00:29.054000,0 days 00:00:36.453000,0 days 00:00:24.940000,0 days 01:24:10.710000,0 days 01:24:47.163000,0 days 01:25:12.103000,286.0,261.0,253.0,292.0,False,HARD,15.0,True,Red Bull Racing,0 days 01:23:41.586000,,1,3.0,,,False,True
0 days 01:26:42.666000,VER,33,0 days 00:01:30.633000,29.0,2.0,,,0 days 00:00:29.084000,0 days 00:00:36.530000,0 days 00:00:25.019000,0 days 01:25:41.187000,0 days 01:26:17.717000,0 days 01:26:42.736000,286.0,260.0,253.0,292.0,False,HARD,16.0,True,Red Bull Racing,0 days 01:25:12.033000,,1,3.0,,,False,True
0 days 01:28:13.083000,VER,33,0 days 00:01:30.417000,30.0,2.0,,,0 days 00:00:29.001000,0 days 00:00:36.555000,0 days 00:00:24.861000,0 days 01:27:11.737000,0 days 01:27:48.292000,0 days 01:28:13.153000,286.0,261.0,254.0,291.0,False,HARD,17.0,True,Red Bull Racing,0 days 01:26:42.666000,,1,3.0,,,False,True
0 days 01:29:43.069000,VER,33,0 days 00:01:29.986000,31.0,2.0,,,0 days 00:00:28.899000,0 days 00:00:36.379000,0 days 00:00:24.708000,0 days 01:28:42.052000,0 days 01:29:18.431000,0 days 01:29:43.139000,285.0,262.0,253.0,291.0,True,HARD,18.0,True,Red Bull Racing,0 days 01:28:13.083000,,1,3.0,,,False,True
0 days 01:31:13.170000,VER,33,0 days 00:01:30.101000,32.0,2.0,,,0 days 00:00:28.861000,0 days 00:00:36.400000,0 days 00:00:24.840000,0 days 01:30:12,0 days 01:30:48.400000,0 days 01:31:13.240000,286.0,261.0,254.0,291.0,False,HARD,19.0,True,Red Bull Racing,0 days 01:29:43.069000,,1,3.0,,,False,True
0 days 01:32:42.971000,VER,33,0 days 00:01:29.801000,33.0,2.0,,,0 days 00:00:28.810000,0 days 00:00:36.231000,0 days 00:00:24.760000,0 days 01:31:42.050000,0 days 01:32:18.281000,0 days 01:32:43.041000,287.0,261.0,254.0,293.0,True,HARD,20.0,True,Red Bull Racing,0 days 01:31:13.170000,,1,3.0,,,False,True
0 days 01:34:12.754000,VER,33,0 days 00:01:29.783000,34.0,2.0,,,0 days 00:00:28.789000,0 days 00:00:36.306000,0 days 00:00:24.688000,0 days 01:33:11.830000,0 days 01:33:48.136000,0 days 01:34:12.824000,283.0,262.0,254.0,292.0,True,HARD,21.0,True,Red Bull Racing,0 days 01:32:42.971000,,1,3.0,,,False,True
0 days 01:35:42.934000,VER,33,0 days 00:01:30.180000,35.0,2.0,,,0 days 00:00:28.987000,0 days 00:00:36.234000,0 days 00:00:24.959000,0 days 01:34:41.811000,0 days 01:35:18.045000,0 days 01:35:43.004000,282.0,260.0,254.0,287.0,False,HARD,22.0,True,Red Bull Racing,0 days 01:34:12.754000,,1,3.0,,,False,True
0 days 01:37:12.851000,VER,33,0 days 00:01:29.917000,36.0,2.0,,,0 days 00:00:28.846000,0 days 00:00:36.233000,0 days 00:00:24.838000,0 days 01:36:11.850000,0 days 01:36:48.083000,0 days 01:37:12.921000,283.0,260.0,255.0,288.0,False,HARD,23.0,True,Red Bull Racing,0 days 01:35:42.934000,,1,3.0,,,False,True
0 days 01:38:42.916000,VER,33,0 days 00:01:30.065000,37.0,2.0,,,0 days 00:00:28.935000,0 days 00:00:36.233000,0 days 00:00:24.897000,0 days 01:37:41.856000,0 days 01:38:18.089000,0 days 01:38:42.986000,285.0,261.0,254.0,290.0,False,HARD,24.0,True,Red Bull Racing,0 days 01:37:12.851000,,1,3.0,,,False,True
0 days 01:40:13.156000,VER,33,0 days 00:01:30.240000,38.0,2.0,,,0 days 00:00:28.831000,0 days 00:00:36.426000,0 days 00:00:24.983000,0 days 01:39:11.817000,0 days 01:39:48.243000,0 days 01:40:13.226000,288.0,261.0,255.0,290.0,False,HARD,25.0,True,Red Bull Racing,0 days 01:38:42.916000,,1,3.0,,,False,True
0 days 01:41:43.161000,VER,33,0 days 00:01:30.005000,39.0,2.0,,,0 days 00:00:28.810000,0 days 00:00:36.397000,0 days 00:00:24.798000,0 days 01:40:42.036000,0 days 01:41:18.433000,0 days 01:41:43.231000,288.0,261.0,254.0,291.0,False,HARD,26.0,True,Red Bull Racing,0 days 01:40:13.156000,,1,3.0,,,False,True
0 days 01:43:13.146000,VER,33,0 days 00:01:29.985000,40.0,2.0,,,0 days 00:00:28.790000,0 days 00:00:36.404000,0 days 00:00:24.791000,0 days 01:42:12.021000,0 days 01:42:48.425000,0 days 01:43:13.216000,288.0,262.0,253.0,292.0,False,HARD,27.0,True,Red Bull Racing,0 days 01:41:43.161000,,1,3.0,,,False,True
0 days 01:44:42.216000,VER,33,0 days 00:01:29.070000,41.0,2.0,,,0 days 00:00:28.519000,0 days 00:00:36.008000,0 days 00:00:24.543000,0 days 01:43:41.735000,0 days 01:44:17.743000,0 days 01:44:42.286000,289.0,264.0,254.0,294.0,True,HARD,28.0,True,Red Bull Racing,0 days 01:43:13.146000,,1,3.0,,,False,True
0 days 01:46:11.605000,VER,33,0 days 00:01:29.389000,42.0,2.0,,,0 days 00:00:28.691000,0 days 00:00:36.127000,0 days 00:00:24.571000,0 days 01:45:10.977000,0 days 01:45:47.104000,0 days 01:46:11.675000,287.0,263.0,254.0,294.0,False,HARD,29.0,True,Red Bull Racing,0 days 01:44:42.216000,,1,3.0,,,False,True
0 days 01:47:41.424000,VER,33,0 days 00:01:29.819000,43.0,2.0,,,0 days 00:00:28.901000,0 days 00:00:36.054000,0 days 00:00:24.864000,0 days 01:46:40.576000,0 days 01:47:16.630000,0 days 01:47:41.494000,289.0,262.0,254.0,291.0,False,HARD,30.0,True,Red Bull Racing,0 days 01:46:11.605000,,1,3.0,,,False,True
0 days 01:49:11.095000,VER,33,0 days 00:01:29.671000,44.0,2.0,,,0 days 00:00:28.875000,0 days 00:00:35.972000,0 days 00:00:24.824000,0 days 01:48:10.369000,0 days 01:48:46.341000,0 days 01:49:11.165000,286.0,263.0,255.0,291.0,False,HARD,31.0,True,Red Bull Racing,0 days 01:47:41.424000,,1,3.0,,,False,True
0 days 01:50:40.450000,VER,33,0 days 00:01:29.355000,45.0,2.0,,,0 days 00:00:28.836000,0 days 00:00:35.926000,0 days 00:00:24.593000,0 days 01:49:40.001000,0 days 01:50:15.927000,0 days 01:50:40.520000,283.0,262.0,256.0,290.0,False,HARD,32.0,True,Red Bull Racing,0 days 01:49:11.095000,,1,3.0,,,False,True
0 days 01:52:10.496000,VER,33,0 days 00:01:30.046000,46.0,2.0,,,0 days 00:00:29.075000,0 days 00:00:36.221000,0 days 00:00:24.750000,0 days 01:51:09.595000,0 days 01:51:45.816000,0 days 01:52:10.566000,283.0,263.0,255.0,290.0,False,HARD,33.0,True,Red Bull Racing,0 days 01:50:40.450000,,1,3.0,,,False,True
0 days 01:53:40.224000,VER,33,0 days 00:01:29.728000,47.0,2.0,,,0 days 00:00:28.962000,0 days 00:00:35.972000,0 days 00:00:24.794000,0 days 01:52:39.528000,0 days 01:53:15.500000,0 days 01:53:40.294000,284.0,261.0,255.0,293.0,False,HARD,34.0,True,Red Bull Racing,0 days 01:52:10.496000,,1,3.0,,,False,True
0 days 01:55:09.796000,VER,33,0 days 00:01:29.572000,48.0,2.0,,,0 days 00:00:28.857000,0 days 00:00:35.997000,0 days 00:00:24.718000,0 days 01:54:09.151000,0 days 01:54:45.148000,0 days 01:55:09.866000,284.0,262.0,256.0,294.0,False,HARD,35.0,True,Red Bull Racing,0 days 01:53:40.224000,,12,3.0,,,False,True
0 days 01:56:39.471000,VER,33,0 days 00:01:29.675000,49.0,2.0,,,0 days 00:00:28.926000,0 days 00:00:36.053000,0 days 00:00:24.696000,0 days 01:55:38.792000,0 days 01:56:14.845000,0 days 01:56:39.541000,284.0,263.0,257.0,291.0,False,HARD,36.0,True,Red Bull Racing,0 days 01:55:09.796000,,1,3.0,,,False,True
0 days 01:58:11.168000,VER,33,0 days 00:01:31.697000,50.0,2.0,,0 days 01:58:05.390000,0 days 00:00:29.495000,0 days 00:00:37.379000,0 days 00:00:24.823000,0 days 01:57:09.036000,0 days 01:57:46.415000,0 days 01:58:11.238000,284.0,260.0,,292.0,False,HARD,37.0,True,Red Bull Racing,0 days 01:56:39.471000,,1,2.0,,,False,False
0 days 02:00:02.880000,VER,33,0 days 00:01:51.712000,51.0,3.0,0 days 01:58:33.646000,,0 days 00:00:48.955000,0 days 00:00:36.853000,0 days 00:00:25.904000,0 days 01:59:00.193000,0 days 01:59:37.046000,0 days 02:00:02.950000,282.0,243.0,257.0,277.0,False,SOFT,4.0,False,Red Bull Racing,0 days 01:58:11.168000,,1,2.0,,,False,False
0 days 02:01:29.977000,VER,33,0 days 00:01:27.097000,52.0,3.0,,,0 days 00:00:28.033000,0 days 00:00:35.017000,0 days 00:00:24.047000,0 days 02:00:30.983000,0 days 02:01:06,0 days 02:01:30.047000,291.0,265.0,256.0,299.0,True,SOFT,5.0,False,Red Bull Racing,0 days 02:00:02.880000,,1,2.0,,,False,True
0 days 00:35:02.833000,NOR,4,0 days 00:01:39.921000,1.0,1.0,,,,0 days 00:00:40.271000,0 days 00:00:26.259000,,0 days 00:34:36.636000,0 days 00:35:02.952000,313.0,253.0,250.0,296.0,False,SOFT,4.0,False,McLaren,0 days 00:33:22.751000,,1,7.0,,,False,False
0 days 00:37:12.556000,NOR,4,0 days 00:02:09.723000,2.0,1.0,,,0 days 00:00:42.424000,0 days 00:00:50.489000,0 days 00:00:36.810000,0 days 00:35:45.319000,0 days 00:36:35.808000,0 days 00:37:12.618000,180.0,212.0,128.0,244.0,True,SOFT,5.0,False,McLaren,0 days 00:35:02.833000,,124,7.0,,,False,False
0 days 00:39:41.779000,NOR,4,0 days 00:02:29.223000,3.0,1.0,,,0 days 00:00:45.823000,0 days 00:01:02.227000,0 days 00:00:41.173000,0 days 00:37:58.441000,0 days 00:39:00.668000,0 days 00:39:41.841000,139.0,134.0,71.0,243.0,False,SOFT,6.0,False,McLaren,0 days 00:37:12.556000,,4,7.0,,,False,False
0 days 00:42:16.342000,NOR,4,,4.0,1.0,,,0 days 00:00:46.229000,0 days 00:01:04.476000,0 days 00:00:43.918000,0 days 00:40:28.060000,0 days 00:41:32.548000,0 days 00:42:16.587000,105.0,138.0,93.0,216.0,False,SOFT,7.0,False,McLaren,0 days 00:39:41.779000,,4,7.0,,,False,False
0 days 00:44:29.640000,NOR,4,0 days 00:02:13.298000,5.0,1.0,,,0 days 00:00:40.948000,0 days 00:00:59.219000,0 days 00:00:33.131000,0 days 00:42:57.352000,0 days 00:43:56.571000,0 days 00:44:29.702000,251.0,167.0,245.0,216.0,False,SOFT,8.0,False,McLaren,0 days 00:42:16.342000,,41,7.0,,,False,False
0 days 00:46:04.381000,NOR,4,0 days 00:01:34.741000,6.0,1.0,,,0 days 00:00:30.244000,0 days 00:00:38.398000,0 days 00:00:26.099000,0 days 00:44:59.946000,0 days 00:45:38.344000,0 days 00:46:04.443000,288.0,255.0,248.0,295.0,True,SOFT,9.0,False,McLaren,0 days 00:44:29.640000,,1,7.0,,,False,True
0 days 00:47:38.659000,NOR,4,0 days 00:01:34.278000,7.0,1.0,,,0 days 00:00:29.828000,0 days 00:00:38.342000,0 days 00:00:26.108000,0 days 00:46:34.271000,0 days 00:47:12.613000,0 days 00:47:38.721000,286.0,255.0,249.0,293.0,True,SOFT,10.0,False,McLaren,0 days 00:46:04.381000,,1,7.0,,,False,True
0 days 00:49:11.712000,NOR,4,0 days 00:01:33.053000,8.0,1.0,,,0 days 00:00:29.482000,0 days 00:00:37.823000,0 days 00:00:25.748000,0 days 00:48:08.203000,0 days 00:48:46.026000,0 days 00:49:11.774000,295.0,257.0,248.0,308.0,True,SOFT,11.0,False,McLaren,0 days 00:47:38.659000,,1,7.0,,,False,True
0 days 00:50:45.126000,NOR,4,0 days 00:01:33.414000,9.0,1.0,,,0 days 00:00:29.514000,0 days 00:00:37.979000,0 days 00:00:25.921000,0 days 00:49:41.288000,0 days 00:50:19.267000,0 days 00:50:45.188000,295.0,256.0,248.0,291.0,False,SOFT,12.0,False,McLaren,0 days 00:49:11.712000,,1,7.0,,,False,True
0 days 00:52:18.290000,NOR,4,0 days 00:01:33.164000,10.0,1.0,,,0 days 00:00:29.581000,0 days 00:00:37.773000,0 days 00:00:25.810000,0 days 00:51:14.769000,0 days 00:51:52.542000,0 days 00:52:18.352000,284.0,257.0,247.0,292.0,False,SOFT,13.0,False,McLaren,0 days 00:50:45.126000,,1,7.0,,,False,True
0 days 00:53:51.049000,NOR,4,0 days 00:01:32.759000,11.0,1.0,,,0 days 00:00:29.531000,0 days 00:00:37.545000,0 days 00:00:25.683000,0 days 00:52:47.883000,0 days 00:53:25.428000,0 days 00:53:51.111000,286.0,259.0,249.0,306.0,True,SOFT,14.0,False,McLaren,0 days 00:52:18.290000,,1,7.0,,,False,True
0 days 00:55:30.782000,NOR,4,0 days 00:01:39.733000,12.0,1.0,,0 days 00:55:24.949000,0 days 00:00:29.742000,0 days 00:00:37.810000,0 days 00:00:32.181000,0 days 00:54:20.853000,0 days 00:54:58.663000,0 days 00:55:30.844000,286.0,257.0,,290.0,False,SOFT,15.0,False,McLaren,0 days 00:53:51.049000,,124,7.0,,,False,False
0 days 00:57:56.914000,NOR,4,0 days 00:02:26.132000,13.0,2.0,0 days 00:55:55.310000,,0 days 00:01:00.105000,0 days 00:00:53.990000,0 days 00:00:32.037000,0 days 00:56:30.949000,0 days 00:57:24.939000,0 days 00:57:56.976000,205.0,230.0,236.0,249.0,False,HARD,1.0,True,McLaren,0 days 00:55:30.782000,,4,9.0,,,False,False
0 days 01:00:05.302000,NOR,4,0 days 00:02:08.388000,14.0,2.0,,,0 days 00:00:38.240000,0 days 00:00:48.035000,0 days 00:00:42.113000,0 days 00:58:35.216000,0 days 00:59:23.251000,0 days 01:00:05.364000,182.0,230.0,106.0,243.0,False,HARD,2.0,True,McLaren,0 days 00:57:56.914000,,4,8.0,,,False,False
0 days 01:02:36.591000,NOR,4,,15.0,2.0,,,0 days 00:00:44.952000,0 days 00:01:09.256000,0 days 00:00:37.037000,0 days 01:00:50.368000,0 days 01:01:59.616000,0 days 01:02:36.731000,153.0,168.0,193.0,266.0,False,HARD,3.0,True,McLaren,0 days 01:00:05.302000,,4,8.0,,,False,False
0 days 01:05:16.432000,NOR,4,,16.0,2.0,,,0 days 00:00:49.264000,0 days 00:01:12.965000,0 days 00:00:37.575000,0 days 01:03:25.961000,0 days 01:04:38.919000,0 days 01:05:16.550000,127.0,191.0,81.0,264.0,False,HARD,4.0,True,McLaren,0 days 01:02:36.591000,,4,8.0,,,False,False
0 days 01:07:48.932000,NOR,4,,17.0,2.0,,,0 days 00:00:44.685000,,,0 days 01:06:01.186000,,,122.0,191.0,83.0,266.0,False,HARD,5.0,True,McLaren,0 days 01:05:16.432000,,4,8.0,,,False,False
0 days 01:10:05.856000,NOR,4,0 days 00:02:16.924000,18.0,2.0,,,0 days 00:00:42.130000,0 days 00:00:59.335000,0 days 00:00:35.459000,0 days 01:08:31.124000,0 days 01:09:30.459000,0 days 01:10:05.918000,226.0,199.0,241.0,223.0,False,HARD,6.0,True,McLaren,0 days 01:07:48.932000,,41,8.0,,,False,False
0 days 01:11:40.371000,NOR,4,0 days 00:01:34.515000,19.0,2.0,,,0 days 00:00:29.867000,0 days 00:00:38.788000,0 days 00:00:25.860000,0 days 01:10:35.785000,0 days 01:11:14.573000,0 days 01:11:40.433000,316.0,255.0,250.0,306.0,False,HARD,7.0,True,McLaren,0 days 01:10:05.856000,,1,7.0,,,False,True
0 days 01:13:13.500000,NOR,4,0 days 00:01:33.129000,20.0,2.0,,,0 days 00:00:29.521000,0 days 00:00:37.973000,0 days 00:00:25.635000,0 days 01:12:09.954000,0 days 01:12:47.927000,0 days 01:13:13.562000,286.0,257.0,251.0,291.0,False,HARD,8.0,True,McLaren,0 days 01:11:40.371000,,1,7.0,,,False,True
0 days 01:14:46.013000,NOR,4,0 days 00:01:32.513000,21.0,2.0,,,0 days 00:00:29.347000,0 days 00:00:37.632000,0 days 00:00:25.534000,0 days 01:13:42.909000,0 days 01:14:20.541000,0 days 01:14:46.075000,290.0,257.0,251.0,295.0,True,HARD,9.0,True,McLaren,0 days 01:13:13.500000,,1,7.0,,,False,True
0 days 01:16:18.165000,NOR,4,0 days 00:01:32.152000,22.0,2.0,,,0 days 00:00:29.287000,0 days 00:00:37.424000,0 days 00:00:25.441000,0 days 01:15:15.362000,0 days 01:15:52.786000,0 days 01:16:18.227000,290.0,256.0,252.0,294.0,True,HARD,10.0,True,McLaren,0 days 01:14:46.013000,,1,7.0,,,False,True
0 days 01:17:50.762000,NOR,4,0 days 00:01:32.597000,23.0,2.0,,,0 days 00:00:29.249000,0 days 00:00:37.800000,0 days 00:00:25.548000,0 days 01:16:47.476000,0 days 01:17:25.276000,0 days 01:17:50.824000,305.0,260.0,252.0,309.0,False,HARD,11.0,True,McLaren,0 days 01:16:18.165000,,1,7.0,,,False,True
0 days 01:19:22.804000,NOR,4,0 days 00:01:32.042000,24.0,2.0,,,0 days 00:00:29.278000,0 days 00:00:37.407000,0 days 00:00:25.357000,0 days 01:18:20.102000,0 days 01:18:57.509000,0 days 01:19:22.866000,302.0,260.0,247.0,326.0,True,HARD,12.0,True,McLaren,0 days 01:17:50.762000,,1,6.0,,,False,True
0 days 01:20:54.869000,NOR,4,0 days 00:01:32.065000,25.0,2.0,,,0 days 00:00:29.435000,0 days 00:00:37.066000,0 days 00:00:25.564000,0 days 01:19:52.301000,0 days 01:20:29.367000,0 days 01:20:54.931000,282.0,258.0,250.0,290.0,False,HARD,13.0,True,McLaren,0 days 01:19:22.804000,,1,6.0,,,False,True
0 days 01:22:26.944000,NOR,4,0 days 00:01:32.075000,26.0,2.0,,,0 days 00:00:29.439000,0 days 00:00:37.289000,0 days 00:00:25.347000,0 days 01:21:24.370000,0 days 01:22:01.659000,0 days 01:22:27.006000,282.0,258.0,250.0,289.0,False,HARD,14.0,True,McLaren,0 days 01:20:54.869000,,1,6.0,,,False,True
0 days 01:23:59.051000,NOR,4,0 days 00:01:32.107000,27.0,2.0,,,0 days 00:00:29.432000,0 days 00:00:37.226000,0 days 00:00:25.449000,0 days 01:22:56.438000,0 days 01:23:33.664000,0 days 01:23:59.113000,283.0,258.0,250.0,290.0,False,HARD,15.0,True,McLaren,0 days 01:22:26.944000,,1,6.0,,,False,True
0 days 01:25:30.697000,NOR,4,0 days 00:01:31.646000,28.0,2.0,,,0 days 00:00:29.257000,0 days 00:00:37.157000,0 days 00:00:25.232000,0 days 01:24:28.370000,0 days 01:25:05.527000,0 days 01:25:30.759000,284.0,258.0,251.0,290.0,True,HARD,16.0,True,McLaren,0 days 01:23:59.051000,,1,6.0,,,False,True
0 days 01:27:02.178000,NOR,4,0 days 00:01:31.481000,29.0,2.0,,,0 days 00:00:29.322000,0 days 00:00:37.006000,0 days 00:00:25.153000,0 days 01:26:00.081000,0 days 01:26:37.087000,0 days 01:27:02.240000,282.0,258.0,251.0,291.0,True,HARD,17.0,True,McLaren,0 days 01:25:30.697000,,1,6.0,,,False,True
0 days 01:28:33.826000,NOR,4,0 days 00:01:31.648000,30.0,2.0,,,0 days 00:00:29.409000,0 days 00:00:37.063000,0 days 00:00:25.176000,0 days 01:27:31.649000,0 days 01:28:08.712000,0 days 01:28:33.888000,284.0,258.0,251.0,290.0,False,HARD,18.0,True,McLaren,0 days 01:27:02.178000,,1,6.0,,,False,True
0 days 01:30:05.262000,NOR,4,0 days 00:01:31.436000,31.0,2.0,,,0 days 00:00:29.307000,0 days 00:00:36.962000,0 days 00:00:25.167000,0 days 01:29:03.195000,0 days 01:29:40.157000,0 days 01:30:05.324000,284.0,260.0,251.0,289.0,True,HARD,19.0,True,McLaren,0 days 01:28:33.826000,,1,6.0,,,False,True
0 days 01:31:36.605000,NOR,4,0 days 00:01:31.343000,32.0,2.0,,,0 days 00:00:29.154000,0 days 00:00:37.015000,0 days 00:00:25.174000,0 days 01:30:34.478000,0 days 01:31:11.493000,0 days 01:31:36.667000,285.0,260.0,251.0,291.0,True,HARD,20.0,True,McLaren,0 days 01:30:05.262000,,1,6.0,,,False,True
0 days 01:33:07.867000,NOR,4,0 days 00:01:31.262000,33.0,2.0,,,0 days 00:00:29.279000,0 days 00:00:36.848000,0 days 00:00:25.135000,0 days 01:32:05.946000,0 days 01:32:42.794000,0 days 01:33:07.929000,285.0,258.0,251.0,293.0,True,HARD,21.0,True,McLaren,0 days 01:31:36.605000,,1,6.0,,,False,True
0 days 01:34:38.842000,NOR,4,0 days 00:01:30.975000,34.0,2.0,,,0 days 00:00:29.109000,0 days 00:00:36.736000,0 days 00:00:25.130000,0 days 01:33:37.038000,0 days 01:34:13.774000,0 days 01:34:38.904000,281.0,259.0,251.0,291.0,True,HARD,22.0,True,McLaren,0 days 01:33:07.867000,,1,6.0,,,False,True
0 days 01:36:10.123000,NOR,4,0 days 00:01:31.281000,35.0,2.0,,,0 days 00:00:29.384000,0 days 00:00:36.909000,0 days 00:00:24.988000,0 days 01:35:08.288000,0 days 01:35:45.197000,0 days 01:36:10.185000,282.0,257.0,251.0,289.0,False,HARD,23.0,True,McLaren,0 days 01:34:38.842000,,1,6.0,,,False,True
0 days 01:37:40.977000,NOR,4,0 days 00:01:30.854000,36.0,2.0,,,0 days 00:00:29.244000,0 days 00:00:36.635000,0 days 00:00:24.975000,0 days 01:36:39.429000,0 days 01:37:16.064000,0 days 01:37:41.039000,284.0,260.0,253.0,291.0,True,HARD,24.0,True,McLaren,0 days 01:36:10.123000,,1,6.0,,,False,True
0 days 01:39:11.577000,NOR,4,0 days 00:01:30.600000,37.0,2.0,,,0 days 00:00:29.157000,0 days 00:00:36.503000,0 days 00:00:24.940000,0 days 01:38:10.196000,0 days 01:38:46.699000,0 days 01:39:11.639000,285.0,261.0,253.0,291.0,True,HARD,25.0,True,McLaren,0 days 01:37:40.977000,,1,6.0,,,False,True
0 days 01:40:42.004000,NOR,4,0 days 00:01:30.427000,38.0,2.0,,,0 days 00:00:29.146000,0 days 00:00:36.423000,0 days 00:00:24.858000,0 days 01:39:40.785000,0 days 01:40:17.208000,0 days 01:40:42.066000,286.0,260.0,253.0,291.0,True,HARD,26.0,True,McLaren,0 days 01:39:11.577000,,1,6.0,,,False,True
0 days 01:42:12.351000,NOR,4,0 days 00:01:30.347000,39.0,2.0,,,0 days 00:00:29.055000,0 days 00:00:36.327000,0 days 00:00:24.965000,0 days 01:41:11.121000,0 days 01:41:47.448000,0 days 01:42:12.413000,287.0,260.0,252.0,293.0,True,HARD,27.0,True,McLaren,0 days 01:40:42.004000,,1,6.0,,,False,True
0 days 01:43:42.867000,NOR,4,0 days 00:01:30.516000,40.0,2.0,,,0 days 00:00:29.074000,0 days 00:00:36.492000,0 days 00:00:24.950000,0 days 01:42:41.487000,0 days 01:43:17.979000,0 days 01:43:42.929000,287.0,262.0,252.0,296.0,False,HARD,28.0,True,McLaren,0 days 01:42:12.351000,,1,6.0,,,False,True
0 days 01:45:12.925000,NOR,4,0 days 00:01:30.058000,41.0,2.0,,,0 days 00:00:28.950000,0 days 00:00:36.241000,0 days 00:00:24.867000,0 days 01:44:11.879000,0 days 01:44:48.120000,0 days 01:45:12.987000,288.0,262.0,253.0,297.0,True,HARD,29.0,True,McLaren,0 days 01:43:42.867000,,1,6.0,,,False,True
0 days 01:46:43.102000,NOR,4,0 days 00:01:30.177000,42.0,2.0,,,0 days 00:00:29.046000,0 days 00:00:36.335000,0 days 00:00:24.796000,0 days 01:45:42.033000,0 days 01:46:18.368000,0 days 01:46:43.164000,286.0,263.0,253.0,297.0,False,HARD,30.0,True,McLaren,0 days 01:45:12.925000,,1,6.0,,,False,True
0 days 01:48:13.311000,NOR,4,0 days 00:01:30.209000,43.0,2.0,,,0 days 00:00:29.135000,0 days 00:00:36.198000,0 days 00:00:24.876000,0 days 01:47:12.299000,0 days 01:47:48.497000,0 days 01:48:13.373000,286.0,262.0,254.0,292.0,False,HARD,31.0,True,McLaren,0 days 01:46:43.102000,,1,6.0,,,False,True
0 days 01:49:43.555000,NOR,4,0 days 00:01:30.244000,44.0,2.0,,,0 days 00:00:29.081000,0 days 00:00:36.328000,0 days 00:00:24.835000,0 days 01:48:42.454000,0 days 01:49:18.782000,0 days 01:49:43.617000,285.0,261.0,254.0,292.0,False,HARD,32.0,True,McLaren,0 days 01:48:13.311000,,1,6.0,,,False,True
0 days 01:51:13.651000,NOR,4,0 days 00:01:30.096000,45.0,2.0,,,0 days 00:00:29.044000,0 days 00:00:36.266000,0 days 00:00:24.786000,0 days 01:50:12.661000,0 days 01:50:48.927000,0 days 01:51:13.713000,281.0,260.0,254.0,291.0,False,HARD,33.0,True,McLaren,0 days 01:49:43.555000,,1,6.0,,,False,True
0 days 01:52:43.942000,NOR,4,0 days 00:01:30.291000,46.0,2.0,,,0 days 00:00:29.190000,0 days 00:00:36.195000,0 days 00:00:24.906000,0 days 01:51:42.903000,0 days 01:52:19.098000,0 days 01:52:44.004000,284.0,260.0,253.0,290.0,False,HARD,34.0,True,McLaren,0 days 01:51:13.651000,,1,6.0,,,False,True
0 days 01:54:14.108000,NOR,4,0 days 00:01:30.166000,47.0,2.0,,,0 days 00:00:29.119000,0 days 00:00:36.256000,0 days 00:00:24.791000,0 days 01:53:13.123000,0 days 01:53:49.379000,0 days 01:54:14.170000,284.0,262.0,255.0,294.0,False,HARD,35.0,True,McLaren,0 days 01:52:43.942000,,1,6.0,,,False,True
0 days 01:55:44.166000,NOR,4,0 days 00:01:30.058000,48.0,2.0,,,0 days 00:00:29.078000,0 days 00:00:36.131000,0 days 00:00:24.849000,0 days 01:54:43.248000,0 days 01:55:19.379000,0 days 01:55:44.228000,283.0,260.0,253.0,293.0,False,HARD,36.0,True,McLaren,0 days 01:54:14.108000,,12,6.0,,,False,True
0 days 01:57:15.339000,NOR,4,0 days 00:01:31.173000,49.0,2.0,,,0 days 00:00:28.988000,0 days 00:00:36.307000,0 days 00:00:25.878000,0 days 01:56:13.216000,0 days 01:56:49.523000,0 days 01:57:15.401000,285.0,261.0,254.0,294.0,False,HARD,37.0,True,McLaren,0 days 01:55:44.166000,,1,7.0,,,False,True
0 days 01:58:45.917000,NOR,4,0 days 00:01:30.578000,50.0,2.0,,,0 days 00:00:29.047000,0 days 00:00:36.570000,0 days 00:00:24.961000,0 days 01:57:44.448000,0 days 01:58:21.018000,0 days 01:58:45.979000,295.0,261.0,253.0,295.0,False,HARD,38.0,True,McLaren,0 days 01:57:15.339000,,1,7.0,,,False,True
0 days 02:00:16.296000,NOR,4,0 days 00:01:30.379000,51.0,2.0,,,0 days 00:00:28.984000,0 days 00:00:36.443000,0 days 00:00:24.952000,0 days 01:59:14.963000,0 days 01:59:51.406000,0 days 02:00:16.358000,287.0,263.0,253.0,296.0,False,HARD,39.0,True,McLaren,0 days 01:58:45.917000,,1,5.0,,,False,True
0 days 02:01:46.438000,NOR,4,0 days 00:01:30.142000,52.0,2.0,,,0 days 00:00:28.987000,0 days 00:00:36.300000,0 days 00:00:24.855000,0 days 02:00:45.345000,0 days 02:01:21.645000,0 days 02:01:46.500000,287.0,259.0,253.0,298.0,False,HARD,40.0,True,McLaren,0 days 02:00:16.296000,,1,5.0,,,False,True
0 days 00:34:56.922000,HAM,44,0 days 00:01:34.010000,1.0,1.0,,,,0 days 00:00:37.157000,0 days 00:00:24.870000,,0 days 00:34:32.144000,0 days 00:34:57.058000,295.0,255.0,250.0,293.0,False,MEDIUM,4.0,False,Mercedes,0 days 00:33:22.751000,,1,1.0,,,False,False
0 days 00:37:03.367000,HAM,44,0 days 00:02:06.445000,2.0,1.0,,,0 days 00:00:34.863000,0 days 00:00:54.807000,0 days 00:00:36.775000,0 days 00:35:31.788000,0 days 00:36:26.595000,0 days 00:37:03.370000,85.0,215.0,100.0,269.0,True,MEDIUM,5.0,False,Mercedes,0 days 00:34:56.922000,,124,1.0,,,False,False
0 days 00:39:34.594000,HAM,44,,3.0,1.0,,,0 days 00:00:50.254000,0 days 00:00:59.842000,0 days 00:00:41.105000,0 days 00:37:53.650000,0 days 00:38:53.513000,0 days 00:39:34.695000,99.0,149.0,81.0,223.0,False,MEDIUM,6.0,False,Mercedes,0 days 00:37:03.367000,,4,1.0,,,False,False
0 days 00:42:07.429000,HAM,44,,4.0,1.0,,,0 days 00:00:46.827000,0 days 00:01:04.918000,0 days 00:00:41.129000,0 days 00:40:21.385000,0 days 00:41:26.372000,0 days 00:42:07.580000,194.0,170.0,99.0,240.0,False,MEDIUM,7.0,False,Mercedes,0 days 00:39:34.594000,,4,1.0,,,False,False
0 days 00:44:26.362000,HAM,44,0 days 00:02:18.933000,5.0,1.0,,,0 days 00:00:43.592000,0 days 00:00:59.048000,0 days 00:00:36.293000,0 days 00:42:51.024000,0 days 00:43:50.072000,0 days 00:44:26.365000,150.0,190.0,248.0,213.0,False,MEDIUM,8.0,False,Mercedes,0 days 00:42:07.429000,,41,1.0,,,False,False
0 days 00:45:56.895000,HAM,44,0 days 00:01:30.533000,6.0,1.0,,,0 days 00:00:29.008000,0 days 00:00:36.747000,0 days 00:00:24.778000,0 days 00:44:55.373000,0 days 00:45:32.120000,0 days 00:45:56.898000,290.0,257.0,251.0,294.0,True,MEDIUM,9.0,False,Mercedes,0 days 00:44:26.362000,,1,1.0,,,False,True
0 days 00:47:28.038000,HAM,44,0 days 00:01:31.143000,7.0,1.0,,,0 days 00:00:29.182000,0 days 00:00:36.873000,0 days 00:00:25.088000,0 days 00:46:26.080000,0 days 00:47:02.953000,0 days 00:47:28.041000,285.0,254.0,250.0,290.0,False,MEDIUM,10.0,False,Mercedes,0 days 00:45:56.895000,,1,1.0,,,False,True
0 days 00:48:58.981000,HAM,44,0 days 00:01:30.943000,8.0,1.0,,,0 days 00:00:29.172000,0 days 00:00:36.887000,0 days 00:00:24.884000,0 days 00:47:57.213000,0 days 00:48:34.100000,0 days 00:48:58.984000,286.0,254.0,251.0,292.0,False,MEDIUM,11.0,False,Mercedes,0 days 00:47:28.038000,,1,1.0,,,False,True
0 days 00:50:29.849000,HAM,44,0 days 00:01:30.868000,9.0,1.0,,,0 days 00:00:29.178000,0 days 00:00:36.775000,0 days 00:00:24.915000,0 days 00:49:28.162000,0 days 00:50:04.937000,0 days 00:50:29.852000,286.0,255.0,251.0,292.0,False,MEDIUM,12.0,False,Mercedes,0 days 00:48:58.981000,,1,1.0,,,False,True
0 days 00:52:00.687000,HAM,44,0 days 00:01:30.838000,10.0,1.0,,,0 days 00:00:29.263000,0 days 00:00:36.675000,0 days 00:00:24.900000,0 days 00:50:59.115000,0 days 00:51:35.790000,0 days 00:52:00.690000,288.0,256.0,251.0,291.0,False,MEDIUM,13.0,False,Mercedes,0 days 00:50:29.849000,,1,1.0,,,False,True
0 days 00:53:31.590000,HAM,44,0 days 00:01:30.903000,11.0,1.0,,,0 days 00:00:29.262000,0 days 00:00:36.662000,0 days 00:00:24.979000,0 days 00:52:29.952000,0 days 00:53:06.614000,0 days 00:53:31.593000,286.0,255.0,251.0,290.0,False,MEDIUM,14.0,False,Mercedes,0 days 00:52:00.687000,,1,1.0,,,False,True
0 days 00:55:02.295000,HAM,44,0 days 00:01:30.705000,12.0,1.0,,,0 days 00:00:29.204000,0 days 00:00:36.632000,0 days 00:00:24.869000,0 days 00:54:00.797000,0 days 00:54:37.429000,0 days 00:55:02.298000,288.0,257.0,252.0,292.0,False,MEDIUM,15.0,False,Mercedes,0 days 00:53:31.590000,,12,1.0,,,False,True
0 days 00:57:08.129000,HAM,44,0 days 00:02:05.834000,13.0,1.0,,0 days 00:57:02.246000,0 days 00:00:39.506000,0 days 00:00:53.984000,0 days 00:00:32.344000,0 days 00:55:41.804000,0 days 00:56:35.788000,0 days 00:57:08.132000,219.0,180.0,,221.0,False,MEDIUM,16.0,False,Mercedes,0 days 00:55:02.295000,,24,1.0,,,False,False
0 days 00:59:55.447000,HAM,44,,14.0,2.0,0 days 00:57:31.070000,,0 days 00:01:00.937000,0 days 00:01:00.906000,0 days 00:00:45.411000,0 days 00:58:09.248000,0 days 00:59:10.039000,0 days 00:59:55.588000,138.0,113.0,145.0,157.0,False,HARD,1.0,True,Mercedes,0 days 00:57:08.129000,,4,1.0,,,False,False
0 days 01:02:27.063000,HAM,44,,15.0,2.0,,,0 days 00:00:46.854000,0 days 00:01:05.130000,0 days 00:00:39.653000,0 days 01:00:42.336000,0 days 01:01:47.413000,0 days 01:02:27.811000,167.0,125.0,169.0,239.0,False,HARD,2.0,True,Mercedes,0 days 00:59:55.447000,,4,1.0,,,False,False
0 days 01:05:05.174000,HAM,44,,16.0,2.0,,,0 days 00:00:50.163000,0 days 00:01:07.853000,0 days 00:00:40.074000,0 days 01:03:17.250000,0 days 01:04:25.112000,0 days 01:05:05.281000,129.0,186.0,166.0,200.0,False,HARD,3.0,True,Mercedes,0 days 01:02:27.063000,,4,1.0,,,False,False
0 days 01:07:39.209000,HAM,44,,17.0,2.0,,,0 days 00:00:46.504000,0 days 00:01:06.495000,0 days 00:00:41.083000,0 days 01:05:51.718000,0 days 01:06:58.229000,0 days 01:07:39.406000,202.0,107.0,160.0,188.0,False,HARD,4.0,True,Mercedes,0 days 01:05:05.174000,,4,1.0,,,False,False
0 days 01:10:02.197000,HAM,44,0 days 00:02:22.988000,18.0,2.0,,,0 days 00:00:43.285000,0 days 00:01:01.091000,0 days 00:00:38.612000,0 days 01:08:22.497000,0 days 01:09:23.588000,0 days 01:10:02.200000,153.0,201.0,246.0,182.0,False,HARD,5.0,True,Mercedes,0 days 01:07:39.209000,,41,1.0,,,False,False
0 days 01:11:32.731000,HAM,44,0 days 00:01:30.534000,19.0,2.0,,,0 days 00:00:29.268000,0 days 00:00:36.544000,0 days 00:00:24.722000,0 days 01:10:31.468000,0 days 01:11:08.012000,0 days 01:11:32.734000,289.0,256.0,250.0,298.0,False,HARD,6.0,True,Mercedes,0 days 01:10:02.197000,,1,1.0,,,False,True
0 days 01:13:03.102000,HAM,44,0 days 00:01:30.371000,20.0,2.0,,,0 days 00:00:29.004000,0 days 00:00:36.568000,0 days 00:00:24.799000,0 days 01:12:01.738000,0 days 01:12:38.306000,0 days 01:13:03.105000,279.0,258.0,252.0,289.0,True,HARD,7.0,True,Mercedes,0 days 01:11:32.731000,,1,1.0,,,False,True
0 days 01:14:33.290000,HAM,44,0 days 00:01:30.188000,21.0,2.0,,,0 days 00:00:29.091000,0 days 00:00:36.452000,0 days 00:00:24.645000,0 days 01:13:32.196000,0 days 01:14:08.648000,0 days 01:14:33.293000,284.0,258.0,252.0,301.0,True,HARD,8.0,True,Mercedes,0 days 01:13:03.102000,,1,1.0,,,False,True
0 days 01:16:03.614000,HAM,44,0 days 00:01:30.324000,22.0,2.0,,,0 days 00:00:29.197000,0 days 00:00:36.390000,0 days 00:00:24.737000,0 days 01:15:02.490000,0 days 01:15:38.880000,0 days 01:16:03.617000,280.0,259.0,252.0,290.0,False,HARD,9.0,True,Mercedes,0 days 01:14:33.290000,,1,1.0,,,False,True
0 days 01:17:33.426000,HAM,44,0 days 00:01:29.812000,23.0,2.0,,,0 days 00:00:29.027000,0 days 00:00:36.151000,0 days 00:00:24.634000,0 days 01:16:32.644000,0 days 01:17:08.795000,0 days 01:17:33.429000,283.0,259.0,252.0,291.0,True,HARD,10.0,True,Mercedes,0 days 01:16:03.614000,,1,1.0,,,False,True
0 days 01:19:03.553000,HAM,44,0 days 00:01:30.127000,24.0,2.0,,,0 days 00:00:29.134000,0 days 00:00:36.277000,0 days 00:00:24.716000,0 days 01:18:02.563000,0 days 01:18:38.840000,0 days 01:19:03.556000,286.0,259.0,252.0,295.0,False,HARD,11.0,True,Mercedes,0 days 01:17:33.426000,,1,1.0,,,False,True
0 days 01:20:33.497000,HAM,44,0 days 00:01:29.944000,25.0,2.0,,,0 days 00:00:29.116000,0 days 00:00:36.268000,0 days 00:00:24.560000,0 days 01:19:32.672000,0 days 01:20:08.940000,0 days 01:20:33.500000,286.0,259.0,253.0,299.0,False,HARD,12.0,True,Mercedes,0 days 01:19:03.553000,,1,1.0,,,False,True
0 days 01:22:03.659000,HAM,44,0 days 00:01:30.162000,26.0,2.0,,,0 days 00:00:29.015000,0 days 00:00:36.539000,0 days 00:00:24.608000,0 days 01:21:02.515000,0 days 01:21:39.054000,0 days 01:22:03.662000,288.0,258.0,251.0,299.0,False,HARD,13.0,True,Mercedes,0 days 01:20:33.497000,,1,1.0,,,False,True
0 days 01:23:33.971000,HAM,44,0 days 00:01:30.312000,27.0,2.0,,,0 days 00:00:29.147000,0 days 00:00:36.457000,0 days 00:00:24.708000,0 days 01:22:32.809000,0 days 01:23:09.266000,0 days 01:23:33.974000,288.0,258.0,251.0,296.0,False,HARD,14.0,True,Mercedes,0 days 01:22:03.659000,,1,1.0,,,False,True
0 days 01:25:04.237000,HAM,44,0 days 00:01:30.266000,28.0,2.0,,,0 days 00:00:29.142000,0 days 00:00:36.545000,0 days 00:00:24.579000,0 days 01:24:03.116000,0 days 01:24:39.661000,0 days 01:25:04.240000,285.0,259.0,251.0,295.0,False,HARD,15.0,True,Mercedes,0 days 01:23:33.971000,,1,1.0,,,False,True
0 days 01:26:34.316000,HAM,44,0 days 00:01:30.079000,29.0,2.0,,,0 days 00:00:29.023000,0 days 00:00:36.350000,0 days 00:00:24.706000,0 days 01:25:33.263000,0 days 01:26:09.613000,0 days 01:26:34.319000,287.0,259.0,252.0,295.0,False,HARD,16.0,True,Mercedes,0 days 01:25:04.237000,,1,1.0,,,False,True
0 days 01:28:04.028000,HAM,44,0 days 00:01:29.712000,30.0,2.0,,,0 days 00:00:28.916000,0 days 00:00:36.191000,0 days 00:00:24.605000,0 days 01:27:03.235000,0 days 01:27:39.426000,0 days 01:28:04.031000,288.0,260.0,252.0,294.0,True,HARD,17.0,True,Mercedes,0 days 01:26:34.316000,,1,1.0,,,False,True
0 days 01:29:33.688000,HAM,44,0 days 00:01:29.660000,31.0,2.0,,,0 days 00:00:28.808000,0 days 00:00:36.277000,0 days 00:00:24.575000,0 days 01:28:32.839000,0 days 01:29:09.116000,0 days 01:29:33.691000,288.0,260.0,252.0,296.0,True,HARD,18.0,True,Mercedes,0 days 01:28:04.028000,,1,1.0,,,False,True
0 days 01:31:03.683000,HAM,44,0 days 00:01:29.995000,32.0,2.0,,,0 days 00:00:28.892000,0 days 00:00:36.320000,0 days 00:00:24.783000,0 days 01:30:02.583000,0 days 01:30:38.903000,0 days 01:31:03.686000,287.0,259.0,252.0,294.0,False,HARD,19.0,True,Mercedes,0 days 01:29:33.688000,,1,1.0,,,False,True
0 days 01:32:33.009000,HAM,44,0 days 00:01:29.326000,33.0,2.0,,,0 days 00:00:28.888000,0 days 00:00:36.019000,0 days 00:00:24.419000,0 days 01:31:32.574000,0 days 01:32:08.593000,0 days 01:32:33.012000,288.0,260.0,252.0,294.0,True,HARD,20.0,True,Mercedes,0 days 01:31:03.683000,,1,1.0,,,False,True
0 days 01:34:02.330000,HAM,44,0 days 00:01:29.321000,34.0,2.0,,,0 days 00:00:28.844000,0 days 00:00:35.989000,0 days 00:00:24.488000,0 days 01:33:01.856000,0 days 01:33:37.845000,0 days 01:34:02.333000,288.0,262.0,253.0,297.0,True,HARD,21.0,True,Mercedes,0 days 01:32:33.009000,,1,1.0,,,False,True
0 days 01:35:32.023000,HAM,44,0 days 00:01:29.693000,35.0,2.0,,,0 days 00:00:28.948000,0 days 00:00:36.173000,0 days 00:00:24.572000,0 days 01:34:31.281000,0 days 01:35:07.454000,0 days 01:35:32.026000,284.0,260.0,252.0,290.0,False,HARD,22.0,True,Mercedes,0 days 01:34:02.330000,,1,1.0,,,False,True
0 days 01:37:01.711000,HAM,44,0 days 00:01:29.688000,36.0,2.0,,,0 days 00:00:28.942000,0 days 00:00:36.084000,0 days 00:00:24.662000,0 days 01:36:00.968000,0 days 01:36:37.052000,0 days 01:37:01.714000,283.0,258.0,252.0,288.0,False,HARD,23.0,True,Mercedes,0 days 01:35:32.023000,,1,1.0,,,False,True
0 days 01:38:31.374000,HAM,44,0 days 00:01:29.663000,37.0,2.0,,,0 days 00:00:28.959000,0 days 00:00:36.098000,0 days 00:00:24.606000,0 days 01:37:30.673000,0 days 01:38:06.771000,0 days 01:38:31.377000,287.0,260.0,251.0,291.0,False,HARD,24.0,True,Mercedes,0 days 01:37:01.711000,,1,1.0,,,False,True
0 days 01:40:00.927000,HAM,44,0 days 00:01:29.553000,38.0,2.0,,,0 days 00:00:28.860000,0 days 00:00:36.126000,0 days 00:00:24.567000,0 days 01:39:00.237000,0 days 01:39:36.363000,0 days 01:40:00.930000,287.0,261.0,252.0,290.0,False,HARD,25.0,True,Mercedes,0 days 01:38:31.374000,,1,1.0,,,False,True
0 days 01:41:30.689000,HAM,44,0 days 00:01:29.762000,39.0,2.0,,,0 days 00:00:28.850000,0 days 00:00:36.180000,0 days 00:00:24.732000,0 days 01:40:29.780000,0 days 01:41:05.960000,0 days 01:41:30.692000,287.0,261.0,252.0,290.0,False,HARD,26.0,True,Mercedes,0 days 01:40:00.927000,,1,1.0,,,False,True
0 days 01:42:59.971000,HAM,44,0 days 00:01:29.282000,40.0,2.0,,,0 days 00:00:28.731000,0 days 00:00:35.997000,0 days 00:00:24.554000,0 days 01:41:59.423000,0 days 01:42:35.420000,0 days 01:42:59.974000,291.0,262.0,253.0,295.0,True,HARD,27.0,True,Mercedes,0 days 01:41:30.689000,,1,1.0,,,False,True
0 days 01:44:29.225000,HAM,44,0 days 00:01:29.254000,41.0,2.0,,,0 days 00:00:28.673000,0 days 00:00:36.122000,0 days 00:00:24.459000,0 days 01:43:28.647000,0 days 01:44:04.769000,0 days 01:44:29.228000,289.0,263.0,253.0,295.0,True,HARD,28.0,True,Mercedes,0 days 01:42:59.971000,,1,1.0,,,False,True
0 days 01:45:58.494000,HAM,44,0 days 00:01:29.269000,42.0,2.0,,,0 days 00:00:28.707000,0 days 00:00:36.062000,0 days 00:00:24.500000,0 days 01:44:57.935000,0 days 01:45:33.997000,0 days 01:45:58.497000,288.0,262.0,253.0,293.0,False,HARD,29.0,True,Mercedes,0 days 01:44:29.225000,,1,1.0,,,False,True
0 days 01:47:28.019000,HAM,44,0 days 00:01:29.525000,43.0,2.0,,,0 days 00:00:28.827000,0 days 00:00:36.097000,0 days 00:00:24.601000,0 days 01:46:27.324000,0 days 01:47:03.421000,0 days 01:47:28.022000,289.0,262.0,253.0,292.0,False,HARD,30.0,True,Mercedes,0 days 01:45:58.494000,,1,1.0,,,False,True
0 days 01:48:57.383000,HAM,44,0 days 00:01:29.364000,44.0,2.0,,,0 days 00:00:28.837000,0 days 00:00:35.990000,0 days 00:00:24.537000,0 days 01:47:56.859000,0 days 01:48:32.849000,0 days 01:48:57.386000,286.0,261.0,253.0,293.0,False,HARD,31.0,True,Mercedes,0 days 01:47:28.019000,,1,1.0,,,False,True
0 days 01:50:26.621000,HAM,44,0 days 00:01:29.238000,45.0,2.0,,,0 days 00:00:28.740000,0 days 00:00:35.988000,0 days 00:00:24.510000,0 days 01:49:26.126000,0 days 01:50:02.114000,0 days 01:50:26.624000,285.0,262.0,254.0,291.0,True,HARD,32.0,True,Mercedes,0 days 01:48:57.383000,,1,1.0,,,False,True
0 days 01:51:56.053000,HAM,44,0 days 00:01:29.432000,46.0,2.0,,,0 days 00:00:28.961000,0 days 00:00:36.048000,0 days 00:00:24.423000,0 days 01:50:55.585000,0 days 01:51:31.633000,0 days 01:51:56.056000,285.0,259.0,254.0,289.0,False,HARD,33.0,True,Mercedes,0 days 01:50:26.621000,,1,1.0,,,False,True
0 days 01:53:25.508000,HAM,44,0 days 00:01:29.455000,47.0,2.0,,,0 days 00:00:28.908000,0 days 00:00:35.983000,0 days 00:00:24.564000,0 days 01:52:24.964000,0 days 01:53:00.947000,0 days 01:53:25.511000,284.0,261.0,254.0,292.0,False,HARD,34.0,True,Mercedes,0 days 01:51:56.053000,,1,1.0,,,False,True
0 days 01:54:55.329000,HAM,44,0 days 00:01:29.821000,48.0,2.0,,,0 days 00:00:28.951000,0 days 00:00:36.306000,0 days 00:00:24.564000,0 days 01:53:54.462000,0 days 01:54:30.768000,0 days 01:54:55.332000,285.0,255.0,254.0,293.0,False,HARD,35.0,True,Mercedes,0 days 01:53:25.508000,,12,1.0,,,False,True
0 days 01:56:25.449000,HAM,44,0 days 00:01:30.120000,49.0,2.0,,,0 days 00:00:28.844000,0 days 00:00:36.511000,0 days 00:00:24.765000,0 days 01:55:24.176000,0 days 01:56:00.687000,0 days 01:56:25.452000,287.0,257.0,253.0,290.0,False,HARD,36.0,True,Mercedes,0 days 01:54:55.329000,,1,1.0,,,False,True
0 days 01:57:56.530000,HAM,44,0 days 00:01:31.081000,50.0,2.0,,,0 days 00:00:28.859000,0 days 00:00:36.863000,0 days 00:00:25.359000,0 days 01:56:54.311000,0 days 01:57:31.174000,0 days 01:57:56.533000,285.0,255.0,251.0,292.0,False,HARD,37.0,True,Mercedes,0 days 01:56:25.449000,,1,1.0,,,False,True
0 days 01:59:28.715000,HAM,44,0 days 00:01:32.185000,51.0,2.0,,,0 days 00:00:29.246000,0 days 00:00:37.638000,0 days 00:00:25.301000,0 days 01:58:25.779000,0 days 01:59:03.417000,0 days 01:59:28.718000,285.0,255.0,251.0,295.0,False,HARD,38.0,True,Mercedes,0 days 01:57:56.530000,,1,1.0,,,False,True
0 days 02:01:24.199000,HAM,44,0 days 00:01:55.484000,52.0,2.0,,,0 days 00:00:29.474000,0 days 00:00:53.526000,0 days 00:00:32.484000,0 days 01:59:58.192000,0 days 02:00:51.718000,0 days 02:01:24.202000,280.0,213.0,183.0,234.0,False,HARD,39.0,True,Mercedes,0 days 01:59:28.715000,,1,1.0,,,False,True
0 days 00:35:04.287000,VET,5,0 days 00:01:41.375000,1.0,1.0,,,,0 days 00:00:40.826000,0 days 00:00:26.369000,,0 days 00:34:37.978000,0 days 00:35:04.443000,288.0,251.0,248.0,305.0,False,SOFT,4.0,False,Ferrari,0 days 00:33:22.751000,,1,10.0,,,False,False
0 days 00:37:16.256000,VET,5,0 days 00:02:11.969000,2.0,1.0,,,0 days 00:00:44.772000,0 days 00:00:50.524000,0 days 00:00:36.673000,0 days 00:35:49.059000,0 days 00:36:39.583000,0 days 00:37:16.256000,136.0,215.0,131.0,268.0,True,SOFT,5.0,False,Ferrari,0 days 00:35:04.287000,,124,10.0,,,False,False
0 days 00:39:44.856000,VET,5,0 days 00:02:28.600000,3.0,1.0,,,0 days 00:00:46.029000,0 days 00:01:01.914000,0 days 00:00:40.657000,0 days 00:38:02.285000,0 days 00:39:04.199000,0 days 00:39:44.856000,161.0,119.0,78.0,225.0,False,SOFT,6.0,False,Ferrari,0 days 00:37:16.256000,,4,10.0,,,False,False
0 days 00:42:19.844000,VET,5,,4.0,1.0,,,0 days 00:00:48.350000,0 days 00:01:04.275000,0 days 00:00:42.337000,0 days 00:40:33.240000,0 days 00:41:37.547000,0 days 00:42:19.985000,250.0,119.0,88.0,256.0,False,SOFT,7.0,False,Ferrari,0 days 00:39:44.856000,,4,10.0,,,False,False
0 days 00:44:30.929000,VET,5,0 days 00:02:11.085000,5.0,1.0,,,0 days 00:00:43.205000,0 days 00:00:55.239000,0 days 00:00:32.641000,0 days 00:43:03.049000,0 days 00:43:58.288000,0 days 00:44:30.929000,209.0,175.0,248.0,195.0,True,SOFT,8.0,False,Ferrari,0 days 00:42:19.844000,,41,10.0,,,False,False
0 days 00:46:06.024000,VET,5,0 days 00:01:35.095000,6.0,1.0,,,0 days 00:00:29.961000,0 days 00:00:39.069000,0 days 00:00:26.065000,0 days 00:45:00.890000,0 days 00:45:39.959000,0 days 00:46:06.024000,303.0,249.0,249.0,306.0,True,SOFT,9.0,False,Ferrari,0 days 00:44:30.929000,,1,10.0,,,False,True
0 days 00:47:40.951000,VET,5,0 days 00:01:34.927000,7.0,1.0,,,0 days 00:00:30.063000,0 days 00:00:38.789000,0 days 00:00:26.075000,0 days 00:46:36.087000,0 days 00:47:14.876000,0 days 00:47:40.951000,291.0,252.0,248.0,306.0,True,SOFT,10.0,False,Ferrari,0 days 00:46:06.024000,,1,10.0,,,False,True
0 days 00:49:14.479000,VET,5,0 days 00:01:33.528000,8.0,1.0,,,0 days 00:00:29.365000,0 days 00:00:38.352000,0 days 00:00:25.811000,0 days 00:48:10.316000,0 days 00:48:48.668000,0 days 00:49:14.479000,303.0,255.0,249.0,316.0,True,SOFT,11.0,False,Ferrari,0 days 00:47:40.951000,,1,10.0,,,False,True
0 days 00:50:47.940000,VET,5,0 days 00:01:33.461000,9.0,1.0,,,0 days 00:00:29.393000,0 days 00:00:38.219000,0 days 00:00:25.849000,0 days 00:49:43.872000,0 days 00:50:22.091000,0 days 00:50:47.940000,306.0,254.0,247.0,316.0,True,SOFT,12.0,False,Ferrari,0 days 00:49:14.479000,,1,10.0,,,False,True
0 days 00:52:21.318000,VET,5,0 days 00:01:33.378000,10.0,1.0,,,0 days 00:00:29.470000,0 days 00:00:38.109000,0 days 00:00:25.799000,0 days 00:51:17.410000,0 days 00:51:55.519000,0 days 00:52:21.318000,300.0,256.0,247.0,316.0,True,SOFT,13.0,False,Ferrari,0 days 00:50:47.940000,,1,10.0,,,False,True
0 days 00:53:54.404000,VET,5,0 days 00:01:33.086000,11.0,1.0,,,0 days 00:00:29.396000,0 days 00:00:38.088000,0 days 00:00:25.602000,0 days 00:52:50.714000,0 days 00:53:28.802000,0 days 00:53:54.404000,305.0,256.0,249.0,318.0,True,SOFT,14.0,False,Ferrari,0 days 00:52:21.318000,,1,10.0,,,False,True
0 days 00:55:33.913000,VET,5,0 days 00:01:39.509000,12.0,1.0,,0 days 00:55:28.047000,0 days 00:00:29.577000,0 days 00:00:38.181000,0 days 00:00:31.751000,0 days 00:54:23.981000,0 days 00:55:02.162000,0 days 00:55:33.913000,306.0,257.0,,239.0,False,SOFT,15.0,False,Ferrari,0 days 00:53:54.404000,,124,10.0,,,False,False
0 days 00:57:58.636000,VET,5,0 days 00:02:24.723000,13.0,2.0,0 days 00:55:57.479000,,0 days 00:00:58.379000,0 days 00:00:53.339000,0 days 00:00:33.005000,0 days 00:56:32.292000,0 days 00:57:25.631000,0 days 00:57:58.636000,179.0,225.0,240.0,240.0,False,HARD,1.0,True,Ferrari,0 days 00:55:33.913000,,4,10.0,,,False,False
0 days 01:00:08.515000,VET,5,0 days 00:02:09.879000,14.0,2.0,,,0 days 00:00:38.927000,0 days 00:00:48.160000,0 days 00:00:42.792000,0 days 00:58:37.563000,0 days 00:59:25.723000,0 days 01:00:08.515000,200.0,211.0,135.0,159.0,False,HARD,2.0,True,Ferrari,0 days 00:57:58.636000,,4,10.0,,,False,False
0 days 01:02:39.839000,VET,5,,15.0,2.0,,,0 days 00:00:45.794000,0 days 00:01:07.680000,0 days 00:00:37.828000,0 days 01:00:54.331000,0 days 01:02:02.030000,0 days 01:02:39.923000,156.0,136.0,132.0,255.0,False,HARD,3.0,True,Ferrari,0 days 01:00:08.515000,,4,10.0,,,False,False
0 days 01:05:19.223000,VET,5,,16.0,2.0,,,0 days 00:00:49.237000,0 days 00:01:12.652000,0 days 00:00:37.522000,0 days 01:03:29.049000,0 days 01:04:41.733000,0 days 01:05:19.365000,194.0,178.0,87.0,232.0,False,HARD,4.0,True,Ferrari,0 days 01:02:39.839000,,4,10.0,,,False,False
0 days 01:07:52.743000,VET,5,,17.0,2.0,,,0 days 00:00:44.643000,0 days 00:01:11.085000,0 days 00:00:37.814000,0 days 01:06:03.844000,0 days 01:07:14.944000,0 days 01:07:52.933000,142.0,71.0,98.0,217.0,False,HARD,5.0,True,Ferrari,0 days 01:05:19.223000,,4,10.0,,,False,False
0 days 01:10:06.847000,VET,5,0 days 00:02:14.104000,18.0,2.0,,,0 days 00:00:42.639000,0 days 00:00:55.823000,0 days 00:00:35.642000,0 days 01:08:35.382000,0 days 01:09:31.205000,0 days 01:10:06.847000,148.0,195.0,242.0,175.0,False,HARD,6.0,True,Ferrari,0 days 01:07:52.743000,,41,10.0,,,False,False
0 days 01:11:42.797000,VET,5,0 days 00:01:35.950000,19.0,2.0,,,0 days 00:00:30.655000,0 days 00:00:39.068000,0 days 00:00:26.227000,0 days 01:10:37.502000,0 days 01:11:16.570000,0 days 01:11:42.797000,308.0,254.0,247.0,301.0,False,HARD,7.0,True,Ferrari,0 days 01:10:06.847000,,1,11.0,,,False,True
0 days 01:13:16.463000,VET,5,0 days 00:01:33.666000,20.0,2.0,,,0 days 00:00:29.632000,0 days 00:00:38.305000,0 days 00:00:25.729000,0 days 01:12:12.429000,0 days 01:12:50.734000,0 days 01:13:16.463000,295.0,254.0,251.0,303.0,False,HARD,8.0,True,Ferrari,0 days 01:11:42.797000,,1,11.0,,,False,True
0 days 01:14:49.098000,VET,5,0 days 00:01:32.635000,21.0,2.0,,,0 days 00:00:29.213000,0 days 00:00:38.009000,0 days 00:00:25.413000,0 days 01:13:45.676000,0 days 01:14:23.685000,0 days 01:14:49.098000,313.0,257.0,251.0,326.0,True,HARD,9.0,True,Ferrari,0 days 01:13:16.463000,,1,11.0,,,False,True
0 days 01:16:21.587000,VET,5,0 days 00:01:32.489000,22.0,2.0,,,0 days 00:00:29.197000,0 days 00:00:37.695000,0 days 00:00:25.597000,0 days 01:15:18.295000,0 days 01:15:55.990000,0 days 01:16:21.587000,313.0,257.0,251.0,318.0,True,HARD,10.0,True,Ferrari,0 days 01:14:49.098000,,1,11.0,,,False,True
0 days 01:17:53.526000,VET,5,0 days 00:01:31.939000,23.0,2.0,,,0 days 00:00:29.128000,0 days 00:00:37.391000,0 days 00:00:25.420000,0 days 01:16:50.715000,0 days 01:17:28.106000,0 days 01:17:53.526000,314.0,261.0,252.0,325.0,True,HARD,11.0,True,Ferrari,0 days 01:16:21.587000,,1,11.0,,,False,True
0 days 01:19:26.005000,VET,5,0 days 00:01:32.479000,24.0,2.0,,,0 days 00:00:29.273000,0 days 00:00:37.889000,0 days 00:00:25.317000,0 days 01:18:22.799000,0 days 01:19:00.688000,0 days 01:19:26.005000,309.0,258.0,250.0,321.0,False,HARD,12.0,True,Ferrari,0 days 01:17:53.526000,,1,11.0,,,False,True
0 days 01:20:58.436000,VET,5,0 days 00:01:32.431000,25.0,2.0,,,0 days 00:00:29.352000,0 days 00:00:37.788000,0 days 00:00:25.291000,0 days 01:19:55.357000,0 days 01:20:33.145000,0 days 01:20:58.436000,308.0,257.0,251.0,321.0,False,HARD,13.0,True,Ferrari,0 days 01:19:26.005000,,1,11.0,,,False,True
0 days 01:22:30.699000,VET,5,0 days 00:01:32.263000,26.0,2.0,,,0 days 00:00:29.190000,0 days 00:00:37.686000,0 days 00:00:25.387000,0 days 01:21:27.626000,0 days 01:22:05.312000,0 days 01:22:30.699000,313.0,255.0,252.0,326.0,False,HARD,14.0,True,Ferrari,0 days 01:20:58.436000,,1,11.0,,,False,True
0 days 01:24:03.035000,VET,5,0 days 00:01:32.336000,27.0,2.0,,,0 days 00:00:29.163000,0 days 00:00:37.777000,0 days 00:00:25.396000,0 days 01:22:59.862000,0 days 01:23:37.639000,0 days 01:24:03.035000,316.0,259.0,248.0,326.0,False,HARD,15.0,True,Ferrari,0 days 01:22:30.699000,,1,11.0,,,False,True
0 days 01:25:35.064000,VET,5,0 days 00:01:32.029000,28.0,2.0,,,0 days 00:00:29.246000,0 days 00:00:37.475000,0 days 00:00:25.308000,0 days 01:24:32.281000,0 days 01:25:09.756000,0 days 01:25:35.064000,312.0,258.0,252.0,310.0,False,HARD,16.0,True,Ferrari,0 days 01:24:03.035000,,1,11.0,,,False,True
0 days 01:27:06.849000,VET,5,0 days 00:01:31.785000,29.0,2.0,,,0 days 00:00:29.297000,0 days 00:00:37.265000,0 days 00:00:25.223000,0 days 01:26:04.361000,0 days 01:26:41.626000,0 days 01:27:06.849000,299.0,260.0,252.0,316.0,True,HARD,17.0,True,Ferrari,0 days 01:25:35.064000,,1,11.0,,,False,True
0 days 01:28:38.679000,VET,5,0 days 00:01:31.830000,30.0,2.0,,,0 days 00:00:29.185000,0 days 00:00:37.327000,0 days 00:00:25.318000,0 days 01:27:36.034000,0 days 01:28:13.361000,0 days 01:28:38.679000,301.0,257.0,252.0,306.0,False,HARD,18.0,True,Ferrari,0 days 01:27:06.849000,,1,11.0,,,False,True
0 days 01:30:10.639000,VET,5,0 days 00:01:31.960000,31.0,2.0,,,0 days 00:00:29.465000,0 days 00:00:37.271000,0 days 00:00:25.224000,0 days 01:29:08.144000,0 days 01:29:45.415000,0 days 01:30:10.639000,300.0,257.0,252.0,307.0,False,HARD,19.0,True,Ferrari,0 days 01:28:38.679000,,1,11.0,,,False,True
0 days 01:31:42.059000,VET,5,0 days 00:01:31.420000,32.0,2.0,,,0 days 00:00:29.095000,0 days 00:00:37.135000,0 days 00:00:25.190000,0 days 01:30:39.734000,0 days 01:31:16.869000,0 days 01:31:42.059000,299.0,256.0,251.0,309.0,True,HARD,20.0,True,Ferrari,0 days 01:30:10.639000,,1,11.0,,,False,True
0 days 01:33:13.460000,VET,5,0 days 00:01:31.401000,33.0,2.0,,,0 days 00:00:29.179000,0 days 00:00:37.174000,0 days 00:00:25.048000,0 days 01:32:11.238000,0 days 01:32:48.412000,0 days 01:33:13.460000,300.0,257.0,252.0,311.0,True,HARD,21.0,True,Ferrari,0 days 01:31:42.059000,,1,11.0,,,False,True
0 days 01:34:44.545000,VET,5,0 days 00:01:31.085000,34.0,2.0,,,0 days 00:00:29.074000,0 days 00:00:36.911000,0 days 00:00:25.100000,0 days 01:33:42.534000,0 days 01:34:19.445000,0 days 01:34:44.545000,296.0,257.0,252.0,307.0,True,HARD,22.0,True,Ferrari,0 days 01:33:13.460000,,1,11.0,,,False,True
0 days 01:36:16.315000,VET,5,0 days 00:01:31.770000,35.0,2.0,,,0 days 00:00:29.331000,0 days 00:00:37.127000,0 days 00:00:25.312000,0 days 01:35:13.876000,0 days 01:35:51.003000,0 days 01:36:16.315000,298.0,255.0,252.0,301.0,False,HARD,23.0,True,Ferrari,0 days 01:34:44.545000,,1,11.0,,,False,True
0 days 01:37:47.643000,VET,5,0 days 00:01:31.328000,36.0,2.0,,,0 days 00:00:29.246000,0 days 00:00:36.968000,0 days 00:00:25.114000,0 days 01:36:45.561000,0 days 01:37:22.529000,0 days 01:37:47.643000,293.0,257.0,253.0,302.0,False,HARD,24.0,True,Ferrari,0 days 01:36:16.315000,,1,11.0,,,False,True
0 days 01:39:19.795000,VET,5,0 days 00:01:32.152000,37.0,2.0,,,0 days 00:00:29.292000,0 days 00:00:36.861000,0 days 00:00:25.999000,0 days 01:38:16.935000,0 days 01:38:53.796000,0 days 01:39:19.795000,299.0,259.0,252.0,304.0,False,HARD,25.0,True,Ferrari,0 days 01:37:47.643000,,1,11.0,,,False,True
0 days 01:40:51.651000,VET,5,0 days 00:01:31.856000,38.0,2.0,,,0 days 00:00:29.164000,0 days 00:00:37.579000,0 days 00:00:25.113000,0 days 01:39:48.959000,0 days 01:40:26.538000,0 days 01:40:51.651000,321.0,259.0,250.0,319.0,False,HARD,26.0,True,Ferrari,0 days 01:39:19.795000,,1,11.0,,,False,True
0 days 01:42:22.837000,VET,5,0 days 00:01:31.186000,39.0,2.0,,,0 days 00:00:29.042000,0 days 00:00:36.904000,0 days 00:00:25.240000,0 days 01:41:20.693000,0 days 01:41:57.597000,0 days 01:42:22.837000,305.0,257.0,249.0,305.0,False,HARD,27.0,True,Ferrari,0 days 01:40:51.651000,,1,11.0,,,False,True
0 days 01:43:53.589000,VET,5,0 days 00:01:30.752000,40.0,2.0,,,0 days 00:00:28.953000,0 days 00:00:36.842000,0 days 00:00:24.957000,0 days 01:42:51.790000,0 days 01:43:28.632000,0 days 01:43:53.589000,294.0,259.0,252.0,306.0,True,HARD,28.0,True,Ferrari,0 days 01:42:22.837000,,1,11.0,,,False,True
0 days 01:45:24.198000,VET,5,0 days 00:01:30.609000,41.0,2.0,,,0 days 00:00:28.809000,0 days 00:00:36.774000,0 days 00:00:25.026000,0 days 01:44:22.398000,0 days 01:44:59.172000,0 days 01:45:24.198000,297.0,258.0,252.0,309.0,True,HARD,29.0,True,Ferrari,0 days 01:43:53.589000,,1,11.0,,,False,True
0 days 01:46:54.974000,VET,5,0 days 00:01:30.776000,42.0,2.0,,,0 days 00:00:28.992000,0 days 00:00:36.850000,0 days 00:00:24.934000,0 days 01:45:53.190000,0 days 01:46:30.040000,0 days 01:46:54.974000,296.0,261.0,252.0,307.0,False,HARD,30.0,True,Ferrari,0 days 01:45:24.198000,,1,11.0,,,False,True
0 days 01:48:25.947000,VET,5,0 days 00:01:30.973000,43.0,2.0,,,0 days 00:00:29.238000,0 days 00:00:36.709000,0 days 00:00:25.026000,0 days 01:47:24.212000,0 days 01:48:00.921000,0 days 01:48:25.947000,294.0,259.0,252.0,301.0,False,HARD,31.0,True,Ferrari,0 days 01:46:54.974000,,1,11.0,,,False,True
0 days 01:49:56.484000,VET,5,0 days 00:01:30.537000,44.0,2.0,,,0 days 00:00:29.053000,0 days 00:00:36.574000,0 days 00:00:24.910000,0 days 01:48:55,0 days 01:49:31.574000,0 days 01:49:56.484000,293.0,257.0,253.0,303.0,True,HARD,32.0,True,Ferrari,0 days 01:48:25.947000,,1,11.0,,,False,True
0 days 01:51:27.245000,VET,5,0 days 00:01:30.761000,45.0,2.0,,,0 days 00:00:29.215000,0 days 00:00:36.721000,0 days 00:00:24.825000,0 days 01:50:25.699000,0 days 01:51:02.420000,0 days 01:51:27.245000,292.0,257.0,253.0,303.0,False,HARD,33.0,True,Ferrari,0 days 01:49:56.484000,,1,11.0,,,False,True
0 days 01:52:57.911000,VET,5,0 days 00:01:30.666000,46.0,2.0,,,0 days 00:00:29.124000,0 days 00:00:36.671000,0 days 00:00:24.871000,0 days 01:51:56.369000,0 days 01:52:33.040000,0 days 01:52:57.911000,295.0,257.0,253.0,300.0,False,HARD,34.0,True,Ferrari,0 days 01:51:27.245000,,1,11.0,,,False,True
0 days 01:54:28.512000,VET,5,0 days 00:01:30.601000,47.0,2.0,,,0 days 00:00:29.137000,0 days 00:00:36.588000,0 days 00:00:24.876000,0 days 01:53:27.048000,0 days 01:54:03.636000,0 days 01:54:28.512000,290.0,258.0,253.0,300.0,False,HARD,35.0,True,Ferrari,0 days 01:52:57.911000,,12,11.0,,,False,True
0 days 01:55:59.269000,VET,5,0 days 00:01:30.757000,48.0,2.0,,,0 days 00:00:29.148000,0 days 00:00:36.717000,0 days 00:00:24.892000,0 days 01:54:57.660000,0 days 01:55:34.377000,0 days 01:55:59.269000,293.0,258.0,252.0,303.0,False,HARD,36.0,True,Ferrari,0 days 01:54:28.512000,,21,11.0,,,False,True
0 days 01:57:31.497000,VET,5,0 days 00:01:32.228000,49.0,2.0,,,0 days 00:00:29.122000,0 days 00:00:36.989000,0 days 00:00:26.117000,0 days 01:56:28.391000,0 days 01:57:05.380000,0 days 01:57:31.497000,295.0,256.0,252.0,302.0,False,HARD,37.0,True,Ferrari,0 days 01:55:59.269000,,1,12.0,,,False,True
0 days 01:59:03.044000,VET,5,0 days 00:01:31.547000,50.0,2.0,,,0 days 00:00:29.281000,0 days 00:00:37.143000,0 days 00:00:25.123000,0 days 01:58:00.778000,0 days 01:58:37.921000,0 days 01:59:03.044000,294.0,255.0,252.0,303.0,False,HARD,38.0,True,Ferrari,0 days 01:57:31.497000,,1,12.0,,,False,True
0 days 02:00:34.269000,VET,5,0 days 00:01:31.225000,51.0,2.0,,,0 days 00:00:29.215000,0 days 00:00:36.933000,0 days 00:00:25.077000,0 days 01:59:32.259000,0 days 02:00:09.192000,0 days 02:00:34.269000,293.0,256.0,251.0,303.0,False,HARD,39.0,True,Ferrari,0 days 01:59:03.044000,,1,11.0,,,False,True
0 days 02:02:06.051000,VET,5,0 days 00:01:31.782000,52.0,2.0,,,0 days 00:00:29.113000,0 days 00:00:36.920000,0 days 00:00:25.749000,0 days 02:01:03.382000,0 days 02:01:40.302000,0 days 02:02:06.051000,295.0,259.0,243.0,305.0,False,HARD,40.0,True,Ferrari,0 days 02:00:34.269000,,1,10.0,,,False,True
0 days 00:35:01.564000,SAI,55,0 days 00:01:38.652000,1.0,1.0,,,,0 days 00:00:38.976000,0 days 00:00:26.052000,,0 days 00:34:35.611000,0 days 00:35:01.719000,321.0,254.0,249.0,304.0,False,SOFT,4.0,False,McLaren,0 days 00:33:22.751000,,1,5.0,,,False,False
0 days 00:37:09.970000,SAI,55,0 days 00:02:08.406000,2.0,1.0,,,0 days 00:00:38.675000,0 days 00:00:51.281000,0 days 00:00:38.450000,0 days 00:35:40.304000,0 days 00:36:31.585000,0 days 00:37:10.035000,195.0,177.0,137.0,218.0,True,SOFT,5.0,False,McLaren,0 days 00:35:01.564000,,124,5.0,,,False,False
0 days 00:39:38.547000,SAI,55,0 days 00:02:28.577000,3.0,1.0,,,0 days 00:00:46.652000,0 days 00:01:01.809000,0 days 00:00:40.116000,0 days 00:37:56.687000,0 days 00:38:58.496000,0 days 00:39:38.612000,124.0,138.0,93.0,241.0,False,SOFT,6.0,False,McLaren,0 days 00:37:09.970000,,4,5.0,,,False,False
0 days 00:42:12.574000,SAI,55,,4.0,1.0,,,0 days 00:00:46.980000,0 days 00:01:04.683000,0 days 00:00:42.390000,0 days 00:40:25.586000,0 days 00:41:30.294000,0 days 00:42:12.804000,142.0,138.0,95.0,251.0,False,SOFT,7.0,False,McLaren,0 days 00:39:38.547000,,4,5.0,,,False,False
0 days 00:44:29.090000,SAI,55,0 days 00:02:16.516000,5.0,1.0,,,0 days 00:00:42.003000,0 days 00:01:00.588000,0 days 00:00:33.925000,0 days 00:42:54.642000,0 days 00:43:55.230000,0 days 00:44:29.155000,226.0,178.0,244.0,267.0,False,SOFT,8.0,False,McLaren,0 days 00:42:12.574000,,41,5.0,,,False,False
0 days 00:46:02.764000,SAI,55,0 days 00:01:33.674000,6.0,1.0,,,0 days 00:00:29.534000,0 days 00:00:37.973000,0 days 00:00:26.167000,0 days 00:44:58.689000,0 days 00:45:36.662000,0 days 00:46:02.829000,295.0,255.0,240.0,290.0,True,SOFT,9.0,False,McLaren,0 days 00:44:29.090000,,1,5.0,,,False,True
0 days 00:47:36.463000,SAI,55,0 days 00:01:33.699000,7.0,1.0,,,0 days 00:00:29.958000,0 days 00:00:37.852000,0 days 00:00:25.889000,0 days 00:46:32.787000,0 days 00:47:10.639000,0 days 00:47:36.528000,288.0,253.0,249.0,289.0,False,SOFT,10.0,False,McLaren,0 days 00:46:02.764000,,1,5.0,,,False,True
0 days 00:49:09.380000,SAI,55,0 days 00:01:32.917000,8.0,1.0,,,0 days 00:00:29.401000,0 days 00:00:37.632000,0 days 00:00:25.884000,0 days 00:48:05.929000,0 days 00:48:43.561000,0 days 00:49:09.445000,294.0,253.0,247.0,288.0,True,SOFT,11.0,False,McLaren,0 days 00:47:36.463000,,1,5.0,,,False,True
0 days 00:50:42.396000,SAI,55,0 days 00:01:33.016000,9.0,1.0,,,0 days 00:00:29.709000,0 days 00:00:37.513000,0 days 00:00:25.794000,0 days 00:49:39.154000,0 days 00:50:16.667000,0 days 00:50:42.461000,282.0,254.0,246.0,288.0,False,SOFT,12.0,False,McLaren,0 days 00:49:09.380000,,1,5.0,,,False,True
0 days 00:52:15.274000,SAI,55,0 days 00:01:32.878000,10.0,1.0,,,0 days 00:00:29.595000,0 days 00:00:37.516000,0 days 00:00:25.767000,0 days 00:51:12.056000,0 days 00:51:49.572000,0 days 00:52:15.339000,283.0,254.0,246.0,289.0,True,SOFT,13.0,False,McLaren,0 days 00:50:42.396000,,1,5.0,,,False,True
0 days 00:53:47.900000,SAI,55,0 days 00:01:32.626000,11.0,1.0,,,0 days 00:00:29.700000,0 days 00:00:37.398000,0 days 00:00:25.528000,0 days 00:52:45.039000,0 days 00:53:22.437000,0 days 00:53:47.965000,284.0,255.0,247.0,288.0,True,SOFT,14.0,False,McLaren,0 days 00:52:15.274000,,1,5.0,,,False,True
0 days 00:55:28.777000,SAI,55,0 days 00:01:40.877000,12.0,1.0,,,0 days 00:00:29.687000,0 days 00:00:37.569000,0 days 00:00:33.621000,0 days 00:54:17.652000,0 days 00:54:55.221000,0 days 00:55:28.842000,284.0,255.0,139.0,290.0,False,SOFT,15.0,False,McLaren,0 days 00:53:47.900000,,124,6.0,,,False,False
0 days 00:57:33.712000,SAI,55,0 days 00:02:04.935000,13.0,1.0,,0 days 00:57:27.814000,0 days 00:00:40.572000,0 days 00:00:53.089000,0 days 00:00:31.274000,0 days 00:56:09.414000,0 days 00:57:02.503000,0 days 00:57:33.777000,210.0,137.0,,259.0,False,SOFT,16.0,False,McLaren,0 days 00:55:28.777000,,4,5.0,,,False,False
0 days 01:00:02.374000,SAI,55,0 days 00:02:28.662000,14.0,2.0,0 days 00:57:56.329000,,0 days 00:00:56.844000,0 days 00:00:48.590000,0 days 00:00:43.228000,0 days 00:58:30.621000,0 days 00:59:19.211000,0 days 01:00:02.439000,175.0,233.0,139.0,198.0,False,HARD,1.0,True,McLaren,0 days 00:57:33.712000,,4,6.0,,,False,False
0 days 01:02:34.804000,SAI,55,,15.0,2.0,,,0 days 00:00:45.384000,0 days 00:01:07.396000,0 days 00:00:39.621000,0 days 01:00:47.852000,0 days 01:01:55.263000,0 days 01:02:34.919000,204.0,188.0,176.0,192.0,False,HARD,2.0,True,McLaren,0 days 01:00:02.374000,,4,6.0,,,False,False
0 days 01:05:13.638000,SAI,55,,16.0,2.0,,,0 days 00:00:49.035000,0 days 00:01:10.508000,0 days 00:00:39.308000,0 days 01:03:23.887000,0 days 01:04:34.419000,0 days 01:05:13.840000,144.0,222.0,90.0,264.0,False,HARD,3.0,True,McLaren,0 days 01:02:34.804000,,4,6.0,,,False,False
0 days 01:07:46.779000,SAI,55,,17.0,2.0,,,0 days 00:00:44.649000,0 days 00:01:09.745000,0 days 00:00:38.779000,0 days 01:05:58.352000,0 days 01:07:08.137000,0 days 01:07:46.988000,145.0,129.0,86.0,264.0,False,HARD,4.0,True,McLaren,0 days 01:05:13.638000,,4,6.0,,,False,False
0 days 01:10:05.105000,SAI,55,0 days 00:02:18.326000,18.0,2.0,,,0 days 00:00:41.926000,0 days 00:00:59.693000,0 days 00:00:36.707000,0 days 01:08:28.770000,0 days 01:09:28.463000,0 days 01:10:05.170000,231.0,183.0,239.0,257.0,False,HARD,5.0,True,McLaren,0 days 01:07:46.779000,,41,6.0,,,False,False
0 days 01:11:39.568000,SAI,55,0 days 00:01:34.463000,19.0,2.0,,,0 days 00:00:30.486000,0 days 00:00:38.085000,0 days 00:00:25.892000,0 days 01:10:35.656000,0 days 01:11:13.741000,0 days 01:11:39.633000,293.0,258.0,250.0,300.0,False,HARD,6.0,True,McLaren,0 days 01:10:05.105000,,1,6.0,,,False,True
0 days 01:13:12.250000,SAI,55,0 days 00:01:32.682000,20.0,2.0,,,0 days 00:00:29.370000,0 days 00:00:37.631000,0 days 00:00:25.681000,0 days 01:12:09.003000,0 days 01:12:46.634000,0 days 01:13:12.315000,291.0,258.0,250.0,296.0,False,HARD,7.0,True,McLaren,0 days 01:11:39.568000,,1,6.0,,,False,True
0 days 01:14:44.740000,SAI,55,0 days 00:01:32.490000,21.0,2.0,,,0 days 00:00:29.307000,0 days 00:00:37.351000,0 days 00:00:25.832000,0 days 01:13:41.622000,0 days 01:14:18.973000,0 days 01:14:44.805000,300.0,261.0,250.0,333.0,True,HARD,8.0,True,McLaren,0 days 01:13:12.250000,,1,6.0,,,False,True
0 days 01:16:16.599000,SAI,55,0 days 00:01:31.859000,22.0,2.0,,,0 days 00:00:29.107000,0 days 00:00:37.640000,0 days 00:00:25.112000,0 days 01:15:13.912000,0 days 01:15:51.552000,0 days 01:16:16.664000,321.0,258.0,249.0,325.0,True,HARD,9.0,True,McLaren,0 days 01:14:44.740000,,1,5.0,,,False,True
0 days 01:17:49.057000,SAI,55,0 days 00:01:32.458000,23.0,2.0,,,0 days 00:00:29.849000,0 days 00:00:37.108000,0 days 00:00:25.501000,0 days 01:16:46.513000,0 days 01:17:23.621000,0 days 01:17:49.122000,279.0,253.0,250.0,286.0,False,HARD,10.0,True,McLaren,0 days 01:16:16.599000,,1,5.0,,,False,True
0 days 01:19:21.024000,SAI,55,0 days 00:01:31.967000,24.0,2.0,,,0 days 00:00:29.551000,0 days 00:00:36.973000,0 days 00:00:25.443000,0 days 01:18:18.673000,0 days 01:18:55.646000,0 days 01:19:21.089000,280.0,256.0,249.0,288.0,False,HARD,11.0,True,McLaren,0 days 01:17:49.057000,,1,5.0,,,False,True
0 days 01:20:52.922000,SAI,55,0 days 00:01:31.898000,25.0,2.0,,,0 days 00:00:29.432000,0 days 00:00:37.062000,0 days 00:00:25.404000,0 days 01:19:50.521000,0 days 01:20:27.583000,0 days 01:20:52.987000,279.0,257.0,249.0,289.0,False,HARD,12.0,True,McLaren,0 days 01:19:21.024000,,1,5.0,,,False,True
0 days 01:22:24.856000,SAI,55,0 days 00:01:31.934000,26.0,2.0,,,0 days 00:00:29.465000,0 days 00:00:37.129000,0 days 00:00:25.340000,0 days 01:21:22.452000,0 days 01:21:59.581000,0 days 01:22:24.921000,279.0,257.0,249.0,289.0,False,HARD,13.0,True,McLaren,0 days 01:20:52.922000,,1,5.0,,,False,True
0 days 01:23:56.472000,SAI,55,0 days 00:01:31.616000,27.0,2.0,,,0 days 00:00:29.343000,0 days 00:00:37.067000,0 days 00:00:25.206000,0 days 01:22:54.264000,0 days 01:23:31.331000,0 days 01:23:56.537000,279.0,255.0,249.0,288.0,True,HARD,14.0,True,McLaren,0 days 01:22:24.856000,,1,5.0,,,False,True
0 days 01:25:28.310000,SAI,55,0 days 00:01:31.838000,28.0,2.0,,,0 days 00:00:29.379000,0 days 00:00:37.129000,0 days 00:00:25.330000,0 days 01:24:25.916000,0 days 01:25:03.045000,0 days 01:25:28.375000,279.0,258.0,250.0,288.0,False,HARD,15.0,True,McLaren,0 days 01:23:56.472000,,1,5.0,,,False,True
0 days 01:26:59.873000,SAI,55,0 days 00:01:31.563000,29.0,2.0,,,0 days 00:00:29.326000,0 days 00:00:37.001000,0 days 00:00:25.236000,0 days 01:25:57.701000,0 days 01:26:34.702000,0 days 01:26:59.938000,279.0,258.0,249.0,287.0,True,HARD,16.0,True,McLaren,0 days 01:25:28.310000,,1,5.0,,,False,True
0 days 01:28:31.368000,SAI,55,0 days 00:01:31.495000,30.0,2.0,,,0 days 00:00:29.394000,0 days 00:00:36.887000,0 days 00:00:25.214000,0 days 01:27:29.332000,0 days 01:28:06.219000,0 days 01:28:31.433000,278.0,259.0,251.0,287.0,True,HARD,17.0,True,McLaren,0 days 01:26:59.873000,,1,5.0,,,False,True
0 days 01:30:02.760000,SAI,55,0 days 00:01:31.392000,31.0,2.0,,,0 days 00:00:29.312000,0 days 00:00:36.869000,0 days 00:00:25.211000,0 days 01:29:00.745000,0 days 01:29:37.614000,0 days 01:30:02.825000,278.0,260.0,250.0,287.0,True,HARD,18.0,True,McLaren,0 days 01:28:31.368000,,1,5.0,,,False,True
0 days 01:31:33.934000,SAI,55,0 days 00:01:31.174000,32.0,2.0,,,0 days 00:00:29.227000,0 days 00:00:36.855000,0 days 00:00:25.092000,0 days 01:30:32.052000,0 days 01:31:08.907000,0 days 01:31:33.999000,279.0,259.0,249.0,289.0,True,HARD,19.0,True,McLaren,0 days 01:30:02.760000,,1,5.0,,,False,True
0 days 01:33:05.111000,SAI,55,0 days 00:01:31.177000,33.0,2.0,,,0 days 00:00:29.272000,0 days 00:00:36.757000,0 days 00:00:25.148000,0 days 01:32:03.271000,0 days 01:32:40.028000,0 days 01:33:05.176000,279.0,258.0,251.0,289.0,False,HARD,20.0,True,McLaren,0 days 01:31:33.934000,,1,5.0,,,False,True
0 days 01:34:36.260000,SAI,55,0 days 00:01:31.149000,34.0,2.0,,,0 days 00:00:29.213000,0 days 00:00:36.772000,0 days 00:00:25.164000,0 days 01:33:34.389000,0 days 01:34:11.161000,0 days 01:34:36.325000,276.0,258.0,250.0,288.0,True,HARD,21.0,True,McLaren,0 days 01:33:05.111000,,1,5.0,,,False,True
0 days 01:36:07.577000,SAI,55,0 days 00:01:31.317000,35.0,2.0,,,0 days 00:00:29.495000,0 days 00:00:36.706000,0 days 00:00:25.116000,0 days 01:35:05.820000,0 days 01:35:42.526000,0 days 01:36:07.642000,276.0,257.0,251.0,287.0,False,HARD,22.0,True,McLaren,0 days 01:34:36.260000,,1,5.0,,,False,True
0 days 01:37:38.571000,SAI,55,0 days 00:01:30.994000,36.0,2.0,,,0 days 00:00:29.445000,0 days 00:00:36.526000,0 days 00:00:25.023000,0 days 01:36:37.087000,0 days 01:37:13.613000,0 days 01:37:38.636000,277.0,259.0,251.0,288.0,True,HARD,23.0,True,McLaren,0 days 01:36:07.577000,,1,5.0,,,False,True
0 days 01:39:09.355000,SAI,55,0 days 00:01:30.784000,37.0,2.0,,,0 days 00:00:29.314000,0 days 00:00:36.522000,0 days 00:00:24.948000,0 days 01:38:07.950000,0 days 01:38:44.472000,0 days 01:39:09.420000,279.0,260.0,252.0,287.0,True,HARD,24.0,True,McLaren,0 days 01:37:38.571000,,1,5.0,,,False,True
0 days 01:40:39.886000,SAI,55,0 days 00:01:30.531000,38.0,2.0,,,0 days 00:00:29.134000,0 days 00:00:36.454000,0 days 00:00:24.943000,0 days 01:39:38.554000,0 days 01:40:15.008000,0 days 01:40:39.951000,280.0,259.0,251.0,288.0,True,HARD,25.0,True,McLaren,0 days 01:39:09.355000,,1,5.0,,,False,True
0 days 01:42:10.463000,SAI,55,0 days 00:01:30.577000,39.0,2.0,,,0 days 00:00:29.209000,0 days 00:00:36.377000,0 days 00:00:24.991000,0 days 01:41:09.160000,0 days 01:41:45.537000,0 days 01:42:10.528000,280.0,260.0,251.0,289.0,False,HARD,26.0,True,McLaren,0 days 01:40:39.886000,,1,5.0,,,False,True
0 days 01:43:40.843000,SAI,55,0 days 00:01:30.380000,40.0,2.0,,,0 days 00:00:29.133000,0 days 00:00:36.381000,0 days 00:00:24.866000,0 days 01:42:39.661000,0 days 01:43:16.042000,0 days 01:43:40.908000,280.0,261.0,251.0,290.0,True,HARD,27.0,True,McLaren,0 days 01:42:10.463000,,1,5.0,,,False,True
0 days 01:45:11.028000,SAI,55,0 days 00:01:30.185000,41.0,2.0,,,0 days 00:00:28.993000,0 days 00:00:36.239000,0 days 00:00:24.953000,0 days 01:44:09.901000,0 days 01:44:46.140000,0 days 01:45:11.093000,280.0,262.0,253.0,291.0,True,HARD,28.0,True,McLaren,0 days 01:43:40.843000,,1,5.0,,,False,True
0 days 01:46:41.264000,SAI,55,0 days 00:01:30.236000,42.0,2.0,,,0 days 00:00:29.085000,0 days 00:00:36.379000,0 days 00:00:24.772000,0 days 01:45:40.178000,0 days 01:46:16.557000,0 days 01:46:41.329000,279.0,262.0,252.0,289.0,False,HARD,29.0,True,McLaren,0 days 01:45:11.028000,,1,5.0,,,False,True
0 days 01:48:11.883000,SAI,55,0 days 00:01:30.619000,43.0,2.0,,,0 days 00:00:29.351000,0 days 00:00:36.179000,0 days 00:00:25.089000,0 days 01:47:10.680000,0 days 01:47:46.859000,0 days 01:48:11.948000,280.0,260.0,252.0,284.0,False,HARD,30.0,True,McLaren,0 days 01:46:41.264000,,1,5.0,,,False,True
0 days 01:49:42.283000,SAI,55,0 days 00:01:30.400000,44.0,2.0,,,0 days 00:00:29.324000,0 days 00:00:36.092000,0 days 00:00:24.984000,0 days 01:48:41.272000,0 days 01:49:17.364000,0 days 01:49:42.348000,276.0,260.0,253.0,284.0,False,HARD,31.0,True,McLaren,0 days 01:48:11.883000,,1,5.0,,,False,True
0 days 01:51:12.295000,SAI,55,0 days 00:01:30.012000,45.0,2.0,,,0 days 00:00:29.202000,0 days 00:00:36.033000,0 days 00:00:24.777000,0 days 01:50:11.550000,0 days 01:50:47.583000,0 days 01:51:12.360000,275.0,258.0,252.0,283.0,True,HARD,32.0,True,McLaren,0 days 01:49:42.283000,,1,5.0,,,False,True
0 days 01:52:42.658000,SAI,55,0 days 00:01:30.363000,46.0,2.0,,,0 days 00:00:29.286000,0 days 00:00:36.063000,0 days 00:00:25.014000,0 days 01:51:41.646000,0 days 01:52:17.709000,0 days 01:52:42.723000,275.0,260.0,252.0,281.0,False,HARD,33.0,True,McLaren,0 days 01:51:12.295000,,1,5.0,,,False,True
0 days 01:54:12.606000,SAI,55,0 days 00:01:29.948000,47.0,2.0,,,0 days 00:00:29.222000,0 days 00:00:36.163000,0 days 00:00:24.563000,0 days 01:53:11.945000,0 days 01:53:48.108000,0 days 01:54:12.671000,275.0,260.0,253.0,286.0,True,HARD,34.0,True,McLaren,0 days 01:52:42.658000,,1,5.0,,,False,True
0 days 01:55:42.704000,SAI,55,0 days 00:01:30.098000,48.0,2.0,,,0 days 00:00:29.205000,0 days 00:00:36.048000,0 days 00:00:24.845000,0 days 01:54:41.876000,0 days 01:55:17.924000,0 days 01:55:42.769000,275.0,261.0,252.0,284.0,False,HARD,35.0,True,McLaren,0 days 01:54:12.606000,,12,5.0,,,False,True
0 days 01:57:12.749000,SAI,55,0 days 00:01:30.045000,49.0,2.0,,,0 days 00:00:29.179000,0 days 00:00:36.128000,0 days 00:00:24.738000,0 days 01:56:11.948000,0 days 01:56:48.076000,0 days 01:57:12.814000,276.0,261.0,253.0,285.0,False,HARD,36.0,True,McLaren,0 days 01:55:42.704000,,1,5.0,,,False,True
0 days 01:58:43.036000,SAI,55,0 days 00:01:30.287000,50.0,2.0,,,0 days 00:00:29.256000,0 days 00:00:36.182000,0 days 00:00:24.849000,0 days 01:57:42.070000,0 days 01:58:18.252000,0 days 01:58:43.101000,277.0,259.0,253.0,285.0,False,HARD,37.0,True,McLaren,0 days 01:57:12.749000,,1,5.0,,,False,True
0 days 02:00:20.096000,SAI,55,0 days 00:01:37.060000,51.0,2.0,,0 days 02:00:14.011000,0 days 00:00:29.208000,0 days 00:00:37.321000,0 days 00:00:30.531000,0 days 01:59:12.309000,0 days 01:59:49.630000,0 days 02:00:20.161000,278.0,245.0,,238.0,False,HARD,38.0,True,McLaren,0 days 01:58:43.036000,,1,6.0,,,False,False
0 days 02:02:17.519000,SAI,55,0 days 00:01:57.423000,52.0,3.0,0 days 02:00:50.283000,,0 days 00:00:56.607000,0 days 00:00:36.295000,0 days 00:00:24.521000,0 days 02:01:16.768000,0 days 02:01:53.063000,0 days 02:02:17.584000,318.0,267.0,254.0,329.0,False,MEDIUM,1.0,True,McLaren,0 days 02:00:20.096000,,1,14.0,,,False,False
0 days 00:35:08.688000,LAT,6,0 days 00:01:45.776000,1.0,1.0,,,,0 days 00:00:41.922000,0 days 00:00:27.344000,,0 days 00:34:41.378000,0 days 00:35:08.811000,288.0,246.0,236.0,307.0,False,MEDIUM,1.0,True,Williams,0 days 00:33:22.751000,,12,19.0,,,False,False
0 days 00:37:27.445000,LAT,6,0 days 00:02:18.757000,2.0,1.0,,,0 days 00:00:50.848000,0 days 00:00:51.060000,0 days 00:00:36.849000,0 days 00:35:59.570000,0 days 00:36:50.630000,0 days 00:37:27.479000,87.0,227.0,107.0,254.0,True,MEDIUM,2.0,True,Williams,0 days 00:35:08.688000,,24,18.0,,,False,False
0 days 00:39:58.200000,LAT,6,,3.0,1.0,,,0 days 00:00:46.689000,0 days 00:00:59.528000,0 days 00:00:44.491000,0 days 00:38:14.215000,0 days 00:39:14.004000,0 days 00:39:58.386000,184.0,84.0,67.0,246.0,False,MEDIUM,3.0,True,Williams,0 days 00:37:27.445000,,4,18.0,,,False,False
0 days 00:42:32.931000,LAT,6,,4.0,1.0,,,0 days 00:00:47.579000,0 days 00:01:06.284000,0 days 00:00:40.951000,0 days 00:40:45.742000,0 days 00:41:52.040000,0 days 00:42:33.121000,257.0,215.0,72.0,248.0,False,MEDIUM,4.0,True,Williams,0 days 00:39:58.200000,,4,18.0,,,False,False
0 days 00:44:35.800000,LAT,6,0 days 00:02:02.869000,5.0,1.0,,,0 days 00:00:43.576000,0 days 00:00:48.563000,0 days 00:00:30.730000,0 days 00:43:16.541000,0 days 00:44:05.104000,0 days 00:44:35.834000,232.0,247.0,244.0,273.0,True,MEDIUM,5.0,True,Williams,0 days 00:42:32.931000,,41,18.0,,,False,False
0 days 00:46:11.152000,LAT,6,0 days 00:01:35.352000,6.0,1.0,,,0 days 00:00:30.193000,0 days 00:00:38.951000,0 days 00:00:26.208000,0 days 00:45:06.027000,0 days 00:45:44.978000,0 days 00:46:11.186000,294.0,249.0,245.0,303.0,True,MEDIUM,6.0,True,Williams,0 days 00:44:35.800000,,1,18.0,,,False,True
0 days 00:47:45.928000,LAT,6,0 days 00:01:34.776000,7.0,1.0,,,0 days 00:00:30.338000,0 days 00:00:38.211000,0 days 00:00:26.227000,0 days 00:46:41.524000,0 days 00:47:19.735000,0 days 00:47:45.962000,277.0,252.0,247.0,287.0,True,MEDIUM,7.0,True,Williams,0 days 00:46:11.152000,,1,17.0,,,False,True
0 days 00:49:19.600000,LAT,6,0 days 00:01:33.672000,8.0,1.0,,,0 days 00:00:29.930000,0 days 00:00:37.987000,0 days 00:00:25.755000,0 days 00:48:15.892000,0 days 00:48:53.879000,0 days 00:49:19.634000,283.0,252.0,247.0,300.0,True,MEDIUM,8.0,True,Williams,0 days 00:47:45.928000,,1,17.0,,,False,True
0 days 00:50:53.843000,LAT,6,0 days 00:01:34.243000,9.0,1.0,,,0 days 00:00:29.987000,0 days 00:00:38.340000,0 days 00:00:25.916000,0 days 00:49:49.621000,0 days 00:50:27.961000,0 days 00:50:53.877000,282.0,251.0,246.0,292.0,False,MEDIUM,9.0,True,Williams,0 days 00:49:19.600000,,1,17.0,,,False,True
0 days 00:52:27.807000,LAT,6,0 days 00:01:33.964000,10.0,1.0,,,0 days 00:00:29.902000,0 days 00:00:38.258000,0 days 00:00:25.804000,0 days 00:51:23.779000,0 days 00:52:02.037000,0 days 00:52:27.841000,283.0,251.0,246.0,297.0,False,MEDIUM,10.0,True,Williams,0 days 00:50:53.843000,,1,17.0,,,False,True
0 days 00:54:01.071000,LAT,6,0 days 00:01:33.264000,11.0,1.0,,,0 days 00:00:29.795000,0 days 00:00:37.901000,0 days 00:00:25.568000,0 days 00:52:57.636000,0 days 00:53:35.537000,0 days 00:54:01.105000,289.0,254.0,246.0,300.0,True,MEDIUM,11.0,True,Williams,0 days 00:52:27.807000,,1,17.0,,,False,True
0 days 00:55:48.901000,LAT,6,0 days 00:01:47.830000,12.0,1.0,,0 days 00:55:47.179000,0 days 00:00:30.013000,0 days 00:00:39.404000,0 days 00:00:38.413000,0 days 00:54:31.118000,0 days 00:55:10.522000,0 days 00:55:48.935000,285.0,182.0,,127.0,False,MEDIUM,12.0,True,Williams,0 days 00:54:01.071000,,124,16.0,,,False,False
0 days 00:58:17.034000,LAT,6,0 days 00:02:28.133000,13.0,2.0,0 days 00:56:14.386000,,0 days 00:01:00.254000,0 days 00:00:52.271000,0 days 00:00:35.608000,0 days 00:56:49.189000,0 days 00:57:41.460000,0 days 00:58:17.068000,178.0,226.0,231.0,219.0,False,HARD,1.0,True,Williams,0 days 00:55:48.901000,,4,17.0,,,False,False
0 days 01:00:16.939000,LAT,6,0 days 00:01:59.905000,14.0,2.0,,,0 days 00:00:32.032000,0 days 00:00:51.286000,0 days 00:00:36.587000,0 days 00:58:49.100000,0 days 00:59:40.386000,0 days 01:00:16.973000,269.0,232.0,125.0,225.0,False,HARD,2.0,True,Williams,0 days 00:58:17.034000,,4,17.0,,,False,False
0 days 01:02:48.937000,LAT,6,,15.0,2.0,,,0 days 00:00:46.313000,0 days 00:01:08.821000,0 days 00:00:36.834000,0 days 01:01:03.316000,0 days 01:02:12.181000,0 days 01:02:49.125000,255.0,104.0,157.0,262.0,False,HARD,3.0,True,Williams,0 days 01:00:16.939000,,4,17.0,,,False,False
0 days 01:05:27.734000,LAT,6,,16.0,2.0,,,0 days 00:00:49.087000,0 days 00:01:12.904000,0 days 00:00:36.743000,0 days 01:03:38.126000,0 days 01:04:51.025000,0 days 01:05:27.863000,218.0,119.0,128.0,246.0,False,HARD,4.0,True,Williams,0 days 01:02:48.937000,,4,17.0,,,False,False
0 days 01:08:01.800000,LAT,6,,17.0,2.0,,,0 days 00:00:46.105000,0 days 00:01:12.027000,0 days 00:00:36.019000,0 days 01:06:13.887000,0 days 01:07:26.152000,0 days 01:08:02.009000,218.0,70.0,106.0,258.0,False,HARD,5.0,True,Williams,0 days 01:05:27.734000,,4,17.0,,,False,False
0 days 01:10:09.162000,LAT,6,0 days 00:02:07.362000,18.0,2.0,,,0 days 00:00:44.409000,0 days 00:00:52.300000,0 days 00:00:30.653000,0 days 01:08:46.243000,0 days 01:09:38.543000,0 days 01:10:09.196000,244.0,244.0,244.0,248.0,False,HARD,6.0,True,Williams,0 days 01:08:01.800000,,41,17.0,,,False,False
0 days 01:11:46.309000,LAT,6,0 days 00:01:37.147000,19.0,2.0,,,0 days 00:00:30.579000,0 days 00:00:40.096000,0 days 00:00:26.472000,0 days 01:10:39.775000,0 days 01:11:19.871000,0 days 01:11:46.343000,298.0,243.0,247.0,307.0,False,HARD,7.0,True,Williams,0 days 01:10:09.162000,,1,17.0,,,False,True
0 days 01:13:21.004000,LAT,6,0 days 00:01:34.695000,20.0,2.0,,,0 days 00:00:30.175000,0 days 00:00:38.451000,0 days 00:00:26.069000,0 days 01:12:16.518000,0 days 01:12:54.969000,0 days 01:13:21.038000,286.0,252.0,250.0,303.0,False,HARD,8.0,True,Williams,0 days 01:11:46.309000,,1,17.0,,,False,True
0 days 01:14:54.514000,LAT,6,0 days 00:01:33.510000,21.0,2.0,,,0 days 00:00:29.642000,0 days 00:00:38.006000,0 days 00:00:25.862000,0 days 01:13:50.680000,0 days 01:14:28.686000,0 days 01:14:54.548000,295.0,252.0,249.0,304.0,False,HARD,9.0,True,Williams,0 days 01:13:21.004000,,1,17.0,,,False,True
0 days 01:16:27.541000,LAT,6,0 days 00:01:33.027000,22.0,2.0,,,0 days 00:00:29.578000,0 days 00:00:37.754000,0 days 00:00:25.695000,0 days 01:15:24.126000,0 days 01:16:01.880000,0 days 01:16:27.575000,294.0,252.0,250.0,301.0,True,HARD,10.0,True,Williams,0 days 01:14:54.514000,,1,17.0,,,False,True
0 days 01:18:00.478000,LAT,6,0 days 00:01:32.937000,23.0,2.0,,,0 days 00:00:29.667000,0 days 00:00:37.581000,0 days 00:00:25.689000,0 days 01:16:57.242000,0 days 01:17:34.823000,0 days 01:18:00.512000,292.0,254.0,251.0,304.0,True,HARD,11.0,True,Williams,0 days 01:16:27.541000,,1,17.0,,,False,True
0 days 01:19:33.271000,LAT,6,0 days 00:01:32.793000,24.0,2.0,,,0 days 00:00:29.771000,0 days 00:00:37.379000,0 days 00:00:25.643000,0 days 01:18:30.283000,0 days 01:19:07.662000,0 days 01:19:33.305000,283.0,256.0,249.0,303.0,True,HARD,12.0,True,Williams,0 days 01:18:00.478000,,1,17.0,,,False,True
0 days 01:21:05.616000,LAT,6,0 days 00:01:32.345000,25.0,2.0,,,0 days 00:00:29.465000,0 days 00:00:37.487000,0 days 00:00:25.393000,0 days 01:20:02.770000,0 days 01:20:40.257000,0 days 01:21:05.650000,304.0,254.0,250.0,317.0,True,HARD,13.0,True,Williams,0 days 01:19:33.271000,,1,17.0,,,False,True
0 days 01:22:38.119000,LAT,6,0 days 00:01:32.503000,26.0,2.0,,,0 days 00:00:29.636000,0 days 00:00:37.528000,0 days 00:00:25.339000,0 days 01:21:35.286000,0 days 01:22:12.814000,0 days 01:22:38.153000,307.0,258.0,250.0,323.0,False,HARD,14.0,True,Williams,0 days 01:21:05.616000,,1,17.0,,,False,True
0 days 01:24:10.795000,LAT,6,0 days 00:01:32.676000,27.0,2.0,,,0 days 00:00:29.294000,0 days 00:00:37.981000,0 days 00:00:25.401000,0 days 01:23:07.447000,0 days 01:23:45.428000,0 days 01:24:10.829000,312.0,255.0,251.0,319.0,False,HARD,15.0,True,Williams,0 days 01:22:38.119000,,1,17.0,,,False,True
0 days 01:25:43.690000,LAT,6,0 days 00:01:32.895000,28.0,2.0,,,0 days 00:00:29.356000,0 days 00:00:37.489000,0 days 00:00:26.050000,0 days 01:24:40.185000,0 days 01:25:17.674000,0 days 01:25:43.724000,312.0,260.0,248.0,328.0,False,HARD,16.0,True,Williams,0 days 01:24:10.795000,,1,17.0,,,False,True
0 days 01:27:16.060000,LAT,6,0 days 00:01:32.370000,29.0,2.0,,,0 days 00:00:29.797000,0 days 00:00:37.173000,0 days 00:00:25.400000,0 days 01:26:13.521000,0 days 01:26:50.694000,0 days 01:27:16.094000,300.0,261.0,252.0,311.0,False,HARD,17.0,True,Williams,0 days 01:25:43.690000,,1,17.0,,,False,True
0 days 01:28:48.160000,LAT,6,0 days 00:01:32.100000,30.0,2.0,,,0 days 00:00:29.454000,0 days 00:00:37.131000,0 days 00:00:25.515000,0 days 01:27:45.548000,0 days 01:28:22.679000,0 days 01:28:48.194000,303.0,261.0,251.0,325.0,True,HARD,18.0,True,Williams,0 days 01:27:16.060000,,1,17.0,,,False,True
0 days 01:30:20.313000,LAT,6,0 days 00:01:32.153000,31.0,2.0,,,0 days 00:00:29.464000,0 days 00:00:37.157000,0 days 00:00:25.532000,0 days 01:29:17.658000,0 days 01:29:54.815000,0 days 01:30:20.347000,302.0,260.0,251.0,319.0,False,HARD,19.0,True,Williams,0 days 01:28:48.160000,,1,16.0,,,False,True
0 days 01:31:51.875000,LAT,6,0 days 00:01:31.562000,32.0,2.0,,,0 days 00:00:29.115000,0 days 00:00:37.380000,0 days 00:00:25.067000,0 days 01:30:49.462000,0 days 01:31:26.842000,0 days 01:31:51.909000,312.0,262.0,251.0,324.0,True,HARD,20.0,True,Williams,0 days 01:30:20.313000,,1,15.0,,,False,True
0 days 01:33:23.835000,LAT,6,0 days 00:01:31.960000,33.0,2.0,,,0 days 00:00:29.560000,0 days 00:00:36.972000,0 days 00:00:25.428000,0 days 01:32:21.469000,0 days 01:32:58.441000,0 days 01:33:23.869000,292.0,257.0,252.0,290.0,False,HARD,21.0,True,Williams,0 days 01:31:51.875000,,1,15.0,,,False,True
0 days 01:34:55.954000,LAT,6,0 days 00:01:32.119000,34.0,2.0,,,0 days 00:00:29.453000,0 days 00:00:36.902000,0 days 00:00:25.764000,0 days 01:33:53.322000,0 days 01:34:30.224000,0 days 01:34:55.988000,278.0,257.0,251.0,285.0,False,HARD,22.0,True,Williams,0 days 01:33:23.835000,,1,15.0,,,False,True
0 days 01:36:27.812000,LAT,6,0 days 00:01:31.858000,35.0,2.0,,,0 days 00:00:29.351000,0 days 00:00:36.861000,0 days 00:00:25.646000,0 days 01:35:25.339000,0 days 01:36:02.200000,0 days 01:36:27.846000,278.0,252.0,252.0,285.0,False,HARD,23.0,True,Williams,0 days 01:34:55.954000,,1,15.0,,,False,True
0 days 01:37:59.805000,LAT,6,0 days 00:01:31.993000,36.0,2.0,,,0 days 00:00:29.625000,0 days 00:00:36.885000,0 days 00:00:25.483000,0 days 01:36:57.471000,0 days 01:37:34.356000,0 days 01:37:59.839000,280.0,257.0,253.0,288.0,False,HARD,24.0,True,Williams,0 days 01:36:27.812000,,1,15.0,,,False,True
0 days 01:39:31.103000,LAT,6,0 days 00:01:31.298000,37.0,2.0,,,0 days 00:00:29.303000,0 days 00:00:36.736000,0 days 00:00:25.259000,0 days 01:38:29.142000,0 days 01:39:05.878000,0 days 01:39:31.137000,281.0,258.0,252.0,286.0,True,HARD,25.0,True,Williams,0 days 01:37:59.805000,,1,14.0,,,False,True
0 days 01:41:02.346000,LAT,6,0 days 00:01:31.243000,38.0,2.0,,,0 days 00:00:29.309000,0 days 00:00:36.630000,0 days 00:00:25.304000,0 days 01:40:00.446000,0 days 01:40:37.076000,0 days 01:41:02.380000,282.0,256.0,251.0,283.0,True,HARD,26.0,True,Williams,0 days 01:39:31.103000,,1,14.0,,,False,True
0 days 01:42:33.691000,LAT,6,0 days 00:01:31.345000,39.0,2.0,,,0 days 00:00:29.383000,0 days 00:00:36.690000,0 days 00:00:25.272000,0 days 01:41:31.763000,0 days 01:42:08.453000,0 days 01:42:33.725000,283.0,256.0,250.0,288.0,False,HARD,27.0,True,Williams,0 days 01:41:02.346000,,1,14.0,,,False,True
0 days 01:44:04.773000,LAT,6,0 days 00:01:31.082000,40.0,2.0,,,0 days 00:00:29.216000,0 days 00:00:36.707000,0 days 00:00:25.159000,0 days 01:43:02.941000,0 days 01:43:39.648000,0 days 01:44:04.807000,283.0,260.0,253.0,289.0,True,HARD,28.0,True,Williams,0 days 01:42:33.691000,,1,14.0,,,False,True
0 days 01:45:36.390000,LAT,6,0 days 00:01:31.617000,41.0,2.0,,,0 days 00:00:28.907000,0 days 00:00:36.771000,0 days 00:00:25.939000,0 days 01:44:33.714000,0 days 01:45:10.485000,0 days 01:45:36.424000,294.0,260.0,253.0,301.0,False,HARD,29.0,True,Williams,0 days 01:44:04.773000,,1,15.0,,,False,True
0 days 01:47:07.550000,LAT,6,0 days 00:01:31.160000,42.0,2.0,,,0 days 00:00:29.337000,0 days 00:00:36.698000,0 days 00:00:25.125000,0 days 01:46:05.761000,0 days 01:46:42.459000,0 days 01:47:07.584000,284.0,259.0,249.0,293.0,False,HARD,30.0,True,Williams,0 days 01:45:36.390000,,1,15.0,,,False,True
0 days 01:48:38.640000,LAT,6,0 days 00:01:31.090000,43.0,2.0,,,0 days 00:00:29.350000,0 days 00:00:36.559000,0 days 00:00:25.181000,0 days 01:47:36.934000,0 days 01:48:13.493000,0 days 01:48:38.674000,282.0,257.0,254.0,285.0,False,HARD,31.0,True,Williams,0 days 01:47:07.550000,,1,15.0,,,False,True
0 days 01:50:09.141000,LAT,6,0 days 00:01:30.501000,44.0,2.0,,,0 days 00:00:29.051000,0 days 00:00:36.387000,0 days 00:00:25.063000,0 days 01:49:07.725000,0 days 01:49:44.112000,0 days 01:50:09.175000,281.0,259.0,254.0,288.0,True,HARD,32.0,True,Williams,0 days 01:48:38.640000,,1,15.0,,,False,True
0 days 01:51:40.411000,LAT,6,0 days 00:01:31.270000,45.0,2.0,,,0 days 00:00:29.414000,0 days 00:00:36.604000,0 days 00:00:25.252000,0 days 01:50:38.589000,0 days 01:51:15.193000,0 days 01:51:40.445000,280.0,256.0,252.0,286.0,False,HARD,33.0,True,Williams,0 days 01:50:09.141000,,1,15.0,,,False,True
0 days 01:53:11.430000,LAT,6,0 days 00:01:31.019000,46.0,2.0,,,0 days 00:00:29.453000,0 days 00:00:36.482000,0 days 00:00:25.084000,0 days 01:52:09.898000,0 days 01:52:46.380000,0 days 01:53:11.464000,280.0,255.0,251.0,286.0,False,HARD,34.0,True,Williams,0 days 01:51:40.411000,,1,15.0,,,False,True
0 days 01:54:42.438000,LAT,6,0 days 00:01:31.008000,47.0,2.0,,,0 days 00:00:29.457000,0 days 00:00:36.423000,0 days 00:00:25.128000,0 days 01:53:40.921000,0 days 01:54:17.344000,0 days 01:54:42.472000,281.0,258.0,251.0,287.0,False,HARD,35.0,True,Williams,0 days 01:53:11.430000,,12,15.0,,,False,True
0 days 01:56:13.309000,LAT,6,0 days 00:01:30.871000,48.0,2.0,,,0 days 00:00:29.278000,0 days 00:00:36.645000,0 days 00:00:24.948000,0 days 01:55:11.750000,0 days 01:55:48.395000,0 days 01:56:13.343000,289.0,256.0,251.0,298.0,False,HARD,36.0,True,Williams,0 days 01:54:42.438000,,1,15.0,,,False,True
0 days 01:57:44.224000,LAT,6,0 days 00:01:30.915000,49.0,2.0,,,0 days 00:00:29.172000,0 days 00:00:36.533000,0 days 00:00:25.210000,0 days 01:56:42.515000,0 days 01:57:19.048000,0 days 01:57:44.258000,284.0,255.0,251.0,290.0,False,HARD,37.0,True,Williams,0 days 01:56:13.309000,,1,15.0,,,False,True
0 days 01:59:15.343000,LAT,6,0 days 00:01:31.119000,50.0,2.0,,,0 days 00:00:29.292000,0 days 00:00:36.621000,0 days 00:00:25.206000,0 days 01:58:13.550000,0 days 01:58:50.171000,0 days 01:59:15.377000,286.0,254.0,251.0,296.0,False,HARD,38.0,True,Williams,0 days 01:57:44.224000,,1,15.0,,,False,True
0 days 02:00:46.570000,LAT,6,0 days 00:01:31.227000,51.0,2.0,,,0 days 00:00:29.273000,0 days 00:00:36.675000,0 days 00:00:25.279000,0 days 01:59:44.650000,0 days 02:00:21.325000,0 days 02:00:46.604000,283.0,257.0,253.0,287.0,False,HARD,39.0,True,Williams,0 days 01:59:15.343000,,1,15.0,,,False,True
0 days 02:02:18.716000,LAT,6,0 days 00:01:32.146000,52.0,2.0,,,0 days 00:00:29.329000,0 days 00:00:36.657000,0 days 00:00:26.160000,0 days 02:01:15.933000,0 days 02:01:52.590000,0 days 02:02:18.750000,293.0,259.0,251.0,304.0,False,HARD,40.0,True,Williams,0 days 02:00:46.570000,,1,15.0,,,False,True
0 days 00:35:08.128000,RUS,63,0 days 00:01:45.216000,1.0,1.0,,,,0 days 00:00:40.470000,0 days 00:00:27.515000,,0 days 00:34:40.739000,0 days 00:35:08.272000,272.0,254.0,244.0,310.0,False,MEDIUM,1.0,True,Williams,0 days 00:33:22.751000,,12,18.0,,,False,False
0 days 00:37:26.051000,RUS,63,0 days 00:02:17.923000,2.0,1.0,,,0 days 00:00:50.045000,0 days 00:00:50.392000,0 days 00:00:37.486000,0 days 00:35:58.209000,0 days 00:36:48.601000,0 days 00:37:26.087000,101.0,242.0,94.0,256.0,True,MEDIUM,2.0,True,Williams,0 days 00:35:08.128000,,24,17.0,,,False,False
0 days 00:39:57.113000,RUS,63,,3.0,1.0,,,0 days 00:00:46.163000,0 days 00:00:59.898000,0 days 00:00:44.914000,0 days 00:38:12.337000,0 days 00:39:12.457000,0 days 00:39:57.162000,125.0,76.0,74.0,230.0,False,MEDIUM,3.0,True,Williams,0 days 00:37:26.051000,,4,17.0,,,False,False
0 days 00:42:31.277000,RUS,63,,4.0,1.0,,,0 days 00:00:46.652000,0 days 00:01:06.396000,0 days 00:00:41.202000,0 days 00:40:43.715000,0 days 00:41:50.137000,0 days 00:42:31.397000,248.0,226.0,68.0,206.0,False,MEDIUM,4.0,True,Williams,0 days 00:39:57.113000,,4,17.0,,,False,False
0 days 00:44:35.214000,RUS,63,0 days 00:02:03.937000,5.0,1.0,,,0 days 00:00:43.381000,0 days 00:00:49.426000,0 days 00:00:31.130000,0 days 00:43:14.694000,0 days 00:44:04.120000,0 days 00:44:35.250000,234.0,193.0,250.0,259.0,True,MEDIUM,5.0,True,Williams,0 days 00:42:31.277000,,41,17.0,,,False,False
0 days 00:46:10.269000,RUS,63,0 days 00:01:35.055000,6.0,1.0,,,0 days 00:00:29.957000,0 days 00:00:38.723000,0 days 00:00:26.375000,0 days 00:45:05.207000,0 days 00:45:43.930000,0 days 00:46:10.305000,293.0,251.0,247.0,303.0,True,MEDIUM,6.0,True,Williams,0 days 00:44:35.214000,,1,17.0,,,False,True
0 days 00:47:44.748000,RUS,63,0 days 00:01:34.479000,7.0,1.0,,,0 days 00:00:30.007000,0 days 00:00:38.140000,0 days 00:00:26.332000,0 days 00:46:40.312000,0 days 00:47:18.452000,0 days 00:47:44.784000,279.0,250.0,244.0,288.0,True,MEDIUM,7.0,True,Williams,0 days 00:46:10.269000,,1,16.0,,,False,True
0 days 00:49:18.275000,RUS,63,0 days 00:01:33.527000,8.0,1.0,,,0 days 00:00:29.538000,0 days 00:00:38.151000,0 days 00:00:25.838000,0 days 00:48:14.322000,0 days 00:48:52.473000,0 days 00:49:18.311000,311.0,255.0,247.0,333.0,True,MEDIUM,8.0,True,Williams,0 days 00:47:44.748000,,1,16.0,,,False,True
0 days 00:50:52.156000,RUS,63,0 days 00:01:33.881000,9.0,1.0,,,0 days 00:00:29.797000,0 days 00:00:38.377000,0 days 00:00:25.707000,0 days 00:49:48.108000,0 days 00:50:26.485000,0 days 00:50:52.192000,301.0,253.0,247.0,300.0,False,MEDIUM,9.0,True,Williams,0 days 00:49:18.275000,,1,16.0,,,False,True
0 days 00:52:25.803000,RUS,63,0 days 00:01:33.647000,10.0,1.0,,,0 days 00:00:29.742000,0 days 00:00:38.062000,0 days 00:00:25.843000,0 days 00:51:21.934000,0 days 00:51:59.996000,0 days 00:52:25.839000,292.0,255.0,246.0,300.0,False,MEDIUM,10.0,True,Williams,0 days 00:50:52.156000,,1,16.0,,,False,True
0 days 00:53:59.497000,RUS,63,0 days 00:01:33.694000,11.0,1.0,,,0 days 00:00:30.115000,0 days 00:00:37.883000,0 days 00:00:25.696000,0 days 00:52:55.954000,0 days 00:53:33.837000,0 days 00:53:59.533000,291.0,254.0,246.0,301.0,False,MEDIUM,11.0,True,Williams,0 days 00:52:25.803000,,1,16.0,,,False,True
0 days 00:55:42.826000,RUS,63,0 days 00:01:43.329000,12.0,1.0,,0 days 00:55:36.978000,0 days 00:00:29.942000,0 days 00:00:39.239000,0 days 00:00:34.148000,0 days 00:54:29.475000,0 days 00:55:08.714000,0 days 00:55:42.862000,288.0,181.0,,203.0,False,MEDIUM,12.0,True,Williams,0 days 00:53:59.497000,,124,15.0,,,False,False
0 days 00:58:07.637000,RUS,63,0 days 00:02:24.811000,13.0,2.0,0 days 00:56:06.283000,,0 days 00:01:01.007000,0 days 00:00:50.447000,0 days 00:00:33.357000,0 days 00:56:43.869000,0 days 00:57:34.316000,0 days 00:58:07.673000,141.0,238.0,243.0,220.0,False,HARD,1.0,True,Williams,0 days 00:55:42.826000,,4,15.0,,,False,False
0 days 01:00:13.784000,RUS,63,0 days 00:02:06.147000,14.0,2.0,,,0 days 00:00:36.149000,0 days 00:00:50.172000,0 days 00:00:39.826000,0 days 00:58:43.822000,0 days 00:59:33.994000,0 days 01:00:13.820000,175.0,237.0,142.0,215.0,False,HARD,2.0,True,Williams,0 days 00:58:07.637000,,4,15.0,,,False,False
0 days 01:02:45.567000,RUS,63,,15.0,2.0,,,0 days 00:00:45.723000,0 days 00:01:08.418000,0 days 00:00:37.582000,0 days 01:00:59.642000,0 days 01:02:08.021000,0 days 01:02:45.616000,174.0,116.0,115.0,259.0,False,HARD,3.0,True,Williams,0 days 01:00:13.784000,,4,15.0,,,False,False
0 days 01:05:25.322000,RUS,63,,16.0,2.0,,,0 days 00:00:49.330000,0 days 00:01:13.346000,0 days 00:00:37.120000,0 days 01:03:34.892000,0 days 01:04:48.532000,0 days 01:05:25.486000,235.0,89.0,95.0,205.0,False,HARD,4.0,True,Williams,0 days 01:02:45.567000,,4,15.0,,,False,False
0 days 01:07:59.471000,RUS,63,,17.0,2.0,,,0 days 00:00:45.588000,0 days 00:01:10.496000,0 days 00:00:38.097000,0 days 01:06:10.929000,0 days 01:07:21.737000,0 days 01:07:59.704000,195.0,56.0,102.0,239.0,False,HARD,5.0,True,Williams,0 days 01:05:25.322000,,4,15.0,,,False,False
0 days 01:10:08.410000,RUS,63,0 days 00:02:08.939000,18.0,2.0,,,0 days 00:00:43.458000,0 days 00:00:53.244000,0 days 00:00:32.237000,0 days 01:08:42.965000,0 days 01:09:36.209000,0 days 01:10:08.446000,190.0,195.0,250.0,235.0,False,HARD,6.0,True,Williams,0 days 01:07:59.471000,,41,15.0,,,False,False
0 days 01:11:45.677000,RUS,63,0 days 00:01:37.267000,19.0,2.0,,,0 days 00:00:30.689000,0 days 00:00:40.164000,0 days 00:00:26.414000,0 days 01:10:39.135000,0 days 01:11:19.299000,0 days 01:11:45.713000,296.0,250.0,250.0,307.0,False,HARD,7.0,True,Williams,0 days 01:10:08.410000,,1,16.0,,,False,True
0 days 01:13:19.922000,RUS,63,0 days 00:01:34.245000,20.0,2.0,,,0 days 00:00:29.893000,0 days 00:00:38.213000,0 days 00:00:26.139000,0 days 01:12:15.606000,0 days 01:12:53.819000,0 days 01:13:19.958000,281.0,253.0,249.0,300.0,False,HARD,8.0,True,Williams,0 days 01:11:45.677000,,1,16.0,,,False,True
0 days 01:14:53.010000,RUS,63,0 days 00:01:33.088000,21.0,2.0,,,0 days 00:00:29.403000,0 days 00:00:38.093000,0 days 00:00:25.592000,0 days 01:13:49.361000,0 days 01:14:27.454000,0 days 01:14:53.046000,315.0,254.0,249.0,309.0,True,HARD,9.0,True,Williams,0 days 01:13:19.922000,,1,16.0,,,False,True
0 days 01:16:26.253000,RUS,63,0 days 00:01:33.243000,22.0,2.0,,,0 days 00:00:29.573000,0 days 00:00:37.840000,0 days 00:00:25.830000,0 days 01:15:22.619000,0 days 01:16:00.459000,0 days 01:16:26.289000,296.0,252.0,247.0,302.0,False,HARD,10.0,True,Williams,0 days 01:14:53.010000,,1,16.0,,,False,True
0 days 01:17:59.272000,RUS,63,0 days 00:01:33.019000,23.0,2.0,,,0 days 00:00:29.627000,0 days 00:00:37.660000,0 days 00:00:25.732000,0 days 01:16:55.916000,0 days 01:17:33.576000,0 days 01:17:59.308000,291.0,260.0,250.0,328.0,True,HARD,11.0,True,Williams,0 days 01:16:26.253000,,1,16.0,,,False,True
0 days 01:19:32.318000,RUS,63,0 days 00:01:33.046000,24.0,2.0,,,0 days 00:00:29.613000,0 days 00:00:37.730000,0 days 00:00:25.703000,0 days 01:18:28.921000,0 days 01:19:06.651000,0 days 01:19:32.354000,304.0,257.0,249.0,313.0,False,HARD,12.0,True,Williams,0 days 01:17:59.272000,,1,16.0,,,False,True
0 days 01:21:04.883000,RUS,63,0 days 00:01:32.565000,25.0,2.0,,,0 days 00:00:29.415000,0 days 00:00:37.526000,0 days 00:00:25.624000,0 days 01:20:01.769000,0 days 01:20:39.295000,0 days 01:21:04.919000,303.0,259.0,250.0,324.0,True,HARD,13.0,True,Williams,0 days 01:19:32.318000,,1,16.0,,,False,True
0 days 01:22:37.382000,RUS,63,0 days 00:01:32.499000,26.0,2.0,,,0 days 00:00:29.580000,0 days 00:00:37.512000,0 days 00:00:25.407000,0 days 01:21:34.499000,0 days 01:22:12.011000,0 days 01:22:37.418000,299.0,257.0,250.0,319.0,True,HARD,14.0,True,Williams,0 days 01:21:04.883000,,1,16.0,,,False,True
0 days 01:24:09.322000,RUS,63,0 days 00:01:31.940000,27.0,2.0,,,0 days 00:00:29.589000,0 days 00:00:37.541000,0 days 00:00:24.810000,0 days 01:23:07.007000,0 days 01:23:44.548000,0 days 01:24:09.358000,303.0,261.0,250.0,327.0,True,HARD,15.0,True,Williams,0 days 01:22:37.382000,,1,15.0,,,False,True
0 days 01:25:41.369000,RUS,63,0 days 00:01:32.047000,28.0,2.0,,,0 days 00:00:29.326000,0 days 00:00:37.313000,0 days 00:00:25.408000,0 days 01:24:38.684000,0 days 01:25:15.997000,0 days 01:25:41.405000,283.0,256.0,251.0,288.0,False,HARD,16.0,True,Williams,0 days 01:24:09.322000,,1,15.0,,,False,True
0 days 01:27:13.090000,RUS,63,0 days 00:01:31.721000,29.0,2.0,,,0 days 00:00:29.370000,0 days 00:00:37.108000,0 days 00:00:25.243000,0 days 01:26:10.775000,0 days 01:26:47.883000,0 days 01:27:13.126000,284.0,255.0,251.0,292.0,True,HARD,17.0,True,Williams,0 days 01:25:41.369000,,1,15.0,,,False,True
0 days 01:28:44.636000,RUS,63,0 days 00:01:31.546000,30.0,2.0,,,0 days 00:00:29.281000,0 days 00:00:37.140000,0 days 00:00:25.125000,0 days 01:27:42.407000,0 days 01:28:19.547000,0 days 01:28:44.672000,286.0,258.0,251.0,294.0,True,HARD,18.0,True,Williams,0 days 01:27:13.090000,,1,15.0,,,False,True
0 days 01:30:16.593000,RUS,63,0 days 00:01:31.957000,31.0,2.0,,,0 days 00:00:29.306000,0 days 00:00:37.303000,0 days 00:00:25.348000,0 days 01:29:13.978000,0 days 01:29:51.281000,0 days 01:30:16.629000,281.0,255.0,250.0,286.0,False,HARD,19.0,True,Williams,0 days 01:28:44.636000,,1,14.0,,,False,True
0 days 01:31:48.276000,RUS,63,0 days 00:01:31.683000,32.0,2.0,,,0 days 00:00:29.345000,0 days 00:00:37.138000,0 days 00:00:25.200000,0 days 01:30:45.974000,0 days 01:31:23.112000,0 days 01:31:48.312000,284.0,256.0,250.0,288.0,False,HARD,20.0,True,Williams,0 days 01:30:16.593000,,1,14.0,,,False,True
0 days 01:33:19.699000,RUS,63,0 days 00:01:31.423000,33.0,2.0,,,0 days 00:00:29.282000,0 days 00:00:37.144000,0 days 00:00:24.997000,0 days 01:32:17.594000,0 days 01:32:54.738000,0 days 01:33:19.735000,287.0,254.0,249.0,298.0,True,HARD,21.0,True,Williams,0 days 01:31:48.276000,,1,14.0,,,False,True
0 days 01:34:50.811000,RUS,63,0 days 00:01:31.112000,34.0,2.0,,,0 days 00:00:29.167000,0 days 00:00:36.818000,0 days 00:00:25.127000,0 days 01:33:48.902000,0 days 01:34:25.720000,0 days 01:34:50.847000,284.0,255.0,249.0,296.0,True,HARD,22.0,True,Williams,0 days 01:33:19.699000,,1,14.0,,,False,True
0 days 01:36:22.518000,RUS,63,0 days 00:01:31.707000,35.0,2.0,,,0 days 00:00:29.410000,0 days 00:00:37.038000,0 days 00:00:25.259000,0 days 01:35:20.257000,0 days 01:35:57.295000,0 days 01:36:22.554000,287.0,253.0,250.0,295.0,False,HARD,23.0,True,Williams,0 days 01:34:50.811000,,1,14.0,,,False,True
0 days 01:37:54.277000,RUS,63,0 days 00:01:31.759000,36.0,2.0,,,0 days 00:00:29.372000,0 days 00:00:37.076000,0 days 00:00:25.311000,0 days 01:36:51.926000,0 days 01:37:29.002000,0 days 01:37:54.313000,279.0,256.0,252.0,285.0,False,HARD,24.0,True,Williams,0 days 01:36:22.518000,,1,14.0,,,False,True
0 days 01:39:25.620000,RUS,63,0 days 00:01:31.343000,37.0,2.0,,,0 days 00:00:29.230000,0 days 00:00:36.936000,0 days 00:00:25.177000,0 days 01:38:23.543000,0 days 01:39:00.479000,0 days 01:39:25.656000,283.0,256.0,250.0,291.0,False,HARD,25.0,True,Williams,0 days 01:37:54.277000,,1,13.0,,,False,True
0 days 01:40:56.958000,RUS,63,0 days 00:01:31.338000,38.0,2.0,,,0 days 00:00:29.244000,0 days 00:00:37.018000,0 days 00:00:25.076000,0 days 01:39:54.900000,0 days 01:40:31.918000,0 days 01:40:56.994000,288.0,255.0,249.0,294.0,False,HARD,26.0,True,Williams,0 days 01:39:25.620000,,1,13.0,,,False,True
0 days 01:42:28.053000,RUS,63,0 days 00:01:31.095000,39.0,2.0,,,0 days 00:00:29.237000,0 days 00:00:36.804000,0 days 00:00:25.054000,0 days 01:41:26.231000,0 days 01:42:03.035000,0 days 01:42:28.089000,288.0,254.0,250.0,298.0,True,HARD,27.0,True,Williams,0 days 01:40:56.958000,,1,13.0,,,False,True
0 days 01:43:59.091000,RUS,63,0 days 00:01:31.038000,40.0,2.0,,,0 days 00:00:29.113000,0 days 00:00:36.905000,0 days 00:00:25.020000,0 days 01:42:57.202000,0 days 01:43:34.107000,0 days 01:43:59.127000,288.0,258.0,251.0,298.0,True,HARD,28.0,True,Williams,0 days 01:42:28.053000,,1,13.0,,,False,True
0 days 01:45:29.953000,RUS,63,0 days 00:01:30.862000,41.0,2.0,,,0 days 00:00:29.085000,0 days 00:00:36.814000,0 days 00:00:24.963000,0 days 01:44:28.212000,0 days 01:45:05.026000,0 days 01:45:29.989000,289.0,258.0,251.0,301.0,True,HARD,29.0,True,Williams,0 days 01:43:59.091000,,1,13.0,,,False,True
0 days 01:47:01.312000,RUS,63,0 days 00:01:31.359000,42.0,2.0,,,0 days 00:00:29.107000,0 days 00:00:37.156000,0 days 00:00:25.096000,0 days 01:45:59.096000,0 days 01:46:36.252000,0 days 01:47:01.348000,308.0,260.0,251.0,303.0,False,HARD,30.0,True,Williams,0 days 01:45:29.953000,,1,13.0,,,False,True
0 days 01:48:32.621000,RUS,63,0 days 00:01:31.309000,43.0,2.0,,,0 days 00:00:29.204000,0 days 00:00:36.814000,0 days 00:00:25.291000,0 days 01:47:30.552000,0 days 01:48:07.366000,0 days 01:48:32.657000,300.0,262.0,252.0,310.0,False,HARD,31.0,True,Williams,0 days 01:47:01.312000,,1,13.0,,,False,True
0 days 01:50:03.720000,RUS,63,0 days 00:01:31.099000,44.0,2.0,,,0 days 00:00:29.217000,0 days 00:00:36.743000,0 days 00:00:25.139000,0 days 01:49:01.874000,0 days 01:49:38.617000,0 days 01:50:03.756000,304.0,262.0,253.0,320.0,False,HARD,32.0,True,Williams,0 days 01:48:32.621000,,1,13.0,,,False,True
0 days 01:51:36.139000,RUS,63,0 days 00:01:32.419000,45.0,2.0,,,0 days 00:00:29.519000,0 days 00:00:37.731000,0 days 00:00:25.169000,0 days 01:50:33.275000,0 days 01:51:11.006000,0 days 01:51:36.175000,299.0,256.0,253.0,302.0,False,HARD,33.0,True,Williams,0 days 01:50:03.720000,,1,14.0,,,False,True
0 days 01:53:07.600000,RUS,63,0 days 00:01:31.461000,46.0,2.0,,,0 days 00:00:29.523000,0 days 00:00:36.767000,0 days 00:00:25.171000,0 days 01:52:05.698000,0 days 01:52:42.465000,0 days 01:53:07.636000,280.0,257.0,253.0,287.0,False,HARD,34.0,True,Williams,0 days 01:51:36.139000,,1,14.0,,,False,True
0 days 01:54:38.480000,RUS,63,0 days 00:01:30.880000,47.0,2.0,,,0 days 00:00:29.132000,0 days 00:00:36.719000,0 days 00:00:25.029000,0 days 01:53:36.768000,0 days 01:54:13.487000,0 days 01:54:38.516000,302.0,260.0,252.0,320.0,False,HARD,35.0,True,Williams,0 days 01:53:07.600000,,12,14.0,,,False,True
0 days 01:56:09.626000,RUS,63,0 days 00:01:31.146000,48.0,2.0,,,0 days 00:00:29.343000,0 days 00:00:36.824000,0 days 00:00:24.979000,0 days 01:55:07.859000,0 days 01:55:44.683000,0 days 01:56:09.662000,298.0,260.0,252.0,312.0,False,HARD,36.0,True,Williams,0 days 01:54:38.480000,,1,14.0,,,False,True
0 days 01:57:40.488000,RUS,63,0 days 00:01:30.862000,49.0,2.0,,,0 days 00:00:29.016000,0 days 00:00:36.814000,0 days 00:00:25.032000,0 days 01:56:38.678000,0 days 01:57:15.492000,0 days 01:57:40.524000,306.0,258.0,252.0,320.0,False,HARD,37.0,True,Williams,0 days 01:56:09.626000,,1,14.0,,,False,True
0 days 01:59:12.061000,RUS,63,0 days 00:01:31.573000,50.0,2.0,,,0 days 00:00:29.345000,0 days 00:00:36.965000,0 days 00:00:25.263000,0 days 01:58:09.869000,0 days 01:58:46.834000,0 days 01:59:12.097000,297.0,258.0,251.0,294.0,False,HARD,38.0,True,Williams,0 days 01:57:40.488000,,1,14.0,,,False,True
0 days 02:00:43.919000,RUS,63,0 days 00:01:31.858000,51.0,2.0,,,0 days 00:00:29.305000,0 days 00:00:37.271000,0 days 00:00:25.282000,0 days 01:59:41.402000,0 days 02:00:18.673000,0 days 02:00:43.955000,286.0,256.0,251.0,298.0,False,HARD,39.0,True,Williams,0 days 01:59:12.061000,,1,14.0,,,False,True
0 days 02:02:16.187000,RUS,63,0 days 00:01:32.268000,52.0,2.0,,,0 days 00:00:29.318000,0 days 00:00:37.725000,0 days 00:00:25.225000,0 days 02:01:13.273000,0 days 02:01:50.998000,0 days 02:02:16.223000,287.0,256.0,252.0,298.0,False,HARD,40.0,True,Williams,0 days 02:00:43.919000,,1,13.0,,,False,True
0 days 00:35:07.593000,RAI,7,0 days 00:01:44.681000,1.0,1.0,,,,0 days 00:00:41.160000,0 days 00:00:27.496000,,0 days 00:34:40.211000,0 days 00:35:07.700000,285.0,246.0,247.0,293.0,False,MEDIUM,1.0,True,Alfa Romeo Racing,0 days 00:33:22.751000,,12,17.0,,,False,False
0 days 00:37:25.009000,RAI,7,0 days 00:02:17.416000,2.0,1.0,,,0 days 00:00:49.466000,0 days 00:00:51.016000,0 days 00:00:36.934000,0 days 00:35:57.082000,0 days 00:36:48.098000,0 days 00:37:25.032000,175.0,226.0,97.0,252.0,True,MEDIUM,2.0,True,Alfa Romeo Racing,0 days 00:35:07.593000,,24,16.0,,,False,False
0 days 00:39:55.537000,RAI,7,,3.0,1.0,,,0 days 00:00:45.848000,0 days 00:01:00.195000,0 days 00:00:44.419000,0 days 00:38:10.946000,0 days 00:39:11.403000,0 days 00:39:55.631000,139.0,80.0,89.0,231.0,False,MEDIUM,3.0,True,Alfa Romeo Racing,0 days 00:37:25.009000,,4,16.0,,,False,False
0 days 00:42:29.592000,RAI,7,,4.0,1.0,,,0 days 00:00:46.126000,0 days 00:01:06.950000,0 days 00:00:41.056000,0 days 00:40:41.609000,0 days 00:41:48.594000,0 days 00:42:29.728000,222.0,219.0,61.0,157.0,False,MEDIUM,4.0,True,Alfa Romeo Racing,0 days 00:39:55.537000,,4,16.0,,,False,False
0 days 00:44:34.835000,RAI,7,0 days 00:02:05.243000,5.0,1.0,,,0 days 00:00:43.700000,0 days 00:00:50.098000,0 days 00:00:31.445000,0 days 00:43:13.315000,0 days 00:44:03.413000,0 days 00:44:34.858000,236.0,175.0,247.0,254.0,True,MEDIUM,5.0,True,Alfa Romeo Racing,0 days 00:42:29.592000,,41,16.0,,,False,False
0 days 00:46:09.483000,RAI,7,0 days 00:01:34.648000,6.0,1.0,,,0 days 00:00:29.901000,0 days 00:00:38.373000,0 days 00:00:26.374000,0 days 00:45:04.759000,0 days 00:45:43.132000,0 days 00:46:09.506000,297.0,251.0,246.0,309.0,True,MEDIUM,6.0,True,Alfa Romeo Racing,0 days 00:44:34.835000,,1,16.0,,,False,True
0 days 00:47:43.876000,RAI,7,0 days 00:01:34.393000,7.0,1.0,,,0 days 00:00:29.654000,0 days 00:00:38.344000,0 days 00:00:26.395000,0 days 00:46:39.160000,0 days 00:47:17.504000,0 days 00:47:43.899000,293.0,253.0,245.0,298.0,True,MEDIUM,7.0,True,Alfa Romeo Racing,0 days 00:46:09.483000,,1,15.0,,,False,True
0 days 00:49:17.550000,RAI,7,0 days 00:01:33.674000,8.0,1.0,,,0 days 00:00:29.762000,0 days 00:00:38.325000,0 days 00:00:25.587000,0 days 00:48:13.661000,0 days 00:48:51.986000,0 days 00:49:17.573000,307.0,247.0,246.0,325.0,True,MEDIUM,8.0,True,Alfa Romeo Racing,0 days 00:47:43.876000,,1,15.0,,,False,True
0 days 00:50:51.077000,RAI,7,0 days 00:01:33.527000,9.0,1.0,,,0 days 00:00:29.578000,0 days 00:00:38.245000,0 days 00:00:25.704000,0 days 00:49:47.151000,0 days 00:50:25.396000,0 days 00:50:51.100000,314.0,239.0,247.0,312.0,True,MEDIUM,9.0,True,Alfa Romeo Racing,0 days 00:49:17.550000,,1,15.0,,,False,True
0 days 00:52:24.605000,RAI,7,0 days 00:01:33.528000,10.0,1.0,,,0 days 00:00:29.500000,0 days 00:00:38.313000,0 days 00:00:25.715000,0 days 00:51:20.600000,0 days 00:51:58.913000,0 days 00:52:24.628000,316.0,255.0,246.0,329.0,False,MEDIUM,10.0,True,Alfa Romeo Racing,0 days 00:50:51.077000,,1,15.0,,,False,True
0 days 00:53:57.919000,RAI,7,0 days 00:01:33.314000,11.0,1.0,,,0 days 00:00:29.638000,0 days 00:00:38.164000,0 days 00:00:25.512000,0 days 00:52:54.266000,0 days 00:53:32.430000,0 days 00:53:57.942000,312.0,257.0,247.0,325.0,True,MEDIUM,11.0,True,Alfa Romeo Racing,0 days 00:52:24.605000,,1,15.0,,,False,True
0 days 00:55:42.165000,RAI,7,0 days 00:01:44.246000,12.0,1.0,,0 days 00:55:36.287000,0 days 00:00:30.013000,0 days 00:00:39.087000,0 days 00:00:35.146000,0 days 00:54:27.955000,0 days 00:55:07.042000,0 days 00:55:42.188000,309.0,251.0,,182.0,False,MEDIUM,12.0,True,Alfa Romeo Racing,0 days 00:53:57.919000,,124,13.0,,,False,False
0 days 00:58:13.246000,RAI,7,,13.0,2.0,0 days 00:56:12.910000,,0 days 00:01:05.892000,0 days 00:00:51.734000,0 days 00:00:33.413000,0 days 00:56:48.158000,0 days 00:57:41.508000,0 days 00:58:13.326000,186.0,214.0,228.0,202.0,False,HARD,1.0,True,Alfa Romeo Racing,0 days 00:55:42.165000,,4,16.0,,,False,False
0 days 01:00:15.343000,RAI,7,0 days 00:02:02.097000,14.0,2.0,,,0 days 00:00:32.953000,0 days 00:00:51.595000,0 days 00:00:37.549000,0 days 00:58:46.222000,0 days 00:59:37.817000,0 days 01:00:15.366000,143.0,229.0,123.0,151.0,False,HARD,2.0,True,Alfa Romeo Racing,0 days 00:58:13.246000,,4,16.0,,,False,False
0 days 01:02:46.574000,RAI,7,,15.0,2.0,,,0 days 00:00:46.344000,0 days 00:01:07.638000,0 days 00:00:37.258000,0 days 01:01:01.701000,0 days 01:02:09.357000,0 days 01:02:46.725000,234.0,91.0,166.0,256.0,False,HARD,3.0,True,Alfa Romeo Racing,0 days 01:00:15.343000,,4,16.0,,,False,False
0 days 01:05:26.568000,RAI,7,,16.0,2.0,,,0 days 00:00:49.832000,0 days 00:01:12.533000,0 days 00:00:37.634000,0 days 01:03:36.474000,0 days 01:04:48.957000,0 days 01:05:26.644000,156.0,112.0,103.0,244.0,False,HARD,4.0,True,Alfa Romeo Racing,0 days 01:02:46.574000,,4,16.0,,,False,False
0 days 01:08:00.633000,RAI,7,,17.0,2.0,,,0 days 00:00:45.592000,0 days 00:01:11.845000,0 days 00:00:36.650000,0 days 01:06:12.233000,0 days 01:07:24.105000,0 days 01:08:00.778000,181.0,54.0,85.0,251.0,False,HARD,5.0,True,Alfa Romeo Racing,0 days 01:05:26.568000,,4,16.0,,,False,False
0 days 01:10:08.800000,RAI,7,0 days 00:02:08.167000,18.0,2.0,,,0 days 00:00:43.775000,0 days 00:00:52.581000,0 days 00:00:31.811000,0 days 01:08:44.431000,0 days 01:09:37.012000,0 days 01:10:08.823000,208.0,201.0,227.0,247.0,False,HARD,6.0,True,Alfa Romeo Racing,0 days 01:08:00.633000,,41,16.0,,,False,False
0 days 01:11:44.795000,RAI,7,0 days 00:01:35.995000,19.0,2.0,,,0 days 00:00:30.136000,0 days 00:00:39.543000,0 days 00:00:26.316000,0 days 01:10:38.959000,0 days 01:11:18.502000,0 days 01:11:44.818000,303.0,254.0,251.0,300.0,False,HARD,7.0,True,Alfa Romeo Racing,0 days 01:10:08.800000,,1,15.0,,,False,True
0 days 01:13:18.921000,RAI,7,0 days 00:01:34.126000,20.0,2.0,,,0 days 00:00:29.483000,0 days 00:00:38.665000,0 days 00:00:25.978000,0 days 01:12:14.301000,0 days 01:12:52.966000,0 days 01:13:18.944000,294.0,255.0,249.0,301.0,False,HARD,8.0,True,Alfa Romeo Racing,0 days 01:11:44.795000,,1,15.0,,,False,True
0 days 01:14:51.977000,RAI,7,0 days 00:01:33.056000,21.0,2.0,,,0 days 00:00:29.470000,0 days 00:00:38.055000,0 days 00:00:25.531000,0 days 01:13:48.414000,0 days 01:14:26.469000,0 days 01:14:52,315.0,257.0,249.0,326.0,True,HARD,9.0,True,Alfa Romeo Racing,0 days 01:13:18.921000,,1,15.0,,,False,True
0 days 01:16:24.696000,RAI,7,0 days 00:01:32.719000,22.0,2.0,,,0 days 00:00:29.291000,0 days 00:00:37.839000,0 days 00:00:25.589000,0 days 01:15:21.291000,0 days 01:15:59.130000,0 days 01:16:24.719000,318.0,254.0,248.0,321.0,True,HARD,10.0,True,Alfa Romeo Racing,0 days 01:14:51.977000,,1,15.0,,,False,True
0 days 01:17:58.608000,RAI,7,0 days 00:01:33.912000,23.0,2.0,,,0 days 00:00:29.275000,0 days 00:00:38.924000,0 days 00:00:25.713000,0 days 01:16:53.994000,0 days 01:17:32.918000,0 days 01:17:58.631000,314.0,252.0,248.0,301.0,False,HARD,11.0,True,Alfa Romeo Racing,0 days 01:16:24.696000,,1,15.0,,,False,True
0 days 01:19:31.527000,RAI,7,0 days 00:01:32.919000,24.0,2.0,,,0 days 00:00:29.759000,0 days 00:00:37.454000,0 days 00:00:25.706000,0 days 01:18:28.390000,0 days 01:19:05.844000,0 days 01:19:31.550000,286.0,248.0,245.0,296.0,False,HARD,12.0,True,Alfa Romeo Racing,0 days 01:17:58.608000,,1,15.0,,,False,True
0 days 01:21:04.164000,RAI,7,0 days 00:01:32.637000,25.0,2.0,,,0 days 00:00:29.592000,0 days 00:00:37.482000,0 days 00:00:25.563000,0 days 01:20:01.142000,0 days 01:20:38.624000,0 days 01:21:04.187000,288.0,252.0,241.0,300.0,True,HARD,13.0,True,Alfa Romeo Racing,0 days 01:19:31.527000,,1,15.0,,,False,True
0 days 01:22:36.665000,RAI,7,0 days 00:01:32.501000,26.0,2.0,,,0 days 00:00:29.738000,0 days 00:00:37.206000,0 days 00:00:25.557000,0 days 01:21:33.925000,0 days 01:22:11.131000,0 days 01:22:36.688000,287.0,251.0,247.0,297.0,True,HARD,14.0,True,Alfa Romeo Racing,0 days 01:21:04.164000,,1,15.0,,,False,True
0 days 01:24:10.113000,RAI,7,0 days 00:01:33.448000,27.0,2.0,,,0 days 00:00:29.746000,0 days 00:00:37.588000,0 days 00:00:26.114000,0 days 01:23:06.434000,0 days 01:23:44.022000,0 days 01:24:10.136000,288.0,250.0,248.0,299.0,False,HARD,15.0,True,Alfa Romeo Racing,0 days 01:22:36.665000,,1,16.0,,,False,True
0 days 01:25:42.990000,RAI,7,0 days 00:01:32.877000,28.0,2.0,,,0 days 00:00:29.539000,0 days 00:00:37.464000,0 days 00:00:25.874000,0 days 01:24:39.675000,0 days 01:25:17.139000,0 days 01:25:43.013000,308.0,253.0,247.0,300.0,False,HARD,16.0,True,Alfa Romeo Racing,0 days 01:24:10.113000,,1,16.0,,,False,True
0 days 01:27:15.094000,RAI,7,0 days 00:01:32.104000,29.0,2.0,,,0 days 00:00:29.538000,0 days 00:00:37.174000,0 days 00:00:25.392000,0 days 01:26:12.551000,0 days 01:26:49.725000,0 days 01:27:15.117000,287.0,252.0,248.0,296.0,True,HARD,17.0,True,Alfa Romeo Racing,0 days 01:25:42.990000,,1,16.0,,,False,True
0 days 01:28:47.348000,RAI,7,0 days 00:01:32.254000,30.0,2.0,,,0 days 00:00:29.488000,0 days 00:00:37.446000,0 days 00:00:25.320000,0 days 01:27:44.605000,0 days 01:28:22.051000,0 days 01:28:47.371000,291.0,253.0,248.0,300.0,False,HARD,18.0,True,Alfa Romeo Racing,0 days 01:27:15.094000,,1,16.0,,,False,True
0 days 01:30:19.607000,RAI,7,0 days 00:01:32.259000,31.0,2.0,,,0 days 00:00:29.498000,0 days 00:00:37.269000,0 days 00:00:25.492000,0 days 01:29:16.869000,0 days 01:29:54.138000,0 days 01:30:19.630000,288.0,252.0,246.0,296.0,False,HARD,19.0,True,Alfa Romeo Racing,0 days 01:28:47.348000,,1,15.0,,,False,True
0 days 01:31:52.648000,RAI,7,0 days 00:01:33.041000,32.0,2.0,,,0 days 00:00:29.481000,0 days 00:00:37.227000,0 days 00:00:26.333000,0 days 01:30:49.111000,0 days 01:31:26.338000,0 days 01:31:52.671000,286.0,251.0,247.0,295.0,False,HARD,20.0,True,Alfa Romeo Racing,0 days 01:30:19.607000,,1,16.0,,,False,True
0 days 01:33:24.963000,RAI,7,0 days 00:01:32.315000,33.0,2.0,,,0 days 00:00:29.606000,0 days 00:00:37.341000,0 days 00:00:25.368000,0 days 01:32:22.277000,0 days 01:32:59.618000,0 days 01:33:24.986000,306.0,254.0,248.0,301.0,False,HARD,21.0,True,Alfa Romeo Racing,0 days 01:31:52.648000,,1,16.0,,,False,True
0 days 01:34:57.460000,RAI,7,0 days 00:01:32.497000,34.0,2.0,,,0 days 00:00:29.582000,0 days 00:00:37.314000,0 days 00:00:25.601000,0 days 01:33:54.568000,0 days 01:34:31.882000,0 days 01:34:57.483000,285.0,251.0,248.0,297.0,False,HARD,22.0,True,Alfa Romeo Racing,0 days 01:33:24.963000,,1,16.0,,,False,True
0 days 01:36:30.151000,RAI,7,0 days 00:01:32.691000,35.0,2.0,,,0 days 00:00:29.797000,0 days 00:00:37.218000,0 days 00:00:25.676000,0 days 01:35:27.280000,0 days 01:36:04.498000,0 days 01:36:30.174000,286.0,246.0,247.0,293.0,False,HARD,23.0,True,Alfa Romeo Racing,0 days 01:34:57.460000,,1,16.0,,,False,True
0 days 01:38:02.125000,RAI,7,0 days 00:01:31.974000,36.0,2.0,,,0 days 00:00:29.656000,0 days 00:00:36.953000,0 days 00:00:25.365000,0 days 01:36:59.830000,0 days 01:37:36.783000,0 days 01:38:02.148000,287.0,252.0,248.0,296.0,True,HARD,24.0,True,Alfa Romeo Racing,0 days 01:36:30.151000,,1,16.0,,,False,True
0 days 01:39:33.800000,RAI,7,0 days 00:01:31.675000,37.0,2.0,,,0 days 00:00:29.294000,0 days 00:00:37.097000,0 days 00:00:25.284000,0 days 01:38:31.442000,0 days 01:39:08.539000,0 days 01:39:33.823000,290.0,252.0,247.0,295.0,True,HARD,25.0,True,Alfa Romeo Racing,0 days 01:38:02.125000,,1,15.0,,,False,True
0 days 01:41:05.598000,RAI,7,0 days 00:01:31.798000,38.0,2.0,,,0 days 00:00:29.514000,0 days 00:00:36.914000,0 days 00:00:25.370000,0 days 01:40:03.337000,0 days 01:40:40.251000,0 days 01:41:05.621000,290.0,252.0,246.0,294.0,False,HARD,26.0,True,Alfa Romeo Racing,0 days 01:39:33.800000,,1,15.0,,,False,True
0 days 01:42:38.122000,RAI,7,0 days 00:01:32.524000,39.0,2.0,,,0 days 00:00:29.309000,0 days 00:00:37.248000,0 days 00:00:25.967000,0 days 01:41:34.930000,0 days 01:42:12.178000,0 days 01:42:38.145000,292.0,249.0,247.0,306.0,False,HARD,27.0,True,Alfa Romeo Racing,0 days 01:41:05.598000,,1,16.0,,,False,True
0 days 01:44:09.910000,RAI,7,0 days 00:01:31.788000,40.0,2.0,,,0 days 00:00:29.147000,0 days 00:00:37.186000,0 days 00:00:25.455000,0 days 01:43:07.292000,0 days 01:43:44.478000,0 days 01:44:09.933000,293.0,252.0,243.0,300.0,False,HARD,28.0,True,Alfa Romeo Racing,0 days 01:42:38.122000,,1,16.0,,,False,True
0 days 01:45:41.628000,RAI,7,0 days 00:01:31.718000,41.0,2.0,,,0 days 00:00:29.184000,0 days 00:00:37.164000,0 days 00:00:25.370000,0 days 01:44:39.117000,0 days 01:45:16.281000,0 days 01:45:41.651000,290.0,250.0,246.0,300.0,False,HARD,29.0,True,Alfa Romeo Racing,0 days 01:44:09.910000,,1,16.0,,,False,True
0 days 01:47:13.920000,RAI,7,0 days 00:01:32.292000,42.0,2.0,,,0 days 00:00:29.818000,0 days 00:00:37.228000,0 days 00:00:25.246000,0 days 01:46:11.469000,0 days 01:46:48.697000,0 days 01:47:13.943000,287.0,255.0,247.0,296.0,False,HARD,30.0,True,Alfa Romeo Racing,0 days 01:45:41.628000,,1,16.0,,,False,True
0 days 01:48:45.620000,RAI,7,0 days 00:01:31.700000,43.0,2.0,,,0 days 00:00:29.463000,0 days 00:00:36.860000,0 days 00:00:25.377000,0 days 01:47:43.406000,0 days 01:48:20.266000,0 days 01:48:45.643000,288.0,253.0,249.0,295.0,False,HARD,31.0,True,Alfa Romeo Racing,0 days 01:47:13.920000,,1,16.0,,,False,True
0 days 01:50:17.678000,RAI,7,0 days 00:01:32.058000,44.0,2.0,,,0 days 00:00:29.410000,0 days 00:00:36.773000,0 days 00:00:25.875000,0 days 01:49:15.053000,0 days 01:49:51.826000,0 days 01:50:17.701000,285.0,255.0,250.0,295.0,False,HARD,32.0,True,Alfa Romeo Racing,0 days 01:48:45.620000,,1,17.0,,,False,True
0 days 01:51:49.537000,RAI,7,0 days 00:01:31.859000,45.0,2.0,,,0 days 00:00:29.459000,0 days 00:00:37.122000,0 days 00:00:25.278000,0 days 01:50:47.160000,0 days 01:51:24.282000,0 days 01:51:49.560000,302.0,250.0,248.0,293.0,False,HARD,33.0,True,Alfa Romeo Racing,0 days 01:50:17.678000,,1,17.0,,,False,True
0 days 01:53:21.031000,RAI,7,0 days 00:01:31.494000,46.0,2.0,,,0 days 00:00:29.468000,0 days 00:00:36.810000,0 days 00:00:25.216000,0 days 01:52:19.028000,0 days 01:52:55.838000,0 days 01:53:21.054000,284.0,253.0,249.0,293.0,True,HARD,34.0,True,Alfa Romeo Racing,0 days 01:51:49.537000,,1,17.0,,,False,True
0 days 01:55:15.867000,RAI,7,0 days 00:01:54.836000,47.0,2.0,,0 days 01:55:10.141000,0 days 00:00:29.723000,0 days 00:00:44.882000,0 days 00:00:40.231000,0 days 01:53:50.777000,0 days 01:54:35.659000,0 days 01:55:15.890000,287.0,84.0,,160.0,False,HARD,35.0,True,Alfa Romeo Racing,0 days 01:53:21.031000,,12,17.0,,,False,False
0 days 01:57:24.176000,RAI,7,0 days 00:02:08.309000,48.0,3.0,0 days 01:55:54.111000,,0 days 00:01:06.631000,0 days 00:00:36.832000,0 days 00:00:24.846000,0 days 01:56:22.521000,0 days 01:56:59.353000,0 days 01:57:24.199000,297.0,255.0,252.0,293.0,False,SOFT,1.0,True,Alfa Romeo Racing,0 days 01:55:15.867000,,1,17.0,,,False,False
0 days 01:58:54.149000,RAI,7,0 days 00:01:29.973000,49.0,3.0,,,0 days 00:00:28.843000,0 days 00:00:36.297000,0 days 00:00:24.833000,0 days 01:57:53.042000,0 days 01:58:29.339000,0 days 01:58:54.172000,287.0,255.0,250.0,297.0,True,SOFT,2.0,True,Alfa Romeo Racing,0 days 01:57:24.176000,,1,17.0,,,False,True
0 days 02:00:26.828000,RAI,7,0 days 00:01:32.679000,50.0,3.0,,,0 days 00:00:29.166000,0 days 00:00:36.630000,0 days 00:00:26.883000,0 days 01:59:23.338000,0 days 01:59:59.968000,0 days 02:00:26.851000,285.0,239.0,249.0,292.0,False,SOFT,3.0,True,Alfa Romeo Racing,0 days 01:58:54.149000,,1,17.0,,,False,True
0 days 02:02:03.172000,RAI,7,0 days 00:01:36.344000,51.0,3.0,,,0 days 00:00:31.215000,0 days 00:00:39.467000,0 days 00:00:25.662000,0 days 02:00:58.066000,0 days 02:01:37.533000,0 days 02:02:03.195000,290.0,252.0,246.0,300.0,False,SOFT,4.0,True,Alfa Romeo Racing,0 days 02:00:26.828000,,1,17.0,,,False,True
0 days 00:34:58.276000,BOT,77,0 days 00:01:35.364000,1.0,1.0,,,,0 days 00:00:37.300000,0 days 00:00:25.097000,,0 days 00:34:33.281000,0 days 00:34:58.411000,298.0,254.0,251.0,304.0,False,MEDIUM,4.0,False,Mercedes,0 days 00:33:22.751000,,1,2.0,,,False,False
0 days 00:37:04.552000,BOT,77,0 days 00:02:06.276000,2.0,1.0,,,0 days 00:00:35.498000,0 days 00:00:54.625000,0 days 00:00:36.153000,0 days 00:35:33.834000,0 days 00:36:28.459000,0 days 00:37:04.612000,106.0,180.0,107.0,278.0,True,MEDIUM,5.0,False,Mercedes,0 days 00:34:58.276000,,124,2.0,,,False,False
0 days 00:39:35.058000,BOT,77,,3.0,1.0,,,0 days 00:00:49.764000,0 days 00:00:59.815000,0 days 00:00:40.939000,0 days 00:37:54.364000,0 days 00:38:54.180000,0 days 00:39:35.253000,115.0,176.0,83.0,241.0,False,MEDIUM,6.0,False,Mercedes,0 days 00:37:04.552000,,4,2.0,,,False,False
0 days 00:42:08.335000,BOT,77,,4.0,1.0,,,0 days 00:00:47.204000,0 days 00:01:05.191000,0 days 00:00:40.909000,0 days 00:40:22.296000,0 days 00:41:27.528000,0 days 00:42:08.521000,190.0,163.0,90.0,255.0,False,MEDIUM,7.0,False,Mercedes,0 days 00:39:35.058000,,4,2.0,,,False,False
0 days 00:44:27.045000,BOT,77,0 days 00:02:18.710000,5.0,1.0,,,0 days 00:00:43.576000,0 days 00:00:58.886000,0 days 00:00:36.248000,0 days 00:42:51.971000,0 days 00:43:50.857000,0 days 00:44:27.105000,198.0,187.0,251.0,165.0,False,MEDIUM,8.0,False,Mercedes,0 days 00:42:08.335000,,41,2.0,,,False,False
0 days 00:45:57.903000,BOT,77,0 days 00:01:30.858000,6.0,1.0,,,0 days 00:00:29.036000,0 days 00:00:36.847000,0 days 00:00:24.975000,0 days 00:44:56.141000,0 days 00:45:32.988000,0 days 00:45:57.963000,296.0,256.0,252.0,306.0,True,MEDIUM,9.0,False,Mercedes,0 days 00:44:27.045000,,1,2.0,,,False,True
0 days 00:47:29.525000,BOT,77,0 days 00:01:31.622000,7.0,1.0,,,0 days 00:00:29.389000,0 days 00:00:37.036000,0 days 00:00:25.197000,0 days 00:46:27.352000,0 days 00:47:04.388000,0 days 00:47:29.585000,283.0,254.0,251.0,292.0,False,MEDIUM,10.0,False,Mercedes,0 days 00:45:57.903000,,1,2.0,,,False,True
0 days 00:49:00.486000,BOT,77,0 days 00:01:30.961000,8.0,1.0,,,0 days 00:00:29.102000,0 days 00:00:36.767000,0 days 00:00:25.092000,0 days 00:47:58.687000,0 days 00:48:35.454000,0 days 00:49:00.546000,283.0,255.0,253.0,294.0,False,MEDIUM,11.0,False,Mercedes,0 days 00:47:29.525000,,1,2.0,,,False,True
0 days 00:50:31.525000,BOT,77,0 days 00:01:31.039000,9.0,1.0,,,0 days 00:00:29.178000,0 days 00:00:36.767000,0 days 00:00:25.094000,0 days 00:49:29.724000,0 days 00:50:06.491000,0 days 00:50:31.585000,289.0,256.0,251.0,296.0,False,MEDIUM,12.0,False,Mercedes,0 days 00:49:00.486000,,1,2.0,,,False,True
0 days 00:52:02.408000,BOT,77,0 days 00:01:30.883000,10.0,1.0,,,0 days 00:00:29.192000,0 days 00:00:36.696000,0 days 00:00:24.995000,0 days 00:51:00.777000,0 days 00:51:37.473000,0 days 00:52:02.468000,286.0,256.0,252.0,295.0,False,MEDIUM,13.0,False,Mercedes,0 days 00:50:31.525000,,1,2.0,,,False,True
0 days 00:53:32.926000,BOT,77,0 days 00:01:30.518000,11.0,1.0,,,0 days 00:00:29.083000,0 days 00:00:36.559000,0 days 00:00:24.876000,0 days 00:52:31.551000,0 days 00:53:08.110000,0 days 00:53:32.986000,288.0,258.0,253.0,298.0,True,MEDIUM,14.0,False,Mercedes,0 days 00:52:02.408000,,1,2.0,,,False,True
0 days 00:55:03.894000,BOT,77,0 days 00:01:30.968000,12.0,1.0,,,0 days 00:00:29.174000,0 days 00:00:36.723000,0 days 00:00:25.071000,0 days 00:54:02.160000,0 days 00:54:38.883000,0 days 00:55:03.954000,288.0,257.0,253.0,295.0,False,MEDIUM,15.0,False,Mercedes,0 days 00:53:32.926000,,12,2.0,,,False,True
0 days 00:57:12.383000,BOT,77,0 days 00:02:08.489000,13.0,1.0,,0 days 00:57:06.539000,0 days 00:00:40.965000,0 days 00:00:53.816000,0 days 00:00:33.708000,0 days 00:55:44.919000,0 days 00:56:38.735000,0 days 00:57:12.443000,177.0,181.0,,212.0,False,MEDIUM,16.0,False,Mercedes,0 days 00:55:03.894000,,24,2.0,,,False,False
0 days 00:59:57.233000,BOT,77,,14.0,2.0,0 days 00:57:37.114000,,0 days 00:00:58.857000,0 days 00:01:00.899000,0 days 00:00:45.069000,0 days 00:58:11.333000,0 days 00:59:12.224000,0 days 00:59:57.371000,178.0,122.0,140.0,158.0,False,HARD,1.0,True,Mercedes,0 days 00:57:12.383000,,4,2.0,,,False,False
0 days 01:02:29.253000,BOT,77,,15.0,2.0,,,0 days 00:00:45.601000,0 days 00:01:05.900000,0 days 00:00:40.548000,0 days 01:00:42.865000,0 days 01:01:48.819000,0 days 01:02:29.483000,187.0,182.0,118.0,244.0,False,HARD,2.0,True,Mercedes,0 days 00:59:57.233000,,4,2.0,,,False,False
0 days 01:05:06.405000,BOT,77,,16.0,2.0,,,0 days 00:00:48.985000,0 days 00:01:07.542000,0 days 00:00:40.587000,0 days 01:03:18.336000,0 days 01:04:25.882000,0 days 01:05:06.512000,156.0,222.0,161.0,227.0,False,HARD,3.0,True,Mercedes,0 days 01:02:29.253000,,4,2.0,,,False,False
0 days 01:07:40.510000,BOT,77,,17.0,2.0,,,0 days 00:00:46.713000,0 days 00:01:06.241000,0 days 00:00:41.176000,0 days 01:05:53.161000,0 days 01:06:59.433000,0 days 01:07:40.635000,203.0,134.0,161.0,206.0,False,HARD,4.0,True,Mercedes,0 days 01:05:06.405000,,4,2.0,,,False,False
0 days 01:10:02.941000,BOT,77,0 days 00:02:22.431000,18.0,2.0,,,0 days 00:00:42.859000,0 days 00:01:01.157000,0 days 00:00:38.415000,0 days 01:08:23.429000,0 days 01:09:24.586000,0 days 01:10:03.001000,211.0,173.0,249.0,210.0,False,HARD,5.0,True,Mercedes,0 days 01:07:40.510000,,41,2.0,,,False,False
0 days 01:11:33.900000,BOT,77,0 days 00:01:30.959000,19.0,2.0,,,0 days 00:00:29.067000,0 days 00:00:36.817000,0 days 00:00:25.075000,0 days 01:10:32.068000,0 days 01:11:08.885000,0 days 01:11:33.960000,296.0,257.0,252.0,305.0,False,HARD,6.0,True,Mercedes,0 days 01:10:02.941000,,1,2.0,,,False,True
0 days 01:13:04.292000,BOT,77,0 days 00:01:30.392000,20.0,2.0,,,0 days 00:00:28.877000,0 days 00:00:36.513000,0 days 00:00:25.002000,0 days 01:12:02.837000,0 days 01:12:39.350000,0 days 01:13:04.352000,286.0,258.0,252.0,299.0,True,HARD,7.0,True,Mercedes,0 days 01:11:33.900000,,1,2.0,,,False,True
0 days 01:14:34.707000,BOT,77,0 days 00:01:30.415000,21.0,2.0,,,0 days 00:00:29.142000,0 days 00:00:36.467000,0 days 00:00:24.806000,0 days 01:13:33.494000,0 days 01:14:09.961000,0 days 01:14:34.767000,287.0,260.0,253.0,300.0,False,HARD,8.0,True,Mercedes,0 days 01:13:04.292000,,1,2.0,,,False,True
0 days 01:16:04.765000,BOT,77,0 days 00:01:30.058000,22.0,2.0,,,0 days 00:00:28.824000,0 days 00:00:36.427000,0 days 00:00:24.807000,0 days 01:15:03.591000,0 days 01:15:40.018000,0 days 01:16:04.825000,292.0,256.0,253.0,304.0,True,HARD,9.0,True,Mercedes,0 days 01:14:34.707000,,1,2.0,,,False,True
0 days 01:17:34.753000,BOT,77,0 days 00:01:29.988000,23.0,2.0,,,0 days 00:00:28.869000,0 days 00:00:36.374000,0 days 00:00:24.745000,0 days 01:16:33.694000,0 days 01:17:10.068000,0 days 01:17:34.813000,303.0,259.0,254.0,296.0,True,HARD,10.0,True,Mercedes,0 days 01:16:04.765000,,1,2.0,,,False,True
0 days 01:19:05.259000,BOT,77,0 days 00:01:30.506000,24.0,2.0,,,0 days 00:00:29.297000,0 days 00:00:36.436000,0 days 00:00:24.773000,0 days 01:18:04.110000,0 days 01:18:40.546000,0 days 01:19:05.319000,286.0,257.0,253.0,296.0,False,HARD,11.0,True,Mercedes,0 days 01:17:34.753000,,1,2.0,,,False,True
0 days 01:20:35.491000,BOT,77,0 days 00:01:30.232000,25.0,2.0,,,0 days 00:00:29.128000,0 days 00:00:36.404000,0 days 00:00:24.700000,0 days 01:19:34.447000,0 days 01:20:10.851000,0 days 01:20:35.551000,285.0,260.0,254.0,295.0,False,HARD,12.0,True,Mercedes,0 days 01:19:05.259000,,1,2.0,,,False,True
0 days 01:22:05.935000,BOT,77,0 days 00:01:30.444000,26.0,2.0,,,0 days 00:00:29.155000,0 days 00:00:36.394000,0 days 00:00:24.895000,0 days 01:21:04.706000,0 days 01:21:41.100000,0 days 01:22:05.995000,284.0,257.0,252.0,294.0,False,HARD,13.0,True,Mercedes,0 days 01:20:35.491000,,1,2.0,,,False,True
0 days 01:23:36.099000,BOT,77,0 days 00:01:30.164000,27.0,2.0,,,0 days 00:00:29.014000,0 days 00:00:36.411000,0 days 00:00:24.739000,0 days 01:22:35.009000,0 days 01:23:11.420000,0 days 01:23:36.159000,288.0,256.0,251.0,296.0,False,HARD,14.0,True,Mercedes,0 days 01:22:05.935000,,1,2.0,,,False,True
0 days 01:25:05.863000,BOT,77,0 days 00:01:29.764000,28.0,2.0,,,0 days 00:00:28.915000,0 days 00:00:36.231000,0 days 00:00:24.618000,0 days 01:24:05.074000,0 days 01:24:41.305000,0 days 01:25:05.923000,289.0,260.0,252.0,301.0,True,HARD,15.0,True,Mercedes,0 days 01:23:36.099000,,1,2.0,,,False,True
0 days 01:26:35.807000,BOT,77,0 days 00:01:29.944000,29.0,2.0,,,0 days 00:00:28.925000,0 days 00:00:36.255000,0 days 00:00:24.764000,0 days 01:25:34.848000,0 days 01:26:11.103000,0 days 01:26:35.867000,291.0,260.0,252.0,298.0,False,HARD,16.0,True,Mercedes,0 days 01:25:05.863000,,1,2.0,,,False,True
0 days 01:28:05.741000,BOT,77,0 days 00:01:29.934000,30.0,2.0,,,0 days 00:00:28.996000,0 days 00:00:36.311000,0 days 00:00:24.627000,0 days 01:27:04.863000,0 days 01:27:41.174000,0 days 01:28:05.801000,291.0,258.0,253.0,300.0,False,HARD,17.0,True,Mercedes,0 days 01:26:35.807000,,1,2.0,,,False,True
0 days 01:29:35.460000,BOT,77,0 days 00:01:29.719000,31.0,2.0,,,0 days 00:00:28.740000,0 days 00:00:36.380000,0 days 00:00:24.599000,0 days 01:28:34.541000,0 days 01:29:10.921000,0 days 01:29:35.520000,290.0,260.0,253.0,300.0,True,HARD,18.0,True,Mercedes,0 days 01:28:05.741000,,1,2.0,,,False,True
0 days 01:31:05.077000,BOT,77,0 days 00:01:29.617000,32.0,2.0,,,0 days 00:00:28.816000,0 days 00:00:36.158000,0 days 00:00:24.643000,0 days 01:30:04.336000,0 days 01:30:40.494000,0 days 01:31:05.137000,292.0,260.0,253.0,301.0,True,HARD,19.0,True,Mercedes,0 days 01:29:35.460000,,1,2.0,,,False,True
0 days 01:32:34.656000,BOT,77,0 days 00:01:29.579000,33.0,2.0,,,0 days 00:00:28.787000,0 days 00:00:36.123000,0 days 00:00:24.669000,0 days 01:31:33.924000,0 days 01:32:10.047000,0 days 01:32:34.716000,293.0,259.0,254.0,303.0,True,HARD,20.0,True,Mercedes,0 days 01:31:05.077000,,1,2.0,,,False,True
0 days 01:34:04.264000,BOT,77,0 days 00:01:29.608000,34.0,2.0,,,0 days 00:00:28.783000,0 days 00:00:36.179000,0 days 00:00:24.646000,0 days 01:33:03.499000,0 days 01:33:39.678000,0 days 01:34:04.324000,288.0,260.0,254.0,299.0,False,HARD,21.0,True,Mercedes,0 days 01:32:34.656000,,1,2.0,,,False,True
0 days 01:35:33.727000,BOT,77,0 days 00:01:29.463000,35.0,2.0,,,0 days 00:00:28.814000,0 days 00:00:36.100000,0 days 00:00:24.549000,0 days 01:34:33.138000,0 days 01:35:09.238000,0 days 01:35:33.787000,289.0,259.0,253.0,296.0,True,HARD,22.0,True,Mercedes,0 days 01:34:04.264000,,1,2.0,,,False,True
0 days 01:37:03.492000,BOT,77,0 days 00:01:29.765000,36.0,2.0,,,0 days 00:00:28.848000,0 days 00:00:36.119000,0 days 00:00:24.798000,0 days 01:36:02.635000,0 days 01:36:38.754000,0 days 01:37:03.552000,288.0,258.0,254.0,293.0,False,HARD,23.0,True,Mercedes,0 days 01:35:33.727000,,1,2.0,,,False,True
0 days 01:38:33.373000,BOT,77,0 days 00:01:29.881000,37.0,2.0,,,0 days 00:00:29.035000,0 days 00:00:36.212000,0 days 00:00:24.634000,0 days 01:37:32.587000,0 days 01:38:08.799000,0 days 01:38:33.433000,289.0,261.0,253.0,295.0,False,HARD,24.0,True,Mercedes,0 days 01:37:03.492000,,1,2.0,,,False,True
0 days 01:40:02.881000,BOT,77,0 days 00:01:29.508000,38.0,2.0,,,0 days 00:00:28.763000,0 days 00:00:36.208000,0 days 00:00:24.537000,0 days 01:39:02.196000,0 days 01:39:38.404000,0 days 01:40:02.941000,290.0,261.0,253.0,297.0,False,HARD,25.0,True,Mercedes,0 days 01:38:33.373000,,1,2.0,,,False,True
0 days 01:41:32.788000,BOT,77,0 days 00:01:29.907000,39.0,2.0,,,0 days 00:00:28.798000,0 days 00:00:36.362000,0 days 00:00:24.747000,0 days 01:40:31.739000,0 days 01:41:08.101000,0 days 01:41:32.848000,290.0,260.0,253.0,295.0,False,HARD,26.0,True,Mercedes,0 days 01:40:02.881000,,1,2.0,,,False,True
0 days 01:43:02.680000,BOT,77,0 days 00:01:29.892000,40.0,2.0,,,0 days 00:00:28.782000,0 days 00:00:36.291000,0 days 00:00:24.819000,0 days 01:42:01.630000,0 days 01:42:37.921000,0 days 01:43:02.740000,289.0,256.0,253.0,297.0,False,HARD,27.0,True,Mercedes,0 days 01:41:32.788000,,1,2.0,,,False,True
0 days 01:44:31.945000,BOT,77,0 days 00:01:29.265000,41.0,2.0,,,0 days 00:00:28.607000,0 days 00:00:36.167000,0 days 00:00:24.491000,0 days 01:43:31.347000,0 days 01:44:07.514000,0 days 01:44:32.005000,291.0,261.0,254.0,302.0,True,HARD,28.0,True,Mercedes,0 days 01:43:02.680000,,1,2.0,,,False,True
0 days 01:46:01.241000,BOT,77,0 days 00:01:29.296000,42.0,2.0,,,0 days 00:00:28.671000,0 days 00:00:36.084000,0 days 00:00:24.541000,0 days 01:45:00.676000,0 days 01:45:36.760000,0 days 01:46:01.301000,289.0,261.0,253.0,300.0,False,HARD,29.0,True,Mercedes,0 days 01:44:31.945000,,1,2.0,,,False,True
0 days 01:47:30.964000,BOT,77,0 days 00:01:29.723000,43.0,2.0,,,0 days 00:00:28.869000,0 days 00:00:36.249000,0 days 00:00:24.605000,0 days 01:46:30.170000,0 days 01:47:06.419000,0 days 01:47:31.024000,290.0,261.0,254.0,295.0,False,HARD,30.0,True,Mercedes,0 days 01:46:01.241000,,1,2.0,,,False,True
0 days 01:49:00.744000,BOT,77,0 days 00:01:29.780000,44.0,2.0,,,0 days 00:00:28.958000,0 days 00:00:36.242000,0 days 00:00:24.580000,0 days 01:47:59.982000,0 days 01:48:36.224000,0 days 01:49:00.804000,288.0,259.0,253.0,293.0,False,HARD,31.0,True,Mercedes,0 days 01:47:30.964000,,1,2.0,,,False,True
0 days 01:50:30.483000,BOT,77,0 days 00:01:29.739000,45.0,2.0,,,0 days 00:00:28.871000,0 days 00:00:36.135000,0 days 00:00:24.733000,0 days 01:49:29.675000,0 days 01:50:05.810000,0 days 01:50:30.543000,285.0,260.0,253.0,291.0,False,HARD,32.0,True,Mercedes,0 days 01:49:00.744000,,1,2.0,,,False,True
0 days 01:52:00.647000,BOT,77,0 days 00:01:30.164000,46.0,2.0,,,0 days 00:00:29.137000,0 days 00:00:36.322000,0 days 00:00:24.705000,0 days 01:50:59.680000,0 days 01:51:36.002000,0 days 01:52:00.707000,285.0,258.0,254.0,293.0,False,HARD,33.0,True,Mercedes,0 days 01:50:30.483000,,1,2.0,,,False,True
0 days 01:53:30.918000,BOT,77,0 days 00:01:30.271000,47.0,2.0,,,0 days 00:00:29.021000,0 days 00:00:36.465000,0 days 00:00:24.785000,0 days 01:52:29.728000,0 days 01:53:06.193000,0 days 01:53:30.978000,285.0,255.0,254.0,293.0,False,HARD,34.0,True,Mercedes,0 days 01:52:00.647000,,1,2.0,,,False,True
0 days 01:55:02.715000,BOT,77,0 days 00:01:31.797000,48.0,2.0,,,0 days 00:00:29.062000,0 days 00:00:37.719000,0 days 00:00:25.016000,0 days 01:54:00.040000,0 days 01:54:37.759000,0 days 01:55:02.775000,285.0,252.0,254.0,290.0,False,HARD,35.0,True,Mercedes,0 days 01:53:30.918000,,12,2.0,,,False,True
0 days 01:56:33.766000,BOT,77,0 days 00:01:31.051000,49.0,2.0,,,0 days 00:00:28.946000,0 days 00:00:36.556000,0 days 00:00:25.549000,0 days 01:55:31.721000,0 days 01:56:08.277000,0 days 01:56:33.826000,285.0,260.0,205.0,288.0,False,HARD,36.0,True,Mercedes,0 days 01:55:02.715000,,1,2.0,,,False,True
0 days 01:58:40.008000,BOT,77,0 days 00:02:06.242000,50.0,2.0,,0 days 01:58:33.998000,0 days 00:00:42.168000,0 days 00:00:51.920000,0 days 00:00:32.154000,0 days 01:57:15.994000,0 days 01:58:07.914000,0 days 01:58:40.068000,164.0,193.0,,231.0,False,HARD,37.0,True,Mercedes,0 days 01:56:33.766000,,1,4.0,,,False,False
0 days 02:00:36.246000,BOT,77,0 days 00:01:56.238000,51.0,3.0,0 days 01:59:07.576000,,0 days 00:00:54.491000,0 days 00:00:37.156000,0 days 00:00:24.591000,0 days 01:59:34.559000,0 days 02:00:11.715000,0 days 02:00:36.306000,292.0,261.0,258.0,302.0,False,SOFT,4.0,False,Mercedes,0 days 01:58:40.008000,,1,12.0,,,False,False
0 days 02:02:06.332000,BOT,77,0 days 00:01:30.086000,52.0,3.0,,,0 days 00:00:28.466000,0 days 00:00:36.030000,0 days 00:00:25.590000,0 days 02:01:04.772000,0 days 02:01:40.802000,0 days 02:02:06.392000,293.0,263.0,257.0,330.0,False,SOFT,5.0,False,Mercedes,0 days 02:00:36.246000,,1,11.0,,,False,True
0 days 00:35:07.179000,GRO,8,0 days 00:01:44.267000,1.0,1.0,,,,0 days 00:00:40.405000,0 days 00:00:26.837000,,0 days 00:34:40.431000,0 days 00:35:07.348000,306.0,250.0,240.0,312.0,False,MEDIUM,1.0,True,Haas F1 Team,0 days 00:33:22.751000,,1,16.0,,,False,False
0 days 00:37:23.797000,GRO,8,0 days 00:02:16.618000,2.0,1.0,,,0 days 00:00:48.159000,0 days 00:00:51.674000,0 days 00:00:36.785000,0 days 00:35:55.396000,0 days 00:36:47.070000,0 days 00:37:23.855000,128.0,232.0,109.0,177.0,True,MEDIUM,2.0,True,Haas F1 Team,0 days 00:35:07.179000,,124,15.0,,,False,False
0 days 00:39:54.224000,GRO,8,,3.0,1.0,,,0 days 00:00:45.054000,0 days 00:01:01.278000,0 days 00:00:44.088000,0 days 00:38:08.916000,0 days 00:39:10.207000,0 days 00:39:54.340000,203.0,90.0,93.0,186.0,False,MEDIUM,3.0,True,Haas F1 Team,0 days 00:37:23.797000,,4,15.0,,,False,False
0 days 00:42:28.513000,GRO,8,,4.0,1.0,,,0 days 00:00:46.134000,0 days 00:01:06.854000,0 days 00:00:41.317000,0 days 00:40:40.409000,0 days 00:41:47.261000,0 days 00:42:28.723000,213.0,221.0,59.0,201.0,False,MEDIUM,4.0,True,Haas F1 Team,0 days 00:39:54.224000,,4,15.0,,,False,False
0 days 00:44:34.500000,GRO,8,0 days 00:02:05.987000,5.0,1.0,,,0 days 00:00:43.510000,0 days 00:00:50.906000,0 days 00:00:31.571000,0 days 00:43:12.081000,0 days 00:44:02.987000,0 days 00:44:34.558000,235.0,163.0,245.0,268.0,True,MEDIUM,5.0,True,Haas F1 Team,0 days 00:42:28.513000,,41,15.0,,,False,False
0 days 00:46:09.025000,GRO,8,0 days 00:01:34.525000,6.0,1.0,,,0 days 00:00:29.722000,0 days 00:00:38.500000,0 days 00:00:26.303000,0 days 00:45:04.280000,0 days 00:45:42.780000,0 days 00:46:09.083000,295.0,251.0,246.0,306.0,True,MEDIUM,6.0,True,Haas F1 Team,0 days 00:44:34.500000,,1,15.0,,,False,True
0 days 00:47:43.265000,GRO,8,0 days 00:01:34.240000,7.0,1.0,,,0 days 00:00:29.780000,0 days 00:00:38.189000,0 days 00:00:26.271000,0 days 00:46:38.863000,0 days 00:47:17.052000,0 days 00:47:43.323000,294.0,252.0,246.0,308.0,True,MEDIUM,7.0,True,Haas F1 Team,0 days 00:46:09.025000,,1,14.0,,,False,True
0 days 00:49:16.937000,GRO,8,0 days 00:01:33.672000,8.0,1.0,,,0 days 00:00:29.747000,0 days 00:00:38.303000,0 days 00:00:25.622000,0 days 00:48:13.070000,0 days 00:48:51.373000,0 days 00:49:16.995000,304.0,256.0,243.0,322.0,True,MEDIUM,8.0,True,Haas F1 Team,0 days 00:47:43.265000,,1,14.0,,,False,True
0 days 00:50:50.404000,GRO,8,0 days 00:01:33.467000,9.0,1.0,,,0 days 00:00:29.771000,0 days 00:00:38.009000,0 days 00:00:25.687000,0 days 00:49:46.766000,0 days 00:50:24.775000,0 days 00:50:50.462000,310.0,254.0,243.0,322.0,True,MEDIUM,9.0,True,Haas F1 Team,0 days 00:49:16.937000,,1,14.0,,,False,True
0 days 00:52:24.011000,GRO,8,0 days 00:01:33.607000,10.0,1.0,,,0 days 00:00:29.837000,0 days 00:00:38.128000,0 days 00:00:25.642000,0 days 00:51:20.299000,0 days 00:51:58.427000,0 days 00:52:24.069000,309.0,253.0,242.0,311.0,True,MEDIUM,10.0,True,Haas F1 Team,0 days 00:50:50.404000,,1,14.0,,,False,True
0 days 00:53:57.616000,GRO,8,0 days 00:01:33.605000,11.0,1.0,,,0 days 00:00:29.787000,0 days 00:00:38.132000,0 days 00:00:25.686000,0 days 00:52:53.856000,0 days 00:53:31.988000,0 days 00:53:57.674000,313.0,256.0,244.0,323.0,True,MEDIUM,11.0,True,Haas F1 Team,0 days 00:52:24.011000,,1,14.0,,,False,True
0 days 00:55:42.603000,GRO,8,0 days 00:01:44.987000,12.0,1.0,,,0 days 00:00:30.121000,0 days 00:00:38.565000,0 days 00:00:36.301000,0 days 00:54:27.795000,0 days 00:55:06.360000,0 days 00:55:42.661000,303.0,249.0,162.0,194.0,False,MEDIUM,12.0,True,Haas F1 Team,0 days 00:53:57.616000,,124,14.0,,,False,False
0 days 00:57:50.929000,GRO,8,0 days 00:02:08.326000,13.0,1.0,,,0 days 00:00:41.340000,0 days 00:00:53.872000,0 days 00:00:33.114000,0 days 00:56:24.001000,0 days 00:57:17.873000,0 days 00:57:50.987000,195.0,223.0,234.0,229.0,False,MEDIUM,13.0,True,Haas F1 Team,0 days 00:55:42.603000,,4,7.0,,,False,False
0 days 01:00:01.670000,GRO,8,0 days 00:02:10.741000,14.0,1.0,,,0 days 00:00:37.677000,0 days 00:00:48.789000,0 days 00:00:44.275000,0 days 00:58:28.664000,0 days 00:59:17.453000,0 days 01:00:01.728000,162.0,231.0,131.0,196.0,False,MEDIUM,14.0,True,Haas F1 Team,0 days 00:57:50.929000,,4,5.0,,,False,False
0 days 01:02:32.742000,GRO,8,,15.0,1.0,,,0 days 00:00:44.726000,0 days 00:01:07.611000,0 days 00:00:38.732000,0 days 01:00:46.475000,0 days 01:01:54.068000,0 days 01:02:32.925000,180.0,210.0,200.0,238.0,False,MEDIUM,15.0,True,Haas F1 Team,0 days 01:00:01.670000,,4,5.0,,,False,False
0 days 01:05:11.862000,GRO,8,,16.0,1.0,,,0 days 00:00:50.504000,0 days 00:01:09.552000,0 days 00:00:39.061000,0 days 01:03:23.307000,0 days 01:04:32.883000,0 days 01:05:12.019000,148.0,219.0,93.0,262.0,False,MEDIUM,16.0,True,Haas F1 Team,0 days 01:02:32.742000,,4,5.0,,,False,False
0 days 01:07:45.034000,GRO,8,,17.0,1.0,,,0 days 00:00:45.782000,0 days 00:01:08.455000,0 days 00:00:38.950000,0 days 01:05:57.716000,0 days 01:07:06.166000,0 days 01:07:45.191000,145.0,101.0,106.0,228.0,False,MEDIUM,17.0,True,Haas F1 Team,0 days 01:05:11.862000,,4,5.0,,,False,False
0 days 01:10:04.912000,GRO,8,0 days 00:02:19.878000,18.0,1.0,,,0 days 00:00:42.306000,0 days 00:01:00.172000,0 days 00:00:37.400000,0 days 01:08:27.398000,0 days 01:09:27.570000,0 days 01:10:04.970000,200.0,191.0,231.0,224.0,False,MEDIUM,18.0,True,Haas F1 Team,0 days 01:07:45.034000,,41,5.0,,,False,False
0 days 01:11:38.954000,GRO,8,0 days 00:01:34.042000,19.0,1.0,,,0 days 00:00:30.020000,0 days 00:00:38.230000,0 days 00:00:25.792000,0 days 01:10:34.990000,0 days 01:11:13.220000,0 days 01:11:39.012000,302.0,252.0,247.0,305.0,False,MEDIUM,19.0,True,Haas F1 Team,0 days 01:10:04.912000,,1,5.0,,,False,True
0 days 01:13:11.601000,GRO,8,0 days 00:01:32.647000,20.0,1.0,,,0 days 00:00:29.386000,0 days 00:00:37.514000,0 days 00:00:25.747000,0 days 01:12:08.398000,0 days 01:12:45.912000,0 days 01:13:11.659000,294.0,252.0,245.0,307.0,True,MEDIUM,20.0,True,Haas F1 Team,0 days 01:11:38.954000,,1,5.0,,,False,True
0 days 01:14:44.337000,GRO,8,0 days 00:01:32.736000,21.0,1.0,,,0 days 00:00:29.437000,0 days 00:00:37.419000,0 days 00:00:25.880000,0 days 01:13:41.096000,0 days 01:14:18.515000,0 days 01:14:44.395000,295.0,252.0,245.0,308.0,False,MEDIUM,21.0,True,Haas F1 Team,0 days 01:13:11.601000,,1,5.0,,,False,True
0 days 01:16:17.474000,GRO,8,0 days 00:01:33.137000,22.0,1.0,,,0 days 00:00:29.409000,0 days 00:00:37.338000,0 days 00:00:26.390000,0 days 01:15:13.804000,0 days 01:15:51.142000,0 days 01:16:17.532000,296.0,251.0,245.0,301.0,False,MEDIUM,22.0,True,Haas F1 Team,0 days 01:14:44.337000,,1,6.0,,,False,True
0 days 01:17:50.106000,GRO,8,0 days 00:01:32.632000,23.0,1.0,,,0 days 00:00:29.522000,0 days 00:00:37.613000,0 days 00:00:25.497000,0 days 01:16:47.054000,0 days 01:17:24.667000,0 days 01:17:50.164000,307.0,255.0,247.0,315.0,True,MEDIUM,23.0,True,Haas F1 Team,0 days 01:16:17.474000,,1,6.0,,,False,True
0 days 01:19:23.235000,GRO,8,0 days 00:01:33.129000,24.0,1.0,,,0 days 00:00:29.561000,0 days 00:00:37.302000,0 days 00:00:26.266000,0 days 01:18:19.725000,0 days 01:18:57.027000,0 days 01:19:23.293000,292.0,252.0,243.0,301.0,False,MEDIUM,24.0,True,Haas F1 Team,0 days 01:17:50.106000,,1,7.0,,,False,True
0 days 01:20:55.772000,GRO,8,0 days 00:01:32.537000,25.0,1.0,,,0 days 00:00:29.629000,0 days 00:00:37.411000,0 days 00:00:25.497000,0 days 01:19:52.922000,0 days 01:20:30.333000,0 days 01:20:55.830000,302.0,257.0,248.0,315.0,True,MEDIUM,25.0,True,Haas F1 Team,0 days 01:19:23.235000,,1,7.0,,,False,True
0 days 01:22:28.079000,GRO,8,0 days 00:01:32.307000,26.0,1.0,,,0 days 00:00:29.315000,0 days 00:00:37.497000,0 days 00:00:25.495000,0 days 01:21:25.145000,0 days 01:22:02.642000,0 days 01:22:28.137000,304.0,256.0,247.0,315.0,True,MEDIUM,26.0,True,Haas F1 Team,0 days 01:20:55.772000,,1,7.0,,,False,True
0 days 01:23:59.964000,GRO,8,0 days 00:01:31.885000,27.0,1.0,,,0 days 00:00:29.370000,0 days 00:00:37.078000,0 days 00:00:25.437000,0 days 01:22:57.507000,0 days 01:23:34.585000,0 days 01:24:00.022000,295.0,255.0,247.0,314.0,True,MEDIUM,27.0,True,Haas F1 Team,0 days 01:22:28.079000,,1,7.0,,,False,True
0 days 01:25:31.724000,GRO,8,0 days 00:01:31.760000,28.0,1.0,,,0 days 00:00:29.323000,0 days 00:00:37.075000,0 days 00:00:25.362000,0 days 01:24:29.345000,0 days 01:25:06.420000,0 days 01:25:31.782000,304.0,259.0,248.0,318.0,True,MEDIUM,28.0,True,Haas F1 Team,0 days 01:23:59.964000,,1,7.0,,,False,True
0 days 01:27:03.432000,GRO,8,0 days 00:01:31.708000,29.0,1.0,,,0 days 00:00:29.354000,0 days 00:00:37.108000,0 days 00:00:25.246000,0 days 01:26:01.136000,0 days 01:26:38.244000,0 days 01:27:03.490000,295.0,255.0,248.0,304.0,True,MEDIUM,29.0,True,Haas F1 Team,0 days 01:25:31.724000,,1,7.0,,,False,True
0 days 01:28:34.879000,GRO,8,0 days 00:01:31.447000,30.0,1.0,,,0 days 00:00:29.306000,0 days 00:00:36.843000,0 days 00:00:25.298000,0 days 01:27:32.796000,0 days 01:28:09.639000,0 days 01:28:34.937000,296.0,258.0,249.0,318.0,True,MEDIUM,30.0,True,Haas F1 Team,0 days 01:27:03.432000,,1,7.0,,,False,True
0 days 01:30:06.277000,GRO,8,0 days 00:01:31.398000,31.0,1.0,,,0 days 00:00:29.295000,0 days 00:00:36.743000,0 days 00:00:25.360000,0 days 01:29:04.232000,0 days 01:29:40.975000,0 days 01:30:06.335000,296.0,259.0,248.0,318.0,True,MEDIUM,31.0,True,Haas F1 Team,0 days 01:28:34.879000,,1,7.0,,,False,True
0 days 01:31:37.724000,GRO,8,0 days 00:01:31.447000,32.0,1.0,,,0 days 00:00:29.290000,0 days 00:00:36.877000,0 days 00:00:25.280000,0 days 01:30:35.625000,0 days 01:31:12.502000,0 days 01:31:37.782000,298.0,259.0,248.0,315.0,False,MEDIUM,32.0,True,Haas F1 Team,0 days 01:30:06.277000,,1,7.0,,,False,True
0 days 01:33:08.848000,GRO,8,0 days 00:01:31.124000,33.0,1.0,,,0 days 00:00:29.263000,0 days 00:00:36.756000,0 days 00:00:25.105000,0 days 01:32:07.045000,0 days 01:32:43.801000,0 days 01:33:08.906000,296.0,258.0,249.0,317.0,True,MEDIUM,33.0,True,Haas F1 Team,0 days 01:31:37.724000,,1,7.0,,,False,True
0 days 01:34:39.915000,GRO,8,0 days 00:01:31.067000,34.0,1.0,,,0 days 00:00:29.030000,0 days 00:00:36.916000,0 days 00:00:25.121000,0 days 01:33:37.936000,0 days 01:34:14.852000,0 days 01:34:39.973000,303.0,258.0,249.0,316.0,True,MEDIUM,34.0,True,Haas F1 Team,0 days 01:33:08.848000,,1,7.0,,,False,True
0 days 01:36:11.577000,GRO,8,0 days 00:01:31.662000,35.0,1.0,,,0 days 00:00:29.481000,0 days 00:00:36.875000,0 days 00:00:25.306000,0 days 01:35:09.454000,0 days 01:35:46.329000,0 days 01:36:11.635000,296.0,255.0,249.0,302.0,False,MEDIUM,35.0,True,Haas F1 Team,0 days 01:34:39.915000,,1,7.0,,,False,True
0 days 01:37:44.895000,GRO,8,0 days 00:01:33.318000,36.0,1.0,,0 days 01:37:39.065000,0 days 00:00:29.372000,0 days 00:00:38.331000,0 days 00:00:25.615000,0 days 01:36:41.007000,0 days 01:37:19.338000,0 days 01:37:44.953000,294.0,253.0,,300.0,False,MEDIUM,36.0,True,Haas F1 Team,0 days 01:36:11.577000,,1,9.0,,,False,False
0 days 01:39:43.471000,GRO,8,0 days 00:01:58.576000,37.0,2.0,0 days 01:38:12.866000,,0 days 00:00:55.960000,0 days 00:00:37.464000,0 days 00:00:25.152000,0 days 01:38:40.913000,0 days 01:39:18.377000,0 days 01:39:43.529000,290.0,253.0,247.0,295.0,False,HARD,1.0,True,Haas F1 Team,0 days 01:37:44.895000,,1,17.0,,,False,False
0 days 01:41:14.333000,GRO,8,0 days 00:01:30.862000,38.0,2.0,,,0 days 00:00:29.145000,0 days 00:00:36.701000,0 days 00:00:25.016000,0 days 01:40:12.674000,0 days 01:40:49.375000,0 days 01:41:14.391000,290.0,254.0,247.0,296.0,True,HARD,2.0,True,Haas F1 Team,0 days 01:39:43.471000,,1,17.0,,,False,True
0 days 01:42:44.698000,GRO,8,0 days 00:01:30.365000,39.0,2.0,,,0 days 00:00:28.975000,0 days 00:00:36.399000,0 days 00:00:24.991000,0 days 01:41:43.366000,0 days 01:42:19.765000,0 days 01:42:44.756000,294.0,255.0,247.0,301.0,True,HARD,3.0,True,Haas F1 Team,0 days 01:41:14.333000,,1,17.0,,,False,True
0 days 01:44:14.846000,GRO,8,0 days 00:01:30.148000,40.0,2.0,,,0 days 00:00:28.852000,0 days 00:00:36.496000,0 days 00:00:24.800000,0 days 01:43:13.608000,0 days 01:43:50.104000,0 days 01:44:14.904000,292.0,257.0,248.0,304.0,True,HARD,4.0,True,Haas F1 Team,0 days 01:42:44.698000,,1,17.0,,,False,True
0 days 01:45:44.765000,GRO,8,0 days 00:01:29.919000,41.0,2.0,,,0 days 00:00:28.771000,0 days 00:00:36.461000,0 days 00:00:24.687000,0 days 01:44:43.675000,0 days 01:45:20.136000,0 days 01:45:44.823000,291.0,256.0,248.0,304.0,True,HARD,5.0,True,Haas F1 Team,0 days 01:44:14.846000,,1,17.0,,,False,True
0 days 01:47:15.409000,GRO,8,0 days 00:01:30.644000,42.0,2.0,,,0 days 00:00:29.189000,0 days 00:00:36.637000,0 days 00:00:24.818000,0 days 01:46:14.012000,0 days 01:46:50.649000,0 days 01:47:15.467000,293.0,257.0,248.0,304.0,False,HARD,6.0,True,Haas F1 Team,0 days 01:45:44.765000,,1,17.0,,,False,True
0 days 01:48:46.249000,GRO,8,0 days 00:01:30.840000,43.0,2.0,,,0 days 00:00:29.248000,0 days 00:00:36.407000,0 days 00:00:25.185000,0 days 01:47:44.715000,0 days 01:48:21.122000,0 days 01:48:46.307000,295.0,260.0,249.0,319.0,False,HARD,7.0,True,Haas F1 Team,0 days 01:47:15.409000,,1,17.0,,,False,True
0 days 01:50:16.819000,GRO,8,0 days 00:01:30.570000,44.0,2.0,,,0 days 00:00:29.208000,0 days 00:00:36.813000,0 days 00:00:24.549000,0 days 01:49:15.515000,0 days 01:49:52.328000,0 days 01:50:16.877000,304.0,261.0,249.0,319.0,False,HARD,8.0,True,Haas F1 Team,0 days 01:48:46.249000,,1,16.0,,,False,True
0 days 01:51:47.140000,GRO,8,0 days 00:01:30.321000,45.0,2.0,,,0 days 00:00:29.222000,0 days 00:00:36.307000,0 days 00:00:24.792000,0 days 01:50:46.099000,0 days 01:51:22.406000,0 days 01:51:47.198000,288.0,254.0,249.0,297.0,False,HARD,9.0,True,Haas F1 Team,0 days 01:50:16.819000,,1,16.0,,,False,True
0 days 01:53:17.105000,GRO,8,0 days 00:01:29.965000,46.0,2.0,,,0 days 00:00:29.111000,0 days 00:00:36.215000,0 days 00:00:24.639000,0 days 01:52:16.309000,0 days 01:52:52.524000,0 days 01:53:17.163000,288.0,256.0,249.0,299.0,False,HARD,10.0,True,Haas F1 Team,0 days 01:51:47.140000,,1,16.0,,,False,True
0 days 01:54:47.366000,GRO,8,0 days 00:01:30.261000,47.0,2.0,,,0 days 00:00:29.196000,0 days 00:00:36.217000,0 days 00:00:24.848000,0 days 01:53:46.359000,0 days 01:54:22.576000,0 days 01:54:47.424000,287.0,257.0,250.0,298.0,False,HARD,11.0,True,Haas F1 Team,0 days 01:53:17.105000,,12,16.0,,,False,True
0 days 01:56:17.428000,GRO,8,0 days 00:01:30.062000,48.0,2.0,,,0 days 00:00:29.142000,0 days 00:00:36.252000,0 days 00:00:24.668000,0 days 01:55:16.566000,0 days 01:55:52.818000,0 days 01:56:17.486000,292.0,256.0,250.0,301.0,False,HARD,12.0,True,Haas F1 Team,0 days 01:54:47.366000,,1,16.0,,,False,True
0 days 01:57:47.210000,GRO,8,0 days 00:01:29.782000,49.0,2.0,,,0 days 00:00:28.991000,0 days 00:00:36.218000,0 days 00:00:24.573000,0 days 01:56:46.477000,0 days 01:57:22.695000,0 days 01:57:47.268000,293.0,258.0,250.0,302.0,True,HARD,13.0,True,Haas F1 Team,0 days 01:56:17.428000,,1,16.0,,,False,True
0 days 01:59:17.223000,GRO,8,0 days 00:01:30.013000,50.0,2.0,,,0 days 00:00:29.178000,0 days 00:00:36.259000,0 days 00:00:24.576000,0 days 01:58:16.446000,0 days 01:58:52.705000,0 days 01:59:17.281000,294.0,257.0,250.0,303.0,False,HARD,14.0,True,Haas F1 Team,0 days 01:57:47.210000,,1,16.0,,,False,True
0 days 02:00:47.541000,GRO,8,0 days 00:01:30.318000,51.0,2.0,,,0 days 00:00:29.194000,0 days 00:00:36.356000,0 days 00:00:24.768000,0 days 01:59:46.475000,0 days 02:00:22.831000,0 days 02:00:47.599000,294.0,257.0,251.0,306.0,False,HARD,15.0,True,Haas F1 Team,0 days 01:59:17.223000,,1,16.0,,,False,True
0 days 02:02:19.227000,GRO,8,0 days 00:01:31.686000,52.0,2.0,,,0 days 00:00:29.300000,0 days 00:00:36.944000,0 days 00:00:25.442000,0 days 02:01:16.899000,0 days 02:01:53.843000,0 days 02:02:19.285000,304.0,261.0,250.0,317.0,False,HARD,16.0,True,Haas F1 Team,0 days 02:00:47.541000,,1,16.0,,,False,True
0 days 00:35:06.281000,GIO,99,0 days 00:01:43.369000,1.0,1.0,,,,0 days 00:00:40.404000,0 days 00:00:27.008000,,0 days 00:34:39.333000,0 days 00:35:06.399000,271.0,252.0,235.0,313.0,False,MEDIUM,1.0,True,Alfa Romeo Racing,0 days 00:33:22.751000,,1,13.0,,,False,False
0 days 00:37:20.509000,GIO,99,0 days 00:02:14.228000,2.0,1.0,,,0 days 00:00:46.468000,0 days 00:00:52.045000,0 days 00:00:35.715000,0 days 00:35:52.794000,0 days 00:36:44.839000,0 days 00:37:20.554000,106.0,225.0,123.0,266.0,True,MEDIUM,2.0,True,Alfa Romeo Racing,0 days 00:35:06.281000,,124,13.0,,,False,False
0 days 00:39:50.209000,GIO,99,0 days 00:02:29.700000,3.0,1.0,,,0 days 00:00:44.697000,0 days 00:01:02.461000,0 days 00:00:42.542000,0 days 00:38:05.251000,0 days 00:39:07.712000,0 days 00:39:50.254000,156.0,96.0,96.0,135.0,False,MEDIUM,3.0,True,Alfa Romeo Racing,0 days 00:37:20.509000,,4,13.0,,,False,False
0 days 00:42:24.510000,GIO,99,,4.0,1.0,,,0 days 00:00:47.137000,0 days 00:01:06.706000,0 days 00:00:40.467000,0 days 00:40:37.462000,0 days 00:41:44.151000,0 days 00:42:24.589000,153.0,211.0,74.0,227.0,False,MEDIUM,4.0,True,Alfa Romeo Racing,0 days 00:39:50.209000,,4,13.0,,,False,False
0 days 00:44:32.597000,GIO,99,0 days 00:02:08.087000,5.0,1.0,,,0 days 00:00:42.525000,0 days 00:00:53.687000,0 days 00:00:31.875000,0 days 00:43:07.080000,0 days 00:44:00.767000,0 days 00:44:32.642000,143.0,206.0,246.0,189.0,True,MEDIUM,5.0,True,Alfa Romeo Racing,0 days 00:42:24.510000,,41,13.0,,,False,False
0 days 00:46:07.598000,GIO,99,0 days 00:01:35.001000,6.0,1.0,,,0 days 00:00:30.059000,0 days 00:00:39.139000,0 days 00:00:25.803000,0 days 00:45:02.701000,0 days 00:45:41.840000,0 days 00:46:07.643000,294.0,255.0,247.0,310.0,True,MEDIUM,6.0,True,Alfa Romeo Racing,0 days 00:44:32.597000,,1,12.0,,,False,True
0 days 00:47:42.118000,GIO,99,0 days 00:01:34.520000,7.0,1.0,,,0 days 00:00:29.813000,0 days 00:00:38.609000,0 days 00:00:26.098000,0 days 00:46:37.456000,0 days 00:47:16.065000,0 days 00:47:42.163000,288.0,252.0,246.0,297.0,True,MEDIUM,7.0,True,Alfa Romeo Racing,0 days 00:46:07.598000,,1,12.0,,,False,True
0 days 00:49:15.624000,GIO,99,0 days 00:01:33.506000,8.0,1.0,,,0 days 00:00:29.591000,0 days 00:00:38.212000,0 days 00:00:25.703000,0 days 00:48:11.754000,0 days 00:48:49.966000,0 days 00:49:15.669000,310.0,254.0,247.0,319.0,True,MEDIUM,8.0,True,Alfa Romeo Racing,0 days 00:47:42.118000,,1,12.0,,,False,True
0 days 00:50:49.069000,GIO,99,0 days 00:01:33.445000,9.0,1.0,,,0 days 00:00:29.570000,0 days 00:00:38.101000,0 days 00:00:25.774000,0 days 00:49:45.239000,0 days 00:50:23.340000,0 days 00:50:49.114000,311.0,254.0,247.0,320.0,True,MEDIUM,9.0,True,Alfa Romeo Racing,0 days 00:49:15.624000,,1,12.0,,,False,True
0 days 00:52:22.690000,GIO,99,0 days 00:01:33.621000,10.0,1.0,,,0 days 00:00:29.624000,0 days 00:00:38.072000,0 days 00:00:25.925000,0 days 00:51:18.738000,0 days 00:51:56.810000,0 days 00:52:22.735000,311.0,256.0,245.0,320.0,False,MEDIUM,10.0,True,Alfa Romeo Racing,0 days 00:50:49.069000,,1,12.0,,,False,True
0 days 00:53:56.645000,GIO,99,0 days 00:01:33.955000,11.0,1.0,,,0 days 00:00:29.880000,0 days 00:00:38.681000,0 days 00:00:25.394000,0 days 00:52:52.615000,0 days 00:53:31.296000,0 days 00:53:56.690000,308.0,257.0,247.0,317.0,False,MEDIUM,11.0,True,Alfa Romeo Racing,0 days 00:52:22.690000,,1,13.0,,,False,True
0 days 00:55:36.525000,GIO,99,0 days 00:01:39.880000,12.0,1.0,,0 days 00:55:30.670000,0 days 00:00:29.801000,0 days 00:00:38.688000,0 days 00:00:31.391000,0 days 00:54:26.491000,0 days 00:55:05.179000,0 days 00:55:36.570000,295.0,252.0,,234.0,False,MEDIUM,12.0,True,Alfa Romeo Racing,0 days 00:53:56.645000,,124,12.0,,,False,False
0 days 00:58:02.754000,GIO,99,0 days 00:02:26.229000,13.0,2.0,0 days 00:56:02.204000,,0 days 00:00:58.040000,0 days 00:00:53.934000,0 days 00:00:34.255000,0 days 00:56:34.610000,0 days 00:57:28.544000,0 days 00:58:02.799000,167.0,225.0,227.0,154.0,False,HARD,1.0,True,Alfa Romeo Racing,0 days 00:55:36.525000,,4,12.0,,,False,False
0 days 01:00:10.499000,GIO,99,0 days 00:02:07.745000,14.0,2.0,,,0 days 00:00:37.008000,0 days 00:00:48.133000,0 days 00:00:42.604000,0 days 00:58:39.807000,0 days 00:59:27.940000,0 days 01:00:10.544000,182.0,226.0,162.0,154.0,False,HARD,2.0,True,Alfa Romeo Racing,0 days 00:58:02.754000,,4,12.0,,,False,False
0 days 01:02:41.859000,GIO,99,,15.0,2.0,,,0 days 00:00:45.222000,0 days 00:01:08.619000,0 days 00:00:37.490000,0 days 01:00:55.839000,0 days 01:02:04.414000,0 days 01:02:42.048000,140.0,148.0,156.0,254.0,False,HARD,3.0,True,Alfa Romeo Racing,0 days 01:00:10.499000,,4,12.0,,,False,False
0 days 01:05:21.850000,GIO,99,,16.0,2.0,,,0 days 00:00:49.533000,0 days 00:01:13.093000,0 days 00:00:37.359000,0 days 01:03:31.443000,0 days 01:04:44.541000,0 days 01:05:21.974000,186.0,145.0,100.0,232.0,False,HARD,4.0,True,Alfa Romeo Racing,0 days 01:02:41.859000,,4,12.0,,,False,False
0 days 01:07:55.221000,GIO,99,,17.0,2.0,,,0 days 00:00:44.083000,0 days 00:01:11.831000,0 days 00:00:37.504000,0 days 01:06:05.998000,0 days 01:07:18.093000,0 days 01:07:55.437000,151.0,64.0,108.0,231.0,False,HARD,5.0,True,Alfa Romeo Racing,0 days 01:05:21.850000,,4,12.0,,,False,False
0 days 01:10:07.358000,GIO,99,0 days 00:02:12.137000,18.0,2.0,,,0 days 00:00:42.521000,0 days 00:00:55.223000,0 days 00:00:34.393000,0 days 01:08:37.787000,0 days 01:09:33.010000,0 days 01:10:07.403000,182.0,171.0,243.0,182.0,False,HARD,6.0,True,Alfa Romeo Racing,0 days 01:07:55.221000,,41,12.0,,,False,False
0 days 01:11:43.150000,GIO,99,0 days 00:01:35.792000,19.0,2.0,,,0 days 00:00:30.679000,0 days 00:00:39.020000,0 days 00:00:26.093000,0 days 01:10:38.082000,0 days 01:11:17.102000,0 days 01:11:43.195000,299.0,252.0,250.0,311.0,False,HARD,7.0,True,Alfa Romeo Racing,0 days 01:10:07.358000,,1,12.0,,,False,True
0 days 01:13:17.177000,GIO,99,0 days 00:01:34.027000,20.0,2.0,,,0 days 00:00:29.789000,0 days 00:00:38.307000,0 days 00:00:25.931000,0 days 01:12:12.984000,0 days 01:12:51.291000,0 days 01:13:17.222000,298.0,254.0,250.0,309.0,False,HARD,8.0,True,Alfa Romeo Racing,0 days 01:11:43.150000,,1,12.0,,,False,True
0 days 01:14:49.759000,GIO,99,0 days 00:01:32.582000,21.0,2.0,,,0 days 00:00:29.307000,0 days 00:00:37.910000,0 days 00:00:25.365000,0 days 01:13:46.529000,0 days 01:14:24.439000,0 days 01:14:49.804000,316.0,258.0,250.0,330.0,True,HARD,9.0,True,Alfa Romeo Racing,0 days 01:13:17.177000,,1,12.0,,,False,True
0 days 01:16:22.452000,GIO,99,0 days 00:01:32.693000,22.0,2.0,,,0 days 00:00:29.431000,0 days 00:00:37.706000,0 days 00:00:25.556000,0 days 01:15:19.235000,0 days 01:15:56.941000,0 days 01:16:22.497000,316.0,254.0,249.0,311.0,False,HARD,10.0,True,Alfa Romeo Racing,0 days 01:14:49.759000,,1,12.0,,,False,True
0 days 01:17:54.610000,GIO,99,0 days 00:01:32.158000,23.0,2.0,,,0 days 00:00:29.240000,0 days 00:00:37.481000,0 days 00:00:25.437000,0 days 01:16:51.737000,0 days 01:17:29.218000,0 days 01:17:54.655000,316.0,256.0,250.0,309.0,True,HARD,11.0,True,Alfa Romeo Racing,0 days 01:16:22.452000,,1,12.0,,,False,True
0 days 01:19:26.816000,GIO,99,0 days 00:01:32.206000,24.0,2.0,,,0 days 00:00:29.554000,0 days 00:00:37.400000,0 days 00:00:25.252000,0 days 01:18:24.209000,0 days 01:19:01.609000,0 days 01:19:26.861000,295.0,257.0,249.0,323.0,False,HARD,12.0,True,Alfa Romeo Racing,0 days 01:17:54.610000,,1,12.0,,,False,True
0 days 01:20:59.139000,GIO,99,0 days 00:01:32.323000,25.0,2.0,,,0 days 00:00:29.324000,0 days 00:00:37.701000,0 days 00:00:25.298000,0 days 01:19:56.185000,0 days 01:20:33.886000,0 days 01:20:59.184000,315.0,258.0,250.0,327.0,False,HARD,13.0,True,Alfa Romeo Racing,0 days 01:19:26.816000,,1,12.0,,,False,True
0 days 01:22:31.397000,GIO,99,0 days 00:01:32.258000,26.0,2.0,,,0 days 00:00:29.218000,0 days 00:00:37.610000,0 days 00:00:25.430000,0 days 01:21:28.402000,0 days 01:22:06.012000,0 days 01:22:31.442000,316.0,259.0,250.0,332.0,False,HARD,14.0,True,Alfa Romeo Racing,0 days 01:20:59.139000,,1,12.0,,,False,True
0 days 01:24:03.673000,GIO,99,0 days 00:01:32.276000,27.0,2.0,,,0 days 00:00:29.357000,0 days 00:00:37.761000,0 days 00:00:25.158000,0 days 01:23:00.799000,0 days 01:23:38.560000,0 days 01:24:03.718000,321.0,258.0,250.0,327.0,False,HARD,15.0,True,Alfa Romeo Racing,0 days 01:22:31.397000,,1,12.0,,,False,True
0 days 01:25:35.922000,GIO,99,0 days 00:01:32.249000,28.0,2.0,,,0 days 00:00:29.301000,0 days 00:00:37.596000,0 days 00:00:25.352000,0 days 01:24:33.019000,0 days 01:25:10.615000,0 days 01:25:35.967000,319.0,259.0,249.0,323.0,False,HARD,16.0,True,Alfa Romeo Racing,0 days 01:24:03.673000,,1,12.0,,,False,True
0 days 01:27:07.835000,GIO,99,0 days 00:01:31.913000,29.0,2.0,,,0 days 00:00:29.252000,0 days 00:00:37.386000,0 days 00:00:25.275000,0 days 01:26:05.219000,0 days 01:26:42.605000,0 days 01:27:07.880000,312.0,256.0,249.0,307.0,True,HARD,17.0,True,Alfa Romeo Racing,0 days 01:25:35.922000,,1,12.0,,,False,True
0 days 01:28:40.449000,GIO,99,0 days 00:01:32.614000,30.0,2.0,,,0 days 00:00:29.328000,0 days 00:00:37.194000,0 days 00:00:26.092000,0 days 01:27:37.208000,0 days 01:28:14.402000,0 days 01:28:40.494000,297.0,256.0,249.0,303.0,False,HARD,18.0,True,Alfa Romeo Racing,0 days 01:27:07.835000,,1,14.0,,,False,True
0 days 01:30:12.724000,GIO,99,0 days 00:01:32.275000,31.0,2.0,,,0 days 00:00:29.353000,0 days 00:00:37.613000,0 days 00:00:25.309000,0 days 01:29:09.847000,0 days 01:29:47.460000,0 days 01:30:12.769000,312.0,259.0,249.0,317.0,False,HARD,19.0,True,Alfa Romeo Racing,0 days 01:28:40.449000,,1,13.0,,,False,True
0 days 01:31:44.532000,GIO,99,0 days 00:01:31.808000,32.0,2.0,,,0 days 00:00:29.322000,0 days 00:00:37.122000,0 days 00:00:25.364000,0 days 01:30:42.091000,0 days 01:31:19.213000,0 days 01:31:44.577000,296.0,256.0,250.0,302.0,True,HARD,20.0,True,Alfa Romeo Racing,0 days 01:30:12.724000,,1,13.0,,,False,True
0 days 01:33:16.080000,GIO,99,0 days 00:01:31.548000,33.0,2.0,,,0 days 00:00:29.386000,0 days 00:00:37.016000,0 days 00:00:25.146000,0 days 01:32:13.963000,0 days 01:32:50.979000,0 days 01:33:16.125000,293.0,255.0,250.0,306.0,True,HARD,21.0,True,Alfa Romeo Racing,0 days 01:31:44.532000,,1,13.0,,,False,True
0 days 01:34:47.713000,GIO,99,0 days 00:01:31.633000,34.0,2.0,,,0 days 00:00:29.298000,0 days 00:00:37.024000,0 days 00:00:25.311000,0 days 01:33:45.423000,0 days 01:34:22.447000,0 days 01:34:47.758000,287.0,255.0,248.0,298.0,False,HARD,22.0,True,Alfa Romeo Racing,0 days 01:33:16.080000,,1,13.0,,,False,True
0 days 01:36:19.618000,GIO,99,0 days 00:01:31.905000,35.0,2.0,,,0 days 00:00:29.455000,0 days 00:00:37.047000,0 days 00:00:25.403000,0 days 01:35:17.213000,0 days 01:35:54.260000,0 days 01:36:19.663000,289.0,252.0,249.0,295.0,False,HARD,23.0,True,Alfa Romeo Racing,0 days 01:34:47.713000,,1,13.0,,,False,True
0 days 01:37:51.336000,GIO,99,0 days 00:01:31.718000,36.0,2.0,,,0 days 00:00:29.372000,0 days 00:00:37.041000,0 days 00:00:25.305000,0 days 01:36:49.035000,0 days 01:37:26.076000,0 days 01:37:51.381000,289.0,256.0,250.0,298.0,False,HARD,24.0,True,Alfa Romeo Racing,0 days 01:36:19.618000,,1,13.0,,,False,True
0 days 01:39:23.056000,GIO,99,0 days 00:01:31.720000,37.0,2.0,,,0 days 00:00:29.342000,0 days 00:00:36.982000,0 days 00:00:25.396000,0 days 01:38:20.723000,0 days 01:38:57.705000,0 days 01:39:23.101000,290.0,256.0,249.0,297.0,False,HARD,25.0,True,Alfa Romeo Racing,0 days 01:37:51.336000,,1,12.0,,,False,True
0 days 01:40:54.457000,GIO,99,0 days 00:01:31.401000,38.0,2.0,,,0 days 00:00:29.270000,0 days 00:00:36.895000,0 days 00:00:25.236000,0 days 01:39:52.371000,0 days 01:40:29.266000,0 days 01:40:54.502000,293.0,255.0,248.0,299.0,True,HARD,26.0,True,Alfa Romeo Racing,0 days 01:39:23.056000,,1,12.0,,,False,True
0 days 01:42:26.023000,GIO,99,0 days 00:01:31.566000,39.0,2.0,,,0 days 00:00:29.324000,0 days 00:00:36.845000,0 days 00:00:25.397000,0 days 01:41:23.826000,0 days 01:42:00.671000,0 days 01:42:26.068000,292.0,254.0,249.0,296.0,False,HARD,27.0,True,Alfa Romeo Racing,0 days 01:40:54.457000,,1,12.0,,,False,True
0 days 01:43:57.724000,GIO,99,0 days 00:01:31.701000,40.0,2.0,,,0 days 00:00:29.150000,0 days 00:00:36.844000,0 days 00:00:25.707000,0 days 01:42:55.218000,0 days 01:43:32.062000,0 days 01:43:57.769000,291.0,256.0,249.0,300.0,False,HARD,28.0,True,Alfa Romeo Racing,0 days 01:42:26.023000,,1,12.0,,,False,True
0 days 01:45:28.833000,GIO,99,0 days 00:01:31.109000,41.0,2.0,,,0 days 00:00:29.050000,0 days 00:00:36.836000,0 days 00:00:25.223000,0 days 01:44:26.819000,0 days 01:45:03.655000,0 days 01:45:28.878000,292.0,258.0,248.0,300.0,True,HARD,29.0,True,Alfa Romeo Racing,0 days 01:43:57.724000,,1,12.0,,,False,True
0 days 01:47:00.380000,GIO,99,0 days 00:01:31.547000,42.0,2.0,,,0 days 00:00:29.306000,0 days 00:00:37,0 days 00:00:25.241000,0 days 01:45:58.184000,0 days 01:46:35.184000,0 days 01:47:00.425000,290.0,257.0,249.0,298.0,False,HARD,30.0,True,Alfa Romeo Racing,0 days 01:45:28.833000,,1,12.0,,,False,True
0 days 01:48:31.842000,GIO,99,0 days 00:01:31.462000,43.0,2.0,,,0 days 00:00:29.313000,0 days 00:00:36.763000,0 days 00:00:25.386000,0 days 01:47:29.738000,0 days 01:48:06.501000,0 days 01:48:31.887000,289.0,256.0,250.0,294.0,False,HARD,31.0,True,Alfa Romeo Racing,0 days 01:47:00.380000,,1,12.0,,,False,True
0 days 01:50:03.019000,GIO,99,0 days 00:01:31.177000,44.0,2.0,,,0 days 00:00:29.201000,0 days 00:00:36.747000,0 days 00:00:25.229000,0 days 01:49:01.088000,0 days 01:49:37.835000,0 days 01:50:03.064000,288.0,256.0,250.0,297.0,False,HARD,32.0,True,Alfa Romeo Racing,0 days 01:48:31.842000,,1,12.0,,,False,True
0 days 01:51:35.152000,GIO,99,0 days 00:01:32.133000,45.0,2.0,,,0 days 00:00:29.284000,0 days 00:00:36.930000,0 days 00:00:25.919000,0 days 01:50:32.348000,0 days 01:51:09.278000,0 days 01:51:35.197000,287.0,256.0,250.0,295.0,False,HARD,33.0,True,Alfa Romeo Racing,0 days 01:50:03.019000,,1,13.0,,,False,True
0 days 01:53:06.569000,GIO,99,0 days 00:01:31.417000,46.0,2.0,,,0 days 00:00:29.307000,0 days 00:00:36.831000,0 days 00:00:25.279000,0 days 01:52:04.504000,0 days 01:52:41.335000,0 days 01:53:06.614000,286.0,255.0,250.0,292.0,False,HARD,34.0,True,Alfa Romeo Racing,0 days 01:51:35.152000,,1,13.0,,,False,True
0 days 01:54:37.716000,GIO,99,0 days 00:01:31.147000,47.0,2.0,,,0 days 00:00:29.327000,0 days 00:00:36.716000,0 days 00:00:25.104000,0 days 01:53:35.941000,0 days 01:54:12.657000,0 days 01:54:37.761000,288.0,256.0,250.0,295.0,False,HARD,35.0,True,Alfa Romeo Racing,0 days 01:53:06.569000,,12,13.0,,,False,True
0 days 01:56:08.730000,GIO,99,0 days 00:01:31.014000,48.0,2.0,,,0 days 00:00:29.203000,0 days 00:00:36.728000,0 days 00:00:25.083000,0 days 01:55:06.964000,0 days 01:55:43.692000,0 days 01:56:08.775000,289.0,256.0,249.0,296.0,True,HARD,36.0,True,Alfa Romeo Racing,0 days 01:54:37.716000,,1,13.0,,,False,True
0 days 01:57:39.707000,GIO,99,0 days 00:01:30.977000,49.0,2.0,,,0 days 00:00:29.184000,0 days 00:00:36.659000,0 days 00:00:25.134000,0 days 01:56:37.959000,0 days 01:57:14.618000,0 days 01:57:39.752000,289.0,255.0,250.0,296.0,True,HARD,37.0,True,Alfa Romeo Racing,0 days 01:56:08.730000,,1,13.0,,,False,True
0 days 01:59:10.789000,GIO,99,0 days 00:01:31.082000,50.0,2.0,,,0 days 00:00:29.233000,0 days 00:00:36.696000,0 days 00:00:25.153000,0 days 01:58:08.985000,0 days 01:58:45.681000,0 days 01:59:10.834000,289.0,257.0,249.0,297.0,False,HARD,38.0,True,Alfa Romeo Racing,0 days 01:57:39.707000,,1,13.0,,,False,True
0 days 02:00:41.861000,GIO,99,0 days 00:01:31.072000,51.0,2.0,,,0 days 00:00:29.129000,0 days 00:00:36.814000,0 days 00:00:25.129000,0 days 01:59:39.963000,0 days 02:00:16.777000,0 days 02:00:41.906000,290.0,256.0,250.0,296.0,False,HARD,39.0,True,Alfa Romeo Racing,0 days 01:59:10.789000,,1,13.0,,,False,True
0 days 02:02:13.379000,GIO,99,0 days 00:01:31.518000,52.0,2.0,,,0 days 00:00:29.124000,0 days 00:00:37.113000,0 days 00:00:25.281000,0 days 02:01:11.030000,0 days 02:01:48.143000,0 days 02:02:13.424000,290.0,254.0,251.0,296.0,False,HARD,40.0,True,Alfa Romeo Racing,0 days 02:00:41.861000,,1,12.0,,,False,True
