Time,Driver,DriverNumber,LapTime,LapNumber,Stint,PitOutTime,PitInTime,Sector1Time,Sector2Time,Sector3Time,Sector1SessionTime,Sector2SessionTime,Sector3SessionTime,SpeedI1,SpeedI2,SpeedFL,SpeedST,IsPersonalBest,Compound,TyreLife,FreshTyre,Team,LapStartTime,LapStartDate,TrackStatus,Position,Deleted,DeletedReason,FastF1Generated,IsAccurate
0 days 00:34:18.599000,VER,33,0 days 00:01:12.767000,1.0,1.0,,,,0 days 00:00:31.042000,0 days 00:00:21.337000,,0 days 00:33:57.327000,0 days 00:34:18.809000,288.0,230.0,267.0,287.0,False,MEDIUM,6.0,False,Red Bull Racing,0 days 00:33:05.677000,,12,1.0,,,False,False
0 days 00:35:28.630000,VER,33,0 days 00:01:10.031000,2.0,1.0,,,0 days 00:00:17.733000,0 days 00:00:31.027000,0 days 00:00:21.271000,0 days 00:34:36.349000,0 days 00:35:07.376000,0 days 00:35:28.647000,289.0,231.0,267.0,287.0,True,MEDIUM,7.0,False,Red Bull Racing,0 days 00:34:18.599000,,1,1.0,,,False,True
0 days 00:36:38.464000,VER,33,0 days 00:01:09.834000,3.0,1.0,,,0 days 00:00:17.716000,0 days 00:00:30.903000,0 days 00:00:21.215000,0 days 00:35:46.363000,0 days 00:36:17.266000,0 days 00:36:38.481000,291.0,230.0,270.0,291.0,True,MEDIUM,8.0,False,Red Bull Racing,0 days 00:35:28.630000,,1,1.0,,,False,True
0 days 00:37:48.070000,VER,33,0 days 00:01:09.606000,4.0,1.0,,,0 days 00:00:17.590000,0 days 00:00:30.840000,0 days 00:00:21.176000,0 days 00:36:56.071000,0 days 00:37:26.911000,0 days 00:37:48.087000,292.0,231.0,271.0,292.0,True,MEDIUM,9.0,False,Red Bull Racing,0 days 00:36:38.464000,,1,1.0,,,False,True
0 days 00:38:57.736000,VER,33,0 days 00:01:09.666000,5.0,1.0,,,0 days 00:00:17.569000,0 days 00:00:30.815000,0 days 00:00:21.282000,0 days 00:38:05.656000,0 days 00:38:36.471000,0 days 00:38:57.753000,293.0,230.0,271.0,292.0,False,MEDIUM,10.0,False,Red Bull Racing,0 days 00:37:48.070000,,1,1.0,,,False,True
0 days 00:40:07.591000,VER,33,0 days 00:01:09.855000,6.0,1.0,,,0 days 00:00:17.660000,0 days 00:00:30.998000,0 days 00:00:21.197000,0 days 00:39:15.413000,0 days 00:39:46.411000,0 days 00:40:07.608000,295.0,229.0,270.0,290.0,False,MEDIUM,11.0,False,Red Bull Racing,0 days 00:38:57.736000,,1,1.0,,,False,True
0 days 00:41:17.463000,VER,33,0 days 00:01:09.872000,7.0,1.0,,,0 days 00:00:17.657000,0 days 00:00:30.998000,0 days 00:00:21.217000,0 days 00:40:25.265000,0 days 00:40:56.263000,0 days 00:41:17.480000,297.0,231.0,268.0,289.0,False,MEDIUM,12.0,False,Red Bull Racing,0 days 00:40:07.591000,,1,1.0,,,False,True
0 days 00:42:27.348000,VER,33,0 days 00:01:09.885000,8.0,1.0,,,0 days 00:00:17.682000,0 days 00:00:31.006000,0 days 00:00:21.197000,0 days 00:41:35.162000,0 days 00:42:06.168000,0 days 00:42:27.365000,294.0,232.0,269.0,291.0,False,MEDIUM,13.0,False,Red Bull Racing,0 days 00:41:17.463000,,1,1.0,,,False,True
0 days 00:43:37.095000,VER,33,0 days 00:01:09.747000,9.0,1.0,,,0 days 00:00:17.650000,0 days 00:00:30.925000,0 days 00:00:21.172000,0 days 00:42:45.015000,0 days 00:43:15.940000,0 days 00:43:37.112000,295.0,231.0,269.0,291.0,False,MEDIUM,14.0,False,Red Bull Racing,0 days 00:42:27.348000,,1,1.0,,,False,True
0 days 00:44:46.982000,VER,33,0 days 00:01:09.887000,10.0,1.0,,,0 days 00:00:17.660000,0 days 00:00:30.984000,0 days 00:00:21.243000,0 days 00:43:54.772000,0 days 00:44:25.756000,0 days 00:44:46.999000,293.0,232.0,269.0,290.0,False,MEDIUM,15.0,False,Red Bull Racing,0 days 00:43:37.095000,,1,1.0,,,False,True
0 days 00:45:56.883000,VER,33,0 days 00:01:09.901000,11.0,1.0,,,0 days 00:00:17.712000,0 days 00:00:30.972000,0 days 00:00:21.217000,0 days 00:45:04.711000,0 days 00:45:35.683000,0 days 00:45:56.900000,295.0,232.0,269.0,290.0,False,MEDIUM,16.0,False,Red Bull Racing,0 days 00:44:46.982000,,1,1.0,,,False,True
0 days 00:47:06.771000,VER,33,0 days 00:01:09.888000,12.0,1.0,,,0 days 00:00:17.668000,0 days 00:00:30.926000,0 days 00:00:21.294000,0 days 00:46:14.568000,0 days 00:46:45.494000,0 days 00:47:06.788000,293.0,232.0,269.0,290.0,False,MEDIUM,17.0,False,Red Bull Racing,0 days 00:45:56.883000,,1,1.0,,,False,True
0 days 00:48:16.518000,VER,33,0 days 00:01:09.747000,13.0,1.0,,,0 days 00:00:17.688000,0 days 00:00:30.975000,0 days 00:00:21.084000,0 days 00:47:24.476000,0 days 00:47:55.451000,0 days 00:48:16.535000,294.0,232.0,271.0,290.0,False,MEDIUM,18.0,False,Red Bull Racing,0 days 00:47:06.771000,,1,1.0,,,False,True
0 days 00:49:26.129000,VER,33,0 days 00:01:09.611000,14.0,1.0,,,0 days 00:00:17.584000,0 days 00:00:30.837000,0 days 00:00:21.190000,0 days 00:48:34.119000,0 days 00:49:04.956000,0 days 00:49:26.146000,296.0,232.0,270.0,291.0,False,MEDIUM,19.0,False,Red Bull Racing,0 days 00:48:16.518000,,1,1.0,,,False,True
0 days 00:50:35.842000,VER,33,0 days 00:01:09.713000,15.0,1.0,,,0 days 00:00:17.608000,0 days 00:00:30.969000,0 days 00:00:21.136000,0 days 00:49:43.754000,0 days 00:50:14.723000,0 days 00:50:35.859000,294.0,231.0,270.0,292.0,False,MEDIUM,20.0,False,Red Bull Racing,0 days 00:49:26.129000,,1,1.0,,,False,True
0 days 00:51:45.494000,VER,33,0 days 00:01:09.652000,16.0,1.0,,,0 days 00:00:17.565000,0 days 00:00:30.921000,0 days 00:00:21.166000,0 days 00:50:53.424000,0 days 00:51:24.345000,0 days 00:51:45.511000,294.0,232.0,270.0,291.0,False,MEDIUM,21.0,False,Red Bull Racing,0 days 00:50:35.842000,,1,1.0,,,False,True
0 days 00:52:55.231000,VER,33,0 days 00:01:09.737000,17.0,1.0,,,0 days 00:00:17.573000,0 days 00:00:30.955000,0 days 00:00:21.209000,0 days 00:52:03.084000,0 days 00:52:34.039000,0 days 00:52:55.248000,295.0,232.0,271.0,292.0,False,MEDIUM,22.0,False,Red Bull Racing,0 days 00:51:45.494000,,1,1.0,,,False,True
0 days 00:54:05.056000,VER,33,0 days 00:01:09.825000,18.0,1.0,,,0 days 00:00:17.651000,0 days 00:00:31.015000,0 days 00:00:21.159000,0 days 00:53:12.899000,0 days 00:53:43.914000,0 days 00:54:05.073000,295.0,231.0,271.0,292.0,False,MEDIUM,23.0,False,Red Bull Racing,0 days 00:52:55.231000,,1,1.0,,,False,True
0 days 00:55:15.070000,VER,33,0 days 00:01:10.014000,19.0,1.0,,,0 days 00:00:17.602000,0 days 00:00:31.166000,0 days 00:00:21.246000,0 days 00:54:22.675000,0 days 00:54:53.841000,0 days 00:55:15.087000,295.0,232.0,270.0,291.0,False,MEDIUM,24.0,False,Red Bull Racing,0 days 00:54:05.056000,,1,1.0,,,False,True
0 days 00:56:24.968000,VER,33,0 days 00:01:09.898000,20.0,1.0,,,0 days 00:00:17.554000,0 days 00:00:31.094000,0 days 00:00:21.250000,0 days 00:55:32.641000,0 days 00:56:03.735000,0 days 00:56:24.985000,295.0,232.0,271.0,291.0,False,MEDIUM,25.0,False,Red Bull Racing,0 days 00:55:15.070000,,1,1.0,,,False,True
0 days 00:57:34.553000,VER,33,0 days 00:01:09.585000,21.0,1.0,,,0 days 00:00:17.488000,0 days 00:00:30.934000,0 days 00:00:21.163000,0 days 00:56:42.473000,0 days 00:57:13.407000,0 days 00:57:34.570000,297.0,231.0,272.0,291.0,True,MEDIUM,26.0,False,Red Bull Racing,0 days 00:56:24.968000,,1,1.0,,,False,True
0 days 00:58:44.117000,VER,33,0 days 00:01:09.564000,22.0,1.0,,,0 days 00:00:17.463000,0 days 00:00:30.962000,0 days 00:00:21.139000,0 days 00:57:52.033000,0 days 00:58:22.995000,0 days 00:58:44.134000,297.0,229.0,273.0,289.0,True,MEDIUM,27.0,False,Red Bull Racing,0 days 00:57:34.553000,,1,1.0,,,False,True
0 days 00:59:53.877000,VER,33,0 days 00:01:09.760000,23.0,1.0,,,0 days 00:00:17.480000,0 days 00:00:31.045000,0 days 00:00:21.235000,0 days 00:59:01.614000,0 days 00:59:32.659000,0 days 00:59:53.894000,299.0,232.0,273.0,291.0,False,MEDIUM,28.0,False,Red Bull Racing,0 days 00:58:44.117000,,1,1.0,,,False,True
0 days 01:01:03.807000,VER,33,0 days 00:01:09.930000,24.0,1.0,,,0 days 00:00:17.570000,0 days 00:00:31.102000,0 days 00:00:21.258000,0 days 01:00:11.464000,0 days 01:00:42.566000,0 days 01:01:03.824000,299.0,232.0,271.0,289.0,False,MEDIUM,29.0,False,Red Bull Racing,0 days 00:59:53.877000,,1,1.0,,,False,True
0 days 01:02:13.747000,VER,33,0 days 00:01:09.940000,25.0,1.0,,,0 days 00:00:17.527000,0 days 00:00:31.136000,0 days 00:00:21.277000,0 days 01:01:21.351000,0 days 01:01:52.487000,0 days 01:02:13.764000,293.0,229.0,271.0,289.0,False,MEDIUM,30.0,False,Red Bull Racing,0 days 01:01:03.807000,,1,1.0,,,False,True
0 days 01:03:23.599000,VER,33,0 days 00:01:09.852000,26.0,1.0,,,0 days 00:00:17.475000,0 days 00:00:31.102000,0 days 00:00:21.275000,0 days 01:02:31.239000,0 days 01:03:02.341000,0 days 01:03:23.616000,296.0,231.0,271.0,292.0,False,MEDIUM,31.0,False,Red Bull Racing,0 days 01:02:13.747000,,1,1.0,,,False,True
0 days 01:04:33.451000,VER,33,0 days 00:01:09.852000,27.0,1.0,,,0 days 00:00:17.510000,0 days 00:00:31.100000,0 days 00:00:21.242000,0 days 01:03:41.126000,0 days 01:04:12.226000,0 days 01:04:33.468000,295.0,230.0,272.0,291.0,False,MEDIUM,32.0,False,Red Bull Racing,0 days 01:03:23.599000,,1,1.0,,,False,True
0 days 01:05:43.708000,VER,33,0 days 00:01:10.257000,28.0,1.0,,,0 days 00:00:17.512000,0 days 00:00:31.411000,0 days 00:00:21.334000,0 days 01:04:50.980000,0 days 01:05:22.391000,0 days 01:05:43.725000,299.0,227.0,273.0,293.0,False,MEDIUM,33.0,False,Red Bull Racing,0 days 01:04:33.451000,,1,1.0,,,False,True
0 days 01:06:57.162000,VER,33,0 days 00:01:13.454000,29.0,1.0,,0 days 01:06:53.997000,0 days 00:00:17.507000,0 days 00:00:31.284000,0 days 00:00:24.663000,0 days 01:06:01.232000,0 days 01:06:32.516000,0 days 01:06:57.179000,301.0,229.0,,295.0,False,MEDIUM,34.0,False,Red Bull Racing,0 days 01:05:43.708000,,1,1.0,,,False,False
0 days 01:08:23.043000,VER,33,0 days 00:01:25.881000,30.0,2.0,0 days 01:07:14.900000,,0 days 00:00:34.020000,0 days 00:00:30.941000,0 days 00:00:20.920000,0 days 01:07:31.199000,0 days 01:08:02.140000,0 days 01:08:23.060000,295.0,234.0,273.0,294.0,False,HARD,1.0,True,Red Bull Racing,0 days 01:06:57.162000,,1,1.0,,,False,False
0 days 01:09:32.084000,VER,33,0 days 00:01:09.041000,31.0,2.0,,,0 days 00:00:17.334000,0 days 00:00:30.614000,0 days 00:00:21.093000,0 days 01:08:40.394000,0 days 01:09:11.008000,0 days 01:09:32.101000,300.0,233.0,272.0,297.0,True,HARD,2.0,True,Red Bull Racing,0 days 01:08:23.043000,,1,1.0,,,False,True
0 days 01:10:41.250000,VER,33,0 days 00:01:09.166000,32.0,2.0,,,0 days 00:00:17.405000,0 days 00:00:30.863000,0 days 00:00:20.898000,0 days 01:09:49.506000,0 days 01:10:20.369000,0 days 01:10:41.267000,296.0,233.0,273.0,290.0,False,HARD,3.0,True,Red Bull Racing,0 days 01:09:32.084000,,1,1.0,,,False,True
0 days 01:11:50.242000,VER,33,0 days 00:01:08.992000,33.0,2.0,,,0 days 00:00:17.378000,0 days 00:00:30.731000,0 days 00:00:20.883000,0 days 01:10:58.645000,0 days 01:11:29.376000,0 days 01:11:50.259000,299.0,234.0,274.0,292.0,True,HARD,4.0,True,Red Bull Racing,0 days 01:10:41.250000,,1,1.0,,,False,True
0 days 01:12:59.024000,VER,33,0 days 00:01:08.782000,34.0,2.0,,,0 days 00:00:17.357000,0 days 00:00:30.572000,0 days 00:00:20.853000,0 days 01:12:07.616000,0 days 01:12:38.188000,0 days 01:12:59.041000,298.0,233.0,275.0,293.0,True,HARD,5.0,True,Red Bull Racing,0 days 01:11:50.242000,,1,1.0,,,False,True
0 days 01:14:07.694000,VER,33,0 days 00:01:08.670000,35.0,2.0,,,0 days 00:00:17.260000,0 days 00:00:30.556000,0 days 00:00:20.854000,0 days 01:13:16.301000,0 days 01:13:46.857000,0 days 01:14:07.711000,301.0,234.0,276.0,294.0,True,HARD,6.0,True,Red Bull Racing,0 days 01:12:59.024000,,1,1.0,,,False,True
0 days 01:15:16.425000,VER,33,0 days 00:01:08.731000,36.0,2.0,,,0 days 00:00:17.240000,0 days 00:00:30.606000,0 days 00:00:20.885000,0 days 01:14:24.951000,0 days 01:14:55.557000,0 days 01:15:16.442000,300.0,234.0,277.0,296.0,False,HARD,7.0,True,Red Bull Racing,0 days 01:14:07.694000,,1,1.0,,,False,True
0 days 01:16:25.136000,VER,33,0 days 00:01:08.711000,37.0,2.0,,,0 days 00:00:17.004000,0 days 00:00:30.817000,0 days 00:00:20.890000,0 days 01:15:33.446000,0 days 01:16:04.263000,0 days 01:16:25.153000,317.0,235.0,276.0,294.0,False,HARD,8.0,True,Red Bull Racing,0 days 01:15:16.425000,,1,1.0,,,False,True
0 days 01:17:33.805000,VER,33,0 days 00:01:08.669000,38.0,2.0,,,0 days 00:00:17.254000,0 days 00:00:30.574000,0 days 00:00:20.841000,0 days 01:16:42.407000,0 days 01:17:12.981000,0 days 01:17:33.822000,301.0,234.0,275.0,307.0,True,HARD,9.0,True,Red Bull Racing,0 days 01:16:25.136000,,1,1.0,,,False,True
0 days 01:18:42.597000,VER,33,0 days 00:01:08.792000,39.0,2.0,,,0 days 00:00:17.320000,0 days 00:00:30.625000,0 days 00:00:20.847000,0 days 01:17:51.142000,0 days 01:18:21.767000,0 days 01:18:42.614000,298.0,236.0,274.0,295.0,False,HARD,10.0,True,Red Bull Racing,0 days 01:17:33.805000,,1,1.0,,,False,True
0 days 01:19:51.138000,VER,33,0 days 00:01:08.541000,40.0,2.0,,,0 days 00:00:17.272000,0 days 00:00:30.456000,0 days 00:00:20.813000,0 days 01:18:59.886000,0 days 01:19:30.342000,0 days 01:19:51.155000,300.0,235.0,275.0,307.0,True,HARD,11.0,True,Red Bull Racing,0 days 01:18:42.597000,,1,1.0,,,False,True
0 days 01:20:59.732000,VER,33,0 days 00:01:08.594000,41.0,2.0,,,0 days 00:00:17.220000,0 days 00:00:30.568000,0 days 00:00:20.806000,0 days 01:20:08.375000,0 days 01:20:38.943000,0 days 01:20:59.749000,305.0,234.0,277.0,299.0,False,HARD,12.0,True,Red Bull Racing,0 days 01:19:51.138000,,1,1.0,,,False,True
0 days 01:22:08.177000,VER,33,0 days 00:01:08.445000,42.0,2.0,,,0 days 00:00:17.204000,0 days 00:00:30.407000,0 days 00:00:20.834000,0 days 01:21:16.953000,0 days 01:21:47.360000,0 days 01:22:08.194000,303.0,236.0,276.0,309.0,True,HARD,13.0,True,Red Bull Racing,0 days 01:20:59.732000,,1,1.0,,,False,True
0 days 01:23:16.938000,VER,33,0 days 00:01:08.761000,43.0,2.0,,,0 days 00:00:17.300000,0 days 00:00:30.744000,0 days 00:00:20.717000,0 days 01:22:25.494000,0 days 01:22:56.238000,0 days 01:23:16.955000,300.0,237.0,274.0,298.0,False,HARD,14.0,True,Red Bull Racing,0 days 01:22:08.177000,,1,1.0,,,False,True
0 days 01:24:25.337000,VER,33,0 days 00:01:08.399000,44.0,2.0,,,0 days 00:00:17.338000,0 days 00:00:30.384000,0 days 00:00:20.677000,0 days 01:23:34.293000,0 days 01:24:04.677000,0 days 01:24:25.354000,295.0,238.0,276.0,291.0,True,HARD,15.0,True,Red Bull Racing,0 days 01:23:16.938000,,1,1.0,,,False,True
0 days 01:25:33.860000,VER,33,0 days 00:01:08.523000,45.0,2.0,,,0 days 00:00:17.341000,0 days 00:00:30.486000,0 days 00:00:20.696000,0 days 01:24:42.695000,0 days 01:25:13.181000,0 days 01:25:33.877000,296.0,237.0,274.0,291.0,False,HARD,16.0,True,Red Bull Racing,0 days 01:24:25.337000,,1,1.0,,,False,True
0 days 01:26:42.451000,VER,33,0 days 00:01:08.591000,46.0,2.0,,,0 days 00:00:17.340000,0 days 00:00:30.457000,0 days 00:00:20.794000,0 days 01:25:51.217000,0 days 01:26:21.674000,0 days 01:26:42.468000,295.0,237.0,274.0,292.0,False,HARD,17.0,True,Red Bull Racing,0 days 01:25:33.860000,,1,1.0,,,False,True
0 days 01:27:50.910000,VER,33,0 days 00:01:08.459000,47.0,2.0,,,0 days 00:00:17.271000,0 days 00:00:30.455000,0 days 00:00:20.733000,0 days 01:26:59.739000,0 days 01:27:30.194000,0 days 01:27:50.927000,294.0,236.0,276.0,292.0,False,HARD,18.0,True,Red Bull Racing,0 days 01:26:42.451000,,1,1.0,,,False,True
0 days 01:28:59.620000,VER,33,0 days 00:01:08.710000,48.0,2.0,,,0 days 00:00:17.273000,0 days 00:00:30.518000,0 days 00:00:20.919000,0 days 01:28:08.200000,0 days 01:28:38.718000,0 days 01:28:59.637000,297.0,235.0,277.0,296.0,False,HARD,19.0,True,Red Bull Racing,0 days 01:27:50.910000,,1,1.0,,,False,True
0 days 01:30:08.562000,VER,33,0 days 00:01:08.942000,49.0,2.0,,,0 days 00:00:17.341000,0 days 00:00:30.686000,0 days 00:00:20.915000,0 days 01:29:16.978000,0 days 01:29:47.664000,0 days 01:30:08.579000,297.0,233.0,283.0,296.0,False,HARD,20.0,True,Red Bull Racing,0 days 01:28:59.620000,,1,1.0,,,False,True
0 days 01:31:17.098000,VER,33,0 days 00:01:08.536000,50.0,2.0,,,0 days 00:00:17.191000,0 days 00:00:30.547000,0 days 00:00:20.798000,0 days 01:30:25.770000,0 days 01:30:56.317000,0 days 01:31:17.115000,295.0,234.0,276.0,292.0,False,HARD,21.0,True,Red Bull Racing,0 days 01:30:08.562000,,1,1.0,,,False,True
0 days 01:32:25.826000,VER,33,0 days 00:01:08.728000,51.0,2.0,,,0 days 00:00:17.269000,0 days 00:00:30.621000,0 days 00:00:20.838000,0 days 01:31:34.384000,0 days 01:32:05.005000,0 days 01:32:25.843000,300.0,235.0,275.0,293.0,False,HARD,22.0,True,Red Bull Racing,0 days 01:31:17.098000,,1,1.0,,,False,True
0 days 01:33:34.552000,VER,33,0 days 00:01:08.726000,52.0,2.0,,,0 days 00:00:17.190000,0 days 00:00:30.688000,0 days 00:00:20.848000,0 days 01:32:43.033000,0 days 01:33:13.721000,0 days 01:33:34.569000,297.0,235.0,276.0,291.0,False,HARD,23.0,True,Red Bull Racing,0 days 01:32:25.826000,,1,1.0,,,False,True
0 days 01:34:43.722000,VER,33,0 days 00:01:09.170000,53.0,2.0,,,0 days 00:00:17.255000,0 days 00:00:30.745000,0 days 00:00:21.170000,0 days 01:33:51.824000,0 days 01:34:22.569000,0 days 01:34:43.739000,301.0,235.0,277.0,296.0,False,HARD,24.0,True,Red Bull Racing,0 days 01:33:34.552000,,1,1.0,,,False,True
0 days 01:35:52.547000,VER,33,0 days 00:01:08.825000,54.0,2.0,,,0 days 00:00:17.229000,0 days 00:00:30.733000,0 days 00:00:20.863000,0 days 01:35:00.968000,0 days 01:35:31.701000,0 days 01:35:52.564000,302.0,231.0,277.0,296.0,False,HARD,25.0,True,Red Bull Racing,0 days 01:34:43.722000,,1,1.0,,,False,True
0 days 01:37:01.242000,VER,33,0 days 00:01:08.695000,55.0,2.0,,,0 days 00:00:17.133000,0 days 00:00:30.707000,0 days 00:00:20.855000,0 days 01:36:09.697000,0 days 01:36:40.404000,0 days 01:37:01.259000,314.0,234.0,274.0,289.0,False,HARD,26.0,True,Red Bull Racing,0 days 01:35:52.547000,,1,1.0,,,False,True
0 days 01:38:10.091000,VER,33,0 days 00:01:08.849000,56.0,2.0,,,0 days 00:00:17.264000,0 days 00:00:30.679000,0 days 00:00:20.906000,0 days 01:37:18.523000,0 days 01:37:49.202000,0 days 01:38:10.108000,297.0,236.0,274.0,289.0,False,HARD,27.0,True,Red Bull Racing,0 days 01:37:01.242000,,1,1.0,,,False,True
0 days 01:39:18.878000,VER,33,0 days 00:01:08.787000,57.0,2.0,,,0 days 00:00:17.245000,0 days 00:00:30.646000,0 days 00:00:20.896000,0 days 01:38:27.353000,0 days 01:38:57.999000,0 days 01:39:18.895000,297.0,236.0,276.0,291.0,False,HARD,28.0,True,Red Bull Racing,0 days 01:38:10.091000,,1,1.0,,,False,True
0 days 01:40:27.487000,VER,33,0 days 00:01:08.609000,58.0,2.0,,,0 days 00:00:17.168000,0 days 00:00:30.543000,0 days 00:00:20.898000,0 days 01:39:36.063000,0 days 01:40:06.606000,0 days 01:40:27.504000,299.0,235.0,276.0,290.0,False,HARD,29.0,True,Red Bull Racing,0 days 01:39:18.878000,,1,1.0,,,False,True
0 days 01:41:36.296000,VER,33,0 days 00:01:08.809000,59.0,2.0,,,0 days 00:00:17.237000,0 days 00:00:30.685000,0 days 00:00:20.887000,0 days 01:40:44.741000,0 days 01:41:15.426000,0 days 01:41:36.313000,299.0,236.0,276.0,290.0,False,HARD,30.0,True,Red Bull Racing,0 days 01:40:27.487000,,1,1.0,,,False,True
0 days 01:42:45.049000,VER,33,0 days 00:01:08.753000,60.0,2.0,,,0 days 00:00:17.187000,0 days 00:00:30.701000,0 days 00:00:20.865000,0 days 01:41:53.500000,0 days 01:42:24.201000,0 days 01:42:45.066000,301.0,236.0,276.0,288.0,False,HARD,31.0,True,Red Bull Racing,0 days 01:41:36.296000,,1,1.0,,,False,True
0 days 01:43:53.791000,VER,33,0 days 00:01:08.742000,61.0,2.0,,,0 days 00:00:17.286000,0 days 00:00:30.636000,0 days 00:00:20.820000,0 days 01:43:02.352000,0 days 01:43:32.988000,0 days 01:43:53.808000,296.0,238.0,275.0,289.0,False,HARD,32.0,True,Red Bull Racing,0 days 01:42:45.049000,,1,1.0,,,False,True
0 days 01:45:02.939000,VER,33,0 days 00:01:09.148000,62.0,2.0,,,0 days 00:00:17.360000,0 days 00:00:30.733000,0 days 00:00:21.055000,0 days 01:44:11.168000,0 days 01:44:41.901000,0 days 01:45:02.956000,294.0,236.0,274.0,289.0,False,HARD,33.0,True,Red Bull Racing,0 days 01:43:53.791000,,1,1.0,,,False,True
0 days 01:46:11.820000,VER,33,0 days 00:01:08.881000,63.0,2.0,,,0 days 00:00:17.324000,0 days 00:00:30.650000,0 days 00:00:20.907000,0 days 01:45:20.280000,0 days 01:45:50.930000,0 days 01:46:11.837000,296.0,237.0,276.0,289.0,False,HARD,34.0,True,Red Bull Racing,0 days 01:45:02.939000,,1,1.0,,,False,True
0 days 01:47:20.798000,VER,33,0 days 00:01:08.978000,64.0,2.0,,,0 days 00:00:17.409000,0 days 00:00:30.676000,0 days 00:00:20.893000,0 days 01:46:29.246000,0 days 01:46:59.922000,0 days 01:47:20.815000,293.0,237.0,276.0,287.0,False,HARD,35.0,True,Red Bull Racing,0 days 01:46:11.820000,,1,1.0,,,False,True
0 days 01:48:29.639000,VER,33,0 days 00:01:08.841000,65.0,2.0,,,0 days 00:00:17.288000,0 days 00:00:30.691000,0 days 00:00:20.862000,0 days 01:47:38.103000,0 days 01:48:08.794000,0 days 01:48:29.656000,295.0,238.0,278.0,289.0,False,HARD,36.0,True,Red Bull Racing,0 days 01:47:20.798000,,1,1.0,,,False,True
0 days 01:49:38.411000,VER,33,0 days 00:01:08.772000,66.0,2.0,,,0 days 00:00:17.293000,0 days 00:00:30.602000,0 days 00:00:20.877000,0 days 01:48:46.949000,0 days 01:49:17.551000,0 days 01:49:38.428000,294.0,235.0,276.0,290.0,False,HARD,37.0,True,Red Bull Racing,0 days 01:48:29.639000,,1,1.0,,,False,True
0 days 01:50:47.693000,VER,33,0 days 00:01:09.282000,67.0,2.0,,,0 days 00:00:17.306000,0 days 00:00:30.782000,0 days 00:00:21.194000,0 days 01:49:55.734000,0 days 01:50:26.516000,0 days 01:50:47.710000,294.0,235.0,285.0,289.0,False,HARD,38.0,True,Red Bull Racing,0 days 01:49:38.411000,,1,1.0,,,False,True
0 days 01:51:55.710000,VER,33,0 days 00:01:08.017000,68.0,2.0,,,0 days 00:00:16.870000,0 days 00:00:30.458000,0 days 00:00:20.689000,0 days 01:51:04.580000,0 days 01:51:35.038000,0 days 01:51:55.727000,313.0,234.0,286.0,292.0,True,HARD,39.0,True,Red Bull Racing,0 days 01:50:47.693000,,1,1.0,,,False,True
0 days 01:53:04.877000,VER,33,0 days 00:01:09.167000,69.0,2.0,,,0 days 00:00:17.271000,0 days 00:00:30.918000,0 days 00:00:20.978000,0 days 01:52:12.998000,0 days 01:52:43.916000,0 days 01:53:04.894000,293.0,236.0,276.0,287.0,False,HARD,40.0,True,Red Bull Racing,0 days 01:51:55.710000,,1,1.0,,,False,True
0 days 01:54:14.178000,VER,33,0 days 00:01:09.301000,70.0,2.0,,,0 days 00:00:17.396000,0 days 00:00:30.914000,0 days 00:00:20.991000,0 days 01:53:22.290000,0 days 01:53:53.204000,0 days 01:54:14.195000,294.0,235.0,277.0,288.0,False,HARD,41.0,True,Red Bull Racing,0 days 01:53:04.877000,,1,1.0,,,False,True
0 days 01:55:24.757000,VER,33,0 days 00:01:10.579000,71.0,2.0,,,0 days 00:00:17.329000,0 days 00:00:30.729000,0 days 00:00:22.521000,0 days 01:54:31.524000,0 days 01:55:02.253000,0 days 01:55:24.774000,297.0,235.0,134.0,292.0,False,HARD,42.0,True,Red Bull Racing,0 days 01:54:14.178000,,1,1.0,,,False,True
0 days 00:34:19.550000,HAM,44,0 days 00:01:13.718000,1.0,1.0,,,,0 days 00:00:31.766000,0 days 00:00:21.267000,,0 days 00:33:58.368000,0 days 00:34:19.743000,298.0,230.0,271.0,298.0,False,MEDIUM,5.0,False,Mercedes,0 days 00:33:05.677000,,12,2.0,,,False,False
0 days 00:35:30.061000,HAM,44,0 days 00:01:10.511000,2.0,1.0,,,0 days 00:00:17.684000,0 days 00:00:31.312000,0 days 00:00:21.515000,0 days 00:34:37.246000,0 days 00:35:08.558000,0 days 00:35:30.073000,285.0,230.0,267.0,289.0,True,MEDIUM,6.0,False,Mercedes,0 days 00:34:19.550000,,1,2.0,,,False,True
0 days 00:36:40.106000,HAM,44,0 days 00:01:10.045000,3.0,1.0,,,0 days 00:00:17.744000,0 days 00:00:31.049000,0 days 00:00:21.252000,0 days 00:35:47.817000,0 days 00:36:18.866000,0 days 00:36:40.118000,285.0,227.0,270.0,288.0,True,MEDIUM,7.0,False,Mercedes,0 days 00:35:30.061000,,1,2.0,,,False,True
0 days 00:37:50.051000,HAM,44,0 days 00:01:09.945000,4.0,1.0,,,0 days 00:00:17.608000,0 days 00:00:31.140000,0 days 00:00:21.197000,0 days 00:36:57.726000,0 days 00:37:28.866000,0 days 00:37:50.063000,283.0,227.0,270.0,286.0,True,MEDIUM,8.0,False,Mercedes,0 days 00:36:40.106000,,1,2.0,,,False,True
0 days 00:38:59.916000,HAM,44,0 days 00:01:09.865000,5.0,1.0,,,0 days 00:00:17.609000,0 days 00:00:31.048000,0 days 00:00:21.208000,0 days 00:38:07.672000,0 days 00:38:38.720000,0 days 00:38:59.928000,286.0,227.0,270.0,288.0,True,MEDIUM,9.0,False,Mercedes,0 days 00:37:50.051000,,1,2.0,,,False,True
0 days 00:40:10.344000,HAM,44,0 days 00:01:10.428000,6.0,1.0,,,0 days 00:00:17.731000,0 days 00:00:31.328000,0 days 00:00:21.369000,0 days 00:39:17.659000,0 days 00:39:48.987000,0 days 00:40:10.356000,284.0,224.0,268.0,286.0,False,MEDIUM,10.0,False,Mercedes,0 days 00:38:59.916000,,1,2.0,,,False,True
0 days 00:41:20.190000,HAM,44,0 days 00:01:09.846000,7.0,1.0,,,0 days 00:00:17.663000,0 days 00:00:30.985000,0 days 00:00:21.198000,0 days 00:40:28.019000,0 days 00:40:59.004000,0 days 00:41:20.202000,288.0,231.0,268.0,287.0,True,MEDIUM,11.0,False,Mercedes,0 days 00:40:10.344000,,1,2.0,,,False,True
0 days 00:42:30.111000,HAM,44,0 days 00:01:09.921000,8.0,1.0,,,0 days 00:00:17.670000,0 days 00:00:31.167000,0 days 00:00:21.084000,0 days 00:41:37.872000,0 days 00:42:09.039000,0 days 00:42:30.123000,285.0,228.0,269.0,287.0,False,MEDIUM,12.0,False,Mercedes,0 days 00:41:20.190000,,1,2.0,,,False,True
0 days 00:43:40.034000,HAM,44,0 days 00:01:09.923000,9.0,1.0,,,0 days 00:00:17.639000,0 days 00:00:31.148000,0 days 00:00:21.136000,0 days 00:42:47.762000,0 days 00:43:18.910000,0 days 00:43:40.046000,284.0,230.0,269.0,284.0,False,MEDIUM,13.0,False,Mercedes,0 days 00:42:30.111000,,1,2.0,,,False,True
0 days 00:44:49.786000,HAM,44,0 days 00:01:09.752000,10.0,1.0,,,0 days 00:00:17.631000,0 days 00:00:30.964000,0 days 00:00:21.157000,0 days 00:43:57.677000,0 days 00:44:28.641000,0 days 00:44:49.798000,287.0,233.0,268.0,286.0,True,MEDIUM,14.0,False,Mercedes,0 days 00:43:40.034000,,1,2.0,,,False,True
0 days 00:45:59.865000,HAM,44,0 days 00:01:10.079000,11.0,1.0,,,0 days 00:00:17.772000,0 days 00:00:31.140000,0 days 00:00:21.167000,0 days 00:45:07.570000,0 days 00:45:38.710000,0 days 00:45:59.877000,281.0,228.0,269.0,282.0,False,MEDIUM,15.0,False,Mercedes,0 days 00:44:49.786000,,1,2.0,,,False,True
0 days 00:47:09.660000,HAM,44,0 days 00:01:09.795000,12.0,1.0,,,0 days 00:00:17.609000,0 days 00:00:31.056000,0 days 00:00:21.130000,0 days 00:46:17.486000,0 days 00:46:48.542000,0 days 00:47:09.672000,284.0,231.0,270.0,286.0,False,MEDIUM,16.0,False,Mercedes,0 days 00:45:59.865000,,1,2.0,,,False,True
0 days 00:48:19.355000,HAM,44,0 days 00:01:09.695000,13.0,1.0,,,0 days 00:00:17.641000,0 days 00:00:31.010000,0 days 00:00:21.044000,0 days 00:47:27.313000,0 days 00:47:58.323000,0 days 00:48:19.367000,284.0,232.0,271.0,285.0,True,MEDIUM,17.0,False,Mercedes,0 days 00:47:09.660000,,1,2.0,,,False,True
0 days 00:49:29.048000,HAM,44,0 days 00:01:09.693000,14.0,1.0,,,0 days 00:00:17.550000,0 days 00:00:31.089000,0 days 00:00:21.054000,0 days 00:48:36.917000,0 days 00:49:08.006000,0 days 00:49:29.060000,287.0,231.0,270.0,288.0,True,MEDIUM,18.0,False,Mercedes,0 days 00:48:19.355000,,1,2.0,,,False,True
0 days 00:50:39.127000,HAM,44,0 days 00:01:10.079000,15.0,1.0,,,0 days 00:00:17.676000,0 days 00:00:31.307000,0 days 00:00:21.096000,0 days 00:49:46.736000,0 days 00:50:18.043000,0 days 00:50:39.139000,281.0,229.0,270.0,283.0,False,MEDIUM,19.0,False,Mercedes,0 days 00:49:29.048000,,1,2.0,,,False,True
0 days 00:51:49.065000,HAM,44,0 days 00:01:09.938000,16.0,1.0,,,0 days 00:00:17.704000,0 days 00:00:31.209000,0 days 00:00:21.025000,0 days 00:50:56.843000,0 days 00:51:28.052000,0 days 00:51:49.077000,283.0,234.0,270.0,289.0,False,MEDIUM,20.0,False,Mercedes,0 days 00:50:39.127000,,1,2.0,,,False,True
0 days 00:52:58.957000,HAM,44,0 days 00:01:09.892000,17.0,1.0,,,0 days 00:00:17.703000,0 days 00:00:31.145000,0 days 00:00:21.044000,0 days 00:52:06.780000,0 days 00:52:37.925000,0 days 00:52:58.969000,285.0,234.0,271.0,289.0,False,MEDIUM,21.0,False,Mercedes,0 days 00:51:49.065000,,1,2.0,,,False,True
0 days 00:54:09.169000,HAM,44,0 days 00:01:10.212000,18.0,1.0,,,0 days 00:00:17.669000,0 days 00:00:31.474000,0 days 00:00:21.069000,0 days 00:53:16.638000,0 days 00:53:48.112000,0 days 00:54:09.181000,284.0,231.0,271.0,285.0,False,MEDIUM,22.0,False,Mercedes,0 days 00:52:58.957000,,1,2.0,,,False,True
0 days 00:55:19.436000,HAM,44,0 days 00:01:10.267000,19.0,1.0,,,0 days 00:00:17.700000,0 days 00:00:31.397000,0 days 00:00:21.170000,0 days 00:54:26.881000,0 days 00:54:58.278000,0 days 00:55:19.448000,280.0,228.0,269.0,283.0,False,MEDIUM,23.0,False,Mercedes,0 days 00:54:09.169000,,1,2.0,,,False,True
0 days 00:56:29.302000,HAM,44,0 days 00:01:09.866000,20.0,1.0,,,0 days 00:00:17.643000,0 days 00:00:31.134000,0 days 00:00:21.089000,0 days 00:55:37.091000,0 days 00:56:08.225000,0 days 00:56:29.314000,285.0,231.0,270.0,286.0,False,MEDIUM,24.0,False,Mercedes,0 days 00:55:19.436000,,1,2.0,,,False,True
0 days 00:57:38.915000,HAM,44,0 days 00:01:09.613000,21.0,1.0,,,0 days 00:00:17.565000,0 days 00:00:31.051000,0 days 00:00:20.997000,0 days 00:56:46.879000,0 days 00:57:17.930000,0 days 00:57:38.927000,284.0,231.0,271.0,286.0,True,MEDIUM,25.0,False,Mercedes,0 days 00:56:29.302000,,1,2.0,,,False,True
0 days 00:58:48.792000,HAM,44,0 days 00:01:09.877000,22.0,1.0,,,0 days 00:00:17.553000,0 days 00:00:31.226000,0 days 00:00:21.098000,0 days 00:57:56.480000,0 days 00:58:27.706000,0 days 00:58:48.804000,283.0,228.0,270.0,284.0,False,MEDIUM,26.0,False,Mercedes,0 days 00:57:38.915000,,1,2.0,,,False,True
0 days 00:59:58.559000,HAM,44,0 days 00:01:09.767000,23.0,1.0,,,0 days 00:00:17.657000,0 days 00:00:31.140000,0 days 00:00:20.970000,0 days 00:59:06.461000,0 days 00:59:37.601000,0 days 00:59:58.571000,283.0,232.0,271.0,282.0,False,MEDIUM,27.0,False,Mercedes,0 days 00:58:48.792000,,1,2.0,,,False,True
0 days 01:01:08.463000,HAM,44,0 days 00:01:09.904000,24.0,1.0,,,0 days 00:00:17.703000,0 days 00:00:31.172000,0 days 00:00:21.029000,0 days 01:00:16.274000,0 days 01:00:47.446000,0 days 01:01:08.475000,282.0,229.0,272.0,283.0,False,MEDIUM,28.0,False,Mercedes,0 days 00:59:58.559000,,1,2.0,,,False,True
0 days 01:02:19.057000,HAM,44,0 days 00:01:10.594000,25.0,1.0,,,0 days 00:00:17.531000,0 days 00:00:31.757000,0 days 00:00:21.306000,0 days 01:01:26.006000,0 days 01:01:57.763000,0 days 01:02:19.069000,287.0,228.0,273.0,287.0,False,MEDIUM,29.0,False,Mercedes,0 days 01:01:08.463000,,1,2.0,,,False,True
0 days 01:03:28.692000,HAM,44,0 days 00:01:09.635000,26.0,1.0,,,0 days 00:00:17.291000,0 days 00:00:31.270000,0 days 00:00:21.074000,0 days 01:02:36.360000,0 days 01:03:07.630000,0 days 01:03:28.704000,296.0,226.0,270.0,282.0,False,MEDIUM,30.0,False,Mercedes,0 days 01:02:19.057000,,1,2.0,,,False,True
0 days 01:04:38.926000,HAM,44,0 days 00:01:10.234000,27.0,1.0,,,0 days 00:00:17.709000,0 days 00:00:31.361000,0 days 00:00:21.164000,0 days 01:03:46.413000,0 days 01:04:17.774000,0 days 01:04:38.938000,288.0,223.0,270.0,288.0,False,MEDIUM,31.0,False,Mercedes,0 days 01:03:28.692000,,1,2.0,,,False,True
0 days 01:05:52.455000,HAM,44,0 days 00:01:13.529000,28.0,1.0,,0 days 01:05:49.153000,0 days 00:00:17.611000,0 days 00:00:31.572000,0 days 00:00:24.346000,0 days 01:04:56.549000,0 days 01:05:28.121000,0 days 01:05:52.467000,290.0,224.0,,287.0,False,MEDIUM,32.0,False,Mercedes,0 days 01:04:38.926000,,1,2.0,,,False,False
0 days 01:07:18.438000,HAM,44,0 days 00:01:25.983000,29.0,2.0,0 days 01:06:10.364000,,0 days 00:00:34.381000,0 days 00:00:30.802000,0 days 00:00:20.800000,0 days 01:06:26.848000,0 days 01:06:57.650000,0 days 01:07:18.450000,292.0,236.0,267.0,293.0,False,HARD,1.0,True,Mercedes,0 days 01:05:52.455000,,1,2.0,,,False,False
0 days 01:08:27.504000,HAM,44,0 days 00:01:09.066000,30.0,2.0,,,0 days 00:00:17.603000,0 days 00:00:30.601000,0 days 00:00:20.862000,0 days 01:07:36.053000,0 days 01:08:06.654000,0 days 01:08:27.516000,281.0,229.0,271.0,283.0,True,HARD,2.0,True,Mercedes,0 days 01:07:18.438000,,1,2.0,,,False,True
0 days 01:09:36.649000,HAM,44,0 days 00:01:09.145000,31.0,2.0,,,0 days 00:00:17.507000,0 days 00:00:30.804000,0 days 00:00:20.834000,0 days 01:08:45.023000,0 days 01:09:15.827000,0 days 01:09:36.661000,281.0,229.0,270.0,283.0,False,HARD,3.0,True,Mercedes,0 days 01:08:27.504000,,1,2.0,,,False,True
0 days 01:10:45.936000,HAM,44,0 days 00:01:09.287000,32.0,2.0,,,0 days 00:00:17.437000,0 days 00:00:31.027000,0 days 00:00:20.823000,0 days 01:09:54.098000,0 days 01:10:25.125000,0 days 01:10:45.948000,287.0,229.0,274.0,286.0,False,HARD,4.0,True,Mercedes,0 days 01:09:36.649000,,1,2.0,,,False,True
0 days 01:11:54.298000,HAM,44,0 days 00:01:08.362000,33.0,2.0,,,0 days 00:00:17.006000,0 days 00:00:30.632000,0 days 00:00:20.724000,0 days 01:11:02.954000,0 days 01:11:33.586000,0 days 01:11:54.310000,314.0,229.0,272.0,289.0,True,HARD,5.0,True,Mercedes,0 days 01:10:45.936000,,1,2.0,,,False,True
0 days 01:13:03.430000,HAM,44,0 days 00:01:09.132000,34.0,2.0,,,0 days 00:00:17.454000,0 days 00:00:30.928000,0 days 00:00:20.750000,0 days 01:12:11.764000,0 days 01:12:42.692000,0 days 01:13:03.442000,285.0,228.0,273.0,285.0,False,HARD,6.0,True,Mercedes,0 days 01:11:54.298000,,1,2.0,,,False,True
0 days 01:14:12.140000,HAM,44,0 days 00:01:08.710000,35.0,2.0,,,0 days 00:00:17.312000,0 days 00:00:30.704000,0 days 00:00:20.694000,0 days 01:13:20.754000,0 days 01:13:51.458000,0 days 01:14:12.152000,287.0,229.0,274.0,287.0,False,HARD,7.0,True,Mercedes,0 days 01:13:03.430000,,1,2.0,,,False,True
0 days 01:15:20.617000,HAM,44,0 days 00:01:08.477000,36.0,2.0,,,0 days 00:00:17.336000,0 days 00:00:30.628000,0 days 00:00:20.513000,0 days 01:14:29.488000,0 days 01:15:00.116000,0 days 01:15:20.629000,289.0,230.0,274.0,289.0,False,HARD,8.0,True,Mercedes,0 days 01:14:12.140000,,1,2.0,,,False,True
0 days 01:16:29.134000,HAM,44,0 days 00:01:08.517000,37.0,2.0,,,0 days 00:00:17.275000,0 days 00:00:30.630000,0 days 00:00:20.612000,0 days 01:15:37.904000,0 days 01:16:08.534000,0 days 01:16:29.146000,291.0,231.0,274.0,290.0,False,HARD,9.0,True,Mercedes,0 days 01:15:20.617000,,1,2.0,,,False,True
0 days 01:17:37.898000,HAM,44,0 days 00:01:08.764000,38.0,2.0,,,0 days 00:00:17.234000,0 days 00:00:30.662000,0 days 00:00:20.868000,0 days 01:16:46.380000,0 days 01:17:17.042000,0 days 01:17:37.910000,292.0,225.0,281.0,294.0,False,HARD,10.0,True,Mercedes,0 days 01:16:29.134000,,1,2.0,,,False,True
0 days 01:18:46.820000,HAM,44,0 days 00:01:08.922000,39.0,2.0,,,0 days 00:00:17.091000,0 days 00:00:30.910000,0 days 00:00:20.921000,0 days 01:17:55.001000,0 days 01:18:25.911000,0 days 01:18:46.832000,310.0,228.0,270.0,290.0,False,HARD,11.0,True,Mercedes,0 days 01:17:37.898000,,1,2.0,,,False,True
0 days 01:19:55.612000,HAM,44,0 days 00:01:08.792000,40.0,2.0,,,0 days 00:00:17.389000,0 days 00:00:30.721000,0 days 00:00:20.682000,0 days 01:19:04.221000,0 days 01:19:34.942000,0 days 01:19:55.624000,288.0,231.0,272.0,290.0,False,HARD,12.0,True,Mercedes,0 days 01:18:46.820000,,1,2.0,,,False,True
0 days 01:21:04.165000,HAM,44,0 days 00:01:08.553000,41.0,2.0,,,0 days 00:00:17.280000,0 days 00:00:30.626000,0 days 00:00:20.647000,0 days 01:20:12.904000,0 days 01:20:43.530000,0 days 01:21:04.177000,290.0,230.0,275.0,291.0,False,HARD,13.0,True,Mercedes,0 days 01:19:55.612000,,1,2.0,,,False,True
0 days 01:22:12.647000,HAM,44,0 days 00:01:08.482000,42.0,2.0,,,0 days 00:00:17.216000,0 days 00:00:30.707000,0 days 00:00:20.559000,0 days 01:21:21.393000,0 days 01:21:52.100000,0 days 01:22:12.659000,295.0,231.0,276.0,297.0,False,HARD,14.0,True,Mercedes,0 days 01:21:04.165000,,1,2.0,,,False,True
0 days 01:23:21.527000,HAM,44,0 days 00:01:08.880000,43.0,2.0,,,0 days 00:00:17.198000,0 days 00:00:30.877000,0 days 00:00:20.805000,0 days 01:22:29.857000,0 days 01:23:00.734000,0 days 01:23:21.539000,291.0,226.0,275.0,294.0,False,HARD,15.0,True,Mercedes,0 days 01:22:12.647000,,1,2.0,,,False,True
0 days 01:24:30.160000,HAM,44,0 days 00:01:08.633000,44.0,2.0,,,0 days 00:00:17.182000,0 days 00:00:30.687000,0 days 00:00:20.764000,0 days 01:23:38.721000,0 days 01:24:09.408000,0 days 01:24:30.172000,299.0,228.0,276.0,311.0,False,HARD,16.0,True,Mercedes,0 days 01:23:21.527000,,1,2.0,,,False,True
0 days 01:25:39.525000,HAM,44,0 days 00:01:09.365000,45.0,2.0,,,0 days 00:00:17.330000,0 days 00:00:31.113000,0 days 00:00:20.922000,0 days 01:24:47.502000,0 days 01:25:18.615000,0 days 01:25:39.537000,292.0,224.0,274.0,292.0,False,HARD,17.0,True,Mercedes,0 days 01:24:30.160000,,1,2.0,,,False,True
0 days 01:26:48.289000,HAM,44,0 days 00:01:08.764000,46.0,2.0,,,0 days 00:00:17.241000,0 days 00:00:30.788000,0 days 00:00:20.735000,0 days 01:25:56.778000,0 days 01:26:27.566000,0 days 01:26:48.301000,294.0,227.0,272.0,293.0,False,HARD,18.0,True,Mercedes,0 days 01:25:39.525000,,1,2.0,,,False,True
0 days 01:27:57.126000,HAM,44,0 days 00:01:08.837000,47.0,2.0,,,0 days 00:00:17.391000,0 days 00:00:30.719000,0 days 00:00:20.727000,0 days 01:27:05.692000,0 days 01:27:36.411000,0 days 01:27:57.138000,285.0,230.0,273.0,286.0,False,HARD,19.0,True,Mercedes,0 days 01:26:48.289000,,1,2.0,,,False,True
0 days 01:29:06.014000,HAM,44,0 days 00:01:08.888000,48.0,2.0,,,0 days 00:00:17.395000,0 days 00:00:30.741000,0 days 00:00:20.752000,0 days 01:28:14.533000,0 days 01:28:45.274000,0 days 01:29:06.026000,288.0,229.0,274.0,289.0,False,HARD,20.0,True,Mercedes,0 days 01:27:57.126000,,1,2.0,,,False,True
0 days 01:30:14.948000,HAM,44,0 days 00:01:08.934000,49.0,2.0,,,0 days 00:00:17.356000,0 days 00:00:30.834000,0 days 00:00:20.744000,0 days 01:29:23.382000,0 days 01:29:54.216000,0 days 01:30:14.960000,284.0,228.0,274.0,287.0,False,HARD,21.0,True,Mercedes,0 days 01:29:06.014000,,1,2.0,,,False,True
0 days 01:31:23.649000,HAM,44,0 days 00:01:08.701000,50.0,2.0,,,0 days 00:00:17.322000,0 days 00:00:30.636000,0 days 00:00:20.743000,0 days 01:30:32.282000,0 days 01:31:02.918000,0 days 01:31:23.661000,289.0,229.0,273.0,290.0,False,HARD,22.0,True,Mercedes,0 days 01:30:14.948000,,1,2.0,,,False,True
0 days 01:32:33.130000,HAM,44,0 days 00:01:09.481000,51.0,2.0,,,0 days 00:00:17.334000,0 days 00:00:31.052000,0 days 00:00:21.095000,0 days 01:31:40.995000,0 days 01:32:12.047000,0 days 01:32:33.142000,289.0,227.0,280.0,285.0,False,HARD,23.0,True,Mercedes,0 days 01:31:23.649000,,1,2.0,,,False,True
0 days 01:33:42.122000,HAM,44,0 days 00:01:08.992000,52.0,2.0,,,0 days 00:00:17.210000,0 days 00:00:30.965000,0 days 00:00:20.817000,0 days 01:32:50.352000,0 days 01:33:21.317000,0 days 01:33:42.134000,309.0,228.0,274.0,286.0,False,HARD,24.0,True,Mercedes,0 days 01:32:33.130000,,1,2.0,,,False,True
0 days 01:34:51.385000,HAM,44,0 days 00:01:09.263000,53.0,2.0,,,0 days 00:00:17.340000,0 days 00:00:30.992000,0 days 00:00:20.931000,0 days 01:33:59.474000,0 days 01:34:30.466000,0 days 01:34:51.397000,292.0,221.0,273.0,293.0,False,HARD,25.0,True,Mercedes,0 days 01:33:42.122000,,1,2.0,,,False,True
0 days 01:36:00.565000,HAM,44,0 days 00:01:09.180000,54.0,2.0,,,0 days 00:00:17.332000,0 days 00:00:30.962000,0 days 00:00:20.886000,0 days 01:35:08.729000,0 days 01:35:39.691000,0 days 01:36:00.577000,288.0,228.0,272.0,285.0,False,HARD,26.0,True,Mercedes,0 days 01:34:51.385000,,1,2.0,,,False,True
0 days 01:37:09.588000,HAM,44,0 days 00:01:09.023000,55.0,2.0,,,0 days 00:00:17.378000,0 days 00:00:30.809000,0 days 00:00:20.836000,0 days 01:36:17.955000,0 days 01:36:48.764000,0 days 01:37:09.600000,290.0,227.0,271.0,287.0,False,HARD,27.0,True,Mercedes,0 days 01:36:00.565000,,1,2.0,,,False,True
0 days 01:38:18.557000,HAM,44,0 days 00:01:08.969000,56.0,2.0,,,0 days 00:00:17.321000,0 days 00:00:30.838000,0 days 00:00:20.810000,0 days 01:37:26.921000,0 days 01:37:57.759000,0 days 01:38:18.569000,290.0,228.0,273.0,288.0,False,HARD,28.0,True,Mercedes,0 days 01:37:09.588000,,1,2.0,,,False,True
0 days 01:39:27.558000,HAM,44,0 days 00:01:09.001000,57.0,2.0,,,0 days 00:00:17.257000,0 days 00:00:30.900000,0 days 00:00:20.844000,0 days 01:38:35.826000,0 days 01:39:06.726000,0 days 01:39:27.570000,289.0,228.0,274.0,288.0,False,HARD,29.0,True,Mercedes,0 days 01:38:18.557000,,1,2.0,,,False,True
0 days 01:40:36.982000,HAM,44,0 days 00:01:09.424000,58.0,2.0,,,0 days 00:00:17.368000,0 days 00:00:31.065000,0 days 00:00:20.991000,0 days 01:39:44.938000,0 days 01:40:16.003000,0 days 01:40:36.994000,289.0,228.0,275.0,287.0,False,HARD,30.0,True,Mercedes,0 days 01:39:27.558000,,1,2.0,,,False,True
0 days 01:41:46.190000,HAM,44,0 days 00:01:09.208000,59.0,2.0,,,0 days 00:00:17.270000,0 days 00:00:31.006000,0 days 00:00:20.932000,0 days 01:40:54.264000,0 days 01:41:25.270000,0 days 01:41:46.202000,292.0,229.0,274.0,288.0,False,HARD,31.0,True,Mercedes,0 days 01:40:36.982000,,1,2.0,,,False,True
0 days 01:42:55.584000,HAM,44,0 days 00:01:09.394000,60.0,2.0,,,0 days 00:00:17.350000,0 days 00:00:31.052000,0 days 00:00:20.992000,0 days 01:42:03.552000,0 days 01:42:34.604000,0 days 01:42:55.596000,292.0,229.0,273.0,286.0,False,HARD,32.0,True,Mercedes,0 days 01:41:46.190000,,1,2.0,,,False,True
0 days 01:44:04.884000,HAM,44,0 days 00:01:09.300000,61.0,2.0,,,0 days 00:00:17.398000,0 days 00:00:30.996000,0 days 00:00:20.906000,0 days 01:43:12.994000,0 days 01:43:43.990000,0 days 01:44:04.896000,291.0,225.0,274.0,288.0,False,HARD,33.0,True,Mercedes,0 days 01:42:55.584000,,1,2.0,,,False,True
0 days 01:45:14.471000,HAM,44,0 days 00:01:09.587000,62.0,2.0,,,0 days 00:00:17.426000,0 days 00:00:31.201000,0 days 00:00:20.960000,0 days 01:44:22.322000,0 days 01:44:53.523000,0 days 01:45:14.483000,284.0,227.0,273.0,282.0,False,HARD,34.0,True,Mercedes,0 days 01:44:04.884000,,1,2.0,,,False,True
0 days 01:46:23.883000,HAM,44,0 days 00:01:09.412000,63.0,2.0,,,0 days 00:00:17.405000,0 days 00:00:31.137000,0 days 00:00:20.870000,0 days 01:45:31.888000,0 days 01:46:03.025000,0 days 01:46:23.895000,288.0,228.0,275.0,287.0,False,HARD,35.0,True,Mercedes,0 days 01:45:14.471000,,1,2.0,,,False,True
0 days 01:47:33.266000,HAM,44,0 days 00:01:09.383000,64.0,2.0,,,0 days 00:00:17.305000,0 days 00:00:31.161000,0 days 00:00:20.917000,0 days 01:46:41.200000,0 days 01:47:12.361000,0 days 01:47:33.278000,286.0,228.0,274.0,285.0,False,HARD,36.0,True,Mercedes,0 days 01:46:23.883000,,1,2.0,,,False,True
0 days 01:48:43.868000,HAM,44,0 days 00:01:10.602000,65.0,2.0,,,0 days 00:00:17.406000,0 days 00:00:31.933000,0 days 00:00:21.263000,0 days 01:47:50.684000,0 days 01:48:22.617000,0 days 01:48:43.880000,289.0,226.0,276.0,287.0,False,HARD,37.0,True,Mercedes,0 days 01:47:33.266000,,1,2.0,,,False,True
0 days 01:49:53.655000,HAM,44,0 days 00:01:09.787000,66.0,2.0,,,0 days 00:00:17.352000,0 days 00:00:31.315000,0 days 00:00:21.120000,0 days 01:49:01.232000,0 days 01:49:32.547000,0 days 01:49:53.667000,291.0,225.0,276.0,288.0,False,HARD,38.0,True,Mercedes,0 days 01:48:43.868000,,1,2.0,,,False,True
0 days 01:51:03.420000,HAM,44,0 days 00:01:09.765000,67.0,2.0,,,0 days 00:00:17.433000,0 days 00:00:31.296000,0 days 00:00:21.036000,0 days 01:50:11.100000,0 days 01:50:42.396000,0 days 01:51:03.432000,285.0,225.0,276.0,285.0,False,HARD,39.0,True,Mercedes,0 days 01:49:53.655000,,1,2.0,,,False,True
0 days 01:52:12.874000,HAM,44,0 days 00:01:09.454000,68.0,2.0,,,0 days 00:00:17.511000,0 days 00:00:31.033000,0 days 00:00:20.910000,0 days 01:51:20.943000,0 days 01:51:51.976000,0 days 01:52:12.886000,289.0,227.0,275.0,288.0,False,HARD,40.0,True,Mercedes,0 days 01:51:03.420000,,1,2.0,,,False,True
0 days 01:53:26.051000,HAM,44,0 days 00:01:13.177000,69.0,2.0,,0 days 01:53:22.751000,0 days 00:00:17.384000,0 days 00:00:31.130000,0 days 00:00:24.663000,0 days 01:52:30.270000,0 days 01:53:01.400000,0 days 01:53:26.063000,286.0,229.0,,284.0,False,HARD,41.0,True,Mercedes,0 days 01:52:12.874000,,1,2.0,,,False,False
0 days 01:54:53.442000,HAM,44,0 days 00:01:27.391000,70.0,3.0,0 days 01:53:44.408000,,0 days 00:00:34.700000,0 days 00:00:30.947000,0 days 00:00:21.744000,0 days 01:54:00.763000,0 days 01:54:31.710000,0 days 01:54:53.454000,299.0,237.0,276.0,289.0,False,SOFT,4.0,False,Mercedes,0 days 01:53:26.051000,,1,2.0,,,False,False
0 days 01:56:00.500000,HAM,44,0 days 00:01:07.058000,71.0,3.0,,,0 days 00:00:17.127000,0 days 00:00:29.674000,0 days 00:00:20.257000,0 days 01:55:10.581000,0 days 01:55:40.255000,0 days 01:56:00.512000,287.0,244.0,275.0,290.0,True,SOFT,5.0,False,Mercedes,0 days 01:54:53.442000,,1,2.0,,,False,True
0 days 00:34:21.977000,BOT,77,0 days 00:01:16.145000,1.0,1.0,,,,0 days 00:00:32.835000,0 days 00:00:22.186000,,0 days 00:33:59.877000,0 days 00:34:22.507000,307.0,214.0,271.0,308.0,False,MEDIUM,4.0,False,Mercedes,0 days 00:33:05.677000,,12,5.0,,,False,False
0 days 00:35:33.611000,BOT,77,0 days 00:01:11.634000,2.0,1.0,,,0 days 00:00:17.838000,0 days 00:00:31.883000,0 days 00:00:21.913000,0 days 00:34:39.878000,0 days 00:35:11.761000,0 days 00:35:33.674000,284.0,224.0,264.0,290.0,True,MEDIUM,5.0,False,Mercedes,0 days 00:34:21.977000,,1,5.0,,,False,True
0 days 00:36:45.005000,BOT,77,0 days 00:01:11.394000,3.0,1.0,,,0 days 00:00:18.011000,0 days 00:00:31.585000,0 days 00:00:21.798000,0 days 00:35:51.685000,0 days 00:36:23.270000,0 days 00:36:45.068000,286.0,226.0,270.0,291.0,True,MEDIUM,6.0,False,Mercedes,0 days 00:35:33.611000,,1,5.0,,,False,True
0 days 00:37:55.560000,BOT,77,0 days 00:01:10.555000,4.0,1.0,,,0 days 00:00:17.686000,0 days 00:00:31.251000,0 days 00:00:21.618000,0 days 00:37:02.754000,0 days 00:37:34.005000,0 days 00:37:55.623000,288.0,224.0,273.0,289.0,True,MEDIUM,7.0,False,Mercedes,0 days 00:36:45.005000,,1,5.0,,,False,True
0 days 00:39:06.101000,BOT,77,0 days 00:01:10.541000,5.0,1.0,,,0 days 00:00:17.511000,0 days 00:00:31.386000,0 days 00:00:21.644000,0 days 00:38:13.134000,0 days 00:38:44.520000,0 days 00:39:06.164000,291.0,228.0,272.0,290.0,True,MEDIUM,8.0,False,Mercedes,0 days 00:37:55.560000,,1,5.0,,,False,True
0 days 00:40:17.036000,BOT,77,0 days 00:01:10.935000,6.0,1.0,,,0 days 00:00:17.517000,0 days 00:00:31.553000,0 days 00:00:21.865000,0 days 00:39:23.681000,0 days 00:39:55.234000,0 days 00:40:17.099000,297.0,224.0,271.0,293.0,False,MEDIUM,9.0,False,Mercedes,0 days 00:39:06.101000,,1,5.0,,,False,True
0 days 00:41:28.265000,BOT,77,0 days 00:01:11.229000,7.0,1.0,,,0 days 00:00:17.655000,0 days 00:00:31.547000,0 days 00:00:22.027000,0 days 00:40:34.754000,0 days 00:41:06.301000,0 days 00:41:28.328000,292.0,225.0,270.0,292.0,False,MEDIUM,10.0,False,Mercedes,0 days 00:40:17.036000,,1,5.0,,,False,True
0 days 00:42:39.148000,BOT,77,0 days 00:01:10.883000,8.0,1.0,,,0 days 00:00:17.572000,0 days 00:00:31.609000,0 days 00:00:21.702000,0 days 00:41:45.900000,0 days 00:42:17.509000,0 days 00:42:39.211000,292.0,225.0,271.0,291.0,False,MEDIUM,11.0,False,Mercedes,0 days 00:41:28.265000,,1,5.0,,,False,True
0 days 00:43:50.129000,BOT,77,0 days 00:01:10.981000,9.0,1.0,,,0 days 00:00:17.575000,0 days 00:00:31.562000,0 days 00:00:21.844000,0 days 00:42:56.786000,0 days 00:43:28.348000,0 days 00:43:50.192000,295.0,225.0,273.0,295.0,False,MEDIUM,12.0,False,Mercedes,0 days 00:42:39.148000,,1,5.0,,,False,True
0 days 00:45:01.554000,BOT,77,0 days 00:01:11.425000,10.0,1.0,,,0 days 00:00:17.491000,0 days 00:00:31.747000,0 days 00:00:22.187000,0 days 00:44:07.683000,0 days 00:44:39.430000,0 days 00:45:01.617000,296.0,229.0,276.0,294.0,False,MEDIUM,13.0,False,Mercedes,0 days 00:43:50.129000,,1,5.0,,,False,True
0 days 00:46:12.768000,BOT,77,0 days 00:01:11.214000,11.0,1.0,,,0 days 00:00:17.452000,0 days 00:00:31.864000,0 days 00:00:21.898000,0 days 00:45:19.069000,0 days 00:45:50.933000,0 days 00:46:12.831000,318.0,222.0,277.0,294.0,False,MEDIUM,14.0,False,Mercedes,0 days 00:45:01.554000,,1,4.0,,,False,True
0 days 00:47:23.692000,BOT,77,0 days 00:01:10.924000,12.0,1.0,,,0 days 00:00:17.550000,0 days 00:00:31.693000,0 days 00:00:21.681000,0 days 00:46:30.381000,0 days 00:47:02.074000,0 days 00:47:23.755000,285.0,225.0,270.0,284.0,False,MEDIUM,15.0,False,Mercedes,0 days 00:46:12.768000,,1,4.0,,,False,True
0 days 00:48:34.324000,BOT,77,0 days 00:01:10.632000,13.0,1.0,,,0 days 00:00:17.669000,0 days 00:00:31.464000,0 days 00:00:21.499000,0 days 00:47:41.424000,0 days 00:48:12.888000,0 days 00:48:34.387000,286.0,226.0,271.0,284.0,False,MEDIUM,16.0,False,Mercedes,0 days 00:47:23.692000,,1,4.0,,,False,True
0 days 00:49:44.446000,BOT,77,0 days 00:01:10.122000,14.0,1.0,,,0 days 00:00:17.695000,0 days 00:00:31.070000,0 days 00:00:21.357000,0 days 00:48:52.082000,0 days 00:49:23.152000,0 days 00:49:44.509000,286.0,230.0,270.0,286.0,True,MEDIUM,17.0,False,Mercedes,0 days 00:48:34.324000,,1,4.0,,,False,True
0 days 00:50:54.512000,BOT,77,0 days 00:01:10.066000,15.0,1.0,,,0 days 00:00:17.534000,0 days 00:00:31.166000,0 days 00:00:21.366000,0 days 00:50:02.043000,0 days 00:50:33.209000,0 days 00:50:54.575000,285.0,230.0,270.0,287.0,True,MEDIUM,18.0,False,Mercedes,0 days 00:49:44.446000,,1,4.0,,,False,True
0 days 00:52:04.675000,BOT,77,0 days 00:01:10.163000,16.0,1.0,,,0 days 00:00:17.733000,0 days 00:00:31.236000,0 days 00:00:21.194000,0 days 00:51:12.308000,0 days 00:51:43.544000,0 days 00:52:04.738000,285.0,232.0,272.0,289.0,False,MEDIUM,19.0,False,Mercedes,0 days 00:50:54.512000,,1,4.0,,,False,True
0 days 00:53:15.046000,BOT,77,0 days 00:01:10.371000,17.0,1.0,,,0 days 00:00:17.735000,0 days 00:00:31.386000,0 days 00:00:21.250000,0 days 00:52:22.473000,0 days 00:52:53.859000,0 days 00:53:15.109000,282.0,229.0,272.0,287.0,False,MEDIUM,20.0,False,Mercedes,0 days 00:52:04.675000,,1,4.0,,,False,True
0 days 00:54:25.365000,BOT,77,0 days 00:01:10.319000,18.0,1.0,,,0 days 00:00:17.637000,0 days 00:00:31.460000,0 days 00:00:21.222000,0 days 00:53:32.746000,0 days 00:54:04.206000,0 days 00:54:25.428000,283.0,228.0,271.0,284.0,False,MEDIUM,21.0,False,Mercedes,0 days 00:53:15.046000,,1,4.0,,,False,True
0 days 00:55:35.737000,BOT,77,0 days 00:01:10.372000,19.0,1.0,,,0 days 00:00:17.620000,0 days 00:00:31.372000,0 days 00:00:21.380000,0 days 00:54:43.048000,0 days 00:55:14.420000,0 days 00:55:35.800000,286.0,230.0,270.0,286.0,False,MEDIUM,22.0,False,Mercedes,0 days 00:54:25.365000,,1,4.0,,,False,True
0 days 00:56:45.929000,BOT,77,0 days 00:01:10.192000,20.0,1.0,,,0 days 00:00:17.527000,0 days 00:00:31.321000,0 days 00:00:21.344000,0 days 00:55:53.327000,0 days 00:56:24.648000,0 days 00:56:45.992000,287.0,231.0,271.0,286.0,False,MEDIUM,23.0,False,Mercedes,0 days 00:55:35.737000,,1,4.0,,,False,True
0 days 00:57:55.850000,BOT,77,0 days 00:01:09.921000,21.0,1.0,,,0 days 00:00:17.527000,0 days 00:00:31.166000,0 days 00:00:21.228000,,0 days 00:57:34.685000,0 days 00:57:55.913000,284.0,228.0,272.0,284.0,True,MEDIUM,24.0,False,Mercedes,0 days 00:56:45.929000,,1,4.0,,,False,True
0 days 00:59:05.696000,BOT,77,0 days 00:01:09.846000,22.0,1.0,,,0 days 00:00:17.450000,0 days 00:00:31.141000,0 days 00:00:21.255000,0 days 00:58:13.363000,0 days 00:58:44.504000,0 days 00:59:05.759000,287.0,230.0,272.0,286.0,True,MEDIUM,25.0,False,Mercedes,0 days 00:57:55.850000,,1,4.0,,,False,True
0 days 01:00:16.058000,BOT,77,0 days 00:01:10.362000,23.0,1.0,,,0 days 00:00:17.539000,0 days 00:00:31.223000,0 days 00:00:21.600000,0 days 00:59:23.298000,0 days 00:59:54.521000,0 days 01:00:16.121000,286.0,232.0,279.0,286.0,False,MEDIUM,26.0,False,Mercedes,0 days 00:59:05.696000,,1,4.0,,,False,True
0 days 01:01:26.328000,BOT,77,0 days 00:01:10.270000,24.0,1.0,,,0 days 00:00:17.695000,0 days 00:00:31.311000,0 days 00:00:21.264000,0 days 01:00:33.816000,0 days 01:01:05.127000,0 days 01:01:26.391000,301.0,229.0,271.0,283.0,False,MEDIUM,27.0,False,Mercedes,0 days 01:00:16.058000,,1,4.0,,,False,True
0 days 01:02:36.527000,BOT,77,0 days 00:01:10.199000,25.0,1.0,,,0 days 00:00:17.607000,0 days 00:00:31.277000,0 days 00:00:21.315000,0 days 01:01:43.998000,0 days 01:02:15.275000,0 days 01:02:36.590000,284.0,229.0,272.0,284.0,False,MEDIUM,28.0,False,Mercedes,0 days 01:01:26.328000,,1,4.0,,,False,True
0 days 01:03:47.088000,BOT,77,0 days 00:01:10.561000,26.0,1.0,,,0 days 00:00:17.655000,0 days 00:00:31.418000,0 days 00:00:21.488000,0 days 01:02:54.245000,0 days 01:03:25.663000,0 days 01:03:47.151000,285.0,227.0,278.0,286.0,False,MEDIUM,29.0,False,Mercedes,0 days 01:02:36.527000,,1,3.0,,,False,True
0 days 01:04:59.745000,BOT,77,0 days 00:01:12.657000,27.0,1.0,,0 days 01:04:56.424000,0 days 00:00:17.462000,0 days 00:00:31.141000,0 days 00:00:24.054000,0 days 01:04:04.613000,0 days 01:04:35.754000,0 days 01:04:59.808000,282.0,233.0,,288.0,False,MEDIUM,30.0,False,Mercedes,0 days 01:03:47.088000,,1,3.0,,,False,False
0 days 01:06:26.524000,BOT,77,0 days 00:01:26.779000,28.0,2.0,0 days 01:05:18.170000,,0 days 00:00:34.712000,0 days 00:00:31.228000,0 days 00:00:20.839000,0 days 01:05:34.520000,0 days 01:06:05.748000,0 days 01:06:26.587000,293.0,233.0,270.0,279.0,False,HARD,1.0,True,Mercedes,0 days 01:04:59.745000,,1,4.0,,,False,False
0 days 01:07:35.595000,BOT,77,0 days 00:01:09.071000,29.0,2.0,,,0 days 00:00:17.403000,0 days 00:00:30.733000,0 days 00:00:20.935000,0 days 01:06:43.990000,0 days 01:07:14.723000,0 days 01:07:35.658000,282.0,233.0,271.0,282.0,True,HARD,2.0,True,Mercedes,0 days 01:06:26.524000,,1,4.0,,,False,True
0 days 01:08:44.958000,BOT,77,0 days 00:01:09.363000,30.0,2.0,,,0 days 00:00:17.537000,0 days 00:00:30.843000,0 days 00:00:20.983000,0 days 01:07:53.195000,0 days 01:08:24.038000,0 days 01:08:45.021000,282.0,230.0,274.0,283.0,False,HARD,3.0,True,Mercedes,0 days 01:07:35.595000,,1,4.0,,,False,True
0 days 01:09:54.195000,BOT,77,0 days 00:01:09.237000,31.0,2.0,,,0 days 00:00:17.425000,0 days 00:00:30.836000,0 days 00:00:20.976000,0 days 01:09:02.446000,0 days 01:09:33.282000,0 days 01:09:54.258000,284.0,230.0,279.0,285.0,False,HARD,4.0,True,Mercedes,0 days 01:08:44.958000,,1,3.0,,,False,True
0 days 01:11:03.472000,BOT,77,0 days 00:01:09.277000,32.0,2.0,,,0 days 00:00:17.257000,0 days 00:00:30.901000,0 days 00:00:21.119000,0 days 01:10:11.515000,0 days 01:10:42.416000,0 days 01:11:03.535000,293.0,226.0,273.0,290.0,False,HARD,5.0,True,Mercedes,0 days 01:09:54.195000,,1,3.0,,,False,True
0 days 01:12:12.254000,BOT,77,0 days 00:01:08.782000,33.0,2.0,,,0 days 00:00:17.352000,0 days 00:00:30.515000,0 days 00:00:20.915000,0 days 01:11:20.887000,0 days 01:11:51.402000,0 days 01:12:12.317000,294.0,226.0,272.0,304.0,True,HARD,6.0,True,Mercedes,0 days 01:11:03.472000,,1,3.0,,,False,True
0 days 01:13:21.380000,BOT,77,0 days 00:01:09.126000,34.0,2.0,,,0 days 00:00:17.431000,0 days 00:00:30.712000,0 days 00:00:20.983000,0 days 01:12:29.748000,0 days 01:13:00.460000,0 days 01:13:21.443000,288.0,226.0,271.0,288.0,False,HARD,7.0,True,Mercedes,0 days 01:12:12.254000,,1,3.0,,,False,True
0 days 01:14:30.972000,BOT,77,0 days 00:01:09.592000,35.0,2.0,,,0 days 00:00:17.403000,0 days 00:00:31.003000,0 days 00:00:21.186000,0 days 01:13:38.846000,0 days 01:14:09.849000,0 days 01:14:31.035000,287.0,226.0,271.0,286.0,False,HARD,8.0,True,Mercedes,0 days 01:13:21.380000,,1,3.0,,,False,True
0 days 01:15:40.128000,BOT,77,0 days 00:01:09.156000,36.0,2.0,,,0 days 00:00:17.410000,0 days 00:00:30.861000,0 days 00:00:20.885000,0 days 01:14:48.445000,0 days 01:15:19.306000,0 days 01:15:40.191000,283.0,231.0,272.0,284.0,False,HARD,9.0,True,Mercedes,0 days 01:14:30.972000,,1,3.0,,,False,True
0 days 01:16:49.473000,BOT,77,0 days 00:01:09.345000,37.0,2.0,,,0 days 00:00:17.485000,0 days 00:00:30.856000,0 days 00:00:21.004000,0 days 01:15:57.676000,0 days 01:16:28.532000,0 days 01:16:49.536000,281.0,230.0,272.0,282.0,False,HARD,10.0,True,Mercedes,0 days 01:15:40.128000,,1,3.0,,,False,True
0 days 01:17:58.349000,BOT,77,0 days 00:01:08.876000,38.0,2.0,,,0 days 00:00:17.373000,0 days 00:00:30.617000,0 days 00:00:20.886000,0 days 01:17:06.909000,0 days 01:17:37.526000,0 days 01:17:58.412000,284.0,234.0,272.0,285.0,False,HARD,11.0,True,Mercedes,0 days 01:16:49.473000,,1,3.0,,,False,True
0 days 01:19:07.148000,BOT,77,0 days 00:01:08.799000,39.0,2.0,,,0 days 00:00:17.399000,0 days 00:00:30.544000,0 days 00:00:20.856000,0 days 01:18:15.811000,0 days 01:18:46.355000,0 days 01:19:07.211000,284.0,236.0,270.0,284.0,False,HARD,12.0,True,Mercedes,0 days 01:17:58.349000,,1,3.0,,,False,True
0 days 01:20:15.920000,BOT,77,0 days 00:01:08.772000,40.0,2.0,,,0 days 00:00:17.437000,0 days 00:00:30.550000,0 days 00:00:20.785000,0 days 01:19:24.648000,0 days 01:19:55.198000,0 days 01:20:15.983000,283.0,237.0,272.0,286.0,True,HARD,13.0,True,Mercedes,0 days 01:19:07.148000,,1,3.0,,,False,True
0 days 01:21:24.824000,BOT,77,0 days 00:01:08.904000,41.0,2.0,,,0 days 00:00:17.503000,0 days 00:00:30.712000,0 days 00:00:20.689000,0 days 01:20:33.486000,0 days 01:21:04.198000,0 days 01:21:24.887000,283.0,236.0,272.0,286.0,False,HARD,14.0,True,Mercedes,0 days 01:20:15.920000,,1,3.0,,,False,True
0 days 01:22:33.698000,BOT,77,0 days 00:01:08.874000,42.0,2.0,,,0 days 00:00:17.446000,0 days 00:00:30.701000,0 days 00:00:20.727000,0 days 01:21:42.333000,0 days 01:22:13.034000,0 days 01:22:33.761000,283.0,234.0,273.0,286.0,False,HARD,15.0,True,Mercedes,0 days 01:21:24.824000,,1,3.0,,,False,True
0 days 01:23:42.317000,BOT,77,0 days 00:01:08.619000,43.0,2.0,,,0 days 00:00:17.378000,0 days 00:00:30.619000,0 days 00:00:20.622000,0 days 01:22:51.139000,0 days 01:23:21.758000,0 days 01:23:42.380000,285.0,234.0,274.0,289.0,True,HARD,16.0,True,Mercedes,0 days 01:22:33.698000,,1,3.0,,,False,True
0 days 01:24:51.421000,BOT,77,0 days 00:01:09.104000,44.0,2.0,,,0 days 00:00:17.500000,0 days 00:00:30.806000,0 days 00:00:20.798000,0 days 01:23:59.880000,0 days 01:24:30.686000,0 days 01:24:51.484000,286.0,236.0,274.0,287.0,False,HARD,17.0,True,Mercedes,0 days 01:23:42.317000,,1,3.0,,,False,True
0 days 01:26:00.881000,BOT,77,0 days 00:01:09.460000,45.0,2.0,,,0 days 00:00:17.597000,0 days 00:00:30.977000,0 days 00:00:20.886000,0 days 01:25:09.081000,0 days 01:25:40.058000,0 days 01:26:00.944000,287.0,229.0,274.0,288.0,False,HARD,18.0,True,Mercedes,0 days 01:24:51.421000,,1,3.0,,,False,True
0 days 01:27:10.231000,BOT,77,0 days 00:01:09.350000,46.0,2.0,,,0 days 00:00:17.316000,0 days 00:00:31.025000,0 days 00:00:21.009000,0 days 01:26:18.260000,0 days 01:26:49.285000,0 days 01:27:10.294000,288.0,233.0,274.0,290.0,False,HARD,19.0,True,Mercedes,0 days 01:26:00.881000,,1,3.0,,,False,True
0 days 01:28:19.834000,BOT,77,0 days 00:01:09.603000,47.0,2.0,,,0 days 00:00:17.517000,0 days 00:00:31.088000,0 days 00:00:20.998000,0 days 01:27:27.811000,0 days 01:27:58.899000,0 days 01:28:19.897000,286.0,231.0,274.0,289.0,False,HARD,20.0,True,Mercedes,0 days 01:27:10.231000,,1,3.0,,,False,True
0 days 01:29:28.894000,BOT,77,0 days 00:01:09.060000,48.0,2.0,,,0 days 00:00:17.489000,0 days 00:00:30.814000,0 days 00:00:20.757000,0 days 01:28:37.386000,0 days 01:29:08.200000,0 days 01:29:28.957000,283.0,234.0,274.0,287.0,False,HARD,21.0,True,Mercedes,0 days 01:28:19.834000,,1,3.0,,,False,True
0 days 01:30:37.998000,BOT,77,0 days 00:01:09.104000,49.0,2.0,,,0 days 00:00:17.477000,0 days 00:00:30.728000,0 days 00:00:20.899000,0 days 01:29:46.434000,0 days 01:30:17.162000,0 days 01:30:38.061000,283.0,236.0,274.0,288.0,False,HARD,22.0,True,Mercedes,0 days 01:29:28.894000,,1,3.0,,,False,True
0 days 01:31:47.252000,BOT,77,0 days 00:01:09.254000,50.0,2.0,,,0 days 00:00:17.437000,0 days 00:00:30.926000,0 days 00:00:20.891000,0 days 01:30:55.498000,0 days 01:31:26.424000,0 days 01:31:47.315000,284.0,236.0,274.0,286.0,False,HARD,23.0,True,Mercedes,0 days 01:30:37.998000,,1,3.0,,,False,True
0 days 01:32:56.602000,BOT,77,0 days 00:01:09.350000,51.0,2.0,,,0 days 00:00:17.457000,0 days 00:00:31.003000,0 days 00:00:20.890000,0 days 01:32:04.772000,0 days 01:32:35.775000,0 days 01:32:56.665000,285.0,231.0,274.0,283.0,False,HARD,24.0,True,Mercedes,0 days 01:31:47.252000,,1,3.0,,,False,True
0 days 01:34:05.930000,BOT,77,0 days 00:01:09.328000,52.0,2.0,,,0 days 00:00:17.396000,0 days 00:00:31.130000,0 days 00:00:20.802000,0 days 01:33:14.061000,0 days 01:33:45.191000,0 days 01:34:05.993000,287.0,233.0,276.0,285.0,False,HARD,25.0,True,Mercedes,0 days 01:32:56.602000,,1,3.0,,,False,True
0 days 01:35:15.535000,BOT,77,0 days 00:01:09.605000,53.0,2.0,,,0 days 00:00:17.378000,0 days 00:00:31.337000,0 days 00:00:20.890000,0 days 01:34:23.371000,0 days 01:34:54.708000,0 days 01:35:15.598000,290.0,231.0,275.0,287.0,False,HARD,26.0,True,Mercedes,0 days 01:34:05.930000,,1,3.0,,,False,True
0 days 01:36:25.032000,BOT,77,0 days 00:01:09.497000,54.0,2.0,,,0 days 00:00:17.386000,0 days 00:00:30.975000,0 days 00:00:21.136000,0 days 01:35:32.984000,0 days 01:36:03.959000,0 days 01:36:25.095000,290.0,233.0,282.0,290.0,False,HARD,27.0,True,Mercedes,0 days 01:35:15.535000,,1,3.0,,,False,True
0 days 01:37:34.644000,BOT,77,0 days 00:01:09.612000,55.0,2.0,,,0 days 00:00:17.265000,0 days 00:00:31.265000,0 days 00:00:21.082000,0 days 01:36:42.360000,0 days 01:37:13.625000,0 days 01:37:34.707000,303.0,233.0,275.0,289.0,False,HARD,28.0,True,Mercedes,0 days 01:36:25.032000,,1,3.0,,,False,True
0 days 01:38:44.173000,BOT,77,0 days 00:01:09.529000,56.0,2.0,,,0 days 00:00:17.365000,0 days 00:00:31.089000,0 days 00:00:21.075000,0 days 01:37:52.072000,0 days 01:38:23.161000,0 days 01:38:44.236000,289.0,234.0,276.0,290.0,False,HARD,29.0,True,Mercedes,0 days 01:37:34.644000,,1,3.0,,,False,True
0 days 01:39:54.726000,BOT,77,0 days 00:01:10.553000,57.0,2.0,,,0 days 00:00:17.461000,0 days 00:00:31.480000,0 days 00:00:21.612000,0 days 01:39:01.697000,0 days 01:39:33.177000,0 days 01:39:54.789000,290.0,234.0,275.0,291.0,False,HARD,30.0,True,Mercedes,0 days 01:38:44.173000,,1,3.0,,,False,True
0 days 01:41:04.588000,BOT,77,0 days 00:01:09.862000,58.0,2.0,,,0 days 00:00:17.405000,0 days 00:00:31.387000,0 days 00:00:21.070000,0 days 01:40:12.194000,0 days 01:40:43.581000,0 days 01:41:04.651000,287.0,228.0,278.0,284.0,False,HARD,31.0,True,Mercedes,0 days 01:39:54.726000,,1,3.0,,,False,True
0 days 01:42:14.216000,BOT,77,0 days 00:01:09.628000,59.0,2.0,,,0 days 00:00:17.311000,0 days 00:00:31.279000,0 days 00:00:21.038000,0 days 01:41:21.962000,0 days 01:41:53.241000,0 days 01:42:14.279000,293.0,235.0,285.0,289.0,False,HARD,32.0,True,Mercedes,0 days 01:41:04.588000,,1,3.0,,,False,True
0 days 01:43:23.775000,BOT,77,0 days 00:01:09.559000,60.0,2.0,,,0 days 00:00:17.128000,0 days 00:00:31.398000,0 days 00:00:21.033000,0 days 01:42:31.407000,0 days 01:43:02.805000,0 days 01:43:23.838000,305.0,232.0,275.0,286.0,False,HARD,33.0,True,Mercedes,0 days 01:42:14.216000,,1,3.0,,,False,True
0 days 01:44:33.492000,BOT,77,0 days 00:01:09.717000,61.0,2.0,,,0 days 00:00:17.498000,0 days 00:00:31.242000,0 days 00:00:20.977000,0 days 01:43:41.336000,0 days 01:44:12.578000,0 days 01:44:33.555000,284.0,233.0,274.0,288.0,False,HARD,34.0,True,Mercedes,0 days 01:43:23.775000,,1,3.0,,,False,True
0 days 01:45:43.232000,BOT,77,0 days 00:01:09.740000,62.0,2.0,,,0 days 00:00:17.488000,0 days 00:00:31.284000,0 days 00:00:20.968000,0 days 01:44:51.043000,0 days 01:45:22.327000,0 days 01:45:43.295000,285.0,232.0,276.0,285.0,False,HARD,35.0,True,Mercedes,0 days 01:44:33.492000,,1,3.0,,,False,True
0 days 01:46:52.756000,BOT,77,0 days 00:01:09.524000,63.0,2.0,,,0 days 00:00:17.364000,0 days 00:00:31.262000,0 days 00:00:20.898000,0 days 01:46:00.659000,0 days 01:46:31.921000,0 days 01:46:52.819000,293.0,235.0,277.0,292.0,False,HARD,36.0,True,Mercedes,0 days 01:45:43.232000,,1,3.0,,,False,True
0 days 01:48:02.154000,BOT,77,0 days 00:01:09.398000,64.0,2.0,,,0 days 00:00:17.274000,0 days 00:00:31.204000,0 days 00:00:20.920000,0 days 01:47:10.093000,0 days 01:47:41.297000,0 days 01:48:02.217000,290.0,234.0,279.0,287.0,False,HARD,37.0,True,Mercedes,0 days 01:46:52.756000,,1,3.0,,,False,True
0 days 01:49:11.978000,BOT,77,0 days 00:01:09.824000,65.0,2.0,,,0 days 00:00:17.370000,0 days 00:00:31.468000,0 days 00:00:20.986000,0 days 01:48:19.587000,0 days 01:48:51.055000,0 days 01:49:12.041000,286.0,230.0,277.0,284.0,False,HARD,38.0,True,Mercedes,0 days 01:48:02.154000,,1,3.0,,,False,True
0 days 01:50:21.685000,BOT,77,0 days 00:01:09.707000,66.0,2.0,,,0 days 00:00:17.280000,0 days 00:00:31.353000,0 days 00:00:21.074000,0 days 01:49:29.321000,0 days 01:50:00.674000,0 days 01:50:21.748000,291.0,234.0,280.0,289.0,False,HARD,39.0,True,Mercedes,0 days 01:49:11.978000,,1,3.0,,,False,True
0 days 01:51:31.536000,BOT,77,0 days 00:01:09.851000,67.0,2.0,,,0 days 00:00:17.546000,0 days 00:00:31.232000,0 days 00:00:21.073000,0 days 01:50:39.294000,0 days 01:51:10.526000,0 days 01:51:31.599000,286.0,231.0,277.0,286.0,False,HARD,40.0,True,Mercedes,0 days 01:50:21.685000,,1,3.0,,,False,True
0 days 01:52:41.821000,BOT,77,0 days 00:01:10.285000,68.0,2.0,,,0 days 00:00:17.647000,0 days 00:00:31.426000,0 days 00:00:21.212000,0 days 01:51:49.246000,0 days 01:52:20.672000,0 days 01:52:41.884000,283.0,229.0,275.0,281.0,False,HARD,41.0,True,Mercedes,0 days 01:51:31.536000,,1,3.0,,,False,True
0 days 01:53:52.057000,BOT,77,0 days 00:01:10.236000,69.0,2.0,,,0 days 00:00:17.607000,0 days 00:00:31.363000,0 days 00:00:21.266000,0 days 01:52:59.491000,0 days 01:53:30.854000,0 days 01:53:52.120000,286.0,232.0,285.0,289.0,False,HARD,42.0,True,Mercedes,0 days 01:52:41.821000,,1,3.0,,,False,True
0 days 01:55:01.971000,BOT,77,0 days 00:01:09.914000,70.0,2.0,,,0 days 00:00:17.549000,0 days 00:00:31.318000,0 days 00:00:21.047000,0 days 01:54:09.669000,0 days 01:54:40.987000,0 days 01:55:02.034000,284.0,236.0,275.0,283.0,False,HARD,43.0,True,Mercedes,0 days 01:53:52.057000,,1,3.0,,,False,True
0 days 01:56:11.664000,BOT,77,0 days 00:01:09.693000,71.0,2.0,,,0 days 00:00:17.548000,0 days 00:00:31.102000,0 days 00:00:21.043000,0 days 01:55:19.582000,0 days 01:55:50.684000,0 days 01:56:11.727000,284.0,235.0,276.0,286.0,False,HARD,44.0,True,Mercedes,0 days 01:55:01.971000,,1,3.0,,,False,True
0 days 00:34:21.420000,PER,11,0 days 00:01:15.588000,1.0,1.0,,,,0 days 00:00:32.682000,0 days 00:00:21.957000,,0 days 00:33:59.493000,0 days 00:34:21.629000,300.0,221.0,270.0,302.0,False,SOFT,4.0,False,Red Bull Racing,0 days 00:33:05.677000,,12,4.0,,,False,False
0 days 00:35:32.556000,PER,11,0 days 00:01:11.136000,2.0,1.0,,,0 days 00:00:17.677000,0 days 00:00:31.591000,0 days 00:00:21.868000,0 days 00:34:39.099000,0 days 00:35:10.690000,0 days 00:35:32.558000,295.0,226.0,270.0,295.0,True,SOFT,5.0,False,Red Bull Racing,0 days 00:34:21.420000,,1,4.0,,,False,True
0 days 00:36:43.447000,PER,11,0 days 00:01:10.891000,3.0,1.0,,,0 days 00:00:17.707000,0 days 00:00:31.591000,0 days 00:00:21.593000,0 days 00:35:50.265000,0 days 00:36:21.856000,0 days 00:36:43.449000,295.0,226.0,272.0,305.0,True,SOFT,6.0,False,Red Bull Racing,0 days 00:35:32.556000,,1,4.0,,,False,True
0 days 00:37:53.964000,PER,11,0 days 00:01:10.517000,4.0,1.0,,,0 days 00:00:17.416000,0 days 00:00:31.585000,0 days 00:00:21.516000,0 days 00:37:00.865000,0 days 00:37:32.450000,0 days 00:37:53.966000,315.0,226.0,278.0,307.0,True,SOFT,7.0,False,Red Bull Racing,0 days 00:36:43.447000,,1,4.0,,,False,True
0 days 00:39:04.800000,PER,11,0 days 00:01:10.836000,5.0,1.0,,,0 days 00:00:17.297000,0 days 00:00:31.858000,0 days 00:00:21.681000,0 days 00:38:11.263000,0 days 00:38:43.121000,0 days 00:39:04.802000,317.0,226.0,277.0,309.0,False,SOFT,8.0,False,Red Bull Racing,0 days 00:37:53.964000,,1,4.0,,,False,True
0 days 00:40:15.617000,PER,11,0 days 00:01:10.817000,6.0,1.0,,,0 days 00:00:17.567000,0 days 00:00:31.572000,0 days 00:00:21.678000,0 days 00:39:22.369000,0 days 00:39:53.941000,0 days 00:40:15.619000,308.0,225.0,276.0,307.0,False,SOFT,9.0,False,Red Bull Racing,0 days 00:39:04.800000,,1,4.0,,,False,True
0 days 00:41:26.530000,PER,11,0 days 00:01:10.913000,7.0,1.0,,,0 days 00:00:17.424000,0 days 00:00:31.770000,0 days 00:00:21.719000,0 days 00:40:33.043000,0 days 00:41:04.813000,0 days 00:41:26.532000,318.0,224.0,276.0,305.0,False,SOFT,10.0,False,Red Bull Racing,0 days 00:40:15.617000,,1,4.0,,,False,True
0 days 00:42:37.825000,PER,11,0 days 00:01:11.295000,8.0,1.0,,,0 days 00:00:17.388000,0 days 00:00:32.230000,0 days 00:00:21.677000,0 days 00:41:43.920000,0 days 00:42:16.150000,0 days 00:42:37.827000,319.0,225.0,277.0,299.0,False,SOFT,11.0,False,Red Bull Racing,0 days 00:41:26.530000,,1,4.0,,,False,True
0 days 00:43:48.966000,PER,11,0 days 00:01:11.141000,9.0,1.0,,,0 days 00:00:17.439000,0 days 00:00:31.953000,0 days 00:00:21.749000,0 days 00:42:55.266000,0 days 00:43:27.219000,0 days 00:43:48.968000,306.0,223.0,277.0,289.0,False,SOFT,12.0,False,Red Bull Racing,0 days 00:42:37.825000,,1,4.0,,,False,True
0 days 00:44:59.742000,PER,11,0 days 00:01:10.776000,10.0,1.0,,,0 days 00:00:17.459000,0 days 00:00:31.648000,0 days 00:00:21.669000,0 days 00:44:06.427000,0 days 00:44:38.075000,0 days 00:44:59.744000,320.0,226.0,270.0,302.0,False,SOFT,13.0,False,Red Bull Racing,0 days 00:43:48.966000,,1,3.0,,,False,True
0 days 00:46:10.468000,PER,11,0 days 00:01:10.726000,11.0,1.0,,,0 days 00:00:17.753000,0 days 00:00:31.419000,0 days 00:00:21.554000,0 days 00:45:17.497000,0 days 00:45:48.916000,0 days 00:46:10.470000,291.0,230.0,269.0,291.0,False,SOFT,14.0,False,Red Bull Racing,0 days 00:44:59.742000,,1,3.0,,,False,True
0 days 00:47:20.739000,PER,11,0 days 00:01:10.271000,12.0,1.0,,,0 days 00:00:17.763000,0 days 00:00:31.166000,0 days 00:00:21.342000,0 days 00:46:28.233000,0 days 00:46:59.399000,0 days 00:47:20.741000,291.0,232.0,269.0,290.0,True,SOFT,15.0,False,Red Bull Racing,0 days 00:46:10.468000,,1,3.0,,,False,True
0 days 00:48:30.802000,PER,11,0 days 00:01:10.063000,13.0,1.0,,,0 days 00:00:17.759000,0 days 00:00:31.023000,0 days 00:00:21.281000,0 days 00:47:38.500000,0 days 00:48:09.523000,0 days 00:48:30.804000,293.0,230.0,270.0,291.0,True,SOFT,16.0,False,Red Bull Racing,0 days 00:47:20.739000,,1,3.0,,,False,True
0 days 00:49:41.036000,PER,11,0 days 00:01:10.234000,14.0,1.0,,,0 days 00:00:17.732000,0 days 00:00:31.170000,0 days 00:00:21.332000,0 days 00:48:48.536000,0 days 00:49:19.706000,0 days 00:49:41.038000,293.0,231.0,270.0,293.0,False,SOFT,17.0,False,Red Bull Racing,0 days 00:48:30.802000,,1,3.0,,,False,True
0 days 00:50:51.099000,PER,11,0 days 00:01:10.063000,15.0,1.0,,,0 days 00:00:17.646000,0 days 00:00:31.123000,0 days 00:00:21.294000,0 days 00:49:58.684000,0 days 00:50:29.807000,0 days 00:50:51.101000,291.0,230.0,270.0,291.0,False,SOFT,18.0,False,Red Bull Racing,0 days 00:49:41.036000,,1,3.0,,,False,True
0 days 00:52:01.348000,PER,11,0 days 00:01:10.249000,16.0,1.0,,,0 days 00:00:17.658000,0 days 00:00:31.221000,0 days 00:00:21.370000,0 days 00:51:08.759000,0 days 00:51:39.980000,0 days 00:52:01.350000,292.0,231.0,269.0,290.0,False,SOFT,19.0,False,Red Bull Racing,0 days 00:50:51.099000,,1,3.0,,,False,True
0 days 00:53:11.577000,PER,11,0 days 00:01:10.229000,17.0,1.0,,,0 days 00:00:17.688000,0 days 00:00:31.295000,0 days 00:00:21.246000,0 days 00:52:19.038000,0 days 00:52:50.333000,0 days 00:53:11.579000,290.0,230.0,271.0,292.0,False,SOFT,20.0,False,Red Bull Racing,0 days 00:52:01.348000,,1,3.0,,,False,True
0 days 00:54:21.784000,PER,11,0 days 00:01:10.207000,18.0,1.0,,,0 days 00:00:17.684000,0 days 00:00:31.300000,0 days 00:00:21.223000,0 days 00:53:29.263000,0 days 00:54:00.563000,0 days 00:54:21.786000,294.0,230.0,270.0,293.0,False,SOFT,21.0,False,Red Bull Racing,0 days 00:53:11.577000,,1,3.0,,,False,True
0 days 00:55:32.133000,PER,11,0 days 00:01:10.349000,19.0,1.0,,,0 days 00:00:17.732000,0 days 00:00:31.293000,0 days 00:00:21.324000,0 days 00:54:39.518000,0 days 00:55:10.811000,0 days 00:55:32.135000,295.0,230.0,268.0,296.0,False,SOFT,22.0,False,Red Bull Racing,0 days 00:54:21.784000,,1,3.0,,,False,True
0 days 00:56:42.587000,PER,11,0 days 00:01:10.454000,20.0,1.0,,,0 days 00:00:17.697000,0 days 00:00:31.303000,0 days 00:00:21.454000,0 days 00:55:49.832000,0 days 00:56:21.135000,0 days 00:56:42.589000,292.0,232.0,269.0,293.0,False,SOFT,23.0,False,Red Bull Racing,0 days 00:55:32.133000,,1,3.0,,,False,True
0 days 00:57:52.942000,PER,11,0 days 00:01:10.355000,21.0,1.0,,,0 days 00:00:17.749000,0 days 00:00:31.251000,0 days 00:00:21.355000,0 days 00:57:00.338000,0 days 00:57:31.589000,0 days 00:57:52.944000,292.0,229.0,269.0,292.0,False,SOFT,24.0,False,Red Bull Racing,0 days 00:56:42.587000,,1,3.0,,,False,True
0 days 00:59:03.160000,PER,11,0 days 00:01:10.218000,22.0,1.0,,,0 days 00:00:17.649000,0 days 00:00:31.182000,0 days 00:00:21.387000,0 days 00:58:10.593000,0 days 00:58:41.775000,0 days 00:59:03.162000,292.0,229.0,269.0,290.0,False,SOFT,25.0,False,Red Bull Racing,0 days 00:57:52.942000,,1,3.0,,,False,True
0 days 01:00:13.339000,PER,11,0 days 00:01:10.179000,23.0,1.0,,,0 days 00:00:17.695000,0 days 00:00:31.167000,0 days 00:00:21.317000,0 days 00:59:20.857000,0 days 00:59:52.024000,0 days 01:00:13.341000,297.0,232.0,270.0,307.0,False,SOFT,26.0,False,Red Bull Racing,0 days 00:59:03.160000,,1,3.0,,,False,True
0 days 01:01:23.937000,PER,11,0 days 00:01:10.598000,24.0,1.0,,,0 days 00:00:17.686000,0 days 00:00:31.389000,0 days 00:00:21.523000,0 days 01:00:31.027000,0 days 01:01:02.416000,0 days 01:01:23.939000,292.0,227.0,270.0,290.0,False,SOFT,27.0,False,Red Bull Racing,0 days 01:00:13.339000,,1,3.0,,,False,True
0 days 01:02:34.741000,PER,11,0 days 00:01:10.804000,25.0,1.0,,,0 days 00:00:17.701000,0 days 00:00:31.447000,0 days 00:00:21.656000,0 days 01:01:41.640000,0 days 01:02:13.087000,0 days 01:02:34.743000,292.0,226.0,270.0,291.0,False,SOFT,28.0,False,Red Bull Racing,0 days 01:01:23.937000,,1,3.0,,,False,True
0 days 01:03:49.818000,PER,11,0 days 00:01:15.077000,26.0,1.0,,0 days 01:03:47.165000,0 days 00:00:17.839000,0 days 00:00:31.667000,0 days 00:00:25.571000,0 days 01:02:52.582000,0 days 01:03:24.249000,0 days 01:03:49.820000,292.0,225.0,,291.0,False,SOFT,29.0,False,Red Bull Racing,0 days 01:02:34.741000,,1,4.0,,,False,False
0 days 01:05:18.097000,PER,11,0 days 00:01:28.279000,27.0,2.0,0 days 01:04:10.147000,,0 days 00:00:36.586000,0 days 00:00:30.781000,0 days 00:00:20.912000,0 days 01:04:26.406000,0 days 01:04:57.187000,0 days 01:05:18.099000,292.0,234.0,272.0,294.0,False,HARD,1.0,True,Red Bull Racing,0 days 01:03:49.818000,,1,5.0,,,False,False
0 days 01:06:27.748000,PER,11,0 days 00:01:09.651000,28.0,2.0,,,0 days 00:00:17.316000,0 days 00:00:31.186000,0 days 00:00:21.149000,0 days 01:05:35.415000,0 days 01:06:06.601000,0 days 01:06:27.750000,296.0,232.0,271.0,309.0,True,HARD,2.0,True,Red Bull Racing,0 days 01:05:18.097000,,1,5.0,,,False,True
0 days 01:07:37.350000,PER,11,0 days 00:01:09.602000,29.0,2.0,,,0 days 00:00:17.476000,0 days 00:00:31.061000,0 days 00:00:21.065000,0 days 01:06:45.226000,0 days 01:07:16.287000,0 days 01:07:37.352000,298.0,232.0,274.0,294.0,True,HARD,3.0,True,Red Bull Racing,0 days 01:06:27.748000,,1,5.0,,,False,True
0 days 01:08:46.969000,PER,11,0 days 00:01:09.619000,30.0,2.0,,,0 days 00:00:17.475000,0 days 00:00:31.034000,0 days 00:00:21.110000,0 days 01:07:54.827000,0 days 01:08:25.861000,0 days 01:08:46.971000,295.0,232.0,273.0,296.0,False,HARD,4.0,True,Red Bull Racing,0 days 01:07:37.350000,,1,5.0,,,False,True
0 days 01:09:56.636000,PER,11,0 days 00:01:09.667000,31.0,2.0,,,0 days 00:00:17.500000,0 days 00:00:31.009000,0 days 00:00:21.158000,0 days 01:09:04.471000,0 days 01:09:35.480000,0 days 01:09:56.638000,297.0,231.0,273.0,297.0,False,HARD,5.0,True,Red Bull Racing,0 days 01:08:46.969000,,1,4.0,,,False,True
0 days 01:11:05.833000,PER,11,0 days 00:01:09.197000,32.0,2.0,,,0 days 00:00:17.366000,0 days 00:00:30.872000,0 days 00:00:20.959000,0 days 01:10:14.004000,0 days 01:10:44.876000,0 days 01:11:05.835000,296.0,232.0,274.0,295.0,True,HARD,6.0,True,Red Bull Racing,0 days 01:09:56.636000,,1,4.0,,,False,True
0 days 01:12:15.426000,PER,11,0 days 00:01:09.593000,33.0,2.0,,,0 days 00:00:17.471000,0 days 00:00:30.795000,0 days 00:00:21.327000,0 days 01:11:23.306000,0 days 01:11:54.101000,0 days 01:12:15.428000,296.0,234.0,279.0,296.0,False,HARD,7.0,True,Red Bull Racing,0 days 01:11:05.833000,,1,4.0,,,False,True
0 days 01:13:24.600000,PER,11,0 days 00:01:09.174000,34.0,2.0,,,0 days 00:00:17.240000,0 days 00:00:30.926000,0 days 00:00:21.008000,0 days 01:12:32.668000,0 days 01:13:03.594000,0 days 01:13:24.602000,316.0,234.0,273.0,293.0,True,HARD,8.0,True,Red Bull Racing,0 days 01:12:15.426000,,1,4.0,,,False,True
0 days 01:14:33.884000,PER,11,0 days 00:01:09.284000,35.0,2.0,,,0 days 00:00:17.437000,0 days 00:00:30.853000,0 days 00:00:20.994000,0 days 01:13:42.039000,0 days 01:14:12.892000,0 days 01:14:33.886000,294.0,234.0,273.0,293.0,False,HARD,9.0,True,Red Bull Racing,0 days 01:13:24.600000,,1,4.0,,,False,True
0 days 01:15:42.997000,PER,11,0 days 00:01:09.113000,36.0,2.0,,,0 days 00:00:17.444000,0 days 00:00:30.809000,0 days 00:00:20.860000,0 days 01:14:51.330000,0 days 01:15:22.139000,0 days 01:15:42.999000,294.0,234.0,275.0,293.0,True,HARD,10.0,True,Red Bull Racing,0 days 01:14:33.884000,,1,4.0,,,False,True
0 days 01:16:52.026000,PER,11,0 days 00:01:09.029000,37.0,2.0,,,0 days 00:00:17.406000,0 days 00:00:30.653000,0 days 00:00:20.970000,0 days 01:16:00.405000,0 days 01:16:31.058000,0 days 01:16:52.028000,296.0,234.0,273.0,294.0,True,HARD,11.0,True,Red Bull Racing,0 days 01:15:42.997000,,1,4.0,,,False,True
0 days 01:18:00.848000,PER,11,0 days 00:01:08.822000,38.0,2.0,,,0 days 00:00:17.388000,0 days 00:00:30.621000,0 days 00:00:20.813000,0 days 01:17:09.416000,0 days 01:17:40.037000,0 days 01:18:00.850000,295.0,235.0,275.0,294.0,True,HARD,12.0,True,Red Bull Racing,0 days 01:16:52.026000,,1,4.0,,,False,True
0 days 01:19:09.857000,PER,11,0 days 00:01:09.009000,39.0,2.0,,,0 days 00:00:17.427000,0 days 00:00:30.596000,0 days 00:00:20.986000,0 days 01:18:18.277000,0 days 01:18:48.873000,0 days 01:19:09.859000,295.0,236.0,273.0,294.0,False,HARD,13.0,True,Red Bull Racing,0 days 01:18:00.848000,,1,4.0,,,False,True
0 days 01:20:18.799000,PER,11,0 days 00:01:08.942000,40.0,2.0,,,0 days 00:00:17.376000,0 days 00:00:30.728000,0 days 00:00:20.838000,0 days 01:19:27.235000,0 days 01:19:57.963000,0 days 01:20:18.801000,294.0,235.0,274.0,295.0,False,HARD,14.0,True,Red Bull Racing,0 days 01:19:09.857000,,1,4.0,,,False,True
0 days 01:21:27.665000,PER,11,0 days 00:01:08.866000,41.0,2.0,,,0 days 00:00:17.435000,0 days 00:00:30.623000,0 days 00:00:20.808000,0 days 01:20:36.236000,0 days 01:21:06.859000,0 days 01:21:27.667000,294.0,235.0,274.0,294.0,False,HARD,15.0,True,Red Bull Racing,0 days 01:20:18.799000,,1,4.0,,,False,True
0 days 01:22:36.367000,PER,11,0 days 00:01:08.702000,42.0,2.0,,,0 days 00:00:17.388000,0 days 00:00:30.558000,0 days 00:00:20.756000,0 days 01:21:45.055000,0 days 01:22:15.613000,0 days 01:22:36.369000,293.0,234.0,274.0,296.0,True,HARD,16.0,True,Red Bull Racing,0 days 01:21:27.665000,,1,4.0,,,False,True
0 days 01:23:45.179000,PER,11,0 days 00:01:08.812000,43.0,2.0,,,0 days 00:00:17.331000,0 days 00:00:30.653000,0 days 00:00:20.828000,0 days 01:22:53.700000,0 days 01:23:24.353000,0 days 01:23:45.181000,295.0,233.0,273.0,296.0,False,HARD,17.0,True,Red Bull Racing,0 days 01:22:36.367000,,1,4.0,,,False,True
0 days 01:24:54.039000,PER,11,0 days 00:01:08.860000,44.0,2.0,,,0 days 00:00:17.349000,0 days 00:00:30.699000,0 days 00:00:20.812000,0 days 01:24:02.530000,0 days 01:24:33.229000,0 days 01:24:54.041000,296.0,235.0,275.0,295.0,False,HARD,18.0,True,Red Bull Racing,0 days 01:23:45.179000,,1,4.0,,,False,True
0 days 01:26:02.965000,PER,11,0 days 00:01:08.926000,45.0,2.0,,,0 days 00:00:17.417000,0 days 00:00:30.678000,0 days 00:00:20.831000,0 days 01:25:11.458000,0 days 01:25:42.136000,0 days 01:26:02.967000,296.0,236.0,275.0,295.0,False,HARD,19.0,True,Red Bull Racing,0 days 01:24:54.039000,,1,4.0,,,False,True
0 days 01:27:12.146000,PER,11,0 days 00:01:09.181000,46.0,2.0,,,0 days 00:00:17.438000,0 days 00:00:30.820000,0 days 00:00:20.923000,0 days 01:26:20.405000,0 days 01:26:51.225000,0 days 01:27:12.148000,296.0,235.0,275.0,296.0,False,HARD,20.0,True,Red Bull Racing,0 days 01:26:02.965000,,1,4.0,,,False,True
0 days 01:28:21.314000,PER,11,0 days 00:01:09.168000,47.0,2.0,,,0 days 00:00:17.328000,0 days 00:00:30.843000,0 days 00:00:20.997000,0 days 01:27:29.476000,0 days 01:28:00.319000,0 days 01:28:21.316000,296.0,230.0,285.0,297.0,False,HARD,21.0,True,Red Bull Racing,0 days 01:27:12.146000,,1,4.0,,,False,True
0 days 01:29:30.509000,PER,11,0 days 00:01:09.195000,48.0,2.0,,,0 days 00:00:17.260000,0 days 00:00:31.040000,0 days 00:00:20.895000,0 days 01:28:38.576000,0 days 01:29:09.616000,0 days 01:29:30.511000,296.0,233.0,277.0,298.0,False,HARD,22.0,True,Red Bull Racing,0 days 01:28:21.314000,,1,4.0,,,False,True
0 days 01:30:39.590000,PER,11,0 days 00:01:09.081000,49.0,2.0,,,0 days 00:00:17.398000,0 days 00:00:30.776000,0 days 00:00:20.907000,0 days 01:29:47.909000,0 days 01:30:18.685000,0 days 01:30:39.592000,293.0,232.0,276.0,298.0,False,HARD,23.0,True,Red Bull Racing,0 days 01:29:30.509000,,1,4.0,,,False,True
0 days 01:31:48.817000,PER,11,0 days 00:01:09.227000,50.0,2.0,,,0 days 00:00:17.374000,0 days 00:00:30.923000,0 days 00:00:20.930000,0 days 01:30:56.966000,0 days 01:31:27.889000,0 days 01:31:48.819000,295.0,234.0,275.0,295.0,False,HARD,24.0,True,Red Bull Racing,0 days 01:30:39.590000,,1,4.0,,,False,True
0 days 01:32:58.211000,PER,11,0 days 00:01:09.394000,51.0,2.0,,,0 days 00:00:17.356000,0 days 00:00:31.117000,0 days 00:00:20.921000,0 days 01:32:06.175000,0 days 01:32:37.292000,0 days 01:32:58.213000,297.0,235.0,276.0,291.0,False,HARD,25.0,True,Red Bull Racing,0 days 01:31:48.817000,,1,4.0,,,False,True
0 days 01:34:07.652000,PER,11,0 days 00:01:09.441000,52.0,2.0,,,0 days 00:00:17.373000,0 days 00:00:31.148000,0 days 00:00:20.920000,0 days 01:33:15.586000,0 days 01:33:46.734000,0 days 01:34:07.654000,299.0,232.0,276.0,296.0,False,HARD,26.0,True,Red Bull Racing,0 days 01:32:58.211000,,1,4.0,,,False,True
0 days 01:35:17.217000,PER,11,0 days 00:01:09.565000,53.0,2.0,,,0 days 00:00:17.236000,0 days 00:00:31.127000,0 days 00:00:21.202000,0 days 01:34:24.890000,0 days 01:34:56.017000,0 days 01:35:17.219000,300.0,233.0,274.0,296.0,False,HARD,27.0,True,Red Bull Racing,0 days 01:34:07.652000,,1,4.0,,,False,True
0 days 01:36:30.447000,PER,11,0 days 00:01:13.230000,54.0,2.0,,0 days 01:36:27.195000,0 days 00:00:17.566000,0 days 00:00:30.920000,0 days 00:00:24.744000,0 days 01:35:34.785000,0 days 01:36:05.705000,0 days 01:36:30.449000,301.0,231.0,,297.0,False,HARD,28.0,True,Red Bull Racing,0 days 01:35:17.217000,,1,4.0,,,False,False
0 days 01:37:54.929000,PER,11,0 days 00:01:24.482000,55.0,3.0,0 days 01:36:48.167000,,0 days 00:00:33.694000,0 days 00:00:30.211000,0 days 00:00:20.577000,0 days 01:37:04.143000,0 days 01:37:34.354000,0 days 01:37:54.931000,295.0,239.0,275.0,290.0,False,MEDIUM,1.0,True,Red Bull Racing,0 days 01:36:30.447000,,1,4.0,,,False,False
0 days 01:39:02.978000,PER,11,0 days 00:01:08.049000,56.0,3.0,,,0 days 00:00:17.332000,0 days 00:00:30.112000,0 days 00:00:20.605000,0 days 01:38:12.263000,0 days 01:38:42.375000,0 days 01:39:02.980000,295.0,238.0,275.0,291.0,True,MEDIUM,2.0,True,Red Bull Racing,0 days 01:37:54.929000,,1,4.0,,,False,True
0 days 01:40:10.872000,PER,11,0 days 00:01:07.894000,57.0,3.0,,,0 days 00:00:17.171000,0 days 00:00:30.189000,0 days 00:00:20.534000,0 days 01:39:20.151000,0 days 01:39:50.340000,0 days 01:40:10.874000,296.0,239.0,277.0,292.0,True,MEDIUM,3.0,True,Red Bull Racing,0 days 01:39:02.978000,,1,4.0,,,False,True
0 days 01:41:19.075000,PER,11,0 days 00:01:08.203000,58.0,3.0,,,0 days 00:00:17.212000,0 days 00:00:30.322000,0 days 00:00:20.669000,0 days 01:40:28.086000,0 days 01:40:58.408000,0 days 01:41:19.077000,299.0,238.0,277.0,293.0,False,MEDIUM,4.0,True,Red Bull Racing,0 days 01:40:10.872000,,1,4.0,,,False,True
0 days 01:42:27.567000,PER,11,0 days 00:01:08.492000,59.0,3.0,,,0 days 00:00:17.179000,0 days 00:00:30.603000,0 days 00:00:20.710000,0 days 01:41:36.256000,0 days 01:42:06.859000,0 days 01:42:27.569000,301.0,237.0,285.0,295.0,False,MEDIUM,5.0,True,Red Bull Racing,0 days 01:41:19.075000,,1,4.0,,,False,True
0 days 01:43:36.134000,PER,11,0 days 00:01:08.567000,60.0,3.0,,,0 days 00:00:17.243000,0 days 00:00:30.596000,0 days 00:00:20.728000,0 days 01:42:44.812000,0 days 01:43:15.408000,0 days 01:43:36.136000,294.0,236.0,274.0,289.0,False,MEDIUM,6.0,True,Red Bull Racing,0 days 01:42:27.567000,,1,4.0,,,False,True
0 days 01:44:45.476000,PER,11,0 days 00:01:09.342000,61.0,3.0,,,0 days 00:00:17.382000,0 days 00:00:30.592000,0 days 00:00:21.368000,0 days 01:43:53.518000,0 days 01:44:24.110000,0 days 01:44:45.478000,293.0,235.0,283.0,292.0,False,MEDIUM,7.0,True,Red Bull Racing,0 days 01:43:36.134000,,1,4.0,,,False,True
0 days 01:45:53.463000,PER,11,0 days 00:01:07.987000,62.0,3.0,,,0 days 00:00:16.926000,0 days 00:00:30.364000,0 days 00:00:20.697000,0 days 01:45:02.404000,0 days 01:45:32.768000,0 days 01:45:53.465000,312.0,237.0,276.0,290.0,False,MEDIUM,8.0,True,Red Bull Racing,0 days 01:44:45.476000,,1,4.0,,,False,True
0 days 01:47:02.204000,PER,11,0 days 00:01:08.741000,63.0,3.0,,,0 days 00:00:17.371000,0 days 00:00:30.622000,0 days 00:00:20.748000,0 days 01:46:10.836000,0 days 01:46:41.458000,0 days 01:47:02.206000,291.0,236.0,276.0,287.0,False,MEDIUM,9.0,True,Red Bull Racing,0 days 01:45:53.463000,,1,4.0,,,False,True
0 days 01:48:10.721000,PER,11,0 days 00:01:08.517000,64.0,3.0,,,0 days 00:00:17.304000,0 days 00:00:30.502000,0 days 00:00:20.711000,0 days 01:47:19.510000,0 days 01:47:50.012000,0 days 01:48:10.723000,294.0,238.0,277.0,291.0,False,MEDIUM,10.0,True,Red Bull Racing,0 days 01:47:02.204000,,1,4.0,,,False,True
0 days 01:49:20.044000,PER,11,0 days 00:01:09.323000,65.0,3.0,,,0 days 00:00:17.332000,0 days 00:00:30.654000,0 days 00:00:21.337000,0 days 01:48:28.055000,0 days 01:48:58.709000,0 days 01:49:20.046000,292.0,235.0,276.0,293.0,False,MEDIUM,11.0,True,Red Bull Racing,0 days 01:48:10.721000,,1,4.0,,,False,True
0 days 01:50:28.627000,PER,11,0 days 00:01:08.583000,66.0,3.0,,,0 days 00:00:17.262000,0 days 00:00:30.612000,0 days 00:00:20.709000,0 days 01:49:37.308000,0 days 01:50:07.920000,0 days 01:50:28.629000,293.0,236.0,277.0,291.0,False,MEDIUM,12.0,True,Red Bull Racing,0 days 01:49:20.044000,,1,4.0,,,False,True
0 days 01:51:37.567000,PER,11,0 days 00:01:08.940000,67.0,3.0,,,0 days 00:00:17.357000,0 days 00:00:30.699000,0 days 00:00:20.884000,0 days 01:50:45.986000,0 days 01:51:16.685000,0 days 01:51:37.569000,293.0,236.0,279.0,294.0,False,MEDIUM,13.0,True,Red Bull Racing,0 days 01:50:28.627000,,1,4.0,,,False,True
0 days 01:52:45.849000,PER,11,0 days 00:01:08.282000,68.0,3.0,,,0 days 00:00:17.109000,0 days 00:00:30.472000,0 days 00:00:20.701000,0 days 01:51:54.678000,0 days 01:52:25.150000,0 days 01:52:45.851000,308.0,238.0,277.0,289.0,False,MEDIUM,14.0,True,Red Bull Racing,0 days 01:51:37.567000,,1,4.0,,,False,True
0 days 01:53:54.434000,PER,11,0 days 00:01:08.585000,69.0,3.0,,,0 days 00:00:17.299000,0 days 00:00:30.579000,0 days 00:00:20.707000,0 days 01:53:03.150000,0 days 01:53:33.729000,0 days 01:53:54.436000,295.0,236.0,282.0,292.0,False,MEDIUM,15.0,True,Red Bull Racing,0 days 01:52:45.849000,,1,4.0,,,False,True
0 days 01:55:03.319000,PER,11,0 days 00:01:08.885000,70.0,3.0,,,0 days 00:00:17.150000,0 days 00:00:30.991000,0 days 00:00:20.744000,0 days 01:54:11.586000,0 days 01:54:42.577000,0 days 01:55:03.321000,302.0,238.0,278.0,298.0,False,MEDIUM,16.0,True,Red Bull Racing,0 days 01:53:54.434000,,1,4.0,,,False,True
0 days 01:56:12.191000,PER,11,0 days 00:01:08.872000,71.0,3.0,,,0 days 00:00:17.268000,0 days 00:00:30.771000,0 days 00:00:20.833000,0 days 01:55:20.589000,0 days 01:55:51.360000,0 days 01:56:12.193000,303.0,235.0,286.0,316.0,False,MEDIUM,17.0,True,Red Bull Racing,0 days 01:55:03.319000,,1,4.0,,,False,True
0 days 00:34:20.604000,NOR,4,0 days 00:01:14.772000,1.0,1.0,,,,0 days 00:00:32.302000,0 days 00:00:21.555000,,0 days 00:33:59.073000,0 days 00:34:20.800000,299.0,226.0,271.0,298.0,False,SOFT,4.0,False,McLaren,0 days 00:33:05.677000,,12,3.0,,,False,False
0 days 00:35:31.717000,NOR,4,0 days 00:01:11.113000,2.0,1.0,,,0 days 00:00:17.790000,0 days 00:00:31.627000,0 days 00:00:21.696000,0 days 00:34:38.405000,0 days 00:35:10.032000,0 days 00:35:31.728000,285.0,227.0,266.0,293.0,True,SOFT,5.0,False,McLaren,0 days 00:34:20.604000,,1,3.0,,,False,True
0 days 00:36:42.485000,NOR,4,0 days 00:01:10.768000,3.0,1.0,,,0 days 00:00:17.889000,0 days 00:00:31.399000,0 days 00:00:21.480000,0 days 00:35:49.617000,0 days 00:36:21.016000,0 days 00:36:42.496000,285.0,227.0,271.0,290.0,True,SOFT,6.0,False,McLaren,0 days 00:35:31.717000,,1,3.0,,,False,True
0 days 00:37:53.216000,NOR,4,0 days 00:01:10.731000,4.0,1.0,,,0 days 00:00:17.801000,0 days 00:00:31.468000,0 days 00:00:21.462000,0 days 00:37:00.297000,0 days 00:37:31.765000,0 days 00:37:53.227000,285.0,224.0,271.0,292.0,True,SOFT,7.0,False,McLaren,0 days 00:36:42.485000,,1,3.0,,,False,True
0 days 00:39:03.858000,NOR,4,0 days 00:01:10.642000,5.0,1.0,,,0 days 00:00:17.671000,0 days 00:00:31.600000,0 days 00:00:21.371000,0 days 00:38:10.898000,0 days 00:38:42.498000,0 days 00:39:03.869000,285.0,226.0,271.0,289.0,True,SOFT,8.0,False,McLaren,0 days 00:37:53.216000,,1,3.0,,,False,True
0 days 00:40:14.829000,NOR,4,0 days 00:01:10.971000,6.0,1.0,,,0 days 00:00:17.714000,0 days 00:00:31.770000,0 days 00:00:21.487000,0 days 00:39:21.583000,0 days 00:39:53.353000,0 days 00:40:14.840000,289.0,224.0,268.0,290.0,False,SOFT,9.0,False,McLaren,0 days 00:39:03.858000,,1,3.0,,,False,True
0 days 00:41:25.816000,NOR,4,0 days 00:01:10.987000,7.0,1.0,,,0 days 00:00:17.764000,0 days 00:00:31.645000,0 days 00:00:21.578000,0 days 00:40:32.604000,0 days 00:41:04.249000,0 days 00:41:25.827000,291.0,225.0,270.0,292.0,False,SOFT,10.0,False,McLaren,0 days 00:40:14.829000,,1,3.0,,,False,True
0 days 00:42:37.019000,NOR,4,0 days 00:01:11.203000,8.0,1.0,,,0 days 00:00:17.772000,0 days 00:00:31.897000,0 days 00:00:21.534000,0 days 00:41:43.599000,0 days 00:42:15.496000,0 days 00:42:37.030000,284.0,224.0,271.0,290.0,False,SOFT,11.0,False,McLaren,0 days 00:41:25.816000,,1,3.0,,,False,True
0 days 00:43:48.165000,NOR,4,0 days 00:01:11.146000,9.0,1.0,,,0 days 00:00:17.781000,0 days 00:00:31.817000,0 days 00:00:21.548000,0 days 00:42:54.811000,0 days 00:43:26.628000,0 days 00:43:48.176000,291.0,227.0,268.0,299.0,False,SOFT,12.0,False,McLaren,0 days 00:42:37.019000,,1,3.0,,,False,True
0 days 00:45:00.947000,NOR,4,0 days 00:01:12.782000,10.0,1.0,,,0 days 00:00:17.910000,0 days 00:00:32.667000,0 days 00:00:22.205000,0 days 00:44:06.086000,0 days 00:44:38.753000,0 days 00:45:00.958000,289.0,224.0,266.0,297.0,False,SOFT,13.0,False,McLaren,0 days 00:43:48.165000,,1,4.0,,,False,True
0 days 00:46:13.932000,NOR,4,0 days 00:01:12.985000,11.0,1.0,,,0 days 00:00:18.065000,0 days 00:00:32.797000,0 days 00:00:22.123000,0 days 00:45:19.023000,0 days 00:45:51.820000,0 days 00:46:13.943000,285.0,222.0,274.0,289.0,False,SOFT,14.0,False,McLaren,0 days 00:45:00.947000,,1,5.0,,,False,True
0 days 00:47:25.586000,NOR,4,0 days 00:01:11.654000,12.0,1.0,,,0 days 00:00:17.801000,0 days 00:00:32.104000,0 days 00:00:21.749000,0 days 00:46:31.744000,0 days 00:47:03.848000,0 days 00:47:25.597000,292.0,226.0,272.0,291.0,False,SOFT,15.0,False,McLaren,0 days 00:46:13.932000,,1,5.0,,,False,True
0 days 00:48:36.795000,NOR,4,0 days 00:01:11.209000,13.0,1.0,,,0 days 00:00:17.785000,0 days 00:00:31.800000,0 days 00:00:21.624000,0 days 00:47:43.382000,0 days 00:48:15.182000,0 days 00:48:36.806000,289.0,225.0,272.0,291.0,False,SOFT,16.0,False,McLaren,0 days 00:47:25.586000,,1,5.0,,,False,True
0 days 00:49:47.922000,NOR,4,0 days 00:01:11.127000,14.0,1.0,,,0 days 00:00:17.824000,0 days 00:00:31.791000,0 days 00:00:21.512000,0 days 00:48:54.630000,0 days 00:49:26.421000,0 days 00:49:47.933000,287.0,229.0,271.0,291.0,False,SOFT,17.0,False,McLaren,0 days 00:48:36.795000,,1,5.0,,,False,True
0 days 00:50:58.932000,NOR,4,0 days 00:01:11.010000,15.0,1.0,,,0 days 00:00:17.862000,0 days 00:00:31.673000,0 days 00:00:21.475000,0 days 00:50:05.795000,0 days 00:50:37.468000,0 days 00:50:58.943000,284.0,230.0,271.0,291.0,False,SOFT,18.0,False,McLaren,0 days 00:49:47.922000,,1,5.0,,,False,True
0 days 00:52:09.978000,NOR,4,0 days 00:01:11.046000,16.0,1.0,,,0 days 00:00:17.884000,0 days 00:00:31.705000,0 days 00:00:21.457000,0 days 00:51:16.827000,0 days 00:51:48.532000,0 days 00:52:09.989000,286.0,227.0,272.0,290.0,False,SOFT,19.0,False,McLaren,0 days 00:50:58.932000,,1,5.0,,,False,True
0 days 00:53:20.810000,NOR,4,0 days 00:01:10.832000,17.0,1.0,,,0 days 00:00:17.852000,0 days 00:00:31.540000,0 days 00:00:21.440000,0 days 00:52:27.841000,0 days 00:52:59.381000,0 days 00:53:20.821000,282.0,228.0,272.0,290.0,False,SOFT,20.0,False,McLaren,0 days 00:52:09.978000,,1,5.0,,,False,True
0 days 00:54:31.727000,NOR,4,0 days 00:01:10.917000,18.0,1.0,,,0 days 00:00:17.880000,0 days 00:00:31.673000,0 days 00:00:21.364000,0 days 00:53:38.701000,0 days 00:54:10.374000,0 days 00:54:31.738000,285.0,229.0,272.0,291.0,False,SOFT,21.0,False,McLaren,0 days 00:53:20.810000,,1,5.0,,,False,True
0 days 00:55:42.460000,NOR,4,0 days 00:01:10.733000,19.0,1.0,,,0 days 00:00:17.822000,0 days 00:00:31.527000,0 days 00:00:21.384000,0 days 00:54:49.560000,0 days 00:55:21.087000,0 days 00:55:42.471000,285.0,228.0,270.0,292.0,False,SOFT,22.0,False,McLaren,0 days 00:54:31.727000,,1,5.0,,,False,True
0 days 00:56:53.374000,NOR,4,0 days 00:01:10.914000,20.0,1.0,,,0 days 00:00:17.797000,0 days 00:00:31.738000,0 days 00:00:21.379000,0 days 00:56:00.268000,0 days 00:56:32.006000,0 days 00:56:53.385000,285.0,228.0,271.0,289.0,False,SOFT,23.0,False,McLaren,0 days 00:55:42.460000,,1,5.0,,,False,True
0 days 00:58:04.232000,NOR,4,0 days 00:01:10.858000,21.0,1.0,,,0 days 00:00:17.758000,0 days 00:00:31.656000,0 days 00:00:21.444000,0 days 00:57:11.143000,0 days 00:57:42.799000,0 days 00:58:04.243000,284.0,227.0,271.0,289.0,False,SOFT,24.0,False,McLaren,0 days 00:56:53.374000,,1,5.0,,,False,True
0 days 00:59:14.956000,NOR,4,0 days 00:01:10.724000,22.0,1.0,,,0 days 00:00:17.717000,0 days 00:00:31.582000,0 days 00:00:21.425000,0 days 00:58:21.960000,0 days 00:58:53.542000,0 days 00:59:14.967000,284.0,227.0,271.0,287.0,False,SOFT,25.0,False,McLaren,0 days 00:58:04.232000,,1,5.0,,,False,True
0 days 01:00:25.745000,NOR,4,0 days 00:01:10.789000,23.0,1.0,,,0 days 00:00:17.844000,0 days 00:00:31.501000,0 days 00:00:21.444000,0 days 00:59:32.811000,0 days 01:00:04.312000,0 days 01:00:25.756000,285.0,230.0,271.0,287.0,False,SOFT,26.0,False,McLaren,0 days 00:59:14.956000,,1,5.0,,,False,True
0 days 01:01:36.571000,NOR,4,0 days 00:01:10.826000,24.0,1.0,,,0 days 00:00:17.755000,0 days 00:00:31.604000,0 days 00:00:21.467000,0 days 01:00:43.511000,0 days 01:01:15.115000,0 days 01:01:36.582000,284.0,225.0,271.0,286.0,False,SOFT,27.0,False,McLaren,0 days 01:00:25.745000,,1,5.0,,,False,True
0 days 01:02:47.478000,NOR,4,0 days 00:01:10.907000,25.0,1.0,,,0 days 00:00:17.827000,0 days 00:00:31.577000,0 days 00:00:21.503000,0 days 01:01:54.409000,0 days 01:02:25.986000,0 days 01:02:47.489000,281.0,228.0,270.0,287.0,False,SOFT,28.0,False,McLaren,0 days 01:01:36.571000,,1,5.0,,,False,True
0 days 01:03:58.411000,NOR,4,0 days 00:01:10.933000,26.0,1.0,,,0 days 00:00:17.789000,0 days 00:00:31.644000,0 days 00:00:21.500000,0 days 01:03:05.278000,0 days 01:03:36.922000,0 days 01:03:58.422000,283.0,228.0,272.0,288.0,False,SOFT,29.0,False,McLaren,0 days 01:02:47.478000,,1,5.0,,,False,True
0 days 01:05:09.276000,NOR,4,0 days 00:01:10.865000,27.0,1.0,,,0 days 00:00:17.726000,0 days 00:00:31.682000,0 days 00:00:21.457000,0 days 01:04:16.148000,0 days 01:04:47.830000,0 days 01:05:09.287000,284.0,227.0,271.0,287.0,False,SOFT,30.0,False,McLaren,0 days 01:03:58.411000,,1,4.0,,,False,True
0 days 01:06:20.168000,NOR,4,0 days 00:01:10.892000,28.0,1.0,,,0 days 00:00:17.777000,0 days 00:00:31.620000,0 days 00:00:21.495000,0 days 01:05:27.064000,0 days 01:05:58.684000,0 days 01:06:20.179000,284.0,225.0,270.0,287.0,False,SOFT,31.0,False,McLaren,0 days 01:05:09.276000,,1,3.0,,,False,True
0 days 01:07:31.264000,NOR,4,0 days 00:01:11.096000,29.0,1.0,,,0 days 00:00:17.763000,0 days 00:00:31.768000,0 days 00:00:21.565000,0 days 01:06:37.942000,0 days 01:07:09.710000,0 days 01:07:31.275000,286.0,226.0,271.0,288.0,False,SOFT,32.0,False,McLaren,0 days 01:06:20.168000,,1,3.0,,,False,True
0 days 01:08:42.332000,NOR,4,0 days 00:01:11.068000,30.0,1.0,,,0 days 00:00:17.739000,0 days 00:00:31.799000,0 days 00:00:21.530000,0 days 01:07:49.014000,0 days 01:08:20.813000,0 days 01:08:42.343000,287.0,229.0,272.0,290.0,False,SOFT,33.0,False,McLaren,0 days 01:07:31.264000,,1,3.0,,,False,True
0 days 01:09:57.002000,NOR,4,0 days 00:01:14.670000,31.0,1.0,,0 days 01:09:53.727000,0 days 00:00:17.740000,0 days 00:00:31.746000,0 days 00:00:25.184000,0 days 01:09:00.083000,0 days 01:09:31.829000,0 days 01:09:57.013000,285.0,227.0,,290.0,False,SOFT,34.0,False,McLaren,0 days 01:08:42.332000,,1,5.0,,,False,False
0 days 01:11:26.167000,NOR,4,0 days 00:01:29.165000,32.0,2.0,0 days 01:10:15.658000,,0 days 00:00:35.068000,0 days 00:00:31.863000,0 days 00:00:22.234000,0 days 01:10:32.081000,0 days 01:11:03.944000,0 days 01:11:26.178000,294.0,221.0,271.0,304.0,False,HARD,1.0,True,McLaren,0 days 01:09:57.002000,,1,6.0,,,False,False
0 days 01:12:37.125000,NOR,4,0 days 00:01:10.958000,33.0,2.0,,,0 days 00:00:17.767000,0 days 00:00:31.549000,0 days 00:00:21.642000,0 days 01:11:43.945000,0 days 01:12:15.494000,0 days 01:12:37.136000,280.0,226.0,272.0,285.0,False,HARD,2.0,True,McLaren,0 days 01:11:26.167000,,1,6.0,,,False,True
0 days 01:13:47.141000,NOR,4,0 days 00:01:10.016000,34.0,2.0,,,0 days 00:00:17.619000,0 days 00:00:31.047000,0 days 00:00:21.350000,0 days 01:12:54.755000,0 days 01:13:25.802000,0 days 01:13:47.152000,281.0,229.0,273.0,286.0,True,HARD,3.0,True,McLaren,0 days 01:12:37.125000,,1,6.0,,,False,True
0 days 01:14:56.874000,NOR,4,0 days 00:01:09.733000,35.0,2.0,,,0 days 00:00:17.659000,0 days 00:00:30.935000,0 days 00:00:21.139000,0 days 01:14:04.811000,0 days 01:14:35.746000,0 days 01:14:56.885000,280.0,230.0,272.0,286.0,True,HARD,4.0,True,McLaren,0 days 01:13:47.141000,,1,6.0,,,False,True
0 days 01:16:06.624000,NOR,4,0 days 00:01:09.750000,36.0,2.0,,,0 days 00:00:17.590000,0 days 00:00:31.023000,0 days 00:00:21.137000,0 days 01:15:14.475000,0 days 01:15:45.498000,0 days 01:16:06.635000,282.0,232.0,273.0,287.0,False,HARD,5.0,True,McLaren,0 days 01:14:56.874000,,1,6.0,,,False,True
0 days 01:17:16.361000,NOR,4,0 days 00:01:09.737000,37.0,2.0,,,0 days 00:00:17.593000,0 days 00:00:30.986000,0 days 00:00:21.158000,0 days 01:16:24.228000,0 days 01:16:55.214000,0 days 01:17:16.372000,283.0,233.0,273.0,287.0,False,HARD,6.0,True,McLaren,0 days 01:16:06.624000,,1,6.0,,,False,True
0 days 01:18:26.119000,NOR,4,0 days 00:01:09.758000,38.0,2.0,,,0 days 00:00:17.579000,0 days 00:00:30.960000,0 days 00:00:21.219000,0 days 01:17:33.951000,0 days 01:18:04.911000,0 days 01:18:26.130000,283.0,233.0,271.0,288.0,False,HARD,7.0,True,McLaren,0 days 01:17:16.361000,,1,6.0,,,False,True
0 days 01:19:35.914000,NOR,4,0 days 00:01:09.795000,39.0,2.0,,,0 days 00:00:17.652000,0 days 00:00:30.882000,0 days 00:00:21.261000,0 days 01:18:43.782000,0 days 01:19:14.664000,0 days 01:19:35.925000,283.0,233.0,271.0,289.0,False,HARD,8.0,True,McLaren,0 days 01:18:26.119000,,1,6.0,,,False,True
0 days 01:20:45.656000,NOR,4,0 days 00:01:09.742000,40.0,2.0,,,0 days 00:00:17.589000,0 days 00:00:30.846000,0 days 00:00:21.307000,0 days 01:19:53.514000,0 days 01:20:24.360000,0 days 01:20:45.667000,282.0,233.0,272.0,289.0,False,HARD,9.0,True,McLaren,0 days 01:19:35.914000,,1,6.0,,,False,True
0 days 01:21:55.571000,NOR,4,0 days 00:01:09.915000,41.0,2.0,,,0 days 00:00:17.630000,0 days 00:00:30.922000,0 days 00:00:21.363000,0 days 01:21:03.297000,0 days 01:21:34.219000,0 days 01:21:55.582000,283.0,235.0,273.0,291.0,False,HARD,10.0,True,McLaren,0 days 01:20:45.656000,,1,6.0,,,False,True
0 days 01:23:05.595000,NOR,4,0 days 00:01:10.024000,42.0,2.0,,,0 days 00:00:17.584000,0 days 00:00:31.057000,0 days 00:00:21.383000,0 days 01:22:13.166000,0 days 01:22:44.223000,0 days 01:23:05.606000,282.0,231.0,273.0,291.0,False,HARD,11.0,True,McLaren,0 days 01:21:55.571000,,1,5.0,,,False,True
0 days 01:24:15.356000,NOR,4,0 days 00:01:09.761000,43.0,2.0,,,0 days 00:00:17.586000,0 days 00:00:30.966000,0 days 00:00:21.209000,0 days 01:23:23.192000,0 days 01:23:54.158000,0 days 01:24:15.367000,285.0,233.0,274.0,291.0,False,HARD,12.0,True,McLaren,0 days 01:23:05.595000,,1,5.0,,,False,True
0 days 01:25:25.384000,NOR,4,0 days 00:01:10.028000,44.0,2.0,,,0 days 00:00:17.571000,0 days 00:00:30.997000,0 days 00:00:21.460000,0 days 01:24:32.938000,0 days 01:25:03.935000,0 days 01:25:25.395000,286.0,232.0,272.0,289.0,False,HARD,13.0,True,McLaren,0 days 01:24:15.356000,,1,5.0,,,False,True
0 days 01:26:35.370000,NOR,4,0 days 00:01:09.986000,45.0,2.0,,,0 days 00:00:17.514000,0 days 00:00:31.050000,0 days 00:00:21.422000,0 days 01:25:42.909000,0 days 01:26:13.959000,0 days 01:26:35.381000,287.0,233.0,274.0,291.0,False,HARD,14.0,True,McLaren,0 days 01:25:25.384000,,1,5.0,,,False,True
0 days 01:27:45.229000,NOR,4,0 days 00:01:09.859000,46.0,2.0,,,0 days 00:00:17.527000,0 days 00:00:31.107000,0 days 00:00:21.225000,0 days 01:26:52.908000,0 days 01:27:24.015000,0 days 01:27:45.240000,287.0,233.0,282.0,292.0,False,HARD,15.0,True,McLaren,0 days 01:26:35.370000,,1,5.0,,,False,True
0 days 01:28:54.563000,NOR,4,0 days 00:01:09.334000,47.0,2.0,,,0 days 00:00:17.156000,0 days 00:00:30.991000,0 days 00:00:21.187000,0 days 01:28:02.396000,0 days 01:28:33.387000,0 days 01:28:54.574000,304.0,230.0,275.0,291.0,True,HARD,16.0,True,McLaren,0 days 01:27:45.229000,,1,5.0,,,False,True
0 days 01:30:04.056000,NOR,4,0 days 00:01:09.493000,48.0,2.0,,,0 days 00:00:17.554000,0 days 00:00:30.920000,0 days 00:00:21.019000,0 days 01:29:12.128000,0 days 01:29:43.048000,0 days 01:30:04.067000,284.0,232.0,275.0,292.0,False,HARD,17.0,True,McLaren,0 days 01:28:54.563000,,1,5.0,,,False,True
0 days 01:31:13.834000,NOR,4,0 days 00:01:09.778000,49.0,2.0,,,0 days 00:00:17.646000,0 days 00:00:31.020000,0 days 00:00:21.112000,0 days 01:30:21.713000,0 days 01:30:52.733000,0 days 01:31:13.845000,287.0,233.0,273.0,290.0,False,HARD,18.0,True,McLaren,0 days 01:30:04.056000,,1,5.0,,,False,True
0 days 01:32:23.193000,NOR,4,0 days 00:01:09.359000,50.0,2.0,,,0 days 00:00:17.585000,0 days 00:00:30.822000,0 days 00:00:20.952000,0 days 01:31:31.430000,0 days 01:32:02.252000,0 days 01:32:23.204000,283.0,236.0,274.0,288.0,False,HARD,19.0,True,McLaren,0 days 01:31:13.834000,,1,5.0,,,False,True
0 days 01:33:32.620000,NOR,4,0 days 00:01:09.427000,51.0,2.0,,,0 days 00:00:17.528000,0 days 00:00:30.909000,0 days 00:00:20.990000,0 days 01:32:40.732000,0 days 01:33:11.641000,0 days 01:33:32.631000,283.0,233.0,274.0,287.0,False,HARD,20.0,True,McLaren,0 days 01:32:23.193000,,1,5.0,,,False,True
0 days 01:34:42.181000,NOR,4,0 days 00:01:09.561000,52.0,2.0,,,0 days 00:00:17.596000,0 days 00:00:30.930000,0 days 00:00:21.035000,0 days 01:33:50.227000,0 days 01:34:21.157000,0 days 01:34:42.192000,284.0,232.0,274.0,287.0,False,HARD,21.0,True,McLaren,0 days 01:33:32.620000,,1,5.0,,,False,True
0 days 01:35:51.466000,NOR,4,0 days 00:01:09.285000,53.0,2.0,,,0 days 00:00:17.543000,0 days 00:00:30.681000,0 days 00:00:21.061000,0 days 01:34:59.735000,0 days 01:35:30.416000,0 days 01:35:51.477000,285.0,232.0,273.0,287.0,True,HARD,22.0,True,McLaren,0 days 01:34:42.181000,,1,5.0,,,False,True
0 days 01:37:02.659000,NOR,4,0 days 00:01:11.193000,54.0,2.0,,,0 days 00:00:18.338000,0 days 00:00:31.756000,0 days 00:00:21.099000,0 days 01:36:09.815000,0 days 01:36:41.571000,0 days 01:37:02.670000,266.0,232.0,277.0,280.0,False,HARD,23.0,True,McLaren,0 days 01:35:51.466000,,1,5.0,,,False,True
0 days 01:38:12.272000,NOR,4,0 days 00:01:09.613000,55.0,2.0,,,0 days 00:00:17.454000,0 days 00:00:31.020000,0 days 00:00:21.139000,0 days 01:37:20.124000,0 days 01:37:51.144000,0 days 01:38:12.283000,288.0,230.0,276.0,289.0,False,HARD,24.0,True,McLaren,0 days 01:37:02.659000,,1,5.0,,,False,True
0 days 01:39:21.479000,NOR,4,0 days 00:01:09.207000,56.0,2.0,,,0 days 00:00:17.403000,0 days 00:00:30.906000,0 days 00:00:20.898000,0 days 01:38:29.686000,0 days 01:39:00.592000,0 days 01:39:21.490000,288.0,233.0,277.0,292.0,True,HARD,25.0,True,McLaren,0 days 01:38:12.272000,,1,5.0,,,False,True
0 days 01:40:30.685000,NOR,4,0 days 00:01:09.206000,57.0,2.0,,,0 days 00:00:17.380000,0 days 00:00:30.897000,0 days 00:00:20.929000,0 days 01:39:38.870000,0 days 01:40:09.767000,0 days 01:40:30.696000,289.0,234.0,278.0,290.0,True,HARD,26.0,True,McLaren,0 days 01:39:21.479000,,1,5.0,,,False,True
0 days 01:41:39.856000,NOR,4,0 days 00:01:09.171000,58.0,2.0,,,0 days 00:00:17.357000,0 days 00:00:30.957000,0 days 00:00:20.857000,0 days 01:40:48.053000,0 days 01:41:19.010000,0 days 01:41:39.867000,288.0,233.0,277.0,288.0,True,HARD,27.0,True,McLaren,0 days 01:40:30.685000,,1,5.0,,,False,True
0 days 01:42:49.171000,NOR,4,0 days 00:01:09.315000,59.0,2.0,,,0 days 00:00:17.519000,0 days 00:00:30.921000,0 days 00:00:20.875000,0 days 01:41:57.386000,0 days 01:42:28.307000,0 days 01:42:49.182000,288.0,234.0,276.0,287.0,False,HARD,28.0,True,McLaren,0 days 01:41:39.856000,,1,5.0,,,False,True
0 days 01:43:58.395000,NOR,4,0 days 00:01:09.224000,60.0,2.0,,,0 days 00:00:17.481000,0 days 00:00:30.879000,0 days 00:00:20.864000,0 days 01:43:06.663000,0 days 01:43:37.542000,0 days 01:43:58.406000,286.0,232.0,276.0,286.0,False,HARD,29.0,True,McLaren,0 days 01:42:49.171000,,1,5.0,,,False,True
0 days 01:45:07.729000,NOR,4,0 days 00:01:09.334000,61.0,2.0,,,0 days 00:00:17.592000,0 days 00:00:30.915000,0 days 00:00:20.827000,0 days 01:44:15.998000,0 days 01:44:46.913000,0 days 01:45:07.740000,283.0,233.0,276.0,286.0,False,HARD,30.0,True,McLaren,0 days 01:43:58.395000,,1,5.0,,,False,True
0 days 01:46:16.890000,NOR,4,0 days 00:01:09.161000,62.0,2.0,,,0 days 00:00:17.532000,0 days 00:00:30.860000,0 days 00:00:20.769000,0 days 01:45:25.272000,0 days 01:45:56.132000,0 days 01:46:16.901000,283.0,234.0,278.0,286.0,True,HARD,31.0,True,McLaren,0 days 01:45:07.729000,,1,5.0,,,False,True
0 days 01:47:25.947000,NOR,4,0 days 00:01:09.057000,63.0,2.0,,,0 days 00:00:17.508000,0 days 00:00:30.842000,0 days 00:00:20.707000,0 days 01:46:34.409000,0 days 01:47:05.251000,0 days 01:47:25.958000,282.0,234.0,277.0,284.0,True,HARD,32.0,True,McLaren,0 days 01:46:16.890000,,1,5.0,,,False,True
0 days 01:48:35.079000,NOR,4,0 days 00:01:09.132000,64.0,2.0,,,0 days 00:00:17.506000,0 days 00:00:30.877000,0 days 00:00:20.749000,0 days 01:47:43.464000,0 days 01:48:14.341000,0 days 01:48:35.090000,281.0,234.0,278.0,285.0,False,HARD,33.0,True,McLaren,0 days 01:47:25.947000,,1,5.0,,,False,True
0 days 01:49:43.982000,NOR,4,0 days 00:01:08.903000,65.0,2.0,,,0 days 00:00:17.548000,0 days 00:00:30.742000,0 days 00:00:20.613000,0 days 01:48:52.638000,0 days 01:49:23.380000,0 days 01:49:43.993000,282.0,234.0,277.0,285.0,True,HARD,34.0,True,McLaren,0 days 01:48:35.079000,,1,5.0,,,False,True
0 days 01:50:53.027000,NOR,4,0 days 00:01:09.045000,66.0,2.0,,,0 days 00:00:17.547000,0 days 00:00:30.859000,0 days 00:00:20.639000,0 days 01:50:01.540000,0 days 01:50:32.399000,0 days 01:50:53.038000,283.0,235.0,277.0,286.0,False,HARD,35.0,True,McLaren,0 days 01:49:43.982000,,1,5.0,,,False,True
0 days 01:52:02.202000,NOR,4,0 days 00:01:09.175000,67.0,2.0,,,0 days 00:00:17.639000,0 days 00:00:30.884000,0 days 00:00:20.652000,0 days 01:51:10.677000,0 days 01:51:41.561000,0 days 01:52:02.213000,283.0,234.0,279.0,286.0,False,HARD,36.0,True,McLaren,0 days 01:50:53.027000,,1,5.0,,,False,True
0 days 01:53:11.713000,NOR,4,0 days 00:01:09.511000,68.0,2.0,,,0 days 00:00:17.443000,0 days 00:00:31.126000,0 days 00:00:20.942000,0 days 01:52:19.656000,0 days 01:52:50.782000,0 days 01:53:11.724000,287.0,226.0,277.0,287.0,False,HARD,37.0,True,McLaren,0 days 01:52:02.202000,,1,5.0,,,False,True
0 days 01:54:21.031000,NOR,4,0 days 00:01:09.318000,69.0,2.0,,,0 days 00:00:17.608000,0 days 00:00:31.029000,0 days 00:00:20.681000,0 days 01:53:29.332000,0 days 01:54:00.361000,0 days 01:54:21.042000,282.0,234.0,278.0,285.0,False,HARD,38.0,True,McLaren,0 days 01:53:11.713000,,1,5.0,,,False,True
0 days 01:55:30.113000,NOR,4,0 days 00:01:09.082000,70.0,2.0,,,0 days 00:00:17.547000,0 days 00:00:30.860000,0 days 00:00:20.675000,0 days 01:54:38.589000,0 days 01:55:09.449000,0 days 01:55:30.124000,286.0,236.0,278.0,288.0,False,HARD,39.0,True,McLaren,0 days 01:54:21.031000,,1,5.0,,,False,True
0 days 00:34:25.368000,SAI,55,0 days 00:01:19.536000,1.0,1.0,,,,0 days 00:00:33.410000,0 days 00:00:23.203000,,0 days 00:34:02.274000,0 days 00:34:25.579000,306.0,221.0,273.0,309.0,False,MEDIUM,1.0,True,Ferrari,0 days 00:33:05.677000,,12,11.0,,,False,False
0 days 00:35:39.008000,SAI,55,0 days 00:01:13.640000,2.0,1.0,,,0 days 00:00:18.171000,0 days 00:00:32.781000,0 days 00:00:22.688000,0 days 00:34:43.566000,0 days 00:35:16.347000,0 days 00:35:39.035000,304.0,217.0,272.0,304.0,True,MEDIUM,2.0,True,Ferrari,0 days 00:34:25.368000,,1,11.0,,,False,True
0 days 00:36:51.366000,SAI,55,0 days 00:01:12.358000,3.0,1.0,,,0 days 00:00:18.005000,0 days 00:00:32.217000,0 days 00:00:22.136000,0 days 00:35:57.040000,0 days 00:36:29.257000,0 days 00:36:51.393000,288.0,218.0,278.0,309.0,True,MEDIUM,3.0,True,Ferrari,0 days 00:35:39.008000,,1,11.0,,,False,True
0 days 00:38:03.280000,SAI,55,0 days 00:01:11.914000,4.0,1.0,,,0 days 00:00:17.333000,0 days 00:00:32.041000,0 days 00:00:22.540000,0 days 00:37:08.726000,0 days 00:37:40.767000,0 days 00:38:03.307000,304.0,218.0,276.0,309.0,True,MEDIUM,4.0,True,Ferrari,0 days 00:36:51.366000,,1,10.0,,,False,True
0 days 00:39:14.978000,SAI,55,0 days 00:01:11.698000,5.0,1.0,,,0 days 00:00:17.322000,0 days 00:00:31.988000,0 days 00:00:22.388000,0 days 00:38:20.629000,0 days 00:38:52.617000,0 days 00:39:15.005000,309.0,224.0,277.0,316.0,True,MEDIUM,5.0,True,Ferrari,0 days 00:38:03.280000,,1,11.0,,,False,True
0 days 00:40:26.476000,SAI,55,0 days 00:01:11.498000,6.0,1.0,,,0 days 00:00:17.503000,0 days 00:00:31.919000,0 days 00:00:22.076000,0 days 00:39:32.508000,0 days 00:40:04.427000,0 days 00:40:26.503000,306.0,224.0,276.0,303.0,True,MEDIUM,6.0,True,Ferrari,0 days 00:39:14.978000,,1,11.0,,,False,True
0 days 00:41:38.592000,SAI,55,0 days 00:01:12.116000,7.0,1.0,,,0 days 00:00:17.544000,0 days 00:00:32.577000,0 days 00:00:21.995000,0 days 00:40:44.047000,0 days 00:41:16.624000,0 days 00:41:38.619000,298.0,210.0,268.0,303.0,False,MEDIUM,7.0,True,Ferrari,0 days 00:40:26.476000,,1,10.0,,,False,True
0 days 00:42:49.844000,SAI,55,0 days 00:01:11.252000,8.0,1.0,,,0 days 00:00:17.847000,0 days 00:00:31.609000,0 days 00:00:21.796000,0 days 00:41:56.466000,0 days 00:42:28.075000,0 days 00:42:49.871000,297.0,229.0,269.0,298.0,True,MEDIUM,8.0,True,Ferrari,0 days 00:41:38.592000,,1,10.0,,,False,True
0 days 00:44:01.402000,SAI,55,0 days 00:01:11.558000,9.0,1.0,,,0 days 00:00:17.850000,0 days 00:00:31.680000,0 days 00:00:22.028000,0 days 00:43:07.721000,0 days 00:43:39.401000,0 days 00:44:01.429000,292.0,228.0,270.0,299.0,False,MEDIUM,9.0,True,Ferrari,0 days 00:42:49.844000,,1,10.0,,,False,True
0 days 00:45:12.818000,SAI,55,0 days 00:01:11.416000,10.0,1.0,,,0 days 00:00:17.759000,0 days 00:00:31.609000,0 days 00:00:22.048000,0 days 00:44:19.188000,0 days 00:44:50.797000,0 days 00:45:12.845000,295.0,227.0,270.0,299.0,False,MEDIUM,10.0,True,Ferrari,0 days 00:44:01.402000,,1,10.0,,,False,True
0 days 00:46:24.224000,SAI,55,0 days 00:01:11.406000,11.0,1.0,,,0 days 00:00:17.795000,0 days 00:00:31.683000,0 days 00:00:21.928000,0 days 00:45:30.640000,0 days 00:46:02.323000,0 days 00:46:24.251000,290.0,228.0,271.0,301.0,False,MEDIUM,11.0,True,Ferrari,0 days 00:45:12.818000,,1,10.0,,,False,True
0 days 00:47:35.795000,SAI,55,0 days 00:01:11.571000,12.0,1.0,,,0 days 00:00:17.711000,0 days 00:00:31.715000,0 days 00:00:22.145000,0 days 00:46:41.962000,0 days 00:47:13.677000,0 days 00:47:35.822000,301.0,225.0,278.0,303.0,False,MEDIUM,12.0,True,Ferrari,0 days 00:46:24.224000,,1,10.0,,,False,True
0 days 00:48:47.551000,SAI,55,0 days 00:01:11.756000,13.0,1.0,,,0 days 00:00:17.456000,0 days 00:00:32.010000,0 days 00:00:22.290000,0 days 00:47:53.278000,0 days 00:48:25.288000,0 days 00:48:47.578000,302.0,222.0,277.0,309.0,False,MEDIUM,13.0,True,Ferrari,0 days 00:47:35.795000,,1,10.0,,,False,True
0 days 00:49:58.999000,SAI,55,0 days 00:01:11.448000,14.0,1.0,,,0 days 00:00:17.504000,0 days 00:00:31.880000,0 days 00:00:22.064000,0 days 00:49:05.082000,0 days 00:49:36.962000,0 days 00:49:59.026000,304.0,224.0,279.0,311.0,False,MEDIUM,14.0,True,Ferrari,0 days 00:48:47.551000,,1,10.0,,,False,True
0 days 00:51:10.867000,SAI,55,0 days 00:01:11.868000,15.0,1.0,,,0 days 00:00:17.392000,0 days 00:00:32.245000,0 days 00:00:22.231000,0 days 00:50:16.418000,0 days 00:50:48.663000,0 days 00:51:10.894000,310.0,221.0,278.0,311.0,False,MEDIUM,15.0,True,Ferrari,0 days 00:49:58.999000,,1,10.0,,,False,True
0 days 00:52:22.390000,SAI,55,0 days 00:01:11.523000,16.0,1.0,,,0 days 00:00:17.501000,0 days 00:00:32.125000,0 days 00:00:21.897000,0 days 00:51:28.395000,0 days 00:52:00.520000,0 days 00:52:22.417000,306.0,222.0,280.0,305.0,False,MEDIUM,16.0,True,Ferrari,0 days 00:51:10.867000,,1,10.0,,,False,True
0 days 00:53:34.259000,SAI,55,0 days 00:01:11.869000,17.0,1.0,,,0 days 00:00:17.538000,0 days 00:00:32.270000,0 days 00:00:22.061000,0 days 00:52:39.955000,0 days 00:53:12.225000,0 days 00:53:34.286000,300.0,223.0,278.0,299.0,False,MEDIUM,17.0,True,Ferrari,0 days 00:52:22.390000,,1,10.0,,,False,True
0 days 00:54:45.810000,SAI,55,0 days 00:01:11.551000,18.0,1.0,,,0 days 00:00:17.453000,0 days 00:00:32.008000,0 days 00:00:22.090000,0 days 00:53:51.739000,0 days 00:54:23.747000,0 days 00:54:45.837000,304.0,226.0,280.0,316.0,False,MEDIUM,18.0,True,Ferrari,0 days 00:53:34.259000,,1,10.0,,,False,True
0 days 00:55:57.638000,SAI,55,0 days 00:01:11.828000,19.0,1.0,,,0 days 00:00:17.550000,0 days 00:00:31.986000,0 days 00:00:22.292000,0 days 00:55:03.387000,0 days 00:55:35.373000,0 days 00:55:57.665000,299.0,223.0,277.0,314.0,False,MEDIUM,19.0,True,Ferrari,0 days 00:54:45.810000,,1,10.0,,,False,True
0 days 00:57:09.156000,SAI,55,0 days 00:01:11.518000,20.0,1.0,,,0 days 00:00:17.440000,0 days 00:00:31.927000,0 days 00:00:22.151000,0 days 00:56:15.105000,0 days 00:56:47.032000,0 days 00:57:09.183000,305.0,223.0,279.0,309.0,False,MEDIUM,20.0,True,Ferrari,0 days 00:55:57.638000,,1,10.0,,,False,True
0 days 00:58:20.433000,SAI,55,0 days 00:01:11.277000,21.0,1.0,,,0 days 00:00:17.326000,0 days 00:00:31.949000,0 days 00:00:22.002000,0 days 00:57:26.509000,0 days 00:57:58.458000,0 days 00:58:20.460000,306.0,216.0,278.0,308.0,False,MEDIUM,21.0,True,Ferrari,0 days 00:57:09.156000,,1,10.0,,,False,True
0 days 00:59:31.571000,SAI,55,0 days 00:01:11.138000,22.0,1.0,,,0 days 00:00:17.332000,0 days 00:00:31.852000,0 days 00:00:21.954000,0 days 00:58:37.792000,0 days 00:59:09.644000,0 days 00:59:31.598000,309.0,225.0,280.0,308.0,True,MEDIUM,22.0,True,Ferrari,0 days 00:58:20.433000,,1,10.0,,,False,True
0 days 01:00:42.781000,SAI,55,0 days 00:01:11.210000,23.0,1.0,,,0 days 00:00:17.273000,0 days 00:00:31.935000,0 days 00:00:22.002000,0 days 00:59:48.871000,0 days 01:00:20.806000,0 days 01:00:42.808000,316.0,224.0,279.0,306.0,False,MEDIUM,23.0,True,Ferrari,0 days 00:59:31.571000,,1,10.0,,,False,True
0 days 01:01:53.963000,SAI,55,0 days 00:01:11.182000,24.0,1.0,,,0 days 00:00:17.563000,0 days 00:00:31.740000,0 days 00:00:21.879000,0 days 01:01:00.371000,0 days 01:01:32.111000,0 days 01:01:53.990000,308.0,227.0,280.0,301.0,False,MEDIUM,24.0,True,Ferrari,0 days 01:00:42.781000,,1,10.0,,,False,True
0 days 01:03:05.544000,SAI,55,0 days 00:01:11.581000,25.0,1.0,,,0 days 00:00:17.241000,0 days 00:00:32.392000,0 days 00:00:21.948000,0 days 01:02:11.231000,0 days 01:02:43.623000,0 days 01:03:05.571000,318.0,216.0,280.0,321.0,False,MEDIUM,25.0,True,Ferrari,0 days 01:01:53.963000,,1,9.0,,,False,True
0 days 01:04:17.324000,SAI,55,0 days 00:01:11.780000,26.0,1.0,,,0 days 00:00:17.486000,0 days 00:00:32.474000,0 days 00:00:21.820000,0 days 01:03:23.057000,0 days 01:03:55.531000,0 days 01:04:17.351000,307.0,217.0,276.0,303.0,False,MEDIUM,26.0,True,Ferrari,0 days 01:03:05.544000,,1,8.0,,,False,True
0 days 01:05:27.695000,SAI,55,0 days 00:01:10.371000,27.0,1.0,,,0 days 00:00:17.551000,0 days 00:00:31.405000,0 days 00:00:21.415000,0 days 01:04:34.902000,0 days 01:05:06.307000,0 days 01:05:27.722000,296.0,228.0,270.0,296.0,True,MEDIUM,27.0,True,Ferrari,0 days 01:04:17.324000,,1,7.0,,,False,True
0 days 01:06:38.304000,SAI,55,0 days 00:01:10.609000,28.0,1.0,,,0 days 00:00:17.695000,0 days 00:00:31.527000,0 days 00:00:21.387000,0 days 01:05:45.417000,0 days 01:06:16.944000,0 days 01:06:38.331000,293.0,226.0,269.0,293.0,False,MEDIUM,28.0,True,Ferrari,0 days 01:05:27.695000,,1,6.0,,,False,True
0 days 01:07:48.384000,SAI,55,0 days 00:01:10.080000,29.0,1.0,,,0 days 00:00:17.682000,0 days 00:00:31.254000,0 days 00:00:21.144000,0 days 01:06:56.013000,0 days 01:07:27.267000,0 days 01:07:48.411000,292.0,230.0,270.0,293.0,True,MEDIUM,29.0,True,Ferrari,0 days 01:06:38.304000,,1,6.0,,,False,True
0 days 01:08:58.361000,SAI,55,0 days 00:01:09.977000,30.0,1.0,,,0 days 00:00:17.654000,0 days 00:00:31.158000,0 days 00:00:21.165000,0 days 01:08:06.065000,0 days 01:08:37.223000,0 days 01:08:58.388000,292.0,229.0,270.0,294.0,True,MEDIUM,30.0,True,Ferrari,0 days 01:07:48.384000,,1,6.0,,,False,True
0 days 01:10:08.309000,SAI,55,0 days 00:01:09.948000,31.0,1.0,,,0 days 00:00:17.621000,0 days 00:00:31.209000,0 days 00:00:21.118000,0 days 01:09:16.009000,0 days 01:09:47.218000,0 days 01:10:08.336000,295.0,230.0,270.0,296.0,True,MEDIUM,31.0,True,Ferrari,0 days 01:08:58.361000,,1,6.0,,,False,True
0 days 01:11:18.025000,SAI,55,0 days 00:01:09.716000,32.0,1.0,,,0 days 00:00:17.649000,0 days 00:00:31.043000,0 days 00:00:21.024000,0 days 01:10:25.985000,0 days 01:10:57.028000,0 days 01:11:18.052000,293.0,231.0,270.0,295.0,True,MEDIUM,32.0,True,Ferrari,0 days 01:10:08.309000,,1,5.0,,,False,True
0 days 01:12:27.936000,SAI,55,0 days 00:01:09.911000,33.0,1.0,,,0 days 00:00:17.615000,0 days 00:00:31.121000,0 days 00:00:21.175000,0 days 01:11:35.667000,0 days 01:12:06.788000,0 days 01:12:27.963000,292.0,230.0,271.0,292.0,False,MEDIUM,33.0,True,Ferrari,0 days 01:11:18.025000,,1,5.0,,,False,True
0 days 01:13:37.766000,SAI,55,0 days 00:01:09.830000,34.0,1.0,,,0 days 00:00:17.607000,0 days 00:00:31.148000,0 days 00:00:21.075000,0 days 01:12:45.570000,0 days 01:13:16.718000,0 days 01:13:37.793000,294.0,233.0,271.0,295.0,False,MEDIUM,34.0,True,Ferrari,0 days 01:12:27.936000,,1,5.0,,,False,True
0 days 01:14:47.786000,SAI,55,0 days 00:01:10.020000,35.0,1.0,,,0 days 00:00:17.649000,0 days 00:00:31.144000,0 days 00:00:21.227000,0 days 01:13:55.442000,0 days 01:14:26.586000,0 days 01:14:47.813000,293.0,231.0,271.0,296.0,False,MEDIUM,35.0,True,Ferrari,0 days 01:13:37.766000,,1,5.0,,,False,True
0 days 01:15:57.782000,SAI,55,0 days 00:01:09.996000,36.0,1.0,,,0 days 00:00:17.622000,0 days 00:00:31.265000,0 days 00:00:21.109000,0 days 01:15:05.435000,0 days 01:15:36.700000,0 days 01:15:57.809000,295.0,231.0,272.0,294.0,False,MEDIUM,36.0,True,Ferrari,0 days 01:14:47.786000,,1,5.0,,,False,True
0 days 01:17:07.889000,SAI,55,0 days 00:01:10.107000,37.0,1.0,,,0 days 00:00:17.600000,0 days 00:00:31.273000,0 days 00:00:21.234000,0 days 01:16:15.409000,0 days 01:16:46.682000,0 days 01:17:07.916000,295.0,232.0,271.0,296.0,False,MEDIUM,37.0,True,Ferrari,0 days 01:15:57.782000,,1,5.0,,,False,True
0 days 01:18:17.962000,SAI,55,0 days 00:01:10.073000,38.0,1.0,,,0 days 00:00:17.608000,0 days 00:00:31.225000,0 days 00:00:21.240000,0 days 01:17:25.524000,0 days 01:17:56.749000,0 days 01:18:17.989000,296.0,231.0,270.0,296.0,False,MEDIUM,38.0,True,Ferrari,0 days 01:17:07.889000,,1,5.0,,,False,True
0 days 01:19:28.071000,SAI,55,0 days 00:01:10.109000,39.0,1.0,,,0 days 00:00:17.585000,0 days 00:00:31.221000,0 days 00:00:21.303000,0 days 01:18:35.574000,0 days 01:19:06.795000,0 days 01:19:28.098000,296.0,230.0,270.0,297.0,False,MEDIUM,39.0,True,Ferrari,0 days 01:18:17.962000,,1,5.0,,,False,True
0 days 01:20:38.327000,SAI,55,0 days 00:01:10.256000,40.0,1.0,,,0 days 00:00:17.673000,0 days 00:00:31.392000,0 days 00:00:21.191000,0 days 01:19:45.771000,0 days 01:20:17.163000,0 days 01:20:38.354000,296.0,230.0,271.0,297.0,False,MEDIUM,40.0,True,Ferrari,0 days 01:19:28.071000,,1,5.0,,,False,True
0 days 01:21:52.451000,SAI,55,0 days 00:01:14.124000,41.0,1.0,,0 days 01:21:49.235000,0 days 00:00:17.618000,0 days 00:00:31.433000,0 days 00:00:25.073000,0 days 01:20:55.972000,0 days 01:21:27.405000,0 days 01:21:52.478000,296.0,228.0,,299.0,False,MEDIUM,41.0,True,Ferrari,0 days 01:20:38.327000,,1,5.0,,,False,False
0 days 01:23:19.131000,SAI,55,0 days 00:01:26.680000,42.0,2.0,0 days 01:22:10.425000,,0 days 00:00:34.185000,0 days 00:00:31.140000,0 days 00:00:21.355000,0 days 01:22:26.663000,0 days 01:22:57.803000,0 days 01:23:19.158000,298.0,231.0,279.0,301.0,False,HARD,1.0,True,Ferrari,0 days 01:21:52.451000,,1,7.0,,,False,False
0 days 01:24:28.714000,SAI,55,0 days 00:01:09.583000,43.0,2.0,,,0 days 00:00:17.192000,0 days 00:00:31.179000,0 days 00:00:21.212000,0 days 01:23:36.350000,0 days 01:24:07.529000,0 days 01:24:28.741000,318.0,227.0,282.0,309.0,True,HARD,2.0,True,Ferrari,0 days 01:23:19.131000,,1,7.0,,,False,True
0 days 01:25:37.798000,SAI,55,0 days 00:01:09.084000,44.0,2.0,,,0 days 00:00:17.192000,0 days 00:00:30.740000,0 days 00:00:21.152000,,0 days 01:25:16.673000,0 days 01:25:37.825000,289.0,227.0,272.0,309.0,True,HARD,3.0,True,Ferrari,0 days 01:24:28.714000,,1,6.0,,,False,True
0 days 01:26:49.101000,SAI,55,0 days 00:01:11.303000,45.0,2.0,,,0 days 00:00:17.607000,0 days 00:00:30.811000,0 days 00:00:22.885000,0 days 01:25:55.432000,0 days 01:26:26.243000,0 days 01:26:49.128000,281.0,227.0,278.0,289.0,False,HARD,4.0,True,Ferrari,0 days 01:25:37.798000,,1,6.0,,,False,True
0 days 01:27:58.485000,SAI,55,0 days 00:01:09.384000,46.0,2.0,,,0 days 00:00:17.166000,0 days 00:00:31.064000,0 days 00:00:21.154000,0 days 01:27:06.294000,0 days 01:27:37.358000,0 days 01:27:58.512000,301.0,226.0,274.0,305.0,False,HARD,5.0,True,Ferrari,0 days 01:26:49.101000,,1,6.0,,,False,True
0 days 01:29:07.850000,SAI,55,0 days 00:01:09.365000,47.0,2.0,,,0 days 00:00:17.528000,0 days 00:00:30.840000,0 days 00:00:20.997000,0 days 01:28:16.040000,0 days 01:28:46.880000,0 days 01:29:07.877000,291.0,229.0,274.0,295.0,False,HARD,6.0,True,Ferrari,0 days 01:27:58.485000,,1,6.0,,,False,True
0 days 01:30:17.004000,SAI,55,0 days 00:01:09.154000,48.0,2.0,,,0 days 00:00:17.528000,0 days 00:00:30.744000,0 days 00:00:20.882000,,0 days 01:29:56.149000,0 days 01:30:17.031000,290.0,231.0,274.0,295.0,False,HARD,7.0,True,Ferrari,0 days 01:29:07.850000,,1,6.0,,,False,True
0 days 01:31:26.095000,SAI,55,0 days 00:01:09.091000,49.0,2.0,,,0 days 00:00:17.462000,0 days 00:00:30.748000,0 days 00:00:20.881000,0 days 01:30:34.493000,0 days 01:31:05.241000,0 days 01:31:26.122000,292.0,230.0,273.0,294.0,False,HARD,8.0,True,Ferrari,0 days 01:30:17.004000,,1,6.0,,,False,True
0 days 01:32:35.357000,SAI,55,0 days 00:01:09.262000,50.0,2.0,,,0 days 00:00:17.434000,0 days 00:00:30.950000,0 days 00:00:20.878000,0 days 01:31:43.556000,0 days 01:32:14.506000,0 days 01:32:35.384000,291.0,228.0,275.0,290.0,False,HARD,9.0,True,Ferrari,0 days 01:31:26.095000,,1,6.0,,,False,True
0 days 01:33:44.668000,SAI,55,0 days 00:01:09.311000,51.0,2.0,,,0 days 00:00:17.334000,0 days 00:00:31.125000,0 days 00:00:20.852000,0 days 01:32:52.718000,0 days 01:33:23.843000,0 days 01:33:44.695000,298.0,231.0,274.0,297.0,False,HARD,10.0,True,Ferrari,0 days 01:32:35.357000,,1,6.0,,,False,True
0 days 01:34:53.824000,SAI,55,0 days 00:01:09.156000,52.0,2.0,,,0 days 00:00:17.450000,0 days 00:00:30.841000,0 days 00:00:20.865000,0 days 01:34:02.145000,0 days 01:34:32.986000,0 days 01:34:53.851000,294.0,229.0,276.0,292.0,False,HARD,11.0,True,Ferrari,0 days 01:33:44.668000,,1,6.0,,,False,True
0 days 01:36:02.460000,SAI,55,0 days 00:01:08.636000,53.0,2.0,,,0 days 00:00:17.270000,0 days 00:00:30.496000,0 days 00:00:20.870000,0 days 01:35:11.121000,0 days 01:35:41.617000,0 days 01:36:02.487000,303.0,233.0,274.0,297.0,True,HARD,12.0,True,Ferrari,0 days 01:34:53.824000,,1,6.0,,,False,True
0 days 01:37:11.403000,SAI,55,0 days 00:01:08.943000,54.0,2.0,,,0 days 00:00:17.314000,0 days 00:00:30.758000,0 days 00:00:20.871000,0 days 01:36:19.801000,0 days 01:36:50.559000,0 days 01:37:11.430000,297.0,232.0,274.0,296.0,False,HARD,13.0,True,Ferrari,0 days 01:36:02.460000,,1,6.0,,,False,True
0 days 01:38:20.516000,SAI,55,0 days 00:01:09.113000,55.0,2.0,,,0 days 00:00:17.377000,0 days 00:00:30.819000,0 days 00:00:20.917000,0 days 01:37:28.807000,0 days 01:37:59.626000,0 days 01:38:20.543000,295.0,231.0,275.0,295.0,False,HARD,14.0,True,Ferrari,0 days 01:37:11.403000,,1,6.0,,,False,True
0 days 01:39:29.365000,SAI,55,0 days 00:01:08.849000,56.0,2.0,,,0 days 00:00:17.284000,0 days 00:00:30.756000,0 days 00:00:20.809000,0 days 01:38:37.827000,0 days 01:39:08.583000,0 days 01:39:29.392000,299.0,235.0,275.0,298.0,False,HARD,15.0,True,Ferrari,0 days 01:38:20.516000,,1,6.0,,,False,True
0 days 01:40:38.310000,SAI,55,0 days 00:01:08.945000,57.0,2.0,,,0 days 00:00:17.308000,0 days 00:00:30.746000,0 days 00:00:20.891000,0 days 01:39:46.700000,0 days 01:40:17.446000,0 days 01:40:38.337000,296.0,233.0,276.0,295.0,False,HARD,16.0,True,Ferrari,0 days 01:39:29.365000,,1,6.0,,,False,True
0 days 01:41:47.338000,SAI,55,0 days 00:01:09.028000,58.0,2.0,,,0 days 00:00:17.291000,0 days 00:00:30.887000,0 days 00:00:20.850000,0 days 01:40:55.628000,0 days 01:41:26.515000,0 days 01:41:47.365000,301.0,236.0,276.0,298.0,False,HARD,17.0,True,Ferrari,0 days 01:40:38.310000,,1,6.0,,,False,True
0 days 01:42:56.765000,SAI,55,0 days 00:01:09.427000,59.0,2.0,,,0 days 00:00:17.353000,0 days 00:00:31.113000,0 days 00:00:20.961000,0 days 01:42:04.718000,0 days 01:42:35.831000,0 days 01:42:56.792000,298.0,231.0,275.0,295.0,False,HARD,18.0,True,Ferrari,0 days 01:41:47.338000,,1,6.0,,,False,True
0 days 01:44:06.021000,SAI,55,0 days 00:01:09.256000,60.0,2.0,,,0 days 00:00:17.451000,0 days 00:00:30.870000,0 days 00:00:20.935000,0 days 01:43:14.243000,0 days 01:43:45.113000,0 days 01:44:06.048000,295.0,233.0,276.0,295.0,False,HARD,19.0,True,Ferrari,0 days 01:42:56.765000,,1,6.0,,,False,True
0 days 01:45:15.276000,SAI,55,0 days 00:01:09.255000,61.0,2.0,,,0 days 00:00:17.410000,0 days 00:00:31.002000,0 days 00:00:20.843000,0 days 01:44:23.458000,0 days 01:44:54.460000,0 days 01:45:15.303000,300.0,232.0,283.0,293.0,False,HARD,20.0,True,Ferrari,0 days 01:44:06.021000,,1,6.0,,,False,True
0 days 01:46:24.752000,SAI,55,0 days 00:01:09.476000,62.0,2.0,,,0 days 00:00:17.081000,0 days 00:00:31.437000,0 days 00:00:20.958000,0 days 01:45:32.384000,0 days 01:46:03.821000,0 days 01:46:24.779000,314.0,229.0,282.0,302.0,False,HARD,21.0,True,Ferrari,0 days 01:45:15.276000,,1,6.0,,,False,True
0 days 01:47:33.933000,SAI,55,0 days 00:01:09.181000,63.0,2.0,,,0 days 00:00:17.154000,0 days 00:00:31.039000,0 days 00:00:20.988000,0 days 01:46:41.933000,0 days 01:47:12.972000,0 days 01:47:33.960000,302.0,231.0,283.0,302.0,False,HARD,22.0,True,Ferrari,0 days 01:46:24.752000,,1,6.0,,,False,True
0 days 01:48:42.542000,SAI,55,0 days 00:01:08.609000,64.0,2.0,,,0 days 00:00:17.177000,0 days 00:00:30.695000,0 days 00:00:20.737000,0 days 01:47:51.137000,0 days 01:48:21.832000,0 days 01:48:42.569000,314.0,235.0,275.0,313.0,True,HARD,23.0,True,Ferrari,0 days 01:47:33.933000,,1,6.0,,,False,True
0 days 01:49:51.726000,SAI,55,0 days 00:01:09.184000,65.0,2.0,,,0 days 00:00:17.507000,0 days 00:00:30.925000,0 days 00:00:20.752000,0 days 01:49:00.076000,0 days 01:49:31.001000,0 days 01:49:51.753000,287.0,231.0,274.0,288.0,False,HARD,24.0,True,Ferrari,0 days 01:48:42.542000,,1,6.0,,,False,True
0 days 01:51:00.736000,SAI,55,0 days 00:01:09.010000,66.0,2.0,,,0 days 00:00:17.548000,0 days 00:00:30.727000,0 days 00:00:20.735000,0 days 01:50:09.301000,0 days 01:50:40.028000,0 days 01:51:00.763000,288.0,231.0,275.0,288.0,False,HARD,25.0,True,Ferrari,0 days 01:49:51.726000,,1,6.0,,,False,True
0 days 01:52:09.838000,SAI,55,0 days 00:01:09.102000,67.0,2.0,,,0 days 00:00:17.531000,0 days 00:00:30.874000,0 days 00:00:20.697000,0 days 01:51:18.294000,0 days 01:51:49.168000,0 days 01:52:09.865000,289.0,233.0,275.0,290.0,False,HARD,26.0,True,Ferrari,0 days 01:51:00.736000,,1,6.0,,,False,True
0 days 01:53:18.766000,SAI,55,0 days 00:01:08.928000,68.0,2.0,,,0 days 00:00:17.490000,0 days 00:00:30.772000,0 days 00:00:20.666000,0 days 01:52:27.355000,0 days 01:52:58.127000,0 days 01:53:18.793000,289.0,234.0,275.0,289.0,False,HARD,27.0,True,Ferrari,0 days 01:52:09.838000,,1,6.0,,,False,True
0 days 01:54:27.722000,SAI,55,0 days 00:01:08.956000,69.0,2.0,,,0 days 00:00:17.518000,0 days 00:00:30.786000,0 days 00:00:20.652000,0 days 01:53:36.311000,0 days 01:54:07.097000,0 days 01:54:27.749000,290.0,231.0,276.0,291.0,False,HARD,28.0,True,Ferrari,0 days 01:53:18.766000,,1,6.0,,,False,True
0 days 01:55:37.075000,SAI,55,0 days 00:01:09.353000,70.0,2.0,,,0 days 00:00:17.463000,0 days 00:00:30.855000,0 days 00:00:21.035000,0 days 01:54:45.212000,0 days 01:55:16.067000,0 days 01:55:37.102000,293.0,233.0,282.0,294.0,False,HARD,29.0,True,Ferrari,0 days 01:54:27.722000,,1,6.0,,,False,True
0 days 00:34:26.208000,LEC,16,0 days 00:01:20.376000,1.0,1.0,,0 days 00:34:22.946000,,0 days 00:00:32.472000,0 days 00:00:25.907000,,0 days 00:34:00.452000,0 days 00:34:26.295000,298.0,216.0,,308.0,False,SOFT,4.0,False,Ferrari,0 days 00:33:05.677000,,12,14.0,,,False,False
0 days 00:36:01.050000,LEC,16,0 days 00:01:34.842000,2.0,2.0,0 days 00:34:51.329000,,0 days 00:00:41.850000,0 days 00:00:31.543000,0 days 00:00:21.449000,0 days 00:35:08.122000,0 days 00:35:39.665000,0 days 00:36:01.114000,291.0,228.0,268.0,290.0,False,HARD,1.0,True,Ferrari,0 days 00:34:26.208000,,1,18.0,,,False,False
0 days 00:37:11.411000,LEC,16,0 days 00:01:10.361000,3.0,2.0,,,0 days 00:00:17.791000,0 days 00:00:31.285000,0 days 00:00:21.285000,0 days 00:36:18.905000,0 days 00:36:50.190000,0 days 00:37:11.475000,283.0,227.0,268.0,288.0,True,HARD,2.0,True,Ferrari,0 days 00:36:01.050000,,1,18.0,,,False,True
0 days 00:38:22.097000,LEC,16,0 days 00:01:10.686000,4.0,2.0,,,0 days 00:00:17.806000,0 days 00:00:31.376000,0 days 00:00:21.504000,0 days 00:37:29.281000,0 days 00:38:00.657000,0 days 00:38:22.161000,286.0,227.0,269.0,292.0,False,HARD,3.0,True,Ferrari,0 days 00:37:11.411000,,1,17.0,,,False,True
0 days 00:39:32.526000,LEC,16,0 days 00:01:10.429000,5.0,2.0,,,0 days 00:00:17.834000,0 days 00:00:31.321000,0 days 00:00:21.274000,0 days 00:38:39.995000,0 days 00:39:11.316000,0 days 00:39:32.590000,290.0,229.0,269.0,294.0,False,HARD,4.0,True,Ferrari,0 days 00:38:22.097000,,1,18.0,,,False,True
0 days 00:40:43.102000,LEC,16,0 days 00:01:10.576000,6.0,2.0,,,0 days 00:00:17.764000,0 days 00:00:31.343000,0 days 00:00:21.469000,0 days 00:39:50.354000,0 days 00:40:21.697000,0 days 00:40:43.166000,295.0,228.0,268.0,294.0,False,HARD,5.0,True,Ferrari,0 days 00:39:32.526000,,1,18.0,,,False,True
0 days 00:41:53.669000,LEC,16,0 days 00:01:10.567000,7.0,2.0,,,0 days 00:00:17.804000,0 days 00:00:31.348000,0 days 00:00:21.415000,0 days 00:41:00.970000,0 days 00:41:32.318000,0 days 00:41:53.733000,293.0,230.0,268.0,295.0,False,HARD,6.0,True,Ferrari,0 days 00:40:43.102000,,1,18.0,,,False,True
0 days 00:43:04.165000,LEC,16,0 days 00:01:10.496000,8.0,2.0,,,0 days 00:00:17.871000,0 days 00:00:31.234000,0 days 00:00:21.391000,0 days 00:42:11.604000,0 days 00:42:42.838000,0 days 00:43:04.229000,294.0,229.0,269.0,296.0,False,HARD,7.0,True,Ferrari,0 days 00:41:53.669000,,1,18.0,,,False,True
0 days 00:44:14.749000,LEC,16,0 days 00:01:10.584000,9.0,2.0,,,0 days 00:00:17.769000,0 days 00:00:31.370000,0 days 00:00:21.445000,0 days 00:43:21.998000,0 days 00:43:53.368000,0 days 00:44:14.813000,295.0,229.0,269.0,296.0,False,HARD,8.0,True,Ferrari,0 days 00:43:04.165000,,1,18.0,,,False,True
0 days 00:45:25.425000,LEC,16,0 days 00:01:10.676000,10.0,2.0,,,0 days 00:00:17.761000,0 days 00:00:31.391000,0 days 00:00:21.524000,0 days 00:44:32.574000,0 days 00:45:03.965000,0 days 00:45:25.489000,296.0,227.0,269.0,296.0,False,HARD,9.0,True,Ferrari,0 days 00:44:14.749000,,1,18.0,,,False,True
0 days 00:46:36.051000,LEC,16,0 days 00:01:10.626000,11.0,2.0,,,0 days 00:00:17.727000,0 days 00:00:31.418000,0 days 00:00:21.481000,0 days 00:45:43.216000,0 days 00:46:14.634000,0 days 00:46:36.115000,293.0,227.0,271.0,296.0,False,HARD,10.0,True,Ferrari,0 days 00:45:25.425000,,1,18.0,,,False,True
0 days 00:47:47.872000,LEC,16,0 days 00:01:11.821000,12.0,2.0,,,0 days 00:00:17.744000,0 days 00:00:31.970000,0 days 00:00:22.107000,0 days 00:46:53.859000,0 days 00:47:25.829000,0 days 00:47:47.936000,299.0,225.0,277.0,307.0,False,HARD,11.0,True,Ferrari,0 days 00:46:36.051000,,1,18.0,,,False,True
0 days 00:48:59.007000,LEC,16,0 days 00:01:11.135000,13.0,2.0,,,0 days 00:00:17.605000,0 days 00:00:31.783000,0 days 00:00:21.747000,0 days 00:48:05.541000,0 days 00:48:37.324000,0 days 00:48:59.071000,320.0,225.0,276.0,303.0,False,HARD,12.0,True,Ferrari,0 days 00:47:47.872000,,1,17.0,,,False,True
0 days 00:50:09.832000,LEC,16,0 days 00:01:10.825000,14.0,2.0,,,0 days 00:00:17.595000,0 days 00:00:31.673000,0 days 00:00:21.557000,0 days 00:49:16.666000,0 days 00:49:48.339000,0 days 00:50:09.896000,316.0,227.0,268.0,301.0,False,HARD,13.0,True,Ferrari,0 days 00:48:59.007000,,1,16.0,,,False,True
0 days 00:51:20.621000,LEC,16,0 days 00:01:10.789000,15.0,2.0,,,0 days 00:00:17.775000,0 days 00:00:31.517000,0 days 00:00:21.497000,0 days 00:50:27.671000,0 days 00:50:59.188000,0 days 00:51:20.685000,289.0,224.0,270.0,292.0,False,HARD,14.0,True,Ferrari,0 days 00:50:09.832000,,1,16.0,,,False,True
0 days 00:52:31.380000,LEC,16,0 days 00:01:10.759000,16.0,2.0,,,0 days 00:00:17.719000,0 days 00:00:31.484000,0 days 00:00:21.556000,0 days 00:51:38.404000,0 days 00:52:09.888000,0 days 00:52:31.444000,292.0,227.0,271.0,296.0,False,HARD,15.0,True,Ferrari,0 days 00:51:20.621000,,1,16.0,,,False,True
0 days 00:53:42.332000,LEC,16,0 days 00:01:10.952000,17.0,2.0,,,0 days 00:00:17.820000,0 days 00:00:31.541000,0 days 00:00:21.591000,0 days 00:52:49.264000,0 days 00:53:20.805000,0 days 00:53:42.396000,294.0,228.0,272.0,296.0,False,HARD,16.0,True,Ferrari,0 days 00:52:31.380000,,1,16.0,,,False,True
0 days 00:54:53.495000,LEC,16,0 days 00:01:11.163000,18.0,2.0,,,0 days 00:00:17.818000,0 days 00:00:31.806000,0 days 00:00:21.539000,0 days 00:54:00.214000,0 days 00:54:32.020000,0 days 00:54:53.559000,296.0,225.0,271.0,295.0,False,HARD,17.0,True,Ferrari,0 days 00:53:42.332000,,1,16.0,,,False,True
0 days 00:56:04.395000,LEC,16,0 days 00:01:10.900000,19.0,2.0,,,0 days 00:00:17.624000,0 days 00:00:31.731000,0 days 00:00:21.545000,0 days 00:55:11.183000,0 days 00:55:42.914000,0 days 00:56:04.459000,299.0,225.0,271.0,298.0,False,HARD,18.0,True,Ferrari,0 days 00:54:53.495000,,1,16.0,,,False,True
0 days 00:57:15.244000,LEC,16,0 days 00:01:10.849000,20.0,2.0,,,0 days 00:00:17.650000,0 days 00:00:31.693000,0 days 00:00:21.506000,0 days 00:56:22.109000,0 days 00:56:53.802000,0 days 00:57:15.308000,300.0,226.0,278.0,299.0,False,HARD,19.0,True,Ferrari,0 days 00:56:04.395000,,1,16.0,,,False,True
0 days 00:58:26.460000,LEC,16,0 days 00:01:11.216000,21.0,2.0,,,0 days 00:00:17.326000,0 days 00:00:32.020000,0 days 00:00:21.870000,0 days 00:57:32.634000,0 days 00:58:04.654000,0 days 00:58:26.524000,312.0,220.0,279.0,307.0,False,HARD,20.0,True,Ferrari,0 days 00:57:15.244000,,1,16.0,,,False,True
0 days 00:59:37.237000,LEC,16,0 days 00:01:10.777000,22.0,2.0,,,0 days 00:00:17.383000,0 days 00:00:31.817000,0 days 00:00:21.577000,0 days 00:58:43.907000,0 days 00:59:15.724000,0 days 00:59:37.301000,322.0,224.0,272.0,298.0,False,HARD,21.0,True,Ferrari,0 days 00:58:26.460000,,1,15.0,,,False,True
0 days 01:00:48.117000,LEC,16,0 days 00:01:10.880000,23.0,2.0,,,0 days 00:00:17.687000,0 days 00:00:31.688000,0 days 00:00:21.505000,0 days 00:59:54.988000,0 days 01:00:26.676000,0 days 01:00:48.181000,295.0,224.0,279.0,294.0,False,HARD,22.0,True,Ferrari,0 days 00:59:37.237000,,1,15.0,,,False,True
0 days 01:01:59.016000,LEC,16,0 days 00:01:10.899000,24.0,2.0,,,0 days 00:00:17.483000,0 days 00:00:31.795000,0 days 00:00:21.621000,0 days 01:01:05.664000,0 days 01:01:37.459000,0 days 01:01:59.080000,311.0,221.0,272.0,316.0,False,HARD,23.0,True,Ferrari,0 days 01:00:48.117000,,1,14.0,,,False,True
0 days 01:03:10.031000,LEC,16,0 days 00:01:11.015000,25.0,2.0,,,0 days 00:00:17.628000,0 days 00:00:31.866000,0 days 00:00:21.521000,0 days 01:02:16.708000,0 days 01:02:48.574000,0 days 01:03:10.095000,293.0,220.0,273.0,293.0,False,HARD,24.0,True,Ferrari,0 days 01:01:59.016000,,1,14.0,,,False,True
0 days 01:04:20.934000,LEC,16,0 days 00:01:10.903000,26.0,2.0,,,0 days 00:00:17.651000,0 days 00:00:31.694000,0 days 00:00:21.558000,0 days 01:03:27.746000,0 days 01:03:59.440000,0 days 01:04:20.998000,296.0,223.0,273.0,295.0,False,HARD,25.0,True,Ferrari,0 days 01:03:10.031000,,1,13.0,,,False,True
0 days 01:05:31.850000,LEC,16,0 days 00:01:10.916000,27.0,2.0,,,0 days 00:00:17.485000,0 days 00:00:31.813000,0 days 00:00:21.618000,0 days 01:04:38.483000,0 days 01:05:10.296000,0 days 01:05:31.914000,301.0,220.0,273.0,296.0,False,HARD,26.0,True,Ferrari,0 days 01:04:20.934000,,1,11.0,,,False,True
0 days 01:06:42.958000,LEC,16,0 days 00:01:11.108000,28.0,2.0,,,0 days 00:00:17.768000,0 days 00:00:31.751000,0 days 00:00:21.589000,0 days 01:05:49.682000,0 days 01:06:21.433000,0 days 01:06:43.022000,300.0,224.0,273.0,299.0,False,HARD,27.0,True,Ferrari,0 days 01:05:31.850000,,1,10.0,,,False,True
0 days 01:07:53.926000,LEC,16,0 days 00:01:10.968000,29.0,2.0,,,0 days 00:00:17.612000,0 days 00:00:31.709000,0 days 00:00:21.647000,0 days 01:07:00.634000,0 days 01:07:32.343000,0 days 01:07:53.990000,301.0,228.0,279.0,302.0,False,HARD,28.0,True,Ferrari,0 days 01:06:42.958000,,1,9.0,,,False,True
0 days 01:09:04.905000,LEC,16,0 days 00:01:10.979000,30.0,2.0,,,0 days 00:00:17.311000,0 days 00:00:31.988000,0 days 00:00:21.680000,0 days 01:08:11.301000,0 days 01:08:43.289000,0 days 01:09:04.969000,315.0,223.0,280.0,310.0,False,HARD,29.0,True,Ferrari,0 days 01:07:53.926000,,1,9.0,,,False,True
0 days 01:10:15.851000,LEC,16,0 days 00:01:10.946000,31.0,2.0,,,0 days 00:00:17.335000,0 days 00:00:31.964000,0 days 00:00:21.647000,0 days 01:09:22.304000,0 days 01:09:54.268000,0 days 01:10:15.915000,315.0,221.0,281.0,314.0,False,HARD,30.0,True,Ferrari,0 days 01:09:04.905000,,1,9.0,,,False,True
0 days 01:11:27.697000,LEC,16,0 days 00:01:11.846000,32.0,2.0,,,0 days 00:00:17.302000,0 days 00:00:32.305000,0 days 00:00:22.239000,0 days 01:10:33.217000,0 days 01:11:05.522000,0 days 01:11:27.761000,314.0,222.0,279.0,318.0,False,HARD,31.0,True,Ferrari,0 days 01:10:15.851000,,1,9.0,,,False,True
0 days 01:12:39.361000,LEC,16,0 days 00:01:11.664000,33.0,2.0,,,0 days 00:00:17.526000,0 days 00:00:32.186000,0 days 00:00:21.952000,0 days 01:11:45.287000,0 days 01:12:17.473000,0 days 01:12:39.425000,296.0,221.0,282.0,303.0,False,HARD,32.0,True,Ferrari,0 days 01:11:27.697000,,1,9.0,,,False,True
0 days 01:13:50.255000,LEC,16,0 days 00:01:10.894000,34.0,2.0,,,0 days 00:00:17.288000,0 days 00:00:31.899000,0 days 00:00:21.707000,0 days 01:12:56.713000,0 days 01:13:28.612000,0 days 01:13:50.319000,315.0,228.0,279.0,307.0,False,HARD,33.0,True,Ferrari,0 days 01:12:39.361000,,1,9.0,,,False,True
0 days 01:15:01.240000,LEC,16,0 days 00:01:10.985000,35.0,2.0,,,0 days 00:00:17.484000,0 days 00:00:31.870000,0 days 00:00:21.631000,0 days 01:14:07.803000,0 days 01:14:39.673000,0 days 01:15:01.304000,314.0,228.0,279.0,314.0,False,HARD,34.0,True,Ferrari,0 days 01:13:50.255000,,1,9.0,,,False,True
0 days 01:16:12.409000,LEC,16,0 days 00:01:11.169000,36.0,2.0,,,0 days 00:00:17.411000,0 days 00:00:32.066000,0 days 00:00:21.692000,0 days 01:15:18.715000,0 days 01:15:50.781000,0 days 01:16:12.473000,313.0,221.0,279.0,313.0,False,HARD,35.0,True,Ferrari,0 days 01:15:01.240000,,1,8.0,,,False,True
0 days 01:17:26.400000,LEC,16,0 days 00:01:13.991000,37.0,2.0,,0 days 01:17:23.168000,0 days 00:00:17.388000,0 days 00:00:31.812000,0 days 00:00:24.791000,0 days 01:16:29.861000,0 days 01:17:01.673000,0 days 01:17:26.464000,306.0,220.0,,303.0,False,HARD,36.0,True,Ferrari,0 days 01:16:12.409000,,1,8.0,,,False,False
0 days 01:18:52.900000,LEC,16,0 days 00:01:26.500000,38.0,3.0,0 days 01:17:45.057000,,0 days 00:00:34.906000,0 days 00:00:30.470000,0 days 00:00:21.124000,0 days 01:18:01.370000,0 days 01:18:31.840000,0 days 01:18:52.964000,298.0,238.0,272.0,295.0,False,MEDIUM,1.0,True,Ferrari,0 days 01:17:26.400000,,1,14.0,,,False,False
0 days 01:20:02.244000,LEC,16,0 days 00:01:09.344000,39.0,3.0,,,0 days 00:00:17.451000,0 days 00:00:30.817000,0 days 00:00:21.076000,0 days 01:19:10.415000,0 days 01:19:41.232000,0 days 01:20:02.308000,294.0,228.0,278.0,297.0,True,MEDIUM,2.0,True,Ferrari,0 days 01:18:52.900000,,1,14.0,,,False,True
0 days 01:21:11.507000,LEC,16,0 days 00:01:09.263000,40.0,3.0,,,0 days 00:00:17.228000,0 days 00:00:30.934000,0 days 00:00:21.101000,0 days 01:20:19.536000,0 days 01:20:50.470000,0 days 01:21:11.571000,310.0,230.0,280.0,311.0,True,MEDIUM,3.0,True,Ferrari,0 days 01:20:02.244000,,1,14.0,,,False,True
0 days 01:22:20.340000,LEC,16,0 days 00:01:08.833000,41.0,3.0,,,0 days 00:00:17.254000,0 days 00:00:30.610000,0 days 00:00:20.969000,0 days 01:21:28.825000,0 days 01:21:59.435000,0 days 01:22:20.404000,313.0,234.0,273.0,317.0,True,MEDIUM,4.0,True,Ferrari,0 days 01:21:11.507000,,1,13.0,,,False,True
0 days 01:23:29.708000,LEC,16,0 days 00:01:09.368000,42.0,3.0,,,0 days 00:00:17.549000,0 days 00:00:30.848000,0 days 00:00:20.971000,0 days 01:22:37.953000,0 days 01:23:08.801000,0 days 01:23:29.772000,289.0,224.0,273.0,291.0,False,MEDIUM,5.0,True,Ferrari,0 days 01:22:20.340000,,1,12.0,,,False,True
0 days 01:24:38.904000,LEC,16,0 days 00:01:09.196000,43.0,3.0,,,0 days 00:00:17.491000,0 days 00:00:30.772000,0 days 00:00:20.933000,0 days 01:23:47.263000,0 days 01:24:18.035000,0 days 01:24:38.968000,294.0,232.0,274.0,295.0,False,MEDIUM,6.0,True,Ferrari,0 days 01:23:29.708000,,1,12.0,,,False,True
0 days 01:25:48.465000,LEC,16,0 days 00:01:09.561000,44.0,3.0,,,0 days 00:00:17.405000,0 days 00:00:31.026000,0 days 00:00:21.130000,0 days 01:24:56.373000,0 days 01:25:27.399000,0 days 01:25:48.529000,304.0,228.0,281.0,303.0,False,MEDIUM,7.0,True,Ferrari,0 days 01:24:38.904000,,1,12.0,,,False,True
0 days 01:26:57.512000,LEC,16,0 days 00:01:09.047000,45.0,3.0,,,0 days 00:00:17.239000,0 days 00:00:30.826000,0 days 00:00:20.982000,0 days 01:26:05.768000,0 days 01:26:36.594000,0 days 01:26:57.576000,319.0,235.0,271.0,309.0,False,MEDIUM,8.0,True,Ferrari,0 days 01:25:48.465000,,1,11.0,,,False,True
0 days 01:28:06.811000,LEC,16,0 days 00:01:09.299000,46.0,3.0,,,0 days 00:00:17.478000,0 days 00:00:30.873000,0 days 00:00:20.948000,0 days 01:27:15.054000,0 days 01:27:45.927000,0 days 01:28:06.875000,295.0,230.0,274.0,297.0,False,MEDIUM,9.0,True,Ferrari,0 days 01:26:57.512000,,1,11.0,,,False,True
0 days 01:29:16.268000,LEC,16,0 days 00:01:09.457000,47.0,3.0,,,0 days 00:00:17.564000,0 days 00:00:30.952000,0 days 00:00:20.941000,0 days 01:28:24.439000,0 days 01:28:55.391000,0 days 01:29:16.332000,294.0,229.0,275.0,298.0,False,MEDIUM,10.0,True,Ferrari,0 days 01:28:06.811000,,1,11.0,,,False,True
0 days 01:30:25.786000,LEC,16,0 days 00:01:09.518000,48.0,3.0,,,0 days 00:00:17.507000,0 days 00:00:30.968000,0 days 00:00:21.043000,0 days 01:29:33.839000,0 days 01:30:04.807000,0 days 01:30:25.850000,299.0,232.0,281.0,312.0,False,MEDIUM,11.0,True,Ferrari,0 days 01:29:16.268000,,1,11.0,,,False,True
0 days 01:31:35.197000,LEC,16,0 days 00:01:09.411000,49.0,3.0,,,0 days 00:00:17.217000,0 days 00:00:31.123000,0 days 00:00:21.071000,0 days 01:30:43.067000,0 days 01:31:14.190000,0 days 01:31:35.261000,313.0,230.0,276.0,318.0,False,MEDIUM,12.0,True,Ferrari,0 days 01:30:25.786000,,1,10.0,,,False,True
0 days 01:32:45.041000,LEC,16,0 days 00:01:09.844000,50.0,3.0,,,0 days 00:00:17.529000,0 days 00:00:31.337000,0 days 00:00:20.978000,0 days 01:31:52.790000,0 days 01:32:24.127000,0 days 01:32:45.105000,297.0,229.0,281.0,294.0,False,MEDIUM,13.0,True,Ferrari,0 days 01:31:35.197000,,1,10.0,,,False,True
0 days 01:33:55.009000,LEC,16,0 days 00:01:09.968000,51.0,3.0,,,0 days 00:00:17.286000,0 days 00:00:31.502000,0 days 00:00:21.180000,0 days 01:33:02.391000,0 days 01:33:33.893000,0 days 01:33:55.073000,308.0,218.0,281.0,305.0,False,MEDIUM,14.0,True,Ferrari,0 days 01:32:45.041000,,1,10.0,,,False,True
0 days 01:35:05.253000,LEC,16,0 days 00:01:10.244000,52.0,3.0,,,0 days 00:00:17.308000,0 days 00:00:31.530000,0 days 00:00:21.406000,0 days 01:34:12.381000,0 days 01:34:43.911000,0 days 01:35:05.317000,312.0,224.0,280.0,310.0,False,MEDIUM,15.0,True,Ferrari,0 days 01:33:55.009000,,1,10.0,,,False,True
0 days 01:36:15.621000,LEC,16,0 days 00:01:10.368000,53.0,3.0,,,0 days 00:00:17.213000,0 days 00:00:31.778000,0 days 00:00:21.377000,0 days 01:35:22.530000,0 days 01:35:54.308000,0 days 01:36:15.685000,313.0,218.0,281.0,321.0,False,MEDIUM,16.0,True,Ferrari,0 days 01:35:05.253000,,1,10.0,,,False,True
0 days 01:37:25.107000,LEC,16,0 days 00:01:09.486000,54.0,3.0,,,0 days 00:00:17.261000,0 days 00:00:31.043000,0 days 00:00:21.182000,0 days 01:36:32.946000,0 days 01:37:03.989000,0 days 01:37:25.171000,308.0,223.0,285.0,322.0,False,MEDIUM,17.0,True,Ferrari,0 days 01:36:15.621000,,1,9.0,,,False,True
0 days 01:38:33.981000,LEC,16,0 days 00:01:08.874000,55.0,3.0,,,0 days 00:00:17.144000,0 days 00:00:30.711000,0 days 00:00:21.019000,0 days 01:37:42.315000,0 days 01:38:13.026000,0 days 01:38:34.045000,314.0,232.0,273.0,312.0,False,MEDIUM,18.0,True,Ferrari,0 days 01:37:25.107000,,1,8.0,,,False,True
0 days 01:39:43.401000,LEC,16,0 days 00:01:09.420000,56.0,3.0,,,0 days 00:00:17.552000,0 days 00:00:30.917000,0 days 00:00:20.951000,0 days 01:38:51.597000,0 days 01:39:22.514000,0 days 01:39:43.465000,290.0,231.0,274.0,290.0,False,MEDIUM,19.0,True,Ferrari,0 days 01:38:33.981000,,1,8.0,,,False,True
0 days 01:40:52.531000,LEC,16,0 days 00:01:09.130000,57.0,3.0,,,0 days 00:00:17.324000,0 days 00:00:30.780000,0 days 00:00:21.026000,0 days 01:40:00.789000,0 days 01:40:31.569000,0 days 01:40:52.595000,300.0,236.0,282.0,297.0,False,MEDIUM,20.0,True,Ferrari,0 days 01:39:43.401000,,1,8.0,,,False,True
0 days 01:42:02.347000,LEC,16,0 days 00:01:09.816000,58.0,3.0,,,0 days 00:00:17.253000,0 days 00:00:31.292000,0 days 00:00:21.271000,0 days 01:41:09.848000,0 days 01:41:41.140000,0 days 01:42:02.411000,314.0,234.0,282.0,308.0,False,MEDIUM,21.0,True,Ferrari,0 days 01:40:52.531000,,1,8.0,,,False,True
0 days 01:43:11.436000,LEC,16,0 days 00:01:09.089000,59.0,3.0,,,0 days 00:00:17.211000,0 days 00:00:30.968000,0 days 00:00:20.910000,0 days 01:42:19.622000,0 days 01:42:50.590000,0 days 01:43:11.500000,322.0,234.0,274.0,303.0,False,MEDIUM,22.0,True,Ferrari,0 days 01:42:02.347000,,1,7.0,,,False,True
0 days 01:44:20.390000,LEC,16,0 days 00:01:08.954000,60.0,3.0,,,0 days 00:00:17.481000,0 days 00:00:30.701000,0 days 00:00:20.772000,0 days 01:43:28.981000,0 days 01:43:59.682000,0 days 01:44:20.454000,292.0,233.0,273.0,292.0,False,MEDIUM,23.0,True,Ferrari,0 days 01:43:11.436000,,1,7.0,,,False,True
0 days 01:45:29.400000,LEC,16,0 days 00:01:09.010000,61.0,3.0,,,0 days 00:00:17.510000,0 days 00:00:30.707000,0 days 00:00:20.793000,0 days 01:44:37.964000,0 days 01:45:08.671000,0 days 01:45:29.464000,293.0,232.0,275.0,292.0,False,MEDIUM,24.0,True,Ferrari,0 days 01:44:20.390000,,1,7.0,,,False,True
0 days 01:46:38.325000,LEC,16,0 days 00:01:08.925000,62.0,3.0,,,0 days 00:00:17.469000,0 days 00:00:30.744000,0 days 00:00:20.712000,0 days 01:45:46.933000,0 days 01:46:17.677000,0 days 01:46:38.389000,295.0,232.0,274.0,294.0,False,MEDIUM,25.0,True,Ferrari,0 days 01:45:29.400000,,1,7.0,,,False,True
0 days 01:47:47.196000,LEC,16,0 days 00:01:08.871000,63.0,3.0,,,0 days 00:00:17.539000,0 days 00:00:30.681000,0 days 00:00:20.651000,0 days 01:46:55.928000,0 days 01:47:26.609000,0 days 01:47:47.260000,290.0,234.0,274.0,289.0,False,MEDIUM,26.0,True,Ferrari,0 days 01:46:38.325000,,1,7.0,,,False,True
0 days 01:48:55.934000,LEC,16,0 days 00:01:08.738000,64.0,3.0,,,0 days 00:00:17.419000,0 days 00:00:30.598000,0 days 00:00:20.721000,0 days 01:48:04.679000,0 days 01:48:35.277000,0 days 01:48:55.998000,291.0,234.0,274.0,291.0,True,MEDIUM,27.0,True,Ferrari,0 days 01:47:47.196000,,1,7.0,,,False,True
0 days 01:50:04.814000,LEC,16,0 days 00:01:08.880000,65.0,3.0,,,0 days 00:00:17.503000,0 days 00:00:30.752000,0 days 00:00:20.625000,0 days 01:49:13.501000,0 days 01:49:44.253000,0 days 01:50:04.878000,291.0,235.0,274.0,291.0,False,MEDIUM,28.0,True,Ferrari,0 days 01:48:55.934000,,1,7.0,,,False,True
0 days 01:51:13.661000,LEC,16,0 days 00:01:08.847000,66.0,3.0,,,0 days 00:00:17.521000,0 days 00:00:30.677000,0 days 00:00:20.649000,0 days 01:50:22.399000,0 days 01:50:53.076000,0 days 01:51:13.725000,292.0,236.0,274.0,292.0,False,MEDIUM,29.0,True,Ferrari,0 days 01:50:04.814000,,1,7.0,,,False,True
0 days 01:52:22.630000,LEC,16,0 days 00:01:08.969000,67.0,3.0,,,0 days 00:00:17.591000,0 days 00:00:30.720000,0 days 00:00:20.658000,0 days 01:51:31.316000,0 days 01:52:02.036000,0 days 01:52:22.694000,293.0,237.0,275.0,293.0,False,MEDIUM,30.0,True,Ferrari,0 days 01:51:13.661000,,1,7.0,,,False,True
0 days 01:53:31.422000,LEC,16,0 days 00:01:08.792000,68.0,3.0,,,0 days 00:00:17.501000,0 days 00:00:30.622000,0 days 00:00:20.669000,0 days 01:52:40.195000,0 days 01:53:10.817000,0 days 01:53:31.486000,291.0,235.0,273.0,290.0,False,MEDIUM,31.0,True,Ferrari,0 days 01:52:22.630000,,1,7.0,,,False,True
0 days 01:54:40.778000,LEC,16,0 days 00:01:09.356000,69.0,3.0,,,0 days 00:00:17.568000,0 days 00:00:31.017000,0 days 00:00:20.771000,0 days 01:53:49.054000,0 days 01:54:20.071000,0 days 01:54:40.842000,294.0,237.0,274.0,294.0,False,MEDIUM,32.0,True,Ferrari,0 days 01:53:31.422000,,1,7.0,,,False,True
0 days 01:55:49.589000,LEC,16,0 days 00:01:08.811000,70.0,3.0,,,0 days 00:00:17.576000,0 days 00:00:30.633000,0 days 00:00:20.602000,0 days 01:54:58.418000,0 days 01:55:29.051000,0 days 01:55:49.653000,293.0,236.0,274.0,294.0,False,MEDIUM,33.0,True,Ferrari,0 days 01:54:40.778000,,1,7.0,,,False,True
0 days 00:34:23.391000,STR,18,0 days 00:01:17.559000,1.0,1.0,,,,0 days 00:00:32.571000,0 days 00:00:22.840000,,0 days 00:34:00.681000,0 days 00:34:23.599000,297.0,218.0,271.0,303.0,False,SOFT,4.0,False,Aston Martin,0 days 00:33:05.677000,,12,6.0,,,False,False
0 days 00:35:35.136000,STR,18,0 days 00:01:11.745000,2.0,1.0,,,0 days 00:00:17.780000,0 days 00:00:31.923000,0 days 00:00:22.042000,0 days 00:34:41.238000,0 days 00:35:13.161000,0 days 00:35:35.203000,287.0,220.0,271.0,288.0,True,SOFT,5.0,False,Aston Martin,0 days 00:34:23.391000,,1,6.0,,,False,True
0 days 00:36:46.622000,STR,18,0 days 00:01:11.486000,3.0,1.0,,,0 days 00:00:17.886000,0 days 00:00:31.738000,0 days 00:00:21.862000,0 days 00:35:53.089000,0 days 00:36:24.827000,0 days 00:36:46.689000,288.0,220.0,271.0,295.0,True,SOFT,6.0,False,Aston Martin,0 days 00:35:35.136000,,1,6.0,,,False,True
0 days 00:39:09.136000,STR,18,0 days 00:02:22.514000,4.0,1.0,,,0 days 00:01:29.108000,0 days 00:00:31.642000,0 days 00:00:21.764000,0 days 00:38:15.797000,0 days 00:38:47.439000,0 days 00:39:09.203000,285.0,222.0,272.0,286.0,False,SOFT,7.0,False,Aston Martin,0 days 00:36:46.622000,,1,19.0,,,False,True
0 days 00:39:09.136000,STR,18,,5.0,1.0,,,0 days 00:00:17.687000,0 days 00:00:31.645000,0 days 00:00:21.919000,0 days 00:39:26.915000,0 days 00:39:58.539000,0 days 00:40:20.574000,290.0,218.0,269.0,289.0,False,SOFT,8.0,False,Aston Martin,0 days 00:39:09.136000,,1,6.0,,,False,False
0 days 00:40:20.387000,STR,18,0 days 00:01:11.251000,6.0,1.0,,,,,,,,,290.0,218.0,269.0,289.0,False,SOFT,9.0,False,Aston Martin,0 days 00:39:09.136000,,1,6.0,,,False,False
0 days 00:41:32.037000,STR,18,0 days 00:01:11.650000,7.0,1.0,,,0 days 00:00:17.835000,0 days 00:00:31.914000,0 days 00:00:21.901000,0 days 00:40:38.289000,0 days 00:41:10.203000,0 days 00:41:32.104000,288.0,218.0,269.0,286.0,False,SOFT,10.0,False,Aston Martin,0 days 00:40:20.387000,,1,6.0,,,False,True
0 days 00:42:43.590000,STR,18,0 days 00:01:11.553000,8.0,1.0,,,,,0 days 00:00:21.838000,,,0 days 00:42:43.759000,288.0,221.0,269.0,288.0,False,SOFT,11.0,False,Aston Martin,0 days 00:41:32.037000,,1,6.0,,,False,False
0 days 00:43:55.050000,STR,18,0 days 00:01:11.460000,9.0,1.0,,,0 days 00:00:17.910000,0 days 00:00:31.762000,0 days 00:00:21.788000,0 days 00:43:01.567000,0 days 00:43:33.329000,0 days 00:43:55.117000,286.0,221.0,270.0,286.0,False,SOFT,12.0,False,Aston Martin,0 days 00:42:43.590000,,1,6.0,,,False,True
0 days 00:45:06.434000,STR,18,0 days 00:01:11.384000,10.0,1.0,,,0 days 00:00:17.834000,0 days 00:00:31.670000,0 days 00:00:21.880000,0 days 00:44:12.951000,0 days 00:44:44.621000,0 days 00:45:06.501000,285.0,221.0,270.0,289.0,False,SOFT,13.0,False,Aston Martin,0 days 00:43:55.050000,,1,6.0,,,False,True
0 days 00:46:18.337000,STR,18,0 days 00:01:11.903000,11.0,1.0,,,0 days 00:00:17.948000,0 days 00:00:31.871000,0 days 00:00:22.084000,0 days 00:45:24.449000,0 days 00:45:56.320000,0 days 00:46:18.404000,287.0,220.0,269.0,287.0,False,SOFT,14.0,False,Aston Martin,0 days 00:45:06.434000,,1,6.0,,,False,True
0 days 00:47:30.659000,STR,18,0 days 00:01:12.322000,12.0,1.0,,,0 days 00:00:18.017000,0 days 00:00:32.108000,0 days 00:00:22.197000,0 days 00:46:36.421000,0 days 00:47:08.529000,0 days 00:47:30.726000,283.0,220.0,270.0,286.0,False,SOFT,15.0,False,Aston Martin,0 days 00:46:18.337000,,1,6.0,,,False,True
0 days 00:48:42.567000,STR,18,0 days 00:01:11.908000,13.0,1.0,,,0 days 00:00:17.894000,0 days 00:00:31.973000,0 days 00:00:22.041000,0 days 00:47:48.620000,0 days 00:48:20.593000,0 days 00:48:42.634000,287.0,221.0,270.0,289.0,False,SOFT,16.0,False,Aston Martin,0 days 00:47:30.659000,,1,6.0,,,False,True
0 days 00:49:54.373000,STR,18,0 days 00:01:11.806000,14.0,1.0,,,0 days 00:00:17.885000,0 days 00:00:31.960000,0 days 00:00:21.961000,0 days 00:49:00.519000,0 days 00:49:32.479000,0 days 00:49:54.440000,286.0,223.0,270.0,283.0,False,SOFT,17.0,False,Aston Martin,0 days 00:48:42.567000,,1,6.0,,,False,True
0 days 00:51:06.016000,STR,18,0 days 00:01:11.643000,15.0,1.0,,,0 days 00:00:17.924000,0 days 00:00:31.780000,0 days 00:00:21.939000,0 days 00:50:12.364000,0 days 00:50:44.144000,0 days 00:51:06.083000,284.0,222.0,271.0,287.0,False,SOFT,18.0,False,Aston Martin,0 days 00:49:54.373000,,1,6.0,,,False,True
0 days 00:52:17.583000,STR,18,0 days 00:01:11.567000,16.0,1.0,,,0 days 00:00:17.852000,0 days 00:00:31.874000,0 days 00:00:21.841000,0 days 00:51:23.935000,0 days 00:51:55.809000,0 days 00:52:17.650000,287.0,222.0,272.0,291.0,False,SOFT,19.0,False,Aston Martin,0 days 00:51:06.016000,,1,6.0,,,False,True
0 days 00:53:29.197000,STR,18,0 days 00:01:11.614000,17.0,1.0,,,0 days 00:00:17.957000,0 days 00:00:31.932000,0 days 00:00:21.725000,0 days 00:52:35.607000,0 days 00:53:07.539000,0 days 00:53:29.264000,284.0,224.0,271.0,289.0,False,SOFT,20.0,False,Aston Martin,0 days 00:52:17.583000,,1,6.0,,,False,True
0 days 00:54:40.846000,STR,18,0 days 00:01:11.649000,18.0,1.0,,,0 days 00:00:17.905000,0 days 00:00:31.946000,0 days 00:00:21.798000,0 days 00:53:47.169000,0 days 00:54:19.115000,0 days 00:54:40.913000,286.0,222.0,271.0,286.0,False,SOFT,21.0,False,Aston Martin,0 days 00:53:29.197000,,1,6.0,,,False,True
0 days 00:55:52.482000,STR,18,0 days 00:01:11.636000,19.0,1.0,,,0 days 00:00:17.867000,0 days 00:00:31.876000,0 days 00:00:21.893000,0 days 00:54:58.780000,0 days 00:55:30.656000,0 days 00:55:52.549000,287.0,222.0,269.0,289.0,False,SOFT,22.0,False,Aston Martin,0 days 00:54:40.846000,,1,6.0,,,False,True
0 days 00:57:03.932000,STR,18,0 days 00:01:11.450000,20.0,1.0,,,0 days 00:00:17.876000,0 days 00:00:31.732000,0 days 00:00:21.842000,0 days 00:56:10.425000,0 days 00:56:42.157000,0 days 00:57:03.999000,286.0,223.0,270.0,289.0,False,SOFT,23.0,False,Aston Martin,0 days 00:55:52.482000,,1,6.0,,,False,True
0 days 00:58:15.500000,STR,18,0 days 00:01:11.568000,21.0,1.0,,,0 days 00:00:17.858000,0 days 00:00:31.816000,0 days 00:00:21.894000,0 days 00:57:21.857000,0 days 00:57:53.673000,0 days 00:58:15.567000,287.0,222.0,270.0,286.0,False,SOFT,24.0,False,Aston Martin,0 days 00:57:03.932000,,1,6.0,,,False,True
0 days 00:59:26.901000,STR,18,0 days 00:01:11.401000,22.0,1.0,,,0 days 00:00:17.829000,0 days 00:00:31.808000,0 days 00:00:21.764000,0 days 00:58:33.396000,0 days 00:59:05.204000,0 days 00:59:26.968000,283.0,221.0,271.0,285.0,False,SOFT,25.0,False,Aston Martin,0 days 00:58:15.500000,,1,6.0,,,False,True
0 days 01:00:38.223000,STR,18,0 days 00:01:11.322000,23.0,1.0,,,0 days 00:00:17.899000,0 days 00:00:31.742000,0 days 00:00:21.681000,0 days 00:59:44.867000,0 days 01:00:16.609000,0 days 01:00:38.290000,283.0,224.0,271.0,285.0,False,SOFT,26.0,False,Aston Martin,0 days 00:59:26.901000,,1,6.0,,,False,True
0 days 01:01:49.470000,STR,18,0 days 00:01:11.247000,24.0,1.0,,,0 days 00:00:17.721000,0 days 00:00:31.801000,0 days 00:00:21.725000,0 days 01:00:56.011000,0 days 01:01:27.812000,0 days 01:01:49.537000,284.0,222.0,271.0,286.0,False,SOFT,27.0,False,Aston Martin,0 days 01:00:38.223000,,1,6.0,,,False,True
0 days 01:03:00.825000,STR,18,0 days 00:01:11.355000,25.0,1.0,,,0 days 00:00:17.827000,0 days 00:00:31.744000,0 days 00:00:21.784000,0 days 01:02:07.364000,0 days 01:02:39.108000,0 days 01:03:00.892000,287.0,223.0,270.0,286.0,False,SOFT,28.0,False,Aston Martin,0 days 01:01:49.470000,,1,6.0,,,False,True
0 days 01:04:12.494000,STR,18,0 days 00:01:11.669000,26.0,1.0,,,0 days 00:00:17.784000,0 days 00:00:32.009000,0 days 00:00:21.876000,0 days 01:03:18.676000,0 days 01:03:50.685000,0 days 01:04:12.561000,283.0,221.0,276.0,285.0,False,SOFT,29.0,False,Aston Martin,0 days 01:03:00.825000,,1,6.0,,,False,True
0 days 01:05:23.999000,STR,18,0 days 00:01:11.505000,27.0,1.0,,,0 days 00:00:17.683000,0 days 00:00:31.952000,0 days 00:00:21.870000,0 days 01:04:30.244000,0 days 01:05:02.196000,0 days 01:05:24.066000,285.0,223.0,270.0,286.0,False,SOFT,30.0,False,Aston Martin,0 days 01:04:12.494000,,1,6.0,,,False,True
0 days 01:06:38.630000,STR,18,0 days 00:01:14.631000,28.0,1.0,,0 days 01:06:35.688000,0 days 00:00:17.817000,0 days 00:00:31.857000,0 days 00:00:24.957000,0 days 01:05:41.883000,0 days 01:06:13.740000,0 days 01:06:38.697000,285.0,222.0,,284.0,False,SOFT,31.0,False,Aston Martin,0 days 01:05:23.999000,,1,7.0,,,False,False
0 days 01:08:05.107000,STR,18,0 days 00:01:26.477000,29.0,2.0,0 days 01:06:56.604000,,0 days 00:00:33.899000,0 days 00:00:31.177000,0 days 00:00:21.401000,0 days 01:07:12.596000,0 days 01:07:43.773000,0 days 01:08:05.174000,289.0,226.0,269.0,285.0,False,HARD,1.0,True,Aston Martin,0 days 01:06:38.630000,,1,11.0,,,False,False
0 days 01:09:15.516000,STR,18,0 days 00:01:10.409000,30.0,2.0,,,0 days 00:00:17.659000,0 days 00:00:31.165000,0 days 00:00:21.585000,0 days 01:08:22.833000,0 days 01:08:53.998000,0 days 01:09:15.583000,285.0,226.0,269.0,285.0,True,HARD,2.0,True,Aston Martin,0 days 01:08:05.107000,,1,11.0,,,False,True
0 days 01:10:25.704000,STR,18,0 days 00:01:10.188000,31.0,2.0,,,0 days 00:00:17.641000,0 days 00:00:31.096000,0 days 00:00:21.451000,0 days 01:09:33.224000,0 days 01:10:04.320000,0 days 01:10:25.771000,288.0,225.0,271.0,289.0,True,HARD,3.0,True,Aston Martin,0 days 01:09:15.516000,,1,11.0,,,False,True
0 days 01:11:35.491000,STR,18,0 days 00:01:09.787000,32.0,2.0,,,0 days 00:00:17.521000,0 days 00:00:31.046000,0 days 00:00:21.220000,0 days 01:10:43.292000,0 days 01:11:14.338000,0 days 01:11:35.558000,287.0,225.0,272.0,288.0,True,HARD,4.0,True,Aston Martin,0 days 01:10:25.704000,,1,11.0,,,False,True
0 days 01:12:45.636000,STR,18,,33.0,2.0,,,0 days 00:01:27.677000,0 days 00:00:31.160000,0 days 00:00:21.500000,0 days 01:13:03.276000,0 days 01:12:24.267000,0 days 01:13:17.935000,288.0,223.0,272.0,287.0,False,HARD,5.0,True,Aston Martin,0 days 01:11:35.491000,,1,11.0,,,False,False
0 days 01:13:55.936000,STR,18,0 days 00:01:10.300000,34.0,2.0,,,,0 days 00:00:31.177000,0 days 00:00:21.599000,,0 days 01:13:34.427000,0 days 01:13:56.136000,288.0,225.0,273.0,291.0,False,HARD,6.0,True,Aston Martin,0 days 01:12:45.636000,,1,11.0,,,False,False
0 days 01:15:06.446000,STR,18,0 days 00:01:10.510000,35.0,2.0,,,0 days 00:00:17.573000,0 days 00:00:31.368000,0 days 00:00:21.569000,0 days 01:14:13.576000,0 days 01:14:44.944000,0 days 01:15:06.513000,286.0,224.0,275.0,290.0,False,HARD,7.0,True,Aston Martin,0 days 01:13:55.936000,,1,11.0,,,False,True
0 days 01:16:16.708000,STR,18,0 days 00:01:10.262000,36.0,2.0,,,0 days 00:00:17.533000,0 days 00:00:31.332000,0 days 00:00:21.397000,0 days 01:15:24.046000,0 days 01:15:55.378000,0 days 01:16:16.775000,289.0,225.0,275.0,291.0,False,HARD,8.0,True,Aston Martin,0 days 01:15:06.446000,,1,10.0,,,False,True
0 days 01:17:26.589000,STR,18,0 days 00:01:09.881000,37.0,2.0,,,0 days 00:00:17.437000,0 days 00:00:31.064000,0 days 00:00:21.380000,0 days 01:16:34.212000,0 days 01:17:05.276000,0 days 01:17:26.656000,288.0,224.0,273.0,290.0,False,HARD,9.0,True,Aston Martin,0 days 01:16:16.708000,,1,9.0,,,False,True
0 days 01:18:36.837000,STR,18,0 days 00:01:10.248000,38.0,2.0,,,0 days 00:00:17.575000,0 days 00:00:31.194000,0 days 00:00:21.479000,0 days 01:17:44.231000,0 days 01:18:15.425000,0 days 01:18:36.904000,286.0,225.0,271.0,286.0,False,HARD,10.0,True,Aston Martin,0 days 01:17:26.589000,,1,8.0,,,False,True
0 days 01:19:46.803000,STR,18,0 days 00:01:09.966000,39.0,2.0,,,0 days 00:00:17.560000,0 days 00:00:31.071000,0 days 00:00:21.335000,0 days 01:18:54.464000,0 days 01:19:25.535000,0 days 01:19:46.870000,286.0,226.0,272.0,290.0,False,HARD,11.0,True,Aston Martin,0 days 01:18:36.837000,,1,8.0,,,False,True
0 days 01:20:56.859000,STR,18,0 days 00:01:10.056000,40.0,2.0,,,0 days 00:00:17.534000,0 days 00:00:31.181000,0 days 00:00:21.341000,0 days 01:20:04.404000,0 days 01:20:35.585000,0 days 01:20:56.926000,285.0,225.0,273.0,287.0,False,HARD,12.0,True,Aston Martin,0 days 01:19:46.803000,,1,8.0,,,False,True
0 days 01:22:06.924000,STR,18,0 days 00:01:10.065000,41.0,2.0,,,0 days 00:00:17.551000,0 days 00:00:31.192000,0 days 00:00:21.322000,0 days 01:21:14.477000,0 days 01:21:45.669000,0 days 01:22:06.991000,288.0,226.0,273.0,290.0,False,HARD,13.0,True,Aston Martin,0 days 01:20:56.859000,,1,7.0,,,False,True
0 days 01:23:18.459000,STR,18,0 days 00:01:11.535000,42.0,2.0,,,0 days 00:00:17.561000,0 days 00:00:32.688000,0 days 00:00:21.286000,0 days 01:22:24.552000,0 days 01:22:57.240000,0 days 01:23:18.526000,283.0,224.0,275.0,215.0,False,HARD,14.0,True,Aston Martin,0 days 01:22:06.924000,,1,6.0,,,False,True
0 days 01:24:28.270000,STR,18,0 days 00:01:09.811000,43.0,2.0,,,0 days 00:00:17.564000,0 days 00:00:31.128000,0 days 00:00:21.119000,0 days 01:23:36.090000,0 days 01:24:07.218000,0 days 01:24:28.337000,297.0,224.0,273.0,297.0,False,HARD,15.0,True,Aston Martin,0 days 01:23:18.459000,,1,6.0,,,False,True
0 days 01:25:40.458000,STR,18,0 days 00:01:12.188000,44.0,2.0,,,0 days 00:00:17.575000,0 days 00:00:32.125000,0 days 00:00:22.488000,0 days 01:24:45.912000,0 days 01:25:18.037000,0 days 01:25:40.525000,287.0,222.0,279.0,286.0,False,HARD,16.0,True,Aston Martin,0 days 01:24:28.270000,,1,7.0,,,False,True
0 days 01:26:50.819000,STR,18,0 days 00:01:10.361000,45.0,2.0,,,0 days 00:00:17.133000,0 days 00:00:31.617000,0 days 00:00:21.611000,0 days 01:25:57.658000,0 days 01:26:29.275000,0 days 01:26:50.886000,306.0,224.0,275.0,301.0,False,HARD,17.0,True,Aston Martin,0 days 01:25:40.458000,,1,7.0,,,False,True
0 days 01:28:00.927000,STR,18,0 days 00:01:10.108000,46.0,2.0,,,0 days 00:00:17.540000,0 days 00:00:31.261000,0 days 00:00:21.307000,0 days 01:27:08.426000,0 days 01:27:39.687000,0 days 01:28:00.994000,289.0,223.0,275.0,292.0,False,HARD,18.0,True,Aston Martin,0 days 01:26:50.819000,,1,7.0,,,False,True
0 days 01:29:11.034000,STR,18,0 days 00:01:10.107000,47.0,2.0,,,0 days 00:00:17.577000,0 days 00:00:31.225000,0 days 00:00:21.305000,0 days 01:28:18.571000,0 days 01:28:49.796000,0 days 01:29:11.101000,286.0,225.0,275.0,292.0,False,HARD,19.0,True,Aston Martin,0 days 01:28:00.927000,,1,7.0,,,False,True
0 days 01:30:21.119000,STR,18,0 days 00:01:10.085000,48.0,2.0,,,0 days 00:00:17.550000,0 days 00:00:31.228000,0 days 00:00:21.307000,0 days 01:29:28.651000,0 days 01:29:59.879000,0 days 01:30:21.186000,281.0,223.0,275.0,289.0,False,HARD,20.0,True,Aston Martin,0 days 01:29:11.034000,,1,7.0,,,False,True
0 days 01:31:31.510000,STR,18,0 days 00:01:10.391000,49.0,2.0,,,0 days 00:00:17.564000,0 days 00:00:31.398000,0 days 00:00:21.429000,0 days 01:30:38.750000,0 days 01:31:10.148000,0 days 01:31:31.577000,284.0,227.0,273.0,283.0,False,HARD,21.0,True,Aston Martin,0 days 01:30:21.119000,,1,7.0,,,False,True
0 days 01:32:41.469000,STR,18,0 days 00:01:09.959000,50.0,2.0,,,0 days 00:00:17.572000,0 days 00:00:31.121000,0 days 00:00:21.266000,0 days 01:31:49.149000,0 days 01:32:20.270000,0 days 01:32:41.536000,285.0,226.0,273.0,287.0,False,HARD,22.0,True,Aston Martin,0 days 01:31:31.510000,,1,7.0,,,False,True
0 days 01:33:51.595000,STR,18,0 days 00:01:10.126000,51.0,2.0,,,0 days 00:00:17.454000,0 days 00:00:31.341000,0 days 00:00:21.331000,0 days 01:32:58.990000,0 days 01:33:30.331000,0 days 01:33:51.662000,288.0,223.0,274.0,286.0,False,HARD,23.0,True,Aston Martin,0 days 01:32:41.469000,,1,7.0,,,False,True
0 days 01:35:01.830000,STR,18,0 days 00:01:10.235000,52.0,2.0,,,0 days 00:00:17.530000,0 days 00:00:31.410000,0 days 00:00:21.295000,0 days 01:34:09.192000,0 days 01:34:40.602000,0 days 01:35:01.897000,288.0,224.0,273.0,286.0,False,HARD,24.0,True,Aston Martin,0 days 01:33:51.595000,,1,7.0,,,False,True
0 days 01:36:11.880000,STR,18,0 days 00:01:10.050000,53.0,2.0,,,0 days 00:00:17.534000,0 days 00:00:31.157000,0 days 00:00:21.359000,0 days 01:35:19.431000,0 days 01:35:50.588000,0 days 01:36:11.947000,291.0,226.0,274.0,291.0,False,HARD,25.0,True,Aston Martin,0 days 01:35:01.830000,,1,7.0,,,False,True
0 days 01:37:22.145000,STR,18,0 days 00:01:10.265000,54.0,2.0,,,0 days 00:00:17.501000,0 days 00:00:31.484000,0 days 00:00:21.280000,0 days 01:36:29.448000,0 days 01:37:00.932000,0 days 01:37:22.212000,292.0,226.0,274.0,288.0,False,HARD,26.0,True,Aston Martin,0 days 01:36:11.880000,,1,7.0,,,False,True
0 days 01:38:32.056000,STR,18,0 days 00:01:09.911000,55.0,2.0,,,0 days 00:00:17.471000,0 days 00:00:31.185000,0 days 00:00:21.255000,0 days 01:37:39.683000,0 days 01:38:10.868000,0 days 01:38:32.123000,287.0,226.0,275.0,286.0,False,HARD,27.0,True,Aston Martin,0 days 01:37:22.145000,,1,7.0,,,False,True
0 days 01:39:41.959000,STR,18,0 days 00:01:09.903000,56.0,2.0,,,0 days 00:00:17.498000,0 days 00:00:31.214000,0 days 00:00:21.191000,0 days 01:38:49.621000,0 days 01:39:20.835000,0 days 01:39:42.026000,289.0,226.0,275.0,287.0,False,HARD,28.0,True,Aston Martin,0 days 01:38:32.056000,,1,7.0,,,False,True
0 days 01:40:51.836000,STR,18,0 days 00:01:09.877000,57.0,2.0,,,0 days 00:00:17.465000,0 days 00:00:31.181000,0 days 00:00:21.231000,0 days 01:39:59.491000,0 days 01:40:30.672000,0 days 01:40:51.903000,289.0,230.0,276.0,288.0,False,HARD,29.0,True,Aston Martin,0 days 01:39:41.959000,,1,7.0,,,False,True
0 days 01:42:01.822000,STR,18,0 days 00:01:09.986000,58.0,2.0,,,0 days 00:00:17.480000,0 days 00:00:31.280000,0 days 00:00:21.226000,0 days 01:41:09.383000,0 days 01:41:40.663000,0 days 01:42:01.889000,291.0,226.0,273.0,287.0,False,HARD,30.0,True,Aston Martin,0 days 01:40:51.836000,,1,7.0,,,False,True
0 days 01:43:12.912000,STR,18,0 days 00:01:11.090000,59.0,2.0,,,0 days 00:00:17.553000,0 days 00:00:32.190000,0 days 00:00:21.347000,0 days 01:42:19.442000,0 days 01:42:51.632000,0 days 01:43:12.979000,289.0,223.0,276.0,292.0,False,HARD,31.0,True,Aston Martin,0 days 01:42:01.822000,,1,8.0,,,False,True
0 days 01:44:23.277000,STR,18,0 days 00:01:10.365000,60.0,2.0,,,0 days 00:00:17.617000,0 days 00:00:31.517000,0 days 00:00:21.231000,0 days 01:43:30.596000,0 days 01:44:02.113000,0 days 01:44:23.344000,285.0,224.0,276.0,283.0,False,HARD,32.0,True,Aston Martin,0 days 01:43:12.912000,,1,8.0,,,False,True
0 days 01:45:33.184000,STR,18,0 days 00:01:09.907000,61.0,2.0,,,0 days 00:00:17.518000,0 days 00:00:31.225000,0 days 00:00:21.164000,0 days 01:44:40.862000,0 days 01:45:12.087000,0 days 01:45:33.251000,289.0,225.0,275.0,286.0,False,HARD,33.0,True,Aston Martin,0 days 01:44:23.277000,,1,8.0,,,False,True
0 days 01:46:43.037000,STR,18,0 days 00:01:09.853000,62.0,2.0,,,0 days 00:00:17.514000,0 days 00:00:31.254000,0 days 00:00:21.085000,0 days 01:45:50.765000,0 days 01:46:22.019000,0 days 01:46:43.104000,286.0,223.0,277.0,285.0,False,HARD,34.0,True,Aston Martin,0 days 01:45:33.184000,,1,8.0,,,False,True
0 days 01:47:52.979000,STR,18,0 days 00:01:09.942000,63.0,2.0,,,0 days 00:00:17.465000,0 days 00:00:31.336000,0 days 00:00:21.141000,0 days 01:47:00.569000,0 days 01:47:31.905000,0 days 01:47:53.046000,285.0,227.0,276.0,282.0,False,HARD,35.0,True,Aston Martin,0 days 01:46:43.037000,,1,8.0,,,False,True
0 days 01:49:02.901000,STR,18,0 days 00:01:09.922000,64.0,2.0,,,0 days 00:00:17.545000,0 days 00:00:31.285000,0 days 00:00:21.092000,0 days 01:48:10.591000,0 days 01:48:41.876000,0 days 01:49:02.968000,282.0,223.0,277.0,282.0,False,HARD,36.0,True,Aston Martin,0 days 01:47:52.979000,,1,8.0,,,False,True
0 days 01:50:12.853000,STR,18,0 days 00:01:09.952000,65.0,2.0,,,0 days 00:00:17.518000,0 days 00:00:31.347000,0 days 00:00:21.087000,0 days 01:49:20.486000,0 days 01:49:51.833000,0 days 01:50:12.920000,290.0,225.0,278.0,284.0,False,HARD,37.0,True,Aston Martin,0 days 01:49:02.901000,,1,8.0,,,False,True
0 days 01:51:22.977000,STR,18,0 days 00:01:10.124000,66.0,2.0,,,0 days 00:00:17.564000,0 days 00:00:31.315000,0 days 00:00:21.245000,0 days 01:50:30.484000,0 days 01:51:01.799000,0 days 01:51:23.044000,287.0,225.0,277.0,286.0,False,HARD,38.0,True,Aston Martin,0 days 01:50:12.853000,,1,8.0,,,False,True
0 days 01:52:33.057000,STR,18,0 days 00:01:10.080000,67.0,2.0,,,0 days 00:00:17.565000,0 days 00:00:31.396000,0 days 00:00:21.119000,0 days 01:51:40.609000,0 days 01:52:12.005000,0 days 01:52:33.124000,287.0,226.0,277.0,285.0,False,HARD,39.0,True,Aston Martin,0 days 01:51:22.977000,,1,8.0,,,False,True
0 days 01:53:43.107000,STR,18,0 days 00:01:10.050000,68.0,2.0,,,0 days 00:00:17.514000,0 days 00:00:31.366000,0 days 00:00:21.170000,0 days 01:52:50.638000,0 days 01:53:22.004000,0 days 01:53:43.174000,288.0,226.0,277.0,287.0,False,HARD,40.0,True,Aston Martin,0 days 01:52:33.057000,,1,8.0,,,False,True
0 days 01:54:54.952000,STR,18,0 days 00:01:11.845000,69.0,2.0,,,0 days 00:00:17.552000,0 days 00:00:32.335000,0 days 00:00:21.958000,0 days 01:54:00.726000,0 days 01:54:33.061000,0 days 01:54:55.019000,284.0,225.0,283.0,296.0,False,HARD,41.0,True,Aston Martin,0 days 01:53:43.107000,,1,8.0,,,False,True
0 days 01:56:04.945000,STR,18,0 days 00:01:09.993000,70.0,2.0,,,0 days 00:00:17.189000,0 days 00:00:31.435000,0 days 00:00:21.369000,0 days 01:55:12.208000,0 days 01:55:43.643000,0 days 01:56:05.012000,321.0,228.0,276.0,295.0,False,HARD,42.0,True,Aston Martin,0 days 01:54:54.952000,,1,8.0,,,False,True
0 days 00:34:23.986000,ALO,14,0 days 00:01:18.154000,1.0,1.0,,,,0 days 00:00:32.825000,0 days 00:00:23.292000,,0 days 00:34:00.771000,0 days 00:34:24.196000,295.0,207.0,269.0,304.0,False,SOFT,4.0,False,Alpine,0 days 00:33:05.677000,,12,7.0,,,False,False
0 days 00:35:36.197000,ALO,14,0 days 00:01:12.211000,2.0,1.0,,,0 days 00:00:17.787000,0 days 00:00:32.257000,0 days 00:00:22.167000,0 days 00:34:41.833000,0 days 00:35:14.090000,0 days 00:35:36.257000,294.0,218.0,267.0,293.0,True,SOFT,5.0,False,Alpine,0 days 00:34:23.986000,,1,7.0,,,False,True
0 days 00:36:48.249000,ALO,14,0 days 00:01:12.052000,3.0,1.0,,,0 days 00:00:17.812000,0 days 00:00:32.035000,0 days 00:00:22.205000,0 days 00:35:54.069000,0 days 00:36:26.104000,0 days 00:36:48.309000,293.0,219.0,267.0,294.0,True,SOFT,6.0,False,Alpine,0 days 00:35:36.197000,,1,7.0,,,False,True
0 days 00:37:59.673000,ALO,14,0 days 00:01:11.424000,4.0,1.0,,,0 days 00:00:17.811000,0 days 00:00:31.755000,0 days 00:00:21.858000,0 days 00:37:06.120000,0 days 00:37:37.875000,0 days 00:37:59.733000,292.0,220.0,268.0,293.0,True,SOFT,7.0,False,Alpine,0 days 00:36:48.249000,,1,6.0,,,False,True
0 days 00:39:11.076000,ALO,14,0 days 00:01:11.403000,5.0,1.0,,,0 days 00:00:17.756000,0 days 00:00:31.822000,0 days 00:00:21.825000,0 days 00:38:17.489000,0 days 00:38:49.311000,0 days 00:39:11.136000,292.0,218.0,268.0,294.0,True,SOFT,8.0,False,Alpine,0 days 00:37:59.673000,,1,7.0,,,False,True
0 days 00:40:22.455000,ALO,14,0 days 00:01:11.379000,6.0,1.0,,,0 days 00:00:17.777000,0 days 00:00:31.675000,0 days 00:00:21.927000,0 days 00:39:28.913000,0 days 00:40:00.588000,0 days 00:40:22.515000,294.0,218.0,267.0,295.0,True,SOFT,9.0,False,Alpine,0 days 00:39:11.076000,,1,7.0,,,False,True
0 days 00:41:34.010000,ALO,14,0 days 00:01:11.555000,7.0,1.0,,,0 days 00:00:17.765000,0 days 00:00:31.771000,0 days 00:00:22.019000,0 days 00:40:40.280000,0 days 00:41:12.051000,0 days 00:41:34.070000,295.0,217.0,266.0,294.0,False,SOFT,10.0,False,Alpine,0 days 00:40:22.455000,,1,7.0,,,False,True
0 days 00:42:45.653000,ALO,14,0 days 00:01:11.643000,8.0,1.0,,,0 days 00:00:17.798000,0 days 00:00:31.838000,0 days 00:00:22.007000,0 days 00:41:51.868000,0 days 00:42:23.706000,0 days 00:42:45.713000,293.0,218.0,266.0,295.0,False,SOFT,11.0,False,Alpine,0 days 00:41:34.010000,,1,7.0,,,False,True
0 days 00:43:57.298000,ALO,14,0 days 00:01:11.645000,9.0,1.0,,,0 days 00:00:17.798000,0 days 00:00:31.763000,0 days 00:00:22.084000,,0 days 00:43:35.274000,0 days 00:43:57.358000,294.0,217.0,266.0,295.0,False,SOFT,12.0,False,Alpine,0 days 00:42:45.653000,,1,7.0,,,False,True
0 days 00:45:09.034000,ALO,14,0 days 00:01:11.736000,10.0,1.0,,,0 days 00:00:17.807000,0 days 00:00:31.774000,0 days 00:00:22.155000,0 days 00:44:15.165000,0 days 00:44:46.939000,0 days 00:45:09.094000,294.0,220.0,266.0,294.0,False,SOFT,13.0,False,Alpine,0 days 00:43:57.298000,,1,7.0,,,False,True
0 days 00:46:20.761000,ALO,14,0 days 00:01:11.727000,11.0,1.0,,,0 days 00:00:17.874000,0 days 00:00:31.753000,0 days 00:00:22.100000,0 days 00:45:26.968000,0 days 00:45:58.721000,0 days 00:46:20.821000,292.0,219.0,267.0,294.0,False,SOFT,14.0,False,Alpine,0 days 00:45:09.034000,,1,7.0,,,False,True
0 days 00:47:32.742000,ALO,14,0 days 00:01:11.981000,12.0,1.0,,,0 days 00:00:17.852000,0 days 00:00:31.960000,0 days 00:00:22.169000,0 days 00:46:38.673000,0 days 00:47:10.633000,0 days 00:47:32.802000,293.0,218.0,267.0,294.0,False,SOFT,15.0,False,Alpine,0 days 00:46:20.761000,,1,7.0,,,False,True
0 days 00:48:44.472000,ALO,14,0 days 00:01:11.730000,13.0,1.0,,,0 days 00:00:17.809000,0 days 00:00:31.976000,0 days 00:00:21.945000,0 days 00:47:50.611000,0 days 00:48:22.587000,0 days 00:48:44.532000,295.0,218.0,268.0,295.0,False,SOFT,16.0,False,Alpine,0 days 00:47:32.742000,,1,7.0,,,False,True
0 days 00:49:56.337000,ALO,14,0 days 00:01:11.865000,14.0,1.0,,,0 days 00:00:17.771000,0 days 00:00:32.024000,0 days 00:00:22.070000,0 days 00:49:02.303000,0 days 00:49:34.327000,0 days 00:49:56.397000,294.0,217.0,267.0,294.0,False,SOFT,17.0,False,Alpine,0 days 00:48:44.472000,,1,7.0,,,False,True
0 days 00:51:08.145000,ALO,14,0 days 00:01:11.808000,15.0,1.0,,,0 days 00:00:17.841000,0 days 00:00:32.001000,0 days 00:00:21.966000,0 days 00:50:14.238000,0 days 00:50:46.239000,0 days 00:51:08.205000,292.0,217.0,269.0,295.0,False,SOFT,18.0,False,Alpine,0 days 00:49:56.337000,,1,7.0,,,False,True
0 days 00:52:19.765000,ALO,14,0 days 00:01:11.620000,16.0,1.0,,,0 days 00:00:17.665000,0 days 00:00:32.048000,0 days 00:00:21.907000,0 days 00:51:25.870000,0 days 00:51:57.918000,0 days 00:52:19.825000,294.0,219.0,268.0,295.0,False,SOFT,19.0,False,Alpine,0 days 00:51:08.145000,,1,7.0,,,False,True
0 days 00:53:31.315000,ALO,14,0 days 00:01:11.550000,17.0,1.0,,,0 days 00:00:17.720000,0 days 00:00:32.043000,0 days 00:00:21.787000,0 days 00:52:37.545000,0 days 00:53:09.588000,0 days 00:53:31.375000,292.0,221.0,270.0,294.0,False,SOFT,20.0,False,Alpine,0 days 00:52:19.765000,,1,7.0,,,False,True
0 days 00:54:42.864000,ALO,14,0 days 00:01:11.549000,18.0,1.0,,,0 days 00:00:17.790000,0 days 00:00:31.984000,0 days 00:00:21.775000,0 days 00:53:49.165000,0 days 00:54:21.149000,0 days 00:54:42.924000,293.0,221.0,270.0,295.0,False,SOFT,21.0,False,Alpine,0 days 00:53:31.315000,,1,7.0,,,False,True
0 days 00:55:54.414000,ALO,14,0 days 00:01:11.550000,19.0,1.0,,,0 days 00:00:17.787000,0 days 00:00:31.899000,0 days 00:00:21.864000,0 days 00:55:00.711000,0 days 00:55:32.610000,0 days 00:55:54.474000,294.0,219.0,268.0,295.0,False,SOFT,22.0,False,Alpine,0 days 00:54:42.864000,,1,7.0,,,False,True
0 days 00:57:05.722000,ALO,14,0 days 00:01:11.308000,20.0,1.0,,,0 days 00:00:17.700000,0 days 00:00:31.865000,0 days 00:00:21.743000,0 days 00:56:12.174000,0 days 00:56:44.039000,0 days 00:57:05.782000,293.0,220.0,270.0,294.0,True,SOFT,23.0,False,Alpine,0 days 00:55:54.414000,,1,7.0,,,False,True
0 days 00:58:17.288000,ALO,14,0 days 00:01:11.566000,21.0,1.0,,,0 days 00:00:17.734000,0 days 00:00:32.024000,0 days 00:00:21.808000,0 days 00:57:23.516000,0 days 00:57:55.540000,0 days 00:58:17.348000,294.0,220.0,270.0,294.0,False,SOFT,24.0,False,Alpine,0 days 00:57:05.722000,,1,7.0,,,False,True
0 days 00:59:28.675000,ALO,14,0 days 00:01:11.387000,22.0,1.0,,,0 days 00:00:17.705000,0 days 00:00:31.905000,0 days 00:00:21.777000,0 days 00:58:35.053000,0 days 00:59:06.958000,0 days 00:59:28.735000,295.0,218.0,269.0,293.0,False,SOFT,25.0,False,Alpine,0 days 00:58:17.288000,,1,7.0,,,False,True
0 days 01:00:39.949000,ALO,14,0 days 00:01:11.274000,23.0,1.0,,,0 days 00:00:17.753000,0 days 00:00:31.923000,0 days 00:00:21.598000,0 days 00:59:46.488000,0 days 01:00:18.411000,0 days 01:00:40.009000,293.0,221.0,270.0,293.0,True,SOFT,26.0,False,Alpine,0 days 00:59:28.675000,,1,7.0,,,False,True
0 days 01:01:50.947000,ALO,14,0 days 00:01:10.998000,24.0,1.0,,,0 days 00:00:17.645000,0 days 00:00:31.718000,0 days 00:00:21.635000,0 days 01:00:57.654000,0 days 01:01:29.372000,0 days 01:01:51.007000,293.0,219.0,270.0,293.0,True,SOFT,27.0,False,Alpine,0 days 01:00:39.949000,,1,7.0,,,False,True
0 days 01:03:02.388000,ALO,14,0 days 00:01:11.441000,25.0,1.0,,,0 days 00:00:17.689000,0 days 00:00:31.995000,0 days 00:00:21.757000,0 days 01:02:08.696000,0 days 01:02:40.691000,0 days 01:03:02.448000,294.0,216.0,268.0,294.0,False,SOFT,28.0,False,Alpine,0 days 01:01:50.947000,,1,7.0,,,False,True
0 days 01:04:13.761000,ALO,14,0 days 00:01:11.373000,26.0,1.0,,,0 days 00:00:17.762000,0 days 00:00:31.992000,0 days 00:00:21.619000,0 days 01:03:20.210000,0 days 01:03:52.202000,0 days 01:04:13.821000,293.0,218.0,271.0,294.0,False,SOFT,29.0,False,Alpine,0 days 01:03:02.388000,,1,7.0,,,False,True
0 days 01:05:28.773000,ALO,14,0 days 00:01:15.012000,27.0,1.0,,0 days 01:05:25.517000,0 days 00:00:17.681000,0 days 00:00:32.127000,0 days 00:00:25.204000,0 days 01:04:31.502000,0 days 01:05:03.629000,0 days 01:05:28.833000,294.0,218.0,,293.0,False,SOFT,30.0,False,Alpine,0 days 01:04:13.761000,,1,8.0,,,False,False
0 days 01:06:55.849000,ALO,14,0 days 00:01:27.076000,28.0,2.0,0 days 01:05:46.625000,,0 days 00:00:33.994000,0 days 00:00:31.588000,0 days 00:00:21.494000,0 days 01:06:02.827000,0 days 01:06:34.415000,0 days 01:06:55.909000,293.0,226.0,269.0,291.0,False,HARD,1.0,True,Alpine,0 days 01:05:28.773000,,1,12.0,,,False,False
0 days 01:08:06.566000,ALO,14,0 days 00:01:10.717000,29.0,2.0,,,0 days 00:00:17.577000,0 days 00:00:31.413000,0 days 00:00:21.727000,0 days 01:07:13.486000,0 days 01:07:44.899000,0 days 01:08:06.626000,295.0,222.0,271.0,308.0,True,HARD,2.0,True,Alpine,0 days 01:06:55.849000,,1,12.0,,,False,True
0 days 01:09:16.875000,ALO,14,0 days 00:01:10.309000,30.0,2.0,,,0 days 00:00:17.658000,0 days 00:00:31.264000,0 days 00:00:21.387000,0 days 01:08:24.284000,0 days 01:08:55.548000,0 days 01:09:16.935000,293.0,223.0,271.0,294.0,True,HARD,3.0,True,Alpine,0 days 01:08:06.566000,,1,12.0,,,False,True
0 days 01:10:26.663000,ALO,14,0 days 00:01:09.788000,31.0,2.0,,,0 days 00:00:17.564000,0 days 00:00:31.091000,0 days 00:00:21.133000,0 days 01:09:34.499000,0 days 01:10:05.590000,0 days 01:10:26.723000,294.0,226.0,272.0,295.0,True,HARD,4.0,True,Alpine,0 days 01:09:16.875000,,1,12.0,,,False,True
0 days 01:11:36.574000,ALO,14,0 days 00:01:09.911000,32.0,2.0,,,0 days 00:00:17.289000,0 days 00:00:31.313000,0 days 00:00:21.309000,0 days 01:10:44.012000,0 days 01:11:15.325000,0 days 01:11:36.634000,309.0,225.0,273.0,307.0,False,HARD,5.0,True,Alpine,0 days 01:10:26.663000,,1,12.0,,,False,True
0 days 01:12:47.023000,ALO,14,0 days 00:01:10.449000,33.0,2.0,,,0 days 00:00:17.628000,0 days 00:00:31.284000,0 days 00:00:21.537000,0 days 01:11:54.262000,0 days 01:12:25.546000,0 days 01:12:47.083000,295.0,224.0,272.0,295.0,False,HARD,6.0,True,Alpine,0 days 01:11:36.574000,,1,12.0,,,False,True
0 days 01:13:57.413000,ALO,14,0 days 00:01:10.390000,34.0,2.0,,,0 days 00:00:17.538000,0 days 00:00:31.299000,0 days 00:00:21.553000,0 days 01:13:04.621000,0 days 01:13:35.920000,0 days 01:13:57.473000,296.0,222.0,271.0,296.0,False,HARD,7.0,True,Alpine,0 days 01:12:47.023000,,1,12.0,,,False,True
0 days 01:15:07.874000,ALO,14,0 days 00:01:10.461000,35.0,2.0,,,0 days 00:00:17.616000,0 days 00:00:31.352000,0 days 00:00:21.493000,0 days 01:14:15.089000,0 days 01:14:46.441000,0 days 01:15:07.934000,294.0,222.0,272.0,296.0,False,HARD,8.0,True,Alpine,0 days 01:13:57.413000,,1,12.0,,,False,True
0 days 01:16:18.189000,ALO,14,0 days 00:01:10.315000,36.0,2.0,,,0 days 00:00:17.482000,0 days 00:00:31.343000,0 days 00:00:21.490000,0 days 01:15:25.416000,0 days 01:15:56.759000,0 days 01:16:18.249000,296.0,224.0,273.0,296.0,False,HARD,9.0,True,Alpine,0 days 01:15:07.874000,,1,12.0,,,False,True
0 days 01:17:28.231000,ALO,14,0 days 00:01:10.042000,37.0,2.0,,,0 days 00:00:17.543000,0 days 00:00:31.224000,0 days 00:00:21.275000,0 days 01:16:35.792000,0 days 01:17:07.016000,0 days 01:17:28.291000,295.0,225.0,271.0,295.0,False,HARD,10.0,True,Alpine,0 days 01:16:18.189000,,1,10.0,,,False,True
0 days 01:18:38.399000,ALO,14,0 days 00:01:10.168000,38.0,2.0,,,0 days 00:00:17.546000,0 days 00:00:31.227000,0 days 00:00:21.395000,0 days 01:17:45.837000,0 days 01:18:17.064000,0 days 01:18:38.459000,294.0,226.0,270.0,293.0,False,HARD,11.0,True,Alpine,0 days 01:17:28.231000,,1,9.0,,,False,True
0 days 01:19:48.487000,ALO,14,0 days 00:01:10.088000,39.0,2.0,,,0 days 00:00:17.569000,0 days 00:00:31.170000,0 days 00:00:21.349000,0 days 01:18:56.028000,0 days 01:19:27.198000,0 days 01:19:48.547000,293.0,225.0,270.0,294.0,False,HARD,12.0,True,Alpine,0 days 01:18:38.399000,,1,9.0,,,False,True
0 days 01:20:58.571000,ALO,14,0 days 00:01:10.084000,40.0,2.0,,,0 days 00:00:17.576000,0 days 00:00:31.127000,0 days 00:00:21.381000,0 days 01:20:06.123000,0 days 01:20:37.250000,0 days 01:20:58.631000,293.0,222.0,271.0,295.0,False,HARD,13.0,True,Alpine,0 days 01:19:48.487000,,1,9.0,,,False,True
0 days 01:22:09.630000,ALO,14,0 days 00:01:11.059000,41.0,2.0,,,0 days 00:00:17.520000,0 days 00:00:32.417000,0 days 00:00:21.122000,0 days 01:21:16.151000,0 days 01:21:48.568000,0 days 01:22:09.690000,294.0,221.0,274.0,259.0,False,HARD,14.0,True,Alpine,0 days 01:20:58.571000,,1,9.0,,,False,True
0 days 01:23:20.305000,ALO,14,0 days 00:01:10.675000,42.0,2.0,,,0 days 00:00:17.303000,0 days 00:00:31.897000,0 days 00:00:21.475000,0 days 01:22:26.993000,0 days 01:22:58.890000,0 days 01:23:20.365000,304.0,222.0,274.0,310.0,False,HARD,15.0,True,Alpine,0 days 01:22:09.630000,,1,8.0,,,False,True
0 days 01:24:31.816000,ALO,14,0 days 00:01:11.511000,43.0,2.0,,,0 days 00:00:17.513000,0 days 00:00:32.616000,0 days 00:00:21.382000,0 days 01:23:37.878000,0 days 01:24:10.494000,0 days 01:24:31.876000,297.0,218.0,273.0,258.0,False,HARD,16.0,True,Alpine,0 days 01:23:20.305000,,1,8.0,,,False,True
0 days 01:25:42.162000,ALO,14,0 days 00:01:10.346000,44.0,2.0,,,0 days 00:00:17.495000,0 days 00:00:31.367000,0 days 00:00:21.484000,0 days 01:24:49.371000,0 days 01:25:20.738000,0 days 01:25:42.222000,295.0,223.0,273.0,294.0,False,HARD,17.0,True,Alpine,0 days 01:24:31.816000,,1,8.0,,,False,True
0 days 01:26:52.399000,ALO,14,0 days 00:01:10.237000,45.0,2.0,,,0 days 00:00:17.485000,0 days 00:00:31.332000,0 days 00:00:21.420000,0 days 01:25:59.707000,0 days 01:26:31.039000,0 days 01:26:52.459000,295.0,223.0,273.0,296.0,False,HARD,18.0,True,Alpine,0 days 01:25:42.162000,,1,8.0,,,False,True
0 days 01:28:02.574000,ALO,14,0 days 00:01:10.175000,46.0,2.0,,,0 days 00:00:17.498000,0 days 00:00:31.464000,0 days 00:00:21.213000,0 days 01:27:09.957000,0 days 01:27:41.421000,0 days 01:28:02.634000,294.0,222.0,274.0,296.0,False,HARD,19.0,True,Alpine,0 days 01:26:52.399000,,1,8.0,,,False,True
0 days 01:29:12.852000,ALO,14,0 days 00:01:10.278000,47.0,2.0,,,0 days 00:00:17.497000,0 days 00:00:31.602000,0 days 00:00:21.179000,0 days 01:28:20.131000,0 days 01:28:51.733000,0 days 01:29:12.912000,300.0,221.0,274.0,294.0,False,HARD,20.0,True,Alpine,0 days 01:28:02.574000,,1,8.0,,,False,True
0 days 01:30:22.773000,ALO,14,0 days 00:01:09.921000,48.0,2.0,,,0 days 00:00:17.548000,0 days 00:00:31.257000,0 days 00:00:21.116000,0 days 01:29:30.460000,0 days 01:30:01.717000,0 days 01:30:22.833000,290.0,222.0,273.0,293.0,False,HARD,21.0,True,Alpine,0 days 01:29:12.852000,,1,8.0,,,False,True
0 days 01:31:32.804000,ALO,14,0 days 00:01:10.031000,49.0,2.0,,,0 days 00:00:17.534000,0 days 00:00:31.346000,0 days 00:00:21.151000,0 days 01:30:40.367000,0 days 01:31:11.713000,0 days 01:31:32.864000,290.0,224.0,273.0,293.0,False,HARD,22.0,True,Alpine,0 days 01:30:22.773000,,1,8.0,,,False,True
0 days 01:32:42.851000,ALO,14,0 days 00:01:10.047000,50.0,2.0,,,0 days 00:00:17.512000,0 days 00:00:31.445000,0 days 00:00:21.090000,0 days 01:31:50.376000,0 days 01:32:21.821000,0 days 01:32:42.911000,291.0,224.0,273.0,291.0,False,HARD,23.0,True,Alpine,0 days 01:31:32.804000,,1,8.0,,,False,True
0 days 01:33:52.948000,ALO,14,0 days 00:01:10.097000,51.0,2.0,,,0 days 00:00:17.489000,0 days 00:00:31.418000,0 days 00:00:21.190000,0 days 01:33:00.400000,0 days 01:33:31.818000,0 days 01:33:53.008000,295.0,222.0,273.0,293.0,False,HARD,24.0,True,Alpine,0 days 01:32:42.851000,,1,8.0,,,False,True
0 days 01:35:02.971000,ALO,14,0 days 00:01:10.023000,52.0,2.0,,,0 days 00:00:17.512000,0 days 00:00:31.504000,0 days 00:00:21.007000,0 days 01:34:10.520000,0 days 01:34:42.024000,0 days 01:35:03.031000,296.0,223.0,273.0,293.0,False,HARD,25.0,True,Alpine,0 days 01:33:52.948000,,1,8.0,,,False,True
0 days 01:36:13.502000,ALO,14,0 days 00:01:10.531000,53.0,2.0,,,0 days 00:00:17.472000,0 days 00:00:31.837000,0 days 00:00:21.222000,0 days 01:35:20.503000,0 days 01:35:52.340000,0 days 01:36:13.562000,297.0,224.0,273.0,295.0,False,HARD,26.0,True,Alpine,0 days 01:35:02.971000,,1,8.0,,,False,True
0 days 01:37:24.539000,ALO,14,0 days 00:01:11.037000,54.0,2.0,,,0 days 00:00:17.476000,0 days 00:00:31.625000,0 days 00:00:21.936000,0 days 01:36:31.038000,0 days 01:37:02.663000,0 days 01:37:24.599000,294.0,222.0,278.0,294.0,False,HARD,27.0,True,Alpine,0 days 01:36:13.502000,,1,8.0,,,False,True
0 days 01:38:35.143000,ALO,14,0 days 00:01:10.604000,55.0,2.0,,,0 days 00:00:17.147000,0 days 00:00:32.070000,0 days 00:00:21.387000,0 days 01:37:41.746000,0 days 01:38:13.816000,0 days 01:38:35.203000,309.0,221.0,275.0,301.0,False,HARD,28.0,True,Alpine,0 days 01:37:24.539000,,1,9.0,,,False,True
0 days 01:39:45.195000,ALO,14,0 days 00:01:10.052000,56.0,2.0,,,0 days 00:00:17.443000,0 days 00:00:31.416000,0 days 00:00:21.193000,0 days 01:38:52.646000,0 days 01:39:24.062000,0 days 01:39:45.255000,297.0,225.0,274.0,294.0,False,HARD,29.0,True,Alpine,0 days 01:38:35.143000,,1,9.0,,,False,True
0 days 01:40:54.957000,ALO,14,0 days 00:01:09.762000,57.0,2.0,,,0 days 00:00:17.384000,0 days 00:00:31.286000,0 days 00:00:21.092000,0 days 01:40:02.639000,0 days 01:40:33.925000,0 days 01:40:55.017000,294.0,226.0,276.0,294.0,True,HARD,30.0,True,Alpine,0 days 01:39:45.195000,,1,9.0,,,False,True
0 days 01:42:05.261000,ALO,14,0 days 00:01:10.304000,58.0,2.0,,,0 days 00:00:17.601000,0 days 00:00:31.626000,0 days 00:00:21.077000,0 days 01:41:12.618000,0 days 01:41:44.244000,0 days 01:42:05.321000,296.0,225.0,276.0,293.0,False,HARD,31.0,True,Alpine,0 days 01:40:54.957000,,1,9.0,,,False,True
0 days 01:43:15.098000,ALO,14,0 days 00:01:09.837000,59.0,2.0,,,0 days 00:00:17.443000,0 days 00:00:31.291000,0 days 00:00:21.103000,0 days 01:42:22.764000,0 days 01:42:54.055000,0 days 01:43:15.158000,295.0,225.0,274.0,293.0,False,HARD,32.0,True,Alpine,0 days 01:42:05.261000,,1,9.0,,,False,True
0 days 01:44:25.124000,ALO,14,0 days 00:01:10.026000,60.0,2.0,,,0 days 00:00:17.594000,0 days 00:00:31.352000,0 days 00:00:21.080000,0 days 01:43:32.752000,0 days 01:44:04.104000,0 days 01:44:25.184000,290.0,223.0,273.0,293.0,False,HARD,33.0,True,Alpine,0 days 01:43:15.098000,,1,9.0,,,False,True
0 days 01:45:34.873000,ALO,14,0 days 00:01:09.749000,61.0,2.0,,,0 days 00:00:17.508000,0 days 00:00:31.188000,0 days 00:00:21.053000,0 days 01:44:42.692000,0 days 01:45:13.880000,0 days 01:45:34.933000,293.0,225.0,275.0,293.0,True,HARD,34.0,True,Alpine,0 days 01:44:25.124000,,1,9.0,,,False,True
0 days 01:46:44.767000,ALO,14,0 days 00:01:09.894000,62.0,2.0,,,0 days 00:00:17.535000,0 days 00:00:31.379000,0 days 00:00:20.980000,0 days 01:45:52.468000,0 days 01:46:23.847000,0 days 01:46:44.827000,291.0,224.0,275.0,291.0,False,HARD,35.0,True,Alpine,0 days 01:45:34.873000,,1,9.0,,,False,True
0 days 01:47:54.568000,ALO,14,0 days 00:01:09.801000,63.0,2.0,,,0 days 00:00:17.470000,0 days 00:00:31.366000,0 days 00:00:20.965000,0 days 01:47:02.297000,0 days 01:47:33.663000,0 days 01:47:54.628000,289.0,225.0,276.0,290.0,False,HARD,36.0,True,Alpine,0 days 01:46:44.767000,,1,9.0,,,False,True
0 days 01:49:04.683000,ALO,14,0 days 00:01:10.115000,64.0,2.0,,,0 days 00:00:17.617000,0 days 00:00:31.409000,0 days 00:00:21.089000,0 days 01:48:12.245000,0 days 01:48:43.654000,0 days 01:49:04.743000,289.0,222.0,274.0,292.0,False,HARD,37.0,True,Alpine,0 days 01:47:54.568000,,1,9.0,,,False,True
0 days 01:50:14.586000,ALO,14,0 days 00:01:09.903000,65.0,2.0,,,0 days 00:00:17.546000,0 days 00:00:31.318000,0 days 00:00:21.039000,0 days 01:49:22.289000,0 days 01:49:53.607000,0 days 01:50:14.646000,289.0,225.0,274.0,293.0,False,HARD,38.0,True,Alpine,0 days 01:49:04.683000,,1,9.0,,,False,True
0 days 01:51:24.659000,ALO,14,0 days 00:01:10.073000,66.0,2.0,,,0 days 00:00:17.621000,0 days 00:00:31.393000,0 days 00:00:21.059000,0 days 01:50:32.267000,0 days 01:51:03.660000,0 days 01:51:24.719000,290.0,224.0,274.0,292.0,False,HARD,39.0,True,Alpine,0 days 01:50:14.586000,,1,9.0,,,False,True
0 days 01:52:34.662000,ALO,14,0 days 00:01:10.003000,67.0,2.0,,,0 days 00:00:17.610000,0 days 00:00:31.298000,0 days 00:00:21.095000,0 days 01:51:42.329000,0 days 01:52:13.627000,0 days 01:52:34.722000,289.0,226.0,274.0,291.0,False,HARD,40.0,True,Alpine,0 days 01:51:24.659000,,1,9.0,,,False,True
0 days 01:53:44.619000,ALO,14,0 days 00:01:09.957000,68.0,2.0,,,0 days 00:00:17.577000,0 days 00:00:31.351000,0 days 00:00:21.029000,0 days 01:52:52.299000,0 days 01:53:23.650000,0 days 01:53:44.679000,291.0,225.0,275.0,293.0,False,HARD,41.0,True,Alpine,0 days 01:52:34.662000,,1,9.0,,,False,True
0 days 01:54:55.297000,ALO,14,0 days 00:01:10.678000,69.0,2.0,,,0 days 00:00:17.613000,0 days 00:00:31.688000,0 days 00:00:21.377000,0 days 01:54:02.292000,0 days 01:54:33.980000,0 days 01:54:55.357000,295.0,224.0,289.0,295.0,False,HARD,42.0,True,Alpine,0 days 01:53:44.619000,,1,9.0,,,False,True
0 days 01:56:05.931000,ALO,14,0 days 00:01:10.634000,70.0,2.0,,,0 days 00:00:17.212000,0 days 00:00:32.064000,0 days 00:00:21.358000,0 days 01:55:12.569000,0 days 01:55:44.633000,0 days 01:56:05.991000,330.0,225.0,278.0,313.0,False,HARD,43.0,True,Alpine,0 days 01:54:55.297000,,1,9.0,,,False,True
0 days 00:34:25.060000,TSU,22,0 days 00:01:19.228000,1.0,1.0,,,,0 days 00:00:33.526000,0 days 00:00:23.306000,,0 days 00:34:01.908000,0 days 00:34:25.259000,291.0,219.0,275.0,316.0,False,SOFT,4.0,False,AlphaTauri,0 days 00:33:05.677000,,12,10.0,,,False,False
0 days 00:35:38.448000,TSU,22,0 days 00:01:13.388000,2.0,1.0,,,0 days 00:00:18.038000,0 days 00:00:32.941000,0 days 00:00:22.409000,0 days 00:34:43.106000,0 days 00:35:16.047000,0 days 00:35:38.456000,296.0,216.0,272.0,308.0,True,SOFT,5.0,False,AlphaTauri,0 days 00:34:25.060000,,1,10.0,,,False,True
0 days 00:36:50.543000,TSU,22,0 days 00:01:12.095000,3.0,1.0,,,0 days 00:00:17.767000,0 days 00:00:32.256000,0 days 00:00:22.072000,0 days 00:35:56.223000,0 days 00:36:28.479000,0 days 00:36:50.551000,296.0,227.0,281.0,320.0,True,SOFT,6.0,False,AlphaTauri,0 days 00:35:38.448000,,1,10.0,,,False,True
0 days 00:38:02.530000,TSU,22,0 days 00:01:11.987000,4.0,1.0,,,0 days 00:00:17.362000,0 days 00:00:32.496000,0 days 00:00:22.129000,0 days 00:37:07.913000,0 days 00:37:40.409000,0 days 00:38:02.538000,317.0,221.0,281.0,321.0,True,SOFT,7.0,False,AlphaTauri,0 days 00:36:50.543000,,1,9.0,,,False,True
0 days 00:39:14.204000,TSU,22,0 days 00:01:11.674000,5.0,1.0,,,0 days 00:00:17.386000,0 days 00:00:32.341000,0 days 00:00:21.947000,0 days 00:38:19.924000,0 days 00:38:52.265000,0 days 00:39:14.212000,316.0,222.0,276.0,320.0,True,SOFT,8.0,False,AlphaTauri,0 days 00:38:02.530000,,1,10.0,,,False,True
0 days 00:40:25.635000,TSU,22,0 days 00:01:11.431000,6.0,1.0,,,0 days 00:00:17.572000,0 days 00:00:31.925000,0 days 00:00:21.934000,0 days 00:39:31.784000,0 days 00:40:03.709000,0 days 00:40:25.643000,300.0,223.0,276.0,304.0,True,SOFT,9.0,False,AlphaTauri,0 days 00:39:14.204000,,1,10.0,,,False,True
0 days 00:41:36.939000,TSU,22,0 days 00:01:11.304000,7.0,1.0,,,0 days 00:00:17.382000,0 days 00:00:32.129000,0 days 00:00:21.793000,0 days 00:40:43.025000,0 days 00:41:15.154000,0 days 00:41:36.947000,313.0,226.0,272.0,314.0,True,SOFT,10.0,False,AlphaTauri,0 days 00:40:25.635000,,1,9.0,,,False,True
0 days 00:42:48.541000,TSU,22,0 days 00:01:11.602000,8.0,1.0,,,0 days 00:00:17.832000,0 days 00:00:31.860000,0 days 00:00:21.910000,0 days 00:41:54.779000,0 days 00:42:26.639000,0 days 00:42:48.549000,295.0,229.0,271.0,300.0,False,SOFT,11.0,False,AlphaTauri,0 days 00:41:36.939000,,1,9.0,,,False,True
0 days 00:44:00.158000,TSU,22,0 days 00:01:11.617000,9.0,1.0,,,0 days 00:00:17.779000,0 days 00:00:31.952000,0 days 00:00:21.886000,0 days 00:43:06.328000,0 days 00:43:38.280000,0 days 00:44:00.166000,295.0,228.0,272.0,299.0,False,SOFT,12.0,False,AlphaTauri,0 days 00:42:48.541000,,1,9.0,,,False,True
0 days 00:45:11.584000,TSU,22,0 days 00:01:11.426000,10.0,1.0,,,0 days 00:00:17.713000,0 days 00:00:31.790000,0 days 00:00:21.923000,0 days 00:44:17.879000,0 days 00:44:49.669000,0 days 00:45:11.592000,296.0,229.0,273.0,300.0,False,SOFT,13.0,False,AlphaTauri,0 days 00:44:00.158000,,1,9.0,,,False,True
0 days 00:46:23.070000,TSU,22,0 days 00:01:11.486000,11.0,1.0,,,0 days 00:00:17.721000,0 days 00:00:31.947000,0 days 00:00:21.818000,0 days 00:45:29.313000,0 days 00:46:01.260000,0 days 00:46:23.078000,295.0,228.0,279.0,302.0,False,SOFT,14.0,False,AlphaTauri,0 days 00:45:11.584000,,1,9.0,,,False,True
0 days 00:47:34.892000,TSU,22,0 days 00:01:11.822000,12.0,1.0,,,0 days 00:00:17.557000,0 days 00:00:32.394000,0 days 00:00:21.871000,0 days 00:46:40.635000,0 days 00:47:13.029000,0 days 00:47:34.900000,315.0,227.0,279.0,314.0,False,SOFT,15.0,False,AlphaTauri,0 days 00:46:23.070000,,1,9.0,,,False,True
0 days 00:48:46.522000,TSU,22,0 days 00:01:11.630000,13.0,1.0,,,0 days 00:00:17.403000,0 days 00:00:32.356000,0 days 00:00:21.871000,0 days 00:47:52.303000,0 days 00:48:24.659000,0 days 00:48:46.530000,316.0,225.0,279.0,301.0,False,SOFT,16.0,False,AlphaTauri,0 days 00:47:34.892000,,1,9.0,,,False,True
0 days 00:49:58.136000,TSU,22,0 days 00:01:11.614000,14.0,1.0,,,0 days 00:00:17.477000,0 days 00:00:32.290000,0 days 00:00:21.847000,0 days 00:49:04.007000,0 days 00:49:36.297000,0 days 00:49:58.144000,313.0,224.0,279.0,315.0,False,SOFT,17.0,False,AlphaTauri,0 days 00:48:46.522000,,1,9.0,,,False,True
0 days 00:51:09.855000,TSU,22,0 days 00:01:11.719000,15.0,1.0,,,0 days 00:00:17.462000,0 days 00:00:32.271000,0 days 00:00:21.986000,0 days 00:50:15.606000,0 days 00:50:47.877000,0 days 00:51:09.863000,317.0,224.0,280.0,319.0,False,SOFT,18.0,False,AlphaTauri,0 days 00:49:58.136000,,1,9.0,,,False,True
0 days 00:52:21.490000,TSU,22,0 days 00:01:11.635000,16.0,1.0,,,0 days 00:00:17.441000,0 days 00:00:32.193000,0 days 00:00:22.001000,0 days 00:51:27.304000,0 days 00:51:59.497000,0 days 00:52:21.498000,316.0,227.0,281.0,315.0,False,SOFT,19.0,False,AlphaTauri,0 days 00:51:09.855000,,1,9.0,,,False,True
0 days 00:53:33.308000,TSU,22,0 days 00:01:11.818000,17.0,1.0,,,0 days 00:00:17.699000,0 days 00:00:32.057000,0 days 00:00:22.062000,0 days 00:52:39.197000,0 days 00:53:11.254000,0 days 00:53:33.316000,300.0,228.0,280.0,306.0,False,SOFT,20.0,False,AlphaTauri,0 days 00:52:21.490000,,1,9.0,,,False,True
0 days 00:54:45.031000,TSU,22,0 days 00:01:11.723000,18.0,1.0,,,0 days 00:00:17.565000,0 days 00:00:32.430000,0 days 00:00:21.728000,0 days 00:53:50.881000,0 days 00:54:23.311000,0 days 00:54:45.039000,313.0,227.0,280.0,316.0,False,SOFT,21.0,False,AlphaTauri,0 days 00:53:33.308000,,1,9.0,,,False,True
0 days 00:55:56.784000,TSU,22,0 days 00:01:11.753000,19.0,1.0,,,0 days 00:00:17.468000,0 days 00:00:32.399000,0 days 00:00:21.886000,0 days 00:55:02.507000,0 days 00:55:34.906000,0 days 00:55:56.792000,311.0,224.0,278.0,316.0,False,SOFT,22.0,False,AlphaTauri,0 days 00:54:45.031000,,1,9.0,,,False,True
0 days 00:57:08.279000,TSU,22,0 days 00:01:11.495000,20.0,1.0,,,0 days 00:00:17.343000,0 days 00:00:32.202000,0 days 00:00:21.950000,0 days 00:56:14.135000,0 days 00:56:46.337000,0 days 00:57:08.287000,311.0,227.0,279.0,313.0,False,SOFT,23.0,False,AlphaTauri,0 days 00:55:56.784000,,1,9.0,,,False,True
0 days 00:58:19.526000,TSU,22,0 days 00:01:11.247000,21.0,1.0,,,0 days 00:00:17.359000,0 days 00:00:32.164000,0 days 00:00:21.724000,0 days 00:57:25.646000,0 days 00:57:57.810000,0 days 00:58:19.534000,313.0,228.0,280.0,315.0,True,SOFT,24.0,False,AlphaTauri,0 days 00:57:08.279000,,1,9.0,,,False,True
0 days 00:59:30.746000,TSU,22,0 days 00:01:11.220000,22.0,1.0,,,0 days 00:00:17.357000,0 days 00:00:32.175000,0 days 00:00:21.688000,0 days 00:58:36.891000,0 days 00:59:09.066000,0 days 00:59:30.754000,312.0,224.0,279.0,314.0,True,SOFT,25.0,False,AlphaTauri,0 days 00:58:19.526000,,1,9.0,,,False,True
0 days 01:00:41.806000,TSU,22,0 days 00:01:11.060000,23.0,1.0,,,0 days 00:00:17.302000,0 days 00:00:32.031000,0 days 00:00:21.727000,0 days 00:59:48.056000,0 days 01:00:20.087000,0 days 01:00:41.814000,312.0,227.0,282.0,316.0,True,SOFT,26.0,False,AlphaTauri,0 days 00:59:30.746000,,1,9.0,,,False,True
0 days 01:01:53.248000,TSU,22,0 days 00:01:11.442000,24.0,1.0,,,0 days 00:00:17.317000,0 days 00:00:32.128000,0 days 00:00:21.997000,0 days 01:00:59.131000,0 days 01:01:31.259000,0 days 01:01:53.256000,314.0,225.0,277.0,315.0,False,SOFT,27.0,False,AlphaTauri,0 days 01:00:41.806000,,1,9.0,,,False,True
0 days 01:03:04.802000,TSU,22,0 days 00:01:11.554000,25.0,1.0,,,0 days 00:00:17.462000,0 days 00:00:32.156000,0 days 00:00:21.936000,0 days 01:02:10.718000,0 days 01:02:42.874000,0 days 01:03:04.810000,295.0,226.0,277.0,306.0,False,SOFT,28.0,False,AlphaTauri,0 days 01:01:53.248000,,1,8.0,,,False,True
0 days 01:04:19.393000,TSU,22,0 days 00:01:14.591000,26.0,1.0,,0 days 01:04:16.156000,0 days 00:00:17.732000,0 days 00:00:32.185000,0 days 00:00:24.674000,0 days 01:03:22.542000,0 days 01:03:54.727000,0 days 01:04:19.401000,290.0,227.0,,297.0,False,SOFT,29.0,False,AlphaTauri,0 days 01:03:04.802000,,1,11.0,,,False,False
0 days 01:05:46.385000,TSU,22,0 days 00:01:26.992000,27.0,2.0,0 days 01:04:37.364000,,0 days 00:00:34.492000,0 days 00:00:31.336000,0 days 00:00:21.164000,0 days 01:04:53.893000,0 days 01:05:25.229000,0 days 01:05:46.393000,291.0,232.0,273.0,294.0,False,HARD,1.0,True,AlphaTauri,0 days 01:04:19.393000,,1,14.0,,,False,False
0 days 01:06:57.310000,TSU,22,0 days 00:01:10.925000,28.0,2.0,,,0 days 00:00:17.459000,0 days 00:00:31.750000,0 days 00:00:21.716000,0 days 01:06:03.852000,0 days 01:06:35.602000,0 days 01:06:57.318000,295.0,227.0,277.0,303.0,True,HARD,2.0,True,AlphaTauri,0 days 01:05:46.385000,,1,13.0,,,False,True
0 days 01:08:08.029000,TSU,22,0 days 00:01:10.719000,29.0,2.0,,,0 days 00:00:17.305000,0 days 00:00:31.620000,0 days 00:00:21.794000,0 days 01:07:14.623000,0 days 01:07:46.243000,0 days 01:08:08.037000,305.0,230.0,274.0,305.0,True,HARD,3.0,True,AlphaTauri,0 days 01:06:57.310000,,1,13.0,,,False,True
0 days 01:09:18.507000,TSU,22,0 days 00:01:10.478000,30.0,2.0,,,0 days 00:00:17.597000,0 days 00:00:31.482000,0 days 00:00:21.399000,0 days 01:08:25.634000,0 days 01:08:57.116000,0 days 01:09:18.515000,295.0,231.0,273.0,300.0,True,HARD,4.0,True,AlphaTauri,0 days 01:08:08.029000,,1,13.0,,,False,True
0 days 01:10:28.699000,TSU,22,0 days 00:01:10.192000,31.0,2.0,,,0 days 00:00:17.529000,0 days 00:00:31.371000,0 days 00:00:21.292000,0 days 01:09:36.044000,0 days 01:10:07.415000,0 days 01:10:28.707000,295.0,232.0,274.0,300.0,True,HARD,5.0,True,AlphaTauri,0 days 01:09:18.507000,,1,13.0,,,False,True
0 days 01:11:38.801000,TSU,22,0 days 00:01:10.102000,32.0,2.0,,,0 days 00:00:17.490000,0 days 00:00:31.353000,0 days 00:00:21.259000,0 days 01:10:46.197000,0 days 01:11:17.550000,0 days 01:11:38.809000,298.0,233.0,274.0,302.0,True,HARD,6.0,True,AlphaTauri,0 days 01:10:28.699000,,1,13.0,,,False,True
0 days 01:12:49.107000,TSU,22,0 days 00:01:10.306000,33.0,2.0,,,0 days 00:00:17.631000,0 days 00:00:31.382000,0 days 00:00:21.293000,0 days 01:11:56.440000,0 days 01:12:27.822000,0 days 01:12:49.115000,292.0,230.0,275.0,299.0,False,HARD,7.0,True,AlphaTauri,0 days 01:11:38.801000,,1,13.0,,,False,True
0 days 01:13:59.128000,TSU,22,0 days 00:01:10.021000,34.0,2.0,,,0 days 00:00:17.478000,0 days 00:00:31.233000,0 days 00:00:21.310000,0 days 01:13:06.593000,0 days 01:13:37.826000,0 days 01:13:59.136000,295.0,231.0,275.0,300.0,True,HARD,8.0,True,AlphaTauri,0 days 01:12:49.107000,,1,13.0,,,False,True
0 days 01:15:09.076000,TSU,22,0 days 00:01:09.948000,35.0,2.0,,,0 days 00:00:17.485000,0 days 00:00:31.379000,0 days 00:00:21.084000,0 days 01:14:16.621000,0 days 01:14:48,0 days 01:15:09.084000,295.0,232.0,277.0,300.0,True,HARD,9.0,True,AlphaTauri,0 days 01:13:59.128000,,1,13.0,,,False,True
0 days 01:16:19.247000,TSU,22,0 days 00:01:10.171000,36.0,2.0,,,0 days 00:00:17.480000,0 days 00:00:31.351000,0 days 00:00:21.340000,0 days 01:15:26.564000,0 days 01:15:57.915000,0 days 01:16:19.255000,298.0,231.0,276.0,300.0,False,HARD,10.0,True,AlphaTauri,0 days 01:15:09.076000,,1,13.0,,,False,True
0 days 01:17:29.505000,TSU,22,0 days 00:01:10.258000,37.0,2.0,,,0 days 00:00:17.462000,0 days 00:00:31.343000,0 days 00:00:21.453000,0 days 01:16:36.717000,0 days 01:17:08.060000,0 days 01:17:29.513000,297.0,231.0,275.0,315.0,False,HARD,11.0,True,AlphaTauri,0 days 01:16:19.247000,,1,11.0,,,False,True
0 days 01:18:39.512000,TSU,22,0 days 00:01:10.007000,38.0,2.0,,,0 days 00:00:17.431000,0 days 00:00:31.267000,0 days 00:00:21.309000,0 days 01:17:46.944000,0 days 01:18:18.211000,0 days 01:18:39.520000,297.0,233.0,275.0,302.0,False,HARD,12.0,True,AlphaTauri,0 days 01:17:29.505000,,1,10.0,,,False,True
0 days 01:19:49.527000,TSU,22,0 days 00:01:10.015000,39.0,2.0,,,0 days 00:00:17.512000,0 days 00:00:31.302000,0 days 00:00:21.201000,0 days 01:18:57.032000,0 days 01:19:28.334000,0 days 01:19:49.535000,297.0,233.0,276.0,302.0,False,HARD,13.0,True,AlphaTauri,0 days 01:18:39.512000,,1,10.0,,,False,True
0 days 01:21:01.256000,TSU,22,0 days 00:01:11.729000,40.0,2.0,,,0 days 00:00:17.237000,0 days 00:00:33.007000,0 days 00:00:21.485000,0 days 01:20:06.772000,0 days 01:20:39.779000,0 days 01:21:01.264000,312.0,230.0,276.0,315.0,False,HARD,14.0,True,AlphaTauri,0 days 01:19:49.527000,,1,10.0,,,False,True
0 days 01:22:10.906000,TSU,22,0 days 00:01:09.650000,41.0,2.0,,,0 days 00:00:17.461000,0 days 00:00:31.157000,0 days 00:00:21.032000,0 days 01:21:18.725000,0 days 01:21:49.882000,0 days 01:22:10.914000,295.0,228.0,277.0,306.0,True,HARD,15.0,True,AlphaTauri,0 days 01:21:01.256000,,1,10.0,,,False,True
0 days 01:23:22.470000,TSU,22,0 days 00:01:11.564000,42.0,2.0,,,0 days 00:00:17.445000,0 days 00:00:31.534000,0 days 00:00:22.585000,0 days 01:22:28.359000,0 days 01:22:59.893000,0 days 01:23:22.478000,294.0,227.0,283.0,307.0,False,HARD,16.0,True,AlphaTauri,0 days 01:22:10.906000,,1,9.0,,,False,True
0 days 01:24:32.738000,TSU,22,0 days 00:01:10.268000,43.0,2.0,,,0 days 00:00:17.134000,0 days 00:00:31.706000,0 days 00:00:21.428000,0 days 01:23:39.612000,0 days 01:24:11.318000,0 days 01:24:32.746000,315.0,229.0,281.0,305.0,False,HARD,17.0,True,AlphaTauri,0 days 01:23:22.470000,,1,9.0,,,False,True
0 days 01:25:43.133000,TSU,22,0 days 00:01:10.395000,44.0,2.0,,,0 days 00:00:17.359000,0 days 00:00:31.671000,0 days 00:00:21.365000,0 days 01:24:50.105000,0 days 01:25:21.776000,0 days 01:25:43.141000,302.0,231.0,283.0,314.0,False,HARD,18.0,True,AlphaTauri,0 days 01:24:32.738000,,1,9.0,,,False,True
0 days 01:26:53.162000,TSU,22,0 days 00:01:10.029000,45.0,2.0,,,0 days 00:00:17.223000,0 days 00:00:31.664000,0 days 00:00:21.142000,0 days 01:26:00.364000,0 days 01:26:32.028000,0 days 01:26:53.170000,309.0,232.0,285.0,312.0,False,HARD,19.0,True,AlphaTauri,0 days 01:25:43.133000,,1,9.0,,,False,True
0 days 01:28:03.257000,TSU,22,0 days 00:01:10.095000,46.0,2.0,,,0 days 00:00:17.161000,0 days 00:00:31.830000,0 days 00:00:21.104000,0 days 01:27:10.331000,0 days 01:27:42.161000,0 days 01:28:03.265000,321.0,231.0,286.0,304.0,False,HARD,20.0,True,AlphaTauri,0 days 01:26:53.162000,,1,9.0,,,False,True
0 days 01:29:13.893000,TSU,22,0 days 00:01:10.636000,47.0,2.0,,,0 days 00:00:17.072000,0 days 00:00:32.221000,0 days 00:00:21.343000,0 days 01:28:20.337000,0 days 01:28:52.558000,0 days 01:29:13.901000,323.0,230.0,279.0,308.0,False,HARD,21.0,True,AlphaTauri,0 days 01:28:03.257000,,1,9.0,,,False,True
0 days 01:30:23.939000,TSU,22,0 days 00:01:10.046000,48.0,2.0,,,0 days 00:00:17.285000,0 days 00:00:31.535000,0 days 00:00:21.226000,0 days 01:29:31.186000,0 days 01:30:02.721000,0 days 01:30:23.947000,310.0,229.0,278.0,303.0,False,HARD,22.0,True,AlphaTauri,0 days 01:29:13.893000,,1,9.0,,,False,True
0 days 01:31:34.083000,TSU,22,0 days 00:01:10.144000,49.0,2.0,,,0 days 00:00:17.441000,0 days 00:00:31.462000,0 days 00:00:21.241000,0 days 01:30:41.388000,0 days 01:31:12.850000,0 days 01:31:34.091000,297.0,229.0,277.0,303.0,False,HARD,23.0,True,AlphaTauri,0 days 01:30:23.939000,,1,9.0,,,False,True
0 days 01:32:44.116000,TSU,22,0 days 00:01:10.033000,50.0,2.0,,,0 days 00:00:17.447000,0 days 00:00:31.556000,0 days 00:00:21.030000,0 days 01:31:51.538000,0 days 01:32:23.094000,0 days 01:32:44.124000,291.0,230.0,276.0,300.0,False,HARD,24.0,True,AlphaTauri,0 days 01:31:34.083000,,1,9.0,,,False,True
0 days 01:33:54.277000,TSU,22,0 days 00:01:10.161000,51.0,2.0,,,0 days 00:00:17.471000,0 days 00:00:31.486000,0 days 00:00:21.204000,0 days 01:33:01.595000,0 days 01:33:33.081000,0 days 01:33:54.285000,295.0,229.0,278.0,302.0,False,HARD,25.0,True,AlphaTauri,0 days 01:32:44.116000,,1,9.0,,,False,True
0 days 01:35:04.472000,TSU,22,0 days 00:01:10.195000,52.0,2.0,,,0 days 00:00:17.343000,0 days 00:00:31.640000,0 days 00:00:21.212000,0 days 01:34:11.628000,0 days 01:34:43.268000,0 days 01:35:04.480000,298.0,232.0,276.0,302.0,False,HARD,26.0,True,AlphaTauri,0 days 01:33:54.277000,,1,9.0,,,False,True
0 days 01:36:14.892000,TSU,22,0 days 00:01:10.420000,53.0,2.0,,,0 days 00:00:17.373000,0 days 00:00:31.695000,0 days 00:00:21.352000,0 days 01:35:21.853000,0 days 01:35:53.548000,0 days 01:36:14.900000,299.0,231.0,276.0,302.0,False,HARD,27.0,True,AlphaTauri,0 days 01:35:04.472000,,1,9.0,,,False,True
0 days 01:37:26.348000,TSU,22,0 days 00:01:11.456000,54.0,2.0,,,0 days 00:00:17.349000,0 days 00:00:32.329000,0 days 00:00:21.778000,0 days 01:36:32.249000,0 days 01:37:04.578000,0 days 01:37:26.356000,296.0,229.0,280.0,302.0,False,HARD,28.0,True,AlphaTauri,0 days 01:36:14.892000,,1,10.0,,,False,True
0 days 01:38:36.681000,TSU,22,0 days 00:01:10.333000,55.0,2.0,,,0 days 00:00:17.394000,0 days 00:00:31.615000,0 days 00:00:21.324000,0 days 01:37:43.750000,0 days 01:38:15.365000,0 days 01:38:36.689000,296.0,233.0,278.0,301.0,False,HARD,29.0,True,AlphaTauri,0 days 01:37:26.348000,,1,10.0,,,False,True
0 days 01:39:46.930000,TSU,22,0 days 00:01:10.249000,56.0,2.0,,,0 days 00:00:17.426000,0 days 00:00:31.422000,0 days 00:00:21.401000,0 days 01:38:54.115000,0 days 01:39:25.537000,0 days 01:39:46.938000,296.0,231.0,277.0,299.0,False,HARD,30.0,True,AlphaTauri,0 days 01:38:36.681000,,1,10.0,,,False,True
0 days 01:40:56.803000,TSU,22,0 days 00:01:09.873000,57.0,2.0,,,0 days 00:00:17.368000,0 days 00:00:31.461000,0 days 00:00:21.044000,0 days 01:40:04.306000,0 days 01:40:35.767000,0 days 01:40:56.811000,296.0,235.0,279.0,290.0,False,HARD,31.0,True,AlphaTauri,0 days 01:39:46.930000,,1,10.0,,,False,True
0 days 01:42:06.734000,TSU,22,0 days 00:01:09.931000,58.0,2.0,,,0 days 00:00:17.331000,0 days 00:00:31.448000,0 days 00:00:21.152000,0 days 01:41:14.142000,0 days 01:41:45.590000,0 days 01:42:06.742000,299.0,231.0,279.0,302.0,False,HARD,32.0,True,AlphaTauri,0 days 01:40:56.803000,,1,10.0,,,False,True
0 days 01:43:16.635000,TSU,22,0 days 00:01:09.901000,59.0,2.0,,,0 days 00:00:17.344000,0 days 00:00:31.506000,0 days 00:00:21.051000,0 days 01:42:24.086000,0 days 01:42:55.592000,0 days 01:43:16.643000,306.0,233.0,278.0,288.0,False,HARD,33.0,True,AlphaTauri,0 days 01:42:06.734000,,1,10.0,,,False,True
0 days 01:44:26.477000,TSU,22,0 days 00:01:09.842000,60.0,2.0,,,0 days 00:00:17.551000,0 days 00:00:31.282000,0 days 00:00:21.009000,0 days 01:43:34.194000,0 days 01:44:05.476000,0 days 01:44:26.485000,290.0,232.0,277.0,301.0,False,HARD,34.0,True,AlphaTauri,0 days 01:43:16.635000,,1,10.0,,,False,True
0 days 01:45:36.354000,TSU,22,0 days 00:01:09.877000,61.0,2.0,,,0 days 00:00:17.462000,0 days 00:00:31.383000,0 days 00:00:21.032000,0 days 01:44:43.947000,0 days 01:45:15.330000,0 days 01:45:36.362000,292.0,232.0,278.0,297.0,False,HARD,35.0,True,AlphaTauri,0 days 01:44:26.477000,,1,10.0,,,False,True
0 days 01:46:46.332000,TSU,22,0 days 00:01:09.978000,62.0,2.0,,,0 days 00:00:17.486000,0 days 00:00:31.543000,0 days 00:00:20.949000,0 days 01:45:53.848000,0 days 01:46:25.391000,0 days 01:46:46.340000,292.0,233.0,279.0,296.0,False,HARD,36.0,True,AlphaTauri,0 days 01:45:36.354000,,1,10.0,,,False,True
0 days 01:47:56.300000,TSU,22,0 days 00:01:09.968000,63.0,2.0,,,0 days 00:00:17.479000,0 days 00:00:31.406000,0 days 00:00:21.083000,0 days 01:47:03.819000,0 days 01:47:35.225000,0 days 01:47:56.308000,290.0,234.0,278.0,295.0,False,HARD,37.0,True,AlphaTauri,0 days 01:46:46.332000,,1,10.0,,,False,True
0 days 01:49:06.062000,TSU,22,0 days 00:01:09.762000,64.0,2.0,,,0 days 00:00:17.457000,0 days 00:00:31.439000,0 days 00:00:20.866000,0 days 01:48:13.765000,0 days 01:48:45.204000,0 days 01:49:06.070000,290.0,232.0,279.0,297.0,False,HARD,38.0,True,AlphaTauri,0 days 01:47:56.300000,,1,10.0,,,False,True
0 days 01:50:15.868000,TSU,22,0 days 00:01:09.806000,65.0,2.0,,,0 days 00:00:17.399000,0 days 00:00:31.446000,0 days 00:00:20.961000,0 days 01:49:23.469000,0 days 01:49:54.915000,0 days 01:50:15.876000,299.0,233.0,280.0,299.0,False,HARD,39.0,True,AlphaTauri,0 days 01:49:06.062000,,1,10.0,,,False,True
0 days 01:51:25.937000,TSU,22,0 days 00:01:10.069000,66.0,2.0,,,0 days 00:00:17.480000,0 days 00:00:31.620000,0 days 00:00:20.969000,0 days 01:50:33.356000,0 days 01:51:04.976000,0 days 01:51:25.945000,291.0,234.0,279.0,300.0,False,HARD,40.0,True,AlphaTauri,0 days 01:50:15.868000,,1,10.0,,,False,True
0 days 01:52:35.728000,TSU,22,0 days 00:01:09.791000,67.0,2.0,,,0 days 00:00:17.484000,0 days 00:00:31.411000,0 days 00:00:20.896000,0 days 01:51:43.429000,0 days 01:52:14.840000,0 days 01:52:35.736000,294.0,234.0,280.0,286.0,False,HARD,41.0,True,AlphaTauri,0 days 01:51:25.937000,,1,10.0,,,False,True
0 days 01:53:45.549000,TSU,22,0 days 00:01:09.821000,68.0,2.0,,,0 days 00:00:17.186000,0 days 00:00:31.511000,0 days 00:00:21.124000,0 days 01:52:52.922000,0 days 01:53:24.433000,0 days 01:53:45.557000,313.0,231.0,285.0,317.0,False,HARD,42.0,True,AlphaTauri,0 days 01:52:35.728000,,1,10.0,,,False,True
0 days 01:54:55.975000,TSU,22,0 days 00:01:10.426000,69.0,2.0,,,0 days 00:00:17.160000,0 days 00:00:31.969000,0 days 00:00:21.297000,0 days 01:54:02.717000,0 days 01:54:34.686000,0 days 01:54:55.983000,317.0,228.0,287.0,304.0,False,HARD,43.0,True,AlphaTauri,0 days 01:53:45.549000,,1,10.0,,,False,True
0 days 01:56:06.606000,TSU,22,0 days 00:01:10.631000,70.0,2.0,,,0 days 00:00:16.885000,0 days 00:00:32.324000,0 days 00:00:21.422000,0 days 01:55:12.868000,0 days 01:55:45.192000,0 days 01:56:06.614000,334.0,229.0,288.0,326.0,False,HARD,44.0,True,AlphaTauri,0 days 01:54:55.975000,,1,10.0,,,False,True
0 days 00:34:26.103000,RAI,7,0 days 00:01:20.271000,1.0,1.0,,,,0 days 00:00:33.878000,0 days 00:00:23.026000,,0 days 00:34:03.143000,0 days 00:34:26.295000,273.0,221.0,271.0,303.0,False,HARD,1.0,True,Alfa Romeo Racing,0 days 00:33:05.677000,,12,13.0,,,False,False
0 days 00:35:39.998000,RAI,7,0 days 00:01:13.895000,2.0,1.0,,,0 days 00:00:18.083000,0 days 00:00:32.883000,0 days 00:00:22.929000,0 days 00:34:44.239000,0 days 00:35:17.122000,0 days 00:35:40.051000,300.0,215.0,271.0,302.0,True,HARD,2.0,True,Alfa Romeo Racing,0 days 00:34:26.103000,,1,13.0,,,False,True
0 days 00:36:52.624000,RAI,7,0 days 00:01:12.626000,3.0,1.0,,,0 days 00:00:18.262000,0 days 00:00:32.089000,0 days 00:00:22.275000,0 days 00:35:58.313000,0 days 00:36:30.402000,0 days 00:36:52.677000,297.0,219.0,279.0,315.0,True,HARD,3.0,True,Alfa Romeo Racing,0 days 00:35:39.998000,,1,13.0,,,False,True
0 days 00:38:04.289000,RAI,7,0 days 00:01:11.665000,4.0,1.0,,,0 days 00:00:17.570000,0 days 00:00:31.842000,0 days 00:00:22.253000,0 days 00:37:10.247000,0 days 00:37:42.089000,0 days 00:38:04.342000,312.0,222.0,280.0,317.0,True,HARD,4.0,True,Alfa Romeo Racing,0 days 00:36:52.624000,,1,12.0,,,False,True
0 days 00:39:16.292000,RAI,7,0 days 00:01:12.003000,5.0,1.0,,,0 days 00:00:17.481000,0 days 00:00:32.320000,0 days 00:00:22.202000,0 days 00:38:21.823000,0 days 00:38:54.143000,0 days 00:39:16.345000,314.0,221.0,277.0,315.0,False,HARD,5.0,True,Alfa Romeo Racing,0 days 00:38:04.289000,,1,13.0,,,False,True
0 days 00:40:28.082000,RAI,7,0 days 00:01:11.790000,6.0,1.0,,,0 days 00:00:17.396000,0 days 00:00:32.258000,0 days 00:00:22.136000,0 days 00:39:33.741000,0 days 00:40:05.999000,0 days 00:40:28.135000,309.0,224.0,278.0,313.0,False,HARD,6.0,True,Alfa Romeo Racing,0 days 00:39:16.292000,,1,13.0,,,False,True
0 days 00:41:40.047000,RAI,7,0 days 00:01:11.965000,7.0,1.0,,,0 days 00:00:17.414000,0 days 00:00:32.122000,0 days 00:00:22.429000,0 days 00:40:45.549000,0 days 00:41:17.671000,0 days 00:41:40.100000,314.0,222.0,278.0,312.0,False,HARD,7.0,True,Alfa Romeo Racing,0 days 00:40:28.082000,,1,12.0,,,False,True
0 days 00:42:51.832000,RAI,7,0 days 00:01:11.785000,8.0,1.0,,,0 days 00:00:17.586000,0 days 00:00:32.156000,0 days 00:00:22.043000,0 days 00:41:57.686000,0 days 00:42:29.842000,0 days 00:42:51.885000,313.0,223.0,275.0,308.0,False,HARD,8.0,True,Alfa Romeo Racing,0 days 00:41:40.047000,,1,12.0,,,False,True
0 days 00:44:03.727000,RAI,7,0 days 00:01:11.895000,9.0,1.0,,,0 days 00:00:17.593000,0 days 00:00:32.359000,0 days 00:00:21.943000,0 days 00:43:09.478000,0 days 00:43:41.837000,0 days 00:44:03.780000,309.0,227.0,276.0,307.0,False,HARD,9.0,True,Alfa Romeo Racing,0 days 00:42:51.832000,,1,12.0,,,False,True
0 days 00:45:15.072000,RAI,7,0 days 00:01:11.345000,10.0,1.0,,,0 days 00:00:17.412000,0 days 00:00:31.920000,0 days 00:00:22.013000,0 days 00:44:21.192000,0 days 00:44:53.112000,0 days 00:45:15.125000,305.0,225.0,276.0,312.0,True,HARD,10.0,True,Alfa Romeo Racing,0 days 00:44:03.727000,,1,12.0,,,False,True
0 days 00:46:26.288000,RAI,7,0 days 00:01:11.216000,11.0,1.0,,,0 days 00:00:17.509000,0 days 00:00:31.755000,0 days 00:00:21.952000,0 days 00:45:32.634000,0 days 00:46:04.389000,0 days 00:46:26.341000,309.0,226.0,275.0,309.0,True,HARD,11.0,True,Alfa Romeo Racing,0 days 00:45:15.072000,,1,12.0,,,False,True
0 days 00:47:37.878000,RAI,7,0 days 00:01:11.590000,12.0,1.0,,,0 days 00:00:17.551000,0 days 00:00:32.066000,0 days 00:00:21.973000,0 days 00:46:43.892000,0 days 00:47:15.958000,0 days 00:47:37.931000,309.0,224.0,277.0,310.0,False,HARD,12.0,True,Alfa Romeo Racing,0 days 00:46:26.288000,,1,12.0,,,False,True
0 days 00:48:49.272000,RAI,7,0 days 00:01:11.394000,13.0,1.0,,,0 days 00:00:17.403000,0 days 00:00:32.029000,0 days 00:00:21.962000,0 days 00:47:55.334000,0 days 00:48:27.363000,0 days 00:48:49.325000,313.0,224.0,279.0,312.0,False,HARD,13.0,True,Alfa Romeo Racing,0 days 00:47:37.878000,,1,12.0,,,False,True
0 days 00:50:00.728000,RAI,7,0 days 00:01:11.456000,14.0,1.0,,,0 days 00:00:17.383000,0 days 00:00:32.022000,0 days 00:00:22.051000,0 days 00:49:06.708000,0 days 00:49:38.730000,0 days 00:50:00.781000,314.0,225.0,278.0,313.0,False,HARD,14.0,True,Alfa Romeo Racing,0 days 00:48:49.272000,,1,12.0,,,False,True
0 days 00:51:12.273000,RAI,7,0 days 00:01:11.545000,15.0,1.0,,,0 days 00:00:17.325000,0 days 00:00:32.069000,0 days 00:00:22.151000,0 days 00:50:18.106000,0 days 00:50:50.175000,0 days 00:51:12.326000,315.0,222.0,280.0,315.0,False,HARD,15.0,True,Alfa Romeo Racing,0 days 00:50:00.728000,,1,12.0,,,False,True
0 days 00:52:24.130000,RAI,7,0 days 00:01:11.857000,16.0,1.0,,,0 days 00:00:17.283000,0 days 00:00:32.468000,0 days 00:00:22.106000,0 days 00:51:29.609000,0 days 00:52:02.077000,0 days 00:52:24.183000,313.0,220.0,280.0,314.0,False,HARD,16.0,True,Alfa Romeo Racing,0 days 00:51:12.273000,,1,12.0,,,False,True
0 days 00:53:35.893000,RAI,7,0 days 00:01:11.763000,17.0,1.0,,,0 days 00:00:17.397000,0 days 00:00:32.291000,0 days 00:00:22.075000,0 days 00:52:41.580000,0 days 00:53:13.871000,0 days 00:53:35.946000,315.0,221.0,280.0,315.0,False,HARD,17.0,True,Alfa Romeo Racing,0 days 00:52:24.130000,,1,12.0,,,False,True
0 days 00:54:47.553000,RAI,7,0 days 00:01:11.660000,18.0,1.0,,,0 days 00:00:17.520000,0 days 00:00:32.262000,0 days 00:00:21.878000,0 days 00:53:53.466000,0 days 00:54:25.728000,0 days 00:54:47.606000,302.0,224.0,280.0,311.0,False,HARD,18.0,True,Alfa Romeo Racing,0 days 00:53:35.893000,,1,12.0,,,False,True
0 days 00:55:59.325000,RAI,7,0 days 00:01:11.772000,19.0,1.0,,,0 days 00:00:17.399000,0 days 00:00:32.280000,0 days 00:00:22.093000,0 days 00:55:05.005000,0 days 00:55:37.285000,0 days 00:55:59.378000,313.0,219.0,278.0,313.0,False,HARD,19.0,True,Alfa Romeo Racing,0 days 00:54:47.553000,,1,12.0,,,False,True
0 days 00:57:10.792000,RAI,7,0 days 00:01:11.467000,20.0,1.0,,,0 days 00:00:17.360000,0 days 00:00:31.994000,0 days 00:00:22.113000,0 days 00:56:16.738000,0 days 00:56:48.732000,0 days 00:57:10.845000,317.0,222.0,273.0,313.0,False,HARD,20.0,True,Alfa Romeo Racing,0 days 00:55:59.325000,,1,12.0,,,False,True
0 days 00:58:22.262000,RAI,7,0 days 00:01:11.470000,21.0,1.0,,,0 days 00:00:17.701000,0 days 00:00:31.858000,0 days 00:00:21.911000,0 days 00:57:28.546000,0 days 00:58:00.404000,0 days 00:58:22.315000,302.0,224.0,278.0,298.0,False,HARD,21.0,True,Alfa Romeo Racing,0 days 00:57:10.792000,,1,12.0,,,False,True
0 days 00:59:33.611000,RAI,7,0 days 00:01:11.349000,22.0,1.0,,,0 days 00:00:17.580000,0 days 00:00:32.003000,0 days 00:00:21.766000,0 days 00:58:39.895000,0 days 00:59:11.898000,0 days 00:59:33.664000,296.0,219.0,274.0,294.0,False,HARD,22.0,True,Alfa Romeo Racing,0 days 00:58:22.262000,,1,12.0,,,False,True
0 days 01:00:44.649000,RAI,7,0 days 00:01:11.038000,23.0,1.0,,,0 days 00:00:17.536000,0 days 00:00:31.757000,0 days 00:00:21.745000,0 days 00:59:51.200000,0 days 01:00:22.957000,0 days 01:00:44.702000,302.0,226.0,273.0,295.0,True,HARD,23.0,True,Alfa Romeo Racing,0 days 00:59:33.611000,,1,12.0,,,False,True
0 days 01:01:56.043000,RAI,7,0 days 00:01:11.394000,24.0,1.0,,,0 days 00:00:17.568000,0 days 00:00:32.005000,0 days 00:00:21.821000,0 days 01:01:02.270000,0 days 01:01:34.275000,0 days 01:01:56.096000,298.0,223.0,271.0,289.0,False,HARD,24.0,True,Alfa Romeo Racing,0 days 01:00:44.649000,,1,12.0,,,False,True
0 days 01:03:07.304000,RAI,7,0 days 00:01:11.261000,25.0,1.0,,,0 days 00:00:17.592000,0 days 00:00:31.934000,0 days 00:00:21.735000,0 days 01:02:13.688000,0 days 01:02:45.622000,0 days 01:03:07.357000,298.0,222.0,279.0,294.0,False,HARD,25.0,True,Alfa Romeo Racing,0 days 01:01:56.043000,,1,12.0,,,False,True
0 days 01:04:18.863000,RAI,7,0 days 00:01:11.559000,26.0,1.0,,,0 days 00:00:17.265000,0 days 00:00:32.263000,0 days 00:00:22.031000,0 days 01:03:24.622000,0 days 01:03:56.885000,0 days 01:04:18.916000,318.0,224.0,281.0,314.0,False,HARD,26.0,True,Alfa Romeo Racing,0 days 01:03:07.304000,,1,10.0,,,False,True
0 days 01:05:29.975000,RAI,7,0 days 00:01:11.112000,27.0,1.0,,,0 days 00:00:17.320000,0 days 00:00:32.026000,0 days 00:00:21.766000,0 days 01:04:36.236000,0 days 01:05:08.262000,0 days 01:05:30.028000,317.0,222.0,276.0,313.0,False,HARD,27.0,True,Alfa Romeo Racing,0 days 01:04:18.863000,,1,9.0,,,False,True
0 days 01:06:41.148000,RAI,7,0 days 00:01:11.173000,28.0,1.0,,,0 days 00:00:17.616000,0 days 00:00:31.921000,0 days 00:00:21.636000,0 days 01:05:47.644000,0 days 01:06:19.565000,0 days 01:06:41.201000,292.0,224.0,268.0,293.0,False,HARD,28.0,True,Alfa Romeo Racing,0 days 01:05:29.975000,,1,8.0,,,False,True
0 days 01:07:52.202000,RAI,7,0 days 00:01:11.054000,29.0,1.0,,,0 days 00:00:17.775000,0 days 00:00:31.786000,0 days 00:00:21.493000,0 days 01:06:58.976000,0 days 01:07:30.762000,0 days 01:07:52.255000,294.0,220.0,270.0,292.0,False,HARD,29.0,True,Alfa Romeo Racing,0 days 01:06:41.148000,,1,7.0,,,False,True
0 days 01:09:03.408000,RAI,7,0 days 00:01:11.206000,30.0,1.0,,,0 days 00:00:17.775000,0 days 00:00:31.784000,0 days 00:00:21.647000,,0 days 01:08:41.814000,0 days 01:09:03.461000,292.0,221.0,268.0,296.0,False,HARD,30.0,True,Alfa Romeo Racing,0 days 01:07:52.202000,,1,7.0,,,False,True
0 days 01:10:14.275000,RAI,7,0 days 00:01:10.867000,31.0,1.0,,,0 days 00:00:17.806000,0 days 00:00:31.506000,0 days 00:00:21.555000,0 days 01:09:21.267000,0 days 01:09:52.773000,0 days 01:10:14.328000,296.0,222.0,269.0,296.0,True,HARD,31.0,True,Alfa Romeo Racing,0 days 01:09:03.408000,,1,7.0,,,False,True
0 days 01:11:26.715000,RAI,7,0 days 00:01:12.440000,32.0,1.0,,,0 days 00:00:17.760000,0 days 00:00:32.266000,0 days 00:00:22.414000,0 days 01:10:32.088000,0 days 01:11:04.354000,0 days 01:11:26.768000,295.0,221.0,279.0,289.0,False,HARD,32.0,True,Alfa Romeo Racing,0 days 01:10:14.275000,,1,7.0,,,False,True
0 days 01:12:37.918000,RAI,7,0 days 00:01:11.203000,33.0,1.0,,,0 days 00:00:17.643000,0 days 00:00:31.857000,0 days 00:00:21.703000,0 days 01:11:44.411000,0 days 01:12:16.268000,0 days 01:12:37.971000,313.0,223.0,278.0,307.0,False,HARD,33.0,True,Alfa Romeo Racing,0 days 01:11:26.715000,,1,7.0,,,False,True
0 days 01:13:48.621000,RAI,7,0 days 00:01:10.703000,34.0,1.0,,,0 days 00:00:17.509000,0 days 00:00:31.609000,0 days 00:00:21.585000,0 days 01:12:55.480000,0 days 01:13:27.089000,0 days 01:13:48.674000,305.0,223.0,270.0,303.0,True,HARD,34.0,True,Alfa Romeo Racing,0 days 01:12:37.918000,,1,7.0,,,False,True
0 days 01:14:59.472000,RAI,7,0 days 00:01:10.851000,35.0,1.0,,,0 days 00:00:17.707000,0 days 00:00:31.763000,0 days 00:00:21.381000,0 days 01:14:06.381000,0 days 01:14:38.144000,0 days 01:14:59.525000,290.0,222.0,271.0,286.0,False,HARD,35.0,True,Alfa Romeo Racing,0 days 01:13:48.621000,,1,7.0,,,False,True
0 days 01:16:14.043000,RAI,7,0 days 00:01:14.571000,36.0,1.0,,0 days 01:16:10.789000,0 days 00:00:17.632000,0 days 00:00:31.637000,0 days 00:00:25.302000,0 days 01:15:17.157000,0 days 01:15:48.794000,0 days 01:16:14.096000,289.0,225.0,,294.0,False,HARD,36.0,True,Alfa Romeo Racing,0 days 01:14:59.472000,,1,9.0,,,False,False
0 days 01:17:41.266000,RAI,7,0 days 00:01:27.223000,37.0,2.0,0 days 01:16:32.057000,,0 days 00:00:34.209000,0 days 00:00:31.276000,0 days 00:00:21.738000,0 days 01:16:48.305000,0 days 01:17:19.581000,0 days 01:17:41.319000,289.0,221.0,271.0,291.0,False,MEDIUM,1.0,True,Alfa Romeo Racing,0 days 01:16:14.043000,,1,14.0,,,False,False
0 days 01:18:51.755000,RAI,7,0 days 00:01:10.489000,38.0,2.0,,,0 days 00:00:17.885000,0 days 00:00:31.113000,0 days 00:00:21.491000,0 days 01:17:59.204000,0 days 01:18:30.317000,0 days 01:18:51.808000,287.0,226.0,269.0,289.0,True,MEDIUM,2.0,True,Alfa Romeo Racing,0 days 01:17:41.266000,,1,13.0,,,False,True
0 days 01:20:01.581000,RAI,7,0 days 00:01:09.826000,39.0,2.0,,,0 days 00:00:17.571000,0 days 00:00:31.028000,0 days 00:00:21.227000,0 days 01:19:09.379000,0 days 01:19:40.407000,0 days 01:20:01.634000,294.0,232.0,271.0,295.0,True,MEDIUM,3.0,True,Alfa Romeo Racing,0 days 01:18:51.755000,,1,13.0,,,False,True
0 days 01:21:11.077000,RAI,7,0 days 00:01:09.496000,40.0,2.0,,,0 days 00:00:17.416000,0 days 00:00:30.738000,0 days 00:00:21.342000,0 days 01:20:19.050000,0 days 01:20:49.788000,0 days 01:21:11.130000,296.0,233.0,270.0,299.0,True,MEDIUM,4.0,True,Alfa Romeo Racing,0 days 01:20:01.581000,,1,13.0,,,False,True
0 days 01:22:21.822000,RAI,7,0 days 00:01:10.745000,41.0,2.0,,,0 days 00:00:17.567000,0 days 00:00:31.732000,0 days 00:00:21.446000,0 days 01:21:28.697000,0 days 01:22:00.429000,0 days 01:22:21.875000,298.0,221.0,273.0,299.0,False,MEDIUM,5.0,True,Alfa Romeo Racing,0 days 01:21:11.077000,,1,14.0,,,False,True
0 days 01:23:32.164000,RAI,7,0 days 00:01:10.342000,42.0,2.0,,,0 days 00:00:17.747000,0 days 00:00:31.199000,0 days 00:00:21.396000,0 days 01:22:39.622000,0 days 01:23:10.821000,0 days 01:23:32.217000,290.0,224.0,271.0,290.0,False,MEDIUM,6.0,True,Alfa Romeo Racing,0 days 01:22:21.822000,,1,13.0,,,False,True
0 days 01:24:42.218000,RAI,7,0 days 00:01:10.054000,43.0,2.0,,,0 days 00:00:17.600000,0 days 00:00:31.138000,0 days 00:00:21.316000,0 days 01:23:49.817000,0 days 01:24:20.955000,0 days 01:24:42.271000,297.0,231.0,271.0,296.0,False,MEDIUM,7.0,True,Alfa Romeo Racing,0 days 01:23:32.164000,,1,13.0,,,False,True
0 days 01:25:52.139000,RAI,7,0 days 00:01:09.921000,44.0,2.0,,,0 days 00:00:17.640000,0 days 00:00:30.999000,0 days 00:00:21.282000,0 days 01:24:59.911000,0 days 01:25:30.910000,0 days 01:25:52.192000,297.0,229.0,272.0,298.0,False,MEDIUM,8.0,True,Alfa Romeo Racing,0 days 01:24:42.218000,,1,13.0,,,False,True
0 days 01:27:01.950000,RAI,7,0 days 00:01:09.811000,45.0,2.0,,,0 days 00:00:17.597000,0 days 00:00:31.001000,0 days 00:00:21.213000,0 days 01:26:09.789000,0 days 01:26:40.790000,0 days 01:27:02.003000,296.0,231.0,270.0,297.0,False,MEDIUM,9.0,True,Alfa Romeo Racing,0 days 01:25:52.139000,,1,13.0,,,False,True
0 days 01:28:11.997000,RAI,7,0 days 00:01:10.047000,46.0,2.0,,,0 days 00:00:17.649000,0 days 00:00:31.149000,0 days 00:00:21.249000,0 days 01:27:19.652000,0 days 01:27:50.801000,0 days 01:28:12.050000,293.0,227.0,272.0,293.0,False,MEDIUM,10.0,True,Alfa Romeo Racing,0 days 01:27:01.950000,,1,13.0,,,False,True
0 days 01:29:22.046000,RAI,7,0 days 00:01:10.049000,47.0,2.0,,,0 days 00:00:17.689000,0 days 00:00:31.182000,0 days 00:00:21.178000,0 days 01:28:29.739000,0 days 01:29:00.921000,0 days 01:29:22.099000,291.0,227.0,273.0,293.0,False,MEDIUM,11.0,True,Alfa Romeo Racing,0 days 01:28:11.997000,,1,13.0,,,False,True
0 days 01:30:32.097000,RAI,7,0 days 00:01:10.051000,48.0,2.0,,,0 days 00:00:17.721000,0 days 00:00:31.227000,0 days 00:00:21.103000,0 days 01:29:39.820000,0 days 01:30:11.047000,0 days 01:30:32.150000,286.0,227.0,272.0,292.0,False,MEDIUM,12.0,True,Alfa Romeo Racing,0 days 01:29:22.046000,,1,13.0,,,False,True
0 days 01:31:42.020000,RAI,7,0 days 00:01:09.923000,49.0,2.0,,,0 days 00:00:17.591000,0 days 00:00:31.211000,0 days 00:00:21.121000,0 days 01:30:49.741000,0 days 01:31:20.952000,0 days 01:31:42.073000,293.0,226.0,272.0,290.0,False,MEDIUM,13.0,True,Alfa Romeo Racing,0 days 01:30:32.097000,,1,13.0,,,False,True
0 days 01:32:52.028000,RAI,7,0 days 00:01:10.008000,50.0,2.0,,,0 days 00:00:17.689000,0 days 00:00:31.335000,0 days 00:00:20.984000,0 days 01:31:59.762000,0 days 01:32:31.097000,0 days 01:32:52.081000,290.0,229.0,273.0,291.0,False,MEDIUM,14.0,True,Alfa Romeo Racing,0 days 01:31:42.020000,,1,13.0,,,False,True
0 days 01:34:01.752000,RAI,7,0 days 00:01:09.724000,51.0,2.0,,,0 days 00:00:17.525000,0 days 00:00:31.121000,0 days 00:00:21.078000,0 days 01:33:09.606000,0 days 01:33:40.727000,0 days 01:34:01.805000,292.0,228.0,273.0,296.0,False,MEDIUM,15.0,True,Alfa Romeo Racing,0 days 01:32:52.028000,,1,13.0,,,False,True
0 days 01:35:11.686000,RAI,7,0 days 00:01:09.934000,52.0,2.0,,,0 days 00:00:17.536000,0 days 00:00:31.235000,0 days 00:00:21.163000,0 days 01:34:19.341000,0 days 01:34:50.576000,0 days 01:35:11.739000,294.0,228.0,272.0,290.0,False,MEDIUM,16.0,True,Alfa Romeo Racing,0 days 01:34:01.752000,,1,13.0,,,False,True
0 days 01:36:21.662000,RAI,7,0 days 00:01:09.976000,53.0,2.0,,,0 days 00:00:17.536000,0 days 00:00:30.985000,0 days 00:00:21.455000,,0 days 01:36:00.260000,0 days 01:36:21.715000,294.0,230.0,271.0,292.0,False,MEDIUM,17.0,True,Alfa Romeo Racing,0 days 01:35:11.686000,,1,13.0,,,False,True
0 days 01:37:31.672000,RAI,7,0 days 00:01:10.010000,54.0,2.0,,,0 days 00:00:17.549000,0 days 00:00:31.082000,0 days 00:00:21.379000,0 days 01:36:39.264000,0 days 01:37:10.346000,0 days 01:37:31.725000,299.0,232.0,272.0,297.0,False,MEDIUM,18.0,True,Alfa Romeo Racing,0 days 01:36:21.662000,,1,13.0,,,False,True
0 days 01:38:41.793000,RAI,7,0 days 00:01:10.121000,55.0,2.0,,,0 days 00:00:17.477000,0 days 00:00:31.140000,0 days 00:00:21.504000,0 days 01:37:49.202000,0 days 01:38:20.342000,0 days 01:38:41.846000,301.0,234.0,275.0,299.0,False,MEDIUM,19.0,True,Alfa Romeo Racing,0 days 01:37:31.672000,,1,13.0,,,False,True
0 days 01:39:51.665000,RAI,7,0 days 00:01:09.872000,56.0,2.0,,,0 days 00:00:17.429000,0 days 00:00:31.131000,0 days 00:00:21.312000,0 days 01:38:59.275000,0 days 01:39:30.406000,0 days 01:39:51.718000,304.0,233.0,281.0,316.0,False,MEDIUM,20.0,True,Alfa Romeo Racing,0 days 01:38:41.793000,,1,13.0,,,False,True
0 days 01:41:00.793000,RAI,7,0 days 00:01:09.128000,57.0,2.0,,,0 days 00:00:17.122000,0 days 00:00:30.867000,0 days 00:00:21.139000,0 days 01:40:08.840000,0 days 01:40:39.707000,0 days 01:41:00.846000,318.0,235.0,275.0,323.0,True,MEDIUM,21.0,True,Alfa Romeo Racing,0 days 01:39:51.665000,,1,12.0,,,False,True
0 days 01:42:10.397000,RAI,7,0 days 00:01:09.604000,58.0,2.0,,,0 days 00:00:17.417000,0 days 00:00:30.993000,0 days 00:00:21.194000,0 days 01:41:18.263000,0 days 01:41:49.256000,0 days 01:42:10.450000,299.0,231.0,274.0,295.0,False,MEDIUM,22.0,True,Alfa Romeo Racing,0 days 01:41:00.793000,,1,12.0,,,False,True
0 days 01:43:20.384000,RAI,7,0 days 00:01:09.987000,59.0,2.0,,,0 days 00:00:17.596000,0 days 00:00:31.160000,0 days 00:00:21.231000,0 days 01:42:28.046000,0 days 01:42:59.206000,0 days 01:43:20.437000,296.0,231.0,272.0,293.0,False,MEDIUM,23.0,True,Alfa Romeo Racing,0 days 01:42:10.397000,,1,12.0,,,False,True
0 days 01:44:30.467000,RAI,7,0 days 00:01:10.083000,60.0,2.0,,,0 days 00:00:17.673000,0 days 00:00:31.133000,0 days 00:00:21.277000,0 days 01:43:38.110000,0 days 01:44:09.243000,0 days 01:44:30.520000,292.0,230.0,273.0,293.0,False,MEDIUM,24.0,True,Alfa Romeo Racing,0 days 01:43:20.384000,,1,12.0,,,False,True
0 days 01:45:40.521000,RAI,7,0 days 00:01:10.054000,61.0,2.0,,,0 days 00:00:17.623000,0 days 00:00:31.245000,0 days 00:00:21.186000,0 days 01:44:48.143000,0 days 01:45:19.388000,0 days 01:45:40.574000,293.0,231.0,274.0,292.0,False,MEDIUM,25.0,True,Alfa Romeo Racing,0 days 01:44:30.467000,,1,12.0,,,False,True
0 days 01:46:50.451000,RAI,7,0 days 00:01:09.930000,62.0,2.0,,,0 days 00:00:17.584000,0 days 00:00:31.296000,0 days 00:00:21.050000,0 days 01:45:58.158000,0 days 01:46:29.454000,0 days 01:46:50.504000,295.0,232.0,274.0,293.0,False,MEDIUM,26.0,True,Alfa Romeo Racing,0 days 01:45:40.521000,,1,12.0,,,False,True
0 days 01:48:00.003000,RAI,7,0 days 00:01:09.552000,63.0,2.0,,,0 days 00:00:17.491000,0 days 00:00:31.061000,0 days 00:00:21,0 days 01:47:07.995000,0 days 01:47:39.056000,0 days 01:48:00.056000,296.0,233.0,284.0,309.0,False,MEDIUM,27.0,True,Alfa Romeo Racing,0 days 01:46:50.451000,,1,12.0,,,False,True
0 days 01:49:09.816000,RAI,7,0 days 00:01:09.813000,64.0,2.0,,,0 days 00:00:17.088000,0 days 00:00:31.712000,0 days 00:00:21.013000,0 days 01:48:17.144000,0 days 01:48:48.856000,0 days 01:49:09.869000,311.0,227.0,283.0,307.0,False,MEDIUM,28.0,True,Alfa Romeo Racing,0 days 01:48:00.003000,,1,12.0,,,False,True
0 days 01:50:19.969000,RAI,7,0 days 00:01:10.153000,65.0,2.0,,,0 days 00:00:17.178000,0 days 00:00:31.929000,0 days 00:00:21.046000,0 days 01:49:27.047000,0 days 01:49:58.976000,0 days 01:50:20.022000,312.0,229.0,283.0,316.0,False,MEDIUM,29.0,True,Alfa Romeo Racing,0 days 01:49:09.816000,,1,12.0,,,False,True
0 days 01:51:30.334000,RAI,7,0 days 00:01:10.365000,66.0,2.0,,,0 days 00:00:17.150000,0 days 00:00:31.948000,0 days 00:00:21.267000,0 days 01:50:37.172000,0 days 01:51:09.120000,0 days 01:51:30.387000,316.0,226.0,283.0,315.0,False,MEDIUM,30.0,True,Alfa Romeo Racing,0 days 01:50:19.969000,,1,12.0,,,False,True
0 days 01:52:39.584000,RAI,7,0 days 00:01:09.250000,67.0,2.0,,,0 days 00:00:17.070000,0 days 00:00:31.188000,0 days 00:00:20.992000,0 days 01:51:47.457000,0 days 01:52:18.645000,0 days 01:52:39.637000,317.0,230.0,273.0,315.0,False,MEDIUM,31.0,True,Alfa Romeo Racing,0 days 01:51:30.334000,,1,11.0,,,False,True
0 days 01:53:49.568000,RAI,7,0 days 00:01:09.984000,68.0,2.0,,,0 days 00:00:17.664000,0 days 00:00:31.149000,0 days 00:00:21.171000,0 days 01:52:57.301000,0 days 01:53:28.450000,0 days 01:53:49.621000,288.0,228.0,275.0,287.0,False,MEDIUM,32.0,True,Alfa Romeo Racing,0 days 01:52:39.584000,,1,11.0,,,False,True
0 days 01:54:59.524000,RAI,7,0 days 00:01:09.956000,69.0,2.0,,,0 days 00:00:17.564000,0 days 00:00:31.331000,0 days 00:00:21.061000,0 days 01:54:07.185000,0 days 01:54:38.516000,0 days 01:54:59.577000,297.0,231.0,275.0,292.0,False,MEDIUM,33.0,True,Alfa Romeo Racing,0 days 01:53:49.568000,,1,11.0,,,False,True
0 days 01:56:09.040000,RAI,7,0 days 00:01:09.516000,70.0,2.0,,,0 days 00:00:17.568000,0 days 00:00:30.837000,0 days 00:00:21.111000,0 days 01:55:17.145000,0 days 01:55:47.982000,0 days 01:56:09.093000,299.0,232.0,276.0,298.0,False,MEDIUM,34.0,True,Alfa Romeo Racing,0 days 01:54:59.524000,,1,11.0,,,False,True
0 days 00:34:25.592000,VET,5,0 days 00:01:19.760000,1.0,1.0,,,,0 days 00:00:33.771000,0 days 00:00:22.928000,,0 days 00:34:02.750000,0 days 00:34:25.788000,288.0,213.0,277.0,302.0,False,MEDIUM,1.0,True,Aston Martin,0 days 00:33:05.677000,,12,12.0,,,False,False
0 days 00:35:39.478000,VET,5,0 days 00:01:13.886000,2.0,1.0,,,0 days 00:00:17.911000,0 days 00:00:33.250000,0 days 00:00:22.725000,0 days 00:34:43.561000,0 days 00:35:16.811000,0 days 00:35:39.536000,312.0,212.0,273.0,302.0,True,MEDIUM,2.0,True,Aston Martin,0 days 00:34:25.592000,,1,12.0,,,False,True
0 days 00:36:51.908000,VET,5,0 days 00:01:12.430000,3.0,1.0,,,0 days 00:00:17.926000,0 days 00:00:32.314000,0 days 00:00:22.190000,0 days 00:35:57.462000,0 days 00:36:29.776000,0 days 00:36:51.966000,292.0,218.0,282.0,312.0,True,MEDIUM,3.0,True,Aston Martin,0 days 00:35:39.478000,,1,12.0,,,False,True
0 days 00:38:03.717000,VET,5,0 days 00:01:11.809000,4.0,1.0,,,0 days 00:00:17.416000,0 days 00:00:32.149000,0 days 00:00:22.244000,0 days 00:37:09.382000,0 days 00:37:41.531000,0 days 00:38:03.775000,316.0,220.0,280.0,313.0,True,MEDIUM,4.0,True,Aston Martin,0 days 00:36:51.908000,,1,11.0,,,False,True
0 days 00:39:15.561000,VET,5,0 days 00:01:11.844000,5.0,1.0,,,0 days 00:00:17.502000,0 days 00:00:32.288000,0 days 00:00:22.054000,0 days 00:38:21.277000,0 days 00:38:53.565000,0 days 00:39:15.619000,306.0,221.0,281.0,306.0,False,MEDIUM,5.0,True,Aston Martin,0 days 00:38:03.717000,,1,12.0,,,False,True
0 days 00:40:27.310000,VET,5,0 days 00:01:11.749000,6.0,1.0,,,0 days 00:00:17.423000,0 days 00:00:32.253000,0 days 00:00:22.073000,0 days 00:39:33.042000,0 days 00:40:05.295000,0 days 00:40:27.368000,306.0,222.0,278.0,302.0,True,MEDIUM,6.0,True,Aston Martin,0 days 00:39:15.561000,,1,12.0,,,False,True
0 days 00:41:39.415000,VET,5,0 days 00:01:12.105000,7.0,1.0,,,0 days 00:00:17.329000,0 days 00:00:32.381000,0 days 00:00:22.395000,0 days 00:40:44.697000,0 days 00:41:17.078000,0 days 00:41:39.473000,308.0,221.0,276.0,306.0,False,MEDIUM,7.0,True,Aston Martin,0 days 00:40:27.310000,,1,11.0,,,False,True
0 days 00:42:50.954000,VET,5,0 days 00:01:11.539000,8.0,1.0,,,0 days 00:00:17.570000,0 days 00:00:32.053000,0 days 00:00:21.916000,0 days 00:41:57.043000,0 days 00:42:29.096000,0 days 00:42:51.012000,303.0,222.0,269.0,304.0,True,MEDIUM,8.0,True,Aston Martin,0 days 00:41:39.415000,,1,11.0,,,False,True
0 days 00:44:02.799000,VET,5,0 days 00:01:11.845000,9.0,1.0,,,0 days 00:00:17.984000,0 days 00:00:32.102000,0 days 00:00:21.759000,0 days 00:43:08.996000,0 days 00:43:41.098000,0 days 00:44:02.857000,285.0,225.0,271.0,285.0,False,MEDIUM,9.0,True,Aston Martin,0 days 00:42:50.954000,,1,11.0,,,False,True
0 days 00:45:14.009000,VET,5,0 days 00:01:11.210000,10.0,1.0,,,0 days 00:00:17.637000,0 days 00:00:31.830000,0 days 00:00:21.743000,0 days 00:44:20.494000,0 days 00:44:52.324000,0 days 00:45:14.067000,288.0,223.0,272.0,292.0,True,MEDIUM,10.0,True,Aston Martin,0 days 00:44:02.799000,,1,11.0,,,False,True
0 days 00:46:25.324000,VET,5,0 days 00:01:11.315000,11.0,1.0,,,0 days 00:00:17.709000,0 days 00:00:31.779000,0 days 00:00:21.827000,0 days 00:45:31.776000,0 days 00:46:03.555000,0 days 00:46:25.382000,292.0,226.0,272.0,293.0,False,MEDIUM,11.0,True,Aston Martin,0 days 00:45:14.009000,,1,11.0,,,False,True
0 days 00:47:36.866000,VET,5,0 days 00:01:11.542000,12.0,1.0,,,0 days 00:00:17.761000,0 days 00:00:31.961000,0 days 00:00:21.820000,0 days 00:46:43.143000,0 days 00:47:15.104000,0 days 00:47:36.924000,292.0,225.0,275.0,292.0,False,MEDIUM,12.0,True,Aston Martin,0 days 00:46:25.324000,,1,11.0,,,False,True
0 days 00:48:48.335000,VET,5,0 days 00:01:11.469000,13.0,1.0,,,0 days 00:00:17.553000,0 days 00:00:31.976000,0 days 00:00:21.940000,0 days 00:47:54.477000,0 days 00:48:26.453000,0 days 00:48:48.393000,297.0,222.0,281.0,297.0,False,MEDIUM,13.0,True,Aston Martin,0 days 00:47:36.866000,,1,11.0,,,False,True
0 days 00:49:59.784000,VET,5,0 days 00:01:11.449000,14.0,1.0,,,0 days 00:00:17.341000,0 days 00:00:32.157000,0 days 00:00:21.951000,0 days 00:49:05.734000,0 days 00:49:37.891000,0 days 00:49:59.842000,312.0,223.0,280.0,306.0,False,MEDIUM,14.0,True,Aston Martin,0 days 00:48:48.335000,,1,11.0,,,False,True
0 days 00:51:11.532000,VET,5,0 days 00:01:11.748000,15.0,1.0,,,0 days 00:00:17.355000,0 days 00:00:32.343000,0 days 00:00:22.050000,0 days 00:50:17.197000,0 days 00:50:49.540000,0 days 00:51:11.590000,311.0,220.0,282.0,308.0,False,MEDIUM,15.0,True,Aston Martin,0 days 00:49:59.784000,,1,11.0,,,False,True
0 days 00:52:23.346000,VET,5,0 days 00:01:11.814000,16.0,1.0,,,0 days 00:00:17.478000,0 days 00:00:32.305000,0 days 00:00:22.031000,0 days 00:51:29.068000,0 days 00:52:01.373000,0 days 00:52:23.404000,306.0,224.0,280.0,301.0,False,MEDIUM,16.0,True,Aston Martin,0 days 00:51:11.532000,,1,11.0,,,False,True
0 days 00:53:35.307000,VET,5,0 days 00:01:11.961000,17.0,1.0,,,0 days 00:00:17.460000,0 days 00:00:32.430000,0 days 00:00:22.071000,0 days 00:52:40.864000,0 days 00:53:13.294000,0 days 00:53:35.365000,300.0,224.0,274.0,302.0,False,MEDIUM,17.0,True,Aston Martin,0 days 00:52:23.346000,,1,11.0,,,False,True
0 days 00:54:46.801000,VET,5,0 days 00:01:11.494000,18.0,1.0,,,0 days 00:00:17.583000,0 days 00:00:32.081000,0 days 00:00:21.830000,0 days 00:53:52.948000,0 days 00:54:25.029000,0 days 00:54:46.859000,296.0,224.0,280.0,296.0,False,MEDIUM,18.0,True,Aston Martin,0 days 00:53:35.307000,,1,11.0,,,False,True
0 days 00:55:58.482000,VET,5,0 days 00:01:11.681000,19.0,1.0,,,0 days 00:00:17.376000,0 days 00:00:32.287000,0 days 00:00:22.018000,0 days 00:55:04.235000,0 days 00:55:36.522000,0 days 00:55:58.540000,307.0,222.0,279.0,308.0,False,MEDIUM,19.0,True,Aston Martin,0 days 00:54:46.801000,,1,11.0,,,False,True
0 days 00:57:09.700000,VET,5,0 days 00:01:11.218000,20.0,1.0,,,0 days 00:00:17.172000,0 days 00:00:32.237000,0 days 00:00:21.809000,0 days 00:56:15.712000,0 days 00:56:47.949000,0 days 00:57:09.758000,313.0,222.0,284.0,312.0,False,MEDIUM,20.0,True,Aston Martin,0 days 00:55:58.482000,,1,11.0,,,False,True
0 days 00:58:21.136000,VET,5,0 days 00:01:11.436000,21.0,1.0,,,0 days 00:00:17.347000,0 days 00:00:32.266000,0 days 00:00:21.823000,0 days 00:57:27.105000,0 days 00:57:59.371000,0 days 00:58:21.194000,310.0,220.0,281.0,309.0,False,MEDIUM,21.0,True,Aston Martin,0 days 00:57:09.700000,,1,11.0,,,False,True
0 days 00:59:32.441000,VET,5,0 days 00:01:11.305000,22.0,1.0,,,0 days 00:00:17.247000,0 days 00:00:32.321000,0 days 00:00:21.737000,0 days 00:58:38.441000,0 days 00:59:10.762000,0 days 00:59:32.499000,309.0,222.0,281.0,305.0,False,MEDIUM,22.0,True,Aston Martin,0 days 00:58:21.136000,,1,11.0,,,False,True
0 days 01:00:43.574000,VET,5,0 days 00:01:11.133000,23.0,1.0,,,0 days 00:00:17.234000,0 days 00:00:32.089000,0 days 00:00:21.810000,0 days 00:59:49.733000,0 days 01:00:21.822000,0 days 01:00:43.632000,309.0,222.0,282.0,309.0,True,MEDIUM,23.0,True,Aston Martin,0 days 00:59:32.441000,,1,11.0,,,False,True
0 days 01:01:54.893000,VET,5,0 days 00:01:11.319000,24.0,1.0,,,0 days 00:00:17.334000,0 days 00:00:32.138000,0 days 00:00:21.847000,0 days 01:01:00.966000,0 days 01:01:33.104000,0 days 01:01:54.951000,311.0,220.0,280.0,309.0,False,MEDIUM,24.0,True,Aston Martin,0 days 01:00:43.574000,,1,11.0,,,False,True
0 days 01:03:06.435000,VET,5,0 days 00:01:11.542000,25.0,1.0,,,0 days 00:00:17.272000,0 days 00:00:32.331000,0 days 00:00:21.939000,0 days 01:02:12.223000,0 days 01:02:44.554000,0 days 01:03:06.493000,307.0,219.0,279.0,305.0,False,MEDIUM,25.0,True,Aston Martin,0 days 01:01:54.893000,,1,10.0,,,False,True
0 days 01:04:18.180000,VET,5,0 days 00:01:11.745000,26.0,1.0,,,0 days 00:00:17.357000,0 days 00:00:32.429000,0 days 00:00:21.959000,0 days 01:03:23.850000,0 days 01:03:56.279000,0 days 01:04:18.238000,307.0,222.0,280.0,299.0,False,MEDIUM,26.0,True,Aston Martin,0 days 01:03:06.435000,,1,9.0,,,False,True
0 days 01:05:32.543000,VET,5,0 days 00:01:14.363000,27.0,1.0,,0 days 01:05:29.586000,0 days 00:00:17.394000,0 days 00:00:31.892000,0 days 00:00:25.077000,0 days 01:04:35.632000,0 days 01:05:07.524000,0 days 01:05:32.601000,303.0,223.0,,304.0,False,MEDIUM,27.0,True,Aston Martin,0 days 01:04:18.180000,,1,12.0,,,False,False
0 days 01:06:59.316000,VET,5,0 days 00:01:26.773000,28.0,2.0,0 days 01:05:50.824000,,0 days 00:00:34.308000,0 days 00:00:31.196000,0 days 00:00:21.269000,0 days 01:06:06.909000,0 days 01:06:38.105000,0 days 01:06:59.374000,292.0,226.0,275.0,284.0,False,HARD,1.0,True,Aston Martin,0 days 01:05:32.543000,,1,14.0,,,False,False
0 days 01:08:09.294000,VET,5,0 days 00:01:09.978000,29.0,2.0,,,0 days 00:00:17.481000,0 days 00:00:31.146000,0 days 00:00:21.351000,0 days 01:07:16.855000,0 days 01:07:48.001000,0 days 01:08:09.352000,292.0,227.0,274.0,289.0,True,HARD,2.0,True,Aston Martin,0 days 01:06:59.316000,,1,14.0,,,False,True
0 days 01:09:19.527000,VET,5,0 days 00:01:10.233000,30.0,2.0,,,0 days 00:00:17.482000,0 days 00:00:31.441000,0 days 00:00:21.310000,0 days 01:08:26.834000,0 days 01:08:58.275000,0 days 01:09:19.585000,291.0,224.0,274.0,295.0,False,HARD,3.0,True,Aston Martin,0 days 01:08:09.294000,,1,14.0,,,False,True
0 days 01:10:29.871000,VET,5,0 days 00:01:10.344000,31.0,2.0,,,0 days 00:00:17.572000,0 days 00:00:31.411000,0 days 00:00:21.361000,0 days 01:09:37.157000,0 days 01:10:08.568000,0 days 01:10:29.929000,290.0,225.0,274.0,293.0,False,HARD,4.0,True,Aston Martin,0 days 01:09:19.527000,,1,14.0,,,False,True
0 days 01:11:40.351000,VET,5,0 days 00:01:10.480000,32.0,2.0,,,0 days 00:00:17.480000,0 days 00:00:31.557000,0 days 00:00:21.443000,0 days 01:10:47.409000,0 days 01:11:18.966000,0 days 01:11:40.409000,291.0,227.0,274.0,291.0,False,HARD,5.0,True,Aston Martin,0 days 01:10:29.871000,,1,14.0,,,False,True
0 days 01:12:50.747000,VET,5,0 days 00:01:10.396000,33.0,2.0,,,0 days 00:00:17.577000,0 days 00:00:31.469000,0 days 00:00:21.350000,0 days 01:11:57.986000,0 days 01:12:29.455000,0 days 01:12:50.805000,290.0,223.0,275.0,291.0,False,HARD,6.0,True,Aston Martin,0 days 01:11:40.351000,,1,14.0,,,False,True
0 days 01:14:00.811000,VET,5,0 days 00:01:10.064000,34.0,2.0,,,0 days 00:00:17.475000,0 days 00:00:31.271000,0 days 00:00:21.318000,0 days 01:13:08.280000,0 days 01:13:39.551000,0 days 01:14:00.869000,292.0,226.0,275.0,292.0,False,HARD,7.0,True,Aston Martin,0 days 01:12:50.747000,,1,14.0,,,False,True
0 days 01:15:10.732000,VET,5,0 days 00:01:09.921000,35.0,2.0,,,0 days 00:00:17.421000,0 days 00:00:31.236000,0 days 00:00:21.264000,0 days 01:14:18.290000,0 days 01:14:49.526000,0 days 01:15:10.790000,292.0,226.0,275.0,293.0,True,HARD,8.0,True,Aston Martin,0 days 01:14:00.811000,,1,14.0,,,False,True
0 days 01:16:21.031000,VET,5,0 days 00:01:10.299000,36.0,2.0,,,0 days 00:00:17.524000,0 days 00:00:31.388000,0 days 00:00:21.387000,0 days 01:15:28.314000,0 days 01:15:59.702000,0 days 01:16:21.089000,291.0,227.0,273.0,292.0,False,HARD,9.0,True,Aston Martin,0 days 01:15:10.732000,,1,14.0,,,False,True
0 days 01:17:31.151000,VET,5,0 days 00:01:10.120000,37.0,2.0,,,0 days 00:00:17.425000,0 days 00:00:31.305000,0 days 00:00:21.390000,0 days 01:16:38.514000,0 days 01:17:09.819000,0 days 01:17:31.209000,291.0,226.0,273.0,295.0,False,HARD,10.0,True,Aston Martin,0 days 01:16:21.031000,,1,12.0,,,False,True
0 days 01:18:41.324000,VET,5,0 days 00:01:10.173000,38.0,2.0,,,0 days 00:00:17.559000,0 days 00:00:31.219000,0 days 00:00:21.395000,0 days 01:17:48.768000,0 days 01:18:19.987000,0 days 01:18:41.382000,291.0,228.0,271.0,290.0,False,HARD,11.0,True,Aston Martin,0 days 01:17:31.151000,,1,11.0,,,False,True
0 days 01:19:52.704000,VET,5,0 days 00:01:11.380000,39.0,2.0,,,0 days 00:00:17.617000,0 days 00:00:32.463000,0 days 00:00:21.300000,0 days 01:18:58.999000,0 days 01:19:31.462000,0 days 01:19:52.762000,290.0,226.0,274.0,251.0,False,HARD,12.0,True,Aston Martin,0 days 01:18:41.324000,,1,11.0,,,False,True
0 days 01:21:02.817000,VET,5,0 days 00:01:10.113000,40.0,2.0,,,0 days 00:00:17.469000,0 days 00:00:31.333000,0 days 00:00:21.311000,0 days 01:20:10.231000,0 days 01:20:41.564000,0 days 01:21:02.875000,289.0,226.0,274.0,288.0,False,HARD,13.0,True,Aston Martin,0 days 01:19:52.704000,,1,11.0,,,False,True
0 days 01:22:14.355000,VET,5,0 days 00:01:11.538000,41.0,2.0,,,0 days 00:00:17.431000,0 days 00:00:32.826000,0 days 00:00:21.281000,0 days 01:21:20.306000,0 days 01:21:53.132000,0 days 01:22:14.413000,290.0,222.0,275.0,294.0,False,HARD,14.0,True,Aston Martin,0 days 01:21:02.817000,,1,11.0,,,False,True
0 days 01:23:24.560000,VET,5,0 days 00:01:10.205000,42.0,2.0,,,0 days 00:00:17.551000,0 days 00:00:31.369000,0 days 00:00:21.285000,0 days 01:22:31.964000,0 days 01:23:03.333000,0 days 01:23:24.618000,286.0,226.0,274.0,291.0,False,HARD,15.0,True,Aston Martin,0 days 01:22:14.355000,,1,10.0,,,False,True
0 days 01:24:34.593000,VET,5,0 days 00:01:10.033000,43.0,2.0,,,0 days 00:00:17.482000,0 days 00:00:31.325000,0 days 00:00:21.226000,0 days 01:23:42.100000,0 days 01:24:13.425000,0 days 01:24:34.651000,292.0,227.0,274.0,289.0,False,HARD,16.0,True,Aston Martin,0 days 01:23:24.560000,,1,10.0,,,False,True
0 days 01:25:44.795000,VET,5,0 days 00:01:10.202000,44.0,2.0,,,0 days 00:00:17.473000,0 days 00:00:31.380000,0 days 00:00:21.349000,0 days 01:24:52.124000,0 days 01:25:23.504000,0 days 01:25:44.853000,291.0,224.0,274.0,291.0,False,HARD,17.0,True,Aston Martin,0 days 01:24:34.593000,,1,10.0,,,False,True
0 days 01:26:54.823000,VET,5,0 days 00:01:10.028000,45.0,2.0,,,0 days 00:00:17.333000,0 days 00:00:31.426000,0 days 00:00:21.269000,0 days 01:26:02.186000,0 days 01:26:33.612000,0 days 01:26:54.881000,292.0,225.0,275.0,296.0,False,HARD,18.0,True,Aston Martin,0 days 01:25:44.795000,,1,10.0,,,False,True
0 days 01:28:04.906000,VET,5,0 days 00:01:10.083000,46.0,2.0,,,0 days 00:00:17.398000,0 days 00:00:31.451000,0 days 00:00:21.234000,0 days 01:27:12.279000,0 days 01:27:43.730000,0 days 01:28:04.964000,291.0,225.0,277.0,294.0,False,HARD,19.0,True,Aston Martin,0 days 01:26:54.823000,,1,10.0,,,False,True
0 days 01:29:15.099000,VET,5,0 days 00:01:10.193000,47.0,2.0,,,0 days 00:00:17.501000,0 days 00:00:31.471000,0 days 00:00:21.221000,0 days 01:28:22.465000,0 days 01:28:53.936000,0 days 01:29:15.157000,289.0,226.0,276.0,294.0,False,HARD,20.0,True,Aston Martin,0 days 01:28:04.906000,,1,10.0,,,False,True
0 days 01:30:25.220000,VET,5,0 days 00:01:10.121000,48.0,2.0,,,0 days 00:00:17.570000,0 days 00:00:31.383000,0 days 00:00:21.168000,0 days 01:29:32.727000,0 days 01:30:04.110000,0 days 01:30:25.278000,290.0,223.0,275.0,293.0,False,HARD,21.0,True,Aston Martin,0 days 01:29:15.099000,,1,10.0,,,False,True
0 days 01:31:36.445000,VET,5,0 days 00:01:11.225000,49.0,2.0,,,0 days 00:00:17.461000,0 days 00:00:32.285000,0 days 00:00:21.479000,0 days 01:30:42.739000,0 days 01:31:15.024000,0 days 01:31:36.503000,296.0,226.0,276.0,296.0,False,HARD,22.0,True,Aston Martin,0 days 01:30:25.220000,,1,11.0,,,False,True
0 days 01:32:47.093000,VET,5,0 days 00:01:10.648000,50.0,2.0,,,0 days 00:00:17.552000,0 days 00:00:31.802000,0 days 00:00:21.294000,0 days 01:31:54.055000,0 days 01:32:25.857000,0 days 01:32:47.151000,286.0,225.0,274.0,283.0,False,HARD,23.0,True,Aston Martin,0 days 01:31:36.445000,,1,11.0,,,False,True
0 days 01:33:57.295000,VET,5,0 days 00:01:10.202000,51.0,2.0,,,0 days 00:00:17.402000,0 days 00:00:31.610000,0 days 00:00:21.190000,0 days 01:33:04.553000,0 days 01:33:36.163000,0 days 01:33:57.353000,291.0,226.0,275.0,286.0,False,HARD,24.0,True,Aston Martin,0 days 01:32:47.093000,,1,11.0,,,False,True
0 days 01:35:07.348000,VET,5,0 days 00:01:10.053000,52.0,2.0,,,0 days 00:00:17.431000,0 days 00:00:31.473000,0 days 00:00:21.149000,0 days 01:34:14.784000,0 days 01:34:46.257000,0 days 01:35:07.406000,290.0,227.0,275.0,285.0,False,HARD,25.0,True,Aston Martin,0 days 01:33:57.295000,,1,11.0,,,False,True
0 days 01:36:17.513000,VET,5,0 days 00:01:10.165000,53.0,2.0,,,0 days 00:00:17.405000,0 days 00:00:31.488000,0 days 00:00:21.272000,0 days 01:35:24.811000,0 days 01:35:56.299000,0 days 01:36:17.571000,292.0,224.0,274.0,290.0,False,HARD,26.0,True,Aston Martin,0 days 01:35:07.348000,,1,11.0,,,False,True
0 days 01:37:27.671000,VET,5,0 days 00:01:10.158000,54.0,2.0,,,0 days 00:00:17.339000,0 days 00:00:31.402000,0 days 00:00:21.417000,0 days 01:36:34.910000,0 days 01:37:06.312000,0 days 01:37:27.729000,292.0,228.0,276.0,288.0,False,HARD,27.0,True,Aston Martin,0 days 01:36:17.513000,,1,11.0,,,False,True
0 days 01:38:38.361000,VET,5,0 days 00:01:10.690000,55.0,2.0,,,0 days 00:00:17.390000,0 days 00:00:31.966000,0 days 00:00:21.334000,0 days 01:37:45.119000,0 days 01:38:17.085000,0 days 01:38:38.419000,296.0,226.0,275.0,312.0,False,HARD,28.0,True,Aston Martin,0 days 01:37:27.671000,,1,11.0,,,False,True
0 days 01:39:48.705000,VET,5,0 days 00:01:10.344000,56.0,2.0,,,0 days 00:00:17.517000,0 days 00:00:31.529000,0 days 00:00:21.298000,0 days 01:38:55.936000,0 days 01:39:27.465000,0 days 01:39:48.763000,288.0,226.0,275.0,285.0,False,HARD,29.0,True,Aston Martin,0 days 01:38:38.361000,,1,11.0,,,False,True
0 days 01:40:58.688000,VET,5,0 days 00:01:09.983000,57.0,2.0,,,0 days 00:00:17.356000,0 days 00:00:31.365000,0 days 00:00:21.262000,0 days 01:40:06.119000,0 days 01:40:37.484000,0 days 01:40:58.746000,293.0,229.0,276.0,289.0,False,HARD,30.0,True,Aston Martin,0 days 01:39:48.705000,,1,11.0,,,False,True
0 days 01:42:08.624000,VET,5,0 days 00:01:09.936000,58.0,2.0,,,0 days 00:00:17.419000,0 days 00:00:31.398000,0 days 00:00:21.119000,0 days 01:41:16.165000,0 days 01:41:47.563000,0 days 01:42:08.682000,293.0,227.0,275.0,291.0,False,HARD,31.0,True,Aston Martin,0 days 01:40:58.688000,,1,11.0,,,False,True
0 days 01:43:18.727000,VET,5,0 days 00:01:10.103000,59.0,2.0,,,0 days 00:00:17.468000,0 days 00:00:31.549000,0 days 00:00:21.086000,0 days 01:42:26.150000,0 days 01:42:57.699000,0 days 01:43:18.785000,292.0,226.0,274.0,287.0,False,HARD,32.0,True,Aston Martin,0 days 01:42:08.624000,,1,11.0,,,False,True
0 days 01:44:28.926000,VET,5,0 days 00:01:10.199000,60.0,2.0,,,0 days 00:00:17.554000,0 days 00:00:31.473000,0 days 00:00:21.172000,0 days 01:43:36.339000,0 days 01:44:07.812000,0 days 01:44:28.984000,284.0,226.0,273.0,287.0,False,HARD,33.0,True,Aston Martin,0 days 01:43:18.727000,,1,11.0,,,False,True
0 days 01:45:39.046000,VET,5,0 days 00:01:10.120000,61.0,2.0,,,0 days 00:00:17.528000,0 days 00:00:31.463000,0 days 00:00:21.129000,0 days 01:44:46.512000,0 days 01:45:17.975000,0 days 01:45:39.104000,286.0,226.0,275.0,284.0,False,HARD,34.0,True,Aston Martin,0 days 01:44:28.926000,,1,11.0,,,False,True
0 days 01:46:49.353000,VET,5,0 days 00:01:10.307000,62.0,2.0,,,0 days 00:00:17.539000,0 days 00:00:31.659000,0 days 00:00:21.109000,0 days 01:45:56.643000,0 days 01:46:28.302000,0 days 01:46:49.411000,285.0,228.0,276.0,282.0,False,HARD,35.0,True,Aston Martin,0 days 01:45:39.046000,,1,11.0,,,False,True
0 days 01:47:59.299000,VET,5,0 days 00:01:09.946000,63.0,2.0,,,0 days 00:00:17.522000,0 days 00:00:31.366000,0 days 00:00:21.058000,0 days 01:47:06.933000,0 days 01:47:38.299000,0 days 01:47:59.357000,284.0,228.0,276.0,282.0,False,HARD,36.0,True,Aston Martin,0 days 01:46:49.353000,,1,11.0,,,False,True
0 days 01:49:09.120000,VET,5,0 days 00:01:09.821000,64.0,2.0,,,0 days 00:00:17.476000,0 days 00:00:31.253000,0 days 00:00:21.092000,0 days 01:48:16.833000,0 days 01:48:48.086000,0 days 01:49:09.178000,291.0,225.0,276.0,285.0,True,HARD,37.0,True,Aston Martin,0 days 01:47:59.299000,,1,11.0,,,False,True
0 days 01:50:19.188000,VET,5,0 days 00:01:10.068000,65.0,2.0,,,0 days 00:00:17.533000,0 days 00:00:31.594000,0 days 00:00:20.941000,0 days 01:49:26.711000,0 days 01:49:58.305000,0 days 01:50:19.246000,284.0,230.0,276.0,292.0,False,HARD,38.0,True,Aston Martin,0 days 01:49:09.120000,,1,11.0,,,False,True
0 days 01:51:29.461000,VET,5,0 days 00:01:10.273000,66.0,2.0,,,0 days 00:00:17.585000,0 days 00:00:31.659000,0 days 00:00:21.029000,0 days 01:50:36.831000,0 days 01:51:08.490000,0 days 01:51:29.519000,285.0,228.0,276.0,280.0,False,HARD,39.0,True,Aston Martin,0 days 01:50:19.188000,,1,11.0,,,False,True
0 days 01:52:40.700000,VET,5,0 days 00:01:11.239000,67.0,2.0,,,0 days 00:00:17.697000,0 days 00:00:32.198000,0 days 00:00:21.344000,0 days 01:51:47.216000,0 days 01:52:19.414000,0 days 01:52:40.758000,288.0,225.0,274.0,292.0,False,HARD,40.0,True,Aston Martin,0 days 01:51:29.461000,,1,12.0,,,False,True
0 days 01:53:51.613000,VET,5,0 days 00:01:10.913000,68.0,2.0,,,0 days 00:00:17.673000,0 days 00:00:31.785000,0 days 00:00:21.455000,0 days 01:52:58.431000,0 days 01:53:30.216000,0 days 01:53:51.671000,283.0,226.0,237.0,285.0,False,HARD,41.0,True,Aston Martin,0 days 01:52:40.700000,,1,12.0,,,False,True
0 days 01:55:04.161000,VET,5,0 days 00:01:12.548000,69.0,2.0,,,0 days 00:00:18.171000,0 days 00:00:32.160000,0 days 00:00:22.217000,0 days 01:54:09.842000,0 days 01:54:42.002000,0 days 01:55:04.219000,305.0,226.0,282.0,310.0,False,HARD,42.0,True,Aston Martin,0 days 01:53:51.613000,,1,12.0,,,False,True
0 days 01:56:14.042000,VET,5,0 days 00:01:09.881000,70.0,2.0,,,0 days 00:00:17.265000,0 days 00:00:31.354000,0 days 00:00:21.262000,0 days 01:55:21.484000,0 days 01:55:52.838000,0 days 01:56:14.100000,315.0,228.0,276.0,307.0,False,HARD,43.0,True,Aston Martin,0 days 01:55:04.161000,,1,12.0,,,False,True
0 days 00:34:24.917000,RIC,3,0 days 00:01:19.085000,1.0,1.0,,,,0 days 00:00:33.230000,0 days 00:00:23.023000,,0 days 00:34:01.987000,0 days 00:34:25.082000,312.0,221.0,270.0,310.0,False,MEDIUM,1.0,True,McLaren,0 days 00:33:05.677000,,12,9.0,,,False,False
0 days 00:35:37.780000,RIC,3,0 days 00:01:12.863000,2.0,1.0,,,0 days 00:00:18.104000,0 days 00:00:32.532000,0 days 00:00:22.227000,0 days 00:34:43.023000,0 days 00:35:15.555000,0 days 00:35:37.782000,299.0,221.0,275.0,295.0,True,MEDIUM,2.0,True,McLaren,0 days 00:34:24.917000,,1,9.0,,,False,True
0 days 00:36:49.894000,RIC,3,0 days 00:01:12.114000,3.0,1.0,,,0 days 00:00:17.977000,0 days 00:00:32.039000,0 days 00:00:22.098000,0 days 00:35:55.759000,0 days 00:36:27.798000,0 days 00:36:49.896000,289.0,224.0,281.0,310.0,True,MEDIUM,3.0,True,McLaren,0 days 00:35:37.780000,,1,9.0,,,False,True
0 days 00:38:01.813000,RIC,3,0 days 00:01:11.919000,4.0,1.0,,,0 days 00:00:17.488000,0 days 00:00:32.392000,0 days 00:00:22.039000,0 days 00:37:07.384000,0 days 00:37:39.776000,0 days 00:38:01.815000,315.0,222.0,277.0,313.0,True,MEDIUM,4.0,True,McLaren,0 days 00:36:49.894000,,1,8.0,,,False,True
0 days 00:39:13.123000,RIC,3,0 days 00:01:11.310000,5.0,1.0,,,0 days 00:00:17.519000,0 days 00:00:32.121000,0 days 00:00:21.670000,0 days 00:38:19.334000,0 days 00:38:51.455000,0 days 00:39:13.125000,306.0,223.0,283.0,308.0,True,MEDIUM,5.0,True,McLaren,0 days 00:38:01.813000,,1,9.0,,,False,True
0 days 00:40:24.641000,RIC,3,0 days 00:01:11.518000,6.0,1.0,,,0 days 00:00:17.410000,0 days 00:00:32.172000,0 days 00:00:21.936000,0 days 00:39:30.535000,0 days 00:40:02.707000,0 days 00:40:24.643000,312.0,225.0,280.0,310.0,False,MEDIUM,6.0,True,McLaren,0 days 00:39:13.123000,,1,9.0,,,False,True
0 days 00:41:40.649000,RIC,3,0 days 00:01:16.008000,7.0,1.0,,,0 days 00:00:17.576000,0 days 00:00:34.314000,0 days 00:00:24.118000,0 days 00:40:42.219000,0 days 00:41:16.533000,0 days 00:41:40.651000,311.0,179.0,277.0,264.0,False,MEDIUM,7.0,True,McLaren,0 days 00:40:24.641000,,1,13.0,,,False,True
0 days 00:42:52.549000,RIC,3,0 days 00:01:11.900000,8.0,1.0,,,0 days 00:00:17.563000,0 days 00:00:32.263000,0 days 00:00:22.074000,0 days 00:41:58.214000,0 days 00:42:30.477000,0 days 00:42:52.551000,313.0,221.0,278.0,306.0,False,MEDIUM,8.0,True,McLaren,0 days 00:41:40.649000,,1,13.0,,,False,True
0 days 00:44:04.444000,RIC,3,0 days 00:01:11.895000,9.0,1.0,,,0 days 00:00:17.586000,0 days 00:00:32.338000,0 days 00:00:21.971000,0 days 00:43:10.137000,0 days 00:43:42.475000,0 days 00:44:04.446000,309.0,225.0,279.0,300.0,False,MEDIUM,9.0,True,McLaren,0 days 00:42:52.549000,,1,13.0,,,False,True
0 days 00:45:15.916000,RIC,3,0 days 00:01:11.472000,10.0,1.0,,,0 days 00:00:17.562000,0 days 00:00:32.026000,0 days 00:00:21.884000,0 days 00:44:22.008000,0 days 00:44:54.034000,0 days 00:45:15.918000,306.0,227.0,279.0,303.0,False,MEDIUM,10.0,True,McLaren,0 days 00:44:04.444000,,1,13.0,,,False,True
0 days 00:46:27.198000,RIC,3,0 days 00:01:11.282000,11.0,1.0,,,0 days 00:00:17.490000,0 days 00:00:31.836000,0 days 00:00:21.956000,0 days 00:45:33.408000,0 days 00:46:05.244000,0 days 00:46:27.200000,308.0,227.0,279.0,309.0,True,MEDIUM,11.0,True,McLaren,0 days 00:45:15.916000,,1,13.0,,,False,True
0 days 00:47:38.980000,RIC,3,0 days 00:01:11.782000,12.0,1.0,,,0 days 00:00:17.496000,0 days 00:00:32.244000,0 days 00:00:22.042000,0 days 00:46:44.696000,0 days 00:47:16.940000,0 days 00:47:38.982000,310.0,222.0,281.0,304.0,False,MEDIUM,12.0,True,McLaren,0 days 00:46:27.198000,,1,13.0,,,False,True
0 days 00:48:50.436000,RIC,3,0 days 00:01:11.456000,13.0,1.0,,,0 days 00:00:17.682000,0 days 00:00:31.927000,0 days 00:00:21.847000,0 days 00:47:56.664000,0 days 00:48:28.591000,0 days 00:48:50.438000,291.0,227.0,275.0,294.0,False,MEDIUM,13.0,True,McLaren,0 days 00:47:38.980000,,1,13.0,,,False,True
0 days 00:50:01.786000,RIC,3,0 days 00:01:11.350000,14.0,1.0,,,0 days 00:00:17.905000,0 days 00:00:31.675000,0 days 00:00:21.770000,0 days 00:49:08.343000,0 days 00:49:40.018000,0 days 00:50:01.788000,290.0,228.0,276.0,295.0,False,MEDIUM,14.0,True,McLaren,0 days 00:48:50.436000,,1,13.0,,,False,True
0 days 00:51:13.350000,RIC,3,0 days 00:01:11.564000,15.0,1.0,,,0 days 00:00:17.709000,0 days 00:00:31.958000,0 days 00:00:21.897000,0 days 00:50:19.497000,0 days 00:50:51.455000,0 days 00:51:13.352000,294.0,226.0,276.0,300.0,False,MEDIUM,15.0,True,McLaren,0 days 00:50:01.786000,,1,13.0,,,False,True
0 days 00:52:24.828000,RIC,3,0 days 00:01:11.478000,16.0,1.0,,,0 days 00:00:17.742000,0 days 00:00:31.939000,0 days 00:00:21.797000,0 days 00:51:31.094000,0 days 00:52:03.033000,0 days 00:52:24.830000,294.0,227.0,284.0,298.0,False,MEDIUM,16.0,True,McLaren,0 days 00:51:13.350000,,1,13.0,,,False,True
0 days 00:53:36.822000,RIC,3,0 days 00:01:11.994000,17.0,1.0,,,0 days 00:00:17.456000,0 days 00:00:32.339000,0 days 00:00:22.199000,0 days 00:52:42.286000,0 days 00:53:14.625000,0 days 00:53:36.824000,312.0,223.0,281.0,312.0,False,MEDIUM,17.0,True,McLaren,0 days 00:52:24.828000,,1,13.0,,,False,True
0 days 00:54:48.583000,RIC,3,0 days 00:01:11.761000,18.0,1.0,,,0 days 00:00:17.524000,0 days 00:00:32.310000,0 days 00:00:21.927000,0 days 00:53:54.348000,0 days 00:54:26.658000,0 days 00:54:48.585000,306.0,224.0,281.0,311.0,False,MEDIUM,18.0,True,McLaren,0 days 00:53:36.822000,,1,13.0,,,False,True
0 days 00:56:00.408000,RIC,3,0 days 00:01:11.825000,19.0,1.0,,,0 days 00:00:17.605000,0 days 00:00:32.248000,0 days 00:00:21.972000,0 days 00:55:06.190000,0 days 00:55:38.438000,0 days 00:56:00.410000,297.0,226.0,277.0,294.0,False,MEDIUM,19.0,True,McLaren,0 days 00:54:48.583000,,1,13.0,,,False,True
0 days 00:57:11.756000,RIC,3,0 days 00:01:11.348000,20.0,1.0,,,0 days 00:00:17.744000,0 days 00:00:31.883000,0 days 00:00:21.721000,0 days 00:56:18.154000,0 days 00:56:50.037000,0 days 00:57:11.758000,295.0,228.0,277.0,298.0,False,MEDIUM,20.0,True,McLaren,0 days 00:56:00.408000,,1,13.0,,,False,True
0 days 00:58:23.234000,RIC,3,0 days 00:01:11.478000,21.0,1.0,,,0 days 00:00:17.518000,0 days 00:00:32.218000,0 days 00:00:21.742000,0 days 00:57:29.276000,0 days 00:58:01.494000,0 days 00:58:23.236000,312.0,223.0,277.0,306.0,False,MEDIUM,21.0,True,McLaren,0 days 00:57:11.756000,,1,13.0,,,False,True
0 days 00:59:34.752000,RIC,3,0 days 00:01:11.518000,22.0,1.0,,,0 days 00:00:17.717000,0 days 00:00:32.084000,0 days 00:00:21.717000,0 days 00:58:40.953000,0 days 00:59:13.037000,0 days 00:59:34.754000,292.0,226.0,274.0,291.0,False,MEDIUM,22.0,True,McLaren,0 days 00:58:23.234000,,1,13.0,,,False,True
0 days 01:00:45.695000,RIC,3,0 days 00:01:10.943000,23.0,1.0,,,0 days 00:00:17.754000,0 days 00:00:31.660000,0 days 00:00:21.529000,0 days 00:59:52.508000,0 days 01:00:24.168000,0 days 01:00:45.697000,293.0,227.0,277.0,295.0,True,MEDIUM,23.0,True,McLaren,0 days 00:59:34.752000,,1,13.0,,,False,True
0 days 01:01:57.301000,RIC,3,0 days 00:01:11.606000,24.0,1.0,,,0 days 00:00:17.782000,0 days 00:00:32.159000,0 days 00:00:21.665000,0 days 01:01:03.479000,0 days 01:01:35.638000,0 days 01:01:57.303000,292.0,226.0,275.0,290.0,False,MEDIUM,24.0,True,McLaren,0 days 01:00:45.695000,,1,13.0,,,False,True
0 days 01:03:08.411000,RIC,3,0 days 00:01:11.110000,25.0,1.0,,,0 days 00:00:17.672000,0 days 00:00:31.939000,0 days 00:00:21.499000,0 days 01:02:14.975000,0 days 01:02:46.914000,0 days 01:03:08.413000,293.0,228.0,277.0,292.0,False,MEDIUM,25.0,True,McLaren,0 days 01:01:57.301000,,1,13.0,,,False,True
0 days 01:04:19.522000,RIC,3,0 days 00:01:11.111000,26.0,1.0,,,0 days 00:00:17.579000,0 days 00:00:31.867000,0 days 00:00:21.665000,0 days 01:03:25.992000,0 days 01:03:57.859000,0 days 01:04:19.524000,295.0,224.0,285.0,295.0,False,MEDIUM,26.0,True,McLaren,0 days 01:03:08.411000,,1,12.0,,,False,True
0 days 01:05:30.759000,RIC,3,0 days 00:01:11.237000,27.0,1.0,,,0 days 00:00:17.397000,0 days 00:00:32.047000,0 days 00:00:21.793000,0 days 01:04:36.921000,0 days 01:05:08.968000,0 days 01:05:30.761000,307.0,224.0,283.0,314.0,False,MEDIUM,27.0,True,McLaren,0 days 01:04:19.522000,,1,10.0,,,False,True
0 days 01:06:41.785000,RIC,3,0 days 00:01:11.026000,28.0,1.0,,,0 days 00:00:17.310000,0 days 00:00:32.206000,0 days 00:00:21.510000,0 days 01:05:48.071000,0 days 01:06:20.277000,0 days 01:06:41.787000,310.0,224.0,283.0,309.0,False,MEDIUM,28.0,True,McLaren,0 days 01:05:30.759000,,1,9.0,,,False,True
0 days 01:07:52.965000,RIC,3,0 days 00:01:11.180000,29.0,1.0,,,0 days 00:00:17.453000,0 days 00:00:32.193000,0 days 00:00:21.534000,0 days 01:06:59.240000,0 days 01:07:31.433000,0 days 01:07:52.967000,310.0,226.0,282.0,310.0,False,MEDIUM,29.0,True,McLaren,0 days 01:06:41.785000,,1,8.0,,,False,True
0 days 01:09:04.139000,RIC,3,0 days 00:01:11.174000,30.0,1.0,,,0 days 00:00:17.440000,0 days 00:00:31.979000,0 days 00:00:21.755000,0 days 01:08:10.407000,0 days 01:08:42.386000,0 days 01:09:04.141000,311.0,228.0,282.0,320.0,False,MEDIUM,30.0,True,McLaren,0 days 01:07:52.965000,,1,8.0,,,False,True
0 days 01:10:15.203000,RIC,3,0 days 00:01:11.064000,31.0,1.0,,,0 days 00:00:17.402000,0 days 00:00:32.031000,0 days 00:00:21.631000,0 days 01:09:21.543000,0 days 01:09:53.574000,0 days 01:10:15.205000,312.0,228.0,282.0,309.0,False,MEDIUM,31.0,True,McLaren,0 days 01:09:04.139000,,1,8.0,,,False,True
0 days 01:11:27.114000,RIC,3,0 days 00:01:11.911000,32.0,1.0,,,0 days 00:00:17.366000,0 days 00:00:32.306000,0 days 00:00:22.239000,0 days 01:10:32.571000,0 days 01:11:04.877000,0 days 01:11:27.116000,313.0,224.0,286.0,312.0,False,MEDIUM,32.0,True,McLaren,0 days 01:10:15.203000,,1,8.0,,,False,True
0 days 01:12:38.632000,RIC,3,0 days 00:01:11.518000,33.0,1.0,,,0 days 00:00:17.521000,0 days 00:00:32.287000,0 days 00:00:21.710000,0 days 01:11:44.637000,0 days 01:12:16.924000,0 days 01:12:38.634000,318.0,227.0,285.0,308.0,False,MEDIUM,33.0,True,McLaren,0 days 01:11:27.114000,,1,8.0,,,False,True
0 days 01:13:49.589000,RIC,3,0 days 00:01:10.957000,34.0,1.0,,,0 days 00:00:17.436000,0 days 00:00:31.918000,0 days 00:00:21.603000,0 days 01:12:56.070000,0 days 01:13:27.988000,0 days 01:13:49.591000,309.0,224.0,275.0,311.0,False,MEDIUM,34.0,True,McLaren,0 days 01:12:38.632000,,1,8.0,,,False,True
0 days 01:15:00.532000,RIC,3,0 days 00:01:10.943000,35.0,1.0,,,0 days 00:00:17.731000,0 days 00:00:31.726000,0 days 00:00:21.486000,0 days 01:14:07.322000,0 days 01:14:39.048000,0 days 01:15:00.534000,300.0,228.0,276.0,307.0,False,MEDIUM,35.0,True,McLaren,0 days 01:13:49.589000,,1,8.0,,,False,True
0 days 01:16:11.613000,RIC,3,0 days 00:01:11.081000,36.0,1.0,,,0 days 00:00:17.671000,0 days 00:00:31.883000,0 days 00:00:21.527000,0 days 01:15:18.205000,0 days 01:15:50.088000,0 days 01:16:11.615000,294.0,226.0,282.0,299.0,False,MEDIUM,36.0,True,McLaren,0 days 01:15:00.532000,,1,7.0,,,False,True
0 days 01:17:22.132000,RIC,3,0 days 00:01:10.519000,37.0,1.0,,,0 days 00:00:17.518000,0 days 00:00:31.725000,0 days 00:00:21.276000,0 days 01:16:29.133000,0 days 01:17:00.858000,0 days 01:17:22.134000,283.0,227.0,274.0,285.0,True,MEDIUM,37.0,True,McLaren,0 days 01:16:11.613000,,1,7.0,,,False,True
0 days 01:18:32.395000,RIC,3,0 days 00:01:10.263000,38.0,1.0,,,0 days 00:00:17.652000,0 days 00:00:31.368000,0 days 00:00:21.243000,0 days 01:17:39.786000,0 days 01:18:11.154000,0 days 01:18:32.397000,287.0,235.0,272.0,295.0,True,MEDIUM,38.0,True,McLaren,0 days 01:17:22.132000,,1,7.0,,,False,True
0 days 01:19:42.851000,RIC,3,0 days 00:01:10.456000,39.0,1.0,,,0 days 00:00:17.693000,0 days 00:00:31.474000,0 days 00:00:21.289000,0 days 01:18:50.090000,0 days 01:19:21.564000,0 days 01:19:42.853000,286.0,232.0,272.0,289.0,False,MEDIUM,39.0,True,McLaren,0 days 01:18:32.395000,,1,7.0,,,False,True
0 days 01:20:53.693000,RIC,3,0 days 00:01:10.842000,40.0,1.0,,,0 days 00:00:17.778000,0 days 00:00:31.601000,0 days 00:00:21.463000,0 days 01:20:00.631000,0 days 01:20:32.232000,0 days 01:20:53.695000,284.0,230.0,271.0,289.0,False,MEDIUM,40.0,True,McLaren,0 days 01:19:42.851000,,1,7.0,,,False,True
0 days 01:22:07.953000,RIC,3,0 days 00:01:14.260000,41.0,1.0,,0 days 01:22:04.718000,0 days 00:00:17.729000,0 days 00:00:31.705000,0 days 00:00:24.826000,0 days 01:21:11.424000,0 days 01:21:43.129000,0 days 01:22:07.955000,285.0,232.0,,291.0,False,MEDIUM,41.0,True,McLaren,0 days 01:20:53.693000,,1,8.0,,,False,False
0 days 01:23:36.215000,RIC,3,0 days 00:01:28.262000,42.0,2.0,0 days 01:22:26.232000,,0 days 00:00:34.512000,0 days 00:00:32.076000,0 days 00:00:21.674000,0 days 01:22:42.467000,0 days 01:23:14.543000,0 days 01:23:36.217000,305.0,226.0,268.0,289.0,False,HARD,1.0,True,McLaren,0 days 01:22:07.953000,,1,15.0,,,False,False
0 days 01:24:46.213000,RIC,3,0 days 00:01:09.998000,43.0,2.0,,,0 days 00:00:17.664000,0 days 00:00:31.113000,0 days 00:00:21.221000,0 days 01:23:53.881000,0 days 01:24:24.994000,0 days 01:24:46.215000,286.0,231.0,274.0,288.0,True,HARD,2.0,True,McLaren,0 days 01:23:36.215000,,1,15.0,,,False,True
0 days 01:25:55.934000,RIC,3,0 days 00:01:09.721000,44.0,2.0,,,0 days 00:00:17.498000,0 days 00:00:31.058000,0 days 00:00:21.165000,0 days 01:25:03.713000,0 days 01:25:34.771000,0 days 01:25:55.936000,288.0,233.0,275.0,291.0,True,HARD,3.0,True,McLaren,0 days 01:24:46.213000,,1,15.0,,,False,True
0 days 01:27:05.239000,RIC,3,0 days 00:01:09.305000,45.0,2.0,,,0 days 00:00:17.399000,0 days 00:00:30.861000,0 days 00:00:21.045000,0 days 01:26:13.335000,0 days 01:26:44.196000,0 days 01:27:05.241000,290.0,234.0,276.0,295.0,True,HARD,4.0,True,McLaren,0 days 01:25:55.934000,,1,15.0,,,False,True
0 days 01:28:14.839000,RIC,3,0 days 00:01:09.600000,46.0,2.0,,,0 days 00:00:17.437000,0 days 00:00:31.174000,0 days 00:00:20.989000,0 days 01:27:22.678000,0 days 01:27:53.852000,0 days 01:28:14.841000,289.0,232.0,279.0,295.0,False,HARD,5.0,True,McLaren,0 days 01:27:05.239000,,1,15.0,,,False,True
0 days 01:29:24.504000,RIC,3,0 days 00:01:09.665000,47.0,2.0,,,0 days 00:00:17.429000,0 days 00:00:31.246000,0 days 00:00:20.990000,0 days 01:28:32.270000,0 days 01:29:03.516000,0 days 01:29:24.506000,289.0,231.0,280.0,296.0,False,HARD,6.0,True,McLaren,0 days 01:28:14.839000,,1,15.0,,,False,True
0 days 01:30:34.009000,RIC,3,0 days 00:01:09.505000,48.0,2.0,,,0 days 00:00:17.407000,0 days 00:00:31.122000,0 days 00:00:20.976000,0 days 01:29:41.913000,0 days 01:30:13.035000,0 days 01:30:34.011000,292.0,231.0,281.0,298.0,False,HARD,7.0,True,McLaren,0 days 01:29:24.504000,,1,15.0,,,False,True
0 days 01:31:44.055000,RIC,3,0 days 00:01:10.046000,49.0,2.0,,,0 days 00:00:17.383000,0 days 00:00:31.446000,0 days 00:00:21.217000,0 days 01:30:51.394000,0 days 01:31:22.840000,0 days 01:31:44.057000,297.0,230.0,280.0,299.0,False,HARD,8.0,True,McLaren,0 days 01:30:34.009000,,1,15.0,,,False,True
0 days 01:32:53.901000,RIC,3,0 days 00:01:09.846000,50.0,2.0,,,0 days 00:00:17.462000,0 days 00:00:31.352000,0 days 00:00:21.032000,0 days 01:32:01.519000,0 days 01:32:32.871000,0 days 01:32:53.903000,295.0,229.0,280.0,291.0,False,HARD,9.0,True,McLaren,0 days 01:31:44.055000,,1,15.0,,,False,True
0 days 01:34:03.428000,RIC,3,0 days 00:01:09.527000,51.0,2.0,,,0 days 00:00:17.329000,0 days 00:00:31.293000,0 days 00:00:20.905000,0 days 01:33:11.232000,0 days 01:33:42.525000,0 days 01:34:03.430000,299.0,232.0,289.0,297.0,False,HARD,10.0,True,McLaren,0 days 01:32:53.901000,,1,15.0,,,False,True
0 days 01:35:13.378000,RIC,3,0 days 00:01:09.950000,52.0,2.0,,,0 days 00:00:16.805000,0 days 00:00:32.070000,0 days 00:00:21.075000,0 days 01:34:20.235000,0 days 01:34:52.305000,0 days 01:35:13.380000,333.0,228.0,287.0,320.0,False,HARD,11.0,True,McLaren,0 days 01:34:03.428000,,1,15.0,,,False,True
0 days 01:36:23.040000,RIC,3,0 days 00:01:09.662000,53.0,2.0,,,0 days 00:00:17.069000,0 days 00:00:31.487000,0 days 00:00:21.106000,0 days 01:35:30.449000,0 days 01:36:01.936000,0 days 01:36:23.042000,325.0,231.0,277.0,315.0,False,HARD,12.0,True,McLaren,0 days 01:35:13.378000,,1,14.0,,,False,True
0 days 01:37:33.097000,RIC,3,0 days 00:01:10.057000,54.0,2.0,,,0 days 00:00:17.470000,0 days 00:00:31.507000,0 days 00:00:21.080000,0 days 01:36:40.512000,0 days 01:37:12.019000,0 days 01:37:33.099000,289.0,230.0,277.0,289.0,False,HARD,13.0,True,McLaren,0 days 01:36:23.040000,,1,14.0,,,False,True
0 days 01:38:42.890000,RIC,3,0 days 00:01:09.793000,55.0,2.0,,,0 days 00:00:17.487000,0 days 00:00:31.169000,0 days 00:00:21.137000,0 days 01:37:50.586000,0 days 01:38:21.755000,0 days 01:38:42.892000,292.0,231.0,278.0,293.0,False,HARD,14.0,True,McLaren,0 days 01:37:33.097000,,1,14.0,,,False,True
0 days 01:39:52.694000,RIC,3,0 days 00:01:09.804000,56.0,2.0,,,0 days 00:00:17.495000,0 days 00:00:31.259000,0 days 00:00:21.050000,0 days 01:39:00.387000,0 days 01:39:31.646000,0 days 01:39:52.696000,296.0,234.0,279.0,296.0,False,HARD,15.0,True,McLaren,0 days 01:38:42.890000,,1,14.0,,,False,True
0 days 01:41:02.732000,RIC,3,0 days 00:01:10.038000,57.0,2.0,,,0 days 00:00:17.344000,0 days 00:00:31.452000,0 days 00:00:21.242000,0 days 01:40:10.040000,0 days 01:40:41.492000,0 days 01:41:02.734000,298.0,232.0,288.0,292.0,False,HARD,16.0,True,McLaren,0 days 01:39:52.694000,,1,14.0,,,False,True
0 days 01:42:12.037000,RIC,3,0 days 00:01:09.305000,58.0,2.0,,,0 days 00:00:17.031000,0 days 00:00:31.299000,0 days 00:00:20.975000,0 days 01:41:19.765000,0 days 01:41:51.064000,0 days 01:42:12.039000,327.0,232.0,279.0,325.0,False,HARD,17.0,True,McLaren,0 days 01:41:02.732000,,1,13.0,,,False,True
0 days 01:43:21.890000,RIC,3,0 days 00:01:09.853000,59.0,2.0,,,0 days 00:00:17.542000,0 days 00:00:31.342000,0 days 00:00:20.969000,0 days 01:42:29.581000,0 days 01:43:00.923000,0 days 01:43:21.892000,289.0,228.0,277.0,288.0,False,HARD,18.0,True,McLaren,0 days 01:42:12.037000,,1,13.0,,,False,True
0 days 01:44:32.131000,RIC,3,0 days 00:01:10.241000,60.0,2.0,,,0 days 00:00:17.739000,0 days 00:00:31.401000,0 days 00:00:21.101000,0 days 01:43:39.631000,0 days 01:44:11.032000,0 days 01:44:32.133000,283.0,231.0,277.0,288.0,False,HARD,19.0,True,McLaren,0 days 01:43:21.890000,,1,13.0,,,False,True
0 days 01:45:41.669000,RIC,3,0 days 00:01:09.538000,61.0,2.0,,,0 days 00:00:17.474000,0 days 00:00:31.132000,0 days 00:00:20.932000,0 days 01:44:49.607000,0 days 01:45:20.739000,0 days 01:45:41.671000,291.0,234.0,280.0,293.0,False,HARD,20.0,True,McLaren,0 days 01:44:32.131000,,1,13.0,,,False,True
0 days 01:46:51.289000,RIC,3,0 days 00:01:09.620000,62.0,2.0,,,0 days 00:00:17.450000,0 days 00:00:31.278000,0 days 00:00:20.892000,0 days 01:45:59.121000,0 days 01:46:30.399000,0 days 01:46:51.291000,291.0,233.0,288.0,289.0,False,HARD,21.0,True,McLaren,0 days 01:45:41.669000,,1,13.0,,,False,True
0 days 01:48:00.856000,RIC,3,0 days 00:01:09.567000,63.0,2.0,,,0 days 00:00:17.142000,0 days 00:00:31.480000,0 days 00:00:20.945000,0 days 01:47:08.433000,0 days 01:47:39.913000,0 days 01:48:00.858000,309.0,232.0,289.0,314.0,False,HARD,22.0,True,McLaren,0 days 01:46:51.289000,,1,13.0,,,False,True
0 days 01:49:10.607000,RIC,3,0 days 00:01:09.751000,64.0,2.0,,,0 days 00:00:16.984000,0 days 00:00:31.652000,0 days 00:00:21.115000,0 days 01:48:17.842000,0 days 01:48:49.494000,0 days 01:49:10.609000,311.0,227.0,289.0,316.0,False,HARD,23.0,True,McLaren,0 days 01:48:00.856000,,1,13.0,,,False,True
0 days 01:50:21.165000,RIC,3,0 days 00:01:10.558000,65.0,2.0,,,0 days 00:00:17.059000,0 days 00:00:31.873000,0 days 00:00:21.626000,0 days 01:49:27.668000,0 days 01:49:59.541000,0 days 01:50:21.167000,313.0,229.0,232.0,311.0,False,HARD,24.0,True,McLaren,0 days 01:49:10.607000,,1,13.0,,,False,True
0 days 01:51:32.454000,RIC,3,0 days 00:01:11.289000,66.0,2.0,,,0 days 00:00:18.360000,0 days 00:00:31.870000,0 days 00:00:21.059000,0 days 01:50:39.527000,0 days 01:51:11.397000,0 days 01:51:32.456000,299.0,233.0,287.0,314.0,False,HARD,25.0,True,McLaren,0 days 01:50:21.165000,,1,13.0,,,False,True
0 days 01:52:42.776000,RIC,3,0 days 00:01:10.322000,67.0,2.0,,,0 days 00:00:17.260000,0 days 00:00:31.885000,0 days 00:00:21.177000,0 days 01:51:49.716000,0 days 01:52:21.601000,0 days 01:52:42.778000,306.0,228.0,286.0,303.0,False,HARD,26.0,True,McLaren,0 days 01:51:32.454000,,1,13.0,,,False,True
0 days 01:53:52.949000,RIC,3,0 days 00:01:10.173000,68.0,2.0,,,0 days 00:00:17.193000,0 days 00:00:31.721000,0 days 00:00:21.259000,0 days 01:52:59.971000,0 days 01:53:31.692000,0 days 01:53:52.951000,306.0,231.0,288.0,306.0,False,HARD,27.0,True,McLaren,0 days 01:52:42.776000,,1,13.0,,,False,True
0 days 01:55:04.871000,RIC,3,0 days 00:01:11.922000,69.0,2.0,,,0 days 00:00:17.073000,0 days 00:00:33.521000,0 days 00:00:21.328000,0 days 01:54:10.024000,0 days 01:54:43.545000,0 days 01:55:04.873000,313.0,230.0,289.0,315.0,False,HARD,28.0,True,McLaren,0 days 01:53:52.949000,,1,13.0,,,False,True
0 days 01:56:15.338000,RIC,3,0 days 00:01:10.467000,70.0,2.0,,,0 days 00:00:17.028000,0 days 00:00:31.422000,0 days 00:00:22.017000,0 days 01:55:21.901000,0 days 01:55:53.323000,0 days 01:56:15.340000,314.0,227.0,239.0,315.0,False,HARD,29.0,True,McLaren,0 days 01:55:04.871000,,1,13.0,,,False,True
0 days 00:34:26.548000,OCO,31,0 days 00:01:20.716000,1.0,1.0,,,,0 days 00:00:34.639000,0 days 00:00:22.921000,,0 days 00:34:03.704000,0 days 00:34:26.758000,299.0,218.0,269.0,299.0,False,MEDIUM,1.0,True,Alpine,0 days 00:33:05.677000,,12,15.0,,,False,False
0 days 00:35:40.578000,OCO,31,0 days 00:01:14.030000,2.0,1.0,,,0 days 00:00:18.131000,0 days 00:00:32.829000,0 days 00:00:23.070000,0 days 00:34:44.735000,0 days 00:35:17.564000,0 days 00:35:40.634000,296.0,215.0,269.0,292.0,True,MEDIUM,2.0,True,Alpine,0 days 00:34:26.548000,,1,14.0,,,False,True
0 days 00:36:53.330000,OCO,31,0 days 00:01:12.752000,3.0,1.0,,,0 days 00:00:18.085000,0 days 00:00:32.329000,0 days 00:00:22.338000,0 days 00:35:58.719000,0 days 00:36:31.048000,0 days 00:36:53.386000,295.0,218.0,277.0,312.0,True,MEDIUM,3.0,True,Alpine,0 days 00:35:40.578000,,1,14.0,,,False,True
0 days 00:38:05.072000,OCO,31,0 days 00:01:11.742000,4.0,1.0,,,0 days 00:00:17.499000,0 days 00:00:31.882000,0 days 00:00:22.361000,0 days 00:37:10.885000,0 days 00:37:42.767000,0 days 00:38:05.128000,314.0,222.0,275.0,314.0,True,MEDIUM,4.0,True,Alpine,0 days 00:36:53.330000,,1,13.0,,,False,True
0 days 00:39:16.875000,OCO,31,0 days 00:01:11.803000,5.0,1.0,,,0 days 00:00:17.451000,0 days 00:00:32.085000,0 days 00:00:22.267000,0 days 00:38:22.579000,0 days 00:38:54.664000,0 days 00:39:16.931000,314.0,228.0,278.0,310.0,False,MEDIUM,5.0,True,Alpine,0 days 00:38:05.072000,,1,14.0,,,False,True
0 days 00:40:28.847000,OCO,31,0 days 00:01:11.972000,6.0,1.0,,,0 days 00:00:17.439000,0 days 00:00:32.269000,0 days 00:00:22.264000,0 days 00:39:34.370000,0 days 00:40:06.639000,0 days 00:40:28.903000,314.0,221.0,276.0,310.0,False,MEDIUM,6.0,True,Alpine,0 days 00:39:16.875000,,1,14.0,,,False,True
0 days 00:41:41.160000,OCO,31,0 days 00:01:12.313000,7.0,1.0,,,0 days 00:00:17.448000,0 days 00:00:31.974000,0 days 00:00:22.891000,0 days 00:40:46.351000,0 days 00:41:18.325000,0 days 00:41:41.216000,310.0,225.0,278.0,308.0,False,MEDIUM,7.0,True,Alpine,0 days 00:40:28.847000,,1,14.0,,,False,True
0 days 00:42:53.215000,OCO,31,0 days 00:01:12.055000,8.0,1.0,,,0 days 00:00:17.560000,0 days 00:00:32.259000,0 days 00:00:22.236000,0 days 00:41:58.776000,0 days 00:42:31.035000,0 days 00:42:53.271000,315.0,225.0,278.0,304.0,False,MEDIUM,8.0,True,Alpine,0 days 00:41:41.160000,,1,14.0,,,False,True
0 days 00:44:05.325000,OCO,31,0 days 00:01:12.110000,9.0,1.0,,,0 days 00:00:17.607000,0 days 00:00:32.350000,0 days 00:00:22.153000,0 days 00:43:10.878000,0 days 00:43:43.228000,0 days 00:44:05.381000,305.0,225.0,276.0,307.0,False,MEDIUM,9.0,True,Alpine,0 days 00:42:53.215000,,1,14.0,,,False,True
0 days 00:45:16.739000,OCO,31,0 days 00:01:11.414000,10.0,1.0,,,0 days 00:00:17.590000,0 days 00:00:31.898000,0 days 00:00:21.926000,0 days 00:44:22.971000,0 days 00:44:54.869000,0 days 00:45:16.795000,308.0,228.0,278.0,306.0,True,MEDIUM,10.0,True,Alpine,0 days 00:44:05.325000,,1,14.0,,,False,True
0 days 00:46:28.153000,OCO,31,0 days 00:01:11.414000,11.0,1.0,,,0 days 00:00:17.550000,0 days 00:00:31.904000,0 days 00:00:21.960000,0 days 00:45:34.345000,0 days 00:46:06.249000,0 days 00:46:28.209000,305.0,228.0,276.0,305.0,False,MEDIUM,11.0,True,Alpine,0 days 00:45:16.739000,,1,14.0,,,False,True
0 days 00:47:39.879000,OCO,31,0 days 00:01:11.726000,12.0,1.0,,,0 days 00:00:17.612000,0 days 00:00:32.046000,0 days 00:00:22.068000,0 days 00:46:45.821000,0 days 00:47:17.867000,0 days 00:47:39.935000,308.0,224.0,278.0,298.0,False,MEDIUM,12.0,True,Alpine,0 days 00:46:28.153000,,1,14.0,,,False,True
0 days 00:48:51.341000,OCO,31,0 days 00:01:11.462000,13.0,1.0,,,0 days 00:00:17.496000,0 days 00:00:32.062000,0 days 00:00:21.904000,0 days 00:47:57.431000,0 days 00:48:29.493000,0 days 00:48:51.397000,311.0,224.0,277.0,307.0,False,MEDIUM,13.0,True,Alpine,0 days 00:47:39.879000,,1,14.0,,,False,True
0 days 00:50:02.882000,OCO,31,0 days 00:01:11.541000,14.0,1.0,,,0 days 00:00:17.605000,0 days 00:00:32.066000,0 days 00:00:21.870000,0 days 00:49:09.002000,0 days 00:49:41.068000,0 days 00:50:02.938000,306.0,224.0,270.0,307.0,False,MEDIUM,14.0,True,Alpine,0 days 00:48:51.341000,,1,14.0,,,False,True
0 days 00:51:14.657000,OCO,31,0 days 00:01:11.775000,15.0,1.0,,,0 days 00:00:17.871000,0 days 00:00:31.989000,0 days 00:00:21.915000,0 days 00:50:20.809000,0 days 00:50:52.798000,0 days 00:51:14.713000,292.0,222.0,271.0,296.0,False,MEDIUM,15.0,True,Alpine,0 days 00:50:02.882000,,1,14.0,,,False,True
0 days 00:52:26.376000,OCO,31,0 days 00:01:11.719000,16.0,1.0,,,0 days 00:00:17.825000,0 days 00:00:32.029000,0 days 00:00:21.865000,0 days 00:51:32.538000,0 days 00:52:04.567000,0 days 00:52:26.432000,293.0,226.0,270.0,296.0,False,MEDIUM,16.0,True,Alpine,0 days 00:51:14.657000,,1,14.0,,,False,True
0 days 00:53:38.184000,OCO,31,0 days 00:01:11.808000,17.0,1.0,,,0 days 00:00:17.834000,0 days 00:00:31.967000,0 days 00:00:22.007000,0 days 00:52:44.266000,0 days 00:53:16.233000,0 days 00:53:38.240000,293.0,227.0,270.0,295.0,False,MEDIUM,17.0,True,Alpine,0 days 00:52:26.376000,,1,14.0,,,False,True
0 days 00:54:50.099000,OCO,31,0 days 00:01:11.915000,18.0,1.0,,,0 days 00:00:17.871000,0 days 00:00:32.264000,0 days 00:00:21.780000,0 days 00:53:56.111000,0 days 00:54:28.375000,0 days 00:54:50.155000,295.0,226.0,271.0,306.0,False,MEDIUM,18.0,True,Alpine,0 days 00:53:38.184000,,1,14.0,,,False,True
0 days 00:56:01.849000,OCO,31,0 days 00:01:11.750000,19.0,1.0,,,0 days 00:00:17.789000,0 days 00:00:32.055000,0 days 00:00:21.906000,0 days 00:55:07.944000,0 days 00:55:39.999000,0 days 00:56:01.905000,295.0,228.0,269.0,296.0,False,MEDIUM,19.0,True,Alpine,0 days 00:54:50.099000,,1,14.0,,,False,True
0 days 00:57:13.239000,OCO,31,0 days 00:01:11.390000,20.0,1.0,,,0 days 00:00:17.805000,0 days 00:00:31.922000,0 days 00:00:21.663000,0 days 00:56:19.710000,0 days 00:56:51.632000,0 days 00:57:13.295000,295.0,228.0,271.0,292.0,True,MEDIUM,20.0,True,Alpine,0 days 00:56:01.849000,,1,14.0,,,False,True
0 days 00:58:24.699000,OCO,31,0 days 00:01:11.460000,21.0,1.0,,,0 days 00:00:17.733000,0 days 00:00:31.938000,0 days 00:00:21.789000,0 days 00:57:31.028000,0 days 00:58:02.966000,0 days 00:58:24.755000,297.0,225.0,271.0,294.0,False,MEDIUM,21.0,True,Alpine,0 days 00:57:13.239000,,1,14.0,,,False,True
0 days 00:59:36.127000,OCO,31,0 days 00:01:11.428000,22.0,1.0,,,0 days 00:00:17.793000,0 days 00:00:32.005000,0 days 00:00:21.630000,0 days 00:58:42.548000,0 days 00:59:14.553000,0 days 00:59:36.183000,294.0,227.0,271.0,292.0,False,MEDIUM,22.0,True,Alpine,0 days 00:58:24.699000,,1,14.0,,,False,True
0 days 01:00:47.470000,OCO,31,0 days 00:01:11.343000,23.0,1.0,,,0 days 00:00:17.775000,0 days 00:00:31.918000,0 days 00:00:21.650000,0 days 00:59:53.958000,0 days 01:00:25.876000,0 days 01:00:47.526000,294.0,228.0,271.0,288.0,True,MEDIUM,23.0,True,Alpine,0 days 00:59:36.127000,,1,14.0,,,False,True
0 days 01:02:00.005000,OCO,31,0 days 00:01:12.535000,24.0,1.0,,,0 days 00:00:17.798000,0 days 00:00:32.683000,0 days 00:00:22.054000,0 days 01:01:05.324000,0 days 01:01:38.007000,0 days 01:02:00.061000,292.0,223.0,276.0,297.0,False,MEDIUM,24.0,True,Alpine,0 days 01:00:47.470000,,1,15.0,,,False,True
0 days 01:03:11.293000,OCO,31,0 days 00:01:11.288000,25.0,1.0,,,0 days 00:00:17.488000,0 days 00:00:32.037000,0 days 00:00:21.763000,0 days 01:02:17.549000,0 days 01:02:49.586000,0 days 01:03:11.349000,306.0,221.0,271.0,302.0,True,MEDIUM,25.0,True,Alpine,0 days 01:02:00.005000,,1,15.0,,,False,True
0 days 01:04:22.792000,OCO,31,0 days 00:01:11.499000,26.0,1.0,,,0 days 00:00:17.841000,0 days 00:00:31.985000,0 days 00:00:21.673000,0 days 01:03:29.190000,0 days 01:04:01.175000,0 days 01:04:22.848000,294.0,223.0,271.0,289.0,False,MEDIUM,26.0,True,Alpine,0 days 01:03:11.293000,,1,14.0,,,False,True
0 days 01:05:34.104000,OCO,31,0 days 00:01:11.312000,27.0,1.0,,,0 days 00:00:17.755000,0 days 00:00:31.897000,0 days 00:00:21.660000,0 days 01:04:40.603000,0 days 01:05:12.500000,0 days 01:05:34.160000,295.0,225.0,269.0,290.0,False,MEDIUM,27.0,True,Alpine,0 days 01:04:22.792000,,1,13.0,,,False,True
0 days 01:06:46.511000,OCO,31,0 days 00:01:12.407000,28.0,1.0,,,0 days 00:00:17.852000,0 days 00:00:32.617000,0 days 00:00:21.938000,0 days 01:05:52.012000,0 days 01:06:24.629000,0 days 01:06:46.567000,293.0,219.0,271.0,290.0,False,MEDIUM,28.0,True,Alpine,0 days 01:05:34.104000,,1,11.0,,,False,True
0 days 01:07:57.667000,OCO,31,0 days 00:01:11.156000,29.0,1.0,,,0 days 00:00:17.844000,0 days 00:00:31.801000,0 days 00:00:21.511000,0 days 01:07:04.411000,0 days 01:07:36.212000,0 days 01:07:57.723000,293.0,228.0,270.0,294.0,True,MEDIUM,29.0,True,Alpine,0 days 01:06:46.511000,,1,10.0,,,False,True
0 days 01:09:08.634000,OCO,31,0 days 00:01:10.967000,30.0,1.0,,,0 days 00:00:17.794000,0 days 00:00:31.581000,0 days 00:00:21.592000,0 days 01:08:15.517000,0 days 01:08:47.098000,0 days 01:09:08.690000,294.0,229.0,270.0,294.0,True,MEDIUM,30.0,True,Alpine,0 days 01:07:57.667000,,1,10.0,,,False,True
0 days 01:10:19.553000,OCO,31,0 days 00:01:10.919000,31.0,1.0,,,0 days 00:00:17.750000,0 days 00:00:31.607000,0 days 00:00:21.562000,0 days 01:09:26.440000,0 days 01:09:58.047000,0 days 01:10:19.609000,295.0,230.0,271.0,295.0,True,MEDIUM,31.0,True,Alpine,0 days 01:09:08.634000,,1,10.0,,,False,True
0 days 01:11:30.363000,OCO,31,0 days 00:01:10.810000,32.0,1.0,,,0 days 00:00:17.696000,0 days 00:00:31.529000,0 days 00:00:21.585000,0 days 01:10:37.305000,0 days 01:11:08.834000,0 days 01:11:30.419000,294.0,229.0,271.0,295.0,True,MEDIUM,32.0,True,Alpine,0 days 01:10:19.553000,,1,10.0,,,False,True
0 days 01:12:41.454000,OCO,31,0 days 00:01:11.091000,33.0,1.0,,,0 days 00:00:17.652000,0 days 00:00:31.742000,0 days 00:00:21.697000,0 days 01:11:48.071000,0 days 01:12:19.813000,0 days 01:12:41.510000,297.0,231.0,274.0,296.0,False,MEDIUM,33.0,True,Alpine,0 days 01:11:30.363000,,1,10.0,,,False,True
0 days 01:13:52.607000,OCO,31,0 days 00:01:11.153000,34.0,1.0,,,0 days 00:00:17.594000,0 days 00:00:31.896000,0 days 00:00:21.663000,0 days 01:12:59.104000,0 days 01:13:31,0 days 01:13:52.663000,298.0,228.0,272.0,297.0,False,MEDIUM,34.0,True,Alpine,0 days 01:12:41.454000,,1,10.0,,,False,True
0 days 01:15:03.703000,OCO,31,0 days 00:01:11.096000,35.0,1.0,,,0 days 00:00:17.647000,0 days 00:00:31.742000,0 days 00:00:21.707000,0 days 01:14:10.310000,0 days 01:14:42.052000,0 days 01:15:03.759000,296.0,229.0,272.0,296.0,False,MEDIUM,35.0,True,Alpine,0 days 01:13:52.607000,,1,10.0,,,False,True
0 days 01:16:17.963000,OCO,31,0 days 00:01:14.260000,36.0,1.0,,0 days 01:16:14.721000,0 days 00:00:17.619000,0 days 00:00:31.776000,0 days 00:00:24.865000,0 days 01:15:21.378000,0 days 01:15:53.154000,0 days 01:16:18.019000,296.0,229.0,,295.0,False,MEDIUM,36.0,True,Alpine,0 days 01:15:03.703000,,1,11.0,,,False,False
0 days 01:17:44.326000,OCO,31,0 days 00:01:26.363000,37.0,2.0,0 days 01:16:35.943000,,0 days 00:00:34.408000,0 days 00:00:30.810000,0 days 00:00:21.145000,0 days 01:16:52.427000,0 days 01:17:23.237000,0 days 01:17:44.382000,290.0,235.0,272.0,292.0,False,HARD,1.0,True,Alpine,0 days 01:16:17.963000,,1,15.0,,,False,False
0 days 01:18:54.082000,OCO,31,0 days 00:01:09.756000,38.0,2.0,,,0 days 00:00:17.501000,0 days 00:00:30.918000,0 days 00:00:21.337000,0 days 01:18:01.883000,0 days 01:18:32.801000,0 days 01:18:54.138000,306.0,234.0,271.0,309.0,True,HARD,2.0,True,Alpine,0 days 01:17:44.326000,,1,15.0,,,False,True
0 days 01:20:03.780000,OCO,31,0 days 00:01:09.698000,39.0,2.0,,,0 days 00:00:17.687000,0 days 00:00:30.900000,0 days 00:00:21.111000,0 days 01:19:11.825000,0 days 01:19:42.725000,0 days 01:20:03.836000,289.0,233.0,272.0,292.0,True,HARD,3.0,True,Alpine,0 days 01:18:54.082000,,1,15.0,,,False,True
0 days 01:21:13.567000,OCO,31,0 days 00:01:09.787000,40.0,2.0,,,0 days 00:00:17.538000,0 days 00:00:31.073000,0 days 00:00:21.176000,0 days 01:20:21.374000,0 days 01:20:52.447000,0 days 01:21:13.623000,291.0,229.0,273.0,292.0,False,HARD,4.0,True,Alpine,0 days 01:20:03.780000,,1,15.0,,,False,True
0 days 01:22:23.255000,OCO,31,0 days 00:01:09.688000,41.0,2.0,,,0 days 00:00:17.531000,0 days 00:00:30.983000,0 days 00:00:21.174000,0 days 01:21:31.154000,0 days 01:22:02.137000,0 days 01:22:23.311000,291.0,229.0,272.0,293.0,True,HARD,5.0,True,Alpine,0 days 01:21:13.567000,,1,15.0,,,False,True
0 days 01:23:33.334000,OCO,31,0 days 00:01:10.079000,42.0,2.0,,,0 days 00:00:17.671000,0 days 00:00:31.203000,0 days 00:00:21.205000,0 days 01:22:40.982000,0 days 01:23:12.185000,0 days 01:23:33.390000,291.0,229.0,272.0,295.0,False,HARD,6.0,True,Alpine,0 days 01:22:23.255000,,1,14.0,,,False,True
0 days 01:24:43.294000,OCO,31,0 days 00:01:09.960000,43.0,2.0,,,0 days 00:00:17.622000,0 days 00:00:31.180000,0 days 00:00:21.158000,0 days 01:23:51.012000,0 days 01:24:22.192000,0 days 01:24:43.350000,292.0,230.0,272.0,290.0,False,HARD,7.0,True,Alpine,0 days 01:23:33.334000,,1,14.0,,,False,True
0 days 01:25:53.134000,OCO,31,0 days 00:01:09.840000,44.0,2.0,,,0 days 00:00:17.664000,0 days 00:00:31.055000,0 days 00:00:21.121000,0 days 01:25:01.014000,0 days 01:25:32.069000,0 days 01:25:53.190000,292.0,230.0,279.0,293.0,False,HARD,8.0,True,Alpine,0 days 01:24:43.294000,,1,14.0,,,False,True
0 days 01:27:02.732000,OCO,31,0 days 00:01:09.598000,45.0,2.0,,,0 days 00:00:17.212000,0 days 00:00:31.208000,0 days 00:00:21.178000,0 days 01:26:10.402000,0 days 01:26:41.610000,0 days 01:27:02.788000,316.0,229.0,278.0,308.0,True,HARD,9.0,True,Alpine,0 days 01:25:53.134000,,1,14.0,,,False,True
0 days 01:28:12.909000,OCO,31,0 days 00:01:10.177000,46.0,2.0,,,0 days 00:00:17.340000,0 days 00:00:31.528000,0 days 00:00:21.309000,0 days 01:27:20.128000,0 days 01:27:51.656000,0 days 01:28:12.965000,318.0,228.0,279.0,307.0,False,HARD,10.0,True,Alpine,0 days 01:27:02.732000,,1,14.0,,,False,True
0 days 01:29:22.954000,OCO,31,0 days 00:01:10.045000,47.0,2.0,,,0 days 00:00:17.320000,0 days 00:00:31.532000,0 days 00:00:21.193000,0 days 01:28:30.285000,0 days 01:29:01.817000,0 days 01:29:23.010000,306.0,227.0,280.0,307.0,False,HARD,11.0,True,Alpine,0 days 01:28:12.909000,,1,14.0,,,False,True
0 days 01:30:32.944000,OCO,31,0 days 00:01:09.990000,48.0,2.0,,,0 days 00:00:17.366000,0 days 00:00:31.503000,0 days 00:00:21.121000,0 days 01:29:40.376000,0 days 01:30:11.879000,0 days 01:30:33,305.0,229.0,279.0,307.0,False,HARD,12.0,True,Alpine,0 days 01:29:22.954000,,1,14.0,,,False,True
0 days 01:31:42.929000,OCO,31,0 days 00:01:09.985000,49.0,2.0,,,0 days 00:00:17.195000,0 days 00:00:31.535000,0 days 00:00:21.255000,0 days 01:30:50.195000,0 days 01:31:21.730000,0 days 01:31:42.985000,318.0,227.0,279.0,303.0,False,HARD,13.0,True,Alpine,0 days 01:30:32.944000,,1,14.0,,,False,True
0 days 01:32:52.876000,OCO,31,0 days 00:01:09.947000,50.0,2.0,,,0 days 00:00:17.324000,0 days 00:00:31.548000,0 days 00:00:21.075000,0 days 01:32:00.309000,0 days 01:32:31.857000,0 days 01:32:52.932000,306.0,223.0,281.0,303.0,False,HARD,14.0,True,Alpine,0 days 01:31:42.929000,,1,14.0,,,False,True
0 days 01:34:02.756000,OCO,31,0 days 00:01:09.880000,51.0,2.0,,,0 days 00:00:17.216000,0 days 00:00:31.477000,0 days 00:00:21.187000,0 days 01:33:10.148000,0 days 01:33:41.625000,0 days 01:34:02.812000,308.0,222.0,279.0,303.0,False,HARD,15.0,True,Alpine,0 days 01:32:52.876000,,1,14.0,,,False,True
0 days 01:35:12.841000,OCO,31,0 days 00:01:10.085000,52.0,2.0,,,0 days 00:00:17.328000,0 days 00:00:31.495000,0 days 00:00:21.262000,0 days 01:34:20.140000,0 days 01:34:51.635000,0 days 01:35:12.897000,308.0,231.0,272.0,302.0,False,HARD,16.0,True,Alpine,0 days 01:34:02.756000,,1,14.0,,,False,True
0 days 01:36:24.333000,OCO,31,0 days 00:01:11.492000,53.0,2.0,,,0 days 00:00:17.584000,0 days 00:00:32.207000,0 days 00:00:21.701000,0 days 01:35:30.481000,0 days 01:36:02.688000,0 days 01:36:24.389000,300.0,228.0,271.0,308.0,False,HARD,17.0,True,Alpine,0 days 01:35:12.841000,,1,15.0,,,False,True
0 days 01:37:36.008000,OCO,31,0 days 00:01:11.675000,54.0,2.0,,,0 days 00:00:18.347000,0 days 00:00:31.945000,0 days 00:00:21.383000,0 days 01:36:42.736000,0 days 01:37:14.681000,0 days 01:37:36.064000,296.0,230.0,273.0,302.0,False,HARD,18.0,True,Alpine,0 days 01:36:24.333000,,1,15.0,,,False,True
0 days 01:38:46.166000,OCO,31,0 days 00:01:10.158000,55.0,2.0,,,0 days 00:00:17.617000,0 days 00:00:31.338000,0 days 00:00:21.203000,0 days 01:37:53.681000,0 days 01:38:25.019000,0 days 01:38:46.222000,294.0,233.0,273.0,293.0,False,HARD,19.0,True,Alpine,0 days 01:37:36.008000,,1,15.0,,,False,True
0 days 01:39:56.525000,OCO,31,0 days 00:01:10.359000,56.0,2.0,,,0 days 00:00:17.508000,0 days 00:00:31.345000,0 days 00:00:21.506000,0 days 01:39:03.730000,0 days 01:39:35.075000,0 days 01:39:56.581000,294.0,232.0,282.0,292.0,False,HARD,20.0,True,Alpine,0 days 01:38:46.166000,,1,15.0,,,False,True
0 days 01:41:06.292000,OCO,31,0 days 00:01:09.767000,57.0,2.0,,,0 days 00:00:17.105000,0 days 00:00:31.569000,0 days 00:00:21.093000,0 days 01:40:13.686000,0 days 01:40:45.255000,0 days 01:41:06.348000,318.0,234.0,275.0,305.0,False,HARD,21.0,True,Alpine,0 days 01:39:56.525000,,1,15.0,,,False,True
0 days 01:42:16.214000,OCO,31,0 days 00:01:09.922000,58.0,2.0,,,0 days 00:00:17.520000,0 days 00:00:31.273000,0 days 00:00:21.129000,0 days 01:41:23.868000,0 days 01:41:55.141000,0 days 01:42:16.270000,296.0,230.0,274.0,290.0,False,HARD,22.0,True,Alpine,0 days 01:41:06.292000,,1,15.0,,,False,True
0 days 01:43:26.512000,OCO,31,0 days 00:01:10.298000,59.0,2.0,,,0 days 00:00:17.653000,0 days 00:00:31.328000,0 days 00:00:21.317000,0 days 01:42:33.923000,0 days 01:43:05.251000,0 days 01:43:26.568000,293.0,233.0,272.0,290.0,False,HARD,23.0,True,Alpine,0 days 01:42:16.214000,,1,15.0,,,False,True
0 days 01:44:36.911000,OCO,31,0 days 00:01:10.399000,60.0,2.0,,,0 days 00:00:17.716000,0 days 00:00:31.436000,0 days 00:00:21.247000,0 days 01:43:44.284000,0 days 01:44:15.720000,0 days 01:44:36.967000,289.0,231.0,280.0,292.0,False,HARD,24.0,True,Alpine,0 days 01:43:26.512000,,1,15.0,,,False,True
0 days 01:45:46.903000,OCO,31,0 days 00:01:09.992000,61.0,2.0,,,0 days 00:00:17.280000,0 days 00:00:31.516000,0 days 00:00:21.196000,0 days 01:44:54.247000,0 days 01:45:25.763000,0 days 01:45:46.959000,309.0,231.0,282.0,305.0,False,HARD,25.0,True,Alpine,0 days 01:44:36.911000,,1,15.0,,,False,True
0 days 01:46:57.010000,OCO,31,0 days 00:01:10.107000,62.0,2.0,,,0 days 00:00:17.223000,0 days 00:00:31.827000,0 days 00:00:21.057000,0 days 01:46:04.182000,0 days 01:46:36.009000,0 days 01:46:57.066000,319.0,228.0,273.0,317.0,False,HARD,26.0,True,Alpine,0 days 01:45:46.903000,,1,14.0,,,False,True
0 days 01:48:06.970000,OCO,31,0 days 00:01:09.960000,63.0,2.0,,,0 days 00:00:17.639000,0 days 00:00:31.227000,0 days 00:00:21.094000,0 days 01:47:14.705000,0 days 01:47:45.932000,0 days 01:48:07.026000,286.0,231.0,274.0,283.0,False,HARD,27.0,True,Alpine,0 days 01:46:57.010000,,1,14.0,,,False,True
0 days 01:49:16.775000,OCO,31,0 days 00:01:09.805000,64.0,2.0,,,0 days 00:00:17.622000,0 days 00:00:31.181000,0 days 00:00:21.002000,0 days 01:48:24.648000,0 days 01:48:55.829000,0 days 01:49:16.831000,284.0,229.0,274.0,285.0,False,HARD,28.0,True,Alpine,0 days 01:48:06.970000,,1,14.0,,,False,True
0 days 01:50:26.547000,OCO,31,0 days 00:01:09.772000,65.0,2.0,,,0 days 00:00:17.607000,0 days 00:00:31.206000,0 days 00:00:20.959000,0 days 01:49:34.438000,0 days 01:50:05.644000,0 days 01:50:26.603000,285.0,229.0,273.0,286.0,False,HARD,29.0,True,Alpine,0 days 01:49:16.775000,,1,14.0,,,False,True
0 days 01:51:36.548000,OCO,31,0 days 00:01:10.001000,66.0,2.0,,,0 days 00:00:17.712000,0 days 00:00:31.246000,0 days 00:00:21.043000,0 days 01:50:44.315000,0 days 01:51:15.561000,0 days 01:51:36.604000,285.0,230.0,272.0,286.0,False,HARD,30.0,True,Alpine,0 days 01:50:26.547000,,1,14.0,,,False,True
0 days 01:52:47.636000,OCO,31,0 days 00:01:11.088000,67.0,2.0,,,0 days 00:00:18.957000,0 days 00:00:31.145000,0 days 00:00:20.986000,0 days 01:51:55.561000,0 days 01:52:26.706000,0 days 01:52:47.692000,297.0,232.0,275.0,300.0,False,HARD,31.0,True,Alpine,0 days 01:51:36.548000,,1,14.0,,,False,True
0 days 01:53:57.468000,OCO,31,0 days 00:01:09.832000,68.0,2.0,,,0 days 00:00:17.571000,0 days 00:00:31.289000,0 days 00:00:20.972000,0 days 01:53:05.263000,0 days 01:53:36.552000,0 days 01:53:57.524000,289.0,232.0,275.0,288.0,False,HARD,32.0,True,Alpine,0 days 01:52:47.636000,,1,14.0,,,False,True
0 days 01:55:07.215000,OCO,31,0 days 00:01:09.747000,69.0,2.0,,,0 days 00:00:17.561000,0 days 00:00:31.104000,0 days 00:00:21.082000,0 days 01:54:15.085000,0 days 01:54:46.189000,0 days 01:55:07.271000,289.0,231.0,274.0,287.0,False,HARD,33.0,True,Alpine,0 days 01:53:57.468000,,1,14.0,,,False,True
0 days 01:56:16.791000,OCO,31,0 days 00:01:09.576000,70.0,2.0,,,0 days 00:00:17.512000,0 days 00:00:31.061000,0 days 00:00:21.003000,0 days 01:55:24.783000,0 days 01:55:55.844000,0 days 01:56:16.847000,292.0,231.0,274.0,292.0,True,HARD,34.0,True,Alpine,0 days 01:55:07.215000,,1,14.0,,,False,True
0 days 00:34:29.002000,GIO,99,0 days 00:01:23.170000,1.0,1.0,,,,0 days 00:00:37.804000,0 days 00:00:22.282000,,0 days 00:34:06.761000,0 days 00:34:29.221000,308.0,222.0,269.0,293.0,False,MEDIUM,1.0,True,Alfa Romeo Racing,0 days 00:33:05.677000,,12,18.0,,,False,False
0 days 00:35:42.036000,GIO,99,0 days 00:01:13.034000,2.0,1.0,,,0 days 00:00:17.937000,0 days 00:00:32.291000,0 days 00:00:22.806000,0 days 00:34:46.962000,0 days 00:35:19.253000,0 days 00:35:42.059000,293.0,221.0,274.0,293.0,True,MEDIUM,2.0,True,Alfa Romeo Racing,0 days 00:34:29.002000,,1,17.0,,,False,True
0 days 00:36:55.040000,GIO,99,0 days 00:01:13.004000,3.0,1.0,,,0 days 00:00:17.827000,0 days 00:00:32.656000,0 days 00:00:22.521000,0 days 00:35:59.886000,0 days 00:36:32.542000,0 days 00:36:55.063000,314.0,224.0,278.0,320.0,True,MEDIUM,3.0,True,Alfa Romeo Racing,0 days 00:35:42.036000,,1,16.0,,,False,True
0 days 00:38:06.382000,GIO,99,0 days 00:01:11.342000,4.0,1.0,,,0 days 00:00:17.471000,0 days 00:00:31.605000,0 days 00:00:22.266000,0 days 00:37:12.534000,0 days 00:37:44.139000,0 days 00:38:06.405000,324.0,226.0,273.0,312.0,True,MEDIUM,4.0,True,Alfa Romeo Racing,0 days 00:36:55.040000,,1,14.0,,,False,True
0 days 00:39:18.376000,GIO,99,0 days 00:01:11.994000,5.0,1.0,,,0 days 00:00:17.676000,0 days 00:00:32.091000,0 days 00:00:22.227000,0 days 00:38:24.081000,0 days 00:38:56.172000,0 days 00:39:18.399000,295.0,222.0,272.0,298.0,False,MEDIUM,5.0,True,Alfa Romeo Racing,0 days 00:38:06.382000,,1,15.0,,,False,True
0 days 00:40:30.085000,GIO,99,0 days 00:01:11.709000,6.0,1.0,,,0 days 00:00:17.663000,0 days 00:00:31.874000,0 days 00:00:22.172000,0 days 00:39:36.062000,0 days 00:40:07.936000,0 days 00:40:30.108000,303.0,225.0,271.0,301.0,False,MEDIUM,6.0,True,Alfa Romeo Racing,0 days 00:39:18.376000,,1,15.0,,,False,True
0 days 00:41:41.685000,GIO,99,0 days 00:01:11.600000,7.0,1.0,,,0 days 00:00:17.594000,0 days 00:00:31.783000,0 days 00:00:22.223000,0 days 00:40:47.702000,0 days 00:41:19.485000,0 days 00:41:41.708000,305.0,228.0,282.0,302.0,False,MEDIUM,7.0,True,Alfa Romeo Racing,0 days 00:40:30.085000,,1,15.0,,,False,True
0 days 00:42:53.744000,GIO,99,0 days 00:01:12.059000,8.0,1.0,,,0 days 00:00:17.317000,0 days 00:00:32.680000,0 days 00:00:22.062000,0 days 00:41:59.025000,0 days 00:42:31.705000,0 days 00:42:53.767000,325.0,222.0,281.0,321.0,False,MEDIUM,8.0,True,Alfa Romeo Racing,0 days 00:41:41.685000,,1,15.0,,,False,True
0 days 00:44:06.012000,GIO,99,0 days 00:01:12.268000,9.0,1.0,,,0 days 00:00:17.473000,0 days 00:00:32.608000,0 days 00:00:22.187000,0 days 00:43:11.240000,0 days 00:43:43.848000,0 days 00:44:06.035000,323.0,222.0,281.0,321.0,False,MEDIUM,9.0,True,Alfa Romeo Racing,0 days 00:42:53.744000,,1,15.0,,,False,True
0 days 00:45:17.816000,GIO,99,0 days 00:01:11.804000,10.0,1.0,,,0 days 00:00:17.322000,0 days 00:00:32.358000,0 days 00:00:22.124000,0 days 00:44:23.357000,0 days 00:44:55.715000,0 days 00:45:17.839000,322.0,221.0,274.0,315.0,False,MEDIUM,10.0,True,Alfa Romeo Racing,0 days 00:44:06.012000,,1,15.0,,,False,True
0 days 00:46:29.193000,GIO,99,0 days 00:01:11.377000,11.0,1.0,,,0 days 00:00:17.718000,0 days 00:00:31.742000,0 days 00:00:21.917000,0 days 00:45:35.557000,0 days 00:46:07.299000,0 days 00:46:29.216000,301.0,226.0,274.0,301.0,False,MEDIUM,11.0,True,Alfa Romeo Racing,0 days 00:45:17.816000,,1,15.0,,,False,True
0 days 00:47:40.688000,GIO,99,0 days 00:01:11.495000,12.0,1.0,,,0 days 00:00:17.716000,0 days 00:00:31.984000,0 days 00:00:21.795000,0 days 00:46:46.932000,0 days 00:47:18.916000,0 days 00:47:40.711000,302.0,224.0,280.0,301.0,False,MEDIUM,12.0,True,Alfa Romeo Racing,0 days 00:46:29.193000,,1,15.0,,,False,True
0 days 00:48:52.377000,GIO,99,0 days 00:01:11.689000,13.0,1.0,,,0 days 00:00:17.308000,0 days 00:00:32.297000,0 days 00:00:22.084000,0 days 00:47:58.019000,0 days 00:48:30.316000,0 days 00:48:52.400000,320.0,225.0,274.0,315.0,False,MEDIUM,13.0,True,Alfa Romeo Racing,0 days 00:47:40.688000,,1,15.0,,,False,True
0 days 00:50:04.277000,GIO,99,0 days 00:01:11.900000,14.0,1.0,,,0 days 00:00:17.793000,0 days 00:00:32.088000,0 days 00:00:22.019000,0 days 00:49:10.193000,0 days 00:49:42.281000,0 days 00:50:04.300000,296.0,220.0,271.0,298.0,False,MEDIUM,14.0,True,Alfa Romeo Racing,0 days 00:48:52.377000,,1,15.0,,,False,True
0 days 00:51:15.977000,GIO,99,0 days 00:01:11.700000,15.0,1.0,,,0 days 00:00:17.785000,0 days 00:00:32.094000,0 days 00:00:21.821000,0 days 00:50:22.085000,0 days 00:50:54.179000,0 days 00:51:16,294.0,219.0,272.0,297.0,False,MEDIUM,15.0,True,Alfa Romeo Racing,0 days 00:50:04.277000,,1,15.0,,,False,True
0 days 00:52:27.554000,GIO,99,0 days 00:01:11.577000,16.0,1.0,,,0 days 00:00:17.667000,0 days 00:00:31.983000,0 days 00:00:21.927000,0 days 00:51:33.667000,0 days 00:52:05.650000,0 days 00:52:27.577000,303.0,226.0,271.0,303.0,False,MEDIUM,16.0,True,Alfa Romeo Racing,0 days 00:51:15.977000,,1,15.0,,,False,True
0 days 00:53:38.925000,GIO,99,0 days 00:01:11.371000,17.0,1.0,,,0 days 00:00:17.679000,0 days 00:00:31.939000,0 days 00:00:21.753000,0 days 00:52:45.256000,0 days 00:53:17.195000,0 days 00:53:38.948000,302.0,229.0,280.0,303.0,False,MEDIUM,17.0,True,Alfa Romeo Racing,0 days 00:52:27.554000,,1,15.0,,,False,True
0 days 00:54:50.995000,GIO,99,0 days 00:01:12.070000,18.0,1.0,,,0 days 00:00:17.330000,0 days 00:00:32.782000,0 days 00:00:21.958000,0 days 00:53:56.278000,0 days 00:54:29.060000,0 days 00:54:51.018000,326.0,220.0,278.0,308.0,False,MEDIUM,18.0,True,Alfa Romeo Racing,0 days 00:53:38.925000,,1,15.0,,,False,True
0 days 00:56:02.706000,GIO,99,0 days 00:01:11.711000,19.0,1.0,,,0 days 00:00:17.301000,0 days 00:00:32.412000,0 days 00:00:21.998000,0 days 00:55:08.319000,0 days 00:55:40.731000,0 days 00:56:02.729000,320.0,219.0,277.0,322.0,False,MEDIUM,19.0,True,Alfa Romeo Racing,0 days 00:54:50.995000,,1,15.0,,,False,True
0 days 00:57:14.375000,GIO,99,0 days 00:01:11.669000,20.0,1.0,,,0 days 00:00:17.436000,0 days 00:00:32.309000,0 days 00:00:21.924000,0 days 00:56:20.165000,0 days 00:56:52.474000,0 days 00:57:14.398000,317.0,225.0,273.0,311.0,False,MEDIUM,20.0,True,Alfa Romeo Racing,0 days 00:56:02.706000,,1,15.0,,,False,True
0 days 00:58:26.019000,GIO,99,0 days 00:01:11.644000,21.0,1.0,,,0 days 00:00:17.743000,0 days 00:00:32.066000,0 days 00:00:21.835000,0 days 00:57:32.141000,0 days 00:58:04.207000,0 days 00:58:26.042000,296.0,221.0,272.0,293.0,False,MEDIUM,21.0,True,Alfa Romeo Racing,0 days 00:57:14.375000,,1,15.0,,,False,True
0 days 00:59:38.546000,GIO,99,0 days 00:01:12.527000,22.0,1.0,,,0 days 00:00:17.695000,0 days 00:00:33.009000,0 days 00:00:21.823000,0 days 00:58:43.737000,0 days 00:59:16.746000,0 days 00:59:38.569000,296.0,224.0,272.0,294.0,False,MEDIUM,22.0,True,Alfa Romeo Racing,0 days 00:58:26.019000,,1,16.0,,,False,True
0 days 01:00:53.599000,GIO,99,0 days 00:01:15.053000,23.0,1.0,,0 days 01:00:50.356000,0 days 00:00:17.737000,0 days 00:00:31.872000,0 days 00:00:25.444000,0 days 00:59:56.306000,0 days 01:00:28.178000,0 days 01:00:53.622000,301.0,231.0,,295.0,False,MEDIUM,23.0,True,Alfa Romeo Racing,0 days 00:59:38.546000,,1,16.0,,,False,False
0 days 01:02:21.460000,GIO,99,0 days 00:01:27.861000,24.0,2.0,0 days 01:01:11.555000,,0 days 00:00:34.658000,0 days 00:00:31.714000,0 days 00:00:21.489000,0 days 01:01:28.280000,0 days 01:01:59.994000,0 days 01:02:21.483000,294.0,226.0,271.0,284.0,False,HARD,1.0,True,Alfa Romeo Racing,0 days 01:00:53.599000,,1,17.0,,,False,False
0 days 01:03:32.632000,GIO,99,0 days 00:01:11.172000,25.0,2.0,,,0 days 00:00:17.654000,0 days 00:00:31.615000,0 days 00:00:21.903000,0 days 01:02:39.137000,0 days 01:03:10.752000,0 days 01:03:32.655000,293.0,223.0,279.0,292.0,True,HARD,2.0,True,Alfa Romeo Racing,0 days 01:02:21.460000,,1,17.0,,,False,True
0 days 01:04:43.083000,GIO,99,0 days 00:01:10.451000,26.0,2.0,,,0 days 00:00:17.665000,0 days 00:00:31.254000,0 days 00:00:21.532000,0 days 01:03:50.320000,0 days 01:04:21.574000,0 days 01:04:43.106000,304.0,229.0,270.0,293.0,True,HARD,3.0,True,Alfa Romeo Racing,0 days 01:03:32.632000,,1,15.0,,,False,True
0 days 01:05:53.457000,GIO,99,0 days 00:01:10.374000,27.0,2.0,,,0 days 00:00:17.606000,0 days 00:00:31.302000,0 days 00:00:21.466000,0 days 01:05:00.712000,0 days 01:05:32.014000,0 days 01:05:53.480000,296.0,229.0,269.0,293.0,True,HARD,4.0,True,Alfa Romeo Racing,0 days 01:04:43.083000,,1,15.0,,,False,True
0 days 01:07:03.979000,GIO,99,0 days 00:01:10.522000,28.0,2.0,,,0 days 00:00:17.673000,0 days 00:00:31.323000,0 days 00:00:21.526000,0 days 01:06:11.153000,0 days 01:06:42.476000,0 days 01:07:04.002000,296.0,227.0,270.0,294.0,False,HARD,5.0,True,Alfa Romeo Racing,0 days 01:05:53.457000,,1,15.0,,,False,True
0 days 01:08:14.274000,GIO,99,0 days 00:01:10.295000,29.0,2.0,,,0 days 00:00:17.606000,0 days 00:00:31.217000,0 days 00:00:21.472000,0 days 01:07:21.608000,0 days 01:07:52.825000,0 days 01:08:14.297000,298.0,231.0,272.0,299.0,True,HARD,6.0,True,Alfa Romeo Racing,0 days 01:07:03.979000,,1,15.0,,,False,True
0 days 01:09:24.470000,GIO,99,0 days 00:01:10.196000,30.0,2.0,,,0 days 00:00:17.547000,0 days 00:00:31.208000,0 days 00:00:21.441000,0 days 01:08:31.844000,0 days 01:09:03.052000,0 days 01:09:24.493000,298.0,231.0,272.0,298.0,True,HARD,7.0,True,Alfa Romeo Racing,0 days 01:08:14.274000,,1,15.0,,,False,True
0 days 01:10:34.776000,GIO,99,0 days 00:01:10.306000,31.0,2.0,,,0 days 00:00:17.596000,0 days 00:00:31.375000,0 days 00:00:21.335000,0 days 01:09:42.089000,0 days 01:10:13.464000,0 days 01:10:34.799000,297.0,232.0,272.0,296.0,False,HARD,8.0,True,Alfa Romeo Racing,0 days 01:09:24.470000,,1,15.0,,,False,True
0 days 01:11:44.995000,GIO,99,0 days 00:01:10.219000,32.0,2.0,,,0 days 00:00:17.562000,0 days 00:00:31.203000,0 days 00:00:21.454000,0 days 01:10:52.361000,0 days 01:11:23.564000,0 days 01:11:45.018000,297.0,232.0,273.0,297.0,False,HARD,9.0,True,Alfa Romeo Racing,0 days 01:10:34.776000,,1,15.0,,,False,True
0 days 01:12:55.128000,GIO,99,0 days 00:01:10.133000,33.0,2.0,,,0 days 00:00:17.564000,0 days 00:00:31.128000,0 days 00:00:21.441000,0 days 01:12:02.582000,0 days 01:12:33.710000,0 days 01:12:55.151000,297.0,231.0,274.0,296.0,True,HARD,10.0,True,Alfa Romeo Racing,0 days 01:11:44.995000,,1,15.0,,,False,True
0 days 01:14:05.208000,GIO,99,0 days 00:01:10.080000,34.0,2.0,,,0 days 00:00:17.506000,0 days 00:00:31.220000,0 days 00:00:21.354000,0 days 01:13:12.657000,0 days 01:13:43.877000,0 days 01:14:05.231000,297.0,233.0,273.0,297.0,True,HARD,11.0,True,Alfa Romeo Racing,0 days 01:12:55.128000,,1,15.0,,,False,True
0 days 01:15:15.458000,GIO,99,0 days 00:01:10.250000,35.0,2.0,,,0 days 00:00:17.456000,0 days 00:00:31.372000,0 days 00:00:21.422000,0 days 01:14:22.687000,0 days 01:14:54.059000,0 days 01:15:15.481000,297.0,231.0,273.0,297.0,False,HARD,12.0,True,Alfa Romeo Racing,0 days 01:14:05.208000,,1,15.0,,,False,True
0 days 01:16:27.007000,GIO,99,0 days 00:01:11.549000,36.0,2.0,,,0 days 00:00:18.028000,0 days 00:00:32.091000,0 days 00:00:21.430000,0 days 01:15:33.509000,0 days 01:16:05.600000,0 days 01:16:27.030000,286.0,229.0,273.0,311.0,False,HARD,13.0,True,Alfa Romeo Racing,0 days 01:15:15.458000,,1,15.0,,,False,True
0 days 01:17:37.047000,GIO,99,0 days 00:01:10.040000,37.0,2.0,,,0 days 00:00:17.439000,0 days 00:00:31.091000,0 days 00:00:21.510000,0 days 01:16:44.469000,0 days 01:17:15.560000,0 days 01:17:37.070000,300.0,231.0,273.0,303.0,True,HARD,14.0,True,Alfa Romeo Racing,0 days 01:16:27.007000,,1,13.0,,,False,True
0 days 01:18:48.674000,GIO,99,0 days 00:01:11.627000,38.0,2.0,,,0 days 00:00:17.992000,0 days 00:00:32.103000,0 days 00:00:21.532000,0 days 01:17:55.062000,0 days 01:18:27.165000,0 days 01:18:48.697000,292.0,228.0,281.0,306.0,False,HARD,15.0,True,Alfa Romeo Racing,0 days 01:17:37.047000,,1,12.0,,,False,True
0 days 01:19:58.397000,GIO,99,0 days 00:01:09.723000,39.0,2.0,,,0 days 00:00:17.138000,0 days 00:00:31.276000,0 days 00:00:21.309000,0 days 01:19:05.835000,0 days 01:19:37.111000,0 days 01:19:58.420000,317.0,233.0,271.0,299.0,True,HARD,16.0,True,Alfa Romeo Racing,0 days 01:18:48.674000,,1,12.0,,,False,True
0 days 01:21:08.305000,GIO,99,0 days 00:01:09.908000,40.0,2.0,,,0 days 00:00:17.558000,0 days 00:00:31.122000,0 days 00:00:21.228000,0 days 01:20:15.978000,0 days 01:20:47.100000,0 days 01:21:08.328000,295.0,232.0,272.0,296.0,False,HARD,17.0,True,Alfa Romeo Racing,0 days 01:19:58.397000,,1,12.0,,,False,True
0 days 01:22:18.171000,GIO,99,0 days 00:01:09.866000,41.0,2.0,,,0 days 00:00:17.489000,0 days 00:00:31.167000,0 days 00:00:21.210000,0 days 01:21:25.817000,0 days 01:21:56.984000,0 days 01:22:18.194000,295.0,230.0,273.0,297.0,False,HARD,18.0,True,Alfa Romeo Racing,0 days 01:21:08.305000,,1,12.0,,,False,True
0 days 01:23:27.998000,GIO,99,0 days 00:01:09.827000,42.0,2.0,,,0 days 00:00:17.502000,0 days 00:00:31.124000,0 days 00:00:21.201000,0 days 01:22:35.696000,0 days 01:23:06.820000,0 days 01:23:28.021000,296.0,231.0,273.0,298.0,False,HARD,19.0,True,Alfa Romeo Racing,0 days 01:22:18.171000,,1,11.0,,,False,True
0 days 01:24:37.920000,GIO,99,0 days 00:01:09.922000,43.0,2.0,,,0 days 00:00:17.489000,0 days 00:00:31.174000,0 days 00:00:21.259000,0 days 01:23:45.510000,0 days 01:24:16.684000,0 days 01:24:37.943000,297.0,230.0,272.0,296.0,False,HARD,20.0,True,Alfa Romeo Racing,0 days 01:23:27.998000,,1,11.0,,,False,True
0 days 01:25:47.896000,GIO,99,0 days 00:01:09.976000,44.0,2.0,,,0 days 00:00:17.558000,0 days 00:00:31.248000,0 days 00:00:21.170000,0 days 01:24:55.501000,0 days 01:25:26.749000,0 days 01:25:47.919000,297.0,231.0,272.0,297.0,False,HARD,21.0,True,Alfa Romeo Racing,0 days 01:24:37.920000,,1,11.0,,,False,True
0 days 01:26:59.156000,GIO,99,0 days 00:01:11.260000,45.0,2.0,,,0 days 00:00:17.505000,0 days 00:00:32.353000,0 days 00:00:21.402000,0 days 01:26:05.424000,0 days 01:26:37.777000,0 days 01:26:59.179000,299.0,227.0,273.0,310.0,False,HARD,22.0,True,Alfa Romeo Racing,0 days 01:25:47.896000,,1,12.0,,,False,True
0 days 01:28:09.186000,GIO,99,0 days 00:01:10.030000,46.0,2.0,,,0 days 00:00:17.515000,0 days 00:00:31.335000,0 days 00:00:21.180000,0 days 01:27:16.694000,0 days 01:27:48.029000,0 days 01:28:09.209000,299.0,230.0,274.0,301.0,False,HARD,23.0,True,Alfa Romeo Racing,0 days 01:26:59.156000,,1,12.0,,,False,True
0 days 01:29:19.357000,GIO,99,0 days 00:01:10.171000,47.0,2.0,,,0 days 00:00:17.531000,0 days 00:00:31.399000,0 days 00:00:21.241000,0 days 01:28:26.740000,0 days 01:28:58.139000,0 days 01:29:19.380000,295.0,229.0,272.0,298.0,False,HARD,24.0,True,Alfa Romeo Racing,0 days 01:28:09.186000,,1,12.0,,,False,True
0 days 01:30:29.409000,GIO,99,0 days 00:01:10.052000,48.0,2.0,,,0 days 00:00:17.596000,0 days 00:00:31.245000,0 days 00:00:21.211000,0 days 01:29:36.976000,0 days 01:30:08.221000,0 days 01:30:29.432000,294.0,228.0,274.0,298.0,False,HARD,25.0,True,Alfa Romeo Racing,0 days 01:29:19.357000,,1,12.0,,,False,True
0 days 01:31:39.453000,GIO,99,0 days 00:01:10.044000,49.0,2.0,,,0 days 00:00:17.481000,0 days 00:00:31.273000,0 days 00:00:21.290000,0 days 01:30:46.913000,0 days 01:31:18.186000,0 days 01:31:39.476000,296.0,230.0,272.0,295.0,False,HARD,26.0,True,Alfa Romeo Racing,0 days 01:30:29.409000,,1,12.0,,,False,True
0 days 01:32:49.739000,GIO,99,0 days 00:01:10.286000,50.0,2.0,,,0 days 00:00:17.525000,0 days 00:00:31.505000,0 days 00:00:21.256000,0 days 01:31:57.001000,0 days 01:32:28.506000,0 days 01:32:49.762000,295.0,230.0,274.0,293.0,False,HARD,27.0,True,Alfa Romeo Racing,0 days 01:31:39.453000,,1,12.0,,,False,True
0 days 01:33:59.808000,GIO,99,0 days 00:01:10.069000,51.0,2.0,,,0 days 00:00:17.478000,0 days 00:00:31.459000,0 days 00:00:21.132000,0 days 01:33:07.240000,0 days 01:33:38.699000,0 days 01:33:59.831000,299.0,232.0,275.0,294.0,False,HARD,28.0,True,Alfa Romeo Racing,0 days 01:32:49.739000,,1,12.0,,,False,True
0 days 01:35:09.685000,GIO,99,0 days 00:01:09.877000,52.0,2.0,,,0 days 00:00:17.438000,0 days 00:00:31.288000,0 days 00:00:21.151000,0 days 01:34:17.269000,0 days 01:34:48.557000,0 days 01:35:09.708000,299.0,231.0,274.0,295.0,False,HARD,29.0,True,Alfa Romeo Racing,0 days 01:33:59.808000,,1,12.0,,,False,True
0 days 01:36:19.722000,GIO,99,0 days 00:01:10.037000,53.0,2.0,,,0 days 00:00:17.422000,0 days 00:00:31.226000,0 days 00:00:21.389000,0 days 01:35:27.130000,0 days 01:35:58.356000,0 days 01:36:19.745000,300.0,234.0,271.0,297.0,False,HARD,30.0,True,Alfa Romeo Racing,0 days 01:35:09.685000,,1,12.0,,,False,True
0 days 01:37:30.044000,GIO,99,0 days 00:01:10.322000,54.0,2.0,,,0 days 00:00:17.609000,0 days 00:00:31.301000,0 days 00:00:21.412000,0 days 01:36:37.354000,0 days 01:37:08.655000,0 days 01:37:30.067000,299.0,234.0,273.0,297.0,False,HARD,31.0,True,Alfa Romeo Racing,0 days 01:36:19.722000,,1,12.0,,,False,True
0 days 01:38:40.762000,GIO,99,0 days 00:01:10.718000,55.0,2.0,,,0 days 00:00:17.413000,0 days 00:00:31.399000,0 days 00:00:21.906000,0 days 01:37:47.480000,0 days 01:38:18.879000,0 days 01:38:40.785000,303.0,233.0,281.0,299.0,False,HARD,32.0,True,Alfa Romeo Racing,0 days 01:37:30.044000,,1,12.0,,,False,True
0 days 01:39:50.965000,GIO,99,0 days 00:01:10.203000,56.0,2.0,,,0 days 00:00:17.461000,0 days 00:00:31.347000,0 days 00:00:21.395000,0 days 01:38:58.246000,0 days 01:39:29.593000,0 days 01:39:50.988000,318.0,234.0,274.0,297.0,False,HARD,33.0,True,Alfa Romeo Racing,0 days 01:38:40.762000,,1,12.0,,,False,True
0 days 01:41:02.141000,GIO,99,0 days 00:01:11.176000,57.0,2.0,,,0 days 00:00:17.375000,0 days 00:00:32.162000,0 days 00:00:21.639000,0 days 01:40:08.363000,0 days 01:40:40.525000,0 days 01:41:02.164000,303.0,227.0,276.0,297.0,False,HARD,34.0,True,Alfa Romeo Racing,0 days 01:39:50.965000,,1,13.0,,,False,True
0 days 01:42:13.593000,GIO,99,0 days 00:01:11.452000,58.0,2.0,,,0 days 00:00:17.453000,0 days 00:00:32.253000,0 days 00:00:21.746000,0 days 01:41:19.617000,0 days 01:41:51.870000,0 days 01:42:13.616000,303.0,225.0,274.0,300.0,False,HARD,35.0,True,Alfa Romeo Racing,0 days 01:41:02.141000,,1,14.0,,,False,True
0 days 01:43:25.362000,GIO,99,0 days 00:01:11.769000,59.0,2.0,,,0 days 00:00:17.708000,0 days 00:00:32.534000,0 days 00:00:21.527000,0 days 01:42:31.324000,0 days 01:43:03.858000,0 days 01:43:25.385000,297.0,225.0,274.0,307.0,False,HARD,36.0,True,Alfa Romeo Racing,0 days 01:42:13.593000,,1,14.0,,,False,True
0 days 01:44:35.998000,GIO,99,0 days 00:01:10.636000,60.0,2.0,,,0 days 00:00:17.674000,0 days 00:00:31.573000,0 days 00:00:21.389000,0 days 01:43:43.059000,0 days 01:44:14.632000,0 days 01:44:36.021000,294.0,231.0,273.0,293.0,False,HARD,37.0,True,Alfa Romeo Racing,0 days 01:43:25.362000,,1,14.0,,,False,True
0 days 01:45:46.303000,GIO,99,0 days 00:01:10.305000,61.0,2.0,,,0 days 00:00:17.615000,0 days 00:00:31.489000,0 days 00:00:21.201000,0 days 01:44:53.636000,0 days 01:45:25.125000,0 days 01:45:46.326000,295.0,231.0,275.0,293.0,False,HARD,38.0,True,Alfa Romeo Racing,0 days 01:44:35.998000,,1,14.0,,,False,True
0 days 01:46:58.071000,GIO,99,0 days 00:01:11.768000,62.0,2.0,,,0 days 00:00:17.592000,0 days 00:00:32.182000,0 days 00:00:21.994000,0 days 01:46:03.918000,0 days 01:46:36.100000,0 days 01:46:58.094000,295.0,227.0,282.0,286.0,False,HARD,39.0,True,Alfa Romeo Racing,0 days 01:45:46.303000,,1,15.0,,,False,True
0 days 01:48:08.579000,GIO,99,0 days 00:01:10.508000,63.0,2.0,,,0 days 00:00:17.265000,0 days 00:00:31.765000,0 days 00:00:21.478000,0 days 01:47:15.359000,0 days 01:47:47.124000,0 days 01:48:08.602000,310.0,227.0,276.0,307.0,False,HARD,40.0,True,Alfa Romeo Racing,0 days 01:46:58.071000,,1,15.0,,,False,True
0 days 01:49:20.702000,GIO,99,0 days 00:01:12.123000,64.0,2.0,,,0 days 00:00:17.596000,0 days 00:00:31.639000,0 days 00:00:22.888000,0 days 01:48:26.198000,0 days 01:48:57.837000,0 days 01:49:20.725000,291.0,226.0,282.0,291.0,False,HARD,41.0,True,Alfa Romeo Racing,0 days 01:48:08.579000,,1,15.0,,,False,True
0 days 01:50:30.958000,GIO,99,0 days 00:01:10.256000,65.0,2.0,,,0 days 00:00:17.488000,0 days 00:00:31.483000,0 days 00:00:21.285000,0 days 01:49:38.213000,0 days 01:50:09.696000,0 days 01:50:30.981000,311.0,232.0,275.0,310.0,False,HARD,42.0,True,Alfa Romeo Racing,0 days 01:49:20.702000,,1,15.0,,,False,True
0 days 01:51:41.573000,GIO,99,0 days 00:01:10.615000,66.0,2.0,,,0 days 00:00:17.563000,0 days 00:00:31.704000,0 days 00:00:21.348000,0 days 01:50:48.544000,0 days 01:51:20.248000,0 days 01:51:41.596000,295.0,231.0,275.0,294.0,False,HARD,43.0,True,Alfa Romeo Racing,0 days 01:50:30.958000,,1,15.0,,,False,True
0 days 01:52:52.087000,GIO,99,0 days 00:01:10.514000,67.0,2.0,,,0 days 00:00:17.657000,0 days 00:00:31.472000,0 days 00:00:21.385000,0 days 01:51:59.253000,0 days 01:52:30.725000,0 days 01:52:52.110000,294.0,231.0,273.0,293.0,False,HARD,44.0,True,Alfa Romeo Racing,0 days 01:51:41.573000,,1,15.0,,,False,True
0 days 01:54:02.716000,GIO,99,0 days 00:01:10.629000,68.0,2.0,,,0 days 00:00:17.673000,0 days 00:00:31.565000,0 days 00:00:21.391000,0 days 01:53:09.783000,0 days 01:53:41.348000,0 days 01:54:02.739000,294.0,231.0,274.0,293.0,False,HARD,45.0,True,Alfa Romeo Racing,0 days 01:52:52.087000,,1,15.0,,,False,True
0 days 01:55:13.143000,GIO,99,0 days 00:01:10.427000,69.0,2.0,,,0 days 00:00:17.636000,0 days 00:00:31.483000,0 days 00:00:21.308000,0 days 01:54:20.375000,0 days 01:54:51.858000,0 days 01:55:13.166000,296.0,232.0,274.0,294.0,False,HARD,46.0,True,Alfa Romeo Racing,0 days 01:54:02.716000,,1,15.0,,,False,True
0 days 01:56:23.779000,GIO,99,0 days 00:01:10.636000,70.0,2.0,,,0 days 00:00:17.628000,0 days 00:00:31.498000,0 days 00:00:21.510000,0 days 01:55:30.794000,0 days 01:56:02.292000,0 days 01:56:23.802000,295.0,231.0,273.0,295.0,False,HARD,47.0,True,Alfa Romeo Racing,0 days 01:55:13.143000,,1,15.0,,,False,True
0 days 00:34:27.434000,MSC,47,0 days 00:01:21.602000,1.0,1.0,,,,0 days 00:00:35.092000,0 days 00:00:22.926000,,0 days 00:34:04.597000,0 days 00:34:27.625000,274.0,216.0,269.0,303.0,False,MEDIUM,1.0,True,Haas F1 Team,0 days 00:33:05.677000,,12,17.0,,,False,False
0 days 00:35:41.692000,MSC,47,0 days 00:01:14.258000,2.0,1.0,,,0 days 00:00:17.977000,0 days 00:00:33.381000,0 days 00:00:22.900000,0 days 00:34:45.476000,0 days 00:35:18.857000,0 days 00:35:41.757000,306.0,214.0,270.0,307.0,True,MEDIUM,2.0,True,Haas F1 Team,0 days 00:34:27.434000,,1,16.0,,,False,True
0 days 00:36:55.790000,MSC,47,0 days 00:01:14.098000,3.0,1.0,,,0 days 00:00:17.986000,0 days 00:00:33.325000,0 days 00:00:22.787000,0 days 00:35:59.743000,0 days 00:36:33.068000,0 days 00:36:55.855000,303.0,212.0,278.0,309.0,True,MEDIUM,3.0,True,Haas F1 Team,0 days 00:35:41.692000,,1,17.0,,,False,True
0 days 00:38:08.063000,MSC,47,0 days 00:01:12.273000,4.0,1.0,,,0 days 00:00:17.701000,0 days 00:00:32.180000,0 days 00:00:22.392000,0 days 00:37:13.556000,0 days 00:37:45.736000,0 days 00:38:08.128000,311.0,222.0,280.0,300.0,True,MEDIUM,4.0,True,Haas F1 Team,0 days 00:36:55.790000,,1,16.0,,,False,True
0 days 00:39:20.246000,MSC,47,0 days 00:01:12.183000,5.0,1.0,,,0 days 00:00:17.416000,0 days 00:00:32.376000,0 days 00:00:22.391000,0 days 00:38:25.544000,0 days 00:38:57.920000,0 days 00:39:20.311000,310.0,216.0,277.0,308.0,True,MEDIUM,5.0,True,Haas F1 Team,0 days 00:38:08.063000,,1,17.0,,,False,True
0 days 00:40:32.525000,MSC,47,0 days 00:01:12.279000,6.0,1.0,,,0 days 00:00:17.569000,0 days 00:00:32.516000,0 days 00:00:22.194000,0 days 00:39:37.880000,0 days 00:40:10.396000,0 days 00:40:32.590000,302.0,222.0,276.0,301.0,False,MEDIUM,6.0,True,Haas F1 Team,0 days 00:39:20.246000,,1,17.0,,,False,True
0 days 00:41:44.778000,MSC,47,0 days 00:01:12.253000,7.0,1.0,,,0 days 00:00:17.532000,0 days 00:00:32.456000,0 days 00:00:22.265000,0 days 00:40:50.122000,0 days 00:41:22.578000,0 days 00:41:44.843000,303.0,220.0,276.0,303.0,False,MEDIUM,7.0,True,Haas F1 Team,0 days 00:40:32.525000,,1,17.0,,,False,True
0 days 00:42:57.271000,MSC,47,0 days 00:01:12.493000,8.0,1.0,,,0 days 00:00:17.532000,0 days 00:00:32.713000,0 days 00:00:22.248000,,0 days 00:42:35.088000,0 days 00:42:57.336000,299.0,219.0,275.0,304.0,False,MEDIUM,8.0,True,Haas F1 Team,0 days 00:41:44.778000,,1,17.0,,,False,True
0 days 00:44:09.761000,MSC,47,0 days 00:01:12.490000,9.0,1.0,,,0 days 00:00:17.611000,0 days 00:00:32.532000,0 days 00:00:22.347000,0 days 00:43:14.947000,0 days 00:43:47.479000,0 days 00:44:09.826000,299.0,220.0,269.0,296.0,False,MEDIUM,9.0,True,Haas F1 Team,0 days 00:42:57.271000,,1,17.0,,,False,True
0 days 00:45:22.388000,MSC,47,0 days 00:01:12.627000,10.0,1.0,,,0 days 00:00:18.072000,0 days 00:00:32.293000,0 days 00:00:22.262000,0 days 00:44:27.898000,0 days 00:45:00.191000,0 days 00:45:22.453000,291.0,220.0,269.0,293.0,False,MEDIUM,10.0,True,Haas F1 Team,0 days 00:44:09.761000,,1,17.0,,,False,True
0 days 00:46:34.954000,MSC,47,0 days 00:01:12.566000,11.0,1.0,,,0 days 00:00:17.923000,0 days 00:00:32.367000,0 days 00:00:22.276000,0 days 00:45:40.376000,0 days 00:46:12.743000,0 days 00:46:35.019000,288.0,222.0,268.0,295.0,False,MEDIUM,11.0,True,Haas F1 Team,0 days 00:45:22.388000,,1,17.0,,,False,True
0 days 00:47:47.472000,MSC,47,0 days 00:01:12.518000,12.0,1.0,,,0 days 00:00:17.923000,0 days 00:00:32.512000,0 days 00:00:22.083000,,0 days 00:47:25.454000,0 days 00:47:47.537000,291.0,221.0,270.0,295.0,False,MEDIUM,12.0,True,Haas F1 Team,0 days 00:46:34.954000,,1,17.0,,,False,True
0 days 00:49:00.682000,MSC,47,0 days 00:01:13.210000,13.0,1.0,,,0 days 00:00:17.807000,0 days 00:00:33.049000,0 days 00:00:22.354000,0 days 00:48:05.344000,0 days 00:48:38.393000,0 days 00:49:00.747000,297.0,217.0,270.0,299.0,False,MEDIUM,13.0,True,Haas F1 Team,0 days 00:47:47.472000,,1,18.0,,,False,True
0 days 00:50:13.206000,MSC,47,0 days 00:01:12.524000,14.0,1.0,,,0 days 00:00:17.906000,0 days 00:00:32.458000,0 days 00:00:22.160000,0 days 00:49:18.653000,0 days 00:49:51.111000,0 days 00:50:13.271000,292.0,220.0,269.0,299.0,False,MEDIUM,14.0,True,Haas F1 Team,0 days 00:49:00.682000,,1,18.0,,,False,True
0 days 00:51:25.618000,MSC,47,0 days 00:01:12.412000,15.0,1.0,,,0 days 00:00:17.895000,0 days 00:00:32.282000,0 days 00:00:22.235000,0 days 00:50:31.166000,0 days 00:51:03.448000,0 days 00:51:25.683000,299.0,220.0,270.0,299.0,False,MEDIUM,15.0,True,Haas F1 Team,0 days 00:50:13.206000,,1,18.0,,,False,True
0 days 00:52:38.049000,MSC,47,0 days 00:01:12.431000,16.0,1.0,,,0 days 00:00:17.919000,0 days 00:00:32.307000,0 days 00:00:22.205000,0 days 00:51:43.602000,0 days 00:52:15.909000,0 days 00:52:38.114000,296.0,222.0,270.0,309.0,False,MEDIUM,16.0,True,Haas F1 Team,0 days 00:51:25.618000,,1,18.0,,,False,True
0 days 00:53:50.562000,MSC,47,0 days 00:01:12.513000,17.0,1.0,,,0 days 00:00:17.937000,0 days 00:00:32.521000,0 days 00:00:22.055000,0 days 00:52:56.051000,0 days 00:53:28.572000,0 days 00:53:50.627000,296.0,222.0,272.0,296.0,False,MEDIUM,17.0,True,Haas F1 Team,0 days 00:52:38.049000,,1,18.0,,,False,True
0 days 00:55:02.834000,MSC,47,0 days 00:01:12.272000,18.0,1.0,,,0 days 00:00:17.854000,0 days 00:00:32.288000,0 days 00:00:22.130000,0 days 00:54:08.481000,0 days 00:54:40.769000,0 days 00:55:02.899000,298.0,223.0,277.0,298.0,False,MEDIUM,18.0,True,Haas F1 Team,0 days 00:53:50.562000,,1,18.0,,,False,True
0 days 00:56:16.063000,MSC,47,0 days 00:01:13.229000,19.0,1.0,,,0 days 00:00:17.512000,0 days 00:00:33.277000,0 days 00:00:22.440000,0 days 00:55:20.411000,0 days 00:55:53.688000,0 days 00:56:16.128000,317.0,218.0,277.0,313.0,False,MEDIUM,19.0,True,Haas F1 Team,0 days 00:55:02.834000,,1,18.0,,,False,True
0 days 00:57:28.429000,MSC,47,0 days 00:01:12.366000,20.0,1.0,,,0 days 00:00:17.450000,0 days 00:00:32.853000,0 days 00:00:22.063000,0 days 00:56:33.578000,0 days 00:57:06.431000,0 days 00:57:28.494000,314.0,220.0,277.0,315.0,False,MEDIUM,20.0,True,Haas F1 Team,0 days 00:56:16.063000,,1,18.0,,,False,True
0 days 00:58:41.123000,MSC,47,0 days 00:01:12.694000,21.0,1.0,,,0 days 00:00:17.454000,0 days 00:00:32.913000,0 days 00:00:22.327000,0 days 00:57:45.948000,0 days 00:58:18.861000,0 days 00:58:41.188000,310.0,221.0,276.0,310.0,False,MEDIUM,21.0,True,Haas F1 Team,0 days 00:57:28.429000,,1,17.0,,,False,True
0 days 00:59:52.578000,MSC,47,0 days 00:01:11.455000,22.0,1.0,,,0 days 00:00:17.714000,0 days 00:00:31.793000,0 days 00:00:21.948000,0 days 00:58:58.902000,0 days 00:59:30.695000,0 days 00:59:52.643000,295.0,226.0,268.0,293.0,True,MEDIUM,22.0,True,Haas F1 Team,0 days 00:58:41.123000,,1,17.0,,,False,True
0 days 01:01:06.236000,MSC,47,0 days 00:01:13.658000,23.0,1.0,,,0 days 00:00:18.164000,0 days 00:00:33.372000,0 days 00:00:22.122000,0 days 01:00:10.807000,0 days 01:00:44.179000,0 days 01:01:06.301000,247.0,224.0,270.0,304.0,False,MEDIUM,23.0,True,Haas F1 Team,0 days 00:59:52.578000,,1,17.0,,,False,True
0 days 01:02:18.097000,MSC,47,0 days 00:01:11.861000,24.0,1.0,,,0 days 00:00:17.797000,0 days 00:00:32.086000,0 days 00:00:21.978000,0 days 01:01:24.098000,0 days 01:01:56.184000,0 days 01:02:18.162000,296.0,224.0,270.0,293.0,False,MEDIUM,24.0,True,Haas F1 Team,0 days 01:01:06.236000,,1,16.0,,,False,True
0 days 01:03:32.275000,MSC,47,0 days 00:01:14.178000,25.0,1.0,,,0 days 00:00:19.613000,0 days 00:00:32.461000,0 days 00:00:22.104000,0 days 01:02:37.775000,0 days 01:03:10.236000,0 days 01:03:32.340000,298.0,221.0,269.0,295.0,False,MEDIUM,25.0,True,Haas F1 Team,0 days 01:02:18.097000,,1,16.0,,,False,True
0 days 01:04:45.105000,MSC,47,0 days 00:01:12.830000,26.0,1.0,,,0 days 00:00:18.025000,0 days 00:00:32.703000,0 days 00:00:22.102000,0 days 01:03:50.365000,0 days 01:04:23.068000,0 days 01:04:45.170000,292.0,223.0,270.0,310.0,False,MEDIUM,26.0,True,Haas F1 Team,0 days 01:03:32.275000,,1,16.0,,,False,True
0 days 01:05:56.924000,MSC,47,0 days 00:01:11.819000,27.0,1.0,,,0 days 00:00:17.769000,0 days 00:00:32.070000,0 days 00:00:21.980000,0 days 01:05:02.939000,0 days 01:05:35.009000,0 days 01:05:56.989000,298.0,220.0,268.0,294.0,False,MEDIUM,27.0,True,Haas F1 Team,0 days 01:04:45.105000,,1,16.0,,,False,True
0 days 01:07:08.597000,MSC,47,0 days 00:01:11.673000,28.0,1.0,,,0 days 00:00:17.768000,0 days 00:00:32.036000,0 days 00:00:21.869000,0 days 01:06:14.757000,0 days 01:06:46.793000,0 days 01:07:08.662000,296.0,223.0,270.0,295.0,False,MEDIUM,28.0,True,Haas F1 Team,0 days 01:05:56.924000,,1,16.0,,,False,True
0 days 01:08:20.428000,MSC,47,0 days 00:01:11.831000,29.0,1.0,,,0 days 00:00:17.873000,0 days 00:00:32.006000,0 days 00:00:21.952000,0 days 01:07:26.535000,0 days 01:07:58.541000,0 days 01:08:20.493000,297.0,218.0,269.0,297.0,False,MEDIUM,29.0,True,Haas F1 Team,0 days 01:07:08.597000,,1,16.0,,,False,True
0 days 01:09:33.183000,MSC,47,0 days 00:01:12.755000,30.0,1.0,,,0 days 00:00:17.855000,0 days 00:00:31.990000,0 days 00:00:22.910000,0 days 01:08:38.348000,0 days 01:09:10.338000,0 days 01:09:33.248000,296.0,221.0,277.0,296.0,False,MEDIUM,30.0,True,Haas F1 Team,0 days 01:08:20.428000,,1,16.0,,,False,True
0 days 01:10:45.009000,MSC,47,0 days 00:01:11.826000,31.0,1.0,,,0 days 00:00:17.530000,0 days 00:00:32.320000,0 days 00:00:21.976000,0 days 01:09:50.778000,0 days 01:10:23.098000,0 days 01:10:45.074000,312.0,223.0,269.0,298.0,False,MEDIUM,31.0,True,Haas F1 Team,0 days 01:09:33.183000,,1,16.0,,,False,True
0 days 01:11:57.712000,MSC,47,0 days 00:01:12.703000,32.0,1.0,,,0 days 00:00:17.990000,0 days 00:00:32.653000,0 days 00:00:22.060000,0 days 01:11:03.064000,0 days 01:11:35.717000,0 days 01:11:57.777000,279.0,222.0,271.0,309.0,False,MEDIUM,32.0,True,Haas F1 Team,0 days 01:10:45.009000,,1,16.0,,,False,True
0 days 01:13:12.595000,MSC,47,0 days 00:01:14.883000,33.0,1.0,,0 days 01:13:09.318000,0 days 00:00:17.793000,0 days 00:00:31.955000,0 days 00:00:25.135000,0 days 01:12:15.570000,0 days 01:12:47.525000,0 days 01:13:12.660000,297.0,225.0,,295.0,False,MEDIUM,33.0,True,Haas F1 Team,0 days 01:11:57.712000,,1,16.0,,,False,False
0 days 01:14:42.230000,MSC,47,0 days 00:01:29.635000,34.0,2.0,0 days 01:13:31.736000,,0 days 00:00:35.963000,0 days 00:00:31.977000,0 days 00:00:21.695000,0 days 01:13:48.623000,0 days 01:14:20.600000,0 days 01:14:42.295000,294.0,226.0,272.0,294.0,False,HARD,1.0,True,Haas F1 Team,0 days 01:13:12.595000,,1,17.0,,,False,False
0 days 01:15:52.601000,MSC,47,0 days 00:01:10.371000,35.0,2.0,,,0 days 00:00:17.628000,0 days 00:00:31.365000,0 days 00:00:21.378000,0 days 01:14:59.923000,0 days 01:15:31.288000,0 days 01:15:52.666000,293.0,226.0,273.0,293.0,True,HARD,2.0,True,Haas F1 Team,0 days 01:14:42.230000,,1,17.0,,,False,True
0 days 01:17:02.995000,MSC,47,0 days 00:01:10.394000,36.0,2.0,,,0 days 00:00:17.539000,0 days 00:00:31.382000,0 days 00:00:21.473000,0 days 01:16:10.205000,0 days 01:16:41.587000,0 days 01:17:03.060000,297.0,228.0,273.0,297.0,False,HARD,3.0,True,Haas F1 Team,0 days 01:15:52.601000,,1,17.0,,,False,True
0 days 01:18:13.548000,MSC,47,0 days 00:01:10.553000,37.0,2.0,,,0 days 00:00:17.589000,0 days 00:00:31.377000,0 days 00:00:21.587000,0 days 01:17:20.649000,0 days 01:17:52.026000,0 days 01:18:13.613000,297.0,229.0,272.0,297.0,False,HARD,4.0,True,Haas F1 Team,0 days 01:17:02.995000,,1,17.0,,,False,True
0 days 01:19:24.545000,MSC,47,0 days 00:01:10.997000,38.0,2.0,,,0 days 00:00:17.582000,0 days 00:00:31.643000,0 days 00:00:21.772000,0 days 01:18:31.195000,0 days 01:19:02.838000,0 days 01:19:24.610000,299.0,226.0,272.0,299.0,False,HARD,5.0,True,Haas F1 Team,0 days 01:18:13.548000,,1,17.0,,,False,True
0 days 01:20:35.215000,MSC,47,0 days 00:01:10.670000,39.0,2.0,,,0 days 00:00:17.599000,0 days 00:00:31.676000,0 days 00:00:21.395000,0 days 01:19:42.209000,0 days 01:20:13.885000,0 days 01:20:35.280000,296.0,229.0,273.0,298.0,False,HARD,6.0,True,Haas F1 Team,0 days 01:19:24.545000,,1,17.0,,,False,True
0 days 01:21:45.974000,MSC,47,0 days 00:01:10.759000,40.0,2.0,,,0 days 00:00:17.555000,0 days 00:00:31.650000,0 days 00:00:21.554000,0 days 01:20:52.835000,0 days 01:21:24.485000,0 days 01:21:46.039000,297.0,225.0,280.0,309.0,False,HARD,7.0,True,Haas F1 Team,0 days 01:20:35.215000,,1,17.0,,,False,True
0 days 01:22:56.902000,MSC,47,0 days 00:01:10.928000,41.0,2.0,,,0 days 00:00:17.172000,0 days 00:00:32.313000,0 days 00:00:21.443000,0 days 01:22:03.211000,0 days 01:22:35.524000,0 days 01:22:56.967000,318.0,225.0,270.0,309.0,False,HARD,8.0,True,Haas F1 Team,0 days 01:21:45.974000,,1,16.0,,,False,True
0 days 01:24:07.706000,MSC,47,0 days 00:01:10.804000,42.0,2.0,,,0 days 00:00:17.759000,0 days 00:00:31.514000,0 days 00:00:21.531000,0 days 01:23:14.726000,0 days 01:23:46.240000,0 days 01:24:07.771000,292.0,225.0,272.0,294.0,False,HARD,9.0,True,Haas F1 Team,0 days 01:22:56.902000,,1,16.0,,,False,True
0 days 01:25:18.551000,MSC,47,0 days 00:01:10.845000,43.0,2.0,,,0 days 00:00:17.708000,0 days 00:00:31.564000,0 days 00:00:21.573000,0 days 01:24:25.479000,0 days 01:24:57.043000,0 days 01:25:18.616000,295.0,230.0,271.0,294.0,False,HARD,10.0,True,Haas F1 Team,0 days 01:24:07.706000,,1,16.0,,,False,True
0 days 01:26:29.358000,MSC,47,0 days 00:01:10.807000,44.0,2.0,,,0 days 00:00:17.712000,0 days 00:00:31.590000,0 days 00:00:21.505000,0 days 01:25:36.328000,0 days 01:26:07.918000,0 days 01:26:29.423000,295.0,229.0,271.0,295.0,False,HARD,11.0,True,Haas F1 Team,0 days 01:25:18.551000,,1,16.0,,,False,True
0 days 01:27:40.398000,MSC,47,0 days 00:01:11.040000,45.0,2.0,,,0 days 00:00:17.716000,0 days 00:00:31.679000,0 days 00:00:21.645000,0 days 01:26:47.139000,0 days 01:27:18.818000,0 days 01:27:40.463000,294.0,229.0,270.0,296.0,False,HARD,12.0,True,Haas F1 Team,0 days 01:26:29.358000,,1,16.0,,,False,True
0 days 01:28:51.615000,MSC,47,0 days 00:01:11.217000,46.0,2.0,,,0 days 00:00:17.670000,0 days 00:00:31.859000,0 days 00:00:21.688000,0 days 01:27:58.133000,0 days 01:28:29.992000,0 days 01:28:51.680000,292.0,227.0,271.0,295.0,False,HARD,13.0,True,Haas F1 Team,0 days 01:27:40.398000,,1,16.0,,,False,True
0 days 01:30:02.750000,MSC,47,0 days 00:01:11.135000,47.0,2.0,,,0 days 00:00:17.723000,0 days 00:00:31.839000,0 days 00:00:21.573000,0 days 01:29:09.403000,0 days 01:29:41.242000,0 days 01:30:02.815000,293.0,227.0,272.0,296.0,False,HARD,14.0,True,Haas F1 Team,0 days 01:28:51.615000,,1,16.0,,,False,True
0 days 01:31:15.966000,MSC,47,0 days 00:01:13.216000,48.0,2.0,,,0 days 00:00:17.710000,0 days 00:00:33.572000,0 days 00:00:21.934000,0 days 01:30:20.525000,0 days 01:30:54.097000,0 days 01:31:16.031000,293.0,223.0,272.0,270.0,False,HARD,15.0,True,Haas F1 Team,0 days 01:30:02.750000,,1,16.0,,,False,True
0 days 01:32:28.539000,MSC,47,0 days 00:01:12.573000,49.0,2.0,,,0 days 00:00:17.836000,0 days 00:00:33.035000,0 days 00:00:21.702000,0 days 01:31:33.867000,0 days 01:32:06.902000,0 days 01:32:28.604000,237.0,224.0,273.0,309.0,False,HARD,16.0,True,Haas F1 Team,0 days 01:31:15.966000,,1,16.0,,,False,True
0 days 01:33:39.597000,MSC,47,0 days 00:01:11.058000,50.0,2.0,,,0 days 00:00:17.597000,0 days 00:00:31.827000,0 days 00:00:21.634000,0 days 01:32:46.201000,0 days 01:33:18.028000,0 days 01:33:39.662000,297.0,223.0,272.0,295.0,False,HARD,17.0,True,Haas F1 Team,0 days 01:32:28.539000,,1,16.0,,,False,True
0 days 01:34:52.520000,MSC,47,0 days 00:01:12.923000,51.0,2.0,,,0 days 00:00:17.660000,0 days 00:00:31.882000,0 days 00:00:23.381000,0 days 01:33:57.322000,0 days 01:34:29.204000,0 days 01:34:52.585000,296.0,224.0,279.0,295.0,False,HARD,18.0,True,Haas F1 Team,0 days 01:33:39.597000,,1,16.0,,,False,True
0 days 01:36:05.247000,MSC,47,0 days 00:01:12.727000,52.0,2.0,,,0 days 00:00:17.581000,0 days 00:00:33.402000,0 days 00:00:21.744000,0 days 01:35:10.166000,0 days 01:35:43.568000,0 days 01:36:05.312000,230.0,225.0,273.0,310.0,False,HARD,19.0,True,Haas F1 Team,0 days 01:34:52.520000,,1,16.0,,,False,True
0 days 01:37:15.938000,MSC,47,0 days 00:01:10.691000,53.0,2.0,,,0 days 00:00:17.582000,0 days 00:00:31.578000,0 days 00:00:21.531000,0 days 01:36:22.894000,0 days 01:36:54.472000,0 days 01:37:16.003000,299.0,228.0,272.0,297.0,False,HARD,20.0,True,Haas F1 Team,0 days 01:36:05.247000,,1,16.0,,,False,True
0 days 01:38:26.107000,MSC,47,0 days 00:01:10.169000,54.0,2.0,,,0 days 00:00:17.519000,0 days 00:00:31.318000,0 days 00:00:21.332000,0 days 01:37:33.522000,0 days 01:38:04.840000,0 days 01:38:26.172000,298.0,229.0,273.0,296.0,True,HARD,21.0,True,Haas F1 Team,0 days 01:37:15.938000,,1,16.0,,,False,True
0 days 01:39:36.252000,MSC,47,0 days 00:01:10.145000,55.0,2.0,,,0 days 00:00:17.571000,0 days 00:00:31.342000,0 days 00:00:21.232000,0 days 01:38:43.743000,0 days 01:39:15.085000,0 days 01:39:36.317000,297.0,228.0,273.0,296.0,True,HARD,22.0,True,Haas F1 Team,0 days 01:38:26.107000,,1,16.0,,,False,True
0 days 01:40:46.427000,MSC,47,0 days 00:01:10.175000,56.0,2.0,,,0 days 00:00:17.490000,0 days 00:00:31.458000,0 days 00:00:21.227000,0 days 01:39:53.807000,0 days 01:40:25.265000,0 days 01:40:46.492000,298.0,230.0,275.0,295.0,False,HARD,23.0,True,Haas F1 Team,0 days 01:39:36.252000,,1,16.0,,,False,True
0 days 01:41:56.432000,MSC,47,0 days 00:01:10.005000,57.0,2.0,,,0 days 00:00:17.512000,0 days 00:00:31.267000,0 days 00:00:21.226000,0 days 01:41:04.004000,0 days 01:41:35.271000,0 days 01:41:56.497000,298.0,229.0,274.0,295.0,True,HARD,24.0,True,Haas F1 Team,0 days 01:40:46.427000,,1,16.0,,,False,True
0 days 01:43:06.643000,MSC,47,0 days 00:01:10.211000,58.0,2.0,,,0 days 00:00:17.580000,0 days 00:00:31.474000,0 days 00:00:21.157000,0 days 01:42:14.077000,0 days 01:42:45.551000,0 days 01:43:06.708000,298.0,228.0,273.0,294.0,False,HARD,25.0,True,Haas F1 Team,0 days 01:41:56.432000,,1,16.0,,,False,True
0 days 01:44:16.899000,MSC,47,0 days 00:01:10.256000,59.0,2.0,,,0 days 00:00:17.674000,0 days 00:00:31.376000,0 days 00:00:21.206000,0 days 01:43:24.382000,0 days 01:43:55.758000,0 days 01:44:16.964000,295.0,229.0,274.0,294.0,False,HARD,26.0,True,Haas F1 Team,0 days 01:43:06.643000,,1,16.0,,,False,True
0 days 01:45:27.384000,MSC,47,0 days 00:01:10.485000,60.0,2.0,,,0 days 00:00:17.668000,0 days 00:00:31.438000,0 days 00:00:21.379000,0 days 01:44:34.632000,0 days 01:45:06.070000,0 days 01:45:27.449000,295.0,231.0,273.0,293.0,False,HARD,27.0,True,Haas F1 Team,0 days 01:44:16.899000,,1,16.0,,,False,True
0 days 01:46:39.463000,MSC,47,0 days 00:01:12.079000,61.0,2.0,,,0 days 00:00:17.654000,0 days 00:00:31.480000,0 days 00:00:22.945000,0 days 01:45:45.103000,0 days 01:46:16.583000,0 days 01:46:39.528000,294.0,229.0,281.0,293.0,False,HARD,28.0,True,Haas F1 Team,0 days 01:45:27.384000,,1,16.0,,,False,True
0 days 01:47:49.541000,MSC,47,0 days 00:01:10.078000,62.0,2.0,,,0 days 00:00:17.269000,0 days 00:00:31.579000,0 days 00:00:21.230000,0 days 01:46:56.797000,0 days 01:47:28.376000,0 days 01:47:49.606000,313.0,227.0,274.0,310.0,False,HARD,29.0,True,Haas F1 Team,0 days 01:46:39.463000,,1,16.0,,,False,True
0 days 01:49:00.082000,MSC,47,0 days 00:01:10.541000,63.0,2.0,,,0 days 00:00:17.639000,0 days 00:00:31.471000,0 days 00:00:21.431000,0 days 01:48:07.245000,0 days 01:48:38.716000,0 days 01:49:00.147000,295.0,228.0,275.0,294.0,False,HARD,30.0,True,Haas F1 Team,0 days 01:47:49.541000,,1,16.0,,,False,True
0 days 01:50:10.631000,MSC,47,0 days 00:01:10.549000,64.0,2.0,,,0 days 00:00:17.611000,0 days 00:00:31.680000,0 days 00:00:21.258000,0 days 01:49:17.758000,0 days 01:49:49.438000,0 days 01:50:10.696000,294.0,229.0,275.0,293.0,False,HARD,31.0,True,Haas F1 Team,0 days 01:49:00.082000,,1,16.0,,,False,True
0 days 01:51:21.260000,MSC,47,0 days 00:01:10.629000,65.0,2.0,,,0 days 00:00:17.658000,0 days 00:00:31.671000,0 days 00:00:21.300000,0 days 01:50:28.354000,0 days 01:51:00.025000,0 days 01:51:21.325000,294.0,228.0,274.0,293.0,False,HARD,32.0,True,Haas F1 Team,0 days 01:50:10.631000,,1,16.0,,,False,True
0 days 01:52:31.435000,MSC,47,0 days 00:01:10.175000,66.0,2.0,,,0 days 00:00:17.637000,0 days 00:00:31.342000,0 days 00:00:21.196000,0 days 01:51:38.962000,0 days 01:52:10.304000,0 days 01:52:31.500000,295.0,232.0,274.0,293.0,False,HARD,33.0,True,Haas F1 Team,0 days 01:51:21.260000,,1,16.0,,,False,True
0 days 01:53:41.619000,MSC,47,0 days 00:01:10.184000,67.0,2.0,,,0 days 00:00:17.599000,0 days 00:00:31.351000,0 days 00:00:21.234000,0 days 01:52:49.099000,0 days 01:53:20.450000,0 days 01:53:41.684000,295.0,232.0,273.0,294.0,False,HARD,34.0,True,Haas F1 Team,0 days 01:52:31.435000,,1,16.0,,,False,True
0 days 01:54:54.493000,MSC,47,0 days 00:01:12.874000,68.0,2.0,,,0 days 00:00:17.667000,0 days 00:00:31.481000,0 days 00:00:23.726000,0 days 01:53:59.351000,0 days 01:54:30.832000,0 days 01:54:54.558000,295.0,230.0,280.0,294.0,False,HARD,35.0,True,Haas F1 Team,0 days 01:53:41.619000,,1,16.0,,,False,True
0 days 01:56:07.693000,MSC,47,0 days 00:01:13.200000,69.0,2.0,,,0 days 00:00:17.433000,0 days 00:00:33.920000,0 days 00:00:21.847000,0 days 01:55:11.991000,0 days 01:55:45.911000,0 days 01:56:07.758000,297.0,226.0,285.0,320.0,False,HARD,36.0,True,Haas F1 Team,0 days 01:54:54.493000,,1,16.0,,,False,True
0 days 00:35:01.624000,LAT,6,0 days 00:01:55.792000,1.0,1.0,,0 days 00:34:58.406000,,0 days 00:00:44.977000,0 days 00:00:47.582000,,0 days 00:34:14.081000,0 days 00:35:01.889000,285.0,112.0,,190.0,False,MEDIUM,1.0,True,Williams,0 days 00:33:05.677000,,12,19.0,,,False,False
0 days 00:36:35.095000,LAT,6,0 days 00:01:33.471000,2.0,2.0,0 days 00:35:24.781000,,0 days 00:00:40.087000,0 days 00:00:31.767000,0 days 00:00:21.617000,0 days 00:35:41.711000,0 days 00:36:13.478000,0 days 00:36:35.095000,294.0,234.0,270.0,298.0,False,SOFT,1.0,True,Williams,0 days 00:35:01.624000,,1,19.0,,,False,False
0 days 00:37:45.684000,LAT,6,0 days 00:01:10.589000,3.0,2.0,,,0 days 00:00:17.722000,0 days 00:00:31.349000,0 days 00:00:21.518000,0 days 00:36:52.817000,0 days 00:37:24.166000,0 days 00:37:45.684000,284.0,227.0,270.0,288.0,True,SOFT,2.0,True,Williams,0 days 00:36:35.095000,,1,19.0,,,False,True
0 days 00:38:56.473000,LAT,6,0 days 00:01:10.789000,4.0,2.0,,,0 days 00:00:17.840000,0 days 00:00:31.486000,0 days 00:00:21.463000,0 days 00:38:03.524000,0 days 00:38:35.010000,0 days 00:38:56.473000,287.0,228.0,264.0,292.0,False,SOFT,3.0,True,Williams,0 days 00:37:45.684000,,1,18.0,,,False,True
0 days 00:40:11.510000,LAT,6,0 days 00:01:15.037000,5.0,2.0,,,0 days 00:00:18,0 days 00:00:33.561000,0 days 00:00:23.476000,0 days 00:39:14.473000,0 days 00:39:48.034000,0 days 00:40:11.510000,276.0,221.0,277.0,302.0,False,SOFT,4.0,True,Williams,0 days 00:38:56.473000,,1,19.0,,,False,True
0 days 00:41:23.191000,LAT,6,0 days 00:01:11.681000,6.0,2.0,,,0 days 00:00:17.594000,0 days 00:00:32.309000,0 days 00:00:21.778000,0 days 00:40:29.104000,0 days 00:41:01.413000,0 days 00:41:23.191000,302.0,223.0,271.0,290.0,False,SOFT,5.0,True,Williams,0 days 00:40:11.510000,,1,19.0,,,False,True
0 days 00:42:34.985000,LAT,6,0 days 00:01:11.794000,7.0,2.0,,,0 days 00:00:17.834000,0 days 00:00:32.168000,0 days 00:00:21.792000,0 days 00:41:41.025000,0 days 00:42:13.193000,0 days 00:42:34.985000,287.0,221.0,272.0,289.0,False,SOFT,6.0,True,Williams,0 days 00:41:23.191000,,1,19.0,,,False,True
0 days 00:43:46.787000,LAT,6,0 days 00:01:11.802000,8.0,2.0,,,0 days 00:00:17.886000,0 days 00:00:32.131000,0 days 00:00:21.785000,0 days 00:42:52.871000,0 days 00:43:25.002000,0 days 00:43:46.787000,288.0,222.0,273.0,288.0,False,SOFT,7.0,True,Williams,0 days 00:42:34.985000,,1,19.0,,,False,True
0 days 00:44:58.270000,LAT,6,0 days 00:01:11.483000,9.0,2.0,,,0 days 00:00:17.898000,0 days 00:00:31.946000,0 days 00:00:21.639000,0 days 00:44:04.685000,0 days 00:44:36.631000,0 days 00:44:58.270000,288.0,224.0,272.0,290.0,False,SOFT,8.0,True,Williams,0 days 00:43:46.787000,,1,19.0,,,False,True
0 days 00:46:12.012000,LAT,6,0 days 00:01:13.742000,10.0,2.0,,,0 days 00:00:17.886000,0 days 00:00:33.658000,0 days 00:00:22.198000,0 days 00:45:16.156000,0 days 00:45:49.814000,0 days 00:46:12.012000,290.0,225.0,264.0,289.0,False,SOFT,9.0,True,Williams,0 days 00:44:58.270000,,1,19.0,,,False,True
0 days 00:47:27.179000,LAT,6,0 days 00:01:15.167000,11.0,2.0,,,0 days 00:00:18.908000,0 days 00:00:34.182000,0 days 00:00:22.077000,0 days 00:46:30.920000,0 days 00:47:05.102000,0 days 00:47:27.179000,262.0,220.0,275.0,286.0,False,SOFT,10.0,True,Williams,0 days 00:46:12.012000,,1,19.0,,,False,True
0 days 00:48:39.125000,LAT,6,0 days 00:01:11.946000,12.0,2.0,,,0 days 00:00:17.877000,0 days 00:00:32.325000,0 days 00:00:21.744000,0 days 00:47:45.056000,0 days 00:48:17.381000,0 days 00:48:39.125000,289.0,223.0,275.0,292.0,False,SOFT,11.0,True,Williams,0 days 00:47:27.179000,,1,19.0,,,False,True
0 days 00:49:51.066000,LAT,6,0 days 00:01:11.941000,13.0,2.0,,,0 days 00:00:17.840000,0 days 00:00:32.213000,0 days 00:00:21.888000,0 days 00:48:56.965000,0 days 00:49:29.178000,0 days 00:49:51.066000,289.0,222.0,273.0,293.0,False,SOFT,12.0,True,Williams,0 days 00:48:39.125000,,1,19.0,,,False,True
0 days 00:51:02.930000,LAT,6,0 days 00:01:11.864000,14.0,2.0,,,0 days 00:00:17.974000,0 days 00:00:32.115000,0 days 00:00:21.775000,0 days 00:50:09.040000,0 days 00:50:41.155000,0 days 00:51:02.930000,290.0,224.0,274.0,294.0,False,SOFT,13.0,True,Williams,0 days 00:49:51.066000,,1,19.0,,,False,True
0 days 00:52:14.495000,LAT,6,0 days 00:01:11.565000,15.0,2.0,,,0 days 00:00:17.849000,0 days 00:00:32.138000,0 days 00:00:21.578000,0 days 00:51:20.779000,0 days 00:51:52.917000,0 days 00:52:14.495000,291.0,227.0,274.0,292.0,False,SOFT,14.0,True,Williams,0 days 00:51:02.930000,,1,19.0,,,False,True
0 days 00:53:25.994000,LAT,6,0 days 00:01:11.499000,16.0,2.0,,,0 days 00:00:17.843000,0 days 00:00:32.139000,0 days 00:00:21.517000,0 days 00:52:32.338000,0 days 00:53:04.477000,0 days 00:53:25.994000,288.0,226.0,276.0,292.0,False,SOFT,15.0,True,Williams,0 days 00:52:14.495000,,1,19.0,,,False,True
0 days 00:54:37.684000,LAT,6,0 days 00:01:11.690000,17.0,2.0,,,0 days 00:00:17.880000,0 days 00:00:32.209000,0 days 00:00:21.601000,0 days 00:53:43.874000,0 days 00:54:16.083000,0 days 00:54:37.684000,289.0,226.0,275.0,293.0,False,SOFT,16.0,True,Williams,0 days 00:53:25.994000,,1,19.0,,,False,True
0 days 00:55:49.389000,LAT,6,0 days 00:01:11.705000,18.0,2.0,,,0 days 00:00:17.885000,0 days 00:00:32.052000,0 days 00:00:21.768000,0 days 00:54:55.569000,0 days 00:55:27.621000,0 days 00:55:49.389000,289.0,227.0,272.0,293.0,False,SOFT,17.0,True,Williams,0 days 00:54:37.684000,,1,19.0,,,False,True
0 days 00:57:00.914000,LAT,6,0 days 00:01:11.525000,19.0,2.0,,,0 days 00:00:17.957000,0 days 00:00:31.995000,0 days 00:00:21.573000,0 days 00:56:07.346000,0 days 00:56:39.341000,0 days 00:57:00.914000,285.0,225.0,274.0,289.0,False,SOFT,18.0,True,Williams,0 days 00:55:49.389000,,1,19.0,,,False,True
0 days 00:58:12.218000,LAT,6,0 days 00:01:11.304000,20.0,2.0,,,0 days 00:00:17.824000,0 days 00:00:31.851000,0 days 00:00:21.629000,0 days 00:57:18.738000,0 days 00:57:50.589000,0 days 00:58:12.218000,287.0,224.0,273.0,290.0,False,SOFT,19.0,True,Williams,0 days 00:57:00.914000,,1,19.0,,,False,True
0 days 00:59:23.581000,LAT,6,0 days 00:01:11.363000,21.0,2.0,,,0 days 00:00:17.933000,0 days 00:00:31.913000,0 days 00:00:21.517000,0 days 00:58:30.151000,0 days 00:59:02.064000,0 days 00:59:23.581000,287.0,224.0,274.0,289.0,False,SOFT,20.0,True,Williams,0 days 00:58:12.218000,,1,19.0,,,False,True
0 days 01:00:35.197000,LAT,6,0 days 00:01:11.616000,22.0,2.0,,,0 days 00:00:17.885000,0 days 00:00:32.130000,0 days 00:00:21.601000,0 days 00:59:41.466000,0 days 01:00:13.596000,0 days 01:00:35.197000,288.0,228.0,274.0,291.0,False,SOFT,21.0,True,Williams,0 days 00:59:23.581000,,1,19.0,,,False,True
0 days 01:01:47.005000,LAT,6,0 days 00:01:11.808000,23.0,2.0,,,0 days 00:00:17.935000,0 days 00:00:32.215000,0 days 00:00:21.658000,0 days 01:00:53.132000,0 days 01:01:25.347000,0 days 01:01:47.005000,285.0,223.0,273.0,288.0,False,SOFT,22.0,True,Williams,0 days 01:00:35.197000,,1,19.0,,,False,True
0 days 01:02:58.778000,LAT,6,0 days 00:01:11.773000,24.0,2.0,,,0 days 00:00:17.903000,0 days 00:00:32.099000,0 days 00:00:21.771000,0 days 01:02:04.908000,0 days 01:02:37.007000,0 days 01:02:58.778000,285.0,223.0,271.0,287.0,False,SOFT,23.0,True,Williams,0 days 01:01:47.005000,,1,19.0,,,False,True
0 days 01:04:13.929000,LAT,6,0 days 00:01:15.151000,25.0,2.0,,0 days 01:04:10.676000,0 days 00:00:17.976000,0 days 00:00:32.224000,0 days 00:00:24.951000,0 days 01:03:16.754000,0 days 01:03:48.978000,0 days 01:04:13.929000,285.0,224.0,,289.0,False,SOFT,24.0,True,Williams,0 days 01:02:58.778000,,1,19.0,,,False,False
0 days 01:05:42.321000,LAT,6,0 days 00:01:28.392000,26.0,3.0,0 days 01:04:32.661000,,0 days 00:00:35.296000,0 days 00:00:31.713000,0 days 00:00:21.383000,0 days 01:04:49.225000,0 days 01:05:20.938000,0 days 01:05:42.321000,298.0,233.0,274.0,287.0,False,HARD,1.0,True,Williams,0 days 01:04:13.929000,,1,19.0,,,False,False
0 days 01:06:56.883000,LAT,6,0 days 00:01:14.562000,27.0,3.0,,,0 days 00:00:17.673000,0 days 00:00:33.375000,0 days 00:00:23.514000,0 days 01:05:59.994000,0 days 01:06:33.369000,0 days 01:06:56.883000,285.0,226.0,276.0,288.0,False,HARD,2.0,True,Williams,0 days 01:05:42.321000,,1,19.0,,,False,True
0 days 01:08:11.870000,LAT,6,0 days 00:01:14.987000,28.0,3.0,,,0 days 00:00:18.779000,0 days 00:00:34.419000,0 days 00:00:21.789000,0 days 01:07:15.662000,0 days 01:07:50.081000,0 days 01:08:11.870000,291.0,217.0,276.0,301.0,False,HARD,3.0,True,Williams,0 days 01:06:56.883000,,1,19.0,,,False,True
0 days 01:09:22.404000,LAT,6,0 days 00:01:10.534000,29.0,3.0,,,0 days 00:00:17.788000,0 days 00:00:31.425000,0 days 00:00:21.321000,0 days 01:08:29.658000,0 days 01:09:01.083000,0 days 01:09:22.404000,289.0,227.0,275.0,292.0,True,HARD,4.0,True,Williams,0 days 01:08:11.870000,,1,19.0,,,False,True
0 days 01:10:32.637000,LAT,6,0 days 00:01:10.233000,30.0,3.0,,,0 days 00:00:17.490000,0 days 00:00:31.473000,0 days 00:00:21.270000,0 days 01:09:39.894000,0 days 01:10:11.367000,0 days 01:10:32.637000,293.0,230.0,275.0,292.0,True,HARD,5.0,True,Williams,0 days 01:09:22.404000,,1,19.0,,,False,True
0 days 01:11:43.063000,LAT,6,0 days 00:01:10.426000,31.0,3.0,,,0 days 00:00:17.593000,0 days 00:00:31.501000,0 days 00:00:21.332000,0 days 01:10:50.230000,0 days 01:11:21.731000,0 days 01:11:43.063000,293.0,228.0,276.0,294.0,False,HARD,6.0,True,Williams,0 days 01:10:32.637000,,1,19.0,,,False,True
0 days 01:12:53.208000,LAT,6,0 days 00:01:10.145000,32.0,3.0,,,0 days 00:00:17.548000,0 days 00:00:31.250000,0 days 00:00:21.347000,0 days 01:12:00.611000,0 days 01:12:31.861000,0 days 01:12:53.208000,293.0,229.0,277.0,294.0,True,HARD,7.0,True,Williams,0 days 01:11:43.063000,,1,19.0,,,False,True
0 days 01:14:03.405000,LAT,6,0 days 00:01:10.197000,33.0,3.0,,,0 days 00:00:17.505000,0 days 00:00:31.407000,0 days 00:00:21.285000,0 days 01:13:10.713000,0 days 01:13:42.120000,0 days 01:14:03.405000,292.0,231.0,278.0,295.0,False,HARD,8.0,True,Williams,0 days 01:12:53.208000,,1,19.0,,,False,True
0 days 01:15:13.509000,LAT,6,0 days 00:01:10.104000,34.0,3.0,,,0 days 00:00:17.579000,0 days 00:00:31.274000,0 days 00:00:21.251000,0 days 01:14:20.984000,0 days 01:14:52.258000,0 days 01:15:13.509000,292.0,231.0,278.0,293.0,True,HARD,9.0,True,Williams,0 days 01:14:03.405000,,1,19.0,,,False,True
0 days 01:16:23.833000,LAT,6,0 days 00:01:10.324000,35.0,3.0,,,0 days 00:00:17.543000,0 days 00:00:31.449000,0 days 00:00:21.332000,0 days 01:15:31.052000,0 days 01:16:02.501000,0 days 01:16:23.833000,294.0,230.0,277.0,293.0,False,HARD,10.0,True,Williams,0 days 01:15:13.509000,,1,19.0,,,False,True
0 days 01:17:35.653000,LAT,6,0 days 00:01:11.820000,36.0,3.0,,,0 days 00:00:17.547000,0 days 00:00:32.905000,0 days 00:00:21.368000,0 days 01:16:41.380000,0 days 01:17:14.285000,0 days 01:17:35.653000,292.0,229.0,277.0,241.0,False,HARD,11.0,True,Williams,0 days 01:16:23.833000,,1,19.0,,,False,True
0 days 01:18:47.846000,LAT,6,0 days 00:01:12.193000,37.0,3.0,,,0 days 00:00:17.561000,0 days 00:00:31.626000,0 days 00:00:23.006000,0 days 01:17:53.214000,0 days 01:18:24.840000,0 days 01:18:47.846000,292.0,227.0,281.0,292.0,False,HARD,12.0,True,Williams,0 days 01:17:35.653000,,1,18.0,,,False,True
0 days 01:19:59.632000,LAT,6,0 days 00:01:11.786000,38.0,3.0,,,0 days 00:00:17.598000,0 days 00:00:32.727000,0 days 00:00:21.461000,0 days 01:19:05.444000,0 days 01:19:38.171000,0 days 01:19:59.632000,246.0,227.0,277.0,303.0,False,HARD,13.0,True,Williams,0 days 01:18:47.846000,,1,18.0,,,False,True
0 days 01:21:14.545000,LAT,6,0 days 00:01:14.913000,39.0,3.0,,,0 days 00:00:17.721000,0 days 00:00:34.049000,0 days 00:00:23.143000,0 days 01:20:17.353000,0 days 01:20:51.402000,0 days 01:21:14.545000,289.0,225.0,283.0,294.0,False,HARD,14.0,True,Williams,0 days 01:19:59.632000,,1,18.0,,,False,True
0 days 01:22:25.008000,LAT,6,0 days 00:01:10.463000,40.0,3.0,,,0 days 00:00:17.306000,0 days 00:00:31.746000,0 days 00:00:21.411000,0 days 01:21:31.851000,0 days 01:22:03.597000,0 days 01:22:25.008000,302.0,221.0,278.0,301.0,False,HARD,15.0,True,Williams,0 days 01:21:14.545000,,1,18.0,,,False,True
0 days 01:23:37.265000,LAT,6,0 days 00:01:12.257000,41.0,3.0,,,0 days 00:00:17.450000,0 days 00:00:32.918000,0 days 00:00:21.889000,0 days 01:22:42.458000,0 days 01:23:15.376000,0 days 01:23:37.265000,286.0,227.0,281.0,274.0,False,HARD,16.0,True,Williams,0 days 01:22:25.008000,,1,18.0,,,False,True
0 days 01:24:47.877000,LAT,6,0 days 00:01:10.612000,42.0,3.0,,,0 days 00:00:17.318000,0 days 00:00:31.862000,0 days 00:00:21.432000,0 days 01:23:54.583000,0 days 01:24:26.445000,0 days 01:24:47.877000,305.0,232.0,277.0,311.0,False,HARD,17.0,True,Williams,0 days 01:23:37.265000,,1,18.0,,,False,True
0 days 01:25:58.498000,LAT,6,0 days 00:01:10.621000,43.0,3.0,,,0 days 00:00:17.678000,0 days 00:00:31.607000,0 days 00:00:21.336000,0 days 01:25:05.555000,0 days 01:25:37.162000,0 days 01:25:58.498000,294.0,224.0,277.0,296.0,False,HARD,18.0,True,Williams,0 days 01:24:47.877000,,1,18.0,,,False,True
0 days 01:27:08.925000,LAT,6,0 days 00:01:10.427000,44.0,3.0,,,0 days 00:00:17.576000,0 days 00:00:31.517000,0 days 00:00:21.334000,0 days 01:26:16.074000,0 days 01:26:47.591000,0 days 01:27:08.925000,294.0,227.0,277.0,299.0,False,HARD,19.0,True,Williams,0 days 01:25:58.498000,,1,18.0,,,False,True
0 days 01:28:20.878000,LAT,6,0 days 00:01:11.953000,45.0,3.0,,,0 days 00:00:17.434000,0 days 00:00:31.589000,0 days 00:00:22.930000,0 days 01:27:26.359000,0 days 01:27:57.948000,0 days 01:28:20.878000,292.0,227.0,258.0,298.0,False,HARD,20.0,True,Williams,0 days 01:27:08.925000,,1,18.0,,,False,True
0 days 01:29:32.540000,LAT,6,0 days 00:01:11.662000,46.0,3.0,,,0 days 00:00:18.077000,0 days 00:00:32.298000,0 days 00:00:21.287000,0 days 01:28:38.955000,0 days 01:29:11.253000,0 days 01:29:32.540000,300.0,227.0,279.0,306.0,False,HARD,21.0,True,Williams,0 days 01:28:20.878000,,1,18.0,,,False,True
0 days 01:30:43.096000,LAT,6,0 days 00:01:10.556000,47.0,3.0,,,0 days 00:00:17.549000,0 days 00:00:31.783000,0 days 00:00:21.224000,0 days 01:29:50.089000,0 days 01:30:21.872000,0 days 01:30:43.096000,290.0,227.0,278.0,297.0,False,HARD,22.0,True,Williams,0 days 01:29:32.540000,,1,18.0,,,False,True
0 days 01:31:53.379000,LAT,6,0 days 00:01:10.283000,48.0,3.0,,,0 days 00:00:17.530000,0 days 00:00:31.539000,0 days 00:00:21.214000,0 days 01:31:00.626000,0 days 01:31:32.165000,0 days 01:31:53.379000,289.0,228.0,277.0,297.0,False,HARD,23.0,True,Williams,0 days 01:30:43.096000,,1,18.0,,,False,True
0 days 01:33:03.805000,LAT,6,0 days 00:01:10.426000,49.0,3.0,,,0 days 00:00:17.501000,0 days 00:00:31.726000,0 days 00:00:21.199000,0 days 01:32:10.880000,0 days 01:32:42.606000,0 days 01:33:03.805000,291.0,228.0,277.0,292.0,False,HARD,24.0,True,Williams,0 days 01:31:53.379000,,1,18.0,,,False,True
0 days 01:34:14.598000,LAT,6,0 days 00:01:10.793000,50.0,3.0,,,0 days 00:00:17.567000,0 days 00:00:31.919000,0 days 00:00:21.307000,0 days 01:33:21.372000,0 days 01:33:53.291000,0 days 01:34:14.598000,291.0,222.0,276.0,289.0,False,HARD,25.0,True,Williams,0 days 01:33:03.805000,,1,18.0,,,False,True
0 days 01:35:25.098000,LAT,6,0 days 00:01:10.500000,51.0,3.0,,,0 days 00:00:17.525000,0 days 00:00:31.691000,0 days 00:00:21.284000,0 days 01:34:32.123000,0 days 01:35:03.814000,0 days 01:35:25.098000,293.0,228.0,276.0,293.0,False,HARD,26.0,True,Williams,0 days 01:34:14.598000,,1,18.0,,,False,True
0 days 01:36:35.379000,LAT,6,0 days 00:01:10.281000,52.0,3.0,,,0 days 00:00:17.483000,0 days 00:00:31.579000,0 days 00:00:21.219000,0 days 01:35:42.581000,0 days 01:36:14.160000,0 days 01:36:35.379000,293.0,233.0,276.0,294.0,False,HARD,27.0,True,Williams,0 days 01:35:25.098000,,1,18.0,,,False,True
0 days 01:37:45.856000,LAT,6,0 days 00:01:10.477000,53.0,3.0,,,0 days 00:00:17.534000,0 days 00:00:31.716000,0 days 00:00:21.227000,0 days 01:36:52.913000,0 days 01:37:24.629000,0 days 01:37:45.856000,291.0,230.0,277.0,293.0,False,HARD,28.0,True,Williams,0 days 01:36:35.379000,,1,18.0,,,False,True
0 days 01:38:56.139000,LAT,6,0 days 00:01:10.283000,54.0,3.0,,,0 days 00:00:17.502000,0 days 00:00:31.602000,0 days 00:00:21.179000,0 days 01:38:03.358000,0 days 01:38:34.960000,0 days 01:38:56.139000,292.0,231.0,277.0,294.0,False,HARD,29.0,True,Williams,0 days 01:37:45.856000,,1,18.0,,,False,True
0 days 01:40:06.405000,LAT,6,0 days 00:01:10.266000,55.0,3.0,,,0 days 00:00:17.399000,0 days 00:00:31.578000,0 days 00:00:21.289000,0 days 01:39:13.538000,0 days 01:39:45.116000,0 days 01:40:06.405000,293.0,231.0,279.0,295.0,False,HARD,30.0,True,Williams,0 days 01:38:56.139000,,1,18.0,,,False,True
0 days 01:41:16.631000,LAT,6,0 days 00:01:10.226000,56.0,3.0,,,0 days 00:00:17.368000,0 days 00:00:31.615000,0 days 00:00:21.243000,0 days 01:40:23.773000,0 days 01:40:55.388000,0 days 01:41:16.631000,295.0,230.0,279.0,294.0,False,HARD,31.0,True,Williams,0 days 01:40:06.405000,,1,18.0,,,False,True
0 days 01:42:27.274000,LAT,6,0 days 00:01:10.643000,57.0,3.0,,,0 days 00:00:17.434000,0 days 00:00:31.686000,0 days 00:00:21.523000,0 days 01:41:34.065000,0 days 01:42:05.751000,0 days 01:42:27.274000,296.0,232.0,237.0,293.0,False,HARD,32.0,True,Williams,0 days 01:41:16.631000,,1,18.0,,,False,True
0 days 01:43:38.379000,LAT,6,0 days 00:01:11.105000,58.0,3.0,,,0 days 00:00:17.982000,0 days 00:00:31.783000,0 days 00:00:21.340000,0 days 01:42:45.256000,0 days 01:43:17.039000,0 days 01:43:38.379000,307.0,232.0,279.0,308.0,False,HARD,33.0,True,Williams,0 days 01:42:27.274000,,1,18.0,,,False,True
0 days 01:44:49.346000,LAT,6,0 days 00:01:10.967000,59.0,3.0,,,0 days 00:00:17.601000,0 days 00:00:32.051000,0 days 00:00:21.315000,0 days 01:43:55.980000,0 days 01:44:28.031000,0 days 01:44:49.346000,290.0,231.0,277.0,292.0,False,HARD,34.0,True,Williams,0 days 01:43:38.379000,,1,18.0,,,False,True
0 days 01:45:59.913000,LAT,6,0 days 00:01:10.567000,60.0,3.0,,,0 days 00:00:17.626000,0 days 00:00:31.662000,0 days 00:00:21.279000,0 days 01:45:06.972000,0 days 01:45:38.634000,0 days 01:45:59.913000,291.0,230.0,280.0,294.0,False,HARD,35.0,True,Williams,0 days 01:44:49.346000,,1,18.0,,,False,True
0 days 01:47:10.951000,LAT,6,0 days 00:01:11.038000,61.0,3.0,,,0 days 00:00:17.602000,0 days 00:00:31.990000,0 days 00:00:21.446000,0 days 01:46:17.515000,0 days 01:46:49.505000,0 days 01:47:10.951000,289.0,230.0,280.0,293.0,False,HARD,36.0,True,Williams,0 days 01:45:59.913000,,1,18.0,,,False,True
0 days 01:48:22.214000,LAT,6,0 days 00:01:11.263000,62.0,3.0,,,0 days 00:00:17.365000,0 days 00:00:32.350000,0 days 00:00:21.548000,0 days 01:47:28.316000,0 days 01:48:00.666000,0 days 01:48:22.214000,302.0,228.0,287.0,307.0,False,HARD,37.0,True,Williams,0 days 01:47:10.951000,,1,18.0,,,False,True
0 days 01:49:33.361000,LAT,6,0 days 00:01:11.147000,63.0,3.0,,,0 days 00:00:17.667000,0 days 00:00:32.184000,0 days 00:00:21.296000,0 days 01:48:39.881000,0 days 01:49:12.065000,0 days 01:49:33.361000,289.0,231.0,278.0,302.0,False,HARD,38.0,True,Williams,0 days 01:48:22.214000,,1,17.0,,,False,True
0 days 01:50:44.009000,LAT,6,0 days 00:01:10.648000,64.0,3.0,,,0 days 00:00:17.632000,0 days 00:00:31.839000,0 days 00:00:21.177000,0 days 01:49:50.993000,0 days 01:50:22.832000,0 days 01:50:44.009000,282.0,230.0,277.0,288.0,False,HARD,39.0,True,Williams,0 days 01:49:33.361000,,1,17.0,,,False,True
0 days 01:51:55.578000,LAT,6,0 days 00:01:11.569000,65.0,3.0,,,0 days 00:00:17.568000,0 days 00:00:32.203000,0 days 00:00:21.798000,0 days 01:51:01.577000,0 days 01:51:33.780000,0 days 01:51:55.578000,286.0,232.0,250.0,292.0,False,HARD,40.0,True,Williams,0 days 01:50:44.009000,,1,17.0,,,False,True
0 days 01:53:07.065000,LAT,6,0 days 00:01:11.487000,66.0,3.0,,,0 days 00:00:17.851000,0 days 00:00:32.217000,0 days 00:00:21.419000,0 days 01:52:13.429000,0 days 01:52:45.646000,0 days 01:53:07.065000,299.0,234.0,279.0,311.0,False,HARD,41.0,True,Williams,0 days 01:51:55.578000,,1,17.0,,,False,True
0 days 01:54:17.428000,LAT,6,0 days 00:01:10.363000,67.0,3.0,,,0 days 00:00:17.530000,0 days 00:00:31.653000,0 days 00:00:21.180000,0 days 01:53:24.595000,0 days 01:53:56.248000,0 days 01:54:17.428000,296.0,234.0,280.0,298.0,False,HARD,42.0,True,Williams,0 days 01:53:07.065000,,1,17.0,,,False,True
0 days 01:55:28.262000,LAT,6,0 days 00:01:10.834000,68.0,3.0,,,0 days 00:00:17.520000,0 days 00:00:32.091000,0 days 00:00:21.223000,0 days 01:54:34.948000,0 days 01:55:07.039000,0 days 01:55:28.262000,288.0,230.0,280.0,301.0,False,HARD,43.0,True,Williams,0 days 01:54:17.428000,,1,17.0,,,False,True
0 days 00:34:27.047000,MAZ,9,0 days 00:01:21.215000,1.0,1.0,,,,0 days 00:00:34.503000,0 days 00:00:22.987000,,0 days 00:34:04.166000,0 days 00:34:27.249000,312.0,213.0,270.0,298.0,False,MEDIUM,1.0,True,Haas F1 Team,0 days 00:33:05.677000,,12,16.0,,,False,False
0 days 00:35:41.116000,MAZ,9,0 days 00:01:14.069000,2.0,1.0,,,0 days 00:00:18.040000,0 days 00:00:33.218000,0 days 00:00:22.811000,0 days 00:34:45.122000,0 days 00:35:18.340000,0 days 00:35:41.151000,304.0,220.0,269.0,302.0,True,MEDIUM,2.0,True,Haas F1 Team,0 days 00:34:27.047000,,1,15.0,,,False,True
0 days 00:36:54.589000,MAZ,9,0 days 00:01:13.473000,3.0,1.0,,,0 days 00:00:18.256000,0 days 00:00:32.660000,0 days 00:00:22.557000,0 days 00:35:59.407000,0 days 00:36:32.067000,0 days 00:36:54.624000,298.0,217.0,271.0,316.0,True,MEDIUM,3.0,True,Haas F1 Team,0 days 00:35:41.116000,,1,15.0,,,False,True
0 days 00:38:07.428000,MAZ,9,0 days 00:01:12.839000,4.0,1.0,,,0 days 00:00:17.858000,0 days 00:00:32.623000,0 days 00:00:22.358000,0 days 00:37:12.482000,0 days 00:37:45.105000,0 days 00:38:07.463000,299.0,220.0,276.0,306.0,True,MEDIUM,4.0,True,Haas F1 Team,0 days 00:36:54.589000,,1,15.0,,,False,True
0 days 00:39:19.422000,MAZ,9,0 days 00:01:11.994000,5.0,1.0,,,0 days 00:00:17.503000,0 days 00:00:32.363000,0 days 00:00:22.128000,0 days 00:38:24.966000,0 days 00:38:57.329000,0 days 00:39:19.457000,314.0,222.0,272.0,310.0,True,MEDIUM,5.0,True,Haas F1 Team,0 days 00:38:07.428000,,1,16.0,,,False,True
0 days 00:40:31.592000,MAZ,9,0 days 00:01:12.170000,6.0,1.0,,,0 days 00:00:17.872000,0 days 00:00:32.242000,0 days 00:00:22.056000,0 days 00:39:37.329000,0 days 00:40:09.571000,0 days 00:40:31.627000,301.0,220.0,269.0,299.0,False,MEDIUM,6.0,True,Haas F1 Team,0 days 00:39:19.422000,,1,16.0,,,False,True
0 days 00:41:43.821000,MAZ,9,0 days 00:01:12.229000,7.0,1.0,,,0 days 00:00:17.959000,0 days 00:00:32.204000,0 days 00:00:22.066000,0 days 00:40:49.586000,0 days 00:41:21.790000,0 days 00:41:43.856000,299.0,220.0,270.0,297.0,False,MEDIUM,7.0,True,Haas F1 Team,0 days 00:40:31.592000,,1,16.0,,,False,True
0 days 00:42:56.349000,MAZ,9,0 days 00:01:12.528000,8.0,1.0,,,0 days 00:00:17.891000,0 days 00:00:32.579000,0 days 00:00:22.058000,0 days 00:42:01.747000,0 days 00:42:34.326000,0 days 00:42:56.384000,300.0,222.0,268.0,300.0,False,MEDIUM,8.0,True,Haas F1 Team,0 days 00:41:43.821000,,1,16.0,,,False,True
0 days 00:44:08.576000,MAZ,9,0 days 00:01:12.227000,9.0,1.0,,,0 days 00:00:17.961000,0 days 00:00:32.095000,0 days 00:00:22.171000,0 days 00:43:14.345000,0 days 00:43:46.440000,0 days 00:44:08.611000,300.0,222.0,270.0,299.0,False,MEDIUM,9.0,True,Haas F1 Team,0 days 00:42:56.349000,,1,16.0,,,False,True
0 days 00:45:21.115000,MAZ,9,0 days 00:01:12.539000,10.0,1.0,,,0 days 00:00:17.986000,0 days 00:00:32.341000,0 days 00:00:22.212000,0 days 00:44:26.597000,0 days 00:44:58.938000,0 days 00:45:21.150000,297.0,222.0,268.0,296.0,False,MEDIUM,10.0,True,Haas F1 Team,0 days 00:44:08.576000,,1,16.0,,,False,True
0 days 00:46:33.362000,MAZ,9,0 days 00:01:12.247000,11.0,1.0,,,0 days 00:00:18.025000,0 days 00:00:32.181000,0 days 00:00:22.041000,0 days 00:45:39.175000,0 days 00:46:11.356000,0 days 00:46:33.397000,295.0,222.0,267.0,295.0,False,MEDIUM,11.0,True,Haas F1 Team,0 days 00:45:21.115000,,1,16.0,,,False,True
0 days 00:47:45.875000,MAZ,9,0 days 00:01:12.513000,12.0,1.0,,,0 days 00:00:17.997000,0 days 00:00:32.257000,0 days 00:00:22.259000,0 days 00:46:51.394000,0 days 00:47:23.651000,0 days 00:47:45.910000,296.0,225.0,268.0,297.0,False,MEDIUM,12.0,True,Haas F1 Team,0 days 00:46:33.362000,,1,16.0,,,False,True
0 days 00:48:58.469000,MAZ,9,0 days 00:01:12.594000,13.0,1.0,,,0 days 00:00:18.026000,0 days 00:00:32.433000,0 days 00:00:22.135000,0 days 00:48:03.936000,0 days 00:48:36.369000,0 days 00:48:58.504000,296.0,222.0,268.0,296.0,False,MEDIUM,13.0,True,Haas F1 Team,0 days 00:47:45.875000,,1,16.0,,,False,True
0 days 00:50:11.876000,MAZ,9,0 days 00:01:13.407000,14.0,1.0,,,0 days 00:00:18.016000,0 days 00:00:33.152000,0 days 00:00:22.239000,0 days 00:49:16.520000,0 days 00:49:49.672000,0 days 00:50:11.911000,293.0,218.0,268.0,301.0,False,MEDIUM,14.0,True,Haas F1 Team,0 days 00:48:58.469000,,1,17.0,,,False,True
0 days 00:51:24.567000,MAZ,9,0 days 00:01:12.691000,15.0,1.0,,,0 days 00:00:18.060000,0 days 00:00:32.367000,0 days 00:00:22.264000,0 days 00:50:29.971000,0 days 00:51:02.338000,0 days 00:51:24.602000,295.0,221.0,268.0,297.0,False,MEDIUM,15.0,True,Haas F1 Team,0 days 00:50:11.876000,,1,17.0,,,False,True
0 days 00:52:36.875000,MAZ,9,0 days 00:01:12.308000,16.0,1.0,,,0 days 00:00:18.031000,0 days 00:00:32.324000,0 days 00:00:21.953000,0 days 00:51:42.633000,0 days 00:52:14.957000,0 days 00:52:36.910000,295.0,224.0,269.0,296.0,False,MEDIUM,16.0,True,Haas F1 Team,0 days 00:51:24.567000,,1,17.0,,,False,True
0 days 00:53:49.334000,MAZ,9,0 days 00:01:12.459000,17.0,1.0,,,0 days 00:00:18.001000,0 days 00:00:32.397000,0 days 00:00:22.061000,0 days 00:52:54.911000,0 days 00:53:27.308000,0 days 00:53:49.369000,294.0,222.0,268.0,296.0,False,MEDIUM,17.0,True,Haas F1 Team,0 days 00:52:36.875000,,1,17.0,,,False,True
0 days 00:55:01.993000,MAZ,9,0 days 00:01:12.659000,18.0,1.0,,,0 days 00:00:18.053000,0 days 00:00:32.476000,0 days 00:00:22.130000,0 days 00:54:07.422000,0 days 00:54:39.898000,0 days 00:55:02.028000,295.0,220.0,266.0,296.0,False,MEDIUM,18.0,True,Haas F1 Team,0 days 00:53:49.334000,,1,17.0,,,False,True
0 days 00:56:15.201000,MAZ,9,0 days 00:01:13.208000,19.0,1.0,,,0 days 00:00:18.102000,0 days 00:00:32.967000,0 days 00:00:22.139000,0 days 00:55:20.130000,0 days 00:55:53.097000,0 days 00:56:15.236000,293.0,221.0,267.0,294.0,False,MEDIUM,19.0,True,Haas F1 Team,0 days 00:55:01.993000,,1,17.0,,,False,True
0 days 00:57:27.632000,MAZ,9,0 days 00:01:12.431000,20.0,1.0,,,0 days 00:00:18.033000,0 days 00:00:32.399000,0 days 00:00:21.999000,0 days 00:56:33.269000,0 days 00:57:05.668000,0 days 00:57:27.667000,290.0,223.0,269.0,292.0,False,MEDIUM,20.0,True,Haas F1 Team,0 days 00:56:15.201000,,1,17.0,,,False,True
0 days 00:58:43.732000,MAZ,9,0 days 00:01:16.100000,21.0,1.0,,0 days 00:58:40.475000,0 days 00:00:17.867000,0 days 00:00:32.477000,0 days 00:00:25.756000,0 days 00:57:45.534000,0 days 00:58:18.011000,0 days 00:58:43.767000,292.0,220.0,,294.0,False,MEDIUM,21.0,True,Haas F1 Team,0 days 00:57:27.632000,,1,18.0,,,False,False
0 days 01:00:15.611000,MAZ,9,0 days 00:01:31.879000,22.0,2.0,0 days 00:59:03.235000,,0 days 00:00:36.383000,0 days 00:00:33.284000,0 days 00:00:22.212000,0 days 00:59:20.150000,0 days 00:59:53.434000,0 days 01:00:15.646000,290.0,219.0,269.0,259.0,False,HARD,1.0,True,Haas F1 Team,0 days 00:58:43.732000,,1,18.0,,,False,False
0 days 01:01:28.490000,MAZ,9,0 days 00:01:12.879000,23.0,2.0,,,0 days 00:00:18.178000,0 days 00:00:32.615000,0 days 00:00:22.086000,0 days 01:00:33.824000,0 days 01:01:06.439000,0 days 01:01:28.525000,273.0,219.0,269.0,309.0,False,HARD,2.0,True,Haas F1 Team,0 days 01:00:15.611000,,1,18.0,,,False,True
0 days 01:02:40.526000,MAZ,9,0 days 00:01:12.036000,24.0,2.0,,,0 days 00:00:17.926000,0 days 00:00:32.077000,0 days 00:00:22.033000,0 days 01:01:46.451000,0 days 01:02:18.528000,0 days 01:02:40.561000,291.0,220.0,268.0,290.0,False,HARD,3.0,True,Haas F1 Team,0 days 01:01:28.490000,,1,18.0,,,False,True
0 days 01:03:52.228000,MAZ,9,0 days 00:01:11.702000,25.0,2.0,,,0 days 00:00:17.922000,0 days 00:00:31.929000,0 days 00:00:21.851000,0 days 01:02:58.483000,0 days 01:03:30.412000,0 days 01:03:52.263000,291.0,221.0,269.0,291.0,True,HARD,4.0,True,Haas F1 Team,0 days 01:02:40.526000,,1,18.0,,,False,True
0 days 01:05:04.171000,MAZ,9,0 days 00:01:11.943000,26.0,2.0,,,0 days 00:00:17.899000,0 days 00:00:32.153000,0 days 00:00:21.891000,0 days 01:04:10.162000,0 days 01:04:42.315000,0 days 01:05:04.206000,290.0,220.0,267.0,291.0,False,HARD,5.0,True,Haas F1 Team,0 days 01:03:52.228000,,1,18.0,,,False,True
0 days 01:06:15.975000,MAZ,9,0 days 00:01:11.804000,27.0,2.0,,,0 days 00:00:17.918000,0 days 00:00:32.023000,0 days 00:00:21.863000,0 days 01:05:22.124000,0 days 01:05:54.147000,0 days 01:06:16.010000,290.0,223.0,266.0,291.0,False,HARD,6.0,True,Haas F1 Team,0 days 01:05:04.171000,,1,17.0,,,False,True
0 days 01:07:27.683000,MAZ,9,0 days 00:01:11.708000,28.0,2.0,,,0 days 00:00:17.905000,0 days 00:00:31.955000,0 days 00:00:21.848000,0 days 01:06:33.915000,0 days 01:07:05.870000,0 days 01:07:27.718000,292.0,223.0,266.0,293.0,False,HARD,7.0,True,Haas F1 Team,0 days 01:06:15.975000,,1,17.0,,,False,True
0 days 01:08:39.100000,MAZ,9,0 days 00:01:11.417000,29.0,2.0,,,0 days 00:00:17.807000,0 days 00:00:31.867000,0 days 00:00:21.743000,0 days 01:07:45.525000,0 days 01:08:17.392000,0 days 01:08:39.135000,292.0,226.0,268.0,294.0,True,HARD,8.0,True,Haas F1 Team,0 days 01:07:27.683000,,1,17.0,,,False,True
0 days 01:09:50.711000,MAZ,9,0 days 00:01:11.611000,30.0,2.0,,,0 days 00:00:17.882000,0 days 00:00:31.882000,0 days 00:00:21.847000,0 days 01:08:57.017000,0 days 01:09:28.899000,0 days 01:09:50.746000,293.0,226.0,268.0,294.0,False,HARD,9.0,True,Haas F1 Team,0 days 01:08:39.100000,,1,17.0,,,False,True
0 days 01:11:02.190000,MAZ,9,0 days 00:01:11.479000,31.0,2.0,,,0 days 00:00:17.843000,0 days 00:00:31.938000,0 days 00:00:21.698000,0 days 01:10:08.589000,0 days 01:10:40.527000,0 days 01:11:02.225000,292.0,225.0,268.0,293.0,False,HARD,10.0,True,Haas F1 Team,0 days 01:09:50.711000,,1,17.0,,,False,True
0 days 01:12:14.773000,MAZ,9,0 days 00:01:12.583000,32.0,2.0,,,0 days 00:00:17.857000,0 days 00:00:32.696000,0 days 00:00:22.030000,0 days 01:11:20.082000,0 days 01:11:52.778000,0 days 01:12:14.808000,293.0,223.0,269.0,272.0,False,HARD,11.0,True,Haas F1 Team,0 days 01:11:02.190000,,1,17.0,,,False,True
0 days 01:13:26.993000,MAZ,9,0 days 00:01:12.220000,33.0,2.0,,,0 days 00:00:17.894000,0 days 00:00:32.451000,0 days 00:00:21.875000,0 days 01:12:32.702000,0 days 01:13:05.153000,0 days 01:13:27.028000,266.0,223.0,270.0,313.0,False,HARD,12.0,True,Haas F1 Team,0 days 01:12:14.773000,,1,17.0,,,False,True
0 days 01:14:38.290000,MAZ,9,0 days 00:01:11.297000,34.0,2.0,,,0 days 00:00:17.747000,0 days 00:00:31.839000,0 days 00:00:21.711000,0 days 01:13:44.775000,0 days 01:14:16.614000,0 days 01:14:38.325000,295.0,226.0,269.0,297.0,True,HARD,13.0,True,Haas F1 Team,0 days 01:13:26.993000,,1,16.0,,,False,True
0 days 01:15:49.614000,MAZ,9,0 days 00:01:11.324000,35.0,2.0,,,0 days 00:00:17.728000,0 days 00:00:31.941000,0 days 00:00:21.655000,0 days 01:14:56.053000,0 days 01:15:27.994000,0 days 01:15:49.649000,295.0,225.0,269.0,294.0,False,HARD,14.0,True,Haas F1 Team,0 days 01:14:38.290000,,1,16.0,,,False,True
0 days 01:17:00.872000,MAZ,9,0 days 00:01:11.258000,36.0,2.0,,,0 days 00:00:17.755000,0 days 00:00:31.798000,0 days 00:00:21.705000,0 days 01:16:07.404000,0 days 01:16:39.202000,0 days 01:17:00.907000,294.0,225.0,270.0,295.0,True,HARD,15.0,True,Haas F1 Team,0 days 01:15:49.614000,,1,16.0,,,False,True
0 days 01:18:12.028000,MAZ,9,0 days 00:01:11.156000,37.0,2.0,,,0 days 00:00:17.759000,0 days 00:00:31.776000,0 days 00:00:21.621000,0 days 01:17:18.666000,0 days 01:17:50.442000,0 days 01:18:12.063000,295.0,227.0,269.0,294.0,True,HARD,16.0,True,Haas F1 Team,0 days 01:17:00.872000,,1,16.0,,,False,True
0 days 01:19:23.200000,MAZ,9,0 days 00:01:11.172000,38.0,2.0,,,0 days 00:00:17.795000,0 days 00:00:31.748000,0 days 00:00:21.629000,0 days 01:18:29.858000,0 days 01:19:01.606000,0 days 01:19:23.235000,294.0,227.0,268.0,294.0,False,HARD,17.0,True,Haas F1 Team,0 days 01:18:12.028000,,1,16.0,,,False,True
0 days 01:20:34.151000,MAZ,9,0 days 00:01:10.951000,39.0,2.0,,,0 days 00:00:17.810000,0 days 00:00:31.620000,0 days 00:00:21.521000,0 days 01:19:41.045000,0 days 01:20:12.665000,0 days 01:20:34.186000,293.0,227.0,268.0,294.0,True,HARD,18.0,True,Haas F1 Team,0 days 01:19:23.200000,,1,16.0,,,False,True
0 days 01:21:45.226000,MAZ,9,0 days 00:01:11.075000,40.0,2.0,,,0 days 00:00:17.805000,0 days 00:00:31.669000,0 days 00:00:21.601000,0 days 01:20:51.991000,0 days 01:21:23.660000,0 days 01:21:45.261000,293.0,225.0,269.0,294.0,False,HARD,19.0,True,Haas F1 Team,0 days 01:20:34.151000,,1,16.0,,,False,True
0 days 01:22:58.467000,MAZ,9,0 days 00:01:13.241000,41.0,2.0,,,0 days 00:00:17.735000,0 days 00:00:33.608000,0 days 00:00:21.898000,0 days 01:22:02.996000,0 days 01:22:36.604000,0 days 01:22:58.502000,293.0,223.0,272.0,302.0,False,HARD,20.0,True,Haas F1 Team,0 days 01:21:45.226000,,1,17.0,,,False,True
0 days 01:24:10.279000,MAZ,9,0 days 00:01:11.812000,42.0,2.0,,,0 days 00:00:17.747000,0 days 00:00:32.136000,0 days 00:00:21.929000,0 days 01:23:16.249000,0 days 01:23:48.385000,0 days 01:24:10.314000,297.0,223.0,270.0,298.0,False,HARD,21.0,True,Haas F1 Team,0 days 01:22:58.467000,,1,17.0,,,False,True
0 days 01:25:21.737000,MAZ,9,0 days 00:01:11.458000,43.0,2.0,,,0 days 00:00:17.692000,0 days 00:00:32.034000,0 days 00:00:21.732000,0 days 01:24:28.006000,0 days 01:25:00.040000,0 days 01:25:21.772000,296.0,224.0,270.0,296.0,False,HARD,22.0,True,Haas F1 Team,0 days 01:24:10.279000,,1,17.0,,,False,True
0 days 01:26:33.020000,MAZ,9,0 days 00:01:11.283000,44.0,2.0,,,0 days 00:00:17.742000,0 days 00:00:31.832000,0 days 00:00:21.709000,0 days 01:25:39.514000,0 days 01:26:11.346000,0 days 01:26:33.055000,294.0,225.0,270.0,296.0,False,HARD,23.0,True,Haas F1 Team,0 days 01:25:21.737000,,1,17.0,,,False,True
0 days 01:27:44.390000,MAZ,9,0 days 00:01:11.370000,45.0,2.0,,,0 days 00:00:17.673000,0 days 00:00:32.016000,0 days 00:00:21.681000,0 days 01:26:50.728000,0 days 01:27:22.744000,0 days 01:27:44.425000,292.0,226.0,271.0,296.0,False,HARD,24.0,True,Haas F1 Team,0 days 01:26:33.020000,,1,17.0,,,False,True
0 days 01:28:56.565000,MAZ,9,0 days 00:01:12.175000,46.0,2.0,,,0 days 00:00:17.990000,0 days 00:00:32.266000,0 days 00:00:21.919000,0 days 01:28:02.415000,0 days 01:28:34.681000,0 days 01:28:56.600000,274.0,222.0,273.0,309.0,False,HARD,25.0,True,Haas F1 Team,0 days 01:27:44.390000,,1,17.0,,,False,True
0 days 01:30:08.325000,MAZ,9,0 days 00:01:11.760000,47.0,2.0,,,0 days 00:00:17.724000,0 days 00:00:32.059000,0 days 00:00:21.977000,0 days 01:29:14.324000,0 days 01:29:46.383000,0 days 01:30:08.360000,292.0,223.0,270.0,299.0,False,HARD,26.0,True,Haas F1 Team,0 days 01:28:56.565000,,1,17.0,,,False,True
0 days 01:31:20.636000,MAZ,9,0 days 00:01:12.311000,48.0,2.0,,,0 days 00:00:18.014000,0 days 00:00:32.322000,0 days 00:00:21.975000,0 days 01:30:26.374000,0 days 01:30:58.696000,0 days 01:31:20.671000,310.0,220.0,271.0,312.0,False,HARD,27.0,True,Haas F1 Team,0 days 01:30:08.325000,,1,17.0,,,False,True
0 days 01:32:32.528000,MAZ,9,0 days 00:01:11.892000,49.0,2.0,,,0 days 00:00:17.807000,0 days 00:00:32.189000,0 days 00:00:21.896000,0 days 01:31:38.478000,0 days 01:32:10.667000,0 days 01:32:32.563000,293.0,223.0,272.0,294.0,False,HARD,28.0,True,Haas F1 Team,0 days 01:31:20.636000,,1,17.0,,,False,True
0 days 01:33:46.006000,MAZ,9,0 days 00:01:13.478000,50.0,2.0,,,0 days 00:00:17.880000,0 days 00:00:32.571000,0 days 00:00:23.027000,0 days 01:32:50.443000,0 days 01:33:23.014000,0 days 01:33:46.041000,267.0,222.0,279.0,311.0,False,HARD,29.0,True,Haas F1 Team,0 days 01:32:32.528000,,1,17.0,,,False,True
0 days 01:34:58.366000,MAZ,9,0 days 00:01:12.360000,51.0,2.0,,,0 days 00:00:17.701000,0 days 00:00:32.658000,0 days 00:00:22.001000,0 days 01:34:03.742000,0 days 01:34:36.400000,0 days 01:34:58.401000,299.0,221.0,270.0,295.0,False,HARD,30.0,True,Haas F1 Team,0 days 01:33:46.006000,,1,17.0,,,False,True
0 days 01:36:10.315000,MAZ,9,0 days 00:01:11.949000,52.0,2.0,,,0 days 00:00:17.845000,0 days 00:00:32.200000,0 days 00:00:21.904000,0 days 01:35:16.246000,0 days 01:35:48.446000,0 days 01:36:10.350000,296.0,223.0,270.0,296.0,False,HARD,31.0,True,Haas F1 Team,0 days 01:34:58.366000,,1,17.0,,,False,True
0 days 01:37:24.127000,MAZ,9,0 days 00:01:13.812000,53.0,2.0,,,0 days 00:00:17.828000,0 days 00:00:33.790000,0 days 00:00:22.194000,0 days 01:36:28.178000,0 days 01:37:01.968000,0 days 01:37:24.162000,295.0,213.0,270.0,293.0,False,HARD,32.0,True,Haas F1 Team,0 days 01:36:10.315000,,1,17.0,,,False,True
0 days 01:38:40.338000,MAZ,9,0 days 00:01:16.211000,54.0,2.0,,,0 days 00:00:19.692000,0 days 00:00:34.182000,0 days 00:00:22.337000,0 days 01:37:43.854000,0 days 01:38:18.036000,0 days 01:38:40.373000,281.0,219.0,272.0,309.0,False,HARD,33.0,True,Haas F1 Team,0 days 01:37:24.127000,,1,17.0,,,False,True
0 days 01:39:55.809000,MAZ,9,0 days 00:01:15.471000,55.0,2.0,,,0 days 00:00:18.002000,0 days 00:00:34.445000,0 days 00:00:23.024000,0 days 01:38:58.375000,0 days 01:39:32.820000,0 days 01:39:55.844000,251.0,220.0,281.0,269.0,False,HARD,34.0,True,Haas F1 Team,0 days 01:38:40.338000,,1,17.0,,,False,True
0 days 01:41:08.787000,MAZ,9,0 days 00:01:12.978000,56.0,2.0,,,0 days 00:00:17.363000,0 days 00:00:33.287000,0 days 00:00:22.328000,0 days 01:40:13.207000,0 days 01:40:46.494000,0 days 01:41:08.822000,317.0,222.0,273.0,274.0,False,HARD,35.0,True,Haas F1 Team,0 days 01:39:55.809000,,1,17.0,,,False,True
0 days 01:42:20.888000,MAZ,9,0 days 00:01:12.101000,57.0,2.0,,,0 days 00:00:17.826000,0 days 00:00:32.321000,0 days 00:00:21.954000,0 days 01:41:26.648000,0 days 01:41:58.969000,0 days 01:42:20.923000,299.0,224.0,272.0,295.0,False,HARD,36.0,True,Haas F1 Team,0 days 01:41:08.787000,,1,17.0,,,False,True
0 days 01:43:32.943000,MAZ,9,0 days 00:01:12.055000,58.0,2.0,,,0 days 00:00:17.858000,0 days 00:00:32.295000,0 days 00:00:21.902000,0 days 01:42:38.781000,0 days 01:43:11.076000,0 days 01:43:32.978000,297.0,221.0,271.0,292.0,False,HARD,37.0,True,Haas F1 Team,0 days 01:42:20.888000,,1,17.0,,,False,True
0 days 01:44:45.181000,MAZ,9,0 days 00:01:12.238000,59.0,2.0,,,0 days 00:00:17.924000,0 days 00:00:32.329000,0 days 00:00:21.985000,0 days 01:43:50.902000,0 days 01:44:23.231000,0 days 01:44:45.216000,290.0,224.0,270.0,291.0,False,HARD,38.0,True,Haas F1 Team,0 days 01:43:32.943000,,1,17.0,,,False,True
0 days 01:45:57.879000,MAZ,9,0 days 00:01:12.698000,60.0,2.0,,,0 days 00:00:18.420000,0 days 00:00:32.214000,0 days 00:00:22.064000,0 days 01:45:03.636000,0 days 01:45:35.850000,0 days 01:45:57.914000,299.0,224.0,273.0,293.0,False,HARD,39.0,True,Haas F1 Team,0 days 01:44:45.181000,,1,17.0,,,False,True
0 days 01:47:09.885000,MAZ,9,0 days 00:01:12.006000,61.0,2.0,,,0 days 00:00:17.872000,0 days 00:00:32.246000,0 days 00:00:21.888000,0 days 01:46:15.786000,0 days 01:46:48.032000,0 days 01:47:09.920000,291.0,225.0,272.0,291.0,False,HARD,40.0,True,Haas F1 Team,0 days 01:45:57.879000,,1,17.0,,,False,True
0 days 01:48:21.828000,MAZ,9,0 days 00:01:11.943000,62.0,2.0,,,0 days 00:00:17.865000,0 days 00:00:32.276000,0 days 00:00:21.802000,0 days 01:47:27.785000,0 days 01:48:00.061000,0 days 01:48:21.863000,291.0,225.0,272.0,291.0,False,HARD,41.0,True,Haas F1 Team,0 days 01:47:09.885000,,1,17.0,,,False,True
0 days 01:49:35.127000,MAZ,9,0 days 00:01:13.299000,63.0,2.0,,,0 days 00:00:18.007000,0 days 00:00:33.207000,0 days 00:00:22.085000,0 days 01:48:39.870000,0 days 01:49:13.077000,0 days 01:49:35.162000,294.0,222.0,273.0,298.0,False,HARD,42.0,True,Haas F1 Team,0 days 01:48:21.828000,,1,18.0,,,False,True
0 days 01:50:47.263000,MAZ,9,0 days 00:01:12.136000,64.0,2.0,,,0 days 00:00:17.849000,0 days 00:00:32.331000,0 days 00:00:21.956000,0 days 01:49:53.011000,0 days 01:50:25.342000,0 days 01:50:47.298000,292.0,223.0,273.0,291.0,False,HARD,43.0,True,Haas F1 Team,0 days 01:49:35.127000,,1,18.0,,,False,True
0 days 01:52:00.057000,MAZ,9,0 days 00:01:12.794000,65.0,2.0,,,0 days 00:00:18.614000,0 days 00:00:32.354000,0 days 00:00:21.826000,0 days 01:51:05.912000,0 days 01:51:38.266000,0 days 01:52:00.092000,295.0,223.0,273.0,293.0,False,HARD,44.0,True,Haas F1 Team,0 days 01:50:47.263000,,1,18.0,,,False,True
0 days 01:53:13.154000,MAZ,9,0 days 00:01:13.097000,66.0,2.0,,,0 days 00:00:17.827000,0 days 00:00:32.155000,0 days 00:00:23.115000,0 days 01:52:17.919000,0 days 01:52:50.074000,0 days 01:53:13.189000,292.0,227.0,279.0,293.0,False,HARD,45.0,True,Haas F1 Team,0 days 01:52:00.057000,,1,18.0,,,False,True
0 days 01:54:24.775000,MAZ,9,0 days 00:01:11.621000,67.0,2.0,,,0 days 00:00:17.659000,0 days 00:00:32.064000,0 days 00:00:21.898000,0 days 01:53:30.848000,0 days 01:54:02.912000,0 days 01:54:24.810000,297.0,225.0,272.0,296.0,False,HARD,46.0,True,Haas F1 Team,0 days 01:53:13.154000,,1,18.0,,,False,True
0 days 01:55:36.651000,MAZ,9,0 days 00:01:11.876000,68.0,2.0,,,0 days 00:00:17.895000,0 days 00:00:32.134000,0 days 00:00:21.847000,0 days 01:54:42.705000,0 days 01:55:14.839000,0 days 01:55:36.686000,294.0,228.0,271.0,295.0,False,HARD,47.0,True,Haas F1 Team,0 days 01:54:24.775000,,1,18.0,,,False,True
0 days 00:34:24.361000,RUS,63,0 days 00:01:18.529000,1.0,1.0,,,,0 days 00:00:33.126000,0 days 00:00:23.035000,,0 days 00:34:01.541000,0 days 00:34:24.584000,309.0,224.0,273.0,312.0,False,MEDIUM,1.0,True,Williams,0 days 00:33:05.677000,,12,8.0,,,False,False
0 days 00:35:37.270000,RUS,63,0 days 00:01:12.909000,2.0,1.0,,,0 days 00:00:17.896000,0 days 00:00:32.784000,0 days 00:00:22.229000,0 days 00:34:42.270000,0 days 00:35:15.054000,0 days 00:35:37.283000,300.0,220.0,273.0,300.0,True,MEDIUM,2.0,True,Williams,0 days 00:34:24.361000,,1,8.0,,,False,True
0 days 00:36:49.324000,RUS,63,0 days 00:01:12.054000,3.0,1.0,,,0 days 00:00:17.712000,0 days 00:00:32.233000,0 days 00:00:22.109000,0 days 00:35:54.995000,0 days 00:36:27.228000,0 days 00:36:49.337000,299.0,221.0,274.0,309.0,True,MEDIUM,3.0,True,Williams,0 days 00:35:37.270000,,1,8.0,,,False,True
0 days 00:38:01.088000,RUS,63,0 days 00:01:11.764000,4.0,1.0,,,0 days 00:00:17.671000,0 days 00:00:32.342000,0 days 00:00:21.751000,0 days 00:37:07.008000,0 days 00:37:39.350000,0 days 00:38:01.101000,307.0,220.0,277.0,309.0,True,MEDIUM,4.0,True,Williams,0 days 00:36:49.324000,,1,7.0,,,False,True
0 days 00:39:12.511000,RUS,63,0 days 00:01:11.423000,5.0,1.0,,,0 days 00:00:17.651000,0 days 00:00:32.031000,0 days 00:00:21.741000,0 days 00:38:18.752000,0 days 00:38:50.783000,0 days 00:39:12.524000,296.0,225.0,276.0,307.0,True,MEDIUM,5.0,True,Williams,0 days 00:38:01.088000,,1,8.0,,,False,True
0 days 00:40:24,RUS,63,0 days 00:01:11.489000,6.0,1.0,,,0 days 00:00:17.580000,0 days 00:00:32.049000,0 days 00:00:21.860000,0 days 00:39:30.104000,0 days 00:40:02.153000,0 days 00:40:24.013000,308.0,221.0,275.0,308.0,False,MEDIUM,6.0,True,Williams,0 days 00:39:12.511000,,1,8.0,,,False,True
0 days 00:41:35.805000,RUS,63,0 days 00:01:11.805000,7.0,1.0,,,0 days 00:00:17.680000,0 days 00:00:32.143000,0 days 00:00:21.982000,0 days 00:40:41.693000,0 days 00:41:13.836000,0 days 00:41:35.818000,298.0,222.0,274.0,294.0,False,MEDIUM,7.0,True,Williams,0 days 00:40:24,,1,8.0,,,False,True
0 days 00:42:47.346000,RUS,63,0 days 00:01:11.541000,8.0,1.0,,,0 days 00:00:17.736000,0 days 00:00:31.945000,0 days 00:00:21.860000,0 days 00:41:53.554000,0 days 00:42:25.499000,0 days 00:42:47.359000,298.0,224.0,273.0,295.0,False,MEDIUM,8.0,True,Williams,0 days 00:41:35.805000,,1,8.0,,,False,True
0 days 00:43:59.015000,RUS,63,0 days 00:01:11.669000,9.0,1.0,,,0 days 00:00:17.824000,0 days 00:00:32.080000,0 days 00:00:21.765000,0 days 00:43:05.183000,0 days 00:43:37.263000,0 days 00:43:59.028000,296.0,221.0,276.0,292.0,False,MEDIUM,9.0,True,Williams,0 days 00:42:47.346000,,1,8.0,,,False,True
0 days 00:45:10.438000,RUS,63,0 days 00:01:11.423000,10.0,1.0,,,0 days 00:00:17.719000,0 days 00:00:31.901000,0 days 00:00:21.803000,0 days 00:44:16.747000,0 days 00:44:48.648000,0 days 00:45:10.451000,299.0,223.0,276.0,296.0,False,MEDIUM,10.0,True,Williams,0 days 00:43:59.015000,,1,8.0,,,False,True
0 days 00:46:22.195000,RUS,63,0 days 00:01:11.757000,11.0,1.0,,,0 days 00:00:17.667000,0 days 00:00:32.269000,0 days 00:00:21.821000,0 days 00:45:28.118000,0 days 00:46:00.387000,0 days 00:46:22.208000,298.0,223.0,275.0,296.0,False,MEDIUM,11.0,True,Williams,0 days 00:45:10.438000,,1,8.0,,,False,True
0 days 00:47:34.085000,RUS,63,0 days 00:01:11.890000,12.0,1.0,,,0 days 00:00:17.757000,0 days 00:00:32.269000,0 days 00:00:21.864000,0 days 00:46:39.965000,0 days 00:47:12.234000,0 days 00:47:34.098000,298.0,222.0,276.0,295.0,False,MEDIUM,12.0,True,Williams,0 days 00:46:22.195000,,1,8.0,,,False,True
0 days 00:48:45.742000,RUS,63,0 days 00:01:11.657000,13.0,1.0,,,0 days 00:00:17.576000,0 days 00:00:32.275000,0 days 00:00:21.806000,0 days 00:47:51.674000,0 days 00:48:23.949000,0 days 00:48:45.755000,300.0,222.0,276.0,299.0,False,MEDIUM,13.0,True,Williams,0 days 00:47:34.085000,,1,8.0,,,False,True
0 days 00:49:57.297000,RUS,63,0 days 00:01:11.555000,14.0,1.0,,,0 days 00:00:17.629000,0 days 00:00:32.190000,0 days 00:00:21.736000,0 days 00:49:03.384000,0 days 00:49:35.574000,0 days 00:49:57.310000,299.0,221.0,276.0,298.0,False,MEDIUM,14.0,True,Williams,0 days 00:48:45.742000,,1,8.0,,,False,True
0 days 00:51:08.911000,RUS,63,0 days 00:01:11.614000,15.0,1.0,,,0 days 00:00:17.637000,0 days 00:00:32.196000,0 days 00:00:21.781000,0 days 00:50:14.947000,0 days 00:50:47.143000,0 days 00:51:08.924000,310.0,220.0,282.0,307.0,False,MEDIUM,15.0,True,Williams,0 days 00:49:57.297000,,1,8.0,,,False,True
0 days 00:52:20.454000,RUS,63,0 days 00:01:11.543000,16.0,1.0,,,0 days 00:00:17.339000,0 days 00:00:32.457000,0 days 00:00:21.747000,0 days 00:51:26.263000,0 days 00:51:58.720000,0 days 00:52:20.467000,313.0,221.0,284.0,304.0,False,MEDIUM,16.0,True,Williams,0 days 00:51:08.911000,,1,8.0,,,False,True
0 days 00:53:32.454000,RUS,63,0 days 00:01:12,17.0,1.0,,,0 days 00:00:17.306000,0 days 00:00:32.755000,0 days 00:00:21.939000,0 days 00:52:37.773000,0 days 00:53:10.528000,0 days 00:53:32.467000,316.0,222.0,276.0,309.0,False,MEDIUM,17.0,True,Williams,0 days 00:52:20.454000,,1,8.0,,,False,True
0 days 00:54:44.275000,RUS,63,0 days 00:01:11.821000,18.0,1.0,,,0 days 00:00:17.728000,0 days 00:00:32.345000,0 days 00:00:21.748000,0 days 00:53:50.195000,0 days 00:54:22.540000,0 days 00:54:44.288000,299.0,223.0,276.0,299.0,False,MEDIUM,18.0,True,Williams,0 days 00:53:32.454000,,1,8.0,,,False,True
0 days 00:55:55.840000,RUS,63,0 days 00:01:11.565000,19.0,1.0,,,0 days 00:00:17.629000,0 days 00:00:32.203000,0 days 00:00:21.733000,0 days 00:55:01.917000,0 days 00:55:34.120000,0 days 00:55:55.853000,299.0,223.0,275.0,299.0,False,MEDIUM,19.0,True,Williams,0 days 00:54:44.275000,,1,8.0,,,False,True
0 days 00:57:07.311000,RUS,63,0 days 00:01:11.471000,20.0,1.0,,,0 days 00:00:17.684000,0 days 00:00:32.014000,0 days 00:00:21.773000,0 days 00:56:13.537000,0 days 00:56:45.551000,0 days 00:57:07.324000,297.0,223.0,277.0,299.0,False,MEDIUM,20.0,True,Williams,0 days 00:55:55.840000,,1,8.0,,,False,True
0 days 00:58:18.500000,RUS,63,0 days 00:01:11.189000,21.0,1.0,,,0 days 00:00:17.603000,0 days 00:00:32.076000,0 days 00:00:21.510000,0 days 00:57:24.927000,0 days 00:57:57.003000,0 days 00:58:18.513000,298.0,222.0,278.0,298.0,True,MEDIUM,21.0,True,Williams,0 days 00:57:07.311000,,1,8.0,,,False,True
0 days 00:59:29.704000,RUS,63,0 days 00:01:11.204000,22.0,1.0,,,0 days 00:00:17.554000,0 days 00:00:32.071000,0 days 00:00:21.579000,0 days 00:58:36.067000,0 days 00:59:08.138000,0 days 00:59:29.717000,300.0,223.0,278.0,298.0,False,MEDIUM,22.0,True,Williams,0 days 00:58:18.500000,,1,8.0,,,False,True
0 days 01:00:40.849000,RUS,63,0 days 00:01:11.145000,23.0,1.0,,,0 days 00:00:17.423000,0 days 00:00:32.052000,0 days 00:00:21.670000,0 days 00:59:47.140000,0 days 01:00:19.192000,0 days 01:00:40.862000,308.0,224.0,282.0,309.0,True,MEDIUM,23.0,True,Williams,0 days 00:59:29.704000,,1,8.0,,,False,True
0 days 01:01:52.077000,RUS,63,0 days 00:01:11.228000,24.0,1.0,,,0 days 00:00:17.373000,0 days 00:00:32.166000,0 days 00:00:21.689000,0 days 01:00:58.235000,0 days 01:01:30.401000,0 days 01:01:52.090000,310.0,221.0,276.0,308.0,False,MEDIUM,24.0,True,Williams,0 days 01:00:40.849000,,1,8.0,,,False,True
0 days 01:03:06.647000,RUS,63,0 days 00:01:14.570000,25.0,1.0,,0 days 01:03:03.392000,0 days 00:00:17.526000,0 days 00:00:32.314000,0 days 00:00:24.730000,0 days 01:02:09.616000,0 days 01:02:41.930000,0 days 01:03:06.660000,301.0,220.0,,310.0,False,MEDIUM,25.0,True,Williams,0 days 01:01:52.077000,,1,11.0,,,False,False
0 days 01:04:52.952000,RUS,63,0 days 00:01:46.305000,26.0,2.0,0 days 01:03:40.802000,0 days 01:04:49.717000,0 days 00:00:50.657000,0 days 00:00:31.465000,0 days 00:00:24.183000,0 days 01:03:57.317000,0 days 01:04:28.782000,0 days 01:04:52.965000,297.0,229.0,,289.0,False,HARD,1.0,True,Williams,0 days 01:03:06.647000,,1,17.0,,,False,False
0 days 01:06:45.207000,RUS,63,0 days 00:01:52.255000,27.0,3.0,0 days 01:05:36.011000,,0 days 00:00:59.207000,0 days 00:00:31.730000,0 days 00:00:21.318000,0 days 01:05:52.172000,0 days 01:06:23.902000,0 days 01:06:45.220000,309.0,223.0,276.0,318.0,False,HARD,2.0,False,Williams,0 days 01:04:52.952000,,1,18.0,,,False,False
0 days 01:07:55.706000,RUS,63,0 days 00:01:10.499000,28.0,3.0,,,0 days 00:00:17.440000,0 days 00:00:31.730000,0 days 00:00:21.329000,0 days 01:07:02.660000,0 days 01:07:34.390000,0 days 01:07:55.719000,295.0,226.0,278.0,296.0,True,HARD,3.0,False,Williams,0 days 01:06:45.207000,,1,18.0,,,False,True
0 days 01:09:06.302000,RUS,63,0 days 00:01:10.596000,29.0,3.0,,,0 days 00:00:17.318000,0 days 00:00:31.744000,0 days 00:00:21.534000,0 days 01:08:13.037000,0 days 01:08:44.781000,0 days 01:09:06.315000,301.0,224.0,279.0,300.0,False,HARD,4.0,False,Williams,0 days 01:07:55.706000,,1,18.0,,,False,True
0 days 01:10:17.038000,RUS,63,0 days 00:01:10.736000,30.0,3.0,,,0 days 00:00:17.364000,0 days 00:00:31.772000,0 days 00:00:21.600000,0 days 01:09:23.679000,0 days 01:09:55.451000,0 days 01:10:17.051000,305.0,223.0,279.0,304.0,False,HARD,5.0,False,Williams,0 days 01:09:06.302000,,1,18.0,,,False,True
0 days 01:11:28.463000,RUS,63,0 days 00:01:11.425000,31.0,3.0,,,0 days 00:00:17.427000,0 days 00:00:32.104000,0 days 00:00:21.894000,0 days 01:10:34.478000,0 days 01:11:06.582000,0 days 01:11:28.476000,305.0,220.0,280.0,305.0,False,HARD,6.0,False,Williams,0 days 01:10:17.038000,,1,18.0,,,False,True
0 days 01:12:39.975000,RUS,63,0 days 00:01:11.512000,32.0,3.0,,,0 days 00:00:17.132000,0 days 00:00:32.537000,0 days 00:00:21.843000,0 days 01:11:45.608000,0 days 01:12:18.145000,0 days 01:12:39.988000,319.0,225.0,287.0,306.0,False,HARD,7.0,False,Williams,0 days 01:11:28.463000,,1,18.0,,,False,True
0 days 01:13:50.984000,RUS,63,0 days 00:01:11.009000,33.0,3.0,,,0 days 00:00:17.112000,0 days 00:00:32.423000,0 days 00:00:21.474000,0 days 01:12:57.100000,0 days 01:13:29.523000,0 days 01:13:50.997000,314.0,224.0,286.0,307.0,False,HARD,8.0,False,Williams,0 days 01:12:39.975000,,1,18.0,,,False,True
0 days 01:15:01.862000,RUS,63,0 days 00:01:10.878000,34.0,3.0,,,0 days 00:00:17.123000,0 days 00:00:32.245000,0 days 00:00:21.510000,0 days 01:14:08.120000,0 days 01:14:40.365000,0 days 01:15:01.875000,313.0,223.0,287.0,320.0,False,HARD,9.0,False,Williams,0 days 01:13:50.984000,,1,18.0,,,False,True
0 days 01:16:12.935000,RUS,63,0 days 00:01:11.073000,35.0,3.0,,,0 days 00:00:17.084000,0 days 00:00:32.338000,0 days 00:00:21.651000,0 days 01:15:18.959000,0 days 01:15:51.297000,0 days 01:16:12.948000,322.0,222.0,289.0,321.0,False,HARD,10.0,False,Williams,0 days 01:15:01.862000,,1,18.0,,,False,True
0 days 01:17:31.286000,RUS,63,0 days 00:01:18.351000,36.0,3.0,,0 days 01:17:30.900000,0 days 00:00:17.148000,0 days 00:00:32.473000,0 days 00:00:28.730000,0 days 01:16:30.096000,0 days 01:17:02.569000,0 days 01:17:31.299000,322.0,222.0,,294.0,False,HARD,11.0,False,Williams,0 days 01:16:12.935000,,1,18.0,,,False,False
0 days 00:35:09.605000,GAS,10,0 days 00:02:03.661000,1.0,1.0,,0 days 00:35:05.286000,,0 days 00:00:51.869000,0 days 00:00:49.376000,,0 days 00:34:20.229000,0 days 00:35:09.947000,233.0,156.0,,174.0,False,SOFT,4.0,False,AlphaTauri,0 days 00:33:05.677000,,12,20.0,,,False,False
