Time,Driver,DriverNumber,LapTime,LapNumber,Stint,PitOutTime,PitInTime,Sector1Time,Sector2Time,Sector3Time,Sector1SessionTime,Sector2SessionTime,Sector3SessionTime,SpeedI1,SpeedI2,SpeedFL,SpeedST,IsPersonalBest,Compound,TyreLife,FreshTyre,Team,LapStartTime,LapStartDate,TrackStatus,Position,Deleted,DeletedReason,FastF1Generated,IsAccurate
0 days 00:35:12.805000,VER,33,0 days 00:01:46.339000,1.0,1.0,,,,0 days 00:00:29.563000,0 days 00:00:44.929000,,0 days 00:34:28.003000,0 days 00:35:12.978000,111.0,275.0,293.0,304.0,False,MEDIUM,4.0,False,Red Bull Racing,0 days 00:33:26.312000,,1,2.0,,,False,False
0 days 00:36:52.418000,VER,33,0 days 00:01:39.613000,2.0,1.0,,,0 days 00:00:25.323000,0 days 00:00:29.545000,0 days 00:00:44.745000,0 days 00:35:38.134000,0 days 00:36:07.679000,0 days 00:36:52.424000,108.0,274.0,293.0,300.0,True,MEDIUM,5.0,False,Red Bull Racing,0 days 00:35:12.805000,,1,2.0,,,False,True
0 days 00:38:31.989000,VER,33,0 days 00:01:39.571000,3.0,1.0,,,0 days 00:00:25.417000,0 days 00:00:29.755000,0 days 00:00:44.399000,0 days 00:37:17.841000,0 days 00:37:47.596000,0 days 00:38:31.995000,106.0,273.0,294.0,299.0,True,MEDIUM,6.0,False,Red Bull Racing,0 days 00:36:52.418000,,1,2.0,,,False,True
0 days 00:40:12.013000,VER,33,0 days 00:01:40.024000,4.0,1.0,,,0 days 00:00:25.489000,0 days 00:00:29.675000,0 days 00:00:44.860000,0 days 00:38:57.484000,0 days 00:39:27.159000,0 days 00:40:12.019000,106.0,274.0,294.0,296.0,False,MEDIUM,7.0,False,Red Bull Racing,0 days 00:38:31.989000,,1,2.0,,,False,True
0 days 00:41:51.421000,VER,33,0 days 00:01:39.408000,5.0,1.0,,,0 days 00:00:25.362000,0 days 00:00:29.678000,0 days 00:00:44.368000,0 days 00:40:37.381000,0 days 00:41:07.059000,0 days 00:41:51.427000,107.0,277.0,294.0,297.0,True,MEDIUM,8.0,False,Red Bull Racing,0 days 00:40:12.013000,,1,2.0,,,False,True
0 days 00:43:30.148000,VER,33,0 days 00:01:38.727000,6.0,1.0,,,0 days 00:00:25.092000,0 days 00:00:29.444000,0 days 00:00:44.191000,0 days 00:42:16.519000,0 days 00:42:45.963000,0 days 00:43:30.154000,101.0,277.0,294.0,303.0,True,MEDIUM,9.0,False,Red Bull Racing,0 days 00:41:51.421000,,1,2.0,,,False,True
0 days 00:45:09.578000,VER,33,0 days 00:01:39.430000,7.0,1.0,,,0 days 00:00:25.114000,0 days 00:00:29.546000,0 days 00:00:44.770000,0 days 00:43:55.268000,0 days 00:44:24.814000,0 days 00:45:09.584000,108.0,273.0,293.0,300.0,False,MEDIUM,10.0,False,Red Bull Racing,0 days 00:43:30.148000,,1,2.0,,,False,True
0 days 00:46:48.637000,VER,33,0 days 00:01:39.059000,8.0,1.0,,,0 days 00:00:25.185000,0 days 00:00:29.680000,0 days 00:00:44.194000,0 days 00:45:34.769000,0 days 00:46:04.449000,0 days 00:46:48.643000,106.0,275.0,293.0,297.0,False,MEDIUM,11.0,False,Red Bull Racing,0 days 00:45:09.578000,,1,2.0,,,False,True
0 days 00:48:27.759000,VER,33,0 days 00:01:39.122000,9.0,1.0,,,0 days 00:00:25.138000,0 days 00:00:29.609000,0 days 00:00:44.375000,0 days 00:47:13.781000,0 days 00:47:43.390000,0 days 00:48:27.765000,106.0,277.0,293.0,300.0,False,MEDIUM,12.0,False,Red Bull Racing,0 days 00:46:48.637000,,1,2.0,,,False,True
0 days 00:50:06.709000,VER,33,0 days 00:01:38.950000,10.0,1.0,,,0 days 00:00:25.213000,0 days 00:00:29.475000,0 days 00:00:44.262000,0 days 00:48:52.978000,0 days 00:49:22.453000,0 days 00:50:06.715000,107.0,277.0,295.0,303.0,False,MEDIUM,13.0,False,Red Bull Racing,0 days 00:48:27.759000,,1,2.0,,,False,True
0 days 00:51:45.923000,VER,33,0 days 00:01:39.214000,11.0,1.0,,,0 days 00:00:25.393000,0 days 00:00:29.588000,0 days 00:00:44.233000,0 days 00:50:32.108000,0 days 00:51:01.696000,0 days 00:51:45.929000,104.0,277.0,292.0,301.0,False,MEDIUM,14.0,False,Red Bull Racing,0 days 00:50:06.709000,,1,2.0,,,False,True
0 days 00:53:25.230000,VER,33,0 days 00:01:39.307000,12.0,1.0,,,0 days 00:00:25.513000,0 days 00:00:29.606000,0 days 00:00:44.188000,0 days 00:52:11.442000,0 days 00:52:41.048000,0 days 00:53:25.236000,99.0,278.0,292.0,301.0,False,MEDIUM,15.0,False,Red Bull Racing,0 days 00:51:45.923000,,1,2.0,,,False,True
0 days 00:55:04.444000,VER,33,0 days 00:01:39.214000,13.0,1.0,,,0 days 00:00:25.408000,0 days 00:00:29.617000,0 days 00:00:44.189000,0 days 00:53:50.644000,0 days 00:54:20.261000,0 days 00:55:04.450000,101.0,276.0,295.0,302.0,False,MEDIUM,16.0,False,Red Bull Racing,0 days 00:53:25.230000,,1,2.0,,,False,True
0 days 00:56:43.459000,VER,33,0 days 00:01:39.015000,14.0,1.0,,,0 days 00:00:25.203000,0 days 00:00:29.548000,0 days 00:00:44.264000,0 days 00:55:29.653000,0 days 00:55:59.201000,0 days 00:56:43.465000,103.0,276.0,294.0,300.0,False,MEDIUM,17.0,False,Red Bull Racing,0 days 00:55:04.444000,,1,2.0,,,False,True
0 days 00:58:23.756000,VER,33,0 days 00:01:40.297000,15.0,1.0,,,0 days 00:00:25.841000,0 days 00:00:29.729000,0 days 00:00:44.727000,0 days 00:57:09.306000,0 days 00:57:39.035000,0 days 00:58:23.762000,104.0,277.0,294.0,303.0,False,MEDIUM,18.0,False,Red Bull Racing,0 days 00:56:43.459000,,1,2.0,,,False,True
0 days 01:00:02.955000,VER,33,0 days 00:01:39.199000,16.0,1.0,,,0 days 00:00:25.117000,0 days 00:00:29.553000,0 days 00:00:44.529000,0 days 00:58:48.879000,0 days 00:59:18.432000,0 days 01:00:02.961000,106.0,275.0,293.0,299.0,False,MEDIUM,19.0,False,Red Bull Racing,0 days 00:58:23.756000,,1,2.0,,,False,True
0 days 01:01:42.201000,VER,33,0 days 00:01:39.246000,17.0,1.0,,,0 days 00:00:25.417000,0 days 00:00:29.650000,0 days 00:00:44.179000,0 days 01:00:28.378000,0 days 01:00:58.028000,0 days 01:01:42.207000,101.0,277.0,295.0,301.0,False,MEDIUM,20.0,False,Red Bull Racing,0 days 01:00:02.955000,,1,2.0,,,False,True
0 days 01:03:40.300000,VER,33,0 days 00:01:58.099000,18.0,1.0,,0 days 01:03:11.373000,0 days 00:00:25.158000,0 days 00:00:29.720000,0 days 00:01:03.221000,0 days 01:02:07.365000,0 days 01:02:37.085000,0 days 01:03:40.306000,99.0,278.0,,304.0,False,MEDIUM,21.0,False,Red Bull Racing,0 days 01:01:42.201000,,1,3.0,,,False,False
0 days 01:05:20.266000,VER,33,0 days 00:01:39.966000,19.0,2.0,0 days 01:03:41.059000,,0 days 00:00:28.054000,0 days 00:00:29.066000,0 days 00:00:42.846000,0 days 01:04:08.360000,0 days 01:04:37.426000,0 days 01:05:20.272000,112.0,277.0,296.0,298.0,False,HARD,1.0,True,Red Bull Racing,0 days 01:03:40.300000,,1,3.0,,,False,False
0 days 01:06:58.042000,VER,33,0 days 00:01:37.776000,20.0,2.0,,,0 days 00:00:24.861000,0 days 00:00:29.052000,0 days 00:00:43.863000,0 days 01:05:45.133000,0 days 01:06:14.185000,0 days 01:06:58.048000,110.0,278.0,293.0,300.0,True,HARD,2.0,True,Red Bull Racing,0 days 01:05:20.266000,,1,2.0,,,False,True
0 days 01:08:35.558000,VER,33,0 days 00:01:37.516000,21.0,2.0,,,0 days 00:00:24.755000,0 days 00:00:29.186000,0 days 00:00:43.575000,0 days 01:07:22.803000,0 days 01:07:51.989000,0 days 01:08:35.564000,105.0,278.0,294.0,301.0,True,HARD,3.0,True,Red Bull Racing,0 days 01:06:58.042000,,1,2.0,,,False,True
0 days 01:10:12.610000,VER,33,0 days 00:01:37.052000,22.0,2.0,,,0 days 00:00:24.727000,0 days 00:00:29.093000,0 days 00:00:43.232000,0 days 01:09:00.291000,0 days 01:09:29.384000,0 days 01:10:12.616000,108.0,278.0,296.0,306.0,True,HARD,4.0,True,Red Bull Racing,0 days 01:08:35.558000,,1,2.0,,,False,True
0 days 01:11:50.696000,VER,33,0 days 00:01:38.086000,23.0,2.0,,,0 days 00:00:24.832000,0 days 00:00:29.220000,0 days 00:00:44.034000,0 days 01:10:37.448000,0 days 01:11:06.668000,0 days 01:11:50.702000,109.0,278.0,295.0,300.0,False,HARD,5.0,True,Red Bull Racing,0 days 01:10:12.610000,,1,2.0,,,False,True
0 days 01:13:28.611000,VER,33,0 days 00:01:37.915000,24.0,2.0,,,0 days 00:00:24.946000,0 days 00:00:29.323000,0 days 00:00:43.646000,0 days 01:12:15.648000,0 days 01:12:44.971000,0 days 01:13:28.617000,110.0,279.0,295.0,300.0,False,HARD,6.0,True,Red Bull Racing,0 days 01:11:50.696000,,1,1.0,,,False,True
0 days 01:15:06.317000,VER,33,0 days 00:01:37.706000,25.0,2.0,,,0 days 00:00:24.854000,0 days 00:00:29.422000,0 days 00:00:43.430000,0 days 01:13:53.471000,0 days 01:14:22.893000,0 days 01:15:06.323000,108.0,277.0,294.0,299.0,False,HARD,7.0,True,Red Bull Racing,0 days 01:13:28.611000,,1,1.0,,,False,True
0 days 01:16:44.595000,VER,33,0 days 00:01:38.278000,26.0,2.0,,,0 days 00:00:25.123000,0 days 00:00:29.329000,0 days 00:00:43.826000,0 days 01:15:31.446000,0 days 01:16:00.775000,0 days 01:16:44.601000,106.0,277.0,292.0,299.0,False,HARD,8.0,True,Red Bull Racing,0 days 01:15:06.317000,,1,1.0,,,False,True
0 days 01:18:22.322000,VER,33,0 days 00:01:37.727000,27.0,2.0,,,0 days 00:00:24.991000,0 days 00:00:29.085000,0 days 00:00:43.651000,0 days 01:17:09.592000,0 days 01:17:38.677000,0 days 01:18:22.328000,110.0,278.0,292.0,301.0,False,HARD,9.0,True,Red Bull Racing,0 days 01:16:44.595000,,1,1.0,,,False,True
0 days 01:19:59.979000,VER,33,0 days 00:01:37.657000,28.0,2.0,,,0 days 00:00:24.882000,0 days 00:00:29.237000,0 days 00:00:43.538000,0 days 01:18:47.210000,0 days 01:19:16.447000,0 days 01:19:59.985000,108.0,277.0,294.0,302.0,False,HARD,10.0,True,Red Bull Racing,0 days 01:18:22.322000,,1,1.0,,,False,True
0 days 01:21:38.019000,VER,33,0 days 00:01:38.040000,29.0,2.0,,,0 days 00:00:24.847000,0 days 00:00:29.186000,0 days 00:00:44.007000,0 days 01:20:24.832000,0 days 01:20:54.018000,0 days 01:21:38.025000,107.0,278.0,295.0,305.0,False,HARD,11.0,True,Red Bull Racing,0 days 01:19:59.979000,,1,1.0,,,False,True
0 days 01:23:15.852000,VER,33,0 days 00:01:37.833000,30.0,2.0,,,0 days 00:00:24.883000,0 days 00:00:29.378000,0 days 00:00:43.572000,0 days 01:22:02.908000,0 days 01:22:32.286000,0 days 01:23:15.858000,108.0,278.0,293.0,300.0,False,HARD,12.0,True,Red Bull Racing,0 days 01:21:38.019000,,1,1.0,,,False,True
0 days 01:24:53.696000,VER,33,0 days 00:01:37.844000,31.0,2.0,,,0 days 00:00:24.983000,0 days 00:00:29.454000,0 days 00:00:43.407000,0 days 01:23:40.841000,0 days 01:24:10.295000,0 days 01:24:53.702000,103.0,279.0,294.0,300.0,False,HARD,13.0,True,Red Bull Racing,0 days 01:23:15.852000,,1,1.0,,,False,True
0 days 01:26:50.460000,VER,33,0 days 00:01:56.764000,32.0,2.0,,0 days 01:26:21.189000,0 days 00:00:24.776000,0 days 00:00:29.083000,0 days 00:01:02.905000,0 days 01:25:18.478000,0 days 01:25:47.561000,0 days 01:26:50.466000,107.0,278.0,,302.0,False,HARD,14.0,True,Red Bull Racing,0 days 01:24:53.696000,,1,4.0,,,False,False
0 days 01:28:30.918000,VER,33,0 days 00:01:40.458000,33.0,3.0,0 days 01:26:51.350000,,0 days 00:00:28.492000,0 days 00:00:29.056000,0 days 00:00:42.910000,0 days 01:27:18.958000,0 days 01:27:48.014000,0 days 01:28:30.924000,104.0,278.0,298.0,301.0,False,MEDIUM,4.0,False,Red Bull Racing,0 days 01:26:50.460000,,1,4.0,,,False,False
0 days 01:30:07.661000,VER,33,0 days 00:01:36.743000,34.0,3.0,,,0 days 00:00:24.720000,0 days 00:00:28.885000,0 days 00:00:43.138000,0 days 01:28:55.644000,0 days 01:29:24.529000,0 days 01:30:07.667000,107.0,280.0,298.0,304.0,True,MEDIUM,5.0,False,Red Bull Racing,0 days 01:28:30.918000,,1,4.0,,,False,True
0 days 01:31:44.065000,VER,33,0 days 00:01:36.404000,35.0,3.0,,,0 days 00:00:24.512000,0 days 00:00:28.969000,0 days 00:00:42.923000,0 days 01:30:32.179000,0 days 01:31:01.148000,0 days 01:31:44.071000,110.0,283.0,294.0,309.0,True,MEDIUM,6.0,False,Red Bull Racing,0 days 01:30:07.661000,,1,3.0,,,False,True
0 days 01:33:20.644000,VER,33,0 days 00:01:36.579000,36.0,3.0,,,0 days 00:00:24.649000,0 days 00:00:29.030000,0 days 00:00:42.900000,0 days 01:32:08.720000,0 days 01:32:37.750000,0 days 01:33:20.650000,107.0,280.0,295.0,298.0,False,MEDIUM,7.0,False,Red Bull Racing,0 days 01:31:44.065000,,1,3.0,,,False,True
0 days 01:34:57.226000,VER,33,0 days 00:01:36.582000,37.0,3.0,,,0 days 00:00:24.617000,0 days 00:00:29.047000,0 days 00:00:42.918000,0 days 01:33:45.267000,0 days 01:34:14.314000,0 days 01:34:57.232000,112.0,279.0,295.0,303.0,False,MEDIUM,8.0,False,Red Bull Racing,0 days 01:33:20.644000,,1,3.0,,,False,True
0 days 01:36:34.089000,VER,33,0 days 00:01:36.863000,38.0,3.0,,,0 days 00:00:24.744000,0 days 00:00:29.194000,0 days 00:00:42.925000,0 days 01:35:21.976000,0 days 01:35:51.170000,0 days 01:36:34.095000,109.0,280.0,294.0,301.0,False,MEDIUM,9.0,False,Red Bull Racing,0 days 01:34:57.226000,,1,3.0,,,False,True
0 days 01:38:11.062000,VER,33,0 days 00:01:36.973000,39.0,3.0,,,0 days 00:00:24.685000,0 days 00:00:29.062000,0 days 00:00:43.226000,0 days 01:36:58.780000,0 days 01:37:27.842000,0 days 01:38:11.068000,108.0,280.0,294.0,305.0,False,MEDIUM,10.0,False,Red Bull Racing,0 days 01:36:34.089000,,1,3.0,,,False,True
0 days 01:39:48.095000,VER,33,0 days 00:01:37.033000,40.0,3.0,,,0 days 00:00:24.511000,0 days 00:00:29.112000,0 days 00:00:43.410000,0 days 01:38:35.579000,0 days 01:39:04.691000,0 days 01:39:48.101000,108.0,281.0,299.0,309.0,False,MEDIUM,11.0,False,Red Bull Racing,0 days 01:38:11.062000,,1,3.0,,,False,True
0 days 01:41:25.176000,VER,33,0 days 00:01:37.081000,41.0,3.0,,,0 days 00:00:24.879000,0 days 00:00:28.994000,0 days 00:00:43.208000,0 days 01:40:12.980000,0 days 01:40:41.974000,0 days 01:41:25.182000,104.0,281.0,297.0,329.0,False,MEDIUM,12.0,False,Red Bull Racing,0 days 01:39:48.095000,,1,3.0,,,False,True
0 days 01:43:02.025000,VER,33,0 days 00:01:36.849000,42.0,3.0,,,0 days 00:00:24.589000,0 days 00:00:28.995000,0 days 00:00:43.265000,0 days 01:41:49.771000,0 days 01:42:18.766000,0 days 01:43:02.031000,109.0,282.0,298.0,308.0,False,MEDIUM,13.0,False,Red Bull Racing,0 days 01:41:25.176000,,1,3.0,,,False,True
0 days 01:44:39.117000,VER,33,0 days 00:01:37.092000,43.0,3.0,,,0 days 00:00:24.515000,0 days 00:00:29.047000,0 days 00:00:43.530000,0 days 01:43:26.546000,0 days 01:43:55.593000,0 days 01:44:39.123000,108.0,285.0,306.0,331.0,False,MEDIUM,14.0,False,Red Bull Racing,0 days 01:43:02.025000,,1,3.0,,,False,True
0 days 01:46:16.567000,VER,33,0 days 00:01:37.450000,44.0,3.0,,,0 days 00:00:24.673000,0 days 00:00:29.355000,0 days 00:00:43.422000,0 days 01:45:03.796000,0 days 01:45:33.151000,0 days 01:46:16.573000,106.0,281.0,293.0,331.0,False,MEDIUM,15.0,False,Red Bull Racing,0 days 01:44:39.117000,,1,2.0,,,False,True
0 days 01:47:53.696000,VER,33,0 days 00:01:37.129000,45.0,3.0,,,0 days 00:00:24.695000,0 days 00:00:29.173000,0 days 00:00:43.261000,0 days 01:46:41.268000,0 days 01:47:10.441000,0 days 01:47:53.702000,107.0,281.0,295.0,305.0,False,MEDIUM,16.0,False,Red Bull Racing,0 days 01:46:16.567000,,1,2.0,,,False,True
0 days 01:49:31.254000,VER,33,0 days 00:01:37.558000,46.0,3.0,,,0 days 00:00:24.784000,0 days 00:00:29.227000,0 days 00:00:43.547000,0 days 01:48:18.486000,0 days 01:48:47.713000,0 days 01:49:31.260000,102.0,283.0,296.0,308.0,False,MEDIUM,17.0,False,Red Bull Racing,0 days 01:47:53.696000,,1,2.0,,,False,True
0 days 01:51:08.881000,VER,33,0 days 00:01:37.627000,47.0,3.0,,,0 days 00:00:24.993000,0 days 00:00:29.226000,0 days 00:00:43.408000,0 days 01:49:56.253000,0 days 01:50:25.479000,0 days 01:51:08.887000,109.0,281.0,298.0,303.0,False,MEDIUM,18.0,False,Red Bull Racing,0 days 01:49:31.254000,,1,2.0,,,False,True
0 days 01:52:46.340000,VER,33,0 days 00:01:37.459000,48.0,3.0,,,0 days 00:00:24.842000,0 days 00:00:29.254000,0 days 00:00:43.363000,0 days 01:51:33.729000,0 days 01:52:02.983000,0 days 01:52:46.346000,105.0,284.0,298.0,309.0,False,MEDIUM,19.0,False,Red Bull Racing,0 days 01:51:08.881000,,1,2.0,,,False,True
0 days 01:54:23.770000,VER,33,0 days 00:01:37.430000,49.0,3.0,,,0 days 00:00:24.887000,0 days 00:00:29.087000,0 days 00:00:43.456000,0 days 01:53:11.233000,0 days 01:53:40.320000,0 days 01:54:23.776000,100.0,283.0,295.0,337.0,False,MEDIUM,20.0,False,Red Bull Racing,0 days 01:52:46.340000,,1,2.0,,,False,True
0 days 01:56:00.738000,VER,33,0 days 00:01:36.968000,50.0,3.0,,,0 days 00:00:24.570000,0 days 00:00:29.086000,0 days 00:00:43.312000,0 days 01:54:48.346000,0 days 01:55:17.432000,0 days 01:56:00.744000,107.0,282.0,299.0,306.0,False,MEDIUM,21.0,False,Red Bull Racing,0 days 01:54:23.770000,,1,2.0,,,False,True
0 days 01:57:38.151000,VER,33,0 days 00:01:37.413000,51.0,3.0,,,0 days 00:00:24.620000,0 days 00:00:29.125000,0 days 00:00:43.668000,0 days 01:56:25.364000,0 days 01:56:54.489000,0 days 01:57:38.157000,103.0,283.0,309.0,309.0,False,MEDIUM,22.0,False,Red Bull Racing,0 days 01:56:00.738000,,1,2.0,,,False,True
0 days 01:59:15.093000,VER,33,0 days 00:01:36.942000,52.0,3.0,,,0 days 00:00:24.964000,0 days 00:00:29.006000,0 days 00:00:42.972000,0 days 01:58:03.121000,0 days 01:58:32.127000,0 days 01:59:15.099000,105.0,278.0,293.0,330.0,False,MEDIUM,23.0,False,Red Bull Racing,0 days 01:57:38.151000,,1,1.0,,,False,True
0 days 02:00:52.236000,VER,33,0 days 00:01:37.143000,53.0,3.0,,,0 days 00:00:24.532000,0 days 00:00:29.210000,0 days 00:00:43.401000,0 days 01:59:39.631000,0 days 02:00:08.841000,0 days 02:00:52.242000,103.0,282.0,287.0,309.0,False,MEDIUM,24.0,False,Red Bull Racing,0 days 01:59:15.093000,,1,1.0,,,False,True
0 days 00:35:11.325000,HAM,44,0 days 00:01:44.859000,1.0,1.0,,,,0 days 00:00:29.546000,0 days 00:00:44.594000,,0 days 00:34:26.829000,0 days 00:35:11.545000,112.0,272.0,289.0,292.0,False,MEDIUM,4.0,False,Mercedes,0 days 00:33:26.312000,,1,1.0,,,False,False
0 days 00:36:50.950000,HAM,44,0 days 00:01:39.625000,2.0,1.0,,,0 days 00:00:25.264000,0 days 00:00:29.807000,0 days 00:00:44.554000,0 days 00:35:36.608000,0 days 00:36:06.415000,0 days 00:36:50.969000,108.0,270.0,289.0,287.0,True,MEDIUM,5.0,False,Mercedes,0 days 00:35:11.325000,,1,1.0,,,False,True
0 days 00:38:30.726000,HAM,44,0 days 00:01:39.776000,3.0,1.0,,,0 days 00:00:25.599000,0 days 00:00:29.859000,0 days 00:00:44.318000,0 days 00:37:16.568000,0 days 00:37:46.427000,0 days 00:38:30.745000,108.0,269.0,290.0,284.0,False,MEDIUM,6.0,False,Mercedes,0 days 00:36:50.950000,,1,1.0,,,False,True
0 days 00:40:10.418000,HAM,44,0 days 00:01:39.692000,4.0,1.0,,,0 days 00:00:25.176000,0 days 00:00:29.897000,0 days 00:00:44.619000,0 days 00:38:55.921000,0 days 00:39:25.818000,0 days 00:40:10.437000,109.0,271.0,290.0,285.0,False,MEDIUM,7.0,False,Mercedes,0 days 00:38:30.726000,,1,1.0,,,False,True
0 days 00:41:49.967000,HAM,44,0 days 00:01:39.549000,5.0,1.0,,,0 days 00:00:25.177000,0 days 00:00:29.961000,0 days 00:00:44.411000,0 days 00:40:35.614000,0 days 00:41:05.575000,0 days 00:41:49.986000,108.0,272.0,290.0,283.0,True,MEDIUM,8.0,False,Mercedes,0 days 00:40:10.418000,,1,1.0,,,False,True
0 days 00:43:28.754000,HAM,44,0 days 00:01:38.787000,6.0,1.0,,,0 days 00:00:25.008000,0 days 00:00:29.724000,0 days 00:00:44.055000,0 days 00:42:14.994000,0 days 00:42:44.718000,0 days 00:43:28.773000,104.0,273.0,289.0,291.0,True,MEDIUM,9.0,False,Mercedes,0 days 00:41:49.967000,,1,1.0,,,False,True
0 days 00:45:07.958000,HAM,44,0 days 00:01:39.204000,7.0,1.0,,,0 days 00:00:24.990000,0 days 00:00:29.758000,0 days 00:00:44.456000,0 days 00:43:53.763000,0 days 00:44:23.521000,0 days 00:45:07.977000,109.0,269.0,289.0,286.0,False,MEDIUM,10.0,False,Mercedes,0 days 00:43:28.754000,,1,1.0,,,False,True
0 days 00:46:46.721000,HAM,44,0 days 00:01:38.763000,8.0,1.0,,,0 days 00:00:24.992000,0 days 00:00:29.721000,0 days 00:00:44.050000,0 days 00:45:32.969000,0 days 00:46:02.690000,0 days 00:46:46.740000,109.0,271.0,289.0,287.0,True,MEDIUM,11.0,False,Mercedes,0 days 00:45:07.958000,,1,1.0,,,False,True
0 days 00:48:25.989000,HAM,44,0 days 00:01:39.268000,9.0,1.0,,,0 days 00:00:25.089000,0 days 00:00:29.831000,0 days 00:00:44.348000,0 days 00:47:11.829000,0 days 00:47:41.660000,0 days 00:48:26.008000,106.0,273.0,289.0,288.0,False,MEDIUM,12.0,False,Mercedes,0 days 00:46:46.721000,,1,1.0,,,False,True
0 days 00:50:04.767000,HAM,44,0 days 00:01:38.778000,10.0,1.0,,,0 days 00:00:25.035000,0 days 00:00:29.672000,0 days 00:00:44.071000,0 days 00:48:51.043000,0 days 00:49:20.715000,0 days 00:50:04.786000,107.0,273.0,290.0,290.0,False,MEDIUM,13.0,False,Mercedes,0 days 00:48:25.989000,,1,1.0,,,False,True
0 days 00:51:43.744000,HAM,44,0 days 00:01:38.977000,11.0,1.0,,,0 days 00:00:25.104000,0 days 00:00:29.755000,0 days 00:00:44.118000,0 days 00:50:29.890000,0 days 00:50:59.645000,0 days 00:51:43.763000,104.0,273.0,288.0,293.0,False,MEDIUM,14.0,False,Mercedes,0 days 00:50:04.767000,,1,1.0,,,False,True
0 days 00:53:23.176000,HAM,44,0 days 00:01:39.432000,12.0,1.0,,,0 days 00:00:25.156000,0 days 00:00:29.837000,0 days 00:00:44.439000,0 days 00:52:08.919000,0 days 00:52:38.756000,0 days 00:53:23.195000,103.0,273.0,288.0,290.0,False,MEDIUM,15.0,False,Mercedes,0 days 00:51:43.744000,,1,1.0,,,False,True
0 days 00:55:02.105000,HAM,44,0 days 00:01:38.929000,13.0,1.0,,,0 days 00:00:25.157000,0 days 00:00:29.635000,0 days 00:00:44.137000,0 days 00:53:48.352000,0 days 00:54:17.987000,0 days 00:55:02.124000,103.0,273.0,290.0,291.0,False,MEDIUM,16.0,False,Mercedes,0 days 00:53:23.176000,,1,1.0,,,False,True
0 days 00:56:41.265000,HAM,44,0 days 00:01:39.160000,14.0,1.0,,,0 days 00:00:25.080000,0 days 00:00:29.696000,0 days 00:00:44.384000,0 days 00:55:27.204000,0 days 00:55:56.900000,0 days 00:56:41.284000,105.0,274.0,289.0,292.0,False,MEDIUM,17.0,False,Mercedes,0 days 00:55:02.105000,,1,1.0,,,False,True
0 days 00:58:20.776000,HAM,44,0 days 00:01:39.511000,15.0,1.0,,,0 days 00:00:25.236000,0 days 00:00:29.631000,0 days 00:00:44.644000,0 days 00:57:06.520000,0 days 00:57:36.151000,0 days 00:58:20.795000,105.0,274.0,291.0,293.0,False,MEDIUM,18.0,False,Mercedes,0 days 00:56:41.265000,,1,1.0,,,False,True
0 days 01:00:00.171000,HAM,44,0 days 00:01:39.395000,16.0,1.0,,,0 days 00:00:25.100000,0 days 00:00:29.685000,0 days 00:00:44.610000,0 days 00:58:45.895000,0 days 00:59:15.580000,0 days 01:00:00.190000,107.0,273.0,289.0,289.0,False,MEDIUM,19.0,False,Mercedes,0 days 00:58:20.776000,,1,1.0,,,False,True
0 days 01:01:39.097000,HAM,44,0 days 00:01:38.926000,17.0,1.0,,,0 days 00:00:25.150000,0 days 00:00:29.607000,0 days 00:00:44.169000,0 days 01:00:25.340000,0 days 01:00:54.947000,0 days 01:01:39.116000,102.0,275.0,291.0,292.0,False,MEDIUM,20.0,False,Mercedes,0 days 01:00:00.171000,,1,1.0,,,False,True
0 days 01:03:18.132000,HAM,44,0 days 00:01:39.035000,18.0,1.0,,,0 days 00:00:25.199000,0 days 00:00:29.610000,0 days 00:00:44.226000,0 days 01:02:04.315000,0 days 01:02:33.925000,0 days 01:03:18.151000,102.0,276.0,290.0,293.0,False,MEDIUM,21.0,False,Mercedes,0 days 01:01:39.097000,,1,1.0,,,False,True
0 days 01:05:16.816000,HAM,44,0 days 00:01:58.684000,19.0,1.0,,0 days 01:04:47.421000,0 days 00:00:25.303000,0 days 00:00:29.447000,0 days 00:01:03.934000,0 days 01:03:43.454000,0 days 01:04:12.901000,0 days 01:05:16.835000,108.0,274.0,,292.0,False,MEDIUM,22.0,False,Mercedes,0 days 01:03:18.132000,,1,2.0,,,False,False
0 days 01:06:58.689000,HAM,44,0 days 00:01:41.873000,20.0,2.0,0 days 01:05:17.562000,,0 days 00:00:29.276000,0 days 00:00:29.105000,0 days 00:00:43.492000,0 days 01:05:46.111000,0 days 01:06:15.216000,0 days 01:06:58.708000,111.0,278.0,291.0,305.0,False,HARD,1.0,True,Mercedes,0 days 01:05:16.816000,,1,3.0,,,False,False
0 days 01:08:36.169000,HAM,44,0 days 00:01:37.480000,21.0,2.0,,,0 days 00:00:24.978000,0 days 00:00:29.096000,0 days 00:00:43.406000,0 days 01:07:23.686000,0 days 01:07:52.782000,0 days 01:08:36.188000,107.0,279.0,304.0,314.0,True,HARD,2.0,True,Mercedes,0 days 01:06:58.689000,,1,3.0,,,False,True
0 days 01:10:13.720000,HAM,44,0 days 00:01:37.551000,22.0,2.0,,,0 days 00:00:24.845000,0 days 00:00:28.922000,0 days 00:00:43.784000,0 days 01:09:01.033000,0 days 01:09:29.955000,0 days 01:10:13.739000,112.0,281.0,296.0,320.0,False,HARD,3.0,True,Mercedes,0 days 01:08:36.169000,,1,3.0,,,False,True
0 days 01:11:51.422000,HAM,44,0 days 00:01:37.702000,23.0,2.0,,,0 days 00:00:24.808000,0 days 00:00:29.348000,0 days 00:00:43.546000,0 days 01:10:38.547000,0 days 01:11:07.895000,0 days 01:11:51.441000,107.0,279.0,302.0,299.0,False,HARD,4.0,True,Mercedes,0 days 01:10:13.720000,,1,3.0,,,False,True
0 days 01:13:29.208000,HAM,44,0 days 00:01:37.786000,24.0,2.0,,,0 days 00:00:25.049000,0 days 00:00:29.088000,0 days 00:00:43.649000,0 days 01:12:16.490000,0 days 01:12:45.578000,0 days 01:13:29.227000,108.0,281.0,304.0,320.0,False,HARD,5.0,True,Mercedes,0 days 01:11:51.422000,,1,2.0,,,False,True
0 days 01:15:07.155000,HAM,44,0 days 00:01:37.947000,25.0,2.0,,,0 days 00:00:25.115000,0 days 00:00:29.168000,0 days 00:00:43.664000,0 days 01:13:54.342000,0 days 01:14:23.510000,0 days 01:15:07.174000,103.0,281.0,303.0,316.0,False,HARD,6.0,True,Mercedes,0 days 01:13:29.208000,,1,2.0,,,False,True
0 days 01:16:45.060000,HAM,44,0 days 00:01:37.905000,26.0,2.0,,,0 days 00:00:25.110000,0 days 00:00:29.123000,0 days 00:00:43.672000,0 days 01:15:32.284000,0 days 01:16:01.407000,0 days 01:16:45.079000,102.0,281.0,305.0,320.0,False,HARD,7.0,True,Mercedes,0 days 01:15:07.155000,,1,2.0,,,False,True
0 days 01:18:23.039000,HAM,44,0 days 00:01:37.979000,27.0,2.0,,,0 days 00:00:25.292000,0 days 00:00:29.030000,0 days 00:00:43.657000,0 days 01:17:10.371000,0 days 01:17:39.401000,0 days 01:18:23.058000,106.0,280.0,301.0,318.0,False,HARD,8.0,True,Mercedes,0 days 01:16:45.060000,,1,2.0,,,False,True
0 days 01:20:00.751000,HAM,44,0 days 00:01:37.712000,28.0,2.0,,,0 days 00:00:25.054000,0 days 00:00:29.009000,0 days 00:00:43.649000,0 days 01:18:48.112000,0 days 01:19:17.121000,0 days 01:20:00.770000,105.0,280.0,305.0,320.0,False,HARD,9.0,True,Mercedes,0 days 01:18:23.039000,,1,2.0,,,False,True
0 days 01:21:39.208000,HAM,44,0 days 00:01:38.457000,29.0,2.0,,,0 days 00:00:25.093000,0 days 00:00:29.414000,0 days 00:00:43.950000,0 days 01:20:25.863000,0 days 01:20:55.277000,0 days 01:21:39.227000,103.0,278.0,294.0,302.0,False,HARD,10.0,True,Mercedes,0 days 01:20:00.751000,,1,2.0,,,False,True
0 days 01:23:17.434000,HAM,44,0 days 00:01:38.226000,30.0,2.0,,,0 days 00:00:25.124000,0 days 00:00:29.430000,0 days 00:00:43.672000,0 days 01:22:04.351000,0 days 01:22:33.781000,0 days 01:23:17.453000,102.0,277.0,293.0,298.0,False,HARD,11.0,True,Mercedes,0 days 01:21:39.208000,,1,2.0,,,False,True
0 days 01:24:55.937000,HAM,44,0 days 00:01:38.503000,31.0,2.0,,,0 days 00:00:25.145000,0 days 00:00:29.628000,0 days 00:00:43.730000,0 days 01:23:42.598000,0 days 01:24:12.226000,0 days 01:24:55.956000,100.0,278.0,292.0,297.0,False,HARD,12.0,True,Mercedes,0 days 01:23:17.434000,,1,2.0,,,False,True
0 days 01:26:34.329000,HAM,44,0 days 00:01:38.392000,32.0,2.0,,,0 days 00:00:24.893000,0 days 00:00:29.528000,0 days 00:00:43.971000,0 days 01:25:20.849000,0 days 01:25:50.377000,0 days 01:26:34.348000,104.0,276.0,291.0,295.0,False,HARD,13.0,True,Mercedes,0 days 01:24:55.937000,,1,1.0,,,False,True
0 days 01:28:12.758000,HAM,44,0 days 00:01:38.429000,33.0,2.0,,,0 days 00:00:24.940000,0 days 00:00:29.493000,0 days 00:00:43.996000,0 days 01:26:59.288000,0 days 01:27:28.781000,0 days 01:28:12.777000,102.0,276.0,292.0,294.0,False,HARD,14.0,True,Mercedes,0 days 01:26:34.329000,,1,1.0,,,False,True
0 days 01:29:51.424000,HAM,44,0 days 00:01:38.666000,34.0,2.0,,,0 days 00:00:25.118000,0 days 00:00:29.626000,0 days 00:00:43.922000,0 days 01:28:37.895000,0 days 01:29:07.521000,0 days 01:29:51.443000,104.0,276.0,291.0,295.0,False,HARD,15.0,True,Mercedes,0 days 01:28:12.758000,,1,1.0,,,False,True
0 days 01:31:29.835000,HAM,44,0 days 00:01:38.411000,35.0,2.0,,,0 days 00:00:25.125000,0 days 00:00:29.608000,0 days 00:00:43.678000,0 days 01:30:16.568000,0 days 01:30:46.176000,0 days 01:31:29.854000,103.0,277.0,290.0,293.0,False,HARD,16.0,True,Mercedes,0 days 01:29:51.424000,,1,1.0,,,False,True
0 days 01:33:08.400000,HAM,44,0 days 00:01:38.565000,36.0,2.0,,,0 days 00:00:24.887000,0 days 00:00:29.523000,0 days 00:00:44.155000,0 days 01:31:54.741000,0 days 01:32:24.264000,0 days 01:33:08.419000,107.0,277.0,290.0,298.0,False,HARD,17.0,True,Mercedes,0 days 01:31:29.835000,,1,1.0,,,False,True
0 days 01:34:47.537000,HAM,44,0 days 00:01:39.137000,37.0,2.0,,,0 days 00:00:24.940000,0 days 00:00:30.310000,0 days 00:00:43.887000,0 days 01:33:33.359000,0 days 01:34:03.669000,0 days 01:34:47.556000,107.0,277.0,292.0,300.0,False,HARD,18.0,True,Mercedes,0 days 01:33:08.400000,,1,1.0,,,False,True
0 days 01:36:25.187000,HAM,44,0 days 00:01:37.650000,38.0,2.0,,,0 days 00:00:24.733000,0 days 00:00:29.395000,0 days 00:00:43.522000,0 days 01:35:12.289000,0 days 01:35:41.684000,0 days 01:36:25.206000,103.0,278.0,292.0,298.0,False,HARD,19.0,True,Mercedes,0 days 01:34:47.537000,,1,1.0,,,False,True
0 days 01:38:02.645000,HAM,44,0 days 00:01:37.458000,39.0,2.0,,,0 days 00:00:24.805000,0 days 00:00:29.309000,0 days 00:00:43.344000,0 days 01:36:50.011000,0 days 01:37:19.320000,0 days 01:38:02.664000,104.0,280.0,292.0,302.0,True,HARD,20.0,True,Mercedes,0 days 01:36:25.187000,,1,1.0,,,False,True
0 days 01:39:40.827000,HAM,44,0 days 00:01:38.182000,40.0,2.0,,,0 days 00:00:24.871000,0 days 00:00:29.367000,0 days 00:00:43.944000,0 days 01:38:27.535000,0 days 01:38:56.902000,0 days 01:39:40.846000,105.0,277.0,293.0,299.0,False,HARD,21.0,True,Mercedes,0 days 01:38:02.645000,,1,1.0,,,False,True
0 days 01:41:18.512000,HAM,44,0 days 00:01:37.685000,41.0,2.0,,,0 days 00:00:24.831000,0 days 00:00:29.391000,0 days 00:00:43.463000,0 days 01:40:05.677000,0 days 01:40:35.068000,0 days 01:41:18.531000,103.0,277.0,293.0,301.0,False,HARD,22.0,True,Mercedes,0 days 01:39:40.827000,,1,1.0,,,False,True
0 days 01:42:56.330000,HAM,44,0 days 00:01:37.818000,42.0,2.0,,,0 days 00:00:24.807000,0 days 00:00:29.450000,0 days 00:00:43.561000,0 days 01:41:43.338000,0 days 01:42:12.788000,0 days 01:42:56.349000,105.0,277.0,294.0,300.0,False,HARD,23.0,True,Mercedes,0 days 01:41:18.512000,,1,1.0,,,False,True
0 days 01:44:33.970000,HAM,44,0 days 00:01:37.640000,43.0,2.0,,,0 days 00:00:24.836000,0 days 00:00:29.409000,0 days 00:00:43.395000,0 days 01:43:21.185000,0 days 01:43:50.594000,0 days 01:44:33.989000,103.0,279.0,294.0,302.0,False,HARD,24.0,True,Mercedes,0 days 01:42:56.330000,,1,1.0,,,False,True
0 days 01:46:11.380000,HAM,44,0 days 00:01:37.410000,44.0,2.0,,,0 days 00:00:24.779000,0 days 00:00:29.346000,0 days 00:00:43.285000,0 days 01:44:58.768000,0 days 01:45:28.114000,0 days 01:46:11.399000,102.0,279.0,293.0,303.0,True,HARD,25.0,True,Mercedes,0 days 01:44:33.970000,,1,1.0,,,False,True
0 days 01:47:48.922000,HAM,44,0 days 00:01:37.542000,45.0,2.0,,,0 days 00:00:25.151000,0 days 00:00:29.359000,0 days 00:00:43.032000,0 days 01:46:36.550000,0 days 01:47:05.909000,0 days 01:47:48.941000,102.0,278.0,292.0,301.0,False,HARD,26.0,True,Mercedes,0 days 01:46:11.380000,,1,1.0,,,False,True
0 days 01:49:26.467000,HAM,44,0 days 00:01:37.545000,46.0,2.0,,,0 days 00:00:24.781000,0 days 00:00:29.470000,0 days 00:00:43.294000,0 days 01:48:13.722000,0 days 01:48:43.192000,0 days 01:49:26.486000,100.0,280.0,293.0,307.0,False,HARD,27.0,True,Mercedes,0 days 01:47:48.922000,,1,1.0,,,False,True
0 days 01:51:04.898000,HAM,44,0 days 00:01:38.431000,47.0,2.0,,,0 days 00:00:24.704000,0 days 00:00:29.365000,0 days 00:00:44.362000,0 days 01:49:51.190000,0 days 01:50:20.555000,0 days 01:51:04.917000,107.0,281.0,298.0,304.0,False,HARD,28.0,True,Mercedes,0 days 01:49:26.467000,,1,1.0,,,False,True
0 days 01:52:42.987000,HAM,44,0 days 00:01:38.089000,48.0,2.0,,,0 days 00:00:25.189000,0 days 00:00:29.454000,0 days 00:00:43.446000,0 days 01:51:30.106000,0 days 01:51:59.560000,0 days 01:52:43.006000,104.0,278.0,297.0,303.0,False,HARD,29.0,True,Mercedes,0 days 01:51:04.898000,,1,1.0,,,False,True
0 days 01:54:21.176000,HAM,44,0 days 00:01:38.189000,49.0,2.0,,,0 days 00:00:25.439000,0 days 00:00:29.541000,0 days 00:00:43.209000,0 days 01:53:08.445000,0 days 01:53:37.986000,0 days 01:54:21.195000,100.0,279.0,291.0,298.0,False,HARD,30.0,True,Mercedes,0 days 01:52:42.987000,,1,1.0,,,False,True
0 days 01:55:59.122000,HAM,44,0 days 00:01:37.946000,50.0,2.0,,,0 days 00:00:24.718000,0 days 00:00:29.658000,0 days 00:00:43.570000,0 days 01:54:45.913000,0 days 01:55:15.571000,0 days 01:55:59.141000,106.0,278.0,295.0,299.0,False,HARD,31.0,True,Mercedes,0 days 01:54:21.176000,,1,1.0,,,False,True
0 days 01:57:37.364000,HAM,44,0 days 00:01:38.242000,51.0,2.0,,,0 days 00:00:24.886000,0 days 00:00:29.606000,0 days 00:00:43.750000,0 days 01:56:24.027000,0 days 01:56:53.633000,0 days 01:57:37.383000,107.0,278.0,296.0,296.0,False,HARD,32.0,True,Mercedes,0 days 01:55:59.122000,,1,1.0,,,False,True
0 days 01:59:16.099000,HAM,44,0 days 00:01:38.735000,52.0,2.0,,,0 days 00:00:24.969000,0 days 00:00:30.137000,0 days 00:00:43.629000,0 days 01:58:02.352000,0 days 01:58:32.489000,0 days 01:59:16.118000,102.0,285.0,303.0,302.0,False,HARD,33.0,True,Mercedes,0 days 01:57:37.364000,,1,2.0,,,False,True
0 days 02:00:55.140000,HAM,44,0 days 00:01:39.041000,53.0,2.0,,,0 days 00:00:25.098000,0 days 00:00:29.728000,0 days 00:00:44.215000,0 days 01:59:41.216000,0 days 02:00:10.944000,0 days 02:00:55.159000,100.0,280.0,263.0,304.0,False,HARD,34.0,True,Mercedes,0 days 01:59:16.099000,,1,2.0,,,False,True
0 days 00:35:14.723000,PER,11,0 days 00:01:48.257000,1.0,1.0,,,,0 days 00:00:30.032000,0 days 00:00:45.492000,,0 days 00:34:29.286000,0 days 00:35:14.889000,109.0,272.0,294.0,309.0,False,MEDIUM,4.0,False,Red Bull Racing,0 days 00:33:26.312000,,1,4.0,,,False,False
0 days 00:36:55.335000,PER,11,0 days 00:01:40.612000,2.0,1.0,,,0 days 00:00:25.559000,0 days 00:00:29.898000,0 days 00:00:45.155000,0 days 00:35:40.291000,0 days 00:36:10.189000,0 days 00:36:55.344000,110.0,274.0,293.0,296.0,True,MEDIUM,5.0,False,Red Bull Racing,0 days 00:35:14.723000,,1,4.0,,,False,True
0 days 00:38:35.884000,PER,11,0 days 00:01:40.549000,3.0,1.0,,,0 days 00:00:25.774000,0 days 00:00:30.160000,0 days 00:00:44.615000,0 days 00:37:21.118000,0 days 00:37:51.278000,0 days 00:38:35.893000,104.0,272.0,292.0,293.0,True,MEDIUM,6.0,False,Red Bull Racing,0 days 00:36:55.335000,,1,4.0,,,False,True
0 days 00:40:16.303000,PER,11,0 days 00:01:40.419000,4.0,1.0,,,0 days 00:00:25.546000,0 days 00:00:29.971000,0 days 00:00:44.902000,0 days 00:39:01.439000,0 days 00:39:31.410000,0 days 00:40:16.312000,103.0,274.0,293.0,293.0,True,MEDIUM,7.0,False,Red Bull Racing,0 days 00:38:35.884000,,1,4.0,,,False,True
0 days 00:41:56.301000,PER,11,0 days 00:01:39.998000,5.0,1.0,,,0 days 00:00:25.591000,0 days 00:00:30.001000,0 days 00:00:44.406000,0 days 00:40:41.903000,0 days 00:41:11.904000,0 days 00:41:56.310000,99.0,275.0,294.0,294.0,True,MEDIUM,8.0,False,Red Bull Racing,0 days 00:40:16.303000,,1,4.0,,,False,True
0 days 00:43:35.541000,PER,11,0 days 00:01:39.240000,6.0,1.0,,,0 days 00:00:25.256000,0 days 00:00:29.588000,0 days 00:00:44.396000,0 days 00:42:21.566000,0 days 00:42:51.154000,0 days 00:43:35.550000,101.0,275.0,291.0,297.0,True,MEDIUM,9.0,False,Red Bull Racing,0 days 00:41:56.301000,,1,4.0,,,False,True
0 days 00:45:15.206000,PER,11,0 days 00:01:39.665000,7.0,1.0,,,0 days 00:00:25.241000,0 days 00:00:29.673000,0 days 00:00:44.751000,0 days 00:44:00.791000,0 days 00:44:30.464000,0 days 00:45:15.215000,104.0,270.0,292.0,295.0,False,MEDIUM,10.0,False,Red Bull Racing,0 days 00:43:35.541000,,1,4.0,,,False,True
0 days 00:46:54.278000,PER,11,0 days 00:01:39.072000,8.0,1.0,,,0 days 00:00:25.289000,0 days 00:00:29.631000,0 days 00:00:44.152000,0 days 00:45:40.504000,0 days 00:46:10.135000,0 days 00:46:54.287000,104.0,273.0,292.0,294.0,True,MEDIUM,11.0,False,Red Bull Racing,0 days 00:45:15.206000,,1,4.0,,,False,True
0 days 00:48:33.583000,PER,11,0 days 00:01:39.305000,9.0,1.0,,,0 days 00:00:25.276000,0 days 00:00:29.656000,0 days 00:00:44.373000,0 days 00:47:19.563000,0 days 00:47:49.219000,0 days 00:48:33.592000,103.0,275.0,292.0,295.0,False,MEDIUM,12.0,False,Red Bull Racing,0 days 00:46:54.278000,,1,4.0,,,False,True
0 days 00:50:12.734000,PER,11,0 days 00:01:39.151000,10.0,1.0,,,0 days 00:00:25.101000,0 days 00:00:29.481000,0 days 00:00:44.569000,0 days 00:48:58.693000,0 days 00:49:28.174000,0 days 00:50:12.743000,106.0,275.0,294.0,297.0,False,MEDIUM,13.0,False,Red Bull Racing,0 days 00:48:33.583000,,1,4.0,,,False,True
0 days 00:51:52.037000,PER,11,0 days 00:01:39.303000,11.0,1.0,,,0 days 00:00:25.345000,0 days 00:00:29.685000,0 days 00:00:44.273000,0 days 00:50:38.088000,0 days 00:51:07.773000,0 days 00:51:52.046000,101.0,275.0,292.0,297.0,False,MEDIUM,14.0,False,Red Bull Racing,0 days 00:50:12.734000,,1,4.0,,,False,True
0 days 00:53:31.355000,PER,11,0 days 00:01:39.318000,12.0,1.0,,,0 days 00:00:25.488000,0 days 00:00:29.709000,0 days 00:00:44.121000,0 days 00:52:17.534000,0 days 00:52:47.243000,0 days 00:53:31.364000,99.0,275.0,291.0,299.0,False,MEDIUM,15.0,False,Red Bull Racing,0 days 00:51:52.037000,,1,4.0,,,False,True
0 days 00:55:10.544000,PER,11,0 days 00:01:39.189000,13.0,1.0,,,0 days 00:00:25.344000,0 days 00:00:29.650000,0 days 00:00:44.195000,0 days 00:53:56.708000,0 days 00:54:26.358000,0 days 00:55:10.553000,101.0,276.0,294.0,300.0,False,MEDIUM,16.0,False,Red Bull Racing,0 days 00:53:31.355000,,1,4.0,,,False,True
0 days 00:56:49.914000,PER,11,0 days 00:01:39.370000,14.0,1.0,,,0 days 00:00:25.220000,0 days 00:00:29.552000,0 days 00:00:44.598000,0 days 00:55:35.773000,0 days 00:56:05.325000,0 days 00:56:49.923000,105.0,277.0,293.0,299.0,False,MEDIUM,17.0,False,Red Bull Racing,0 days 00:55:10.544000,,1,4.0,,,False,True
0 days 00:58:30.401000,PER,11,0 days 00:01:40.487000,15.0,1.0,,,0 days 00:00:25.522000,0 days 00:00:29.744000,0 days 00:00:45.221000,0 days 00:57:15.445000,0 days 00:57:45.189000,0 days 00:58:30.410000,97.0,278.0,294.0,299.0,False,MEDIUM,18.0,False,Red Bull Racing,0 days 00:56:49.914000,,1,4.0,,,False,True
0 days 01:00:10.174000,PER,11,0 days 00:01:39.773000,16.0,1.0,,,0 days 00:00:25.433000,0 days 00:00:29.681000,0 days 00:00:44.659000,0 days 00:58:55.843000,0 days 00:59:25.524000,0 days 01:00:10.183000,105.0,276.0,293.0,297.0,False,MEDIUM,19.0,False,Red Bull Racing,0 days 00:58:30.401000,,1,4.0,,,False,True
0 days 01:01:49.538000,PER,11,0 days 00:01:39.364000,17.0,1.0,,,0 days 00:00:25.357000,0 days 00:00:29.681000,0 days 00:00:44.326000,0 days 01:00:35.540000,0 days 01:01:05.221000,0 days 01:01:49.547000,98.0,277.0,294.0,297.0,False,MEDIUM,20.0,False,Red Bull Racing,0 days 01:00:10.174000,,1,3.0,,,False,True
0 days 01:03:28.876000,PER,11,0 days 00:01:39.338000,18.0,1.0,,,0 days 00:00:25.325000,0 days 00:00:29.586000,0 days 00:00:44.427000,0 days 01:02:14.872000,0 days 01:02:44.458000,0 days 01:03:28.885000,100.0,277.0,293.0,298.0,False,MEDIUM,21.0,False,Red Bull Racing,0 days 01:01:49.538000,,1,2.0,,,False,True
0 days 01:05:08.025000,PER,11,0 days 00:01:39.149000,19.0,1.0,,,0 days 00:00:25.292000,0 days 00:00:29.620000,0 days 00:00:44.237000,0 days 01:03:54.177000,0 days 01:04:23.797000,0 days 01:05:08.034000,101.0,276.0,295.0,296.0,False,MEDIUM,22.0,False,Red Bull Racing,0 days 01:03:28.876000,,1,1.0,,,False,True
0 days 01:06:47.545000,PER,11,0 days 00:01:39.520000,20.0,1.0,,,0 days 00:00:25.230000,0 days 00:00:29.768000,0 days 00:00:44.522000,0 days 01:05:33.264000,0 days 01:06:03.032000,0 days 01:06:47.554000,95.0,277.0,293.0,295.0,False,MEDIUM,23.0,False,Red Bull Racing,0 days 01:05:08.025000,,1,1.0,,,False,True
0 days 01:08:26.855000,PER,11,0 days 00:01:39.310000,21.0,1.0,,,0 days 00:00:25.340000,0 days 00:00:29.713000,0 days 00:00:44.257000,0 days 01:07:12.894000,0 days 01:07:42.607000,0 days 01:08:26.864000,103.0,277.0,294.0,297.0,False,MEDIUM,24.0,False,Red Bull Racing,0 days 01:06:47.545000,,1,1.0,,,False,True
0 days 01:10:06.553000,PER,11,0 days 00:01:39.698000,22.0,1.0,,,0 days 00:00:25.868000,0 days 00:00:29.712000,0 days 00:00:44.118000,0 days 01:08:52.732000,0 days 01:09:22.444000,0 days 01:10:06.562000,102.0,277.0,293.0,295.0,False,MEDIUM,25.0,False,Red Bull Racing,0 days 01:08:26.855000,,1,1.0,,,False,True
0 days 01:11:45.653000,PER,11,0 days 00:01:39.100000,23.0,1.0,,,0 days 00:00:25.443000,0 days 00:00:29.665000,0 days 00:00:43.992000,0 days 01:10:32.005000,0 days 01:11:01.670000,0 days 01:11:45.662000,99.0,277.0,294.0,295.0,False,MEDIUM,26.0,False,Red Bull Racing,0 days 01:10:06.553000,,1,1.0,,,False,True
0 days 01:13:44.063000,PER,11,0 days 00:01:58.410000,24.0,1.0,,0 days 01:13:15.208000,0 days 00:00:25.413000,0 days 00:00:29.768000,0 days 00:01:03.229000,0 days 01:12:11.075000,0 days 01:12:40.843000,0 days 01:13:44.072000,101.0,278.0,,295.0,False,MEDIUM,27.0,False,Red Bull Racing,0 days 01:11:45.653000,,1,4.0,,,False,False
0 days 01:15:25.608000,PER,11,0 days 00:01:41.545000,25.0,2.0,0 days 01:13:44.939000,,0 days 00:00:28.904000,0 days 00:00:29.647000,0 days 00:00:42.994000,0 days 01:14:12.976000,0 days 01:14:42.623000,0 days 01:15:25.617000,106.0,276.0,294.0,295.0,False,HARD,1.0,True,Red Bull Racing,0 days 01:13:44.063000,,1,4.0,,,False,False
0 days 01:17:03.012000,PER,11,0 days 00:01:37.404000,26.0,2.0,,,0 days 00:00:24.731000,0 days 00:00:29.384000,0 days 00:00:43.289000,0 days 01:15:50.348000,0 days 01:16:19.732000,0 days 01:17:03.021000,106.0,277.0,293.0,295.0,True,HARD,2.0,True,Red Bull Racing,0 days 01:15:25.608000,,1,4.0,,,False,True
0 days 01:18:40.241000,PER,11,0 days 00:01:37.229000,27.0,2.0,,,0 days 00:00:24.801000,0 days 00:00:29.217000,0 days 00:00:43.211000,0 days 01:17:27.822000,0 days 01:17:57.039000,0 days 01:18:40.250000,110.0,277.0,292.0,296.0,True,HARD,3.0,True,Red Bull Racing,0 days 01:17:03.012000,,1,4.0,,,False,True
0 days 01:20:17.915000,PER,11,0 days 00:01:37.674000,28.0,2.0,,,0 days 00:00:24.652000,0 days 00:00:29.471000,0 days 00:00:43.551000,0 days 01:19:04.902000,0 days 01:19:34.373000,0 days 01:20:17.924000,112.0,276.0,292.0,297.0,False,HARD,4.0,True,Red Bull Racing,0 days 01:18:40.241000,,1,4.0,,,False,True
0 days 01:21:55.971000,PER,11,0 days 00:01:38.056000,29.0,2.0,,,0 days 00:00:24.814000,0 days 00:00:29.461000,0 days 00:00:43.781000,0 days 01:20:42.738000,0 days 01:21:12.199000,0 days 01:21:55.980000,106.0,278.0,294.0,298.0,False,HARD,5.0,True,Red Bull Racing,0 days 01:20:17.915000,,1,4.0,,,False,True
0 days 01:23:33.888000,PER,11,0 days 00:01:37.917000,30.0,2.0,,,0 days 00:00:24.942000,0 days 00:00:29.558000,0 days 00:00:43.417000,0 days 01:22:20.922000,0 days 01:22:50.480000,0 days 01:23:33.897000,105.0,278.0,294.0,297.0,False,HARD,6.0,True,Red Bull Racing,0 days 01:21:55.971000,,1,4.0,,,False,True
0 days 01:25:12.168000,PER,11,0 days 00:01:38.280000,31.0,2.0,,,0 days 00:00:25.264000,0 days 00:00:29.650000,0 days 00:00:43.366000,0 days 01:23:59.161000,0 days 01:24:28.811000,0 days 01:25:12.177000,103.0,279.0,295.0,298.0,False,HARD,7.0,True,Red Bull Racing,0 days 01:23:33.888000,,1,4.0,,,False,True
0 days 01:26:49.969000,PER,11,0 days 00:01:37.801000,32.0,2.0,,,0 days 00:00:25.144000,0 days 00:00:29.445000,0 days 00:00:43.212000,0 days 01:25:37.321000,0 days 01:26:06.766000,0 days 01:26:49.978000,109.0,278.0,296.0,296.0,False,HARD,8.0,True,Red Bull Racing,0 days 01:25:12.168000,,1,3.0,,,False,True
0 days 01:28:28.044000,PER,11,0 days 00:01:38.075000,33.0,2.0,,,0 days 00:00:25.064000,0 days 00:00:29.521000,0 days 00:00:43.490000,0 days 01:27:15.042000,0 days 01:27:44.563000,0 days 01:28:28.053000,105.0,278.0,297.0,300.0,False,HARD,9.0,True,Red Bull Racing,0 days 01:26:49.969000,,1,3.0,,,False,True
0 days 01:30:05.871000,PER,11,0 days 00:01:37.827000,34.0,2.0,,,0 days 00:00:25.327000,0 days 00:00:29.324000,0 days 00:00:43.176000,0 days 01:28:53.380000,0 days 01:29:22.704000,0 days 01:30:05.880000,107.0,280.0,295.0,302.0,False,HARD,10.0,True,Red Bull Racing,0 days 01:28:28.044000,,1,3.0,,,False,True
0 days 01:31:45.267000,PER,11,0 days 00:01:39.396000,35.0,2.0,,,0 days 00:00:25.025000,0 days 00:00:29.394000,0 days 00:00:44.977000,0 days 01:30:30.905000,0 days 01:31:00.299000,0 days 01:31:45.276000,106.0,279.0,303.0,297.0,False,HARD,11.0,True,Red Bull Racing,0 days 01:30:05.871000,,1,4.0,,,False,True
0 days 01:33:23.153000,PER,11,0 days 00:01:37.886000,36.0,2.0,,,0 days 00:00:25.262000,0 days 00:00:29.326000,0 days 00:00:43.298000,0 days 01:32:10.538000,0 days 01:32:39.864000,0 days 01:33:23.162000,107.0,281.0,296.0,306.0,False,HARD,12.0,True,Red Bull Racing,0 days 01:31:45.267000,,1,4.0,,,False,True
0 days 01:35:00.548000,PER,11,0 days 00:01:37.395000,37.0,2.0,,,0 days 00:00:25.013000,0 days 00:00:29.346000,0 days 00:00:43.036000,0 days 01:33:48.175000,0 days 01:34:17.521000,0 days 01:35:00.557000,108.0,279.0,295.0,302.0,False,HARD,13.0,True,Red Bull Racing,0 days 01:33:23.153000,,1,4.0,,,False,True
0 days 01:36:37.702000,PER,11,0 days 00:01:37.154000,38.0,2.0,,,0 days 00:00:24.941000,0 days 00:00:29.209000,0 days 00:00:43.004000,0 days 01:35:25.498000,0 days 01:35:54.707000,0 days 01:36:37.711000,106.0,281.0,294.0,297.0,True,HARD,14.0,True,Red Bull Racing,0 days 01:35:00.548000,,1,4.0,,,False,True
0 days 01:38:14.941000,PER,11,0 days 00:01:37.239000,39.0,2.0,,,0 days 00:00:24.821000,0 days 00:00:29.260000,0 days 00:00:43.158000,0 days 01:37:02.532000,0 days 01:37:31.792000,0 days 01:38:14.950000,105.0,281.0,295.0,299.0,False,HARD,15.0,True,Red Bull Racing,0 days 01:36:37.702000,,1,4.0,,,False,True
0 days 01:39:52.296000,PER,11,0 days 00:01:37.355000,40.0,2.0,,,0 days 00:00:24.667000,0 days 00:00:29.215000,0 days 00:00:43.473000,0 days 01:38:39.617000,0 days 01:39:08.832000,0 days 01:39:52.305000,101.0,280.0,297.0,302.0,False,HARD,16.0,True,Red Bull Racing,0 days 01:38:14.941000,,1,4.0,,,False,True
0 days 01:41:29.647000,PER,11,0 days 00:01:37.351000,41.0,2.0,,,0 days 00:00:24.816000,0 days 00:00:29.408000,0 days 00:00:43.127000,0 days 01:40:17.121000,0 days 01:40:46.529000,0 days 01:41:29.656000,99.0,281.0,297.0,299.0,False,HARD,17.0,True,Red Bull Racing,0 days 01:39:52.296000,,1,4.0,,,False,True
0 days 01:43:06.979000,PER,11,0 days 00:01:37.332000,42.0,2.0,,,0 days 00:00:24.928000,0 days 00:00:29.240000,0 days 00:00:43.164000,0 days 01:41:54.584000,0 days 01:42:23.824000,0 days 01:43:06.988000,106.0,284.0,297.0,313.0,False,HARD,18.0,True,Red Bull Racing,0 days 01:41:29.647000,,1,4.0,,,False,True
0 days 01:44:44.108000,PER,11,0 days 00:01:37.129000,43.0,2.0,,,0 days 00:00:24.837000,0 days 00:00:29.230000,0 days 00:00:43.062000,0 days 01:43:31.825000,0 days 01:44:01.055000,0 days 01:44:44.117000,105.0,283.0,297.0,308.0,True,HARD,19.0,True,Red Bull Racing,0 days 01:43:06.979000,,1,4.0,,,False,True
0 days 01:46:21.269000,PER,11,0 days 00:01:37.161000,44.0,2.0,,,0 days 00:00:24.927000,0 days 00:00:29.087000,0 days 00:00:43.147000,0 days 01:45:09.044000,0 days 01:45:38.131000,0 days 01:46:21.278000,106.0,283.0,294.0,305.0,False,HARD,20.0,True,Red Bull Racing,0 days 01:44:44.108000,,1,4.0,,,False,True
0 days 01:47:58.380000,PER,11,0 days 00:01:37.111000,45.0,2.0,,,0 days 00:00:24.921000,0 days 00:00:29.125000,0 days 00:00:43.065000,0 days 01:46:46.199000,0 days 01:47:15.324000,0 days 01:47:58.389000,104.0,282.0,295.0,304.0,True,HARD,21.0,True,Red Bull Racing,0 days 01:46:21.269000,,1,4.0,,,False,True
0 days 01:49:36.256000,PER,11,0 days 00:01:37.876000,46.0,2.0,,,0 days 00:00:24.886000,0 days 00:00:29.326000,0 days 00:00:43.664000,0 days 01:48:23.275000,0 days 01:48:52.601000,0 days 01:49:36.265000,104.0,286.0,305.0,309.0,False,HARD,22.0,True,Red Bull Racing,0 days 01:47:58.380000,,1,4.0,,,False,True
0 days 01:51:14.428000,PER,11,0 days 00:01:38.172000,47.0,2.0,,,0 days 00:00:25.353000,0 days 00:00:29.279000,0 days 00:00:43.540000,0 days 01:50:01.618000,0 days 01:50:30.897000,0 days 01:51:14.437000,105.0,284.0,300.0,315.0,False,HARD,23.0,True,Red Bull Racing,0 days 01:49:36.256000,,1,4.0,,,False,True
0 days 01:52:52.648000,PER,11,0 days 00:01:38.220000,48.0,2.0,,,0 days 00:00:25.067000,0 days 00:00:29.096000,0 days 00:00:44.057000,0 days 01:51:39.504000,0 days 01:52:08.600000,0 days 01:52:52.657000,105.0,287.0,306.0,333.0,False,HARD,24.0,True,Red Bull Racing,0 days 01:51:14.428000,,1,4.0,,,False,True
0 days 01:54:32.288000,PER,11,0 days 00:01:39.640000,49.0,2.0,,,0 days 00:00:25.200000,0 days 00:00:29.708000,0 days 00:00:44.732000,0 days 01:53:17.857000,0 days 01:53:47.565000,0 days 01:54:32.297000,102.0,290.0,295.0,336.0,False,HARD,25.0,True,Red Bull Racing,0 days 01:52:52.648000,,1,3.0,,,False,True
0 days 01:56:09.866000,PER,11,0 days 00:01:37.578000,50.0,2.0,,,0 days 00:00:25.046000,0 days 00:00:29.218000,0 days 00:00:43.314000,0 days 01:54:57.343000,0 days 01:55:26.561000,0 days 01:56:09.875000,105.0,281.0,299.0,299.0,False,HARD,26.0,True,Red Bull Racing,0 days 01:54:32.288000,,1,3.0,,,False,True
0 days 01:57:47.229000,PER,11,0 days 00:01:37.363000,51.0,2.0,,,0 days 00:00:24.949000,0 days 00:00:28.984000,0 days 00:00:43.430000,0 days 01:56:34.824000,0 days 01:57:03.808000,0 days 01:57:47.238000,101.0,281.0,300.0,324.0,False,HARD,27.0,True,Red Bull Racing,0 days 01:56:09.866000,,1,3.0,,,False,True
0 days 01:59:24.354000,PER,11,0 days 00:01:37.125000,52.0,2.0,,,0 days 00:00:24.803000,0 days 00:00:28.851000,0 days 00:00:43.471000,0 days 01:58:12.041000,0 days 01:58:40.892000,0 days 01:59:24.363000,100.0,281.0,296.0,326.0,False,HARD,28.0,True,Red Bull Racing,0 days 01:57:47.229000,,1,3.0,,,False,True
0 days 02:01:01.047000,PER,11,0 days 00:01:36.693000,53.0,2.0,,,0 days 00:00:24.652000,0 days 00:00:29.059000,0 days 00:00:42.982000,0 days 01:59:49.015000,0 days 02:00:18.074000,0 days 02:01:01.056000,106.0,283.0,306.0,303.0,True,HARD,29.0,True,Red Bull Racing,0 days 01:59:24.354000,,1,3.0,,,False,True
0 days 00:35:13.299000,BOT,77,0 days 00:01:46.833000,1.0,1.0,,,,0 days 00:00:29.633000,0 days 00:00:44.857000,,0 days 00:34:28.580000,0 days 00:35:13.508000,107.0,278.0,295.0,312.0,False,MEDIUM,4.0,False,Mercedes,0 days 00:33:26.312000,,1,3.0,,,False,False
0 days 00:36:53.487000,BOT,77,0 days 00:01:40.188000,2.0,1.0,,,0 days 00:00:25.524000,0 days 00:00:29.628000,0 days 00:00:45.036000,0 days 00:35:38.861000,0 days 00:36:08.489000,0 days 00:36:53.525000,110.0,276.0,293.0,301.0,True,MEDIUM,5.0,False,Mercedes,0 days 00:35:13.299000,,1,3.0,,,False,True
0 days 00:38:33.309000,BOT,77,0 days 00:01:39.822000,3.0,1.0,,,0 days 00:00:25.637000,0 days 00:00:29.862000,0 days 00:00:44.323000,0 days 00:37:19.162000,0 days 00:37:49.024000,0 days 00:38:33.347000,108.0,272.0,292.0,293.0,True,MEDIUM,6.0,False,Mercedes,0 days 00:36:53.487000,,1,3.0,,,False,True
0 days 00:40:13.198000,BOT,77,0 days 00:01:39.889000,4.0,1.0,,,0 days 00:00:25.414000,0 days 00:00:29.797000,0 days 00:00:44.678000,0 days 00:38:58.761000,0 days 00:39:28.558000,0 days 00:40:13.236000,109.0,274.0,293.0,293.0,False,MEDIUM,7.0,False,Mercedes,0 days 00:38:33.309000,,1,3.0,,,False,True
0 days 00:41:52.491000,BOT,77,0 days 00:01:39.293000,5.0,1.0,,,0 days 00:00:25.341000,0 days 00:00:29.670000,0 days 00:00:44.282000,0 days 00:40:38.577000,0 days 00:41:08.247000,0 days 00:41:52.529000,105.0,277.0,294.0,295.0,True,MEDIUM,8.0,False,Mercedes,0 days 00:40:13.198000,,1,3.0,,,False,True
0 days 00:43:31.095000,BOT,77,0 days 00:01:38.604000,6.0,1.0,,,0 days 00:00:25.193000,0 days 00:00:29.324000,0 days 00:00:44.087000,0 days 00:42:17.722000,0 days 00:42:47.046000,0 days 00:43:31.133000,105.0,278.0,298.0,305.0,True,MEDIUM,9.0,False,Mercedes,0 days 00:41:52.491000,,1,3.0,,,False,True
0 days 00:45:10.605000,BOT,77,0 days 00:01:39.510000,7.0,1.0,,,0 days 00:00:25.310000,0 days 00:00:29.490000,0 days 00:00:44.710000,0 days 00:43:56.443000,0 days 00:44:25.933000,0 days 00:45:10.643000,106.0,274.0,293.0,295.0,False,MEDIUM,10.0,False,Mercedes,0 days 00:43:31.095000,,1,3.0,,,False,True
0 days 00:46:49.834000,BOT,77,0 days 00:01:39.229000,8.0,1.0,,,0 days 00:00:25.450000,0 days 00:00:29.533000,0 days 00:00:44.246000,0 days 00:45:36.093000,0 days 00:46:05.626000,0 days 00:46:49.872000,106.0,276.0,292.0,298.0,False,MEDIUM,11.0,False,Mercedes,0 days 00:45:10.605000,,1,3.0,,,False,True
0 days 00:48:29.098000,BOT,77,0 days 00:01:39.264000,9.0,1.0,,,0 days 00:00:25.283000,0 days 00:00:29.477000,0 days 00:00:44.504000,0 days 00:47:15.155000,0 days 00:47:44.632000,0 days 00:48:29.136000,109.0,277.0,292.0,301.0,False,MEDIUM,12.0,False,Mercedes,0 days 00:46:49.834000,,1,3.0,,,False,True
0 days 00:50:08.116000,BOT,77,0 days 00:01:39.018000,10.0,1.0,,,0 days 00:00:25.251000,0 days 00:00:29.306000,0 days 00:00:44.461000,0 days 00:48:54.387000,0 days 00:49:23.693000,0 days 00:50:08.154000,110.0,277.0,294.0,302.0,False,MEDIUM,13.0,False,Mercedes,0 days 00:48:29.098000,,1,3.0,,,False,True
0 days 00:51:47.406000,BOT,77,0 days 00:01:39.290000,11.0,1.0,,,0 days 00:00:25.407000,0 days 00:00:29.479000,0 days 00:00:44.404000,0 days 00:50:33.561000,0 days 00:51:03.040000,0 days 00:51:47.444000,104.0,277.0,292.0,301.0,False,MEDIUM,14.0,False,Mercedes,0 days 00:50:08.116000,,1,3.0,,,False,True
0 days 00:53:27.672000,BOT,77,0 days 00:01:40.266000,12.0,1.0,,,0 days 00:00:26.042000,0 days 00:00:29.947000,0 days 00:00:44.277000,0 days 00:52:13.486000,0 days 00:52:43.433000,0 days 00:53:27.710000,100.0,276.0,290.0,299.0,False,MEDIUM,15.0,False,Mercedes,0 days 00:51:47.406000,,1,3.0,,,False,True
0 days 00:55:07.145000,BOT,77,0 days 00:01:39.473000,13.0,1.0,,,0 days 00:00:25.482000,0 days 00:00:29.583000,0 days 00:00:44.408000,0 days 00:53:53.192000,0 days 00:54:22.775000,0 days 00:55:07.183000,105.0,275.0,292.0,298.0,False,MEDIUM,16.0,False,Mercedes,0 days 00:53:27.672000,,1,3.0,,,False,True
0 days 00:56:46.551000,BOT,77,0 days 00:01:39.406000,14.0,1.0,,,0 days 00:00:25.308000,0 days 00:00:29.550000,0 days 00:00:44.548000,0 days 00:55:32.491000,0 days 00:56:02.041000,0 days 00:56:46.589000,107.0,275.0,291.0,299.0,False,MEDIUM,17.0,False,Mercedes,0 days 00:55:07.145000,,1,3.0,,,False,True
0 days 00:58:26.415000,BOT,77,0 days 00:01:39.864000,15.0,1.0,,,0 days 00:00:25.362000,0 days 00:00:29.650000,0 days 00:00:44.852000,0 days 00:57:11.951000,0 days 00:57:41.601000,0 days 00:58:26.453000,103.0,275.0,293.0,300.0,False,MEDIUM,18.0,False,Mercedes,0 days 00:56:46.551000,,1,3.0,,,False,True
0 days 01:00:05.654000,BOT,77,0 days 00:01:39.239000,16.0,1.0,,,0 days 00:00:25.141000,0 days 00:00:29.503000,0 days 00:00:44.595000,0 days 00:58:51.594000,0 days 00:59:21.097000,0 days 01:00:05.692000,106.0,274.0,291.0,296.0,False,MEDIUM,19.0,False,Mercedes,0 days 00:58:26.415000,,1,3.0,,,False,True
0 days 01:02:04.783000,BOT,77,0 days 00:01:59.129000,17.0,1.0,,0 days 01:01:35.047000,0 days 00:00:25.279000,0 days 00:00:29.671000,0 days 00:01:04.179000,0 days 01:00:30.971000,0 days 01:01:00.642000,0 days 01:02:04.821000,102.0,275.0,,300.0,False,MEDIUM,20.0,False,Mercedes,0 days 01:00:05.654000,,1,4.0,,,False,False
0 days 01:03:45.018000,BOT,77,0 days 00:01:40.235000,18.0,2.0,0 days 01:02:05.528000,,0 days 00:00:28.329000,0 days 00:00:29.007000,0 days 00:00:42.899000,0 days 01:02:33.150000,0 days 01:03:02.157000,0 days 01:03:45.056000,112.0,276.0,291.0,291.0,False,HARD,1.0,True,Mercedes,0 days 01:02:04.783000,,1,4.0,,,False,False
0 days 01:05:21.978000,BOT,77,0 days 00:01:36.960000,19.0,2.0,,,0 days 00:00:24.640000,0 days 00:00:29.056000,0 days 00:00:43.264000,0 days 01:04:09.696000,0 days 01:04:38.752000,0 days 01:05:22.016000,104.0,278.0,295.0,300.0,True,HARD,2.0,True,Mercedes,0 days 01:03:45.018000,,1,4.0,,,False,True
0 days 01:06:59.466000,BOT,77,0 days 00:01:37.488000,20.0,2.0,,,0 days 00:00:24.946000,0 days 00:00:28.915000,0 days 00:00:43.627000,0 days 01:05:46.962000,0 days 01:06:15.877000,0 days 01:06:59.504000,108.0,281.0,306.0,318.0,False,HARD,3.0,True,Mercedes,0 days 01:05:21.978000,,1,4.0,,,False,True
0 days 01:08:36.980000,BOT,77,0 days 00:01:37.514000,21.0,2.0,,,0 days 00:00:25.102000,0 days 00:00:28.969000,0 days 00:00:43.443000,0 days 01:07:24.606000,0 days 01:07:53.575000,0 days 01:08:37.018000,100.0,280.0,305.0,318.0,False,HARD,4.0,True,Mercedes,0 days 01:06:59.466000,,1,4.0,,,False,True
0 days 01:10:14.357000,BOT,77,0 days 00:01:37.377000,22.0,2.0,,,0 days 00:00:24.951000,0 days 00:00:28.805000,0 days 00:00:43.621000,0 days 01:09:01.969000,0 days 01:09:30.774000,0 days 01:10:14.395000,109.0,280.0,306.0,319.0,False,HARD,5.0,True,Mercedes,0 days 01:08:36.980000,,1,4.0,,,False,True
0 days 01:11:52.279000,BOT,77,0 days 00:01:37.922000,23.0,2.0,,,0 days 00:00:25.132000,0 days 00:00:28.981000,0 days 00:00:43.809000,0 days 01:10:39.527000,0 days 01:11:08.508000,0 days 01:11:52.317000,108.0,282.0,303.0,321.0,False,HARD,6.0,True,Mercedes,0 days 01:10:14.357000,,1,4.0,,,False,True
0 days 01:13:29.921000,BOT,77,0 days 00:01:37.642000,24.0,2.0,,,0 days 00:00:25.114000,0 days 00:00:28.966000,0 days 00:00:43.562000,0 days 01:12:17.431000,0 days 01:12:46.397000,0 days 01:13:29.959000,108.0,280.0,306.0,316.0,False,HARD,7.0,True,Mercedes,0 days 01:11:52.279000,,1,3.0,,,False,True
0 days 01:15:07.720000,BOT,77,0 days 00:01:37.799000,25.0,2.0,,,0 days 00:00:25.079000,0 days 00:00:29.159000,0 days 00:00:43.561000,0 days 01:13:55.038000,0 days 01:14:24.197000,0 days 01:15:07.758000,106.0,281.0,307.0,317.0,False,HARD,8.0,True,Mercedes,0 days 01:13:29.921000,,1,3.0,,,False,True
0 days 01:16:46.733000,BOT,77,0 days 00:01:39.013000,26.0,2.0,,,0 days 00:00:25.842000,0 days 00:00:29.308000,0 days 00:00:43.863000,0 days 01:15:33.600000,0 days 01:16:02.908000,0 days 01:16:46.771000,97.0,279.0,295.0,300.0,False,HARD,9.0,True,Mercedes,0 days 01:15:07.720000,,1,3.0,,,False,True
0 days 01:18:24.804000,BOT,77,0 days 00:01:38.071000,27.0,2.0,,,0 days 00:00:24.975000,0 days 00:00:29.182000,0 days 00:00:43.914000,0 days 01:17:11.746000,0 days 01:17:40.928000,0 days 01:18:24.842000,107.0,279.0,293.0,297.0,False,HARD,10.0,True,Mercedes,0 days 01:16:46.733000,,1,3.0,,,False,True
0 days 01:20:03.095000,BOT,77,0 days 00:01:38.291000,28.0,2.0,,,0 days 00:00:24.992000,0 days 00:00:29.357000,0 days 00:00:43.942000,0 days 01:18:49.834000,0 days 01:19:19.191000,0 days 01:20:03.133000,106.0,277.0,294.0,300.0,False,HARD,11.0,True,Mercedes,0 days 01:18:24.804000,,1,3.0,,,False,True
0 days 01:21:41.724000,BOT,77,0 days 00:01:38.629000,29.0,2.0,,,0 days 00:00:25.092000,0 days 00:00:29.412000,0 days 00:00:44.125000,0 days 01:20:28.225000,0 days 01:20:57.637000,0 days 01:21:41.762000,108.0,277.0,294.0,298.0,False,HARD,12.0,True,Mercedes,0 days 01:20:03.095000,,1,3.0,,,False,True
0 days 01:23:20.437000,BOT,77,0 days 00:01:38.713000,30.0,2.0,,,0 days 00:00:25.513000,0 days 00:00:29.507000,0 days 00:00:43.693000,0 days 01:22:07.275000,0 days 01:22:36.782000,0 days 01:23:20.475000,104.0,277.0,292.0,296.0,False,HARD,13.0,True,Mercedes,0 days 01:21:41.724000,,1,3.0,,,False,True
0 days 01:24:59.419000,BOT,77,0 days 00:01:38.982000,31.0,2.0,,,0 days 00:00:25.259000,0 days 00:00:29.725000,0 days 00:00:43.998000,0 days 01:23:45.734000,0 days 01:24:15.459000,0 days 01:24:59.457000,103.0,279.0,292.0,294.0,False,HARD,14.0,True,Mercedes,0 days 01:23:20.437000,,1,3.0,,,False,True
0 days 01:26:38.250000,BOT,77,0 days 00:01:38.831000,32.0,2.0,,,0 days 00:00:25.185000,0 days 00:00:29.501000,0 days 00:00:44.145000,0 days 01:25:24.642000,0 days 01:25:54.143000,0 days 01:26:38.288000,106.0,277.0,293.0,295.0,False,HARD,15.0,True,Mercedes,0 days 01:24:59.419000,,1,2.0,,,False,True
0 days 01:28:16.596000,BOT,77,0 days 00:01:38.346000,33.0,2.0,,,0 days 00:00:25.057000,0 days 00:00:29.364000,0 days 00:00:43.925000,0 days 01:27:03.345000,0 days 01:27:32.709000,0 days 01:28:16.634000,108.0,277.0,294.0,294.0,False,HARD,16.0,True,Mercedes,0 days 01:26:38.250000,,1,2.0,,,False,True
0 days 01:29:54.298000,BOT,77,0 days 00:01:37.702000,34.0,2.0,,,0 days 00:00:24.891000,0 days 00:00:29.130000,0 days 00:00:43.681000,0 days 01:28:41.525000,0 days 01:29:10.655000,0 days 01:29:54.336000,106.0,278.0,293.0,297.0,False,HARD,17.0,True,Mercedes,0 days 01:28:16.596000,,1,2.0,,,False,True
0 days 01:31:32.690000,BOT,77,0 days 00:01:38.392000,35.0,2.0,,,0 days 00:00:25.188000,0 days 00:00:29.416000,0 days 00:00:43.788000,0 days 01:30:19.524000,0 days 01:30:48.940000,0 days 01:31:32.728000,102.0,279.0,292.0,297.0,False,HARD,18.0,True,Mercedes,0 days 01:29:54.298000,,1,2.0,,,False,True
0 days 01:33:10.801000,BOT,77,0 days 00:01:38.111000,36.0,2.0,,,0 days 00:00:24.973000,0 days 00:00:29.410000,0 days 00:00:43.728000,0 days 01:31:57.701000,0 days 01:32:27.111000,0 days 01:33:10.839000,106.0,279.0,292.0,300.0,False,HARD,19.0,True,Mercedes,0 days 01:31:32.690000,,1,2.0,,,False,True
0 days 01:34:48.989000,BOT,77,0 days 00:01:38.188000,37.0,2.0,,,0 days 00:00:24.892000,0 days 00:00:29.657000,0 days 00:00:43.639000,0 days 01:33:35.731000,0 days 01:34:05.388000,0 days 01:34:49.027000,105.0,280.0,295.0,297.0,False,HARD,20.0,True,Mercedes,0 days 01:33:10.801000,,1,2.0,,,False,True
0 days 01:36:26.851000,BOT,77,0 days 00:01:37.862000,38.0,2.0,,,0 days 00:00:25.012000,0 days 00:00:29.397000,0 days 00:00:43.453000,0 days 01:35:14.039000,0 days 01:35:43.436000,0 days 01:36:26.889000,105.0,281.0,293.0,296.0,False,HARD,21.0,True,Mercedes,0 days 01:34:48.989000,,1,2.0,,,False,True
0 days 01:38:04.867000,BOT,77,0 days 00:01:38.016000,39.0,2.0,,,0 days 00:00:24.964000,0 days 00:00:29.261000,0 days 00:00:43.791000,0 days 01:36:51.853000,0 days 01:37:21.114000,0 days 01:38:04.905000,106.0,280.0,303.0,299.0,False,HARD,22.0,True,Mercedes,0 days 01:36:26.851000,,1,2.0,,,False,True
0 days 01:39:43.605000,BOT,77,0 days 00:01:38.738000,40.0,2.0,,,0 days 00:00:25.483000,0 days 00:00:29.468000,0 days 00:00:43.787000,0 days 01:38:30.388000,0 days 01:38:59.856000,0 days 01:39:43.643000,106.0,279.0,296.0,301.0,False,HARD,23.0,True,Mercedes,0 days 01:38:04.867000,,1,2.0,,,False,True
0 days 01:41:22.329000,BOT,77,0 days 00:01:38.724000,41.0,2.0,,,0 days 00:00:25.323000,0 days 00:00:29.742000,0 days 00:00:43.659000,0 days 01:40:08.966000,0 days 01:40:38.708000,0 days 01:41:22.367000,102.0,279.0,296.0,299.0,False,HARD,24.0,True,Mercedes,0 days 01:39:43.605000,,1,2.0,,,False,True
0 days 01:43:00.576000,BOT,77,0 days 00:01:38.247000,42.0,2.0,,,0 days 00:00:25.241000,0 days 00:00:29.445000,0 days 00:00:43.561000,0 days 01:41:47.608000,0 days 01:42:17.053000,0 days 01:43:00.614000,102.0,280.0,295.0,296.0,False,HARD,25.0,True,Mercedes,0 days 01:41:22.329000,,1,2.0,,,False,True
0 days 01:44:38.188000,BOT,77,0 days 00:01:37.612000,43.0,2.0,,,0 days 00:00:24.872000,0 days 00:00:29.427000,0 days 00:00:43.313000,0 days 01:43:25.486000,0 days 01:43:54.913000,0 days 01:44:38.226000,108.0,280.0,295.0,300.0,False,HARD,26.0,True,Mercedes,0 days 01:43:00.576000,,1,2.0,,,False,True
0 days 01:46:17.667000,BOT,77,0 days 00:01:39.479000,44.0,2.0,,,0 days 00:00:24.816000,0 days 00:00:30.141000,0 days 00:00:44.522000,0 days 01:45:03.042000,0 days 01:45:33.183000,0 days 01:46:17.705000,103.0,279.0,302.0,309.0,False,HARD,27.0,True,Mercedes,0 days 01:44:38.188000,,1,3.0,,,False,True
0 days 01:47:56.740000,BOT,77,0 days 00:01:39.073000,45.0,2.0,,,0 days 00:00:25.264000,0 days 00:00:30.143000,0 days 00:00:43.666000,0 days 01:46:42.969000,0 days 01:47:13.112000,0 days 01:47:56.778000,102.0,275.0,292.0,298.0,False,HARD,28.0,True,Mercedes,0 days 01:46:17.667000,,1,3.0,,,False,True
0 days 01:49:35.459000,BOT,77,0 days 00:01:38.719000,46.0,2.0,,,0 days 00:00:25.162000,0 days 00:00:29.855000,0 days 00:00:43.702000,0 days 01:48:21.940000,0 days 01:48:51.795000,0 days 01:49:35.497000,96.0,280.0,295.0,298.0,False,HARD,29.0,True,Mercedes,0 days 01:47:56.740000,,1,3.0,,,False,True
0 days 01:51:13.154000,BOT,77,0 days 00:01:37.695000,47.0,2.0,,,0 days 00:00:25.014000,0 days 00:00:29.279000,0 days 00:00:43.402000,0 days 01:50:00.511000,0 days 01:50:29.790000,0 days 01:51:13.192000,108.0,281.0,301.0,298.0,False,HARD,30.0,True,Mercedes,0 days 01:49:35.459000,,1,3.0,,,False,True
0 days 01:52:51.922000,BOT,77,0 days 00:01:38.768000,48.0,2.0,,,0 days 00:00:25.207000,0 days 00:00:29.720000,0 days 00:00:43.841000,0 days 01:51:38.399000,0 days 01:52:08.119000,0 days 01:52:51.960000,102.0,280.0,295.0,308.0,False,HARD,31.0,True,Mercedes,0 days 01:51:13.154000,,1,3.0,,,False,True
0 days 01:54:33.006000,BOT,77,0 days 00:01:41.084000,49.0,2.0,,,0 days 00:00:25.130000,0 days 00:00:30.340000,0 days 00:00:45.614000,0 days 01:53:17.090000,0 days 01:53:47.430000,0 days 01:54:33.044000,103.0,276.0,306.0,309.0,False,HARD,32.0,True,Mercedes,0 days 01:52:51.922000,,1,4.0,,,False,True
0 days 01:56:12.232000,BOT,77,0 days 00:01:39.226000,50.0,2.0,,,0 days 00:00:25.734000,0 days 00:00:29.560000,0 days 00:00:43.932000,0 days 01:54:58.778000,0 days 01:55:28.338000,0 days 01:56:12.270000,99.0,281.0,296.0,297.0,False,HARD,33.0,True,Mercedes,0 days 01:54:33.006000,,1,4.0,,,False,True
0 days 01:57:50.554000,BOT,77,0 days 00:01:38.322000,51.0,2.0,,,0 days 00:00:25.046000,0 days 00:00:29.634000,0 days 00:00:43.642000,0 days 01:56:37.316000,0 days 01:57:06.950000,0 days 01:57:50.592000,102.0,280.0,298.0,299.0,False,HARD,34.0,True,Mercedes,0 days 01:56:12.232000,,1,4.0,,,False,True
0 days 01:59:28.994000,BOT,77,0 days 00:01:38.440000,52.0,2.0,,,0 days 00:00:25.268000,0 days 00:00:29.626000,0 days 00:00:43.546000,0 days 01:58:15.860000,0 days 01:58:45.486000,0 days 01:59:29.032000,98.0,281.0,296.0,303.0,False,HARD,35.0,True,Mercedes,0 days 01:57:50.554000,,1,4.0,,,False,True
0 days 02:01:06.854000,BOT,77,0 days 00:01:37.860000,53.0,2.0,,,0 days 00:00:25.057000,0 days 00:00:29.451000,0 days 00:00:43.352000,0 days 01:59:54.089000,0 days 02:00:23.540000,0 days 02:01:06.892000,106.0,281.0,299.0,303.0,False,HARD,36.0,True,Mercedes,0 days 01:59:28.994000,,1,4.0,,,False,True
0 days 00:35:18.002000,NOR,4,0 days 00:01:51.536000,1.0,1.0,,,,0 days 00:00:31.056000,0 days 00:00:45.265000,,0 days 00:34:32.810000,0 days 00:35:18.193000,105.0,276.0,304.0,309.0,False,MEDIUM,6.0,False,McLaren,0 days 00:33:26.312000,,1,10.0,,,False,False
0 days 00:37:01.528000,NOR,4,0 days 00:01:43.526000,2.0,1.0,,,0 days 00:00:27.316000,0 days 00:00:30.512000,0 days 00:00:45.698000,0 days 00:35:45.325000,0 days 00:36:15.837000,0 days 00:37:01.535000,103.0,274.0,289.0,292.0,True,MEDIUM,7.0,False,McLaren,0 days 00:35:18.002000,,1,10.0,,,False,True
0 days 00:38:42.917000,NOR,4,0 days 00:01:41.389000,3.0,1.0,,,0 days 00:00:26.084000,0 days 00:00:30.221000,0 days 00:00:45.084000,0 days 00:37:27.619000,0 days 00:37:57.840000,0 days 00:38:42.924000,103.0,272.0,293.0,300.0,True,MEDIUM,8.0,False,McLaren,0 days 00:37:01.528000,,1,10.0,,,False,True
0 days 00:40:24.455000,NOR,4,0 days 00:01:41.538000,4.0,1.0,,,0 days 00:00:25.814000,0 days 00:00:30.335000,0 days 00:00:45.389000,0 days 00:39:08.738000,0 days 00:39:39.073000,0 days 00:40:24.462000,106.0,274.0,294.0,284.0,False,MEDIUM,9.0,False,McLaren,0 days 00:38:42.917000,,1,10.0,,,False,True
0 days 00:42:04.995000,NOR,4,0 days 00:01:40.540000,5.0,1.0,,,0 days 00:00:25.629000,0 days 00:00:30.065000,0 days 00:00:44.846000,0 days 00:40:50.091000,0 days 00:41:20.156000,0 days 00:42:05.002000,101.0,275.0,295.0,291.0,True,MEDIUM,10.0,False,McLaren,0 days 00:40:24.455000,,1,10.0,,,False,True
0 days 00:43:45.354000,NOR,4,0 days 00:01:40.359000,6.0,1.0,,,0 days 00:00:25.346000,0 days 00:00:29.981000,0 days 00:00:45.032000,0 days 00:42:30.348000,0 days 00:43:00.329000,0 days 00:43:45.361000,103.0,276.0,294.0,296.0,True,MEDIUM,11.0,False,McLaren,0 days 00:42:04.995000,,1,10.0,,,False,True
0 days 00:45:26.227000,NOR,4,0 days 00:01:40.873000,7.0,1.0,,,0 days 00:00:25.601000,0 days 00:00:30.188000,0 days 00:00:45.084000,0 days 00:44:10.962000,0 days 00:44:41.150000,0 days 00:45:26.234000,99.0,273.0,295.0,293.0,False,MEDIUM,12.0,False,McLaren,0 days 00:43:45.354000,,1,10.0,,,False,True
0 days 00:47:06.912000,NOR,4,0 days 00:01:40.685000,8.0,1.0,,,0 days 00:00:25.466000,0 days 00:00:30.264000,0 days 00:00:44.955000,0 days 00:45:51.700000,0 days 00:46:21.964000,0 days 00:47:06.919000,105.0,274.0,295.0,294.0,False,MEDIUM,13.0,False,McLaren,0 days 00:45:26.227000,,1,10.0,,,False,True
0 days 00:48:47.270000,NOR,4,0 days 00:01:40.358000,9.0,1.0,,,0 days 00:00:25.543000,0 days 00:00:29.995000,0 days 00:00:44.820000,0 days 00:47:32.462000,0 days 00:48:02.457000,0 days 00:48:47.277000,104.0,276.0,297.0,296.0,True,MEDIUM,14.0,False,McLaren,0 days 00:47:06.912000,,1,10.0,,,False,True
0 days 00:50:27.818000,NOR,4,0 days 00:01:40.548000,10.0,1.0,,,0 days 00:00:25.691000,0 days 00:00:29.892000,0 days 00:00:44.965000,0 days 00:49:12.968000,0 days 00:49:42.860000,0 days 00:50:27.825000,103.0,276.0,296.0,297.0,False,MEDIUM,15.0,False,McLaren,0 days 00:48:47.270000,,1,10.0,,,False,True
0 days 00:52:08.238000,NOR,4,0 days 00:01:40.420000,11.0,1.0,,,0 days 00:00:25.630000,0 days 00:00:29.679000,0 days 00:00:45.111000,0 days 00:50:53.455000,0 days 00:51:23.134000,0 days 00:52:08.245000,100.0,279.0,305.0,321.0,False,MEDIUM,16.0,False,McLaren,0 days 00:50:27.818000,,1,9.0,,,False,True
0 days 00:53:48.907000,NOR,4,0 days 00:01:40.669000,12.0,1.0,,,0 days 00:00:25.604000,0 days 00:00:29.787000,0 days 00:00:45.278000,0 days 00:52:33.849000,0 days 00:53:03.636000,0 days 00:53:48.914000,103.0,277.0,304.0,317.0,False,MEDIUM,17.0,False,McLaren,0 days 00:52:08.238000,,1,9.0,,,False,True
0 days 00:55:29.796000,NOR,4,0 days 00:01:40.889000,13.0,1.0,,,0 days 00:00:25.700000,0 days 00:00:29.829000,0 days 00:00:45.360000,0 days 00:54:14.614000,0 days 00:54:44.443000,0 days 00:55:29.803000,100.0,279.0,303.0,323.0,False,MEDIUM,18.0,False,McLaren,0 days 00:53:48.907000,,1,9.0,,,False,True
0 days 00:57:10.791000,NOR,4,0 days 00:01:40.995000,14.0,1.0,,,0 days 00:00:25.754000,0 days 00:00:29.797000,0 days 00:00:45.444000,0 days 00:55:55.557000,0 days 00:56:25.354000,0 days 00:57:10.798000,104.0,280.0,301.0,324.0,False,MEDIUM,19.0,False,McLaren,0 days 00:55:29.796000,,1,8.0,,,False,True
0 days 00:58:52.063000,NOR,4,0 days 00:01:41.272000,15.0,1.0,,,0 days 00:00:25.428000,0 days 00:00:30.440000,0 days 00:00:45.404000,0 days 00:57:36.226000,0 days 00:58:06.666000,0 days 00:58:52.070000,96.0,277.0,294.0,296.0,False,MEDIUM,20.0,False,McLaren,0 days 00:57:10.791000,,1,8.0,,,False,True
0 days 01:00:33.218000,NOR,4,0 days 00:01:41.155000,16.0,1.0,,,0 days 00:00:25.708000,0 days 00:00:30.356000,0 days 00:00:45.091000,0 days 00:59:17.778000,0 days 00:59:48.134000,0 days 01:00:33.225000,101.0,276.0,291.0,295.0,False,MEDIUM,21.0,False,McLaren,0 days 00:58:52.063000,,1,7.0,,,False,True
0 days 01:02:13.512000,NOR,4,0 days 00:01:40.294000,17.0,1.0,,,0 days 00:00:25.468000,0 days 00:00:29.985000,0 days 00:00:44.841000,0 days 01:00:58.693000,0 days 01:01:28.678000,0 days 01:02:13.519000,98.0,275.0,290.0,293.0,True,MEDIUM,22.0,False,McLaren,0 days 01:00:33.218000,,1,5.0,,,False,True
0 days 01:03:53.448000,NOR,4,0 days 00:01:39.936000,18.0,1.0,,,0 days 00:00:25.279000,0 days 00:00:30.114000,0 days 00:00:44.543000,0 days 01:02:38.798000,0 days 01:03:08.912000,0 days 01:03:53.455000,99.0,272.0,292.0,290.0,True,MEDIUM,23.0,False,McLaren,0 days 01:02:13.512000,,1,5.0,,,False,True
0 days 01:05:33.317000,NOR,4,0 days 00:01:39.869000,19.0,1.0,,,0 days 00:00:25.164000,0 days 00:00:30.177000,0 days 00:00:44.528000,0 days 01:04:18.619000,0 days 01:04:48.796000,0 days 01:05:33.324000,101.0,273.0,293.0,291.0,True,MEDIUM,24.0,False,McLaren,0 days 01:03:53.448000,,1,5.0,,,False,True
0 days 01:07:13.820000,NOR,4,0 days 00:01:40.503000,20.0,1.0,,,0 days 00:00:25.573000,0 days 00:00:30.136000,0 days 00:00:44.794000,0 days 01:05:58.897000,0 days 01:06:29.033000,0 days 01:07:13.827000,100.0,274.0,291.0,290.0,False,MEDIUM,25.0,False,McLaren,0 days 01:05:33.317000,,1,5.0,,,False,True
0 days 01:08:54.139000,NOR,4,0 days 00:01:40.319000,21.0,1.0,,,0 days 00:00:25.274000,0 days 00:00:30.155000,0 days 00:00:44.890000,0 days 01:07:39.101000,0 days 01:08:09.256000,0 days 01:08:54.146000,98.0,275.0,290.0,290.0,False,MEDIUM,26.0,False,McLaren,0 days 01:07:13.820000,,1,5.0,,,False,True
0 days 01:10:34.051000,NOR,4,0 days 00:01:39.912000,22.0,1.0,,,0 days 00:00:25.269000,0 days 00:00:30.133000,0 days 00:00:44.510000,0 days 01:09:19.415000,0 days 01:09:49.548000,0 days 01:10:34.058000,96.0,275.0,292.0,290.0,False,MEDIUM,27.0,False,McLaren,0 days 01:08:54.139000,,1,5.0,,,False,True
0 days 01:12:14.444000,NOR,4,0 days 00:01:40.393000,23.0,1.0,,,0 days 00:00:25.307000,0 days 00:00:30.203000,0 days 00:00:44.883000,0 days 01:10:59.365000,0 days 01:11:29.568000,0 days 01:12:14.451000,98.0,275.0,291.0,287.0,False,MEDIUM,28.0,False,McLaren,0 days 01:10:34.051000,,1,5.0,,,False,True
0 days 01:14:14.804000,NOR,4,0 days 00:02:00.360000,24.0,1.0,,0 days 01:13:44.961000,0 days 00:00:25.608000,0 days 00:00:30.401000,0 days 00:01:04.351000,0 days 01:12:40.059000,0 days 01:13:10.460000,0 days 01:14:14.811000,101.0,275.0,,287.0,False,MEDIUM,29.0,False,McLaren,0 days 01:12:14.444000,,1,13.0,,,False,False
0 days 01:15:58.058000,NOR,4,0 days 00:01:43.254000,25.0,2.0,0 days 01:14:15.580000,,0 days 00:00:28.916000,0 days 00:00:30.032000,0 days 00:00:44.306000,0 days 01:14:43.727000,0 days 01:15:13.759000,0 days 01:15:58.065000,110.0,275.0,290.0,291.0,False,HARD,1.0,True,McLaren,0 days 01:14:14.804000,,1,14.0,,,False,False
0 days 01:17:36.718000,NOR,4,0 days 00:01:38.660000,26.0,2.0,,,0 days 00:00:25.307000,0 days 00:00:29.298000,0 days 00:00:44.055000,0 days 01:16:23.372000,0 days 01:16:52.670000,0 days 01:17:36.725000,109.0,278.0,297.0,316.0,True,HARD,2.0,True,McLaren,0 days 01:15:58.058000,,1,13.0,,,False,True
0 days 01:19:14.975000,NOR,4,0 days 00:01:38.257000,27.0,2.0,,,0 days 00:00:25.187000,0 days 00:00:29.222000,0 days 00:00:43.848000,0 days 01:18:01.912000,0 days 01:18:31.134000,0 days 01:19:14.982000,114.0,283.0,312.0,330.0,True,HARD,3.0,True,McLaren,0 days 01:17:36.718000,,1,11.0,,,False,True
0 days 01:20:55.804000,NOR,4,0 days 00:01:40.829000,28.0,2.0,,,0 days 00:00:25.452000,0 days 00:00:29.420000,0 days 00:00:45.957000,0 days 01:19:40.434000,0 days 01:20:09.854000,0 days 01:20:55.811000,113.0,285.0,307.0,349.0,False,HARD,4.0,True,McLaren,0 days 01:19:14.975000,,1,11.0,,,False,True
0 days 01:22:35.126000,NOR,4,0 days 00:01:39.322000,29.0,2.0,,,0 days 00:00:25.474000,0 days 00:00:29.567000,0 days 00:00:44.281000,0 days 01:21:21.285000,0 days 01:21:50.852000,0 days 01:22:35.133000,110.0,281.0,293.0,331.0,False,HARD,5.0,True,McLaren,0 days 01:20:55.804000,,1,9.0,,,False,True
0 days 01:24:14.415000,NOR,4,0 days 00:01:39.289000,30.0,2.0,,,0 days 00:00:25.284000,0 days 00:00:29.712000,0 days 00:00:44.293000,0 days 01:23:00.417000,0 days 01:23:30.129000,0 days 01:24:14.422000,104.0,281.0,307.0,319.0,False,HARD,6.0,True,McLaren,0 days 01:22:35.126000,,1,9.0,,,False,True
0 days 01:25:52.678000,NOR,4,0 days 00:01:38.263000,31.0,2.0,,,0 days 00:00:25.205000,0 days 00:00:29.018000,0 days 00:00:44.040000,0 days 01:24:39.627000,0 days 01:25:08.645000,0 days 01:25:52.685000,114.0,276.0,293.0,326.0,False,HARD,7.0,True,McLaren,0 days 01:24:14.415000,,1,8.0,,,False,True
0 days 01:27:30.959000,NOR,4,0 days 00:01:38.281000,32.0,2.0,,,0 days 00:00:24.896000,0 days 00:00:29.745000,0 days 00:00:43.640000,0 days 01:26:17.581000,0 days 01:26:47.326000,0 days 01:27:30.966000,115.0,278.0,295.0,293.0,False,HARD,8.0,True,McLaren,0 days 01:25:52.678000,,1,8.0,,,False,True
0 days 01:29:08.444000,NOR,4,0 days 00:01:37.485000,33.0,2.0,,,0 days 00:00:24.857000,0 days 00:00:28.817000,0 days 00:00:43.811000,0 days 01:27:55.823000,0 days 01:28:24.640000,0 days 01:29:08.451000,111.0,278.0,307.0,326.0,True,HARD,9.0,True,McLaren,0 days 01:27:30.959000,,1,7.0,,,False,True
0 days 01:30:46.463000,NOR,4,0 days 00:01:38.019000,34.0,2.0,,,0 days 00:00:25.107000,0 days 00:00:29.103000,0 days 00:00:43.809000,0 days 01:29:33.558000,0 days 01:30:02.661000,0 days 01:30:46.470000,111.0,276.0,292.0,316.0,False,HARD,10.0,True,McLaren,0 days 01:29:08.444000,,1,6.0,,,False,True
0 days 01:32:25.223000,NOR,4,0 days 00:01:38.760000,35.0,2.0,,,0 days 00:00:24.899000,0 days 00:00:29.758000,0 days 00:00:44.103000,0 days 01:31:11.369000,0 days 01:31:41.127000,0 days 01:32:25.230000,110.0,278.0,292.0,288.0,False,HARD,11.0,True,McLaren,0 days 01:30:46.463000,,1,6.0,,,False,True
0 days 01:34:03.852000,NOR,4,0 days 00:01:38.629000,36.0,2.0,,,0 days 00:00:24.761000,0 days 00:00:29.781000,0 days 00:00:44.087000,0 days 01:32:49.991000,0 days 01:33:19.772000,0 days 01:34:03.859000,108.0,278.0,293.0,289.0,False,HARD,12.0,True,McLaren,0 days 01:32:25.223000,,1,6.0,,,False,True
0 days 01:35:42.459000,NOR,4,0 days 00:01:38.607000,37.0,2.0,,,0 days 00:00:25.026000,0 days 00:00:29.686000,0 days 00:00:43.895000,0 days 01:34:28.885000,0 days 01:34:58.571000,0 days 01:35:42.466000,111.0,277.0,290.0,284.0,False,HARD,13.0,True,McLaren,0 days 01:34:03.852000,,1,5.0,,,False,True
0 days 01:37:20.889000,NOR,4,0 days 00:01:38.430000,38.0,2.0,,,0 days 00:00:25.069000,0 days 00:00:29.781000,0 days 00:00:43.580000,0 days 01:36:07.535000,0 days 01:36:37.316000,0 days 01:37:20.896000,108.0,276.0,292.0,282.0,False,HARD,14.0,True,McLaren,0 days 01:35:42.459000,,1,5.0,,,False,True
0 days 01:38:59.397000,NOR,4,0 days 00:01:38.508000,39.0,2.0,,,0 days 00:00:24.835000,0 days 00:00:29.744000,0 days 00:00:43.929000,0 days 01:37:45.731000,0 days 01:38:15.475000,0 days 01:38:59.404000,114.0,276.0,291.0,281.0,False,HARD,15.0,True,McLaren,0 days 01:37:20.889000,,1,5.0,,,False,True
0 days 01:40:37.949000,NOR,4,0 days 00:01:38.552000,40.0,2.0,,,0 days 00:00:24.899000,0 days 00:00:29.776000,0 days 00:00:43.877000,0 days 01:39:24.303000,0 days 01:39:54.079000,0 days 01:40:37.956000,112.0,276.0,293.0,283.0,False,HARD,16.0,True,McLaren,0 days 01:38:59.397000,,1,5.0,,,False,True
0 days 01:42:17.059000,NOR,4,0 days 00:01:39.110000,41.0,2.0,,,0 days 00:00:24.919000,0 days 00:00:30.020000,0 days 00:00:44.171000,0 days 01:41:02.875000,0 days 01:41:32.895000,0 days 01:42:17.066000,107.0,276.0,291.0,281.0,False,HARD,17.0,True,McLaren,0 days 01:40:37.949000,,1,5.0,,,False,True
0 days 01:43:55.595000,NOR,4,0 days 00:01:38.536000,42.0,2.0,,,0 days 00:00:24.839000,0 days 00:00:29.938000,0 days 00:00:43.759000,0 days 01:42:41.905000,0 days 01:43:11.843000,0 days 01:43:55.602000,103.0,277.0,292.0,280.0,False,HARD,18.0,True,McLaren,0 days 01:42:17.059000,,1,5.0,,,False,True
0 days 01:45:34.310000,NOR,4,0 days 00:01:38.715000,43.0,2.0,,,0 days 00:00:24.966000,0 days 00:00:29.877000,0 days 00:00:43.872000,0 days 01:44:20.568000,0 days 01:44:50.445000,0 days 01:45:34.317000,104.0,277.0,291.0,282.0,False,HARD,19.0,True,McLaren,0 days 01:43:55.595000,,1,5.0,,,False,True
0 days 01:47:12.654000,NOR,4,0 days 00:01:38.344000,44.0,2.0,,,0 days 00:00:24.983000,0 days 00:00:29.855000,0 days 00:00:43.506000,0 days 01:45:59.300000,0 days 01:46:29.155000,0 days 01:47:12.661000,108.0,278.0,291.0,283.0,False,HARD,20.0,True,McLaren,0 days 01:45:34.310000,,1,5.0,,,False,True
0 days 01:48:50.780000,NOR,4,0 days 00:01:38.126000,45.0,2.0,,,0 days 00:00:24.640000,0 days 00:00:29.780000,0 days 00:00:43.706000,0 days 01:47:37.301000,0 days 01:48:07.081000,0 days 01:48:50.787000,105.0,277.0,290.0,283.0,False,HARD,21.0,True,McLaren,0 days 01:47:12.654000,,1,5.0,,,False,True
0 days 01:50:29.265000,NOR,4,0 days 00:01:38.485000,46.0,2.0,,,0 days 00:00:24.799000,0 days 00:00:29.871000,0 days 00:00:43.815000,0 days 01:49:15.586000,0 days 01:49:45.457000,0 days 01:50:29.272000,106.0,276.0,292.0,284.0,False,HARD,22.0,True,McLaren,0 days 01:48:50.780000,,1,5.0,,,False,True
0 days 01:52:08.220000,NOR,4,0 days 00:01:38.955000,47.0,2.0,,,0 days 00:00:24.839000,0 days 00:00:30.015000,0 days 00:00:44.101000,0 days 01:50:54.111000,0 days 01:51:24.126000,0 days 01:52:08.227000,104.0,277.0,293.0,279.0,False,HARD,23.0,True,McLaren,0 days 01:50:29.265000,,1,5.0,,,False,True
0 days 01:53:46.648000,NOR,4,0 days 00:01:38.428000,48.0,2.0,,,0 days 00:00:24.918000,0 days 00:00:30.017000,0 days 00:00:43.493000,0 days 01:52:33.145000,0 days 01:53:03.162000,0 days 01:53:46.655000,106.0,277.0,292.0,279.0,False,HARD,24.0,True,McLaren,0 days 01:52:08.220000,,1,5.0,,,False,True
0 days 01:55:25.115000,NOR,4,0 days 00:01:38.467000,49.0,2.0,,,0 days 00:00:24.825000,0 days 00:00:29.819000,0 days 00:00:43.823000,0 days 01:54:11.480000,0 days 01:54:41.299000,0 days 01:55:25.122000,100.0,278.0,291.0,282.0,False,HARD,25.0,True,McLaren,0 days 01:53:46.648000,,1,5.0,,,False,True
0 days 01:57:03.489000,NOR,4,0 days 00:01:38.374000,50.0,2.0,,,0 days 00:00:24.777000,0 days 00:00:29.853000,0 days 00:00:43.744000,0 days 01:55:49.899000,0 days 01:56:19.752000,0 days 01:57:03.496000,105.0,277.0,293.0,279.0,False,HARD,26.0,True,McLaren,0 days 01:55:25.115000,,1,5.0,,,False,True
0 days 01:58:41.384000,NOR,4,0 days 00:01:37.895000,51.0,2.0,,,0 days 00:00:24.650000,0 days 00:00:29.698000,0 days 00:00:43.547000,0 days 01:57:28.146000,0 days 01:57:57.844000,0 days 01:58:41.391000,102.0,277.0,293.0,281.0,False,HARD,27.0,True,McLaren,0 days 01:57:03.489000,,1,5.0,,,False,True
0 days 02:00:18.809000,NOR,4,0 days 00:01:37.425000,52.0,2.0,,,0 days 00:00:24.673000,0 days 00:00:29.564000,0 days 00:00:43.188000,0 days 01:59:06.064000,0 days 01:59:35.628000,0 days 02:00:18.816000,102.0,278.0,294.0,285.0,True,HARD,28.0,True,McLaren,0 days 01:58:41.384000,,1,5.0,,,False,True
0 days 02:01:56.268000,NOR,4,0 days 00:01:37.459000,53.0,2.0,,,0 days 00:00:24.912000,0 days 00:00:29.249000,0 days 00:00:43.298000,0 days 02:00:43.728000,0 days 02:01:12.977000,0 days 02:01:56.275000,104.0,277.0,291.0,305.0,False,HARD,29.0,True,McLaren,0 days 02:00:18.809000,,1,5.0,,,False,True
0 days 00:35:17.816000,RIC,3,0 days 00:01:51.350000,1.0,1.0,,,,0 days 00:00:30.924000,0 days 00:00:45.795000,,0 days 00:34:32.091000,0 days 00:35:18.044000,104.0,282.0,297.0,309.0,False,MEDIUM,6.0,False,McLaren,0 days 00:33:26.312000,,1,9.0,,,False,False
0 days 00:37:00.308000,RIC,3,0 days 00:01:42.492000,2.0,1.0,,,0 days 00:00:26.552000,0 days 00:00:30.489000,0 days 00:00:45.451000,0 days 00:35:44.373000,0 days 00:36:14.862000,0 days 00:37:00.313000,103.0,275.0,296.0,297.0,True,MEDIUM,7.0,False,McLaren,0 days 00:35:17.816000,,1,9.0,,,False,True
0 days 00:38:41.526000,RIC,3,0 days 00:01:41.218000,3.0,1.0,,,0 days 00:00:26.024000,0 days 00:00:29.977000,0 days 00:00:45.217000,0 days 00:37:26.337000,0 days 00:37:56.314000,0 days 00:38:41.531000,106.0,273.0,296.0,318.0,True,MEDIUM,8.0,False,McLaren,0 days 00:37:00.308000,,1,9.0,,,False,True
0 days 00:40:22.650000,RIC,3,0 days 00:01:41.124000,4.0,1.0,,,0 days 00:00:25.734000,0 days 00:00:30.263000,0 days 00:00:45.127000,0 days 00:39:07.265000,0 days 00:39:37.528000,0 days 00:40:22.655000,106.0,273.0,300.0,294.0,True,MEDIUM,9.0,False,McLaren,0 days 00:38:41.526000,,1,9.0,,,False,True
0 days 00:42:03.181000,RIC,3,0 days 00:01:40.531000,5.0,1.0,,,0 days 00:00:25.783000,0 days 00:00:29.978000,0 days 00:00:44.770000,0 days 00:40:48.438000,0 days 00:41:18.416000,0 days 00:42:03.186000,105.0,278.0,308.0,320.0,True,MEDIUM,10.0,False,McLaren,0 days 00:40:22.650000,,1,9.0,,,False,True
0 days 00:43:43.606000,RIC,3,0 days 00:01:40.425000,6.0,1.0,,,0 days 00:00:25.579000,0 days 00:00:29.881000,0 days 00:00:44.965000,0 days 00:42:28.765000,0 days 00:42:58.646000,0 days 00:43:43.611000,103.0,280.0,303.0,324.0,True,MEDIUM,11.0,False,McLaren,0 days 00:42:03.181000,,1,9.0,,,False,True
0 days 00:45:24.466000,RIC,3,0 days 00:01:40.860000,7.0,1.0,,,0 days 00:00:25.737000,0 days 00:00:30.287000,0 days 00:00:44.836000,0 days 00:44:09.348000,0 days 00:44:39.635000,0 days 00:45:24.471000,100.0,274.0,307.0,319.0,False,MEDIUM,12.0,False,McLaren,0 days 00:43:43.606000,,1,9.0,,,False,True
0 days 00:47:05.316000,RIC,3,0 days 00:01:40.850000,8.0,1.0,,,0 days 00:00:25.817000,0 days 00:00:30.119000,0 days 00:00:44.914000,0 days 00:45:50.288000,0 days 00:46:20.407000,0 days 00:47:05.321000,106.0,278.0,306.0,328.0,False,MEDIUM,13.0,False,McLaren,0 days 00:45:24.466000,,1,9.0,,,False,True
0 days 00:48:46.057000,RIC,3,0 days 00:01:40.741000,9.0,1.0,,,0 days 00:00:25.722000,0 days 00:00:30.121000,0 days 00:00:44.898000,0 days 00:47:31.043000,0 days 00:48:01.164000,0 days 00:48:46.062000,101.0,277.0,306.0,312.0,False,MEDIUM,14.0,False,McLaren,0 days 00:47:05.316000,,1,9.0,,,False,True
0 days 00:50:26.572000,RIC,3,0 days 00:01:40.515000,10.0,1.0,,,0 days 00:00:25.619000,0 days 00:00:30.008000,0 days 00:00:44.888000,0 days 00:49:11.681000,0 days 00:49:41.689000,0 days 00:50:26.577000,103.0,278.0,307.0,321.0,False,MEDIUM,15.0,False,McLaren,0 days 00:48:46.057000,,1,9.0,,,False,True
0 days 00:52:07.434000,RIC,3,0 days 00:01:40.862000,11.0,1.0,,,0 days 00:00:25.935000,0 days 00:00:29.735000,0 days 00:00:45.192000,0 days 00:50:52.512000,0 days 00:51:22.247000,0 days 00:52:07.439000,102.0,271.0,292.0,324.0,False,MEDIUM,16.0,False,McLaren,0 days 00:50:26.572000,,1,8.0,,,False,True
0 days 00:53:48.056000,RIC,3,0 days 00:01:40.622000,12.0,1.0,,,0 days 00:00:25.425000,0 days 00:00:30.094000,0 days 00:00:45.103000,0 days 00:52:32.864000,0 days 00:53:02.958000,0 days 00:53:48.061000,101.0,274.0,294.0,296.0,False,MEDIUM,17.0,False,McLaren,0 days 00:52:07.434000,,1,8.0,,,False,True
0 days 00:55:28.813000,RIC,3,0 days 00:01:40.757000,13.0,1.0,,,0 days 00:00:25.635000,0 days 00:00:29.997000,0 days 00:00:45.125000,0 days 00:54:13.696000,0 days 00:54:43.693000,0 days 00:55:28.818000,101.0,277.0,295.0,305.0,False,MEDIUM,18.0,False,McLaren,0 days 00:53:48.056000,,1,8.0,,,False,True
0 days 00:57:09.237000,RIC,3,0 days 00:01:40.424000,14.0,1.0,,,0 days 00:00:25.914000,0 days 00:00:29.369000,0 days 00:00:45.141000,0 days 00:55:54.732000,0 days 00:56:24.101000,0 days 00:57:09.242000,103.0,277.0,294.0,334.0,True,MEDIUM,19.0,False,McLaren,0 days 00:55:28.813000,,1,7.0,,,False,True
0 days 00:58:50.871000,RIC,3,0 days 00:01:41.634000,15.0,1.0,,,0 days 00:00:25.769000,0 days 00:00:30.442000,0 days 00:00:45.423000,0 days 00:57:35.011000,0 days 00:58:05.453000,0 days 00:58:50.876000,98.0,276.0,296.0,299.0,False,MEDIUM,20.0,False,McLaren,0 days 00:57:09.237000,,1,7.0,,,False,True
0 days 01:00:50.897000,RIC,3,0 days 00:02:00.026000,16.0,1.0,,0 days 01:00:21.704000,0 days 00:00:25.707000,0 days 00:00:30.411000,0 days 00:01:03.908000,0 days 00:59:16.583000,0 days 00:59:46.994000,0 days 01:00:50.902000,99.0,276.0,,299.0,False,MEDIUM,21.0,False,McLaren,0 days 00:58:50.871000,,1,16.0,,,False,False
0 days 01:02:32.934000,RIC,3,0 days 00:01:42.037000,17.0,2.0,0 days 01:00:51.653000,,0 days 00:00:28.457000,0 days 00:00:29.843000,0 days 00:00:43.737000,0 days 01:01:19.359000,0 days 01:01:49.202000,0 days 01:02:32.939000,112.0,276.0,294.0,293.0,False,HARD,1.0,True,McLaren,0 days 01:00:50.897000,,1,16.0,,,False,False
0 days 01:04:12.243000,RIC,3,0 days 00:01:39.309000,18.0,2.0,,,0 days 00:00:25.234000,0 days 00:00:29.779000,0 days 00:00:44.296000,0 days 01:02:58.173000,0 days 01:03:27.952000,0 days 01:04:12.248000,111.0,278.0,305.0,298.0,True,HARD,2.0,True,McLaren,0 days 01:02:32.934000,,1,12.0,,,False,True
0 days 01:05:51.446000,RIC,3,0 days 00:01:39.203000,19.0,2.0,,,0 days 00:00:25.120000,0 days 00:00:29.770000,0 days 00:00:44.313000,0 days 01:04:37.368000,0 days 01:05:07.138000,0 days 01:05:51.451000,109.0,278.0,296.0,297.0,True,HARD,3.0,True,McLaren,0 days 01:04:12.243000,,1,12.0,,,False,True
0 days 01:07:30.818000,RIC,3,0 days 00:01:39.372000,20.0,2.0,,,0 days 00:00:25.018000,0 days 00:00:29.877000,0 days 00:00:44.477000,0 days 01:06:16.469000,0 days 01:06:46.346000,0 days 01:07:30.823000,105.0,280.0,295.0,299.0,False,HARD,4.0,True,McLaren,0 days 01:05:51.446000,,1,12.0,,,False,True
0 days 01:09:10.501000,RIC,3,0 days 00:01:39.683000,21.0,2.0,,,0 days 00:00:25.207000,0 days 00:00:29.831000,0 days 00:00:44.645000,0 days 01:07:56.030000,0 days 01:08:25.861000,0 days 01:09:10.506000,103.0,282.0,307.0,322.0,False,HARD,5.0,True,McLaren,0 days 01:07:30.818000,,1,12.0,,,False,True
0 days 01:10:51.567000,RIC,3,0 days 00:01:41.066000,22.0,2.0,,,0 days 00:00:25.495000,0 days 00:00:29.927000,0 days 00:00:45.644000,0 days 01:09:36.001000,0 days 01:10:05.928000,0 days 01:10:51.572000,101.0,280.0,309.0,329.0,False,HARD,6.0,True,McLaren,0 days 01:09:10.501000,,1,12.0,,,False,True
0 days 01:12:31.818000,RIC,3,0 days 00:01:40.251000,23.0,2.0,,,0 days 00:00:25.524000,0 days 00:00:29.908000,0 days 00:00:44.819000,0 days 01:11:17.096000,0 days 01:11:47.004000,0 days 01:12:31.823000,103.0,279.0,297.0,297.0,False,HARD,7.0,True,McLaren,0 days 01:10:51.567000,,1,11.0,,,False,True
0 days 01:14:11.829000,RIC,3,0 days 00:01:40.011000,24.0,2.0,,,0 days 00:00:25.302000,0 days 00:00:30.021000,0 days 00:00:44.688000,0 days 01:12:57.125000,0 days 01:13:27.146000,0 days 01:14:11.834000,105.0,278.0,310.0,300.0,False,HARD,8.0,True,McLaren,0 days 01:12:31.818000,,1,10.0,,,False,True
0 days 01:15:51.738000,RIC,3,0 days 00:01:39.909000,25.0,2.0,,,0 days 00:00:25.749000,0 days 00:00:29.577000,0 days 00:00:44.583000,0 days 01:14:37.583000,0 days 01:15:07.160000,0 days 01:15:51.743000,105.0,275.0,299.0,321.0,False,HARD,9.0,True,McLaren,0 days 01:14:11.829000,,1,9.0,,,False,True
0 days 01:17:32.873000,RIC,3,0 days 00:01:41.135000,26.0,2.0,,,0 days 00:00:25.620000,0 days 00:00:29.650000,0 days 00:00:45.865000,0 days 01:16:17.363000,0 days 01:16:47.013000,0 days 01:17:32.878000,107.0,277.0,311.0,329.0,False,HARD,10.0,True,McLaren,0 days 01:15:51.738000,,1,9.0,,,False,True
0 days 01:19:12.946000,RIC,3,0 days 00:01:40.073000,27.0,2.0,,,0 days 00:00:25.494000,0 days 00:00:29.953000,0 days 00:00:44.626000,0 days 01:17:58.372000,0 days 01:18:28.325000,0 days 01:19:12.951000,104.0,278.0,295.0,299.0,False,HARD,11.0,True,McLaren,0 days 01:17:32.873000,,1,8.0,,,False,True
0 days 01:20:52.133000,RIC,3,0 days 00:01:39.187000,28.0,2.0,,,0 days 00:00:25.393000,0 days 00:00:29.097000,0 days 00:00:44.697000,0 days 01:19:38.344000,0 days 01:20:07.441000,0 days 01:20:52.138000,106.0,275.0,291.0,322.0,True,HARD,12.0,True,McLaren,0 days 01:19:12.946000,,1,7.0,,,False,True
0 days 01:22:31.830000,RIC,3,0 days 00:01:39.697000,29.0,2.0,,,0 days 00:00:25.015000,0 days 00:00:29.906000,0 days 00:00:44.776000,0 days 01:21:17.153000,0 days 01:21:47.059000,0 days 01:22:31.835000,108.0,275.0,293.0,293.0,False,HARD,13.0,True,McLaren,0 days 01:20:52.133000,,1,7.0,,,False,True
0 days 01:24:11.493000,RIC,3,0 days 00:01:39.663000,30.0,2.0,,,0 days 00:00:25.181000,0 days 00:00:30.104000,0 days 00:00:44.378000,0 days 01:22:57.016000,0 days 01:23:27.120000,0 days 01:24:11.498000,101.0,277.0,291.0,295.0,False,HARD,14.0,True,McLaren,0 days 01:22:31.830000,,1,7.0,,,False,True
0 days 01:25:51.003000,RIC,3,0 days 00:01:39.510000,31.0,2.0,,,0 days 00:00:25.049000,0 days 00:00:29.980000,0 days 00:00:44.481000,0 days 01:24:36.547000,0 days 01:25:06.527000,0 days 01:25:51.008000,108.0,276.0,293.0,293.0,False,HARD,15.0,True,McLaren,0 days 01:24:11.493000,,1,7.0,,,False,True
0 days 01:27:30.040000,RIC,3,0 days 00:01:39.037000,32.0,2.0,,,0 days 00:00:25.040000,0 days 00:00:29.899000,0 days 00:00:44.098000,0 days 01:26:16.048000,0 days 01:26:45.947000,0 days 01:27:30.045000,105.0,276.0,292.0,292.0,True,HARD,16.0,True,McLaren,0 days 01:25:51.003000,,1,7.0,,,False,True
0 days 01:29:09.438000,RIC,3,0 days 00:01:39.398000,33.0,2.0,,,0 days 00:00:25.042000,0 days 00:00:30.160000,0 days 00:00:44.196000,0 days 01:27:55.087000,0 days 01:28:25.247000,0 days 01:29:09.443000,105.0,281.0,310.0,296.0,False,HARD,17.0,True,McLaren,0 days 01:27:30.040000,,1,8.0,,,False,True
0 days 01:30:48.722000,RIC,3,0 days 00:01:39.284000,34.0,2.0,,,0 days 00:00:25.250000,0 days 00:00:29.718000,0 days 00:00:44.316000,0 days 01:29:34.693000,0 days 01:30:04.411000,0 days 01:30:48.727000,103.0,279.0,303.0,302.0,False,HARD,18.0,True,McLaren,0 days 01:29:09.438000,,1,7.0,,,False,True
0 days 01:32:27.574000,RIC,3,0 days 00:01:38.852000,35.0,2.0,,,0 days 00:00:24.961000,0 days 00:00:29.715000,0 days 00:00:44.176000,0 days 01:31:13.688000,0 days 01:31:43.403000,0 days 01:32:27.579000,107.0,279.0,294.0,294.0,True,HARD,19.0,True,McLaren,0 days 01:30:48.722000,,1,7.0,,,False,True
0 days 01:34:06.739000,RIC,3,0 days 00:01:39.165000,36.0,2.0,,,0 days 00:00:25.040000,0 days 00:00:29.807000,0 days 00:00:44.318000,0 days 01:32:52.619000,0 days 01:33:22.426000,0 days 01:34:06.744000,108.0,278.0,293.0,296.0,False,HARD,20.0,True,McLaren,0 days 01:32:27.574000,,1,7.0,,,False,True
0 days 01:35:45.956000,RIC,3,0 days 00:01:39.217000,37.0,2.0,,,0 days 00:00:25.182000,0 days 00:00:29.932000,0 days 00:00:44.103000,0 days 01:34:31.926000,0 days 01:35:01.858000,0 days 01:35:45.961000,107.0,277.0,293.0,294.0,False,HARD,21.0,True,McLaren,0 days 01:34:06.739000,,1,6.0,,,False,True
0 days 01:37:25.387000,RIC,3,0 days 00:01:39.431000,38.0,2.0,,,0 days 00:00:25.308000,0 days 00:00:29.936000,0 days 00:00:44.187000,0 days 01:36:11.269000,0 days 01:36:41.205000,0 days 01:37:25.392000,106.0,277.0,293.0,293.0,False,HARD,22.0,True,McLaren,0 days 01:35:45.956000,,1,6.0,,,False,True
0 days 01:39:04.504000,RIC,3,0 days 00:01:39.117000,39.0,2.0,,,0 days 00:00:25.063000,0 days 00:00:29.891000,0 days 00:00:44.163000,0 days 01:37:50.455000,0 days 01:38:20.346000,0 days 01:39:04.509000,111.0,276.0,292.0,293.0,False,HARD,23.0,True,McLaren,0 days 01:37:25.387000,,1,6.0,,,False,True
0 days 01:40:43.654000,RIC,3,0 days 00:01:39.150000,40.0,2.0,,,0 days 00:00:25.077000,0 days 00:00:29.806000,0 days 00:00:44.267000,0 days 01:39:29.586000,0 days 01:39:59.392000,0 days 01:40:43.659000,112.0,276.0,294.0,291.0,False,HARD,24.0,True,McLaren,0 days 01:39:04.504000,,1,6.0,,,False,True
0 days 01:42:22.720000,RIC,3,0 days 00:01:39.066000,41.0,2.0,,,0 days 00:00:25.049000,0 days 00:00:29.969000,0 days 00:00:44.048000,0 days 01:41:08.708000,0 days 01:41:38.677000,0 days 01:42:22.725000,108.0,277.0,292.0,292.0,False,HARD,25.0,True,McLaren,0 days 01:40:43.654000,,1,6.0,,,False,True
0 days 01:44:01.328000,RIC,3,0 days 00:01:38.608000,42.0,2.0,,,0 days 00:00:24.935000,0 days 00:00:29.681000,0 days 00:00:43.992000,0 days 01:42:47.660000,0 days 01:43:17.341000,0 days 01:44:01.333000,110.0,278.0,293.0,293.0,True,HARD,26.0,True,McLaren,0 days 01:42:22.720000,,1,6.0,,,False,True
0 days 01:45:40.045000,RIC,3,0 days 00:01:38.717000,43.0,2.0,,,0 days 00:00:24.889000,0 days 00:00:29.798000,0 days 00:00:44.030000,0 days 01:44:26.222000,0 days 01:44:56.020000,0 days 01:45:40.050000,112.0,278.0,292.0,294.0,False,HARD,27.0,True,McLaren,0 days 01:44:01.328000,,1,6.0,,,False,True
0 days 01:47:18.738000,RIC,3,0 days 00:01:38.693000,44.0,2.0,,,0 days 00:00:25.032000,0 days 00:00:29.787000,0 days 00:00:43.874000,0 days 01:46:05.082000,0 days 01:46:34.869000,0 days 01:47:18.743000,107.0,277.0,293.0,294.0,False,HARD,28.0,True,McLaren,0 days 01:45:40.045000,,1,6.0,,,False,True
0 days 01:48:57.062000,RIC,3,0 days 00:01:38.324000,45.0,2.0,,,0 days 00:00:24.846000,0 days 00:00:29.741000,0 days 00:00:43.737000,0 days 01:47:43.589000,0 days 01:48:13.330000,0 days 01:48:57.067000,108.0,278.0,292.0,295.0,True,HARD,29.0,True,McLaren,0 days 01:47:18.738000,,1,6.0,,,False,True
0 days 01:50:35.723000,RIC,3,0 days 00:01:38.661000,46.0,2.0,,,0 days 00:00:24.842000,0 days 00:00:29.787000,0 days 00:00:44.032000,0 days 01:49:21.909000,0 days 01:49:51.696000,0 days 01:50:35.728000,109.0,277.0,294.0,294.0,False,HARD,30.0,True,McLaren,0 days 01:48:57.062000,,1,6.0,,,False,True
0 days 01:52:14.974000,RIC,3,0 days 00:01:39.251000,47.0,2.0,,,0 days 00:00:24.972000,0 days 00:00:30.085000,0 days 00:00:44.194000,0 days 01:51:00.700000,0 days 01:51:30.785000,0 days 01:52:14.979000,107.0,278.0,294.0,290.0,False,HARD,31.0,True,McLaren,0 days 01:50:35.723000,,1,6.0,,,False,True
0 days 01:53:53.991000,RIC,3,0 days 00:01:39.017000,48.0,2.0,,,0 days 00:00:25.205000,0 days 00:00:29.897000,0 days 00:00:43.915000,0 days 01:52:40.184000,0 days 01:53:10.081000,0 days 01:53:53.996000,105.0,278.0,292.0,291.0,False,HARD,32.0,True,McLaren,0 days 01:52:14.974000,,1,6.0,,,False,True
0 days 01:55:32.711000,RIC,3,0 days 00:01:38.720000,49.0,2.0,,,0 days 00:00:24.843000,0 days 00:00:29.832000,0 days 00:00:44.045000,0 days 01:54:18.839000,0 days 01:54:48.671000,0 days 01:55:32.716000,108.0,278.0,293.0,292.0,False,HARD,33.0,True,McLaren,0 days 01:53:53.991000,,1,6.0,,,False,True
0 days 01:57:11.315000,RIC,3,0 days 00:01:38.604000,50.0,2.0,,,0 days 00:00:24.889000,0 days 00:00:29.736000,0 days 00:00:43.979000,0 days 01:55:57.605000,0 days 01:56:27.341000,0 days 01:57:11.320000,107.0,277.0,294.0,290.0,False,HARD,34.0,True,McLaren,0 days 01:55:32.711000,,1,6.0,,,False,True
0 days 01:58:50.090000,RIC,3,0 days 00:01:38.775000,51.0,2.0,,,0 days 00:00:25.090000,0 days 00:00:29.839000,0 days 00:00:43.846000,0 days 01:57:36.410000,0 days 01:58:06.249000,0 days 01:58:50.095000,110.0,276.0,292.0,293.0,False,HARD,35.0,True,McLaren,0 days 01:57:11.315000,,1,6.0,,,False,True
0 days 02:00:28.877000,RIC,3,0 days 00:01:38.787000,52.0,2.0,,,0 days 00:00:24.926000,0 days 00:00:29.733000,0 days 00:00:44.128000,0 days 01:59:15.021000,0 days 01:59:44.754000,0 days 02:00:28.882000,107.0,278.0,293.0,291.0,False,HARD,36.0,True,McLaren,0 days 01:58:50.090000,,1,6.0,,,False,True
0 days 02:02:08.093000,RIC,3,0 days 00:01:39.216000,53.0,2.0,,,0 days 00:00:24.924000,0 days 00:00:30.035000,0 days 00:00:44.257000,0 days 02:00:53.806000,0 days 02:01:23.841000,0 days 02:02:08.098000,106.0,277.0,279.0,295.0,False,HARD,37.0,True,McLaren,0 days 02:00:28.877000,,1,6.0,,,False,True
0 days 00:35:16.491000,GAS,10,0 days 00:01:50.025000,1.0,1.0,,,,0 days 00:00:30.255000,0 days 00:00:45.854000,,0 days 00:34:30.669000,0 days 00:35:16.641000,102.0,272.0,294.0,302.0,False,MEDIUM,6.0,False,AlphaTauri,0 days 00:33:26.312000,,1,6.0,,,False,False
0 days 00:36:57.893000,GAS,10,0 days 00:01:41.402000,2.0,1.0,,,0 days 00:00:25.740000,0 days 00:00:30.150000,0 days 00:00:45.512000,0 days 00:35:42.233000,0 days 00:36:12.383000,0 days 00:36:57.895000,106.0,274.0,294.0,299.0,True,MEDIUM,7.0,False,AlphaTauri,0 days 00:35:16.491000,,1,6.0,,,False,True
0 days 00:38:38.941000,GAS,10,0 days 00:01:41.048000,3.0,1.0,,,0 days 00:00:25.669000,0 days 00:00:30.224000,0 days 00:00:45.155000,0 days 00:37:23.564000,0 days 00:37:53.788000,0 days 00:38:38.943000,105.0,271.0,294.0,293.0,True,MEDIUM,8.0,False,AlphaTauri,0 days 00:36:57.893000,,1,6.0,,,False,True
0 days 00:40:19.840000,GAS,10,0 days 00:01:40.899000,4.0,1.0,,,0 days 00:00:25.520000,0 days 00:00:30.323000,0 days 00:00:45.056000,0 days 00:39:04.463000,0 days 00:39:34.786000,0 days 00:40:19.842000,106.0,273.0,303.0,293.0,True,MEDIUM,9.0,False,AlphaTauri,0 days 00:38:38.941000,,1,6.0,,,False,True
0 days 00:42:00.153000,GAS,10,0 days 00:01:40.313000,5.0,1.0,,,0 days 00:00:25.543000,0 days 00:00:29.954000,0 days 00:00:44.816000,0 days 00:40:45.385000,0 days 00:41:15.339000,0 days 00:42:00.155000,103.0,278.0,303.0,316.0,True,MEDIUM,10.0,False,AlphaTauri,0 days 00:40:19.840000,,1,6.0,,,False,True
0 days 00:43:40.185000,GAS,10,0 days 00:01:40.032000,6.0,1.0,,,0 days 00:00:25.308000,0 days 00:00:29.816000,0 days 00:00:44.908000,0 days 00:42:25.463000,0 days 00:42:55.279000,0 days 00:43:40.187000,101.0,276.0,293.0,302.0,True,MEDIUM,11.0,False,AlphaTauri,0 days 00:42:00.153000,,1,6.0,,,False,True
0 days 00:45:20.814000,GAS,10,0 days 00:01:40.629000,7.0,1.0,,,0 days 00:00:25.487000,0 days 00:00:29.993000,0 days 00:00:45.149000,0 days 00:44:05.674000,0 days 00:44:35.667000,0 days 00:45:20.816000,104.0,273.0,294.0,299.0,False,MEDIUM,12.0,False,AlphaTauri,0 days 00:43:40.185000,,1,6.0,,,False,True
0 days 00:47:01.361000,GAS,10,0 days 00:01:40.547000,8.0,1.0,,,0 days 00:00:25.604000,0 days 00:00:29.980000,0 days 00:00:44.963000,0 days 00:45:46.420000,0 days 00:46:16.400000,0 days 00:47:01.363000,106.0,273.0,295.0,296.0,False,MEDIUM,13.0,False,AlphaTauri,0 days 00:45:20.814000,,1,6.0,,,False,True
0 days 00:48:42.041000,GAS,10,0 days 00:01:40.680000,9.0,1.0,,,0 days 00:00:25.609000,0 days 00:00:29.961000,0 days 00:00:45.110000,0 days 00:47:26.972000,0 days 00:47:56.933000,0 days 00:48:42.043000,104.0,276.0,302.0,299.0,False,MEDIUM,14.0,False,AlphaTauri,0 days 00:47:01.361000,,1,6.0,,,False,True
0 days 00:50:23.380000,GAS,10,0 days 00:01:41.339000,10.0,1.0,,,0 days 00:00:25.728000,0 days 00:00:30.117000,0 days 00:00:45.494000,0 days 00:49:07.771000,0 days 00:49:37.888000,0 days 00:50:23.382000,103.0,275.0,293.0,300.0,False,MEDIUM,15.0,False,AlphaTauri,0 days 00:48:42.041000,,1,6.0,,,False,True
0 days 00:52:04.382000,GAS,10,0 days 00:01:41.002000,11.0,1.0,,,0 days 00:00:25.700000,0 days 00:00:30.132000,0 days 00:00:45.170000,0 days 00:50:49.082000,0 days 00:51:19.214000,0 days 00:52:04.384000,100.0,273.0,292.0,295.0,False,MEDIUM,16.0,False,AlphaTauri,0 days 00:50:23.380000,,1,6.0,,,False,True
0 days 00:53:45.666000,GAS,10,0 days 00:01:41.284000,12.0,1.0,,,0 days 00:00:25.774000,0 days 00:00:30.185000,0 days 00:00:45.325000,0 days 00:52:30.158000,0 days 00:53:00.343000,0 days 00:53:45.668000,98.0,273.0,291.0,295.0,False,MEDIUM,17.0,False,AlphaTauri,0 days 00:52:04.382000,,1,6.0,,,False,True
0 days 00:55:26.836000,GAS,10,0 days 00:01:41.170000,13.0,1.0,,,0 days 00:00:25.784000,0 days 00:00:30.081000,0 days 00:00:45.305000,0 days 00:54:11.452000,0 days 00:54:41.533000,0 days 00:55:26.838000,103.0,274.0,292.0,298.0,False,MEDIUM,18.0,False,AlphaTauri,0 days 00:53:45.666000,,1,6.0,,,False,True
0 days 00:57:08.055000,GAS,10,0 days 00:01:41.219000,14.0,1.0,,,0 days 00:00:25.772000,0 days 00:00:30.154000,0 days 00:00:45.293000,0 days 00:55:52.610000,0 days 00:56:22.764000,0 days 00:57:08.057000,103.0,275.0,292.0,299.0,False,MEDIUM,19.0,False,AlphaTauri,0 days 00:55:26.836000,,1,6.0,,,False,True
0 days 00:58:49.816000,GAS,10,0 days 00:01:41.761000,15.0,1.0,,,0 days 00:00:25.786000,0 days 00:00:30.458000,0 days 00:00:45.517000,0 days 00:57:33.843000,0 days 00:58:04.301000,0 days 00:58:49.818000,96.0,275.0,294.0,298.0,False,MEDIUM,20.0,False,AlphaTauri,0 days 00:57:08.055000,,1,6.0,,,False,True
0 days 01:00:30.843000,GAS,10,0 days 00:01:41.027000,16.0,1.0,,,0 days 00:00:25.672000,0 days 00:00:30.284000,0 days 00:00:45.071000,0 days 00:59:15.490000,0 days 00:59:45.774000,0 days 01:00:30.845000,102.0,274.0,291.0,294.0,False,MEDIUM,21.0,False,AlphaTauri,0 days 00:58:49.816000,,1,6.0,,,False,True
0 days 01:02:32.266000,GAS,10,0 days 00:02:01.423000,17.0,1.0,,0 days 01:02:02.358000,0 days 00:00:25.742000,0 days 00:00:30.195000,0 days 00:01:05.486000,0 days 01:00:56.587000,0 days 01:01:26.782000,0 days 01:02:32.268000,98.0,276.0,,294.0,False,MEDIUM,22.0,False,AlphaTauri,0 days 01:00:30.843000,,1,15.0,,,False,False
0 days 01:04:14.237000,GAS,10,0 days 00:01:41.971000,18.0,2.0,0 days 01:02:33.015000,,0 days 00:00:28.354000,0 days 00:00:29.547000,0 days 00:00:44.070000,0 days 01:03:00.622000,0 days 01:03:30.169000,0 days 01:04:14.239000,108.0,279.0,306.0,305.0,False,HARD,1.0,True,AlphaTauri,0 days 01:02:32.266000,,1,14.0,,,False,False
0 days 01:05:53.115000,GAS,10,0 days 00:01:38.878000,19.0,2.0,,,0 days 00:00:25,0 days 00:00:29.376000,0 days 00:00:44.502000,0 days 01:04:39.239000,0 days 01:05:08.615000,0 days 01:05:53.117000,110.0,281.0,307.0,329.0,True,HARD,2.0,True,AlphaTauri,0 days 01:04:14.237000,,1,14.0,,,False,True
0 days 01:07:32.549000,GAS,10,0 days 00:01:39.434000,20.0,2.0,,,0 days 00:00:25.094000,0 days 00:00:29.485000,0 days 00:00:44.855000,0 days 01:06:18.211000,0 days 01:06:47.696000,0 days 01:07:32.551000,108.0,284.0,306.0,321.0,False,HARD,3.0,True,AlphaTauri,0 days 01:05:53.115000,,1,14.0,,,False,True
0 days 01:09:12.566000,GAS,10,0 days 00:01:40.017000,21.0,2.0,,,0 days 00:00:25.697000,0 days 00:00:29.833000,0 days 00:00:44.487000,0 days 01:07:58.248000,0 days 01:08:28.081000,0 days 01:09:12.568000,105.0,280.0,297.0,301.0,False,HARD,4.0,True,AlphaTauri,0 days 01:07:32.549000,,1,14.0,,,False,True
0 days 01:10:52.585000,GAS,10,0 days 00:01:40.019000,22.0,2.0,,,0 days 00:00:25.572000,0 days 00:00:29.644000,0 days 00:00:44.803000,0 days 01:09:38.140000,0 days 01:10:07.784000,0 days 01:10:52.587000,102.0,280.0,311.0,307.0,False,HARD,5.0,True,AlphaTauri,0 days 01:09:12.566000,,1,14.0,,,False,True
0 days 01:12:33.729000,GAS,10,0 days 00:01:41.144000,23.0,2.0,,,0 days 00:00:26.189000,0 days 00:00:29.957000,0 days 00:00:44.998000,0 days 01:11:18.776000,0 days 01:11:48.733000,0 days 01:12:33.731000,104.0,283.0,308.0,317.0,False,HARD,6.0,True,AlphaTauri,0 days 01:10:52.585000,,1,13.0,,,False,True
0 days 01:14:13.659000,GAS,10,0 days 00:01:39.930000,24.0,2.0,,,0 days 00:00:25.731000,0 days 00:00:29.491000,0 days 00:00:44.708000,0 days 01:12:59.462000,0 days 01:13:28.953000,0 days 01:14:13.661000,107.0,281.0,310.0,317.0,False,HARD,7.0,True,AlphaTauri,0 days 01:12:33.729000,,1,12.0,,,False,True
0 days 01:15:53.785000,GAS,10,0 days 00:01:40.126000,25.0,2.0,,,0 days 00:00:25.517000,0 days 00:00:29.556000,0 days 00:00:45.053000,0 days 01:14:39.178000,0 days 01:15:08.734000,0 days 01:15:53.787000,106.0,280.0,313.0,332.0,False,HARD,8.0,True,AlphaTauri,0 days 01:14:13.659000,,1,12.0,,,False,True
0 days 01:17:34.199000,GAS,10,0 days 00:01:40.414000,26.0,2.0,,,0 days 00:00:25.953000,0 days 00:00:29.818000,0 days 00:00:44.643000,0 days 01:16:19.740000,0 days 01:16:49.558000,0 days 01:17:34.201000,106.0,291.0,312.0,334.0,False,HARD,9.0,True,AlphaTauri,0 days 01:15:53.785000,,1,11.0,,,False,True
0 days 01:19:14.396000,GAS,10,0 days 00:01:40.197000,27.0,2.0,,,0 days 00:00:25.844000,0 days 00:00:30.036000,0 days 00:00:44.317000,0 days 01:18:00.045000,0 days 01:18:30.081000,0 days 01:19:14.398000,107.0,284.0,307.0,330.0,False,HARD,10.0,True,AlphaTauri,0 days 01:17:34.199000,,1,10.0,,,False,True
0 days 01:20:55.156000,GAS,10,0 days 00:01:40.760000,28.0,2.0,,,0 days 00:00:25.615000,0 days 00:00:29.589000,0 days 00:00:45.556000,0 days 01:19:40.013000,0 days 01:20:09.602000,0 days 01:20:55.158000,108.0,279.0,298.0,331.0,False,HARD,11.0,True,AlphaTauri,0 days 01:19:14.396000,,1,10.0,,,False,True
0 days 01:22:35.995000,GAS,10,0 days 00:01:40.839000,29.0,2.0,,,0 days 00:00:25.737000,0 days 00:00:30.213000,0 days 00:00:44.889000,0 days 01:21:20.895000,0 days 01:21:51.108000,0 days 01:22:35.997000,104.0,286.0,321.0,328.0,False,HARD,12.0,True,AlphaTauri,0 days 01:20:55.156000,,1,11.0,,,False,True
0 days 01:24:15.834000,GAS,10,0 days 00:01:39.839000,30.0,2.0,,,0 days 00:00:25.761000,0 days 00:00:29.984000,0 days 00:00:44.094000,0 days 01:23:01.758000,0 days 01:23:31.742000,0 days 01:24:15.836000,102.0,278.0,298.0,300.0,False,HARD,13.0,True,AlphaTauri,0 days 01:22:35.995000,,1,10.0,,,False,True
0 days 01:25:55.685000,GAS,10,0 days 00:01:39.851000,31.0,2.0,,,0 days 00:00:25.677000,0 days 00:00:29.769000,0 days 00:00:44.405000,0 days 01:24:41.513000,0 days 01:25:11.282000,0 days 01:25:55.687000,105.0,279.0,294.0,296.0,False,HARD,14.0,True,AlphaTauri,0 days 01:24:15.834000,,1,10.0,,,False,True
0 days 01:27:34.942000,GAS,10,0 days 00:01:39.257000,32.0,2.0,,,0 days 00:00:25.467000,0 days 00:00:29.395000,0 days 00:00:44.395000,0 days 01:26:21.154000,0 days 01:26:50.549000,0 days 01:27:34.944000,106.0,281.0,305.0,317.0,False,HARD,15.0,True,AlphaTauri,0 days 01:25:55.685000,,1,10.0,,,False,True
0 days 01:29:14.061000,GAS,10,0 days 00:01:39.119000,33.0,2.0,,,0 days 00:00:25.353000,0 days 00:00:29.495000,0 days 00:00:44.271000,0 days 01:28:00.297000,0 days 01:28:29.792000,0 days 01:29:14.063000,106.0,281.0,307.0,332.0,False,HARD,16.0,True,AlphaTauri,0 days 01:27:34.942000,,1,10.0,,,False,True
0 days 01:30:53.395000,GAS,10,0 days 00:01:39.334000,34.0,2.0,,,0 days 00:00:25.406000,0 days 00:00:29.831000,0 days 00:00:44.097000,0 days 01:29:39.469000,0 days 01:30:09.300000,0 days 01:30:53.397000,105.0,281.0,308.0,329.0,False,HARD,17.0,True,AlphaTauri,0 days 01:29:14.061000,,1,9.0,,,False,True
0 days 01:32:32.993000,GAS,10,0 days 00:01:39.598000,35.0,2.0,,,0 days 00:00:25.555000,0 days 00:00:29.543000,0 days 00:00:44.500000,0 days 01:31:18.952000,0 days 01:31:48.495000,0 days 01:32:32.995000,102.0,285.0,309.0,332.0,False,HARD,18.0,True,AlphaTauri,0 days 01:30:53.395000,,1,9.0,,,False,True
0 days 01:34:12.631000,GAS,10,0 days 00:01:39.638000,36.0,2.0,,,0 days 00:00:25.736000,0 days 00:00:29.856000,0 days 00:00:44.046000,0 days 01:32:58.731000,0 days 01:33:28.587000,0 days 01:34:12.633000,105.0,277.0,293.0,332.0,False,HARD,19.0,True,AlphaTauri,0 days 01:32:32.993000,,1,8.0,,,False,True
0 days 01:35:51.873000,GAS,10,0 days 00:01:39.242000,37.0,2.0,,,0 days 00:00:25.158000,0 days 00:00:29.754000,0 days 00:00:44.330000,0 days 01:34:37.791000,0 days 01:35:07.545000,0 days 01:35:51.875000,107.0,277.0,292.0,291.0,False,HARD,20.0,True,AlphaTauri,0 days 01:34:12.631000,,1,7.0,,,False,True
0 days 01:37:30.835000,GAS,10,0 days 00:01:38.962000,38.0,2.0,,,0 days 00:00:25.113000,0 days 00:00:29.806000,0 days 00:00:44.043000,0 days 01:36:16.988000,0 days 01:36:46.794000,0 days 01:37:30.837000,107.0,278.0,293.0,292.0,False,HARD,21.0,True,AlphaTauri,0 days 01:35:51.873000,,1,7.0,,,False,True
0 days 01:39:09.768000,GAS,10,0 days 00:01:38.933000,39.0,2.0,,,0 days 00:00:25.051000,0 days 00:00:29.647000,0 days 00:00:44.235000,0 days 01:37:55.888000,0 days 01:38:25.535000,0 days 01:39:09.770000,107.0,277.0,293.0,294.0,False,HARD,22.0,True,AlphaTauri,0 days 01:37:30.835000,,1,7.0,,,False,True
0 days 01:40:48.551000,GAS,10,0 days 00:01:38.783000,40.0,2.0,,,0 days 00:00:25.029000,0 days 00:00:29.603000,0 days 00:00:44.151000,0 days 01:39:34.799000,0 days 01:40:04.402000,0 days 01:40:48.553000,107.0,277.0,295.0,294.0,True,HARD,23.0,True,AlphaTauri,0 days 01:39:09.768000,,1,7.0,,,False,True
0 days 01:42:27.112000,GAS,10,0 days 00:01:38.561000,41.0,2.0,,,0 days 00:00:24.958000,0 days 00:00:29.688000,0 days 00:00:43.915000,0 days 01:41:13.511000,0 days 01:41:43.199000,0 days 01:42:27.114000,107.0,278.0,293.0,296.0,True,HARD,24.0,True,AlphaTauri,0 days 01:40:48.551000,,1,7.0,,,False,True
0 days 01:44:05.558000,GAS,10,0 days 00:01:38.446000,42.0,2.0,,,0 days 00:00:24.891000,0 days 00:00:29.542000,0 days 00:00:44.013000,0 days 01:42:52.005000,0 days 01:43:21.547000,0 days 01:44:05.560000,105.0,280.0,294.0,295.0,True,HARD,25.0,True,AlphaTauri,0 days 01:42:27.112000,,1,7.0,,,False,True
0 days 01:45:43.748000,GAS,10,0 days 00:01:38.190000,43.0,2.0,,,0 days 00:00:24.831000,0 days 00:00:29.575000,0 days 00:00:43.784000,0 days 01:44:30.391000,0 days 01:44:59.966000,0 days 01:45:43.750000,105.0,280.0,293.0,297.0,True,HARD,26.0,True,AlphaTauri,0 days 01:44:05.558000,,1,7.0,,,False,True
0 days 01:47:21.851000,GAS,10,0 days 00:01:38.103000,44.0,2.0,,,0 days 00:00:24.985000,0 days 00:00:29.609000,0 days 00:00:43.509000,0 days 01:46:08.735000,0 days 01:46:38.344000,0 days 01:47:21.853000,101.0,278.0,295.0,297.0,True,HARD,27.0,True,AlphaTauri,0 days 01:45:43.748000,,1,7.0,,,False,True
0 days 01:49:00.028000,GAS,10,0 days 00:01:38.177000,45.0,2.0,,,0 days 00:00:24.780000,0 days 00:00:29.575000,0 days 00:00:43.822000,0 days 01:47:46.633000,0 days 01:48:16.208000,0 days 01:49:00.030000,105.0,280.0,292.0,298.0,False,HARD,28.0,True,AlphaTauri,0 days 01:47:21.851000,,1,7.0,,,False,True
0 days 01:50:38.428000,GAS,10,0 days 00:01:38.400000,46.0,2.0,,,0 days 00:00:24.852000,0 days 00:00:29.654000,0 days 00:00:43.894000,0 days 01:49:24.882000,0 days 01:49:54.536000,0 days 01:50:38.430000,104.0,279.0,295.0,297.0,False,HARD,29.0,True,AlphaTauri,0 days 01:49:00.028000,,1,7.0,,,False,True
0 days 01:52:17.084000,GAS,10,0 days 00:01:38.656000,47.0,2.0,,,0 days 00:00:24.940000,0 days 00:00:29.850000,0 days 00:00:43.866000,0 days 01:51:03.370000,0 days 01:51:33.220000,0 days 01:52:17.086000,103.0,280.0,296.0,296.0,False,HARD,30.0,True,AlphaTauri,0 days 01:50:38.428000,,1,7.0,,,False,True
0 days 01:53:55.214000,GAS,10,0 days 00:01:38.130000,48.0,2.0,,,0 days 00:00:25.008000,0 days 00:00:29.556000,0 days 00:00:43.566000,0 days 01:52:42.094000,0 days 01:53:11.650000,0 days 01:53:55.216000,103.0,282.0,297.0,301.0,False,HARD,31.0,True,AlphaTauri,0 days 01:52:17.084000,,1,7.0,,,False,True
0 days 01:55:33.739000,GAS,10,0 days 00:01:38.525000,49.0,2.0,,,0 days 00:00:24.940000,0 days 00:00:29.574000,0 days 00:00:44.011000,0 days 01:54:20.156000,0 days 01:54:49.730000,0 days 01:55:33.741000,106.0,282.0,298.0,299.0,False,HARD,32.0,True,AlphaTauri,0 days 01:53:55.214000,,1,7.0,,,False,True
0 days 01:57:12.269000,GAS,10,0 days 00:01:38.530000,50.0,2.0,,,0 days 00:00:24.973000,0 days 00:00:29.665000,0 days 00:00:43.892000,0 days 01:55:58.714000,0 days 01:56:28.379000,0 days 01:57:12.271000,107.0,281.0,307.0,300.0,False,HARD,33.0,True,AlphaTauri,0 days 01:55:33.739000,,1,7.0,,,False,True
0 days 01:58:50.911000,GAS,10,0 days 00:01:38.642000,51.0,2.0,,,0 days 00:00:25.074000,0 days 00:00:29.688000,0 days 00:00:43.880000,0 days 01:57:37.345000,0 days 01:58:07.033000,0 days 01:58:50.913000,101.0,280.0,306.0,304.0,False,HARD,34.0,True,AlphaTauri,0 days 01:57:12.269000,,1,7.0,,,False,True
0 days 02:00:29.643000,GAS,10,0 days 00:01:38.732000,52.0,2.0,,,0 days 00:00:25.152000,0 days 00:00:29.640000,0 days 00:00:43.940000,0 days 01:59:16.065000,0 days 01:59:45.705000,0 days 02:00:29.645000,103.0,281.0,307.0,311.0,False,HARD,35.0,True,AlphaTauri,0 days 01:58:50.911000,,1,7.0,,,False,True
0 days 02:02:08.832000,GAS,10,0 days 00:01:39.189000,53.0,2.0,,,0 days 00:00:25.229000,0 days 00:00:29.834000,0 days 00:00:44.126000,0 days 02:00:54.874000,0 days 02:01:24.708000,0 days 02:02:08.834000,107.0,284.0,303.0,309.0,False,HARD,36.0,True,AlphaTauri,0 days 02:00:29.643000,,1,7.0,,,False,True
0 days 00:35:17.156000,ALO,14,0 days 00:01:50.690000,1.0,1.0,,,,0 days 00:00:31.025000,0 days 00:00:45.411000,,0 days 00:34:31.848000,0 days 00:35:17.281000,103.0,282.0,298.0,304.0,False,MEDIUM,4.0,False,Alpine,0 days 00:33:26.312000,,1,8.0,,,False,False
0 days 00:36:59.526000,ALO,14,0 days 00:01:42.370000,2.0,1.0,,,0 days 00:00:26.760000,0 days 00:00:30.192000,0 days 00:00:45.418000,0 days 00:35:43.961000,0 days 00:36:14.153000,0 days 00:36:59.571000,107.0,273.0,292.0,294.0,True,MEDIUM,5.0,False,Alpine,0 days 00:35:17.156000,,1,8.0,,,False,True
0 days 00:38:40.323000,ALO,14,0 days 00:01:40.797000,3.0,1.0,,,0 days 00:00:25.873000,0 days 00:00:29.919000,0 days 00:00:45.005000,0 days 00:37:25.444000,0 days 00:37:55.363000,0 days 00:38:40.368000,105.0,273.0,301.0,317.0,True,MEDIUM,6.0,False,Alpine,0 days 00:36:59.526000,,1,8.0,,,False,True
0 days 00:40:21.821000,ALO,14,0 days 00:01:41.498000,4.0,1.0,,,0 days 00:00:25.856000,0 days 00:00:30.015000,0 days 00:00:45.627000,0 days 00:39:06.224000,0 days 00:39:36.239000,0 days 00:40:21.866000,107.0,272.0,300.0,317.0,False,MEDIUM,7.0,False,Alpine,0 days 00:38:40.323000,,1,8.0,,,False,True
0 days 00:42:02.554000,ALO,14,0 days 00:01:40.733000,5.0,1.0,,,0 days 00:00:25.657000,0 days 00:00:30.176000,0 days 00:00:44.900000,0 days 00:40:47.523000,0 days 00:41:17.699000,0 days 00:42:02.599000,101.0,273.0,293.0,301.0,True,MEDIUM,8.0,False,Alpine,0 days 00:40:21.821000,,1,8.0,,,False,True
0 days 00:43:43.158000,ALO,14,0 days 00:01:40.604000,6.0,1.0,,,0 days 00:00:25.538000,0 days 00:00:29.889000,0 days 00:00:45.177000,0 days 00:42:28.137000,0 days 00:42:58.026000,0 days 00:43:43.203000,104.0,273.0,288.0,299.0,True,MEDIUM,9.0,False,Alpine,0 days 00:42:02.554000,,1,8.0,,,False,True
0 days 00:45:23.907000,ALO,14,0 days 00:01:40.749000,7.0,1.0,,,0 days 00:00:25.571000,0 days 00:00:30.159000,0 days 00:00:45.019000,0 days 00:44:08.774000,0 days 00:44:38.933000,0 days 00:45:23.952000,102.0,269.0,290.0,293.0,False,MEDIUM,10.0,False,Alpine,0 days 00:43:43.158000,,1,8.0,,,False,True
0 days 00:47:04.814000,ALO,14,0 days 00:01:40.907000,8.0,1.0,,,0 days 00:00:25.775000,0 days 00:00:30.099000,0 days 00:00:45.033000,0 days 00:45:49.727000,0 days 00:46:19.826000,0 days 00:47:04.859000,106.0,271.0,290.0,302.0,False,MEDIUM,11.0,False,Alpine,0 days 00:45:23.907000,,1,8.0,,,False,True
0 days 00:48:45.358000,ALO,14,0 days 00:01:40.544000,9.0,1.0,,,0 days 00:00:25.558000,0 days 00:00:29.954000,0 days 00:00:45.032000,0 days 00:47:30.417000,0 days 00:48:00.371000,0 days 00:48:45.403000,105.0,272.0,290.0,294.0,True,MEDIUM,12.0,False,Alpine,0 days 00:47:04.814000,,1,8.0,,,False,True
0 days 00:50:26.160000,ALO,14,0 days 00:01:40.802000,10.0,1.0,,,0 days 00:00:25.659000,0 days 00:00:29.819000,0 days 00:00:45.324000,0 days 00:49:11.062000,0 days 00:49:40.881000,0 days 00:50:26.205000,104.0,273.0,289.0,292.0,False,MEDIUM,13.0,False,Alpine,0 days 00:48:45.358000,,1,8.0,,,False,True
0 days 00:52:09.381000,ALO,14,0 days 00:01:43.221000,11.0,1.0,,,0 days 00:00:25.861000,0 days 00:00:30.525000,0 days 00:00:46.835000,0 days 00:50:52.066000,0 days 00:51:22.591000,0 days 00:52:09.426000,105.0,271.0,301.0,307.0,False,MEDIUM,14.0,False,Alpine,0 days 00:50:26.160000,,1,10.0,,,False,True
0 days 00:53:50.532000,ALO,14,0 days 00:01:41.151000,12.0,1.0,,,0 days 00:00:25.650000,0 days 00:00:29.925000,0 days 00:00:45.576000,0 days 00:52:35.076000,0 days 00:53:05.001000,0 days 00:53:50.577000,102.0,271.0,291.0,304.0,False,MEDIUM,15.0,False,Alpine,0 days 00:52:09.381000,,1,10.0,,,False,True
0 days 00:55:33.276000,ALO,14,0 days 00:01:42.744000,13.0,1.0,,,0 days 00:00:25.938000,0 days 00:00:30.801000,0 days 00:00:46.005000,0 days 00:54:16.515000,0 days 00:54:47.316000,0 days 00:55:33.321000,98.0,276.0,289.0,308.0,False,MEDIUM,16.0,False,Alpine,0 days 00:53:50.532000,,1,11.0,,,False,True
0 days 00:57:14.646000,ALO,14,0 days 00:01:41.370000,14.0,1.0,,,0 days 00:00:25.823000,0 days 00:00:30.102000,0 days 00:00:45.445000,0 days 00:55:59.144000,0 days 00:56:29.246000,0 days 00:57:14.691000,100.0,272.0,287.0,298.0,False,MEDIUM,17.0,False,Alpine,0 days 00:55:33.276000,,1,10.0,,,False,True
0 days 00:58:56.529000,ALO,14,0 days 00:01:41.883000,15.0,1.0,,,0 days 00:00:26.022000,0 days 00:00:30.411000,0 days 00:00:45.450000,0 days 00:57:40.713000,0 days 00:58:11.124000,0 days 00:58:56.574000,91.0,272.0,290.0,292.0,False,MEDIUM,18.0,False,Alpine,0 days 00:57:14.646000,,1,10.0,,,False,True
0 days 01:00:37.972000,ALO,14,0 days 00:01:41.443000,16.0,1.0,,,0 days 00:00:25.859000,0 days 00:00:30.306000,0 days 00:00:45.278000,0 days 00:59:22.433000,0 days 00:59:52.739000,0 days 01:00:38.017000,101.0,270.0,288.0,292.0,False,MEDIUM,19.0,False,Alpine,0 days 00:58:56.529000,,1,9.0,,,False,True
0 days 01:02:19.117000,ALO,14,0 days 00:01:41.145000,17.0,1.0,,,0 days 00:00:25.784000,0 days 00:00:30.244000,0 days 00:00:45.117000,0 days 01:01:03.801000,0 days 01:01:34.045000,0 days 01:02:19.162000,101.0,271.0,288.0,291.0,False,MEDIUM,20.0,False,Alpine,0 days 01:00:37.972000,,1,7.0,,,False,True
0 days 01:04:20.739000,ALO,14,0 days 00:02:01.622000,18.0,1.0,,0 days 01:03:50.287000,0 days 00:00:25.597000,0 days 00:00:30.244000,0 days 00:01:05.781000,0 days 01:02:44.759000,0 days 01:03:15.003000,0 days 01:04:20.784000,97.0,270.0,,294.0,False,MEDIUM,21.0,False,Alpine,0 days 01:02:19.117000,,1,15.0,,,False,False
0 days 01:06:02.674000,ALO,14,0 days 00:01:41.935000,19.0,2.0,0 days 01:04:21.483000,,0 days 00:00:28.693000,0 days 00:00:29.085000,0 days 00:00:44.157000,0 days 01:04:49.477000,0 days 01:05:18.562000,0 days 01:06:02.719000,112.0,271.0,289.0,313.0,False,HARD,1.0,True,Alpine,0 days 01:04:20.739000,,1,15.0,,,False,False
0 days 01:07:42.046000,ALO,14,0 days 00:01:39.372000,20.0,2.0,,,0 days 00:00:24.821000,0 days 00:00:29.869000,0 days 00:00:44.682000,0 days 01:06:27.540000,0 days 01:06:57.409000,0 days 01:07:42.091000,110.0,273.0,289.0,291.0,True,HARD,2.0,True,Alpine,0 days 01:06:02.674000,,1,15.0,,,False,True
0 days 01:09:21.324000,ALO,14,0 days 00:01:39.278000,21.0,2.0,,,0 days 00:00:25.095000,0 days 00:00:29.960000,0 days 00:00:44.223000,0 days 01:08:07.186000,0 days 01:08:37.146000,0 days 01:09:21.369000,108.0,273.0,290.0,291.0,True,HARD,3.0,True,Alpine,0 days 01:07:42.046000,,1,15.0,,,False,True
0 days 01:11:00.702000,ALO,14,0 days 00:01:39.378000,22.0,2.0,,,0 days 00:00:25.189000,0 days 00:00:29.815000,0 days 00:00:44.374000,0 days 01:09:46.558000,0 days 01:10:16.373000,0 days 01:11:00.747000,109.0,274.0,291.0,290.0,False,HARD,4.0,True,Alpine,0 days 01:09:21.324000,,1,15.0,,,False,True
0 days 01:12:40.653000,ALO,14,0 days 00:01:39.951000,23.0,2.0,,,0 days 00:00:25.414000,0 days 00:00:29.925000,0 days 00:00:44.612000,0 days 01:11:26.161000,0 days 01:11:56.086000,0 days 01:12:40.698000,110.0,272.0,291.0,291.0,False,HARD,5.0,True,Alpine,0 days 01:11:00.702000,,1,15.0,,,False,True
0 days 01:14:20.297000,ALO,14,0 days 00:01:39.644000,24.0,2.0,,,0 days 00:00:25.290000,0 days 00:00:30.060000,0 days 00:00:44.294000,0 days 01:13:05.988000,0 days 01:13:36.048000,0 days 01:14:20.342000,107.0,271.0,294.0,292.0,False,HARD,6.0,True,Alpine,0 days 01:12:40.653000,,1,15.0,,,False,True
0 days 01:16:00.191000,ALO,14,0 days 00:01:39.894000,25.0,2.0,,,0 days 00:00:25.503000,0 days 00:00:29.967000,0 days 00:00:44.424000,0 days 01:14:45.845000,0 days 01:15:15.812000,0 days 01:16:00.236000,109.0,273.0,292.0,292.0,False,HARD,7.0,True,Alpine,0 days 01:14:20.297000,,1,15.0,,,False,True
0 days 01:17:40.015000,ALO,14,0 days 00:01:39.824000,26.0,2.0,,,0 days 00:00:25.528000,0 days 00:00:29.863000,0 days 00:00:44.433000,0 days 01:16:25.764000,0 days 01:16:55.627000,0 days 01:17:40.060000,107.0,275.0,291.0,295.0,False,HARD,8.0,True,Alpine,0 days 01:16:00.191000,,1,15.0,,,False,True
0 days 01:19:18.857000,ALO,14,0 days 00:01:38.842000,27.0,2.0,,,0 days 00:00:25.345000,0 days 00:00:29.116000,0 days 00:00:44.381000,0 days 01:18:05.405000,0 days 01:18:34.521000,0 days 01:19:18.902000,110.0,274.0,293.0,332.0,True,HARD,9.0,True,Alpine,0 days 01:17:40.015000,,1,14.0,,,False,True
0 days 01:20:58.875000,ALO,14,0 days 00:01:40.018000,28.0,2.0,,,0 days 00:00:25.476000,0 days 00:00:29.859000,0 days 00:00:44.683000,0 days 01:19:44.378000,0 days 01:20:14.237000,0 days 01:20:58.920000,109.0,274.0,298.0,301.0,False,HARD,10.0,True,Alpine,0 days 01:19:18.857000,,1,12.0,,,False,True
0 days 01:22:38.409000,ALO,14,0 days 00:01:39.534000,29.0,2.0,,,0 days 00:00:25.064000,0 days 00:00:29.786000,0 days 00:00:44.684000,0 days 01:21:23.984000,0 days 01:21:53.770000,0 days 01:22:38.454000,103.0,274.0,291.0,296.0,False,HARD,11.0,True,Alpine,0 days 01:20:58.875000,,1,12.0,,,False,True
0 days 01:24:19.032000,ALO,14,0 days 00:01:40.623000,30.0,2.0,,,0 days 00:00:25.925000,0 days 00:00:30.188000,0 days 00:00:44.510000,0 days 01:23:04.379000,0 days 01:23:34.567000,0 days 01:24:19.077000,105.0,276.0,294.0,297.0,False,HARD,12.0,True,Alpine,0 days 01:22:38.409000,,1,12.0,,,False,True
0 days 01:25:58.934000,ALO,14,0 days 00:01:39.902000,31.0,2.0,,,0 days 00:00:25.583000,0 days 00:00:29.337000,0 days 00:00:44.982000,0 days 01:24:44.660000,0 days 01:25:13.997000,0 days 01:25:58.979000,109.0,275.0,289.0,330.0,False,HARD,13.0,True,Alpine,0 days 01:24:19.032000,,1,11.0,,,False,True
0 days 01:27:38.436000,ALO,14,0 days 00:01:39.502000,32.0,2.0,,,0 days 00:00:25.343000,0 days 00:00:29.915000,0 days 00:00:44.244000,0 days 01:26:24.322000,0 days 01:26:54.237000,0 days 01:27:38.481000,107.0,273.0,291.0,291.0,False,HARD,14.0,True,Alpine,0 days 01:25:58.934000,,1,11.0,,,False,True
0 days 01:29:17.354000,ALO,14,0 days 00:01:38.918000,33.0,2.0,,,0 days 00:00:25.150000,0 days 00:00:29.762000,0 days 00:00:44.006000,0 days 01:28:03.631000,0 days 01:28:33.393000,0 days 01:29:17.399000,106.0,274.0,291.0,294.0,False,HARD,15.0,True,Alpine,0 days 01:27:38.436000,,1,11.0,,,False,True
0 days 01:30:55.908000,ALO,14,0 days 00:01:38.554000,34.0,2.0,,,0 days 00:00:24.978000,0 days 00:00:29.637000,0 days 00:00:43.939000,0 days 01:29:42.377000,0 days 01:30:12.014000,0 days 01:30:55.953000,103.0,274.0,291.0,295.0,True,HARD,16.0,True,Alpine,0 days 01:29:17.354000,,1,10.0,,,False,True
0 days 01:32:34.624000,ALO,14,0 days 00:01:38.716000,35.0,2.0,,,0 days 00:00:25.002000,0 days 00:00:29.614000,0 days 00:00:44.100000,0 days 01:31:20.955000,0 days 01:31:50.569000,0 days 01:32:34.669000,107.0,276.0,291.0,295.0,False,HARD,17.0,True,Alpine,0 days 01:30:55.908000,,1,10.0,,,False,True
0 days 01:34:14.632000,ALO,14,0 days 00:01:40.008000,36.0,2.0,,,0 days 00:00:25.247000,0 days 00:00:29.556000,0 days 00:00:45.205000,0 days 01:32:59.916000,0 days 01:33:29.472000,0 days 01:34:14.677000,110.0,280.0,308.0,321.0,False,HARD,18.0,True,Alpine,0 days 01:32:34.624000,,1,10.0,,,False,True
0 days 01:35:53.696000,ALO,14,0 days 00:01:39.064000,37.0,2.0,,,0 days 00:00:25.217000,0 days 00:00:29.769000,0 days 00:00:44.078000,0 days 01:34:39.894000,0 days 01:35:09.663000,0 days 01:35:53.741000,108.0,274.0,291.0,295.0,False,HARD,19.0,True,Alpine,0 days 01:34:14.632000,,1,8.0,,,False,True
0 days 01:37:32.677000,ALO,14,0 days 00:01:38.981000,38.0,2.0,,,0 days 00:00:25.024000,0 days 00:00:29.718000,0 days 00:00:44.239000,0 days 01:36:18.765000,0 days 01:36:48.483000,0 days 01:37:32.722000,106.0,276.0,291.0,294.0,False,HARD,20.0,True,Alpine,0 days 01:35:53.696000,,1,8.0,,,False,True
0 days 01:39:12.089000,ALO,14,0 days 00:01:39.412000,39.0,2.0,,,0 days 00:00:25.392000,0 days 00:00:29.688000,0 days 00:00:44.332000,0 days 01:37:58.114000,0 days 01:38:27.802000,0 days 01:39:12.134000,108.0,274.0,290.0,296.0,False,HARD,21.0,True,Alpine,0 days 01:37:32.677000,,1,8.0,,,False,True
0 days 01:40:51.292000,ALO,14,0 days 00:01:39.203000,40.0,2.0,,,0 days 00:00:25.223000,0 days 00:00:29.708000,0 days 00:00:44.272000,0 days 01:39:37.357000,0 days 01:40:07.065000,0 days 01:40:51.337000,111.0,274.0,292.0,293.0,False,HARD,22.0,True,Alpine,0 days 01:39:12.089000,,1,8.0,,,False,True
0 days 01:42:29.755000,ALO,14,0 days 00:01:38.463000,41.0,2.0,,,0 days 00:00:25.087000,0 days 00:00:29.623000,0 days 00:00:43.753000,0 days 01:41:16.424000,0 days 01:41:46.047000,0 days 01:42:29.800000,108.0,274.0,291.0,295.0,True,HARD,23.0,True,Alpine,0 days 01:40:51.292000,,1,8.0,,,False,True
0 days 01:44:08.388000,ALO,14,0 days 00:01:38.633000,42.0,2.0,,,0 days 00:00:25.069000,0 days 00:00:29.635000,0 days 00:00:43.929000,0 days 01:42:54.869000,0 days 01:43:24.504000,0 days 01:44:08.433000,104.0,275.0,292.0,293.0,False,HARD,24.0,True,Alpine,0 days 01:42:29.755000,,1,8.0,,,False,True
0 days 01:45:46.171000,ALO,14,0 days 00:01:37.783000,43.0,2.0,,,0 days 00:00:24.796000,0 days 00:00:29.419000,0 days 00:00:43.568000,0 days 01:44:33.229000,0 days 01:45:02.648000,0 days 01:45:46.216000,109.0,276.0,290.0,297.0,True,HARD,25.0,True,Alpine,0 days 01:44:08.388000,,1,8.0,,,False,True
0 days 01:47:23.817000,ALO,14,0 days 00:01:37.646000,44.0,2.0,,,0 days 00:00:24.829000,0 days 00:00:29.450000,0 days 00:00:43.367000,0 days 01:46:11.045000,0 days 01:46:40.495000,0 days 01:47:23.862000,106.0,275.0,293.0,297.0,True,HARD,26.0,True,Alpine,0 days 01:45:46.171000,,1,8.0,,,False,True
0 days 01:49:01.958000,ALO,14,0 days 00:01:38.141000,45.0,2.0,,,0 days 00:00:24.686000,0 days 00:00:29.716000,0 days 00:00:43.739000,0 days 01:47:48.548000,0 days 01:48:18.264000,0 days 01:49:02.003000,108.0,276.0,290.0,294.0,False,HARD,27.0,True,Alpine,0 days 01:47:23.817000,,1,8.0,,,False,True
0 days 01:50:39.949000,ALO,14,0 days 00:01:37.991000,46.0,2.0,,,0 days 00:00:24.839000,0 days 00:00:29.572000,0 days 00:00:43.580000,0 days 01:49:26.842000,0 days 01:49:56.414000,0 days 01:50:39.994000,105.0,276.0,293.0,295.0,False,HARD,28.0,True,Alpine,0 days 01:49:01.958000,,1,8.0,,,False,True
0 days 01:52:18.036000,ALO,14,0 days 00:01:38.087000,47.0,2.0,,,0 days 00:00:24.858000,0 days 00:00:29.615000,0 days 00:00:43.614000,0 days 01:51:04.852000,0 days 01:51:34.467000,0 days 01:52:18.081000,105.0,277.0,303.0,298.0,False,HARD,29.0,True,Alpine,0 days 01:50:39.949000,,1,8.0,,,False,True
0 days 01:53:56.216000,ALO,14,0 days 00:01:38.180000,48.0,2.0,,,0 days 00:00:25.046000,0 days 00:00:29.404000,0 days 00:00:43.730000,0 days 01:52:43.127000,0 days 01:53:12.531000,0 days 01:53:56.261000,107.0,279.0,301.0,325.0,False,HARD,30.0,True,Alpine,0 days 01:52:18.036000,,1,8.0,,,False,True
0 days 01:55:34.788000,ALO,14,0 days 00:01:38.572000,49.0,2.0,,,0 days 00:00:24.878000,0 days 00:00:29.543000,0 days 00:00:44.151000,0 days 01:54:21.139000,0 days 01:54:50.682000,0 days 01:55:34.833000,106.0,277.0,303.0,321.0,False,HARD,31.0,True,Alpine,0 days 01:53:56.216000,,1,8.0,,,False,True
0 days 01:57:13.571000,ALO,14,0 days 00:01:38.783000,50.0,2.0,,,0 days 00:00:25.238000,0 days 00:00:29.651000,0 days 00:00:43.894000,0 days 01:56:00.071000,0 days 01:56:29.722000,0 days 01:57:13.616000,108.0,276.0,297.0,296.0,False,HARD,32.0,True,Alpine,0 days 01:55:34.788000,,1,8.0,,,False,True
0 days 01:58:51.863000,ALO,14,0 days 00:01:38.292000,51.0,2.0,,,0 days 00:00:24.908000,0 days 00:00:29.701000,0 days 00:00:43.683000,0 days 01:57:38.524000,0 days 01:58:08.225000,0 days 01:58:51.908000,95.0,275.0,305.0,299.0,False,HARD,33.0,True,Alpine,0 days 01:57:13.571000,,1,8.0,,,False,True
0 days 02:00:30.476000,ALO,14,0 days 00:01:38.613000,52.0,2.0,,,0 days 00:00:24.989000,0 days 00:00:29.637000,0 days 00:00:43.987000,0 days 01:59:16.897000,0 days 01:59:46.534000,0 days 02:00:30.521000,105.0,278.0,306.0,332.0,False,HARD,34.0,True,Alpine,0 days 01:58:51.863000,,1,8.0,,,False,True
0 days 02:02:09.931000,ALO,14,0 days 00:01:39.455000,53.0,2.0,,,0 days 00:00:25.262000,0 days 00:00:29.761000,0 days 00:00:44.432000,0 days 02:00:55.783000,0 days 02:01:25.544000,0 days 02:02:09.976000,99.0,277.0,298.0,329.0,False,HARD,35.0,True,Alpine,0 days 02:00:30.476000,,1,8.0,,,False,True
0 days 00:35:19.313000,VET,5,0 days 00:01:52.847000,1.0,1.0,,,,0 days 00:00:30.815000,0 days 00:00:46.297000,,0 days 00:34:33.137000,0 days 00:35:19.487000,107.0,288.0,298.0,315.0,False,HARD,1.0,True,Aston Martin,0 days 00:33:26.312000,,1,12.0,,,False,False
0 days 00:37:02.287000,VET,5,0 days 00:01:42.974000,2.0,1.0,,,0 days 00:00:26.807000,0 days 00:00:30.286000,0 days 00:00:45.881000,0 days 00:35:46.155000,0 days 00:36:16.441000,0 days 00:37:02.322000,104.0,277.0,295.0,320.0,True,HARD,2.0,True,Aston Martin,0 days 00:35:19.313000,,1,11.0,,,False,True
0 days 00:38:43.747000,VET,5,0 days 00:01:41.460000,3.0,1.0,,,0 days 00:00:25.993000,0 days 00:00:30.152000,0 days 00:00:45.315000,0 days 00:37:28.315000,0 days 00:37:58.467000,0 days 00:38:43.782000,108.0,276.0,302.0,297.0,True,HARD,3.0,True,Aston Martin,0 days 00:37:02.287000,,1,11.0,,,False,True
0 days 00:40:25.475000,VET,5,0 days 00:01:41.728000,4.0,1.0,,,0 days 00:00:25.778000,0 days 00:00:30.203000,0 days 00:00:45.747000,0 days 00:39:09.560000,0 days 00:39:39.763000,0 days 00:40:25.510000,109.0,277.0,303.0,304.0,False,HARD,4.0,True,Aston Martin,0 days 00:38:43.747000,,1,11.0,,,False,True
0 days 00:42:06.009000,VET,5,0 days 00:01:40.534000,5.0,1.0,,,0 days 00:00:25.499000,0 days 00:00:29.880000,0 days 00:00:45.155000,0 days 00:40:51.009000,0 days 00:41:20.889000,0 days 00:42:06.044000,103.0,279.0,304.0,320.0,True,HARD,5.0,True,Aston Martin,0 days 00:40:25.475000,,1,11.0,,,False,True
0 days 00:43:46.485000,VET,5,0 days 00:01:40.476000,6.0,1.0,,,0 days 00:00:25.530000,0 days 00:00:29.820000,0 days 00:00:45.126000,0 days 00:42:31.574000,0 days 00:43:01.394000,0 days 00:43:46.520000,104.0,277.0,293.0,302.0,True,HARD,6.0,True,Aston Martin,0 days 00:42:06.009000,,1,11.0,,,False,True
0 days 00:45:27.426000,VET,5,0 days 00:01:40.941000,7.0,1.0,,,0 days 00:00:25.762000,0 days 00:00:30.030000,0 days 00:00:45.149000,0 days 00:44:12.282000,0 days 00:44:42.312000,0 days 00:45:27.461000,105.0,274.0,295.0,296.0,False,HARD,7.0,True,Aston Martin,0 days 00:43:46.485000,,1,11.0,,,False,True
0 days 00:47:08.016000,VET,5,0 days 00:01:40.590000,8.0,1.0,,,0 days 00:00:25.620000,0 days 00:00:29.962000,0 days 00:00:45.008000,0 days 00:45:53.081000,0 days 00:46:23.043000,0 days 00:47:08.051000,104.0,277.0,295.0,294.0,False,HARD,8.0,True,Aston Martin,0 days 00:45:27.426000,,1,11.0,,,False,True
0 days 00:48:48.587000,VET,5,0 days 00:01:40.571000,9.0,1.0,,,0 days 00:00:25.602000,0 days 00:00:29.914000,0 days 00:00:45.055000,0 days 00:47:33.653000,0 days 00:48:03.567000,0 days 00:48:48.622000,105.0,277.0,294.0,295.0,False,HARD,9.0,True,Aston Martin,0 days 00:47:08.016000,,1,11.0,,,False,True
0 days 00:50:29.076000,VET,5,0 days 00:01:40.489000,10.0,1.0,,,0 days 00:00:25.687000,0 days 00:00:29.701000,0 days 00:00:45.101000,0 days 00:49:14.309000,0 days 00:49:44.010000,0 days 00:50:29.111000,106.0,278.0,293.0,293.0,False,HARD,10.0,True,Aston Martin,0 days 00:48:48.587000,,1,11.0,,,False,True
0 days 00:52:09.796000,VET,5,0 days 00:01:40.720000,11.0,1.0,,,0 days 00:00:25.757000,0 days 00:00:29.753000,0 days 00:00:45.210000,0 days 00:50:54.868000,0 days 00:51:24.621000,0 days 00:52:09.831000,103.0,278.0,310.0,298.0,False,HARD,11.0,True,Aston Martin,0 days 00:50:29.076000,,1,11.0,,,False,True
0 days 00:53:50.858000,VET,5,0 days 00:01:41.062000,12.0,1.0,,,0 days 00:00:25.918000,0 days 00:00:29.785000,0 days 00:00:45.359000,0 days 00:52:35.749000,0 days 00:53:05.534000,0 days 00:53:50.893000,107.0,279.0,305.0,327.0,False,HARD,12.0,True,Aston Martin,0 days 00:52:09.796000,,1,11.0,,,False,True
0 days 00:55:31.894000,VET,5,0 days 00:01:41.036000,13.0,1.0,,,0 days 00:00:26.239000,0 days 00:00:29.740000,0 days 00:00:45.057000,0 days 00:54:17.132000,0 days 00:54:46.872000,0 days 00:55:31.929000,103.0,276.0,293.0,336.0,False,HARD,13.0,True,Aston Martin,0 days 00:53:50.858000,,1,10.0,,,False,True
0 days 00:57:12.585000,VET,5,0 days 00:01:40.691000,14.0,1.0,,,0 days 00:00:25.706000,0 days 00:00:29.743000,0 days 00:00:45.242000,0 days 00:55:57.635000,0 days 00:56:27.378000,0 days 00:57:12.620000,110.0,276.0,291.0,298.0,False,HARD,14.0,True,Aston Martin,0 days 00:55:31.894000,,1,9.0,,,False,True
0 days 00:58:53.608000,VET,5,0 days 00:01:41.023000,15.0,1.0,,,0 days 00:00:25.612000,0 days 00:00:30.065000,0 days 00:00:45.346000,0 days 00:57:38.232000,0 days 00:58:08.297000,0 days 00:58:53.643000,103.0,276.0,294.0,294.0,False,HARD,15.0,True,Aston Martin,0 days 00:57:12.585000,,1,9.0,,,False,True
0 days 01:00:34.359000,VET,5,0 days 00:01:40.751000,16.0,1.0,,,0 days 00:00:25.746000,0 days 00:00:29.926000,0 days 00:00:45.079000,0 days 00:59:19.389000,0 days 00:59:49.315000,0 days 01:00:34.394000,107.0,276.0,292.0,295.0,False,HARD,16.0,True,Aston Martin,0 days 00:58:53.608000,,1,8.0,,,False,True
0 days 01:02:14.979000,VET,5,0 days 00:01:40.620000,17.0,1.0,,,0 days 00:00:25.730000,0 days 00:00:29.797000,0 days 00:00:45.093000,0 days 01:01:00.124000,0 days 01:01:29.921000,0 days 01:02:15.014000,103.0,277.0,290.0,295.0,False,HARD,17.0,True,Aston Martin,0 days 01:00:34.359000,,1,6.0,,,False,True
0 days 01:03:55.235000,VET,5,0 days 00:01:40.256000,18.0,1.0,,,0 days 00:00:25.647000,0 days 00:00:29.702000,0 days 00:00:44.907000,0 days 01:02:40.661000,0 days 01:03:10.363000,0 days 01:03:55.270000,106.0,275.0,293.0,296.0,True,HARD,18.0,True,Aston Martin,0 days 01:02:14.979000,,1,6.0,,,False,True
0 days 01:05:35.247000,VET,5,0 days 00:01:40.012000,19.0,1.0,,,0 days 00:00:25.423000,0 days 00:00:29.817000,0 days 00:00:44.772000,0 days 01:04:20.693000,0 days 01:04:50.510000,0 days 01:05:35.282000,106.0,275.0,294.0,295.0,True,HARD,19.0,True,Aston Martin,0 days 01:03:55.235000,,1,6.0,,,False,True
0 days 01:07:15.254000,VET,5,0 days 00:01:40.007000,20.0,1.0,,,0 days 00:00:25.507000,0 days 00:00:29.739000,0 days 00:00:44.761000,0 days 01:06:00.789000,0 days 01:06:30.528000,0 days 01:07:15.289000,107.0,277.0,292.0,295.0,True,HARD,20.0,True,Aston Martin,0 days 01:05:35.247000,,1,6.0,,,False,True
0 days 01:08:55.702000,VET,5,0 days 00:01:40.448000,21.0,1.0,,,0 days 00:00:25.563000,0 days 00:00:29.845000,0 days 00:00:45.040000,0 days 01:07:40.852000,0 days 01:08:10.697000,0 days 01:08:55.737000,104.0,277.0,292.0,295.0,False,HARD,21.0,True,Aston Martin,0 days 01:07:15.254000,,1,6.0,,,False,True
0 days 01:10:35.710000,VET,5,0 days 00:01:40.008000,22.0,1.0,,,0 days 00:00:25.589000,0 days 00:00:29.763000,0 days 00:00:44.656000,0 days 01:09:21.326000,0 days 01:09:51.089000,0 days 01:10:35.745000,105.0,277.0,295.0,295.0,False,HARD,22.0,True,Aston Martin,0 days 01:08:55.702000,,1,6.0,,,False,True
0 days 01:12:15.844000,VET,5,0 days 00:01:40.134000,23.0,1.0,,,0 days 00:00:25.512000,0 days 00:00:29.842000,0 days 00:00:44.780000,0 days 01:11:01.257000,0 days 01:11:31.099000,0 days 01:12:15.879000,106.0,277.0,293.0,293.0,False,HARD,23.0,True,Aston Martin,0 days 01:10:35.710000,,1,6.0,,,False,True
0 days 01:13:56.159000,VET,5,0 days 00:01:40.315000,24.0,1.0,,,0 days 00:00:25.597000,0 days 00:00:29.864000,0 days 00:00:44.854000,0 days 01:12:41.476000,0 days 01:13:11.340000,0 days 01:13:56.194000,107.0,278.0,291.0,294.0,False,HARD,24.0,True,Aston Martin,0 days 01:12:15.844000,,1,5.0,,,False,True
0 days 01:15:36.434000,VET,5,0 days 00:01:40.275000,25.0,1.0,,,0 days 00:00:25.652000,0 days 00:00:29.901000,0 days 00:00:44.722000,0 days 01:14:21.846000,0 days 01:14:51.747000,0 days 01:15:36.469000,104.0,274.0,291.0,288.0,False,HARD,25.0,True,Aston Martin,0 days 01:13:56.159000,,1,5.0,,,False,True
0 days 01:17:16.729000,VET,5,0 days 00:01:40.295000,26.0,1.0,,,0 days 00:00:25.563000,0 days 00:00:29.980000,0 days 00:00:44.752000,0 days 01:16:02.032000,0 days 01:16:32.012000,0 days 01:17:16.764000,103.0,275.0,290.0,289.0,False,HARD,26.0,True,Aston Martin,0 days 01:15:36.434000,,1,5.0,,,False,True
0 days 01:18:56.537000,VET,5,0 days 00:01:39.808000,27.0,1.0,,,0 days 00:00:25.508000,0 days 00:00:29.782000,0 days 00:00:44.518000,0 days 01:17:42.272000,0 days 01:18:12.054000,0 days 01:18:56.572000,104.0,275.0,289.0,290.0,True,HARD,27.0,True,Aston Martin,0 days 01:17:16.729000,,1,5.0,,,False,True
0 days 01:20:39.976000,VET,5,0 days 00:01:43.439000,28.0,1.0,,,0 days 00:00:25.387000,0 days 00:00:29.761000,0 days 00:00:48.291000,0 days 01:19:21.959000,0 days 01:19:51.720000,0 days 01:20:40.011000,108.0,274.0,289.0,290.0,False,HARD,28.0,True,Aston Martin,0 days 01:18:56.537000,,1,5.0,,,False,True
0 days 01:22:20.264000,VET,5,0 days 00:01:40.288000,29.0,1.0,,,0 days 00:00:25.656000,0 days 00:00:29.817000,0 days 00:00:44.815000,0 days 01:21:05.667000,0 days 01:21:35.484000,0 days 01:22:20.299000,102.0,275.0,292.0,291.0,False,HARD,29.0,True,Aston Martin,0 days 01:20:39.976000,,1,5.0,,,False,True
0 days 01:24:00.406000,VET,5,0 days 00:01:40.142000,30.0,1.0,,,0 days 00:00:25.518000,0 days 00:00:29.865000,0 days 00:00:44.759000,0 days 01:22:45.817000,0 days 01:23:15.682000,0 days 01:24:00.441000,102.0,276.0,289.0,290.0,False,HARD,30.0,True,Aston Martin,0 days 01:22:20.264000,,1,5.0,,,False,True
0 days 01:25:41.286000,VET,5,0 days 00:01:40.880000,31.0,1.0,,,0 days 00:00:25.436000,0 days 00:00:29.876000,0 days 00:00:45.568000,0 days 01:24:25.877000,0 days 01:24:55.753000,0 days 01:25:41.321000,105.0,276.0,291.0,288.0,False,HARD,31.0,True,Aston Martin,0 days 01:24:00.406000,,1,5.0,,,False,True
0 days 01:27:21.905000,VET,5,0 days 00:01:40.619000,32.0,1.0,,,0 days 00:00:25.693000,0 days 00:00:29.919000,0 days 00:00:45.007000,0 days 01:26:07.014000,0 days 01:26:36.933000,0 days 01:27:21.940000,104.0,275.0,290.0,288.0,False,HARD,32.0,True,Aston Martin,0 days 01:25:41.286000,,1,5.0,,,False,True
0 days 01:29:01.924000,VET,5,0 days 00:01:40.019000,33.0,1.0,,,0 days 00:00:25.436000,0 days 00:00:29.750000,0 days 00:00:44.833000,0 days 01:27:47.376000,0 days 01:28:17.126000,0 days 01:29:01.959000,105.0,276.0,291.0,289.0,False,HARD,33.0,True,Aston Martin,0 days 01:27:21.905000,,1,5.0,,,False,True
0 days 01:30:41.433000,VET,5,0 days 00:01:39.509000,34.0,1.0,,,0 days 00:00:25.345000,0 days 00:00:29.755000,0 days 00:00:44.409000,0 days 01:29:27.304000,0 days 01:29:57.059000,0 days 01:30:41.468000,107.0,275.0,291.0,290.0,True,HARD,34.0,True,Aston Martin,0 days 01:29:01.924000,,1,5.0,,,False,True
0 days 01:32:20.831000,VET,5,0 days 00:01:39.398000,35.0,1.0,,,0 days 00:00:25.366000,0 days 00:00:29.662000,0 days 00:00:44.370000,0 days 01:31:06.834000,0 days 01:31:36.496000,0 days 01:32:20.866000,105.0,276.0,290.0,289.0,True,HARD,35.0,True,Aston Martin,0 days 01:30:41.433000,,1,5.0,,,False,True
0 days 01:34:00.426000,VET,5,0 days 00:01:39.595000,36.0,1.0,,,0 days 00:00:25.301000,0 days 00:00:29.750000,0 days 00:00:44.544000,0 days 01:32:46.167000,0 days 01:33:15.917000,0 days 01:34:00.461000,107.0,277.0,291.0,291.0,False,HARD,36.0,True,Aston Martin,0 days 01:32:20.831000,,1,5.0,,,False,True
0 days 01:36:00.397000,VET,5,0 days 00:01:59.971000,37.0,1.0,,0 days 01:35:30.164000,0 days 00:00:25.264000,0 days 00:00:29.652000,0 days 00:01:05.055000,0 days 01:34:25.725000,0 days 01:34:55.377000,0 days 01:36:00.432000,107.0,276.0,,290.0,False,HARD,37.0,True,Aston Martin,0 days 01:34:00.426000,,1,11.0,,,False,False
0 days 01:37:42.441000,VET,5,0 days 00:01:42.044000,38.0,2.0,0 days 01:36:01.475000,,0 days 00:00:28.486000,0 days 00:00:29.528000,0 days 00:00:44.030000,0 days 01:36:28.918000,0 days 01:36:58.446000,0 days 01:37:42.476000,113.0,277.0,290.0,290.0,False,MEDIUM,4.0,False,Aston Martin,0 days 01:36:00.397000,,1,10.0,,,False,False
0 days 01:39:20.929000,VET,5,0 days 00:01:38.488000,39.0,2.0,,,0 days 00:00:24.910000,0 days 00:00:29.451000,0 days 00:00:44.127000,0 days 01:38:07.386000,0 days 01:38:36.837000,0 days 01:39:20.964000,113.0,276.0,291.0,290.0,True,MEDIUM,5.0,False,Aston Martin,0 days 01:37:42.441000,,1,10.0,,,False,True
0 days 01:40:59.427000,VET,5,0 days 00:01:38.498000,40.0,2.0,,,0 days 00:00:24.934000,0 days 00:00:29.496000,0 days 00:00:44.068000,0 days 01:39:45.898000,0 days 01:40:15.394000,0 days 01:40:59.462000,110.0,276.0,293.0,292.0,False,MEDIUM,6.0,False,Aston Martin,0 days 01:39:20.929000,,1,10.0,,,False,True
0 days 01:42:37.854000,VET,5,0 days 00:01:38.427000,41.0,2.0,,,0 days 00:00:24.985000,0 days 00:00:29.389000,0 days 00:00:44.053000,0 days 01:41:24.447000,0 days 01:41:53.836000,0 days 01:42:37.889000,111.0,277.0,293.0,293.0,True,MEDIUM,7.0,False,Aston Martin,0 days 01:40:59.427000,,1,10.0,,,False,True
0 days 01:44:15.821000,VET,5,0 days 00:01:37.967000,42.0,2.0,,,0 days 00:00:24.824000,0 days 00:00:29.332000,0 days 00:00:43.811000,0 days 01:43:02.713000,0 days 01:43:32.045000,0 days 01:44:15.856000,113.0,280.0,295.0,294.0,True,MEDIUM,8.0,False,Aston Martin,0 days 01:42:37.854000,,1,10.0,,,False,True
0 days 01:45:53.701000,VET,5,0 days 00:01:37.880000,43.0,2.0,,,0 days 00:00:24.826000,0 days 00:00:29.258000,0 days 00:00:43.796000,0 days 01:44:40.682000,0 days 01:45:09.940000,0 days 01:45:53.736000,112.0,281.0,296.0,299.0,True,MEDIUM,9.0,False,Aston Martin,0 days 01:44:15.821000,,1,10.0,,,False,True
0 days 01:47:31.999000,VET,5,0 days 00:01:38.298000,44.0,2.0,,,0 days 00:00:25.112000,0 days 00:00:29.145000,0 days 00:00:44.041000,0 days 01:46:18.848000,0 days 01:46:47.993000,0 days 01:47:32.034000,110.0,276.0,291.0,322.0,False,MEDIUM,10.0,False,Aston Martin,0 days 01:45:53.701000,,1,9.0,,,False,True
0 days 01:49:10.325000,VET,5,0 days 00:01:38.326000,45.0,2.0,,,0 days 00:00:24.871000,0 days 00:00:29.366000,0 days 00:00:44.089000,0 days 01:47:56.905000,0 days 01:48:26.271000,0 days 01:49:10.360000,109.0,278.0,291.0,290.0,False,MEDIUM,11.0,False,Aston Martin,0 days 01:47:31.999000,,1,9.0,,,False,True
0 days 01:50:48.124000,VET,5,0 days 00:01:37.799000,46.0,2.0,,,0 days 00:00:24.732000,0 days 00:00:29.330000,0 days 00:00:43.737000,0 days 01:49:35.092000,0 days 01:50:04.422000,0 days 01:50:48.159000,111.0,277.0,293.0,292.0,True,MEDIUM,12.0,False,Aston Martin,0 days 01:49:10.325000,,1,9.0,,,False,True
0 days 01:52:25.990000,VET,5,0 days 00:01:37.866000,47.0,2.0,,,0 days 00:00:24.851000,0 days 00:00:29.347000,0 days 00:00:43.668000,0 days 01:51:13.010000,0 days 01:51:42.357000,0 days 01:52:26.025000,108.0,277.0,293.0,290.0,False,MEDIUM,13.0,False,Aston Martin,0 days 01:50:48.124000,,1,9.0,,,False,True
0 days 01:54:03.544000,VET,5,0 days 00:01:37.554000,48.0,2.0,,,0 days 00:00:24.818000,0 days 00:00:29.170000,0 days 00:00:43.566000,0 days 01:52:50.843000,0 days 01:53:20.013000,0 days 01:54:03.579000,108.0,278.0,291.0,292.0,True,MEDIUM,14.0,False,Aston Martin,0 days 01:52:25.990000,,1,9.0,,,False,True
0 days 01:55:41.422000,VET,5,0 days 00:01:37.878000,49.0,2.0,,,0 days 00:00:24.794000,0 days 00:00:29.232000,0 days 00:00:43.852000,0 days 01:54:28.373000,0 days 01:54:57.605000,0 days 01:55:41.457000,111.0,277.0,293.0,297.0,False,MEDIUM,15.0,False,Aston Martin,0 days 01:54:03.544000,,1,9.0,,,False,True
0 days 01:57:19.037000,VET,5,0 days 00:01:37.615000,50.0,2.0,,,0 days 00:00:24.680000,0 days 00:00:29.261000,0 days 00:00:43.674000,0 days 01:56:06.137000,0 days 01:56:35.398000,0 days 01:57:19.072000,110.0,277.0,295.0,290.0,False,MEDIUM,16.0,False,Aston Martin,0 days 01:55:41.422000,,1,9.0,,,False,True
0 days 01:58:57.117000,VET,5,0 days 00:01:38.080000,51.0,2.0,,,0 days 00:00:24.937000,0 days 00:00:29.291000,0 days 00:00:43.852000,0 days 01:57:44.009000,0 days 01:58:13.300000,0 days 01:58:57.152000,110.0,276.0,292.0,290.0,False,MEDIUM,17.0,False,Aston Martin,0 days 01:57:19.037000,,1,9.0,,,False,True
0 days 02:00:34.255000,VET,5,0 days 00:01:37.138000,52.0,2.0,,,0 days 00:00:24.689000,0 days 00:00:29.073000,0 days 00:00:43.376000,0 days 01:59:21.841000,0 days 01:59:50.914000,0 days 02:00:34.290000,112.0,278.0,295.0,297.0,True,MEDIUM,18.0,False,Aston Martin,0 days 01:58:57.117000,,1,9.0,,,False,True
0 days 02:02:11.902000,VET,5,0 days 00:01:37.647000,53.0,2.0,,,0 days 00:00:24.882000,0 days 00:00:29.274000,0 days 00:00:43.491000,0 days 02:00:59.172000,0 days 02:01:28.446000,0 days 02:02:11.937000,112.0,280.0,287.0,295.0,False,MEDIUM,19.0,False,Aston Martin,0 days 02:00:34.255000,,1,9.0,,,False,True
0 days 00:35:21.468000,STR,18,0 days 00:01:55.002000,1.0,1.0,,,,0 days 00:00:31.928000,0 days 00:00:46.385000,,0 days 00:34:35.167000,0 days 00:35:21.699000,110.0,278.0,289.0,271.0,False,HARD,1.0,True,Aston Martin,0 days 00:33:26.312000,,1,16.0,,,False,False
0 days 00:37:04.515000,STR,18,0 days 00:01:43.047000,2.0,1.0,,,0 days 00:00:26.522000,0 days 00:00:30.531000,0 days 00:00:45.994000,0 days 00:35:48.030000,0 days 00:36:18.561000,0 days 00:37:04.555000,106.0,279.0,297.0,306.0,True,HARD,2.0,True,Aston Martin,0 days 00:35:21.468000,,1,15.0,,,False,True
0 days 00:38:46.415000,STR,18,0 days 00:01:41.900000,3.0,1.0,,,0 days 00:00:26.396000,0 days 00:00:30.199000,0 days 00:00:45.305000,0 days 00:37:30.951000,0 days 00:38:01.150000,0 days 00:38:46.455000,105.0,274.0,310.0,323.0,True,HARD,3.0,True,Aston Martin,0 days 00:37:04.515000,,1,15.0,,,False,True
0 days 00:40:27.826000,STR,18,0 days 00:01:41.411000,4.0,1.0,,,0 days 00:00:26,0 days 00:00:29.829000,0 days 00:00:45.582000,0 days 00:39:12.455000,0 days 00:39:42.284000,0 days 00:40:27.866000,105.0,277.0,311.0,323.0,True,HARD,4.0,True,Aston Martin,0 days 00:38:46.415000,,1,15.0,,,False,True
0 days 00:42:09.439000,STR,18,0 days 00:01:41.613000,5.0,1.0,,,0 days 00:00:26.329000,0 days 00:00:30.041000,0 days 00:00:45.243000,0 days 00:40:54.195000,0 days 00:41:24.236000,0 days 00:42:09.479000,102.0,278.0,307.0,324.0,False,HARD,5.0,True,Aston Martin,0 days 00:40:27.826000,,1,15.0,,,False,True
0 days 00:43:50.025000,STR,18,0 days 00:01:40.586000,6.0,1.0,,,0 days 00:00:25.747000,0 days 00:00:29.650000,0 days 00:00:45.189000,0 days 00:42:35.226000,0 days 00:43:04.876000,0 days 00:43:50.065000,107.0,278.0,308.0,329.0,True,HARD,6.0,True,Aston Martin,0 days 00:42:09.439000,,1,15.0,,,False,True
0 days 00:45:31.073000,STR,18,0 days 00:01:41.048000,7.0,1.0,,,0 days 00:00:25.985000,0 days 00:00:29.800000,0 days 00:00:45.263000,0 days 00:44:16.050000,0 days 00:44:45.850000,0 days 00:45:31.113000,103.0,276.0,307.0,324.0,False,HARD,7.0,True,Aston Martin,0 days 00:43:50.025000,,1,15.0,,,False,True
0 days 00:47:11.824000,STR,18,0 days 00:01:40.751000,8.0,1.0,,,0 days 00:00:25.822000,0 days 00:00:29.841000,0 days 00:00:45.088000,0 days 00:45:56.935000,0 days 00:46:26.776000,0 days 00:47:11.864000,102.0,274.0,308.0,323.0,False,HARD,8.0,True,Aston Martin,0 days 00:45:31.073000,,1,15.0,,,False,True
0 days 00:48:52.316000,STR,18,0 days 00:01:40.492000,9.0,1.0,,,0 days 00:00:25.799000,0 days 00:00:29.463000,0 days 00:00:45.230000,0 days 00:47:37.663000,0 days 00:48:07.126000,0 days 00:48:52.356000,105.0,276.0,295.0,331.0,True,HARD,9.0,True,Aston Martin,0 days 00:47:11.824000,,1,14.0,,,False,True
0 days 00:50:33.005000,STR,18,0 days 00:01:40.689000,10.0,1.0,,,0 days 00:00:25.729000,0 days 00:00:29.812000,0 days 00:00:45.148000,0 days 00:49:18.085000,0 days 00:49:47.897000,0 days 00:50:33.045000,107.0,277.0,295.0,300.0,False,HARD,10.0,True,Aston Martin,0 days 00:48:52.316000,,1,14.0,,,False,True
0 days 00:52:13.637000,STR,18,0 days 00:01:40.632000,11.0,1.0,,,0 days 00:00:25.792000,0 days 00:00:29.970000,0 days 00:00:44.870000,0 days 00:50:58.837000,0 days 00:51:28.807000,0 days 00:52:13.677000,103.0,276.0,306.0,302.0,False,HARD,11.0,True,Aston Martin,0 days 00:50:33.005000,,1,14.0,,,False,True
0 days 00:53:54.281000,STR,18,0 days 00:01:40.644000,12.0,1.0,,,0 days 00:00:25.680000,0 days 00:00:29.901000,0 days 00:00:45.063000,0 days 00:52:39.357000,0 days 00:53:09.258000,0 days 00:53:54.321000,105.0,277.0,309.0,327.0,False,HARD,12.0,True,Aston Martin,0 days 00:52:13.637000,,1,14.0,,,False,True
0 days 00:55:35.676000,STR,18,0 days 00:01:41.395000,13.0,1.0,,,0 days 00:00:25.947000,0 days 00:00:29.723000,0 days 00:00:45.725000,0 days 00:54:20.268000,0 days 00:54:49.991000,0 days 00:55:35.716000,104.0,281.0,308.0,328.0,False,HARD,13.0,True,Aston Martin,0 days 00:53:54.281000,,1,14.0,,,False,True
0 days 00:57:16.723000,STR,18,0 days 00:01:41.047000,14.0,1.0,,,0 days 00:00:25.982000,0 days 00:00:29.958000,0 days 00:00:45.107000,0 days 00:56:01.698000,0 days 00:56:31.656000,0 days 00:57:16.763000,105.0,276.0,294.0,293.0,False,HARD,14.0,True,Aston Martin,0 days 00:55:35.676000,,1,12.0,,,False,True
0 days 00:58:57.788000,STR,18,0 days 00:01:41.065000,15.0,1.0,,,0 days 00:00:25.953000,0 days 00:00:29.826000,0 days 00:00:45.286000,0 days 00:57:42.716000,0 days 00:58:12.542000,0 days 00:58:57.828000,104.0,279.0,311.0,327.0,False,HARD,15.0,True,Aston Martin,0 days 00:57:16.723000,,1,12.0,,,False,True
0 days 01:00:39.416000,STR,18,0 days 00:01:41.628000,16.0,1.0,,,0 days 00:00:26.160000,0 days 00:00:29.756000,0 days 00:00:45.712000,0 days 00:59:23.988000,0 days 00:59:53.744000,0 days 01:00:39.456000,103.0,283.0,305.0,327.0,False,HARD,16.0,True,Aston Martin,0 days 00:58:57.788000,,1,11.0,,,False,True
0 days 01:02:20.547000,STR,18,0 days 00:01:41.131000,17.0,1.0,,,0 days 00:00:25.996000,0 days 00:00:29.850000,0 days 00:00:45.285000,0 days 01:01:05.452000,0 days 01:01:35.302000,0 days 01:02:20.587000,103.0,281.0,309.0,327.0,False,HARD,17.0,True,Aston Martin,0 days 01:00:39.416000,,1,9.0,,,False,True
0 days 01:04:01.215000,STR,18,0 days 00:01:40.668000,18.0,1.0,,,0 days 00:00:25.805000,0 days 00:00:29.782000,0 days 00:00:45.081000,0 days 01:02:46.392000,0 days 01:03:16.174000,0 days 01:04:01.255000,103.0,280.0,306.0,316.0,False,HARD,18.0,True,Aston Martin,0 days 01:02:20.547000,,1,8.0,,,False,True
0 days 01:05:41.647000,STR,18,0 days 00:01:40.432000,19.0,1.0,,,0 days 00:00:25.911000,0 days 00:00:29.575000,0 days 00:00:44.946000,0 days 01:04:27.166000,0 days 01:04:56.741000,0 days 01:05:41.687000,104.0,266.0,293.0,326.0,True,HARD,19.0,True,Aston Martin,0 days 01:04:01.215000,,1,7.0,,,False,True
0 days 01:07:22.814000,STR,18,0 days 00:01:41.167000,20.0,1.0,,,0 days 00:00:25.867000,0 days 00:00:30.047000,0 days 00:00:45.253000,0 days 01:06:07.554000,0 days 01:06:37.601000,0 days 01:07:22.854000,107.0,275.0,290.0,290.0,False,HARD,20.0,True,Aston Martin,0 days 01:05:41.647000,,1,7.0,,,False,True
0 days 01:09:03.707000,STR,18,0 days 00:01:40.893000,21.0,1.0,,,0 days 00:00:25.864000,0 days 00:00:30.196000,0 days 00:00:44.833000,0 days 01:07:48.718000,0 days 01:08:18.914000,0 days 01:09:03.747000,101.0,274.0,291.0,293.0,False,HARD,21.0,True,Aston Martin,0 days 01:07:22.814000,,1,7.0,,,False,True
0 days 01:10:44.324000,STR,18,0 days 00:01:40.617000,22.0,1.0,,,0 days 00:00:25.845000,0 days 00:00:29.990000,0 days 00:00:44.782000,0 days 01:09:29.592000,0 days 01:09:59.582000,0 days 01:10:44.364000,102.0,275.0,292.0,292.0,False,HARD,22.0,True,Aston Martin,0 days 01:09:03.707000,,1,7.0,,,False,True
0 days 01:12:25.034000,STR,18,0 days 00:01:40.710000,23.0,1.0,,,0 days 00:00:25.729000,0 days 00:00:29.898000,0 days 00:00:45.083000,0 days 01:11:10.093000,0 days 01:11:39.991000,0 days 01:12:25.074000,104.0,274.0,292.0,288.0,False,HARD,23.0,True,Aston Martin,0 days 01:10:44.324000,,1,7.0,,,False,True
0 days 01:14:05.514000,STR,18,0 days 00:01:40.480000,24.0,1.0,,,0 days 00:00:25.643000,0 days 00:00:29.927000,0 days 00:00:44.910000,0 days 01:12:50.717000,0 days 01:13:20.644000,0 days 01:14:05.554000,105.0,275.0,294.0,290.0,False,HARD,24.0,True,Aston Martin,0 days 01:12:25.034000,,1,6.0,,,False,True
0 days 01:15:46.083000,STR,18,0 days 00:01:40.569000,25.0,1.0,,,0 days 00:00:25.821000,0 days 00:00:30.152000,0 days 00:00:44.596000,0 days 01:14:31.375000,0 days 01:15:01.527000,0 days 01:15:46.123000,102.0,272.0,292.0,288.0,False,HARD,25.0,True,Aston Martin,0 days 01:14:05.514000,,1,6.0,,,False,True
0 days 01:17:26.514000,STR,18,0 days 00:01:40.431000,26.0,1.0,,,0 days 00:00:25.749000,0 days 00:00:29.911000,0 days 00:00:44.771000,0 days 01:16:11.872000,0 days 01:16:41.783000,0 days 01:17:26.554000,103.0,274.0,290.0,289.0,True,HARD,26.0,True,Aston Martin,0 days 01:15:46.083000,,1,6.0,,,False,True
0 days 01:19:06.298000,STR,18,0 days 00:01:39.784000,27.0,1.0,,,0 days 00:00:25.588000,0 days 00:00:29.739000,0 days 00:00:44.457000,0 days 01:17:52.142000,0 days 01:18:21.881000,0 days 01:19:06.338000,104.0,275.0,291.0,291.0,True,HARD,27.0,True,Aston Martin,0 days 01:17:26.514000,,1,6.0,,,False,True
0 days 01:20:46.861000,STR,18,0 days 00:01:40.563000,28.0,1.0,,,0 days 00:00:25.534000,0 days 00:00:29.882000,0 days 00:00:45.147000,0 days 01:19:31.872000,0 days 01:20:01.754000,0 days 01:20:46.901000,104.0,274.0,291.0,287.0,False,HARD,28.0,True,Aston Martin,0 days 01:19:06.298000,,1,6.0,,,False,True
0 days 01:22:27.213000,STR,18,0 days 00:01:40.352000,29.0,1.0,,,0 days 00:00:25.709000,0 days 00:00:29.796000,0 days 00:00:44.847000,0 days 01:21:12.610000,0 days 01:21:42.406000,0 days 01:22:27.253000,105.0,274.0,294.0,288.0,False,HARD,29.0,True,Aston Martin,0 days 01:20:46.861000,,1,6.0,,,False,True
0 days 01:24:07.514000,STR,18,0 days 00:01:40.301000,30.0,1.0,,,0 days 00:00:25.717000,0 days 00:00:30.006000,0 days 00:00:44.578000,0 days 01:22:52.970000,0 days 01:23:22.976000,0 days 01:24:07.554000,101.0,275.0,290.0,287.0,False,HARD,30.0,True,Aston Martin,0 days 01:22:27.213000,,1,6.0,,,False,True
0 days 01:25:47.757000,STR,18,0 days 00:01:40.243000,31.0,1.0,,,0 days 00:00:25.479000,0 days 00:00:29.952000,0 days 00:00:44.812000,0 days 01:24:33.033000,0 days 01:25:02.985000,0 days 01:25:47.797000,100.0,276.0,292.0,287.0,False,HARD,31.0,True,Aston Martin,0 days 01:24:07.514000,,1,6.0,,,False,True
0 days 01:27:27.860000,STR,18,0 days 00:01:40.103000,32.0,1.0,,,0 days 00:00:25.704000,0 days 00:00:29.951000,0 days 00:00:44.448000,0 days 01:26:13.501000,0 days 01:26:43.452000,0 days 01:27:27.900000,103.0,274.0,291.0,285.0,False,HARD,32.0,True,Aston Martin,0 days 01:25:47.757000,,1,6.0,,,False,True
0 days 01:29:07.559000,STR,18,0 days 00:01:39.699000,33.0,1.0,,,0 days 00:00:25.532000,0 days 00:00:29.785000,0 days 00:00:44.382000,0 days 01:27:53.432000,0 days 01:28:23.217000,0 days 01:29:07.599000,107.0,276.0,292.0,288.0,True,HARD,33.0,True,Aston Martin,0 days 01:27:27.860000,,1,6.0,,,False,True
0 days 01:31:08.286000,STR,18,0 days 00:02:00.727000,34.0,1.0,,0 days 01:30:38.350000,0 days 00:00:25.508000,0 days 00:00:30.346000,0 days 00:01:04.873000,0 days 01:29:33.107000,0 days 01:30:03.453000,0 days 01:31:08.326000,102.0,278.0,,296.0,False,HARD,34.0,True,Aston Martin,0 days 01:29:07.559000,,1,13.0,,,False,False
0 days 01:32:50.536000,STR,18,0 days 00:01:42.250000,35.0,2.0,0 days 01:31:09.374000,,0 days 00:00:28.610000,0 days 00:00:29.711000,0 days 00:00:43.929000,0 days 01:31:36.936000,0 days 01:32:06.647000,0 days 01:32:50.576000,112.0,277.0,283.0,290.0,False,SOFT,1.0,True,Aston Martin,0 days 01:31:08.286000,,1,14.0,,,False,False
0 days 01:34:29.668000,STR,18,0 days 00:01:39.132000,36.0,2.0,,,0 days 00:00:25.346000,0 days 00:00:29.652000,0 days 00:00:44.134000,0 days 01:33:15.922000,0 days 01:33:45.574000,0 days 01:34:29.708000,107.0,278.0,296.0,293.0,True,SOFT,2.0,True,Aston Martin,0 days 01:32:50.536000,,1,14.0,,,False,True
0 days 01:36:08.873000,STR,18,0 days 00:01:39.205000,37.0,2.0,,,0 days 00:00:25.254000,0 days 00:00:29.625000,0 days 00:00:44.326000,0 days 01:34:54.962000,0 days 01:35:24.587000,0 days 01:36:08.913000,112.0,279.0,296.0,296.0,False,SOFT,3.0,True,Aston Martin,0 days 01:34:29.668000,,1,14.0,,,False,True
0 days 01:37:47.591000,STR,18,0 days 00:01:38.718000,38.0,2.0,,,0 days 00:00:25.253000,0 days 00:00:29.356000,0 days 00:00:44.109000,0 days 01:36:34.166000,0 days 01:37:03.522000,0 days 01:37:47.631000,111.0,280.0,307.0,321.0,True,SOFT,4.0,True,Aston Martin,0 days 01:36:08.873000,,1,13.0,,,False,True
0 days 01:39:26.318000,STR,18,0 days 00:01:38.727000,39.0,2.0,,,0 days 00:00:25.286000,0 days 00:00:28.963000,0 days 00:00:44.478000,0 days 01:38:12.917000,0 days 01:38:41.880000,0 days 01:39:26.358000,108.0,277.0,294.0,333.0,False,SOFT,5.0,True,Aston Martin,0 days 01:37:47.591000,,1,12.0,,,False,True
0 days 01:41:05.537000,STR,18,0 days 00:01:39.219000,40.0,2.0,,,0 days 00:00:25.406000,0 days 00:00:29.591000,0 days 00:00:44.222000,0 days 01:39:51.764000,0 days 01:40:21.355000,0 days 01:41:05.577000,112.0,279.0,296.0,298.0,False,SOFT,6.0,True,Aston Martin,0 days 01:39:26.318000,,1,12.0,,,False,True
0 days 01:42:44.097000,STR,18,0 days 00:01:38.560000,41.0,2.0,,,0 days 00:00:25.210000,0 days 00:00:29.419000,0 days 00:00:43.931000,0 days 01:41:30.787000,0 days 01:42:00.206000,0 days 01:42:44.137000,110.0,281.0,310.0,303.0,True,SOFT,7.0,True,Aston Martin,0 days 01:41:05.537000,,1,12.0,,,False,True
0 days 01:44:22.473000,STR,18,0 days 00:01:38.376000,42.0,2.0,,,0 days 00:00:25.393000,0 days 00:00:28.905000,0 days 00:00:44.078000,0 days 01:43:09.530000,0 days 01:43:38.435000,0 days 01:44:22.513000,109.0,278.0,293.0,329.0,True,SOFT,8.0,True,Aston Martin,0 days 01:42:44.097000,,1,11.0,,,False,True
0 days 01:46:01.053000,STR,18,0 days 00:01:38.580000,43.0,2.0,,,0 days 00:00:25.053000,0 days 00:00:29.386000,0 days 00:00:44.141000,0 days 01:44:47.566000,0 days 01:45:16.952000,0 days 01:46:01.093000,108.0,278.0,291.0,290.0,False,SOFT,9.0,True,Aston Martin,0 days 01:44:22.473000,,1,11.0,,,False,True
0 days 01:47:38.881000,STR,18,0 days 00:01:37.828000,44.0,2.0,,,0 days 00:00:24.966000,0 days 00:00:29.316000,0 days 00:00:43.546000,0 days 01:46:26.059000,0 days 01:46:55.375000,0 days 01:47:38.921000,107.0,278.0,292.0,294.0,True,SOFT,10.0,True,Aston Martin,0 days 01:46:01.053000,,1,11.0,,,False,True
0 days 01:49:16.814000,STR,18,0 days 00:01:37.933000,45.0,2.0,,,0 days 00:00:24.960000,0 days 00:00:29.230000,0 days 00:00:43.743000,0 days 01:48:03.881000,0 days 01:48:33.111000,0 days 01:49:16.854000,110.0,279.0,293.0,294.0,False,SOFT,11.0,True,Aston Martin,0 days 01:47:38.881000,,1,11.0,,,False,True
0 days 01:50:54.681000,STR,18,0 days 00:01:37.867000,46.0,2.0,,,0 days 00:00:24.896000,0 days 00:00:29.259000,0 days 00:00:43.712000,0 days 01:49:41.750000,0 days 01:50:11.009000,0 days 01:50:54.721000,109.0,279.0,294.0,293.0,False,SOFT,12.0,True,Aston Martin,0 days 01:49:16.814000,,1,11.0,,,False,True
0 days 01:52:32.620000,STR,18,0 days 00:01:37.939000,47.0,2.0,,,0 days 00:00:24.889000,0 days 00:00:29.236000,0 days 00:00:43.814000,0 days 01:51:19.610000,0 days 01:51:48.846000,0 days 01:52:32.660000,108.0,279.0,298.0,295.0,False,SOFT,13.0,True,Aston Martin,0 days 01:50:54.681000,,1,11.0,,,False,True
0 days 01:54:10.539000,STR,18,0 days 00:01:37.919000,48.0,2.0,,,0 days 00:00:24.968000,0 days 00:00:29.031000,0 days 00:00:43.920000,0 days 01:52:57.628000,0 days 01:53:26.659000,0 days 01:54:10.579000,108.0,278.0,291.0,331.0,False,SOFT,14.0,True,Aston Martin,0 days 01:52:32.620000,,1,10.0,,,False,True
0 days 01:55:48.982000,STR,18,0 days 00:01:38.443000,49.0,2.0,,,0 days 00:00:24.804000,0 days 00:00:29.342000,0 days 00:00:44.297000,0 days 01:54:35.383000,0 days 01:55:04.725000,0 days 01:55:49.022000,110.0,276.0,294.0,294.0,False,SOFT,15.0,True,Aston Martin,0 days 01:54:10.539000,,1,10.0,,,False,True
0 days 01:57:27.429000,STR,18,0 days 00:01:38.447000,50.0,2.0,,,0 days 00:00:24.995000,0 days 00:00:29.431000,0 days 00:00:44.021000,0 days 01:56:14.017000,0 days 01:56:43.448000,0 days 01:57:27.469000,110.0,277.0,295.0,287.0,False,SOFT,16.0,True,Aston Martin,0 days 01:55:48.982000,,1,10.0,,,False,True
0 days 01:59:06.406000,STR,18,0 days 00:01:38.977000,51.0,2.0,,,0 days 00:00:25.376000,0 days 00:00:29.551000,0 days 00:00:44.050000,0 days 01:57:52.845000,0 days 01:58:22.396000,0 days 01:59:06.446000,109.0,275.0,290.0,286.0,False,SOFT,17.0,True,Aston Martin,0 days 01:57:27.429000,,1,10.0,,,False,True
0 days 02:00:45.104000,STR,18,0 days 00:01:38.698000,52.0,2.0,,,0 days 00:00:25.423000,0 days 00:00:29.457000,0 days 00:00:43.818000,0 days 01:59:31.869000,0 days 02:00:01.326000,0 days 02:00:45.144000,111.0,277.0,292.0,289.0,False,SOFT,18.0,True,Aston Martin,0 days 01:59:06.406000,,1,10.0,,,False,True
0 days 02:02:24.182000,STR,18,0 days 00:01:39.078000,53.0,2.0,,,0 days 00:00:25.018000,0 days 00:00:29.581000,0 days 00:00:44.479000,0 days 02:01:10.162000,0 days 02:01:39.743000,0 days 02:02:24.222000,109.0,276.0,292.0,292.0,False,SOFT,19.0,True,Aston Martin,0 days 02:00:45.104000,,1,10.0,,,False,True
0 days 00:35:15.277000,SAI,55,0 days 00:01:48.811000,1.0,1.0,,,,0 days 00:00:30.288000,0 days 00:00:45.283000,,0 days 00:34:30.070000,0 days 00:35:15.459000,107.0,273.0,295.0,307.0,False,MEDIUM,4.0,False,Ferrari,0 days 00:33:26.312000,,1,5.0,,,False,False
0 days 00:36:56.823000,SAI,55,0 days 00:01:41.546000,2.0,1.0,,,0 days 00:00:25.993000,0 days 00:00:30.255000,0 days 00:00:45.298000,0 days 00:35:41.307000,0 days 00:36:11.562000,0 days 00:36:56.860000,111.0,271.0,290.0,299.0,True,MEDIUM,5.0,False,Ferrari,0 days 00:35:15.277000,,1,5.0,,,False,True
0 days 00:38:37.892000,SAI,55,0 days 00:01:41.069000,3.0,1.0,,,0 days 00:00:25.718000,0 days 00:00:30.287000,0 days 00:00:45.064000,0 days 00:37:22.578000,0 days 00:37:52.865000,0 days 00:38:37.929000,110.0,268.0,290.0,297.0,True,MEDIUM,6.0,False,Ferrari,0 days 00:36:56.823000,,1,5.0,,,False,True
0 days 00:40:18.977000,SAI,55,0 days 00:01:41.085000,4.0,1.0,,,0 days 00:00:25.661000,0 days 00:00:30.189000,0 days 00:00:45.235000,0 days 00:39:03.590000,0 days 00:39:33.779000,0 days 00:40:19.014000,110.0,269.0,290.0,294.0,False,MEDIUM,7.0,False,Ferrari,0 days 00:38:37.892000,,1,5.0,,,False,True
0 days 00:41:59.319000,SAI,55,0 days 00:01:40.342000,5.0,1.0,,,0 days 00:00:25.495000,0 days 00:00:30.175000,0 days 00:00:44.672000,0 days 00:40:44.509000,0 days 00:41:14.684000,0 days 00:41:59.356000,106.0,272.0,291.0,298.0,True,MEDIUM,8.0,False,Ferrari,0 days 00:40:18.977000,,1,5.0,,,False,True
0 days 00:43:39.155000,SAI,55,0 days 00:01:39.836000,6.0,1.0,,,0 days 00:00:25.171000,0 days 00:00:29.909000,0 days 00:00:44.756000,0 days 00:42:24.527000,0 days 00:42:54.436000,0 days 00:43:39.192000,107.0,271.0,288.0,302.0,True,MEDIUM,9.0,False,Ferrari,0 days 00:41:59.319000,,1,5.0,,,False,True
0 days 00:45:19.702000,SAI,55,0 days 00:01:40.547000,7.0,1.0,,,0 days 00:00:25.564000,0 days 00:00:29.990000,0 days 00:00:44.993000,0 days 00:44:04.756000,0 days 00:44:34.746000,0 days 00:45:19.739000,108.0,268.0,290.0,299.0,False,MEDIUM,10.0,False,Ferrari,0 days 00:43:39.155000,,1,5.0,,,False,True
0 days 00:47:00.323000,SAI,55,0 days 00:01:40.621000,8.0,1.0,,,0 days 00:00:25.392000,0 days 00:00:30.129000,0 days 00:00:45.100000,0 days 00:45:45.131000,0 days 00:46:15.260000,0 days 00:47:00.360000,107.0,269.0,289.0,296.0,False,MEDIUM,11.0,False,Ferrari,0 days 00:45:19.702000,,1,5.0,,,False,True
0 days 00:48:41.102000,SAI,55,0 days 00:01:40.779000,9.0,1.0,,,0 days 00:00:25.488000,0 days 00:00:30.240000,0 days 00:00:45.051000,0 days 00:47:25.848000,0 days 00:47:56.088000,0 days 00:48:41.139000,106.0,270.0,288.0,297.0,False,MEDIUM,12.0,False,Ferrari,0 days 00:47:00.323000,,1,5.0,,,False,True
0 days 00:50:21.814000,SAI,55,0 days 00:01:40.712000,10.0,1.0,,,0 days 00:00:25.495000,0 days 00:00:29.995000,0 days 00:00:45.222000,0 days 00:49:06.634000,0 days 00:49:36.629000,0 days 00:50:21.851000,107.0,271.0,289.0,299.0,False,MEDIUM,13.0,False,Ferrari,0 days 00:48:41.102000,,1,5.0,,,False,True
0 days 00:52:02.612000,SAI,55,0 days 00:01:40.798000,11.0,1.0,,,0 days 00:00:25.530000,0 days 00:00:30.242000,0 days 00:00:45.026000,0 days 00:50:47.381000,0 days 00:51:17.623000,0 days 00:52:02.649000,105.0,270.0,288.0,296.0,False,MEDIUM,14.0,False,Ferrari,0 days 00:50:21.814000,,1,5.0,,,False,True
0 days 00:53:43.880000,SAI,55,0 days 00:01:41.268000,12.0,1.0,,,0 days 00:00:25.520000,0 days 00:00:30.394000,0 days 00:00:45.354000,0 days 00:52:28.169000,0 days 00:52:58.563000,0 days 00:53:43.917000,102.0,269.0,288.0,297.0,False,MEDIUM,15.0,False,Ferrari,0 days 00:52:02.612000,,1,5.0,,,False,True
0 days 00:55:25.590000,SAI,55,0 days 00:01:41.710000,13.0,1.0,,,0 days 00:00:25.767000,0 days 00:00:30.185000,0 days 00:00:45.758000,0 days 00:54:09.684000,0 days 00:54:39.869000,0 days 00:55:25.627000,105.0,270.0,287.0,300.0,False,MEDIUM,16.0,False,Ferrari,0 days 00:53:43.880000,,1,5.0,,,False,True
0 days 00:57:06.883000,SAI,55,0 days 00:01:41.293000,14.0,1.0,,,0 days 00:00:25.632000,0 days 00:00:30.184000,0 days 00:00:45.477000,0 days 00:55:51.259000,0 days 00:56:21.443000,0 days 00:57:06.920000,106.0,271.0,287.0,299.0,False,MEDIUM,17.0,False,Ferrari,0 days 00:55:25.590000,,1,5.0,,,False,True
0 days 00:58:48.503000,SAI,55,0 days 00:01:41.620000,15.0,1.0,,,0 days 00:00:25.710000,0 days 00:00:30.358000,0 days 00:00:45.552000,0 days 00:57:32.630000,0 days 00:58:02.988000,0 days 00:58:48.540000,101.0,271.0,288.0,299.0,False,MEDIUM,18.0,False,Ferrari,0 days 00:57:06.883000,,1,5.0,,,False,True
0 days 01:00:29.543000,SAI,55,0 days 00:01:41.040000,16.0,1.0,,,0 days 00:00:25.573000,0 days 00:00:30.258000,0 days 00:00:45.209000,0 days 00:59:14.113000,0 days 00:59:44.371000,0 days 01:00:29.580000,103.0,270.0,287.0,297.0,False,MEDIUM,19.0,False,Ferrari,0 days 00:58:48.503000,,1,5.0,,,False,True
0 days 01:02:30.423000,SAI,55,0 days 00:02:00.880000,17.0,1.0,,0 days 01:02:00.621000,0 days 00:00:25.710000,0 days 00:00:30.337000,0 days 00:01:04.833000,0 days 01:00:55.290000,0 days 01:01:25.627000,0 days 01:02:30.460000,105.0,270.0,,295.0,False,MEDIUM,20.0,False,Ferrari,0 days 01:00:29.543000,,1,13.0,,,False,False
0 days 01:04:13.413000,SAI,55,0 days 00:01:42.990000,18.0,2.0,0 days 01:02:31.080000,,0 days 00:00:28.895000,0 days 00:00:29.982000,0 days 00:00:44.113000,0 days 01:02:59.355000,0 days 01:03:29.337000,0 days 01:04:13.450000,107.0,273.0,297.0,311.0,False,HARD,1.0,True,Ferrari,0 days 01:02:30.423000,,1,13.0,,,False,False
0 days 01:05:52.344000,SAI,55,0 days 00:01:38.931000,19.0,2.0,,,0 days 00:00:24.943000,0 days 00:00:29.495000,0 days 00:00:44.493000,0 days 01:04:38.393000,0 days 01:05:07.888000,0 days 01:05:52.381000,112.0,279.0,301.0,327.0,True,HARD,2.0,True,Ferrari,0 days 01:04:13.413000,,1,13.0,,,False,True
0 days 01:07:31.937000,SAI,55,0 days 00:01:39.593000,20.0,2.0,,,0 days 00:00:24.963000,0 days 00:00:29.850000,0 days 00:00:44.780000,0 days 01:06:17.344000,0 days 01:06:47.194000,0 days 01:07:31.974000,110.0,278.0,293.0,318.0,False,HARD,3.0,True,Ferrari,0 days 01:05:52.344000,,1,13.0,,,False,True
0 days 01:09:11.688000,SAI,55,0 days 00:01:39.751000,21.0,2.0,,,0 days 00:00:25.233000,0 days 00:00:29.921000,0 days 00:00:44.597000,0 days 01:07:57.207000,0 days 01:08:27.128000,0 days 01:09:11.725000,105.0,276.0,294.0,307.0,False,HARD,4.0,True,Ferrari,0 days 01:07:31.937000,,1,13.0,,,False,True
0 days 01:10:51.983000,SAI,55,0 days 00:01:40.295000,22.0,2.0,,,0 days 00:00:25.385000,0 days 00:00:29.682000,0 days 00:00:45.228000,0 days 01:09:37.110000,0 days 01:10:06.792000,0 days 01:10:52.020000,106.0,279.0,308.0,329.0,False,HARD,5.0,True,Ferrari,0 days 01:09:11.688000,,1,13.0,,,False,True
0 days 01:12:33.263000,SAI,55,0 days 00:01:41.280000,23.0,2.0,,,0 days 00:00:26.375000,0 days 00:00:29.864000,0 days 00:00:45.041000,0 days 01:11:18.395000,0 days 01:11:48.259000,0 days 01:12:33.300000,98.0,277.0,294.0,329.0,False,HARD,6.0,True,Ferrari,0 days 01:10:51.983000,,1,12.0,,,False,True
0 days 01:14:13.234000,SAI,55,0 days 00:01:39.971000,24.0,2.0,,,0 days 00:00:25.423000,0 days 00:00:29.762000,0 days 00:00:44.786000,0 days 01:12:58.723000,0 days 01:13:28.485000,0 days 01:14:13.271000,108.0,275.0,296.0,309.0,False,HARD,7.0,True,Ferrari,0 days 01:12:33.263000,,1,11.0,,,False,True
0 days 01:15:53.351000,SAI,55,0 days 00:01:40.117000,25.0,2.0,,,0 days 00:00:25.352000,0 days 00:00:29.663000,0 days 00:00:45.102000,0 days 01:14:38.623000,0 days 01:15:08.286000,0 days 01:15:53.388000,107.0,278.0,304.0,323.0,False,HARD,8.0,True,Ferrari,0 days 01:14:13.234000,,1,11.0,,,False,True
0 days 01:17:33.732000,SAI,55,0 days 00:01:40.381000,26.0,2.0,,,0 days 00:00:25.853000,0 days 00:00:29.457000,0 days 00:00:45.071000,0 days 01:16:19.241000,0 days 01:16:48.698000,0 days 01:17:33.769000,105.0,277.0,303.0,328.0,False,HARD,9.0,True,Ferrari,0 days 01:15:53.351000,,1,10.0,,,False,True
0 days 01:19:13.944000,SAI,55,0 days 00:01:40.212000,27.0,2.0,,,0 days 00:00:25.990000,0 days 00:00:29.564000,0 days 00:00:44.658000,0 days 01:17:59.759000,0 days 01:18:29.323000,0 days 01:19:13.981000,104.0,277.0,293.0,324.0,False,HARD,10.0,True,Ferrari,0 days 01:17:33.732000,,1,9.0,,,False,True
0 days 01:20:54.136000,SAI,55,0 days 00:01:40.192000,28.0,2.0,,,0 days 00:00:25.377000,0 days 00:00:29.545000,0 days 00:00:45.270000,0 days 01:19:39.358000,0 days 01:20:08.903000,0 days 01:20:54.173000,109.0,279.0,306.0,322.0,False,HARD,11.0,True,Ferrari,0 days 01:19:13.944000,,1,9.0,,,False,True
0 days 01:22:33.995000,SAI,55,0 days 00:01:39.859000,29.0,2.0,,,0 days 00:00:25.251000,0 days 00:00:29.904000,0 days 00:00:44.704000,0 days 01:21:19.424000,0 days 01:21:49.328000,0 days 01:22:34.032000,105.0,275.0,291.0,299.0,False,HARD,12.0,True,Ferrari,0 days 01:20:54.136000,,1,8.0,,,False,True
0 days 01:24:13.873000,SAI,55,0 days 00:01:39.878000,30.0,2.0,,,0 days 00:00:25.397000,0 days 00:00:30.030000,0 days 00:00:44.451000,0 days 01:22:59.429000,0 days 01:23:29.459000,0 days 01:24:13.910000,104.0,274.0,291.0,300.0,False,HARD,13.0,True,Ferrari,0 days 01:22:33.995000,,1,8.0,,,False,True
0 days 01:25:54.566000,SAI,55,0 days 00:01:40.693000,31.0,2.0,,,0 days 00:00:25.270000,0 days 00:00:30.347000,0 days 00:00:45.076000,0 days 01:24:39.180000,0 days 01:25:09.527000,0 days 01:25:54.603000,109.0,275.0,291.0,299.0,False,HARD,14.0,True,Ferrari,0 days 01:24:13.873000,,1,9.0,,,False,True
0 days 01:27:34.242000,SAI,55,0 days 00:01:39.676000,32.0,2.0,,,0 days 00:00:25.519000,0 days 00:00:29.886000,0 days 00:00:44.271000,0 days 01:26:20.122000,0 days 01:26:50.008000,0 days 01:27:34.279000,108.0,273.0,291.0,299.0,False,HARD,15.0,True,Ferrari,0 days 01:25:54.566000,,1,9.0,,,False,True
0 days 01:29:13.411000,SAI,55,0 days 00:01:39.169000,33.0,2.0,,,0 days 00:00:25.286000,0 days 00:00:29.628000,0 days 00:00:44.255000,0 days 01:27:59.565000,0 days 01:28:29.193000,0 days 01:29:13.448000,105.0,274.0,292.0,307.0,False,HARD,16.0,True,Ferrari,0 days 01:27:34.242000,,1,9.0,,,False,True
0 days 01:30:52.953000,SAI,55,0 days 00:01:39.542000,34.0,2.0,,,0 days 00:00:25.412000,0 days 00:00:29.843000,0 days 00:00:44.287000,0 days 01:29:38.860000,0 days 01:30:08.703000,0 days 01:30:52.990000,105.0,275.0,291.0,305.0,False,HARD,17.0,True,Ferrari,0 days 01:29:13.411000,,1,8.0,,,False,True
0 days 01:32:32.626000,SAI,55,0 days 00:01:39.673000,35.0,2.0,,,0 days 00:00:25.386000,0 days 00:00:29.780000,0 days 00:00:44.507000,0 days 01:31:18.376000,0 days 01:31:48.156000,0 days 01:32:32.663000,109.0,276.0,291.0,304.0,False,HARD,18.0,True,Ferrari,0 days 01:30:52.953000,,1,8.0,,,False,True
0 days 01:34:14.479000,SAI,55,0 days 00:01:41.853000,36.0,2.0,,,0 days 00:00:25.507000,0 days 00:00:30.767000,0 days 00:00:45.579000,0 days 01:32:58.170000,0 days 01:33:28.937000,0 days 01:34:14.516000,108.0,283.0,293.0,304.0,False,HARD,19.0,True,Ferrari,0 days 01:32:32.626000,,1,9.0,,,False,True
0 days 01:35:56.057000,SAI,55,0 days 00:01:41.578000,37.0,2.0,,,0 days 00:00:26.334000,0 days 00:00:30.260000,0 days 00:00:44.984000,0 days 01:34:40.850000,0 days 01:35:11.110000,0 days 01:35:56.094000,107.0,276.0,291.0,294.0,False,HARD,20.0,True,Ferrari,0 days 01:34:14.479000,,1,9.0,,,False,True
0 days 01:37:35.941000,SAI,55,0 days 00:01:39.884000,38.0,2.0,,,0 days 00:00:25.598000,0 days 00:00:30.018000,0 days 00:00:44.268000,0 days 01:36:21.692000,0 days 01:36:51.710000,0 days 01:37:35.978000,104.0,274.0,291.0,299.0,False,HARD,21.0,True,Ferrari,0 days 01:35:56.057000,,1,9.0,,,False,True
0 days 01:39:15.432000,SAI,55,0 days 00:01:39.491000,39.0,2.0,,,0 days 00:00:25.185000,0 days 00:00:29.937000,0 days 00:00:44.369000,0 days 01:38:01.163000,0 days 01:38:31.100000,0 days 01:39:15.469000,103.0,274.0,291.0,302.0,False,HARD,22.0,True,Ferrari,0 days 01:37:35.941000,,1,9.0,,,False,True
0 days 01:40:55.218000,SAI,55,0 days 00:01:39.786000,40.0,2.0,,,0 days 00:00:25.299000,0 days 00:00:30.071000,0 days 00:00:44.416000,0 days 01:39:40.768000,0 days 01:40:10.839000,0 days 01:40:55.255000,105.0,274.0,292.0,300.0,False,HARD,23.0,True,Ferrari,0 days 01:39:15.432000,,1,9.0,,,False,True
0 days 01:42:34.790000,SAI,55,0 days 00:01:39.572000,41.0,2.0,,,0 days 00:00:25.187000,0 days 00:00:29.944000,0 days 00:00:44.441000,0 days 01:41:20.442000,0 days 01:41:50.386000,0 days 01:42:34.827000,106.0,275.0,291.0,301.0,False,HARD,24.0,True,Ferrari,0 days 01:40:55.218000,,1,9.0,,,False,True
0 days 01:44:13.984000,SAI,55,0 days 00:01:39.194000,42.0,2.0,,,0 days 00:00:25.042000,0 days 00:00:30.026000,0 days 00:00:44.126000,0 days 01:42:59.869000,0 days 01:43:29.895000,0 days 01:44:14.021000,102.0,276.0,292.0,302.0,False,HARD,25.0,True,Ferrari,0 days 01:42:34.790000,,1,9.0,,,False,True
0 days 01:45:52.950000,SAI,55,0 days 00:01:38.966000,43.0,2.0,,,0 days 00:00:25.098000,0 days 00:00:29.859000,0 days 00:00:44.009000,0 days 01:44:39.119000,0 days 01:45:08.978000,0 days 01:45:52.987000,107.0,276.0,290.0,303.0,False,HARD,26.0,True,Ferrari,0 days 01:44:13.984000,,1,9.0,,,False,True
0 days 01:47:33.716000,SAI,55,0 days 00:01:40.766000,44.0,2.0,,,0 days 00:00:25.474000,0 days 00:00:30.395000,0 days 00:00:44.897000,0 days 01:46:18.461000,0 days 01:46:48.856000,0 days 01:47:33.753000,101.0,278.0,292.0,308.0,False,HARD,27.0,True,Ferrari,0 days 01:45:52.950000,,1,10.0,,,False,True
0 days 01:49:13.054000,SAI,55,0 days 00:01:39.338000,45.0,2.0,,,0 days 00:00:25.261000,0 days 00:00:29.839000,0 days 00:00:44.238000,0 days 01:47:59.014000,0 days 01:48:28.853000,0 days 01:49:13.091000,106.0,277.0,292.0,304.0,False,HARD,28.0,True,Ferrari,0 days 01:47:33.716000,,1,10.0,,,False,True
0 days 01:50:52.399000,SAI,55,0 days 00:01:39.345000,46.0,2.0,,,0 days 00:00:25.148000,0 days 00:00:30.097000,0 days 00:00:44.100000,0 days 01:49:38.239000,0 days 01:50:08.336000,0 days 01:50:52.436000,107.0,275.0,291.0,302.0,False,HARD,29.0,True,Ferrari,0 days 01:49:13.054000,,1,10.0,,,False,True
0 days 01:52:31.444000,SAI,55,0 days 00:01:39.045000,47.0,2.0,,,0 days 00:00:25.045000,0 days 00:00:29.947000,0 days 00:00:44.053000,0 days 01:51:17.481000,0 days 01:51:47.428000,0 days 01:52:31.481000,103.0,276.0,293.0,302.0,False,HARD,30.0,True,Ferrari,0 days 01:50:52.399000,,1,10.0,,,False,True
0 days 01:54:12.029000,SAI,55,0 days 00:01:40.585000,48.0,2.0,,,0 days 00:00:25.417000,0 days 00:00:30.588000,0 days 00:00:44.580000,0 days 01:52:56.898000,0 days 01:53:27.486000,0 days 01:54:12.066000,102.0,278.0,292.0,304.0,False,HARD,31.0,True,Ferrari,0 days 01:52:31.444000,,1,11.0,,,False,True
0 days 01:55:51.928000,SAI,55,0 days 00:01:39.899000,49.0,2.0,,,0 days 00:00:25.359000,0 days 00:00:30.036000,0 days 00:00:44.504000,0 days 01:54:37.425000,0 days 01:55:07.461000,0 days 01:55:51.965000,106.0,276.0,294.0,304.0,False,HARD,32.0,True,Ferrari,0 days 01:54:12.029000,,1,11.0,,,False,True
0 days 01:57:31.523000,SAI,55,0 days 00:01:39.595000,50.0,2.0,,,0 days 00:00:25.238000,0 days 00:00:30.068000,0 days 00:00:44.289000,0 days 01:56:17.203000,0 days 01:56:47.271000,0 days 01:57:31.560000,106.0,275.0,294.0,300.0,False,HARD,33.0,True,Ferrari,0 days 01:55:51.928000,,1,11.0,,,False,True
0 days 01:59:11.035000,SAI,55,0 days 00:01:39.512000,51.0,2.0,,,0 days 00:00:25.460000,0 days 00:00:30.099000,0 days 00:00:43.953000,0 days 01:57:57.020000,0 days 01:58:27.119000,0 days 01:59:11.072000,106.0,273.0,290.0,300.0,False,HARD,34.0,True,Ferrari,0 days 01:57:31.523000,,1,11.0,,,False,True
0 days 02:00:50.647000,SAI,55,0 days 00:01:39.612000,52.0,2.0,,,0 days 00:00:25.304000,0 days 00:00:30.085000,0 days 00:00:44.223000,0 days 01:59:36.376000,0 days 02:00:06.461000,0 days 02:00:50.684000,101.0,276.0,291.0,302.0,False,HARD,35.0,True,Ferrari,0 days 01:59:11.035000,,1,11.0,,,False,True
0 days 02:02:31.573000,SAI,55,0 days 00:01:40.926000,53.0,2.0,,,0 days 00:00:25.495000,0 days 00:00:30.591000,0 days 00:00:44.840000,0 days 02:01:16.179000,0 days 02:01:46.770000,0 days 02:02:31.610000,106.0,274.0,290.0,301.0,False,HARD,36.0,True,Ferrari,0 days 02:00:50.647000,,1,11.0,,,False,True
0 days 00:35:21.886000,RUS,63,0 days 00:01:55.420000,1.0,1.0,,,,0 days 00:00:31.724000,0 days 00:00:47.314000,,0 days 00:34:34.658000,0 days 00:35:22.054000,103.0,285.0,290.0,301.0,False,MEDIUM,1.0,True,Williams,0 days 00:33:26.312000,,1,17.0,,,False,False
0 days 00:37:06.163000,RUS,63,0 days 00:01:44.277000,2.0,1.0,,,0 days 00:00:27.265000,0 days 00:00:30.781000,0 days 00:00:46.231000,0 days 00:35:49.151000,0 days 00:36:19.932000,0 days 00:37:06.163000,110.0,276.0,291.0,302.0,True,MEDIUM,2.0,True,Williams,0 days 00:35:21.886000,,1,18.0,,,False,True
0 days 00:38:49.323000,RUS,63,0 days 00:01:43.160000,3.0,1.0,,,0 days 00:00:27.169000,0 days 00:00:30.051000,0 days 00:00:45.940000,0 days 00:37:33.332000,0 days 00:38:03.383000,0 days 00:38:49.323000,107.0,269.0,287.0,321.0,True,MEDIUM,3.0,True,Williams,0 days 00:37:06.163000,,1,18.0,,,False,True
0 days 00:40:31.958000,RUS,63,0 days 00:01:42.635000,4.0,1.0,,,0 days 00:00:26.616000,0 days 00:00:30.414000,0 days 00:00:45.605000,0 days 00:39:15.939000,0 days 00:39:46.353000,0 days 00:40:31.958000,107.0,276.0,305.0,293.0,True,MEDIUM,4.0,True,Williams,0 days 00:38:49.323000,,1,18.0,,,False,True
0 days 00:42:13.490000,RUS,63,0 days 00:01:41.532000,5.0,1.0,,,0 days 00:00:26.063000,0 days 00:00:29.878000,0 days 00:00:45.591000,0 days 00:40:58.021000,0 days 00:41:27.899000,0 days 00:42:13.490000,106.0,283.0,304.0,322.0,True,MEDIUM,5.0,True,Williams,0 days 00:40:31.958000,,1,18.0,,,False,True
0 days 00:43:54.951000,RUS,63,0 days 00:01:41.461000,6.0,1.0,,,0 days 00:00:25.925000,0 days 00:00:29.829000,0 days 00:00:45.707000,0 days 00:42:39.415000,0 days 00:43:09.244000,0 days 00:43:54.951000,102.0,279.0,304.0,332.0,True,MEDIUM,6.0,True,Williams,0 days 00:42:13.490000,,1,18.0,,,False,True
0 days 00:45:36.103000,RUS,63,0 days 00:01:41.152000,7.0,1.0,,,0 days 00:00:25.903000,0 days 00:00:29.759000,0 days 00:00:45.490000,0 days 00:44:20.854000,0 days 00:44:50.613000,0 days 00:45:36.103000,102.0,277.0,306.0,324.0,True,MEDIUM,7.0,True,Williams,0 days 00:43:54.951000,,1,18.0,,,False,True
0 days 00:47:17.510000,RUS,63,0 days 00:01:41.407000,8.0,1.0,,,0 days 00:00:25.896000,0 days 00:00:29.981000,0 days 00:00:45.530000,0 days 00:46:01.999000,0 days 00:46:31.980000,0 days 00:47:17.510000,105.0,279.0,304.0,330.0,False,MEDIUM,8.0,True,Williams,0 days 00:45:36.103000,,1,18.0,,,False,True
0 days 00:48:58.605000,RUS,63,0 days 00:01:41.095000,9.0,1.0,,,0 days 00:00:25.674000,0 days 00:00:29.681000,0 days 00:00:45.740000,0 days 00:47:43.184000,0 days 00:48:12.865000,0 days 00:48:58.605000,102.0,282.0,304.0,334.0,True,MEDIUM,9.0,True,Williams,0 days 00:47:17.510000,,1,18.0,,,False,True
0 days 00:50:39.664000,RUS,63,0 days 00:01:41.059000,10.0,1.0,,,0 days 00:00:25.974000,0 days 00:00:29.854000,0 days 00:00:45.231000,0 days 00:49:24.579000,0 days 00:49:54.433000,0 days 00:50:39.664000,99.0,278.0,303.0,320.0,True,MEDIUM,10.0,True,Williams,0 days 00:48:58.605000,,1,18.0,,,False,True
0 days 00:52:20.448000,RUS,63,0 days 00:01:40.784000,11.0,1.0,,,0 days 00:00:25.847000,0 days 00:00:29.865000,0 days 00:00:45.072000,0 days 00:51:05.511000,0 days 00:51:35.376000,0 days 00:52:20.448000,99.0,276.0,304.0,315.0,True,MEDIUM,11.0,True,Williams,0 days 00:50:39.664000,,1,18.0,,,False,True
0 days 00:54:00.938000,RUS,63,0 days 00:01:40.490000,12.0,1.0,,,0 days 00:00:25.556000,0 days 00:00:29.556000,0 days 00:00:45.378000,0 days 00:52:46.004000,0 days 00:53:15.560000,0 days 00:54:00.938000,100.0,279.0,306.0,327.0,True,MEDIUM,12.0,True,Williams,0 days 00:52:20.448000,,1,18.0,,,False,True
0 days 00:55:41.883000,RUS,63,0 days 00:01:40.945000,13.0,1.0,,,0 days 00:00:26.005000,0 days 00:00:29.539000,0 days 00:00:45.401000,0 days 00:54:26.943000,0 days 00:54:56.482000,0 days 00:55:41.883000,102.0,277.0,292.0,334.0,False,MEDIUM,13.0,True,Williams,0 days 00:54:00.938000,,1,17.0,,,False,True
0 days 00:57:23.561000,RUS,63,0 days 00:01:41.678000,14.0,1.0,,,0 days 00:00:26.070000,0 days 00:00:30.008000,0 days 00:00:45.600000,0 days 00:56:07.953000,0 days 00:56:37.961000,0 days 00:57:23.561000,101.0,277.0,292.0,298.0,False,MEDIUM,14.0,True,Williams,0 days 00:55:41.883000,,1,16.0,,,False,True
0 days 00:59:05.540000,RUS,63,0 days 00:01:41.979000,15.0,1.0,,,0 days 00:00:25.861000,0 days 00:00:30.293000,0 days 00:00:45.825000,0 days 00:57:49.422000,0 days 00:58:19.715000,0 days 00:59:05.540000,99.0,276.0,294.0,298.0,False,MEDIUM,15.0,True,Williams,0 days 00:57:23.561000,,1,15.0,,,False,True
0 days 01:00:47.224000,RUS,63,0 days 00:01:41.684000,16.0,1.0,,,0 days 00:00:26.143000,0 days 00:00:30.313000,0 days 00:00:45.228000,0 days 00:59:31.683000,0 days 01:00:01.996000,0 days 01:00:47.224000,103.0,274.0,291.0,295.0,False,MEDIUM,16.0,True,Williams,0 days 00:59:05.540000,,1,14.0,,,False,True
0 days 01:02:47.269000,RUS,63,0 days 00:02:00.045000,17.0,1.0,,0 days 01:02:17.921000,0 days 00:00:25.826000,0 days 00:00:30.013000,0 days 00:01:04.206000,0 days 01:01:13.050000,0 days 01:01:43.063000,0 days 01:02:47.269000,100.0,276.0,,295.0,False,MEDIUM,17.0,True,Williams,0 days 01:00:47.224000,,1,19.0,,,False,False
0 days 01:04:29.216000,RUS,63,0 days 00:01:41.947000,18.0,2.0,0 days 01:02:48.362000,,0 days 00:00:28.175000,0 days 00:00:29.511000,0 days 00:00:44.261000,0 days 01:03:15.444000,0 days 01:03:44.955000,0 days 01:04:29.216000,114.0,277.0,280.0,296.0,False,HARD,1.0,True,Williams,0 days 01:02:47.269000,,1,18.0,,,False,False
0 days 01:06:08.491000,RUS,63,0 days 00:01:39.275000,19.0,2.0,,,0 days 00:00:25.195000,0 days 00:00:29.517000,0 days 00:00:44.563000,0 days 01:04:54.411000,0 days 01:05:23.928000,0 days 01:06:08.491000,110.0,277.0,294.0,297.0,True,HARD,2.0,True,Williams,0 days 01:04:29.216000,,1,18.0,,,False,True
0 days 01:07:48.358000,RUS,63,0 days 00:01:39.867000,20.0,2.0,,,0 days 00:00:24.987000,0 days 00:00:29.680000,0 days 00:00:45.200000,0 days 01:06:33.478000,0 days 01:07:03.158000,0 days 01:07:48.358000,105.0,281.0,294.0,302.0,False,HARD,3.0,True,Williams,0 days 01:06:08.491000,,1,17.0,,,False,True
0 days 01:09:28.220000,RUS,63,0 days 00:01:39.862000,21.0,2.0,,,0 days 00:00:25.292000,0 days 00:00:29.802000,0 days 00:00:44.768000,0 days 01:08:13.650000,0 days 01:08:43.452000,0 days 01:09:28.220000,103.0,279.0,294.0,297.0,False,HARD,4.0,True,Williams,0 days 01:07:48.358000,,1,17.0,,,False,True
0 days 01:11:07.964000,RUS,63,0 days 00:01:39.744000,22.0,2.0,,,0 days 00:00:25.418000,0 days 00:00:29.825000,0 days 00:00:44.501000,0 days 01:09:53.638000,0 days 01:10:23.463000,0 days 01:11:07.964000,107.0,279.0,295.0,296.0,False,HARD,5.0,True,Williams,0 days 01:09:28.220000,,1,17.0,,,False,True
0 days 01:12:47.841000,RUS,63,0 days 00:01:39.877000,23.0,2.0,,,0 days 00:00:25.265000,0 days 00:00:29.840000,0 days 00:00:44.772000,0 days 01:11:33.229000,0 days 01:12:03.069000,0 days 01:12:47.841000,110.0,278.0,295.0,299.0,False,HARD,6.0,True,Williams,0 days 01:11:07.964000,,1,17.0,,,False,True
0 days 01:14:28.378000,RUS,63,0 days 00:01:40.537000,24.0,2.0,,,0 days 00:00:25.323000,0 days 00:00:29.972000,0 days 00:00:45.242000,0 days 01:13:13.164000,0 days 01:13:43.136000,0 days 01:14:28.378000,108.0,278.0,295.0,297.0,False,HARD,7.0,True,Williams,0 days 01:12:47.841000,,1,17.0,,,False,True
0 days 01:16:08.805000,RUS,63,0 days 00:01:40.427000,25.0,2.0,,,0 days 00:00:25.361000,0 days 00:00:30.046000,0 days 00:00:45.020000,0 days 01:14:53.739000,0 days 01:15:23.785000,0 days 01:16:08.805000,109.0,276.0,294.0,294.0,False,HARD,8.0,True,Williams,0 days 01:14:28.378000,,1,17.0,,,False,True
0 days 01:17:48.592000,RUS,63,0 days 00:01:39.787000,26.0,2.0,,,0 days 00:00:25.424000,0 days 00:00:29.655000,0 days 00:00:44.708000,0 days 01:16:34.229000,0 days 01:17:03.884000,0 days 01:17:48.592000,108.0,278.0,293.0,296.0,False,HARD,9.0,True,Williams,0 days 01:16:08.805000,,1,17.0,,,False,True
0 days 01:19:28.114000,RUS,63,0 days 00:01:39.522000,27.0,2.0,,,0 days 00:00:25.349000,0 days 00:00:29.664000,0 days 00:00:44.509000,0 days 01:18:13.941000,0 days 01:18:43.605000,0 days 01:19:28.114000,109.0,276.0,293.0,298.0,False,HARD,10.0,True,Williams,0 days 01:17:48.592000,,1,17.0,,,False,True
0 days 01:21:08.395000,RUS,63,0 days 00:01:40.281000,28.0,2.0,,,0 days 00:00:25.355000,0 days 00:00:29.727000,0 days 00:00:45.199000,0 days 01:19:53.469000,0 days 01:20:23.196000,0 days 01:21:08.395000,101.0,277.0,291.0,299.0,False,HARD,11.0,True,Williams,0 days 01:19:28.114000,,1,15.0,,,False,True
0 days 01:22:48.295000,RUS,63,0 days 00:01:39.900000,29.0,2.0,,,0 days 00:00:25.424000,0 days 00:00:29.997000,0 days 00:00:44.479000,0 days 01:21:33.819000,0 days 01:22:03.816000,0 days 01:22:48.295000,104.0,278.0,293.0,292.0,False,HARD,12.0,True,Williams,0 days 01:21:08.395000,,1,15.0,,,False,True
0 days 01:24:28.256000,RUS,63,0 days 00:01:39.961000,30.0,2.0,,,0 days 00:00:25.453000,0 days 00:00:29.917000,0 days 00:00:44.591000,0 days 01:23:13.748000,0 days 01:23:43.665000,0 days 01:24:28.256000,102.0,279.0,294.0,294.0,False,HARD,13.0,True,Williams,0 days 01:22:48.295000,,1,15.0,,,False,True
0 days 01:26:08.154000,RUS,63,0 days 00:01:39.898000,31.0,2.0,,,0 days 00:00:25.420000,0 days 00:00:29.947000,0 days 00:00:44.531000,0 days 01:24:53.676000,0 days 01:25:23.623000,0 days 01:26:08.154000,106.0,278.0,295.0,294.0,False,HARD,14.0,True,Williams,0 days 01:24:28.256000,,1,15.0,,,False,True
0 days 01:27:48.572000,RUS,63,0 days 00:01:40.418000,32.0,2.0,,,0 days 00:00:25.608000,0 days 00:00:29.769000,0 days 00:00:45.041000,0 days 01:26:33.762000,0 days 01:27:03.531000,0 days 01:27:48.572000,105.0,279.0,299.0,296.0,False,HARD,15.0,True,Williams,0 days 01:26:08.154000,,1,15.0,,,False,True
0 days 01:29:28.125000,RUS,63,0 days 00:01:39.553000,33.0,2.0,,,0 days 00:00:25.589000,0 days 00:00:29.766000,0 days 00:00:44.198000,0 days 01:28:14.161000,0 days 01:28:43.927000,0 days 01:29:28.125000,101.0,281.0,298.0,332.0,False,HARD,16.0,True,Williams,0 days 01:27:48.572000,,1,14.0,,,False,True
0 days 01:31:08.522000,RUS,63,0 days 00:01:40.397000,34.0,2.0,,,0 days 00:00:25.634000,0 days 00:00:30.011000,0 days 00:00:44.752000,0 days 01:29:53.759000,0 days 01:30:23.770000,0 days 01:31:08.522000,96.0,279.0,293.0,298.0,False,HARD,17.0,True,Williams,0 days 01:29:28.125000,,1,14.0,,,False,True
0 days 01:32:48.172000,RUS,63,0 days 00:01:39.650000,35.0,2.0,,,0 days 00:00:25.408000,0 days 00:00:29.638000,0 days 00:00:44.604000,0 days 01:31:33.930000,0 days 01:32:03.568000,0 days 01:32:48.172000,108.0,281.0,294.0,300.0,False,HARD,18.0,True,Williams,0 days 01:31:08.522000,,1,13.0,,,False,True
0 days 01:34:27.948000,RUS,63,0 days 00:01:39.776000,36.0,2.0,,,0 days 00:00:25.520000,0 days 00:00:29.694000,0 days 00:00:44.562000,0 days 01:33:13.692000,0 days 01:33:43.386000,0 days 01:34:27.948000,106.0,280.0,295.0,299.0,False,HARD,19.0,True,Williams,0 days 01:32:48.172000,,1,13.0,,,False,True
0 days 01:36:07.669000,RUS,63,0 days 00:01:39.721000,37.0,2.0,,,0 days 00:00:25.258000,0 days 00:00:29.822000,0 days 00:00:44.641000,0 days 01:34:53.206000,0 days 01:35:23.028000,0 days 01:36:07.669000,104.0,278.0,295.0,295.0,False,HARD,20.0,True,Williams,0 days 01:34:27.948000,,1,13.0,,,False,True
0 days 01:37:47.009000,RUS,63,0 days 00:01:39.340000,38.0,2.0,,,0 days 00:00:25.342000,0 days 00:00:29.725000,0 days 00:00:44.273000,0 days 01:36:33.011000,0 days 01:37:02.736000,0 days 01:37:47.009000,108.0,280.0,293.0,299.0,False,HARD,21.0,True,Williams,0 days 01:36:07.669000,,1,12.0,,,False,True
0 days 01:39:27.875000,RUS,63,0 days 00:01:40.866000,39.0,2.0,,,0 days 00:00:25.181000,0 days 00:00:30.360000,0 days 00:00:45.325000,0 days 01:38:12.190000,0 days 01:38:42.550000,0 days 01:39:27.875000,102.0,279.0,295.0,307.0,False,HARD,22.0,True,Williams,0 days 01:37:47.009000,,1,13.0,,,False,True
0 days 01:41:07.978000,RUS,63,0 days 00:01:40.103000,40.0,2.0,,,0 days 00:00:25.473000,0 days 00:00:29.790000,0 days 00:00:44.840000,0 days 01:39:53.348000,0 days 01:40:23.138000,0 days 01:41:07.978000,108.0,279.0,295.0,300.0,False,HARD,23.0,True,Williams,0 days 01:39:27.875000,,1,13.0,,,False,True
0 days 01:42:47.397000,RUS,63,0 days 00:01:39.419000,41.0,2.0,,,0 days 00:00:25.284000,0 days 00:00:29.725000,0 days 00:00:44.410000,0 days 01:41:33.262000,0 days 01:42:02.987000,0 days 01:42:47.397000,107.0,280.0,295.0,299.0,False,HARD,24.0,True,Williams,0 days 01:41:07.978000,,1,13.0,,,False,True
0 days 01:44:26.864000,RUS,63,0 days 00:01:39.467000,42.0,2.0,,,0 days 00:00:25.209000,0 days 00:00:29.672000,0 days 00:00:44.586000,0 days 01:43:12.606000,0 days 01:43:42.278000,0 days 01:44:26.864000,106.0,280.0,294.0,296.0,False,HARD,25.0,True,Williams,0 days 01:42:47.397000,,1,13.0,,,False,True
0 days 01:46:06.408000,RUS,63,0 days 00:01:39.544000,43.0,2.0,,,0 days 00:00:25.344000,0 days 00:00:29.607000,0 days 00:00:44.593000,0 days 01:44:52.208000,0 days 01:45:21.815000,0 days 01:46:06.408000,109.0,282.0,292.0,300.0,False,HARD,26.0,True,Williams,0 days 01:44:26.864000,,1,13.0,,,False,True
0 days 01:47:45.199000,RUS,63,0 days 00:01:38.791000,44.0,2.0,,,0 days 00:00:25.188000,0 days 00:00:29.562000,0 days 00:00:44.041000,0 days 01:46:31.596000,0 days 01:47:01.158000,0 days 01:47:45.199000,106.0,279.0,293.0,301.0,True,HARD,27.0,True,Williams,0 days 01:46:06.408000,,1,13.0,,,False,True
0 days 01:49:23.907000,RUS,63,0 days 00:01:38.708000,45.0,2.0,,,0 days 00:00:25.184000,0 days 00:00:29.534000,0 days 00:00:43.990000,0 days 01:48:10.383000,0 days 01:48:39.917000,0 days 01:49:23.907000,111.0,283.0,297.0,302.0,True,HARD,28.0,True,Williams,0 days 01:47:45.199000,,1,13.0,,,False,True
0 days 01:51:04.496000,RUS,63,0 days 00:01:40.589000,46.0,2.0,,,0 days 00:00:25.419000,0 days 00:00:29.758000,0 days 00:00:45.412000,0 days 01:49:49.326000,0 days 01:50:19.084000,0 days 01:51:04.496000,97.0,282.0,280.0,302.0,False,HARD,29.0,True,Williams,0 days 01:49:23.907000,,1,13.0,,,False,True
0 days 01:52:44.714000,RUS,63,0 days 00:01:40.218000,47.0,2.0,,,0 days 00:00:26.640000,0 days 00:00:29.553000,0 days 00:00:44.025000,0 days 01:51:31.136000,0 days 01:52:00.689000,0 days 01:52:44.714000,107.0,281.0,297.0,306.0,False,HARD,30.0,True,Williams,0 days 01:51:04.496000,,1,13.0,,,False,True
0 days 01:54:25.215000,RUS,63,0 days 00:01:40.501000,48.0,2.0,,,0 days 00:00:25.382000,0 days 00:00:30.805000,0 days 00:00:44.314000,0 days 01:53:10.096000,0 days 01:53:40.901000,0 days 01:54:25.215000,99.0,286.0,313.0,227.0,False,HARD,31.0,True,Williams,0 days 01:52:44.714000,,1,13.0,,,False,True
0 days 01:56:04.630000,RUS,63,0 days 00:01:39.415000,49.0,2.0,,,0 days 00:00:25.629000,0 days 00:00:29.299000,0 days 00:00:44.487000,0 days 01:54:50.844000,0 days 01:55:20.143000,0 days 01:56:04.630000,107.0,285.0,312.0,328.0,False,HARD,32.0,True,Williams,0 days 01:54:25.215000,,1,13.0,,,False,True
0 days 01:57:43.208000,RUS,63,0 days 00:01:38.578000,50.0,2.0,,,0 days 00:00:25.668000,0 days 00:00:28.894000,0 days 00:00:44.016000,0 days 01:56:30.298000,0 days 01:56:59.192000,0 days 01:57:43.208000,102.0,278.0,297.0,333.0,True,HARD,33.0,True,Williams,0 days 01:56:04.630000,,1,12.0,,,False,True
0 days 01:59:21.971000,RUS,63,0 days 00:01:38.763000,51.0,2.0,,,0 days 00:00:25.363000,0 days 00:00:29.658000,0 days 00:00:43.742000,0 days 01:58:08.571000,0 days 01:58:38.229000,0 days 01:59:21.971000,103.0,276.0,293.0,296.0,False,HARD,34.0,True,Williams,0 days 01:57:43.208000,,1,12.0,,,False,True
0 days 02:01:00.285000,RUS,63,0 days 00:01:38.314000,52.0,2.0,,,0 days 00:00:25.070000,0 days 00:00:29.507000,0 days 00:00:43.737000,0 days 01:59:47.041000,0 days 02:00:16.548000,0 days 02:01:00.285000,107.0,279.0,294.0,298.0,True,HARD,35.0,True,Williams,0 days 01:59:21.971000,,1,12.0,,,False,True
0 days 00:35:22.264000,TSU,22,0 days 00:01:55.798000,1.0,1.0,0 days 00:33:32.588000,,,0 days 00:00:31.627000,0 days 00:00:46.377000,,0 days 00:34:35.955000,0 days 00:35:22.446000,110.0,280.0,299.0,301.0,False,MEDIUM,1.0,True,AlphaTauri,0 days 00:33:26.312000,,1,18.0,,,False,False
0 days 00:37:05.492000,TSU,22,0 days 00:01:43.228000,2.0,1.0,,,0 days 00:00:26.497000,0 days 00:00:30.405000,0 days 00:00:46.326000,0 days 00:35:48.769000,0 days 00:36:19.174000,0 days 00:37:05.500000,108.0,275.0,300.0,300.0,True,MEDIUM,2.0,True,AlphaTauri,0 days 00:35:22.264000,,1,17.0,,,False,True
0 days 00:38:48.110000,TSU,22,0 days 00:01:42.618000,3.0,1.0,,,0 days 00:00:26.895000,0 days 00:00:29.893000,0 days 00:00:45.830000,0 days 00:37:32.395000,0 days 00:38:02.288000,0 days 00:38:48.118000,111.0,276.0,297.0,325.0,True,MEDIUM,3.0,True,AlphaTauri,0 days 00:37:05.492000,,1,17.0,,,False,True
0 days 00:40:29.595000,TSU,22,0 days 00:01:41.485000,4.0,1.0,,,0 days 00:00:26.227000,0 days 00:00:30.114000,0 days 00:00:45.144000,0 days 00:39:14.345000,0 days 00:39:44.459000,0 days 00:40:29.603000,111.0,272.0,295.0,332.0,True,MEDIUM,4.0,True,AlphaTauri,0 days 00:38:48.110000,,1,16.0,,,False,True
0 days 00:42:10.591000,TSU,22,0 days 00:01:40.996000,5.0,1.0,,,0 days 00:00:25.824000,0 days 00:00:30.231000,0 days 00:00:44.941000,0 days 00:40:55.427000,0 days 00:41:25.658000,0 days 00:42:10.599000,102.0,274.0,296.0,298.0,True,MEDIUM,5.0,True,AlphaTauri,0 days 00:40:29.595000,,1,16.0,,,False,True
0 days 00:43:51.168000,TSU,22,0 days 00:01:40.577000,6.0,1.0,,,0 days 00:00:25.712000,0 days 00:00:29.840000,0 days 00:00:45.025000,0 days 00:42:36.311000,0 days 00:43:06.151000,0 days 00:43:51.176000,105.0,275.0,303.0,303.0,True,MEDIUM,6.0,True,AlphaTauri,0 days 00:42:10.591000,,1,16.0,,,False,True
0 days 00:45:32.219000,TSU,22,0 days 00:01:41.051000,7.0,1.0,,,0 days 00:00:25.672000,0 days 00:00:29.797000,0 days 00:00:45.582000,0 days 00:44:16.848000,0 days 00:44:46.645000,0 days 00:45:32.227000,104.0,274.0,304.0,322.0,False,MEDIUM,7.0,True,AlphaTauri,0 days 00:43:51.168000,,1,16.0,,,False,True
0 days 00:47:12.943000,TSU,22,0 days 00:01:40.724000,8.0,1.0,,,0 days 00:00:25.542000,0 days 00:00:29.938000,0 days 00:00:45.244000,0 days 00:45:57.769000,0 days 00:46:27.707000,0 days 00:47:12.951000,101.0,273.0,305.0,317.0,False,MEDIUM,8.0,True,AlphaTauri,0 days 00:45:32.219000,,1,16.0,,,False,True
0 days 00:48:54.138000,TSU,22,0 days 00:01:41.195000,9.0,1.0,,,0 days 00:00:25.719000,0 days 00:00:30.115000,0 days 00:00:45.361000,0 days 00:47:38.670000,0 days 00:48:08.785000,0 days 00:48:54.146000,104.0,275.0,302.0,302.0,False,MEDIUM,9.0,True,AlphaTauri,0 days 00:47:12.943000,,1,16.0,,,False,True
0 days 00:50:35.170000,TSU,22,0 days 00:01:41.032000,10.0,1.0,,,0 days 00:00:25.684000,0 days 00:00:30.076000,0 days 00:00:45.272000,0 days 00:49:19.830000,0 days 00:49:49.906000,0 days 00:50:35.178000,103.0,276.0,294.0,298.0,False,MEDIUM,10.0,True,AlphaTauri,0 days 00:48:54.138000,,1,16.0,,,False,True
0 days 00:52:16.230000,TSU,22,0 days 00:01:41.060000,11.0,1.0,,,0 days 00:00:25.722000,0 days 00:00:30.296000,0 days 00:00:45.042000,0 days 00:51:00.900000,0 days 00:51:31.196000,0 days 00:52:16.238000,105.0,275.0,302.0,297.0,False,MEDIUM,11.0,True,AlphaTauri,0 days 00:50:35.170000,,1,16.0,,,False,True
0 days 00:53:57.388000,TSU,22,0 days 00:01:41.158000,12.0,1.0,,,0 days 00:00:25.594000,0 days 00:00:30.106000,0 days 00:00:45.458000,0 days 00:52:41.832000,0 days 00:53:11.938000,0 days 00:53:57.396000,108.0,275.0,301.0,302.0,False,MEDIUM,12.0,True,AlphaTauri,0 days 00:52:16.230000,,1,16.0,,,False,True
0 days 00:55:38.879000,TSU,22,0 days 00:01:41.491000,13.0,1.0,,,0 days 00:00:25.618000,0 days 00:00:30.276000,0 days 00:00:45.597000,0 days 00:54:23.014000,0 days 00:54:53.290000,0 days 00:55:38.887000,107.0,275.0,292.0,297.0,False,MEDIUM,13.0,True,AlphaTauri,0 days 00:53:57.388000,,1,16.0,,,False,True
0 days 00:57:20.528000,TSU,22,0 days 00:01:41.649000,14.0,1.0,,,0 days 00:00:25.968000,0 days 00:00:30.190000,0 days 00:00:45.491000,0 days 00:56:04.855000,0 days 00:56:35.045000,0 days 00:57:20.536000,105.0,275.0,291.0,298.0,False,MEDIUM,14.0,True,AlphaTauri,0 days 00:55:38.879000,,1,15.0,,,False,True
0 days 00:59:21.890000,TSU,22,0 days 00:02:01.362000,15.0,1.0,,0 days 00:58:52.502000,0 days 00:00:25.907000,0 days 00:00:30.519000,0 days 00:01:04.936000,0 days 00:57:46.443000,0 days 00:58:16.962000,0 days 00:59:21.898000,100.0,274.0,,293.0,False,MEDIUM,15.0,True,AlphaTauri,0 days 00:57:20.528000,,1,19.0,,,False,False
0 days 01:01:06.401000,TSU,22,0 days 00:01:44.511000,16.0,2.0,0 days 00:59:22.562000,,0 days 00:00:29.751000,0 days 00:00:30.209000,0 days 00:00:44.551000,0 days 00:59:51.649000,0 days 01:00:21.858000,0 days 01:01:06.409000,109.0,273.0,290.0,288.0,False,HARD,1.0,True,AlphaTauri,0 days 00:59:21.890000,,1,19.0,,,False,False
0 days 01:02:46.087000,TSU,22,0 days 00:01:39.686000,17.0,2.0,,,0 days 00:00:25.274000,0 days 00:00:29.987000,0 days 00:00:44.425000,0 days 01:01:31.683000,0 days 01:02:01.670000,0 days 01:02:46.095000,110.0,275.0,290.0,290.0,True,HARD,2.0,True,AlphaTauri,0 days 01:01:06.401000,,1,18.0,,,False,True
0 days 01:04:25.067000,TSU,22,0 days 00:01:38.980000,18.0,2.0,,,0 days 00:00:25.147000,0 days 00:00:29.825000,0 days 00:00:44.008000,0 days 01:03:11.242000,0 days 01:03:41.067000,0 days 01:04:25.075000,109.0,276.0,294.0,293.0,True,HARD,3.0,True,AlphaTauri,0 days 01:02:46.087000,,1,17.0,,,False,True
0 days 01:06:05.734000,TSU,22,0 days 00:01:40.667000,19.0,2.0,,,0 days 00:00:25.631000,0 days 00:00:29.896000,0 days 00:00:45.140000,0 days 01:04:50.706000,0 days 01:05:20.602000,0 days 01:06:05.742000,107.0,277.0,305.0,298.0,False,HARD,4.0,True,AlphaTauri,0 days 01:04:25.067000,,1,17.0,,,False,True
0 days 01:07:46.361000,TSU,22,0 days 00:01:40.627000,20.0,2.0,,,0 days 00:00:26.328000,0 days 00:00:29.548000,0 days 00:00:44.751000,0 days 01:06:32.070000,0 days 01:07:01.618000,0 days 01:07:46.369000,110.0,275.0,291.0,320.0,False,HARD,5.0,True,AlphaTauri,0 days 01:06:05.734000,,1,16.0,,,False,True
0 days 01:09:25.990000,TSU,22,0 days 00:01:39.629000,21.0,2.0,,,0 days 00:00:25.167000,0 days 00:00:29.966000,0 days 00:00:44.496000,0 days 01:08:11.536000,0 days 01:08:41.502000,0 days 01:09:25.998000,106.0,277.0,292.0,293.0,False,HARD,6.0,True,AlphaTauri,0 days 01:07:46.361000,,1,16.0,,,False,True
0 days 01:11:05.885000,TSU,22,0 days 00:01:39.895000,22.0,2.0,,,0 days 00:00:25.462000,0 days 00:00:29.912000,0 days 00:00:44.521000,0 days 01:09:51.460000,0 days 01:10:21.372000,0 days 01:11:05.893000,101.0,276.0,294.0,292.0,False,HARD,7.0,True,AlphaTauri,0 days 01:09:25.990000,,1,16.0,,,False,True
0 days 01:12:45.500000,TSU,22,0 days 00:01:39.615000,23.0,2.0,,,0 days 00:00:25.357000,0 days 00:00:29.945000,0 days 00:00:44.313000,0 days 01:11:31.250000,0 days 01:12:01.195000,0 days 01:12:45.508000,109.0,276.0,293.0,292.0,False,HARD,8.0,True,AlphaTauri,0 days 01:11:05.885000,,1,16.0,,,False,True
0 days 01:14:25.411000,TSU,22,0 days 00:01:39.911000,24.0,2.0,,,0 days 00:00:25.297000,0 days 00:00:30.008000,0 days 00:00:44.606000,0 days 01:13:10.805000,0 days 01:13:40.813000,0 days 01:14:25.419000,109.0,276.0,295.0,292.0,False,HARD,9.0,True,AlphaTauri,0 days 01:12:45.500000,,1,16.0,,,False,True
0 days 01:16:05.430000,TSU,22,0 days 00:01:40.019000,25.0,2.0,,,0 days 00:00:25.481000,0 days 00:00:30.079000,0 days 00:00:44.459000,0 days 01:14:50.900000,0 days 01:15:20.979000,0 days 01:16:05.438000,108.0,274.0,292.0,290.0,False,HARD,10.0,True,AlphaTauri,0 days 01:14:25.411000,,1,16.0,,,False,True
0 days 01:17:45.215000,TSU,22,0 days 00:01:39.785000,26.0,2.0,,,0 days 00:00:25.475000,0 days 00:00:29.856000,0 days 00:00:44.454000,0 days 01:16:30.913000,0 days 01:17:00.769000,0 days 01:17:45.223000,108.0,276.0,290.0,295.0,False,HARD,11.0,True,AlphaTauri,0 days 01:16:05.430000,,1,16.0,,,False,True
0 days 01:19:24.997000,TSU,22,0 days 00:01:39.782000,27.0,2.0,,,0 days 00:00:25.568000,0 days 00:00:29.743000,0 days 00:00:44.471000,0 days 01:18:10.791000,0 days 01:18:40.534000,0 days 01:19:25.005000,109.0,275.0,292.0,296.0,False,HARD,12.0,True,AlphaTauri,0 days 01:17:45.215000,,1,16.0,,,False,True
0 days 01:21:05.464000,TSU,22,0 days 00:01:40.467000,28.0,2.0,,,0 days 00:00:25.642000,0 days 00:00:29.836000,0 days 00:00:44.989000,0 days 01:19:50.647000,0 days 01:20:20.483000,0 days 01:21:05.472000,107.0,275.0,292.0,296.0,False,HARD,13.0,True,AlphaTauri,0 days 01:19:24.997000,,1,14.0,,,False,True
0 days 01:22:45.504000,TSU,22,0 days 00:01:40.040000,29.0,2.0,,,0 days 00:00:25.516000,0 days 00:00:29.992000,0 days 00:00:44.532000,0 days 01:21:30.988000,0 days 01:22:00.980000,0 days 01:22:45.512000,106.0,276.0,291.0,297.0,False,HARD,14.0,True,AlphaTauri,0 days 01:21:05.464000,,1,14.0,,,False,True
0 days 01:24:26.160000,TSU,22,0 days 00:01:40.656000,30.0,2.0,,,0 days 00:00:25.752000,0 days 00:00:30.173000,0 days 00:00:44.731000,0 days 01:23:11.264000,0 days 01:23:41.437000,0 days 01:24:26.168000,105.0,277.0,292.0,293.0,False,HARD,15.0,True,AlphaTauri,0 days 01:22:45.504000,,1,14.0,,,False,True
0 days 01:26:06.243000,TSU,22,0 days 00:01:40.083000,31.0,2.0,,,0 days 00:00:25.605000,0 days 00:00:29.956000,0 days 00:00:44.522000,0 days 01:24:51.773000,0 days 01:25:21.729000,0 days 01:26:06.251000,108.0,277.0,294.0,293.0,False,HARD,16.0,True,AlphaTauri,0 days 01:24:26.160000,,1,14.0,,,False,True
0 days 01:27:47.256000,TSU,22,0 days 00:01:41.013000,32.0,2.0,,,0 days 00:00:25.686000,0 days 00:00:30.005000,0 days 00:00:45.322000,0 days 01:26:31.937000,0 days 01:27:01.942000,0 days 01:27:47.264000,107.0,276.0,293.0,324.0,False,HARD,17.0,True,AlphaTauri,0 days 01:26:06.243000,,1,14.0,,,False,True
0 days 01:29:27.378000,TSU,22,0 days 00:01:40.122000,33.0,2.0,,,0 days 00:00:26.116000,0 days 00:00:29.555000,0 days 00:00:44.451000,0 days 01:28:13.380000,0 days 01:28:42.935000,0 days 01:29:27.386000,110.0,275.0,292.0,315.0,False,HARD,18.0,True,AlphaTauri,0 days 01:27:47.256000,,1,13.0,,,False,True
0 days 01:31:07.047000,TSU,22,0 days 00:01:39.669000,34.0,2.0,,,0 days 00:00:25.471000,0 days 00:00:29.879000,0 days 00:00:44.319000,0 days 01:29:52.857000,0 days 01:30:22.736000,0 days 01:31:07.055000,103.0,276.0,290.0,291.0,False,HARD,19.0,True,AlphaTauri,0 days 01:29:27.378000,,1,12.0,,,False,True
0 days 01:32:46.506000,TSU,22,0 days 00:01:39.459000,35.0,2.0,,,0 days 00:00:25.445000,0 days 00:00:29.781000,0 days 00:00:44.233000,0 days 01:31:32.500000,0 days 01:32:02.281000,0 days 01:32:46.514000,106.0,277.0,291.0,292.0,False,HARD,20.0,True,AlphaTauri,0 days 01:31:07.047000,,1,12.0,,,False,True
0 days 01:34:25.615000,TSU,22,0 days 00:01:39.109000,36.0,2.0,,,0 days 00:00:25.231000,0 days 00:00:29.703000,0 days 00:00:44.175000,0 days 01:33:11.745000,0 days 01:33:41.448000,0 days 01:34:25.623000,107.0,277.0,293.0,294.0,False,HARD,21.0,True,AlphaTauri,0 days 01:32:46.506000,,1,12.0,,,False,True
0 days 01:36:05.091000,TSU,22,0 days 00:01:39.476000,37.0,2.0,,,0 days 00:00:25.157000,0 days 00:00:30.003000,0 days 00:00:44.316000,0 days 01:34:50.780000,0 days 01:35:20.783000,0 days 01:36:05.099000,106.0,277.0,292.0,288.0,False,HARD,22.0,True,AlphaTauri,0 days 01:34:25.615000,,1,12.0,,,False,True
0 days 01:37:44.811000,TSU,22,0 days 00:01:39.720000,38.0,2.0,,,0 days 00:00:25.534000,0 days 00:00:29.839000,0 days 00:00:44.347000,0 days 01:36:30.633000,0 days 01:37:00.472000,0 days 01:37:44.819000,106.0,277.0,292.0,297.0,False,HARD,23.0,True,AlphaTauri,0 days 01:36:05.091000,,1,11.0,,,False,True
0 days 01:39:24.693000,TSU,22,0 days 00:01:39.882000,39.0,2.0,,,0 days 00:00:25.378000,0 days 00:00:29.892000,0 days 00:00:44.612000,0 days 01:38:10.197000,0 days 01:38:40.089000,0 days 01:39:24.701000,107.0,277.0,291.0,304.0,False,HARD,24.0,True,AlphaTauri,0 days 01:37:44.811000,,1,11.0,,,False,True
0 days 01:41:04.167000,TSU,22,0 days 00:01:39.474000,40.0,2.0,,,0 days 00:00:25.269000,0 days 00:00:29.837000,0 days 00:00:44.368000,0 days 01:39:49.970000,0 days 01:40:19.807000,0 days 01:41:04.175000,105.0,276.0,293.0,293.0,False,HARD,25.0,True,AlphaTauri,0 days 01:39:24.693000,,1,11.0,,,False,True
0 days 01:42:43.539000,TSU,22,0 days 00:01:39.372000,41.0,2.0,,,0 days 00:00:25.332000,0 days 00:00:29.782000,0 days 00:00:44.258000,0 days 01:41:29.507000,0 days 01:41:59.289000,0 days 01:42:43.547000,105.0,278.0,292.0,303.0,False,HARD,26.0,True,AlphaTauri,0 days 01:41:04.167000,,1,11.0,,,False,True
0 days 01:44:24.149000,TSU,22,0 days 00:01:40.610000,42.0,2.0,,,0 days 00:00:25.301000,0 days 00:00:30.211000,0 days 00:00:45.098000,0 days 01:43:08.848000,0 days 01:43:39.059000,0 days 01:44:24.157000,109.0,282.0,294.0,303.0,False,HARD,27.0,True,AlphaTauri,0 days 01:42:43.539000,,1,12.0,,,False,True
0 days 01:46:03.774000,TSU,22,0 days 00:01:39.625000,43.0,2.0,,,0 days 00:00:25.387000,0 days 00:00:29.791000,0 days 00:00:44.447000,0 days 01:44:49.544000,0 days 01:45:19.335000,0 days 01:46:03.782000,107.0,280.0,290.0,294.0,False,HARD,28.0,True,AlphaTauri,0 days 01:44:24.149000,,1,12.0,,,False,True
0 days 01:47:43.250000,TSU,22,0 days 00:01:39.476000,44.0,2.0,,,0 days 00:00:25.427000,0 days 00:00:29.821000,0 days 00:00:44.228000,0 days 01:46:29.209000,0 days 01:46:59.030000,0 days 01:47:43.258000,107.0,277.0,290.0,295.0,False,HARD,29.0,True,AlphaTauri,0 days 01:46:03.774000,,1,12.0,,,False,True
0 days 01:49:22.843000,TSU,22,0 days 00:01:39.593000,45.0,2.0,,,0 days 00:00:25.436000,0 days 00:00:29.839000,0 days 00:00:44.318000,0 days 01:48:08.694000,0 days 01:48:38.533000,0 days 01:49:22.851000,107.0,278.0,292.0,293.0,False,HARD,30.0,True,AlphaTauri,0 days 01:47:43.250000,,1,12.0,,,False,True
0 days 01:51:02.254000,TSU,22,0 days 00:01:39.411000,46.0,2.0,,,0 days 00:00:25.186000,0 days 00:00:29.809000,0 days 00:00:44.416000,0 days 01:49:48.037000,0 days 01:50:17.846000,0 days 01:51:02.262000,106.0,277.0,293.0,293.0,False,HARD,31.0,True,AlphaTauri,0 days 01:49:22.843000,,1,12.0,,,False,True
0 days 01:52:42.125000,TSU,22,0 days 00:01:39.871000,47.0,2.0,,,0 days 00:00:25.403000,0 days 00:00:30.063000,0 days 00:00:44.405000,0 days 01:51:27.665000,0 days 01:51:57.728000,0 days 01:52:42.133000,103.0,277.0,293.0,291.0,False,HARD,32.0,True,AlphaTauri,0 days 01:51:02.254000,,1,12.0,,,False,True
0 days 01:54:24.666000,TSU,22,0 days 00:01:42.541000,48.0,2.0,,,0 days 00:00:27.109000,0 days 00:00:29.717000,0 days 00:00:45.715000,0 days 01:53:09.242000,0 days 01:53:38.959000,0 days 01:54:24.674000,104.0,280.0,306.0,320.0,False,HARD,33.0,True,AlphaTauri,0 days 01:52:42.125000,,1,12.0,,,False,True
0 days 01:56:04.169000,TSU,22,0 days 00:01:39.503000,49.0,2.0,,,0 days 00:00:25.099000,0 days 00:00:29.837000,0 days 00:00:44.567000,0 days 01:54:49.773000,0 days 01:55:19.610000,0 days 01:56:04.177000,106.0,280.0,296.0,306.0,False,HARD,34.0,True,AlphaTauri,0 days 01:54:24.666000,,1,12.0,,,False,True
0 days 01:57:44.575000,TSU,22,0 days 00:01:40.406000,50.0,2.0,,,0 days 00:00:25.311000,0 days 00:00:30.504000,0 days 00:00:44.591000,0 days 01:56:29.488000,0 days 01:56:59.992000,0 days 01:57:44.583000,106.0,278.0,299.0,304.0,False,HARD,35.0,True,AlphaTauri,0 days 01:56:04.169000,,1,13.0,,,False,True
0 days 01:59:25.207000,TSU,22,0 days 00:01:40.632000,51.0,2.0,,,0 days 00:00:25.426000,0 days 00:00:29.803000,0 days 00:00:45.403000,0 days 01:58:10.009000,0 days 01:58:39.812000,0 days 01:59:25.215000,100.0,276.0,307.0,307.0,False,HARD,36.0,True,AlphaTauri,0 days 01:57:44.575000,,1,13.0,,,False,True
0 days 02:01:04.607000,TSU,22,0 days 00:01:39.400000,52.0,2.0,,,0 days 00:00:25.301000,0 days 00:00:29.666000,0 days 00:00:44.433000,0 days 01:59:50.516000,0 days 02:00:20.182000,0 days 02:01:04.615000,106.0,281.0,295.0,308.0,False,HARD,37.0,True,AlphaTauri,0 days 01:59:25.207000,,1,13.0,,,False,True
0 days 00:35:18.858000,OCO,31,0 days 00:01:52.392000,1.0,1.0,,,,0 days 00:00:31.546000,0 days 00:00:45.947000,,0 days 00:34:33.040000,0 days 00:35:19.078000,109.0,280.0,293.0,302.0,False,HARD,1.0,True,Alpine,0 days 00:33:26.312000,,1,11.0,,,False,False
0 days 00:37:02.777000,OCO,31,0 days 00:01:43.919000,2.0,1.0,,,0 days 00:00:26.816000,0 days 00:00:30.940000,0 days 00:00:46.163000,0 days 00:35:45.715000,0 days 00:36:16.655000,0 days 00:37:02.818000,105.0,280.0,294.0,305.0,True,HARD,2.0,True,Alpine,0 days 00:35:18.858000,,1,12.0,,,False,True
0 days 00:38:44.607000,OCO,31,0 days 00:01:41.830000,3.0,1.0,,,0 days 00:00:26.162000,0 days 00:00:30.115000,0 days 00:00:45.553000,0 days 00:37:28.980000,0 days 00:37:59.095000,0 days 00:38:44.648000,108.0,272.0,300.0,321.0,True,HARD,3.0,True,Alpine,0 days 00:37:02.777000,,1,12.0,,,False,True
0 days 00:40:26.157000,OCO,31,0 days 00:01:41.550000,4.0,1.0,,,0 days 00:00:25.763000,0 days 00:00:30.068000,0 days 00:00:45.719000,0 days 00:39:10.411000,0 days 00:39:40.479000,0 days 00:40:26.198000,109.0,274.0,301.0,315.0,True,HARD,4.0,True,Alpine,0 days 00:38:44.607000,,1,12.0,,,False,True
0 days 00:42:07.178000,OCO,31,0 days 00:01:41.021000,5.0,1.0,,,0 days 00:00:25.886000,0 days 00:00:30.074000,0 days 00:00:45.061000,0 days 00:40:52.084000,0 days 00:41:22.158000,0 days 00:42:07.219000,105.0,273.0,294.0,297.0,True,HARD,5.0,True,Alpine,0 days 00:40:26.157000,,1,12.0,,,False,True
0 days 00:43:47.714000,OCO,31,0 days 00:01:40.536000,6.0,1.0,,,0 days 00:00:25.552000,0 days 00:00:29.812000,0 days 00:00:45.172000,0 days 00:42:32.771000,0 days 00:43:02.583000,0 days 00:43:47.755000,108.0,274.0,289.0,300.0,True,HARD,6.0,True,Alpine,0 days 00:42:07.178000,,1,12.0,,,False,True
0 days 00:45:28.631000,OCO,31,0 days 00:01:40.917000,7.0,1.0,,,0 days 00:00:25.798000,0 days 00:00:30.055000,0 days 00:00:45.064000,0 days 00:44:13.553000,0 days 00:44:43.608000,0 days 00:45:28.672000,105.0,271.0,292.0,296.0,False,HARD,7.0,True,Alpine,0 days 00:43:47.714000,,1,12.0,,,False,True
0 days 00:47:09.448000,OCO,31,0 days 00:01:40.817000,8.0,1.0,,,0 days 00:00:25.748000,0 days 00:00:30.063000,0 days 00:00:45.006000,0 days 00:45:54.420000,0 days 00:46:24.483000,0 days 00:47:09.489000,107.0,271.0,292.0,296.0,False,HARD,8.0,True,Alpine,0 days 00:45:28.631000,,1,12.0,,,False,True
0 days 00:48:50.199000,OCO,31,0 days 00:01:40.751000,9.0,1.0,,,0 days 00:00:25.687000,0 days 00:00:29.998000,0 days 00:00:45.066000,0 days 00:47:35.176000,0 days 00:48:05.174000,0 days 00:48:50.240000,105.0,272.0,290.0,296.0,False,HARD,9.0,True,Alpine,0 days 00:47:09.448000,,1,12.0,,,False,True
0 days 00:50:31.178000,OCO,31,0 days 00:01:40.979000,10.0,1.0,,,0 days 00:00:25.815000,0 days 00:00:29.966000,0 days 00:00:45.198000,0 days 00:49:16.055000,0 days 00:49:46.021000,0 days 00:50:31.219000,105.0,273.0,290.0,293.0,False,HARD,10.0,True,Alpine,0 days 00:48:50.199000,,1,12.0,,,False,True
0 days 00:52:12.007000,OCO,31,0 days 00:01:40.829000,11.0,1.0,,,0 days 00:00:25.785000,0 days 00:00:30.131000,0 days 00:00:44.913000,0 days 00:50:57.004000,0 days 00:51:27.135000,0 days 00:52:12.048000,98.0,272.0,293.0,298.0,False,HARD,11.0,True,Alpine,0 days 00:50:31.178000,,1,12.0,,,False,True
0 days 00:53:52.989000,OCO,31,0 days 00:01:40.982000,12.0,1.0,,,0 days 00:00:25.733000,0 days 00:00:30.098000,0 days 00:00:45.151000,0 days 00:52:37.781000,0 days 00:53:07.879000,0 days 00:53:53.030000,103.0,271.0,291.0,297.0,False,HARD,12.0,True,Alpine,0 days 00:52:12.007000,,1,12.0,,,False,True
0 days 00:55:34.248000,OCO,31,0 days 00:01:41.259000,13.0,1.0,,,0 days 00:00:25.712000,0 days 00:00:30.025000,0 days 00:00:45.522000,0 days 00:54:18.742000,0 days 00:54:48.767000,0 days 00:55:34.289000,103.0,273.0,291.0,299.0,False,HARD,13.0,True,Alpine,0 days 00:53:52.989000,,1,12.0,,,False,True
0 days 00:57:15.677000,OCO,31,0 days 00:01:41.429000,14.0,1.0,,,0 days 00:00:25.822000,0 days 00:00:30.199000,0 days 00:00:45.408000,0 days 00:56:00.111000,0 days 00:56:30.310000,0 days 00:57:15.718000,105.0,275.0,290.0,303.0,False,HARD,14.0,True,Alpine,0 days 00:55:34.248000,,1,11.0,,,False,True
0 days 00:58:57.291000,OCO,31,0 days 00:01:41.614000,15.0,1.0,,,0 days 00:00:25.919000,0 days 00:00:30.183000,0 days 00:00:45.512000,0 days 00:57:41.637000,0 days 00:58:11.820000,0 days 00:58:57.332000,99.0,276.0,301.0,320.0,False,HARD,15.0,True,Alpine,0 days 00:57:15.677000,,1,11.0,,,False,True
0 days 01:00:38.895000,OCO,31,0 days 00:01:41.604000,16.0,1.0,,,0 days 00:00:25.987000,0 days 00:00:30.179000,0 days 00:00:45.438000,0 days 00:59:23.319000,0 days 00:59:53.498000,0 days 01:00:38.936000,101.0,273.0,299.0,320.0,False,HARD,16.0,True,Alpine,0 days 00:58:57.291000,,1,10.0,,,False,True
0 days 01:02:20.028000,OCO,31,0 days 00:01:41.133000,17.0,1.0,,,0 days 00:00:25.799000,0 days 00:00:30.154000,0 days 00:00:45.180000,0 days 01:01:04.735000,0 days 01:01:34.889000,0 days 01:02:20.069000,102.0,275.0,299.0,319.0,False,HARD,17.0,True,Alpine,0 days 01:00:38.895000,,1,8.0,,,False,True
0 days 01:04:00.829000,OCO,31,0 days 00:01:40.801000,18.0,1.0,,,0 days 00:00:25.689000,0 days 00:00:30.007000,0 days 00:00:45.105000,0 days 01:02:45.758000,0 days 01:03:15.765000,0 days 01:04:00.870000,100.0,273.0,289.0,321.0,False,HARD,18.0,True,Alpine,0 days 01:02:20.028000,,1,7.0,,,False,True
0 days 01:05:42.650000,OCO,31,0 days 00:01:41.821000,19.0,1.0,,,0 days 00:00:25.571000,0 days 00:00:30.715000,0 days 00:00:45.535000,0 days 01:04:26.441000,0 days 01:04:57.156000,0 days 01:05:42.691000,101.0,276.0,300.0,305.0,False,HARD,19.0,True,Alpine,0 days 01:04:00.829000,,1,8.0,,,False,True
0 days 01:07:24.299000,OCO,31,0 days 00:01:41.649000,20.0,1.0,,,0 days 00:00:25.985000,0 days 00:00:30.253000,0 days 00:00:45.411000,0 days 01:06:08.676000,0 days 01:06:38.929000,0 days 01:07:24.340000,105.0,275.0,289.0,295.0,False,HARD,20.0,True,Alpine,0 days 01:05:42.650000,,1,8.0,,,False,True
0 days 01:09:05.686000,OCO,31,0 days 00:01:41.387000,21.0,1.0,,,0 days 00:00:25.972000,0 days 00:00:30.301000,0 days 00:00:45.114000,0 days 01:07:50.312000,0 days 01:08:20.613000,0 days 01:09:05.727000,98.0,274.0,289.0,294.0,False,HARD,21.0,True,Alpine,0 days 01:07:24.299000,,1,8.0,,,False,True
0 days 01:10:47.072000,OCO,31,0 days 00:01:41.386000,22.0,1.0,,,0 days 00:00:25.878000,0 days 00:00:30.369000,0 days 00:00:45.139000,0 days 01:09:31.605000,0 days 01:10:01.974000,0 days 01:10:47.113000,98.0,274.0,290.0,293.0,False,HARD,22.0,True,Alpine,0 days 01:09:05.686000,,1,8.0,,,False,True
0 days 01:12:27.992000,OCO,31,0 days 00:01:40.920000,23.0,1.0,,,0 days 00:00:25.713000,0 days 00:00:30.152000,0 days 00:00:45.055000,0 days 01:11:12.826000,0 days 01:11:42.978000,0 days 01:12:28.033000,99.0,274.0,290.0,292.0,False,HARD,23.0,True,Alpine,0 days 01:10:47.072000,,1,8.0,,,False,True
0 days 01:14:08.987000,OCO,31,0 days 00:01:40.995000,24.0,1.0,,,0 days 00:00:25.766000,0 days 00:00:30.166000,0 days 00:00:45.063000,0 days 01:12:53.799000,0 days 01:13:23.965000,0 days 01:14:09.028000,95.0,273.0,291.0,291.0,False,HARD,24.0,True,Alpine,0 days 01:12:27.992000,,1,7.0,,,False,True
0 days 01:15:49.968000,OCO,31,0 days 00:01:40.981000,25.0,1.0,,,0 days 00:00:25.715000,0 days 00:00:30.354000,0 days 00:00:44.912000,0 days 01:14:34.743000,0 days 01:15:05.097000,0 days 01:15:50.009000,99.0,271.0,290.0,289.0,False,HARD,25.0,True,Alpine,0 days 01:14:08.987000,,1,7.0,,,False,True
0 days 01:17:32.669000,OCO,31,0 days 00:01:42.701000,26.0,1.0,,,0 days 00:00:25.908000,0 days 00:00:31.103000,0 days 00:00:45.690000,0 days 01:16:15.917000,0 days 01:16:47.020000,0 days 01:17:32.710000,102.0,276.0,291.0,291.0,False,HARD,26.0,True,Alpine,0 days 01:15:49.968000,,1,8.0,,,False,True
0 days 01:19:16.024000,OCO,31,0 days 00:01:43.355000,27.0,1.0,,,0 days 00:00:26.708000,0 days 00:00:30.668000,0 days 00:00:45.979000,0 days 01:17:59.418000,0 days 01:18:30.086000,0 days 01:19:16.065000,101.0,277.0,303.0,311.0,False,HARD,27.0,True,Alpine,0 days 01:17:32.669000,,1,12.0,,,False,True
0 days 01:21:16.967000,OCO,31,0 days 00:02:00.943000,28.0,1.0,,0 days 01:20:47.614000,0 days 00:00:25.946000,0 days 00:00:30.216000,0 days 00:01:04.781000,0 days 01:19:42.011000,0 days 01:20:12.227000,0 days 01:21:17.008000,99.0,273.0,,302.0,False,HARD,28.0,True,Alpine,0 days 01:19:16.024000,,1,16.0,,,False,False
0 days 01:23:00.426000,OCO,31,0 days 00:01:43.459000,29.0,2.0,0 days 01:21:17.693000,,0 days 00:00:29.046000,0 days 00:00:29.934000,0 days 00:00:44.479000,0 days 01:21:46.054000,0 days 01:22:15.988000,0 days 01:23:00.467000,105.0,273.0,290.0,290.0,False,MEDIUM,4.0,False,Alpine,0 days 01:21:16.967000,,1,17.0,,,False,False
0 days 01:24:40.302000,OCO,31,0 days 00:01:39.876000,30.0,2.0,,,0 days 00:00:25.451000,0 days 00:00:29.875000,0 days 00:00:44.550000,0 days 01:23:25.918000,0 days 01:23:55.793000,0 days 01:24:40.343000,106.0,276.0,293.0,291.0,True,MEDIUM,5.0,False,Alpine,0 days 01:23:00.426000,,1,17.0,,,False,True
0 days 01:26:19.297000,OCO,31,0 days 00:01:38.995000,31.0,2.0,,,0 days 00:00:25.407000,0 days 00:00:29.358000,0 days 00:00:44.230000,0 days 01:25:05.750000,0 days 01:25:35.108000,0 days 01:26:19.338000,109.0,271.0,290.0,323.0,True,MEDIUM,6.0,False,Alpine,0 days 01:24:40.302000,,1,16.0,,,False,True
0 days 01:27:58.105000,OCO,31,0 days 00:01:38.808000,32.0,2.0,,,0 days 00:00:25.063000,0 days 00:00:29.701000,0 days 00:00:44.044000,0 days 01:26:44.401000,0 days 01:27:14.102000,0 days 01:27:58.146000,109.0,272.0,290.0,288.0,True,MEDIUM,7.0,False,Alpine,0 days 01:26:19.297000,,1,16.0,,,False,True
0 days 01:29:36.750000,OCO,31,0 days 00:01:38.645000,33.0,2.0,,,0 days 00:00:25.171000,0 days 00:00:29.515000,0 days 00:00:43.959000,0 days 01:28:23.317000,0 days 01:28:52.832000,0 days 01:29:36.791000,108.0,273.0,289.0,290.0,True,MEDIUM,8.0,False,Alpine,0 days 01:27:58.105000,,1,15.0,,,False,True
0 days 01:31:15.711000,OCO,31,0 days 00:01:38.961000,34.0,2.0,,,0 days 00:00:25.288000,0 days 00:00:29.660000,0 days 00:00:44.013000,0 days 01:30:02.079000,0 days 01:30:31.739000,0 days 01:31:15.752000,107.0,273.0,289.0,288.0,False,MEDIUM,9.0,False,Alpine,0 days 01:29:36.750000,,1,15.0,,,False,True
0 days 01:32:54.400000,OCO,31,0 days 00:01:38.689000,35.0,2.0,,,0 days 00:00:25.127000,0 days 00:00:29.598000,0 days 00:00:43.964000,0 days 01:31:40.879000,0 days 01:32:10.477000,0 days 01:32:54.441000,105.0,275.0,289.0,291.0,False,MEDIUM,10.0,False,Alpine,0 days 01:31:15.711000,,1,15.0,,,False,True
0 days 01:34:33.294000,OCO,31,0 days 00:01:38.894000,36.0,2.0,,,0 days 00:00:25.214000,0 days 00:00:29.620000,0 days 00:00:44.060000,0 days 01:33:19.655000,0 days 01:33:49.275000,0 days 01:34:33.335000,108.0,275.0,292.0,293.0,False,MEDIUM,11.0,False,Alpine,0 days 01:32:54.400000,,1,15.0,,,False,True
0 days 01:36:12.289000,OCO,31,0 days 00:01:38.995000,37.0,2.0,,,0 days 00:00:25.229000,0 days 00:00:29.717000,0 days 00:00:44.049000,0 days 01:34:58.564000,0 days 01:35:28.281000,0 days 01:36:12.330000,108.0,275.0,291.0,291.0,False,MEDIUM,12.0,False,Alpine,0 days 01:34:33.294000,,1,15.0,,,False,True
0 days 01:37:51.666000,OCO,31,0 days 00:01:39.377000,38.0,2.0,,,0 days 00:00:25.380000,0 days 00:00:29.711000,0 days 00:00:44.286000,0 days 01:36:37.710000,0 days 01:37:07.421000,0 days 01:37:51.707000,107.0,275.0,290.0,292.0,False,MEDIUM,13.0,False,Alpine,0 days 01:36:12.289000,,1,14.0,,,False,True
0 days 01:39:31.175000,OCO,31,0 days 00:01:39.509000,39.0,2.0,,,0 days 00:00:25.303000,0 days 00:00:29.690000,0 days 00:00:44.516000,0 days 01:38:17.010000,0 days 01:38:46.700000,0 days 01:39:31.216000,106.0,274.0,290.0,291.0,False,MEDIUM,14.0,False,Alpine,0 days 01:37:51.666000,,1,14.0,,,False,True
0 days 01:41:10.584000,OCO,31,0 days 00:01:39.409000,40.0,2.0,,,0 days 00:00:25.324000,0 days 00:00:29.808000,0 days 00:00:44.277000,0 days 01:39:56.540000,0 days 01:40:26.348000,0 days 01:41:10.625000,107.0,275.0,292.0,292.0,False,MEDIUM,15.0,False,Alpine,0 days 01:39:31.175000,,1,14.0,,,False,True
0 days 01:42:49.685000,OCO,31,0 days 00:01:39.101000,41.0,2.0,,,0 days 00:00:25.162000,0 days 00:00:29.654000,0 days 00:00:44.285000,0 days 01:41:35.787000,0 days 01:42:05.441000,0 days 01:42:49.726000,105.0,276.0,292.0,295.0,False,MEDIUM,16.0,False,Alpine,0 days 01:41:10.584000,,1,14.0,,,False,True
0 days 01:44:29.038000,OCO,31,0 days 00:01:39.353000,42.0,2.0,,,0 days 00:00:25.145000,0 days 00:00:29.695000,0 days 00:00:44.513000,0 days 01:43:14.871000,0 days 01:43:44.566000,0 days 01:44:29.079000,105.0,277.0,292.0,295.0,False,MEDIUM,17.0,False,Alpine,0 days 01:42:49.685000,,1,14.0,,,False,True
0 days 01:46:08.089000,OCO,31,0 days 00:01:39.051000,43.0,2.0,,,0 days 00:00:25.123000,0 days 00:00:29.596000,0 days 00:00:44.332000,0 days 01:44:54.202000,0 days 01:45:23.798000,0 days 01:46:08.130000,106.0,277.0,290.0,294.0,False,MEDIUM,18.0,False,Alpine,0 days 01:44:29.038000,,1,14.0,,,False,True
0 days 01:47:46.958000,OCO,31,0 days 00:01:38.869000,44.0,2.0,,,0 days 00:00:25.290000,0 days 00:00:29.636000,0 days 00:00:43.943000,0 days 01:46:33.420000,0 days 01:47:03.056000,0 days 01:47:46.999000,104.0,276.0,289.0,296.0,False,MEDIUM,19.0,False,Alpine,0 days 01:46:08.089000,,1,14.0,,,False,True
0 days 01:49:27.751000,OCO,31,0 days 00:01:40.793000,45.0,2.0,,,0 days 00:00:25.263000,0 days 00:00:29.784000,0 days 00:00:45.746000,0 days 01:48:12.262000,0 days 01:48:42.046000,0 days 01:49:27.792000,101.0,277.0,300.0,296.0,False,MEDIUM,20.0,False,Alpine,0 days 01:47:46.958000,,1,14.0,,,False,True
0 days 01:51:06.771000,OCO,31,0 days 00:01:39.020000,46.0,2.0,,,0 days 00:00:25.137000,0 days 00:00:29.701000,0 days 00:00:44.182000,0 days 01:49:52.929000,0 days 01:50:22.630000,0 days 01:51:06.812000,106.0,277.0,292.0,293.0,False,MEDIUM,21.0,False,Alpine,0 days 01:49:27.751000,,1,14.0,,,False,True
0 days 01:52:47.792000,OCO,31,0 days 00:01:41.021000,47.0,2.0,,,0 days 00:00:25.488000,0 days 00:00:30.291000,0 days 00:00:45.242000,0 days 01:51:32.300000,0 days 01:52:02.591000,0 days 01:52:47.833000,103.0,230.0,293.0,294.0,False,MEDIUM,22.0,False,Alpine,0 days 01:51:06.771000,,1,14.0,,,False,True
0 days 01:54:26.853000,OCO,31,0 days 00:01:39.061000,48.0,2.0,,,0 days 00:00:25.199000,0 days 00:00:29.692000,0 days 00:00:44.170000,0 days 01:53:13.032000,0 days 01:53:42.724000,0 days 01:54:26.894000,104.0,278.0,295.0,303.0,False,MEDIUM,23.0,False,Alpine,0 days 01:52:47.792000,,1,14.0,,,False,True
0 days 01:56:05.942000,OCO,31,0 days 00:01:39.089000,49.0,2.0,,,0 days 00:00:25.316000,0 days 00:00:29.535000,0 days 00:00:44.238000,0 days 01:54:52.210000,0 days 01:55:21.745000,0 days 01:56:05.983000,103.0,277.0,297.0,295.0,False,MEDIUM,24.0,False,Alpine,0 days 01:54:26.853000,,1,14.0,,,False,True
0 days 01:57:45.586000,OCO,31,0 days 00:01:39.644000,50.0,2.0,,,0 days 00:00:25.493000,0 days 00:00:29.641000,0 days 00:00:44.510000,0 days 01:56:31.476000,0 days 01:57:01.117000,0 days 01:57:45.627000,102.0,277.0,298.0,299.0,False,MEDIUM,25.0,False,Alpine,0 days 01:56:05.942000,,1,14.0,,,False,True
0 days 01:59:26.049000,OCO,31,0 days 00:01:40.463000,51.0,2.0,,,0 days 00:00:25.576000,0 days 00:00:30.665000,0 days 00:00:44.222000,0 days 01:58:11.203000,0 days 01:58:41.868000,0 days 01:59:26.090000,99.0,276.0,307.0,275.0,False,MEDIUM,26.0,False,Alpine,0 days 01:57:45.586000,,1,14.0,,,False,True
0 days 02:01:05.353000,OCO,31,0 days 00:01:39.304000,52.0,2.0,,,0 days 00:00:25.450000,0 days 00:00:29.598000,0 days 00:00:44.256000,0 days 01:59:51.540000,0 days 02:00:21.138000,0 days 02:01:05.394000,101.0,280.0,303.0,331.0,False,MEDIUM,27.0,False,Alpine,0 days 01:59:26.049000,,1,14.0,,,False,True
0 days 00:35:19.631000,GIO,99,0 days 00:01:53.165000,1.0,1.0,,,,0 days 00:00:31.285000,0 days 00:00:46.279000,,0 days 00:34:33.419000,0 days 00:35:19.800000,99.0,278.0,298.0,304.0,False,HARD,1.0,True,Alfa Romeo Racing,0 days 00:33:26.312000,,1,13.0,,,False,False
0 days 00:37:03.218000,GIO,99,0 days 00:01:43.587000,2.0,1.0,,,0 days 00:00:26.838000,0 days 00:00:30.589000,0 days 00:00:46.160000,0 days 00:35:46.483000,0 days 00:36:17.072000,0 days 00:37:03.232000,110.0,276.0,296.0,304.0,True,HARD,2.0,True,Alfa Romeo Racing,0 days 00:35:19.631000,,1,13.0,,,False,True
0 days 00:38:45.313000,GIO,99,0 days 00:01:42.095000,3.0,1.0,,,0 days 00:00:26.257000,0 days 00:00:30.357000,0 days 00:00:45.481000,0 days 00:37:29.489000,0 days 00:37:59.846000,0 days 00:38:45.327000,110.0,271.0,305.0,320.0,True,HARD,3.0,True,Alfa Romeo Racing,0 days 00:37:03.218000,,1,13.0,,,False,True
0 days 00:40:26.792000,GIO,99,0 days 00:01:41.479000,4.0,1.0,,,0 days 00:00:25.793000,0 days 00:00:29.976000,0 days 00:00:45.710000,0 days 00:39:11.120000,0 days 00:39:41.096000,0 days 00:40:26.806000,110.0,272.0,306.0,324.0,True,HARD,4.0,True,Alfa Romeo Racing,0 days 00:38:45.313000,,1,13.0,,,False,True
0 days 00:42:07.867000,GIO,99,0 days 00:01:41.075000,5.0,1.0,,,0 days 00:00:25.885000,0 days 00:00:30.169000,0 days 00:00:45.021000,0 days 00:40:52.691000,0 days 00:41:22.860000,0 days 00:42:07.881000,103.0,275.0,302.0,310.0,True,HARD,5.0,True,Alfa Romeo Racing,0 days 00:40:26.792000,,1,13.0,,,False,True
0 days 00:43:48.567000,GIO,99,0 days 00:01:40.700000,6.0,1.0,,,0 days 00:00:25.686000,0 days 00:00:29.949000,0 days 00:00:45.065000,0 days 00:42:33.567000,0 days 00:43:03.516000,0 days 00:43:48.581000,105.0,274.0,301.0,328.0,True,HARD,6.0,True,Alfa Romeo Racing,0 days 00:42:07.867000,,1,13.0,,,False,True
0 days 00:45:29.457000,GIO,99,0 days 00:01:40.890000,7.0,1.0,,,0 days 00:00:25.812000,0 days 00:00:30.038000,0 days 00:00:45.040000,0 days 00:44:14.393000,0 days 00:44:44.431000,0 days 00:45:29.471000,103.0,271.0,303.0,325.0,False,HARD,7.0,True,Alfa Romeo Racing,0 days 00:43:48.567000,,1,13.0,,,False,True
0 days 00:47:10.334000,GIO,99,0 days 00:01:40.877000,8.0,1.0,,,0 days 00:00:25.778000,0 days 00:00:29.976000,0 days 00:00:45.123000,0 days 00:45:55.249000,0 days 00:46:25.225000,0 days 00:47:10.348000,104.0,273.0,301.0,325.0,False,HARD,8.0,True,Alfa Romeo Racing,0 days 00:45:29.457000,,1,13.0,,,False,True
0 days 00:48:51.178000,GIO,99,0 days 00:01:40.844000,9.0,1.0,,,0 days 00:00:25.644000,0 days 00:00:29.918000,0 days 00:00:45.282000,0 days 00:47:35.992000,0 days 00:48:05.910000,0 days 00:48:51.192000,107.0,274.0,292.0,324.0,False,HARD,9.0,True,Alfa Romeo Racing,0 days 00:47:10.334000,,1,13.0,,,False,True
0 days 00:50:31.950000,GIO,99,0 days 00:01:40.772000,10.0,1.0,,,0 days 00:00:25.747000,0 days 00:00:29.880000,0 days 00:00:45.145000,0 days 00:49:16.939000,0 days 00:49:46.819000,0 days 00:50:31.964000,107.0,273.0,301.0,325.0,False,HARD,10.0,True,Alfa Romeo Racing,0 days 00:48:51.178000,,1,13.0,,,False,True
0 days 00:52:12.771000,GIO,99,0 days 00:01:40.821000,11.0,1.0,,,0 days 00:00:25.737000,0 days 00:00:29.976000,0 days 00:00:45.108000,0 days 00:50:57.701000,0 days 00:51:27.677000,0 days 00:52:12.785000,101.0,275.0,302.0,331.0,False,HARD,11.0,True,Alfa Romeo Racing,0 days 00:50:31.950000,,1,13.0,,,False,True
0 days 00:53:53.743000,GIO,99,0 days 00:01:40.972000,12.0,1.0,,,0 days 00:00:25.658000,0 days 00:00:30.070000,0 days 00:00:45.244000,0 days 00:52:38.443000,0 days 00:53:08.513000,0 days 00:53:53.757000,105.0,274.0,302.0,329.0,False,HARD,12.0,True,Alfa Romeo Racing,0 days 00:52:12.771000,,1,13.0,,,False,True
0 days 00:55:35.432000,GIO,99,0 days 00:01:41.689000,13.0,1.0,,,0 days 00:00:25.758000,0 days 00:00:30.178000,0 days 00:00:45.753000,0 days 00:54:19.515000,0 days 00:54:49.693000,0 days 00:55:35.446000,105.0,272.0,290.0,329.0,False,HARD,13.0,True,Alfa Romeo Racing,0 days 00:53:53.743000,,1,13.0,,,False,True
0 days 00:57:17.896000,GIO,99,0 days 00:01:42.464000,14.0,1.0,,,0 days 00:00:26.976000,0 days 00:00:30.039000,0 days 00:00:45.449000,0 days 00:56:02.422000,0 days 00:56:32.461000,0 days 00:57:17.910000,105.0,273.0,290.0,323.0,False,HARD,14.0,True,Alfa Romeo Racing,0 days 00:55:35.432000,,1,13.0,,,False,True
0 days 00:58:59.413000,GIO,99,0 days 00:01:41.517000,15.0,1.0,,,0 days 00:00:25.795000,0 days 00:00:30.273000,0 days 00:00:45.449000,0 days 00:57:43.705000,0 days 00:58:13.978000,0 days 00:58:59.427000,100.0,273.0,294.0,303.0,False,HARD,15.0,True,Alfa Romeo Racing,0 days 00:57:17.896000,,1,13.0,,,False,True
0 days 01:00:40.802000,GIO,99,0 days 00:01:41.389000,16.0,1.0,,,0 days 00:00:25.759000,0 days 00:00:30.147000,0 days 00:00:45.483000,0 days 00:59:25.186000,0 days 00:59:55.333000,0 days 01:00:40.816000,99.0,270.0,292.0,306.0,False,HARD,16.0,True,Alfa Romeo Racing,0 days 00:58:59.413000,,1,12.0,,,False,True
0 days 01:02:22.312000,GIO,99,0 days 00:01:41.510000,17.0,1.0,,,0 days 00:00:26.023000,0 days 00:00:30.207000,0 days 00:00:45.280000,0 days 01:01:06.839000,0 days 01:01:37.046000,0 days 01:02:22.326000,100.0,273.0,292.0,306.0,False,HARD,17.0,True,Alfa Romeo Racing,0 days 01:00:40.802000,,1,10.0,,,False,True
0 days 01:04:03.289000,GIO,99,0 days 00:01:40.977000,18.0,1.0,,,0 days 00:00:25.730000,0 days 00:00:30.148000,0 days 00:00:45.099000,0 days 01:02:48.056000,0 days 01:03:18.204000,0 days 01:04:03.303000,101.0,270.0,290.0,305.0,False,HARD,18.0,True,Alfa Romeo Racing,0 days 01:02:22.312000,,1,9.0,,,False,True
0 days 01:05:44.243000,GIO,99,0 days 00:01:40.954000,19.0,1.0,,,0 days 00:00:25.602000,0 days 00:00:30.383000,0 days 00:00:44.969000,0 days 01:04:28.905000,0 days 01:04:59.288000,0 days 01:05:44.257000,101.0,272.0,293.0,303.0,False,HARD,19.0,True,Alfa Romeo Racing,0 days 01:04:03.289000,,1,9.0,,,False,True
0 days 01:07:25.870000,GIO,99,0 days 00:01:41.627000,20.0,1.0,,,0 days 00:00:25.896000,0 days 00:00:30.427000,0 days 00:00:45.304000,0 days 01:06:10.153000,0 days 01:06:40.580000,0 days 01:07:25.884000,98.0,272.0,290.0,297.0,False,HARD,20.0,True,Alfa Romeo Racing,0 days 01:05:44.243000,,1,9.0,,,False,True
0 days 01:09:07.295000,GIO,99,0 days 00:01:41.425000,21.0,1.0,,,0 days 00:00:25.946000,0 days 00:00:30.419000,0 days 00:00:45.060000,0 days 01:07:51.830000,0 days 01:08:22.249000,0 days 01:09:07.309000,99.0,272.0,290.0,300.0,False,HARD,21.0,True,Alfa Romeo Racing,0 days 01:07:25.870000,,1,9.0,,,False,True
0 days 01:10:48.473000,GIO,99,0 days 00:01:41.178000,22.0,1.0,,,0 days 00:00:25.721000,0 days 00:00:30.364000,0 days 00:00:45.093000,0 days 01:09:33.030000,0 days 01:10:03.394000,0 days 01:10:48.487000,97.0,274.0,291.0,303.0,False,HARD,22.0,True,Alfa Romeo Racing,0 days 01:09:07.295000,,1,9.0,,,False,True
0 days 01:12:29.441000,GIO,99,0 days 00:01:40.968000,23.0,1.0,,,0 days 00:00:25.730000,0 days 00:00:30.199000,0 days 00:00:45.039000,0 days 01:11:14.217000,0 days 01:11:44.416000,0 days 01:12:29.455000,101.0,272.0,290.0,301.0,False,HARD,23.0,True,Alfa Romeo Racing,0 days 01:10:48.473000,,1,9.0,,,False,True
0 days 01:14:11.296000,GIO,99,0 days 00:01:41.855000,24.0,1.0,,,0 days 00:00:25.793000,0 days 00:00:30.648000,0 days 00:00:45.414000,0 days 01:12:55.248000,0 days 01:13:25.896000,0 days 01:14:11.310000,104.0,274.0,294.0,303.0,False,HARD,24.0,True,Alfa Romeo Racing,0 days 01:12:29.441000,,1,9.0,,,False,True
0 days 01:15:52.997000,GIO,99,0 days 00:01:41.701000,25.0,1.0,,,0 days 00:00:25.720000,0 days 00:00:30.740000,0 days 00:00:45.241000,0 days 01:14:37.030000,0 days 01:15:07.770000,0 days 01:15:53.011000,100.0,273.0,293.0,298.0,False,HARD,25.0,True,Alfa Romeo Racing,0 days 01:14:11.296000,,1,10.0,,,False,True
0 days 01:17:35.641000,GIO,99,0 days 00:01:42.644000,26.0,1.0,,,0 days 00:00:25.937000,0 days 00:00:30.500000,0 days 00:00:46.207000,0 days 01:16:18.948000,0 days 01:16:49.448000,0 days 01:17:35.655000,98.0,277.0,293.0,311.0,False,HARD,26.0,True,Alfa Romeo Racing,0 days 01:15:52.997000,,1,12.0,,,False,True
0 days 01:19:17.022000,GIO,99,0 days 00:01:41.381000,27.0,1.0,,,0 days 00:00:25.942000,0 days 00:00:30.391000,0 days 00:00:45.048000,0 days 01:18:01.597000,0 days 01:18:31.988000,0 days 01:19:17.036000,105.0,274.0,296.0,313.0,False,HARD,27.0,True,Alfa Romeo Racing,0 days 01:17:35.641000,,1,13.0,,,False,True
0 days 01:21:18.430000,GIO,99,0 days 00:02:01.408000,28.0,1.0,,0 days 01:20:48.730000,0 days 00:00:25.900000,0 days 00:00:30.025000,0 days 00:01:05.483000,0 days 01:19:42.936000,0 days 01:20:12.961000,0 days 01:21:18.444000,99.0,275.0,,329.0,False,HARD,28.0,True,Alfa Romeo Racing,0 days 01:19:17.022000,,1,18.0,,,False,False
0 days 01:23:01.450000,GIO,99,0 days 00:01:43.020000,29.0,2.0,0 days 01:21:19.151000,,0 days 00:00:28.748000,0 days 00:00:29.836000,0 days 00:00:44.436000,0 days 01:21:47.192000,0 days 01:22:17.028000,0 days 01:23:01.464000,108.0,276.0,292.0,304.0,False,MEDIUM,1.0,True,Alfa Romeo Racing,0 days 01:21:18.430000,,1,18.0,,,False,False
0 days 01:24:41.021000,GIO,99,0 days 00:01:39.571000,30.0,2.0,,,0 days 00:00:25.375000,0 days 00:00:29.626000,0 days 00:00:44.570000,0 days 01:23:26.839000,0 days 01:23:56.465000,0 days 01:24:41.035000,108.0,279.0,303.0,329.0,True,MEDIUM,2.0,True,Alfa Romeo Racing,0 days 01:23:01.450000,,1,18.0,,,False,True
0 days 01:26:20.942000,GIO,99,0 days 00:01:39.921000,31.0,2.0,,,0 days 00:00:25.333000,0 days 00:00:29.603000,0 days 00:00:44.985000,0 days 01:25:06.368000,0 days 01:25:35.971000,0 days 01:26:20.956000,111.0,278.0,310.0,324.0,False,MEDIUM,3.0,True,Alfa Romeo Racing,0 days 01:24:41.021000,,1,18.0,,,False,True
0 days 01:28:00.415000,GIO,99,0 days 00:01:39.473000,32.0,2.0,,,0 days 00:00:25.137000,0 days 00:00:29.924000,0 days 00:00:44.412000,0 days 01:26:46.093000,0 days 01:27:16.017000,0 days 01:28:00.429000,109.0,272.0,292.0,294.0,True,MEDIUM,4.0,True,Alfa Romeo Racing,0 days 01:26:20.942000,,1,17.0,,,False,True
0 days 01:29:39.668000,GIO,99,0 days 00:01:39.253000,33.0,2.0,,,0 days 00:00:25.026000,0 days 00:00:29.855000,0 days 00:00:44.372000,0 days 01:28:25.455000,0 days 01:28:55.310000,0 days 01:29:39.682000,110.0,272.0,289.0,299.0,True,MEDIUM,5.0,True,Alfa Romeo Racing,0 days 01:28:00.415000,,1,16.0,,,False,True
0 days 01:31:18.697000,GIO,99,0 days 00:01:39.029000,34.0,2.0,,,0 days 00:00:25.128000,0 days 00:00:29.714000,0 days 00:00:44.187000,0 days 01:30:04.810000,0 days 01:30:34.524000,0 days 01:31:18.711000,108.0,273.0,289.0,300.0,True,MEDIUM,6.0,True,Alfa Romeo Racing,0 days 01:29:39.668000,,1,16.0,,,False,True
0 days 01:32:57.891000,GIO,99,0 days 00:01:39.194000,35.0,2.0,,,0 days 00:00:25.020000,0 days 00:00:29.713000,0 days 00:00:44.461000,0 days 01:31:43.731000,0 days 01:32:13.444000,0 days 01:32:57.905000,108.0,274.0,288.0,299.0,False,MEDIUM,7.0,True,Alfa Romeo Racing,0 days 01:31:18.697000,,1,16.0,,,False,True
0 days 01:34:36.593000,GIO,99,0 days 00:01:38.702000,36.0,2.0,,,0 days 00:00:24.947000,0 days 00:00:29.701000,0 days 00:00:44.054000,0 days 01:33:22.852000,0 days 01:33:52.553000,0 days 01:34:36.607000,111.0,274.0,291.0,304.0,True,MEDIUM,8.0,True,Alfa Romeo Racing,0 days 01:32:57.891000,,1,16.0,,,False,True
0 days 01:36:15.592000,GIO,99,0 days 00:01:38.999000,37.0,2.0,,,0 days 00:00:24.966000,0 days 00:00:29.860000,0 days 00:00:44.173000,0 days 01:35:01.573000,0 days 01:35:31.433000,0 days 01:36:15.606000,110.0,274.0,290.0,299.0,False,MEDIUM,9.0,True,Alfa Romeo Racing,0 days 01:34:36.593000,,1,16.0,,,False,True
0 days 01:37:54.599000,GIO,99,0 days 00:01:39.007000,38.0,2.0,,,0 days 00:00:25.068000,0 days 00:00:29.765000,0 days 00:00:44.174000,0 days 01:36:40.674000,0 days 01:37:10.439000,0 days 01:37:54.613000,110.0,274.0,290.0,302.0,False,MEDIUM,10.0,True,Alfa Romeo Racing,0 days 01:36:15.592000,,1,15.0,,,False,True
0 days 01:39:33.896000,GIO,99,0 days 00:01:39.297000,39.0,2.0,,,0 days 00:00:25.082000,0 days 00:00:29.757000,0 days 00:00:44.458000,0 days 01:38:19.695000,0 days 01:38:49.452000,0 days 01:39:33.910000,108.0,274.0,291.0,300.0,False,MEDIUM,11.0,True,Alfa Romeo Racing,0 days 01:37:54.599000,,1,15.0,,,False,True
0 days 01:41:13.168000,GIO,99,0 days 00:01:39.272000,40.0,2.0,,,0 days 00:00:24.973000,0 days 00:00:29.788000,0 days 00:00:44.511000,0 days 01:39:58.883000,0 days 01:40:28.671000,0 days 01:41:13.182000,111.0,274.0,292.0,303.0,False,MEDIUM,12.0,True,Alfa Romeo Racing,0 days 01:39:33.896000,,1,15.0,,,False,True
0 days 01:42:52.219000,GIO,99,0 days 00:01:39.051000,41.0,2.0,,,0 days 00:00:25.108000,0 days 00:00:29.822000,0 days 00:00:44.121000,0 days 01:41:38.290000,0 days 01:42:08.112000,0 days 01:42:52.233000,104.0,275.0,291.0,301.0,False,MEDIUM,13.0,True,Alfa Romeo Racing,0 days 01:41:13.168000,,1,15.0,,,False,True
0 days 01:44:31.269000,GIO,99,0 days 00:01:39.050000,42.0,2.0,,,0 days 00:00:24.957000,0 days 00:00:29.695000,0 days 00:00:44.398000,0 days 01:43:17.190000,0 days 01:43:46.885000,0 days 01:44:31.283000,107.0,276.0,292.0,304.0,False,MEDIUM,14.0,True,Alfa Romeo Racing,0 days 01:42:52.219000,,1,15.0,,,False,True
0 days 01:46:10.320000,GIO,99,0 days 00:01:39.051000,43.0,2.0,,,0 days 00:00:25.085000,0 days 00:00:29.603000,0 days 00:00:44.363000,0 days 01:44:56.368000,0 days 01:45:25.971000,0 days 01:46:10.334000,109.0,276.0,288.0,301.0,False,MEDIUM,15.0,True,Alfa Romeo Racing,0 days 01:44:31.269000,,1,15.0,,,False,True
0 days 01:47:50.828000,GIO,99,0 days 00:01:40.508000,44.0,2.0,,,0 days 00:00:26.615000,0 days 00:00:29.737000,0 days 00:00:44.156000,0 days 01:46:36.949000,0 days 01:47:06.686000,0 days 01:47:50.842000,106.0,278.0,288.0,322.0,False,MEDIUM,16.0,True,Alfa Romeo Racing,0 days 01:46:10.320000,,1,15.0,,,False,True
0 days 01:49:30.476000,GIO,99,0 days 00:01:39.648000,45.0,2.0,,,0 days 00:00:25.199000,0 days 00:00:29.624000,0 days 00:00:44.825000,0 days 01:48:16.041000,0 days 01:48:45.665000,0 days 01:49:30.490000,110.0,277.0,262.0,304.0,False,MEDIUM,17.0,True,Alfa Romeo Racing,0 days 01:47:50.828000,,1,15.0,,,False,True
0 days 01:51:10.938000,GIO,99,0 days 00:01:40.462000,46.0,2.0,,,0 days 00:00:26.749000,0 days 00:00:29.610000,0 days 00:00:44.103000,0 days 01:49:57.239000,0 days 01:50:26.849000,0 days 01:51:10.952000,109.0,277.0,293.0,305.0,False,MEDIUM,18.0,True,Alfa Romeo Racing,0 days 01:49:30.476000,,1,15.0,,,False,True
0 days 01:52:50.138000,GIO,99,0 days 00:01:39.200000,47.0,2.0,,,0 days 00:00:25.217000,0 days 00:00:29.755000,0 days 00:00:44.228000,0 days 01:51:36.169000,0 days 01:52:05.924000,0 days 01:52:50.152000,106.0,276.0,292.0,303.0,False,MEDIUM,19.0,True,Alfa Romeo Racing,0 days 01:51:10.938000,,1,15.0,,,False,True
0 days 01:54:29.389000,GIO,99,0 days 00:01:39.251000,48.0,2.0,,,0 days 00:00:25.325000,0 days 00:00:29.716000,0 days 00:00:44.210000,0 days 01:53:15.477000,0 days 01:53:45.193000,0 days 01:54:29.403000,105.0,276.0,292.0,302.0,False,MEDIUM,20.0,True,Alfa Romeo Racing,0 days 01:52:50.138000,,1,15.0,,,False,True
0 days 01:56:08.471000,GIO,99,0 days 00:01:39.082000,49.0,2.0,,,0 days 00:00:25.161000,0 days 00:00:29.663000,0 days 00:00:44.258000,0 days 01:54:54.564000,0 days 01:55:24.227000,0 days 01:56:08.485000,108.0,275.0,294.0,301.0,False,MEDIUM,21.0,True,Alfa Romeo Racing,0 days 01:54:29.389000,,1,15.0,,,False,True
0 days 01:57:49.162000,GIO,99,0 days 00:01:40.691000,50.0,2.0,,,0 days 00:00:25.354000,0 days 00:00:30.782000,0 days 00:00:44.555000,0 days 01:56:33.839000,0 days 01:57:04.621000,0 days 01:57:49.176000,103.0,277.0,295.0,300.0,False,MEDIUM,22.0,True,Alfa Romeo Racing,0 days 01:56:08.471000,,1,15.0,,,False,True
0 days 01:59:30.650000,GIO,99,0 days 00:01:41.488000,51.0,2.0,,,0 days 00:00:25.326000,0 days 00:00:30.819000,0 days 00:00:45.343000,0 days 01:58:14.502000,0 days 01:58:45.321000,0 days 01:59:30.664000,101.0,266.0,292.0,302.0,False,MEDIUM,23.0,True,Alfa Romeo Racing,0 days 01:57:49.162000,,1,15.0,,,False,True
0 days 02:01:09.832000,GIO,99,0 days 00:01:39.182000,52.0,2.0,,,0 days 00:00:25.445000,0 days 00:00:29.811000,0 days 00:00:43.926000,0 days 01:59:56.109000,0 days 02:00:25.920000,0 days 02:01:09.846000,108.0,277.0,292.0,304.0,False,MEDIUM,24.0,True,Alfa Romeo Racing,0 days 01:59:30.650000,,1,15.0,,,False,True
0 days 00:35:17.073000,LEC,16,0 days 00:01:50.607000,1.0,1.0,,,,0 days 00:00:30.860000,0 days 00:00:45.442000,,0 days 00:34:31.750000,0 days 00:35:17.281000,105.0,273.0,295.0,317.0,False,MEDIUM,4.0,False,Ferrari,0 days 00:33:26.312000,,1,7.0,,,False,False
0 days 00:36:58.822000,LEC,16,0 days 00:01:41.749000,2.0,1.0,,,0 days 00:00:26.228000,0 days 00:00:30.208000,0 days 00:00:45.313000,0 days 00:35:43.348000,0 days 00:36:13.556000,0 days 00:36:58.869000,106.0,271.0,291.0,294.0,True,MEDIUM,5.0,False,Ferrari,0 days 00:35:17.073000,,1,7.0,,,False,True
0 days 00:38:39.669000,LEC,16,0 days 00:01:40.847000,3.0,1.0,,,0 days 00:00:25.722000,0 days 00:00:30.174000,0 days 00:00:44.951000,0 days 00:37:24.591000,0 days 00:37:54.765000,0 days 00:38:39.716000,104.0,270.0,298.0,311.0,True,MEDIUM,6.0,False,Ferrari,0 days 00:36:58.822000,,1,7.0,,,False,True
0 days 00:40:20.785000,LEC,16,0 days 00:01:41.116000,4.0,1.0,,,0 days 00:00:25.679000,0 days 00:00:30.102000,0 days 00:00:45.335000,0 days 00:39:05.395000,0 days 00:39:35.497000,0 days 00:40:20.832000,105.0,275.0,301.0,317.0,False,MEDIUM,7.0,False,Ferrari,0 days 00:38:39.669000,,1,7.0,,,False,True
0 days 00:42:01.178000,LEC,16,0 days 00:01:40.393000,5.0,1.0,,,0 days 00:00:25.540000,0 days 00:00:29.954000,0 days 00:00:44.899000,0 days 00:40:46.372000,0 days 00:41:16.326000,0 days 00:42:01.225000,102.0,274.0,301.0,319.0,True,MEDIUM,8.0,False,Ferrari,0 days 00:40:20.785000,,1,7.0,,,False,True
0 days 00:43:41.195000,LEC,16,0 days 00:01:40.017000,6.0,1.0,,,0 days 00:00:25.243000,0 days 00:00:29.806000,0 days 00:00:44.968000,0 days 00:42:26.468000,0 days 00:42:56.274000,0 days 00:43:41.242000,103.0,274.0,296.0,325.0,True,MEDIUM,9.0,False,Ferrari,0 days 00:42:01.178000,,1,7.0,,,False,True
0 days 00:45:21.968000,LEC,16,0 days 00:01:40.773000,7.0,1.0,,,0 days 00:00:25.393000,0 days 00:00:30.288000,0 days 00:00:45.092000,0 days 00:44:06.635000,0 days 00:44:36.923000,0 days 00:45:22.015000,101.0,270.0,292.0,305.0,False,MEDIUM,10.0,False,Ferrari,0 days 00:43:41.195000,,1,7.0,,,False,True
0 days 00:47:03.116000,LEC,16,0 days 00:01:41.148000,8.0,1.0,,,0 days 00:00:25.724000,0 days 00:00:30.319000,0 days 00:00:45.105000,0 days 00:45:47.739000,0 days 00:46:18.058000,0 days 00:47:03.163000,104.0,270.0,290.0,303.0,False,MEDIUM,11.0,False,Ferrari,0 days 00:45:21.968000,,1,7.0,,,False,True
0 days 00:48:43.631000,LEC,16,0 days 00:01:40.515000,9.0,1.0,,,0 days 00:00:25.514000,0 days 00:00:30.070000,0 days 00:00:44.931000,0 days 00:47:28.677000,0 days 00:47:58.747000,0 days 00:48:43.678000,101.0,272.0,292.0,303.0,False,MEDIUM,12.0,False,Ferrari,0 days 00:47:03.116000,,1,7.0,,,False,True
0 days 00:50:24.366000,LEC,16,0 days 00:01:40.735000,10.0,1.0,,,0 days 00:00:25.564000,0 days 00:00:30.004000,0 days 00:00:45.167000,0 days 00:49:09.242000,0 days 00:49:39.246000,0 days 00:50:24.413000,104.0,273.0,292.0,303.0,False,MEDIUM,13.0,False,Ferrari,0 days 00:48:43.631000,,1,7.0,,,False,True
0 days 00:52:05.444000,LEC,16,0 days 00:01:41.078000,11.0,1.0,,,0 days 00:00:25.676000,0 days 00:00:30.020000,0 days 00:00:45.382000,0 days 00:50:50.089000,0 days 00:51:20.109000,0 days 00:52:05.491000,101.0,273.0,291.0,324.0,False,MEDIUM,14.0,False,Ferrari,0 days 00:50:24.366000,,1,7.0,,,False,True
0 days 00:53:46.661000,LEC,16,0 days 00:01:41.217000,12.0,1.0,,,0 days 00:00:25.751000,0 days 00:00:30.056000,0 days 00:00:45.410000,0 days 00:52:31.242000,0 days 00:53:01.298000,0 days 00:53:46.708000,100.0,273.0,292.0,309.0,False,MEDIUM,15.0,False,Ferrari,0 days 00:52:05.444000,,1,7.0,,,False,True
0 days 00:55:27.939000,LEC,16,0 days 00:01:41.278000,13.0,1.0,,,0 days 00:00:25.744000,0 days 00:00:30.130000,0 days 00:00:45.404000,0 days 00:54:12.452000,0 days 00:54:42.582000,0 days 00:55:27.986000,101.0,273.0,291.0,323.0,False,MEDIUM,16.0,False,Ferrari,0 days 00:53:46.661000,,1,7.0,,,False,True
0 days 00:57:30.288000,LEC,16,0 days 00:02:02.349000,14.0,1.0,,0 days 00:57:00.271000,0 days 00:00:26.130000,0 days 00:00:30.766000,0 days 00:01:05.453000,0 days 00:55:54.116000,0 days 00:56:24.882000,0 days 00:57:30.335000,106.0,276.0,,307.0,False,MEDIUM,17.0,False,Ferrari,0 days 00:55:27.939000,,1,18.0,,,False,False
0 days 00:59:12.530000,LEC,16,0 days 00:01:42.242000,15.0,2.0,0 days 00:57:31.040000,,0 days 00:00:28.731000,0 days 00:00:29.230000,0 days 00:00:44.281000,0 days 00:57:59.066000,0 days 00:58:28.296000,0 days 00:59:12.577000,107.0,270.0,290.0,323.0,False,HARD,1.0,True,Ferrari,0 days 00:57:30.288000,,1,17.0,,,False,False
0 days 01:00:51.568000,LEC,16,0 days 00:01:39.038000,16.0,2.0,,,0 days 00:00:25.248000,0 days 00:00:30.027000,0 days 00:00:43.763000,0 days 00:59:37.825000,0 days 01:00:07.852000,0 days 01:00:51.615000,104.0,271.0,289.0,296.0,True,HARD,2.0,True,Ferrari,0 days 00:59:12.530000,,1,17.0,,,False,True
0 days 01:02:30.854000,LEC,16,0 days 00:01:39.286000,17.0,2.0,,,0 days 00:00:25.219000,0 days 00:00:29.870000,0 days 00:00:44.197000,0 days 01:01:16.834000,0 days 01:01:46.704000,0 days 01:02:30.901000,105.0,273.0,293.0,297.0,False,HARD,3.0,True,Ferrari,0 days 01:00:51.568000,,1,14.0,,,False,True
0 days 01:04:10.365000,LEC,16,0 days 00:01:39.511000,18.0,2.0,,,0 days 00:00:25.468000,0 days 00:00:29.582000,0 days 00:00:44.461000,0 days 01:02:56.369000,0 days 01:03:25.951000,0 days 01:04:10.412000,108.0,271.0,289.0,330.0,False,HARD,4.0,True,Ferrari,0 days 01:02:30.854000,,1,11.0,,,False,True
0 days 01:05:49.903000,LEC,16,0 days 00:01:39.538000,19.0,2.0,,,0 days 00:00:25.189000,0 days 00:00:29.974000,0 days 00:00:44.375000,0 days 01:04:35.601000,0 days 01:05:05.575000,0 days 01:05:49.950000,104.0,272.0,290.0,293.0,False,HARD,5.0,True,Ferrari,0 days 01:04:10.365000,,1,11.0,,,False,True
0 days 01:07:29.674000,LEC,16,0 days 00:01:39.771000,20.0,2.0,,,0 days 00:00:25.197000,0 days 00:00:29.997000,0 days 00:00:44.577000,0 days 01:06:15.147000,0 days 01:06:45.144000,0 days 01:07:29.721000,106.0,274.0,290.0,301.0,False,HARD,6.0,True,Ferrari,0 days 01:05:49.903000,,1,11.0,,,False,True
0 days 01:09:09.933000,LEC,16,0 days 00:01:40.259000,21.0,2.0,,,0 days 00:00:25.408000,0 days 00:00:30.230000,0 days 00:00:44.621000,0 days 01:07:55.129000,0 days 01:08:25.359000,0 days 01:09:09.980000,101.0,274.0,291.0,306.0,False,HARD,7.0,True,Ferrari,0 days 01:07:29.674000,,1,11.0,,,False,True
0 days 01:10:49.957000,LEC,16,0 days 00:01:40.024000,22.0,2.0,,,0 days 00:00:25.522000,0 days 00:00:29.742000,0 days 00:00:44.760000,0 days 01:09:35.502000,0 days 01:10:05.244000,0 days 01:10:50.004000,101.0,275.0,292.0,323.0,False,HARD,8.0,True,Ferrari,0 days 01:09:09.933000,,1,10.0,,,False,True
0 days 01:12:30.018000,LEC,16,0 days 00:01:40.061000,23.0,2.0,,,0 days 00:00:25.372000,0 days 00:00:29.932000,0 days 00:00:44.757000,0 days 01:11:15.376000,0 days 01:11:45.308000,0 days 01:12:30.065000,104.0,275.0,301.0,307.0,False,HARD,9.0,True,Ferrari,0 days 01:10:49.957000,,1,10.0,,,False,True
0 days 01:14:10.165000,LEC,16,0 days 00:01:40.147000,24.0,2.0,,,0 days 00:00:25.791000,0 days 00:00:29.591000,0 days 00:00:44.765000,0 days 01:12:55.856000,0 days 01:13:25.447000,0 days 01:14:10.212000,103.0,273.0,294.0,324.0,False,HARD,10.0,True,Ferrari,0 days 01:12:30.018000,,1,8.0,,,False,True
0 days 01:15:50.489000,LEC,16,0 days 00:01:40.324000,25.0,2.0,,,0 days 00:00:25.453000,0 days 00:00:30.002000,0 days 00:00:44.869000,0 days 01:14:35.665000,0 days 01:15:05.667000,0 days 01:15:50.536000,104.0,277.0,301.0,323.0,False,HARD,11.0,True,Ferrari,0 days 01:14:10.165000,,1,8.0,,,False,True
0 days 01:17:31.486000,LEC,16,0 days 00:01:40.997000,26.0,2.0,,,0 days 00:00:26.136000,0 days 00:00:29.782000,0 days 00:00:45.079000,0 days 01:16:16.672000,0 days 01:16:46.454000,0 days 01:17:31.533000,104.0,273.0,289.0,328.0,False,HARD,12.0,True,Ferrari,0 days 01:15:50.489000,,1,7.0,,,False,True
0 days 01:19:11.944000,LEC,16,0 days 00:01:40.458000,27.0,2.0,,,0 days 00:00:25.648000,0 days 00:00:30.125000,0 days 00:00:44.685000,0 days 01:17:57.181000,0 days 01:18:27.306000,0 days 01:19:11.991000,104.0,272.0,288.0,295.0,False,HARD,13.0,True,Ferrari,0 days 01:17:31.486000,,1,7.0,,,False,True
0 days 01:20:53.875000,LEC,16,0 days 00:01:41.931000,28.0,2.0,,,0 days 00:00:25.743000,0 days 00:00:30.665000,0 days 00:00:45.523000,0 days 01:19:37.734000,0 days 01:20:08.399000,0 days 01:20:53.922000,104.0,274.0,290.0,310.0,False,HARD,14.0,True,Ferrari,0 days 01:19:11.944000,,1,8.0,,,False,True
0 days 01:22:35.892000,LEC,16,0 days 00:01:42.017000,29.0,2.0,,,0 days 00:00:26.505000,0 days 00:00:29.940000,0 days 00:00:45.572000,0 days 01:21:20.427000,0 days 01:21:50.367000,0 days 01:22:35.939000,109.0,275.0,302.0,307.0,False,HARD,15.0,True,Ferrari,0 days 01:20:53.875000,,1,10.0,,,False,True
0 days 01:24:18.375000,LEC,16,0 days 00:01:42.483000,30.0,2.0,,,0 days 00:00:27.030000,0 days 00:00:30.333000,0 days 00:00:45.120000,0 days 01:23:02.969000,0 days 01:23:33.302000,0 days 01:24:18.422000,103.0,274.0,291.0,302.0,False,HARD,16.0,True,Ferrari,0 days 01:22:35.892000,,1,11.0,,,False,True
0 days 01:25:59.928000,LEC,16,0 days 00:01:41.553000,31.0,2.0,,,0 days 00:00:25.661000,0 days 00:00:30.439000,0 days 00:00:45.453000,0 days 01:24:44.083000,0 days 01:25:14.522000,0 days 01:25:59.975000,110.0,281.0,299.0,309.0,False,HARD,17.0,True,Ferrari,0 days 01:24:18.375000,,1,12.0,,,False,True
0 days 01:27:40.888000,LEC,16,0 days 00:01:40.960000,32.0,2.0,,,0 days 00:00:25.725000,0 days 00:00:30.230000,0 days 00:00:45.005000,0 days 01:26:25.700000,0 days 01:26:55.930000,0 days 01:27:40.935000,108.0,273.0,291.0,294.0,False,HARD,18.0,True,Ferrari,0 days 01:25:59.928000,,1,12.0,,,False,True
0 days 01:29:20.900000,LEC,16,0 days 00:01:40.012000,33.0,2.0,,,0 days 00:00:25.437000,0 days 00:00:30.080000,0 days 00:00:44.495000,0 days 01:28:06.372000,0 days 01:28:36.452000,0 days 01:29:20.947000,101.0,272.0,291.0,301.0,False,HARD,19.0,True,Ferrari,0 days 01:27:40.888000,,1,12.0,,,False,True
0 days 01:31:00.867000,LEC,16,0 days 00:01:39.967000,34.0,2.0,,,0 days 00:00:25.473000,0 days 00:00:30.116000,0 days 00:00:44.378000,0 days 01:29:46.420000,0 days 01:30:16.536000,0 days 01:31:00.914000,102.0,273.0,290.0,300.0,False,HARD,20.0,True,Ferrari,0 days 01:29:20.900000,,1,11.0,,,False,True
0 days 01:32:41.140000,LEC,16,0 days 00:01:40.273000,35.0,2.0,,,0 days 00:00:25.488000,0 days 00:00:30.012000,0 days 00:00:44.773000,0 days 01:31:26.402000,0 days 01:31:56.414000,0 days 01:32:41.187000,104.0,274.0,289.0,300.0,False,HARD,21.0,True,Ferrari,0 days 01:31:00.867000,,1,11.0,,,False,True
0 days 01:34:20.498000,LEC,16,0 days 00:01:39.358000,36.0,2.0,,,0 days 00:00:25.252000,0 days 00:00:29.858000,0 days 00:00:44.248000,0 days 01:33:06.439000,0 days 01:33:36.297000,0 days 01:34:20.545000,106.0,275.0,292.0,303.0,False,HARD,22.0,True,Ferrari,0 days 01:32:41.140000,,1,11.0,,,False,True
0 days 01:36:00.024000,LEC,16,0 days 00:01:39.526000,37.0,2.0,,,0 days 00:00:25.118000,0 days 00:00:29.939000,0 days 00:00:44.469000,0 days 01:34:45.663000,0 days 01:35:15.602000,0 days 01:36:00.071000,104.0,273.0,291.0,298.0,False,HARD,23.0,True,Ferrari,0 days 01:34:20.498000,,1,10.0,,,False,True
0 days 01:37:59.989000,LEC,16,0 days 00:01:59.965000,38.0,2.0,,0 days 01:37:29.388000,0 days 00:00:25.235000,0 days 00:00:30.143000,0 days 00:01:04.587000,0 days 01:36:25.306000,0 days 01:36:55.449000,0 days 01:38:00.036000,100.0,274.0,,302.0,False,HARD,24.0,True,Ferrari,0 days 01:36:00.024000,,1,16.0,,,False,False
0 days 01:39:41.970000,LEC,16,0 days 00:01:41.981000,39.0,3.0,0 days 01:38:01.090000,,0 days 00:00:28.648000,0 days 00:00:29.632000,0 days 00:00:43.701000,0 days 01:38:28.684000,0 days 01:38:58.316000,0 days 01:39:42.017000,112.0,275.0,294.0,306.0,False,MEDIUM,4.0,False,Ferrari,0 days 01:37:59.989000,,1,16.0,,,False,False
0 days 01:41:19.917000,LEC,16,0 days 00:01:37.947000,40.0,3.0,,,0 days 00:00:24.648000,0 days 00:00:29.450000,0 days 00:00:43.849000,0 days 01:40:06.665000,0 days 01:40:36.115000,0 days 01:41:19.964000,111.0,276.0,294.0,323.0,True,MEDIUM,5.0,False,Ferrari,0 days 01:39:41.970000,,1,16.0,,,False,True
0 days 01:42:57.713000,LEC,16,0 days 00:01:37.796000,41.0,3.0,,,0 days 00:00:24.869000,0 days 00:00:29.447000,0 days 00:00:43.480000,0 days 01:41:44.833000,0 days 01:42:14.280000,0 days 01:42:57.760000,108.0,276.0,295.0,306.0,True,MEDIUM,6.0,False,Ferrari,0 days 01:41:19.917000,,1,16.0,,,False,True
0 days 01:44:35.611000,LEC,16,0 days 00:01:37.898000,42.0,3.0,,,0 days 00:00:24.752000,0 days 00:00:29.490000,0 days 00:00:43.656000,0 days 01:43:22.512000,0 days 01:43:52.002000,0 days 01:44:35.658000,109.0,278.0,294.0,309.0,False,MEDIUM,7.0,False,Ferrari,0 days 01:42:57.713000,,1,16.0,,,False,True
0 days 01:46:13.292000,LEC,16,0 days 00:01:37.681000,43.0,3.0,,,0 days 00:00:24.913000,0 days 00:00:29.349000,0 days 00:00:43.419000,0 days 01:45:00.571000,0 days 01:45:29.920000,0 days 01:46:13.339000,106.0,277.0,291.0,306.0,True,MEDIUM,8.0,False,Ferrari,0 days 01:44:35.611000,,1,16.0,,,False,True
0 days 01:47:51.538000,LEC,16,0 days 00:01:38.246000,44.0,3.0,,,0 days 00:00:24.822000,0 days 00:00:29.615000,0 days 00:00:43.809000,0 days 01:46:38.161000,0 days 01:47:07.776000,0 days 01:47:51.585000,106.0,277.0,300.0,311.0,False,MEDIUM,9.0,False,Ferrari,0 days 01:46:13.292000,,1,16.0,,,False,True
0 days 01:49:32.663000,LEC,16,0 days 00:01:41.125000,45.0,3.0,,,0 days 00:00:25.388000,0 days 00:00:31.717000,0 days 00:00:44.020000,0 days 01:48:16.973000,0 days 01:48:48.690000,0 days 01:49:32.710000,112.0,280.0,294.0,223.0,False,MEDIUM,10.0,False,Ferrari,0 days 01:47:51.538000,,1,16.0,,,False,True
0 days 01:51:11.751000,LEC,16,0 days 00:01:39.088000,46.0,3.0,,,0 days 00:00:25.308000,0 days 00:00:29.583000,0 days 00:00:44.197000,0 days 01:49:58.018000,0 days 01:50:27.601000,0 days 01:51:11.798000,106.0,281.0,303.0,326.0,False,MEDIUM,11.0,False,Ferrari,0 days 01:49:32.663000,,1,16.0,,,False,True
0 days 01:52:54.760000,LEC,16,0 days 00:01:43.009000,47.0,3.0,,,0 days 00:00:28.378000,0 days 00:00:30.087000,0 days 00:00:44.544000,0 days 01:51:40.176000,0 days 01:52:10.263000,0 days 01:52:54.807000,96.0,278.0,293.0,311.0,False,MEDIUM,12.0,False,Ferrari,0 days 01:51:11.751000,,1,16.0,,,False,True
0 days 01:54:34.345000,LEC,16,0 days 00:01:39.585000,48.0,3.0,,,0 days 00:00:25.229000,0 days 00:00:29.827000,0 days 00:00:44.529000,0 days 01:53:20.036000,0 days 01:53:49.863000,0 days 01:54:34.392000,105.0,277.0,293.0,308.0,False,MEDIUM,13.0,False,Ferrari,0 days 01:52:54.760000,,1,16.0,,,False,True
0 days 01:56:14.170000,LEC,16,0 days 00:01:39.825000,49.0,3.0,,,0 days 00:00:25.428000,0 days 00:00:29.825000,0 days 00:00:44.572000,0 days 01:54:59.820000,0 days 01:55:29.645000,0 days 01:56:14.217000,99.0,277.0,295.0,306.0,False,MEDIUM,14.0,False,Ferrari,0 days 01:54:34.345000,,1,16.0,,,False,True
0 days 01:57:54.498000,LEC,16,0 days 00:01:40.328000,50.0,3.0,,,0 days 00:00:25.564000,0 days 00:00:30.247000,0 days 00:00:44.517000,0 days 01:56:39.781000,0 days 01:57:10.028000,0 days 01:57:54.545000,103.0,274.0,293.0,299.0,False,MEDIUM,15.0,False,Ferrari,0 days 01:56:14.170000,,1,16.0,,,False,True
0 days 01:59:33.640000,LEC,16,0 days 00:01:39.142000,51.0,3.0,,,0 days 00:00:25.372000,0 days 00:00:29.765000,0 days 00:00:44.005000,0 days 01:58:19.917000,0 days 01:58:49.682000,0 days 01:59:33.687000,105.0,274.0,292.0,296.0,False,MEDIUM,16.0,False,Ferrari,0 days 01:57:54.498000,,1,16.0,,,False,True
0 days 02:01:13.110000,LEC,16,0 days 00:01:39.470000,52.0,3.0,,,0 days 00:00:25.361000,0 days 00:00:30.030000,0 days 00:00:44.079000,0 days 01:59:59.048000,0 days 02:00:29.078000,0 days 02:01:13.157000,96.0,276.0,292.0,300.0,False,MEDIUM,17.0,False,Ferrari,0 days 01:59:33.640000,,1,16.0,,,False,True
0 days 00:35:20.052000,RAI,7,0 days 00:01:53.586000,1.0,1.0,,,,0 days 00:00:31.437000,0 days 00:00:46.107000,,0 days 00:34:34.015000,0 days 00:35:20.222000,109.0,274.0,296.0,307.0,False,HARD,1.0,True,Alfa Romeo Racing,0 days 00:33:26.312000,,1,14.0,,,False,False
0 days 00:37:03.795000,RAI,7,0 days 00:01:43.743000,2.0,1.0,,,0 days 00:00:26.819000,0 days 00:00:30.486000,0 days 00:00:46.438000,0 days 00:35:46.888000,0 days 00:36:17.374000,0 days 00:37:03.812000,109.0,277.0,293.0,314.0,True,HARD,2.0,True,Alfa Romeo Racing,0 days 00:35:20.052000,,1,14.0,,,False,True
0 days 00:38:46.017000,RAI,7,0 days 00:01:42.222000,3.0,1.0,,,0 days 00:00:26.484000,0 days 00:00:30.279000,0 days 00:00:45.459000,0 days 00:37:30.296000,0 days 00:38:00.575000,0 days 00:38:46.034000,98.0,270.0,303.0,320.0,True,HARD,3.0,True,Alfa Romeo Racing,0 days 00:37:03.795000,,1,14.0,,,False,True
0 days 00:40:27.297000,RAI,7,0 days 00:01:41.280000,4.0,1.0,,,0 days 00:00:25.688000,0 days 00:00:29.993000,0 days 00:00:45.599000,0 days 00:39:11.722000,0 days 00:39:41.715000,0 days 00:40:27.314000,108.0,273.0,306.0,328.0,True,HARD,4.0,True,Alfa Romeo Racing,0 days 00:38:46.017000,,1,14.0,,,False,True
0 days 00:42:08.804000,RAI,7,0 days 00:01:41.507000,5.0,1.0,,,0 days 00:00:26.047000,0 days 00:00:30.300000,0 days 00:00:45.160000,0 days 00:40:53.361000,0 days 00:41:23.661000,0 days 00:42:08.821000,103.0,274.0,302.0,318.0,False,HARD,5.0,True,Alfa Romeo Racing,0 days 00:40:27.297000,,1,14.0,,,False,True
0 days 00:43:49.423000,RAI,7,0 days 00:01:40.619000,6.0,1.0,,,0 days 00:00:25.524000,0 days 00:00:29.930000,0 days 00:00:45.165000,0 days 00:42:34.345000,0 days 00:43:04.275000,0 days 00:43:49.440000,103.0,273.0,301.0,323.0,True,HARD,6.0,True,Alfa Romeo Racing,0 days 00:42:08.804000,,1,14.0,,,False,True
0 days 00:45:30.522000,RAI,7,0 days 00:01:41.099000,7.0,1.0,,,0 days 00:00:25.669000,0 days 00:00:30.135000,0 days 00:00:45.295000,0 days 00:44:15.109000,0 days 00:44:45.244000,0 days 00:45:30.539000,105.0,270.0,292.0,329.0,False,HARD,7.0,True,Alfa Romeo Racing,0 days 00:43:49.423000,,1,14.0,,,False,True
0 days 00:47:11.116000,RAI,7,0 days 00:01:40.594000,8.0,1.0,,,0 days 00:00:25.555000,0 days 00:00:29.976000,0 days 00:00:45.063000,0 days 00:45:56.094000,0 days 00:46:26.070000,0 days 00:47:11.133000,102.0,272.0,302.0,324.0,True,HARD,8.0,True,Alfa Romeo Racing,0 days 00:45:30.522000,,1,14.0,,,False,True
0 days 00:48:53.146000,RAI,7,0 days 00:01:42.030000,9.0,1.0,,,0 days 00:00:25.684000,0 days 00:00:30.877000,0 days 00:00:45.469000,0 days 00:47:36.817000,0 days 00:48:07.694000,0 days 00:48:53.163000,103.0,274.0,300.0,319.0,False,HARD,9.0,True,Alfa Romeo Racing,0 days 00:47:11.116000,,1,15.0,,,False,True
0 days 00:50:34.019000,RAI,7,0 days 00:01:40.873000,10.0,1.0,,,0 days 00:00:25.554000,0 days 00:00:30.127000,0 days 00:00:45.192000,0 days 00:49:18.717000,0 days 00:49:48.844000,0 days 00:50:34.036000,104.0,273.0,300.0,319.0,False,HARD,10.0,True,Alfa Romeo Racing,0 days 00:48:53.146000,,1,15.0,,,False,True
0 days 00:52:15.227000,RAI,7,0 days 00:01:41.208000,11.0,1.0,,,0 days 00:00:25.718000,0 days 00:00:30.448000,0 days 00:00:45.042000,0 days 00:50:59.754000,0 days 00:51:30.202000,0 days 00:52:15.244000,98.0,270.0,291.0,302.0,False,HARD,11.0,True,Alfa Romeo Racing,0 days 00:50:34.019000,,1,15.0,,,False,True
0 days 00:53:56.280000,RAI,7,0 days 00:01:41.053000,12.0,1.0,,,0 days 00:00:25.526000,0 days 00:00:30.229000,0 days 00:00:45.298000,0 days 00:52:40.770000,0 days 00:53:10.999000,0 days 00:53:56.297000,103.0,270.0,290.0,307.0,False,HARD,12.0,True,Alfa Romeo Racing,0 days 00:52:15.227000,,1,15.0,,,False,True
0 days 00:55:37.431000,RAI,7,0 days 00:01:41.151000,13.0,1.0,,,0 days 00:00:25.547000,0 days 00:00:30.303000,0 days 00:00:45.301000,0 days 00:54:21.844000,0 days 00:54:52.147000,0 days 00:55:37.448000,103.0,271.0,289.0,297.0,False,HARD,13.0,True,Alfa Romeo Racing,0 days 00:53:56.280000,,1,15.0,,,False,True
0 days 00:57:18.675000,RAI,7,0 days 00:01:41.244000,14.0,1.0,,,0 days 00:00:25.868000,0 days 00:00:29.928000,0 days 00:00:45.448000,0 days 00:56:03.316000,0 days 00:56:33.244000,0 days 00:57:18.692000,103.0,273.0,300.0,327.0,False,HARD,14.0,True,Alfa Romeo Racing,0 days 00:55:37.431000,,1,14.0,,,False,True
0 days 00:59:00.104000,RAI,7,0 days 00:01:41.429000,15.0,1.0,,,0 days 00:00:25.925000,0 days 00:00:30.147000,0 days 00:00:45.357000,0 days 00:57:44.617000,0 days 00:58:14.764000,0 days 00:59:00.121000,100.0,273.0,302.0,325.0,False,HARD,15.0,True,Alfa Romeo Racing,0 days 00:57:18.675000,,1,14.0,,,False,True
0 days 01:00:42.303000,RAI,7,0 days 00:01:42.199000,16.0,1.0,,,0 days 00:00:25.954000,0 days 00:00:30.662000,0 days 00:00:45.583000,0 days 00:59:26.075000,0 days 00:59:56.737000,0 days 01:00:42.320000,93.0,271.0,289.0,302.0,False,HARD,16.0,True,Alfa Romeo Racing,0 days 00:59:00.104000,,1,13.0,,,False,True
0 days 01:02:23.849000,RAI,7,0 days 00:01:41.546000,17.0,1.0,,,0 days 00:00:25.818000,0 days 00:00:30.382000,0 days 00:00:45.346000,0 days 01:01:08.138000,0 days 01:01:38.520000,0 days 01:02:23.866000,101.0,272.0,288.0,301.0,False,HARD,17.0,True,Alfa Romeo Racing,0 days 01:00:42.303000,,1,11.0,,,False,True
0 days 01:04:04.987000,RAI,7,0 days 00:01:41.138000,18.0,1.0,,,0 days 00:00:25.734000,0 days 00:00:30.279000,0 days 00:00:45.125000,0 days 01:02:49.600000,0 days 01:03:19.879000,0 days 01:04:05.004000,100.0,270.0,288.0,301.0,False,HARD,18.0,True,Alfa Romeo Racing,0 days 01:02:23.849000,,1,10.0,,,False,True
0 days 01:05:46.150000,RAI,7,0 days 00:01:41.163000,19.0,1.0,,,0 days 00:00:25.878000,0 days 00:00:30.515000,0 days 00:00:44.770000,0 days 01:04:30.882000,0 days 01:05:01.397000,0 days 01:05:46.167000,99.0,271.0,290.0,294.0,False,HARD,19.0,True,Alfa Romeo Racing,0 days 01:04:04.987000,,1,10.0,,,False,True
0 days 01:07:27.468000,RAI,7,0 days 00:01:41.318000,20.0,1.0,,,0 days 00:00:25.757000,0 days 00:00:30.574000,0 days 00:00:44.987000,0 days 01:06:11.924000,0 days 01:06:42.498000,0 days 01:07:27.485000,100.0,272.0,287.0,299.0,False,HARD,20.0,True,Alfa Romeo Racing,0 days 01:05:46.150000,,1,10.0,,,False,True
0 days 01:09:08.687000,RAI,7,0 days 00:01:41.219000,21.0,1.0,,,0 days 00:00:25.805000,0 days 00:00:30.519000,0 days 00:00:44.895000,0 days 01:07:53.290000,0 days 01:08:23.809000,0 days 01:09:08.704000,97.0,271.0,288.0,298.0,False,HARD,21.0,True,Alfa Romeo Racing,0 days 01:07:27.468000,,1,10.0,,,False,True
0 days 01:10:51.259000,RAI,7,0 days 00:01:42.572000,22.0,1.0,,,0 days 00:00:26.040000,0 days 00:00:31.174000,0 days 00:00:45.358000,0 days 01:09:34.744000,0 days 01:10:05.918000,0 days 01:10:51.276000,95.0,275.0,290.0,298.0,False,HARD,22.0,True,Alfa Romeo Racing,0 days 01:09:08.687000,,1,11.0,,,False,True
0 days 01:12:34.819000,RAI,7,0 days 00:01:43.560000,23.0,1.0,,,0 days 00:00:26.964000,0 days 00:00:31.378000,0 days 00:00:45.218000,0 days 01:11:18.240000,0 days 01:11:49.618000,0 days 01:12:34.836000,100.0,273.0,295.0,318.0,False,HARD,23.0,True,Alfa Romeo Racing,0 days 01:10:51.259000,,1,14.0,,,False,True
0 days 01:14:16.132000,RAI,7,0 days 00:01:41.313000,24.0,1.0,,,0 days 00:00:26.062000,0 days 00:00:30.231000,0 days 00:00:45.020000,0 days 01:13:00.898000,0 days 01:13:31.129000,0 days 01:14:16.149000,100.0,271.0,292.0,294.0,False,HARD,24.0,True,Alfa Romeo Racing,0 days 01:12:34.819000,,1,14.0,,,False,True
0 days 01:15:57.112000,RAI,7,0 days 00:01:40.980000,25.0,1.0,,,0 days 00:00:25.677000,0 days 00:00:30.508000,0 days 00:00:44.795000,0 days 01:14:41.826000,0 days 01:15:12.334000,0 days 01:15:57.129000,96.0,269.0,289.0,293.0,False,HARD,25.0,True,Alfa Romeo Racing,0 days 01:14:16.132000,,1,13.0,,,False,True
0 days 01:17:38.721000,RAI,7,0 days 00:01:41.609000,26.0,1.0,,,0 days 00:00:25.957000,0 days 00:00:30.698000,0 days 00:00:44.954000,0 days 01:16:23.086000,0 days 01:16:53.784000,0 days 01:17:38.738000,102.0,274.0,289.0,310.0,False,HARD,26.0,True,Alfa Romeo Racing,0 days 01:15:57.112000,,1,14.0,,,False,True
0 days 01:19:19.922000,RAI,7,0 days 00:01:41.201000,27.0,1.0,,,0 days 00:00:25.835000,0 days 00:00:30.709000,0 days 00:00:44.657000,0 days 01:18:04.573000,0 days 01:18:35.282000,0 days 01:19:19.939000,100.0,275.0,301.0,304.0,False,HARD,27.0,True,Alfa Romeo Racing,0 days 01:17:38.721000,,1,15.0,,,False,True
0 days 01:21:01.259000,RAI,7,0 days 00:01:41.337000,28.0,1.0,,,0 days 00:00:25.792000,0 days 00:00:30.419000,0 days 00:00:45.126000,0 days 01:19:45.731000,0 days 01:20:16.150000,0 days 01:21:01.276000,97.0,271.0,290.0,296.0,False,HARD,28.0,True,Alfa Romeo Racing,0 days 01:19:19.922000,,1,13.0,,,False,True
0 days 01:22:42.106000,RAI,7,0 days 00:01:40.847000,29.0,1.0,,,0 days 00:00:25.690000,0 days 00:00:30.377000,0 days 00:00:44.780000,0 days 01:21:26.966000,0 days 01:21:57.343000,0 days 01:22:42.123000,97.0,272.0,287.0,301.0,False,HARD,29.0,True,Alfa Romeo Racing,0 days 01:21:01.259000,,1,13.0,,,False,True
0 days 01:24:23.579000,RAI,7,0 days 00:01:41.473000,30.0,1.0,,,0 days 00:00:26.021000,0 days 00:00:30.706000,0 days 00:00:44.746000,0 days 01:23:08.144000,0 days 01:23:38.850000,0 days 01:24:23.596000,95.0,271.0,287.0,296.0,False,HARD,30.0,True,Alfa Romeo Racing,0 days 01:22:42.106000,,1,13.0,,,False,True
0 days 01:26:04.652000,RAI,7,0 days 00:01:41.073000,31.0,1.0,,,0 days 00:00:25.790000,0 days 00:00:30.469000,0 days 00:00:44.814000,0 days 01:24:49.386000,0 days 01:25:19.855000,0 days 01:26:04.669000,92.0,273.0,288.0,295.0,False,HARD,31.0,True,Alfa Romeo Racing,0 days 01:24:23.579000,,1,13.0,,,False,True
0 days 01:27:46.625000,RAI,7,0 days 00:01:41.973000,32.0,1.0,,,0 days 00:00:26.013000,0 days 00:00:30.735000,0 days 00:00:45.225000,0 days 01:26:30.682000,0 days 01:27:01.417000,0 days 01:27:46.642000,98.0,270.0,289.0,299.0,False,HARD,32.0,True,Alfa Romeo Racing,0 days 01:26:04.652000,,1,13.0,,,False,True
0 days 01:29:49.613000,RAI,7,0 days 00:02:02.988000,33.0,1.0,,0 days 01:29:19.150000,0 days 00:00:26.198000,0 days 00:00:31.114000,0 days 00:01:05.676000,0 days 01:28:12.840000,0 days 01:28:43.954000,0 days 01:29:49.630000,97.0,271.0,,306.0,False,HARD,33.0,True,Alfa Romeo Racing,0 days 01:27:46.625000,,1,18.0,,,False,False
0 days 01:31:30.519000,RAI,7,0 days 00:01:40.906000,34.0,2.0,0 days 01:29:50.357000,,0 days 00:00:28.348000,0 days 00:00:29.493000,0 days 00:00:43.065000,0 days 01:30:17.978000,0 days 01:30:47.471000,0 days 01:31:30.536000,104.0,274.0,301.0,299.0,False,MEDIUM,1.0,True,Alfa Romeo Racing,0 days 01:29:49.613000,,1,18.0,,,False,False
0 days 01:33:08.887000,RAI,7,0 days 00:01:38.368000,35.0,2.0,,,0 days 00:00:24.932000,0 days 00:00:29.488000,0 days 00:00:43.948000,0 days 01:31:55.468000,0 days 01:32:24.956000,0 days 01:33:08.904000,110.0,276.0,303.0,317.0,True,MEDIUM,2.0,True,Alfa Romeo Racing,0 days 01:31:30.519000,,1,18.0,,,False,True
0 days 01:34:49.789000,RAI,7,0 days 00:01:40.902000,36.0,2.0,,,0 days 00:00:25.011000,0 days 00:00:29.851000,0 days 00:00:46.040000,0 days 01:33:33.915000,0 days 01:34:03.766000,0 days 01:34:49.806000,101.0,281.0,303.0,332.0,False,MEDIUM,3.0,True,Alfa Romeo Racing,0 days 01:33:08.887000,,1,18.0,,,False,True
0 days 01:36:28.230000,RAI,7,0 days 00:01:38.441000,37.0,2.0,,,0 days 00:00:25.119000,0 days 00:00:29.607000,0 days 00:00:43.715000,0 days 01:35:14.925000,0 days 01:35:44.532000,0 days 01:36:28.247000,104.0,276.0,290.0,316.0,False,MEDIUM,4.0,True,Alfa Romeo Racing,0 days 01:34:49.789000,,1,18.0,,,False,True
0 days 01:38:06.861000,RAI,7,0 days 00:01:38.631000,38.0,2.0,,,0 days 00:00:25.050000,0 days 00:00:29.866000,0 days 00:00:43.715000,0 days 01:36:53.297000,0 days 01:37:23.163000,0 days 01:38:06.878000,102.0,274.0,289.0,295.0,False,MEDIUM,5.0,True,Alfa Romeo Racing,0 days 01:36:28.230000,,1,18.0,,,False,True
0 days 01:39:45.992000,RAI,7,0 days 00:01:39.131000,39.0,2.0,,,0 days 00:00:25.127000,0 days 00:00:29.593000,0 days 00:00:44.411000,0 days 01:38:32.005000,0 days 01:39:01.598000,0 days 01:39:46.009000,107.0,280.0,303.0,333.0,False,MEDIUM,6.0,True,Alfa Romeo Racing,0 days 01:38:06.861000,,1,17.0,,,False,True
0 days 01:41:26.044000,RAI,7,0 days 00:01:40.052000,40.0,2.0,,,0 days 00:00:24.837000,0 days 00:00:29.727000,0 days 00:00:45.488000,0 days 01:40:10.846000,0 days 01:40:40.573000,0 days 01:41:26.061000,105.0,275.0,304.0,295.0,False,MEDIUM,7.0,True,Alfa Romeo Racing,0 days 01:39:45.992000,,1,17.0,,,False,True
0 days 01:43:04.450000,RAI,7,0 days 00:01:38.406000,41.0,2.0,,,0 days 00:00:25.107000,0 days 00:00:29.651000,0 days 00:00:43.648000,0 days 01:41:51.168000,0 days 01:42:20.819000,0 days 01:43:04.467000,108.0,275.0,291.0,295.0,False,MEDIUM,8.0,True,Alfa Romeo Racing,0 days 01:41:26.044000,,1,17.0,,,False,True
0 days 01:44:42.567000,RAI,7,0 days 00:01:38.117000,42.0,2.0,,,0 days 00:00:24.962000,0 days 00:00:29.645000,0 days 00:00:43.510000,0 days 01:43:29.429000,0 days 01:43:59.074000,0 days 01:44:42.584000,106.0,276.0,291.0,304.0,True,MEDIUM,9.0,True,Alfa Romeo Racing,0 days 01:43:04.450000,,1,17.0,,,False,True
0 days 01:46:22.529000,RAI,7,0 days 00:01:39.962000,43.0,2.0,,,0 days 00:00:24.844000,0 days 00:00:29.501000,0 days 00:00:45.617000,0 days 01:45:07.428000,0 days 01:45:36.929000,0 days 01:46:22.546000,108.0,275.0,288.0,301.0,False,MEDIUM,10.0,True,Alfa Romeo Racing,0 days 01:44:42.567000,,1,17.0,,,False,True
0 days 01:48:00.700000,RAI,7,0 days 00:01:38.171000,44.0,2.0,,,0 days 00:00:24.907000,0 days 00:00:29.745000,0 days 00:00:43.519000,0 days 01:46:47.453000,0 days 01:47:17.198000,0 days 01:48:00.717000,101.0,275.0,289.0,303.0,False,MEDIUM,11.0,True,Alfa Romeo Racing,0 days 01:46:22.529000,,1,17.0,,,False,True
0 days 01:49:39.051000,RAI,7,0 days 00:01:38.351000,45.0,2.0,,,0 days 00:00:24.949000,0 days 00:00:29.663000,0 days 00:00:43.739000,0 days 01:48:25.666000,0 days 01:48:55.329000,0 days 01:49:39.068000,106.0,276.0,290.0,299.0,False,MEDIUM,12.0,True,Alfa Romeo Racing,0 days 01:48:00.700000,,1,17.0,,,False,True
0 days 01:51:17.043000,RAI,7,0 days 00:01:37.992000,46.0,2.0,,,0 days 00:00:24.771000,0 days 00:00:29.600000,0 days 00:00:43.621000,0 days 01:50:03.839000,0 days 01:50:33.439000,0 days 01:51:17.060000,106.0,276.0,292.0,300.0,True,MEDIUM,13.0,True,Alfa Romeo Racing,0 days 01:49:39.051000,,1,17.0,,,False,True
0 days 01:52:55.829000,RAI,7,0 days 00:01:38.786000,47.0,2.0,,,0 days 00:00:24.986000,0 days 00:00:29.929000,0 days 00:00:43.871000,0 days 01:51:42.046000,0 days 01:52:11.975000,0 days 01:52:55.846000,98.0,275.0,293.0,304.0,False,MEDIUM,14.0,True,Alfa Romeo Racing,0 days 01:51:17.043000,,1,17.0,,,False,True
0 days 01:54:34.883000,RAI,7,0 days 00:01:39.054000,48.0,2.0,,,0 days 00:00:25.106000,0 days 00:00:29.573000,0 days 00:00:44.375000,0 days 01:53:20.952000,0 days 01:53:50.525000,0 days 01:54:34.900000,104.0,278.0,305.0,326.0,False,MEDIUM,15.0,True,Alfa Romeo Racing,0 days 01:52:55.829000,,1,17.0,,,False,True
0 days 01:56:14.785000,RAI,7,0 days 00:01:39.902000,49.0,2.0,,,0 days 00:00:25.611000,0 days 00:00:29.799000,0 days 00:00:44.492000,0 days 01:55:00.511000,0 days 01:55:30.310000,0 days 01:56:14.802000,103.0,277.0,307.0,327.0,False,MEDIUM,16.0,True,Alfa Romeo Racing,0 days 01:54:34.883000,,1,17.0,,,False,True
0 days 01:57:55.138000,RAI,7,0 days 00:01:40.353000,50.0,2.0,,,0 days 00:00:25.596000,0 days 00:00:30.294000,0 days 00:00:44.463000,0 days 01:56:40.398000,0 days 01:57:10.692000,0 days 01:57:55.155000,104.0,276.0,305.0,334.0,False,MEDIUM,17.0,True,Alfa Romeo Racing,0 days 01:56:14.785000,,1,17.0,,,False,True
0 days 01:59:35.374000,RAI,7,0 days 00:01:40.236000,51.0,2.0,,,0 days 00:00:25.828000,0 days 00:00:30.268000,0 days 00:00:44.140000,0 days 01:58:20.983000,0 days 01:58:51.251000,0 days 01:59:35.391000,98.0,272.0,289.0,297.0,False,MEDIUM,18.0,True,Alfa Romeo Racing,0 days 01:57:55.138000,,1,17.0,,,False,True
0 days 02:01:14.920000,RAI,7,0 days 00:01:39.546000,52.0,2.0,,,0 days 00:00:25.588000,0 days 00:00:29.942000,0 days 00:00:44.016000,0 days 02:00:00.979000,0 days 02:00:30.921000,0 days 02:01:14.937000,98.0,275.0,289.0,301.0,False,MEDIUM,19.0,True,Alfa Romeo Racing,0 days 01:59:35.374000,,1,17.0,,,False,True
0 days 00:35:20.694000,LAT,6,0 days 00:01:54.228000,1.0,1.0,,,,0 days 00:00:31.771000,0 days 00:00:46.360000,,0 days 00:34:34.363000,0 days 00:35:20.865000,96.0,279.0,285.0,310.0,False,MEDIUM,1.0,True,Williams,0 days 00:33:26.312000,,1,15.0,,,False,False
0 days 00:37:05.133000,LAT,6,0 days 00:01:44.439000,2.0,1.0,,,0 days 00:00:26.809000,0 days 00:00:30.570000,0 days 00:00:47.060000,0 days 00:35:47.516000,0 days 00:36:18.086000,0 days 00:37:05.146000,109.0,278.0,297.0,302.0,True,MEDIUM,2.0,True,Williams,0 days 00:35:20.694000,,1,16.0,,,False,True
0 days 00:38:47.629000,LAT,6,0 days 00:01:42.496000,3.0,1.0,,,0 days 00:00:26.696000,0 days 00:00:29.970000,0 days 00:00:45.830000,0 days 00:37:31.842000,0 days 00:38:01.812000,0 days 00:38:47.642000,109.0,273.0,304.0,324.0,True,MEDIUM,3.0,True,Williams,0 days 00:37:05.133000,,1,16.0,,,False,True
0 days 00:40:31.181000,LAT,6,0 days 00:01:43.552000,4.0,1.0,,,0 days 00:00:26.195000,0 days 00:00:31.112000,0 days 00:00:46.245000,0 days 00:39:13.837000,0 days 00:39:44.949000,0 days 00:40:31.194000,109.0,279.0,295.0,300.0,False,MEDIUM,4.0,True,Williams,0 days 00:38:47.629000,,1,17.0,,,False,True
0 days 00:42:12.919000,LAT,6,0 days 00:01:41.738000,5.0,1.0,,,0 days 00:00:26.002000,0 days 00:00:30.270000,0 days 00:00:45.466000,0 days 00:40:57.196000,0 days 00:41:27.466000,0 days 00:42:12.932000,102.0,277.0,293.0,299.0,True,MEDIUM,5.0,True,Williams,0 days 00:40:31.181000,,1,17.0,,,False,True
0 days 00:43:54.035000,LAT,6,0 days 00:01:41.116000,6.0,1.0,,,0 days 00:00:25.859000,0 days 00:00:29.909000,0 days 00:00:45.348000,0 days 00:42:38.791000,0 days 00:43:08.700000,0 days 00:43:54.048000,107.0,276.0,294.0,310.0,True,MEDIUM,6.0,True,Williams,0 days 00:42:12.919000,,1,17.0,,,False,True
0 days 00:45:35.599000,LAT,6,0 days 00:01:41.564000,7.0,1.0,,,0 days 00:00:25.969000,0 days 00:00:29.984000,0 days 00:00:45.611000,0 days 00:44:20.017000,0 days 00:44:50.001000,0 days 00:45:35.612000,106.0,274.0,295.0,300.0,False,MEDIUM,7.0,True,Williams,0 days 00:43:54.035000,,1,17.0,,,False,True
0 days 00:47:16.883000,LAT,6,0 days 00:01:41.284000,8.0,1.0,,,0 days 00:00:25.824000,0 days 00:00:30.037000,0 days 00:00:45.423000,0 days 00:46:01.436000,0 days 00:46:31.473000,0 days 00:47:16.896000,109.0,277.0,294.0,306.0,False,MEDIUM,8.0,True,Williams,0 days 00:45:35.599000,,1,17.0,,,False,True
0 days 00:48:57.979000,LAT,6,0 days 00:01:41.096000,9.0,1.0,,,0 days 00:00:25.693000,0 days 00:00:29.998000,0 days 00:00:45.405000,0 days 00:47:42.589000,0 days 00:48:12.587000,0 days 00:48:57.992000,105.0,277.0,292.0,306.0,True,MEDIUM,9.0,True,Williams,0 days 00:47:16.883000,,1,17.0,,,False,True
0 days 00:50:39.025000,LAT,6,0 days 00:01:41.046000,10.0,1.0,,,0 days 00:00:25.988000,0 days 00:00:29.883000,0 days 00:00:45.175000,0 days 00:49:23.980000,0 days 00:49:53.863000,0 days 00:50:39.038000,109.0,275.0,292.0,295.0,True,MEDIUM,10.0,True,Williams,0 days 00:48:57.979000,,1,17.0,,,False,True
0 days 00:52:19.640000,LAT,6,0 days 00:01:40.615000,11.0,1.0,,,0 days 00:00:25.644000,0 days 00:00:29.970000,0 days 00:00:45.001000,0 days 00:51:04.682000,0 days 00:51:34.652000,0 days 00:52:19.653000,104.0,274.0,295.0,298.0,True,MEDIUM,11.0,True,Williams,0 days 00:50:39.025000,,1,17.0,,,False,True
0 days 00:54:00.404000,LAT,6,0 days 00:01:40.764000,12.0,1.0,,,0 days 00:00:25.631000,0 days 00:00:29.760000,0 days 00:00:45.373000,0 days 00:52:45.284000,0 days 00:53:15.044000,0 days 00:54:00.417000,108.0,276.0,294.0,300.0,False,MEDIUM,12.0,True,Williams,0 days 00:52:19.640000,,1,17.0,,,False,True
0 days 00:55:43.010000,LAT,6,0 days 00:01:42.606000,13.0,1.0,,,0 days 00:00:25.859000,0 days 00:00:30.595000,0 days 00:00:46.152000,0 days 00:54:26.276000,0 days 00:54:56.871000,0 days 00:55:43.023000,108.0,281.0,302.0,300.0,False,MEDIUM,13.0,True,Williams,0 days 00:54:00.404000,,1,18.0,,,False,True
0 days 00:57:25.067000,LAT,6,0 days 00:01:42.057000,14.0,1.0,,,0 days 00:00:26.327000,0 days 00:00:29.958000,0 days 00:00:45.772000,0 days 00:56:09.350000,0 days 00:56:39.308000,0 days 00:57:25.080000,102.0,278.0,293.0,303.0,False,MEDIUM,14.0,True,Williams,0 days 00:55:43.010000,,1,17.0,,,False,True
0 days 00:59:07.080000,LAT,6,0 days 00:01:42.013000,15.0,1.0,,,0 days 00:00:26.015000,0 days 00:00:30.183000,0 days 00:00:45.815000,0 days 00:57:51.095000,0 days 00:58:21.278000,0 days 00:59:07.093000,100.0,277.0,295.0,301.0,False,MEDIUM,15.0,True,Williams,0 days 00:57:25.067000,,1,16.0,,,False,True
0 days 01:00:48.682000,LAT,6,0 days 00:01:41.602000,16.0,1.0,,,0 days 00:00:26.119000,0 days 00:00:30.234000,0 days 00:00:45.249000,0 days 00:59:33.212000,0 days 01:00:03.446000,0 days 01:00:48.695000,100.0,276.0,293.0,301.0,False,MEDIUM,16.0,True,Williams,0 days 00:59:07.080000,,1,15.0,,,False,True
0 days 01:02:30.032000,LAT,6,0 days 00:01:41.350000,17.0,1.0,,,0 days 00:00:26.143000,0 days 00:00:29.988000,0 days 00:00:45.219000,0 days 01:01:14.838000,0 days 01:01:44.826000,0 days 01:02:30.045000,104.0,277.0,289.0,300.0,False,MEDIUM,17.0,True,Williams,0 days 01:00:48.682000,,1,12.0,,,False,True
0 days 01:04:30.931000,LAT,6,0 days 00:02:00.899000,18.0,1.0,,0 days 01:04:02.090000,0 days 00:00:25.823000,0 days 00:00:30.784000,0 days 00:01:04.292000,0 days 01:02:55.868000,0 days 01:03:26.652000,0 days 01:04:30.944000,105.0,278.0,,293.0,False,MEDIUM,18.0,True,Williams,0 days 01:02:30.032000,,1,19.0,,,False,False
0 days 01:06:13.654000,LAT,6,0 days 00:01:42.723000,19.0,2.0,0 days 01:04:31.990000,,0 days 00:00:28.803000,0 days 00:00:29.822000,0 days 00:00:44.098000,0 days 01:04:59.747000,0 days 01:05:29.569000,0 days 01:06:13.667000,115.0,276.0,285.0,289.0,False,HARD,1.0,True,Williams,0 days 01:04:30.931000,,1,19.0,,,False,False
0 days 01:07:53.408000,LAT,6,0 days 00:01:39.754000,20.0,2.0,,,0 days 00:00:25.356000,0 days 00:00:29.764000,0 days 00:00:44.634000,0 days 01:06:39.023000,0 days 01:07:08.787000,0 days 01:07:53.421000,112.0,277.0,294.0,296.0,True,HARD,2.0,True,Williams,0 days 01:06:13.654000,,1,19.0,,,False,True
0 days 01:09:32.954000,LAT,6,0 days 00:01:39.546000,21.0,2.0,,,0 days 00:00:25.464000,0 days 00:00:29.813000,0 days 00:00:44.269000,0 days 01:08:18.885000,0 days 01:08:48.698000,0 days 01:09:32.967000,109.0,278.0,295.0,298.0,True,HARD,3.0,True,Williams,0 days 01:07:53.408000,,1,19.0,,,False,True
0 days 01:11:13.056000,LAT,6,0 days 00:01:40.102000,22.0,2.0,,,0 days 00:00:25.524000,0 days 00:00:29.940000,0 days 00:00:44.638000,0 days 01:09:58.491000,0 days 01:10:28.431000,0 days 01:11:13.069000,108.0,280.0,307.0,301.0,False,HARD,4.0,True,Williams,0 days 01:09:32.954000,,1,19.0,,,False,True
0 days 01:12:53.637000,LAT,6,0 days 00:01:40.581000,23.0,2.0,,,0 days 00:00:26.131000,0 days 00:00:29.407000,0 days 00:00:45.043000,0 days 01:11:39.200000,0 days 01:12:08.607000,0 days 01:12:53.650000,105.0,276.0,293.0,317.0,False,HARD,5.0,True,Williams,0 days 01:11:13.056000,,1,18.0,,,False,True
0 days 01:14:34.894000,LAT,6,0 days 00:01:41.257000,24.0,2.0,,,0 days 00:00:26.011000,0 days 00:00:30.393000,0 days 00:00:44.853000,0 days 01:13:19.661000,0 days 01:13:50.054000,0 days 01:14:34.907000,109.0,276.0,294.0,293.0,False,HARD,6.0,True,Williams,0 days 01:12:53.637000,,1,18.0,,,False,True
0 days 01:16:15.274000,LAT,6,0 days 00:01:40.380000,25.0,2.0,,,0 days 00:00:25.470000,0 days 00:00:30.133000,0 days 00:00:44.777000,0 days 01:15:00.377000,0 days 01:15:30.510000,0 days 01:16:15.287000,108.0,275.0,293.0,293.0,False,HARD,7.0,True,Williams,0 days 01:14:34.894000,,1,18.0,,,False,True
0 days 01:17:55.527000,LAT,6,0 days 00:01:40.253000,26.0,2.0,,,0 days 00:00:25.630000,0 days 00:00:29.904000,0 days 00:00:44.719000,0 days 01:16:40.917000,0 days 01:17:10.821000,0 days 01:17:55.540000,110.0,277.0,292.0,294.0,False,HARD,8.0,True,Williams,0 days 01:16:15.274000,,1,18.0,,,False,True
0 days 01:19:35.966000,LAT,6,0 days 00:01:40.439000,27.0,2.0,,,0 days 00:00:25.794000,0 days 00:00:29.895000,0 days 00:00:44.750000,0 days 01:18:21.334000,0 days 01:18:51.229000,0 days 01:19:35.979000,107.0,276.0,292.0,296.0,False,HARD,9.0,True,Williams,0 days 01:17:55.527000,,1,18.0,,,False,True
0 days 01:21:17.335000,LAT,6,0 days 00:01:41.369000,28.0,2.0,,,0 days 00:00:25.774000,0 days 00:00:30.172000,0 days 00:00:45.423000,0 days 01:20:01.753000,0 days 01:20:31.925000,0 days 01:21:17.348000,105.0,275.0,295.0,299.0,False,HARD,10.0,True,Williams,0 days 01:19:35.966000,,1,17.0,,,False,True
0 days 01:22:58.267000,LAT,6,0 days 00:01:40.932000,29.0,2.0,,,0 days 00:00:25.860000,0 days 00:00:30.131000,0 days 00:00:44.941000,0 days 01:21:43.208000,0 days 01:22:13.339000,0 days 01:22:58.280000,106.0,276.0,292.0,297.0,False,HARD,11.0,True,Williams,0 days 01:21:17.335000,,1,16.0,,,False,True
0 days 01:24:39.286000,LAT,6,0 days 00:01:41.019000,30.0,2.0,,,0 days 00:00:25.877000,0 days 00:00:30.283000,0 days 00:00:44.859000,0 days 01:23:24.157000,0 days 01:23:54.440000,0 days 01:24:39.299000,102.0,278.0,293.0,295.0,False,HARD,12.0,True,Williams,0 days 01:22:58.267000,,1,16.0,,,False,True
0 days 01:26:20.734000,LAT,6,0 days 00:01:41.448000,31.0,2.0,,,0 days 00:00:25.816000,0 days 00:00:30.358000,0 days 00:00:45.274000,0 days 01:25:05.115000,0 days 01:25:35.473000,0 days 01:26:20.747000,106.0,282.0,295.0,294.0,False,HARD,13.0,True,Williams,0 days 01:24:39.286000,,1,17.0,,,False,True
0 days 01:28:01.981000,LAT,6,0 days 00:01:41.247000,32.0,2.0,,,0 days 00:00:26.286000,0 days 00:00:30.064000,0 days 00:00:44.897000,0 days 01:26:47.033000,0 days 01:27:17.097000,0 days 01:28:01.994000,101.0,278.0,297.0,300.0,False,HARD,14.0,True,Williams,0 days 01:26:20.734000,,1,18.0,,,False,True
0 days 01:29:42.440000,LAT,6,0 days 00:01:40.459000,33.0,2.0,,,0 days 00:00:25.799000,0 days 00:00:29.883000,0 days 00:00:44.777000,0 days 01:28:27.793000,0 days 01:28:57.676000,0 days 01:29:42.453000,109.0,277.0,294.0,299.0,False,HARD,15.0,True,Williams,0 days 01:28:01.981000,,1,17.0,,,False,True
0 days 01:31:22.491000,LAT,6,0 days 00:01:40.051000,34.0,2.0,,,0 days 00:00:25.668000,0 days 00:00:29.971000,0 days 00:00:44.412000,0 days 01:30:08.121000,0 days 01:30:38.092000,0 days 01:31:22.504000,109.0,278.0,293.0,298.0,False,HARD,16.0,True,Williams,0 days 01:29:42.440000,,1,17.0,,,False,True
0 days 01:33:02.652000,LAT,6,0 days 00:01:40.161000,35.0,2.0,,,0 days 00:00:25.692000,0 days 00:00:29.894000,0 days 00:00:44.575000,0 days 01:31:48.196000,0 days 01:32:18.090000,0 days 01:33:02.665000,108.0,279.0,291.0,296.0,False,HARD,17.0,True,Williams,0 days 01:31:22.491000,,1,17.0,,,False,True
0 days 01:34:42.679000,LAT,6,0 days 00:01:40.027000,36.0,2.0,,,0 days 00:00:25.608000,0 days 00:00:29.954000,0 days 00:00:44.465000,0 days 01:33:28.273000,0 days 01:33:58.227000,0 days 01:34:42.692000,106.0,278.0,294.0,297.0,False,HARD,18.0,True,Williams,0 days 01:33:02.652000,,1,17.0,,,False,True
0 days 01:36:22.467000,LAT,6,0 days 00:01:39.788000,37.0,2.0,,,0 days 00:00:25.410000,0 days 00:00:30.020000,0 days 00:00:44.358000,0 days 01:35:08.102000,0 days 01:35:38.122000,0 days 01:36:22.480000,106.0,278.0,293.0,294.0,False,HARD,19.0,True,Williams,0 days 01:34:42.679000,,1,17.0,,,False,True
0 days 01:38:04.088000,LAT,6,0 days 00:01:41.621000,38.0,2.0,,,0 days 00:00:25.939000,0 days 00:00:29.704000,0 days 00:00:45.978000,0 days 01:36:48.419000,0 days 01:37:18.123000,0 days 01:38:04.101000,109.0,279.0,294.0,296.0,False,HARD,20.0,True,Williams,0 days 01:36:22.467000,,1,17.0,,,False,True
0 days 01:39:46.037000,LAT,6,0 days 00:01:41.949000,39.0,2.0,,,0 days 00:00:27.387000,0 days 00:00:29.695000,0 days 00:00:44.867000,0 days 01:38:31.488000,0 days 01:39:01.183000,0 days 01:39:46.050000,107.0,280.0,310.0,311.0,False,HARD,21.0,True,Williams,0 days 01:38:04.088000,,1,18.0,,,False,True
0 days 01:41:27.505000,LAT,6,0 days 00:01:41.468000,40.0,2.0,,,0 days 00:00:26.099000,0 days 00:00:30.638000,0 days 00:00:44.731000,0 days 01:40:12.149000,0 days 01:40:42.787000,0 days 01:41:27.518000,104.0,284.0,298.0,266.0,False,HARD,22.0,True,Williams,0 days 01:39:46.037000,,1,18.0,,,False,True
0 days 01:43:08.489000,LAT,6,0 days 00:01:40.984000,41.0,2.0,,,0 days 00:00:25.536000,0 days 00:00:29.607000,0 days 00:00:45.841000,0 days 01:41:53.054000,0 days 01:42:22.661000,0 days 01:43:08.502000,107.0,280.0,298.0,301.0,False,HARD,23.0,True,Williams,0 days 01:41:27.505000,,1,18.0,,,False,True
0 days 01:44:47.460000,LAT,6,0 days 00:01:38.971000,42.0,2.0,,,0 days 00:00:25.314000,0 days 00:00:29.461000,0 days 00:00:44.196000,0 days 01:43:33.816000,0 days 01:44:03.277000,0 days 01:44:47.473000,107.0,282.0,295.0,304.0,True,HARD,24.0,True,Williams,0 days 01:43:08.489000,,1,18.0,,,False,True
0 days 01:46:26.212000,LAT,6,0 days 00:01:38.752000,43.0,2.0,,,0 days 00:00:25.132000,0 days 00:00:29.494000,0 days 00:00:44.126000,0 days 01:45:12.605000,0 days 01:45:42.099000,0 days 01:46:26.225000,110.0,280.0,294.0,302.0,True,HARD,25.0,True,Williams,0 days 01:44:47.460000,,1,18.0,,,False,True
0 days 01:48:05.218000,LAT,6,0 days 00:01:39.006000,44.0,2.0,,,0 days 00:00:25.350000,0 days 00:00:29.595000,0 days 00:00:44.061000,0 days 01:46:51.575000,0 days 01:47:21.170000,0 days 01:48:05.231000,107.0,279.0,294.0,299.0,False,HARD,26.0,True,Williams,0 days 01:46:26.212000,,1,18.0,,,False,True
0 days 01:49:44.225000,LAT,6,0 days 00:01:39.007000,45.0,2.0,,,0 days 00:00:25.209000,0 days 00:00:29.657000,0 days 00:00:44.141000,0 days 01:48:30.440000,0 days 01:49:00.097000,0 days 01:49:44.238000,109.0,280.0,295.0,297.0,False,HARD,27.0,True,Williams,0 days 01:48:05.218000,,1,18.0,,,False,True
0 days 01:51:23.079000,LAT,6,0 days 00:01:38.854000,46.0,2.0,,,0 days 00:00:25.207000,0 days 00:00:29.601000,0 days 00:00:44.046000,0 days 01:50:09.445000,0 days 01:50:39.046000,0 days 01:51:23.092000,107.0,280.0,297.0,298.0,False,HARD,28.0,True,Williams,0 days 01:49:44.225000,,1,18.0,,,False,True
0 days 01:53:02.031000,LAT,6,0 days 00:01:38.952000,47.0,2.0,,,0 days 00:00:25.347000,0 days 00:00:29.705000,0 days 00:00:43.900000,0 days 01:51:48.439000,0 days 01:52:18.144000,0 days 01:53:02.044000,109.0,280.0,295.0,298.0,False,HARD,29.0,True,Williams,0 days 01:51:23.079000,,1,18.0,,,False,True
0 days 01:54:41.291000,LAT,6,0 days 00:01:39.260000,48.0,2.0,,,0 days 00:00:25.326000,0 days 00:00:29.707000,0 days 00:00:44.227000,0 days 01:53:27.370000,0 days 01:53:57.077000,0 days 01:54:41.304000,110.0,280.0,295.0,300.0,False,HARD,30.0,True,Williams,0 days 01:53:02.031000,,1,18.0,,,False,True
0 days 01:56:19.978000,LAT,6,0 days 00:01:38.687000,49.0,2.0,,,0 days 00:00:25.160000,0 days 00:00:29.481000,0 days 00:00:44.046000,0 days 01:55:06.464000,0 days 01:55:35.945000,0 days 01:56:19.991000,105.0,280.0,298.0,298.0,True,HARD,31.0,True,Williams,0 days 01:54:41.291000,,1,18.0,,,False,True
0 days 01:57:58.291000,LAT,6,0 days 00:01:38.313000,50.0,2.0,,,0 days 00:00:24.847000,0 days 00:00:29.519000,0 days 00:00:43.947000,0 days 01:56:44.838000,0 days 01:57:14.357000,0 days 01:57:58.304000,107.0,279.0,299.0,300.0,True,HARD,32.0,True,Williams,0 days 01:56:19.978000,,1,18.0,,,False,True
0 days 01:59:37.003000,LAT,6,0 days 00:01:38.712000,51.0,2.0,,,0 days 00:00:25.362000,0 days 00:00:29.540000,0 days 00:00:43.810000,0 days 01:58:23.666000,0 days 01:58:53.206000,0 days 01:59:37.016000,103.0,280.0,296.0,303.0,False,HARD,33.0,True,Williams,0 days 01:57:58.291000,,1,18.0,,,False,True
0 days 02:01:15.687000,LAT,6,0 days 00:01:38.684000,52.0,2.0,,,0 days 00:00:25.317000,0 days 00:00:29.422000,0 days 00:00:43.945000,0 days 02:00:02.333000,0 days 02:00:31.755000,0 days 02:01:15.700000,103.0,282.0,306.0,305.0,False,HARD,34.0,True,Williams,0 days 01:59:37.003000,,1,18.0,,,False,True
0 days 00:35:22.928000,MSC,47,0 days 00:01:56.462000,1.0,1.0,,,,0 days 00:00:32.499000,0 days 00:00:47.286000,,0 days 00:34:35.714000,0 days 00:35:23.140000,113.0,276.0,293.0,282.0,False,MEDIUM,1.0,True,Haas F1 Team,0 days 00:33:26.312000,,1,19.0,,,False,False
0 days 00:37:07.106000,MSC,47,0 days 00:01:44.178000,2.0,1.0,,,0 days 00:00:26.728000,0 days 00:00:31.143000,0 days 00:00:46.307000,0 days 00:35:49.695000,0 days 00:36:20.838000,0 days 00:37:07.145000,103.0,274.0,292.0,310.0,True,MEDIUM,2.0,True,Haas F1 Team,0 days 00:35:22.928000,,1,19.0,,,False,True
0 days 00:38:49.766000,MSC,47,0 days 00:01:42.660000,3.0,1.0,,,0 days 00:00:26.789000,0 days 00:00:30.155000,0 days 00:00:45.716000,0 days 00:37:33.934000,0 days 00:38:04.089000,0 days 00:38:49.805000,107.0,272.0,303.0,331.0,True,MEDIUM,3.0,True,Haas F1 Team,0 days 00:37:07.106000,,1,19.0,,,False,True
0 days 00:40:37.369000,MSC,47,0 days 00:01:47.603000,4.0,1.0,,,0 days 00:00:30.064000,0 days 00:00:31.167000,0 days 00:00:46.372000,0 days 00:39:19.869000,0 days 00:39:51.036000,0 days 00:40:37.408000,120.0,269.0,289.0,290.0,False,MEDIUM,4.0,True,Haas F1 Team,0 days 00:38:49.766000,,1,20.0,,,False,True
0 days 00:42:20.241000,MSC,47,0 days 00:01:42.872000,5.0,1.0,,,0 days 00:00:26.406000,0 days 00:00:30.683000,0 days 00:00:45.783000,0 days 00:41:03.814000,0 days 00:41:34.497000,0 days 00:42:20.280000,108.0,271.0,288.0,299.0,False,MEDIUM,5.0,True,Haas F1 Team,0 days 00:40:37.369000,,1,20.0,,,False,True
0 days 00:44:02.520000,MSC,47,0 days 00:01:42.279000,6.0,1.0,,,0 days 00:00:26.237000,0 days 00:00:30.515000,0 days 00:00:45.527000,0 days 00:42:46.517000,0 days 00:43:17.032000,0 days 00:44:02.559000,108.0,269.0,287.0,302.0,True,MEDIUM,6.0,True,Haas F1 Team,0 days 00:42:20.241000,,1,20.0,,,False,True
0 days 00:45:44.506000,MSC,47,0 days 00:01:41.986000,7.0,1.0,,,0 days 00:00:25.771000,0 days 00:00:30.441000,0 days 00:00:45.774000,0 days 00:44:28.330000,0 days 00:44:58.771000,0 days 00:45:44.545000,108.0,267.0,290.0,297.0,True,MEDIUM,7.0,True,Haas F1 Team,0 days 00:44:02.520000,,1,20.0,,,False,True
0 days 00:47:25.816000,MSC,47,0 days 00:01:41.310000,8.0,1.0,,,0 days 00:00:25.583000,0 days 00:00:30.211000,0 days 00:00:45.516000,0 days 00:46:10.128000,0 days 00:46:40.339000,0 days 00:47:25.855000,110.0,269.0,287.0,297.0,True,MEDIUM,8.0,True,Haas F1 Team,0 days 00:45:44.506000,,1,20.0,,,False,True
0 days 00:49:06.914000,MSC,47,0 days 00:01:41.098000,9.0,1.0,,,0 days 00:00:25.643000,0 days 00:00:30.235000,0 days 00:00:45.220000,0 days 00:47:51.498000,0 days 00:48:21.733000,0 days 00:49:06.953000,110.0,269.0,288.0,300.0,True,MEDIUM,9.0,True,Haas F1 Team,0 days 00:47:25.816000,,1,20.0,,,False,True
0 days 00:50:48.232000,MSC,47,0 days 00:01:41.318000,10.0,1.0,,,0 days 00:00:25.802000,0 days 00:00:30.137000,0 days 00:00:45.379000,0 days 00:49:32.755000,0 days 00:50:02.892000,0 days 00:50:48.271000,105.0,270.0,288.0,298.0,False,MEDIUM,10.0,True,Haas F1 Team,0 days 00:49:06.914000,,1,20.0,,,False,True
0 days 00:52:30.301000,MSC,47,0 days 00:01:42.069000,11.0,1.0,,,0 days 00:00:25.988000,0 days 00:00:30.559000,0 days 00:00:45.522000,0 days 00:51:14.259000,0 days 00:51:44.818000,0 days 00:52:30.340000,104.0,268.0,289.0,298.0,False,MEDIUM,11.0,True,Haas F1 Team,0 days 00:50:48.232000,,1,20.0,,,False,True
0 days 00:54:12.501000,MSC,47,0 days 00:01:42.200000,12.0,1.0,,,0 days 00:00:25.797000,0 days 00:00:30.502000,0 days 00:00:45.901000,0 days 00:52:56.137000,0 days 00:53:26.639000,0 days 00:54:12.540000,104.0,268.0,289.0,301.0,False,MEDIUM,12.0,True,Haas F1 Team,0 days 00:52:30.301000,,1,20.0,,,False,True
0 days 00:55:55.049000,MSC,47,0 days 00:01:42.548000,13.0,1.0,,,0 days 00:00:26.002000,0 days 00:00:30.427000,0 days 00:00:46.119000,0 days 00:54:38.542000,0 days 00:55:08.969000,0 days 00:55:55.088000,109.0,270.0,286.0,300.0,False,MEDIUM,13.0,True,Haas F1 Team,0 days 00:54:12.501000,,1,20.0,,,False,True
0 days 00:57:37.598000,MSC,47,0 days 00:01:42.549000,14.0,1.0,,,0 days 00:00:26.179000,0 days 00:00:30.644000,0 days 00:00:45.726000,0 days 00:56:21.267000,0 days 00:56:51.911000,0 days 00:57:37.637000,102.0,270.0,287.0,303.0,False,MEDIUM,14.0,True,Haas F1 Team,0 days 00:55:55.049000,,1,20.0,,,False,True
0 days 00:59:40.840000,MSC,47,0 days 00:02:03.242000,15.0,1.0,,0 days 00:59:11.648000,0 days 00:00:26.062000,0 days 00:00:30.743000,0 days 00:01:06.437000,0 days 00:58:03.699000,0 days 00:58:34.442000,0 days 00:59:40.879000,105.0,270.0,,300.0,False,MEDIUM,15.0,True,Haas F1 Team,0 days 00:57:37.598000,,1,20.0,,,False,False
0 days 01:01:26.117000,MSC,47,0 days 00:01:45.277000,16.0,2.0,0 days 00:59:41.574000,,0 days 00:00:29.732000,0 days 00:00:30.643000,0 days 00:00:44.902000,0 days 01:00:10.611000,0 days 01:00:41.254000,0 days 01:01:26.156000,108.0,270.0,289.0,294.0,False,HARD,1.0,True,Haas F1 Team,0 days 00:59:40.840000,,1,20.0,,,False,False
0 days 01:03:06.496000,MSC,47,0 days 00:01:40.379000,17.0,2.0,,,0 days 00:00:25.448000,0 days 00:00:30.184000,0 days 00:00:44.747000,0 days 01:01:51.604000,0 days 01:02:21.788000,0 days 01:03:06.535000,114.0,272.0,289.0,294.0,True,HARD,2.0,True,Haas F1 Team,0 days 01:01:26.117000,,1,20.0,,,False,True
0 days 01:04:46.443000,MSC,47,0 days 00:01:39.947000,18.0,2.0,,,0 days 00:00:25.236000,0 days 00:00:30.075000,0 days 00:00:44.636000,0 days 01:03:31.771000,0 days 01:04:01.846000,0 days 01:04:46.482000,111.0,271.0,291.0,296.0,True,HARD,3.0,True,Haas F1 Team,0 days 01:03:06.496000,,1,20.0,,,False,True
0 days 01:06:26.514000,MSC,47,0 days 00:01:40.071000,19.0,2.0,,,0 days 00:00:25.325000,0 days 00:00:30.104000,0 days 00:00:44.642000,0 days 01:05:11.807000,0 days 01:05:41.911000,0 days 01:06:26.553000,110.0,272.0,289.0,296.0,False,HARD,4.0,True,Haas F1 Team,0 days 01:04:46.443000,,1,20.0,,,False,True
0 days 01:08:07.511000,MSC,47,0 days 00:01:40.997000,20.0,2.0,,,0 days 00:00:25.664000,0 days 00:00:30.364000,0 days 00:00:44.969000,0 days 01:06:52.217000,0 days 01:07:22.581000,0 days 01:08:07.550000,112.0,270.0,289.0,296.0,False,HARD,5.0,True,Haas F1 Team,0 days 01:06:26.514000,,1,20.0,,,False,True
0 days 01:09:48.742000,MSC,47,0 days 00:01:41.231000,21.0,2.0,,,0 days 00:00:25.437000,0 days 00:00:30.507000,0 days 00:00:45.287000,0 days 01:08:32.987000,0 days 01:09:03.494000,0 days 01:09:48.781000,109.0,270.0,289.0,296.0,False,HARD,6.0,True,Haas F1 Team,0 days 01:08:07.511000,,1,20.0,,,False,True
0 days 01:11:29.985000,MSC,47,0 days 00:01:41.243000,22.0,2.0,,,0 days 00:00:25.690000,0 days 00:00:30.417000,0 days 00:00:45.136000,0 days 01:10:14.471000,0 days 01:10:44.888000,0 days 01:11:30.024000,110.0,271.0,289.0,295.0,False,HARD,7.0,True,Haas F1 Team,0 days 01:09:48.742000,,1,20.0,,,False,True
0 days 01:13:11.185000,MSC,47,0 days 00:01:41.200000,23.0,2.0,,,0 days 00:00:25.580000,0 days 00:00:30.586000,0 days 00:00:45.034000,0 days 01:11:55.604000,0 days 01:12:26.190000,0 days 01:13:11.224000,110.0,271.0,290.0,294.0,False,HARD,8.0,True,Haas F1 Team,0 days 01:11:29.985000,,1,20.0,,,False,True
0 days 01:14:52.551000,MSC,47,0 days 00:01:41.366000,24.0,2.0,,,0 days 00:00:25.586000,0 days 00:00:30.708000,0 days 00:00:45.072000,0 days 01:13:36.810000,0 days 01:14:07.518000,0 days 01:14:52.590000,111.0,270.0,289.0,296.0,False,HARD,9.0,True,Haas F1 Team,0 days 01:13:11.185000,,1,20.0,,,False,True
0 days 01:16:33.543000,MSC,47,0 days 00:01:40.992000,25.0,2.0,,,0 days 00:00:25.518000,0 days 00:00:30.455000,0 days 00:00:45.019000,0 days 01:15:18.108000,0 days 01:15:48.563000,0 days 01:16:33.582000,108.0,270.0,288.0,295.0,False,HARD,10.0,True,Haas F1 Team,0 days 01:14:52.551000,,1,20.0,,,False,True
0 days 01:18:14.279000,MSC,47,0 days 00:01:40.736000,26.0,2.0,,,0 days 00:00:25.528000,0 days 00:00:30.247000,0 days 00:00:44.961000,0 days 01:16:59.110000,0 days 01:17:29.357000,0 days 01:18:14.318000,111.0,271.0,287.0,298.0,False,HARD,11.0,True,Haas F1 Team,0 days 01:16:33.543000,,1,20.0,,,False,True
0 days 01:19:55.416000,MSC,47,0 days 00:01:41.137000,27.0,2.0,,,0 days 00:00:25.373000,0 days 00:00:30.344000,0 days 00:00:45.420000,0 days 01:18:39.691000,0 days 01:19:10.035000,0 days 01:19:55.455000,109.0,270.0,288.0,299.0,False,HARD,12.0,True,Haas F1 Team,0 days 01:18:14.279000,,1,20.0,,,False,True
0 days 01:21:36.982000,MSC,47,0 days 00:01:41.566000,28.0,2.0,,,0 days 00:00:25.625000,0 days 00:00:30.268000,0 days 00:00:45.673000,0 days 01:20:21.080000,0 days 01:20:51.348000,0 days 01:21:37.021000,108.0,270.0,288.0,299.0,False,HARD,13.0,True,Haas F1 Team,0 days 01:19:55.416000,,1,20.0,,,False,True
0 days 01:23:24.103000,MSC,47,0 days 00:01:47.121000,29.0,2.0,,,0 days 00:00:31.413000,0 days 00:00:30.793000,0 days 00:00:44.915000,0 days 01:22:08.434000,0 days 01:22:39.227000,0 days 01:23:24.142000,100.0,272.0,290.0,300.0,False,HARD,14.0,True,Haas F1 Team,0 days 01:21:36.982000,,1,20.0,,,False,True
0 days 01:25:04.728000,MSC,47,0 days 00:01:40.625000,30.0,2.0,,,0 days 00:00:25.524000,0 days 00:00:30.460000,0 days 00:00:44.641000,0 days 01:23:49.666000,0 days 01:24:20.126000,0 days 01:25:04.767000,106.0,274.0,291.0,299.0,False,HARD,15.0,True,Haas F1 Team,0 days 01:23:24.103000,,1,20.0,,,False,True
0 days 01:26:45.082000,MSC,47,0 days 00:01:40.354000,31.0,2.0,,,0 days 00:00:25.397000,0 days 00:00:30.287000,0 days 00:00:44.670000,0 days 01:25:30.164000,0 days 01:26:00.451000,0 days 01:26:45.121000,109.0,272.0,290.0,297.0,False,HARD,16.0,True,Haas F1 Team,0 days 01:25:04.728000,,1,19.0,,,False,True
0 days 01:28:25.832000,MSC,47,0 days 00:01:40.750000,32.0,2.0,,,0 days 00:00:25.432000,0 days 00:00:30.307000,0 days 00:00:45.011000,0 days 01:27:10.553000,0 days 01:27:40.860000,0 days 01:28:25.871000,107.0,271.0,291.0,298.0,False,HARD,17.0,True,Haas F1 Team,0 days 01:26:45.082000,,1,19.0,,,False,True
0 days 01:30:09.479000,MSC,47,0 days 00:01:43.647000,33.0,2.0,,,0 days 00:00:25.575000,0 days 00:00:30.330000,0 days 00:00:47.742000,0 days 01:28:51.446000,0 days 01:29:21.776000,0 days 01:30:09.518000,108.0,265.0,293.0,299.0,False,HARD,18.0,True,Haas F1 Team,0 days 01:28:25.832000,,1,19.0,,,False,True
0 days 01:31:49.392000,MSC,47,0 days 00:01:39.913000,34.0,2.0,,,0 days 00:00:25.523000,0 days 00:00:30.188000,0 days 00:00:44.202000,0 days 01:30:35.041000,0 days 01:31:05.229000,0 days 01:31:49.431000,107.0,273.0,290.0,298.0,True,HARD,19.0,True,Haas F1 Team,0 days 01:30:09.479000,,1,19.0,,,False,True
0 days 01:33:29.473000,MSC,47,0 days 00:01:40.081000,35.0,2.0,,,0 days 00:00:25.464000,0 days 00:00:30.159000,0 days 00:00:44.458000,0 days 01:32:14.895000,0 days 01:32:45.054000,0 days 01:33:29.512000,104.0,273.0,289.0,299.0,False,HARD,20.0,True,Haas F1 Team,0 days 01:31:49.392000,,1,19.0,,,False,True
0 days 01:35:09.360000,MSC,47,0 days 00:01:39.887000,36.0,2.0,,,0 days 00:00:25.293000,0 days 00:00:30.113000,0 days 00:00:44.481000,0 days 01:33:54.805000,0 days 01:34:24.918000,0 days 01:35:09.399000,108.0,273.0,290.0,301.0,True,HARD,21.0,True,Haas F1 Team,0 days 01:33:29.473000,,1,19.0,,,False,True
0 days 01:36:49.564000,MSC,47,0 days 00:01:40.204000,37.0,2.0,,,0 days 00:00:25.330000,0 days 00:00:30.340000,0 days 00:00:44.534000,0 days 01:35:34.729000,0 days 01:36:05.069000,0 days 01:36:49.603000,103.0,273.0,289.0,297.0,False,HARD,22.0,True,Haas F1 Team,0 days 01:35:09.360000,,1,19.0,,,False,True
0 days 01:38:29.842000,MSC,47,0 days 00:01:40.278000,38.0,2.0,,,0 days 00:00:25.356000,0 days 00:00:30.228000,0 days 00:00:44.694000,0 days 01:37:14.959000,0 days 01:37:45.187000,0 days 01:38:29.881000,107.0,273.0,288.0,299.0,False,HARD,23.0,True,Haas F1 Team,0 days 01:36:49.564000,,1,19.0,,,False,True
0 days 01:40:09.841000,MSC,47,0 days 00:01:39.999000,39.0,2.0,,,0 days 00:00:25.274000,0 days 00:00:30.119000,0 days 00:00:44.606000,0 days 01:38:55.155000,0 days 01:39:25.274000,0 days 01:40:09.880000,109.0,272.0,290.0,298.0,False,HARD,24.0,True,Haas F1 Team,0 days 01:38:29.842000,,1,19.0,,,False,True
0 days 01:41:49.354000,MSC,47,0 days 00:01:39.513000,40.0,2.0,,,0 days 00:00:25.184000,0 days 00:00:30.076000,0 days 00:00:44.253000,0 days 01:40:35.064000,0 days 01:41:05.140000,0 days 01:41:49.393000,108.0,273.0,290.0,298.0,True,HARD,25.0,True,Haas F1 Team,0 days 01:40:09.841000,,1,19.0,,,False,True
0 days 01:43:29.710000,MSC,47,0 days 00:01:40.356000,41.0,2.0,,,0 days 00:00:25.311000,0 days 00:00:30.163000,0 days 00:00:44.882000,0 days 01:42:14.704000,0 days 01:42:44.867000,0 days 01:43:29.749000,107.0,273.0,290.0,296.0,False,HARD,26.0,True,Haas F1 Team,0 days 01:41:49.354000,,1,19.0,,,False,True
0 days 01:45:09.494000,MSC,47,0 days 00:01:39.784000,42.0,2.0,,,0 days 00:00:25.319000,0 days 00:00:30.047000,0 days 00:00:44.418000,0 days 01:43:55.068000,0 days 01:44:25.115000,0 days 01:45:09.533000,105.0,274.0,289.0,299.0,False,HARD,27.0,True,Haas F1 Team,0 days 01:43:29.710000,,1,19.0,,,False,True
0 days 01:46:49.235000,MSC,47,0 days 00:01:39.741000,43.0,2.0,,,0 days 00:00:25.299000,0 days 00:00:29.966000,0 days 00:00:44.476000,0 days 01:45:34.832000,0 days 01:46:04.798000,0 days 01:46:49.274000,107.0,273.0,289.0,297.0,False,HARD,28.0,True,Haas F1 Team,0 days 01:45:09.494000,,1,19.0,,,False,True
0 days 01:48:28.627000,MSC,47,0 days 00:01:39.392000,44.0,2.0,,,0 days 00:00:25.156000,0 days 00:00:30.009000,0 days 00:00:44.227000,0 days 01:47:14.430000,0 days 01:47:44.439000,0 days 01:48:28.666000,110.0,273.0,288.0,299.0,True,HARD,29.0,True,Haas F1 Team,0 days 01:46:49.235000,,1,19.0,,,False,True
0 days 01:50:08.344000,MSC,47,0 days 00:01:39.717000,45.0,2.0,,,0 days 00:00:25.149000,0 days 00:00:30.077000,0 days 00:00:44.491000,0 days 01:48:53.815000,0 days 01:49:23.892000,0 days 01:50:08.383000,107.0,273.0,289.0,298.0,False,HARD,30.0,True,Haas F1 Team,0 days 01:48:28.627000,,1,19.0,,,False,True
0 days 01:51:48.226000,MSC,47,0 days 00:01:39.882000,46.0,2.0,,,0 days 00:00:25.343000,0 days 00:00:30.122000,0 days 00:00:44.417000,0 days 01:50:33.726000,0 days 01:51:03.848000,0 days 01:51:48.265000,111.0,274.0,290.0,298.0,False,HARD,31.0,True,Haas F1 Team,0 days 01:50:08.344000,,1,19.0,,,False,True
0 days 01:53:28.393000,MSC,47,0 days 00:01:40.167000,47.0,2.0,,,0 days 00:00:25.458000,0 days 00:00:30.138000,0 days 00:00:44.571000,0 days 01:52:13.723000,0 days 01:52:43.861000,0 days 01:53:28.432000,109.0,274.0,289.0,297.0,False,HARD,32.0,True,Haas F1 Team,0 days 01:51:48.226000,,1,19.0,,,False,True
0 days 01:55:08.508000,MSC,47,0 days 00:01:40.115000,48.0,2.0,,,0 days 00:00:25.361000,0 days 00:00:30.209000,0 days 00:00:44.545000,0 days 01:53:53.793000,0 days 01:54:24.002000,0 days 01:55:08.547000,100.0,273.0,290.0,297.0,False,HARD,33.0,True,Haas F1 Team,0 days 01:53:28.393000,,1,19.0,,,False,True
0 days 01:56:48.781000,MSC,47,0 days 00:01:40.273000,49.0,2.0,,,0 days 00:00:25.233000,0 days 00:00:30.174000,0 days 00:00:44.866000,0 days 01:55:33.780000,0 days 01:56:03.954000,0 days 01:56:48.820000,108.0,273.0,290.0,298.0,False,HARD,34.0,True,Haas F1 Team,0 days 01:55:08.508000,,1,19.0,,,False,True
0 days 01:58:28.493000,MSC,47,0 days 00:01:39.712000,50.0,2.0,,,0 days 00:00:25.205000,0 days 00:00:30.227000,0 days 00:00:44.280000,0 days 01:57:14.025000,0 days 01:57:44.252000,0 days 01:58:28.532000,108.0,272.0,290.0,297.0,False,HARD,35.0,True,Haas F1 Team,0 days 01:56:48.781000,,1,19.0,,,False,True
0 days 02:00:07.340000,MSC,47,0 days 00:01:38.847000,51.0,2.0,,,0 days 00:00:25.020000,0 days 00:00:29.962000,0 days 00:00:43.865000,0 days 01:58:53.552000,0 days 01:59:23.514000,0 days 02:00:07.379000,104.0,273.0,291.0,298.0,True,HARD,36.0,True,Haas F1 Team,0 days 01:58:28.493000,,1,19.0,,,False,True
0 days 02:01:46.373000,MSC,47,0 days 00:01:39.033000,52.0,2.0,,,0 days 00:00:25.114000,0 days 00:00:29.950000,0 days 00:00:43.969000,0 days 02:00:32.493000,0 days 02:01:02.443000,0 days 02:01:46.412000,106.0,275.0,289.0,300.0,False,HARD,37.0,True,Haas F1 Team,0 days 02:00:07.340000,,1,19.0,,,False,True
0 days 00:35:23.492000,MAZ,9,0 days 00:01:57.026000,1.0,1.0,,,,0 days 00:00:32.840000,0 days 00:00:47.083000,,0 days 00:34:36.482000,0 days 00:35:23.667000,98.0,276.0,293.0,272.0,False,HARD,1.0,True,Haas F1 Team,0 days 00:33:26.312000,,1,20.0,,,False,False
0 days 00:37:08.099000,MAZ,9,0 days 00:01:44.607000,2.0,1.0,,,0 days 00:00:26.707000,0 days 00:00:31.161000,0 days 00:00:46.739000,0 days 00:35:50.238000,0 days 00:36:21.399000,0 days 00:37:08.138000,106.0,274.0,292.0,318.0,True,HARD,2.0,True,Haas F1 Team,0 days 00:35:23.492000,,1,20.0,,,False,True
0 days 00:38:50.771000,MAZ,9,0 days 00:01:42.672000,3.0,1.0,,,0 days 00:00:26.639000,0 days 00:00:30.346000,0 days 00:00:45.687000,0 days 00:37:34.777000,0 days 00:38:05.123000,0 days 00:38:50.810000,106.0,270.0,302.0,328.0,True,HARD,3.0,True,Haas F1 Team,0 days 00:37:08.099000,,1,20.0,,,False,True
0 days 00:40:33.372000,MAZ,9,0 days 00:01:42.601000,4.0,1.0,,,0 days 00:00:26.359000,0 days 00:00:30.471000,0 days 00:00:45.771000,0 days 00:39:17.169000,0 days 00:39:47.640000,0 days 00:40:33.411000,103.0,271.0,293.0,303.0,True,HARD,4.0,True,Haas F1 Team,0 days 00:38:50.771000,,1,19.0,,,False,True
0 days 00:42:15.373000,MAZ,9,0 days 00:01:42.001000,5.0,1.0,,,0 days 00:00:25.931000,0 days 00:00:30.585000,0 days 00:00:45.485000,0 days 00:40:59.342000,0 days 00:41:29.927000,0 days 00:42:15.412000,100.0,272.0,291.0,304.0,True,HARD,5.0,True,Haas F1 Team,0 days 00:40:33.372000,,1,19.0,,,False,True
0 days 00:43:57.178000,MAZ,9,0 days 00:01:41.805000,6.0,1.0,,,0 days 00:00:25.960000,0 days 00:00:30.279000,0 days 00:00:45.566000,0 days 00:42:41.372000,0 days 00:43:11.651000,0 days 00:43:57.217000,102.0,271.0,292.0,307.0,True,HARD,6.0,True,Haas F1 Team,0 days 00:42:15.373000,,1,19.0,,,False,True
0 days 00:45:39.009000,MAZ,9,0 days 00:01:41.831000,7.0,1.0,,,0 days 00:00:25.956000,0 days 00:00:30.383000,0 days 00:00:45.492000,0 days 00:44:23.173000,0 days 00:44:53.556000,0 days 00:45:39.048000,101.0,270.0,293.0,304.0,False,HARD,7.0,True,Haas F1 Team,0 days 00:43:57.178000,,1,19.0,,,False,True
0 days 00:47:21.012000,MAZ,9,0 days 00:01:42.003000,8.0,1.0,,,0 days 00:00:25.839000,0 days 00:00:30.506000,0 days 00:00:45.658000,0 days 00:46:04.887000,0 days 00:46:35.393000,0 days 00:47:21.051000,104.0,270.0,290.0,300.0,False,HARD,8.0,True,Haas F1 Team,0 days 00:45:39.009000,,1,19.0,,,False,True
0 days 00:49:02.301000,MAZ,9,0 days 00:01:41.289000,9.0,1.0,,,0 days 00:00:25.633000,0 days 00:00:30.230000,0 days 00:00:45.426000,0 days 00:47:46.684000,0 days 00:48:16.914000,0 days 00:49:02.340000,104.0,271.0,289.0,300.0,True,HARD,9.0,True,Haas F1 Team,0 days 00:47:21.012000,,1,19.0,,,False,True
0 days 00:50:44.165000,MAZ,9,0 days 00:01:41.864000,10.0,1.0,,,0 days 00:00:26.080000,0 days 00:00:30.350000,0 days 00:00:45.434000,0 days 00:49:28.420000,0 days 00:49:58.770000,0 days 00:50:44.204000,103.0,271.0,289.0,298.0,False,HARD,10.0,True,Haas F1 Team,0 days 00:49:02.301000,,1,19.0,,,False,True
0 days 00:52:25.744000,MAZ,9,0 days 00:01:41.579000,11.0,1.0,,,0 days 00:00:25.895000,0 days 00:00:30.382000,0 days 00:00:45.302000,0 days 00:51:10.099000,0 days 00:51:40.481000,0 days 00:52:25.783000,102.0,269.0,291.0,299.0,False,HARD,11.0,True,Haas F1 Team,0 days 00:50:44.165000,,1,19.0,,,False,True
0 days 00:54:07.553000,MAZ,9,0 days 00:01:41.809000,12.0,1.0,,,0 days 00:00:25.807000,0 days 00:00:30.306000,0 days 00:00:45.696000,0 days 00:52:51.590000,0 days 00:53:21.896000,0 days 00:54:07.592000,105.0,269.0,289.0,301.0,False,HARD,12.0,True,Haas F1 Team,0 days 00:52:25.744000,,1,19.0,,,False,True
0 days 00:55:49.369000,MAZ,9,0 days 00:01:41.816000,13.0,1.0,,,0 days 00:00:25.649000,0 days 00:00:30.319000,0 days 00:00:45.848000,0 days 00:54:33.241000,0 days 00:55:03.560000,0 days 00:55:49.408000,102.0,271.0,288.0,301.0,False,HARD,13.0,True,Haas F1 Team,0 days 00:54:07.553000,,1,19.0,,,False,True
0 days 00:57:31.748000,MAZ,9,0 days 00:01:42.379000,14.0,1.0,,,0 days 00:00:26.091000,0 days 00:00:30.439000,0 days 00:00:45.849000,0 days 00:56:15.499000,0 days 00:56:45.938000,0 days 00:57:31.787000,103.0,271.0,288.0,303.0,False,HARD,14.0,True,Haas F1 Team,0 days 00:55:49.369000,,1,19.0,,,False,True
0 days 00:59:15.540000,MAZ,9,0 days 00:01:43.792000,15.0,1.0,,,0 days 00:00:26.336000,0 days 00:00:31.186000,0 days 00:00:46.270000,0 days 00:57:58.123000,0 days 00:58:29.309000,0 days 00:59:15.579000,100.0,271.0,290.0,297.0,False,HARD,15.0,True,Haas F1 Team,0 days 00:57:31.748000,,1,18.0,,,False,True
0 days 01:00:58.368000,MAZ,9,0 days 00:01:42.828000,16.0,1.0,,,0 days 00:00:26.246000,0 days 00:00:30.786000,0 days 00:00:45.796000,0 days 00:59:41.825000,0 days 01:00:12.611000,0 days 01:00:58.407000,102.0,269.0,288.0,299.0,False,HARD,16.0,True,Haas F1 Team,0 days 00:59:15.540000,,1,18.0,,,False,True
0 days 01:02:40.968000,MAZ,9,0 days 00:01:42.600000,17.0,1.0,,,0 days 00:00:26.235000,0 days 00:00:30.573000,0 days 00:00:45.792000,0 days 01:01:24.642000,0 days 01:01:55.215000,0 days 01:02:41.007000,103.0,271.0,289.0,301.0,False,HARD,17.0,True,Haas F1 Team,0 days 01:00:58.368000,,1,17.0,,,False,True
0 days 01:04:22.861000,MAZ,9,0 days 00:01:41.893000,18.0,1.0,,,0 days 00:00:26.080000,0 days 00:00:30.476000,0 days 00:00:45.337000,0 days 01:03:07.087000,0 days 01:03:37.563000,0 days 01:04:22.900000,103.0,271.0,289.0,303.0,False,HARD,18.0,True,Haas F1 Team,0 days 01:02:40.968000,,1,16.0,,,False,True
0 days 01:06:05.367000,MAZ,9,0 days 00:01:42.506000,19.0,1.0,,,0 days 00:00:25.919000,0 days 00:00:30.806000,0 days 00:00:45.781000,0 days 01:04:48.819000,0 days 01:05:19.625000,0 days 01:06:05.406000,104.0,272.0,290.0,307.0,False,HARD,19.0,True,Haas F1 Team,0 days 01:04:22.861000,,1,16.0,,,False,True
0 days 01:07:48.899000,MAZ,9,0 days 00:01:43.532000,20.0,1.0,,,0 days 00:00:26.224000,0 days 00:00:30.954000,0 days 00:00:46.354000,0 days 01:06:31.630000,0 days 01:07:02.584000,0 days 01:07:48.938000,103.0,275.0,301.0,304.0,False,HARD,20.0,True,Haas F1 Team,0 days 01:06:05.367000,,1,18.0,,,False,True
0 days 01:09:30.796000,MAZ,9,0 days 00:01:41.897000,21.0,1.0,,,0 days 00:00:26.231000,0 days 00:00:30.633000,0 days 00:00:45.033000,0 days 01:08:15.169000,0 days 01:08:45.802000,0 days 01:09:30.835000,104.0,273.0,291.0,302.0,False,HARD,21.0,True,Haas F1 Team,0 days 01:07:48.899000,,1,18.0,,,False,True
0 days 01:11:12.596000,MAZ,9,0 days 00:01:41.800000,22.0,1.0,,,0 days 00:00:26.089000,0 days 00:00:30.503000,0 days 00:00:45.208000,0 days 01:09:56.924000,0 days 01:10:27.427000,0 days 01:11:12.635000,102.0,273.0,290.0,301.0,False,HARD,22.0,True,Haas F1 Team,0 days 01:09:30.796000,,1,18.0,,,False,True
0 days 01:12:55.008000,MAZ,9,0 days 00:01:42.412000,23.0,1.0,,,0 days 00:00:25.931000,0 days 00:00:30.939000,0 days 00:00:45.542000,0 days 01:11:38.566000,0 days 01:12:09.505000,0 days 01:12:55.047000,106.0,275.0,292.0,302.0,False,HARD,23.0,True,Haas F1 Team,0 days 01:11:12.596000,,1,19.0,,,False,True
0 days 01:14:37.040000,MAZ,9,0 days 00:01:42.032000,24.0,1.0,,,0 days 00:00:26.183000,0 days 00:00:30.399000,0 days 00:00:45.450000,0 days 01:13:21.230000,0 days 01:13:51.629000,0 days 01:14:37.079000,106.0,274.0,291.0,303.0,False,HARD,24.0,True,Haas F1 Team,0 days 01:12:55.008000,,1,19.0,,,False,True
0 days 01:16:18.372000,MAZ,9,0 days 00:01:41.332000,25.0,1.0,,,0 days 00:00:25.792000,0 days 00:00:30.410000,0 days 00:00:45.130000,0 days 01:15:02.871000,0 days 01:15:33.281000,0 days 01:16:18.411000,104.0,272.0,290.0,300.0,False,HARD,25.0,True,Haas F1 Team,0 days 01:14:37.040000,,1,19.0,,,False,True
0 days 01:18:00.286000,MAZ,9,0 days 00:01:41.914000,26.0,1.0,,,0 days 00:00:26.108000,0 days 00:00:30.596000,0 days 00:00:45.210000,0 days 01:16:44.519000,0 days 01:17:15.115000,0 days 01:18:00.325000,108.0,273.0,288.0,299.0,False,HARD,26.0,True,Haas F1 Team,0 days 01:16:18.372000,,1,19.0,,,False,True
0 days 01:19:41.554000,MAZ,9,0 days 00:01:41.268000,27.0,1.0,,,0 days 00:00:25.918000,0 days 00:00:30.426000,0 days 00:00:44.924000,0 days 01:18:26.243000,0 days 01:18:56.669000,0 days 01:19:41.593000,105.0,271.0,289.0,301.0,True,HARD,27.0,True,Haas F1 Team,0 days 01:18:00.286000,,1,19.0,,,False,True
0 days 01:21:22.971000,MAZ,9,0 days 00:01:41.417000,28.0,1.0,,,0 days 00:00:25.807000,0 days 00:00:30.371000,0 days 00:00:45.239000,0 days 01:20:07.400000,0 days 01:20:37.771000,0 days 01:21:23.010000,100.0,272.0,290.0,301.0,False,HARD,28.0,True,Haas F1 Team,0 days 01:19:41.554000,,1,19.0,,,False,True
0 days 01:23:04.779000,MAZ,9,0 days 00:01:41.808000,29.0,1.0,,,0 days 00:00:26.215000,0 days 00:00:30.481000,0 days 00:00:45.112000,0 days 01:21:49.225000,0 days 01:22:19.706000,0 days 01:23:04.818000,102.0,274.0,290.0,302.0,False,HARD,29.0,True,Haas F1 Team,0 days 01:21:22.971000,,1,19.0,,,False,True
0 days 01:24:46.571000,MAZ,9,0 days 00:01:41.792000,30.0,1.0,,,0 days 00:00:26.182000,0 days 00:00:30.532000,0 days 00:00:45.078000,0 days 01:23:31,0 days 01:24:01.532000,0 days 01:24:46.610000,102.0,274.0,289.0,300.0,False,HARD,30.0,True,Haas F1 Team,0 days 01:23:04.779000,,1,19.0,,,False,True
0 days 01:26:48.267000,MAZ,9,0 days 00:02:01.696000,31.0,1.0,,0 days 01:26:18.026000,0 days 00:00:25.991000,0 days 00:00:30.463000,0 days 00:01:05.242000,0 days 01:25:12.601000,0 days 01:25:43.064000,0 days 01:26:48.306000,105.0,273.0,,300.0,False,HARD,31.0,True,Haas F1 Team,0 days 01:24:46.571000,,1,20.0,,,False,False
0 days 01:28:34.977000,MAZ,9,0 days 00:01:46.710000,32.0,2.0,0 days 01:26:49.004000,,0 days 00:00:31.246000,0 days 00:00:30.654000,0 days 00:00:44.810000,0 days 01:27:19.552000,0 days 01:27:50.206000,0 days 01:28:35.016000,112.0,273.0,293.0,303.0,False,MEDIUM,1.0,True,Haas F1 Team,0 days 01:26:48.267000,,1,20.0,,,False,False
0 days 01:30:14.881000,MAZ,9,0 days 00:01:39.904000,33.0,2.0,,,0 days 00:00:25.587000,0 days 00:00:30.202000,0 days 00:00:44.115000,0 days 01:29:00.603000,0 days 01:29:30.805000,0 days 01:30:14.920000,108.0,273.0,292.0,299.0,True,MEDIUM,2.0,True,Haas F1 Team,0 days 01:28:34.977000,,1,20.0,,,False,True
0 days 01:31:54.198000,MAZ,9,0 days 00:01:39.317000,34.0,2.0,,,0 days 00:00:25.443000,0 days 00:00:29.892000,0 days 00:00:43.982000,0 days 01:30:40.363000,0 days 01:31:10.255000,0 days 01:31:54.237000,107.0,274.0,290.0,298.0,True,MEDIUM,3.0,True,Haas F1 Team,0 days 01:30:14.881000,,1,20.0,,,False,True
0 days 01:33:33.772000,MAZ,9,0 days 00:01:39.574000,35.0,2.0,,,0 days 00:00:25.526000,0 days 00:00:29.962000,0 days 00:00:44.086000,0 days 01:32:19.763000,0 days 01:32:49.725000,0 days 01:33:33.811000,107.0,275.0,291.0,299.0,False,MEDIUM,4.0,True,Haas F1 Team,0 days 01:31:54.198000,,1,20.0,,,False,True
0 days 01:35:13.463000,MAZ,9,0 days 00:01:39.691000,36.0,2.0,,,0 days 00:00:25.457000,0 days 00:00:29.937000,0 days 00:00:44.297000,0 days 01:33:59.268000,0 days 01:34:29.205000,0 days 01:35:13.502000,108.0,273.0,291.0,303.0,False,MEDIUM,5.0,True,Haas F1 Team,0 days 01:33:33.772000,,1,20.0,,,False,True
0 days 01:36:53.052000,MAZ,9,0 days 00:01:39.589000,37.0,2.0,,,0 days 00:00:25.435000,0 days 00:00:30.004000,0 days 00:00:44.150000,0 days 01:35:38.937000,0 days 01:36:08.941000,0 days 01:36:53.091000,107.0,275.0,290.0,300.0,False,MEDIUM,6.0,True,Haas F1 Team,0 days 01:35:13.463000,,1,20.0,,,False,True
0 days 01:38:33.095000,MAZ,9,0 days 00:01:40.043000,38.0,2.0,,,0 days 00:00:25.475000,0 days 00:00:29.854000,0 days 00:00:44.714000,0 days 01:37:18.566000,0 days 01:37:48.420000,0 days 01:38:33.134000,109.0,274.0,290.0,301.0,False,MEDIUM,7.0,True,Haas F1 Team,0 days 01:36:53.052000,,1,20.0,,,False,True
0 days 01:40:13.327000,MAZ,9,0 days 00:01:40.232000,39.0,2.0,,,0 days 00:00:25.734000,0 days 00:00:30.057000,0 days 00:00:44.441000,0 days 01:38:58.868000,0 days 01:39:28.925000,0 days 01:40:13.366000,107.0,274.0,293.0,300.0,False,MEDIUM,8.0,True,Haas F1 Team,0 days 01:38:33.095000,,1,20.0,,,False,True
0 days 01:41:53.176000,MAZ,9,0 days 00:01:39.849000,40.0,2.0,,,0 days 00:00:25.511000,0 days 00:00:29.857000,0 days 00:00:44.481000,0 days 01:40:38.877000,0 days 01:41:08.734000,0 days 01:41:53.215000,109.0,274.0,291.0,302.0,False,MEDIUM,9.0,True,Haas F1 Team,0 days 01:40:13.327000,,1,20.0,,,False,True
0 days 01:43:33.331000,MAZ,9,0 days 00:01:40.155000,41.0,2.0,,,0 days 00:00:25.495000,0 days 00:00:29.974000,0 days 00:00:44.686000,0 days 01:42:18.710000,0 days 01:42:48.684000,0 days 01:43:33.370000,109.0,274.0,291.0,301.0,False,MEDIUM,10.0,True,Haas F1 Team,0 days 01:41:53.176000,,1,20.0,,,False,True
0 days 01:45:13.432000,MAZ,9,0 days 00:01:40.101000,42.0,2.0,,,0 days 00:00:25.519000,0 days 00:00:30.017000,0 days 00:00:44.565000,0 days 01:43:58.889000,0 days 01:44:28.906000,0 days 01:45:13.471000,107.0,274.0,291.0,302.0,False,MEDIUM,11.0,True,Haas F1 Team,0 days 01:43:33.331000,,1,20.0,,,False,True
0 days 01:46:53.320000,MAZ,9,0 days 00:01:39.888000,43.0,2.0,,,0 days 00:00:25.483000,0 days 00:00:30.087000,0 days 00:00:44.318000,0 days 01:45:38.954000,0 days 01:46:09.041000,0 days 01:46:53.359000,104.0,275.0,290.0,301.0,False,MEDIUM,12.0,True,Haas F1 Team,0 days 01:45:13.432000,,1,20.0,,,False,True
0 days 01:48:32.893000,MAZ,9,0 days 00:01:39.573000,44.0,2.0,,,0 days 00:00:25.445000,0 days 00:00:29.869000,0 days 00:00:44.259000,0 days 01:47:18.804000,0 days 01:47:48.673000,0 days 01:48:32.932000,107.0,275.0,289.0,302.0,False,MEDIUM,13.0,True,Haas F1 Team,0 days 01:46:53.320000,,1,20.0,,,False,True
0 days 01:50:12.809000,MAZ,9,0 days 00:01:39.916000,45.0,2.0,,,0 days 00:00:25.442000,0 days 00:00:29.934000,0 days 00:00:44.540000,0 days 01:48:58.374000,0 days 01:49:28.308000,0 days 01:50:12.848000,106.0,274.0,291.0,301.0,False,MEDIUM,14.0,True,Haas F1 Team,0 days 01:48:32.893000,,1,20.0,,,False,True
0 days 01:51:53.320000,MAZ,9,0 days 00:01:40.511000,46.0,2.0,,,0 days 00:00:25.650000,0 days 00:00:30.161000,0 days 00:00:44.700000,0 days 01:50:38.498000,0 days 01:51:08.659000,0 days 01:51:53.359000,104.0,274.0,291.0,300.0,False,MEDIUM,15.0,True,Haas F1 Team,0 days 01:50:12.809000,,1,20.0,,,False,True
0 days 01:53:33.536000,MAZ,9,0 days 00:01:40.216000,47.0,2.0,,,0 days 00:00:25.509000,0 days 00:00:30.240000,0 days 00:00:44.467000,0 days 01:52:18.868000,0 days 01:52:49.108000,0 days 01:53:33.575000,99.0,275.0,291.0,300.0,False,MEDIUM,16.0,True,Haas F1 Team,0 days 01:51:53.320000,,1,20.0,,,False,True
0 days 01:55:14.332000,MAZ,9,0 days 00:01:40.796000,48.0,2.0,,,0 days 00:00:25.603000,0 days 00:00:30.125000,0 days 00:00:45.068000,0 days 01:53:59.178000,0 days 01:54:29.303000,0 days 01:55:14.371000,104.0,274.0,290.0,301.0,False,MEDIUM,17.0,True,Haas F1 Team,0 days 01:53:33.536000,,1,20.0,,,False,True
0 days 01:56:55.812000,MAZ,9,0 days 00:01:41.480000,49.0,2.0,,,0 days 00:00:25.556000,0 days 00:00:30.224000,0 days 00:00:45.700000,0 days 01:55:39.927000,0 days 01:56:10.151000,0 days 01:56:55.851000,108.0,273.0,290.0,300.0,False,MEDIUM,18.0,True,Haas F1 Team,0 days 01:55:14.332000,,1,20.0,,,False,True
0 days 01:58:36.877000,MAZ,9,0 days 00:01:41.065000,50.0,2.0,,,0 days 00:00:25.870000,0 days 00:00:30.225000,0 days 00:00:44.970000,0 days 01:57:21.721000,0 days 01:57:51.946000,0 days 01:58:36.916000,107.0,273.0,290.0,299.0,False,MEDIUM,19.0,True,Haas F1 Team,0 days 01:56:55.812000,,1,20.0,,,False,True
0 days 02:00:17.128000,MAZ,9,0 days 00:01:40.251000,51.0,2.0,,,0 days 00:00:25.525000,0 days 00:00:30.167000,0 days 00:00:44.559000,0 days 01:59:02.441000,0 days 01:59:32.608000,0 days 02:00:17.167000,107.0,274.0,291.0,299.0,False,MEDIUM,20.0,True,Haas F1 Team,0 days 01:58:36.877000,,1,20.0,,,False,True
0 days 02:02:00.468000,MAZ,9,0 days 00:01:43.340000,52.0,2.0,,,0 days 00:00:25.552000,0 days 00:00:31.114000,0 days 00:00:46.674000,0 days 02:00:42.719000,0 days 02:01:13.833000,0 days 02:02:00.507000,105.0,273.0,289.0,243.0,False,MEDIUM,21.0,True,Haas F1 Team,0 days 02:00:17.128000,,1,20.0,,,False,True
