Time,Driver,DriverNumber,LapTime,LapNumber,Stint,PitOutTime,PitInTime,Sector1Time,Sector2Time,Sector3Time,Sector1SessionTime,Sector2SessionTime,Sector3SessionTime,SpeedI1,SpeedI2,SpeedFL,SpeedST,IsPersonalBest,Compound,TyreLife,FreshTyre,Team,LapStartTime,LapStartDate,TrackStatus,Position,Deleted,DeletedReason,FastF1Generated,IsAccurate
0 days 00:34:34.547000,GAS,10,0 days 00:01:31.557000,1.0,1.0,,,,0 days 00:00:34.309000,0 days 00:00:27.869000,,0 days 00:34:06.783000,0 days 00:34:34.778000,272.0,171.0,289.0,250.0,False,SOFT,5.0,False,AlphaTauri,0 days 00:33:02.841000,,1,9.0,,,False,False
0 days 00:36:28.102000,GAS,10,0 days 00:01:53.555000,2.0,1.0,,0 days 00:36:25.142000,0 days 00:00:25.269000,0 days 00:00:48.066000,0 days 00:00:40.220000,0 days 00:34:59.819000,0 days 00:35:47.885000,0 days 00:36:28.105000,276.0,149.0,,297.0,False,SOFT,6.0,False,AlphaTauri,0 days 00:34:34.547000,,14,9.0,,,False,False
0 days 00:38:49.196000,GAS,10,0 days 00:02:21.094000,3.0,2.0,0 days 00:36:46.690000,0 days 00:38:46.409000,0 days 00:00:49.981000,0 days 00:00:42.204000,0 days 00:00:48.909000,0 days 00:37:18.086000,0 days 00:38:00.290000,0 days 00:38:49.199000,183.0,160.0,,297.0,False,SOFT,7.0,False,AlphaTauri,0 days 00:36:28.102000,,4,9.0,,,False,False
0 days 00:41:04.613000,GAS,10,0 days 00:02:15.417000,4.0,3.0,0 days 00:39:08.903000,,0 days 00:00:50.485000,0 days 00:00:42.519000,0 days 00:00:42.413000,0 days 00:39:39.684000,0 days 00:40:22.203000,0 days 00:41:04.616000,190.0,162.0,194.0,297.0,False,SOFT,8.0,False,AlphaTauri,0 days 00:38:49.196000,,4,9.0,,,False,False
0 days 00:43:04.270000,GAS,10,0 days 00:01:59.657000,5.0,3.0,,,0 days 00:00:34.671000,0 days 00:00:42.990000,0 days 00:00:41.996000,0 days 00:41:39.287000,0 days 00:42:22.277000,0 days 00:43:04.273000,117.0,150.0,246.0,253.0,True,SOFT,9.0,False,AlphaTauri,0 days 00:41:04.613000,,4,9.0,,,False,False
0 days 00:45:06.655000,GAS,10,0 days 00:02:02.385000,6.0,3.0,,,0 days 00:00:34.339000,0 days 00:00:43.635000,0 days 00:00:44.411000,0 days 00:43:38.612000,0 days 00:44:22.247000,0 days 00:45:06.658000,161.0,146.0,259.0,263.0,False,SOFT,10.0,False,AlphaTauri,0 days 00:43:04.270000,,41,9.0,,,False,False
0 days 00:46:36.067000,GAS,10,0 days 00:01:29.412000,7.0,3.0,,,0 days 00:00:26.972000,0 days 00:00:34.705000,0 days 00:00:27.735000,0 days 00:45:33.630000,0 days 00:46:08.335000,0 days 00:46:36.070000,277.0,171.0,292.0,286.0,True,SOFT,11.0,False,AlphaTauri,0 days 00:45:06.655000,,1,9.0,,,False,True
0 days 00:48:01.238000,GAS,10,0 days 00:01:25.171000,8.0,3.0,,,0 days 00:00:25.237000,0 days 00:00:32.828000,0 days 00:00:27.106000,0 days 00:47:01.307000,0 days 00:47:34.135000,0 days 00:48:01.241000,275.0,180.0,294.0,305.0,True,SOFT,12.0,False,AlphaTauri,0 days 00:46:36.067000,,1,9.0,,,False,True
0 days 00:49:25.662000,GAS,10,0 days 00:01:24.424000,9.0,3.0,,,0 days 00:00:24.771000,0 days 00:00:32.581000,0 days 00:00:27.072000,0 days 00:48:26.012000,0 days 00:48:58.593000,0 days 00:49:25.665000,277.0,179.0,296.0,302.0,True,SOFT,13.0,False,AlphaTauri,0 days 00:48:01.238000,,1,9.0,,,False,True
0 days 00:50:50.052000,GAS,10,0 days 00:01:24.390000,10.0,3.0,,,0 days 00:00:24.668000,0 days 00:00:32.679000,0 days 00:00:27.043000,0 days 00:49:50.333000,0 days 00:50:23.012000,0 days 00:50:50.055000,282.0,179.0,296.0,318.0,True,SOFT,14.0,False,AlphaTauri,0 days 00:49:25.662000,,1,9.0,,,False,True
0 days 00:52:14.040000,GAS,10,0 days 00:01:23.988000,11.0,3.0,,,0 days 00:00:24.430000,0 days 00:00:32.507000,0 days 00:00:27.051000,0 days 00:51:14.485000,0 days 00:51:46.992000,0 days 00:52:14.043000,282.0,182.0,293.0,321.0,True,SOFT,15.0,False,AlphaTauri,0 days 00:50:50.052000,,1,9.0,,,False,True
0 days 00:53:37.921000,GAS,10,0 days 00:01:23.881000,12.0,3.0,,,0 days 00:00:24.611000,0 days 00:00:32.382000,0 days 00:00:26.888000,0 days 00:52:38.654000,0 days 00:53:11.036000,0 days 00:53:37.924000,281.0,183.0,297.0,303.0,True,SOFT,16.0,False,AlphaTauri,0 days 00:52:14.040000,,1,9.0,,,False,True
0 days 00:55:01.642000,GAS,10,0 days 00:01:23.721000,13.0,3.0,,,0 days 00:00:24.480000,0 days 00:00:32.299000,0 days 00:00:26.942000,0 days 00:54:02.404000,0 days 00:54:34.703000,0 days 00:55:01.645000,281.0,183.0,297.0,318.0,True,SOFT,17.0,False,AlphaTauri,0 days 00:53:37.921000,,1,9.0,,,False,True
0 days 00:56:25.598000,GAS,10,0 days 00:01:23.956000,14.0,3.0,,,0 days 00:00:24.364000,0 days 00:00:32.481000,0 days 00:00:27.111000,0 days 00:55:26.009000,0 days 00:55:58.490000,0 days 00:56:25.601000,281.0,176.0,292.0,318.0,False,SOFT,18.0,False,AlphaTauri,0 days 00:55:01.642000,,1,9.0,,,False,True
0 days 00:57:49.544000,GAS,10,0 days 00:01:23.946000,15.0,3.0,,,0 days 00:00:24.548000,0 days 00:00:32.423000,0 days 00:00:26.975000,0 days 00:56:50.149000,0 days 00:57:22.572000,0 days 00:57:49.547000,275.0,183.0,292.0,299.0,False,SOFT,19.0,False,AlphaTauri,0 days 00:56:25.598000,,1,9.0,,,False,True
0 days 00:59:13.519000,GAS,10,0 days 00:01:23.975000,16.0,3.0,,,0 days 00:00:24.571000,0 days 00:00:32.384000,0 days 00:00:27.020000,0 days 00:58:14.118000,0 days 00:58:46.502000,0 days 00:59:13.522000,278.0,183.0,290.0,296.0,False,SOFT,20.0,False,AlphaTauri,0 days 00:57:49.544000,,1,9.0,,,False,True
0 days 01:00:37.345000,GAS,10,0 days 00:01:23.826000,17.0,3.0,,,0 days 00:00:24.427000,0 days 00:00:32.505000,0 days 00:00:26.894000,0 days 00:59:37.949000,0 days 01:00:10.454000,0 days 01:00:37.348000,277.0,183.0,291.0,299.0,False,SOFT,21.0,False,AlphaTauri,0 days 00:59:13.519000,,1,9.0,,,False,True
0 days 01:02:00.938000,GAS,10,0 days 00:01:23.593000,18.0,3.0,,,0 days 00:00:24.369000,0 days 00:00:32.330000,0 days 00:00:26.894000,0 days 01:01:01.717000,0 days 01:01:34.047000,0 days 01:02:00.941000,277.0,184.0,292.0,299.0,True,SOFT,22.0,False,AlphaTauri,0 days 01:00:37.345000,,1,9.0,,,False,True
0 days 01:03:24.799000,GAS,10,0 days 00:01:23.861000,19.0,3.0,,,0 days 00:00:24.507000,0 days 00:00:32.376000,0 days 00:00:26.978000,0 days 01:02:25.448000,0 days 01:02:57.824000,0 days 01:03:24.802000,279.0,182.0,293.0,296.0,False,SOFT,23.0,False,AlphaTauri,0 days 01:02:00.938000,,1,9.0,,,False,True
0 days 01:04:48.608000,GAS,10,0 days 00:01:23.809000,20.0,3.0,,,0 days 00:00:24.455000,0 days 00:00:32.301000,0 days 00:00:27.053000,0 days 01:03:49.257000,0 days 01:04:21.558000,0 days 01:04:48.611000,278.0,185.0,294.0,299.0,False,SOFT,24.0,False,AlphaTauri,0 days 01:03:24.799000,,1,9.0,,,False,True
0 days 01:06:12.323000,GAS,10,0 days 00:01:23.715000,21.0,3.0,,,0 days 00:00:24.378000,0 days 00:00:32.305000,0 days 00:00:27.032000,0 days 01:05:12.989000,0 days 01:05:45.294000,0 days 01:06:12.326000,284.0,180.0,296.0,318.0,False,SOFT,25.0,False,AlphaTauri,0 days 01:04:48.608000,,1,9.0,,,False,True
0 days 01:07:36.050000,GAS,10,0 days 00:01:23.727000,22.0,3.0,,,0 days 00:00:24.366000,0 days 00:00:32.362000,0 days 00:00:26.999000,0 days 01:06:36.692000,0 days 01:07:09.054000,0 days 01:07:36.053000,283.0,181.0,289.0,318.0,False,SOFT,26.0,False,AlphaTauri,0 days 01:06:12.323000,,1,7.0,,,False,True
0 days 01:08:59.366000,GAS,10,0 days 00:01:23.316000,23.0,3.0,,,0 days 00:00:24.266000,0 days 00:00:32.073000,0 days 00:00:26.977000,0 days 01:08:00.319000,0 days 01:08:32.392000,0 days 01:08:59.369000,276.0,186.0,288.0,294.0,True,SOFT,27.0,False,AlphaTauri,0 days 01:07:36.050000,,1,6.0,,,False,True
0 days 01:10:26.923000,GAS,10,0 days 00:01:27.557000,24.0,3.0,,0 days 01:10:24.008000,0 days 00:00:24.482000,0 days 00:00:32.302000,0 days 00:00:30.773000,0 days 01:09:23.851000,0 days 01:09:56.153000,0 days 01:10:26.926000,275.0,187.0,,294.0,False,SOFT,28.0,False,AlphaTauri,0 days 01:08:59.366000,,1,7.0,,,False,False
0 days 01:12:12.438000,GAS,10,0 days 00:01:45.515000,25.0,4.0,0 days 01:10:50.138000,,0 days 00:00:46.084000,0 days 00:00:32.585000,0 days 00:00:26.846000,0 days 01:11:13.010000,0 days 01:11:45.595000,0 days 01:12:12.441000,274.0,184.0,297.0,294.0,False,MEDIUM,1.0,True,AlphaTauri,0 days 01:10:26.923000,,1,12.0,,,False,False
0 days 01:13:35.316000,GAS,10,0 days 00:01:22.878000,26.0,4.0,,,0 days 00:00:24.236000,0 days 00:00:31.927000,0 days 00:00:26.715000,0 days 01:12:36.677000,0 days 01:13:08.604000,0 days 01:13:35.319000,276.0,185.0,289.0,325.0,True,MEDIUM,2.0,True,AlphaTauri,0 days 01:12:12.438000,,1,11.0,,,False,True
0 days 01:14:58.326000,GAS,10,0 days 00:01:23.010000,27.0,4.0,,,0 days 00:00:24.296000,0 days 00:00:32.057000,0 days 00:00:26.657000,0 days 01:13:59.615000,0 days 01:14:31.672000,0 days 01:14:58.329000,277.0,187.0,290.0,298.0,False,MEDIUM,3.0,True,AlphaTauri,0 days 01:13:35.316000,,1,11.0,,,False,True
0 days 01:16:21.325000,GAS,10,0 days 00:01:22.999000,28.0,4.0,,,0 days 00:00:24.283000,0 days 00:00:31.924000,0 days 00:00:26.792000,0 days 01:15:22.612000,0 days 01:15:54.536000,0 days 01:16:21.328000,276.0,184.0,291.0,295.0,False,MEDIUM,4.0,True,AlphaTauri,0 days 01:14:58.326000,,1,11.0,,,False,True
0 days 01:17:44.652000,GAS,10,0 days 00:01:23.327000,29.0,4.0,,,0 days 00:00:24.382000,0 days 00:00:32.093000,0 days 00:00:26.852000,0 days 01:16:45.710000,0 days 01:17:17.803000,0 days 01:17:44.655000,277.0,184.0,289.0,296.0,False,MEDIUM,5.0,True,AlphaTauri,0 days 01:16:21.325000,,1,11.0,,,False,True
0 days 01:19:07.655000,GAS,10,0 days 00:01:23.003000,30.0,4.0,,,0 days 00:00:24.234000,0 days 00:00:32.006000,0 days 00:00:26.763000,0 days 01:18:08.889000,0 days 01:18:40.895000,0 days 01:19:07.658000,276.0,186.0,290.0,295.0,False,MEDIUM,6.0,True,AlphaTauri,0 days 01:17:44.652000,,1,11.0,,,False,True
0 days 01:20:30.764000,GAS,10,0 days 00:01:23.109000,31.0,4.0,,,0 days 00:00:24.227000,0 days 00:00:32.165000,0 days 00:00:26.717000,0 days 01:19:31.885000,0 days 01:20:04.050000,0 days 01:20:30.767000,276.0,184.0,289.0,295.0,False,MEDIUM,7.0,True,AlphaTauri,0 days 01:19:07.655000,,1,11.0,,,False,True
0 days 01:21:53.929000,GAS,10,0 days 00:01:23.165000,32.0,4.0,,,0 days 00:00:24.396000,0 days 00:00:32.048000,0 days 00:00:26.721000,0 days 01:20:55.163000,0 days 01:21:27.211000,0 days 01:21:53.932000,277.0,186.0,290.0,294.0,False,MEDIUM,8.0,True,AlphaTauri,0 days 01:20:30.764000,,1,11.0,,,False,True
0 days 01:23:17.133000,GAS,10,0 days 00:01:23.204000,33.0,4.0,,,0 days 00:00:24.358000,0 days 00:00:32.044000,0 days 00:00:26.802000,0 days 01:22:18.290000,0 days 01:22:50.334000,0 days 01:23:17.136000,276.0,186.0,290.0,296.0,False,MEDIUM,9.0,True,AlphaTauri,0 days 01:21:53.929000,,1,11.0,,,False,True
0 days 01:24:41.254000,GAS,10,0 days 00:01:24.121000,34.0,4.0,,,0 days 00:00:25.248000,0 days 00:00:32.127000,0 days 00:00:26.746000,0 days 01:23:42.384000,0 days 01:24:14.511000,0 days 01:24:41.257000,278.0,184.0,292.0,296.0,False,MEDIUM,10.0,True,AlphaTauri,0 days 01:23:17.133000,,1,12.0,,,False,True
0 days 01:26:04.462000,GAS,10,0 days 00:01:23.208000,35.0,4.0,,,0 days 00:00:24.130000,0 days 00:00:32.319000,0 days 00:00:26.759000,0 days 01:25:05.387000,0 days 01:25:37.706000,0 days 01:26:04.465000,278.0,183.0,289.0,298.0,False,MEDIUM,11.0,True,AlphaTauri,0 days 01:24:41.254000,,1,12.0,,,False,True
0 days 01:27:27.506000,GAS,10,0 days 00:01:23.044000,36.0,4.0,,,0 days 00:00:24.253000,0 days 00:00:32.003000,0 days 00:00:26.788000,0 days 01:26:28.718000,0 days 01:27:00.721000,0 days 01:27:27.509000,277.0,186.0,290.0,296.0,False,MEDIUM,12.0,True,AlphaTauri,0 days 01:26:04.462000,,1,12.0,,,False,True
0 days 01:28:50.301000,GAS,10,0 days 00:01:22.795000,37.0,4.0,,,0 days 00:00:24.115000,0 days 00:00:32.001000,0 days 00:00:26.679000,0 days 01:27:51.624000,0 days 01:28:23.625000,0 days 01:28:50.304000,278.0,188.0,293.0,298.0,True,MEDIUM,13.0,True,AlphaTauri,0 days 01:27:27.506000,,1,12.0,,,False,True
0 days 01:30:13.242000,GAS,10,0 days 00:01:22.941000,38.0,4.0,,,0 days 00:00:24.230000,0 days 00:00:31.981000,0 days 00:00:26.730000,0 days 01:29:14.534000,0 days 01:29:46.515000,0 days 01:30:13.245000,279.0,188.0,288.0,296.0,False,MEDIUM,14.0,True,AlphaTauri,0 days 01:28:50.301000,,1,12.0,,,False,True
0 days 01:31:36.203000,GAS,10,0 days 00:01:22.961000,39.0,4.0,,,0 days 00:00:24.112000,0 days 00:00:31.977000,0 days 00:00:26.872000,0 days 01:30:37.357000,0 days 01:31:09.334000,0 days 01:31:36.206000,277.0,184.0,292.0,295.0,False,MEDIUM,15.0,True,AlphaTauri,0 days 01:30:13.242000,,1,12.0,,,False,True
0 days 01:32:59.058000,GAS,10,0 days 00:01:22.855000,40.0,4.0,,,0 days 00:00:24.030000,0 days 00:00:31.949000,0 days 00:00:26.876000,0 days 01:32:00.236000,0 days 01:32:32.185000,0 days 01:32:59.061000,278.0,186.0,289.0,296.0,False,MEDIUM,16.0,True,AlphaTauri,0 days 01:31:36.203000,,1,11.0,,,False,True
0 days 01:34:22.113000,GAS,10,0 days 00:01:23.055000,41.0,4.0,,,0 days 00:00:24.153000,0 days 00:00:31.989000,0 days 00:00:26.913000,0 days 01:33:23.214000,0 days 01:33:55.203000,0 days 01:34:22.116000,277.0,184.0,288.0,294.0,False,MEDIUM,17.0,True,AlphaTauri,0 days 01:32:59.058000,,1,10.0,,,False,True
0 days 01:35:45.258000,GAS,10,0 days 00:01:23.145000,42.0,4.0,,,0 days 00:00:24.422000,0 days 00:00:31.909000,0 days 00:00:26.814000,0 days 01:34:46.538000,0 days 01:35:18.447000,0 days 01:35:45.261000,277.0,183.0,289.0,295.0,False,MEDIUM,18.0,True,AlphaTauri,0 days 01:34:22.113000,,1,9.0,,,False,True
0 days 01:37:08.124000,GAS,10,0 days 00:01:22.866000,43.0,4.0,,,0 days 00:00:24.126000,0 days 00:00:31.923000,0 days 00:00:26.817000,0 days 01:36:09.387000,0 days 01:36:41.310000,0 days 01:37:08.127000,279.0,188.0,289.0,294.0,False,MEDIUM,19.0,True,AlphaTauri,0 days 01:35:45.258000,,1,9.0,,,False,True
0 days 01:38:31.481000,GAS,10,0 days 00:01:23.357000,44.0,4.0,,,0 days 00:00:24.220000,0 days 00:00:32.170000,0 days 00:00:26.967000,0 days 01:37:32.347000,0 days 01:38:04.517000,0 days 01:38:31.484000,279.0,187.0,295.0,293.0,False,MEDIUM,20.0,True,AlphaTauri,0 days 01:37:08.124000,,1,9.0,,,False,True
0 days 01:39:53.896000,GAS,10,0 days 00:01:22.415000,45.0,4.0,,,0 days 00:00:23.906000,0 days 00:00:31.843000,0 days 00:00:26.666000,0 days 01:38:55.390000,0 days 01:39:27.233000,0 days 01:39:53.899000,278.0,186.0,291.0,316.0,True,MEDIUM,21.0,True,AlphaTauri,0 days 01:38:31.481000,,1,9.0,,,False,True
0 days 01:41:16.445000,GAS,10,0 days 00:01:22.549000,46.0,4.0,,,0 days 00:00:24.139000,0 days 00:00:31.791000,0 days 00:00:26.619000,0 days 01:40:18.038000,0 days 01:40:49.829000,0 days 01:41:16.448000,279.0,187.0,288.0,293.0,False,MEDIUM,22.0,True,AlphaTauri,0 days 01:39:53.896000,,1,9.0,,,False,True
0 days 01:42:39.239000,GAS,10,0 days 00:01:22.794000,47.0,4.0,,,0 days 00:00:24.301000,0 days 00:00:31.791000,0 days 00:00:26.702000,0 days 01:41:40.749000,0 days 01:42:12.540000,0 days 01:42:39.242000,277.0,187.0,290.0,294.0,False,MEDIUM,23.0,True,AlphaTauri,0 days 01:41:16.445000,,1,9.0,,,False,True
0 days 01:44:05.368000,GAS,10,0 days 00:01:26.129000,48.0,4.0,,,0 days 00:00:26.095000,0 days 00:00:33.254000,0 days 00:00:26.780000,0 days 01:43:05.337000,0 days 01:43:38.591000,0 days 01:44:05.371000,274.0,185.0,294.0,295.0,False,MEDIUM,24.0,True,AlphaTauri,0 days 01:42:39.239000,,1,10.0,,,False,True
0 days 01:45:28.894000,GAS,10,0 days 00:01:23.526000,49.0,4.0,,,0 days 00:00:24.525000,0 days 00:00:32.096000,0 days 00:00:26.905000,0 days 01:44:29.896000,0 days 01:45:01.992000,0 days 01:45:28.897000,292.0,182.0,294.0,298.0,False,MEDIUM,25.0,True,AlphaTauri,0 days 01:44:05.368000,,1,11.0,,,False,True
0 days 01:46:51.499000,GAS,10,0 days 00:01:22.605000,50.0,4.0,,,0 days 00:00:23.991000,0 days 00:00:31.837000,0 days 00:00:26.777000,0 days 01:45:52.888000,0 days 01:46:24.725000,0 days 01:46:51.502000,281.0,186.0,290.0,298.0,False,MEDIUM,26.0,True,AlphaTauri,0 days 01:45:28.894000,,1,11.0,,,False,True
0 days 01:48:14.506000,GAS,10,0 days 00:01:23.007000,51.0,4.0,,,0 days 00:00:24.243000,0 days 00:00:32.052000,0 days 00:00:26.712000,0 days 01:47:15.745000,0 days 01:47:47.797000,0 days 01:48:14.509000,281.0,184.0,298.0,296.0,False,MEDIUM,27.0,True,AlphaTauri,0 days 01:46:51.499000,,1,11.0,,,False,True
0 days 01:49:37.012000,GAS,10,0 days 00:01:22.506000,52.0,4.0,,,0 days 00:00:24.064000,0 days 00:00:31.822000,0 days 00:00:26.620000,0 days 01:48:38.573000,0 days 01:49:10.395000,0 days 01:49:37.015000,288.0,188.0,299.0,321.0,False,MEDIUM,28.0,True,AlphaTauri,0 days 01:48:14.506000,,1,11.0,,,False,True
0 days 01:50:59.565000,GAS,10,0 days 00:01:22.553000,53.0,4.0,,,0 days 00:00:23.895000,0 days 00:00:31.893000,0 days 00:00:26.765000,0 days 01:50:00.910000,0 days 01:50:32.803000,0 days 01:50:59.568000,289.0,187.0,296.0,320.0,False,MEDIUM,29.0,True,AlphaTauri,0 days 01:49:37.012000,,1,11.0,,,False,True
0 days 01:52:22.132000,GAS,10,0 days 00:01:22.567000,54.0,4.0,,,0 days 00:00:24.038000,0 days 00:00:31.978000,0 days 00:00:26.551000,0 days 01:51:23.606000,0 days 01:51:55.584000,0 days 01:52:22.135000,287.0,190.0,294.0,319.0,False,MEDIUM,30.0,True,AlphaTauri,0 days 01:50:59.565000,,1,11.0,,,False,True
0 days 01:53:44.504000,GAS,10,0 days 00:01:22.372000,55.0,4.0,,,0 days 00:00:24.081000,0 days 00:00:31.799000,0 days 00:00:26.492000,0 days 01:52:46.216000,0 days 01:53:18.015000,0 days 01:53:44.507000,279.0,190.0,296.0,296.0,True,MEDIUM,31.0,True,AlphaTauri,0 days 01:52:22.132000,,1,11.0,,,False,True
0 days 01:55:06.891000,GAS,10,0 days 00:01:22.387000,56.0,4.0,,,0 days 00:00:24.095000,0 days 00:00:31.770000,0 days 00:00:26.522000,0 days 01:54:08.602000,0 days 01:54:40.372000,0 days 01:55:06.894000,281.0,188.0,292.0,298.0,False,MEDIUM,32.0,True,AlphaTauri,0 days 01:53:44.504000,,1,11.0,,,False,True
0 days 01:56:29.086000,GAS,10,0 days 00:01:22.195000,57.0,4.0,,,0 days 00:00:23.984000,0 days 00:00:31.692000,0 days 00:00:26.519000,0 days 01:55:30.878000,0 days 01:56:02.570000,0 days 01:56:29.089000,281.0,187.0,292.0,299.0,True,MEDIUM,33.0,True,AlphaTauri,0 days 01:55:06.891000,,1,11.0,,,False,True
0 days 01:57:51.860000,GAS,10,0 days 00:01:22.774000,58.0,4.0,,,0 days 00:00:24.002000,0 days 00:00:32.274000,0 days 00:00:26.498000,0 days 01:56:53.091000,0 days 01:57:25.365000,0 days 01:57:51.863000,291.0,188.0,293.0,297.0,False,MEDIUM,34.0,True,AlphaTauri,0 days 01:56:29.086000,,1,11.0,,,False,True
0 days 01:59:14.684000,GAS,10,0 days 00:01:22.824000,59.0,4.0,,,0 days 00:00:24.321000,0 days 00:00:31.993000,0 days 00:00:26.510000,0 days 01:58:16.184000,0 days 01:58:48.177000,0 days 01:59:14.687000,288.0,189.0,296.0,298.0,False,MEDIUM,35.0,True,AlphaTauri,0 days 01:57:51.860000,,1,11.0,,,False,True
0 days 02:00:37.231000,GAS,10,0 days 00:01:22.547000,60.0,4.0,,,0 days 00:00:24.098000,0 days 00:00:31.955000,0 days 00:00:26.494000,0 days 01:59:38.785000,0 days 02:00:10.740000,0 days 02:00:37.234000,288.0,192.0,289.0,319.0,False,MEDIUM,36.0,True,AlphaTauri,0 days 01:59:14.684000,,1,11.0,,,False,True
0 days 02:01:59.385000,GAS,10,0 days 00:01:22.154000,61.0,4.0,,,0 days 00:00:24.086000,0 days 00:00:31.656000,0 days 00:00:26.412000,0 days 02:01:01.320000,0 days 02:01:32.976000,0 days 02:01:59.388000,279.0,191.0,291.0,295.0,True,MEDIUM,37.0,True,AlphaTauri,0 days 02:00:37.231000,,1,11.0,,,False,True
0 days 02:03:21.604000,GAS,10,0 days 00:01:22.219000,62.0,4.0,,,0 days 00:00:24.053000,0 days 00:00:31.721000,0 days 00:00:26.445000,0 days 02:02:23.441000,0 days 02:02:55.162000,0 days 02:03:21.607000,280.0,189.0,289.0,293.0,False,MEDIUM,38.0,True,AlphaTauri,0 days 02:01:59.385000,,1,11.0,,,False,True
0 days 02:04:43.923000,GAS,10,0 days 00:01:22.319000,63.0,4.0,,,0 days 00:00:24.202000,0 days 00:00:31.636000,0 days 00:00:26.481000,0 days 02:03:45.809000,0 days 02:04:17.445000,0 days 02:04:43.926000,280.0,192.0,291.0,292.0,False,MEDIUM,39.0,True,AlphaTauri,0 days 02:03:21.604000,,1,11.0,,,False,True
0 days 02:06:06.428000,GAS,10,0 days 00:01:22.505000,64.0,4.0,,,0 days 00:00:24.164000,0 days 00:00:31.785000,0 days 00:00:26.556000,0 days 02:05:08.090000,0 days 02:05:39.875000,0 days 02:06:06.431000,282.0,188.0,300.0,290.0,False,MEDIUM,40.0,True,AlphaTauri,0 days 02:04:43.923000,,1,11.0,,,False,True
0 days 02:07:28.442000,GAS,10,0 days 00:01:22.014000,65.0,4.0,,,0 days 00:00:23.720000,0 days 00:00:31.705000,0 days 00:00:26.589000,0 days 02:06:30.151000,0 days 02:07:01.856000,0 days 02:07:28.445000,280.0,190.0,292.0,321.0,True,MEDIUM,41.0,True,AlphaTauri,0 days 02:06:06.428000,,1,10.0,,,False,True
0 days 02:08:50.874000,GAS,10,0 days 00:01:22.432000,66.0,4.0,,,0 days 00:00:24.019000,0 days 00:00:31.677000,0 days 00:00:26.736000,0 days 02:07:52.464000,0 days 02:08:24.141000,0 days 02:08:50.877000,281.0,190.0,289.0,294.0,False,MEDIUM,42.0,True,AlphaTauri,0 days 02:07:28.442000,,1,10.0,,,False,True
0 days 00:34:32.226000,PER,11,0 days 00:01:29.236000,1.0,1.0,,,,0 days 00:00:33.975000,0 days 00:00:27.340000,,0 days 00:34:04.983000,0 days 00:34:32.405000,271.0,170.0,290.0,240.0,False,MEDIUM,7.0,False,Red Bull Racing,0 days 00:33:02.841000,,1,5.0,,,False,False
0 days 00:36:21.328000,PER,11,0 days 00:01:49.102000,2.0,1.0,,0 days 00:36:18.379000,0 days 00:00:24.864000,0 days 00:00:45.024000,0 days 00:00:39.214000,0 days 00:34:57.106000,0 days 00:35:42.130000,0 days 00:36:21.344000,276.0,151.0,,296.0,False,MEDIUM,8.0,False,Red Bull Racing,0 days 00:34:32.226000,,14,5.0,,,False,False
0 days 00:38:43.055000,PER,11,0 days 00:02:21.727000,3.0,2.0,0 days 00:36:40.358000,0 days 00:38:40.164000,0 days 00:00:51.052000,0 days 00:00:44.380000,0 days 00:00:46.295000,0 days 00:37:12.396000,0 days 00:37:56.776000,0 days 00:38:43.071000,205.0,99.0,,296.0,False,MEDIUM,9.0,False,Red Bull Racing,0 days 00:36:21.328000,,4,5.0,,,False,False
0 days 00:40:58.304000,PER,11,0 days 00:02:15.249000,4.0,3.0,0 days 00:39:02.240000,,0 days 00:00:51.205000,0 days 00:00:43.230000,0 days 00:00:40.814000,0 days 00:39:34.276000,0 days 00:40:17.506000,0 days 00:40:58.320000,124.0,136.0,228.0,296.0,False,MEDIUM,10.0,False,Red Bull Racing,0 days 00:38:43.055000,,4,5.0,,,False,False
0 days 00:42:58.775000,PER,11,0 days 00:02:00.471000,5.0,3.0,,,0 days 00:00:35.455000,0 days 00:00:44.739000,0 days 00:00:40.277000,0 days 00:41:33.775000,0 days 00:42:18.514000,0 days 00:42:58.791000,133.0,125.0,239.0,258.0,True,MEDIUM,11.0,False,Red Bull Racing,0 days 00:40:58.304000,,4,5.0,,,False,False
0 days 00:45:05.867000,PER,11,0 days 00:02:07.092000,6.0,3.0,,,0 days 00:00:35.610000,0 days 00:00:44.481000,0 days 00:00:47.001000,0 days 00:43:34.401000,0 days 00:44:18.882000,0 days 00:45:05.883000,144.0,140.0,245.0,244.0,False,MEDIUM,12.0,False,Red Bull Racing,0 days 00:42:58.775000,,41,5.0,,,False,False
0 days 00:46:32.980000,PER,11,0 days 00:01:27.113000,7.0,3.0,,,0 days 00:00:26.265000,0 days 00:00:33.711000,0 days 00:00:27.137000,0 days 00:45:32.148000,0 days 00:46:05.859000,0 days 00:46:32.996000,270.0,175.0,292.0,300.0,True,MEDIUM,13.0,False,Red Bull Racing,0 days 00:45:05.867000,,1,5.0,,,False,True
0 days 00:47:56.869000,PER,11,0 days 00:01:23.889000,8.0,3.0,,,0 days 00:00:24.635000,0 days 00:00:32.342000,0 days 00:00:26.912000,0 days 00:46:57.631000,0 days 00:47:29.973000,0 days 00:47:56.885000,277.0,183.0,294.0,302.0,True,MEDIUM,14.0,False,Red Bull Racing,0 days 00:46:32.980000,,1,5.0,,,False,True
0 days 00:49:20.742000,PER,11,0 days 00:01:23.873000,9.0,3.0,,,0 days 00:00:24.462000,0 days 00:00:32.368000,0 days 00:00:27.043000,0 days 00:48:21.347000,0 days 00:48:53.715000,0 days 00:49:20.758000,278.0,179.0,294.0,295.0,True,MEDIUM,15.0,False,Red Bull Racing,0 days 00:47:56.869000,,1,5.0,,,False,True
0 days 00:50:44.480000,PER,11,0 days 00:01:23.738000,10.0,3.0,,,0 days 00:00:24.574000,0 days 00:00:32.279000,0 days 00:00:26.885000,0 days 00:49:45.332000,0 days 00:50:17.611000,0 days 00:50:44.496000,277.0,182.0,294.0,295.0,True,MEDIUM,16.0,False,Red Bull Racing,0 days 00:49:20.742000,,1,5.0,,,False,True
0 days 00:52:08.216000,PER,11,0 days 00:01:23.736000,11.0,3.0,,,0 days 00:00:24.446000,0 days 00:00:32.387000,0 days 00:00:26.903000,0 days 00:51:08.942000,0 days 00:51:41.329000,0 days 00:52:08.232000,282.0,181.0,293.0,298.0,True,MEDIUM,17.0,False,Red Bull Racing,0 days 00:50:44.480000,,1,5.0,,,False,True
0 days 00:53:31.665000,PER,11,0 days 00:01:23.449000,12.0,3.0,,,0 days 00:00:24.210000,0 days 00:00:32.302000,0 days 00:00:26.937000,0 days 00:52:32.442000,0 days 00:53:04.744000,0 days 00:53:31.681000,284.0,183.0,295.0,303.0,True,MEDIUM,18.0,False,Red Bull Racing,0 days 00:52:08.216000,,1,5.0,,,False,True
0 days 00:54:55.012000,PER,11,0 days 00:01:23.347000,13.0,3.0,,,0 days 00:00:24.346000,0 days 00:00:32.036000,0 days 00:00:26.965000,0 days 00:53:56.027000,0 days 00:54:28.063000,0 days 00:54:55.028000,276.0,185.0,295.0,298.0,True,MEDIUM,19.0,False,Red Bull Racing,0 days 00:53:31.665000,,1,5.0,,,False,True
0 days 00:56:18.630000,PER,11,0 days 00:01:23.618000,14.0,3.0,,,0 days 00:00:24.354000,0 days 00:00:32.193000,0 days 00:00:27.071000,0 days 00:55:19.382000,0 days 00:55:51.575000,0 days 00:56:18.646000,283.0,181.0,296.0,297.0,False,MEDIUM,20.0,False,Red Bull Racing,0 days 00:54:55.012000,,1,5.0,,,False,True
0 days 00:57:42.649000,PER,11,0 days 00:01:24.019000,15.0,3.0,,,0 days 00:00:24.539000,0 days 00:00:32.341000,0 days 00:00:27.139000,0 days 00:56:43.185000,0 days 00:57:15.526000,0 days 00:57:42.665000,274.0,183.0,289.0,324.0,False,MEDIUM,21.0,False,Red Bull Racing,0 days 00:56:18.630000,,1,4.0,,,False,True
0 days 00:59:05.688000,PER,11,0 days 00:01:23.039000,16.0,3.0,,,0 days 00:00:24.317000,0 days 00:00:31.844000,0 days 00:00:26.878000,0 days 00:58:06.982000,0 days 00:58:38.826000,0 days 00:59:05.704000,277.0,184.0,288.0,288.0,True,MEDIUM,22.0,False,Red Bull Racing,0 days 00:57:42.649000,,1,4.0,,,False,True
0 days 01:00:28.686000,PER,11,0 days 00:01:22.998000,17.0,3.0,,,0 days 00:00:24.191000,0 days 00:00:31.928000,0 days 00:00:26.879000,0 days 00:59:29.895000,0 days 01:00:01.823000,0 days 01:00:28.702000,276.0,182.0,287.0,290.0,True,MEDIUM,23.0,False,Red Bull Racing,0 days 00:59:05.688000,,1,4.0,,,False,True
0 days 01:01:51.421000,PER,11,0 days 00:01:22.735000,18.0,3.0,,,0 days 00:00:24.204000,0 days 00:00:31.692000,0 days 00:00:26.839000,0 days 01:00:52.906000,0 days 01:01:24.598000,0 days 01:01:51.437000,276.0,180.0,288.0,289.0,True,MEDIUM,24.0,False,Red Bull Racing,0 days 01:00:28.686000,,1,4.0,,,False,True
0 days 01:03:14.378000,PER,11,0 days 00:01:22.957000,19.0,3.0,,,0 days 00:00:24.215000,0 days 00:00:31.811000,0 days 00:00:26.931000,0 days 01:02:15.652000,0 days 01:02:47.463000,0 days 01:03:14.394000,279.0,180.0,289.0,288.0,False,MEDIUM,25.0,False,Red Bull Racing,0 days 01:01:51.421000,,1,4.0,,,False,True
0 days 01:04:37.382000,PER,11,0 days 00:01:23.004000,20.0,3.0,,,0 days 00:00:24.170000,0 days 00:00:31.807000,0 days 00:00:27.027000,0 days 01:03:38.564000,0 days 01:04:10.371000,0 days 01:04:37.398000,276.0,182.0,289.0,295.0,False,MEDIUM,26.0,False,Red Bull Racing,0 days 01:03:14.378000,,1,4.0,,,False,True
0 days 01:06:00.860000,PER,11,0 days 00:01:23.478000,21.0,3.0,,,0 days 00:00:24.527000,0 days 00:00:31.982000,0 days 00:00:26.969000,0 days 01:05:01.925000,0 days 01:05:33.907000,0 days 01:06:00.876000,274.0,179.0,287.0,289.0,False,MEDIUM,27.0,False,Red Bull Racing,0 days 01:04:37.382000,,1,4.0,,,False,True
0 days 01:07:23.557000,PER,11,0 days 00:01:22.697000,22.0,3.0,,,0 days 00:00:24.262000,0 days 00:00:31.657000,0 days 00:00:26.778000,0 days 01:06:25.138000,0 days 01:06:56.795000,0 days 01:07:23.573000,275.0,184.0,289.0,292.0,True,MEDIUM,28.0,False,Red Bull Racing,0 days 01:06:00.860000,,1,4.0,,,False,True
0 days 01:08:46.378000,PER,11,0 days 00:01:22.821000,23.0,3.0,,,0 days 00:00:24.201000,0 days 00:00:31.604000,0 days 00:00:27.016000,0 days 01:07:47.774000,0 days 01:08:19.378000,0 days 01:08:46.394000,276.0,186.0,288.0,292.0,False,MEDIUM,29.0,False,Red Bull Racing,0 days 01:07:23.557000,,1,4.0,,,False,True
0 days 01:10:09.139000,PER,11,0 days 00:01:22.761000,24.0,3.0,,,0 days 00:00:24.220000,0 days 00:00:31.681000,0 days 00:00:26.860000,0 days 01:09:10.614000,0 days 01:09:42.295000,0 days 01:10:09.155000,276.0,185.0,289.0,292.0,False,MEDIUM,30.0,False,Red Bull Racing,0 days 01:08:46.378000,,1,4.0,,,False,True
0 days 01:11:32.120000,PER,11,0 days 00:01:22.981000,25.0,3.0,,,0 days 00:00:24.073000,0 days 00:00:32.105000,0 days 00:00:26.803000,0 days 01:10:33.228000,0 days 01:11:05.333000,0 days 01:11:32.136000,276.0,183.0,288.0,290.0,False,MEDIUM,31.0,False,Red Bull Racing,0 days 01:10:09.139000,,1,4.0,,,False,True
0 days 01:12:54.606000,PER,11,0 days 00:01:22.486000,26.0,3.0,,,0 days 00:00:24.054000,0 days 00:00:31.772000,0 days 00:00:26.660000,0 days 01:11:56.190000,0 days 01:12:27.962000,0 days 01:12:54.622000,276.0,185.0,289.0,295.0,True,MEDIUM,32.0,False,Red Bull Racing,0 days 01:11:32.120000,,1,4.0,,,False,True
0 days 01:14:17.373000,PER,11,0 days 00:01:22.767000,27.0,3.0,,,0 days 00:00:24.149000,0 days 00:00:31.908000,0 days 00:00:26.710000,0 days 01:13:18.771000,0 days 01:13:50.679000,0 days 01:14:17.389000,276.0,181.0,290.0,292.0,False,MEDIUM,33.0,False,Red Bull Racing,0 days 01:12:54.606000,,1,4.0,,,False,True
0 days 01:15:39.806000,PER,11,0 days 00:01:22.433000,28.0,3.0,,,0 days 00:00:23.993000,0 days 00:00:31.748000,0 days 00:00:26.692000,0 days 01:14:41.382000,0 days 01:15:13.130000,0 days 01:15:39.822000,276.0,184.0,289.0,295.0,True,MEDIUM,34.0,False,Red Bull Racing,0 days 01:14:17.373000,,1,4.0,,,False,True
0 days 01:17:02.265000,PER,11,0 days 00:01:22.459000,29.0,3.0,,,0 days 00:00:24.070000,0 days 00:00:31.767000,0 days 00:00:26.622000,0 days 01:16:03.892000,0 days 01:16:35.659000,0 days 01:17:02.281000,278.0,182.0,289.0,291.0,False,MEDIUM,35.0,False,Red Bull Racing,0 days 01:15:39.806000,,1,4.0,,,False,True
0 days 01:18:24.583000,PER,11,0 days 00:01:22.318000,30.0,3.0,,,0 days 00:00:23.979000,0 days 00:00:31.825000,0 days 00:00:26.514000,0 days 01:17:26.260000,0 days 01:17:58.085000,0 days 01:18:24.599000,278.0,185.0,293.0,293.0,True,MEDIUM,36.0,False,Red Bull Racing,0 days 01:17:02.265000,,1,4.0,,,False,True
0 days 01:19:47.529000,PER,11,0 days 00:01:22.946000,31.0,3.0,,,0 days 00:00:23.925000,0 days 00:00:32.076000,0 days 00:00:26.945000,0 days 01:18:48.524000,0 days 01:19:20.600000,0 days 01:19:47.545000,279.0,182.0,295.0,298.0,False,MEDIUM,37.0,False,Red Bull Racing,0 days 01:18:24.583000,,1,4.0,,,False,True
0 days 01:21:09.987000,PER,11,0 days 00:01:22.458000,32.0,3.0,,,0 days 00:00:23.762000,0 days 00:00:32.251000,0 days 00:00:26.445000,0 days 01:20:11.307000,0 days 01:20:43.558000,0 days 01:21:10.003000,276.0,185.0,289.0,316.0,False,MEDIUM,38.0,False,Red Bull Racing,0 days 01:19:47.529000,,1,4.0,,,False,True
0 days 01:22:32.053000,PER,11,0 days 00:01:22.066000,33.0,3.0,,,0 days 00:00:23.979000,0 days 00:00:31.634000,0 days 00:00:26.453000,0 days 01:21:33.982000,0 days 01:22:05.616000,0 days 01:22:32.069000,277.0,188.0,289.0,292.0,True,MEDIUM,39.0,False,Red Bull Racing,0 days 01:21:09.987000,,1,4.0,,,False,True
0 days 01:23:53.781000,PER,11,0 days 00:01:21.728000,34.0,3.0,,,0 days 00:00:23.810000,0 days 00:00:31.382000,0 days 00:00:26.536000,0 days 01:22:55.879000,0 days 01:23:27.261000,0 days 01:23:53.797000,277.0,186.0,291.0,297.0,True,MEDIUM,40.0,False,Red Bull Racing,0 days 01:22:32.053000,,1,4.0,,,False,True
0 days 01:25:15.908000,PER,11,0 days 00:01:22.127000,35.0,3.0,,,0 days 00:00:23.833000,0 days 00:00:31.774000,0 days 00:00:26.520000,0 days 01:24:17.630000,0 days 01:24:49.404000,0 days 01:25:15.924000,280.0,182.0,290.0,292.0,False,MEDIUM,41.0,False,Red Bull Racing,0 days 01:23:53.781000,,1,4.0,,,False,True
0 days 01:26:37.947000,PER,11,0 days 00:01:22.039000,36.0,3.0,,,0 days 00:00:24.067000,0 days 00:00:31.495000,0 days 00:00:26.477000,0 days 01:25:39.991000,0 days 01:26:11.486000,0 days 01:26:37.963000,278.0,186.0,288.0,291.0,False,MEDIUM,42.0,False,Red Bull Racing,0 days 01:25:15.908000,,1,3.0,,,False,True
0 days 01:28:00.090000,PER,11,0 days 00:01:22.143000,37.0,3.0,,,0 days 00:00:24.067000,0 days 00:00:31.520000,0 days 00:00:26.556000,,0 days 01:27:33.550000,0 days 01:28:00.106000,276.0,187.0,289.0,292.0,False,MEDIUM,43.0,False,Red Bull Racing,0 days 01:26:37.947000,,1,2.0,,,False,True
0 days 01:29:21.977000,PER,11,0 days 00:01:21.887000,38.0,3.0,,,0 days 00:00:23.890000,0 days 00:00:31.456000,0 days 00:00:26.541000,0 days 01:28:23.996000,0 days 01:28:55.452000,0 days 01:29:21.993000,278.0,187.0,290.0,292.0,False,MEDIUM,44.0,False,Red Bull Racing,0 days 01:28:00.090000,,1,1.0,,,False,True
0 days 01:30:44.290000,PER,11,0 days 00:01:22.313000,39.0,3.0,,,0 days 00:00:24.192000,0 days 00:00:31.636000,0 days 00:00:26.485000,0 days 01:29:46.185000,0 days 01:30:17.821000,0 days 01:30:44.306000,275.0,184.0,289.0,294.0,False,MEDIUM,45.0,False,Red Bull Racing,0 days 01:29:21.977000,,1,1.0,,,False,True
0 days 01:32:06.356000,PER,11,0 days 00:01:22.066000,40.0,3.0,,,0 days 00:00:23.955000,0 days 00:00:31.490000,0 days 00:00:26.621000,0 days 01:31:08.261000,0 days 01:31:39.751000,0 days 01:32:06.372000,277.0,185.0,290.0,293.0,False,MEDIUM,46.0,False,Red Bull Racing,0 days 01:30:44.290000,,1,1.0,,,False,True
0 days 01:33:28.499000,PER,11,0 days 00:01:22.143000,41.0,3.0,,,0 days 00:00:23.818000,0 days 00:00:31.628000,0 days 00:00:26.697000,0 days 01:32:30.190000,0 days 01:33:01.818000,0 days 01:33:28.515000,278.0,187.0,288.0,294.0,False,MEDIUM,47.0,False,Red Bull Racing,0 days 01:32:06.356000,,1,1.0,,,False,True
0 days 01:34:51.165000,PER,11,0 days 00:01:22.666000,42.0,3.0,,,0 days 00:00:23.965000,0 days 00:00:31.730000,0 days 00:00:26.971000,0 days 01:33:52.480000,0 days 01:34:24.210000,0 days 01:34:51.181000,277.0,182.0,290.0,294.0,False,MEDIUM,48.0,False,Red Bull Racing,0 days 01:33:28.499000,,1,1.0,,,False,True
0 days 01:36:13.324000,PER,11,0 days 00:01:22.159000,43.0,3.0,,,0 days 00:00:23.944000,0 days 00:00:31.604000,0 days 00:00:26.611000,0 days 01:35:15.125000,0 days 01:35:46.729000,0 days 01:36:13.340000,278.0,186.0,290.0,295.0,False,MEDIUM,49.0,False,Red Bull Racing,0 days 01:34:51.165000,,1,1.0,,,False,True
0 days 01:37:35.460000,PER,11,0 days 00:01:22.136000,44.0,3.0,,,0 days 00:00:23.937000,0 days 00:00:31.633000,0 days 00:00:26.566000,0 days 01:36:37.277000,0 days 01:37:08.910000,0 days 01:37:35.476000,280.0,188.0,289.0,294.0,False,MEDIUM,50.0,False,Red Bull Racing,0 days 01:36:13.324000,,1,1.0,,,False,True
0 days 01:38:57.920000,PER,11,0 days 00:01:22.460000,45.0,3.0,,,0 days 00:00:24.019000,0 days 00:00:31.942000,0 days 00:00:26.499000,0 days 01:37:59.495000,0 days 01:38:31.437000,0 days 01:38:57.936000,279.0,184.0,291.0,293.0,False,MEDIUM,51.0,False,Red Bull Racing,0 days 01:37:35.460000,,1,1.0,,,False,True
0 days 01:40:22.005000,PER,11,0 days 00:01:24.085000,46.0,3.0,,,0 days 00:00:25.389000,0 days 00:00:31.931000,0 days 00:00:26.765000,0 days 01:39:23.325000,0 days 01:39:55.256000,0 days 01:40:22.021000,280.0,183.0,289.0,298.0,False,MEDIUM,52.0,False,Red Bull Racing,0 days 01:38:57.920000,,1,1.0,,,False,True
0 days 01:41:44.220000,PER,11,0 days 00:01:22.215000,47.0,3.0,,,0 days 00:00:23.995000,0 days 00:00:31.693000,0 days 00:00:26.527000,0 days 01:40:46.016000,0 days 01:41:17.709000,0 days 01:41:44.236000,278.0,182.0,287.0,295.0,False,MEDIUM,53.0,False,Red Bull Racing,0 days 01:40:22.005000,,1,1.0,,,False,True
0 days 01:43:06.912000,PER,11,0 days 00:01:22.692000,48.0,3.0,,,0 days 00:00:24.241000,0 days 00:00:31.801000,0 days 00:00:26.650000,0 days 01:42:08.477000,0 days 01:42:40.278000,0 days 01:43:06.928000,276.0,186.0,291.0,294.0,False,MEDIUM,54.0,False,Red Bull Racing,0 days 01:41:44.220000,,1,1.0,,,False,True
0 days 01:44:29.348000,PER,11,0 days 00:01:22.436000,49.0,3.0,,,0 days 00:00:23.937000,0 days 00:00:31.596000,0 days 00:00:26.903000,0 days 01:43:30.865000,0 days 01:44:02.461000,0 days 01:44:29.364000,279.0,185.0,291.0,295.0,False,MEDIUM,55.0,False,Red Bull Racing,0 days 01:43:06.912000,,1,1.0,,,False,True
0 days 01:45:52.609000,PER,11,0 days 00:01:23.261000,50.0,3.0,,,0 days 00:00:24.189000,0 days 00:00:31.852000,0 days 00:00:27.220000,0 days 01:44:53.553000,0 days 01:45:25.405000,0 days 01:45:52.625000,278.0,177.0,291.0,297.0,False,MEDIUM,56.0,False,Red Bull Racing,0 days 01:44:29.348000,,1,1.0,,,False,True
0 days 01:47:21.417000,PER,11,0 days 00:01:28.808000,51.0,3.0,,0 days 01:47:18.577000,0 days 00:00:25.408000,0 days 00:00:32.256000,0 days 00:00:31.144000,0 days 01:46:18.033000,0 days 01:46:50.289000,0 days 01:47:21.433000,276.0,183.0,,297.0,False,MEDIUM,57.0,False,Red Bull Racing,0 days 01:45:52.609000,,1,4.0,,,False,False
0 days 01:49:07.608000,PER,11,0 days 00:01:46.191000,52.0,4.0,0 days 01:47:45.152000,,0 days 00:00:46.904000,0 days 00:00:32.438000,0 days 00:00:26.849000,0 days 01:48:08.337000,0 days 01:48:40.775000,0 days 01:49:07.624000,272.0,187.0,289.0,297.0,False,SOFT,5.0,False,Red Bull Racing,0 days 01:47:21.417000,,1,4.0,,,False,False
0 days 01:50:28.951000,PER,11,0 days 00:01:21.343000,53.0,4.0,,,0 days 00:00:23.724000,0 days 00:00:31.450000,0 days 00:00:26.169000,0 days 01:49:31.348000,0 days 01:50:02.798000,0 days 01:50:28.967000,280.0,190.0,290.0,295.0,True,SOFT,6.0,False,Red Bull Racing,0 days 01:49:07.608000,,1,4.0,,,False,True
0 days 01:51:51.529000,PER,11,0 days 00:01:22.578000,54.0,4.0,,,0 days 00:00:24.271000,0 days 00:00:31.594000,0 days 00:00:26.713000,0 days 01:50:53.238000,0 days 01:51:24.832000,0 days 01:51:51.545000,276.0,191.0,290.0,296.0,False,SOFT,7.0,False,Red Bull Racing,0 days 01:50:28.951000,,1,4.0,,,False,True
0 days 01:53:12.172000,PER,11,0 days 00:01:20.643000,55.0,4.0,,,0 days 00:00:23.568000,0 days 00:00:30.895000,0 days 00:00:26.180000,0 days 01:52:15.113000,0 days 01:52:46.008000,0 days 01:53:12.188000,279.0,193.0,291.0,295.0,True,SOFT,8.0,False,Red Bull Racing,0 days 01:51:51.529000,,1,4.0,,,False,True
0 days 01:54:34.547000,PER,11,0 days 00:01:22.375000,56.0,4.0,,,0 days 00:00:24.151000,0 days 00:00:31.579000,0 days 00:00:26.645000,0 days 01:53:36.339000,0 days 01:54:07.918000,0 days 01:54:34.563000,278.0,187.0,292.0,298.0,False,SOFT,9.0,False,Red Bull Racing,0 days 01:53:12.172000,,1,4.0,,,False,True
0 days 01:55:56.585000,PER,11,0 days 00:01:22.038000,57.0,4.0,,,0 days 00:00:24.153000,0 days 00:00:31.412000,0 days 00:00:26.473000,0 days 01:54:58.716000,0 days 01:55:30.128000,0 days 01:55:56.601000,284.0,190.0,290.0,296.0,False,SOFT,10.0,False,Red Bull Racing,0 days 01:54:34.547000,,1,4.0,,,False,True
0 days 01:57:18.814000,PER,11,0 days 00:01:22.229000,58.0,4.0,,,0 days 00:00:24.149000,0 days 00:00:31.621000,0 days 00:00:26.459000,0 days 01:56:20.750000,0 days 01:56:52.371000,0 days 01:57:18.830000,278.0,190.0,289.0,289.0,False,SOFT,11.0,False,Red Bull Racing,0 days 01:55:56.585000,,1,4.0,,,False,True
0 days 01:58:40.712000,PER,11,0 days 00:01:21.898000,59.0,4.0,,,0 days 00:00:24.192000,0 days 00:00:31.377000,0 days 00:00:26.329000,0 days 01:57:43.022000,0 days 01:58:14.399000,0 days 01:58:40.728000,278.0,191.0,290.0,290.0,False,SOFT,12.0,False,Red Bull Racing,0 days 01:57:18.814000,,1,4.0,,,False,True
0 days 02:00:02.923000,PER,11,0 days 00:01:22.211000,60.0,4.0,,,0 days 00:00:24.177000,0 days 00:00:31.581000,0 days 00:00:26.453000,0 days 01:59:04.905000,0 days 01:59:36.486000,0 days 02:00:02.939000,277.0,188.0,289.0,289.0,False,SOFT,13.0,False,Red Bull Racing,0 days 01:58:40.712000,,1,4.0,,,False,True
0 days 02:01:25.328000,PER,11,0 days 00:01:22.405000,61.0,4.0,,,0 days 00:00:24.144000,0 days 00:00:31.537000,0 days 00:00:26.724000,0 days 02:00:27.083000,0 days 02:00:58.620000,0 days 02:01:25.344000,277.0,190.0,288.0,290.0,False,SOFT,14.0,False,Red Bull Racing,0 days 02:00:02.923000,,1,4.0,,,False,True
0 days 02:02:47.132000,PER,11,0 days 00:01:21.804000,62.0,4.0,,,0 days 00:00:23.667000,0 days 00:00:31.513000,0 days 00:00:26.624000,0 days 02:01:49.011000,0 days 02:02:20.524000,0 days 02:02:47.148000,280.0,189.0,289.0,294.0,False,SOFT,15.0,False,Red Bull Racing,0 days 02:01:25.328000,,1,4.0,,,False,True
0 days 02:04:08.481000,PER,11,0 days 00:01:21.349000,63.0,4.0,,,0 days 00:00:23.977000,0 days 00:00:31.154000,0 days 00:00:26.218000,0 days 02:03:11.125000,0 days 02:03:42.279000,0 days 02:04:08.497000,279.0,192.0,287.0,293.0,False,SOFT,16.0,False,Red Bull Racing,0 days 02:02:47.132000,,1,4.0,,,False,True
0 days 02:05:30.759000,PER,11,0 days 00:01:22.278000,64.0,4.0,,,0 days 00:00:24.228000,0 days 00:00:31.454000,0 days 00:00:26.596000,0 days 02:04:32.725000,0 days 02:05:04.179000,0 days 02:05:30.775000,279.0,192.0,289.0,293.0,False,SOFT,17.0,False,Red Bull Racing,0 days 02:04:08.481000,,1,4.0,,,False,True
0 days 02:06:52.380000,PER,11,0 days 00:01:21.621000,65.0,4.0,,,0 days 00:00:23.983000,0 days 00:00:31.282000,0 days 00:00:26.356000,0 days 02:05:54.758000,0 days 02:06:26.040000,0 days 02:06:52.396000,280.0,190.0,291.0,295.0,False,SOFT,18.0,False,Red Bull Racing,0 days 02:05:30.759000,,1,4.0,,,False,True
0 days 02:08:14.146000,PER,11,0 days 00:01:21.766000,66.0,4.0,,,0 days 00:00:24.085000,0 days 00:00:31.143000,0 days 00:00:26.538000,0 days 02:07:16.481000,0 days 02:07:47.624000,0 days 02:08:14.162000,279.0,189.0,291.0,295.0,False,SOFT,19.0,False,Red Bull Racing,0 days 02:06:52.380000,,1,4.0,,,False,True
0 days 00:34:37.244000,ALO,14,0 days 00:01:34.254000,1.0,1.0,,,,0 days 00:00:35.910000,0 days 00:00:28.523000,,0 days 00:34:08.805000,0 days 00:34:37.815000,265.0,175.0,288.0,257.0,False,MEDIUM,1.0,True,Alpine,0 days 00:33:02.841000,,1,15.0,,,False,False
0 days 00:36:38.359000,ALO,14,0 days 00:02:01.115000,2.0,1.0,,0 days 00:36:35.280000,0 days 00:00:26.069000,0 days 00:00:50.761000,0 days 00:00:44.285000,0 days 00:35:03.372000,0 days 00:35:54.133000,0 days 00:36:38.418000,265.0,154.0,,272.0,False,MEDIUM,2.0,True,Alpine,0 days 00:34:37.244000,,14,14.0,,,False,False
0 days 00:38:57.236000,ALO,14,0 days 00:02:18.877000,3.0,2.0,0 days 00:36:56.699000,0 days 00:38:54.293000,0 days 00:00:46.428000,0 days 00:00:43.388000,0 days 00:00:49.061000,0 days 00:37:24.846000,0 days 00:38:08.234000,0 days 00:38:57.295000,117.0,139.0,,272.0,False,MEDIUM,3.0,False,Alpine,0 days 00:36:38.359000,,4,14.0,,,False,False
0 days 00:41:11.931000,ALO,14,0 days 00:02:14.695000,4.0,3.0,0 days 00:39:15.974000,,0 days 00:00:51.351000,0 days 00:00:41.236000,0 days 00:00:42.108000,0 days 00:39:48.646000,0 days 00:40:29.882000,0 days 00:41:11.990000,144.0,171.0,192.0,272.0,False,MEDIUM,4.0,False,Alpine,0 days 00:38:57.236000,,4,14.0,,,False,False
0 days 00:43:11.380000,ALO,14,0 days 00:01:59.449000,5.0,3.0,,,0 days 00:00:33.753000,0 days 00:00:43.259000,0 days 00:00:42.437000,0 days 00:41:45.743000,0 days 00:42:29.002000,0 days 00:43:11.439000,135.0,169.0,229.0,225.0,True,MEDIUM,5.0,False,Alpine,0 days 00:41:11.931000,,4,14.0,,,False,False
0 days 00:45:08.076000,ALO,14,0 days 00:01:56.696000,6.0,3.0,,,0 days 00:00:35.044000,0 days 00:00:42.318000,0 days 00:00:39.334000,0 days 00:43:46.483000,0 days 00:44:28.801000,0 days 00:45:08.135000,120.0,142.0,270.0,264.0,True,MEDIUM,6.0,False,Alpine,0 days 00:43:11.380000,,41,14.0,,,False,False
0 days 00:46:37.803000,ALO,14,0 days 00:01:29.727000,7.0,3.0,,,0 days 00:00:27.005000,0 days 00:00:34.766000,0 days 00:00:27.956000,0 days 00:45:35.140000,0 days 00:46:09.906000,0 days 00:46:37.862000,278.0,170.0,296.0,307.0,True,MEDIUM,7.0,False,Alpine,0 days 00:45:08.076000,,1,13.0,,,False,True
0 days 00:48:04.097000,ALO,14,0 days 00:01:26.294000,8.0,3.0,,,0 days 00:00:25.440000,0 days 00:00:33.480000,0 days 00:00:27.374000,0 days 00:47:03.302000,0 days 00:47:36.782000,0 days 00:48:04.156000,269.0,183.0,298.0,314.0,True,MEDIUM,8.0,False,Alpine,0 days 00:46:37.803000,,1,13.0,,,False,True
0 days 00:49:29.186000,ALO,14,0 days 00:01:25.089000,9.0,3.0,,,0 days 00:00:24.987000,0 days 00:00:33.019000,0 days 00:00:27.083000,0 days 00:48:29.143000,0 days 00:49:02.162000,0 days 00:49:29.245000,275.0,183.0,299.0,300.0,True,MEDIUM,9.0,False,Alpine,0 days 00:48:04.097000,,1,13.0,,,False,True
0 days 00:50:53.509000,ALO,14,0 days 00:01:24.323000,10.0,3.0,,,0 days 00:00:24.550000,0 days 00:00:32.686000,0 days 00:00:27.087000,0 days 00:49:53.795000,0 days 00:50:26.481000,0 days 00:50:53.568000,276.0,184.0,299.0,316.0,True,MEDIUM,10.0,False,Alpine,0 days 00:49:29.186000,,1,13.0,,,False,True
0 days 00:52:17.905000,ALO,14,0 days 00:01:24.396000,11.0,3.0,,,0 days 00:00:24.520000,0 days 00:00:32.780000,0 days 00:00:27.096000,0 days 00:51:18.088000,0 days 00:51:50.868000,0 days 00:52:17.964000,277.0,185.0,296.0,322.0,False,MEDIUM,11.0,False,Alpine,0 days 00:50:53.509000,,1,13.0,,,False,True
0 days 00:53:42.109000,ALO,14,0 days 00:01:24.204000,12.0,3.0,,,0 days 00:00:24.359000,0 days 00:00:32.882000,0 days 00:00:26.963000,0 days 00:52:42.323000,0 days 00:53:15.205000,0 days 00:53:42.168000,277.0,183.0,298.0,318.0,True,MEDIUM,12.0,False,Alpine,0 days 00:52:17.905000,,1,13.0,,,False,True
0 days 00:55:06.417000,ALO,14,0 days 00:01:24.308000,13.0,3.0,,,0 days 00:00:24.611000,0 days 00:00:32.536000,0 days 00:00:27.161000,0 days 00:54:06.779000,0 days 00:54:39.315000,0 days 00:55:06.476000,275.0,183.0,298.0,313.0,False,MEDIUM,13.0,False,Alpine,0 days 00:53:42.109000,,1,13.0,,,False,True
0 days 00:56:30.438000,ALO,14,0 days 00:01:24.021000,14.0,3.0,,,0 days 00:00:24.395000,0 days 00:00:32.588000,0 days 00:00:27.038000,0 days 00:55:30.871000,0 days 00:56:03.459000,0 days 00:56:30.497000,276.0,188.0,297.0,314.0,True,MEDIUM,14.0,False,Alpine,0 days 00:55:06.417000,,1,13.0,,,False,True
0 days 00:57:54.810000,ALO,14,0 days 00:01:24.372000,15.0,3.0,,,0 days 00:00:24.266000,0 days 00:00:32.948000,0 days 00:00:27.158000,0 days 00:56:54.763000,0 days 00:57:27.711000,0 days 00:57:54.869000,285.0,183.0,298.0,317.0,False,MEDIUM,15.0,False,Alpine,0 days 00:56:30.438000,,1,13.0,,,False,True
0 days 00:59:18.930000,ALO,14,0 days 00:01:24.120000,16.0,3.0,,,0 days 00:00:24.409000,0 days 00:00:32.566000,0 days 00:00:27.145000,0 days 00:58:19.278000,0 days 00:58:51.844000,0 days 00:59:18.989000,277.0,187.0,292.0,313.0,False,MEDIUM,16.0,False,Alpine,0 days 00:57:54.810000,,1,13.0,,,False,True
0 days 01:00:42.638000,ALO,14,0 days 00:01:23.708000,17.0,3.0,,,0 days 00:00:24.616000,0 days 00:00:32.183000,0 days 00:00:26.909000,0 days 00:59:43.605000,0 days 01:00:15.788000,0 days 01:00:42.697000,270.0,186.0,291.0,294.0,True,MEDIUM,17.0,False,Alpine,0 days 00:59:18.930000,,1,13.0,,,False,True
0 days 01:02:06.371000,ALO,14,0 days 00:01:23.733000,18.0,3.0,,,0 days 00:00:24.469000,0 days 00:00:32.318000,0 days 00:00:26.946000,0 days 01:01:07.166000,0 days 01:01:39.484000,0 days 01:02:06.430000,277.0,180.0,293.0,292.0,False,MEDIUM,18.0,False,Alpine,0 days 01:00:42.638000,,1,13.0,,,False,True
0 days 01:03:30.162000,ALO,14,0 days 00:01:23.791000,19.0,3.0,,,0 days 00:00:24.472000,0 days 00:00:32.268000,0 days 00:00:27.051000,0 days 01:02:30.902000,0 days 01:03:03.170000,0 days 01:03:30.221000,278.0,184.0,294.0,291.0,False,MEDIUM,19.0,False,Alpine,0 days 01:02:06.371000,,1,13.0,,,False,True
0 days 01:04:54.016000,ALO,14,0 days 00:01:23.854000,20.0,3.0,,,0 days 00:00:24.442000,0 days 00:00:32.285000,0 days 00:00:27.127000,0 days 01:03:54.663000,0 days 01:04:26.948000,0 days 01:04:54.075000,278.0,184.0,296.0,294.0,False,MEDIUM,20.0,False,Alpine,0 days 01:03:30.162000,,1,13.0,,,False,True
0 days 01:06:17.917000,ALO,14,0 days 00:01:23.901000,21.0,3.0,,,0 days 00:00:24.131000,0 days 00:00:32.700000,0 days 00:00:27.070000,0 days 01:05:18.206000,0 days 01:05:50.906000,0 days 01:06:17.976000,274.0,185.0,297.0,313.0,False,MEDIUM,21.0,False,Alpine,0 days 01:04:54.016000,,1,13.0,,,False,True
0 days 01:07:41.746000,ALO,14,0 days 00:01:23.829000,22.0,3.0,,,0 days 00:00:24.192000,0 days 00:00:32.614000,0 days 00:00:27.023000,0 days 01:06:42.168000,0 days 01:07:14.782000,0 days 01:07:41.805000,277.0,189.0,293.0,313.0,False,MEDIUM,22.0,False,Alpine,0 days 01:06:17.917000,,1,10.0,,,False,True
0 days 01:09:04.488000,ALO,14,0 days 00:01:22.742000,23.0,3.0,,,0 days 00:00:23.922000,0 days 00:00:31.919000,0 days 00:00:26.901000,0 days 01:08:05.727000,0 days 01:08:37.646000,0 days 01:09:04.547000,268.0,186.0,291.0,306.0,True,MEDIUM,23.0,False,Alpine,0 days 01:07:41.746000,,1,8.0,,,False,True
0 days 01:10:28.299000,ALO,14,0 days 00:01:23.811000,24.0,3.0,,,0 days 00:00:24.342000,0 days 00:00:32.063000,0 days 00:00:27.406000,0 days 01:09:28.889000,0 days 01:10:00.952000,0 days 01:10:28.358000,268.0,184.0,288.0,287.0,False,MEDIUM,24.0,False,Alpine,0 days 01:09:04.488000,,1,8.0,,,False,True
0 days 01:11:51.428000,ALO,14,0 days 00:01:23.129000,25.0,3.0,,,0 days 00:00:24.177000,0 days 00:00:31.883000,0 days 00:00:27.069000,0 days 01:10:52.535000,0 days 01:11:24.418000,0 days 01:11:51.487000,270.0,184.0,290.0,289.0,False,MEDIUM,25.0,False,Alpine,0 days 01:10:28.299000,,1,7.0,,,False,True
0 days 01:13:14.641000,ALO,14,0 days 00:01:23.213000,26.0,3.0,,,0 days 00:00:24.396000,0 days 00:00:31.847000,0 days 00:00:26.970000,0 days 01:12:15.883000,0 days 01:12:47.730000,0 days 01:13:14.700000,268.0,178.0,290.0,285.0,False,MEDIUM,26.0,False,Alpine,0 days 01:11:51.428000,,1,6.0,,,False,True
0 days 01:14:37.776000,ALO,14,0 days 00:01:23.135000,27.0,3.0,,,0 days 00:00:24.197000,0 days 00:00:32.028000,0 days 00:00:26.910000,0 days 01:13:38.897000,0 days 01:14:10.925000,0 days 01:14:37.835000,270.0,185.0,291.0,288.0,False,MEDIUM,27.0,False,Alpine,0 days 01:13:14.641000,,1,6.0,,,False,True
0 days 01:16:00.880000,ALO,14,0 days 00:01:23.104000,28.0,3.0,,,0 days 00:00:24.225000,0 days 00:00:31.963000,0 days 00:00:26.916000,0 days 01:15:02.060000,0 days 01:15:34.023000,0 days 01:16:00.939000,271.0,179.0,290.0,287.0,False,MEDIUM,28.0,False,Alpine,0 days 01:14:37.776000,,1,6.0,,,False,True
0 days 01:17:24.155000,ALO,14,0 days 00:01:23.275000,29.0,3.0,,,0 days 00:00:24.417000,0 days 00:00:32.021000,0 days 00:00:26.837000,0 days 01:16:25.356000,0 days 01:16:57.377000,0 days 01:17:24.214000,269.0,186.0,291.0,286.0,False,MEDIUM,29.0,False,Alpine,0 days 01:16:00.880000,,1,6.0,,,False,True
0 days 01:18:47.183000,ALO,14,0 days 00:01:23.028000,30.0,3.0,,,0 days 00:00:24.238000,0 days 00:00:31.914000,0 days 00:00:26.876000,0 days 01:17:48.452000,0 days 01:18:20.366000,0 days 01:18:47.242000,270.0,184.0,290.0,287.0,False,MEDIUM,30.0,False,Alpine,0 days 01:17:24.155000,,1,6.0,,,False,True
0 days 01:20:10.235000,ALO,14,0 days 00:01:23.052000,31.0,3.0,,,0 days 00:00:24.245000,0 days 00:00:31.962000,0 days 00:00:26.845000,0 days 01:19:11.487000,0 days 01:19:43.449000,0 days 01:20:10.294000,270.0,182.0,290.0,286.0,False,MEDIUM,31.0,False,Alpine,0 days 01:18:47.183000,,1,6.0,,,False,True
0 days 01:21:33.227000,ALO,14,0 days 00:01:22.992000,32.0,3.0,,,0 days 00:00:24.279000,0 days 00:00:31.972000,0 days 00:00:26.741000,0 days 01:20:34.573000,0 days 01:21:06.545000,0 days 01:21:33.286000,269.0,185.0,290.0,287.0,False,MEDIUM,32.0,False,Alpine,0 days 01:20:10.235000,,1,6.0,,,False,True
0 days 01:22:56.079000,ALO,14,0 days 00:01:22.852000,33.0,3.0,,,0 days 00:00:24.182000,0 days 00:00:31.919000,0 days 00:00:26.751000,0 days 01:21:57.468000,0 days 01:22:29.387000,0 days 01:22:56.138000,271.0,187.0,291.0,287.0,False,MEDIUM,33.0,False,Alpine,0 days 01:21:33.227000,,1,6.0,,,False,True
0 days 01:24:18.776000,ALO,14,0 days 00:01:22.697000,34.0,3.0,,,0 days 00:00:24.125000,0 days 00:00:31.854000,0 days 00:00:26.718000,0 days 01:23:20.263000,0 days 01:23:52.117000,0 days 01:24:18.835000,271.0,189.0,291.0,289.0,True,MEDIUM,34.0,False,Alpine,0 days 01:22:56.079000,,1,6.0,,,False,True
0 days 01:25:41.598000,ALO,14,0 days 00:01:22.822000,35.0,3.0,,,0 days 00:00:24.101000,0 days 00:00:31.879000,0 days 00:00:26.842000,0 days 01:24:42.936000,0 days 01:25:14.815000,0 days 01:25:41.657000,272.0,186.0,291.0,287.0,False,MEDIUM,35.0,False,Alpine,0 days 01:24:18.776000,,1,6.0,,,False,True
0 days 01:27:04.870000,ALO,14,0 days 00:01:23.272000,36.0,3.0,,,0 days 00:00:24.510000,0 days 00:00:31.978000,0 days 00:00:26.784000,0 days 01:26:06.167000,0 days 01:26:38.145000,0 days 01:27:04.929000,275.0,179.0,291.0,287.0,False,MEDIUM,36.0,False,Alpine,0 days 01:25:41.598000,,1,6.0,,,False,True
0 days 01:28:27.399000,ALO,14,0 days 00:01:22.529000,37.0,3.0,,,0 days 00:00:24.166000,0 days 00:00:31.600000,0 days 00:00:26.763000,0 days 01:27:29.095000,0 days 01:28:00.695000,0 days 01:28:27.458000,269.0,188.0,292.0,288.0,True,MEDIUM,37.0,False,Alpine,0 days 01:27:04.870000,,1,6.0,,,False,True
0 days 01:29:50.226000,ALO,14,0 days 00:01:22.827000,38.0,3.0,,,0 days 00:00:24.218000,0 days 00:00:31.868000,0 days 00:00:26.741000,0 days 01:28:51.676000,0 days 01:29:23.544000,0 days 01:29:50.285000,272.0,187.0,291.0,290.0,False,MEDIUM,38.0,False,Alpine,0 days 01:28:27.399000,,1,6.0,,,False,True
0 days 01:31:13.119000,ALO,14,0 days 00:01:22.893000,39.0,3.0,,,0 days 00:00:24.255000,0 days 00:00:31.798000,0 days 00:00:26.840000,0 days 01:30:14.540000,0 days 01:30:46.338000,0 days 01:31:13.178000,270.0,187.0,291.0,286.0,False,MEDIUM,39.0,False,Alpine,0 days 01:29:50.226000,,1,6.0,,,False,True
0 days 01:32:41.150000,ALO,14,0 days 00:01:28.031000,40.0,3.0,,0 days 01:32:38.250000,0 days 00:00:24.599000,0 days 00:00:32.135000,0 days 00:00:31.297000,0 days 01:31:37.777000,0 days 01:32:09.912000,0 days 01:32:41.209000,270.0,188.0,,288.0,False,MEDIUM,40.0,False,Alpine,0 days 01:31:13.119000,,1,6.0,,,False,False
0 days 01:34:26.430000,ALO,14,0 days 00:01:45.280000,41.0,4.0,0 days 01:33:04.652000,,0 days 00:00:45.969000,0 days 00:00:32.500000,0 days 00:00:26.811000,0 days 01:33:27.178000,0 days 01:33:59.678000,0 days 01:34:26.489000,267.0,189.0,288.0,288.0,False,HARD,1.0,True,Alpine,0 days 01:32:41.150000,,1,11.0,,,False,False
0 days 01:35:48.368000,ALO,14,0 days 00:01:21.938000,42.0,4.0,,,0 days 00:00:24.032000,0 days 00:00:31.387000,0 days 00:00:26.519000,0 days 01:34:50.521000,0 days 01:35:21.908000,0 days 01:35:48.427000,270.0,193.0,296.0,285.0,True,HARD,2.0,True,Alpine,0 days 01:34:26.430000,,1,11.0,,,False,True
0 days 01:37:11.827000,ALO,14,0 days 00:01:23.459000,43.0,4.0,,,0 days 00:00:24.026000,0 days 00:00:32.460000,0 days 00:00:26.973000,0 days 01:36:12.453000,0 days 01:36:44.913000,0 days 01:37:11.886000,280.0,179.0,292.0,315.0,False,HARD,3.0,True,Alpine,0 days 01:35:48.368000,,1,11.0,,,False,True
0 days 01:38:35.919000,ALO,14,0 days 00:01:24.092000,44.0,4.0,,,0 days 00:00:24.078000,0 days 00:00:33.004000,0 days 00:00:27.010000,0 days 01:37:35.964000,0 days 01:38:08.968000,0 days 01:38:35.978000,273.0,180.0,291.0,289.0,False,HARD,4.0,True,Alpine,0 days 01:37:11.827000,,1,11.0,,,False,True
0 days 01:39:58.194000,ALO,14,0 days 00:01:22.275000,45.0,4.0,,,0 days 00:00:24.277000,0 days 00:00:31.458000,0 days 00:00:26.540000,0 days 01:39:00.255000,0 days 01:39:31.713000,0 days 01:39:58.253000,270.0,190.0,292.0,291.0,False,HARD,5.0,True,Alpine,0 days 01:38:35.919000,,1,11.0,,,False,True
0 days 01:41:20.692000,ALO,14,0 days 00:01:22.498000,46.0,4.0,,,0 days 00:00:24.173000,0 days 00:00:31.763000,0 days 00:00:26.562000,0 days 01:40:22.426000,0 days 01:40:54.189000,0 days 01:41:20.751000,272.0,188.0,290.0,287.0,False,HARD,6.0,True,Alpine,0 days 01:39:58.194000,,1,11.0,,,False,True
0 days 01:42:43.027000,ALO,14,0 days 00:01:22.335000,47.0,4.0,,,0 days 00:00:24.305000,0 days 00:00:31.488000,0 days 00:00:26.542000,0 days 01:41:45.056000,0 days 01:42:16.544000,0 days 01:42:43.086000,268.0,188.0,292.0,285.0,False,HARD,7.0,True,Alpine,0 days 01:41:20.692000,,1,11.0,,,False,True
0 days 01:44:05.674000,ALO,14,0 days 00:01:22.647000,48.0,4.0,,,0 days 00:00:24.109000,0 days 00:00:31.903000,0 days 00:00:26.635000,0 days 01:43:07.195000,0 days 01:43:39.098000,0 days 01:44:05.733000,274.0,183.0,307.0,289.0,False,HARD,8.0,True,Alpine,0 days 01:42:43.027000,,1,11.0,,,False,True
0 days 01:45:27.701000,ALO,14,0 days 00:01:22.027000,49.0,4.0,,,0 days 00:00:23.737000,0 days 00:00:31.676000,0 days 00:00:26.614000,0 days 01:44:29.470000,0 days 01:45:01.146000,0 days 01:45:27.760000,275.0,188.0,299.0,325.0,False,HARD,9.0,True,Alpine,0 days 01:44:05.674000,,1,10.0,,,False,True
0 days 01:46:50.079000,ALO,14,0 days 00:01:22.378000,50.0,4.0,,,0 days 00:00:23.861000,0 days 00:00:31.869000,0 days 00:00:26.648000,0 days 01:45:51.621000,0 days 01:46:23.490000,0 days 01:46:50.138000,280.0,189.0,298.0,311.0,False,HARD,10.0,True,Alpine,0 days 01:45:27.701000,,1,10.0,,,False,True
0 days 01:48:12.335000,ALO,14,0 days 00:01:22.256000,51.0,4.0,,,0 days 00:00:23.770000,0 days 00:00:31.769000,0 days 00:00:26.717000,0 days 01:47:13.908000,0 days 01:47:45.677000,0 days 01:48:12.394000,268.0,192.0,293.0,323.0,False,HARD,11.0,True,Alpine,0 days 01:46:50.079000,,1,9.0,,,False,True
0 days 01:49:34.348000,ALO,14,0 days 00:01:22.013000,52.0,4.0,,,0 days 00:00:24.139000,0 days 00:00:31.463000,0 days 00:00:26.411000,0 days 01:48:36.533000,0 days 01:49:07.996000,0 days 01:49:34.407000,269.0,193.0,293.0,286.0,False,HARD,12.0,True,Alpine,0 days 01:48:12.335000,,1,9.0,,,False,True
0 days 01:50:56.498000,ALO,14,0 days 00:01:22.150000,53.0,4.0,,,0 days 00:00:23.900000,0 days 00:00:31.464000,0 days 00:00:26.786000,0 days 01:49:58.307000,0 days 01:50:29.771000,0 days 01:50:56.557000,273.0,192.0,293.0,285.0,False,HARD,13.0,True,Alpine,0 days 01:49:34.348000,,1,9.0,,,False,True
0 days 01:52:18.523000,ALO,14,0 days 00:01:22.025000,54.0,4.0,,,0 days 00:00:24.109000,0 days 00:00:31.436000,0 days 00:00:26.480000,0 days 01:51:20.666000,0 days 01:51:52.102000,0 days 01:52:18.582000,269.0,191.0,295.0,288.0,False,HARD,14.0,True,Alpine,0 days 01:50:56.498000,,1,9.0,,,False,True
0 days 01:53:40.690000,ALO,14,0 days 00:01:22.167000,55.0,4.0,,,0 days 00:00:24.046000,0 days 00:00:31.659000,0 days 00:00:26.462000,0 days 01:52:42.628000,0 days 01:53:14.287000,0 days 01:53:40.749000,272.0,192.0,301.0,289.0,False,HARD,15.0,True,Alpine,0 days 01:52:18.523000,,1,9.0,,,False,True
0 days 01:55:03.065000,ALO,14,0 days 00:01:22.375000,56.0,4.0,,,0 days 00:00:24.061000,0 days 00:00:31.601000,0 days 00:00:26.713000,0 days 01:54:04.810000,0 days 01:54:36.411000,0 days 01:55:03.124000,272.0,192.0,299.0,317.0,False,HARD,16.0,True,Alpine,0 days 01:53:40.690000,,1,9.0,,,False,True
0 days 01:56:25.331000,ALO,14,0 days 00:01:22.266000,57.0,4.0,,,0 days 00:00:23.947000,0 days 00:00:31.689000,0 days 00:00:26.630000,0 days 01:55:27.071000,0 days 01:55:58.760000,0 days 01:56:25.390000,281.0,189.0,302.0,316.0,False,HARD,17.0,True,Alpine,0 days 01:55:03.065000,,1,9.0,,,False,True
0 days 01:57:47.439000,ALO,14,0 days 00:01:22.108000,58.0,4.0,,,0 days 00:00:23.719000,0 days 00:00:31.611000,0 days 00:00:26.778000,0 days 01:56:49.109000,0 days 01:57:20.720000,0 days 01:57:47.498000,277.0,191.0,297.0,327.0,False,HARD,18.0,True,Alpine,0 days 01:56:25.331000,,1,8.0,,,False,True
0 days 01:59:08.483000,ALO,14,0 days 00:01:21.044000,59.0,4.0,,,0 days 00:00:23.458000,0 days 00:00:31.201000,0 days 00:00:26.385000,0 days 01:58:10.956000,0 days 01:58:42.157000,0 days 01:59:08.542000,272.0,188.0,288.0,308.0,True,HARD,19.0,True,Alpine,0 days 01:57:47.439000,,1,8.0,,,False,True
0 days 02:00:29.705000,ALO,14,0 days 00:01:21.222000,60.0,4.0,,,0 days 00:00:23.885000,0 days 00:00:31.152000,0 days 00:00:26.185000,0 days 01:59:32.427000,0 days 02:00:03.579000,0 days 02:00:29.764000,273.0,189.0,290.0,284.0,False,HARD,20.0,True,Alpine,0 days 01:59:08.483000,,1,8.0,,,False,True
0 days 02:01:51.128000,ALO,14,0 days 00:01:21.423000,61.0,4.0,,,0 days 00:00:23.888000,0 days 00:00:31.307000,0 days 00:00:26.228000,0 days 02:00:53.652000,0 days 02:01:24.959000,0 days 02:01:51.187000,270.0,191.0,291.0,284.0,False,HARD,21.0,True,Alpine,0 days 02:00:29.705000,,1,8.0,,,False,True
0 days 02:03:12.764000,ALO,14,0 days 00:01:21.636000,62.0,4.0,,,0 days 00:00:23.782000,0 days 00:00:31.404000,0 days 00:00:26.450000,0 days 02:02:14.969000,0 days 02:02:46.373000,0 days 02:03:12.823000,273.0,193.0,291.0,284.0,False,HARD,22.0,True,Alpine,0 days 02:01:51.128000,,1,8.0,,,False,True
0 days 02:04:34.592000,ALO,14,0 days 00:01:21.828000,63.0,4.0,,,0 days 00:00:23.981000,0 days 00:00:31.367000,0 days 00:00:26.480000,0 days 02:03:36.804000,0 days 02:04:08.171000,0 days 02:04:34.651000,271.0,193.0,289.0,283.0,False,HARD,23.0,True,Alpine,0 days 02:03:12.764000,,1,8.0,,,False,True
0 days 02:05:56.322000,ALO,14,0 days 00:01:21.730000,64.0,4.0,,,0 days 00:00:23.827000,0 days 00:00:31.358000,0 days 00:00:26.545000,0 days 02:04:58.478000,0 days 02:05:29.836000,0 days 02:05:56.381000,275.0,190.0,293.0,284.0,False,HARD,24.0,True,Alpine,0 days 02:04:34.592000,,1,8.0,,,False,True
0 days 02:07:18.187000,ALO,14,0 days 00:01:21.865000,65.0,4.0,,,0 days 00:00:23.984000,0 days 00:00:31.325000,0 days 00:00:26.556000,0 days 02:06:20.365000,0 days 02:06:51.690000,0 days 02:07:18.246000,280.0,189.0,304.0,288.0,False,HARD,25.0,True,Alpine,0 days 02:05:56.322000,,1,8.0,,,False,True
0 days 02:08:39.219000,ALO,14,0 days 00:01:21.032000,66.0,4.0,,,0 days 00:00:23.347000,0 days 00:00:31.283000,0 days 00:00:26.402000,0 days 02:07:41.593000,0 days 02:08:12.876000,0 days 02:08:39.278000,274.0,191.0,295.0,316.0,True,HARD,26.0,True,Alpine,0 days 02:07:18.187000,,1,8.0,,,False,True
0 days 00:34:33.726000,LEC,16,0 days 00:01:30.736000,1.0,1.0,,,,0 days 00:00:34.126000,0 days 00:00:27.653000,,0 days 00:34:06.172000,0 days 00:34:33.937000,270.0,166.0,299.0,250.0,False,MEDIUM,6.0,False,Ferrari,0 days 00:33:02.841000,,1,8.0,,,False,False
0 days 00:36:26.419000,LEC,16,0 days 00:01:52.693000,2.0,1.0,,0 days 00:36:23.443000,0 days 00:00:25.241000,0 days 00:00:47.179000,0 days 00:00:40.273000,0 days 00:34:59.022000,0 days 00:35:46.201000,0 days 00:36:26.474000,275.0,159.0,,313.0,False,MEDIUM,7.0,False,Ferrari,0 days 00:34:33.726000,,14,8.0,,,False,False
0 days 00:38:47.602000,LEC,16,0 days 00:02:21.183000,3.0,2.0,0 days 00:36:44.971000,0 days 00:38:44.361000,0 days 00:00:50.311000,0 days 00:00:42.815000,0 days 00:00:48.057000,0 days 00:37:16.785000,0 days 00:37:59.600000,0 days 00:38:47.657000,168.0,167.0,,313.0,False,MEDIUM,8.0,False,Ferrari,0 days 00:36:26.419000,,4,8.0,,,False,False
0 days 00:41:03.063000,LEC,16,0 days 00:02:15.461000,4.0,3.0,0 days 00:39:06.982000,,0 days 00:00:50.684000,0 days 00:00:42.424000,0 days 00:00:42.353000,0 days 00:39:38.341000,0 days 00:40:20.765000,0 days 00:41:03.118000,121.0,136.0,199.0,313.0,False,MEDIUM,9.0,False,Ferrari,0 days 00:38:47.602000,,4,8.0,,,False,False
0 days 00:43:02.907000,LEC,16,0 days 00:01:59.844000,5.0,3.0,,,0 days 00:00:34.921000,0 days 00:00:43.505000,0 days 00:00:41.418000,0 days 00:41:38.039000,0 days 00:42:21.544000,0 days 00:43:02.962000,105.0,161.0,250.0,192.0,True,MEDIUM,10.0,False,Ferrari,0 days 00:41:03.063000,,4,8.0,,,False,False
0 days 00:45:06.495000,LEC,16,0 days 00:02:03.588000,6.0,3.0,,,0 days 00:00:34.873000,0 days 00:00:43.769000,0 days 00:00:44.946000,0 days 00:43:37.835000,0 days 00:44:21.604000,0 days 00:45:06.550000,129.0,146.0,258.0,264.0,False,MEDIUM,11.0,False,Ferrari,0 days 00:43:02.907000,,41,8.0,,,False,False
0 days 00:46:34.638000,LEC,16,0 days 00:01:28.143000,7.0,3.0,,,0 days 00:00:26.840000,0 days 00:00:33.986000,0 days 00:00:27.317000,0 days 00:45:33.390000,0 days 00:46:07.376000,0 days 00:46:34.693000,276.0,179.0,291.0,312.0,True,MEDIUM,12.0,False,Ferrari,0 days 00:45:06.495000,,1,7.0,,,False,True
0 days 00:47:59.286000,LEC,16,0 days 00:01:24.648000,8.0,3.0,,,0 days 00:00:24.695000,0 days 00:00:32.778000,0 days 00:00:27.175000,0 days 00:46:59.388000,0 days 00:47:32.166000,0 days 00:47:59.341000,275.0,180.0,292.0,304.0,True,MEDIUM,13.0,False,Ferrari,0 days 00:46:34.638000,,1,7.0,,,False,True
0 days 00:49:23.750000,LEC,16,0 days 00:01:24.464000,9.0,3.0,,,0 days 00:00:24.453000,0 days 00:00:32.736000,0 days 00:00:27.275000,0 days 00:48:23.794000,0 days 00:48:56.530000,0 days 00:49:23.805000,278.0,178.0,293.0,301.0,True,MEDIUM,14.0,False,Ferrari,0 days 00:47:59.286000,,1,7.0,,,False,True
0 days 00:50:47.974000,LEC,16,0 days 00:01:24.224000,10.0,3.0,,,0 days 00:00:24.475000,0 days 00:00:32.574000,0 days 00:00:27.175000,0 days 00:49:48.280000,0 days 00:50:20.854000,0 days 00:50:48.029000,275.0,181.0,291.0,299.0,True,MEDIUM,15.0,False,Ferrari,0 days 00:49:23.750000,,1,7.0,,,False,True
0 days 00:52:11.804000,LEC,16,0 days 00:01:23.830000,11.0,3.0,,,0 days 00:00:24.451000,0 days 00:00:32.423000,0 days 00:00:26.956000,0 days 00:51:12.480000,0 days 00:51:44.903000,0 days 00:52:11.859000,273.0,182.0,290.0,299.0,True,MEDIUM,16.0,False,Ferrari,0 days 00:50:47.974000,,1,7.0,,,False,True
0 days 00:53:35.358000,LEC,16,0 days 00:01:23.554000,12.0,3.0,,,0 days 00:00:24.342000,0 days 00:00:32.292000,0 days 00:00:26.920000,0 days 00:52:36.201000,0 days 00:53:08.493000,0 days 00:53:35.413000,273.0,182.0,292.0,302.0,True,MEDIUM,17.0,False,Ferrari,0 days 00:52:11.804000,,1,7.0,,,False,True
0 days 00:54:59.118000,LEC,16,0 days 00:01:23.760000,13.0,3.0,,,0 days 00:00:24.437000,0 days 00:00:32.322000,0 days 00:00:27.001000,0 days 00:53:59.850000,0 days 00:54:32.172000,0 days 00:54:59.173000,273.0,182.0,290.0,294.0,False,MEDIUM,18.0,False,Ferrari,0 days 00:53:35.358000,,1,7.0,,,False,True
0 days 00:56:22.911000,LEC,16,0 days 00:01:23.793000,14.0,3.0,,,0 days 00:00:24.438000,0 days 00:00:32.224000,0 days 00:00:27.131000,0 days 00:55:23.611000,0 days 00:55:55.835000,0 days 00:56:22.966000,272.0,183.0,291.0,297.0,False,MEDIUM,19.0,False,Ferrari,0 days 00:54:59.118000,,1,7.0,,,False,True
0 days 00:57:46.765000,LEC,16,0 days 00:01:23.854000,15.0,3.0,,,0 days 00:00:24.406000,0 days 00:00:32.301000,0 days 00:00:27.147000,0 days 00:56:47.372000,0 days 00:57:19.673000,0 days 00:57:46.820000,273.0,182.0,291.0,297.0,False,MEDIUM,20.0,False,Ferrari,0 days 00:56:22.911000,,1,7.0,,,False,True
0 days 00:59:10.588000,LEC,16,0 days 00:01:23.823000,16.0,3.0,,,0 days 00:00:24.431000,0 days 00:00:32.341000,0 days 00:00:27.051000,0 days 00:58:11.251000,0 days 00:58:43.592000,0 days 00:59:10.643000,277.0,180.0,291.0,298.0,False,MEDIUM,21.0,False,Ferrari,0 days 00:57:46.765000,,1,7.0,,,False,True
0 days 01:00:34.470000,LEC,16,0 days 00:01:23.882000,17.0,3.0,,,0 days 00:00:24.336000,0 days 00:00:32.558000,0 days 00:00:26.988000,0 days 00:59:34.979000,0 days 01:00:07.537000,0 days 01:00:34.525000,275.0,179.0,290.0,300.0,False,MEDIUM,22.0,False,Ferrari,0 days 00:59:10.588000,,1,7.0,,,False,True
0 days 01:01:58.212000,LEC,16,0 days 00:01:23.742000,18.0,3.0,,,0 days 00:00:24.528000,0 days 00:00:32.284000,0 days 00:00:26.930000,0 days 01:00:59.053000,0 days 01:01:31.337000,0 days 01:01:58.267000,274.0,180.0,290.0,298.0,False,MEDIUM,23.0,False,Ferrari,0 days 01:00:34.470000,,1,7.0,,,False,True
0 days 01:03:22.326000,LEC,16,0 days 00:01:24.114000,19.0,3.0,,,0 days 00:00:24.555000,0 days 00:00:32.455000,0 days 00:00:27.104000,0 days 01:02:22.822000,0 days 01:02:55.277000,0 days 01:03:22.381000,274.0,173.0,289.0,295.0,False,MEDIUM,24.0,False,Ferrari,0 days 01:01:58.212000,,1,7.0,,,False,True
0 days 01:04:46.343000,LEC,16,0 days 00:01:24.017000,20.0,3.0,,,0 days 00:00:24.441000,0 days 00:00:32.424000,0 days 00:00:27.152000,0 days 01:03:46.822000,0 days 01:04:19.246000,0 days 01:04:46.398000,275.0,182.0,289.0,296.0,False,MEDIUM,25.0,False,Ferrari,0 days 01:03:22.326000,,1,7.0,,,False,True
0 days 01:06:10.262000,LEC,16,0 days 00:01:23.919000,21.0,3.0,,,0 days 00:00:24.519000,0 days 00:00:32.396000,0 days 00:00:27.004000,0 days 01:05:10.917000,0 days 01:05:43.313000,0 days 01:06:10.317000,273.0,181.0,287.0,293.0,False,MEDIUM,26.0,False,Ferrari,0 days 01:04:46.343000,,1,6.0,,,False,True
0 days 01:07:33.794000,LEC,16,0 days 00:01:23.532000,22.0,3.0,,,0 days 00:00:24.533000,0 days 00:00:32.178000,0 days 00:00:26.821000,0 days 01:06:34.850000,0 days 01:07:07.028000,0 days 01:07:33.849000,272.0,185.0,286.0,292.0,True,MEDIUM,27.0,False,Ferrari,0 days 01:06:10.262000,,1,6.0,,,False,True
0 days 01:08:57.247000,LEC,16,0 days 00:01:23.453000,23.0,3.0,,,0 days 00:00:24.501000,0 days 00:00:32.092000,0 days 00:00:26.860000,0 days 01:07:58.350000,0 days 01:08:30.442000,0 days 01:08:57.302000,273.0,182.0,286.0,291.0,True,MEDIUM,28.0,False,Ferrari,0 days 01:07:33.794000,,1,5.0,,,False,True
0 days 01:10:20.679000,LEC,16,0 days 00:01:23.432000,24.0,3.0,,,0 days 00:00:24.383000,0 days 00:00:32.041000,0 days 00:00:27.008000,0 days 01:09:21.685000,0 days 01:09:53.726000,0 days 01:10:20.734000,273.0,179.0,285.0,292.0,True,MEDIUM,29.0,False,Ferrari,0 days 01:08:57.247000,,1,5.0,,,False,True
0 days 01:11:47.993000,LEC,16,0 days 00:01:27.314000,25.0,3.0,,0 days 01:11:45.058000,0 days 00:00:24.495000,0 days 00:00:32.170000,0 days 00:00:30.649000,0 days 01:10:45.229000,0 days 01:11:17.399000,0 days 01:11:48.048000,273.0,185.0,,290.0,False,MEDIUM,30.0,False,Ferrari,0 days 01:10:20.679000,,1,5.0,,,False,False
0 days 01:13:33.756000,LEC,16,0 days 00:01:45.763000,26.0,4.0,0 days 01:12:13.234000,,0 days 00:00:46.932000,0 days 00:00:32.205000,0 days 00:00:26.626000,0 days 01:12:34.980000,0 days 01:13:07.185000,0 days 01:13:33.811000,269.0,185.0,287.0,290.0,False,HARD,1.0,True,Ferrari,0 days 01:11:47.993000,,1,10.0,,,False,False
0 days 01:14:56.567000,LEC,16,0 days 00:01:22.811000,27.0,4.0,,,0 days 00:00:24.214000,0 days 00:00:31.950000,0 days 00:00:26.647000,0 days 01:13:58.025000,0 days 01:14:29.975000,0 days 01:14:56.622000,273.0,184.0,289.0,295.0,True,HARD,2.0,True,Ferrari,0 days 01:13:33.756000,,1,10.0,,,False,True
0 days 01:16:19.615000,LEC,16,0 days 00:01:23.048000,28.0,4.0,,,0 days 00:00:24.582000,0 days 00:00:31.930000,0 days 00:00:26.536000,0 days 01:15:21.204000,0 days 01:15:53.134000,0 days 01:16:19.670000,273.0,185.0,288.0,294.0,False,HARD,3.0,True,Ferrari,0 days 01:14:56.567000,,1,10.0,,,False,True
0 days 01:17:42.503000,LEC,16,0 days 00:01:22.888000,29.0,4.0,,,0 days 00:00:24.256000,0 days 00:00:31.944000,0 days 00:00:26.688000,0 days 01:16:43.926000,0 days 01:17:15.870000,0 days 01:17:42.558000,275.0,185.0,289.0,294.0,False,HARD,4.0,True,Ferrari,0 days 01:16:19.615000,,1,10.0,,,False,True
0 days 01:19:05.184000,LEC,16,0 days 00:01:22.681000,30.0,4.0,,,0 days 00:00:24.104000,0 days 00:00:31.941000,0 days 00:00:26.636000,0 days 01:18:06.662000,0 days 01:18:38.603000,0 days 01:19:05.239000,274.0,186.0,290.0,296.0,True,HARD,5.0,True,Ferrari,0 days 01:17:42.503000,,1,10.0,,,False,True
0 days 01:20:28.072000,LEC,16,0 days 00:01:22.888000,31.0,4.0,,,0 days 00:00:24.146000,0 days 00:00:31.952000,0 days 00:00:26.790000,0 days 01:19:29.385000,0 days 01:20:01.337000,0 days 01:20:28.127000,274.0,183.0,292.0,298.0,False,HARD,6.0,True,Ferrari,0 days 01:19:05.184000,,1,10.0,,,False,True
0 days 01:21:51.264000,LEC,16,0 days 00:01:23.192000,32.0,4.0,,,0 days 00:00:24.474000,0 days 00:00:32.118000,0 days 00:00:26.600000,0 days 01:20:52.601000,0 days 01:21:24.719000,0 days 01:21:51.319000,274.0,183.0,292.0,299.0,False,HARD,7.0,True,Ferrari,0 days 01:20:28.072000,,1,10.0,,,False,True
0 days 01:23:14.290000,LEC,16,0 days 00:01:23.026000,33.0,4.0,,,0 days 00:00:24.293000,0 days 00:00:32.077000,0 days 00:00:26.656000,0 days 01:22:15.612000,0 days 01:22:47.689000,0 days 01:23:14.345000,274.0,185.0,292.0,299.0,False,HARD,8.0,True,Ferrari,0 days 01:21:51.264000,,1,10.0,,,False,True
0 days 01:24:36.838000,LEC,16,0 days 00:01:22.548000,34.0,4.0,,,0 days 00:00:24.079000,0 days 00:00:31.856000,0 days 00:00:26.613000,0 days 01:23:38.424000,0 days 01:24:10.280000,0 days 01:24:36.893000,276.0,184.0,294.0,300.0,True,HARD,9.0,True,Ferrari,0 days 01:23:14.290000,,1,10.0,,,False,True
0 days 01:25:59.926000,LEC,16,0 days 00:01:23.088000,35.0,4.0,,,0 days 00:00:24.302000,0 days 00:00:32.109000,0 days 00:00:26.677000,0 days 01:25:01.195000,0 days 01:25:33.304000,0 days 01:25:59.981000,275.0,185.0,293.0,301.0,False,HARD,10.0,True,Ferrari,0 days 01:24:36.838000,,1,10.0,,,False,True
0 days 01:27:22.916000,LEC,16,0 days 00:01:22.990000,36.0,4.0,,,0 days 00:00:24.078000,0 days 00:00:32.199000,0 days 00:00:26.713000,0 days 01:26:24.059000,0 days 01:26:56.258000,0 days 01:27:22.971000,283.0,184.0,296.0,316.0,False,HARD,11.0,True,Ferrari,0 days 01:25:59.926000,,1,10.0,,,False,True
0 days 01:28:45.625000,LEC,16,0 days 00:01:22.709000,37.0,4.0,,,0 days 00:00:24.288000,0 days 00:00:31.935000,0 days 00:00:26.486000,0 days 01:27:47.259000,0 days 01:28:19.194000,0 days 01:28:45.680000,280.0,186.0,291.0,318.0,False,HARD,12.0,True,Ferrari,0 days 01:27:22.916000,,1,9.0,,,False,True
0 days 01:30:08.188000,LEC,16,0 days 00:01:22.563000,38.0,4.0,,,0 days 00:00:24.173000,0 days 00:00:31.807000,0 days 00:00:26.583000,0 days 01:29:09.853000,0 days 01:29:41.660000,0 days 01:30:08.243000,275.0,189.0,289.0,296.0,False,HARD,13.0,True,Ferrari,0 days 01:28:45.625000,,1,9.0,,,False,True
0 days 01:31:30.926000,LEC,16,0 days 00:01:22.738000,39.0,4.0,,,0 days 00:00:24.162000,0 days 00:00:31.860000,0 days 00:00:26.716000,0 days 01:30:32.405000,0 days 01:31:04.265000,0 days 01:31:30.981000,273.0,180.0,289.0,293.0,False,HARD,14.0,True,Ferrari,0 days 01:30:08.188000,,1,9.0,,,False,True
0 days 01:32:53.460000,LEC,16,0 days 00:01:22.534000,40.0,4.0,,,0 days 00:00:24.119000,0 days 00:00:31.744000,0 days 00:00:26.671000,0 days 01:31:55.100000,0 days 01:32:26.844000,0 days 01:32:53.515000,275.0,187.0,288.0,295.0,True,HARD,15.0,True,Ferrari,0 days 01:31:30.926000,,1,8.0,,,False,True
0 days 01:34:16.021000,LEC,16,0 days 00:01:22.561000,41.0,4.0,,,0 days 00:00:24.158000,0 days 00:00:31.762000,0 days 00:00:26.641000,0 days 01:33:17.673000,0 days 01:33:49.435000,0 days 01:34:16.076000,274.0,187.0,287.0,292.0,False,HARD,16.0,True,Ferrari,0 days 01:32:53.460000,,1,7.0,,,False,True
0 days 01:35:38.574000,LEC,16,0 days 00:01:22.553000,42.0,4.0,,,0 days 00:00:24.250000,0 days 00:00:31.681000,0 days 00:00:26.622000,0 days 01:34:40.326000,0 days 01:35:12.007000,0 days 01:35:38.629000,273.0,187.0,289.0,295.0,False,HARD,17.0,True,Ferrari,0 days 01:34:16.021000,,1,6.0,,,False,True
0 days 01:37:01.621000,LEC,16,0 days 00:01:23.047000,43.0,4.0,,,0 days 00:00:24.189000,0 days 00:00:32.125000,0 days 00:00:26.733000,0 days 01:36:02.818000,0 days 01:36:34.943000,0 days 01:37:01.676000,276.0,182.0,288.0,295.0,False,HARD,18.0,True,Ferrari,0 days 01:35:38.574000,,1,6.0,,,False,True
0 days 01:38:24.110000,LEC,16,0 days 00:01:22.489000,44.0,4.0,,,0 days 00:00:24.277000,0 days 00:00:31.671000,0 days 00:00:26.541000,0 days 01:37:25.953000,0 days 01:37:57.624000,0 days 01:38:24.165000,275.0,184.0,288.0,293.0,True,HARD,19.0,True,Ferrari,0 days 01:37:01.621000,,1,6.0,,,False,True
0 days 01:39:46.204000,LEC,16,0 days 00:01:22.094000,45.0,4.0,,,0 days 00:00:24.101000,0 days 00:00:31.596000,0 days 00:00:26.397000,0 days 01:38:48.266000,0 days 01:39:19.862000,0 days 01:39:46.259000,276.0,187.0,290.0,295.0,True,HARD,20.0,True,Ferrari,0 days 01:38:24.110000,,1,6.0,,,False,True
0 days 01:41:08.119000,LEC,16,0 days 00:01:21.915000,46.0,4.0,,,0 days 00:00:24.060000,0 days 00:00:31.487000,0 days 00:00:26.368000,0 days 01:40:10.319000,0 days 01:40:41.806000,0 days 01:41:08.174000,276.0,191.0,287.0,293.0,True,HARD,21.0,True,Ferrari,0 days 01:39:46.204000,,1,6.0,,,False,True
0 days 01:42:30.257000,LEC,16,0 days 00:01:22.138000,47.0,4.0,,,0 days 00:00:24.121000,0 days 00:00:31.555000,0 days 00:00:26.462000,0 days 01:41:32.295000,0 days 01:42:03.850000,0 days 01:42:30.312000,274.0,187.0,288.0,293.0,False,HARD,22.0,True,Ferrari,0 days 01:41:08.119000,,1,6.0,,,False,True
0 days 01:43:52.714000,LEC,16,0 days 00:01:22.457000,48.0,4.0,,,0 days 00:00:24.259000,0 days 00:00:31.605000,0 days 00:00:26.593000,0 days 01:42:54.571000,0 days 01:43:26.176000,0 days 01:43:52.769000,275.0,187.0,289.0,295.0,False,HARD,23.0,True,Ferrari,0 days 01:42:30.257000,,1,6.0,,,False,True
0 days 01:45:14.913000,LEC,16,0 days 00:01:22.199000,49.0,4.0,,,0 days 00:00:24.164000,0 days 00:00:31.484000,0 days 00:00:26.551000,0 days 01:44:16.933000,0 days 01:44:48.417000,0 days 01:45:14.968000,277.0,183.0,289.0,295.0,False,HARD,24.0,True,Ferrari,0 days 01:43:52.714000,,1,6.0,,,False,True
0 days 01:46:37.256000,LEC,16,0 days 00:01:22.343000,50.0,4.0,,,0 days 00:00:24.031000,0 days 00:00:31.666000,0 days 00:00:26.646000,0 days 01:45:38.999000,0 days 01:46:10.665000,0 days 01:46:37.311000,275.0,186.0,290.0,293.0,False,HARD,25.0,True,Ferrari,0 days 01:45:14.913000,,1,6.0,,,False,True
0 days 01:47:59.215000,LEC,16,0 days 00:01:21.959000,51.0,4.0,,,0 days 00:00:23.932000,0 days 00:00:31.503000,0 days 00:00:26.524000,0 days 01:47:01.243000,0 days 01:47:32.746000,0 days 01:47:59.270000,275.0,190.0,291.0,294.0,False,HARD,26.0,True,Ferrari,0 days 01:46:37.256000,,1,6.0,,,False,True
0 days 01:49:21.711000,LEC,16,0 days 00:01:22.496000,52.0,4.0,,,0 days 00:00:24.328000,0 days 00:00:31.687000,0 days 00:00:26.481000,0 days 01:48:23.598000,0 days 01:48:55.285000,0 days 01:49:21.766000,275.0,186.0,293.0,298.0,False,HARD,27.0,True,Ferrari,0 days 01:47:59.215000,,1,6.0,,,False,True
0 days 01:50:43.998000,LEC,16,0 days 00:01:22.287000,53.0,4.0,,,0 days 00:00:24.007000,0 days 00:00:31.793000,0 days 00:00:26.487000,0 days 01:49:45.773000,0 days 01:50:17.566000,0 days 01:50:44.053000,277.0,189.0,289.0,296.0,False,HARD,28.0,True,Ferrari,0 days 01:49:21.711000,,1,6.0,,,False,True
0 days 01:52:06.107000,LEC,16,0 days 00:01:22.109000,54.0,4.0,,,0 days 00:00:24.064000,0 days 00:00:31.520000,0 days 00:00:26.525000,0 days 01:51:08.117000,0 days 01:51:39.637000,0 days 01:52:06.162000,274.0,185.0,289.0,295.0,False,HARD,29.0,True,Ferrari,0 days 01:50:43.998000,,1,6.0,,,False,True
0 days 01:53:27.848000,LEC,16,0 days 00:01:21.741000,55.0,4.0,,,0 days 00:00:24.033000,0 days 00:00:31.330000,0 days 00:00:26.378000,0 days 01:52:30.195000,0 days 01:53:01.525000,0 days 01:53:27.903000,275.0,187.0,290.0,293.0,True,HARD,30.0,True,Ferrari,0 days 01:52:06.107000,,1,6.0,,,False,True
0 days 01:54:49.666000,LEC,16,0 days 00:01:21.818000,56.0,4.0,,,0 days 00:00:23.921000,0 days 00:00:31.495000,0 days 00:00:26.402000,0 days 01:53:51.824000,0 days 01:54:23.319000,0 days 01:54:49.721000,277.0,191.0,289.0,295.0,False,HARD,31.0,True,Ferrari,0 days 01:53:27.848000,,1,6.0,,,False,True
0 days 01:56:11.788000,LEC,16,0 days 00:01:22.122000,57.0,4.0,,,0 days 00:00:23.970000,0 days 00:00:31.663000,0 days 00:00:26.489000,0 days 01:55:13.691000,0 days 01:55:45.354000,0 days 01:56:11.843000,275.0,180.0,289.0,293.0,False,HARD,32.0,True,Ferrari,0 days 01:54:49.666000,,1,6.0,,,False,True
0 days 01:57:33.654000,LEC,16,0 days 00:01:21.866000,58.0,4.0,,,0 days 00:00:23.952000,0 days 00:00:31.486000,0 days 00:00:26.428000,0 days 01:56:35.795000,0 days 01:57:07.281000,0 days 01:57:33.709000,276.0,186.0,291.0,294.0,False,HARD,33.0,True,Ferrari,0 days 01:56:11.788000,,1,6.0,,,False,True
0 days 01:58:55.570000,LEC,16,0 days 00:01:21.916000,59.0,4.0,,,0 days 00:00:24.006000,0 days 00:00:31.461000,0 days 00:00:26.449000,0 days 01:57:57.715000,0 days 01:58:29.176000,0 days 01:58:55.625000,275.0,183.0,291.0,294.0,False,HARD,34.0,True,Ferrari,0 days 01:57:33.654000,,1,6.0,,,False,True
0 days 02:00:17.209000,LEC,16,0 days 00:01:21.639000,60.0,4.0,,,0 days 00:00:23.966000,0 days 00:00:31.388000,0 days 00:00:26.285000,0 days 01:59:19.591000,0 days 01:59:50.979000,0 days 02:00:17.264000,275.0,188.0,288.0,296.0,True,HARD,35.0,True,Ferrari,0 days 01:58:55.570000,,1,6.0,,,False,True
0 days 02:01:38.835000,LEC,16,0 days 00:01:21.626000,61.0,4.0,,,0 days 00:00:24.026000,0 days 00:00:31.261000,0 days 00:00:26.339000,0 days 02:00:41.290000,0 days 02:01:12.551000,0 days 02:01:38.890000,275.0,187.0,292.0,294.0,True,HARD,36.0,True,Ferrari,0 days 02:00:17.209000,,1,6.0,,,False,True
0 days 02:03:00.658000,LEC,16,0 days 00:01:21.823000,62.0,4.0,,,0 days 00:00:24.038000,0 days 00:00:31.269000,0 days 00:00:26.516000,0 days 02:02:02.928000,0 days 02:02:34.197000,0 days 02:03:00.713000,278.0,188.0,289.0,295.0,False,HARD,37.0,True,Ferrari,0 days 02:01:38.835000,,1,6.0,,,False,True
0 days 02:04:22.154000,LEC,16,0 days 00:01:21.496000,63.0,4.0,,,0 days 00:00:23.972000,0 days 00:00:31.199000,0 days 00:00:26.325000,0 days 02:03:24.685000,0 days 02:03:55.884000,0 days 02:04:22.209000,277.0,190.0,286.0,291.0,True,HARD,38.0,True,Ferrari,0 days 02:03:00.658000,,1,6.0,,,False,True
0 days 02:05:44.490000,LEC,16,0 days 00:01:22.336000,64.0,4.0,,,0 days 00:00:23.970000,0 days 00:00:31.527000,0 days 00:00:26.839000,0 days 02:04:46.179000,0 days 02:05:17.706000,0 days 02:05:44.545000,277.0,189.0,287.0,288.0,False,HARD,39.0,True,Ferrari,0 days 02:04:22.154000,,1,6.0,,,False,True
0 days 02:07:06.463000,LEC,16,0 days 00:01:21.973000,65.0,4.0,,,0 days 00:00:23.982000,0 days 00:00:31.437000,0 days 00:00:26.554000,0 days 02:06:08.527000,0 days 02:06:39.964000,0 days 02:07:06.518000,276.0,189.0,289.0,291.0,False,HARD,40.0,True,Ferrari,0 days 02:05:44.490000,,1,6.0,,,False,True
0 days 02:08:30.192000,LEC,16,0 days 00:01:23.729000,66.0,4.0,,,0 days 00:00:24.193000,0 days 00:00:32.382000,0 days 00:00:27.154000,0 days 02:07:30.711000,0 days 02:08:03.093000,0 days 02:08:30.247000,275.0,182.0,287.0,292.0,False,HARD,41.0,True,Ferrari,0 days 02:07:06.463000,,1,6.0,,,False,True
0 days 00:34:38.083000,STR,18,0 days 00:01:35.093000,1.0,1.0,,,,0 days 00:00:35.472000,0 days 00:00:28.412000,,0 days 00:34:09.776000,0 days 00:34:38.266000,267.0,167.0,302.0,266.0,False,SOFT,1.0,True,Aston Martin,0 days 00:33:02.841000,,1,17.0,,,False,False
0 days 00:36:41.469000,STR,18,0 days 00:02:03.386000,2.0,1.0,,0 days 00:36:39.941000,0 days 00:00:26.310000,0 days 00:00:52.782000,0 days 00:00:44.294000,0 days 00:35:04.441000,0 days 00:35:57.223000,0 days 00:36:41.517000,274.0,145.0,,287.0,False,SOFT,2.0,True,Aston Martin,0 days 00:34:38.083000,,14,16.0,,,False,False
0 days 00:39:00.615000,STR,18,0 days 00:02:19.146000,3.0,2.0,0 days 00:37:00.364000,0 days 00:38:57.663000,0 days 00:00:45.762000,0 days 00:00:43.471000,0 days 00:00:49.913000,0 days 00:37:27.279000,0 days 00:38:10.750000,0 days 00:39:00.663000,126.0,156.0,,287.0,False,SOFT,3.0,False,Aston Martin,0 days 00:36:41.469000,,4,16.0,,,False,False
0 days 00:41:15.403000,STR,18,0 days 00:02:14.788000,4.0,3.0,0 days 00:39:20.155000,,0 days 00:00:50.321000,0 days 00:00:43.100000,0 days 00:00:41.367000,0 days 00:39:50.984000,0 days 00:40:34.084000,0 days 00:41:15.451000,177.0,164.0,192.0,287.0,False,SOFT,4.0,False,Aston Martin,0 days 00:39:00.615000,,4,16.0,,,False,False
0 days 00:43:14.787000,STR,18,0 days 00:01:59.384000,5.0,3.0,,,0 days 00:00:32.428000,0 days 00:00:44.490000,0 days 00:00:42.466000,0 days 00:41:47.879000,0 days 00:42:32.369000,0 days 00:43:14.835000,112.0,171.0,236.0,265.0,True,SOFT,5.0,False,Aston Martin,0 days 00:41:15.403000,,4,16.0,,,False,False
0 days 00:45:08.525000,STR,18,0 days 00:01:53.738000,6.0,3.0,,,0 days 00:00:34.136000,0 days 00:00:41.458000,0 days 00:00:38.144000,0 days 00:43:48.971000,0 days 00:44:30.429000,0 days 00:45:08.573000,170.0,163.0,277.0,263.0,True,SOFT,6.0,False,Aston Martin,0 days 00:43:14.787000,,41,16.0,,,False,False
0 days 00:46:38.155000,STR,18,0 days 00:01:29.630000,7.0,3.0,,,0 days 00:00:26.909000,0 days 00:00:34.789000,0 days 00:00:27.932000,0 days 00:45:35.482000,0 days 00:46:10.271000,0 days 00:46:38.203000,273.0,171.0,301.0,312.0,True,SOFT,7.0,False,Aston Martin,0 days 00:45:08.525000,,1,15.0,,,False,True
0 days 00:48:05.024000,STR,18,0 days 00:01:26.869000,8.0,3.0,,,0 days 00:00:25.764000,0 days 00:00:33.697000,0 days 00:00:27.408000,0 days 00:47:03.967000,0 days 00:47:37.664000,0 days 00:48:05.072000,269.0,175.0,295.0,303.0,True,SOFT,8.0,False,Aston Martin,0 days 00:46:38.155000,,1,14.0,,,False,True
0 days 00:49:30.358000,STR,18,0 days 00:01:25.334000,9.0,3.0,,,0 days 00:00:24.902000,0 days 00:00:33.211000,0 days 00:00:27.221000,0 days 00:48:29.974000,0 days 00:49:03.185000,0 days 00:49:30.406000,277.0,181.0,297.0,303.0,True,SOFT,9.0,False,Aston Martin,0 days 00:48:05.024000,,1,14.0,,,False,True
0 days 00:50:54.791000,STR,18,0 days 00:01:24.433000,10.0,3.0,,,0 days 00:00:24.521000,0 days 00:00:32.748000,0 days 00:00:27.164000,0 days 00:49:54.927000,0 days 00:50:27.675000,0 days 00:50:54.839000,271.0,178.0,293.0,304.0,True,SOFT,10.0,False,Aston Martin,0 days 00:49:30.358000,,1,14.0,,,False,True
0 days 00:52:19.056000,STR,18,0 days 00:01:24.265000,11.0,3.0,,,0 days 00:00:24.392000,0 days 00:00:32.668000,0 days 00:00:27.205000,0 days 00:51:19.231000,0 days 00:51:51.899000,0 days 00:52:19.104000,272.0,182.0,293.0,301.0,True,SOFT,11.0,False,Aston Martin,0 days 00:50:54.791000,,1,14.0,,,False,True
0 days 00:53:43.158000,STR,18,0 days 00:01:24.102000,12.0,3.0,,,0 days 00:00:24.611000,0 days 00:00:32.513000,0 days 00:00:26.978000,0 days 00:52:43.715000,0 days 00:53:16.228000,0 days 00:53:43.206000,268.0,182.0,296.0,296.0,True,SOFT,12.0,False,Aston Martin,0 days 00:52:19.056000,,1,14.0,,,False,True
0 days 00:55:07.605000,STR,18,0 days 00:01:24.447000,13.0,3.0,,,0 days 00:00:24.658000,0 days 00:00:32.613000,0 days 00:00:27.176000,0 days 00:54:07.864000,0 days 00:54:40.477000,0 days 00:55:07.653000,271.0,185.0,295.0,289.0,False,SOFT,13.0,False,Aston Martin,0 days 00:53:43.158000,,1,14.0,,,False,True
0 days 00:56:32.135000,STR,18,0 days 00:01:24.530000,14.0,3.0,,,0 days 00:00:24.623000,0 days 00:00:32.692000,0 days 00:00:27.215000,0 days 00:55:32.276000,0 days 00:56:04.968000,0 days 00:56:32.183000,267.0,181.0,291.0,292.0,False,SOFT,14.0,False,Aston Martin,0 days 00:55:07.605000,,1,14.0,,,False,True
0 days 00:57:56.192000,STR,18,0 days 00:01:24.057000,15.0,3.0,,,0 days 00:00:24.510000,0 days 00:00:32.416000,0 days 00:00:27.131000,0 days 00:56:56.693000,0 days 00:57:29.109000,0 days 00:57:56.240000,272.0,183.0,293.0,290.0,True,SOFT,15.0,False,Aston Martin,0 days 00:56:32.135000,,1,14.0,,,False,True
0 days 00:59:20.255000,STR,18,0 days 00:01:24.063000,16.0,3.0,,,0 days 00:00:24.527000,0 days 00:00:32.439000,0 days 00:00:27.097000,0 days 00:58:20.767000,0 days 00:58:53.206000,0 days 00:59:20.303000,272.0,183.0,291.0,289.0,False,SOFT,16.0,False,Aston Martin,0 days 00:57:56.192000,,1,14.0,,,False,True
0 days 01:00:43.987000,STR,18,0 days 00:01:23.732000,17.0,3.0,,,0 days 00:00:24.371000,0 days 00:00:32.357000,0 days 00:00:27.004000,0 days 00:59:44.674000,0 days 01:00:17.031000,0 days 01:00:44.035000,273.0,185.0,291.0,289.0,True,SOFT,17.0,False,Aston Martin,0 days 00:59:20.255000,,1,14.0,,,False,True
0 days 01:02:08.005000,STR,18,0 days 00:01:24.018000,18.0,3.0,,,0 days 00:00:24.529000,0 days 00:00:32.568000,0 days 00:00:26.921000,0 days 01:01:08.564000,0 days 01:01:41.132000,0 days 01:02:08.053000,273.0,182.0,291.0,287.0,False,SOFT,18.0,False,Aston Martin,0 days 01:00:43.987000,,1,14.0,,,False,True
0 days 01:03:31.895000,STR,18,0 days 00:01:23.890000,19.0,3.0,,,0 days 00:00:24.528000,0 days 00:00:32.339000,0 days 00:00:27.023000,0 days 01:02:32.581000,0 days 01:03:04.920000,0 days 01:03:31.943000,274.0,178.0,290.0,283.0,False,SOFT,19.0,False,Aston Martin,0 days 01:02:08.005000,,1,14.0,,,False,True
0 days 01:04:55.880000,STR,18,0 days 00:01:23.985000,20.0,3.0,,,0 days 00:00:24.500000,0 days 00:00:32.318000,0 days 00:00:27.167000,0 days 01:03:56.443000,0 days 01:04:28.761000,0 days 01:04:55.928000,271.0,181.0,291.0,286.0,False,SOFT,20.0,False,Aston Martin,0 days 01:03:31.895000,,1,14.0,,,False,True
0 days 01:06:19.879000,STR,18,0 days 00:01:23.999000,21.0,3.0,,,0 days 00:00:24.550000,0 days 00:00:32.229000,0 days 00:00:27.220000,0 days 01:05:20.478000,0 days 01:05:52.707000,0 days 01:06:19.927000,271.0,183.0,291.0,284.0,False,SOFT,21.0,False,Aston Martin,0 days 01:04:55.880000,,1,14.0,,,False,True
0 days 01:07:43.895000,STR,18,0 days 00:01:24.016000,22.0,3.0,,,0 days 00:00:24.501000,0 days 00:00:32.417000,0 days 00:00:27.098000,0 days 01:06:44.428000,0 days 01:07:16.845000,0 days 01:07:43.943000,269.0,187.0,290.0,287.0,False,SOFT,22.0,False,Aston Martin,0 days 01:06:19.879000,,1,12.0,,,False,True
0 days 01:09:07.770000,STR,18,0 days 00:01:23.875000,23.0,3.0,,,0 days 00:00:24.547000,0 days 00:00:32.169000,0 days 00:00:27.159000,0 days 01:08:08.490000,0 days 01:08:40.659000,0 days 01:09:07.818000,269.0,181.0,290.0,283.0,False,SOFT,23.0,False,Aston Martin,0 days 01:07:43.895000,,1,9.0,,,False,True
0 days 01:10:31.733000,STR,18,0 days 00:01:23.963000,24.0,3.0,,,0 days 00:00:24.506000,0 days 00:00:32.200000,0 days 00:00:27.257000,0 days 01:09:32.324000,0 days 01:10:04.524000,0 days 01:10:31.781000,270.0,182.0,287.0,283.0,False,SOFT,24.0,False,Aston Martin,0 days 01:09:07.770000,,1,9.0,,,False,True
0 days 01:11:55.559000,STR,18,0 days 00:01:23.826000,25.0,3.0,,,0 days 00:00:24.438000,0 days 00:00:32.119000,0 days 00:00:27.269000,0 days 01:10:56.219000,0 days 01:11:28.338000,0 days 01:11:55.607000,271.0,180.0,287.0,283.0,False,SOFT,25.0,False,Aston Martin,0 days 01:10:31.733000,,1,8.0,,,False,True
0 days 01:13:19.003000,STR,18,0 days 00:01:23.444000,26.0,3.0,,,0 days 00:00:24.455000,0 days 00:00:31.952000,0 days 00:00:27.037000,0 days 01:12:20.062000,0 days 01:12:52.014000,0 days 01:13:19.051000,273.0,181.0,288.0,282.0,True,SOFT,26.0,False,Aston Martin,0 days 01:11:55.559000,,1,7.0,,,False,True
0 days 01:14:42.769000,STR,18,0 days 00:01:23.766000,27.0,3.0,,,0 days 00:00:24.338000,0 days 00:00:32.272000,0 days 00:00:27.156000,0 days 01:13:43.389000,0 days 01:14:15.661000,0 days 01:14:42.817000,270.0,183.0,288.0,284.0,False,SOFT,27.0,False,Aston Martin,0 days 01:13:19.003000,,1,7.0,,,False,True
0 days 01:16:06.187000,STR,18,0 days 00:01:23.418000,28.0,3.0,,,0 days 00:00:24.344000,0 days 00:00:32.219000,0 days 00:00:26.855000,0 days 01:15:07.161000,0 days 01:15:39.380000,0 days 01:16:06.235000,273.0,184.0,287.0,279.0,True,SOFT,28.0,False,Aston Martin,0 days 01:14:42.769000,,1,7.0,,,False,True
0 days 01:17:29.550000,STR,18,0 days 00:01:23.363000,29.0,3.0,,,0 days 00:00:24.379000,0 days 00:00:32.147000,0 days 00:00:26.837000,0 days 01:16:30.614000,0 days 01:17:02.761000,0 days 01:17:29.598000,270.0,183.0,288.0,277.0,True,SOFT,29.0,False,Aston Martin,0 days 01:16:06.187000,,1,7.0,,,False,True
0 days 01:18:52.759000,STR,18,0 days 00:01:23.209000,30.0,3.0,,,0 days 00:00:24.455000,0 days 00:00:31.938000,0 days 00:00:26.816000,0 days 01:17:54.053000,0 days 01:18:25.991000,0 days 01:18:52.807000,272.0,184.0,288.0,277.0,True,SOFT,30.0,False,Aston Martin,0 days 01:17:29.550000,,1,7.0,,,False,True
0 days 01:20:16.157000,STR,18,0 days 00:01:23.398000,31.0,3.0,,,0 days 00:00:24.362000,0 days 00:00:32.183000,0 days 00:00:26.853000,0 days 01:19:17.169000,0 days 01:19:49.352000,0 days 01:20:16.205000,270.0,176.0,287.0,278.0,False,SOFT,31.0,False,Aston Martin,0 days 01:18:52.759000,,1,7.0,,,False,True
0 days 01:21:39.412000,STR,18,0 days 00:01:23.255000,32.0,3.0,,,0 days 00:00:24.360000,0 days 00:00:31.971000,0 days 00:00:26.924000,0 days 01:20:40.565000,0 days 01:21:12.536000,0 days 01:21:39.460000,271.0,182.0,288.0,276.0,False,SOFT,32.0,False,Aston Martin,0 days 01:20:16.157000,,1,7.0,,,False,True
0 days 01:23:02.646000,STR,18,0 days 00:01:23.234000,33.0,3.0,,,0 days 00:00:24.400000,0 days 00:00:31.981000,0 days 00:00:26.853000,0 days 01:22:03.860000,0 days 01:22:35.841000,0 days 01:23:02.694000,270.0,180.0,288.0,278.0,False,SOFT,33.0,False,Aston Martin,0 days 01:21:39.412000,,1,7.0,,,False,True
0 days 01:24:25.453000,STR,18,0 days 00:01:22.807000,34.0,3.0,,,0 days 00:00:24.252000,0 days 00:00:31.818000,0 days 00:00:26.737000,0 days 01:23:26.946000,0 days 01:23:58.764000,0 days 01:24:25.501000,271.0,185.0,289.0,280.0,True,SOFT,34.0,False,Aston Martin,0 days 01:23:02.646000,,1,7.0,,,False,True
0 days 01:25:48.462000,STR,18,0 days 00:01:23.009000,35.0,3.0,,,0 days 00:00:24.260000,0 days 00:00:32.015000,0 days 00:00:26.734000,0 days 01:24:49.761000,0 days 01:25:21.776000,0 days 01:25:48.510000,271.0,184.0,286.0,276.0,False,SOFT,35.0,False,Aston Martin,0 days 01:24:25.453000,,1,7.0,,,False,True
0 days 01:27:11.876000,STR,18,0 days 00:01:23.414000,36.0,3.0,,,0 days 00:00:24.374000,0 days 00:00:32.139000,0 days 00:00:26.901000,0 days 01:26:12.884000,0 days 01:26:45.023000,0 days 01:27:11.924000,272.0,172.0,288.0,276.0,False,SOFT,36.0,False,Aston Martin,0 days 01:25:48.462000,,1,7.0,,,False,True
0 days 01:28:34.980000,STR,18,0 days 00:01:23.104000,37.0,3.0,,,0 days 00:00:24.282000,0 days 00:00:31.941000,0 days 00:00:26.881000,0 days 01:27:36.206000,0 days 01:28:08.147000,0 days 01:28:35.028000,270.0,181.0,289.0,280.0,False,SOFT,37.0,False,Aston Martin,0 days 01:27:11.876000,,1,7.0,,,False,True
0 days 01:29:58.475000,STR,18,0 days 00:01:23.495000,38.0,3.0,,,0 days 00:00:24.368000,0 days 00:00:32.179000,0 days 00:00:26.948000,0 days 01:28:59.396000,0 days 01:29:31.575000,0 days 01:29:58.523000,275.0,181.0,288.0,281.0,False,SOFT,38.0,False,Aston Martin,0 days 01:28:34.980000,,1,7.0,,,False,True
0 days 01:31:26.186000,STR,18,0 days 00:01:27.711000,39.0,3.0,,0 days 01:31:23.373000,0 days 00:00:24.554000,0 days 00:00:32.078000,0 days 00:00:31.079000,0 days 01:30:23.077000,0 days 01:30:55.155000,0 days 01:31:26.234000,274.0,180.0,,279.0,False,SOFT,39.0,False,Aston Martin,0 days 01:29:58.475000,,1,7.0,,,False,False
0 days 01:33:10.593000,STR,18,0 days 00:01:44.407000,40.0,4.0,0 days 01:31:49.268000,,0 days 00:00:45.376000,0 days 00:00:32.111000,0 days 00:00:26.920000,0 days 01:32:11.610000,0 days 01:32:43.721000,0 days 01:33:10.641000,274.0,184.0,288.0,279.0,False,MEDIUM,1.0,True,Aston Martin,0 days 01:31:26.186000,,1,14.0,,,False,False
0 days 01:34:33.423000,STR,18,0 days 00:01:22.830000,41.0,4.0,,,0 days 00:00:24.323000,0 days 00:00:31.771000,0 days 00:00:26.736000,0 days 01:33:34.964000,0 days 01:34:06.735000,0 days 01:34:33.471000,267.0,186.0,290.0,277.0,False,MEDIUM,2.0,True,Aston Martin,0 days 01:33:10.593000,,1,14.0,,,False,True
0 days 01:35:56.292000,STR,18,0 days 00:01:22.869000,42.0,4.0,,,0 days 00:00:24.291000,0 days 00:00:31.796000,0 days 00:00:26.782000,0 days 01:34:57.762000,0 days 01:35:29.558000,0 days 01:35:56.340000,271.0,190.0,289.0,277.0,False,MEDIUM,3.0,True,Aston Martin,0 days 01:34:33.423000,,1,14.0,,,False,True
0 days 01:37:19.118000,STR,18,0 days 00:01:22.826000,43.0,4.0,,,0 days 00:00:24.453000,0 days 00:00:31.676000,0 days 00:00:26.697000,0 days 01:36:20.793000,0 days 01:36:52.469000,0 days 01:37:19.166000,272.0,190.0,289.0,277.0,False,MEDIUM,4.0,True,Aston Martin,0 days 01:35:56.292000,,1,14.0,,,False,True
0 days 01:38:41.914000,STR,18,0 days 00:01:22.796000,44.0,4.0,,,0 days 00:00:24.174000,0 days 00:00:31.923000,0 days 00:00:26.699000,0 days 01:37:43.340000,0 days 01:38:15.263000,0 days 01:38:41.962000,274.0,186.0,292.0,290.0,True,MEDIUM,5.0,True,Aston Martin,0 days 01:37:19.118000,,1,14.0,,,False,True
0 days 01:40:05.009000,STR,18,0 days 00:01:23.095000,45.0,4.0,,,0 days 00:00:24.097000,0 days 00:00:32.318000,0 days 00:00:26.680000,0 days 01:39:06.059000,0 days 01:39:38.377000,0 days 01:40:05.057000,272.0,188.0,293.0,287.0,False,MEDIUM,6.0,True,Aston Martin,0 days 01:38:41.914000,,1,14.0,,,False,True
0 days 01:41:27.878000,STR,18,0 days 00:01:22.869000,46.0,4.0,,,0 days 00:00:24.135000,0 days 00:00:32.031000,0 days 00:00:26.703000,0 days 01:40:29.192000,0 days 01:41:01.223000,0 days 01:41:27.926000,272.0,188.0,288.0,283.0,False,MEDIUM,7.0,True,Aston Martin,0 days 01:40:05.009000,,1,14.0,,,False,True
0 days 01:42:50.806000,STR,18,0 days 00:01:22.928000,47.0,4.0,,,0 days 00:00:24.390000,0 days 00:00:31.815000,0 days 00:00:26.723000,0 days 01:41:52.316000,0 days 01:42:24.131000,0 days 01:42:50.854000,272.0,188.0,291.0,285.0,False,MEDIUM,8.0,True,Aston Martin,0 days 01:41:27.878000,,1,14.0,,,False,True
0 days 01:44:13.501000,STR,18,0 days 00:01:22.695000,48.0,4.0,,,0 days 00:00:24.187000,0 days 00:00:31.808000,0 days 00:00:26.700000,0 days 01:43:15.041000,0 days 01:43:46.849000,0 days 01:44:13.549000,275.0,187.0,293.0,284.0,True,MEDIUM,9.0,True,Aston Martin,0 days 01:42:50.806000,,1,14.0,,,False,True
0 days 01:45:36.295000,STR,18,0 days 00:01:22.794000,49.0,4.0,,,0 days 00:00:24.121000,0 days 00:00:31.782000,0 days 00:00:26.891000,0 days 01:44:37.670000,0 days 01:45:09.452000,0 days 01:45:36.343000,274.0,185.0,291.0,284.0,False,MEDIUM,10.0,True,Aston Martin,0 days 01:44:13.501000,,1,14.0,,,False,True
0 days 01:46:58.975000,STR,18,0 days 00:01:22.680000,50.0,4.0,,,0 days 00:00:24.120000,0 days 00:00:31.825000,0 days 00:00:26.735000,0 days 01:46:00.463000,0 days 01:46:32.288000,0 days 01:46:59.023000,274.0,184.0,289.0,279.0,True,MEDIUM,11.0,True,Aston Martin,0 days 01:45:36.295000,,1,14.0,,,False,True
0 days 01:48:21.679000,STR,18,0 days 00:01:22.704000,51.0,4.0,,,0 days 00:00:24.273000,0 days 00:00:31.777000,0 days 00:00:26.654000,0 days 01:47:23.296000,0 days 01:47:55.073000,0 days 01:48:21.727000,272.0,187.0,293.0,280.0,False,MEDIUM,12.0,True,Aston Martin,0 days 01:46:58.975000,,1,14.0,,,False,True
0 days 01:49:43.909000,STR,18,0 days 00:01:22.230000,52.0,4.0,,,0 days 00:00:24.115000,0 days 00:00:31.606000,0 days 00:00:26.509000,0 days 01:48:45.842000,0 days 01:49:17.448000,0 days 01:49:43.957000,274.0,190.0,293.0,287.0,True,MEDIUM,13.0,True,Aston Martin,0 days 01:48:21.679000,,1,14.0,,,False,True
0 days 01:51:06.905000,STR,18,0 days 00:01:22.996000,53.0,4.0,,,0 days 00:00:24.194000,0 days 00:00:32.047000,0 days 00:00:26.755000,0 days 01:50:08.151000,0 days 01:50:40.198000,0 days 01:51:06.953000,273.0,183.0,291.0,289.0,False,MEDIUM,14.0,True,Aston Martin,0 days 01:49:43.909000,,1,14.0,,,False,True
0 days 01:52:29.442000,STR,18,0 days 00:01:22.537000,54.0,4.0,,,0 days 00:00:24.153000,0 days 00:00:31.823000,0 days 00:00:26.561000,0 days 01:51:31.106000,0 days 01:52:02.929000,0 days 01:52:29.490000,274.0,188.0,293.0,283.0,False,MEDIUM,15.0,True,Aston Martin,0 days 01:51:06.905000,,1,14.0,,,False,True
0 days 01:53:51.986000,STR,18,0 days 00:01:22.544000,55.0,4.0,,,0 days 00:00:24.068000,0 days 00:00:31.770000,0 days 00:00:26.706000,0 days 01:52:53.558000,0 days 01:53:25.328000,0 days 01:53:52.034000,273.0,192.0,293.0,285.0,False,MEDIUM,16.0,True,Aston Martin,0 days 01:52:29.442000,,1,14.0,,,False,True
0 days 01:55:14.671000,STR,18,0 days 00:01:22.685000,56.0,4.0,,,0 days 00:00:24.102000,0 days 00:00:31.896000,0 days 00:00:26.687000,0 days 01:54:16.136000,0 days 01:54:48.032000,0 days 01:55:14.719000,275.0,187.0,290.0,282.0,False,MEDIUM,17.0,True,Aston Martin,0 days 01:53:51.986000,,1,14.0,,,False,True
0 days 01:56:37.187000,STR,18,0 days 00:01:22.516000,57.0,4.0,,,0 days 00:00:24.124000,0 days 00:00:31.776000,0 days 00:00:26.616000,0 days 01:55:38.843000,0 days 01:56:10.619000,0 days 01:56:37.235000,277.0,190.0,290.0,288.0,False,MEDIUM,18.0,True,Aston Martin,0 days 01:55:14.671000,,1,14.0,,,False,True
0 days 01:57:59.634000,STR,18,0 days 00:01:22.447000,58.0,4.0,,,0 days 00:00:24.111000,0 days 00:00:31.819000,0 days 00:00:26.517000,0 days 01:57:01.346000,0 days 01:57:33.165000,0 days 01:57:59.682000,278.0,189.0,301.0,283.0,False,MEDIUM,19.0,True,Aston Martin,0 days 01:56:37.187000,,1,14.0,,,False,True
0 days 01:59:21.604000,STR,18,0 days 00:01:21.970000,59.0,4.0,,,0 days 00:00:23.656000,0 days 00:00:31.865000,0 days 00:00:26.449000,0 days 01:58:23.338000,0 days 01:58:55.203000,0 days 01:59:21.652000,272.0,189.0,290.0,317.0,True,MEDIUM,20.0,True,Aston Martin,0 days 01:57:59.634000,,1,13.0,,,False,True
0 days 02:00:44.059000,STR,18,0 days 00:01:22.455000,60.0,4.0,,,0 days 00:00:24.025000,0 days 00:00:31.880000,0 days 00:00:26.550000,0 days 01:59:45.677000,0 days 02:00:17.557000,0 days 02:00:44.107000,274.0,188.0,289.0,282.0,False,MEDIUM,21.0,True,Aston Martin,0 days 01:59:21.604000,,1,13.0,,,False,True
0 days 02:02:06.325000,STR,18,0 days 00:01:22.266000,61.0,4.0,,,0 days 00:00:24.090000,0 days 00:00:31.659000,0 days 00:00:26.517000,0 days 02:01:08.197000,0 days 02:01:39.856000,0 days 02:02:06.373000,272.0,188.0,290.0,280.0,False,MEDIUM,22.0,True,Aston Martin,0 days 02:00:44.059000,,1,13.0,,,False,True
0 days 02:03:30.972000,STR,18,0 days 00:01:24.647000,62.0,4.0,,,0 days 00:00:24.267000,0 days 00:00:33.831000,0 days 00:00:26.549000,0 days 02:02:30.640000,0 days 02:03:04.471000,0 days 02:03:31.020000,247.0,187.0,290.0,283.0,False,MEDIUM,23.0,True,Aston Martin,0 days 02:02:06.325000,,1,13.0,,,False,True
0 days 02:04:53.923000,STR,18,0 days 00:01:22.951000,63.0,4.0,,,0 days 00:00:24.016000,0 days 00:00:31.911000,0 days 00:00:27.024000,0 days 02:03:55.036000,0 days 02:04:26.947000,0 days 02:04:53.971000,277.0,188.0,290.0,290.0,False,MEDIUM,24.0,True,Aston Martin,0 days 02:03:30.972000,,1,13.0,,,False,True
0 days 02:06:16.985000,STR,18,0 days 00:01:23.062000,64.0,4.0,,,0 days 00:00:24.368000,0 days 00:00:31.875000,0 days 00:00:26.819000,0 days 02:05:18.339000,0 days 02:05:50.214000,0 days 02:06:17.033000,273.0,186.0,290.0,276.0,False,MEDIUM,25.0,True,Aston Martin,0 days 02:04:53.923000,,1,13.0,,,False,True
0 days 02:07:43.325000,STR,18,0 days 00:01:26.340000,65.0,4.0,,,0 days 00:00:24.061000,0 days 00:00:32.705000,0 days 00:00:29.574000,0 days 02:06:41.094000,0 days 02:07:13.799000,0 days 02:07:43.373000,275.0,174.0,272.0,282.0,False,MEDIUM,26.0,True,Aston Martin,0 days 02:06:16.985000,,1,14.0,,,False,True
0 days 00:34:37.835000,TSU,22,0 days 00:01:34.845000,1.0,1.0,,,,0 days 00:00:36.244000,0 days 00:00:28.301000,,0 days 00:34:09.644000,0 days 00:34:38.038000,274.0,171.0,296.0,258.0,False,MEDIUM,1.0,True,AlphaTauri,0 days 00:33:02.841000,,1,16.0,,,False,False
0 days 00:36:40.433000,TSU,22,0 days 00:02:02.598000,2.0,1.0,,0 days 00:36:36.965000,0 days 00:00:26.032000,0 days 00:00:51.949000,0 days 00:00:44.617000,0 days 00:35:03.891000,0 days 00:35:55.840000,0 days 00:36:40.457000,275.0,154.0,,306.0,False,MEDIUM,2.0,True,AlphaTauri,0 days 00:34:37.835000,,14,15.0,,,False,False
0 days 00:38:59.206000,TSU,22,0 days 00:02:18.773000,3.0,2.0,0 days 00:36:59.133000,0 days 00:38:56.114000,0 days 00:00:45.488000,0 days 00:00:43.135000,0 days 00:00:50.150000,0 days 00:37:25.945000,0 days 00:38:09.080000,0 days 00:38:59.230000,129.0,156.0,,306.0,False,MEDIUM,3.0,False,AlphaTauri,0 days 00:36:40.433000,,4,15.0,,,False,False
0 days 00:41:13.324000,TSU,22,0 days 00:02:14.118000,4.0,3.0,0 days 00:39:18.608000,,0 days 00:00:50.402000,0 days 00:00:42.026000,0 days 00:00:41.690000,0 days 00:39:49.632000,0 days 00:40:31.658000,0 days 00:41:13.348000,156.0,169.0,201.0,306.0,False,MEDIUM,4.0,False,AlphaTauri,0 days 00:38:59.206000,,4,15.0,,,False,False
0 days 00:43:12.651000,TSU,22,0 days 00:01:59.327000,5.0,3.0,,,0 days 00:00:33.619000,0 days 00:00:43.318000,0 days 00:00:42.390000,0 days 00:41:46.967000,0 days 00:42:30.285000,0 days 00:43:12.675000,103.0,167.0,251.0,257.0,True,MEDIUM,5.0,False,AlphaTauri,0 days 00:41:13.324000,,4,15.0,,,False,False
0 days 00:45:08.292000,TSU,22,0 days 00:01:55.641000,6.0,3.0,,,0 days 00:00:34.956000,0 days 00:00:41.798000,0 days 00:00:38.887000,0 days 00:43:47.631000,0 days 00:44:29.429000,0 days 00:45:08.316000,139.0,164.0,275.0,259.0,True,MEDIUM,6.0,False,AlphaTauri,0 days 00:43:12.651000,,41,15.0,,,False,False
0 days 00:46:38.700000,TSU,22,0 days 00:01:30.408000,7.0,3.0,,,0 days 00:00:26.616000,0 days 00:00:35.801000,0 days 00:00:27.991000,0 days 00:45:34.932000,0 days 00:46:10.733000,0 days 00:46:38.724000,277.0,167.0,299.0,311.0,True,MEDIUM,7.0,False,AlphaTauri,0 days 00:45:08.292000,,1,16.0,,,False,True
0 days 00:48:06.650000,TSU,22,0 days 00:01:27.950000,8.0,3.0,,,0 days 00:00:25.827000,0 days 00:00:34.543000,0 days 00:00:27.580000,0 days 00:47:04.551000,0 days 00:47:39.094000,0 days 00:48:06.674000,277.0,176.0,296.0,313.0,True,MEDIUM,8.0,False,AlphaTauri,0 days 00:46:38.700000,,1,16.0,,,False,True
0 days 00:49:32.358000,TSU,22,0 days 00:01:25.708000,9.0,3.0,,,0 days 00:00:24.772000,0 days 00:00:33.614000,0 days 00:00:27.322000,0 days 00:48:31.446000,0 days 00:49:05.060000,0 days 00:49:32.382000,288.0,176.0,302.0,303.0,True,MEDIUM,9.0,False,AlphaTauri,0 days 00:48:06.650000,,1,16.0,,,False,True
0 days 00:50:57.330000,TSU,22,0 days 00:01:24.972000,10.0,3.0,,,0 days 00:00:24.545000,0 days 00:00:33.220000,0 days 00:00:27.207000,0 days 00:49:56.927000,0 days 00:50:30.147000,0 days 00:50:57.354000,287.0,179.0,300.0,319.0,True,MEDIUM,10.0,False,AlphaTauri,0 days 00:49:32.358000,,1,16.0,,,False,True
0 days 00:52:21.819000,TSU,22,0 days 00:01:24.489000,11.0,3.0,,,0 days 00:00:24.668000,0 days 00:00:32.741000,0 days 00:00:27.080000,0 days 00:51:22.022000,0 days 00:51:54.763000,0 days 00:52:21.843000,286.0,177.0,298.0,332.0,True,MEDIUM,11.0,False,AlphaTauri,0 days 00:50:57.330000,,1,16.0,,,False,True
0 days 00:53:46.286000,TSU,22,0 days 00:01:24.467000,12.0,3.0,,,0 days 00:00:24.410000,0 days 00:00:33.034000,0 days 00:00:27.023000,0 days 00:52:46.253000,0 days 00:53:19.287000,0 days 00:53:46.310000,285.0,183.0,301.0,327.0,True,MEDIUM,12.0,False,AlphaTauri,0 days 00:52:21.819000,,1,16.0,,,False,True
0 days 00:55:10.921000,TSU,22,0 days 00:01:24.635000,13.0,3.0,,,0 days 00:00:24.668000,0 days 00:00:32.844000,0 days 00:00:27.123000,0 days 00:54:10.978000,0 days 00:54:43.822000,0 days 00:55:10.945000,270.0,181.0,300.0,322.0,False,MEDIUM,13.0,False,AlphaTauri,0 days 00:53:46.286000,,1,16.0,,,False,True
0 days 00:56:35.489000,TSU,22,0 days 00:01:24.568000,14.0,3.0,,,0 days 00:00:24.411000,0 days 00:00:33.208000,0 days 00:00:26.949000,0 days 00:55:35.356000,0 days 00:56:08.564000,0 days 00:56:35.513000,288.0,183.0,289.0,323.0,False,MEDIUM,14.0,False,AlphaTauri,0 days 00:55:10.921000,,1,15.0,,,False,True
0 days 00:57:59.172000,TSU,22,0 days 00:01:23.683000,15.0,3.0,,,0 days 00:00:24.505000,0 days 00:00:32.198000,0 days 00:00:26.980000,0 days 00:57:00.018000,0 days 00:57:32.216000,0 days 00:57:59.196000,277.0,184.0,292.0,295.0,True,MEDIUM,15.0,False,AlphaTauri,0 days 00:56:35.489000,,1,15.0,,,False,True
0 days 00:59:23.041000,TSU,22,0 days 00:01:23.869000,16.0,3.0,,,0 days 00:00:24.464000,0 days 00:00:32.403000,0 days 00:00:27.002000,0 days 00:58:23.660000,0 days 00:58:56.063000,0 days 00:59:23.065000,279.0,183.0,288.0,291.0,False,MEDIUM,16.0,False,AlphaTauri,0 days 00:57:59.172000,,1,15.0,,,False,True
0 days 01:00:46.942000,TSU,22,0 days 00:01:23.901000,17.0,3.0,,,0 days 00:00:24.581000,0 days 00:00:32.356000,0 days 00:00:26.964000,0 days 00:59:47.646000,0 days 01:00:20.002000,0 days 01:00:46.966000,278.0,180.0,289.0,291.0,False,MEDIUM,17.0,False,AlphaTauri,0 days 00:59:23.041000,,1,15.0,,,False,True
0 days 01:02:11.001000,TSU,22,0 days 00:01:24.059000,18.0,3.0,,,0 days 00:00:24.550000,0 days 00:00:32.500000,0 days 00:00:27.009000,0 days 01:01:11.516000,0 days 01:01:44.016000,0 days 01:02:11.025000,277.0,182.0,290.0,291.0,False,MEDIUM,18.0,False,AlphaTauri,0 days 01:00:46.942000,,1,15.0,,,False,True
0 days 01:03:35.099000,TSU,22,0 days 00:01:24.098000,19.0,3.0,,,0 days 00:00:24.716000,0 days 00:00:32.470000,0 days 00:00:26.912000,0 days 01:02:35.741000,0 days 01:03:08.211000,0 days 01:03:35.123000,277.0,181.0,289.0,289.0,False,MEDIUM,19.0,False,AlphaTauri,0 days 01:02:11.001000,,1,15.0,,,False,True
0 days 01:04:59.215000,TSU,22,0 days 00:01:24.116000,20.0,3.0,,,0 days 00:00:24.554000,0 days 00:00:32.452000,0 days 00:00:27.110000,0 days 01:03:59.677000,0 days 01:04:32.129000,0 days 01:04:59.239000,276.0,185.0,289.0,293.0,False,MEDIUM,20.0,False,AlphaTauri,0 days 01:03:35.099000,,1,15.0,,,False,True
0 days 01:06:27.173000,TSU,22,0 days 00:01:27.958000,21.0,3.0,,0 days 01:06:24.264000,0 days 00:00:24.746000,0 days 00:00:32.438000,0 days 00:00:30.774000,0 days 01:05:23.985000,0 days 01:05:56.423000,0 days 01:06:27.197000,276.0,180.0,,287.0,False,MEDIUM,21.0,False,AlphaTauri,0 days 01:04:59.215000,,1,15.0,,,False,False
0 days 01:08:13.940000,TSU,22,0 days 00:01:46.767000,22.0,4.0,0 days 01:06:50.405000,,0 days 00:00:46.571000,0 days 00:00:33.231000,0 days 00:00:26.965000,0 days 01:07:13.768000,0 days 01:07:46.999000,0 days 01:08:13.964000,271.0,173.0,287.0,287.0,False,HARD,1.0,True,AlphaTauri,0 days 01:06:27.173000,,1,19.0,,,False,False
0 days 01:09:38.099000,TSU,22,0 days 00:01:24.159000,23.0,4.0,,,0 days 00:00:24.778000,0 days 00:00:32.353000,0 days 00:00:27.028000,0 days 01:08:38.742000,0 days 01:09:11.095000,0 days 01:09:38.123000,275.0,187.0,287.0,293.0,False,HARD,2.0,True,AlphaTauri,0 days 01:08:13.940000,,1,19.0,,,False,True
0 days 01:11:01.859000,TSU,22,0 days 00:01:23.760000,24.0,4.0,,,0 days 00:00:24.657000,0 days 00:00:32.242000,0 days 00:00:26.861000,0 days 01:10:02.780000,0 days 01:10:35.022000,0 days 01:11:01.883000,277.0,185.0,287.0,295.0,False,HARD,3.0,True,AlphaTauri,0 days 01:09:38.099000,,1,19.0,,,False,True
0 days 01:12:25.691000,TSU,22,0 days 00:01:23.832000,25.0,4.0,,,0 days 00:00:24.619000,0 days 00:00:32.279000,0 days 00:00:26.934000,0 days 01:11:26.502000,0 days 01:11:58.781000,0 days 01:12:25.715000,278.0,179.0,292.0,298.0,False,HARD,4.0,True,AlphaTauri,0 days 01:11:01.859000,,1,18.0,,,False,True
0 days 01:13:49.549000,TSU,22,0 days 00:01:23.858000,26.0,4.0,,,0 days 00:00:24.658000,0 days 00:00:32.348000,0 days 00:00:26.852000,0 days 01:12:50.373000,0 days 01:13:22.721000,0 days 01:13:49.573000,277.0,184.0,294.0,297.0,False,HARD,5.0,True,AlphaTauri,0 days 01:12:25.691000,,1,18.0,,,False,True
0 days 01:15:14.154000,TSU,22,0 days 00:01:24.605000,27.0,4.0,,,0 days 00:00:24.680000,0 days 00:00:32.914000,0 days 00:00:27.011000,0 days 01:14:14.253000,0 days 01:14:47.167000,0 days 01:15:14.178000,286.0,182.0,300.0,322.0,False,HARD,6.0,True,AlphaTauri,0 days 01:13:49.549000,,1,18.0,,,False,True
0 days 01:16:38.131000,TSU,22,0 days 00:01:23.977000,28.0,4.0,,,0 days 00:00:24.478000,0 days 00:00:32.421000,0 days 00:00:27.078000,0 days 01:15:38.656000,0 days 01:16:11.077000,0 days 01:16:38.155000,276.0,175.0,288.0,317.0,False,HARD,7.0,True,AlphaTauri,0 days 01:15:14.154000,,1,17.0,,,False,True
0 days 01:18:02.237000,TSU,22,0 days 00:01:24.106000,29.0,4.0,,,0 days 00:00:24.847000,0 days 00:00:32.393000,0 days 00:00:26.866000,0 days 01:17:03.002000,0 days 01:17:35.395000,0 days 01:18:02.261000,278.0,180.0,287.0,288.0,False,HARD,8.0,True,AlphaTauri,0 days 01:16:38.131000,,1,16.0,,,False,True
0 days 01:19:25.956000,TSU,22,0 days 00:01:23.719000,30.0,4.0,,,0 days 00:00:24.784000,0 days 00:00:32.192000,0 days 00:00:26.743000,0 days 01:18:27.045000,0 days 01:18:59.237000,0 days 01:19:25.980000,278.0,182.0,288.0,285.0,False,HARD,9.0,True,AlphaTauri,0 days 01:18:02.237000,,1,16.0,,,False,True
0 days 01:20:49.435000,TSU,22,0 days 00:01:23.479000,31.0,4.0,,,0 days 00:00:24.568000,0 days 00:00:32.124000,0 days 00:00:26.787000,0 days 01:19:50.548000,0 days 01:20:22.672000,0 days 01:20:49.459000,277.0,185.0,288.0,289.0,True,HARD,10.0,True,AlphaTauri,0 days 01:19:25.956000,,1,16.0,,,False,True
0 days 01:22:13.021000,TSU,22,0 days 00:01:23.586000,32.0,4.0,,,0 days 00:00:24.598000,0 days 00:00:32.157000,0 days 00:00:26.831000,0 days 01:21:14.057000,0 days 01:21:46.214000,0 days 01:22:13.045000,277.0,183.0,289.0,287.0,False,HARD,11.0,True,AlphaTauri,0 days 01:20:49.435000,,1,16.0,,,False,True
0 days 01:23:36.374000,TSU,22,0 days 00:01:23.353000,33.0,4.0,,,0 days 00:00:24.539000,0 days 00:00:32.029000,0 days 00:00:26.785000,0 days 01:22:37.584000,0 days 01:23:09.613000,0 days 01:23:36.398000,277.0,185.0,289.0,289.0,True,HARD,12.0,True,AlphaTauri,0 days 01:22:13.021000,,1,15.0,,,False,True
0 days 01:24:59.549000,TSU,22,0 days 00:01:23.175000,34.0,4.0,,,0 days 00:00:24.396000,0 days 00:00:31.972000,0 days 00:00:26.807000,0 days 01:24:00.794000,0 days 01:24:32.766000,0 days 01:24:59.573000,279.0,182.0,289.0,294.0,True,HARD,13.0,True,AlphaTauri,0 days 01:23:36.374000,,1,15.0,,,False,True
0 days 01:26:24.397000,TSU,22,0 days 00:01:24.848000,35.0,4.0,,,0 days 00:00:24.413000,0 days 00:00:32.167000,0 days 00:00:28.268000,0 days 01:25:23.986000,0 days 01:25:56.153000,0 days 01:26:24.421000,279.0,182.0,295.0,292.0,False,HARD,14.0,True,AlphaTauri,0 days 01:24:59.549000,,1,15.0,,,False,True
0 days 01:27:48.322000,TSU,22,0 days 00:01:23.925000,36.0,4.0,,,0 days 00:00:24.764000,0 days 00:00:32.389000,0 days 00:00:26.772000,0 days 01:26:49.185000,0 days 01:27:21.574000,0 days 01:27:48.346000,276.0,186.0,287.0,304.0,False,HARD,15.0,True,AlphaTauri,0 days 01:26:24.397000,,1,15.0,,,False,True
0 days 01:29:11.499000,TSU,22,0 days 00:01:23.177000,37.0,4.0,,,0 days 00:00:24.530000,0 days 00:00:31.900000,0 days 00:00:26.747000,0 days 01:28:12.876000,0 days 01:28:44.776000,0 days 01:29:11.523000,277.0,182.0,288.0,293.0,False,HARD,16.0,True,AlphaTauri,0 days 01:27:48.322000,,1,15.0,,,False,True
0 days 01:30:35.024000,TSU,22,0 days 00:01:23.525000,38.0,4.0,,,0 days 00:00:24.714000,0 days 00:00:32.040000,0 days 00:00:26.771000,0 days 01:29:36.237000,0 days 01:30:08.277000,0 days 01:30:35.048000,276.0,178.0,288.0,289.0,False,HARD,17.0,True,AlphaTauri,0 days 01:29:11.499000,,1,15.0,,,False,True
0 days 01:31:58.350000,TSU,22,0 days 00:01:23.326000,39.0,4.0,,,0 days 00:00:24.569000,0 days 00:00:31.907000,0 days 00:00:26.850000,0 days 01:30:59.617000,0 days 01:31:31.524000,0 days 01:31:58.374000,276.0,181.0,289.0,289.0,False,HARD,18.0,True,AlphaTauri,0 days 01:30:35.024000,,1,15.0,,,False,True
0 days 01:33:22.043000,TSU,22,0 days 00:01:23.693000,40.0,4.0,,,0 days 00:00:24.408000,0 days 00:00:32.144000,0 days 00:00:27.141000,0 days 01:32:22.782000,0 days 01:32:54.926000,0 days 01:33:22.067000,277.0,182.0,286.0,290.0,False,HARD,19.0,True,AlphaTauri,0 days 01:31:58.350000,,1,15.0,,,False,True
0 days 01:34:45.567000,TSU,22,0 days 00:01:23.524000,41.0,4.0,,,0 days 00:00:24.604000,0 days 00:00:31.960000,0 days 00:00:26.960000,0 days 01:33:46.671000,0 days 01:34:18.631000,0 days 01:34:45.591000,276.0,181.0,288.0,292.0,False,HARD,20.0,True,AlphaTauri,0 days 01:33:22.043000,,1,15.0,,,False,True
0 days 01:36:08.860000,TSU,22,0 days 00:01:23.293000,42.0,4.0,,,0 days 00:00:24.494000,0 days 00:00:31.924000,0 days 00:00:26.875000,0 days 01:35:10.085000,0 days 01:35:42.009000,0 days 01:36:08.884000,277.0,181.0,287.0,292.0,False,HARD,21.0,True,AlphaTauri,0 days 01:34:45.567000,,1,15.0,,,False,True
0 days 01:37:31.893000,TSU,22,0 days 00:01:23.033000,43.0,4.0,,,0 days 00:00:24.234000,0 days 00:00:31.955000,0 days 00:00:26.844000,0 days 01:36:33.118000,0 days 01:37:05.073000,0 days 01:37:31.917000,280.0,180.0,285.0,289.0,True,HARD,22.0,True,AlphaTauri,0 days 01:36:08.860000,,1,15.0,,,False,True
0 days 01:38:54.687000,TSU,22,0 days 00:01:22.794000,44.0,4.0,,,0 days 00:00:24.209000,0 days 00:00:31.853000,0 days 00:00:26.732000,0 days 01:37:56.126000,0 days 01:38:27.979000,0 days 01:38:54.711000,278.0,184.0,288.0,289.0,True,HARD,23.0,True,AlphaTauri,0 days 01:37:31.893000,,1,15.0,,,False,True
0 days 01:40:17.351000,TSU,22,0 days 00:01:22.664000,45.0,4.0,,,0 days 00:00:24.275000,0 days 00:00:31.759000,0 days 00:00:26.630000,0 days 01:39:18.986000,0 days 01:39:50.745000,0 days 01:40:17.375000,278.0,184.0,286.0,291.0,True,HARD,24.0,True,AlphaTauri,0 days 01:38:54.687000,,1,15.0,,,False,True
0 days 01:41:40.205000,TSU,22,0 days 00:01:22.854000,46.0,4.0,,,0 days 00:00:24.396000,0 days 00:00:31.793000,0 days 00:00:26.665000,0 days 01:40:41.771000,0 days 01:41:13.564000,0 days 01:41:40.229000,278.0,184.0,285.0,288.0,False,HARD,25.0,True,AlphaTauri,0 days 01:40:17.351000,,1,15.0,,,False,True
0 days 01:43:03.096000,TSU,22,0 days 00:01:22.891000,47.0,4.0,,,0 days 00:00:24.408000,0 days 00:00:31.800000,0 days 00:00:26.683000,0 days 01:42:04.637000,0 days 01:42:36.437000,0 days 01:43:03.120000,276.0,184.0,288.0,289.0,False,HARD,26.0,True,AlphaTauri,0 days 01:41:40.205000,,1,15.0,,,False,True
0 days 01:44:25.937000,TSU,22,0 days 00:01:22.841000,48.0,4.0,,,0 days 00:00:24.301000,0 days 00:00:31.826000,0 days 00:00:26.714000,0 days 01:43:27.421000,0 days 01:43:59.247000,0 days 01:44:25.961000,279.0,184.0,288.0,289.0,False,HARD,27.0,True,AlphaTauri,0 days 01:43:03.096000,,1,15.0,,,False,True
0 days 01:45:49.241000,TSU,22,0 days 00:01:23.304000,49.0,4.0,,,0 days 00:00:24.188000,0 days 00:00:32.103000,0 days 00:00:27.013000,0 days 01:44:50.149000,0 days 01:45:22.252000,0 days 01:45:49.265000,280.0,178.0,288.0,293.0,False,HARD,28.0,True,AlphaTauri,0 days 01:44:25.937000,,1,15.0,,,False,True
0 days 01:47:12.030000,TSU,22,0 days 00:01:22.789000,50.0,4.0,,,0 days 00:00:24.196000,0 days 00:00:31.803000,0 days 00:00:26.790000,0 days 01:46:13.461000,0 days 01:46:45.264000,0 days 01:47:12.054000,278.0,182.0,287.0,292.0,False,HARD,29.0,True,AlphaTauri,0 days 01:45:49.241000,,1,15.0,,,False,True
0 days 01:48:36.349000,TSU,22,0 days 00:01:24.319000,51.0,4.0,,,0 days 00:00:24.216000,0 days 00:00:31.720000,0 days 00:00:28.383000,0 days 01:47:36.270000,0 days 01:48:07.990000,0 days 01:48:36.373000,278.0,177.0,296.0,292.0,False,HARD,30.0,True,AlphaTauri,0 days 01:47:12.030000,,1,15.0,,,False,True
0 days 01:49:58.805000,TSU,22,0 days 00:01:22.456000,52.0,4.0,,,0 days 00:00:23.998000,0 days 00:00:31.809000,0 days 00:00:26.649000,0 days 01:49:00.371000,0 days 01:49:32.180000,0 days 01:49:58.829000,278.0,179.0,292.0,319.0,True,HARD,31.0,True,AlphaTauri,0 days 01:48:36.349000,,1,15.0,,,False,True
0 days 01:51:21.925000,TSU,22,0 days 00:01:23.120000,53.0,4.0,,,0 days 00:00:24.051000,0 days 00:00:31.996000,0 days 00:00:27.073000,0 days 01:50:22.880000,0 days 01:50:54.876000,0 days 01:51:21.949000,279.0,171.0,288.0,296.0,False,HARD,32.0,True,AlphaTauri,0 days 01:49:58.805000,,1,15.0,,,False,True
0 days 01:52:52.597000,TSU,22,0 days 00:01:30.672000,54.0,4.0,,,0 days 00:00:30.698000,0 days 00:00:33.005000,0 days 00:00:26.969000,0 days 01:51:52.647000,0 days 01:52:25.652000,0 days 01:52:52.621000,268.0,186.0,292.0,205.0,False,HARD,33.0,True,AlphaTauri,0 days 01:51:21.925000,,1,15.0,,,False,True
0 days 01:54:15.019000,TSU,22,0 days 00:01:22.422000,55.0,4.0,,,0 days 00:00:24.230000,0 days 00:00:31.673000,0 days 00:00:26.519000,0 days 01:53:16.851000,0 days 01:53:48.524000,0 days 01:54:15.043000,278.0,189.0,291.0,295.0,True,HARD,34.0,True,AlphaTauri,0 days 01:52:52.597000,,1,15.0,,,False,True
0 days 01:55:37.493000,TSU,22,0 days 00:01:22.474000,56.0,4.0,,,0 days 00:00:24.212000,0 days 00:00:31.716000,0 days 00:00:26.546000,0 days 01:54:39.255000,0 days 01:55:10.971000,0 days 01:55:37.517000,279.0,182.0,289.0,290.0,False,HARD,35.0,True,AlphaTauri,0 days 01:54:15.019000,,1,15.0,,,False,True
0 days 01:57:00.463000,TSU,22,0 days 00:01:22.970000,57.0,4.0,,,0 days 00:00:24.434000,0 days 00:00:31.870000,0 days 00:00:26.666000,0 days 01:56:01.951000,0 days 01:56:33.821000,0 days 01:57:00.487000,278.0,180.0,288.0,291.0,False,HARD,36.0,True,AlphaTauri,0 days 01:55:37.493000,,1,15.0,,,False,True
0 days 01:58:22.933000,TSU,22,0 days 00:01:22.470000,58.0,4.0,,,0 days 00:00:24.222000,0 days 00:00:31.644000,0 days 00:00:26.604000,0 days 01:57:24.709000,0 days 01:57:56.353000,0 days 01:58:22.957000,280.0,184.0,288.0,289.0,False,HARD,37.0,True,AlphaTauri,0 days 01:57:00.463000,,1,15.0,,,False,True
0 days 01:59:45.154000,TSU,22,0 days 00:01:22.221000,59.0,4.0,,,0 days 00:00:24.090000,0 days 00:00:31.657000,0 days 00:00:26.474000,0 days 01:58:47.047000,0 days 01:59:18.704000,0 days 01:59:45.178000,277.0,185.0,289.0,291.0,True,HARD,38.0,True,AlphaTauri,0 days 01:58:22.933000,,1,15.0,,,False,True
0 days 02:01:07.290000,TSU,22,0 days 00:01:22.136000,60.0,4.0,,,0 days 00:00:24.200000,0 days 00:00:31.438000,0 days 00:00:26.498000,0 days 02:00:09.378000,0 days 02:00:40.816000,0 days 02:01:07.314000,278.0,187.0,287.0,290.0,True,HARD,39.0,True,AlphaTauri,0 days 01:59:45.154000,,1,15.0,,,False,True
0 days 02:02:29.348000,TSU,22,0 days 00:01:22.058000,61.0,4.0,,,0 days 00:00:23.977000,0 days 00:00:31.589000,0 days 00:00:26.492000,0 days 02:01:31.291000,0 days 02:02:02.880000,0 days 02:02:29.372000,280.0,183.0,288.0,289.0,True,HARD,40.0,True,AlphaTauri,0 days 02:01:07.290000,,1,15.0,,,False,True
0 days 02:03:51.781000,TSU,22,0 days 00:01:22.433000,62.0,4.0,,,0 days 00:00:24.580000,0 days 00:00:31.362000,0 days 00:00:26.491000,0 days 02:02:53.952000,0 days 02:03:25.314000,0 days 02:03:51.805000,279.0,178.0,285.0,291.0,False,HARD,41.0,True,AlphaTauri,0 days 02:02:29.348000,,1,15.0,,,False,True
0 days 02:05:14.115000,TSU,22,0 days 00:01:22.334000,63.0,4.0,,,0 days 00:00:24.065000,0 days 00:00:31.559000,0 days 00:00:26.710000,0 days 02:04:15.870000,0 days 02:04:47.429000,0 days 02:05:14.139000,281.0,184.0,285.0,288.0,False,HARD,42.0,True,AlphaTauri,0 days 02:03:51.781000,,1,15.0,,,False,True
0 days 02:06:36.718000,TSU,22,0 days 00:01:22.603000,64.0,4.0,,,0 days 00:00:24.244000,0 days 00:00:31.571000,0 days 00:00:26.788000,0 days 02:05:38.383000,0 days 02:06:09.954000,0 days 02:06:36.742000,280.0,183.0,288.0,286.0,False,HARD,43.0,True,AlphaTauri,0 days 02:05:14.115000,,1,15.0,,,False,True
0 days 02:07:59.527000,TSU,22,0 days 00:01:22.809000,65.0,4.0,,,0 days 00:00:24.255000,0 days 00:00:31.755000,0 days 00:00:26.799000,0 days 02:07:00.997000,0 days 02:07:32.752000,0 days 02:07:59.551000,280.0,178.0,288.0,288.0,False,HARD,44.0,True,AlphaTauri,0 days 02:06:36.718000,,1,15.0,,,False,True
0 days 00:34:37.187000,RIC,3,0 days 00:01:34.197000,1.0,1.0,,,,0 days 00:00:35.227000,0 days 00:00:28.137000,,0 days 00:34:09.153000,0 days 00:34:37.815000,270.0,178.0,294.0,269.0,False,MEDIUM,1.0,True,McLaren,0 days 00:33:02.841000,,1,14.0,,,False,False
0 days 00:36:34.586000,RIC,3,0 days 00:01:57.399000,2.0,1.0,,0 days 00:36:31.554000,0 days 00:00:25.606000,0 days 00:00:50.548000,0 days 00:00:41.245000,0 days 00:35:02.793000,0 days 00:35:53.341000,0 days 00:36:34.586000,270.0,151.0,,295.0,False,MEDIUM,2.0,True,McLaren,0 days 00:34:37.187000,,14,13.0,,,False,False
0 days 00:38:55.201000,RIC,3,0 days 00:02:20.615000,3.0,2.0,0 days 00:36:53.531000,0 days 00:38:52.252000,0 days 00:00:49.716000,0 days 00:00:42.204000,0 days 00:00:48.695000,0 days 00:37:24.302000,0 days 00:38:06.506000,0 days 00:38:55.201000,97.0,148.0,,295.0,False,MEDIUM,3.0,False,McLaren,0 days 00:36:34.586000,,4,13.0,,,False,False
0 days 00:41:10.558000,RIC,3,0 days 00:02:15.357000,4.0,3.0,0 days 00:39:14.675000,,0 days 00:00:51.128000,0 days 00:00:41.260000,0 days 00:00:42.969000,0 days 00:39:46.329000,0 days 00:40:27.589000,0 days 00:41:10.558000,163.0,164.0,201.0,295.0,False,MEDIUM,4.0,False,McLaren,0 days 00:38:55.201000,,4,13.0,,,False,False
0 days 00:43:10.728000,RIC,3,0 days 00:02:00.170000,5.0,3.0,,,0 days 00:00:33.721000,0 days 00:00:43.386000,0 days 00:00:43.063000,0 days 00:41:44.279000,0 days 00:42:27.665000,0 days 00:43:10.728000,112.0,158.0,257.0,262.0,True,MEDIUM,5.0,False,McLaren,0 days 00:41:10.558000,,4,13.0,,,False,False
0 days 00:45:07.780000,RIC,3,0 days 00:01:57.052000,6.0,3.0,,,0 days 00:00:34.140000,0 days 00:00:42.849000,0 days 00:00:40.063000,0 days 00:43:44.868000,0 days 00:44:27.717000,0 days 00:45:07.780000,124.0,149.0,266.0,245.0,True,MEDIUM,6.0,False,McLaren,0 days 00:43:10.728000,,41,13.0,,,False,False
0 days 00:46:36.959000,RIC,3,0 days 00:01:29.179000,7.0,3.0,,,0 days 00:00:26.666000,0 days 00:00:34.646000,0 days 00:00:27.867000,0 days 00:45:34.446000,0 days 00:46:09.092000,0 days 00:46:36.959000,276.0,169.0,295.0,299.0,True,MEDIUM,7.0,False,McLaren,0 days 00:45:07.780000,,1,11.0,,,False,True
0 days 00:48:02.833000,RIC,3,0 days 00:01:25.874000,8.0,3.0,,,0 days 00:00:25.521000,0 days 00:00:33.197000,0 days 00:00:27.156000,0 days 00:47:02.480000,0 days 00:47:35.677000,0 days 00:48:02.833000,266.0,182.0,295.0,310.0,True,MEDIUM,8.0,False,McLaren,0 days 00:46:36.959000,,1,11.0,,,False,True
0 days 00:49:27.525000,RIC,3,0 days 00:01:24.692000,9.0,3.0,,,0 days 00:00:24.914000,0 days 00:00:32.646000,0 days 00:00:27.132000,0 days 00:48:27.747000,0 days 00:49:00.393000,0 days 00:49:27.525000,283.0,185.0,297.0,302.0,True,MEDIUM,9.0,False,McLaren,0 days 00:48:02.833000,,1,11.0,,,False,True
0 days 00:50:51.666000,RIC,3,0 days 00:01:24.141000,10.0,3.0,,,0 days 00:00:24.563000,0 days 00:00:32.569000,0 days 00:00:27.009000,0 days 00:49:52.088000,0 days 00:50:24.657000,0 days 00:50:51.666000,282.0,181.0,296.0,323.0,True,MEDIUM,10.0,False,McLaren,0 days 00:49:27.525000,,1,11.0,,,False,True
0 days 00:52:15.915000,RIC,3,0 days 00:01:24.249000,11.0,3.0,,,0 days 00:00:24.560000,0 days 00:00:32.577000,0 days 00:00:27.112000,0 days 00:51:16.226000,0 days 00:51:48.803000,0 days 00:52:15.915000,283.0,180.0,296.0,328.0,False,MEDIUM,11.0,False,McLaren,0 days 00:50:51.666000,,1,11.0,,,False,True
0 days 00:53:40.222000,RIC,3,0 days 00:01:24.307000,12.0,3.0,,,0 days 00:00:24.635000,0 days 00:00:32.548000,0 days 00:00:27.124000,0 days 00:52:40.550000,0 days 00:53:13.098000,0 days 00:53:40.222000,283.0,174.0,294.0,324.0,False,MEDIUM,12.0,False,McLaren,0 days 00:52:15.915000,,1,11.0,,,False,True
0 days 00:55:04.425000,RIC,3,0 days 00:01:24.203000,13.0,3.0,,,0 days 00:00:24.664000,0 days 00:00:32.486000,0 days 00:00:27.053000,0 days 00:54:04.886000,0 days 00:54:37.372000,0 days 00:55:04.425000,275.0,189.0,292.0,297.0,False,MEDIUM,13.0,False,McLaren,0 days 00:53:40.222000,,1,11.0,,,False,True
0 days 00:56:28.580000,RIC,3,0 days 00:01:24.155000,14.0,3.0,,,0 days 00:00:24.763000,0 days 00:00:32.374000,0 days 00:00:27.018000,0 days 00:55:29.188000,0 days 00:56:01.562000,0 days 00:56:28.580000,273.0,185.0,293.0,293.0,False,MEDIUM,14.0,False,McLaren,0 days 00:55:04.425000,,1,11.0,,,False,True
0 days 00:57:52.384000,RIC,3,0 days 00:01:23.804000,15.0,3.0,,,0 days 00:00:24.720000,0 days 00:00:32.126000,0 days 00:00:26.958000,0 days 00:56:53.300000,0 days 00:57:25.426000,0 days 00:57:52.384000,275.0,186.0,293.0,292.0,True,MEDIUM,15.0,False,McLaren,0 days 00:56:28.580000,,1,11.0,,,False,True
0 days 00:59:15.879000,RIC,3,0 days 00:01:23.495000,16.0,3.0,,,0 days 00:00:24.483000,0 days 00:00:32.169000,0 days 00:00:26.843000,0 days 00:58:16.867000,0 days 00:58:49.036000,0 days 00:59:15.879000,278.0,185.0,296.0,295.0,True,MEDIUM,16.0,False,McLaren,0 days 00:57:52.384000,,1,11.0,,,False,True
0 days 01:00:39.540000,RIC,3,0 days 00:01:23.661000,17.0,3.0,,,0 days 00:00:24.479000,0 days 00:00:32.381000,0 days 00:00:26.801000,0 days 00:59:40.358000,0 days 01:00:12.739000,0 days 01:00:39.540000,285.0,182.0,300.0,315.0,False,MEDIUM,17.0,False,McLaren,0 days 00:59:15.879000,,1,11.0,,,False,True
0 days 01:02:02.776000,RIC,3,0 days 00:01:23.236000,18.0,3.0,,,0 days 00:00:24.003000,0 days 00:00:32.299000,0 days 00:00:26.934000,0 days 01:01:03.543000,0 days 01:01:35.842000,0 days 01:02:02.776000,273.0,184.0,291.0,325.0,True,MEDIUM,18.0,False,McLaren,0 days 01:00:39.540000,,1,10.0,,,False,True
0 days 01:03:26.725000,RIC,3,0 days 00:01:23.949000,19.0,3.0,,,0 days 00:00:24.558000,0 days 00:00:32.292000,0 days 00:00:27.099000,0 days 01:02:27.334000,0 days 01:02:59.626000,0 days 01:03:26.725000,276.0,177.0,291.0,293.0,False,MEDIUM,19.0,False,McLaren,0 days 01:02:02.776000,,1,10.0,,,False,True
0 days 01:04:50.858000,RIC,3,0 days 00:01:24.133000,20.0,3.0,,,0 days 00:00:24.593000,0 days 00:00:32.291000,0 days 00:00:27.249000,0 days 01:03:51.318000,0 days 01:04:23.609000,0 days 01:04:50.858000,274.0,181.0,290.0,290.0,False,MEDIUM,20.0,False,McLaren,0 days 01:03:26.725000,,1,10.0,,,False,True
0 days 01:06:14.722000,RIC,3,0 days 00:01:23.864000,21.0,3.0,,,0 days 00:00:24.611000,0 days 00:00:32.259000,0 days 00:00:26.994000,0 days 01:05:15.469000,0 days 01:05:47.728000,0 days 01:06:14.722000,276.0,183.0,291.0,285.0,False,MEDIUM,21.0,False,McLaren,0 days 01:04:50.858000,,1,10.0,,,False,True
0 days 01:07:38.502000,RIC,3,0 days 00:01:23.780000,22.0,3.0,,,0 days 00:00:24.567000,0 days 00:00:32.218000,0 days 00:00:26.995000,0 days 01:06:39.289000,0 days 01:07:11.507000,0 days 01:07:38.502000,274.0,186.0,291.0,288.0,False,MEDIUM,22.0,False,McLaren,0 days 01:06:14.722000,,1,8.0,,,False,True
0 days 01:09:01.833000,RIC,3,0 days 00:01:23.331000,23.0,3.0,,,0 days 00:00:24.383000,0 days 00:00:31.924000,0 days 00:00:27.024000,0 days 01:08:02.885000,0 days 01:08:34.809000,0 days 01:09:01.833000,273.0,187.0,290.0,285.0,False,MEDIUM,23.0,False,McLaren,0 days 01:07:38.502000,,1,7.0,,,False,True
0 days 01:10:25.468000,RIC,3,0 days 00:01:23.635000,24.0,3.0,,,0 days 00:00:24.415000,0 days 00:00:32.073000,0 days 00:00:27.147000,0 days 01:09:26.248000,0 days 01:09:58.321000,0 days 01:10:25.468000,274.0,187.0,287.0,286.0,False,MEDIUM,24.0,False,McLaren,0 days 01:09:01.833000,,1,6.0,,,False,True
0 days 01:11:48.920000,RIC,3,0 days 00:01:23.452000,25.0,3.0,,,0 days 00:00:24.360000,0 days 00:00:32.044000,0 days 00:00:27.048000,0 days 01:10:49.828000,0 days 01:11:21.872000,0 days 01:11:48.920000,273.0,185.0,287.0,283.0,False,MEDIUM,25.0,False,McLaren,0 days 01:10:25.468000,,1,6.0,,,False,True
0 days 01:13:12.228000,RIC,3,0 days 00:01:23.308000,26.0,3.0,,,0 days 00:00:24.597000,0 days 00:00:31.953000,0 days 00:00:26.758000,0 days 01:12:13.517000,0 days 01:12:45.470000,0 days 01:13:12.228000,275.0,187.0,288.0,279.0,False,MEDIUM,26.0,False,McLaren,0 days 01:11:48.920000,,1,5.0,,,False,True
0 days 01:14:35.593000,RIC,3,0 days 00:01:23.365000,27.0,3.0,,,0 days 00:00:24.410000,0 days 00:00:32.002000,0 days 00:00:26.953000,0 days 01:13:36.638000,0 days 01:14:08.640000,0 days 01:14:35.593000,272.0,188.0,289.0,284.0,False,MEDIUM,27.0,False,McLaren,0 days 01:13:12.228000,,1,5.0,,,False,True
0 days 01:15:58.958000,RIC,3,0 days 00:01:23.365000,28.0,3.0,,,0 days 00:00:24.387000,0 days 00:00:32.032000,0 days 00:00:26.946000,0 days 01:14:59.980000,0 days 01:15:32.012000,0 days 01:15:58.958000,276.0,185.0,287.0,281.0,False,MEDIUM,28.0,False,McLaren,0 days 01:14:35.593000,,1,5.0,,,False,True
0 days 01:17:22.197000,RIC,3,0 days 00:01:23.239000,29.0,3.0,,,0 days 00:00:24.451000,0 days 00:00:32.044000,0 days 00:00:26.744000,0 days 01:16:23.409000,0 days 01:16:55.453000,0 days 01:17:22.197000,275.0,185.0,286.0,280.0,False,MEDIUM,29.0,False,McLaren,0 days 01:15:58.958000,,1,5.0,,,False,True
0 days 01:18:45.178000,RIC,3,0 days 00:01:22.981000,30.0,3.0,,,0 days 00:00:24.265000,0 days 00:00:31.939000,0 days 00:00:26.777000,0 days 01:17:46.462000,0 days 01:18:18.401000,0 days 01:18:45.178000,275.0,186.0,287.0,282.0,True,MEDIUM,30.0,False,McLaren,0 days 01:17:22.197000,,1,5.0,,,False,True
0 days 01:20:08.221000,RIC,3,0 days 00:01:23.043000,31.0,3.0,,,0 days 00:00:24.375000,0 days 00:00:31.955000,0 days 00:00:26.713000,0 days 01:19:09.553000,0 days 01:19:41.508000,0 days 01:20:08.221000,275.0,185.0,287.0,280.0,False,MEDIUM,31.0,False,McLaren,0 days 01:18:45.178000,,1,5.0,,,False,True
0 days 01:21:31.129000,RIC,3,0 days 00:01:22.908000,32.0,3.0,,,0 days 00:00:24.361000,0 days 00:00:31.853000,0 days 00:00:26.694000,0 days 01:20:32.582000,0 days 01:21:04.435000,0 days 01:21:31.129000,274.0,186.0,287.0,281.0,True,MEDIUM,32.0,False,McLaren,0 days 01:20:08.221000,,1,5.0,,,False,True
0 days 01:22:53.940000,RIC,3,0 days 00:01:22.811000,33.0,3.0,,,0 days 00:00:24.223000,0 days 00:00:31.919000,0 days 00:00:26.669000,0 days 01:21:55.352000,0 days 01:22:27.271000,0 days 01:22:53.940000,274.0,184.0,288.0,282.0,True,MEDIUM,33.0,False,McLaren,0 days 01:21:31.129000,,1,5.0,,,False,True
0 days 01:24:16.650000,RIC,3,0 days 00:01:22.710000,34.0,3.0,,,0 days 00:00:24.107000,0 days 00:00:31.835000,0 days 00:00:26.768000,0 days 01:23:18.047000,0 days 01:23:49.882000,0 days 01:24:16.650000,275.0,188.0,290.0,285.0,True,MEDIUM,34.0,False,McLaren,0 days 01:22:53.940000,,1,5.0,,,False,True
0 days 01:25:39.589000,RIC,3,0 days 00:01:22.939000,35.0,3.0,,,0 days 00:00:24.173000,0 days 00:00:32.035000,0 days 00:00:26.731000,0 days 01:24:40.823000,0 days 01:25:12.858000,0 days 01:25:39.589000,277.0,185.0,290.0,283.0,False,MEDIUM,35.0,False,McLaren,0 days 01:24:16.650000,,1,5.0,,,False,True
0 days 01:27:02.481000,RIC,3,0 days 00:01:22.892000,36.0,3.0,,,0 days 00:00:24.194000,0 days 00:00:31.857000,0 days 00:00:26.841000,0 days 01:26:03.783000,0 days 01:26:35.640000,0 days 01:27:02.481000,277.0,185.0,287.0,288.0,False,MEDIUM,36.0,False,McLaren,0 days 01:25:39.589000,,1,5.0,,,False,True
0 days 01:28:25.410000,RIC,3,0 days 00:01:22.929000,37.0,3.0,,,0 days 00:00:24.254000,0 days 00:00:31.861000,0 days 00:00:26.814000,0 days 01:27:26.735000,0 days 01:27:58.596000,0 days 01:28:25.410000,274.0,183.0,289.0,282.0,False,MEDIUM,37.0,False,McLaren,0 days 01:27:02.481000,,1,5.0,,,False,True
0 days 01:29:48.050000,RIC,3,0 days 00:01:22.640000,38.0,3.0,,,0 days 00:00:24.254000,0 days 00:00:31.732000,0 days 00:00:26.654000,,0 days 01:29:21.396000,0 days 01:29:48.050000,278.0,183.0,289.0,284.0,True,MEDIUM,38.0,False,McLaren,0 days 01:28:25.410000,,1,5.0,,,False,True
0 days 01:31:10.988000,RIC,3,0 days 00:01:22.938000,39.0,3.0,,,0 days 00:00:24.344000,0 days 00:00:31.791000,0 days 00:00:26.803000,0 days 01:30:12.394000,0 days 01:30:44.185000,0 days 01:31:10.988000,275.0,186.0,289.0,282.0,False,MEDIUM,39.0,False,McLaren,0 days 01:29:48.050000,,1,5.0,,,False,True
0 days 01:32:33.816000,RIC,3,0 days 00:01:22.828000,40.0,3.0,,,0 days 00:00:24.273000,0 days 00:00:31.791000,0 days 00:00:26.764000,0 days 01:31:35.261000,0 days 01:32:07.052000,0 days 01:32:33.816000,276.0,183.0,289.0,283.0,False,MEDIUM,40.0,False,McLaren,0 days 01:31:10.988000,,1,5.0,,,False,True
0 days 01:34:00.033000,RIC,3,0 days 00:01:26.217000,41.0,3.0,,0 days 01:33:57.117000,0 days 00:00:24.178000,0 days 00:00:31.993000,0 days 00:00:30.046000,0 days 01:32:57.994000,0 days 01:33:29.987000,0 days 01:34:00.033000,276.0,185.0,,284.0,False,MEDIUM,41.0,False,McLaren,0 days 01:32:33.816000,,1,5.0,,,False,False
0 days 01:35:47.540000,RIC,3,0 days 00:01:47.507000,42.0,4.0,0 days 01:34:25.722000,,0 days 00:00:48.590000,0 days 00:00:32.182000,0 days 00:00:26.735000,0 days 01:34:48.623000,0 days 01:35:20.805000,0 days 01:35:47.540000,272.0,183.0,289.0,284.0,False,HARD,1.0,True,McLaren,0 days 01:34:00.033000,,1,10.0,,,False,False
0 days 01:37:10.133000,RIC,3,0 days 00:01:22.593000,43.0,4.0,,,0 days 00:00:24.146000,0 days 00:00:31.692000,0 days 00:00:26.755000,0 days 01:36:11.686000,0 days 01:36:43.378000,0 days 01:37:10.133000,274.0,186.0,290.0,291.0,True,HARD,2.0,True,McLaren,0 days 01:35:47.540000,,1,10.0,,,False,True
0 days 01:38:32.944000,RIC,3,0 days 00:01:22.811000,44.0,4.0,,,0 days 00:00:24.069000,0 days 00:00:31.955000,0 days 00:00:26.787000,0 days 01:37:34.202000,0 days 01:38:06.157000,0 days 01:38:32.944000,276.0,183.0,293.0,283.0,False,HARD,3.0,True,McLaren,0 days 01:37:10.133000,,1,10.0,,,False,True
0 days 01:39:55.793000,RIC,3,0 days 00:01:22.849000,45.0,4.0,,,0 days 00:00:24.378000,0 days 00:00:31.926000,0 days 00:00:26.545000,0 days 01:38:57.322000,0 days 01:39:29.248000,0 days 01:39:55.793000,277.0,186.0,292.0,293.0,False,HARD,4.0,True,McLaren,0 days 01:38:32.944000,,1,10.0,,,False,True
0 days 01:41:18.387000,RIC,3,0 days 00:01:22.594000,46.0,4.0,,,0 days 00:00:24.194000,0 days 00:00:31.872000,0 days 00:00:26.528000,0 days 01:40:19.987000,0 days 01:40:51.859000,0 days 01:41:18.387000,278.0,188.0,288.0,286.0,False,HARD,5.0,True,McLaren,0 days 01:39:55.793000,,1,10.0,,,False,True
0 days 01:42:41.063000,RIC,3,0 days 00:01:22.676000,47.0,4.0,,,0 days 00:00:24.358000,0 days 00:00:31.686000,0 days 00:00:26.632000,0 days 01:41:42.745000,0 days 01:42:14.431000,0 days 01:42:41.063000,276.0,186.0,291.0,287.0,False,HARD,6.0,True,McLaren,0 days 01:41:18.387000,,1,10.0,,,False,True
0 days 01:44:04.161000,RIC,3,0 days 00:01:23.098000,48.0,4.0,,,0 days 00:00:24.277000,0 days 00:00:32.104000,0 days 00:00:26.717000,0 days 01:43:05.340000,0 days 01:43:37.444000,0 days 01:44:04.161000,287.0,190.0,290.0,287.0,False,HARD,7.0,True,McLaren,0 days 01:42:41.063000,,1,9.0,,,False,True
0 days 01:45:26.852000,RIC,3,0 days 00:01:22.691000,49.0,4.0,,,0 days 00:00:24.220000,0 days 00:00:31.663000,0 days 00:00:26.808000,0 days 01:44:28.381000,0 days 01:45:00.044000,0 days 01:45:26.852000,280.0,182.0,290.0,283.0,False,HARD,8.0,True,McLaren,0 days 01:44:04.161000,,1,9.0,,,False,True
0 days 01:46:49.571000,RIC,3,0 days 00:01:22.719000,50.0,4.0,,,0 days 00:00:24.158000,0 days 00:00:31.738000,0 days 00:00:26.823000,0 days 01:45:51.010000,0 days 01:46:22.748000,0 days 01:46:49.571000,277.0,185.0,288.0,288.0,False,HARD,9.0,True,McLaren,0 days 01:45:26.852000,,1,9.0,,,False,True
0 days 01:48:13.552000,RIC,3,0 days 00:01:23.981000,51.0,4.0,,,0 days 00:00:25.190000,0 days 00:00:32.132000,0 days 00:00:26.659000,0 days 01:47:14.761000,0 days 01:47:46.893000,0 days 01:48:13.552000,281.0,184.0,294.0,290.0,False,HARD,10.0,True,McLaren,0 days 01:46:49.571000,,1,10.0,,,False,True
0 days 01:49:36.087000,RIC,3,0 days 00:01:22.535000,52.0,4.0,,,0 days 00:00:24.352000,0 days 00:00:31.620000,0 days 00:00:26.563000,0 days 01:48:37.904000,0 days 01:49:09.524000,0 days 01:49:36.087000,277.0,192.0,293.0,291.0,True,HARD,11.0,True,McLaren,0 days 01:48:13.552000,,1,10.0,,,False,True
0 days 01:50:58.627000,RIC,3,0 days 00:01:22.540000,53.0,4.0,,,0 days 00:00:24.068000,0 days 00:00:31.675000,0 days 00:00:26.797000,0 days 01:50:00.155000,0 days 01:50:31.830000,0 days 01:50:58.627000,277.0,189.0,292.0,294.0,False,HARD,12.0,True,McLaren,0 days 01:49:36.087000,,1,10.0,,,False,True
0 days 01:52:20.937000,RIC,3,0 days 00:01:22.310000,54.0,4.0,,,0 days 00:00:24.146000,0 days 00:00:31.550000,0 days 00:00:26.614000,0 days 01:51:22.773000,0 days 01:51:54.323000,0 days 01:52:20.937000,276.0,188.0,291.0,289.0,True,HARD,13.0,True,McLaren,0 days 01:50:58.627000,,1,10.0,,,False,True
0 days 01:53:43.299000,RIC,3,0 days 00:01:22.362000,55.0,4.0,,,0 days 00:00:24.084000,0 days 00:00:31.728000,0 days 00:00:26.550000,0 days 01:52:45.021000,0 days 01:53:16.749000,0 days 01:53:43.299000,276.0,189.0,294.0,285.0,False,HARD,14.0,True,McLaren,0 days 01:52:20.937000,,1,10.0,,,False,True
0 days 01:55:05.550000,RIC,3,0 days 00:01:22.251000,56.0,4.0,,,0 days 00:00:24.064000,0 days 00:00:31.619000,0 days 00:00:26.568000,0 days 01:54:07.363000,0 days 01:54:38.982000,0 days 01:55:05.550000,278.0,187.0,291.0,290.0,True,HARD,15.0,True,McLaren,0 days 01:53:43.299000,,1,10.0,,,False,True
0 days 01:56:28.071000,RIC,3,0 days 00:01:22.521000,57.0,4.0,,,0 days 00:00:24.082000,0 days 00:00:31.715000,0 days 00:00:26.724000,0 days 01:55:29.632000,0 days 01:56:01.347000,0 days 01:56:28.071000,278.0,186.0,290.0,287.0,False,HARD,16.0,True,McLaren,0 days 01:55:05.550000,,1,10.0,,,False,True
0 days 01:57:50.570000,RIC,3,0 days 00:01:22.499000,58.0,4.0,,,0 days 00:00:24.164000,0 days 00:00:31.680000,0 days 00:00:26.655000,0 days 01:56:52.235000,0 days 01:57:23.915000,0 days 01:57:50.570000,279.0,191.0,293.0,283.0,False,HARD,17.0,True,McLaren,0 days 01:56:28.071000,,1,10.0,,,False,True
0 days 01:59:13.230000,RIC,3,0 days 00:01:22.660000,59.0,4.0,,,0 days 00:00:24.185000,0 days 00:00:31.915000,0 days 00:00:26.560000,0 days 01:58:14.755000,0 days 01:58:46.670000,0 days 01:59:13.230000,279.0,188.0,291.0,297.0,False,HARD,18.0,True,McLaren,0 days 01:57:50.570000,,1,10.0,,,False,True
0 days 02:00:35.270000,RIC,3,0 days 00:01:22.040000,60.0,4.0,,,0 days 00:00:24.013000,0 days 00:00:31.556000,0 days 00:00:26.471000,0 days 01:59:37.243000,0 days 02:00:08.799000,0 days 02:00:35.270000,279.0,189.0,291.0,290.0,True,HARD,19.0,True,McLaren,0 days 01:59:13.230000,,1,10.0,,,False,True
0 days 02:01:57.496000,RIC,3,0 days 00:01:22.226000,61.0,4.0,,,0 days 00:00:24.005000,0 days 00:00:31.735000,0 days 00:00:26.486000,0 days 02:00:59.275000,0 days 02:01:31.010000,0 days 02:01:57.496000,277.0,190.0,294.0,291.0,False,HARD,20.0,True,McLaren,0 days 02:00:35.270000,,1,10.0,,,False,True
0 days 02:03:19.883000,RIC,3,0 days 00:01:22.387000,62.0,4.0,,,0 days 00:00:24.292000,0 days 00:00:31.578000,0 days 00:00:26.517000,0 days 02:02:21.788000,0 days 02:02:53.366000,0 days 02:03:19.883000,279.0,187.0,293.0,289.0,False,HARD,21.0,True,McLaren,0 days 02:01:57.496000,,1,10.0,,,False,True
0 days 02:04:42.469000,RIC,3,0 days 00:01:22.586000,63.0,4.0,,,0 days 00:00:24.070000,0 days 00:00:31.834000,0 days 00:00:26.682000,0 days 02:03:43.953000,0 days 02:04:15.787000,0 days 02:04:42.469000,288.0,191.0,298.0,314.0,False,HARD,22.0,True,McLaren,0 days 02:03:19.883000,,1,10.0,,,False,True
0 days 02:06:04.456000,RIC,3,0 days 00:01:21.987000,64.0,4.0,,,0 days 00:00:23.493000,0 days 00:00:31.738000,0 days 00:00:26.756000,0 days 02:05:05.962000,0 days 02:05:37.700000,0 days 02:06:04.456000,276.0,190.0,287.0,317.0,True,HARD,23.0,True,McLaren,0 days 02:04:42.469000,,1,9.0,,,False,True
0 days 02:07:26.980000,RIC,3,0 days 00:01:22.524000,65.0,4.0,,,0 days 00:00:24.120000,0 days 00:00:31.637000,0 days 00:00:26.767000,0 days 02:06:28.576000,0 days 02:07:00.213000,0 days 02:07:26.980000,279.0,187.0,289.0,282.0,False,HARD,24.0,True,McLaren,0 days 02:06:04.456000,,1,9.0,,,False,True
0 days 02:08:49.780000,RIC,3,0 days 00:01:22.800000,66.0,4.0,,,0 days 00:00:24.158000,0 days 00:00:31.753000,0 days 00:00:26.889000,0 days 02:07:51.138000,0 days 02:08:22.891000,0 days 02:08:49.780000,278.0,186.0,289.0,283.0,False,HARD,25.0,True,McLaren,0 days 02:07:26.980000,,1,9.0,,,False,True
0 days 00:34:33.409000,OCO,31,0 days 00:01:30.419000,1.0,1.0,,,,0 days 00:00:34.052000,0 days 00:00:28.071000,,0 days 00:34:05.428000,0 days 00:34:33.606000,271.0,175.0,295.0,239.0,False,SOFT,4.0,False,Alpine,0 days 00:33:02.841000,,1,7.0,,,False,False
0 days 00:36:25.053000,OCO,31,0 days 00:01:51.644000,2.0,1.0,,0 days 00:36:22.119000,0 days 00:00:25.047000,0 days 00:00:46.595000,0 days 00:00:40.002000,0 days 00:34:58.507000,0 days 00:35:45.102000,0 days 00:36:25.104000,270.0,160.0,,296.0,False,SOFT,5.0,False,Alpine,0 days 00:34:33.409000,,14,7.0,,,False,False
0 days 00:38:45.732000,OCO,31,0 days 00:02:20.679000,3.0,2.0,0 days 00:36:43.774000,0 days 00:38:42.808000,0 days 00:00:50.609000,0 days 00:00:42.970000,0 days 00:00:47.100000,0 days 00:37:15.713000,0 days 00:37:58.683000,0 days 00:38:45.783000,180.0,107.0,,296.0,False,SOFT,6.0,False,Alpine,0 days 00:36:25.053000,,4,7.0,,,False,False
0 days 00:41:01.701000,OCO,31,0 days 00:02:15.969000,4.0,3.0,0 days 00:39:05.083000,,0 days 00:00:51.060000,0 days 00:00:43.249000,0 days 00:00:41.660000,0 days 00:39:36.843000,0 days 00:40:20.092000,0 days 00:41:01.752000,117.0,93.0,213.0,296.0,False,SOFT,7.0,False,Alpine,0 days 00:38:45.732000,,4,7.0,,,False,False
0 days 00:43:01.464000,OCO,31,0 days 00:01:59.763000,5.0,3.0,,,0 days 00:00:34.822000,0 days 00:00:44.141000,0 days 00:00:40.800000,0 days 00:41:36.574000,0 days 00:42:20.715000,0 days 00:43:01.515000,122.0,111.0,254.0,163.0,True,SOFT,8.0,False,Alpine,0 days 00:41:01.701000,,4,7.0,,,False,False
0 days 00:45:06.317000,OCO,31,0 days 00:02:04.853000,6.0,3.0,,,0 days 00:00:35.106000,0 days 00:00:43.699000,0 days 00:00:46.048000,0 days 00:43:36.621000,0 days 00:44:20.320000,0 days 00:45:06.368000,115.0,127.0,251.0,248.0,False,SOFT,9.0,False,Alpine,0 days 00:43:01.464000,,41,7.0,,,False,False
0 days 00:46:35.155000,OCO,31,0 days 00:01:28.838000,7.0,3.0,,,0 days 00:00:26.855000,0 days 00:00:34.623000,0 days 00:00:27.360000,0 days 00:45:33.223000,0 days 00:46:07.846000,0 days 00:46:35.206000,274.0,175.0,296.0,303.0,True,SOFT,10.0,False,Alpine,0 days 00:45:06.317000,,1,8.0,,,False,True
0 days 00:48:00.259000,OCO,31,0 days 00:01:25.104000,8.0,3.0,,,0 days 00:00:24.960000,0 days 00:00:33.043000,0 days 00:00:27.101000,0 days 00:47:00.166000,0 days 00:47:33.209000,0 days 00:48:00.310000,273.0,180.0,297.0,300.0,True,SOFT,11.0,False,Alpine,0 days 00:46:35.155000,,1,8.0,,,False,True
0 days 00:49:24.729000,OCO,31,0 days 00:01:24.470000,9.0,3.0,,,0 days 00:00:24.461000,0 days 00:00:32.931000,0 days 00:00:27.078000,0 days 00:48:24.771000,0 days 00:48:57.702000,0 days 00:49:24.780000,272.0,181.0,298.0,293.0,True,SOFT,12.0,False,Alpine,0 days 00:48:00.259000,,1,8.0,,,False,True
0 days 00:50:49.111000,OCO,31,0 days 00:01:24.382000,10.0,3.0,,,0 days 00:00:24.687000,0 days 00:00:32.698000,0 days 00:00:26.997000,0 days 00:49:49.467000,0 days 00:50:22.165000,0 days 00:50:49.162000,268.0,181.0,296.0,291.0,True,SOFT,13.0,False,Alpine,0 days 00:49:24.729000,,1,8.0,,,False,True
0 days 00:52:13.040000,OCO,31,0 days 00:01:23.929000,11.0,3.0,,,0 days 00:00:24.569000,0 days 00:00:32.489000,0 days 00:00:26.871000,0 days 00:51:13.731000,0 days 00:51:46.220000,0 days 00:52:13.091000,268.0,185.0,294.0,295.0,True,SOFT,14.0,False,Alpine,0 days 00:50:49.111000,,1,8.0,,,False,True
0 days 00:53:36.963000,OCO,31,0 days 00:01:23.923000,12.0,3.0,,,0 days 00:00:24.628000,0 days 00:00:32.520000,0 days 00:00:26.775000,0 days 00:52:37.719000,0 days 00:53:10.239000,0 days 00:53:37.014000,269.0,184.0,295.0,296.0,True,SOFT,15.0,False,Alpine,0 days 00:52:13.040000,,1,8.0,,,False,True
0 days 00:55:00.684000,OCO,31,0 days 00:01:23.721000,13.0,3.0,,,0 days 00:00:24.619000,0 days 00:00:32.288000,0 days 00:00:26.814000,0 days 00:54:01.633000,0 days 00:54:33.921000,0 days 00:55:00.735000,268.0,186.0,295.0,290.0,True,SOFT,16.0,False,Alpine,0 days 00:53:36.963000,,1,8.0,,,False,True
0 days 00:56:24.558000,OCO,31,0 days 00:01:23.874000,14.0,3.0,,,0 days 00:00:24.468000,0 days 00:00:32.360000,0 days 00:00:27.046000,0 days 00:55:25.203000,0 days 00:55:57.563000,0 days 00:56:24.609000,267.0,187.0,294.0,290.0,False,SOFT,17.0,False,Alpine,0 days 00:55:00.684000,,1,8.0,,,False,True
0 days 00:57:48.350000,OCO,31,0 days 00:01:23.792000,15.0,3.0,,,0 days 00:00:24.459000,0 days 00:00:32.341000,0 days 00:00:26.992000,0 days 00:56:49.068000,0 days 00:57:21.409000,0 days 00:57:48.401000,269.0,183.0,294.0,293.0,False,SOFT,18.0,False,Alpine,0 days 00:56:24.558000,,1,8.0,,,False,True
0 days 00:59:12.140000,OCO,31,0 days 00:01:23.790000,16.0,3.0,,,0 days 00:00:24.561000,0 days 00:00:32.318000,0 days 00:00:26.911000,0 days 00:58:12.962000,0 days 00:58:45.280000,0 days 00:59:12.191000,272.0,183.0,293.0,292.0,False,SOFT,19.0,False,Alpine,0 days 00:57:48.350000,,1,8.0,,,False,True
0 days 01:00:35.994000,OCO,31,0 days 00:01:23.854000,17.0,3.0,,,0 days 00:00:24.376000,0 days 00:00:32.499000,0 days 00:00:26.979000,0 days 00:59:36.567000,0 days 01:00:09.066000,0 days 01:00:36.045000,270.0,179.0,294.0,294.0,False,SOFT,20.0,False,Alpine,0 days 00:59:12.140000,,1,8.0,,,False,True
0 days 01:01:59.794000,OCO,31,0 days 00:01:23.800000,18.0,3.0,,,0 days 00:00:24.549000,0 days 00:00:32.241000,0 days 00:00:27.010000,0 days 01:01:00.594000,0 days 01:01:32.835000,0 days 01:01:59.845000,270.0,182.0,294.0,292.0,False,SOFT,21.0,False,Alpine,0 days 01:00:35.994000,,1,8.0,,,False,True
0 days 01:03:23.677000,OCO,31,0 days 00:01:23.883000,19.0,3.0,,,0 days 00:00:24.578000,0 days 00:00:32.277000,0 days 00:00:27.028000,0 days 01:02:24.423000,0 days 01:02:56.700000,0 days 01:03:23.728000,271.0,180.0,294.0,289.0,False,SOFT,22.0,False,Alpine,0 days 01:01:59.794000,,1,8.0,,,False,True
0 days 01:04:47.720000,OCO,31,0 days 00:01:24.043000,20.0,3.0,,,0 days 00:00:24.467000,0 days 00:00:32.403000,0 days 00:00:27.173000,0 days 01:03:48.195000,0 days 01:04:20.598000,0 days 01:04:47.771000,272.0,183.0,293.0,292.0,False,SOFT,23.0,False,Alpine,0 days 01:03:23.677000,,1,8.0,,,False,True
0 days 01:06:11.443000,OCO,31,0 days 00:01:23.723000,21.0,3.0,,,0 days 00:00:24.384000,0 days 00:00:32.380000,0 days 00:00:26.959000,0 days 01:05:12.155000,0 days 01:05:44.535000,0 days 01:06:11.494000,270.0,183.0,294.0,290.0,False,SOFT,24.0,False,Alpine,0 days 01:04:47.720000,,1,8.0,,,False,True
0 days 01:07:38.732000,OCO,31,0 days 00:01:27.289000,22.0,3.0,,0 days 01:07:35.813000,0 days 00:00:24.470000,0 days 00:00:32.308000,0 days 00:00:30.511000,0 days 01:06:35.964000,0 days 01:07:08.272000,0 days 01:07:38.783000,268.0,187.0,,290.0,False,SOFT,25.0,False,Alpine,0 days 01:06:11.443000,,1,9.0,,,False,False
0 days 01:09:25.943000,OCO,31,0 days 00:01:47.211000,23.0,4.0,0 days 01:08:02.828000,,0 days 00:00:47.373000,0 days 00:00:32.803000,0 days 00:00:27.035000,0 days 01:08:26.156000,0 days 01:08:58.959000,0 days 01:09:25.994000,264.0,184.0,294.0,290.0,False,HARD,1.0,True,Alpine,0 days 01:07:38.732000,,1,14.0,,,False,False
0 days 01:10:50.665000,OCO,31,0 days 00:01:24.722000,24.0,4.0,,,0 days 00:00:24.099000,0 days 00:00:32.824000,0 days 00:00:27.799000,0 days 01:09:50.093000,0 days 01:10:22.917000,0 days 01:10:50.716000,278.0,188.0,293.0,294.0,False,HARD,2.0,True,Alpine,0 days 01:09:25.943000,,1,13.0,,,False,True
0 days 01:12:13.442000,OCO,31,0 days 00:01:22.777000,25.0,4.0,,,0 days 00:00:23.806000,0 days 00:00:32.121000,0 days 00:00:26.850000,0 days 01:11:14.522000,0 days 01:11:46.643000,0 days 01:12:13.493000,270.0,187.0,298.0,308.0,True,HARD,3.0,True,Alpine,0 days 01:10:50.665000,,1,13.0,,,False,True
0 days 01:13:36.813000,OCO,31,0 days 00:01:23.371000,26.0,4.0,,,0 days 00:00:24.457000,0 days 00:00:32.214000,0 days 00:00:26.700000,0 days 01:12:37.950000,0 days 01:13:10.164000,0 days 01:13:36.864000,276.0,184.0,294.0,315.0,False,HARD,4.0,True,Alpine,0 days 01:12:13.442000,,1,12.0,,,False,True
0 days 01:14:59.619000,OCO,31,0 days 00:01:22.806000,27.0,4.0,,,0 days 00:00:24.155000,0 days 00:00:32.029000,0 days 00:00:26.622000,0 days 01:14:01.019000,0 days 01:14:33.048000,0 days 01:14:59.670000,271.0,187.0,296.0,294.0,False,HARD,5.0,True,Alpine,0 days 01:13:36.813000,,1,12.0,,,False,True
0 days 01:16:22.616000,OCO,31,0 days 00:01:22.997000,28.0,4.0,,,0 days 00:00:24.314000,0 days 00:00:32.036000,0 days 00:00:26.647000,0 days 01:15:23.984000,0 days 01:15:56.020000,0 days 01:16:22.667000,270.0,188.0,297.0,292.0,False,HARD,6.0,True,Alpine,0 days 01:14:59.619000,,1,12.0,,,False,True
0 days 01:17:45.646000,OCO,31,0 days 00:01:23.030000,29.0,4.0,,,0 days 00:00:24.191000,0 days 00:00:32.146000,0 days 00:00:26.693000,0 days 01:16:46.858000,0 days 01:17:19.004000,0 days 01:17:45.697000,271.0,187.0,296.0,295.0,False,HARD,7.0,True,Alpine,0 days 01:16:22.616000,,1,12.0,,,False,True
0 days 01:19:08.568000,OCO,31,0 days 00:01:22.922000,30.0,4.0,,,0 days 00:00:24.133000,0 days 00:00:32.069000,0 days 00:00:26.720000,0 days 01:18:09.830000,0 days 01:18:41.899000,0 days 01:19:08.619000,279.0,187.0,298.0,298.0,False,HARD,8.0,True,Alpine,0 days 01:17:45.646000,,1,12.0,,,False,True
0 days 01:20:31.491000,OCO,31,0 days 00:01:22.923000,31.0,4.0,,,0 days 00:00:24.034000,0 days 00:00:32.178000,0 days 00:00:26.711000,0 days 01:19:32.653000,0 days 01:20:04.831000,0 days 01:20:31.542000,280.0,185.0,301.0,300.0,False,HARD,9.0,True,Alpine,0 days 01:19:08.568000,,1,12.0,,,False,True
0 days 01:21:54.631000,OCO,31,0 days 00:01:23.140000,32.0,4.0,,,0 days 00:00:24.238000,0 days 00:00:32.204000,0 days 00:00:26.698000,0 days 01:20:55.780000,0 days 01:21:27.984000,0 days 01:21:54.682000,281.0,186.0,302.0,321.0,False,HARD,10.0,True,Alpine,0 days 01:20:31.491000,,1,12.0,,,False,True
0 days 01:23:17.719000,OCO,31,0 days 00:01:23.088000,33.0,4.0,,,0 days 00:00:24.285000,0 days 00:00:32.102000,0 days 00:00:26.701000,0 days 01:22:18.967000,0 days 01:22:51.069000,0 days 01:23:17.770000,280.0,186.0,305.0,331.0,False,HARD,11.0,True,Alpine,0 days 01:21:54.631000,,1,12.0,,,False,True
0 days 01:24:39.605000,OCO,31,0 days 00:01:21.886000,34.0,4.0,,,0 days 00:00:23.554000,0 days 00:00:31.771000,0 days 00:00:26.561000,0 days 01:23:41.324000,0 days 01:24:13.095000,0 days 01:24:39.656000,270.0,184.0,294.0,333.0,True,HARD,12.0,True,Alpine,0 days 01:23:17.719000,,1,11.0,,,False,True
0 days 01:26:02.287000,OCO,31,0 days 00:01:22.682000,35.0,4.0,,,0 days 00:00:24.121000,0 days 00:00:31.926000,0 days 00:00:26.635000,0 days 01:25:03.777000,0 days 01:25:35.703000,0 days 01:26:02.338000,270.0,188.0,294.0,290.0,False,HARD,13.0,True,Alpine,0 days 01:24:39.605000,,1,11.0,,,False,True
0 days 01:27:25.202000,OCO,31,0 days 00:01:22.915000,36.0,4.0,,,0 days 00:00:24.240000,0 days 00:00:31.958000,0 days 00:00:26.717000,0 days 01:26:26.578000,0 days 01:26:58.536000,0 days 01:27:25.253000,270.0,186.0,294.0,290.0,False,HARD,14.0,True,Alpine,0 days 01:26:02.287000,,1,11.0,,,False,True
0 days 01:28:48.005000,OCO,31,0 days 00:01:22.803000,37.0,4.0,,,0 days 00:00:24.182000,0 days 00:00:31.954000,0 days 00:00:26.667000,0 days 01:27:49.435000,0 days 01:28:21.389000,0 days 01:28:48.056000,268.0,188.0,300.0,290.0,False,HARD,15.0,True,Alpine,0 days 01:27:25.202000,,1,11.0,,,False,True
0 days 01:30:10.793000,OCO,31,0 days 00:01:22.788000,38.0,4.0,,,0 days 00:00:24.141000,0 days 00:00:31.939000,0 days 00:00:26.708000,0 days 01:29:12.197000,0 days 01:29:44.136000,0 days 01:30:10.844000,278.0,188.0,297.0,296.0,False,HARD,16.0,True,Alpine,0 days 01:28:48.005000,,1,11.0,,,False,True
0 days 01:31:33.659000,OCO,31,0 days 00:01:22.866000,39.0,4.0,,,0 days 00:00:24.149000,0 days 00:00:32.031000,0 days 00:00:26.686000,0 days 01:30:34.993000,0 days 01:31:07.024000,0 days 01:31:33.710000,279.0,187.0,302.0,295.0,False,HARD,17.0,True,Alpine,0 days 01:30:10.793000,,1,11.0,,,False,True
0 days 01:32:56.344000,OCO,31,0 days 00:01:22.685000,40.0,4.0,,,0 days 00:00:24.019000,0 days 00:00:31.975000,0 days 00:00:26.691000,0 days 01:31:57.729000,0 days 01:32:29.704000,0 days 01:32:56.395000,280.0,189.0,302.0,320.0,False,HARD,18.0,True,Alpine,0 days 01:31:33.659000,,1,10.0,,,False,True
0 days 01:34:19.113000,OCO,31,0 days 00:01:22.769000,41.0,4.0,,,0 days 00:00:24.244000,0 days 00:00:31.943000,0 days 00:00:26.582000,0 days 01:33:20.639000,0 days 01:33:52.582000,0 days 01:34:19.164000,277.0,188.0,299.0,330.0,False,HARD,19.0,True,Alpine,0 days 01:32:56.344000,,1,9.0,,,False,True
0 days 01:35:42.319000,OCO,31,0 days 00:01:23.206000,42.0,4.0,,,0 days 00:00:24.536000,0 days 00:00:32.113000,0 days 00:00:26.557000,0 days 01:34:43.700000,0 days 01:35:15.813000,0 days 01:35:42.370000,278.0,190.0,301.0,320.0,False,HARD,20.0,True,Alpine,0 days 01:34:19.113000,,1,8.0,,,False,True
0 days 01:37:05.183000,OCO,31,0 days 00:01:22.864000,43.0,4.0,,,0 days 00:00:24.221000,0 days 00:00:31.995000,0 days 00:00:26.648000,0 days 01:36:06.591000,0 days 01:36:38.586000,0 days 01:37:05.234000,280.0,189.0,302.0,319.0,False,HARD,21.0,True,Alpine,0 days 01:35:42.319000,,1,8.0,,,False,True
0 days 01:38:27.747000,OCO,31,0 days 00:01:22.564000,44.0,4.0,,,0 days 00:00:23.971000,0 days 00:00:31.916000,0 days 00:00:26.677000,0 days 01:37:29.205000,0 days 01:38:01.121000,0 days 01:38:27.798000,276.0,181.0,293.0,329.0,False,HARD,22.0,True,Alpine,0 days 01:37:05.183000,,1,7.0,,,False,True
0 days 01:39:50.320000,OCO,31,0 days 00:01:22.573000,45.0,4.0,,,0 days 00:00:24.317000,0 days 00:00:31.867000,0 days 00:00:26.389000,0 days 01:38:52.115000,0 days 01:39:23.982000,0 days 01:39:50.371000,270.0,189.0,293.0,288.0,False,HARD,23.0,True,Alpine,0 days 01:38:27.747000,,1,7.0,,,False,True
0 days 01:41:12.648000,OCO,31,0 days 00:01:22.328000,46.0,4.0,,,0 days 00:00:24.200000,0 days 00:00:31.640000,0 days 00:00:26.488000,0 days 01:40:14.571000,0 days 01:40:46.211000,0 days 01:41:12.699000,270.0,189.0,290.0,285.0,False,HARD,24.0,True,Alpine,0 days 01:39:50.320000,,1,7.0,,,False,True
0 days 01:42:35.075000,OCO,31,0 days 00:01:22.427000,47.0,4.0,,,0 days 00:00:24.267000,0 days 00:00:31.615000,0 days 00:00:26.545000,0 days 01:41:36.966000,0 days 01:42:08.581000,0 days 01:42:35.126000,270.0,190.0,292.0,287.0,False,HARD,25.0,True,Alpine,0 days 01:41:12.648000,,1,7.0,,,False,True
0 days 01:43:57.335000,OCO,31,0 days 00:01:22.260000,48.0,4.0,,,0 days 00:00:24.100000,0 days 00:00:31.655000,0 days 00:00:26.505000,0 days 01:42:59.226000,0 days 01:43:30.881000,0 days 01:43:57.386000,271.0,191.0,292.0,288.0,False,HARD,26.0,True,Alpine,0 days 01:42:35.075000,,1,7.0,,,False,True
0 days 01:45:19.725000,OCO,31,0 days 00:01:22.390000,49.0,4.0,,,0 days 00:00:24.119000,0 days 00:00:31.628000,0 days 00:00:26.643000,0 days 01:44:21.505000,0 days 01:44:53.133000,0 days 01:45:19.776000,274.0,186.0,293.0,289.0,False,HARD,27.0,True,Alpine,0 days 01:43:57.335000,,1,7.0,,,False,True
0 days 01:46:42.308000,OCO,31,0 days 00:01:22.583000,50.0,4.0,,,0 days 00:00:24.104000,0 days 00:00:31.752000,0 days 00:00:26.727000,0 days 01:45:43.880000,0 days 01:46:15.632000,0 days 01:46:42.359000,273.0,184.0,293.0,288.0,False,HARD,28.0,True,Alpine,0 days 01:45:19.725000,,1,7.0,,,False,True
0 days 01:48:04.623000,OCO,31,0 days 00:01:22.315000,51.0,4.0,,,0 days 00:00:24.198000,0 days 00:00:31.619000,0 days 00:00:26.498000,0 days 01:47:06.557000,0 days 01:47:38.176000,0 days 01:48:04.674000,271.0,190.0,294.0,289.0,False,HARD,29.0,True,Alpine,0 days 01:46:42.308000,,1,7.0,,,False,True
0 days 01:49:26.712000,OCO,31,0 days 00:01:22.089000,52.0,4.0,,,0 days 00:00:24.140000,0 days 00:00:31.616000,0 days 00:00:26.333000,0 days 01:48:28.814000,0 days 01:49:00.430000,0 days 01:49:26.763000,272.0,190.0,294.0,290.0,False,HARD,30.0,True,Alpine,0 days 01:48:04.623000,,1,7.0,,,False,True
0 days 01:50:49.188000,OCO,31,0 days 00:01:22.476000,53.0,4.0,,,0 days 00:00:24.076000,0 days 00:00:31.807000,0 days 00:00:26.593000,0 days 01:49:50.839000,0 days 01:50:22.646000,0 days 01:50:49.239000,274.0,187.0,295.0,288.0,False,HARD,31.0,True,Alpine,0 days 01:49:26.712000,,1,7.0,,,False,True
0 days 01:52:11.751000,OCO,31,0 days 00:01:22.563000,54.0,4.0,,,0 days 00:00:24.177000,0 days 00:00:31.749000,0 days 00:00:26.637000,0 days 01:51:13.416000,0 days 01:51:45.165000,0 days 01:52:11.802000,271.0,187.0,298.0,291.0,False,HARD,32.0,True,Alpine,0 days 01:50:49.188000,,1,7.0,,,False,True
0 days 01:53:34.239000,OCO,31,0 days 00:01:22.488000,55.0,4.0,,,0 days 00:00:24.171000,0 days 00:00:31.754000,0 days 00:00:26.563000,0 days 01:52:35.973000,0 days 01:53:07.727000,0 days 01:53:34.290000,273.0,191.0,294.0,296.0,False,HARD,33.0,True,Alpine,0 days 01:52:11.751000,,1,7.0,,,False,True
0 days 01:54:56.405000,OCO,31,0 days 00:01:22.166000,56.0,4.0,,,0 days 00:00:24.103000,0 days 00:00:31.633000,0 days 00:00:26.430000,0 days 01:53:58.393000,0 days 01:54:30.026000,0 days 01:54:56.456000,273.0,191.0,293.0,288.0,False,HARD,34.0,True,Alpine,0 days 01:53:34.239000,,1,7.0,,,False,True
0 days 01:56:18.740000,OCO,31,0 days 00:01:22.335000,57.0,4.0,,,0 days 00:00:24.037000,0 days 00:00:31.673000,0 days 00:00:26.625000,0 days 01:55:20.493000,0 days 01:55:52.166000,0 days 01:56:18.791000,273.0,185.0,292.0,287.0,False,HARD,35.0,True,Alpine,0 days 01:54:56.405000,,1,7.0,,,False,True
0 days 01:57:41.030000,OCO,31,0 days 00:01:22.290000,58.0,4.0,,,0 days 00:00:24.064000,0 days 00:00:31.844000,0 days 00:00:26.382000,0 days 01:56:42.855000,0 days 01:57:14.699000,0 days 01:57:41.081000,275.0,187.0,292.0,289.0,False,HARD,36.0,True,Alpine,0 days 01:56:18.740000,,1,7.0,,,False,True
0 days 01:59:02.984000,OCO,31,0 days 00:01:21.954000,59.0,4.0,,,0 days 00:00:24.096000,0 days 00:00:31.515000,0 days 00:00:26.343000,0 days 01:58:05.177000,0 days 01:58:36.692000,0 days 01:59:03.035000,274.0,190.0,291.0,288.0,False,HARD,37.0,True,Alpine,0 days 01:57:41.030000,,1,7.0,,,False,True
0 days 02:00:24.914000,OCO,31,0 days 00:01:21.930000,60.0,4.0,,,0 days 00:00:24.040000,0 days 00:00:31.582000,0 days 00:00:26.308000,0 days 01:59:27.075000,0 days 01:59:58.657000,0 days 02:00:24.965000,273.0,190.0,292.0,287.0,False,HARD,38.0,True,Alpine,0 days 01:59:02.984000,,1,7.0,,,False,True
0 days 02:01:46.844000,OCO,31,0 days 00:01:21.930000,61.0,4.0,,,0 days 00:00:24.011000,0 days 00:00:31.614000,0 days 00:00:26.305000,0 days 02:00:48.976000,0 days 02:01:20.590000,0 days 02:01:46.895000,273.0,189.0,294.0,288.0,False,HARD,39.0,True,Alpine,0 days 02:00:24.914000,,1,7.0,,,False,True
0 days 02:03:08.984000,OCO,31,0 days 00:01:22.140000,62.0,4.0,,,0 days 00:00:23.961000,0 days 00:00:31.726000,0 days 00:00:26.453000,0 days 02:02:10.856000,0 days 02:02:42.582000,0 days 02:03:09.035000,274.0,191.0,293.0,287.0,False,HARD,40.0,True,Alpine,0 days 02:01:46.844000,,1,7.0,,,False,True
0 days 02:04:31.090000,OCO,31,0 days 00:01:22.106000,63.0,4.0,,,0 days 00:00:24.110000,0 days 00:00:31.597000,0 days 00:00:26.399000,0 days 02:03:33.145000,0 days 02:04:04.742000,0 days 02:04:31.141000,272.0,195.0,292.0,286.0,False,HARD,41.0,True,Alpine,0 days 02:03:08.984000,,1,7.0,,,False,True
0 days 02:05:53.614000,OCO,31,0 days 00:01:22.524000,64.0,4.0,,,0 days 00:00:24.071000,0 days 00:00:31.894000,0 days 00:00:26.559000,0 days 02:04:55.212000,0 days 02:05:27.106000,0 days 02:05:53.665000,275.0,191.0,294.0,286.0,False,HARD,42.0,True,Alpine,0 days 02:04:31.090000,,1,7.0,,,False,True
0 days 02:07:15.874000,OCO,31,0 days 00:01:22.260000,65.0,4.0,,,0 days 00:00:23.987000,0 days 00:00:31.669000,0 days 00:00:26.604000,0 days 02:06:17.652000,0 days 02:06:49.321000,0 days 02:07:15.925000,275.0,186.0,293.0,289.0,False,HARD,43.0,True,Alpine,0 days 02:05:53.614000,,1,7.0,,,False,True
0 days 02:08:38.160000,OCO,31,0 days 00:01:22.286000,66.0,4.0,,,0 days 00:00:24.069000,0 days 00:00:31.717000,0 days 00:00:26.500000,0 days 02:07:39.994000,0 days 02:08:11.711000,0 days 02:08:38.211000,274.0,191.0,292.0,287.0,False,HARD,44.0,True,Alpine,0 days 02:07:15.874000,,1,7.0,,,False,True
0 days 00:34:29.694000,VER,33,0 days 00:01:26.704000,1.0,1.0,,,,0 days 00:00:32.720000,0 days 00:00:27.090000,,0 days 00:34:02.622000,0 days 00:34:29.869000,273.0,184.0,290.0,238.0,False,MEDIUM,6.0,False,Red Bull Racing,0 days 00:33:02.841000,,1,3.0,,,False,False
0 days 00:36:17.969000,VER,33,0 days 00:01:48.275000,2.0,1.0,,0 days 00:36:14.988000,0 days 00:00:24.554000,0 days 00:00:43.497000,0 days 00:00:40.224000,0 days 00:34:54.252000,0 days 00:35:37.749000,0 days 00:36:17.973000,277.0,163.0,,294.0,False,MEDIUM,7.0,False,Red Bull Racing,0 days 00:34:29.694000,,14,3.0,,,False,False
0 days 00:38:40.855000,VER,33,0 days 00:02:22.886000,3.0,2.0,0 days 00:36:37.779000,0 days 00:38:37.831000,0 days 00:00:51.804000,0 days 00:00:44.630000,0 days 00:00:46.452000,0 days 00:37:09.777000,0 days 00:37:54.407000,0 days 00:38:40.859000,208.0,104.0,,294.0,False,MEDIUM,8.0,False,Red Bull Racing,0 days 00:36:17.969000,,4,3.0,,,False,False
0 days 00:40:55.944000,VER,33,0 days 00:02:15.089000,4.0,3.0,0 days 00:38:59.938000,,0 days 00:00:49.472000,0 days 00:00:45.027000,0 days 00:00:40.590000,0 days 00:39:30.331000,0 days 00:40:15.358000,0 days 00:40:55.948000,200.0,163.0,227.0,294.0,False,MEDIUM,9.0,False,Red Bull Racing,0 days 00:38:40.855000,,4,3.0,,,False,False
0 days 00:42:56.483000,VER,33,0 days 00:02:00.539000,5.0,3.0,,,0 days 00:00:35.356000,0 days 00:00:44.844000,0 days 00:00:40.339000,0 days 00:41:31.304000,0 days 00:42:16.148000,0 days 00:42:56.487000,182.0,163.0,213.0,183.0,True,MEDIUM,10.0,False,Red Bull Racing,0 days 00:40:55.944000,,4,3.0,,,False,False
0 days 00:45:05.119000,VER,33,0 days 00:02:08.636000,6.0,3.0,,,0 days 00:00:35.337000,0 days 00:00:45.307000,0 days 00:00:47.992000,0 days 00:43:31.824000,0 days 00:44:17.131000,0 days 00:45:05.123000,179.0,161.0,234.0,249.0,False,MEDIUM,11.0,False,Red Bull Racing,0 days 00:42:56.483000,,41,3.0,,,False,False
0 days 00:46:29.130000,VER,33,0 days 00:01:24.011000,7.0,3.0,,,0 days 00:00:25.123000,0 days 00:00:32.110000,0 days 00:00:26.778000,0 days 00:45:30.246000,0 days 00:46:02.356000,0 days 00:46:29.134000,275.0,182.0,288.0,297.0,True,MEDIUM,12.0,False,Red Bull Racing,0 days 00:45:05.119000,,1,2.0,,,False,True
0 days 00:47:52.296000,VER,33,0 days 00:01:23.166000,8.0,3.0,,,0 days 00:00:24.267000,0 days 00:00:32.154000,0 days 00:00:26.745000,0 days 00:46:53.401000,0 days 00:47:25.555000,0 days 00:47:52.300000,277.0,182.0,293.0,298.0,True,MEDIUM,13.0,False,Red Bull Racing,0 days 00:46:29.130000,,1,2.0,,,False,True
0 days 00:49:15.442000,VER,33,0 days 00:01:23.146000,9.0,3.0,,,0 days 00:00:24.158000,0 days 00:00:32.131000,0 days 00:00:26.857000,0 days 00:48:16.458000,0 days 00:48:48.589000,0 days 00:49:15.446000,285.0,179.0,298.0,298.0,True,MEDIUM,14.0,False,Red Bull Racing,0 days 00:47:52.296000,,1,2.0,,,False,True
0 days 00:50:39.073000,VER,33,0 days 00:01:23.631000,10.0,3.0,,,0 days 00:00:24.228000,0 days 00:00:32.182000,0 days 00:00:27.221000,0 days 00:49:39.674000,0 days 00:50:11.856000,0 days 00:50:39.077000,284.0,181.0,292.0,316.0,False,MEDIUM,15.0,False,Red Bull Racing,0 days 00:49:15.442000,,1,2.0,,,False,True
0 days 00:52:03.777000,VER,33,0 days 00:01:24.704000,11.0,3.0,,,0 days 00:00:25.490000,0 days 00:00:32.336000,0 days 00:00:26.878000,0 days 00:51:04.567000,0 days 00:51:36.903000,0 days 00:52:03.781000,281.0,179.0,291.0,296.0,False,MEDIUM,16.0,False,Red Bull Racing,0 days 00:50:39.073000,,1,3.0,,,False,True
0 days 00:53:26.345000,VER,33,0 days 00:01:22.568000,12.0,3.0,,,0 days 00:00:24.082000,0 days 00:00:31.745000,0 days 00:00:26.741000,0 days 00:52:27.863000,0 days 00:52:59.608000,0 days 00:53:26.349000,270.0,184.0,293.0,296.0,True,MEDIUM,17.0,False,Red Bull Racing,0 days 00:52:03.777000,,1,3.0,,,False,True
0 days 00:54:49.273000,VER,33,0 days 00:01:22.928000,13.0,3.0,,,0 days 00:00:24.004000,0 days 00:00:32.029000,0 days 00:00:26.895000,0 days 00:53:50.353000,0 days 00:54:22.382000,0 days 00:54:49.277000,276.0,186.0,293.0,298.0,False,MEDIUM,18.0,False,Red Bull Racing,0 days 00:53:26.345000,,1,3.0,,,False,True
0 days 00:56:12.310000,VER,33,0 days 00:01:23.037000,14.0,3.0,,,0 days 00:00:23.989000,0 days 00:00:32.046000,0 days 00:00:27.002000,0 days 00:55:13.266000,0 days 00:55:45.312000,0 days 00:56:12.314000,274.0,181.0,292.0,297.0,False,MEDIUM,19.0,False,Red Bull Racing,0 days 00:54:49.273000,,1,3.0,,,False,True
0 days 00:57:35.047000,VER,33,0 days 00:01:22.737000,15.0,3.0,,,0 days 00:00:23.995000,0 days 00:00:31.883000,0 days 00:00:26.859000,0 days 00:56:36.309000,0 days 00:57:08.192000,0 days 00:57:35.051000,274.0,184.0,293.0,295.0,False,MEDIUM,20.0,False,Red Bull Racing,0 days 00:56:12.310000,,1,3.0,,,False,True
0 days 00:58:57.663000,VER,33,0 days 00:01:22.616000,16.0,3.0,,,0 days 00:00:23.950000,0 days 00:00:31.842000,0 days 00:00:26.824000,0 days 00:57:59.001000,0 days 00:58:30.843000,0 days 00:58:57.667000,272.0,180.0,291.0,297.0,False,MEDIUM,21.0,False,Red Bull Racing,0 days 00:57:35.047000,,1,3.0,,,False,True
0 days 01:00:20.781000,VER,33,0 days 00:01:23.118000,17.0,3.0,,,0 days 00:00:24.364000,0 days 00:00:31.939000,0 days 00:00:26.815000,0 days 00:59:22.031000,0 days 00:59:53.970000,0 days 01:00:20.785000,273.0,179.0,291.0,300.0,False,MEDIUM,22.0,False,Red Bull Racing,0 days 00:58:57.663000,,1,3.0,,,False,True
0 days 01:01:43.391000,VER,33,0 days 00:01:22.610000,18.0,3.0,,,0 days 00:00:23.972000,0 days 00:00:31.938000,0 days 00:00:26.700000,0 days 01:00:44.757000,0 days 01:01:16.695000,0 days 01:01:43.395000,276.0,184.0,293.0,295.0,False,MEDIUM,23.0,False,Red Bull Racing,0 days 01:00:20.781000,,1,3.0,,,False,True
0 days 01:03:05.972000,VER,33,0 days 00:01:22.581000,19.0,3.0,,,0 days 00:00:23.990000,0 days 00:00:31.940000,0 days 00:00:26.651000,0 days 01:02:07.385000,0 days 01:02:39.325000,0 days 01:03:05.976000,280.0,182.0,293.0,301.0,False,MEDIUM,24.0,False,Red Bull Racing,0 days 01:01:43.391000,,1,3.0,,,False,True
0 days 01:04:29.589000,VER,33,0 days 00:01:23.617000,20.0,3.0,,,0 days 00:00:24.040000,0 days 00:00:32.421000,0 days 00:00:27.156000,0 days 01:03:30.016000,0 days 01:04:02.437000,0 days 01:04:29.593000,286.0,181.0,298.0,296.0,False,MEDIUM,25.0,False,Red Bull Racing,0 days 01:03:05.972000,,1,3.0,,,False,True
0 days 01:05:53.042000,VER,33,0 days 00:01:23.453000,21.0,3.0,,,0 days 00:00:24.159000,0 days 00:00:32.451000,0 days 00:00:26.843000,0 days 01:04:53.752000,0 days 01:05:26.203000,0 days 01:05:53.046000,285.0,174.0,294.0,322.0,False,MEDIUM,26.0,False,Red Bull Racing,0 days 01:04:29.589000,,1,3.0,,,False,True
0 days 01:07:16.024000,VER,33,0 days 00:01:22.982000,22.0,3.0,,,0 days 00:00:23.971000,0 days 00:00:32.110000,0 days 00:00:26.901000,0 days 01:06:17.017000,0 days 01:06:49.127000,0 days 01:07:16.028000,281.0,184.0,298.0,315.0,False,MEDIUM,27.0,False,Red Bull Racing,0 days 01:05:53.042000,,1,3.0,,,False,True
0 days 01:08:38.574000,VER,33,0 days 00:01:22.550000,23.0,3.0,,,0 days 00:00:23.761000,0 days 00:00:31.942000,0 days 00:00:26.847000,0 days 01:07:39.789000,0 days 01:08:11.731000,0 days 01:08:38.578000,282.0,185.0,297.0,317.0,True,MEDIUM,28.0,False,Red Bull Racing,0 days 01:07:16.024000,,1,3.0,,,False,True
0 days 01:10:01.387000,VER,33,0 days 00:01:22.813000,24.0,3.0,,,0 days 00:00:23.837000,0 days 00:00:31.994000,0 days 00:00:26.982000,0 days 01:09:02.415000,0 days 01:09:34.409000,0 days 01:10:01.391000,281.0,163.0,295.0,321.0,False,MEDIUM,29.0,False,Red Bull Racing,0 days 01:08:38.574000,,1,3.0,,,False,True
0 days 01:11:23.835000,VER,33,0 days 00:01:22.448000,25.0,3.0,,,0 days 00:00:23.663000,0 days 00:00:31.883000,0 days 00:00:26.902000,0 days 01:10:25.054000,0 days 01:10:56.937000,0 days 01:11:23.839000,283.0,186.0,296.0,319.0,True,MEDIUM,30.0,False,Red Bull Racing,0 days 01:10:01.387000,,1,3.0,,,False,True
0 days 01:12:46.025000,VER,33,0 days 00:01:22.190000,26.0,3.0,,,0 days 00:00:23.719000,0 days 00:00:31.740000,0 days 00:00:26.731000,0 days 01:11:47.558000,0 days 01:12:19.298000,0 days 01:12:46.029000,285.0,184.0,298.0,318.0,True,MEDIUM,31.0,False,Red Bull Racing,0 days 01:11:23.835000,,1,3.0,,,False,True
0 days 01:14:08.621000,VER,33,0 days 00:01:22.596000,27.0,3.0,,,0 days 00:00:23.881000,0 days 00:00:31.830000,0 days 00:00:26.885000,0 days 01:13:09.910000,0 days 01:13:41.740000,0 days 01:14:08.625000,282.0,182.0,298.0,317.0,False,MEDIUM,32.0,False,Red Bull Racing,0 days 01:12:46.025000,,1,3.0,,,False,True
0 days 01:15:31.155000,VER,33,0 days 00:01:22.534000,28.0,3.0,,,0 days 00:00:23.742000,0 days 00:00:32.035000,0 days 00:00:26.757000,0 days 01:14:32.367000,0 days 01:15:04.402000,0 days 01:15:31.159000,283.0,182.0,297.0,323.0,False,MEDIUM,33.0,False,Red Bull Racing,0 days 01:14:08.621000,,1,3.0,,,False,True
0 days 01:16:53.408000,VER,33,0 days 00:01:22.253000,29.0,3.0,,,0 days 00:00:23.802000,0 days 00:00:31.804000,0 days 00:00:26.647000,0 days 01:15:54.961000,0 days 01:16:26.765000,0 days 01:16:53.412000,283.0,187.0,297.0,317.0,False,MEDIUM,34.0,False,Red Bull Racing,0 days 01:15:31.155000,,1,3.0,,,False,True
0 days 01:18:15.701000,VER,33,0 days 00:01:22.293000,30.0,3.0,,,0 days 00:00:23.768000,0 days 00:00:31.838000,0 days 00:00:26.687000,0 days 01:17:17.180000,0 days 01:17:49.018000,0 days 01:18:15.705000,283.0,182.0,298.0,317.0,False,MEDIUM,35.0,False,Red Bull Racing,0 days 01:16:53.408000,,1,3.0,,,False,True
0 days 01:19:38.179000,VER,33,0 days 00:01:22.478000,31.0,3.0,,,0 days 00:00:23.752000,0 days 00:00:31.808000,0 days 00:00:26.918000,0 days 01:18:39.457000,0 days 01:19:11.265000,0 days 01:19:38.183000,285.0,188.0,296.0,320.0,False,MEDIUM,36.0,False,Red Bull Racing,0 days 01:18:15.701000,,1,3.0,,,False,True
0 days 01:21:00.521000,VER,33,0 days 00:01:22.342000,32.0,3.0,,,0 days 00:00:23.621000,0 days 00:00:31.840000,0 days 00:00:26.881000,0 days 01:20:01.804000,0 days 01:20:33.644000,0 days 01:21:00.525000,282.0,186.0,294.0,317.0,False,MEDIUM,37.0,False,Red Bull Racing,0 days 01:19:38.179000,,1,3.0,,,False,True
0 days 01:22:22.862000,VER,33,0 days 00:01:22.341000,33.0,3.0,,,0 days 00:00:23.906000,0 days 00:00:31.799000,0 days 00:00:26.636000,0 days 01:21:24.431000,0 days 01:21:56.230000,0 days 01:22:22.866000,277.0,183.0,294.0,300.0,False,MEDIUM,38.0,False,Red Bull Racing,0 days 01:21:00.521000,,1,3.0,,,False,True
0 days 01:23:44.796000,VER,33,0 days 00:01:21.934000,34.0,3.0,,,0 days 00:00:23.790000,0 days 00:00:31.458000,0 days 00:00:26.686000,0 days 01:22:46.656000,0 days 01:23:18.114000,0 days 01:23:44.800000,276.0,188.0,296.0,301.0,True,MEDIUM,39.0,False,Red Bull Racing,0 days 01:22:22.862000,,1,3.0,,,False,True
0 days 01:25:10.396000,VER,33,0 days 00:01:25.600000,35.0,3.0,,0 days 01:25:07.357000,0 days 00:00:23.774000,0 days 00:00:31.837000,0 days 00:00:29.989000,0 days 01:24:08.574000,0 days 01:24:40.411000,0 days 01:25:10.400000,275.0,169.0,,298.0,False,MEDIUM,40.0,False,Red Bull Racing,0 days 01:23:44.796000,,1,3.0,,,False,False
0 days 01:26:54.155000,VER,33,0 days 00:01:43.759000,36.0,4.0,0 days 01:25:34.135000,,0 days 00:00:46.085000,0 days 00:00:31.450000,0 days 00:00:26.224000,0 days 01:25:56.485000,0 days 01:26:27.935000,0 days 01:26:54.159000,276.0,185.0,290.0,298.0,False,HARD,1.0,True,Red Bull Racing,0 days 01:25:10.396000,,1,4.0,,,False,False
0 days 01:28:16.188000,VER,33,0 days 00:01:22.033000,37.0,4.0,,,0 days 00:00:24.461000,0 days 00:00:31.253000,0 days 00:00:26.319000,0 days 01:27:18.620000,0 days 01:27:49.873000,0 days 01:28:16.192000,280.0,185.0,294.0,298.0,False,HARD,2.0,True,Red Bull Racing,0 days 01:26:54.155000,,1,3.0,,,False,True
0 days 01:29:37.852000,VER,33,0 days 00:01:21.664000,38.0,4.0,,,0 days 00:00:23.680000,0 days 00:00:31.426000,0 days 00:00:26.558000,0 days 01:28:39.872000,0 days 01:29:11.298000,0 days 01:29:37.856000,282.0,190.0,292.0,300.0,True,HARD,3.0,True,Red Bull Racing,0 days 01:28:16.188000,,1,3.0,,,False,True
0 days 01:30:59.532000,VER,33,0 days 00:01:21.680000,39.0,4.0,,,0 days 00:00:23.847000,0 days 00:00:31.497000,0 days 00:00:26.336000,0 days 01:30:01.703000,0 days 01:30:33.200000,0 days 01:30:59.536000,279.0,180.0,292.0,296.0,False,HARD,4.0,True,Red Bull Racing,0 days 01:29:37.852000,,1,3.0,,,False,True
0 days 01:32:21.181000,VER,33,0 days 00:01:21.649000,40.0,4.0,,,0 days 00:00:23.841000,0 days 00:00:31.335000,0 days 00:00:26.473000,0 days 01:31:23.377000,0 days 01:31:54.712000,0 days 01:32:21.185000,275.0,188.0,290.0,291.0,True,HARD,5.0,True,Red Bull Racing,0 days 01:30:59.532000,,1,3.0,,,False,True
0 days 01:33:43.226000,VER,33,0 days 00:01:22.045000,41.0,4.0,,,0 days 00:00:23.906000,0 days 00:00:31.694000,0 days 00:00:26.445000,0 days 01:32:45.091000,0 days 01:33:16.785000,0 days 01:33:43.230000,274.0,181.0,290.0,291.0,False,HARD,6.0,True,Red Bull Racing,0 days 01:32:21.181000,,1,3.0,,,False,True
0 days 01:35:04.879000,VER,33,0 days 00:01:21.653000,42.0,4.0,,,0 days 00:00:23.824000,0 days 00:00:31.408000,0 days 00:00:26.421000,0 days 01:34:07.054000,0 days 01:34:38.462000,0 days 01:35:04.883000,273.0,187.0,292.0,294.0,False,HARD,7.0,True,Red Bull Racing,0 days 01:33:43.226000,,1,3.0,,,False,True
0 days 01:36:26.830000,VER,33,0 days 00:01:21.951000,43.0,4.0,,,0 days 00:00:23.868000,0 days 00:00:31.512000,0 days 00:00:26.571000,0 days 01:35:28.751000,0 days 01:36:00.263000,0 days 01:36:26.834000,273.0,191.0,290.0,292.0,False,HARD,8.0,True,Red Bull Racing,0 days 01:35:04.879000,,1,3.0,,,False,True
0 days 01:37:48.708000,VER,33,0 days 00:01:21.878000,44.0,4.0,,,0 days 00:00:23.938000,0 days 00:00:31.477000,0 days 00:00:26.463000,0 days 01:36:50.772000,0 days 01:37:22.249000,0 days 01:37:48.712000,278.0,187.0,289.0,293.0,False,HARD,9.0,True,Red Bull Racing,0 days 01:36:26.830000,,1,3.0,,,False,True
0 days 01:39:09.895000,VER,33,0 days 00:01:21.187000,45.0,4.0,,,0 days 00:00:23.754000,0 days 00:00:31.229000,0 days 00:00:26.204000,0 days 01:38:12.466000,0 days 01:38:43.695000,0 days 01:39:09.899000,279.0,190.0,293.0,295.0,True,HARD,10.0,True,Red Bull Racing,0 days 01:37:48.708000,,1,3.0,,,False,True
0 days 01:40:31.182000,VER,33,0 days 00:01:21.287000,46.0,4.0,,,0 days 00:00:23.639000,0 days 00:00:31.446000,0 days 00:00:26.202000,0 days 01:39:33.538000,0 days 01:40:04.984000,0 days 01:40:31.186000,273.0,190.0,291.0,295.0,False,HARD,11.0,True,Red Bull Racing,0 days 01:39:09.895000,,1,3.0,,,False,True
0 days 01:41:52.692000,VER,33,0 days 00:01:21.510000,47.0,4.0,,,0 days 00:00:23.631000,0 days 00:00:31.338000,0 days 00:00:26.541000,0 days 01:40:54.817000,0 days 01:41:26.155000,0 days 01:41:52.696000,277.0,184.0,288.0,295.0,False,HARD,12.0,True,Red Bull Racing,0 days 01:40:31.182000,,1,3.0,,,False,True
0 days 01:43:14.163000,VER,33,0 days 00:01:21.471000,48.0,4.0,,,0 days 00:00:23.808000,0 days 00:00:31.416000,0 days 00:00:26.247000,0 days 01:42:16.504000,0 days 01:42:47.920000,0 days 01:43:14.167000,277.0,192.0,292.0,295.0,False,HARD,13.0,True,Red Bull Racing,0 days 01:41:52.692000,,1,3.0,,,False,True
0 days 01:44:35.525000,VER,33,0 days 00:01:21.362000,49.0,4.0,,,0 days 00:00:23.610000,0 days 00:00:31.396000,0 days 00:00:26.356000,0 days 01:43:37.777000,0 days 01:44:09.173000,0 days 01:44:35.529000,278.0,184.0,292.0,295.0,False,HARD,14.0,True,Red Bull Racing,0 days 01:43:14.163000,,1,3.0,,,False,True
0 days 01:45:57.540000,VER,33,0 days 00:01:22.015000,50.0,4.0,,,0 days 00:00:23.693000,0 days 00:00:31.577000,0 days 00:00:26.745000,0 days 01:44:59.222000,0 days 01:45:30.799000,0 days 01:45:57.544000,279.0,186.0,292.0,297.0,False,HARD,15.0,True,Red Bull Racing,0 days 01:44:35.525000,,1,3.0,,,False,True
0 days 01:47:19.198000,VER,33,0 days 00:01:21.658000,51.0,4.0,,,0 days 00:00:23.763000,0 days 00:00:31.364000,0 days 00:00:26.531000,0 days 01:46:21.307000,0 days 01:46:52.671000,0 days 01:47:19.202000,278.0,191.0,291.0,298.0,False,HARD,16.0,True,Red Bull Racing,0 days 01:45:57.540000,,1,2.0,,,False,True
0 days 01:48:40.310000,VER,33,0 days 00:01:21.112000,52.0,4.0,,,0 days 00:00:23.684000,0 days 00:00:31.165000,0 days 00:00:26.263000,0 days 01:47:42.886000,0 days 01:48:14.051000,0 days 01:48:40.314000,275.0,190.0,293.0,297.0,True,HARD,17.0,True,Red Bull Racing,0 days 01:47:19.198000,,1,2.0,,,False,True
0 days 01:50:01.338000,VER,33,0 days 00:01:21.028000,53.0,4.0,,,0 days 00:00:23.673000,0 days 00:00:31.121000,0 days 00:00:26.234000,0 days 01:49:03.987000,0 days 01:49:35.108000,0 days 01:50:01.342000,275.0,186.0,294.0,295.0,True,HARD,18.0,True,Red Bull Racing,0 days 01:48:40.310000,,1,2.0,,,False,True
0 days 01:51:23.049000,VER,33,0 days 00:01:21.711000,54.0,4.0,,,0 days 00:00:23.680000,0 days 00:00:31.443000,0 days 00:00:26.588000,0 days 01:50:25.022000,0 days 01:50:56.465000,0 days 01:51:23.053000,278.0,181.0,295.0,300.0,False,HARD,19.0,True,Red Bull Racing,0 days 01:50:01.338000,,1,2.0,,,False,True
0 days 01:52:44.506000,VER,33,0 days 00:01:21.457000,55.0,4.0,,,0 days 00:00:23.876000,0 days 00:00:31.273000,0 days 00:00:26.308000,0 days 01:51:46.929000,0 days 01:52:18.202000,0 days 01:52:44.510000,275.0,191.0,293.0,300.0,False,HARD,20.0,True,Red Bull Racing,0 days 01:51:23.049000,,1,2.0,,,False,True
0 days 01:54:05.943000,VER,33,0 days 00:01:21.437000,56.0,4.0,,,0 days 00:00:23.707000,0 days 00:00:31.217000,0 days 00:00:26.513000,0 days 01:53:08.217000,0 days 01:53:39.434000,0 days 01:54:05.947000,275.0,191.0,293.0,298.0,False,HARD,21.0,True,Red Bull Racing,0 days 01:52:44.506000,,1,2.0,,,False,True
0 days 01:55:27.183000,VER,33,0 days 00:01:21.240000,57.0,4.0,,,0 days 00:00:23.730000,0 days 00:00:31.235000,0 days 00:00:26.275000,0 days 01:54:29.677000,0 days 01:55:00.912000,0 days 01:55:27.187000,278.0,189.0,291.0,295.0,False,HARD,22.0,True,Red Bull Racing,0 days 01:54:05.943000,,1,2.0,,,False,True
0 days 01:56:48.271000,VER,33,0 days 00:01:21.088000,58.0,4.0,,,0 days 00:00:23.573000,0 days 00:00:31.235000,0 days 00:00:26.280000,0 days 01:55:50.760000,0 days 01:56:21.995000,0 days 01:56:48.275000,280.0,191.0,290.0,296.0,False,HARD,23.0,True,Red Bull Racing,0 days 01:55:27.183000,,1,2.0,,,False,True
0 days 01:58:09.450000,VER,33,0 days 00:01:21.179000,59.0,4.0,,,0 days 00:00:23.681000,0 days 00:00:31.293000,0 days 00:00:26.205000,0 days 01:57:11.956000,0 days 01:57:43.249000,0 days 01:58:09.454000,277.0,189.0,291.0,290.0,False,HARD,24.0,True,Red Bull Racing,0 days 01:56:48.271000,,1,2.0,,,False,True
0 days 01:59:30.602000,VER,33,0 days 00:01:21.152000,60.0,4.0,,,0 days 00:00:23.579000,0 days 00:00:31.294000,0 days 00:00:26.279000,0 days 01:58:33.033000,0 days 01:59:04.327000,0 days 01:59:30.606000,277.0,188.0,291.0,294.0,False,HARD,25.0,True,Red Bull Racing,0 days 01:58:09.450000,,1,2.0,,,False,True
0 days 02:00:51.592000,VER,33,0 days 00:01:20.990000,61.0,4.0,,,0 days 00:00:23.521000,0 days 00:00:31.311000,0 days 00:00:26.158000,0 days 01:59:54.127000,0 days 02:00:25.438000,0 days 02:00:51.596000,280.0,186.0,292.0,299.0,True,HARD,26.0,True,Red Bull Racing,0 days 01:59:30.602000,,1,2.0,,,False,True
0 days 02:02:12.287000,VER,33,0 days 00:01:20.695000,62.0,4.0,,,0 days 00:00:23.556000,0 days 00:00:31.064000,0 days 00:00:26.075000,0 days 02:01:15.152000,0 days 02:01:46.216000,0 days 02:02:12.291000,277.0,193.0,293.0,296.0,True,HARD,27.0,True,Red Bull Racing,0 days 02:00:51.592000,,1,2.0,,,False,True
0 days 02:03:33.524000,VER,33,0 days 00:01:21.237000,63.0,4.0,,,0 days 00:00:23.639000,0 days 00:00:31.301000,0 days 00:00:26.297000,0 days 02:02:35.930000,0 days 02:03:07.231000,0 days 02:03:33.528000,278.0,193.0,294.0,300.0,False,HARD,28.0,True,Red Bull Racing,0 days 02:02:12.287000,,1,2.0,,,False,True
0 days 02:04:58.795000,VER,33,0 days 00:01:25.271000,64.0,4.0,,0 days 02:04:55.846000,0 days 00:00:23.777000,0 days 00:00:31.391000,0 days 00:00:30.103000,0 days 02:03:57.305000,0 days 02:04:28.696000,0 days 02:04:58.799000,281.0,191.0,,301.0,False,HARD,29.0,True,Red Bull Racing,0 days 02:03:33.524000,,1,2.0,,,False,False
0 days 02:06:43.710000,VER,33,0 days 00:01:44.915000,65.0,5.0,0 days 02:05:22.174000,,0 days 00:00:45.623000,0 days 00:00:32.388000,0 days 00:00:26.904000,0 days 02:05:44.422000,0 days 02:06:16.810000,0 days 02:06:43.714000,277.0,189.0,290.0,301.0,False,SOFT,4.0,False,Red Bull Racing,0 days 02:04:58.795000,,1,2.0,,,False,False
0 days 02:08:03.559000,VER,33,0 days 00:01:19.849000,66.0,5.0,,,0 days 00:00:23.186000,0 days 00:00:30.658000,0 days 00:00:26.005000,0 days 02:07:06.900000,0 days 02:07:37.558000,0 days 02:08:03.563000,282.0,190.0,283.0,294.0,False,SOFT,5.0,False,Red Bull Racing,0 days 02:06:43.710000,,1,2.0,,,False,True
0 days 00:34:32.661000,NOR,4,0 days 00:01:29.671000,1.0,1.0,,,,0 days 00:00:34.174000,0 days 00:00:27.336000,,0 days 00:34:05.443000,0 days 00:34:32.861000,271.0,176.0,296.0,253.0,False,SOFT,5.0,False,McLaren,0 days 00:33:02.841000,,1,6.0,,,False,False
0 days 00:36:23.220000,NOR,4,0 days 00:01:50.559000,2.0,1.0,,0 days 00:36:20.265000,0 days 00:00:25.017000,0 days 00:00:46.200000,0 days 00:00:39.342000,0 days 00:34:57.687000,0 days 00:35:43.887000,0 days 00:36:23.229000,271.0,167.0,,295.0,False,SOFT,6.0,False,McLaren,0 days 00:34:32.661000,,14,6.0,,,False,False
0 days 00:38:43.941000,NOR,4,0 days 00:02:20.721000,3.0,2.0,0 days 00:36:42.516000,0 days 00:38:40.960000,0 days 00:00:51.255000,0 days 00:00:43.232000,0 days 00:00:46.234000,0 days 00:37:14.484000,0 days 00:37:57.716000,0 days 00:38:43.950000,203.0,91.0,,295.0,False,SOFT,7.0,False,McLaren,0 days 00:36:23.220000,,4,6.0,,,False,False
0 days 00:41:00.372000,NOR,4,0 days 00:02:16.431000,4.0,3.0,0 days 00:39:03.562000,,0 days 00:00:51.844000,0 days 00:00:42.787000,0 days 00:00:41.800000,0 days 00:39:35.794000,0 days 00:40:18.581000,0 days 00:41:00.381000,146.0,94.0,226.0,295.0,False,SOFT,8.0,False,McLaren,0 days 00:38:43.941000,,4,6.0,,,False,False
0 days 00:42:59.417000,NOR,4,0 days 00:01:59.045000,5.0,3.0,,,0 days 00:00:34.797000,0 days 00:00:44.178000,0 days 00:00:40.070000,0 days 00:41:35.178000,0 days 00:42:19.356000,0 days 00:42:59.426000,137.0,115.0,265.0,267.0,True,SOFT,9.0,False,McLaren,0 days 00:41:00.372000,,4,6.0,,,False,False
0 days 00:45:06.110000,NOR,4,0 days 00:02:06.693000,6.0,3.0,,,0 days 00:00:35.891000,0 days 00:00:44.371000,0 days 00:00:46.431000,0 days 00:43:35.317000,0 days 00:44:19.688000,0 days 00:45:06.119000,124.0,119.0,251.0,245.0,False,SOFT,10.0,False,McLaren,0 days 00:42:59.417000,,41,6.0,,,False,False
0 days 00:46:31.982000,NOR,4,0 days 00:01:25.872000,7.0,3.0,,,0 days 00:00:26.089000,0 days 00:00:32.706000,0 days 00:00:27.077000,0 days 00:45:32.208000,0 days 00:46:04.914000,0 days 00:46:31.991000,275.0,182.0,285.0,305.0,True,SOFT,11.0,False,McLaren,0 days 00:45:06.110000,,1,4.0,,,False,True
0 days 00:47:55.602000,NOR,4,0 days 00:01:23.620000,8.0,3.0,,,0 days 00:00:24.328000,0 days 00:00:32.179000,0 days 00:00:27.113000,0 days 00:46:56.319000,0 days 00:47:28.498000,0 days 00:47:55.611000,271.0,185.0,287.0,295.0,True,SOFT,12.0,False,McLaren,0 days 00:46:31.982000,,1,4.0,,,False,True
0 days 00:49:19.551000,NOR,4,0 days 00:01:23.949000,9.0,3.0,,,0 days 00:00:24.560000,0 days 00:00:32.305000,0 days 00:00:27.084000,0 days 00:48:20.171000,0 days 00:48:52.476000,0 days 00:49:19.560000,271.0,179.0,289.0,290.0,False,SOFT,13.0,False,McLaren,0 days 00:47:55.602000,,1,4.0,,,False,True
0 days 00:50:43.397000,NOR,4,0 days 00:01:23.846000,10.0,3.0,,,0 days 00:00:24.508000,0 days 00:00:32.256000,0 days 00:00:27.082000,0 days 00:49:44.068000,0 days 00:50:16.324000,0 days 00:50:43.406000,270.0,181.0,288.0,285.0,False,SOFT,14.0,False,McLaren,0 days 00:49:19.551000,,1,4.0,,,False,True
0 days 00:52:07.212000,NOR,4,0 days 00:01:23.815000,11.0,3.0,,,0 days 00:00:24.514000,0 days 00:00:32.265000,0 days 00:00:27.036000,0 days 00:51:07.920000,0 days 00:51:40.185000,0 days 00:52:07.221000,269.0,184.0,287.0,279.0,False,SOFT,15.0,False,McLaren,0 days 00:50:43.397000,,1,4.0,,,False,True
0 days 00:53:30.532000,NOR,4,0 days 00:01:23.320000,12.0,3.0,,,0 days 00:00:24.369000,0 days 00:00:31.979000,0 days 00:00:26.972000,0 days 00:52:31.590000,0 days 00:53:03.569000,0 days 00:53:30.541000,270.0,181.0,288.0,288.0,True,SOFT,16.0,False,McLaren,0 days 00:52:07.212000,,1,4.0,,,False,True
0 days 00:54:53.951000,NOR,4,0 days 00:01:23.419000,13.0,3.0,,,0 days 00:00:24.405000,0 days 00:00:31.950000,0 days 00:00:27.064000,0 days 00:53:54.946000,0 days 00:54:26.896000,0 days 00:54:53.960000,269.0,182.0,287.0,280.0,False,SOFT,17.0,False,McLaren,0 days 00:53:30.532000,,1,4.0,,,False,True
0 days 00:56:17.952000,NOR,4,0 days 00:01:24.001000,14.0,3.0,,,0 days 00:00:24.585000,0 days 00:00:32.014000,0 days 00:00:27.402000,0 days 00:55:18.545000,0 days 00:55:50.559000,0 days 00:56:17.961000,267.0,180.0,288.0,279.0,False,SOFT,18.0,False,McLaren,0 days 00:54:53.951000,,1,4.0,,,False,True
0 days 00:57:43.910000,NOR,4,0 days 00:01:25.958000,15.0,3.0,,,0 days 00:00:25.873000,0 days 00:00:32.781000,0 days 00:00:27.304000,0 days 00:56:43.834000,0 days 00:57:16.615000,0 days 00:57:43.919000,280.0,181.0,292.0,280.0,False,SOFT,19.0,False,McLaren,0 days 00:56:17.952000,,1,5.0,,,False,True
0 days 00:59:07.642000,NOR,4,0 days 00:01:23.732000,16.0,3.0,,,0 days 00:00:24.326000,0 days 00:00:32.235000,0 days 00:00:27.171000,0 days 00:58:08.245000,0 days 00:58:40.480000,0 days 00:59:07.651000,277.0,178.0,289.0,289.0,False,SOFT,20.0,False,McLaren,0 days 00:57:43.910000,,1,5.0,,,False,True
0 days 01:00:31.413000,NOR,4,0 days 00:01:23.771000,17.0,3.0,,,0 days 00:00:24.298000,0 days 00:00:32.363000,0 days 00:00:27.110000,0 days 00:59:31.949000,0 days 01:00:04.312000,0 days 01:00:31.422000,270.0,175.0,287.0,288.0,False,SOFT,21.0,False,McLaren,0 days 00:59:07.642000,,1,5.0,,,False,True
0 days 01:01:55.049000,NOR,4,0 days 00:01:23.636000,18.0,3.0,,,0 days 00:00:24.268000,0 days 00:00:32.193000,0 days 00:00:27.175000,0 days 01:00:55.690000,0 days 01:01:27.883000,0 days 01:01:55.058000,272.0,185.0,287.0,280.0,False,SOFT,22.0,False,McLaren,0 days 01:00:31.413000,,1,5.0,,,False,True
0 days 01:03:18.679000,NOR,4,0 days 00:01:23.630000,19.0,3.0,,,0 days 00:00:24.369000,0 days 00:00:32.133000,0 days 00:00:27.128000,0 days 01:02:19.427000,0 days 01:02:51.560000,0 days 01:03:18.688000,276.0,180.0,288.0,282.0,False,SOFT,23.0,False,McLaren,0 days 01:01:55.049000,,1,5.0,,,False,True
0 days 01:04:42.161000,NOR,4,0 days 00:01:23.482000,20.0,3.0,,,0 days 00:00:24.108000,0 days 00:00:32.091000,0 days 00:00:27.283000,0 days 01:03:42.796000,0 days 01:04:14.887000,0 days 01:04:42.170000,271.0,178.0,288.0,281.0,False,SOFT,24.0,False,McLaren,0 days 01:03:18.679000,,1,5.0,,,False,True
0 days 01:06:05.995000,NOR,4,0 days 00:01:23.834000,21.0,3.0,,,0 days 00:00:24.331000,0 days 00:00:32.267000,0 days 00:00:27.236000,0 days 01:05:06.501000,0 days 01:05:38.768000,0 days 01:06:06.004000,272.0,172.0,286.0,279.0,False,SOFT,25.0,False,McLaren,0 days 01:04:42.161000,,1,5.0,,,False,True
0 days 01:07:32.868000,NOR,4,0 days 00:01:26.873000,22.0,3.0,,0 days 01:07:29.920000,0 days 00:00:24.483000,0 days 00:00:31.974000,0 days 00:00:30.416000,0 days 01:06:30.487000,0 days 01:07:02.461000,0 days 01:07:32.877000,269.0,185.0,,280.0,False,SOFT,26.0,False,McLaren,0 days 01:06:05.995000,,1,5.0,,,False,False
0 days 01:09:18.403000,NOR,4,0 days 00:01:45.535000,23.0,4.0,0 days 01:07:56.862000,,0 days 00:00:46.470000,0 days 00:00:32.256000,0 days 00:00:26.809000,0 days 01:08:19.347000,0 days 01:08:51.603000,0 days 01:09:18.412000,273.0,189.0,286.0,280.0,False,MEDIUM,1.0,True,McLaren,0 days 01:07:32.868000,,1,10.0,,,False,False
0 days 01:10:41.490000,NOR,4,0 days 00:01:23.087000,24.0,4.0,,,0 days 00:00:24.241000,0 days 00:00:31.959000,0 days 00:00:26.887000,0 days 01:09:42.653000,0 days 01:10:14.612000,0 days 01:10:41.499000,265.0,190.0,286.0,288.0,True,MEDIUM,2.0,True,McLaren,0 days 01:09:18.403000,,1,10.0,,,False,True
0 days 01:12:04.922000,NOR,4,0 days 00:01:23.432000,25.0,4.0,,,0 days 00:00:24.692000,0 days 00:00:31.890000,0 days 00:00:26.850000,0 days 01:11:06.191000,0 days 01:11:38.081000,0 days 01:12:04.931000,277.0,183.0,286.0,273.0,False,MEDIUM,3.0,True,McLaren,0 days 01:10:41.490000,,1,9.0,,,False,True
0 days 01:13:28.144000,NOR,4,0 days 00:01:23.222000,26.0,4.0,,,0 days 00:00:24.557000,0 days 00:00:32.042000,0 days 00:00:26.623000,0 days 01:12:29.488000,0 days 01:13:01.530000,0 days 01:13:28.153000,270.0,188.0,288.0,277.0,False,MEDIUM,4.0,True,McLaren,0 days 01:12:04.922000,,1,8.0,,,False,True
0 days 01:14:51.442000,NOR,4,0 days 00:01:23.298000,27.0,4.0,,,0 days 00:00:24.378000,0 days 00:00:32.186000,0 days 00:00:26.734000,0 days 01:13:52.531000,0 days 01:14:24.717000,0 days 01:14:51.451000,271.0,189.0,288.0,278.0,False,MEDIUM,5.0,True,McLaren,0 days 01:13:28.144000,,1,8.0,,,False,True
0 days 01:16:14.650000,NOR,4,0 days 00:01:23.208000,28.0,4.0,,,0 days 00:00:24.570000,0 days 00:00:31.951000,0 days 00:00:26.687000,0 days 01:15:16.021000,0 days 01:15:47.972000,0 days 01:16:14.659000,271.0,187.0,287.0,279.0,False,MEDIUM,6.0,True,McLaren,0 days 01:14:51.442000,,1,8.0,,,False,True
0 days 01:17:38.008000,NOR,4,0 days 00:01:23.358000,29.0,4.0,,,0 days 00:00:24.520000,0 days 00:00:32.178000,0 days 00:00:26.660000,0 days 01:16:39.179000,0 days 01:17:11.357000,0 days 01:17:38.017000,272.0,186.0,288.0,281.0,False,MEDIUM,7.0,True,McLaren,0 days 01:16:14.650000,,1,8.0,,,False,True
0 days 01:19:01.099000,NOR,4,0 days 00:01:23.091000,30.0,4.0,,,0 days 00:00:24.429000,0 days 00:00:32.021000,0 days 00:00:26.641000,0 days 01:18:02.446000,0 days 01:18:34.467000,0 days 01:19:01.108000,273.0,184.0,287.0,280.0,False,MEDIUM,8.0,True,McLaren,0 days 01:17:38.008000,,1,8.0,,,False,True
0 days 01:20:24.338000,NOR,4,0 days 00:01:23.239000,31.0,4.0,,,0 days 00:00:24.442000,0 days 00:00:32.060000,0 days 00:00:26.737000,0 days 01:19:25.550000,0 days 01:19:57.610000,0 days 01:20:24.347000,278.0,181.0,287.0,279.0,False,MEDIUM,9.0,True,McLaren,0 days 01:19:01.099000,,1,8.0,,,False,True
0 days 01:21:47.422000,NOR,4,0 days 00:01:23.084000,32.0,4.0,,,0 days 00:00:24.501000,0 days 00:00:31.909000,0 days 00:00:26.674000,0 days 01:20:48.848000,0 days 01:21:20.757000,0 days 01:21:47.431000,272.0,187.0,288.0,276.0,True,MEDIUM,10.0,True,McLaren,0 days 01:20:24.338000,,1,8.0,,,False,True
0 days 01:23:10.471000,NOR,4,0 days 00:01:23.049000,33.0,4.0,,,0 days 00:00:24.297000,0 days 00:00:31.946000,0 days 00:00:26.806000,0 days 01:22:11.728000,0 days 01:22:43.674000,0 days 01:23:10.480000,269.0,182.0,288.0,283.0,True,MEDIUM,11.0,True,McLaren,0 days 01:21:47.422000,,1,8.0,,,False,True
0 days 01:24:33.258000,NOR,4,0 days 00:01:22.787000,34.0,4.0,,,0 days 00:00:24.359000,0 days 00:00:31.728000,0 days 00:00:26.700000,0 days 01:23:34.839000,0 days 01:24:06.567000,0 days 01:24:33.267000,271.0,186.0,289.0,282.0,True,MEDIUM,12.0,True,McLaren,0 days 01:23:10.471000,,1,8.0,,,False,True
0 days 01:25:56.216000,NOR,4,0 days 00:01:22.958000,35.0,4.0,,,0 days 00:00:24.314000,0 days 00:00:31.872000,0 days 00:00:26.772000,0 days 01:24:57.581000,0 days 01:25:29.453000,0 days 01:25:56.225000,272.0,185.0,286.0,278.0,False,MEDIUM,13.0,True,McLaren,0 days 01:24:33.258000,,1,8.0,,,False,True
0 days 01:27:19.236000,NOR,4,0 days 00:01:23.020000,36.0,4.0,,,0 days 00:00:24.307000,0 days 00:00:31.948000,0 days 00:00:26.765000,0 days 01:26:20.532000,0 days 01:26:52.480000,0 days 01:27:19.245000,273.0,175.0,288.0,278.0,False,MEDIUM,14.0,True,McLaren,0 days 01:25:56.216000,,1,8.0,,,False,True
0 days 01:28:41.915000,NOR,4,0 days 00:01:22.679000,37.0,4.0,,,0 days 00:00:24.165000,0 days 00:00:31.839000,0 days 00:00:26.675000,0 days 01:27:43.410000,0 days 01:28:15.249000,0 days 01:28:41.924000,272.0,185.0,290.0,283.0,True,MEDIUM,15.0,True,McLaren,0 days 01:27:19.236000,,1,8.0,,,False,True
0 days 01:30:04.560000,NOR,4,0 days 00:01:22.645000,38.0,4.0,,,0 days 00:00:24.220000,0 days 00:00:31.684000,0 days 00:00:26.741000,0 days 01:29:06.144000,0 days 01:29:37.828000,0 days 01:30:04.569000,272.0,187.0,289.0,281.0,True,MEDIUM,16.0,True,McLaren,0 days 01:28:41.915000,,1,8.0,,,False,True
0 days 01:31:27.500000,NOR,4,0 days 00:01:22.940000,39.0,4.0,,,0 days 00:00:24.316000,0 days 00:00:31.612000,0 days 00:00:27.012000,0 days 01:30:28.885000,0 days 01:31:00.497000,0 days 01:31:27.509000,278.0,182.0,290.0,277.0,False,MEDIUM,17.0,True,McLaren,0 days 01:30:04.560000,,1,8.0,,,False,True
0 days 01:32:50.060000,NOR,4,0 days 00:01:22.560000,40.0,4.0,,,0 days 00:00:24.120000,0 days 00:00:31.557000,0 days 00:00:26.883000,0 days 01:31:51.629000,0 days 01:32:23.186000,0 days 01:32:50.069000,280.0,185.0,288.0,278.0,True,MEDIUM,18.0,True,McLaren,0 days 01:31:27.500000,,1,7.0,,,False,True
0 days 01:34:12.863000,NOR,4,0 days 00:01:22.803000,41.0,4.0,,,0 days 00:00:24.307000,0 days 00:00:31.692000,0 days 00:00:26.804000,0 days 01:33:14.376000,0 days 01:33:46.068000,0 days 01:34:12.872000,276.0,187.0,287.0,274.0,False,MEDIUM,19.0,True,McLaren,0 days 01:32:50.060000,,1,6.0,,,False,True
0 days 01:35:35.717000,NOR,4,0 days 00:01:22.854000,42.0,4.0,,,0 days 00:00:24.345000,0 days 00:00:31.628000,0 days 00:00:26.881000,0 days 01:34:37.217000,0 days 01:35:08.845000,0 days 01:35:35.726000,270.0,185.0,296.0,274.0,False,MEDIUM,20.0,True,McLaren,0 days 01:34:12.863000,,1,5.0,,,False,True
0 days 01:36:57.648000,NOR,4,0 days 00:01:21.931000,43.0,4.0,,,0 days 00:00:23.585000,0 days 00:00:31.528000,0 days 00:00:26.818000,0 days 01:35:59.311000,0 days 01:36:30.839000,0 days 01:36:57.657000,279.0,186.0,286.0,305.0,True,MEDIUM,21.0,True,McLaren,0 days 01:35:35.717000,,1,5.0,,,False,True
0 days 01:38:20.242000,NOR,4,0 days 00:01:22.594000,44.0,4.0,,,0 days 00:00:24.189000,0 days 00:00:31.596000,0 days 00:00:26.809000,0 days 01:37:21.846000,0 days 01:37:53.442000,0 days 01:38:20.251000,279.0,179.0,286.0,274.0,False,MEDIUM,22.0,True,McLaren,0 days 01:36:57.648000,,1,5.0,,,False,True
0 days 01:39:42.861000,NOR,4,0 days 00:01:22.619000,45.0,4.0,,,0 days 00:00:24.242000,0 days 00:00:31.755000,0 days 00:00:26.622000,0 days 01:38:44.493000,0 days 01:39:16.248000,0 days 01:39:42.870000,280.0,186.0,288.0,276.0,False,MEDIUM,23.0,True,McLaren,0 days 01:38:20.242000,,1,5.0,,,False,True
0 days 01:41:05.251000,NOR,4,0 days 00:01:22.390000,46.0,4.0,,,0 days 00:00:24.122000,0 days 00:00:31.670000,0 days 00:00:26.598000,0 days 01:40:06.992000,0 days 01:40:38.662000,0 days 01:41:05.260000,280.0,188.0,284.0,272.0,False,MEDIUM,24.0,True,McLaren,0 days 01:39:42.861000,,1,5.0,,,False,True
0 days 01:42:27.468000,NOR,4,0 days 00:01:22.217000,47.0,4.0,,,0 days 00:00:24.145000,0 days 00:00:31.497000,0 days 00:00:26.575000,0 days 01:41:29.405000,0 days 01:42:00.902000,0 days 01:42:27.477000,276.0,188.0,287.0,273.0,False,MEDIUM,25.0,True,McLaren,0 days 01:41:05.251000,,1,5.0,,,False,True
0 days 01:43:49.549000,NOR,4,0 days 00:01:22.081000,48.0,4.0,,,0 days 00:00:23.952000,0 days 00:00:31.472000,0 days 00:00:26.657000,0 days 01:42:51.429000,0 days 01:43:22.901000,0 days 01:43:49.558000,278.0,183.0,288.0,276.0,False,MEDIUM,26.0,True,McLaren,0 days 01:42:27.468000,,1,5.0,,,False,True
0 days 01:45:11.612000,NOR,4,0 days 00:01:22.063000,49.0,4.0,,,0 days 00:00:23.970000,0 days 00:00:31.413000,0 days 00:00:26.680000,0 days 01:44:13.528000,0 days 01:44:44.941000,0 days 01:45:11.621000,281.0,182.0,289.0,277.0,False,MEDIUM,27.0,True,McLaren,0 days 01:43:49.549000,,1,5.0,,,False,True
0 days 01:46:34.171000,NOR,4,0 days 00:01:22.559000,50.0,4.0,,,0 days 00:00:24.076000,0 days 00:00:31.644000,0 days 00:00:26.839000,0 days 01:45:35.697000,0 days 01:46:07.341000,0 days 01:46:34.180000,280.0,182.0,290.0,274.0,False,MEDIUM,28.0,True,McLaren,0 days 01:45:11.612000,,1,5.0,,,False,True
0 days 01:47:56.346000,NOR,4,0 days 00:01:22.175000,51.0,4.0,,,0 days 00:00:24.016000,0 days 00:00:31.407000,0 days 00:00:26.752000,0 days 01:46:58.196000,0 days 01:47:29.603000,0 days 01:47:56.355000,278.0,184.0,291.0,276.0,False,MEDIUM,29.0,True,McLaren,0 days 01:46:34.171000,,1,5.0,,,False,True
0 days 01:49:18.188000,NOR,4,0 days 00:01:21.842000,52.0,4.0,,,0 days 00:00:23.981000,0 days 00:00:31.402000,0 days 00:00:26.459000,0 days 01:48:20.336000,0 days 01:48:51.738000,0 days 01:49:18.197000,282.0,189.0,289.0,281.0,True,MEDIUM,30.0,True,McLaren,0 days 01:47:56.346000,,1,5.0,,,False,True
0 days 01:50:40.189000,NOR,4,0 days 00:01:22.001000,53.0,4.0,,,0 days 00:00:23.965000,0 days 00:00:31.441000,0 days 00:00:26.595000,0 days 01:49:42.162000,0 days 01:50:13.603000,0 days 01:50:40.198000,277.0,186.0,289.0,275.0,False,MEDIUM,31.0,True,McLaren,0 days 01:49:18.188000,,1,5.0,,,False,True
0 days 01:52:02.585000,NOR,4,0 days 00:01:22.396000,54.0,4.0,,,0 days 00:00:24.222000,0 days 00:00:31.482000,0 days 00:00:26.692000,0 days 01:51:04.420000,0 days 01:51:35.902000,0 days 01:52:02.594000,270.0,182.0,289.0,273.0,False,MEDIUM,32.0,True,McLaren,0 days 01:50:40.189000,,1,5.0,,,False,True
0 days 01:53:24.281000,NOR,4,0 days 00:01:21.696000,55.0,4.0,,,0 days 00:00:23.941000,0 days 00:00:31.235000,0 days 00:00:26.520000,0 days 01:52:26.535000,0 days 01:52:57.770000,0 days 01:53:24.290000,280.0,189.0,290.0,275.0,True,MEDIUM,33.0,True,McLaren,0 days 01:52:02.585000,,1,5.0,,,False,True
0 days 01:54:46.008000,NOR,4,0 days 00:01:21.727000,56.0,4.0,,,0 days 00:00:23.789000,0 days 00:00:31.353000,0 days 00:00:26.585000,0 days 01:53:48.079000,0 days 01:54:19.432000,0 days 01:54:46.017000,280.0,192.0,289.0,283.0,False,MEDIUM,34.0,True,McLaren,0 days 01:53:24.281000,,1,5.0,,,False,True
0 days 01:56:08.156000,NOR,4,0 days 00:01:22.148000,57.0,4.0,,,0 days 00:00:24.082000,0 days 00:00:31.551000,0 days 00:00:26.515000,0 days 01:55:10.099000,0 days 01:55:41.650000,0 days 01:56:08.165000,274.0,184.0,292.0,273.0,False,MEDIUM,35.0,True,McLaren,0 days 01:54:46.008000,,1,5.0,,,False,True
0 days 01:57:30.096000,NOR,4,0 days 00:01:21.940000,58.0,4.0,,,0 days 00:00:23.820000,0 days 00:00:31.440000,0 days 00:00:26.680000,0 days 01:56:31.985000,0 days 01:57:03.425000,0 days 01:57:30.105000,274.0,186.0,288.0,284.0,False,MEDIUM,36.0,True,McLaren,0 days 01:56:08.156000,,1,5.0,,,False,True
0 days 01:58:51.930000,NOR,4,0 days 00:01:21.834000,59.0,4.0,,,0 days 00:00:24.012000,0 days 00:00:31.302000,0 days 00:00:26.520000,0 days 01:57:54.117000,0 days 01:58:25.419000,0 days 01:58:51.939000,275.0,187.0,287.0,274.0,False,MEDIUM,37.0,True,McLaren,0 days 01:57:30.096000,,1,5.0,,,False,True
0 days 02:00:13.996000,NOR,4,0 days 00:01:22.066000,60.0,4.0,,,0 days 00:00:24.090000,0 days 00:00:31.475000,0 days 00:00:26.501000,0 days 01:59:16.029000,0 days 01:59:47.504000,0 days 02:00:14.005000,272.0,190.0,289.0,273.0,False,MEDIUM,38.0,True,McLaren,0 days 01:58:51.930000,,1,5.0,,,False,True
0 days 02:01:36.150000,NOR,4,0 days 00:01:22.154000,61.0,4.0,,,0 days 00:00:24.064000,0 days 00:00:31.459000,0 days 00:00:26.631000,0 days 02:00:38.069000,0 days 02:01:09.528000,0 days 02:01:36.159000,278.0,183.0,287.0,274.0,False,MEDIUM,39.0,True,McLaren,0 days 02:00:13.996000,,1,5.0,,,False,True
0 days 02:02:57.967000,NOR,4,0 days 00:01:21.817000,62.0,4.0,,,0 days 00:00:23.884000,0 days 00:00:31.314000,0 days 00:00:26.619000,0 days 02:02:00.043000,0 days 02:02:31.357000,0 days 02:02:57.976000,274.0,187.0,288.0,270.0,False,MEDIUM,40.0,True,McLaren,0 days 02:01:36.150000,,1,5.0,,,False,True
0 days 02:04:19.714000,NOR,4,0 days 00:01:21.747000,63.0,4.0,,,0 days 00:00:24.056000,0 days 00:00:31.255000,0 days 00:00:26.436000,0 days 02:03:22.032000,0 days 02:03:53.287000,0 days 02:04:19.723000,274.0,191.0,284.0,268.0,False,MEDIUM,41.0,True,McLaren,0 days 02:02:57.967000,,1,5.0,,,False,True
0 days 02:05:41.760000,NOR,4,0 days 00:01:22.046000,64.0,4.0,,,0 days 00:00:24.030000,0 days 00:00:31.340000,0 days 00:00:26.676000,0 days 02:04:43.753000,0 days 02:05:15.093000,0 days 02:05:41.769000,276.0,184.0,285.0,268.0,False,MEDIUM,42.0,True,McLaren,0 days 02:04:19.714000,,1,5.0,,,False,True
0 days 02:07:03.477000,NOR,4,0 days 00:01:21.717000,65.0,4.0,,,0 days 00:00:23.682000,0 days 00:00:31.368000,0 days 00:00:26.667000,0 days 02:06:05.451000,0 days 02:06:36.819000,0 days 02:07:03.486000,277.0,188.0,287.0,285.0,False,MEDIUM,43.0,True,McLaren,0 days 02:05:41.760000,,1,5.0,,,False,True
0 days 02:08:25.780000,NOR,4,0 days 00:01:22.303000,66.0,4.0,,,0 days 00:00:23.960000,0 days 00:00:31.667000,0 days 00:00:26.676000,0 days 02:07:27.446000,0 days 02:07:59.113000,0 days 02:08:25.789000,271.0,184.0,287.0,285.0,False,MEDIUM,44.0,True,McLaren,0 days 02:07:03.477000,,1,5.0,,,False,True
0 days 00:34:28.796000,HAM,44,0 days 00:01:25.806000,1.0,1.0,,,,0 days 00:00:32.547000,0 days 00:00:26.867000,,0 days 00:34:01.999000,0 days 00:34:28.993000,272.0,163.0,292.0,237.0,False,MEDIUM,5.0,False,Mercedes,0 days 00:33:02.841000,,1,2.0,,,False,False
0 days 00:36:17.003000,HAM,44,0 days 00:01:48.207000,2.0,1.0,,0 days 00:36:13.985000,0 days 00:00:24.817000,0 days 00:00:42.433000,0 days 00:00:40.957000,0 days 00:34:53.628000,0 days 00:35:36.061000,0 days 00:36:17.018000,273.0,151.0,,282.0,False,MEDIUM,6.0,False,Mercedes,0 days 00:34:28.796000,,14,2.0,,,False,False
0 days 00:38:39.627000,HAM,44,0 days 00:02:22.624000,3.0,2.0,0 days 00:36:36.400000,0 days 00:38:36.661000,0 days 00:00:51.248000,0 days 00:00:45.116000,0 days 00:00:46.260000,0 days 00:37:08.266000,0 days 00:37:53.382000,0 days 00:38:39.642000,231.0,104.0,,282.0,False,MEDIUM,7.0,False,Mercedes,0 days 00:36:17.003000,,4,2.0,,,False,False
0 days 00:40:54.852000,HAM,44,0 days 00:02:15.225000,4.0,3.0,0 days 00:38:58.790000,,0 days 00:00:49.652000,0 days 00:00:44.450000,0 days 00:00:41.123000,0 days 00:39:29.294000,0 days 00:40:13.744000,0 days 00:40:54.867000,217.0,169.0,232.0,282.0,False,MEDIUM,8.0,False,Mercedes,0 days 00:38:39.627000,,4,2.0,,,False,False
0 days 00:42:55.562000,HAM,44,0 days 00:02:00.710000,5.0,3.0,,,0 days 00:00:35.643000,0 days 00:00:44.523000,0 days 00:00:40.544000,0 days 00:41:30.510000,0 days 00:42:15.033000,0 days 00:42:55.577000,195.0,144.0,205.0,145.0,True,MEDIUM,9.0,False,Mercedes,0 days 00:40:54.852000,,4,2.0,,,False,False
0 days 00:45:05.059000,HAM,44,0 days 00:02:09.497000,6.0,3.0,,,0 days 00:00:35.041000,0 days 00:00:45.188000,0 days 00:00:49.268000,0 days 00:43:30.618000,0 days 00:44:15.806000,0 days 00:45:05.074000,212.0,118.0,235.0,195.0,False,MEDIUM,10.0,False,Mercedes,0 days 00:42:55.562000,,41,2.0,,,False,False
0 days 00:46:29.809000,HAM,44,0 days 00:01:24.750000,7.0,3.0,,,0 days 00:00:25.917000,0 days 00:00:32.162000,0 days 00:00:26.671000,0 days 00:45:30.991000,0 days 00:46:03.153000,0 days 00:46:29.824000,274.0,179.0,295.0,287.0,True,MEDIUM,11.0,False,Mercedes,0 days 00:45:05.059000,,1,3.0,,,False,True
0 days 00:47:52.842000,HAM,44,0 days 00:01:23.033000,8.0,3.0,,,0 days 00:00:24.349000,0 days 00:00:32.054000,0 days 00:00:26.630000,0 days 00:46:54.173000,0 days 00:47:26.227000,0 days 00:47:52.857000,278.0,171.0,299.0,310.0,True,MEDIUM,12.0,False,Mercedes,0 days 00:46:29.809000,,1,3.0,,,False,True
0 days 00:49:16.393000,HAM,44,0 days 00:01:23.551000,9.0,3.0,,,0 days 00:00:24.302000,0 days 00:00:32.565000,0 days 00:00:26.684000,0 days 00:48:17.159000,0 days 00:48:49.724000,0 days 00:49:16.408000,280.0,180.0,299.0,304.0,False,MEDIUM,13.0,False,Mercedes,0 days 00:47:52.842000,,1,3.0,,,False,True
0 days 00:50:39.437000,HAM,44,0 days 00:01:23.044000,10.0,3.0,,,0 days 00:00:24.090000,0 days 00:00:32.232000,0 days 00:00:26.722000,0 days 00:49:40.498000,0 days 00:50:12.730000,0 days 00:50:39.452000,282.0,180.0,304.0,302.0,False,MEDIUM,14.0,False,Mercedes,0 days 00:49:16.393000,,1,3.0,,,False,True
0 days 00:52:02.588000,HAM,44,0 days 00:01:23.151000,11.0,3.0,,,0 days 00:00:24.605000,0 days 00:00:31.994000,0 days 00:00:26.552000,0 days 00:51:04.057000,0 days 00:51:36.051000,0 days 00:52:02.603000,263.0,171.0,294.0,311.0,False,MEDIUM,15.0,False,Mercedes,0 days 00:50:39.437000,,1,2.0,,,False,True
0 days 00:53:24.871000,HAM,44,0 days 00:01:22.283000,12.0,3.0,,,0 days 00:00:23.967000,0 days 00:00:31.820000,0 days 00:00:26.496000,0 days 00:52:26.570000,0 days 00:52:58.390000,0 days 00:53:24.886000,277.0,184.0,299.0,306.0,True,MEDIUM,16.0,False,Mercedes,0 days 00:52:02.588000,,1,2.0,,,False,True
0 days 00:54:47.947000,HAM,44,0 days 00:01:23.076000,13.0,3.0,,,0 days 00:00:24.189000,0 days 00:00:32.134000,0 days 00:00:26.753000,0 days 00:53:49.075000,0 days 00:54:21.209000,0 days 00:54:47.962000,279.0,185.0,296.0,319.0,False,MEDIUM,17.0,False,Mercedes,0 days 00:53:24.871000,,1,2.0,,,False,True
0 days 00:56:10.565000,HAM,44,0 days 00:01:22.618000,14.0,3.0,,,0 days 00:00:23.981000,0 days 00:00:31.856000,0 days 00:00:26.781000,0 days 00:55:11.943000,0 days 00:55:43.799000,0 days 00:56:10.580000,277.0,185.0,298.0,316.0,False,MEDIUM,18.0,False,Mercedes,0 days 00:54:47.947000,,1,2.0,,,False,True
0 days 00:57:33.488000,HAM,44,0 days 00:01:22.923000,15.0,3.0,,,0 days 00:00:24.041000,0 days 00:00:32.061000,0 days 00:00:26.821000,0 days 00:56:34.621000,0 days 00:57:06.682000,0 days 00:57:33.503000,280.0,181.0,298.0,321.0,False,MEDIUM,19.0,False,Mercedes,0 days 00:56:10.565000,,1,2.0,,,False,True
0 days 00:58:56.144000,HAM,44,0 days 00:01:22.656000,16.0,3.0,,,0 days 00:00:23.885000,0 days 00:00:32.114000,0 days 00:00:26.657000,0 days 00:57:57.388000,0 days 00:58:29.502000,0 days 00:58:56.159000,281.0,182.0,296.0,321.0,False,MEDIUM,20.0,False,Mercedes,0 days 00:57:33.488000,,1,2.0,,,False,True
0 days 01:00:19.261000,HAM,44,0 days 00:01:23.117000,17.0,3.0,,,0 days 00:00:23.868000,0 days 00:00:32.160000,0 days 00:00:27.089000,0 days 00:59:20.027000,0 days 00:59:52.187000,0 days 01:00:19.276000,283.0,182.0,294.0,313.0,False,MEDIUM,21.0,False,Mercedes,0 days 00:58:56.144000,,1,2.0,,,False,True
0 days 01:01:41.983000,HAM,44,0 days 00:01:22.722000,18.0,3.0,,,0 days 00:00:24.163000,0 days 00:00:31.813000,0 days 00:00:26.746000,0 days 01:00:43.439000,0 days 01:01:15.252000,0 days 01:01:41.998000,277.0,181.0,297.0,296.0,False,MEDIUM,22.0,False,Mercedes,0 days 01:00:19.261000,,1,2.0,,,False,True
0 days 01:03:04.713000,HAM,44,0 days 00:01:22.730000,19.0,3.0,,,0 days 00:00:23.976000,0 days 00:00:31.998000,0 days 00:00:26.756000,0 days 01:02:05.974000,0 days 01:02:37.972000,0 days 01:03:04.728000,283.0,178.0,300.0,315.0,False,MEDIUM,23.0,False,Mercedes,0 days 01:01:41.983000,,1,2.0,,,False,True
0 days 01:04:27.832000,HAM,44,0 days 00:01:23.119000,20.0,3.0,,,0 days 00:00:24.131000,0 days 00:00:31.922000,0 days 00:00:27.066000,0 days 01:03:28.859000,0 days 01:04:00.781000,0 days 01:04:27.847000,267.0,178.0,290.0,324.0,False,MEDIUM,24.0,False,Mercedes,0 days 01:03:04.713000,,1,1.0,,,False,True
0 days 01:05:50.844000,HAM,44,0 days 00:01:23.012000,21.0,3.0,,,0 days 00:00:24.350000,0 days 00:00:31.956000,0 days 00:00:26.706000,0 days 01:04:52.197000,0 days 01:05:24.153000,0 days 01:05:50.859000,271.0,184.0,288.0,279.0,False,MEDIUM,25.0,False,Mercedes,0 days 01:04:27.832000,,1,1.0,,,False,True
0 days 01:07:13.465000,HAM,44,0 days 00:01:22.621000,22.0,3.0,,,0 days 00:00:24.146000,0 days 00:00:31.924000,0 days 00:00:26.551000,0 days 01:06:15.005000,0 days 01:06:46.929000,0 days 01:07:13.480000,272.0,184.0,291.0,287.0,False,MEDIUM,26.0,False,Mercedes,0 days 01:05:50.844000,,1,1.0,,,False,True
0 days 01:08:35.865000,HAM,44,0 days 00:01:22.400000,23.0,3.0,,,0 days 00:00:23.979000,0 days 00:00:31.712000,0 days 00:00:26.709000,0 days 01:07:37.459000,0 days 01:08:09.171000,0 days 01:08:35.880000,270.0,185.0,290.0,289.0,False,MEDIUM,27.0,False,Mercedes,0 days 01:07:13.465000,,1,1.0,,,False,True
0 days 01:09:58.352000,HAM,44,0 days 00:01:22.487000,24.0,3.0,,,0 days 00:00:24.182000,0 days 00:00:31.700000,0 days 00:00:26.605000,0 days 01:09:00.062000,0 days 01:09:31.762000,0 days 01:09:58.367000,269.0,187.0,291.0,286.0,False,MEDIUM,28.0,False,Mercedes,0 days 01:08:35.865000,,1,1.0,,,False,True
0 days 01:11:20.685000,HAM,44,0 days 00:01:22.333000,25.0,3.0,,,0 days 00:00:24.133000,0 days 00:00:31.704000,0 days 00:00:26.496000,0 days 01:10:22.500000,0 days 01:10:54.204000,0 days 01:11:20.700000,271.0,187.0,290.0,282.0,False,MEDIUM,29.0,False,Mercedes,0 days 01:09:58.352000,,1,1.0,,,False,True
0 days 01:12:42.823000,HAM,44,0 days 00:01:22.138000,26.0,3.0,,,0 days 00:00:24.033000,0 days 00:00:31.527000,0 days 00:00:26.578000,0 days 01:11:44.733000,0 days 01:12:16.260000,0 days 01:12:42.838000,269.0,186.0,293.0,287.0,True,MEDIUM,30.0,False,Mercedes,0 days 01:11:20.685000,,1,1.0,,,False,True
0 days 01:14:05.403000,HAM,44,0 days 00:01:22.580000,27.0,3.0,,,0 days 00:00:24.111000,0 days 00:00:31.757000,0 days 00:00:26.712000,0 days 01:13:06.949000,0 days 01:13:38.706000,0 days 01:14:05.418000,271.0,181.0,291.0,287.0,False,MEDIUM,31.0,False,Mercedes,0 days 01:12:42.823000,,1,1.0,,,False,True
0 days 01:15:27.398000,HAM,44,0 days 00:01:21.995000,28.0,3.0,,,0 days 00:00:23.863000,0 days 00:00:31.713000,0 days 00:00:26.419000,0 days 01:14:29.281000,0 days 01:15:00.994000,0 days 01:15:27.413000,269.0,189.0,291.0,288.0,True,MEDIUM,32.0,False,Mercedes,0 days 01:14:05.403000,,1,1.0,,,False,True
0 days 01:16:49.481000,HAM,44,0 days 00:01:22.083000,29.0,3.0,,,0 days 00:00:23.759000,0 days 00:00:31.635000,0 days 00:00:26.689000,0 days 01:15:51.172000,0 days 01:16:22.807000,0 days 01:16:49.496000,273.0,182.0,291.0,294.0,False,MEDIUM,33.0,False,Mercedes,0 days 01:15:27.398000,,1,1.0,,,False,True
0 days 01:18:11.678000,HAM,44,0 days 00:01:22.197000,30.0,3.0,,,0 days 00:00:23.968000,0 days 00:00:31.765000,0 days 00:00:26.464000,0 days 01:17:13.464000,0 days 01:17:45.229000,0 days 01:18:11.693000,271.0,183.0,291.0,287.0,False,MEDIUM,34.0,False,Mercedes,0 days 01:16:49.481000,,1,1.0,,,False,True
0 days 01:19:33.612000,HAM,44,0 days 00:01:21.934000,31.0,3.0,,,0 days 00:00:23.867000,0 days 00:00:31.614000,0 days 00:00:26.453000,0 days 01:18:35.560000,0 days 01:19:07.174000,0 days 01:19:33.627000,277.0,184.0,292.0,289.0,True,MEDIUM,35.0,False,Mercedes,0 days 01:18:11.678000,,1,1.0,,,False,True
0 days 01:20:56.050000,HAM,44,0 days 00:01:22.438000,32.0,3.0,,,0 days 00:00:23.994000,0 days 00:00:31.971000,0 days 00:00:26.473000,0 days 01:19:57.621000,0 days 01:20:29.592000,0 days 01:20:56.065000,271.0,185.0,292.0,292.0,False,MEDIUM,36.0,False,Mercedes,0 days 01:19:33.612000,,1,1.0,,,False,True
0 days 01:22:17.663000,HAM,44,0 days 00:01:21.613000,33.0,3.0,,,0 days 00:00:23.752000,0 days 00:00:31.538000,0 days 00:00:26.323000,0 days 01:21:19.817000,0 days 01:21:51.355000,0 days 01:22:17.678000,272.0,188.0,293.0,289.0,True,MEDIUM,37.0,False,Mercedes,0 days 01:20:56.050000,,1,1.0,,,False,True
0 days 01:23:39.576000,HAM,44,0 days 00:01:21.913000,34.0,3.0,,,0 days 00:00:23.902000,0 days 00:00:31.538000,0 days 00:00:26.473000,0 days 01:22:41.580000,0 days 01:23:13.118000,0 days 01:23:39.591000,272.0,184.0,294.0,290.0,False,MEDIUM,38.0,False,Mercedes,0 days 01:22:17.663000,,1,1.0,,,False,True
0 days 01:25:01.644000,HAM,44,0 days 00:01:22.068000,35.0,3.0,,,0 days 00:00:23.872000,0 days 00:00:31.752000,0 days 00:00:26.444000,0 days 01:24:03.463000,0 days 01:24:35.215000,0 days 01:25:01.659000,275.0,166.0,296.0,290.0,False,MEDIUM,39.0,False,Mercedes,0 days 01:23:39.576000,,1,1.0,,,False,True
0 days 01:26:23.887000,HAM,44,0 days 00:01:22.243000,36.0,3.0,,,0 days 00:00:23.782000,0 days 00:00:31.847000,0 days 00:00:26.614000,0 days 01:25:25.441000,0 days 01:25:57.288000,0 days 01:26:23.902000,275.0,177.0,291.0,293.0,False,MEDIUM,40.0,False,Mercedes,0 days 01:25:01.644000,,1,1.0,,,False,True
0 days 01:27:49.413000,HAM,44,0 days 00:01:25.526000,37.0,3.0,,0 days 01:27:46.497000,0 days 00:00:24.061000,0 days 00:00:31.539000,0 days 00:00:29.926000,0 days 01:26:47.963000,0 days 01:27:19.502000,0 days 01:27:49.428000,270.0,185.0,,288.0,False,MEDIUM,41.0,False,Mercedes,0 days 01:26:23.887000,,1,1.0,,,False,False
0 days 01:29:34.562000,HAM,44,0 days 00:01:45.149000,38.0,4.0,0 days 01:28:13.359000,,0 days 00:00:46.564000,0 days 00:00:32.139000,0 days 00:00:26.446000,0 days 01:28:35.992000,0 days 01:29:08.131000,0 days 01:29:34.577000,272.0,185.0,291.0,288.0,False,HARD,2.0,False,Mercedes,0 days 01:27:49.413000,,1,2.0,,,False,False
0 days 01:30:56.424000,HAM,44,0 days 00:01:21.862000,39.0,4.0,,,0 days 00:00:24.016000,0 days 00:00:31.417000,0 days 00:00:26.429000,0 days 01:29:58.593000,0 days 01:30:30.010000,0 days 01:30:56.439000,272.0,187.0,291.0,296.0,False,HARD,3.0,False,Mercedes,0 days 01:29:34.562000,,1,2.0,,,False,True
0 days 01:32:18.255000,HAM,44,0 days 00:01:21.831000,40.0,4.0,,,0 days 00:00:23.935000,0 days 00:00:31.347000,0 days 00:00:26.549000,0 days 01:31:20.374000,0 days 01:31:51.721000,0 days 01:32:18.270000,272.0,186.0,291.0,288.0,False,HARD,4.0,False,Mercedes,0 days 01:30:56.424000,,1,2.0,,,False,True
0 days 01:33:39.749000,HAM,44,0 days 00:01:21.494000,41.0,4.0,,,0 days 00:00:23.727000,0 days 00:00:31.438000,0 days 00:00:26.329000,0 days 01:32:41.997000,0 days 01:33:13.435000,0 days 01:33:39.764000,270.0,189.0,291.0,287.0,True,HARD,5.0,False,Mercedes,0 days 01:32:18.255000,,1,2.0,,,False,True
0 days 01:35:01.239000,HAM,44,0 days 00:01:21.490000,42.0,4.0,,,0 days 00:00:23.824000,0 days 00:00:31.392000,0 days 00:00:26.274000,0 days 01:34:03.588000,0 days 01:34:34.980000,0 days 01:35:01.254000,271.0,190.0,293.0,288.0,True,HARD,6.0,False,Mercedes,0 days 01:33:39.749000,,1,2.0,,,False,True
0 days 01:36:22.619000,HAM,44,0 days 00:01:21.380000,43.0,4.0,,,0 days 00:00:23.799000,0 days 00:00:31.264000,0 days 00:00:26.317000,0 days 01:35:25.053000,0 days 01:35:56.317000,0 days 01:36:22.634000,273.0,192.0,292.0,288.0,True,HARD,7.0,False,Mercedes,0 days 01:35:01.239000,,1,2.0,,,False,True
0 days 01:37:44.099000,HAM,44,0 days 00:01:21.480000,44.0,4.0,,,0 days 00:00:23.828000,0 days 00:00:31.347000,0 days 00:00:26.305000,0 days 01:36:46.462000,0 days 01:37:17.809000,0 days 01:37:44.114000,275.0,192.0,291.0,288.0,False,HARD,8.0,False,Mercedes,0 days 01:36:22.619000,,1,2.0,,,False,True
0 days 01:39:05.582000,HAM,44,0 days 00:01:21.483000,45.0,4.0,,,0 days 00:00:23.823000,0 days 00:00:31.442000,0 days 00:00:26.218000,0 days 01:38:07.937000,0 days 01:38:39.379000,0 days 01:39:05.597000,276.0,187.0,294.0,289.0,False,HARD,9.0,False,Mercedes,0 days 01:37:44.099000,,1,2.0,,,False,True
0 days 01:40:27.514000,HAM,44,0 days 00:01:21.932000,46.0,4.0,,,0 days 00:00:24,0 days 00:00:31.644000,0 days 00:00:26.288000,0 days 01:39:29.597000,0 days 01:40:01.241000,0 days 01:40:27.529000,272.0,189.0,302.0,292.0,False,HARD,10.0,False,Mercedes,0 days 01:39:05.582000,,1,2.0,,,False,True
0 days 01:41:48.447000,HAM,44,0 days 00:01:20.933000,47.0,4.0,,,0 days 00:00:23.458000,0 days 00:00:31.266000,0 days 00:00:26.209000,0 days 01:40:50.987000,0 days 01:41:22.253000,0 days 01:41:48.462000,275.0,188.0,291.0,307.0,True,HARD,11.0,False,Mercedes,0 days 01:40:27.514000,,1,2.0,,,False,True
0 days 01:43:09.932000,HAM,44,0 days 00:01:21.485000,48.0,4.0,,,0 days 00:00:23.974000,0 days 00:00:31.324000,0 days 00:00:26.187000,0 days 01:42:12.436000,0 days 01:42:43.760000,0 days 01:43:09.947000,274.0,189.0,296.0,291.0,False,HARD,12.0,False,Mercedes,0 days 01:41:48.447000,,1,2.0,,,False,True
0 days 01:44:31.274000,HAM,44,0 days 00:01:21.342000,49.0,4.0,,,0 days 00:00:23.733000,0 days 00:00:31.292000,0 days 00:00:26.317000,0 days 01:43:33.680000,0 days 01:44:04.972000,0 days 01:44:31.289000,276.0,190.0,296.0,295.0,False,HARD,13.0,False,Mercedes,0 days 01:43:09.932000,,1,2.0,,,False,True
0 days 01:45:52.881000,HAM,44,0 days 00:01:21.607000,50.0,4.0,,,0 days 00:00:23.745000,0 days 00:00:31.424000,0 days 00:00:26.438000,0 days 01:44:55.034000,0 days 01:45:26.458000,0 days 01:45:52.896000,276.0,184.0,300.0,296.0,False,HARD,14.0,False,Mercedes,0 days 01:44:31.274000,,1,2.0,,,False,True
0 days 01:47:14.045000,HAM,44,0 days 00:01:21.164000,51.0,4.0,,,0 days 00:00:23.319000,0 days 00:00:31.418000,0 days 00:00:26.427000,0 days 01:46:16.215000,0 days 01:46:47.633000,0 days 01:47:14.060000,271.0,192.0,294.0,316.0,False,HARD,15.0,False,Mercedes,0 days 01:45:52.881000,,1,1.0,,,False,True
0 days 01:48:35.297000,HAM,44,0 days 00:01:21.252000,52.0,4.0,,,0 days 00:00:23.831000,0 days 00:00:31.204000,0 days 00:00:26.217000,0 days 01:47:37.891000,0 days 01:48:09.095000,0 days 01:48:35.312000,276.0,186.0,293.0,290.0,False,HARD,16.0,False,Mercedes,0 days 01:47:14.045000,,1,1.0,,,False,True
0 days 01:49:56.473000,HAM,44,0 days 00:01:21.176000,53.0,4.0,,,0 days 00:00:23.867000,0 days 00:00:31.151000,0 days 00:00:26.158000,0 days 01:48:59.179000,0 days 01:49:30.330000,0 days 01:49:56.488000,271.0,192.0,293.0,291.0,False,HARD,17.0,False,Mercedes,0 days 01:48:35.297000,,1,1.0,,,False,True
0 days 01:51:18.177000,HAM,44,0 days 00:01:21.704000,54.0,4.0,,,0 days 00:00:23.647000,0 days 00:00:31.528000,0 days 00:00:26.529000,0 days 01:50:20.135000,0 days 01:50:51.663000,0 days 01:51:18.192000,277.0,171.0,291.0,291.0,False,HARD,18.0,False,Mercedes,0 days 01:49:56.473000,,1,1.0,,,False,True
0 days 01:52:39.327000,HAM,44,0 days 00:01:21.150000,55.0,4.0,,,0 days 00:00:23.750000,0 days 00:00:31.246000,0 days 00:00:26.154000,0 days 01:51:41.942000,0 days 01:52:13.188000,0 days 01:52:39.342000,275.0,190.0,294.0,292.0,False,HARD,19.0,False,Mercedes,0 days 01:51:18.177000,,1,1.0,,,False,True
0 days 01:54:00.614000,HAM,44,0 days 00:01:21.287000,56.0,4.0,,,0 days 00:00:23.852000,0 days 00:00:31.245000,0 days 00:00:26.190000,0 days 01:53:03.194000,0 days 01:53:34.439000,0 days 01:54:00.629000,275.0,188.0,295.0,293.0,False,HARD,20.0,False,Mercedes,0 days 01:52:39.327000,,1,1.0,,,False,True
0 days 01:55:21.922000,HAM,44,0 days 00:01:21.308000,57.0,4.0,,,0 days 00:00:23.803000,0 days 00:00:31.260000,0 days 00:00:26.245000,0 days 01:54:24.432000,0 days 01:54:55.692000,0 days 01:55:21.937000,276.0,190.0,293.0,293.0,False,HARD,21.0,False,Mercedes,0 days 01:54:00.614000,,1,1.0,,,False,True
0 days 01:56:43.136000,HAM,44,0 days 00:01:21.214000,58.0,4.0,,,0 days 00:00:23.790000,0 days 00:00:31.185000,0 days 00:00:26.239000,0 days 01:55:45.727000,0 days 01:56:16.912000,0 days 01:56:43.151000,277.0,187.0,293.0,291.0,False,HARD,22.0,False,Mercedes,0 days 01:55:21.922000,,1,1.0,,,False,True
0 days 01:58:04.331000,HAM,44,0 days 00:01:21.195000,59.0,4.0,,,0 days 00:00:23.800000,0 days 00:00:31.335000,0 days 00:00:26.060000,0 days 01:57:06.951000,0 days 01:57:38.286000,0 days 01:58:04.346000,276.0,187.0,295.0,290.0,False,HARD,23.0,False,Mercedes,0 days 01:56:43.136000,,1,1.0,,,False,True
0 days 01:59:25.437000,HAM,44,0 days 00:01:21.106000,60.0,4.0,,,0 days 00:00:23.802000,0 days 00:00:31.184000,0 days 00:00:26.120000,0 days 01:58:28.148000,0 days 01:58:59.332000,0 days 01:59:25.452000,277.0,190.0,295.0,293.0,False,HARD,24.0,False,Mercedes,0 days 01:58:04.331000,,1,1.0,,,False,True
0 days 02:00:46.421000,HAM,44,0 days 00:01:20.984000,61.0,4.0,,,0 days 00:00:23.610000,0 days 00:00:31.306000,0 days 00:00:26.068000,0 days 01:59:49.062000,0 days 02:00:20.368000,0 days 02:00:46.436000,278.0,185.0,299.0,297.0,False,HARD,25.0,False,Mercedes,0 days 01:59:25.437000,,1,1.0,,,False,True
0 days 02:02:07.683000,HAM,44,0 days 00:01:21.262000,62.0,4.0,,,0 days 00:00:23.817000,0 days 00:00:31.301000,0 days 00:00:26.144000,0 days 02:01:10.253000,0 days 02:01:41.554000,0 days 02:02:07.698000,281.0,188.0,297.0,298.0,False,HARD,26.0,False,Mercedes,0 days 02:00:46.421000,,1,1.0,,,False,True
0 days 02:03:29.348000,HAM,44,0 days 00:01:21.665000,63.0,4.0,,,0 days 00:00:23.762000,0 days 00:00:31.778000,0 days 00:00:26.125000,0 days 02:02:31.460000,0 days 02:03:03.238000,0 days 02:03:29.363000,287.0,190.0,295.0,297.0,False,HARD,27.0,False,Mercedes,0 days 02:02:07.683000,,1,1.0,,,False,True
0 days 02:04:51.251000,HAM,44,0 days 00:01:21.903000,64.0,4.0,,,0 days 00:00:23.850000,0 days 00:00:31.382000,0 days 00:00:26.671000,0 days 02:03:53.213000,0 days 02:04:24.595000,0 days 02:04:51.266000,286.0,187.0,291.0,297.0,False,HARD,28.0,False,Mercedes,0 days 02:03:29.348000,,1,1.0,,,False,True
0 days 02:06:12.400000,HAM,44,0 days 00:01:21.149000,65.0,4.0,,,0 days 00:00:23.588000,0 days 00:00:31.327000,0 days 00:00:26.234000,0 days 02:05:14.854000,0 days 02:05:46.181000,0 days 02:06:12.415000,280.0,188.0,294.0,295.0,False,HARD,29.0,False,Mercedes,0 days 02:04:51.251000,,1,1.0,,,False,True
0 days 02:07:34.411000,HAM,44,0 days 00:01:22.011000,66.0,4.0,,,0 days 00:00:23.896000,0 days 00:00:31.387000,0 days 00:00:26.728000,0 days 02:06:36.311000,0 days 02:07:07.698000,0 days 02:07:34.426000,276.0,187.0,243.0,291.0,False,HARD,30.0,False,Mercedes,0 days 02:06:12.400000,,1,1.0,,,False,True
0 days 00:34:39.309000,MSC,47,0 days 00:01:36.319000,1.0,1.0,,,,0 days 00:00:36.204000,0 days 00:00:28.723000,,0 days 00:34:10.705000,0 days 00:34:39.494000,266.0,165.0,292.0,266.0,False,MEDIUM,1.0,True,Haas F1 Team,0 days 00:33:02.841000,,1,19.0,,,False,False
0 days 00:36:43.727000,MSC,47,0 days 00:02:04.418000,2.0,1.0,,0 days 00:36:43.877000,0 days 00:00:26.362000,0 days 00:00:53.015000,0 days 00:00:45.041000,0 days 00:35:05.705000,0 days 00:35:58.720000,0 days 00:36:43.761000,268.0,126.0,,305.0,False,MEDIUM,2.0,True,Haas F1 Team,0 days 00:34:39.309000,,14,18.0,,,False,False
0 days 00:39:03.381000,MSC,47,0 days 00:02:19.654000,3.0,2.0,0 days 00:37:02.530000,0 days 00:39:00.458000,0 days 00:00:45.702000,0 days 00:00:42.848000,0 days 00:00:51.104000,0 days 00:37:29.463000,0 days 00:38:12.311000,0 days 00:39:03.415000,179.0,155.0,,305.0,False,MEDIUM,3.0,False,Haas F1 Team,0 days 00:36:43.727000,,4,18.0,,,False,False
0 days 00:41:17.905000,MSC,47,0 days 00:02:14.524000,4.0,3.0,0 days 00:39:21.871000,,0 days 00:00:49.958000,0 days 00:00:42.832000,0 days 00:00:41.734000,0 days 00:39:53.373000,0 days 00:40:36.205000,0 days 00:41:17.939000,197.0,162.0,197.0,305.0,False,MEDIUM,4.0,False,Haas F1 Team,0 days 00:39:03.381000,,4,18.0,,,False,False
0 days 00:43:17.025000,MSC,47,0 days 00:01:59.120000,5.0,3.0,,,0 days 00:00:31.816000,0 days 00:00:44.559000,0 days 00:00:42.745000,0 days 00:41:49.755000,0 days 00:42:34.314000,0 days 00:43:17.059000,132.0,157.0,215.0,256.0,True,MEDIUM,5.0,False,Haas F1 Team,0 days 00:41:17.905000,,4,18.0,,,False,False
0 days 00:45:09.076000,MSC,47,0 days 00:01:52.051000,6.0,3.0,,,0 days 00:00:34.359000,0 days 00:00:40.975000,0 days 00:00:36.717000,0 days 00:43:51.418000,0 days 00:44:32.393000,0 days 00:45:09.110000,127.0,153.0,272.0,247.0,True,MEDIUM,6.0,False,Haas F1 Team,0 days 00:43:17.025000,,41,18.0,,,False,False
0 days 00:46:40.062000,MSC,47,0 days 00:01:30.986000,7.0,3.0,,,0 days 00:00:27.211000,0 days 00:00:35.439000,0 days 00:00:28.336000,0 days 00:45:36.321000,0 days 00:46:11.760000,0 days 00:46:40.096000,275.0,167.0,297.0,306.0,True,MEDIUM,7.0,False,Haas F1 Team,0 days 00:45:09.076000,,1,19.0,,,False,True
0 days 00:48:07.957000,MSC,47,0 days 00:01:27.895000,8.0,3.0,,,0 days 00:00:26.036000,0 days 00:00:34.076000,0 days 00:00:27.783000,0 days 00:47:06.132000,0 days 00:47:40.208000,0 days 00:48:07.991000,270.0,170.0,296.0,306.0,True,MEDIUM,8.0,False,Haas F1 Team,0 days 00:46:40.062000,,1,18.0,,,False,True
0 days 00:49:34.398000,MSC,47,0 days 00:01:26.441000,9.0,3.0,,,0 days 00:00:25.158000,0 days 00:00:33.789000,0 days 00:00:27.494000,0 days 00:48:33.149000,0 days 00:49:06.938000,0 days 00:49:34.432000,282.0,177.0,298.0,305.0,True,MEDIUM,9.0,False,Haas F1 Team,0 days 00:48:07.957000,,1,18.0,,,False,True
0 days 00:51:00.280000,MSC,47,0 days 00:01:25.882000,10.0,3.0,,,0 days 00:00:24.685000,0 days 00:00:33.574000,0 days 00:00:27.623000,0 days 00:49:59.117000,0 days 00:50:32.691000,0 days 00:51:00.314000,281.0,173.0,295.0,322.0,True,MEDIUM,10.0,False,Haas F1 Team,0 days 00:49:34.398000,,1,18.0,,,False,True
0 days 00:52:25.524000,MSC,47,0 days 00:01:25.244000,11.0,3.0,,,0 days 00:00:24.661000,0 days 00:00:33.097000,0 days 00:00:27.486000,0 days 00:51:24.975000,0 days 00:51:58.072000,0 days 00:52:25.558000,278.0,173.0,294.0,324.0,True,MEDIUM,11.0,False,Haas F1 Team,0 days 00:51:00.280000,,1,18.0,,,False,True
0 days 00:53:50.152000,MSC,47,0 days 00:01:24.628000,12.0,3.0,,,0 days 00:00:24.414000,0 days 00:00:33.032000,0 days 00:00:27.182000,0 days 00:52:49.972000,0 days 00:53:23.004000,0 days 00:53:50.186000,279.0,177.0,294.0,322.0,True,MEDIUM,12.0,False,Haas F1 Team,0 days 00:52:25.524000,,1,18.0,,,False,True
0 days 00:55:15.577000,MSC,47,0 days 00:01:25.425000,13.0,3.0,,,0 days 00:00:25.039000,0 days 00:00:33.022000,0 days 00:00:27.364000,0 days 00:54:15.225000,0 days 00:54:48.247000,0 days 00:55:15.611000,270.0,172.0,293.0,299.0,False,MEDIUM,13.0,False,Haas F1 Team,0 days 00:53:50.152000,,1,18.0,,,False,True
0 days 00:56:40.520000,MSC,47,0 days 00:01:24.943000,14.0,3.0,,,0 days 00:00:24.835000,0 days 00:00:32.893000,0 days 00:00:27.215000,0 days 00:55:40.446000,0 days 00:56:13.339000,0 days 00:56:40.554000,270.0,179.0,295.0,297.0,False,MEDIUM,14.0,False,Haas F1 Team,0 days 00:55:15.577000,,1,18.0,,,False,True
0 days 00:58:05.486000,MSC,47,0 days 00:01:24.966000,15.0,3.0,,,0 days 00:00:24.441000,0 days 00:00:32.997000,0 days 00:00:27.528000,0 days 00:57:04.995000,0 days 00:57:37.992000,0 days 00:58:05.520000,281.0,180.0,295.0,318.0,False,MEDIUM,15.0,False,Haas F1 Team,0 days 00:56:40.520000,,1,18.0,,,False,True
0 days 00:59:30.942000,MSC,47,0 days 00:01:25.456000,16.0,3.0,,,0 days 00:00:24.256000,0 days 00:00:33.549000,0 days 00:00:27.651000,0 days 00:58:29.776000,0 days 00:59:03.325000,0 days 00:59:30.976000,281.0,162.0,289.0,318.0,False,MEDIUM,16.0,False,Haas F1 Team,0 days 00:58:05.486000,,1,18.0,,,False,True
0 days 01:00:56.177000,MSC,47,0 days 00:01:25.235000,17.0,3.0,,,0 days 00:00:24.819000,0 days 00:00:33.014000,0 days 00:00:27.402000,0 days 00:59:55.795000,0 days 01:00:28.809000,0 days 01:00:56.211000,273.0,179.0,289.0,300.0,False,MEDIUM,17.0,False,Haas F1 Team,0 days 00:59:30.942000,,1,18.0,,,False,True
0 days 01:02:21.658000,MSC,47,0 days 00:01:25.481000,18.0,3.0,,,0 days 00:00:24.857000,0 days 00:00:33.246000,0 days 00:00:27.378000,0 days 01:01:21.068000,0 days 01:01:54.314000,0 days 01:02:21.692000,272.0,183.0,289.0,298.0,False,MEDIUM,18.0,False,Haas F1 Team,0 days 01:00:56.177000,,1,18.0,,,False,True
0 days 01:03:46.788000,MSC,47,0 days 00:01:25.130000,19.0,3.0,,,0 days 00:00:24.889000,0 days 00:00:32.862000,0 days 00:00:27.379000,0 days 01:02:46.581000,0 days 01:03:19.443000,0 days 01:03:46.822000,273.0,176.0,288.0,295.0,False,MEDIUM,19.0,False,Haas F1 Team,0 days 01:02:21.658000,,1,18.0,,,False,True
0 days 01:05:11.855000,MSC,47,0 days 00:01:25.067000,20.0,3.0,,,0 days 00:00:24.867000,0 days 00:00:32.729000,0 days 00:00:27.471000,0 days 01:04:11.689000,0 days 01:04:44.418000,0 days 01:05:11.889000,270.0,178.0,288.0,295.0,False,MEDIUM,20.0,False,Haas F1 Team,0 days 01:03:46.788000,,1,18.0,,,False,True
0 days 01:06:36.927000,MSC,47,0 days 00:01:25.072000,21.0,3.0,,,0 days 00:00:24.964000,0 days 00:00:32.848000,0 days 00:00:27.260000,0 days 01:05:36.853000,0 days 01:06:09.701000,0 days 01:06:36.961000,271.0,181.0,288.0,294.0,False,MEDIUM,21.0,False,Haas F1 Team,0 days 01:05:11.855000,,1,18.0,,,False,True
0 days 01:08:01.698000,MSC,47,0 days 00:01:24.771000,22.0,3.0,,,0 days 00:00:24.951000,0 days 00:00:32.645000,0 days 00:00:27.175000,0 days 01:07:01.912000,0 days 01:07:34.557000,0 days 01:08:01.732000,270.0,181.0,288.0,294.0,False,MEDIUM,22.0,False,Haas F1 Team,0 days 01:06:36.927000,,1,17.0,,,False,True
0 days 01:09:27.328000,MSC,47,0 days 00:01:25.630000,23.0,3.0,,,0 days 00:00:24.951000,0 days 00:00:33.240000,0 days 00:00:27.439000,,0 days 01:08:59.923000,0 days 01:09:27.362000,281.0,178.0,290.0,295.0,False,MEDIUM,23.0,False,Haas F1 Team,0 days 01:08:01.698000,,1,15.0,,,False,True
0 days 01:10:52.138000,MSC,47,0 days 00:01:24.810000,24.0,3.0,,,0 days 00:00:24.701000,0 days 00:00:32.681000,0 days 00:00:27.428000,0 days 01:09:52.063000,0 days 01:10:24.744000,0 days 01:10:52.172000,272.0,180.0,290.0,300.0,False,MEDIUM,24.0,False,Haas F1 Team,0 days 01:09:27.328000,,1,14.0,,,False,True
0 days 01:12:18.297000,MSC,47,0 days 00:01:26.159000,25.0,3.0,,,0 days 00:00:25.670000,0 days 00:00:33.067000,0 days 00:00:27.422000,0 days 01:11:17.842000,0 days 01:11:50.909000,0 days 01:12:18.331000,280.0,174.0,290.0,302.0,False,MEDIUM,25.0,False,Haas F1 Team,0 days 01:10:52.138000,,1,15.0,,,False,True
0 days 01:13:42.686000,MSC,47,0 days 00:01:24.389000,26.0,3.0,,,0 days 00:00:24.780000,0 days 00:00:32.657000,0 days 00:00:26.952000,0 days 01:12:43.111000,0 days 01:13:15.768000,0 days 01:13:42.720000,273.0,182.0,289.0,296.0,True,MEDIUM,26.0,False,Haas F1 Team,0 days 01:12:18.297000,,1,15.0,,,False,True
0 days 01:15:08.179000,MSC,47,0 days 00:01:25.493000,27.0,3.0,,,0 days 00:00:25.392000,0 days 00:00:32.919000,0 days 00:00:27.182000,0 days 01:14:08.112000,0 days 01:14:41.031000,0 days 01:15:08.213000,280.0,179.0,291.0,298.0,False,MEDIUM,27.0,False,Haas F1 Team,0 days 01:13:42.686000,,1,16.0,,,False,True
0 days 01:16:32.866000,MSC,47,0 days 00:01:24.687000,28.0,3.0,,,0 days 00:00:24.669000,0 days 00:00:32.800000,0 days 00:00:27.218000,0 days 01:15:32.882000,0 days 01:16:05.682000,0 days 01:16:32.900000,272.0,178.0,289.0,298.0,False,MEDIUM,28.0,False,Haas F1 Team,0 days 01:15:08.179000,,1,15.0,,,False,True
0 days 01:17:56.859000,MSC,47,0 days 00:01:23.993000,29.0,3.0,,,0 days 00:00:24.560000,0 days 00:00:32.377000,0 days 00:00:27.056000,0 days 01:16:57.460000,0 days 01:17:29.837000,0 days 01:17:56.893000,275.0,179.0,288.0,297.0,True,MEDIUM,29.0,False,Haas F1 Team,0 days 01:16:32.866000,,1,15.0,,,False,True
0 days 01:19:20.836000,MSC,47,0 days 00:01:23.977000,30.0,3.0,,,0 days 00:00:24.601000,0 days 00:00:32.376000,0 days 00:00:27,0 days 01:18:21.494000,0 days 01:18:53.870000,0 days 01:19:20.870000,273.0,182.0,288.0,295.0,True,MEDIUM,30.0,False,Haas F1 Team,0 days 01:17:56.859000,,1,15.0,,,False,True
0 days 01:20:44.619000,MSC,47,0 days 00:01:23.783000,31.0,3.0,,,0 days 00:00:24.507000,0 days 00:00:32.327000,0 days 00:00:26.949000,0 days 01:19:45.377000,0 days 01:20:17.704000,0 days 01:20:44.653000,272.0,181.0,288.0,295.0,True,MEDIUM,31.0,False,Haas F1 Team,0 days 01:19:20.836000,,1,15.0,,,False,True
0 days 01:22:12.497000,MSC,47,0 days 00:01:27.878000,32.0,3.0,,0 days 01:22:09.542000,0 days 00:00:24.604000,0 days 00:00:32.245000,0 days 00:00:31.029000,0 days 01:21:09.257000,0 days 01:21:41.502000,0 days 01:22:12.531000,272.0,181.0,,294.0,False,MEDIUM,32.0,False,Haas F1 Team,0 days 01:20:44.619000,,1,15.0,,,False,False
0 days 01:24:02.007000,MSC,47,0 days 00:01:49.510000,33.0,4.0,0 days 01:22:36.840000,,0 days 00:00:48.500000,0 days 00:00:33.708000,0 days 00:00:27.302000,0 days 01:23:01.031000,0 days 01:23:34.739000,0 days 01:24:02.041000,266.0,179.0,293.0,294.0,False,HARD,1.0,True,Haas F1 Team,0 days 01:22:12.497000,,1,18.0,,,False,False
0 days 01:25:26.132000,MSC,47,0 days 00:01:24.125000,34.0,4.0,,,0 days 00:00:24.440000,0 days 00:00:32.567000,0 days 00:00:27.118000,0 days 01:24:26.481000,0 days 01:24:59.048000,0 days 01:25:26.166000,275.0,166.0,291.0,295.0,False,HARD,2.0,True,Haas F1 Team,0 days 01:24:02.007000,,1,18.0,,,False,True
0 days 01:26:50.245000,MSC,47,0 days 00:01:24.113000,35.0,4.0,,,0 days 00:00:24.741000,0 days 00:00:32.317000,0 days 00:00:27.055000,0 days 01:25:50.907000,0 days 01:26:23.224000,0 days 01:26:50.279000,273.0,181.0,290.0,297.0,False,HARD,3.0,True,Haas F1 Team,0 days 01:25:26.132000,,1,18.0,,,False,True
0 days 01:28:14.095000,MSC,47,0 days 00:01:23.850000,36.0,4.0,,,0 days 00:00:24.652000,0 days 00:00:32.307000,0 days 00:00:26.891000,0 days 01:27:14.931000,0 days 01:27:47.238000,0 days 01:28:14.129000,272.0,178.0,296.0,296.0,False,HARD,4.0,True,Haas F1 Team,0 days 01:26:50.245000,,1,18.0,,,False,True
0 days 01:29:39.336000,MSC,47,0 days 00:01:25.241000,37.0,4.0,,,0 days 00:00:24.363000,0 days 00:00:33.945000,0 days 00:00:26.933000,0 days 01:28:38.492000,0 days 01:29:12.437000,0 days 01:29:39.370000,276.0,182.0,297.0,319.0,False,HARD,5.0,True,Haas F1 Team,0 days 01:28:14.095000,,1,18.0,,,False,True
0 days 01:31:05.141000,MSC,47,0 days 00:01:25.805000,38.0,4.0,,,0 days 00:00:25.924000,0 days 00:00:32.562000,0 days 00:00:27.319000,0 days 01:30:05.294000,0 days 01:30:37.856000,0 days 01:31:05.175000,280.0,178.0,296.0,317.0,False,HARD,6.0,True,Haas F1 Team,0 days 01:29:39.336000,,1,18.0,,,False,True
0 days 01:32:29.656000,MSC,47,0 days 00:01:24.515000,39.0,4.0,,,0 days 00:00:24.546000,0 days 00:00:32.613000,0 days 00:00:27.356000,0 days 01:31:29.721000,0 days 01:32:02.334000,0 days 01:32:29.690000,278.0,177.0,295.0,320.0,False,HARD,7.0,True,Haas F1 Team,0 days 01:31:05.141000,,1,18.0,,,False,True
0 days 01:33:53.787000,MSC,47,0 days 00:01:24.131000,40.0,4.0,,,0 days 00:00:24.238000,0 days 00:00:32.672000,0 days 00:00:27.221000,0 days 01:32:53.928000,0 days 01:33:26.600000,0 days 01:33:53.821000,280.0,179.0,298.0,316.0,False,HARD,8.0,True,Haas F1 Team,0 days 01:32:29.656000,,1,18.0,,,False,True
0 days 01:35:18.247000,MSC,47,0 days 00:01:24.460000,41.0,4.0,,,0 days 00:00:24.493000,0 days 00:00:32.683000,0 days 00:00:27.284000,0 days 01:34:18.314000,0 days 01:34:50.997000,0 days 01:35:18.281000,279.0,177.0,297.0,322.0,False,HARD,9.0,True,Haas F1 Team,0 days 01:33:53.787000,,1,18.0,,,False,True
0 days 01:36:42.281000,MSC,47,0 days 00:01:24.034000,42.0,4.0,,,0 days 00:00:24.383000,0 days 00:00:32.585000,0 days 00:00:27.066000,0 days 01:35:42.664000,0 days 01:36:15.249000,0 days 01:36:42.315000,281.0,179.0,297.0,318.0,False,HARD,10.0,True,Haas F1 Team,0 days 01:35:18.247000,,1,18.0,,,False,True
0 days 01:38:06.487000,MSC,47,0 days 00:01:24.206000,43.0,4.0,,,0 days 00:00:24.337000,0 days 00:00:32.381000,0 days 00:00:27.488000,0 days 01:37:06.652000,0 days 01:37:39.033000,0 days 01:38:06.521000,284.0,176.0,296.0,321.0,False,HARD,11.0,True,Haas F1 Team,0 days 01:36:42.281000,,1,18.0,,,False,True
0 days 01:39:31.088000,MSC,47,0 days 00:01:24.601000,44.0,4.0,,,0 days 00:00:24.075000,0 days 00:00:33.015000,0 days 00:00:27.511000,0 days 01:38:30.596000,0 days 01:39:03.611000,0 days 01:39:31.122000,285.0,181.0,295.0,321.0,False,HARD,12.0,True,Haas F1 Team,0 days 01:38:06.487000,,1,18.0,,,False,True
0 days 01:40:54.913000,MSC,47,0 days 00:01:23.825000,45.0,4.0,,,0 days 00:00:24.080000,0 days 00:00:32.744000,0 days 00:00:27.001000,0 days 01:39:55.202000,0 days 01:40:27.946000,0 days 01:40:54.947000,284.0,177.0,295.0,317.0,False,HARD,13.0,True,Haas F1 Team,0 days 01:39:31.088000,,1,18.0,,,False,True
0 days 01:42:19.134000,MSC,47,0 days 00:01:24.221000,46.0,4.0,,,0 days 00:00:24.395000,0 days 00:00:32.545000,0 days 00:00:27.281000,0 days 01:41:19.342000,0 days 01:41:51.887000,0 days 01:42:19.168000,282.0,176.0,295.0,319.0,False,HARD,14.0,True,Haas F1 Team,0 days 01:40:54.913000,,1,18.0,,,False,True
0 days 01:43:43.135000,MSC,47,0 days 00:01:24.001000,47.0,4.0,,,0 days 00:00:24.386000,0 days 00:00:32.406000,0 days 00:00:27.209000,0 days 01:42:43.554000,0 days 01:43:15.960000,0 days 01:43:43.169000,281.0,183.0,297.0,320.0,False,HARD,15.0,True,Haas F1 Team,0 days 01:42:19.134000,,1,18.0,,,False,True
0 days 01:45:07.549000,MSC,47,0 days 00:01:24.414000,48.0,4.0,,,0 days 00:00:24.369000,0 days 00:00:32.605000,0 days 00:00:27.440000,0 days 01:44:07.538000,0 days 01:44:40.143000,0 days 01:45:07.583000,279.0,164.0,295.0,318.0,False,HARD,16.0,True,Haas F1 Team,0 days 01:43:43.135000,,1,18.0,,,False,True
0 days 01:46:31.586000,MSC,47,0 days 00:01:24.037000,49.0,4.0,,,0 days 00:00:24.041000,0 days 00:00:32.639000,0 days 00:00:27.357000,0 days 01:45:31.624000,0 days 01:46:04.263000,0 days 01:46:31.620000,282.0,177.0,295.0,315.0,False,HARD,17.0,True,Haas F1 Team,0 days 01:45:07.549000,,1,18.0,,,False,True
0 days 01:47:56.609000,MSC,47,0 days 00:01:25.023000,50.0,4.0,,,0 days 00:00:24.330000,0 days 00:00:32.356000,0 days 00:00:28.337000,0 days 01:46:55.950000,0 days 01:47:28.306000,0 days 01:47:56.643000,281.0,180.0,302.0,318.0,False,HARD,18.0,True,Haas F1 Team,0 days 01:46:31.586000,,1,18.0,,,False,True
0 days 01:49:22.459000,MSC,47,0 days 00:01:25.850000,51.0,4.0,,,0 days 00:00:24.915000,0 days 00:00:32.302000,0 days 00:00:28.633000,0 days 01:48:21.558000,0 days 01:48:53.860000,0 days 01:49:22.493000,281.0,179.0,298.0,268.0,False,HARD,19.0,True,Haas F1 Team,0 days 01:47:56.609000,,1,18.0,,,False,True
0 days 01:50:46.216000,MSC,47,0 days 00:01:23.757000,52.0,4.0,,,0 days 00:00:24.352000,0 days 00:00:32.412000,0 days 00:00:26.993000,0 days 01:49:46.845000,0 days 01:50:19.257000,0 days 01:50:46.250000,282.0,181.0,297.0,316.0,True,HARD,20.0,True,Haas F1 Team,0 days 01:49:22.459000,,1,18.0,,,False,True
0 days 01:52:10.713000,MSC,47,0 days 00:01:24.497000,53.0,4.0,,,0 days 00:00:24.329000,0 days 00:00:32.759000,0 days 00:00:27.409000,0 days 01:51:10.579000,0 days 01:51:43.338000,0 days 01:52:10.747000,284.0,179.0,297.0,318.0,False,HARD,21.0,True,Haas F1 Team,0 days 01:50:46.216000,,1,18.0,,,False,True
0 days 01:53:35.947000,MSC,47,0 days 00:01:25.234000,54.0,4.0,,,0 days 00:00:25.815000,0 days 00:00:32.439000,0 days 00:00:26.980000,0 days 01:52:36.562000,0 days 01:53:09.001000,0 days 01:53:35.981000,284.0,185.0,296.0,317.0,False,HARD,22.0,True,Haas F1 Team,0 days 01:52:10.713000,,1,18.0,,,False,True
0 days 01:54:59.544000,MSC,47,0 days 00:01:23.597000,55.0,4.0,,,0 days 00:00:24.174000,0 days 00:00:32.257000,0 days 00:00:27.166000,0 days 01:54:00.155000,0 days 01:54:32.412000,0 days 01:54:59.578000,285.0,181.0,297.0,301.0,True,HARD,23.0,True,Haas F1 Team,0 days 01:53:35.947000,,1,18.0,,,False,True
0 days 01:56:23.375000,MSC,47,0 days 00:01:23.831000,56.0,4.0,,,0 days 00:00:24.210000,0 days 00:00:32.511000,0 days 00:00:27.110000,0 days 01:55:23.788000,0 days 01:55:56.299000,0 days 01:56:23.409000,283.0,184.0,296.0,321.0,False,HARD,24.0,True,Haas F1 Team,0 days 01:54:59.544000,,1,18.0,,,False,True
0 days 01:57:49.535000,MSC,47,0 days 00:01:26.160000,57.0,4.0,,,0 days 00:00:24.202000,0 days 00:00:34.024000,0 days 00:00:27.934000,0 days 01:56:47.611000,0 days 01:57:21.635000,0 days 01:57:49.569000,285.0,152.0,296.0,317.0,False,HARD,25.0,True,Haas F1 Team,0 days 01:56:23.375000,,1,18.0,,,False,True
0 days 01:59:16.027000,MSC,47,0 days 00:01:26.492000,58.0,4.0,,,0 days 00:00:26.387000,0 days 00:00:33.061000,0 days 00:00:27.044000,0 days 01:58:15.956000,0 days 01:58:49.017000,0 days 01:59:16.061000,279.0,183.0,294.0,237.0,False,HARD,26.0,True,Haas F1 Team,0 days 01:57:49.535000,,1,18.0,,,False,True
0 days 02:00:39.366000,MSC,47,0 days 00:01:23.339000,59.0,4.0,,,0 days 00:00:24.341000,0 days 00:00:32.183000,0 days 00:00:26.815000,0 days 01:59:40.402000,0 days 02:00:12.585000,0 days 02:00:39.400000,275.0,182.0,297.0,304.0,True,HARD,27.0,True,Haas F1 Team,0 days 01:59:16.027000,,1,18.0,,,False,True
0 days 02:02:02.696000,MSC,47,0 days 00:01:23.330000,60.0,4.0,,,0 days 00:00:24.162000,0 days 00:00:32.318000,0 days 00:00:26.850000,0 days 02:01:03.562000,0 days 02:01:35.880000,0 days 02:02:02.730000,283.0,185.0,297.0,320.0,True,HARD,28.0,True,Haas F1 Team,0 days 02:00:39.366000,,1,18.0,,,False,True
0 days 02:03:25.451000,MSC,47,0 days 00:01:22.755000,61.0,4.0,,,0 days 00:00:23.985000,0 days 00:00:32.079000,0 days 00:00:26.691000,0 days 02:02:26.715000,0 days 02:02:58.794000,0 days 02:03:25.485000,274.0,185.0,288.0,318.0,True,HARD,29.0,True,Haas F1 Team,0 days 02:02:02.696000,,1,17.0,,,False,True
0 days 02:04:52.115000,MSC,47,0 days 00:01:26.664000,62.0,4.0,,,0 days 00:00:24.831000,0 days 00:00:32.575000,0 days 00:00:29.258000,0 days 02:03:50.316000,0 days 02:04:22.891000,0 days 02:04:52.149000,273.0,179.0,300.0,290.0,False,HARD,30.0,True,Haas F1 Team,0 days 02:03:25.451000,,1,17.0,,,False,True
0 days 02:06:17.880000,MSC,47,0 days 00:01:25.765000,63.0,4.0,,,0 days 00:00:24.893000,0 days 00:00:33.803000,0 days 00:00:27.069000,0 days 02:05:17.042000,0 days 02:05:50.845000,0 days 02:06:17.914000,281.0,185.0,296.0,302.0,False,HARD,31.0,True,Haas F1 Team,0 days 02:04:52.115000,,1,17.0,,,False,True
0 days 02:07:41.841000,MSC,47,0 days 00:01:23.961000,64.0,4.0,,,0 days 00:00:24.033000,0 days 00:00:32.416000,0 days 00:00:27.512000,0 days 02:06:41.947000,0 days 02:07:14.363000,0 days 02:07:41.875000,284.0,178.0,289.0,316.0,False,HARD,32.0,True,Haas F1 Team,0 days 02:06:17.880000,,1,17.0,,,False,True
0 days 00:34:34.897000,VET,5,0 days 00:01:31.907000,1.0,1.0,,,,0 days 00:00:34.508000,0 days 00:00:27.866000,,0 days 00:34:07.058000,0 days 00:34:35.519000,274.0,183.0,300.0,255.0,False,SOFT,4.0,False,Aston Martin,0 days 00:33:02.841000,,1,10.0,,,False,False
0 days 00:36:30.225000,VET,5,0 days 00:01:55.328000,2.0,1.0,,0 days 00:36:27.621000,0 days 00:00:25.495000,0 days 00:00:48.632000,0 days 00:00:41.201000,0 days 00:35:00.410000,0 days 00:35:49.042000,0 days 00:36:30.243000,274.0,152.0,,310.0,False,SOFT,5.0,False,Aston Martin,0 days 00:34:34.897000,,14,10.0,,,False,False
0 days 00:38:51.569000,VET,5,0 days 00:02:21.344000,3.0,2.0,0 days 00:36:48.725000,0 days 00:38:48.961000,0 days 00:00:49.459000,0 days 00:00:42.413000,0 days 00:00:49.472000,0 days 00:37:19.702000,0 days 00:38:02.115000,0 days 00:38:51.587000,142.0,160.0,,310.0,False,SOFT,6.0,False,Aston Martin,0 days 00:36:30.225000,,4,10.0,,,False,False
0 days 00:41:06.303000,VET,5,0 days 00:02:14.734000,4.0,3.0,0 days 00:39:10.684000,,0 days 00:00:49.990000,0 days 00:00:42.792000,0 days 00:00:41.952000,0 days 00:39:41.577000,0 days 00:40:24.369000,0 days 00:41:06.321000,146.0,116.0,165.0,310.0,False,SOFT,7.0,False,Aston Martin,0 days 00:38:51.569000,,4,10.0,,,False,False
0 days 00:43:05.456000,VET,5,0 days 00:01:59.153000,5.0,3.0,,,0 days 00:00:33.895000,0 days 00:00:44.076000,0 days 00:00:41.182000,0 days 00:41:40.216000,0 days 00:42:24.292000,0 days 00:43:05.474000,139.0,132.0,240.0,255.0,True,SOFT,8.0,False,Aston Martin,0 days 00:41:06.303000,,4,10.0,,,False,False
0 days 00:45:06.790000,VET,5,0 days 00:02:01.334000,6.0,3.0,,,0 days 00:00:35.563000,0 days 00:00:43.116000,0 days 00:00:42.655000,0 days 00:43:41.037000,0 days 00:44:24.153000,0 days 00:45:06.808000,163.0,111.0,265.0,240.0,False,SOFT,9.0,False,Aston Martin,0 days 00:43:05.456000,,41,10.0,,,False,False
0 days 00:46:36.566000,VET,5,0 days 00:01:29.776000,7.0,3.0,,,0 days 00:00:27.178000,0 days 00:00:34.739000,0 days 00:00:27.859000,0 days 00:45:33.986000,0 days 00:46:08.725000,0 days 00:46:36.584000,273.0,174.0,294.0,285.0,True,SOFT,10.0,False,Aston Martin,0 days 00:45:06.790000,,1,10.0,,,False,True
0 days 00:48:02.294000,VET,5,0 days 00:01:25.728000,8.0,3.0,,,0 days 00:00:25.386000,0 days 00:00:33.131000,0 days 00:00:27.211000,0 days 00:47:01.970000,0 days 00:47:35.101000,0 days 00:48:02.312000,271.0,182.0,295.0,310.0,True,SOFT,11.0,False,Aston Martin,0 days 00:46:36.566000,,1,10.0,,,False,True
0 days 00:49:26.606000,VET,5,0 days 00:01:24.312000,9.0,3.0,,,0 days 00:00:24.717000,0 days 00:00:32.565000,0 days 00:00:27.030000,0 days 00:48:27.029000,0 days 00:48:59.594000,0 days 00:49:26.624000,271.0,186.0,298.0,301.0,True,SOFT,12.0,False,Aston Martin,0 days 00:48:02.294000,,1,10.0,,,False,True
0 days 00:50:50.972000,VET,5,0 days 00:01:24.366000,10.0,3.0,,,0 days 00:00:24.515000,0 days 00:00:32.771000,0 days 00:00:27.080000,0 days 00:49:51.139000,0 days 00:50:23.910000,0 days 00:50:50.990000,281.0,185.0,297.0,321.0,False,SOFT,13.0,False,Aston Martin,0 days 00:49:26.606000,,1,10.0,,,False,True
0 days 00:52:15.114000,VET,5,0 days 00:01:24.142000,11.0,3.0,,,0 days 00:00:24.387000,0 days 00:00:32.650000,0 days 00:00:27.105000,0 days 00:51:15.377000,0 days 00:51:48.027000,0 days 00:52:15.132000,279.0,185.0,293.0,320.0,True,SOFT,14.0,False,Aston Martin,0 days 00:50:50.972000,,1,10.0,,,False,True
0 days 00:53:39.032000,VET,5,0 days 00:01:23.918000,12.0,3.0,,,0 days 00:00:24.584000,0 days 00:00:32.357000,0 days 00:00:26.977000,0 days 00:52:39.716000,0 days 00:53:12.073000,0 days 00:53:39.050000,272.0,185.0,296.0,302.0,True,SOFT,15.0,False,Aston Martin,0 days 00:52:15.114000,,1,10.0,,,False,True
0 days 00:55:03.144000,VET,5,0 days 00:01:24.112000,13.0,3.0,,,0 days 00:00:24.785000,0 days 00:00:32.269000,0 days 00:00:27.058000,0 days 00:54:03.835000,0 days 00:54:36.104000,0 days 00:55:03.162000,273.0,187.0,294.0,295.0,False,SOFT,16.0,False,Aston Martin,0 days 00:53:39.032000,,1,10.0,,,False,True
0 days 00:56:27.265000,VET,5,0 days 00:01:24.121000,14.0,3.0,,,0 days 00:00:24.737000,0 days 00:00:32.236000,0 days 00:00:27.148000,0 days 00:55:27.899000,0 days 00:56:00.135000,0 days 00:56:27.283000,268.0,189.0,293.0,293.0,False,SOFT,17.0,False,Aston Martin,0 days 00:55:03.144000,,1,10.0,,,False,True
0 days 00:57:51.156000,VET,5,0 days 00:01:23.891000,15.0,3.0,,,0 days 00:00:24.636000,0 days 00:00:32.192000,0 days 00:00:27.063000,0 days 00:56:51.919000,0 days 00:57:24.111000,0 days 00:57:51.174000,273.0,188.0,293.0,297.0,True,SOFT,18.0,False,Aston Martin,0 days 00:56:27.265000,,1,10.0,,,False,True
0 days 00:59:15.226000,VET,5,0 days 00:01:24.070000,16.0,3.0,,,0 days 00:00:24.584000,0 days 00:00:32.354000,0 days 00:00:27.132000,0 days 00:58:15.758000,0 days 00:58:48.112000,0 days 00:59:15.244000,276.0,185.0,291.0,288.0,False,SOFT,19.0,False,Aston Martin,0 days 00:57:51.156000,,1,10.0,,,False,True
0 days 01:00:39.102000,VET,5,0 days 00:01:23.876000,17.0,3.0,,,0 days 00:00:24.396000,0 days 00:00:32.552000,0 days 00:00:26.928000,0 days 00:59:39.640000,0 days 01:00:12.192000,0 days 01:00:39.120000,274.0,188.0,290.0,291.0,True,SOFT,20.0,False,Aston Martin,0 days 00:59:15.226000,,1,10.0,,,False,True
0 days 01:02:03.832000,VET,5,0 days 00:01:24.730000,18.0,3.0,,,0 days 00:00:25.254000,0 days 00:00:32.388000,0 days 00:00:27.088000,0 days 01:01:04.374000,0 days 01:01:36.762000,0 days 01:02:03.850000,279.0,189.0,294.0,296.0,False,SOFT,21.0,False,Aston Martin,0 days 01:00:39.102000,,1,11.0,,,False,True
0 days 01:03:27.751000,VET,5,0 days 00:01:23.919000,19.0,3.0,,,0 days 00:00:24.517000,0 days 00:00:32.353000,0 days 00:00:27.049000,0 days 01:02:28.367000,0 days 01:03:00.720000,0 days 01:03:27.769000,277.0,185.0,293.0,294.0,False,SOFT,22.0,False,Aston Martin,0 days 01:02:03.832000,,1,11.0,,,False,True
0 days 01:04:51.918000,VET,5,0 days 00:01:24.167000,20.0,3.0,,,0 days 00:00:24.663000,0 days 00:00:32.280000,0 days 00:00:27.224000,0 days 01:03:52.432000,0 days 01:04:24.712000,0 days 01:04:51.936000,274.0,185.0,292.0,291.0,False,SOFT,23.0,False,Aston Martin,0 days 01:03:27.751000,,1,11.0,,,False,True
0 days 01:06:16.134000,VET,5,0 days 00:01:24.216000,21.0,3.0,,,0 days 00:00:24.613000,0 days 00:00:32.444000,0 days 00:00:27.159000,0 days 01:05:16.549000,0 days 01:05:48.993000,0 days 01:06:16.152000,276.0,187.0,292.0,292.0,False,SOFT,24.0,False,Aston Martin,0 days 01:04:51.918000,,1,11.0,,,False,True
0 days 01:07:43.598000,VET,5,0 days 00:01:27.464000,22.0,3.0,,0 days 01:07:40.672000,0 days 00:00:24.473000,0 days 00:00:32.180000,0 days 00:00:30.811000,0 days 01:06:40.625000,0 days 01:07:12.805000,0 days 01:07:43.616000,268.0,192.0,,289.0,False,SOFT,25.0,False,Aston Martin,0 days 01:06:16.134000,,1,11.0,,,False,False
0 days 01:09:28.854000,VET,5,0 days 00:01:45.256000,23.0,4.0,0 days 01:08:07.315000,,0 days 00:00:46.064000,0 days 00:00:32.273000,0 days 00:00:26.919000,0 days 01:08:29.680000,0 days 01:09:01.953000,0 days 01:09:28.872000,270.0,188.0,290.0,289.0,False,MEDIUM,1.0,False,Aston Martin,0 days 01:07:43.598000,,1,16.0,,,False,False
0 days 01:10:52.621000,VET,5,0 days 00:01:23.767000,24.0,4.0,,,0 days 00:00:24.424000,0 days 00:00:32.354000,0 days 00:00:26.989000,0 days 01:09:53.296000,0 days 01:10:25.650000,0 days 01:10:52.639000,273.0,187.0,296.0,293.0,True,MEDIUM,2.0,False,Aston Martin,0 days 01:09:28.854000,,1,15.0,,,False,True
0 days 01:12:16.356000,VET,5,0 days 00:01:23.735000,25.0,4.0,,,0 days 00:00:24.559000,0 days 00:00:32.146000,0 days 00:00:27.030000,0 days 01:11:17.198000,0 days 01:11:49.344000,0 days 01:12:16.374000,273.0,159.0,290.0,329.0,True,MEDIUM,3.0,False,Aston Martin,0 days 01:10:52.621000,,1,14.0,,,False,True
0 days 01:13:39.697000,VET,5,0 days 00:01:23.341000,26.0,4.0,,,0 days 00:00:24.443000,0 days 00:00:32.072000,0 days 00:00:26.826000,0 days 01:12:40.817000,0 days 01:13:12.889000,0 days 01:13:39.715000,272.0,188.0,297.0,286.0,True,MEDIUM,4.0,False,Aston Martin,0 days 01:12:16.356000,,1,14.0,,,False,True
0 days 01:15:03.394000,VET,5,0 days 00:01:23.697000,27.0,4.0,,,0 days 00:00:24.447000,0 days 00:00:32.257000,0 days 00:00:26.993000,0 days 01:14:04.162000,0 days 01:14:36.419000,0 days 01:15:03.412000,284.0,187.0,289.0,318.0,True,MEDIUM,5.0,False,Aston Martin,0 days 01:13:39.697000,,1,13.0,,,False,True
0 days 01:16:27.371000,VET,5,0 days 00:01:23.977000,28.0,4.0,,,0 days 00:00:24.614000,0 days 00:00:32.299000,0 days 00:00:27.064000,0 days 01:15:28.026000,0 days 01:16:00.325000,0 days 01:16:27.389000,270.0,182.0,290.0,281.0,False,MEDIUM,6.0,False,Aston Martin,0 days 01:15:03.394000,,1,13.0,,,False,True
0 days 01:17:50.939000,VET,5,0 days 00:01:23.568000,29.0,4.0,,,0 days 00:00:24.457000,0 days 00:00:32.054000,0 days 00:00:27.057000,0 days 01:16:51.846000,0 days 01:17:23.900000,0 days 01:17:50.957000,276.0,191.0,288.0,289.0,True,MEDIUM,7.0,False,Aston Martin,0 days 01:16:27.371000,,1,13.0,,,False,True
0 days 01:19:14.378000,VET,5,0 days 00:01:23.439000,30.0,4.0,,,0 days 00:00:24.513000,0 days 00:00:32.049000,0 days 00:00:26.877000,0 days 01:18:15.470000,0 days 01:18:47.519000,0 days 01:19:14.396000,273.0,188.0,288.0,283.0,True,MEDIUM,8.0,False,Aston Martin,0 days 01:17:50.939000,,1,13.0,,,False,True
0 days 01:20:37.914000,VET,5,0 days 00:01:23.536000,31.0,4.0,,,0 days 00:00:24.447000,0 days 00:00:32.088000,0 days 00:00:27.001000,0 days 01:19:38.843000,0 days 01:20:10.931000,0 days 01:20:37.932000,271.0,191.0,290.0,282.0,False,MEDIUM,9.0,False,Aston Martin,0 days 01:19:14.378000,,1,13.0,,,False,True
0 days 01:22:00.928000,VET,5,0 days 00:01:23.014000,32.0,4.0,,,0 days 00:00:24.209000,0 days 00:00:31.983000,0 days 00:00:26.822000,0 days 01:21:02.141000,0 days 01:21:34.124000,0 days 01:22:00.946000,274.0,190.0,289.0,285.0,True,MEDIUM,10.0,False,Aston Martin,0 days 01:20:37.914000,,1,13.0,,,False,True
0 days 01:23:24.044000,VET,5,0 days 00:01:23.116000,33.0,4.0,,,0 days 00:00:24.344000,0 days 00:00:31.999000,0 days 00:00:26.773000,0 days 01:22:25.290000,0 days 01:22:57.289000,0 days 01:23:24.062000,272.0,188.0,290.0,283.0,False,MEDIUM,11.0,False,Aston Martin,0 days 01:22:00.928000,,1,13.0,,,False,True
0 days 01:24:47.167000,VET,5,0 days 00:01:23.123000,34.0,4.0,,,0 days 00:00:24.363000,0 days 00:00:31.945000,0 days 00:00:26.815000,0 days 01:23:48.425000,0 days 01:24:20.370000,0 days 01:24:47.185000,272.0,188.0,290.0,284.0,False,MEDIUM,12.0,False,Aston Martin,0 days 01:23:24.044000,,1,13.0,,,False,True
0 days 01:26:10.535000,VET,5,0 days 00:01:23.368000,35.0,4.0,,,0 days 00:00:24.266000,0 days 00:00:32.028000,0 days 00:00:27.074000,0 days 01:25:11.451000,0 days 01:25:43.479000,0 days 01:26:10.553000,275.0,186.0,288.0,284.0,False,MEDIUM,13.0,False,Aston Martin,0 days 01:24:47.167000,,1,13.0,,,False,True
0 days 01:27:33.779000,VET,5,0 days 00:01:23.244000,36.0,4.0,,,0 days 00:00:24.392000,0 days 00:00:32.031000,0 days 00:00:26.821000,0 days 01:26:34.945000,0 days 01:27:06.976000,0 days 01:27:33.797000,273.0,188.0,289.0,287.0,False,MEDIUM,14.0,False,Aston Martin,0 days 01:26:10.535000,,1,13.0,,,False,True
0 days 01:28:56.859000,VET,5,0 days 00:01:23.080000,37.0,4.0,,,0 days 00:00:24.311000,0 days 00:00:31.975000,0 days 00:00:26.794000,0 days 01:27:58.108000,0 days 01:28:30.083000,0 days 01:28:56.877000,272.0,189.0,290.0,284.0,False,MEDIUM,15.0,False,Aston Martin,0 days 01:27:33.779000,,1,13.0,,,False,True
0 days 01:30:19.976000,VET,5,0 days 00:01:23.117000,38.0,4.0,,,0 days 00:00:24.355000,0 days 00:00:31.932000,0 days 00:00:26.830000,0 days 01:29:21.232000,0 days 01:29:53.164000,0 days 01:30:19.994000,274.0,188.0,289.0,282.0,False,MEDIUM,16.0,False,Aston Martin,0 days 01:28:56.859000,,1,13.0,,,False,True
0 days 01:31:43.075000,VET,5,0 days 00:01:23.099000,39.0,4.0,,,0 days 00:00:24.247000,0 days 00:00:31.848000,0 days 00:00:27.004000,0 days 01:30:44.241000,0 days 01:31:16.089000,0 days 01:31:43.093000,272.0,186.0,290.0,288.0,False,MEDIUM,17.0,False,Aston Martin,0 days 01:30:19.976000,,1,13.0,,,False,True
0 days 01:33:06.493000,VET,5,0 days 00:01:23.418000,40.0,4.0,,,0 days 00:00:24.547000,0 days 00:00:31.862000,0 days 00:00:27.009000,0 days 01:32:07.640000,0 days 01:32:39.502000,0 days 01:33:06.511000,276.0,190.0,287.0,284.0,False,MEDIUM,18.0,False,Aston Martin,0 days 01:31:43.075000,,1,12.0,,,False,True
0 days 01:34:29.569000,VET,5,0 days 00:01:23.076000,41.0,4.0,,,0 days 00:00:24.348000,0 days 00:00:31.839000,0 days 00:00:26.889000,0 days 01:33:30.859000,0 days 01:34:02.698000,0 days 01:34:29.587000,272.0,190.0,289.0,281.0,False,MEDIUM,19.0,False,Aston Martin,0 days 01:33:06.493000,,1,12.0,,,False,True
0 days 01:35:52.641000,VET,5,0 days 00:01:23.072000,42.0,4.0,,,0 days 00:00:24.300000,0 days 00:00:31.757000,0 days 00:00:27.015000,0 days 01:34:53.887000,0 days 01:35:25.644000,0 days 01:35:52.659000,273.0,191.0,289.0,282.0,False,MEDIUM,20.0,False,Aston Martin,0 days 01:34:29.569000,,1,12.0,,,False,True
0 days 01:37:15.866000,VET,5,0 days 00:01:23.225000,43.0,4.0,,,0 days 00:00:24.411000,0 days 00:00:31.869000,0 days 00:00:26.945000,0 days 01:36:17.070000,0 days 01:36:48.939000,0 days 01:37:15.884000,275.0,188.0,288.0,279.0,False,MEDIUM,21.0,False,Aston Martin,0 days 01:35:52.641000,,1,12.0,,,False,True
0 days 01:38:39.079000,VET,5,0 days 00:01:23.213000,44.0,4.0,,,0 days 00:00:24.377000,0 days 00:00:31.882000,0 days 00:00:26.954000,0 days 01:37:40.261000,0 days 01:38:12.143000,0 days 01:38:39.097000,276.0,189.0,292.0,283.0,False,MEDIUM,22.0,False,Aston Martin,0 days 01:37:15.866000,,1,12.0,,,False,True
0 days 01:40:01.928000,VET,5,0 days 00:01:22.849000,45.0,4.0,,,0 days 00:00:24.238000,0 days 00:00:31.846000,0 days 00:00:26.765000,0 days 01:39:03.335000,0 days 01:39:35.181000,0 days 01:40:01.946000,273.0,191.0,290.0,289.0,True,MEDIUM,23.0,False,Aston Martin,0 days 01:38:39.079000,,1,12.0,,,False,True
0 days 01:41:24.994000,VET,5,0 days 00:01:23.066000,46.0,4.0,,,0 days 00:00:24.295000,0 days 00:00:31.938000,0 days 00:00:26.833000,0 days 01:40:26.241000,0 days 01:40:58.179000,0 days 01:41:25.012000,273.0,190.0,287.0,283.0,False,MEDIUM,24.0,False,Aston Martin,0 days 01:40:01.928000,,1,12.0,,,False,True
0 days 01:42:47.883000,VET,5,0 days 00:01:22.889000,47.0,4.0,,,0 days 00:00:24.376000,0 days 00:00:31.731000,0 days 00:00:26.782000,0 days 01:41:49.388000,0 days 01:42:21.119000,0 days 01:42:47.901000,274.0,192.0,289.0,281.0,False,MEDIUM,25.0,False,Aston Martin,0 days 01:41:24.994000,,1,12.0,,,False,True
0 days 01:44:10.672000,VET,5,0 days 00:01:22.789000,48.0,4.0,,,0 days 00:00:24.239000,0 days 00:00:31.729000,0 days 00:00:26.821000,0 days 01:43:12.140000,0 days 01:43:43.869000,0 days 01:44:10.690000,274.0,192.0,291.0,284.0,True,MEDIUM,26.0,False,Aston Martin,0 days 01:42:47.883000,,1,12.0,,,False,True
0 days 01:45:33.594000,VET,5,0 days 00:01:22.922000,49.0,4.0,,,0 days 00:00:24.217000,0 days 00:00:31.732000,0 days 00:00:26.973000,0 days 01:44:34.907000,0 days 01:45:06.639000,0 days 01:45:33.612000,276.0,188.0,291.0,284.0,False,MEDIUM,27.0,False,Aston Martin,0 days 01:44:10.672000,,1,12.0,,,False,True
0 days 01:46:56.328000,VET,5,0 days 00:01:22.734000,50.0,4.0,,,0 days 00:00:24.198000,0 days 00:00:31.707000,0 days 00:00:26.829000,0 days 01:45:57.810000,0 days 01:46:29.517000,0 days 01:46:56.346000,275.0,189.0,289.0,285.0,True,MEDIUM,28.0,False,Aston Martin,0 days 01:45:33.594000,,1,12.0,,,False,True
0 days 01:48:18.891000,VET,5,0 days 00:01:22.563000,51.0,4.0,,,0 days 00:00:24.202000,0 days 00:00:31.560000,0 days 00:00:26.801000,0 days 01:47:20.548000,0 days 01:47:52.108000,0 days 01:48:18.909000,273.0,194.0,291.0,283.0,True,MEDIUM,29.0,False,Aston Martin,0 days 01:46:56.328000,,1,12.0,,,False,True
0 days 01:49:41.362000,VET,5,0 days 00:01:22.471000,52.0,4.0,,,0 days 00:00:24.263000,0 days 00:00:31.622000,0 days 00:00:26.586000,0 days 01:48:43.172000,0 days 01:49:14.794000,0 days 01:49:41.380000,271.0,194.0,291.0,285.0,True,MEDIUM,30.0,False,Aston Martin,0 days 01:48:18.891000,,1,12.0,,,False,True
0 days 01:51:04.425000,VET,5,0 days 00:01:23.063000,53.0,4.0,,,0 days 00:00:24.109000,0 days 00:00:31.715000,0 days 00:00:27.239000,0 days 01:50:05.489000,0 days 01:50:37.204000,0 days 01:51:04.443000,276.0,186.0,288.0,285.0,False,MEDIUM,31.0,False,Aston Martin,0 days 01:49:41.362000,,1,12.0,,,False,True
0 days 01:52:27.222000,VET,5,0 days 00:01:22.797000,54.0,4.0,,,0 days 00:00:24.283000,0 days 00:00:31.727000,0 days 00:00:26.787000,0 days 01:51:28.726000,0 days 01:52:00.453000,0 days 01:52:27.240000,272.0,194.0,289.0,291.0,False,MEDIUM,32.0,False,Aston Martin,0 days 01:51:04.425000,,1,12.0,,,False,True
0 days 01:53:49.805000,VET,5,0 days 00:01:22.583000,55.0,4.0,,,0 days 00:00:24.176000,0 days 00:00:31.740000,0 days 00:00:26.667000,0 days 01:52:51.416000,0 days 01:53:23.156000,0 days 01:53:49.823000,270.0,191.0,291.0,290.0,False,MEDIUM,33.0,False,Aston Martin,0 days 01:52:27.222000,,1,12.0,,,False,True
0 days 01:55:13.281000,VET,5,0 days 00:01:23.476000,56.0,4.0,,,0 days 00:00:24.868000,0 days 00:00:32.011000,0 days 00:00:26.597000,0 days 01:54:14.691000,0 days 01:54:46.702000,0 days 01:55:13.299000,279.0,192.0,293.0,292.0,False,MEDIUM,34.0,False,Aston Martin,0 days 01:53:49.805000,,1,13.0,,,False,True
0 days 01:56:36.145000,VET,5,0 days 00:01:22.864000,57.0,4.0,,,0 days 00:00:24.125000,0 days 00:00:31.966000,0 days 00:00:26.773000,0 days 01:55:37.424000,0 days 01:56:09.390000,0 days 01:56:36.163000,285.0,191.0,290.0,306.0,False,MEDIUM,35.0,False,Aston Martin,0 days 01:55:13.281000,,1,13.0,,,False,True
0 days 01:57:59.315000,VET,5,0 days 00:01:23.170000,58.0,4.0,,,0 days 00:00:24.141000,0 days 00:00:31.799000,0 days 00:00:27.230000,0 days 01:57:00.304000,0 days 01:57:32.103000,0 days 01:57:59.333000,279.0,188.0,287.0,284.0,False,MEDIUM,36.0,False,Aston Martin,0 days 01:56:36.145000,,1,13.0,,,False,True
0 days 01:59:22.769000,VET,5,0 days 00:01:23.454000,59.0,4.0,,,0 days 00:00:24.782000,0 days 00:00:31.942000,0 days 00:00:26.730000,0 days 01:58:24.115000,0 days 01:58:56.057000,0 days 01:59:22.787000,285.0,187.0,292.0,291.0,False,MEDIUM,37.0,False,Aston Martin,0 days 01:57:59.315000,,1,14.0,,,False,True
0 days 02:00:45.185000,VET,5,0 days 00:01:22.416000,60.0,4.0,,,0 days 00:00:24.160000,0 days 00:00:31.662000,0 days 00:00:26.594000,0 days 01:59:46.947000,0 days 02:00:18.609000,0 days 02:00:45.203000,275.0,191.0,291.0,288.0,True,MEDIUM,38.0,False,Aston Martin,0 days 01:59:22.769000,,1,14.0,,,False,True
0 days 02:02:09.197000,VET,5,0 days 00:01:24.012000,61.0,4.0,,,0 days 00:00:24.220000,0 days 00:00:33.257000,0 days 00:00:26.535000,0 days 02:01:09.423000,0 days 02:01:42.680000,0 days 02:02:09.215000,268.0,191.0,292.0,292.0,False,MEDIUM,39.0,False,Aston Martin,0 days 02:00:45.185000,,1,14.0,,,False,True
0 days 02:03:31.989000,VET,5,0 days 00:01:22.792000,62.0,4.0,,,0 days 00:00:23.807000,0 days 00:00:32.098000,0 days 00:00:26.887000,0 days 02:02:33.022000,0 days 02:03:05.120000,0 days 02:03:32.007000,281.0,189.0,293.0,293.0,False,MEDIUM,40.0,False,Aston Martin,0 days 02:02:09.197000,,1,14.0,,,False,True
0 days 02:04:56.545000,VET,5,0 days 00:01:24.556000,63.0,4.0,,,0 days 00:00:24.057000,0 days 00:00:33.870000,0 days 00:00:26.629000,0 days 02:03:56.064000,0 days 02:04:29.934000,0 days 02:04:56.563000,279.0,193.0,293.0,311.0,False,MEDIUM,41.0,False,Aston Martin,0 days 02:03:31.989000,,1,14.0,,,False,True
0 days 02:06:19.429000,VET,5,0 days 00:01:22.884000,64.0,4.0,,,0 days 00:00:24.184000,0 days 00:00:31.895000,0 days 00:00:26.805000,0 days 02:05:20.747000,0 days 02:05:52.642000,0 days 02:06:19.447000,277.0,193.0,291.0,283.0,False,MEDIUM,42.0,False,Aston Martin,0 days 02:04:56.545000,,1,14.0,,,False,True
0 days 02:07:42.619000,VET,5,0 days 00:01:23.190000,65.0,4.0,,,0 days 00:00:23.948000,0 days 00:00:31.827000,0 days 00:00:27.415000,0 days 02:06:43.395000,0 days 02:07:15.222000,0 days 02:07:42.637000,275.0,182.0,291.0,282.0,False,MEDIUM,43.0,False,Aston Martin,0 days 02:06:19.429000,,1,13.0,,,False,True
0 days 00:34:31.390000,SAI,55,0 days 00:01:28.400000,1.0,1.0,,,,0 days 00:00:33.310000,0 days 00:00:27.420000,,0 days 00:34:04.003000,0 days 00:34:31.583000,266.0,174.0,287.0,246.0,False,SOFT,6.0,False,Ferrari,0 days 00:33:02.841000,,1,4.0,,,False,False
0 days 00:36:20.318000,SAI,55,0 days 00:01:48.928000,2.0,1.0,,0 days 00:36:17.182000,0 days 00:00:24.968000,0 days 00:00:44.522000,0 days 00:00:39.438000,0 days 00:34:56.376000,0 days 00:35:40.898000,0 days 00:36:20.336000,271.0,153.0,,294.0,False,SOFT,7.0,False,Ferrari,0 days 00:34:31.390000,,14,4.0,,,False,False
0 days 00:38:41.774000,SAI,55,0 days 00:02:21.456000,3.0,2.0,0 days 00:36:39.312000,0 days 00:38:38.764000,0 days 00:00:51.535000,0 days 00:00:44.118000,0 days 00:00:45.803000,0 days 00:37:11.871000,0 days 00:37:55.989000,0 days 00:38:41.792000,196.0,105.0,,294.0,False,SOFT,8.0,False,Ferrari,0 days 00:36:20.318000,,4,4.0,,,False,False
0 days 00:40:57.468000,SAI,55,0 days 00:02:15.694000,4.0,3.0,0 days 00:39:01.049000,,0 days 00:00:50.548000,0 days 00:00:44.422000,0 days 00:00:40.724000,0 days 00:39:32.340000,0 days 00:40:16.762000,0 days 00:40:57.486000,195.0,139.0,223.0,294.0,False,SOFT,9.0,False,Ferrari,0 days 00:38:41.774000,,4,4.0,,,False,False
0 days 00:42:57.707000,SAI,55,0 days 00:02:00.239000,5.0,3.0,,,0 days 00:00:34.626000,0 days 00:00:45.180000,0 days 00:00:40.433000,0 days 00:41:32.112000,0 days 00:42:17.292000,0 days 00:42:57.725000,176.0,154.0,202.0,252.0,True,SOFT,10.0,False,Ferrari,0 days 00:40:57.468000,,4,4.0,,,False,False
0 days 00:45:05.617000,SAI,55,0 days 00:02:07.910000,6.0,3.0,,,0 days 00:00:34.962000,0 days 00:00:45.426000,0 days 00:00:47.522000,0 days 00:43:32.687000,0 days 00:44:18.113000,0 days 00:45:05.635000,168.0,138.0,240.0,252.0,False,SOFT,11.0,False,Ferrari,0 days 00:42:57.707000,,41,4.0,,,False,False
0 days 00:46:33.892000,SAI,55,0 days 00:01:28.275000,7.0,3.0,,,0 days 00:00:27.456000,0 days 00:00:33.612000,0 days 00:00:27.207000,0 days 00:45:33.091000,0 days 00:46:06.703000,0 days 00:46:33.910000,264.0,182.0,289.0,297.0,True,SOFT,12.0,False,Ferrari,0 days 00:45:05.617000,,1,6.0,,,False,True
0 days 00:47:58.221000,SAI,55,0 days 00:01:24.329000,8.0,3.0,,,0 days 00:00:24.593000,0 days 00:00:32.728000,0 days 00:00:27.008000,0 days 00:46:58.503000,0 days 00:47:31.231000,0 days 00:47:58.239000,273.0,179.0,290.0,303.0,True,SOFT,13.0,False,Ferrari,0 days 00:46:33.892000,,1,6.0,,,False,True
0 days 00:49:22.660000,SAI,55,0 days 00:01:24.439000,9.0,3.0,,,0 days 00:00:24.545000,0 days 00:00:32.861000,0 days 00:00:27.033000,0 days 00:48:22.784000,0 days 00:48:55.645000,0 days 00:49:22.678000,274.0,182.0,291.0,295.0,False,SOFT,14.0,False,Ferrari,0 days 00:47:58.221000,,1,6.0,,,False,True
0 days 00:50:46.660000,SAI,55,0 days 00:01:24,10.0,3.0,,,0 days 00:00:24.548000,0 days 00:00:32.407000,0 days 00:00:27.045000,0 days 00:49:47.226000,0 days 00:50:19.633000,0 days 00:50:46.678000,272.0,183.0,288.0,296.0,True,SOFT,15.0,False,Ferrari,0 days 00:49:22.660000,,1,6.0,,,False,True
0 days 00:52:10.672000,SAI,55,0 days 00:01:24.012000,11.0,3.0,,,0 days 00:00:24.531000,0 days 00:00:32.504000,0 days 00:00:26.977000,0 days 00:51:11.209000,0 days 00:51:43.713000,0 days 00:52:10.690000,272.0,183.0,287.0,292.0,False,SOFT,16.0,False,Ferrari,0 days 00:50:46.660000,,1,6.0,,,False,True
0 days 00:53:33.868000,SAI,55,0 days 00:01:23.196000,12.0,3.0,,,0 days 00:00:24.260000,0 days 00:00:32.083000,0 days 00:00:26.853000,0 days 00:52:34.950000,0 days 00:53:07.033000,0 days 00:53:33.886000,273.0,185.0,289.0,299.0,True,SOFT,17.0,False,Ferrari,0 days 00:52:10.672000,,1,6.0,,,False,True
0 days 00:54:57.522000,SAI,55,0 days 00:01:23.654000,13.0,3.0,,,0 days 00:00:24.495000,0 days 00:00:32.180000,0 days 00:00:26.979000,0 days 00:53:58.381000,0 days 00:54:30.561000,0 days 00:54:57.540000,271.0,184.0,289.0,292.0,False,SOFT,18.0,False,Ferrari,0 days 00:53:33.868000,,1,6.0,,,False,True
0 days 00:56:21.506000,SAI,55,0 days 00:01:23.984000,14.0,3.0,,,0 days 00:00:24.483000,0 days 00:00:32.325000,0 days 00:00:27.176000,0 days 00:55:22.023000,0 days 00:55:54.348000,0 days 00:56:21.524000,270.0,183.0,289.0,294.0,False,SOFT,19.0,False,Ferrari,0 days 00:54:57.522000,,1,6.0,,,False,True
0 days 00:57:45.464000,SAI,55,0 days 00:01:23.958000,15.0,3.0,,,0 days 00:00:24.452000,0 days 00:00:32.315000,0 days 00:00:27.191000,0 days 00:56:45.976000,0 days 00:57:18.291000,0 days 00:57:45.482000,272.0,185.0,290.0,296.0,False,SOFT,20.0,False,Ferrari,0 days 00:56:21.506000,,1,6.0,,,False,True
0 days 00:59:09.191000,SAI,55,0 days 00:01:23.727000,16.0,3.0,,,0 days 00:00:24.399000,0 days 00:00:32.319000,0 days 00:00:27.009000,0 days 00:58:09.881000,0 days 00:58:42.200000,0 days 00:59:09.209000,275.0,184.0,288.0,297.0,False,SOFT,21.0,False,Ferrari,0 days 00:57:45.464000,,1,6.0,,,False,True
0 days 01:00:32.983000,SAI,55,0 days 00:01:23.792000,17.0,3.0,,,0 days 00:00:24.331000,0 days 00:00:32.487000,0 days 00:00:26.974000,0 days 00:59:33.540000,0 days 01:00:06.027000,0 days 01:00:33.001000,274.0,183.0,289.0,299.0,False,SOFT,22.0,False,Ferrari,0 days 00:59:09.191000,,1,6.0,,,False,True
0 days 01:01:56.548000,SAI,55,0 days 00:01:23.565000,18.0,3.0,,,0 days 00:00:24.411000,0 days 00:00:32.191000,0 days 00:00:26.963000,0 days 01:00:57.412000,0 days 01:01:29.603000,0 days 01:01:56.566000,273.0,186.0,289.0,297.0,False,SOFT,23.0,False,Ferrari,0 days 01:00:32.983000,,1,6.0,,,False,True
0 days 01:03:20.193000,SAI,55,0 days 00:01:23.645000,19.0,3.0,,,0 days 00:00:24.384000,0 days 00:00:32.341000,0 days 00:00:26.920000,0 days 01:02:20.950000,0 days 01:02:53.291000,0 days 01:03:20.211000,276.0,178.0,290.0,295.0,False,SOFT,24.0,False,Ferrari,0 days 01:01:56.548000,,1,6.0,,,False,True
0 days 01:04:43.845000,SAI,55,0 days 00:01:23.652000,20.0,3.0,,,0 days 00:00:24.271000,0 days 00:00:32.226000,0 days 00:00:27.155000,0 days 01:03:44.482000,0 days 01:04:16.708000,0 days 01:04:43.863000,275.0,180.0,288.0,297.0,False,SOFT,25.0,False,Ferrari,0 days 01:03:20.193000,,1,6.0,,,False,True
0 days 01:06:11.155000,SAI,55,0 days 00:01:27.310000,21.0,3.0,,0 days 01:06:08.221000,0 days 00:00:24.347000,0 days 00:00:32.224000,0 days 00:00:30.739000,0 days 01:05:08.210000,0 days 01:05:40.434000,0 days 01:06:11.173000,274.0,185.0,,295.0,False,SOFT,26.0,False,Ferrari,0 days 01:04:43.845000,,1,7.0,,,False,False
0 days 01:07:55.403000,SAI,55,0 days 00:01:44.248000,22.0,4.0,0 days 01:06:34.108000,,0 days 00:00:44.934000,0 days 00:00:32.385000,0 days 00:00:26.929000,0 days 01:06:56.107000,0 days 01:07:28.492000,0 days 01:07:55.421000,272.0,191.0,293.0,295.0,False,MEDIUM,1.0,True,Ferrari,0 days 01:06:11.155000,,1,15.0,,,False,False
0 days 01:09:19.054000,SAI,55,0 days 00:01:23.651000,23.0,4.0,,,0 days 00:00:24.387000,0 days 00:00:32.409000,0 days 00:00:26.855000,0 days 01:08:19.808000,0 days 01:08:52.217000,0 days 01:09:19.072000,282.0,183.0,294.0,309.0,False,MEDIUM,2.0,True,Ferrari,0 days 01:07:55.403000,,1,11.0,,,False,True
0 days 01:10:43.059000,SAI,55,0 days 00:01:24.005000,24.0,4.0,,,0 days 00:00:24.470000,0 days 00:00:32.542000,0 days 00:00:26.993000,0 days 01:09:43.542000,0 days 01:10:16.084000,0 days 01:10:43.077000,277.0,184.0,288.0,312.0,False,MEDIUM,3.0,True,Ferrari,0 days 01:09:19.054000,,1,11.0,,,False,True
0 days 01:12:06.131000,SAI,55,0 days 00:01:23.072000,25.0,4.0,,,0 days 00:00:24.215000,0 days 00:00:31.924000,0 days 00:00:26.933000,0 days 01:11:07.292000,0 days 01:11:39.216000,0 days 01:12:06.149000,275.0,185.0,288.0,294.0,True,MEDIUM,4.0,True,Ferrari,0 days 01:10:43.059000,,1,10.0,,,False,True
0 days 01:13:29.567000,SAI,55,0 days 00:01:23.436000,26.0,4.0,,,0 days 00:00:24.452000,0 days 00:00:32.131000,0 days 00:00:26.853000,0 days 01:12:30.601000,0 days 01:13:02.732000,0 days 01:13:29.585000,279.0,187.0,289.0,298.0,False,MEDIUM,5.0,True,Ferrari,0 days 01:12:06.131000,,1,9.0,,,False,True
0 days 01:14:53.289000,SAI,55,0 days 00:01:23.722000,27.0,4.0,,,0 days 00:00:24.440000,0 days 00:00:32.300000,0 days 00:00:26.982000,0 days 01:13:54.025000,0 days 01:14:26.325000,0 days 01:14:53.307000,273.0,185.0,289.0,298.0,False,MEDIUM,6.0,True,Ferrari,0 days 01:13:29.567000,,1,9.0,,,False,True
0 days 01:16:16.835000,SAI,55,0 days 00:01:23.546000,28.0,4.0,,,0 days 00:00:24.421000,0 days 00:00:32.285000,0 days 00:00:26.840000,0 days 01:15:17.728000,0 days 01:15:50.013000,0 days 01:16:16.853000,274.0,186.0,289.0,295.0,False,MEDIUM,7.0,True,Ferrari,0 days 01:14:53.289000,,1,9.0,,,False,True
0 days 01:17:40.287000,SAI,55,0 days 00:01:23.452000,29.0,4.0,,,0 days 00:00:24.467000,0 days 00:00:32.241000,0 days 00:00:26.744000,0 days 01:16:41.320000,0 days 01:17:13.561000,0 days 01:17:40.305000,274.0,187.0,288.0,293.0,False,MEDIUM,8.0,True,Ferrari,0 days 01:16:16.835000,,1,9.0,,,False,True
0 days 01:19:03.677000,SAI,55,0 days 00:01:23.390000,30.0,4.0,,,0 days 00:00:24.335000,0 days 00:00:32.156000,0 days 00:00:26.899000,0 days 01:18:04.640000,0 days 01:18:36.796000,0 days 01:19:03.695000,274.0,181.0,288.0,296.0,False,MEDIUM,9.0,True,Ferrari,0 days 01:17:40.287000,,1,9.0,,,False,True
0 days 01:20:27.038000,SAI,55,0 days 00:01:23.361000,31.0,4.0,,,0 days 00:00:24.314000,0 days 00:00:32.193000,0 days 00:00:26.854000,0 days 01:19:28.009000,0 days 01:20:00.202000,0 days 01:20:27.056000,273.0,182.0,288.0,294.0,False,MEDIUM,10.0,True,Ferrari,0 days 01:19:03.677000,,1,9.0,,,False,True
0 days 01:21:50.054000,SAI,55,0 days 00:01:23.016000,32.0,4.0,,,0 days 00:00:24.215000,0 days 00:00:32.032000,0 days 00:00:26.769000,0 days 01:20:51.271000,0 days 01:21:23.303000,0 days 01:21:50.072000,274.0,186.0,289.0,295.0,True,MEDIUM,11.0,True,Ferrari,0 days 01:20:27.038000,,1,9.0,,,False,True
0 days 01:23:13.102000,SAI,55,0 days 00:01:23.048000,33.0,4.0,,,0 days 00:00:24.263000,0 days 00:00:32.045000,0 days 00:00:26.740000,0 days 01:22:14.335000,0 days 01:22:46.380000,0 days 01:23:13.120000,274.0,186.0,289.0,294.0,False,MEDIUM,12.0,True,Ferrari,0 days 01:21:50.054000,,1,9.0,,,False,True
0 days 01:24:35.806000,SAI,55,0 days 00:01:22.704000,34.0,4.0,,,0 days 00:00:24.187000,0 days 00:00:31.825000,0 days 00:00:26.692000,0 days 01:23:37.307000,0 days 01:24:09.132000,0 days 01:24:35.824000,274.0,185.0,289.0,296.0,True,MEDIUM,13.0,True,Ferrari,0 days 01:23:13.102000,,1,9.0,,,False,True
0 days 01:25:59.014000,SAI,55,0 days 00:01:23.208000,35.0,4.0,,,0 days 00:00:24.255000,0 days 00:00:32.134000,0 days 00:00:26.819000,0 days 01:25:00.079000,0 days 01:25:32.213000,0 days 01:25:59.032000,274.0,186.0,287.0,293.0,False,MEDIUM,14.0,True,Ferrari,0 days 01:24:35.806000,,1,9.0,,,False,True
0 days 01:27:22.027000,SAI,55,0 days 00:01:23.013000,36.0,4.0,,,0 days 00:00:24.194000,0 days 00:00:32.042000,0 days 00:00:26.777000,0 days 01:26:23.226000,0 days 01:26:55.268000,0 days 01:27:22.045000,275.0,183.0,288.0,293.0,False,MEDIUM,15.0,True,Ferrari,0 days 01:25:59.014000,,1,9.0,,,False,True
0 days 01:28:46.988000,SAI,55,0 days 00:01:24.961000,37.0,4.0,,,0 days 00:00:24.800000,0 days 00:00:33.365000,0 days 00:00:26.796000,0 days 01:27:46.845000,0 days 01:28:20.210000,0 days 01:28:47.006000,226.0,183.0,293.0,292.0,False,MEDIUM,16.0,True,Ferrari,0 days 01:27:22.027000,,1,10.0,,,False,True
0 days 01:30:09.813000,SAI,55,0 days 00:01:22.825000,38.0,4.0,,,0 days 00:00:24.227000,0 days 00:00:31.955000,0 days 00:00:26.643000,0 days 01:29:11.233000,0 days 01:29:43.188000,0 days 01:30:09.831000,277.0,189.0,290.0,299.0,False,MEDIUM,17.0,True,Ferrari,0 days 01:28:46.988000,,1,10.0,,,False,True
0 days 01:31:32.906000,SAI,55,0 days 00:01:23.093000,39.0,4.0,,,0 days 00:00:24.212000,0 days 00:00:32.018000,0 days 00:00:26.863000,0 days 01:30:34.043000,0 days 01:31:06.061000,0 days 01:31:32.924000,275.0,183.0,291.0,295.0,False,MEDIUM,18.0,True,Ferrari,0 days 01:30:09.813000,,1,10.0,,,False,True
0 days 01:32:55.643000,SAI,55,0 days 00:01:22.737000,40.0,4.0,,,0 days 00:00:23.965000,0 days 00:00:31.896000,0 days 00:00:26.876000,0 days 01:31:56.889000,0 days 01:32:28.785000,0 days 01:32:55.661000,276.0,188.0,290.0,296.0,False,MEDIUM,19.0,True,Ferrari,0 days 01:31:32.906000,,1,9.0,,,False,True
0 days 01:34:18.508000,SAI,55,0 days 00:01:22.865000,41.0,4.0,,,0 days 00:00:24.159000,0 days 00:00:31.931000,0 days 00:00:26.775000,0 days 01:33:19.820000,0 days 01:33:51.751000,0 days 01:34:18.526000,274.0,186.0,286.0,294.0,False,MEDIUM,20.0,True,Ferrari,0 days 01:32:55.643000,,1,8.0,,,False,True
0 days 01:35:41.690000,SAI,55,0 days 00:01:23.182000,42.0,4.0,,,0 days 00:00:24.569000,0 days 00:00:31.837000,0 days 00:00:26.776000,0 days 01:34:43.095000,0 days 01:35:14.932000,0 days 01:35:41.708000,272.0,189.0,289.0,294.0,False,MEDIUM,21.0,True,Ferrari,0 days 01:34:18.508000,,1,7.0,,,False,True
0 days 01:37:04.612000,SAI,55,0 days 00:01:22.922000,43.0,4.0,,,0 days 00:00:24.301000,0 days 00:00:31.832000,0 days 00:00:26.789000,0 days 01:36:06.009000,0 days 01:36:37.841000,0 days 01:37:04.630000,275.0,188.0,291.0,294.0,False,MEDIUM,22.0,True,Ferrari,0 days 01:35:41.690000,,1,7.0,,,False,True
0 days 01:38:29.030000,SAI,55,0 days 00:01:24.418000,44.0,4.0,,,0 days 00:00:24.982000,0 days 00:00:32.532000,0 days 00:00:26.904000,0 days 01:37:29.612000,0 days 01:38:02.144000,0 days 01:38:29.048000,282.0,179.0,292.0,297.0,False,MEDIUM,23.0,True,Ferrari,0 days 01:37:04.612000,,1,8.0,,,False,True
0 days 01:39:51.844000,SAI,55,0 days 00:01:22.814000,45.0,4.0,,,0 days 00:00:24.138000,0 days 00:00:32.055000,0 days 00:00:26.621000,0 days 01:38:53.186000,0 days 01:39:25.241000,0 days 01:39:51.862000,275.0,186.0,291.0,301.0,False,MEDIUM,24.0,True,Ferrari,0 days 01:38:29.030000,,1,8.0,,,False,True
0 days 01:41:14.295000,SAI,55,0 days 00:01:22.451000,46.0,4.0,,,0 days 00:00:24.076000,0 days 00:00:31.886000,0 days 00:00:26.489000,0 days 01:40:15.938000,0 days 01:40:47.824000,0 days 01:41:14.313000,277.0,190.0,287.0,295.0,True,MEDIUM,25.0,True,Ferrari,0 days 01:39:51.844000,,1,8.0,,,False,True
0 days 01:42:37.193000,SAI,55,0 days 00:01:22.898000,47.0,4.0,,,0 days 00:00:24.357000,0 days 00:00:31.843000,0 days 00:00:26.698000,0 days 01:41:38.670000,0 days 01:42:10.513000,0 days 01:42:37.211000,274.0,187.0,289.0,295.0,False,MEDIUM,26.0,True,Ferrari,0 days 01:41:14.295000,,1,8.0,,,False,True
0 days 01:44:00.060000,SAI,55,0 days 00:01:22.867000,48.0,4.0,,,0 days 00:00:24.133000,0 days 00:00:31.935000,0 days 00:00:26.799000,0 days 01:43:01.344000,0 days 01:43:33.279000,0 days 01:44:00.078000,275.0,188.0,288.0,297.0,False,MEDIUM,27.0,True,Ferrari,0 days 01:42:37.193000,,1,8.0,,,False,True
0 days 01:45:22.898000,SAI,55,0 days 00:01:22.838000,49.0,4.0,,,0 days 00:00:24.277000,0 days 00:00:31.770000,0 days 00:00:26.791000,0 days 01:44:24.355000,0 days 01:44:56.125000,0 days 01:45:22.916000,278.0,183.0,289.0,293.0,False,MEDIUM,28.0,True,Ferrari,0 days 01:44:00.060000,,1,8.0,,,False,True
0 days 01:46:45.844000,SAI,55,0 days 00:01:22.946000,50.0,4.0,,,0 days 00:00:24.059000,0 days 00:00:32.068000,0 days 00:00:26.819000,0 days 01:45:46.975000,0 days 01:46:19.043000,0 days 01:46:45.862000,276.0,180.0,287.0,293.0,False,MEDIUM,29.0,True,Ferrari,0 days 01:45:22.898000,,1,8.0,,,False,True
0 days 01:48:08.594000,SAI,55,0 days 00:01:22.750000,51.0,4.0,,,0 days 00:00:24.240000,0 days 00:00:31.856000,0 days 00:00:26.654000,0 days 01:47:10.102000,0 days 01:47:41.958000,0 days 01:48:08.612000,275.0,181.0,290.0,292.0,False,MEDIUM,30.0,True,Ferrari,0 days 01:46:45.844000,,1,8.0,,,False,True
0 days 01:49:31.210000,SAI,55,0 days 00:01:22.616000,52.0,4.0,,,0 days 00:00:24.346000,0 days 00:00:31.628000,0 days 00:00:26.642000,0 days 01:48:32.958000,0 days 01:49:04.586000,0 days 01:49:31.228000,275.0,184.0,289.0,295.0,False,MEDIUM,31.0,True,Ferrari,0 days 01:48:08.594000,,1,8.0,,,False,True
0 days 01:50:54.738000,SAI,55,0 days 00:01:23.528000,53.0,4.0,,,0 days 00:00:24.317000,0 days 00:00:32.299000,0 days 00:00:26.912000,0 days 01:49:55.545000,0 days 01:50:27.844000,0 days 01:50:54.756000,277.0,186.0,288.0,292.0,False,MEDIUM,32.0,True,Ferrari,0 days 01:49:31.210000,,1,8.0,,,False,True
0 days 01:52:17.172000,SAI,55,0 days 00:01:22.434000,54.0,4.0,,,0 days 00:00:24.246000,0 days 00:00:31.666000,0 days 00:00:26.522000,0 days 01:51:19.002000,0 days 01:51:50.668000,0 days 01:52:17.190000,274.0,186.0,289.0,293.0,True,MEDIUM,33.0,True,Ferrari,0 days 01:50:54.738000,,1,8.0,,,False,True
0 days 01:53:39.854000,SAI,55,0 days 00:01:22.682000,55.0,4.0,,,0 days 00:00:24.221000,0 days 00:00:31.805000,0 days 00:00:26.656000,0 days 01:52:41.411000,0 days 01:53:13.216000,0 days 01:53:39.872000,276.0,183.0,291.0,290.0,False,MEDIUM,34.0,True,Ferrari,0 days 01:52:17.172000,,1,8.0,,,False,True
0 days 01:55:02.256000,SAI,55,0 days 00:01:22.402000,56.0,4.0,,,0 days 00:00:24.108000,0 days 00:00:31.653000,0 days 00:00:26.641000,0 days 01:54:03.980000,0 days 01:54:35.633000,0 days 01:55:02.274000,277.0,189.0,290.0,295.0,True,MEDIUM,35.0,True,Ferrari,0 days 01:53:39.854000,,1,8.0,,,False,True
0 days 01:56:24.845000,SAI,55,0 days 00:01:22.589000,57.0,4.0,,,0 days 00:00:24.072000,0 days 00:00:31.832000,0 days 00:00:26.685000,0 days 01:55:26.346000,0 days 01:55:58.178000,0 days 01:56:24.863000,278.0,182.0,291.0,294.0,False,MEDIUM,36.0,True,Ferrari,0 days 01:55:02.256000,,1,8.0,,,False,True
0 days 01:57:48.700000,SAI,55,0 days 00:01:23.855000,58.0,4.0,,,0 days 00:00:24.685000,0 days 00:00:32.380000,0 days 00:00:26.790000,0 days 01:56:49.548000,0 days 01:57:21.928000,0 days 01:57:48.718000,289.0,181.0,292.0,298.0,False,MEDIUM,37.0,True,Ferrari,0 days 01:56:24.845000,,1,9.0,,,False,True
0 days 01:59:11.612000,SAI,55,0 days 00:01:22.912000,59.0,4.0,,,0 days 00:00:24.219000,0 days 00:00:31.987000,0 days 00:00:26.706000,0 days 01:58:12.937000,0 days 01:58:44.924000,0 days 01:59:11.630000,287.0,186.0,288.0,298.0,False,MEDIUM,38.0,True,Ferrari,0 days 01:57:48.700000,,1,9.0,,,False,True
0 days 02:00:33.937000,SAI,55,0 days 00:01:22.325000,60.0,4.0,,,0 days 00:00:24.133000,0 days 00:00:31.627000,0 days 00:00:26.565000,0 days 01:59:35.763000,0 days 02:00:07.390000,0 days 02:00:33.955000,279.0,188.0,288.0,295.0,True,MEDIUM,39.0,True,Ferrari,0 days 01:59:11.612000,,1,9.0,,,False,True
0 days 02:01:56.471000,SAI,55,0 days 00:01:22.534000,61.0,4.0,,,0 days 00:00:24.245000,0 days 00:00:31.701000,0 days 00:00:26.588000,0 days 02:00:58.200000,0 days 02:01:29.901000,0 days 02:01:56.489000,275.0,189.0,288.0,289.0,False,MEDIUM,40.0,True,Ferrari,0 days 02:00:33.937000,,1,9.0,,,False,True
0 days 02:03:19.055000,SAI,55,0 days 00:01:22.584000,62.0,4.0,,,0 days 00:00:24.060000,0 days 00:00:31.847000,0 days 00:00:26.677000,0 days 02:02:20.549000,0 days 02:02:52.396000,0 days 02:03:19.073000,277.0,179.0,287.0,292.0,False,MEDIUM,41.0,True,Ferrari,0 days 02:01:56.471000,,1,9.0,,,False,True
0 days 02:04:42.025000,SAI,55,0 days 00:01:22.970000,63.0,4.0,,,0 days 00:00:24.213000,0 days 00:00:31.836000,0 days 00:00:26.921000,0 days 02:03:43.286000,0 days 02:04:15.122000,0 days 02:04:42.043000,277.0,186.0,285.0,289.0,False,MEDIUM,42.0,True,Ferrari,0 days 02:03:19.055000,,1,9.0,,,False,True
0 days 02:06:05.906000,SAI,55,0 days 00:01:23.881000,64.0,4.0,,,0 days 00:00:24.812000,0 days 00:00:32.139000,0 days 00:00:26.930000,0 days 02:05:06.855000,0 days 02:05:38.994000,0 days 02:06:05.924000,287.0,186.0,291.0,287.0,False,MEDIUM,43.0,True,Ferrari,0 days 02:04:42.025000,,1,10.0,,,False,True
0 days 02:07:29.979000,SAI,55,0 days 00:01:24.073000,65.0,4.0,,,0 days 00:00:25.062000,0 days 00:00:32.050000,0 days 00:00:26.961000,0 days 02:06:30.986000,0 days 02:07:03.036000,0 days 02:07:29.997000,287.0,184.0,293.0,285.0,False,MEDIUM,44.0,True,Ferrari,0 days 02:06:05.906000,,1,11.0,,,False,True
0 days 02:08:53.366000,SAI,55,0 days 00:01:23.387000,66.0,4.0,,,0 days 00:00:24.173000,0 days 00:00:32.354000,0 days 00:00:26.860000,0 days 02:07:54.170000,0 days 02:08:26.524000,0 days 02:08:53.384000,278.0,178.0,288.0,296.0,False,MEDIUM,45.0,True,Ferrari,0 days 02:07:29.979000,,1,11.0,,,False,True
0 days 00:34:38.536000,LAT,6,0 days 00:01:35.546000,1.0,1.0,,,,0 days 00:00:35.739000,0 days 00:00:28.312000,,0 days 00:34:10.270000,0 days 00:34:38.733000,269.0,167.0,301.0,274.0,False,MEDIUM,1.0,True,Williams,0 days 00:33:02.841000,,1,18.0,,,False,False
0 days 00:36:42.804000,LAT,6,0 days 00:02:04.268000,2.0,1.0,,0 days 00:36:39.485000,0 days 00:00:26.486000,0 days 00:00:53.227000,0 days 00:00:44.555000,0 days 00:35:05.039000,0 days 00:35:58.266000,0 days 00:36:42.821000,271.0,119.0,,297.0,False,MEDIUM,2.0,True,Williams,0 days 00:34:38.536000,,14,17.0,,,False,False
0 days 00:39:02.061000,LAT,6,0 days 00:02:19.257000,3.0,2.0,0 days 00:37:01.512000,0 days 00:38:59.358000,0 days 00:00:45.995000,0 days 00:00:42.750000,0 days 00:00:50.512000,0 days 00:37:28.816000,0 days 00:38:11.566000,0 days 00:39:02.078000,142.0,139.0,,297.0,False,MEDIUM,3.0,False,Williams,0 days 00:36:42.804000,,4,17.0,,,False,False
0 days 00:41:16.678000,LAT,6,0 days 00:02:14.617000,4.0,3.0,0 days 00:39:20.808000,,0 days 00:00:49.684000,0 days 00:00:43.352000,0 days 00:00:41.581000,0 days 00:39:51.762000,0 days 00:40:35.114000,0 days 00:41:16.695000,205.0,154.0,192.0,297.0,False,MEDIUM,4.0,False,Williams,0 days 00:39:02.061000,,4,17.0,,,False,False
0 days 00:43:15.820000,LAT,6,0 days 00:01:59.142000,5.0,3.0,,,0 days 00:00:32.090000,0 days 00:00:44.407000,0 days 00:00:42.645000,0 days 00:41:48.785000,0 days 00:42:33.192000,0 days 00:43:15.837000,131.0,156.0,213.0,275.0,True,MEDIUM,5.0,False,Williams,0 days 00:41:16.678000,,4,17.0,,,False,False
0 days 00:45:08.679000,LAT,6,0 days 00:01:52.859000,6.0,3.0,,,0 days 00:00:34.920000,0 days 00:00:40.723000,0 days 00:00:37.216000,0 days 00:43:50.757000,0 days 00:44:31.480000,0 days 00:45:08.696000,135.0,163.0,279.0,271.0,True,MEDIUM,6.0,False,Williams,0 days 00:43:15.820000,,41,17.0,,,False,False
0 days 00:46:39.174000,LAT,6,0 days 00:01:30.495000,7.0,3.0,,,0 days 00:00:27.139000,0 days 00:00:35.210000,0 days 00:00:28.146000,0 days 00:45:35.835000,0 days 00:46:11.045000,0 days 00:46:39.191000,270.0,166.0,300.0,321.0,True,MEDIUM,7.0,False,Williams,0 days 00:45:08.679000,,1,17.0,,,False,True
0 days 00:48:07.218000,LAT,6,0 days 00:01:28.044000,8.0,3.0,,,0 days 00:00:25.922000,0 days 00:00:34.568000,0 days 00:00:27.554000,0 days 00:47:05.113000,0 days 00:47:39.681000,0 days 00:48:07.235000,275.0,170.0,302.0,317.0,True,MEDIUM,8.0,False,Williams,0 days 00:46:39.174000,,1,17.0,,,False,True
0 days 00:49:33.698000,LAT,6,0 days 00:01:26.480000,9.0,3.0,,,0 days 00:00:25.272000,0 days 00:00:33.750000,0 days 00:00:27.458000,0 days 00:48:32.507000,0 days 00:49:06.257000,0 days 00:49:33.715000,283.0,171.0,298.0,307.0,True,MEDIUM,9.0,False,Williams,0 days 00:48:07.218000,,1,17.0,,,False,True
0 days 00:50:59.379000,LAT,6,0 days 00:01:25.681000,10.0,3.0,,,0 days 00:00:25.032000,0 days 00:00:33.383000,0 days 00:00:27.266000,0 days 00:49:58.747000,0 days 00:50:32.130000,0 days 00:50:59.396000,273.0,173.0,295.0,305.0,True,MEDIUM,10.0,False,Williams,0 days 00:49:33.698000,,1,17.0,,,False,True
0 days 00:52:24.472000,LAT,6,0 days 00:01:25.093000,11.0,3.0,,,0 days 00:00:24.789000,0 days 00:00:32.990000,0 days 00:00:27.314000,0 days 00:51:24.185000,0 days 00:51:57.175000,0 days 00:52:24.489000,274.0,173.0,294.0,300.0,True,MEDIUM,11.0,False,Williams,0 days 00:50:59.379000,,1,17.0,,,False,True
0 days 00:53:49.019000,LAT,6,0 days 00:01:24.547000,12.0,3.0,,,0 days 00:00:24.765000,0 days 00:00:32.765000,0 days 00:00:27.017000,0 days 00:52:49.254000,0 days 00:53:22.019000,0 days 00:53:49.036000,270.0,180.0,297.0,302.0,True,MEDIUM,12.0,False,Williams,0 days 00:52:24.472000,,1,17.0,,,False,True
0 days 00:55:14.228000,LAT,6,0 days 00:01:25.209000,13.0,3.0,,,0 days 00:00:25.064000,0 days 00:00:32.908000,0 days 00:00:27.237000,0 days 00:54:14.100000,0 days 00:54:47.008000,0 days 00:55:14.245000,270.0,174.0,296.0,293.0,False,MEDIUM,13.0,False,Williams,0 days 00:53:49.019000,,1,17.0,,,False,True
0 days 00:56:39.602000,LAT,6,0 days 00:01:25.374000,14.0,3.0,,,0 days 00:00:24.945000,0 days 00:00:33.126000,0 days 00:00:27.303000,0 days 00:55:39.190000,0 days 00:56:12.316000,0 days 00:56:39.619000,272.0,174.0,294.0,297.0,False,MEDIUM,14.0,False,Williams,0 days 00:55:14.228000,,1,17.0,,,False,True
0 days 00:58:04.505000,LAT,6,0 days 00:01:24.903000,15.0,3.0,,,0 days 00:00:24.829000,0 days 00:00:32.884000,0 days 00:00:27.190000,0 days 00:57:04.448000,0 days 00:57:37.332000,0 days 00:58:04.522000,271.0,176.0,296.0,295.0,False,MEDIUM,15.0,False,Williams,0 days 00:56:39.602000,,1,17.0,,,False,True
0 days 00:59:29.484000,LAT,6,0 days 00:01:24.979000,16.0,3.0,,,0 days 00:00:24.736000,0 days 00:00:33.008000,0 days 00:00:27.235000,0 days 00:58:29.258000,0 days 00:59:02.266000,0 days 00:59:29.501000,275.0,175.0,292.0,299.0,False,MEDIUM,16.0,False,Williams,0 days 00:58:04.505000,,1,17.0,,,False,True
0 days 01:00:54.429000,LAT,6,0 days 00:01:24.945000,17.0,3.0,,,0 days 00:00:24.943000,0 days 00:00:32.906000,0 days 00:00:27.096000,0 days 00:59:54.444000,0 days 01:00:27.350000,0 days 01:00:54.446000,273.0,177.0,293.0,295.0,False,MEDIUM,17.0,False,Williams,0 days 00:59:29.484000,,1,17.0,,,False,True
0 days 01:02:19.283000,LAT,6,0 days 00:01:24.854000,18.0,3.0,,,0 days 00:00:24.614000,0 days 00:00:33.196000,0 days 00:00:27.044000,0 days 01:01:19.060000,0 days 01:01:52.256000,0 days 01:02:19.300000,274.0,175.0,294.0,296.0,False,MEDIUM,18.0,False,Williams,0 days 01:00:54.429000,,1,17.0,,,False,True
0 days 01:03:44.196000,LAT,6,0 days 00:01:24.913000,19.0,3.0,,,0 days 00:00:24.862000,0 days 00:00:32.904000,0 days 00:00:27.147000,0 days 01:02:44.162000,0 days 01:03:17.066000,0 days 01:03:44.213000,275.0,167.0,292.0,281.0,False,MEDIUM,19.0,False,Williams,0 days 01:02:19.283000,,1,17.0,,,False,True
0 days 01:05:09.283000,LAT,6,0 days 00:01:25.087000,20.0,3.0,,,0 days 00:00:24.768000,0 days 00:00:32.904000,0 days 00:00:27.415000,0 days 01:04:08.981000,0 days 01:04:41.885000,0 days 01:05:09.300000,273.0,182.0,291.0,291.0,False,MEDIUM,20.0,False,Williams,0 days 01:03:44.196000,,1,17.0,,,False,True
0 days 01:06:34.570000,LAT,6,0 days 00:01:25.287000,21.0,3.0,,,0 days 00:00:25.233000,0 days 00:00:32.919000,0 days 00:00:27.135000,0 days 01:05:34.533000,0 days 01:06:07.452000,0 days 01:06:34.587000,273.0,178.0,291.0,292.0,False,MEDIUM,21.0,False,Williams,0 days 01:05:09.283000,,1,17.0,,,False,True
0 days 01:07:59.444000,LAT,6,0 days 00:01:24.874000,22.0,3.0,,,0 days 00:00:24.855000,0 days 00:00:32.855000,0 days 00:00:27.164000,0 days 01:06:59.442000,0 days 01:07:32.297000,0 days 01:07:59.461000,274.0,181.0,292.0,291.0,False,MEDIUM,22.0,False,Williams,0 days 01:06:34.570000,,1,16.0,,,False,True
0 days 01:09:24.742000,LAT,6,0 days 00:01:25.298000,23.0,3.0,,,0 days 00:00:24.945000,0 days 00:00:32.904000,0 days 00:00:27.449000,0 days 01:08:24.406000,0 days 01:08:57.310000,0 days 01:09:24.759000,274.0,175.0,293.0,293.0,False,MEDIUM,23.0,False,Williams,0 days 01:07:59.444000,,1,13.0,,,False,True
0 days 01:10:54.062000,LAT,6,0 days 00:01:29.320000,24.0,3.0,,0 days 01:10:51.478000,0 days 00:00:24.703000,0 days 00:00:33.177000,0 days 00:00:31.440000,0 days 01:09:49.462000,0 days 01:10:22.639000,0 days 01:10:54.079000,271.0,181.0,,294.0,False,MEDIUM,24.0,False,Williams,0 days 01:09:24.742000,,1,16.0,,,False,False
0 days 01:12:40.867000,LAT,6,0 days 00:01:46.805000,25.0,4.0,0 days 01:11:17.789000,,0 days 00:00:46.857000,0 days 00:00:32.901000,0 days 00:00:27.047000,0 days 01:11:40.936000,0 days 01:12:13.837000,0 days 01:12:40.884000,271.0,175.0,290.0,294.0,False,HARD,1.0,True,Williams,0 days 01:10:54.062000,,1,19.0,,,False,False
0 days 01:14:06.490000,LAT,6,0 days 00:01:25.623000,26.0,4.0,,,0 days 00:00:24.394000,0 days 00:00:32.400000,0 days 00:00:28.829000,0 days 01:13:05.278000,0 days 01:13:37.678000,0 days 01:14:06.507000,270.0,168.0,297.0,295.0,False,HARD,2.0,True,Williams,0 days 01:12:40.867000,,1,19.0,,,False,True
0 days 01:15:32.864000,LAT,6,0 days 00:01:26.374000,27.0,4.0,,,0 days 00:00:25.625000,0 days 00:00:33.591000,0 days 00:00:27.158000,0 days 01:14:32.132000,0 days 01:15:05.723000,0 days 01:15:32.881000,225.0,178.0,295.0,305.0,False,HARD,3.0,True,Williams,0 days 01:14:06.490000,,1,19.0,,,False,True
0 days 01:16:56.592000,LAT,6,0 days 00:01:23.728000,28.0,4.0,,,0 days 00:00:24.383000,0 days 00:00:32.240000,0 days 00:00:27.105000,0 days 01:15:57.264000,0 days 01:16:29.504000,0 days 01:16:56.609000,278.0,180.0,293.0,302.0,True,HARD,4.0,True,Williams,0 days 01:15:32.864000,,1,19.0,,,False,True
0 days 01:18:21.450000,LAT,6,0 days 00:01:24.858000,29.0,4.0,,,0 days 00:00:24.588000,0 days 00:00:33.116000,0 days 00:00:27.154000,0 days 01:17:21.197000,0 days 01:17:54.313000,0 days 01:18:21.467000,282.0,180.0,302.0,299.0,False,HARD,5.0,True,Williams,0 days 01:16:56.592000,,1,19.0,,,False,True
0 days 01:19:45.742000,LAT,6,0 days 00:01:24.292000,30.0,4.0,,,0 days 00:00:24.485000,0 days 00:00:32.804000,0 days 00:00:27.003000,0 days 01:18:45.952000,0 days 01:19:18.756000,0 days 01:19:45.759000,274.0,180.0,292.0,329.0,False,HARD,6.0,True,Williams,0 days 01:18:21.450000,,1,18.0,,,False,True
0 days 01:21:11.457000,LAT,6,0 days 00:01:25.715000,31.0,4.0,,,0 days 00:00:24.572000,0 days 00:00:34.098000,0 days 00:00:27.045000,0 days 01:20:10.331000,0 days 01:20:44.429000,0 days 01:21:11.474000,273.0,170.0,296.0,297.0,False,HARD,7.0,True,Williams,0 days 01:19:45.742000,,1,18.0,,,False,True
0 days 01:22:35.334000,LAT,6,0 days 00:01:23.877000,32.0,4.0,,,0 days 00:00:24.407000,0 days 00:00:32.555000,0 days 00:00:26.915000,0 days 01:21:35.881000,0 days 01:22:08.436000,0 days 01:22:35.351000,276.0,183.0,293.0,302.0,False,HARD,8.0,True,Williams,0 days 01:21:11.457000,,1,17.0,,,False,True
0 days 01:23:59.454000,LAT,6,0 days 00:01:24.120000,33.0,4.0,,,0 days 00:00:24.610000,0 days 00:00:32.653000,0 days 00:00:26.857000,0 days 01:22:59.961000,0 days 01:23:32.614000,0 days 01:23:59.471000,273.0,178.0,294.0,301.0,False,HARD,9.0,True,Williams,0 days 01:22:35.334000,,1,16.0,,,False,True
0 days 01:25:23.505000,LAT,6,0 days 00:01:24.051000,34.0,4.0,,,0 days 00:00:24.466000,0 days 00:00:32.566000,0 days 00:00:27.019000,0 days 01:24:23.937000,0 days 01:24:56.503000,0 days 01:25:23.522000,277.0,168.0,292.0,290.0,False,HARD,10.0,True,Williams,0 days 01:23:59.454000,,1,16.0,,,False,True
0 days 01:26:47.602000,LAT,6,0 days 00:01:24.097000,35.0,4.0,,,0 days 00:00:24.548000,0 days 00:00:32.685000,0 days 00:00:26.864000,0 days 01:25:48.070000,0 days 01:26:20.755000,0 days 01:26:47.619000,274.0,180.0,292.0,296.0,False,HARD,11.0,True,Williams,0 days 01:25:23.505000,,1,16.0,,,False,True
0 days 01:28:13.277000,LAT,6,0 days 00:01:25.675000,36.0,4.0,,,0 days 00:00:25.469000,0 days 00:00:32.969000,0 days 00:00:27.237000,0 days 01:27:13.088000,0 days 01:27:46.057000,0 days 01:28:13.294000,283.0,180.0,295.0,270.0,False,HARD,12.0,True,Williams,0 days 01:26:47.602000,,1,17.0,,,False,True
0 days 01:29:38.192000,LAT,6,0 days 00:01:24.915000,37.0,4.0,,,0 days 00:00:24.474000,0 days 00:00:32.792000,0 days 00:00:27.649000,0 days 01:28:37.768000,0 days 01:29:10.560000,0 days 01:29:38.209000,278.0,181.0,304.0,301.0,False,HARD,13.0,True,Williams,0 days 01:28:13.277000,,1,17.0,,,False,True
0 days 01:31:04.465000,LAT,6,0 days 00:01:26.273000,38.0,4.0,,,0 days 00:00:24.835000,0 days 00:00:34.114000,0 days 00:00:27.324000,0 days 01:30:03.044000,0 days 01:30:37.158000,0 days 01:31:04.482000,278.0,171.0,296.0,298.0,False,HARD,14.0,True,Williams,0 days 01:29:38.192000,,1,17.0,,,False,True
0 days 01:32:28.724000,LAT,6,0 days 00:01:24.259000,39.0,4.0,,,0 days 00:00:24.466000,0 days 00:00:32.674000,0 days 00:00:27.119000,0 days 01:31:28.948000,0 days 01:32:01.622000,0 days 01:32:28.741000,274.0,180.0,294.0,301.0,False,HARD,15.0,True,Williams,0 days 01:31:04.465000,,1,17.0,,,False,True
0 days 01:33:53.154000,LAT,6,0 days 00:01:24.430000,40.0,4.0,,,0 days 00:00:24.488000,0 days 00:00:32.861000,0 days 00:00:27.081000,0 days 01:32:53.229000,0 days 01:33:26.090000,0 days 01:33:53.171000,275.0,181.0,294.0,295.0,False,HARD,16.0,True,Williams,0 days 01:32:28.724000,,1,17.0,,,False,True
0 days 01:35:17.477000,LAT,6,0 days 00:01:24.323000,41.0,4.0,,,0 days 00:00:24.387000,0 days 00:00:32.851000,0 days 00:00:27.085000,0 days 01:34:17.558000,0 days 01:34:50.409000,0 days 01:35:17.494000,270.0,183.0,293.0,299.0,False,HARD,17.0,True,Williams,0 days 01:33:53.154000,,1,17.0,,,False,True
0 days 01:36:41.697000,LAT,6,0 days 00:01:24.220000,42.0,4.0,,,0 days 00:00:24.464000,0 days 00:00:32.757000,0 days 00:00:26.999000,0 days 01:35:41.958000,0 days 01:36:14.715000,0 days 01:36:41.714000,277.0,181.0,293.0,291.0,False,HARD,18.0,True,Williams,0 days 01:35:17.477000,,1,17.0,,,False,True
0 days 01:38:05.727000,LAT,6,0 days 00:01:24.030000,43.0,4.0,,,0 days 00:00:24.272000,0 days 00:00:32.612000,0 days 00:00:27.146000,0 days 01:37:05.986000,0 days 01:37:38.598000,0 days 01:38:05.744000,275.0,173.0,291.0,297.0,False,HARD,19.0,True,Williams,0 days 01:36:41.697000,,1,17.0,,,False,True
0 days 01:39:30.152000,LAT,6,0 days 00:01:24.425000,44.0,4.0,,,0 days 00:00:24.479000,0 days 00:00:32.876000,0 days 00:00:27.070000,0 days 01:38:30.223000,0 days 01:39:03.099000,0 days 01:39:30.169000,275.0,183.0,292.0,291.0,False,HARD,20.0,True,Williams,0 days 01:38:05.727000,,1,17.0,,,False,True
0 days 01:40:54.228000,LAT,6,0 days 00:01:24.076000,45.0,4.0,,,0 days 00:00:24.559000,0 days 00:00:32.605000,0 days 00:00:26.912000,0 days 01:39:54.728000,0 days 01:40:27.333000,0 days 01:40:54.245000,277.0,186.0,290.0,296.0,False,HARD,21.0,True,Williams,0 days 01:39:30.152000,,1,17.0,,,False,True
0 days 01:42:18.452000,LAT,6,0 days 00:01:24.224000,46.0,4.0,,,0 days 00:00:24.464000,0 days 00:00:32.706000,0 days 00:00:27.054000,0 days 01:41:18.709000,0 days 01:41:51.415000,0 days 01:42:18.469000,274.0,178.0,291.0,295.0,False,HARD,22.0,True,Williams,0 days 01:40:54.228000,,1,17.0,,,False,True
0 days 01:43:42.321000,LAT,6,0 days 00:01:23.869000,47.0,4.0,,,0 days 00:00:24.390000,0 days 00:00:32.514000,0 days 00:00:26.965000,0 days 01:42:42.859000,0 days 01:43:15.373000,0 days 01:43:42.338000,278.0,179.0,293.0,295.0,False,HARD,23.0,True,Williams,0 days 01:42:18.452000,,1,17.0,,,False,True
0 days 01:45:06.588000,LAT,6,0 days 00:01:24.267000,48.0,4.0,,,0 days 00:00:24.397000,0 days 00:00:32.815000,0 days 00:00:27.055000,0 days 01:44:06.735000,0 days 01:44:39.550000,0 days 01:45:06.605000,279.0,180.0,291.0,290.0,False,HARD,24.0,True,Williams,0 days 01:43:42.321000,,1,17.0,,,False,True
0 days 01:46:30.810000,LAT,6,0 days 00:01:24.222000,49.0,4.0,,,0 days 00:00:24.363000,0 days 00:00:32.831000,0 days 00:00:27.028000,0 days 01:45:30.968000,0 days 01:46:03.799000,0 days 01:46:30.827000,278.0,179.0,291.0,292.0,False,HARD,25.0,True,Williams,0 days 01:45:06.588000,,1,17.0,,,False,True
0 days 01:47:54.860000,LAT,6,0 days 00:01:24.050000,50.0,4.0,,,0 days 00:00:24.573000,0 days 00:00:32.361000,0 days 00:00:27.116000,0 days 01:46:55.400000,0 days 01:47:27.761000,0 days 01:47:54.877000,276.0,179.0,292.0,290.0,False,HARD,26.0,True,Williams,0 days 01:46:30.810000,,1,17.0,,,False,True
0 days 01:49:20.209000,LAT,6,0 days 00:01:25.349000,51.0,4.0,,,0 days 00:00:24.698000,0 days 00:00:33.675000,0 days 00:00:26.976000,0 days 01:48:19.575000,0 days 01:48:53.250000,0 days 01:49:20.226000,276.0,182.0,296.0,297.0,False,HARD,27.0,True,Williams,0 days 01:47:54.860000,,1,17.0,,,False,True
0 days 01:50:45.268000,LAT,6,0 days 00:01:25.059000,52.0,4.0,,,0 days 00:00:24.343000,0 days 00:00:33.699000,0 days 00:00:27.017000,0 days 01:49:44.569000,0 days 01:50:18.268000,0 days 01:50:45.285000,279.0,182.0,298.0,299.0,False,HARD,28.0,True,Williams,0 days 01:49:20.209000,,1,17.0,,,False,True
0 days 01:52:09.854000,LAT,6,0 days 00:01:24.586000,53.0,4.0,,,0 days 00:00:24.876000,0 days 00:00:32.712000,0 days 00:00:26.998000,0 days 01:51:10.161000,0 days 01:51:42.873000,0 days 01:52:09.871000,278.0,182.0,295.0,303.0,False,HARD,29.0,True,Williams,0 days 01:50:45.268000,,1,17.0,,,False,True
0 days 01:53:34.657000,LAT,6,0 days 00:01:24.803000,54.0,4.0,,,0 days 00:00:24.476000,0 days 00:00:32.533000,0 days 00:00:27.794000,0 days 01:52:34.347000,0 days 01:53:06.880000,0 days 01:53:34.674000,277.0,184.0,304.0,292.0,False,HARD,30.0,True,Williams,0 days 01:52:09.854000,,1,17.0,,,False,True
0 days 01:54:58.842000,LAT,6,0 days 00:01:24.185000,55.0,4.0,,,0 days 00:00:24.721000,0 days 00:00:32.463000,0 days 00:00:27.001000,0 days 01:53:59.395000,0 days 01:54:31.858000,0 days 01:54:58.859000,285.0,186.0,295.0,289.0,False,HARD,31.0,True,Williams,0 days 01:53:34.657000,,1,17.0,,,False,True
0 days 01:56:22.549000,LAT,6,0 days 00:01:23.707000,56.0,4.0,,,0 days 00:00:24.337000,0 days 00:00:32.398000,0 days 00:00:26.972000,0 days 01:55:23.196000,0 days 01:55:55.594000,0 days 01:56:22.566000,278.0,181.0,292.0,295.0,True,HARD,32.0,True,Williams,0 days 01:54:58.842000,,1,17.0,,,False,True
0 days 01:57:47.010000,LAT,6,0 days 00:01:24.461000,57.0,4.0,,,0 days 00:00:24.807000,0 days 00:00:32.438000,0 days 00:00:27.216000,0 days 01:56:47.373000,0 days 01:57:19.811000,0 days 01:57:47.027000,276.0,185.0,276.0,292.0,False,HARD,33.0,True,Williams,0 days 01:56:22.549000,,1,17.0,,,False,True
0 days 01:59:13.777000,LAT,6,0 days 00:01:26.767000,58.0,4.0,,,0 days 00:00:25.357000,0 days 00:00:33.668000,0 days 00:00:27.742000,0 days 01:58:12.384000,0 days 01:58:46.052000,0 days 01:59:13.794000,277.0,179.0,302.0,294.0,False,HARD,34.0,True,Williams,0 days 01:57:47.010000,,1,17.0,,,False,True
0 days 02:00:38.684000,LAT,6,0 days 00:01:24.907000,59.0,4.0,,,0 days 00:00:24.845000,0 days 00:00:33.248000,0 days 00:00:26.814000,0 days 01:59:38.639000,0 days 02:00:11.887000,0 days 02:00:38.701000,259.0,181.0,297.0,309.0,False,HARD,35.0,True,Williams,0 days 01:59:13.777000,,1,17.0,,,False,True
0 days 02:02:01.839000,LAT,6,0 days 00:01:23.155000,60.0,4.0,,,0 days 00:00:24.333000,0 days 00:00:32.154000,0 days 00:00:26.668000,0 days 02:01:03.034000,0 days 02:01:35.188000,0 days 02:02:01.856000,279.0,181.0,297.0,302.0,True,HARD,36.0,True,Williams,0 days 02:00:38.684000,,1,17.0,,,False,True
0 days 02:03:27.678000,LAT,6,0 days 00:01:25.839000,61.0,4.0,,,0 days 00:00:25.238000,0 days 00:00:32.795000,0 days 00:00:27.806000,0 days 02:02:27.094000,0 days 02:02:59.889000,0 days 02:03:27.695000,285.0,175.0,301.0,296.0,False,HARD,37.0,True,Williams,0 days 02:02:01.839000,,1,18.0,,,False,True
0 days 02:04:54.493000,LAT,6,0 days 00:01:26.815000,62.0,4.0,,,0 days 00:00:25.306000,0 days 00:00:33.168000,0 days 00:00:28.341000,0 days 02:03:53.001000,0 days 02:04:26.169000,0 days 02:04:54.510000,239.0,182.0,301.0,293.0,False,HARD,38.0,True,Williams,0 days 02:03:27.678000,,1,18.0,,,False,True
0 days 02:06:20.749000,LAT,6,0 days 00:01:26.256000,63.0,4.0,,,0 days 00:00:25.164000,0 days 00:00:33.868000,0 days 00:00:27.224000,0 days 02:05:19.674000,0 days 02:05:53.542000,0 days 02:06:20.766000,279.0,179.0,298.0,283.0,False,HARD,39.0,True,Williams,0 days 02:04:54.493000,,1,18.0,,,False,True
0 days 02:07:44.910000,LAT,6,0 days 00:01:24.161000,64.0,4.0,,,0 days 00:00:24.225000,0 days 00:00:32.477000,0 days 00:00:27.459000,0 days 02:06:44.991000,0 days 02:07:17.468000,0 days 02:07:44.927000,280.0,184.0,281.0,301.0,False,HARD,40.0,True,Williams,0 days 02:06:20.749000,,1,18.0,,,False,True
0 days 00:34:35.983000,RUS,63,0 days 00:01:32.993000,1.0,1.0,,,,0 days 00:00:35.151000,0 days 00:00:28.040000,,0 days 00:34:07.965000,0 days 00:34:36.172000,272.0,166.0,296.0,249.0,False,MEDIUM,1.0,True,Williams,0 days 00:33:02.841000,,1,11.0,,,False,False
0 days 00:36:31.026000,RUS,63,0 days 00:01:55.043000,2.0,1.0,,0 days 00:36:28.108000,0 days 00:00:25.208000,0 days 00:00:50.064000,0 days 00:00:39.771000,0 days 00:35:01.202000,0 days 00:35:51.266000,0 days 00:36:31.037000,277.0,152.0,,307.0,False,MEDIUM,2.0,True,Williams,0 days 00:34:35.983000,,14,11.0,,,False,False
0 days 00:38:52.117000,RUS,63,0 days 00:02:21.091000,3.0,2.0,0 days 00:36:51.932000,0 days 00:38:49.144000,0 days 00:00:50.127000,0 days 00:00:43.057000,0 days 00:00:47.907000,0 days 00:37:21.164000,0 days 00:38:04.221000,0 days 00:38:52.128000,173.0,155.0,,307.0,False,MEDIUM,3.0,False,Williams,0 days 00:36:31.026000,,4,11.0,,,False,False
0 days 00:41:08.327000,RUS,63,0 days 00:02:16.210000,4.0,3.0,0 days 00:39:12.234000,,0 days 00:00:51.525000,0 days 00:00:42.276000,0 days 00:00:42.409000,0 days 00:39:43.653000,0 days 00:40:25.929000,0 days 00:41:08.338000,137.0,116.0,191.0,307.0,False,MEDIUM,4.0,False,Williams,0 days 00:38:52.117000,,4,11.0,,,False,False
0 days 00:43:06.737000,RUS,63,0 days 00:01:58.410000,5.0,3.0,,,0 days 00:00:33.121000,0 days 00:00:44.346000,0 days 00:00:40.943000,0 days 00:41:41.459000,0 days 00:42:25.805000,0 days 00:43:06.748000,128.0,133.0,208.0,168.0,True,MEDIUM,5.0,False,Williams,0 days 00:41:08.327000,,4,11.0,,,False,False
0 days 00:45:07.070000,RUS,63,0 days 00:02:00.333000,6.0,3.0,,,0 days 00:00:35.572000,0 days 00:00:42.724000,0 days 00:00:42.037000,0 days 00:43:42.320000,0 days 00:44:25.044000,0 days 00:45:07.081000,198.0,132.0,267.0,108.0,False,MEDIUM,6.0,False,Williams,0 days 00:43:06.737000,,41,11.0,,,False,False
0 days 00:46:37.855000,RUS,63,0 days 00:01:30.785000,7.0,3.0,,,0 days 00:00:26.903000,0 days 00:00:35.685000,0 days 00:00:28.197000,0 days 00:45:33.984000,0 days 00:46:09.669000,0 days 00:46:37.866000,272.0,165.0,301.0,313.0,True,MEDIUM,7.0,False,Williams,0 days 00:45:07.070000,,1,14.0,,,False,True
0 days 00:48:05.984000,RUS,63,0 days 00:01:28.129000,8.0,3.0,,,0 days 00:00:26.209000,0 days 00:00:34.501000,0 days 00:00:27.419000,0 days 00:47:04.075000,0 days 00:47:38.576000,0 days 00:48:05.995000,280.0,176.0,300.0,309.0,True,MEDIUM,8.0,False,Williams,0 days 00:46:37.855000,,1,15.0,,,False,True
0 days 00:49:31.640000,RUS,63,0 days 00:01:25.656000,9.0,3.0,,,0 days 00:00:25.005000,0 days 00:00:33.556000,0 days 00:00:27.095000,0 days 00:48:31,0 days 00:49:04.556000,0 days 00:49:31.651000,284.0,178.0,301.0,309.0,True,MEDIUM,9.0,False,Williams,0 days 00:48:05.984000,,1,15.0,,,False,True
0 days 00:50:56.898000,RUS,63,0 days 00:01:25.258000,10.0,3.0,,,0 days 00:00:24.979000,0 days 00:00:33.015000,0 days 00:00:27.264000,0 days 00:49:56.630000,0 days 00:50:29.645000,0 days 00:50:56.909000,272.0,179.0,296.0,304.0,True,MEDIUM,10.0,False,Williams,0 days 00:49:31.640000,,1,15.0,,,False,True
0 days 00:52:21.209000,RUS,63,0 days 00:01:24.311000,11.0,3.0,,,0 days 00:00:24.642000,0 days 00:00:32.537000,0 days 00:00:27.132000,0 days 00:51:21.551000,0 days 00:51:54.088000,0 days 00:52:21.220000,276.0,177.0,297.0,308.0,True,MEDIUM,11.0,False,Williams,0 days 00:50:56.898000,,1,15.0,,,False,True
0 days 00:53:45.673000,RUS,63,0 days 00:01:24.464000,12.0,3.0,,,0 days 00:00:24.579000,0 days 00:00:32.893000,0 days 00:00:26.992000,0 days 00:52:45.799000,0 days 00:53:18.692000,0 days 00:53:45.684000,272.0,183.0,299.0,304.0,False,MEDIUM,12.0,False,Williams,0 days 00:52:21.209000,,1,15.0,,,False,True
0 days 00:55:10.477000,RUS,63,0 days 00:01:24.804000,13.0,3.0,,,0 days 00:00:24.615000,0 days 00:00:32.966000,0 days 00:00:27.223000,0 days 00:54:10.299000,0 days 00:54:43.265000,0 days 00:55:10.488000,274.0,181.0,298.0,295.0,False,MEDIUM,13.0,False,Williams,0 days 00:53:45.673000,,1,15.0,,,False,True
0 days 00:56:36.512000,RUS,63,0 days 00:01:26.035000,14.0,3.0,,,0 days 00:00:24.684000,0 days 00:00:34.180000,0 days 00:00:27.171000,0 days 00:55:35.172000,0 days 00:56:09.352000,0 days 00:56:36.523000,271.0,179.0,299.0,303.0,False,MEDIUM,14.0,False,Williams,0 days 00:55:10.477000,,1,16.0,,,False,True
0 days 00:58:01.665000,RUS,63,0 days 00:01:25.153000,15.0,3.0,,,0 days 00:00:24.841000,0 days 00:00:33.073000,0 days 00:00:27.239000,0 days 00:57:01.364000,0 days 00:57:34.437000,0 days 00:58:01.676000,274.0,180.0,298.0,304.0,False,MEDIUM,15.0,False,Williams,0 days 00:56:36.512000,,1,16.0,,,False,True
0 days 00:59:26.522000,RUS,63,0 days 00:01:24.857000,16.0,3.0,,,0 days 00:00:24.653000,0 days 00:00:33.033000,0 days 00:00:27.171000,0 days 00:58:26.329000,0 days 00:58:59.362000,0 days 00:59:26.533000,277.0,179.0,294.0,287.0,False,MEDIUM,16.0,False,Williams,0 days 00:58:01.665000,,1,16.0,,,False,True
0 days 01:00:50.561000,RUS,63,0 days 00:01:24.039000,17.0,3.0,,,0 days 00:00:24.414000,0 days 00:00:32.637000,0 days 00:00:26.988000,0 days 00:59:50.947000,0 days 01:00:23.584000,0 days 01:00:50.572000,277.0,181.0,295.0,301.0,True,MEDIUM,17.0,False,Williams,0 days 00:59:26.522000,,1,16.0,,,False,True
0 days 01:02:14.957000,RUS,63,0 days 00:01:24.396000,18.0,3.0,,,0 days 00:00:24.399000,0 days 00:00:33.009000,0 days 00:00:26.988000,0 days 01:01:14.971000,0 days 01:01:47.980000,0 days 01:02:14.968000,276.0,182.0,295.0,297.0,False,MEDIUM,18.0,False,Williams,0 days 01:00:50.561000,,1,16.0,,,False,True
0 days 01:03:39.610000,RUS,63,0 days 00:01:24.653000,19.0,3.0,,,0 days 00:00:24.548000,0 days 00:00:32.893000,0 days 00:00:27.212000,0 days 01:02:39.516000,0 days 01:03:12.409000,0 days 01:03:39.621000,277.0,182.0,294.0,294.0,False,MEDIUM,19.0,False,Williams,0 days 01:02:14.957000,,1,16.0,,,False,True
0 days 01:05:04.591000,RUS,63,0 days 00:01:24.981000,20.0,3.0,,,0 days 00:00:24.716000,0 days 00:00:32.831000,0 days 00:00:27.434000,0 days 01:04:04.337000,0 days 01:04:37.168000,0 days 01:05:04.602000,273.0,180.0,293.0,286.0,False,MEDIUM,20.0,False,Williams,0 days 01:03:39.610000,,1,16.0,,,False,True
0 days 01:06:29.672000,RUS,63,0 days 00:01:25.081000,21.0,3.0,,,0 days 00:00:24.927000,0 days 00:00:32.847000,0 days 00:00:27.307000,0 days 01:05:29.529000,0 days 01:06:02.376000,0 days 01:06:29.683000,274.0,181.0,293.0,297.0,False,MEDIUM,21.0,False,Williams,0 days 01:05:04.591000,,1,16.0,,,False,True
0 days 01:07:54.904000,RUS,63,0 days 00:01:25.232000,22.0,3.0,,,0 days 00:00:24.825000,0 days 00:00:33.013000,0 days 00:00:27.394000,0 days 01:06:54.508000,0 days 01:07:27.521000,0 days 01:07:54.915000,273.0,175.0,293.0,293.0,False,MEDIUM,22.0,False,Williams,0 days 01:06:29.672000,,1,14.0,,,False,True
0 days 01:09:21.868000,RUS,63,0 days 00:01:26.964000,23.0,3.0,,,0 days 00:00:26.077000,0 days 00:00:33.305000,0 days 00:00:27.582000,0 days 01:08:20.992000,0 days 01:08:54.297000,0 days 01:09:21.879000,280.0,178.0,296.0,247.0,False,MEDIUM,23.0,False,Williams,0 days 01:07:54.904000,,1,12.0,,,False,True
0 days 01:10:46.977000,RUS,63,0 days 00:01:25.109000,24.0,3.0,,,0 days 00:00:24.608000,0 days 00:00:33.150000,0 days 00:00:27.351000,0 days 01:09:46.487000,0 days 01:10:19.637000,0 days 01:10:46.988000,273.0,180.0,294.0,302.0,False,MEDIUM,24.0,False,Williams,0 days 01:09:21.868000,,1,12.0,,,False,True
0 days 01:12:12.004000,RUS,63,0 days 00:01:25.027000,25.0,3.0,,,0 days 00:00:24.768000,0 days 00:00:32.928000,0 days 00:00:27.331000,0 days 01:11:11.756000,0 days 01:11:44.684000,0 days 01:12:12.015000,273.0,179.0,293.0,296.0,False,MEDIUM,25.0,False,Williams,0 days 01:10:46.977000,,1,11.0,,,False,True
0 days 01:13:39.171000,RUS,63,0 days 00:01:27.167000,26.0,3.0,,,0 days 00:00:25.796000,0 days 00:00:33.945000,0 days 00:00:27.426000,0 days 01:12:37.811000,0 days 01:13:11.756000,0 days 01:13:39.182000,274.0,177.0,295.0,297.0,False,MEDIUM,26.0,False,Williams,0 days 01:12:12.004000,,1,13.0,,,False,True
0 days 01:15:05.216000,RUS,63,0 days 00:01:26.045000,27.0,3.0,,,0 days 00:00:24.804000,0 days 00:00:33.797000,0 days 00:00:27.444000,0 days 01:14:03.986000,0 days 01:14:37.783000,0 days 01:15:05.227000,274.0,180.0,297.0,301.0,False,MEDIUM,27.0,False,Williams,0 days 01:13:39.171000,,1,14.0,,,False,True
0 days 01:16:33.961000,RUS,63,0 days 00:01:28.745000,28.0,3.0,,0 days 01:16:31.060000,0 days 00:00:24.846000,0 days 00:00:33.113000,0 days 00:00:30.786000,0 days 01:15:30.073000,0 days 01:16:03.186000,0 days 01:16:33.972000,273.0,175.0,,302.0,False,MEDIUM,28.0,False,Williams,0 days 01:15:05.216000,,1,16.0,,,False,False
0 days 01:18:20.915000,RUS,63,0 days 00:01:46.954000,29.0,4.0,0 days 01:16:57.909000,,0 days 00:00:46.772000,0 days 00:00:33.225000,0 days 00:00:26.957000,0 days 01:17:20.744000,0 days 01:17:53.969000,0 days 01:18:20.926000,274.0,172.0,293.0,302.0,False,HARD,1.0,True,Williams,0 days 01:16:33.961000,,1,18.0,,,False,False
0 days 01:19:46.486000,RUS,63,0 days 00:01:25.571000,30.0,4.0,,,0 days 00:00:25.448000,0 days 00:00:33.027000,0 days 00:00:27.096000,0 days 01:18:46.374000,0 days 01:19:19.401000,0 days 01:19:46.497000,284.0,183.0,300.0,299.0,False,HARD,2.0,True,Williams,0 days 01:18:20.915000,,1,19.0,,,False,True
0 days 01:21:12.091000,RUS,63,0 days 00:01:25.605000,31.0,4.0,,,0 days 00:00:25.714000,0 days 00:00:32.847000,0 days 00:00:27.044000,0 days 01:20:12.211000,0 days 01:20:45.058000,0 days 01:21:12.102000,285.0,184.0,301.0,324.0,False,HARD,3.0,True,Williams,0 days 01:19:46.486000,,1,19.0,,,False,True
0 days 01:22:36.084000,RUS,63,0 days 00:01:23.993000,32.0,4.0,,,0 days 00:00:24.395000,0 days 00:00:32.770000,0 days 00:00:26.828000,0 days 01:21:36.497000,0 days 01:22:09.267000,0 days 01:22:36.095000,284.0,184.0,301.0,325.0,True,HARD,4.0,True,Williams,0 days 01:21:12.091000,,1,18.0,,,False,True
0 days 01:24:00.439000,RUS,63,0 days 00:01:24.355000,33.0,4.0,,,0 days 00:00:24.755000,0 days 00:00:32.708000,0 days 00:00:26.892000,0 days 01:23:00.850000,0 days 01:23:33.558000,0 days 01:24:00.450000,278.0,186.0,300.0,325.0,False,HARD,5.0,True,Williams,0 days 01:22:36.084000,,1,17.0,,,False,True
0 days 01:25:24.321000,RUS,63,0 days 00:01:23.882000,34.0,4.0,,,0 days 00:00:24.225000,0 days 00:00:32.682000,0 days 00:00:26.975000,0 days 01:24:24.675000,0 days 01:24:57.357000,0 days 01:25:24.332000,287.0,181.0,300.0,302.0,True,HARD,6.0,True,Williams,0 days 01:24:00.439000,,1,17.0,,,False,True
0 days 01:26:48.234000,RUS,63,0 days 00:01:23.913000,35.0,4.0,,,0 days 00:00:24.133000,0 days 00:00:32.817000,0 days 00:00:26.963000,0 days 01:25:48.465000,0 days 01:26:21.282000,0 days 01:26:48.245000,286.0,182.0,302.0,316.0,False,HARD,7.0,True,Williams,0 days 01:25:24.321000,,1,17.0,,,False,True
0 days 01:28:11.625000,RUS,63,0 days 00:01:23.391000,36.0,4.0,,,0 days 00:00:24.133000,0 days 00:00:32.333000,0 days 00:00:26.925000,,0 days 01:27:44.711000,0 days 01:28:11.636000,270.0,183.0,294.0,319.0,True,HARD,8.0,True,Williams,0 days 01:26:48.234000,,1,16.0,,,False,True
0 days 01:29:35.908000,RUS,63,0 days 00:01:24.283000,37.0,4.0,,,0 days 00:00:24.781000,0 days 00:00:32.671000,0 days 00:00:26.831000,0 days 01:28:36.417000,0 days 01:29:09.088000,0 days 01:29:35.919000,279.0,186.0,298.0,283.0,False,HARD,9.0,True,Williams,0 days 01:28:11.625000,,1,16.0,,,False,True
0 days 01:31:00.884000,RUS,63,0 days 00:01:24.976000,38.0,4.0,,,0 days 00:00:24.533000,0 days 00:00:33.468000,0 days 00:00:26.975000,0 days 01:30:00.452000,0 days 01:30:33.920000,0 days 01:31:00.895000,276.0,179.0,299.0,296.0,False,HARD,10.0,True,Williams,0 days 01:29:35.908000,,1,16.0,,,False,True
0 days 01:32:26.006000,RUS,63,0 days 00:01:25.122000,39.0,4.0,,,0 days 00:00:24.404000,0 days 00:00:32.474000,0 days 00:00:28.244000,0 days 01:31:25.299000,0 days 01:31:57.773000,0 days 01:32:26.017000,275.0,182.0,299.0,303.0,False,HARD,11.0,True,Williams,0 days 01:31:00.884000,,1,16.0,,,False,True
0 days 01:33:49.895000,RUS,63,0 days 00:01:23.889000,40.0,4.0,,,0 days 00:00:24.430000,0 days 00:00:32.446000,0 days 00:00:27.013000,0 days 01:32:50.447000,0 days 01:33:22.893000,0 days 01:33:49.906000,276.0,185.0,295.0,298.0,False,HARD,12.0,True,Williams,0 days 01:32:26.006000,,1,16.0,,,False,True
0 days 01:35:13.875000,RUS,63,0 days 00:01:23.980000,41.0,4.0,,,0 days 00:00:24.535000,0 days 00:00:32.514000,0 days 00:00:26.931000,0 days 01:34:14.441000,0 days 01:34:46.955000,0 days 01:35:13.886000,272.0,185.0,294.0,298.0,False,HARD,13.0,True,Williams,0 days 01:33:49.895000,,1,16.0,,,False,True
0 days 01:36:37.588000,RUS,63,0 days 00:01:23.713000,42.0,4.0,,,0 days 00:00:24.360000,0 days 00:00:32.397000,0 days 00:00:26.956000,0 days 01:35:38.246000,0 days 01:36:10.643000,0 days 01:36:37.599000,273.0,184.0,294.0,294.0,False,HARD,14.0,True,Williams,0 days 01:35:13.875000,,1,16.0,,,False,True
0 days 01:38:01.445000,RUS,63,0 days 00:01:23.857000,43.0,4.0,,,0 days 00:00:24.186000,0 days 00:00:32.593000,0 days 00:00:27.078000,0 days 01:37:01.785000,0 days 01:37:34.378000,0 days 01:38:01.456000,278.0,182.0,292.0,298.0,False,HARD,15.0,True,Williams,0 days 01:36:37.588000,,1,16.0,,,False,True
0 days 01:39:24.895000,RUS,63,0 days 00:01:23.450000,44.0,4.0,,,0 days 00:00:24.223000,0 days 00:00:32.358000,0 days 00:00:26.869000,0 days 01:38:25.679000,0 days 01:38:58.037000,0 days 01:39:24.906000,276.0,186.0,294.0,299.0,False,HARD,16.0,True,Williams,0 days 01:38:01.445000,,1,16.0,,,False,True
0 days 01:40:48.470000,RUS,63,0 days 00:01:23.575000,45.0,4.0,,,0 days 00:00:24.322000,0 days 00:00:32.326000,0 days 00:00:26.927000,0 days 01:39:49.228000,0 days 01:40:21.554000,0 days 01:40:48.481000,280.0,185.0,292.0,294.0,False,HARD,17.0,True,Williams,0 days 01:39:24.895000,,1,16.0,,,False,True
0 days 01:42:12.042000,RUS,63,0 days 00:01:23.572000,46.0,4.0,,,0 days 00:00:24.418000,0 days 00:00:32.208000,0 days 00:00:26.946000,0 days 01:41:12.899000,0 days 01:41:45.107000,0 days 01:42:12.053000,279.0,183.0,292.0,294.0,False,HARD,18.0,True,Williams,0 days 01:40:48.470000,,1,16.0,,,False,True
0 days 01:43:35.162000,RUS,63,0 days 00:01:23.120000,47.0,4.0,,,0 days 00:00:24.255000,0 days 00:00:32.050000,0 days 00:00:26.815000,0 days 01:42:36.308000,0 days 01:43:08.358000,0 days 01:43:35.173000,279.0,186.0,295.0,297.0,True,HARD,19.0,True,Williams,0 days 01:42:12.042000,,1,16.0,,,False,True
0 days 01:44:58.827000,RUS,63,0 days 00:01:23.665000,48.0,4.0,,,0 days 00:00:24.291000,0 days 00:00:32.423000,0 days 00:00:26.951000,0 days 01:43:59.464000,0 days 01:44:31.887000,0 days 01:44:58.838000,278.0,181.0,293.0,296.0,False,HARD,20.0,True,Williams,0 days 01:43:35.162000,,1,16.0,,,False,True
0 days 01:46:22.777000,RUS,63,0 days 00:01:23.950000,49.0,4.0,,,0 days 00:00:24.365000,0 days 00:00:32.398000,0 days 00:00:27.187000,0 days 01:45:23.203000,0 days 01:45:55.601000,0 days 01:46:22.788000,280.0,179.0,293.0,291.0,False,HARD,21.0,True,Williams,0 days 01:44:58.827000,,1,16.0,,,False,True
0 days 01:47:46.412000,RUS,63,0 days 00:01:23.635000,50.0,4.0,,,0 days 00:00:24.407000,0 days 00:00:32.260000,0 days 00:00:26.968000,0 days 01:46:47.195000,0 days 01:47:19.455000,0 days 01:47:46.423000,279.0,187.0,293.0,298.0,False,HARD,22.0,True,Williams,0 days 01:46:22.777000,,1,16.0,,,False,True
0 days 01:49:10.082000,RUS,63,0 days 00:01:23.670000,51.0,4.0,,,0 days 00:00:24.496000,0 days 00:00:32.332000,0 days 00:00:26.842000,0 days 01:48:10.919000,0 days 01:48:43.251000,0 days 01:49:10.093000,277.0,187.0,299.0,295.0,False,HARD,23.0,True,Williams,0 days 01:47:46.412000,,1,16.0,,,False,True
0 days 01:50:33.571000,RUS,63,0 days 00:01:23.489000,52.0,4.0,,,0 days 00:00:24.308000,0 days 00:00:32.279000,0 days 00:00:26.902000,0 days 01:49:34.401000,0 days 01:50:06.680000,0 days 01:50:33.582000,280.0,187.0,297.0,302.0,False,HARD,24.0,True,Williams,0 days 01:49:10.082000,,1,16.0,,,False,True
0 days 01:51:56.986000,RUS,63,0 days 00:01:23.415000,53.0,4.0,,,0 days 00:00:24.339000,0 days 00:00:32.229000,0 days 00:00:26.847000,0 days 01:50:57.921000,0 days 01:51:30.150000,0 days 01:51:56.997000,275.0,185.0,296.0,299.0,False,HARD,25.0,True,Williams,0 days 01:50:33.571000,,1,16.0,,,False,True
0 days 01:53:20.094000,RUS,63,0 days 00:01:23.108000,54.0,4.0,,,0 days 00:00:24.155000,0 days 00:00:32.108000,0 days 00:00:26.845000,0 days 01:52:21.152000,0 days 01:52:53.260000,0 days 01:53:20.105000,279.0,187.0,296.0,299.0,True,HARD,26.0,True,Williams,0 days 01:51:56.986000,,1,16.0,,,False,True
0 days 01:54:43.112000,RUS,63,0 days 00:01:23.018000,55.0,4.0,,,0 days 00:00:24.208000,0 days 00:00:32.024000,0 days 00:00:26.786000,0 days 01:53:44.313000,0 days 01:54:16.337000,0 days 01:54:43.123000,280.0,186.0,295.0,297.0,True,HARD,27.0,True,Williams,0 days 01:53:20.094000,,1,16.0,,,False,True
0 days 01:56:06.303000,RUS,63,0 days 00:01:23.191000,56.0,4.0,,,0 days 00:00:24.228000,0 days 00:00:32.095000,0 days 00:00:26.868000,0 days 01:55:07.351000,0 days 01:55:39.446000,0 days 01:56:06.314000,277.0,186.0,296.0,295.0,False,HARD,28.0,True,Williams,0 days 01:54:43.112000,,1,16.0,,,False,True
0 days 01:57:30.680000,RUS,63,0 days 00:01:24.377000,57.0,4.0,,,0 days 00:00:24.045000,0 days 00:00:32.038000,0 days 00:00:28.294000,0 days 01:56:30.359000,0 days 01:57:02.397000,0 days 01:57:30.691000,280.0,186.0,304.0,297.0,False,HARD,29.0,True,Williams,0 days 01:56:06.303000,,1,16.0,,,False,True
0 days 01:58:54.712000,RUS,63,0 days 00:01:24.032000,58.0,4.0,,,0 days 00:00:24.768000,0 days 00:00:32.096000,0 days 00:00:27.168000,0 days 01:57:55.459000,0 days 01:58:27.555000,0 days 01:58:54.723000,280.0,184.0,293.0,281.0,False,HARD,30.0,True,Williams,0 days 01:57:30.680000,,1,16.0,,,False,True
0 days 02:00:19.823000,RUS,63,0 days 00:01:25.111000,59.0,4.0,,,0 days 00:00:26.010000,0 days 00:00:32.310000,0 days 00:00:26.791000,0 days 01:59:20.733000,0 days 01:59:53.043000,0 days 02:00:19.834000,280.0,187.0,297.0,199.0,False,HARD,31.0,True,Williams,0 days 01:58:54.712000,,1,16.0,,,False,True
0 days 02:01:42.477000,RUS,63,0 days 00:01:22.654000,60.0,4.0,,,0 days 00:00:24.209000,0 days 00:00:31.884000,0 days 00:00:26.561000,0 days 02:00:44.043000,0 days 02:01:15.927000,0 days 02:01:42.488000,276.0,189.0,297.0,298.0,True,HARD,32.0,True,Williams,0 days 02:00:19.823000,,1,16.0,,,False,True
0 days 02:03:05.573000,RUS,63,0 days 00:01:23.096000,61.0,4.0,,,0 days 00:00:23.910000,0 days 00:00:32.226000,0 days 00:00:26.960000,0 days 02:02:06.398000,0 days 02:02:38.624000,0 days 02:03:05.584000,280.0,184.0,298.0,298.0,False,HARD,33.0,True,Williams,0 days 02:01:42.477000,,1,16.0,,,False,True
0 days 02:04:28.800000,RUS,63,0 days 00:01:23.227000,62.0,4.0,,,0 days 00:00:24.321000,0 days 00:00:32.086000,0 days 00:00:26.820000,0 days 02:03:29.905000,0 days 02:04:01.991000,0 days 02:04:28.811000,281.0,188.0,296.0,295.0,False,HARD,34.0,True,Williams,0 days 02:03:05.573000,,1,16.0,,,False,True
0 days 02:05:52.183000,RUS,63,0 days 00:01:23.383000,63.0,4.0,,,0 days 00:00:24.374000,0 days 00:00:32.163000,0 days 00:00:26.846000,0 days 02:04:53.185000,0 days 02:05:25.348000,0 days 02:05:52.194000,281.0,186.0,293.0,300.0,False,HARD,35.0,True,Williams,0 days 02:04:28.800000,,1,16.0,,,False,True
0 days 02:07:17.753000,RUS,63,0 days 00:01:25.570000,64.0,4.0,,,0 days 00:00:24.168000,0 days 00:00:34.152000,0 days 00:00:27.250000,0 days 02:06:16.362000,0 days 02:06:50.514000,0 days 02:07:17.764000,280.0,183.0,299.0,296.0,False,HARD,36.0,True,Williams,0 days 02:05:52.183000,,1,16.0,,,False,True
0 days 02:08:42.354000,RUS,63,0 days 00:01:24.601000,65.0,4.0,,,0 days 00:00:25.180000,0 days 00:00:32.549000,0 days 00:00:26.872000,0 days 02:07:42.944000,0 days 02:08:15.493000,0 days 02:08:42.365000,280.0,182.0,296.0,261.0,False,HARD,37.0,True,Williams,0 days 02:07:17.753000,,1,16.0,,,False,True
0 days 00:34:36.737000,RAI,7,0 days 00:01:33.673000,1.0,1.0,,,,0 days 00:00:35.394000,0 days 00:00:28.293000,,0 days 00:34:08.444000,0 days 00:34:36.820000,275.0,177.0,306.0,267.0,False,SOFT,1.0,True,Alfa Romeo Racing,0 days 00:33:02.841000,,1,13.0,,,False,False
0 days 00:37:06.737000,RAI,7,,2.0,1.0,,,,,,,,,,,,,,SOFT,2.0,True,Alfa Romeo Racing,0 days 00:34:36.737000,,14,,,,True,False
0 days 00:34:27.927000,BOT,77,0 days 00:01:24.937000,1.0,1.0,,,,0 days 00:00:32.560000,0 days 00:00:26.821000,,0 days 00:34:01.187000,0 days 00:34:28.144000,269.0,176.0,286.0,231.0,False,MEDIUM,5.0,False,Mercedes,0 days 00:33:02.841000,,1,1.0,,,False,False
0 days 00:36:14.802000,BOT,77,0 days 00:01:46.875000,2.0,1.0,,0 days 00:36:11.853000,0 days 00:00:24.746000,0 days 00:00:39.959000,0 days 00:00:42.170000,0 days 00:34:52.696000,0 days 00:35:32.655000,0 days 00:36:14.825000,271.0,126.0,,274.0,False,MEDIUM,6.0,False,Mercedes,0 days 00:34:27.927000,,14,1.0,,,False,False
0 days 00:38:37.486000,BOT,77,0 days 00:02:22.684000,3.0,2.0,0 days 00:36:33.201000,0 days 00:38:34.520000,0 days 00:00:51.537000,0 days 00:00:46.167000,0 days 00:00:44.980000,0 days 00:37:06.362000,0 days 00:37:52.529000,0 days 00:38:37.509000,172.0,137.0,,274.0,False,MEDIUM,7.0,False,Mercedes,0 days 00:36:14.802000,,4,1.0,,,False,False
0 days 00:40:52.817000,BOT,77,0 days 00:02:15.331000,4.0,3.0,0 days 00:38:56.576000,,0 days 00:00:49.543000,0 days 00:00:45.922000,0 days 00:00:39.866000,0 days 00:39:27.052000,0 days 00:40:12.974000,0 days 00:40:52.840000,239.0,171.0,236.0,274.0,False,MEDIUM,8.0,False,Mercedes,0 days 00:38:37.486000,,4,1.0,,,False,False
0 days 00:42:54.211000,BOT,77,0 days 00:02:01.394000,5.0,3.0,,,0 days 00:00:35.753000,0 days 00:00:45.752000,0 days 00:00:39.889000,0 days 00:41:28.593000,0 days 00:42:14.345000,0 days 00:42:54.234000,226.0,134.0,232.0,188.0,True,MEDIUM,9.0,False,Mercedes,0 days 00:40:52.817000,,4,1.0,,,False,False
0 days 00:45:04.583000,BOT,77,0 days 00:02:10.372000,6.0,3.0,,,0 days 00:00:34.373000,0 days 00:00:46.255000,0 days 00:00:49.744000,0 days 00:43:28.607000,0 days 00:44:14.862000,0 days 00:45:04.606000,229.0,157.0,237.0,197.0,False,MEDIUM,10.0,False,Mercedes,0 days 00:42:54.211000,,41,1.0,,,False,False
0 days 00:46:28.133000,BOT,77,0 days 00:01:23.550000,7.0,3.0,,,0 days 00:00:24.918000,0 days 00:00:31.861000,0 days 00:00:26.771000,0 days 00:45:29.524000,0 days 00:46:01.385000,0 days 00:46:28.156000,271.0,177.0,287.0,283.0,True,MEDIUM,11.0,False,Mercedes,0 days 00:45:04.583000,,1,1.0,,,False,True
0 days 00:47:51.611000,BOT,77,0 days 00:01:23.478000,8.0,3.0,,,0 days 00:00:24.648000,0 days 00:00:32.208000,0 days 00:00:26.622000,0 days 00:46:52.804000,0 days 00:47:25.012000,0 days 00:47:51.634000,261.0,181.0,289.0,277.0,True,MEDIUM,12.0,False,Mercedes,0 days 00:46:28.133000,,1,1.0,,,False,True
0 days 00:49:14.892000,BOT,77,0 days 00:01:23.281000,9.0,3.0,,,0 days 00:00:24.173000,0 days 00:00:32.215000,0 days 00:00:26.893000,0 days 00:48:15.807000,0 days 00:48:48.022000,0 days 00:49:14.915000,269.0,174.0,290.0,295.0,True,MEDIUM,13.0,False,Mercedes,0 days 00:47:51.611000,,1,1.0,,,False,True
0 days 00:50:38.004000,BOT,77,0 days 00:01:23.112000,10.0,3.0,,,0 days 00:00:24.284000,0 days 00:00:32.081000,0 days 00:00:26.747000,0 days 00:49:39.199000,0 days 00:50:11.280000,0 days 00:50:38.027000,268.0,180.0,289.0,295.0,True,MEDIUM,14.0,False,Mercedes,0 days 00:49:14.892000,,1,1.0,,,False,True
0 days 00:52:01.623000,BOT,77,0 days 00:01:23.619000,11.0,3.0,,,0 days 00:00:24.532000,0 days 00:00:32.342000,0 days 00:00:26.745000,0 days 00:51:02.559000,0 days 00:51:34.901000,0 days 00:52:01.646000,265.0,173.0,289.0,291.0,False,MEDIUM,15.0,False,Mercedes,0 days 00:50:38.004000,,1,1.0,,,False,True
0 days 00:53:24.214000,BOT,77,0 days 00:01:22.591000,12.0,3.0,,,0 days 00:00:24.151000,0 days 00:00:31.864000,0 days 00:00:26.576000,0 days 00:52:25.797000,0 days 00:52:57.661000,0 days 00:53:24.237000,268.0,176.0,290.0,297.0,True,MEDIUM,16.0,False,Mercedes,0 days 00:52:01.623000,,1,1.0,,,False,True
0 days 00:54:47.054000,BOT,77,0 days 00:01:22.840000,13.0,3.0,,,0 days 00:00:24.333000,0 days 00:00:31.853000,0 days 00:00:26.654000,0 days 00:53:48.570000,0 days 00:54:20.423000,0 days 00:54:47.077000,266.0,183.0,289.0,298.0,False,MEDIUM,17.0,False,Mercedes,0 days 00:53:24.214000,,1,1.0,,,False,True
0 days 00:56:09.912000,BOT,77,0 days 00:01:22.858000,14.0,3.0,,,0 days 00:00:24.136000,0 days 00:00:31.826000,0 days 00:00:26.896000,0 days 00:55:11.213000,0 days 00:55:43.039000,0 days 00:56:09.935000,265.0,180.0,290.0,293.0,False,MEDIUM,18.0,False,Mercedes,0 days 00:54:47.054000,,1,1.0,,,False,True
0 days 00:57:32.838000,BOT,77,0 days 00:01:22.926000,15.0,3.0,,,0 days 00:00:24.119000,0 days 00:00:31.906000,0 days 00:00:26.901000,0 days 00:56:34.054000,0 days 00:57:05.960000,0 days 00:57:32.861000,266.0,180.0,290.0,297.0,False,MEDIUM,19.0,False,Mercedes,0 days 00:56:09.912000,,1,1.0,,,False,True
0 days 00:58:55.391000,BOT,77,0 days 00:01:22.553000,16.0,3.0,,,0 days 00:00:24.044000,0 days 00:00:31.823000,0 days 00:00:26.686000,0 days 00:57:56.905000,0 days 00:58:28.728000,0 days 00:58:55.414000,265.0,178.0,290.0,297.0,True,MEDIUM,20.0,False,Mercedes,0 days 00:57:32.838000,,1,1.0,,,False,True
0 days 01:00:18.278000,BOT,77,0 days 00:01:22.887000,17.0,3.0,,,0 days 00:00:24.072000,0 days 00:00:31.898000,0 days 00:00:26.917000,0 days 00:59:19.486000,0 days 00:59:51.384000,0 days 01:00:18.301000,267.0,179.0,289.0,296.0,False,MEDIUM,21.0,False,Mercedes,0 days 00:58:55.391000,,1,1.0,,,False,True
0 days 01:01:41.167000,BOT,77,0 days 00:01:22.889000,18.0,3.0,,,0 days 00:00:24.240000,0 days 00:00:31.736000,0 days 00:00:26.913000,0 days 01:00:42.541000,0 days 01:01:14.277000,0 days 01:01:41.190000,268.0,180.0,288.0,279.0,False,MEDIUM,22.0,False,Mercedes,0 days 01:00:18.278000,,1,1.0,,,False,True
0 days 01:03:04.176000,BOT,77,0 days 00:01:23.009000,19.0,3.0,,,0 days 00:00:24.049000,0 days 00:00:32.196000,0 days 00:00:26.764000,0 days 01:02:05.239000,0 days 01:02:37.435000,0 days 01:03:04.199000,271.0,182.0,289.0,295.0,False,MEDIUM,23.0,False,Mercedes,0 days 01:01:41.167000,,1,1.0,,,False,True
0 days 01:04:28.911000,BOT,77,0 days 00:01:24.735000,20.0,3.0,,,0 days 00:00:25.253000,0 days 00:00:32.386000,0 days 00:00:27.096000,0 days 01:03:29.452000,0 days 01:04:01.838000,0 days 01:04:28.934000,274.0,176.0,294.0,297.0,False,MEDIUM,24.0,False,Mercedes,0 days 01:03:04.176000,,1,2.0,,,False,True
0 days 01:05:52.259000,BOT,77,0 days 00:01:23.348000,21.0,3.0,,,0 days 00:00:24.168000,0 days 00:00:32.209000,0 days 00:00:26.971000,0 days 01:04:53.102000,0 days 01:05:25.311000,0 days 01:05:52.282000,274.0,180.0,291.0,300.0,False,MEDIUM,25.0,False,Mercedes,0 days 01:04:28.911000,,1,2.0,,,False,True
0 days 01:07:15.182000,BOT,77,0 days 00:01:22.923000,22.0,3.0,,,0 days 00:00:24.230000,0 days 00:00:31.923000,0 days 00:00:26.770000,0 days 01:06:16.512000,0 days 01:06:48.435000,0 days 01:07:15.205000,268.0,179.0,293.0,293.0,False,MEDIUM,26.0,False,Mercedes,0 days 01:05:52.259000,,1,2.0,,,False,True
0 days 01:08:37.784000,BOT,77,0 days 00:01:22.602000,23.0,3.0,,,0 days 00:00:23.916000,0 days 00:00:31.917000,0 days 00:00:26.769000,0 days 01:07:39.121000,0 days 01:08:11.038000,0 days 01:08:37.807000,267.0,180.0,292.0,296.0,False,MEDIUM,27.0,False,Mercedes,0 days 01:07:15.182000,,1,2.0,,,False,True
0 days 01:10:00.417000,BOT,77,0 days 00:01:22.633000,24.0,3.0,,,0 days 00:00:24.034000,0 days 00:00:31.856000,0 days 00:00:26.743000,0 days 01:09:01.841000,0 days 01:09:33.697000,0 days 01:10:00.440000,265.0,181.0,292.0,297.0,False,MEDIUM,28.0,False,Mercedes,0 days 01:08:37.784000,,1,2.0,,,False,True
0 days 01:11:22.855000,BOT,77,0 days 00:01:22.438000,25.0,3.0,,,0 days 00:00:23.957000,0 days 00:00:31.827000,0 days 00:00:26.654000,0 days 01:10:24.397000,0 days 01:10:56.224000,0 days 01:11:22.878000,267.0,181.0,292.0,299.0,True,MEDIUM,29.0,False,Mercedes,0 days 01:10:00.417000,,1,2.0,,,False,True
0 days 01:12:45.293000,BOT,77,0 days 00:01:22.438000,26.0,3.0,,,0 days 00:00:24.068000,0 days 00:00:31.734000,0 days 00:00:26.636000,0 days 01:11:46.946000,0 days 01:12:18.680000,0 days 01:12:45.316000,268.0,180.0,293.0,287.0,False,MEDIUM,30.0,False,Mercedes,0 days 01:11:22.855000,,1,2.0,,,False,True
0 days 01:14:07.859000,BOT,77,0 days 00:01:22.566000,27.0,3.0,,,0 days 00:00:23.891000,0 days 00:00:31.829000,0 days 00:00:26.846000,0 days 01:13:09.207000,0 days 01:13:41.036000,0 days 01:14:07.882000,268.0,176.0,295.0,297.0,False,MEDIUM,31.0,False,Mercedes,0 days 01:12:45.293000,,1,2.0,,,False,True
0 days 01:15:30.401000,BOT,77,0 days 00:01:22.542000,28.0,3.0,,,0 days 00:00:24.069000,0 days 00:00:31.817000,0 days 00:00:26.656000,0 days 01:14:31.951000,0 days 01:15:03.768000,0 days 01:15:30.424000,275.0,183.0,292.0,301.0,False,MEDIUM,32.0,False,Mercedes,0 days 01:14:07.859000,,1,2.0,,,False,True
0 days 01:16:52.580000,BOT,77,0 days 00:01:22.179000,29.0,3.0,,,0 days 00:00:23.869000,0 days 00:00:31.628000,0 days 00:00:26.682000,0 days 01:15:54.293000,0 days 01:16:25.921000,0 days 01:16:52.603000,270.0,184.0,291.0,291.0,True,MEDIUM,33.0,False,Mercedes,0 days 01:15:30.401000,,1,2.0,,,False,True
0 days 01:18:14.995000,BOT,77,0 days 00:01:22.415000,30.0,3.0,,,0 days 00:00:23.978000,0 days 00:00:31.822000,0 days 00:00:26.615000,0 days 01:17:16.581000,0 days 01:17:48.403000,0 days 01:18:15.018000,269.0,178.0,291.0,288.0,False,MEDIUM,34.0,False,Mercedes,0 days 01:16:52.580000,,1,2.0,,,False,True
0 days 01:19:37.184000,BOT,77,0 days 00:01:22.189000,31.0,3.0,,,0 days 00:00:23.981000,0 days 00:00:31.720000,0 days 00:00:26.488000,0 days 01:18:38.999000,0 days 01:19:10.719000,0 days 01:19:37.207000,269.0,182.0,291.0,298.0,False,MEDIUM,35.0,False,Mercedes,0 days 01:18:14.995000,,1,2.0,,,False,True
0 days 01:20:59.445000,BOT,77,0 days 00:01:22.261000,32.0,3.0,,,0 days 00:00:23.942000,0 days 00:00:31.753000,0 days 00:00:26.566000,0 days 01:20:01.149000,0 days 01:20:32.902000,0 days 01:20:59.468000,266.0,181.0,292.0,289.0,False,MEDIUM,36.0,False,Mercedes,0 days 01:19:37.184000,,1,2.0,,,False,True
0 days 01:22:21.372000,BOT,77,0 days 00:01:21.927000,33.0,3.0,,,0 days 00:00:23.789000,0 days 00:00:31.605000,0 days 00:00:26.533000,0 days 01:21:23.257000,0 days 01:21:54.862000,0 days 01:22:21.395000,271.0,183.0,292.0,290.0,True,MEDIUM,37.0,False,Mercedes,0 days 01:20:59.445000,,1,2.0,,,False,True
0 days 01:23:43.557000,BOT,77,0 days 00:01:22.185000,34.0,3.0,,,0 days 00:00:23.844000,0 days 00:00:31.576000,0 days 00:00:26.765000,0 days 01:22:45.239000,0 days 01:23:16.815000,0 days 01:23:43.580000,272.0,180.0,293.0,290.0,False,MEDIUM,38.0,False,Mercedes,0 days 01:22:21.372000,,1,2.0,,,False,True
0 days 01:25:05.644000,BOT,77,0 days 00:01:22.087000,35.0,3.0,,,0 days 00:00:23.809000,0 days 00:00:31.695000,0 days 00:00:26.583000,0 days 01:24:07.389000,0 days 01:24:39.084000,0 days 01:25:05.667000,276.0,175.0,293.0,293.0,False,MEDIUM,39.0,False,Mercedes,0 days 01:23:43.557000,,1,2.0,,,False,True
0 days 01:26:31.345000,BOT,77,0 days 00:01:25.701000,36.0,3.0,,0 days 01:26:28.373000,0 days 00:00:23.805000,0 days 00:00:31.887000,0 days 00:00:30.009000,0 days 01:25:29.472000,0 days 01:26:01.359000,0 days 01:26:31.368000,276.0,179.0,,297.0,False,MEDIUM,40.0,False,Mercedes,0 days 01:25:05.644000,,1,2.0,,,False,False
0 days 01:28:18.455000,BOT,77,0 days 00:01:47.110000,37.0,4.0,0 days 01:26:55.311000,,0 days 00:00:47.215000,0 days 00:00:33.026000,0 days 00:00:26.869000,0 days 01:27:18.583000,0 days 01:27:51.609000,0 days 01:28:18.478000,268.0,175.0,295.0,297.0,False,HARD,2.0,False,Mercedes,0 days 01:26:31.345000,,1,4.0,,,False,False
0 days 01:29:40.404000,BOT,77,0 days 00:01:21.949000,38.0,4.0,,,0 days 00:00:23.910000,0 days 00:00:31.642000,0 days 00:00:26.397000,0 days 01:28:42.388000,0 days 01:29:14.030000,0 days 01:29:40.427000,272.0,183.0,298.0,297.0,False,HARD,3.0,False,Mercedes,0 days 01:28:18.455000,,1,4.0,,,False,True
0 days 01:31:02.844000,BOT,77,0 days 00:01:22.440000,39.0,4.0,,,0 days 00:00:23.971000,0 days 00:00:31.766000,0 days 00:00:26.703000,0 days 01:30:04.398000,0 days 01:30:36.164000,0 days 01:31:02.867000,272.0,180.0,296.0,292.0,False,HARD,4.0,False,Mercedes,0 days 01:29:40.404000,,1,4.0,,,False,True
0 days 01:32:24.896000,BOT,77,0 days 00:01:22.052000,40.0,4.0,,,0 days 00:00:23.916000,0 days 00:00:31.743000,0 days 00:00:26.393000,0 days 01:31:26.783000,0 days 01:31:58.526000,0 days 01:32:24.919000,272.0,185.0,292.0,289.0,False,HARD,5.0,False,Mercedes,0 days 01:31:02.844000,,1,4.0,,,False,True
0 days 01:33:46.543000,BOT,77,0 days 00:01:21.647000,41.0,4.0,,,0 days 00:00:23.760000,0 days 00:00:31.528000,0 days 00:00:26.359000,0 days 01:32:48.679000,0 days 01:33:20.207000,0 days 01:33:46.566000,267.0,182.0,293.0,285.0,True,HARD,6.0,False,Mercedes,0 days 01:32:24.896000,,1,4.0,,,False,True
0 days 01:35:07.950000,BOT,77,0 days 00:01:21.407000,42.0,4.0,,,0 days 00:00:23.774000,0 days 00:00:31.334000,0 days 00:00:26.299000,0 days 01:34:10.340000,0 days 01:34:41.674000,0 days 01:35:07.973000,269.0,188.0,293.0,283.0,True,HARD,7.0,False,Mercedes,0 days 01:33:46.543000,,1,4.0,,,False,True
0 days 01:36:29.419000,BOT,77,0 days 00:01:21.469000,43.0,4.0,,,0 days 00:00:23.567000,0 days 00:00:31.165000,0 days 00:00:26.737000,0 days 01:35:31.540000,0 days 01:36:02.705000,0 days 01:36:29.442000,273.0,185.0,294.0,290.0,False,HARD,8.0,False,Mercedes,0 days 01:35:07.950000,,1,4.0,,,False,True
0 days 01:37:50.805000,BOT,77,0 days 00:01:21.386000,44.0,4.0,,,0 days 00:00:23.596000,0 days 00:00:31.334000,0 days 00:00:26.456000,0 days 01:36:53.038000,0 days 01:37:24.372000,0 days 01:37:50.828000,273.0,186.0,293.0,291.0,True,HARD,9.0,False,Mercedes,0 days 01:36:29.419000,,1,4.0,,,False,True
0 days 01:39:11.788000,BOT,77,0 days 00:01:20.983000,45.0,4.0,,,0 days 00:00:23.565000,0 days 00:00:31.123000,0 days 00:00:26.295000,0 days 01:38:14.393000,0 days 01:38:45.516000,0 days 01:39:11.811000,279.0,186.0,297.0,291.0,True,HARD,10.0,False,Mercedes,0 days 01:37:50.805000,,1,4.0,,,False,True
0 days 01:40:33.220000,BOT,77,0 days 00:01:21.432000,46.0,4.0,,,0 days 00:00:23.548000,0 days 00:00:31.439000,0 days 00:00:26.445000,0 days 01:39:35.359000,0 days 01:40:06.798000,0 days 01:40:33.243000,275.0,185.0,295.0,295.0,False,HARD,11.0,False,Mercedes,0 days 01:39:11.788000,,1,4.0,,,False,True
0 days 01:41:54.487000,BOT,77,0 days 00:01:21.267000,47.0,4.0,,,0 days 00:00:23.629000,0 days 00:00:31.192000,0 days 00:00:26.446000,0 days 01:40:56.872000,0 days 01:41:28.064000,0 days 01:41:54.510000,275.0,183.0,294.0,291.0,False,HARD,12.0,False,Mercedes,0 days 01:40:33.220000,,1,4.0,,,False,True
0 days 01:43:15.882000,BOT,77,0 days 00:01:21.395000,48.0,4.0,,,0 days 00:00:23.712000,0 days 00:00:31.275000,0 days 00:00:26.408000,0 days 01:42:18.222000,0 days 01:42:49.497000,0 days 01:43:15.905000,276.0,189.0,296.0,291.0,False,HARD,13.0,False,Mercedes,0 days 01:41:54.487000,,1,4.0,,,False,True
0 days 01:44:37.300000,BOT,77,0 days 00:01:21.418000,49.0,4.0,,,0 days 00:00:23.592000,0 days 00:00:31.362000,0 days 00:00:26.464000,0 days 01:43:39.497000,0 days 01:44:10.859000,0 days 01:44:37.323000,277.0,182.0,296.0,292.0,False,HARD,14.0,False,Mercedes,0 days 01:43:15.882000,,1,4.0,,,False,True
0 days 01:45:58.990000,BOT,77,0 days 00:01:21.690000,50.0,4.0,,,0 days 00:00:23.580000,0 days 00:00:31.481000,0 days 00:00:26.629000,0 days 01:45:00.903000,0 days 01:45:32.384000,0 days 01:45:59.013000,280.0,182.0,298.0,294.0,False,HARD,15.0,False,Mercedes,0 days 01:44:37.300000,,1,4.0,,,False,True
0 days 01:47:20.298000,BOT,77,0 days 00:01:21.308000,51.0,4.0,,,0 days 00:00:23.593000,0 days 00:00:31.291000,0 days 00:00:26.424000,0 days 01:46:22.606000,0 days 01:46:53.897000,0 days 01:47:20.321000,279.0,189.0,298.0,295.0,False,HARD,16.0,False,Mercedes,0 days 01:45:58.990000,,1,3.0,,,False,True
0 days 01:48:41.629000,BOT,77,0 days 00:01:21.331000,52.0,4.0,,,0 days 00:00:23.766000,0 days 00:00:31.311000,0 days 00:00:26.254000,0 days 01:47:44.087000,0 days 01:48:15.398000,0 days 01:48:41.652000,274.0,190.0,298.0,296.0,False,HARD,17.0,False,Mercedes,0 days 01:47:20.298000,,1,3.0,,,False,True
0 days 01:50:02.732000,BOT,77,0 days 00:01:21.103000,53.0,4.0,,,0 days 00:00:23.605000,0 days 00:00:31.163000,0 days 00:00:26.335000,0 days 01:49:05.257000,0 days 01:49:36.420000,0 days 01:50:02.755000,277.0,188.0,298.0,292.0,False,HARD,18.0,False,Mercedes,0 days 01:48:41.629000,,1,3.0,,,False,True
0 days 01:51:25.961000,BOT,77,0 days 00:01:23.229000,54.0,4.0,,,0 days 00:00:23.899000,0 days 00:00:31.676000,0 days 00:00:27.654000,0 days 01:50:26.654000,0 days 01:50:58.330000,0 days 01:51:25.984000,276.0,172.0,282.0,293.0,False,HARD,19.0,False,Mercedes,0 days 01:50:02.732000,,1,3.0,,,False,True
0 days 01:52:49.492000,BOT,77,0 days 00:01:23.531000,55.0,4.0,,,0 days 00:00:25.327000,0 days 00:00:31.712000,0 days 00:00:26.492000,0 days 01:51:51.311000,0 days 01:52:23.023000,0 days 01:52:49.515000,278.0,183.0,295.0,280.0,False,HARD,20.0,False,Mercedes,0 days 01:51:25.961000,,1,3.0,,,False,True
0 days 01:54:10.894000,BOT,77,0 days 00:01:21.402000,56.0,4.0,,,0 days 00:00:23.660000,0 days 00:00:31.367000,0 days 00:00:26.375000,0 days 01:53:13.175000,0 days 01:53:44.542000,0 days 01:54:10.917000,270.0,187.0,294.0,293.0,False,HARD,21.0,False,Mercedes,0 days 01:52:49.492000,,1,3.0,,,False,True
0 days 01:55:32.048000,BOT,77,0 days 00:01:21.154000,57.0,4.0,,,0 days 00:00:23.713000,0 days 00:00:31.130000,0 days 00:00:26.311000,0 days 01:54:34.630000,0 days 01:55:05.760000,0 days 01:55:32.071000,277.0,187.0,293.0,285.0,False,HARD,22.0,False,Mercedes,0 days 01:54:10.894000,,1,3.0,,,False,True
0 days 01:56:53.493000,BOT,77,0 days 00:01:21.445000,58.0,4.0,,,0 days 00:00:23.653000,0 days 00:00:31.296000,0 days 00:00:26.496000,0 days 01:55:55.724000,0 days 01:56:27.020000,0 days 01:56:53.516000,273.0,182.0,291.0,289.0,False,HARD,23.0,False,Mercedes,0 days 01:55:32.048000,,1,3.0,,,False,True
0 days 01:58:14.998000,BOT,77,0 days 00:01:21.505000,59.0,4.0,,,0 days 00:00:23.783000,0 days 00:00:31.278000,0 days 00:00:26.444000,0 days 01:57:17.299000,0 days 01:57:48.577000,0 days 01:58:15.021000,278.0,188.0,292.0,282.0,False,HARD,24.0,False,Mercedes,0 days 01:56:53.493000,,1,3.0,,,False,True
0 days 01:59:35.965000,BOT,77,0 days 00:01:20.967000,60.0,4.0,,,0 days 00:00:23.608000,0 days 00:00:31.142000,0 days 00:00:26.217000,0 days 01:58:38.629000,0 days 01:59:09.771000,0 days 01:59:35.988000,275.0,189.0,294.0,290.0,True,HARD,25.0,False,Mercedes,0 days 01:58:14.998000,,1,3.0,,,False,True
0 days 02:00:57.156000,BOT,77,0 days 00:01:21.191000,61.0,4.0,,,0 days 00:00:23.589000,0 days 00:00:31.294000,0 days 00:00:26.308000,0 days 01:59:59.577000,0 days 02:00:30.871000,0 days 02:00:57.179000,274.0,179.0,293.0,289.0,False,HARD,26.0,False,Mercedes,0 days 01:59:35.965000,,1,3.0,,,False,True
0 days 02:02:18.240000,BOT,77,0 days 00:01:21.084000,62.0,4.0,,,0 days 00:00:23.687000,0 days 00:00:31.178000,0 days 00:00:26.219000,0 days 02:01:20.866000,0 days 02:01:52.044000,0 days 02:02:18.263000,275.0,184.0,293.0,288.0,False,HARD,27.0,False,Mercedes,0 days 02:00:57.156000,,1,3.0,,,False,True
0 days 02:03:43.014000,BOT,77,0 days 00:01:24.774000,63.0,4.0,,0 days 02:03:40.068000,0 days 00:00:23.830000,0 days 00:00:31.185000,0 days 00:00:29.759000,0 days 02:02:42.093000,0 days 02:03:13.278000,0 days 02:03:43.037000,278.0,188.0,,292.0,False,HARD,28.0,False,Mercedes,0 days 02:02:18.240000,,1,3.0,,,False,False
0 days 02:05:27.250000,BOT,77,0 days 00:01:44.236000,64.0,5.0,0 days 02:04:06.655000,,0 days 00:00:46.076000,0 days 00:00:31.534000,0 days 00:00:26.626000,0 days 02:04:29.113000,0 days 02:05:00.647000,0 days 02:05:27.273000,275.0,189.0,289.0,292.0,False,SOFT,1.0,True,Mercedes,0 days 02:03:43.014000,,1,3.0,,,False,False
0 days 02:06:47.115000,BOT,77,0 days 00:01:19.865000,65.0,5.0,,,0 days 00:00:23.356000,0 days 00:00:30.617000,0 days 00:00:25.892000,0 days 02:05:50.629000,0 days 02:06:21.246000,0 days 02:06:47.138000,279.0,192.0,294.0,294.0,True,SOFT,2.0,True,Mercedes,0 days 02:05:27.250000,,1,3.0,,,False,True
0 days 02:08:07.941000,BOT,77,0 days 00:01:20.826000,66.0,5.0,,,0 days 00:00:23.539000,0 days 00:00:31.037000,0 days 00:00:26.250000,0 days 02:07:10.677000,0 days 02:07:41.714000,0 days 02:08:07.964000,273.0,188.0,293.0,292.0,False,SOFT,3.0,True,Mercedes,0 days 02:06:47.115000,,1,3.0,,,False,True
0 days 00:34:39.618000,MAZ,9,0 days 00:01:36.628000,1.0,1.0,,,,0 days 00:00:36.220000,0 days 00:00:28.480000,,0 days 00:34:11.227000,0 days 00:34:39.804000,264.0,161.0,298.0,273.0,False,MEDIUM,1.0,True,Haas F1 Team,0 days 00:33:02.841000,,1,20.0,,,False,False
0 days 00:36:45.584000,MAZ,9,0 days 00:02:05.966000,2.0,1.0,,0 days 00:36:42.929000,0 days 00:00:26.734000,0 days 00:00:53.531000,0 days 00:00:45.701000,0 days 00:35:06.403000,0 days 00:35:59.934000,0 days 00:36:45.635000,266.0,154.0,,314.0,False,MEDIUM,2.0,True,Haas F1 Team,0 days 00:34:39.618000,,14,19.0,,,False,False
0 days 00:39:05.319000,MAZ,9,0 days 00:02:19.735000,3.0,2.0,0 days 00:37:03.987000,0 days 00:39:02.264000,0 days 00:00:45.440000,0 days 00:00:42.810000,0 days 00:00:51.485000,0 days 00:37:31.075000,0 days 00:38:13.885000,0 days 00:39:05.370000,125.0,164.0,,314.0,False,MEDIUM,3.0,False,Haas F1 Team,0 days 00:36:45.584000,,4,19.0,,,False,False
0 days 00:41:20.032000,MAZ,9,0 days 00:02:14.713000,4.0,3.0,0 days 00:39:23.747000,,0 days 00:00:53.233000,0 days 00:00:39.694000,0 days 00:00:41.786000,0 days 00:39:58.603000,0 days 00:40:38.297000,0 days 00:41:20.083000,169.0,162.0,162.0,314.0,False,MEDIUM,4.0,False,Haas F1 Team,0 days 00:39:05.319000,,4,19.0,,,False,False
0 days 00:43:19.377000,MAZ,9,0 days 00:01:59.345000,5.0,3.0,,,0 days 00:00:32.497000,0 days 00:00:43.171000,0 days 00:00:43.677000,0 days 00:41:52.580000,0 days 00:42:35.751000,0 days 00:43:19.428000,108.0,150.0,199.0,226.0,True,MEDIUM,5.0,False,Haas F1 Team,0 days 00:41:20.032000,,4,19.0,,,False,False
0 days 00:45:09.302000,MAZ,9,0 days 00:01:49.925000,6.0,3.0,,,0 days 00:00:33.042000,0 days 00:00:41.012000,0 days 00:00:35.871000,0 days 00:43:52.470000,0 days 00:44:33.482000,0 days 00:45:09.353000,114.0,163.0,277.0,261.0,True,MEDIUM,6.0,False,Haas F1 Team,0 days 00:43:19.377000,,41,19.0,,,False,False
0 days 00:46:40.015000,MAZ,9,0 days 00:01:30.713000,7.0,3.0,,,0 days 00:00:26.801000,0 days 00:00:35.347000,0 days 00:00:28.565000,0 days 00:45:36.154000,0 days 00:46:11.501000,0 days 00:46:40.066000,270.0,162.0,293.0,318.0,True,MEDIUM,7.0,False,Haas F1 Team,0 days 00:45:09.302000,,1,18.0,,,False,True
0 days 00:48:08.592000,MAZ,9,0 days 00:01:28.577000,8.0,3.0,,,0 days 00:00:26.551000,0 days 00:00:34.142000,0 days 00:00:27.884000,0 days 00:47:06.617000,0 days 00:47:40.759000,0 days 00:48:08.643000,270.0,170.0,296.0,309.0,True,MEDIUM,8.0,False,Haas F1 Team,0 days 00:46:40.015000,,1,19.0,,,False,True
0 days 00:49:35.210000,MAZ,9,0 days 00:01:26.618000,9.0,3.0,,,0 days 00:00:25.317000,0 days 00:00:33.699000,0 days 00:00:27.602000,0 days 00:48:33.960000,0 days 00:49:07.659000,0 days 00:49:35.261000,278.0,170.0,297.0,303.0,True,MEDIUM,9.0,False,Haas F1 Team,0 days 00:48:08.592000,,1,19.0,,,False,True
0 days 00:51:01.399000,MAZ,9,0 days 00:01:26.189000,10.0,3.0,,,0 days 00:00:25.149000,0 days 00:00:33.524000,0 days 00:00:27.516000,0 days 00:50:00.410000,0 days 00:50:33.934000,0 days 00:51:01.450000,270.0,172.0,291.0,322.0,True,MEDIUM,10.0,False,Haas F1 Team,0 days 00:49:35.210000,,1,19.0,,,False,True
0 days 00:52:27.194000,MAZ,9,0 days 00:01:25.795000,11.0,3.0,,,0 days 00:00:25.157000,0 days 00:00:33.094000,0 days 00:00:27.544000,0 days 00:51:26.607000,0 days 00:51:59.701000,0 days 00:52:27.245000,270.0,172.0,289.0,306.0,True,MEDIUM,11.0,False,Haas F1 Team,0 days 00:51:01.399000,,1,19.0,,,False,True
0 days 00:53:52.502000,MAZ,9,0 days 00:01:25.308000,12.0,3.0,,,0 days 00:00:25.016000,0 days 00:00:32.958000,0 days 00:00:27.334000,0 days 00:52:52.261000,0 days 00:53:25.219000,0 days 00:53:52.553000,268.0,172.0,291.0,303.0,True,MEDIUM,12.0,False,Haas F1 Team,0 days 00:52:27.194000,,1,19.0,,,False,True
0 days 00:55:18.243000,MAZ,9,0 days 00:01:25.741000,13.0,3.0,,,0 days 00:00:25.231000,0 days 00:00:32.979000,0 days 00:00:27.531000,0 days 00:54:17.784000,0 days 00:54:50.763000,0 days 00:55:18.294000,268.0,178.0,288.0,295.0,True,MEDIUM,13.0,False,Haas F1 Team,0 days 00:53:52.502000,,1,19.0,,,False,True
0 days 00:56:43.959000,MAZ,9,0 days 00:01:25.716000,14.0,3.0,,,0 days 00:00:25.283000,0 days 00:00:32.850000,0 days 00:00:27.583000,0 days 00:55:43.577000,0 days 00:56:16.427000,0 days 00:56:44.010000,268.0,175.0,288.0,295.0,True,MEDIUM,14.0,False,Haas F1 Team,0 days 00:55:18.243000,,1,19.0,,,False,True
0 days 00:58:09.260000,MAZ,9,0 days 00:01:25.301000,15.0,3.0,,,0 days 00:00:25.142000,0 days 00:00:32.718000,0 days 00:00:27.441000,0 days 00:57:09.152000,0 days 00:57:41.870000,0 days 00:58:09.311000,269.0,175.0,288.0,296.0,True,MEDIUM,15.0,False,Haas F1 Team,0 days 00:56:43.959000,,1,19.0,,,False,True
0 days 00:59:34.864000,MAZ,9,0 days 00:01:25.604000,16.0,3.0,,,0 days 00:00:25.097000,0 days 00:00:32.883000,0 days 00:00:27.624000,0 days 00:58:34.408000,0 days 00:59:07.291000,0 days 00:59:34.915000,270.0,174.0,286.0,295.0,False,MEDIUM,16.0,False,Haas F1 Team,0 days 00:58:09.260000,,1,19.0,,,False,True
0 days 01:01:00.300000,MAZ,9,0 days 00:01:25.436000,17.0,3.0,,,0 days 00:00:25.222000,0 days 00:00:32.703000,0 days 00:00:27.511000,0 days 01:00:00.137000,0 days 01:00:32.840000,0 days 01:01:00.351000,269.0,176.0,286.0,296.0,False,MEDIUM,17.0,False,Haas F1 Team,0 days 00:59:34.864000,,1,19.0,,,False,True
0 days 01:02:25.603000,MAZ,9,0 days 00:01:25.303000,18.0,3.0,,,0 days 00:00:25.013000,0 days 00:00:32.898000,0 days 00:00:27.392000,0 days 01:01:25.364000,0 days 01:01:58.262000,0 days 01:02:25.654000,269.0,169.0,288.0,294.0,False,MEDIUM,18.0,False,Haas F1 Team,0 days 01:01:00.300000,,1,19.0,,,False,True
0 days 01:03:50.665000,MAZ,9,0 days 00:01:25.062000,19.0,3.0,,,0 days 00:00:24.958000,0 days 00:00:32.660000,0 days 00:00:27.444000,0 days 01:02:50.612000,0 days 01:03:23.272000,0 days 01:03:50.716000,271.0,165.0,287.0,294.0,True,MEDIUM,19.0,False,Haas F1 Team,0 days 01:02:25.603000,,1,19.0,,,False,True
0 days 01:05:15.926000,MAZ,9,0 days 00:01:25.261000,20.0,3.0,,,0 days 00:00:24.977000,0 days 00:00:32.719000,0 days 00:00:27.565000,0 days 01:04:15.693000,0 days 01:04:48.412000,0 days 01:05:15.977000,269.0,174.0,286.0,293.0,False,MEDIUM,20.0,False,Haas F1 Team,0 days 01:03:50.665000,,1,19.0,,,False,True
0 days 01:06:41.067000,MAZ,9,0 days 00:01:25.141000,21.0,3.0,,,0 days 00:00:25.062000,0 days 00:00:32.570000,0 days 00:00:27.509000,0 days 01:05:41.039000,0 days 01:06:13.609000,0 days 01:06:41.118000,269.0,176.0,287.0,292.0,False,MEDIUM,21.0,False,Haas F1 Team,0 days 01:05:15.926000,,1,19.0,,,False,True
0 days 01:08:06.597000,MAZ,9,0 days 00:01:25.530000,22.0,3.0,,,0 days 00:00:25.049000,0 days 00:00:32.429000,0 days 00:00:28.052000,0 days 01:07:06.167000,0 days 01:07:38.596000,0 days 01:08:06.648000,268.0,175.0,286.0,292.0,False,MEDIUM,22.0,False,Haas F1 Team,0 days 01:06:41.067000,,1,18.0,,,False,True
0 days 01:09:33.590000,MAZ,9,0 days 00:01:26.993000,23.0,3.0,,,0 days 00:00:25.722000,0 days 00:00:33.676000,0 days 00:00:27.595000,0 days 01:08:32.370000,0 days 01:09:06.046000,0 days 01:09:33.641000,279.0,174.0,288.0,294.0,False,MEDIUM,23.0,False,Haas F1 Team,0 days 01:08:06.597000,,1,18.0,,,False,True
0 days 01:10:58.930000,MAZ,9,0 days 00:01:25.340000,24.0,3.0,,,0 days 00:00:25.039000,0 days 00:00:32.716000,0 days 00:00:27.585000,0 days 01:09:58.680000,0 days 01:10:31.396000,0 days 01:10:58.981000,270.0,174.0,286.0,298.0,False,MEDIUM,24.0,False,Haas F1 Team,0 days 01:09:33.590000,,1,18.0,,,False,True
0 days 01:12:24.156000,MAZ,9,0 days 00:01:25.226000,25.0,3.0,,,0 days 00:00:24.926000,0 days 00:00:32.846000,0 days 00:00:27.454000,0 days 01:11:23.907000,0 days 01:11:56.753000,0 days 01:12:24.207000,271.0,173.0,287.0,296.0,False,MEDIUM,25.0,False,Haas F1 Team,0 days 01:10:58.930000,,1,17.0,,,False,True
0 days 01:13:48.811000,MAZ,9,0 days 00:01:24.655000,26.0,3.0,,,0 days 00:00:25.016000,0 days 00:00:32.484000,0 days 00:00:27.155000,0 days 01:12:49.223000,0 days 01:13:21.707000,0 days 01:13:48.862000,270.0,176.0,287.0,293.0,True,MEDIUM,26.0,False,Haas F1 Team,0 days 01:12:24.156000,,1,17.0,,,False,True
0 days 01:15:13.861000,MAZ,9,0 days 00:01:25.050000,27.0,3.0,,,0 days 00:00:25.055000,0 days 00:00:32.595000,0 days 00:00:27.400000,0 days 01:14:13.917000,0 days 01:14:46.512000,0 days 01:15:13.912000,270.0,177.0,287.0,296.0,False,MEDIUM,27.0,False,Haas F1 Team,0 days 01:13:48.811000,,1,17.0,,,False,True
0 days 01:16:40.181000,MAZ,9,0 days 00:01:26.320000,28.0,3.0,,,0 days 00:00:25.576000,0 days 00:00:33.045000,0 days 00:00:27.699000,0 days 01:15:39.488000,0 days 01:16:12.533000,0 days 01:16:40.232000,277.0,175.0,288.0,294.0,False,MEDIUM,28.0,False,Haas F1 Team,0 days 01:15:13.861000,,1,18.0,,,False,True
0 days 01:18:05.314000,MAZ,9,0 days 00:01:25.133000,29.0,3.0,,,0 days 00:00:25.061000,0 days 00:00:32.695000,0 days 00:00:27.377000,0 days 01:17:05.293000,0 days 01:17:37.988000,0 days 01:18:05.365000,273.0,177.0,287.0,295.0,False,MEDIUM,29.0,False,Haas F1 Team,0 days 01:16:40.181000,,1,17.0,,,False,True
0 days 01:19:29.782000,MAZ,9,0 days 00:01:24.468000,30.0,3.0,,,0 days 00:00:24.887000,0 days 00:00:32.371000,0 days 00:00:27.210000,0 days 01:18:30.252000,0 days 01:19:02.623000,0 days 01:19:29.833000,273.0,180.0,287.0,293.0,True,MEDIUM,30.0,False,Haas F1 Team,0 days 01:18:05.314000,,1,17.0,,,False,True
0 days 01:20:58.381000,MAZ,9,0 days 00:01:28.599000,31.0,3.0,,0 days 01:20:55.258000,0 days 00:00:25.073000,0 days 00:00:32.656000,0 days 00:00:30.870000,0 days 01:19:54.906000,0 days 01:20:27.562000,0 days 01:20:58.432000,268.0,177.0,,294.0,False,MEDIUM,31.0,False,Haas F1 Team,0 days 01:19:29.782000,,1,17.0,,,False,False
0 days 01:22:49.314000,MAZ,9,0 days 00:01:50.933000,32.0,4.0,0 days 01:21:22.450000,,0 days 00:00:48.724000,0 days 00:00:34.484000,0 days 00:00:27.725000,0 days 01:21:47.156000,0 days 01:22:21.640000,0 days 01:22:49.365000,266.0,172.0,285.0,294.0,False,HARD,1.0,True,Haas F1 Team,0 days 01:20:58.381000,,1,19.0,,,False,False
0 days 01:24:14.199000,MAZ,9,0 days 00:01:24.885000,33.0,4.0,,,0 days 00:00:25.049000,0 days 00:00:32.694000,0 days 00:00:27.142000,0 days 01:23:14.414000,0 days 01:23:47.108000,0 days 01:24:14.250000,270.0,177.0,287.0,293.0,False,HARD,2.0,True,Haas F1 Team,0 days 01:22:49.314000,,1,19.0,,,False,True
0 days 01:25:38.331000,MAZ,9,0 days 00:01:24.132000,34.0,4.0,,,0 days 00:00:24.643000,0 days 00:00:32.447000,0 days 00:00:27.042000,0 days 01:24:38.893000,0 days 01:25:11.340000,0 days 01:25:38.382000,272.0,177.0,285.0,290.0,True,HARD,3.0,True,Haas F1 Team,0 days 01:24:14.199000,,1,19.0,,,False,True
0 days 01:27:06.914000,MAZ,9,0 days 00:01:28.583000,35.0,4.0,,,0 days 00:00:27.488000,0 days 00:00:33.599000,0 days 00:00:27.496000,0 days 01:26:05.870000,0 days 01:26:39.469000,0 days 01:27:06.965000,249.0,174.0,289.0,224.0,False,HARD,4.0,True,Haas F1 Team,0 days 01:25:38.331000,,1,19.0,,,False,True
0 days 01:28:31.330000,MAZ,9,0 days 00:01:24.416000,36.0,4.0,,,0 days 00:00:24.858000,0 days 00:00:32.217000,0 days 00:00:27.341000,0 days 01:27:31.823000,0 days 01:28:04.040000,0 days 01:28:31.381000,271.0,181.0,289.0,296.0,False,HARD,5.0,True,Haas F1 Team,0 days 01:27:06.914000,,1,19.0,,,False,True
0 days 01:29:55.955000,MAZ,9,0 days 00:01:24.625000,37.0,4.0,,,0 days 00:00:24.924000,0 days 00:00:32.613000,0 days 00:00:27.088000,0 days 01:28:56.305000,0 days 01:29:28.918000,0 days 01:29:56.006000,273.0,178.0,287.0,295.0,False,HARD,6.0,True,Haas F1 Team,0 days 01:28:31.330000,,1,19.0,,,False,True
0 days 01:31:20.358000,MAZ,9,0 days 00:01:24.403000,38.0,4.0,,,0 days 00:00:24.813000,0 days 00:00:32.376000,0 days 00:00:27.214000,0 days 01:30:20.819000,0 days 01:30:53.195000,0 days 01:31:20.409000,272.0,175.0,288.0,292.0,False,HARD,7.0,True,Haas F1 Team,0 days 01:29:55.955000,,1,19.0,,,False,True
0 days 01:32:44.730000,MAZ,9,0 days 00:01:24.372000,39.0,4.0,,,0 days 00:00:24.741000,0 days 00:00:32.353000,0 days 00:00:27.278000,0 days 01:31:45.150000,0 days 01:32:17.503000,0 days 01:32:44.781000,272.0,180.0,286.0,293.0,False,HARD,8.0,True,Haas F1 Team,0 days 01:31:20.358000,,1,19.0,,,False,True
0 days 01:34:08.870000,MAZ,9,0 days 00:01:24.140000,40.0,4.0,,,0 days 00:00:24.723000,0 days 00:00:32.295000,0 days 00:00:27.122000,0 days 01:33:09.504000,0 days 01:33:41.799000,0 days 01:34:08.921000,271.0,180.0,285.0,290.0,False,HARD,9.0,True,Haas F1 Team,0 days 01:32:44.730000,,1,19.0,,,False,True
0 days 01:35:35.013000,MAZ,9,0 days 00:01:26.143000,41.0,4.0,,,0 days 00:00:25.831000,0 days 00:00:32.693000,0 days 00:00:27.619000,0 days 01:34:34.752000,0 days 01:35:07.445000,0 days 01:35:35.064000,269.0,178.0,285.0,293.0,False,HARD,10.0,True,Haas F1 Team,0 days 01:34:08.870000,,1,19.0,,,False,True
0 days 01:37:03.483000,MAZ,9,0 days 00:01:28.470000,42.0,4.0,,,0 days 00:00:26.302000,0 days 00:00:34.528000,0 days 00:00:27.640000,0 days 01:36:01.366000,0 days 01:36:35.894000,0 days 01:37:03.534000,270.0,160.0,289.0,247.0,False,HARD,11.0,True,Haas F1 Team,0 days 01:35:35.013000,,1,19.0,,,False,True
0 days 01:38:35.041000,MAZ,9,0 days 00:01:31.558000,43.0,4.0,,0 days 01:38:32.121000,0 days 00:00:25.481000,0 days 00:00:34.603000,0 days 00:00:31.474000,0 days 01:37:29.015000,0 days 01:38:03.618000,0 days 01:38:35.092000,226.0,176.0,,295.0,False,HARD,12.0,True,Haas F1 Team,0 days 01:37:03.483000,,1,19.0,,,False,False
0 days 01:40:27.025000,MAZ,9,0 days 00:01:51.984000,44.0,5.0,0 days 01:38:59.091000,,0 days 00:00:50.189000,0 days 00:00:34.241000,0 days 00:00:27.554000,0 days 01:39:25.281000,0 days 01:39:59.522000,0 days 01:40:27.076000,261.0,174.0,286.0,295.0,False,SOFT,1.0,True,Haas F1 Team,0 days 01:38:35.041000,,1,19.0,,,False,False
0 days 01:41:55.409000,MAZ,9,0 days 00:01:28.384000,45.0,5.0,,,0 days 00:00:25.800000,0 days 00:00:32.494000,0 days 00:00:30.090000,0 days 01:40:52.876000,0 days 01:41:25.370000,0 days 01:41:55.460000,271.0,177.0,292.0,280.0,False,SOFT,2.0,True,Haas F1 Team,0 days 01:40:27.025000,,1,19.0,,,False,True
0 days 01:43:19.437000,MAZ,9,0 days 00:01:24.028000,46.0,5.0,,,0 days 00:00:24.605000,0 days 00:00:32.328000,0 days 00:00:27.095000,0 days 01:42:20.065000,0 days 01:42:52.393000,0 days 01:43:19.488000,271.0,181.0,290.0,318.0,True,SOFT,3.0,True,Haas F1 Team,0 days 01:41:55.409000,,1,19.0,,,False,True
0 days 01:44:43.577000,MAZ,9,0 days 00:01:24.140000,47.0,5.0,,,0 days 00:00:24.754000,0 days 00:00:32.361000,0 days 00:00:27.025000,0 days 01:43:44.242000,0 days 01:44:16.603000,0 days 01:44:43.628000,272.0,180.0,288.0,293.0,False,SOFT,4.0,True,Haas F1 Team,0 days 01:43:19.437000,,1,19.0,,,False,True
0 days 01:46:07.674000,MAZ,9,0 days 00:01:24.097000,48.0,5.0,,,0 days 00:00:24.591000,0 days 00:00:32.245000,0 days 00:00:27.261000,0 days 01:45:08.219000,0 days 01:45:40.464000,0 days 01:46:07.725000,274.0,181.0,287.0,292.0,False,SOFT,5.0,True,Haas F1 Team,0 days 01:44:43.577000,,1,19.0,,,False,True
0 days 01:47:31.905000,MAZ,9,0 days 00:01:24.231000,49.0,5.0,,,0 days 00:00:24.682000,0 days 00:00:32.364000,0 days 00:00:27.185000,0 days 01:46:32.407000,0 days 01:47:04.771000,0 days 01:47:31.956000,272.0,181.0,286.0,292.0,False,SOFT,6.0,True,Haas F1 Team,0 days 01:46:07.674000,,1,19.0,,,False,True
0 days 01:48:55.653000,MAZ,9,0 days 00:01:23.748000,50.0,5.0,,,0 days 00:00:24.690000,0 days 00:00:32.171000,0 days 00:00:26.887000,0 days 01:47:56.646000,0 days 01:48:28.817000,0 days 01:48:55.704000,270.0,184.0,287.0,292.0,True,SOFT,7.0,True,Haas F1 Team,0 days 01:47:31.905000,,1,19.0,,,False,True
0 days 01:50:19.762000,MAZ,9,0 days 00:01:24.109000,51.0,5.0,,,0 days 00:00:24.590000,0 days 00:00:32.423000,0 days 00:00:27.096000,0 days 01:49:20.294000,0 days 01:49:52.717000,0 days 01:50:19.813000,271.0,179.0,288.0,292.0,False,SOFT,8.0,True,Haas F1 Team,0 days 01:48:55.653000,,1,19.0,,,False,True
0 days 01:51:43.964000,MAZ,9,0 days 00:01:24.202000,52.0,5.0,,,0 days 00:00:24.700000,0 days 00:00:32.395000,0 days 00:00:27.107000,0 days 01:50:44.513000,0 days 01:51:16.908000,0 days 01:51:44.015000,272.0,182.0,287.0,292.0,False,SOFT,9.0,True,Haas F1 Team,0 days 01:50:19.762000,,1,19.0,,,False,True
0 days 01:53:08.323000,MAZ,9,0 days 00:01:24.359000,53.0,5.0,,,0 days 00:00:24.750000,0 days 00:00:32.572000,0 days 00:00:27.037000,0 days 01:52:08.765000,0 days 01:52:41.337000,0 days 01:53:08.374000,271.0,182.0,288.0,292.0,False,SOFT,10.0,True,Haas F1 Team,0 days 01:51:43.964000,,1,19.0,,,False,True
0 days 01:54:33.201000,MAZ,9,0 days 00:01:24.878000,54.0,5.0,,,0 days 00:00:24.959000,0 days 00:00:32.572000,0 days 00:00:27.347000,0 days 01:53:33.333000,0 days 01:54:05.905000,0 days 01:54:33.252000,272.0,181.0,287.0,294.0,False,SOFT,11.0,True,Haas F1 Team,0 days 01:53:08.323000,,1,19.0,,,False,True
0 days 01:55:59.394000,MAZ,9,0 days 00:01:26.193000,55.0,5.0,,,0 days 00:00:25.212000,0 days 00:00:33.646000,0 days 00:00:27.335000,0 days 01:54:58.464000,0 days 01:55:32.110000,0 days 01:55:59.445000,237.0,178.0,290.0,291.0,False,SOFT,12.0,True,Haas F1 Team,0 days 01:54:33.201000,,1,19.0,,,False,True
0 days 01:57:23.437000,MAZ,9,0 days 00:01:24.043000,56.0,5.0,,,0 days 00:00:24.796000,0 days 00:00:32.104000,0 days 00:00:27.143000,0 days 01:56:24.241000,0 days 01:56:56.345000,0 days 01:57:23.488000,273.0,180.0,287.0,295.0,False,SOFT,13.0,True,Haas F1 Team,0 days 01:55:59.394000,,1,19.0,,,False,True
0 days 01:58:47.364000,MAZ,9,0 days 00:01:23.927000,57.0,5.0,,,0 days 00:00:24.791000,0 days 00:00:32.245000,0 days 00:00:26.891000,0 days 01:57:48.279000,0 days 01:58:20.524000,0 days 01:58:47.415000,271.0,180.0,287.0,291.0,False,SOFT,14.0,True,Haas F1 Team,0 days 01:57:23.437000,,1,19.0,,,False,True
0 days 02:00:11.350000,MAZ,9,0 days 00:01:23.986000,58.0,5.0,,,0 days 00:00:24.886000,0 days 00:00:32.220000,0 days 00:00:26.880000,0 days 01:59:12.301000,0 days 01:59:44.521000,0 days 02:00:11.401000,272.0,182.0,287.0,290.0,False,SOFT,15.0,True,Haas F1 Team,0 days 01:58:47.364000,,1,19.0,,,False,True
0 days 02:01:36.840000,MAZ,9,0 days 00:01:25.490000,59.0,5.0,,,0 days 00:00:24.754000,0 days 00:00:32.472000,0 days 00:00:28.264000,0 days 02:00:36.155000,0 days 02:01:08.627000,0 days 02:01:36.891000,271.0,177.0,297.0,292.0,False,SOFT,16.0,True,Haas F1 Team,0 days 02:00:11.350000,,1,19.0,,,False,True
0 days 02:03:03.812000,MAZ,9,0 days 00:01:26.972000,60.0,5.0,,,0 days 00:00:25.211000,0 days 00:00:34.272000,0 days 00:00:27.489000,0 days 02:02:02.102000,0 days 02:02:36.374000,0 days 02:03:03.863000,271.0,177.0,290.0,271.0,False,SOFT,17.0,True,Haas F1 Team,0 days 02:01:36.840000,,1,19.0,,,False,True
0 days 02:04:27.537000,MAZ,9,0 days 00:01:23.725000,61.0,5.0,,,0 days 00:00:24.728000,0 days 00:00:32.072000,0 days 00:00:26.925000,0 days 02:03:28.591000,0 days 02:04:00.663000,0 days 02:04:27.588000,272.0,186.0,285.0,291.0,True,SOFT,18.0,True,Haas F1 Team,0 days 02:03:03.812000,,1,19.0,,,False,True
0 days 02:05:54.990000,MAZ,9,0 days 00:01:27.453000,62.0,5.0,,,0 days 00:00:25.002000,0 days 00:00:33.920000,0 days 00:00:28.531000,0 days 02:04:52.590000,0 days 02:05:26.510000,0 days 02:05:55.041000,237.0,174.0,292.0,288.0,False,SOFT,19.0,True,Haas F1 Team,0 days 02:04:27.537000,,1,19.0,,,False,True
0 days 02:07:20.703000,MAZ,9,0 days 00:01:25.713000,63.0,5.0,,,0 days 00:00:25.003000,0 days 00:00:33.394000,0 days 00:00:27.316000,0 days 02:06:20.044000,0 days 02:06:53.438000,0 days 02:07:20.754000,252.0,179.0,292.0,294.0,False,SOFT,20.0,True,Haas F1 Team,0 days 02:05:54.990000,,1,19.0,,,False,True
0 days 02:08:44.344000,MAZ,9,0 days 00:01:23.641000,64.0,5.0,,,0 days 00:00:24.710000,0 days 00:00:32.043000,0 days 00:00:26.888000,0 days 02:07:45.464000,0 days 02:08:17.507000,0 days 02:08:44.395000,273.0,184.0,290.0,294.0,True,SOFT,21.0,True,Haas F1 Team,0 days 02:07:20.703000,,1,19.0,,,False,True
0 days 00:34:36.584000,GIO,99,0 days 00:01:33.594000,1.0,1.0,,,,0 days 00:00:34.644000,0 days 00:00:28.371000,,0 days 00:34:08.290000,0 days 00:34:36.820000,267.0,169.0,290.0,258.0,False,MEDIUM,1.0,True,Alfa Romeo Racing,0 days 00:33:02.841000,,1,12.0,,,False,False
0 days 00:36:32.966000,GIO,99,0 days 00:01:56.382000,2.0,1.0,,0 days 00:36:30.001000,0 days 00:00:25.590000,0 days 00:00:49.683000,0 days 00:00:41.109000,0 days 00:35:02.186000,0 days 00:35:51.869000,0 days 00:36:32.978000,273.0,159.0,,293.0,False,MEDIUM,2.0,True,Alfa Romeo Racing,0 days 00:34:36.584000,,14,12.0,,,False,False
0 days 00:38:53.466000,GIO,99,0 days 00:02:20.500000,3.0,2.0,0 days 00:36:52.549000,0 days 00:38:50.567000,0 days 00:00:49.392000,0 days 00:00:42.830000,0 days 00:00:48.278000,0 days 00:37:22.370000,0 days 00:38:05.200000,0 days 00:38:53.478000,157.0,166.0,,293.0,False,MEDIUM,3.0,False,Alfa Romeo Racing,0 days 00:36:32.966000,,4,12.0,,,False,False
0 days 00:41:09.550000,GIO,99,0 days 00:02:16.084000,4.0,3.0,0 days 00:39:13.306000,,0 days 00:00:51.762000,0 days 00:00:41.657000,0 days 00:00:42.665000,0 days 00:39:45.240000,0 days 00:40:26.897000,0 days 00:41:09.562000,153.0,169.0,185.0,293.0,False,MEDIUM,4.0,False,Alfa Romeo Racing,0 days 00:38:53.466000,,4,12.0,,,False,False
0 days 00:43:08.698000,GIO,99,0 days 00:01:59.148000,5.0,3.0,,,0 days 00:00:32.846000,0 days 00:00:44.146000,0 days 00:00:42.156000,0 days 00:41:42.408000,0 days 00:42:26.554000,0 days 00:43:08.710000,152.0,165.0,250.0,244.0,True,MEDIUM,5.0,False,Alfa Romeo Racing,0 days 00:41:09.550000,,4,12.0,,,False,False
0 days 00:45:07.291000,GIO,99,0 days 00:01:58.593000,6.0,3.0,,,0 days 00:00:34.631000,0 days 00:00:42.581000,0 days 00:00:41.381000,0 days 00:43:43.341000,0 days 00:44:25.922000,0 days 00:45:07.303000,184.0,162.0,266.0,173.0,True,MEDIUM,6.0,False,Alfa Romeo Racing,0 days 00:43:08.698000,,41,12.0,,,False,False
0 days 00:46:37.474000,GIO,99,0 days 00:01:30.183000,7.0,3.0,,,0 days 00:00:27.065000,0 days 00:00:34.947000,0 days 00:00:28.171000,0 days 00:45:34.368000,0 days 00:46:09.315000,0 days 00:46:37.486000,274.0,168.0,295.0,309.0,True,MEDIUM,7.0,False,Alfa Romeo Racing,0 days 00:45:07.291000,,1,12.0,,,False,True
0 days 00:48:03.664000,GIO,99,0 days 00:01:26.190000,8.0,3.0,,,0 days 00:00:25.313000,0 days 00:00:33.614000,0 days 00:00:27.263000,0 days 00:47:02.799000,0 days 00:47:36.413000,0 days 00:48:03.676000,277.0,175.0,295.0,308.0,True,MEDIUM,8.0,False,Alfa Romeo Racing,0 days 00:46:37.474000,,1,12.0,,,False,True
0 days 00:49:28.500000,GIO,99,0 days 00:01:24.836000,9.0,3.0,,,0 days 00:00:24.982000,0 days 00:00:32.869000,0 days 00:00:26.985000,0 days 00:48:28.658000,0 days 00:49:01.527000,0 days 00:49:28.512000,281.0,184.0,296.0,304.0,True,MEDIUM,9.0,False,Alfa Romeo Racing,0 days 00:48:03.664000,,1,12.0,,,False,True
0 days 00:50:52.910000,GIO,99,0 days 00:01:24.410000,10.0,3.0,,,0 days 00:00:24.716000,0 days 00:00:32.668000,0 days 00:00:27.026000,0 days 00:49:53.228000,0 days 00:50:25.896000,0 days 00:50:52.922000,274.0,182.0,292.0,321.0,True,MEDIUM,10.0,False,Alfa Romeo Racing,0 days 00:49:28.500000,,1,12.0,,,False,True
0 days 00:52:17.162000,GIO,99,0 days 00:01:24.252000,11.0,3.0,,,0 days 00:00:24.611000,0 days 00:00:32.623000,0 days 00:00:27.018000,0 days 00:51:17.533000,0 days 00:51:50.156000,0 days 00:52:17.174000,274.0,181.0,292.0,306.0,True,MEDIUM,11.0,False,Alfa Romeo Racing,0 days 00:50:52.910000,,1,12.0,,,False,True
0 days 00:53:41.317000,GIO,99,0 days 00:01:24.155000,12.0,3.0,,,0 days 00:00:24.686000,0 days 00:00:32.478000,0 days 00:00:26.991000,0 days 00:52:41.860000,0 days 00:53:14.338000,0 days 00:53:41.329000,273.0,183.0,293.0,305.0,True,MEDIUM,12.0,False,Alfa Romeo Racing,0 days 00:52:17.162000,,1,12.0,,,False,True
0 days 00:55:05.565000,GIO,99,0 days 00:01:24.248000,13.0,3.0,,,0 days 00:00:24.806000,0 days 00:00:32.426000,0 days 00:00:27.016000,0 days 00:54:06.135000,0 days 00:54:38.561000,0 days 00:55:05.577000,272.0,185.0,293.0,296.0,False,MEDIUM,13.0,False,Alfa Romeo Racing,0 days 00:53:41.317000,,1,12.0,,,False,True
0 days 00:56:29.767000,GIO,99,0 days 00:01:24.202000,14.0,3.0,,,0 days 00:00:24.700000,0 days 00:00:32.494000,0 days 00:00:27.008000,0 days 00:55:30.277000,0 days 00:56:02.771000,0 days 00:56:29.779000,271.0,184.0,293.0,300.0,False,MEDIUM,14.0,False,Alfa Romeo Racing,0 days 00:55:05.565000,,1,12.0,,,False,True
0 days 00:57:54.172000,GIO,99,0 days 00:01:24.405000,15.0,3.0,,,0 days 00:00:24.690000,0 days 00:00:32.621000,0 days 00:00:27.094000,0 days 00:56:54.469000,0 days 00:57:27.090000,0 days 00:57:54.184000,273.0,182.0,290.0,299.0,False,MEDIUM,15.0,False,Alfa Romeo Racing,0 days 00:56:29.767000,,1,12.0,,,False,True
0 days 00:59:17.752000,GIO,99,0 days 00:01:23.580000,16.0,3.0,,,0 days 00:00:24.453000,0 days 00:00:32.211000,0 days 00:00:26.916000,0 days 00:58:18.637000,0 days 00:58:50.848000,0 days 00:59:17.764000,275.0,183.0,289.0,296.0,True,MEDIUM,16.0,False,Alfa Romeo Racing,0 days 00:57:54.172000,,1,12.0,,,False,True
0 days 01:00:41.461000,GIO,99,0 days 00:01:23.709000,17.0,3.0,,,0 days 00:00:24.502000,0 days 00:00:32.277000,0 days 00:00:26.930000,0 days 00:59:42.266000,0 days 01:00:14.543000,0 days 01:00:41.473000,273.0,184.0,290.0,300.0,False,MEDIUM,17.0,False,Alfa Romeo Racing,0 days 00:59:17.752000,,1,12.0,,,False,True
0 days 01:02:05.320000,GIO,99,0 days 00:01:23.859000,18.0,3.0,,,0 days 00:00:24.527000,0 days 00:00:32.278000,0 days 00:00:27.054000,0 days 01:01:06,0 days 01:01:38.278000,0 days 01:02:05.332000,275.0,184.0,291.0,297.0,False,MEDIUM,18.0,False,Alfa Romeo Racing,0 days 01:00:41.461000,,1,12.0,,,False,True
0 days 01:03:29.128000,GIO,99,0 days 00:01:23.808000,19.0,3.0,,,0 days 00:00:24.608000,0 days 00:00:32.308000,0 days 00:00:26.892000,0 days 01:02:29.940000,0 days 01:03:02.248000,0 days 01:03:29.140000,274.0,183.0,290.0,295.0,False,MEDIUM,19.0,False,Alfa Romeo Racing,0 days 01:02:05.320000,,1,12.0,,,False,True
0 days 01:04:53.049000,GIO,99,0 days 00:01:23.921000,20.0,3.0,,,0 days 00:00:24.503000,0 days 00:00:32.316000,0 days 00:00:27.102000,0 days 01:03:53.643000,0 days 01:04:25.959000,0 days 01:04:53.061000,274.0,184.0,291.0,297.0,False,MEDIUM,20.0,False,Alfa Romeo Racing,0 days 01:03:29.128000,,1,12.0,,,False,True
0 days 01:06:16.978000,GIO,99,0 days 00:01:23.929000,21.0,3.0,,,0 days 00:00:24.596000,0 days 00:00:32.324000,0 days 00:00:27.009000,0 days 01:05:17.657000,0 days 01:05:49.981000,0 days 01:06:16.990000,274.0,186.0,295.0,297.0,False,MEDIUM,21.0,False,Alfa Romeo Racing,0 days 01:04:53.049000,,1,12.0,,,False,True
0 days 01:07:44.965000,GIO,99,0 days 00:01:27.987000,22.0,3.0,,0 days 01:07:42.153000,0 days 00:00:24.426000,0 days 00:00:32.538000,0 days 00:00:31.023000,0 days 01:06:41.416000,0 days 01:07:13.954000,0 days 01:07:44.977000,280.0,186.0,,318.0,False,MEDIUM,22.0,False,Alfa Romeo Racing,0 days 01:06:16.978000,,1,13.0,,,False,False
0 days 01:09:32.174000,GIO,99,0 days 00:01:47.209000,23.0,4.0,0 days 01:08:08.751000,,0 days 00:00:46.962000,0 days 00:00:33.176000,0 days 00:00:27.071000,0 days 01:08:31.939000,0 days 01:09:05.115000,0 days 01:09:32.186000,267.0,181.0,287.0,318.0,False,HARD,1.0,True,Alfa Romeo Racing,0 days 01:07:44.965000,,1,17.0,,,False,False
0 days 01:10:55.687000,GIO,99,0 days 00:01:23.513000,24.0,4.0,,,0 days 00:00:24.452000,0 days 00:00:32.139000,0 days 00:00:26.922000,0 days 01:09:56.638000,0 days 01:10:28.777000,0 days 01:10:55.699000,273.0,186.0,286.0,294.0,True,HARD,2.0,True,Alfa Romeo Racing,0 days 01:09:32.174000,,1,17.0,,,False,True
0 days 01:12:18.997000,GIO,99,0 days 00:01:23.310000,25.0,4.0,,,0 days 00:00:24.470000,0 days 00:00:32.002000,0 days 00:00:26.838000,0 days 01:11:20.169000,0 days 01:11:52.171000,0 days 01:12:19.009000,274.0,184.0,294.0,296.0,True,HARD,3.0,True,Alfa Romeo Racing,0 days 01:10:55.687000,,1,16.0,,,False,True
0 days 01:13:43.110000,GIO,99,0 days 00:01:24.113000,26.0,4.0,,,0 days 00:00:24.554000,0 days 00:00:32.610000,0 days 00:00:26.949000,0 days 01:12:43.563000,0 days 01:13:16.173000,0 days 01:13:43.122000,282.0,175.0,296.0,319.0,False,HARD,4.0,True,Alfa Romeo Racing,0 days 01:12:18.997000,,1,16.0,,,False,True
0 days 01:15:06.677000,GIO,99,0 days 00:01:23.567000,27.0,4.0,,,0 days 00:00:24.339000,0 days 00:00:32.233000,0 days 00:00:26.995000,0 days 01:14:07.461000,0 days 01:14:39.694000,0 days 01:15:06.689000,273.0,186.0,288.0,324.0,False,HARD,5.0,True,Alfa Romeo Racing,0 days 01:13:43.110000,,1,15.0,,,False,True
0 days 01:16:30.836000,GIO,99,0 days 00:01:24.159000,28.0,4.0,,,0 days 00:00:24.487000,0 days 00:00:32.329000,0 days 00:00:27.343000,0 days 01:15:31.176000,0 days 01:16:03.505000,0 days 01:16:30.848000,272.0,180.0,293.0,296.0,False,HARD,6.0,True,Alfa Romeo Racing,0 days 01:15:06.677000,,1,14.0,,,False,True
0 days 01:17:53.968000,GIO,99,0 days 00:01:23.132000,29.0,4.0,,,0 days 00:00:24.148000,0 days 00:00:32.020000,0 days 00:00:26.964000,0 days 01:16:54.996000,0 days 01:17:27.016000,0 days 01:17:53.980000,275.0,186.0,287.0,314.0,True,HARD,7.0,True,Alfa Romeo Racing,0 days 01:16:30.836000,,1,14.0,,,False,True
0 days 01:19:17.266000,GIO,99,0 days 00:01:23.298000,30.0,4.0,,,0 days 00:00:24.378000,0 days 00:00:32.033000,0 days 00:00:26.887000,0 days 01:18:18.358000,0 days 01:18:50.391000,0 days 01:19:17.278000,275.0,186.0,288.0,294.0,False,HARD,8.0,True,Alfa Romeo Racing,0 days 01:17:53.968000,,1,14.0,,,False,True
0 days 01:20:40.489000,GIO,99,0 days 00:01:23.223000,31.0,4.0,,,0 days 00:00:24.386000,0 days 00:00:31.941000,0 days 00:00:26.896000,0 days 01:19:41.664000,0 days 01:20:13.605000,0 days 01:20:40.501000,273.0,185.0,289.0,295.0,False,HARD,9.0,True,Alfa Romeo Racing,0 days 01:19:17.266000,,1,14.0,,,False,True
0 days 01:22:03.559000,GIO,99,0 days 00:01:23.070000,32.0,4.0,,,0 days 00:00:24.398000,0 days 00:00:31.842000,0 days 00:00:26.830000,0 days 01:21:04.899000,0 days 01:21:36.741000,0 days 01:22:03.571000,273.0,187.0,289.0,296.0,True,HARD,10.0,True,Alfa Romeo Racing,0 days 01:20:40.489000,,1,14.0,,,False,True
0 days 01:23:26.613000,GIO,99,0 days 00:01:23.054000,33.0,4.0,,,0 days 00:00:24.360000,0 days 00:00:32.007000,0 days 00:00:26.687000,0 days 01:22:27.931000,0 days 01:22:59.938000,0 days 01:23:26.625000,274.0,187.0,291.0,296.0,True,HARD,11.0,True,Alfa Romeo Racing,0 days 01:22:03.559000,,1,14.0,,,False,True
0 days 01:24:49.590000,GIO,99,0 days 00:01:22.977000,34.0,4.0,,,0 days 00:00:24.266000,0 days 00:00:31.926000,0 days 00:00:26.785000,0 days 01:23:50.891000,0 days 01:24:22.817000,0 days 01:24:49.602000,275.0,184.0,291.0,297.0,True,HARD,12.0,True,Alfa Romeo Racing,0 days 01:23:26.613000,,1,14.0,,,False,True
0 days 01:26:12.849000,GIO,99,0 days 00:01:23.259000,35.0,4.0,,,0 days 00:00:24.329000,0 days 00:00:32.069000,0 days 00:00:26.861000,0 days 01:25:13.931000,0 days 01:25:46,0 days 01:26:12.861000,275.0,183.0,289.0,295.0,False,HARD,13.0,True,Alfa Romeo Racing,0 days 01:24:49.590000,,1,14.0,,,False,True
0 days 01:27:35.961000,GIO,99,0 days 00:01:23.112000,36.0,4.0,,,0 days 00:00:24.389000,0 days 00:00:31.965000,0 days 00:00:26.758000,0 days 01:26:37.250000,0 days 01:27:09.215000,0 days 01:27:35.973000,273.0,187.0,289.0,296.0,False,HARD,14.0,True,Alfa Romeo Racing,0 days 01:26:12.849000,,1,14.0,,,False,True
0 days 01:28:58.752000,GIO,99,0 days 00:01:22.791000,37.0,4.0,,,0 days 00:00:24.241000,0 days 00:00:31.859000,0 days 00:00:26.691000,0 days 01:28:00.214000,0 days 01:28:32.073000,0 days 01:28:58.764000,274.0,186.0,290.0,298.0,True,HARD,15.0,True,Alfa Romeo Racing,0 days 01:27:35.961000,,1,14.0,,,False,True
0 days 01:30:21.734000,GIO,99,0 days 00:01:22.982000,38.0,4.0,,,0 days 00:00:24.264000,0 days 00:00:32.014000,0 days 00:00:26.704000,0 days 01:29:23.028000,0 days 01:29:55.042000,0 days 01:30:21.746000,275.0,184.0,290.0,296.0,False,HARD,16.0,True,Alfa Romeo Racing,0 days 01:28:58.752000,,1,14.0,,,False,True
0 days 01:31:44.781000,GIO,99,0 days 00:01:23.047000,39.0,4.0,,,0 days 00:00:24.325000,0 days 00:00:31.891000,0 days 00:00:26.831000,0 days 01:30:46.071000,0 days 01:31:17.962000,0 days 01:31:44.793000,273.0,185.0,290.0,297.0,False,HARD,17.0,True,Alfa Romeo Racing,0 days 01:30:21.734000,,1,14.0,,,False,True
0 days 01:33:07.738000,GIO,99,0 days 00:01:22.957000,40.0,4.0,,,0 days 00:00:24.298000,0 days 00:00:31.837000,0 days 00:00:26.822000,0 days 01:32:09.091000,0 days 01:32:40.928000,0 days 01:33:07.750000,275.0,187.0,290.0,296.0,False,HARD,18.0,True,Alfa Romeo Racing,0 days 01:31:44.781000,,1,13.0,,,False,True
0 days 01:34:31.216000,GIO,99,0 days 00:01:23.478000,41.0,4.0,,,0 days 00:00:24.487000,0 days 00:00:32.129000,0 days 00:00:26.862000,0 days 01:33:32.237000,0 days 01:34:04.366000,0 days 01:34:31.228000,273.0,186.0,291.0,297.0,False,HARD,19.0,True,Alfa Romeo Racing,0 days 01:33:07.738000,,1,13.0,,,False,True
0 days 01:35:54.202000,GIO,99,0 days 00:01:22.986000,42.0,4.0,,,0 days 00:00:24.421000,0 days 00:00:31.708000,0 days 00:00:26.857000,0 days 01:34:55.649000,0 days 01:35:27.357000,0 days 01:35:54.214000,273.0,190.0,289.0,296.0,False,HARD,20.0,True,Alfa Romeo Racing,0 days 01:34:31.216000,,1,13.0,,,False,True
0 days 01:37:17.189000,GIO,99,0 days 00:01:22.987000,43.0,4.0,,,0 days 00:00:24.359000,0 days 00:00:31.857000,0 days 00:00:26.771000,0 days 01:36:18.573000,0 days 01:36:50.430000,0 days 01:37:17.201000,275.0,188.0,290.0,295.0,False,HARD,21.0,True,Alfa Romeo Racing,0 days 01:35:54.202000,,1,13.0,,,False,True
0 days 01:38:40.409000,GIO,99,0 days 00:01:23.220000,44.0,4.0,,,0 days 00:00:24.461000,0 days 00:00:31.979000,0 days 00:00:26.780000,0 days 01:37:41.662000,0 days 01:38:13.641000,0 days 01:38:40.421000,275.0,186.0,293.0,296.0,False,HARD,22.0,True,Alfa Romeo Racing,0 days 01:37:17.189000,,1,13.0,,,False,True
0 days 01:40:03.568000,GIO,99,0 days 00:01:23.159000,45.0,4.0,,,0 days 00:00:24.183000,0 days 00:00:32.378000,0 days 00:00:26.598000,0 days 01:39:04.604000,0 days 01:39:36.982000,0 days 01:40:03.580000,276.0,188.0,291.0,301.0,False,HARD,23.0,True,Alfa Romeo Racing,0 days 01:38:40.409000,,1,13.0,,,False,True
0 days 01:41:26.336000,GIO,99,0 days 00:01:22.768000,46.0,4.0,,,0 days 00:00:24.218000,0 days 00:00:31.927000,0 days 00:00:26.623000,0 days 01:40:27.798000,0 days 01:40:59.725000,0 days 01:41:26.348000,276.0,189.0,289.0,296.0,True,HARD,24.0,True,Alfa Romeo Racing,0 days 01:40:03.568000,,1,13.0,,,False,True
0 days 01:42:49.191000,GIO,99,0 days 00:01:22.855000,47.0,4.0,,,0 days 00:00:24.460000,0 days 00:00:31.724000,0 days 00:00:26.671000,0 days 01:41:50.808000,0 days 01:42:22.532000,0 days 01:42:49.203000,273.0,187.0,290.0,296.0,False,HARD,25.0,True,Alfa Romeo Racing,0 days 01:41:26.336000,,1,13.0,,,False,True
0 days 01:44:11.883000,GIO,99,0 days 00:01:22.692000,48.0,4.0,,,0 days 00:00:24.291000,0 days 00:00:31.751000,0 days 00:00:26.650000,0 days 01:43:13.494000,0 days 01:43:45.245000,0 days 01:44:11.895000,276.0,189.0,292.0,296.0,True,HARD,26.0,True,Alfa Romeo Racing,0 days 01:42:49.191000,,1,13.0,,,False,True
0 days 01:45:34.608000,GIO,99,0 days 00:01:22.725000,49.0,4.0,,,0 days 00:00:24.163000,0 days 00:00:31.842000,0 days 00:00:26.720000,0 days 01:44:36.058000,0 days 01:45:07.900000,0 days 01:45:34.620000,279.0,186.0,294.0,298.0,False,HARD,27.0,True,Alfa Romeo Racing,0 days 01:44:11.883000,,1,13.0,,,False,True
0 days 01:46:57.351000,GIO,99,0 days 00:01:22.743000,50.0,4.0,,,0 days 00:00:24.176000,0 days 00:00:31.861000,0 days 00:00:26.706000,0 days 01:45:58.796000,0 days 01:46:30.657000,0 days 01:46:57.363000,283.0,186.0,291.0,298.0,False,HARD,28.0,True,Alfa Romeo Racing,0 days 01:45:34.608000,,1,13.0,,,False,True
0 days 01:48:20.027000,GIO,99,0 days 00:01:22.676000,51.0,4.0,,,0 days 00:00:24.326000,0 days 00:00:31.796000,0 days 00:00:26.554000,0 days 01:47:21.689000,0 days 01:47:53.485000,0 days 01:48:20.039000,275.0,188.0,294.0,298.0,True,HARD,29.0,True,Alfa Romeo Racing,0 days 01:46:57.351000,,1,13.0,,,False,True
0 days 01:49:42.538000,GIO,99,0 days 00:01:22.511000,52.0,4.0,,,0 days 00:00:24.297000,0 days 00:00:31.823000,0 days 00:00:26.391000,0 days 01:48:44.336000,0 days 01:49:16.159000,0 days 01:49:42.550000,275.0,188.0,293.0,300.0,True,HARD,30.0,True,Alfa Romeo Racing,0 days 01:48:20.027000,,1,13.0,,,False,True
0 days 01:51:05.574000,GIO,99,0 days 00:01:23.036000,53.0,4.0,,,0 days 00:00:24.066000,0 days 00:00:32.042000,0 days 00:00:26.928000,0 days 01:50:06.616000,0 days 01:50:38.658000,0 days 01:51:05.586000,278.0,185.0,293.0,300.0,False,HARD,31.0,True,Alfa Romeo Racing,0 days 01:49:42.538000,,1,13.0,,,False,True
0 days 01:52:28.034000,GIO,99,0 days 00:01:22.460000,54.0,4.0,,,0 days 00:00:24.237000,0 days 00:00:31.787000,0 days 00:00:26.436000,0 days 01:51:29.823000,0 days 01:52:01.610000,0 days 01:52:28.046000,276.0,190.0,296.0,298.0,True,HARD,32.0,True,Alfa Romeo Racing,0 days 01:51:05.574000,,1,13.0,,,False,True
0 days 01:53:50.303000,GIO,99,0 days 00:01:22.269000,55.0,4.0,,,0 days 00:00:24.070000,0 days 00:00:31.765000,0 days 00:00:26.434000,0 days 01:52:52.116000,0 days 01:53:23.881000,0 days 01:53:50.315000,284.0,190.0,300.0,318.0,True,HARD,33.0,True,Alfa Romeo Racing,0 days 01:52:28.034000,,1,13.0,,,False,True
0 days 01:55:12.493000,GIO,99,0 days 00:01:22.190000,56.0,4.0,,,0 days 00:00:23.817000,0 days 00:00:31.753000,0 days 00:00:26.620000,0 days 01:54:14.132000,0 days 01:54:45.885000,0 days 01:55:12.505000,277.0,189.0,288.0,322.0,True,HARD,34.0,True,Alfa Romeo Racing,0 days 01:53:50.303000,,1,12.0,,,False,True
0 days 01:56:35.118000,GIO,99,0 days 00:01:22.625000,57.0,4.0,,,0 days 00:00:24.233000,0 days 00:00:31.755000,0 days 00:00:26.637000,0 days 01:55:36.738000,0 days 01:56:08.493000,0 days 01:56:35.130000,275.0,187.0,288.0,294.0,False,HARD,35.0,True,Alfa Romeo Racing,0 days 01:55:12.493000,,1,12.0,,,False,True
0 days 01:57:57.592000,GIO,99,0 days 00:01:22.474000,58.0,4.0,,,0 days 00:00:24.202000,0 days 00:00:31.727000,0 days 00:00:26.545000,0 days 01:56:59.332000,0 days 01:57:31.059000,0 days 01:57:57.604000,277.0,188.0,288.0,293.0,False,HARD,36.0,True,Alfa Romeo Racing,0 days 01:56:35.118000,,1,12.0,,,False,True
0 days 01:59:20.215000,GIO,99,0 days 00:01:22.623000,59.0,4.0,,,0 days 00:00:24.232000,0 days 00:00:31.913000,0 days 00:00:26.478000,0 days 01:58:21.836000,0 days 01:58:53.749000,0 days 01:59:20.227000,275.0,189.0,289.0,293.0,False,HARD,37.0,True,Alfa Romeo Racing,0 days 01:57:57.592000,,1,12.0,,,False,True
0 days 02:00:42.382000,GIO,99,0 days 00:01:22.167000,60.0,4.0,,,0 days 00:00:24.080000,0 days 00:00:31.541000,0 days 00:00:26.546000,0 days 01:59:44.307000,0 days 02:00:15.848000,0 days 02:00:42.394000,277.0,187.0,290.0,295.0,True,HARD,38.0,True,Alfa Romeo Racing,0 days 01:59:20.215000,,1,12.0,,,False,True
0 days 02:02:04.697000,GIO,99,0 days 00:01:22.315000,61.0,4.0,,,0 days 00:00:24.103000,0 days 00:00:31.719000,0 days 00:00:26.493000,0 days 02:01:06.497000,0 days 02:01:38.216000,0 days 02:02:04.709000,276.0,187.0,290.0,295.0,False,HARD,39.0,True,Alfa Romeo Racing,0 days 02:00:42.382000,,1,12.0,,,False,True
0 days 02:03:27.430000,GIO,99,0 days 00:01:22.733000,62.0,4.0,,,0 days 00:00:24.028000,0 days 00:00:31.952000,0 days 00:00:26.753000,0 days 02:02:28.737000,0 days 02:03:00.689000,0 days 02:03:27.442000,279.0,187.0,289.0,296.0,False,HARD,40.0,True,Alfa Romeo Racing,0 days 02:02:04.697000,,1,12.0,,,False,True
0 days 02:04:51.659000,GIO,99,0 days 00:01:24.229000,63.0,4.0,,,0 days 00:00:24.242000,0 days 00:00:31.872000,0 days 00:00:28.115000,0 days 02:03:51.684000,0 days 02:04:23.556000,0 days 02:04:51.671000,278.0,190.0,295.0,293.0,False,HARD,41.0,True,Alfa Romeo Racing,0 days 02:03:27.430000,,1,12.0,,,False,True
0 days 02:06:14.354000,GIO,99,0 days 00:01:22.695000,64.0,4.0,,,0 days 00:00:24.313000,0 days 00:00:31.739000,0 days 00:00:26.643000,0 days 02:05:15.984000,0 days 02:05:47.723000,0 days 02:06:14.366000,279.0,189.0,291.0,302.0,False,HARD,42.0,True,Alfa Romeo Racing,0 days 02:04:51.659000,,1,12.0,,,False,True
0 days 02:07:37.353000,GIO,99,0 days 00:01:22.999000,65.0,4.0,,,0 days 00:00:24.366000,0 days 00:00:31.859000,0 days 00:00:26.774000,0 days 02:06:38.732000,0 days 02:07:10.591000,0 days 02:07:37.365000,276.0,188.0,289.0,292.0,False,HARD,43.0,True,Alfa Romeo Racing,0 days 02:06:14.354000,,1,12.0,,,False,True
