Time,Driver,DriverNumber,LapTime,LapNumber,Stint,PitOutTime,PitInTime,Sector1Time,Sector2Time,Sector3Time,Sector1SessionTime,Sector2SessionTime,Sector3SessionTime,SpeedI1,SpeedI2,SpeedFL,SpeedST,IsPersonalBest,Compound,TyreLife,FreshTyre,Team,LapStartTime,LapStartDate,TrackStatus,Position,Deleted,DeletedReason,FastF1Generated,IsAccurate
0 days 01:13:34.207000,VER,1,0 days 00:01:39.161000,1.0,1.0,,,,0 days 00:00:49.176000,0 days 00:00:18.794000,,0 days 01:13:15.458000,0 days 01:13:34.423000,288.0,205.0,310.0,189.0,False,INTERMEDIATE,1.0,True,Red Bull Racing,0 days 01:11:54.770000,,12,11.0,,,False,False
0 days 01:15:01.341000,VER,1,0 days 00:01:27.134000,2.0,1.0,,,0 days 00:00:21.981000,0 days 00:00:46.412000,0 days 00:00:18.741000,0 days 01:13:56.188000,0 days 01:14:42.600000,0 days 01:15:01.341000,300.0,218.0,307.0,248.0,True,INTERMEDIATE,2.0,True,Red Bull Racing,0 days 01:13:34.207000,,1,10.0,,,False,True
0 days 01:16:27.581000,VER,1,0 days 00:01:26.240000,3.0,1.0,,,0 days 00:00:21.716000,0 days 00:00:45.980000,0 days 00:00:18.544000,0 days 01:15:23.057000,0 days 01:16:09.037000,0 days 01:16:27.581000,294.0,208.0,310.0,245.0,True,INTERMEDIATE,3.0,True,Red Bull Racing,0 days 01:15:01.341000,,1,10.0,,,False,True
0 days 01:17:54.283000,VER,1,0 days 00:01:26.702000,4.0,1.0,,,0 days 00:00:22.151000,0 days 00:00:46.150000,0 days 00:00:18.401000,0 days 01:16:49.732000,0 days 01:17:35.882000,0 days 01:17:54.283000,287.0,201.0,312.0,229.0,False,INTERMEDIATE,4.0,True,Red Bull Racing,0 days 01:16:27.581000,,12,10.0,,,False,True
0 days 01:19:19.677000,VER,1,0 days 00:01:25.394000,5.0,1.0,,,0 days 00:00:21.773000,0 days 00:00:45.180000,0 days 00:00:18.441000,0 days 01:18:16.056000,0 days 01:19:01.236000,0 days 01:19:19.677000,298.0,216.0,310.0,256.0,True,INTERMEDIATE,5.0,True,Red Bull Racing,0 days 01:17:54.283000,,1,9.0,,,False,True
0 days 01:20:43.988000,VER,1,0 days 00:01:24.311000,6.0,1.0,,,0 days 00:00:21.513000,0 days 00:00:44.507000,0 days 00:00:18.291000,0 days 01:19:41.190000,0 days 01:20:25.697000,0 days 01:20:43.988000,305.0,223.0,301.0,258.0,True,INTERMEDIATE,6.0,True,Red Bull Racing,0 days 01:19:19.677000,,1,8.0,,,False,True
0 days 01:22:08.330000,VER,1,0 days 00:01:24.342000,7.0,1.0,,,0 days 00:00:21.324000,0 days 00:00:44.661000,0 days 00:00:18.357000,0 days 01:21:05.312000,0 days 01:21:49.973000,0 days 01:22:08.330000,301.0,222.0,307.0,248.0,False,INTERMEDIATE,7.0,True,Red Bull Racing,0 days 01:20:43.988000,,1,8.0,,,False,True
0 days 01:23:32.987000,VER,1,0 days 00:01:24.657000,8.0,1.0,,,0 days 00:00:21.307000,0 days 00:00:44.926000,0 days 00:00:18.424000,0 days 01:22:29.637000,0 days 01:23:14.563000,0 days 01:23:32.987000,300.0,213.0,311.0,257.0,False,INTERMEDIATE,8.0,True,Red Bull Racing,0 days 01:22:08.330000,,1,8.0,,,False,True
0 days 01:24:57.765000,VER,1,0 days 00:01:24.778000,9.0,1.0,,,0 days 00:00:21.402000,0 days 00:00:45.080000,0 days 00:00:18.296000,0 days 01:23:54.389000,0 days 01:24:39.469000,0 days 01:24:57.765000,305.0,216.0,313.0,261.0,False,INTERMEDIATE,9.0,True,Red Bull Racing,0 days 01:23:32.987000,,1,8.0,,,False,True
0 days 01:26:21.780000,VER,1,0 days 00:01:24.015000,10.0,1.0,,,0 days 00:00:21.208000,0 days 00:00:44.455000,0 days 00:00:18.352000,0 days 01:25:18.973000,0 days 01:26:03.428000,0 days 01:26:21.780000,304.0,213.0,310.0,282.0,True,INTERMEDIATE,10.0,True,Red Bull Racing,0 days 01:24:57.765000,,1,7.0,,,False,True
0 days 01:27:45.936000,VER,1,0 days 00:01:24.156000,11.0,1.0,,,0 days 00:00:21.310000,0 days 00:00:44.612000,0 days 00:00:18.234000,0 days 01:26:43.090000,0 days 01:27:27.702000,0 days 01:27:45.936000,301.0,219.0,307.0,266.0,False,INTERMEDIATE,11.0,True,Red Bull Racing,0 days 01:26:21.780000,,12,6.0,,,False,True
0 days 01:29:09.366000,VER,1,0 days 00:01:23.430000,12.0,1.0,,,0 days 00:00:21.074000,0 days 00:00:44.159000,0 days 00:00:18.197000,0 days 01:28:07.010000,0 days 01:28:51.169000,0 days 01:29:09.366000,302.0,224.0,308.0,264.0,True,INTERMEDIATE,12.0,True,Red Bull Racing,0 days 01:27:45.936000,,21,6.0,,,False,True
0 days 01:30:33.878000,VER,1,0 days 00:01:24.512000,13.0,1.0,,,0 days 00:00:21.427000,0 days 00:00:44.654000,0 days 00:00:18.431000,0 days 01:29:30.793000,0 days 01:30:15.447000,0 days 01:30:33.878000,302.0,211.0,309.0,272.0,False,INTERMEDIATE,13.0,True,Red Bull Racing,0 days 01:29:09.366000,,1,6.0,,,False,True
0 days 01:31:58.669000,VER,1,0 days 00:01:24.791000,14.0,1.0,,,0 days 00:00:21.468000,0 days 00:00:45.052000,0 days 00:00:18.271000,0 days 01:30:55.346000,0 days 01:31:40.398000,0 days 01:31:58.669000,302.0,218.0,307.0,265.0,False,INTERMEDIATE,14.0,True,Red Bull Racing,0 days 01:30:33.878000,,1,6.0,,,False,True
0 days 01:33:23.338000,VER,1,0 days 00:01:24.669000,15.0,1.0,,,0 days 00:00:21.620000,0 days 00:00:44.775000,0 days 00:00:18.274000,0 days 01:32:20.289000,0 days 01:33:05.064000,0 days 01:33:23.338000,304.0,218.0,309.0,252.0,False,INTERMEDIATE,15.0,True,Red Bull Racing,0 days 01:31:58.669000,,1,6.0,,,False,True
0 days 01:34:48.469000,VER,1,0 days 00:01:25.131000,16.0,1.0,,,0 days 00:00:21.616000,0 days 00:00:45.371000,0 days 00:00:18.144000,0 days 01:33:44.954000,0 days 01:34:30.325000,0 days 01:34:48.469000,296.0,221.0,311.0,248.0,False,INTERMEDIATE,16.0,True,Red Bull Racing,0 days 01:33:23.338000,,1,6.0,,,False,True
0 days 01:36:12.797000,VER,1,0 days 00:01:24.328000,17.0,1.0,,,0 days 00:00:21.517000,0 days 00:00:44.642000,0 days 00:00:18.169000,0 days 01:35:09.986000,0 days 01:35:54.628000,0 days 01:36:12.797000,304.0,224.0,310.0,260.0,False,INTERMEDIATE,17.0,True,Red Bull Racing,0 days 01:34:48.469000,,1,6.0,,,False,True
0 days 01:37:37.045000,VER,1,0 days 00:01:24.248000,18.0,1.0,,,0 days 00:00:21.508000,0 days 00:00:44.620000,0 days 00:00:18.120000,0 days 01:36:34.305000,0 days 01:37:18.925000,0 days 01:37:37.045000,304.0,224.0,310.0,258.0,False,INTERMEDIATE,18.0,True,Red Bull Racing,0 days 01:36:12.797000,,1,6.0,,,False,True
0 days 01:39:01.538000,VER,1,0 days 00:01:24.493000,19.0,1.0,,,0 days 00:00:21.571000,0 days 00:00:44.905000,0 days 00:00:18.017000,0 days 01:37:58.616000,0 days 01:38:43.521000,0 days 01:39:01.538000,306.0,227.0,309.0,254.0,False,INTERMEDIATE,19.0,True,Red Bull Racing,0 days 01:37:37.045000,,1,6.0,,,False,True
0 days 01:40:25.453000,VER,1,0 days 00:01:23.915000,20.0,1.0,,,0 days 00:00:21.355000,0 days 00:00:44.416000,0 days 00:00:18.144000,0 days 01:39:22.893000,0 days 01:40:07.309000,0 days 01:40:25.453000,307.0,225.0,311.0,266.0,False,INTERMEDIATE,20.0,True,Red Bull Racing,0 days 01:39:01.538000,,1,6.0,,,False,True
0 days 01:41:49.722000,VER,1,0 days 00:01:24.269000,21.0,1.0,,,0 days 00:00:22.164000,0 days 00:00:44.189000,0 days 00:00:17.916000,0 days 01:40:47.617000,0 days 01:41:31.806000,0 days 01:41:49.722000,304.0,225.0,310.0,258.0,False,INTERMEDIATE,21.0,True,Red Bull Racing,0 days 01:40:25.453000,,1,6.0,,,False,True
0 days 01:43:14.777000,VER,1,0 days 00:01:25.055000,22.0,1.0,,,0 days 00:00:21.988000,0 days 00:00:44.995000,0 days 00:00:18.072000,0 days 01:42:11.710000,0 days 01:42:56.705000,0 days 01:43:14.777000,307.0,220.0,309.0,264.0,False,INTERMEDIATE,22.0,True,Red Bull Racing,0 days 01:41:49.722000,,1,6.0,,,False,True
0 days 01:44:39.044000,VER,1,0 days 00:01:24.267000,23.0,1.0,,,0 days 00:00:21.588000,0 days 00:00:44.576000,0 days 00:00:18.103000,0 days 01:43:36.365000,0 days 01:44:20.941000,0 days 01:44:39.044000,301.0,224.0,310.0,261.0,False,INTERMEDIATE,23.0,True,Red Bull Racing,0 days 01:43:14.777000,,1,6.0,,,False,True
0 days 01:46:03.574000,VER,1,0 days 00:01:24.530000,24.0,1.0,,,0 days 00:00:21.417000,0 days 00:00:44.885000,0 days 00:00:18.228000,0 days 01:45:00.461000,0 days 01:45:45.346000,0 days 01:46:03.574000,304.0,219.0,308.0,259.0,False,INTERMEDIATE,24.0,True,Red Bull Racing,0 days 01:44:39.044000,,1,5.0,,,False,True
0 days 01:47:27.730000,VER,1,0 days 00:01:24.156000,25.0,1.0,,,0 days 00:00:21.308000,0 days 00:00:44.707000,0 days 00:00:18.141000,0 days 01:46:24.882000,0 days 01:47:09.589000,0 days 01:47:27.730000,303.0,220.0,308.0,258.0,False,INTERMEDIATE,25.0,True,Red Bull Racing,0 days 01:46:03.574000,,1,5.0,,,False,True
0 days 01:48:52.982000,VER,1,0 days 00:01:25.252000,26.0,1.0,,,0 days 00:00:21.485000,0 days 00:00:45.403000,0 days 00:00:18.364000,0 days 01:47:49.215000,0 days 01:48:34.618000,0 days 01:48:52.982000,293.0,211.0,310.0,254.0,False,INTERMEDIATE,26.0,True,Red Bull Racing,0 days 01:47:27.730000,,12,5.0,,,False,True
0 days 01:50:21.375000,VER,1,0 days 00:01:28.393000,27.0,1.0,,,0 days 00:00:21.572000,0 days 00:00:46.974000,0 days 00:00:19.847000,0 days 01:49:14.554000,0 days 01:50:01.528000,0 days 01:50:21.375000,299.0,199.0,256.0,262.0,False,INTERMEDIATE,27.0,True,Red Bull Racing,0 days 01:48:52.982000,,126,5.0,,,False,False
0 days 01:52:13.092000,VER,1,0 days 00:01:51.717000,28.0,1.0,,,0 days 00:00:32.740000,0 days 00:00:55.199000,0 days 00:00:23.778000,0 days 01:50:54.115000,0 days 01:51:49.314000,0 days 01:52:13.092000,245.0,172.0,261.0,145.0,False,INTERMEDIATE,28.0,True,Red Bull Racing,0 days 01:50:21.375000,,671,4.0,,,False,False
0 days 01:53:58.106000,VER,1,0 days 00:01:45.014000,29.0,1.0,,,0 days 00:00:25.007000,0 days 00:00:55.169000,0 days 00:00:24.838000,0 days 01:52:38.099000,0 days 01:53:33.268000,0 days 01:53:58.106000,229.0,171.0,232.0,209.0,False,INTERMEDIATE,29.0,True,Red Bull Racing,0 days 01:52:13.092000,,1,2.0,,,False,True
0 days 01:55:57.425000,VER,1,0 days 00:01:59.319000,30.0,1.0,,,0 days 00:00:30.773000,0 days 00:01:00.949000,0 days 00:00:27.597000,0 days 01:54:28.879000,0 days 01:55:29.828000,0 days 01:55:57.425000,211.0,159.0,204.0,202.0,False,INTERMEDIATE,30.0,True,Red Bull Racing,0 days 01:53:58.106000,,14,2.0,,,False,False
0 days 01:58:02.392000,VER,1,0 days 00:02:04.967000,31.0,1.0,,,0 days 00:00:33.013000,0 days 00:01:00.259000,0 days 00:00:31.695000,0 days 01:56:30.438000,0 days 01:57:30.697000,0 days 01:58:02.392000,195.0,123.0,159.0,172.0,False,INTERMEDIATE,31.0,True,Red Bull Racing,0 days 01:55:57.425000,,4,2.0,,,False,False
0 days 02:00:41.084000,VER,1,,32.0,1.0,,0 days 02:00:37.713000,0 days 00:00:35.920000,0 days 00:01:11.429000,0 days 00:00:51.280000,0 days 01:58:38.440000,0 days 01:59:49.804000,0 days 02:00:41.155000,209.0,84.0,,134.0,False,INTERMEDIATE,32.0,True,Red Bull Racing,0 days 01:58:02.392000,,45,2.0,,,False,False
0 days 02:26:37.486000,VER,1,,33.0,2.0,0 days 02:24:06.937000,,,0 days 00:01:15.809000,0 days 00:00:46.384000,,0 days 02:25:51.137000,0 days 02:26:37.580000,184.0,75.0,271.0,134.0,False,INTERMEDIATE,1.0,True,Red Bull Racing,0 days 02:23:57.645000,,12,2.0,,,False,False
0 days 02:28:07.846000,VER,1,0 days 00:01:30.360000,34.0,2.0,,,0 days 00:00:23.365000,0 days 00:00:47.904000,0 days 00:00:19.091000,0 days 02:27:00.851000,0 days 02:27:48.755000,0 days 02:28:07.846000,284.0,200.0,295.0,234.0,False,INTERMEDIATE,2.0,True,Red Bull Racing,0 days 02:26:37.486000,,21,2.0,,,False,True
0 days 02:29:35.852000,VER,1,0 days 00:01:28.006000,35.0,2.0,,,0 days 00:00:22.827000,0 days 00:00:46.427000,0 days 00:00:18.752000,0 days 02:28:30.673000,0 days 02:29:17.100000,0 days 02:29:35.852000,288.0,212.0,296.0,232.0,False,INTERMEDIATE,3.0,True,Red Bull Racing,0 days 02:28:07.846000,,1,2.0,,,False,True
0 days 02:31:02.361000,VER,1,0 days 00:01:26.509000,36.0,2.0,,,0 days 00:00:22.475000,0 days 00:00:45.461000,0 days 00:00:18.573000,0 days 02:29:58.327000,0 days 02:30:43.788000,0 days 02:31:02.361000,291.0,212.0,299.0,244.0,False,INTERMEDIATE,4.0,True,Red Bull Racing,0 days 02:29:35.852000,,12,2.0,,,False,True
0 days 02:32:27.647000,VER,1,0 days 00:01:25.286000,37.0,2.0,,,0 days 00:00:22.068000,0 days 00:00:44.748000,0 days 00:00:18.470000,0 days 02:31:24.429000,0 days 02:32:09.177000,0 days 02:32:27.647000,295.0,217.0,300.0,246.0,False,INTERMEDIATE,5.0,True,Red Bull Racing,0 days 02:31:02.361000,,1,2.0,,,False,True
0 days 02:33:52.038000,VER,1,0 days 00:01:24.391000,38.0,2.0,,,0 days 00:00:21.503000,0 days 00:00:44.573000,0 days 00:00:18.315000,0 days 02:32:49.150000,0 days 02:33:33.723000,0 days 02:33:52.038000,297.0,221.0,301.0,252.0,False,INTERMEDIATE,6.0,True,Red Bull Racing,0 days 02:32:27.647000,,12,2.0,,,False,True
0 days 02:35:17.334000,VER,1,0 days 00:01:25.296000,39.0,2.0,,,0 days 00:00:21.426000,0 days 00:00:44.323000,0 days 00:00:19.547000,0 days 02:34:13.464000,0 days 02:34:57.787000,0 days 02:35:17.334000,298.0,222.0,136.0,258.0,False,INTERMEDIATE,7.0,True,Red Bull Racing,0 days 02:33:52.038000,,124,2.0,,,False,False
0 days 02:37:26.783000,VER,1,0 days 00:02:09.449000,40.0,2.0,,,0 days 00:00:30.615000,0 days 00:01:09.546000,0 days 00:00:29.288000,0 days 02:35:47.949000,0 days 02:36:57.495000,0 days 02:37:26.783000,219.0,160.0,180.0,158.0,False,INTERMEDIATE,8.0,True,Red Bull Racing,0 days 02:35:17.334000,,4,2.0,,,False,False
0 days 02:39:31.878000,VER,1,0 days 00:02:05.095000,41.0,2.0,,,0 days 00:00:31.726000,0 days 00:01:06.797000,0 days 00:00:26.572000,0 days 02:37:58.509000,0 days 02:39:05.306000,0 days 02:39:31.878000,151.0,132.0,251.0,149.0,False,INTERMEDIATE,9.0,True,Red Bull Racing,0 days 02:37:26.783000,,4,2.0,,,False,False
0 days 02:41:54.842000,VER,1,0 days 00:02:22.964000,42.0,2.0,,,0 days 00:00:31.912000,0 days 00:01:09.936000,0 days 00:00:41.116000,0 days 02:40:03.790000,0 days 02:41:13.726000,0 days 02:41:54.842000,239.0,76.0,279.0,173.0,False,INTERMEDIATE,10.0,True,Red Bull Racing,0 days 02:39:31.878000,,41,2.0,,,False,False
0 days 02:43:20.518000,VER,1,0 days 00:01:25.676000,43.0,2.0,,,0 days 00:00:22.237000,0 days 00:00:44.920000,0 days 00:00:18.519000,0 days 02:42:17.079000,0 days 02:43:01.999000,0 days 02:43:20.518000,295.0,214.0,298.0,253.0,False,INTERMEDIATE,11.0,True,Red Bull Racing,0 days 02:41:54.842000,,12,1.0,,,False,True
0 days 02:44:44.402000,VER,1,0 days 00:01:23.884000,44.0,2.0,,,0 days 00:00:21.425000,0 days 00:00:44.136000,0 days 00:00:18.323000,0 days 02:43:41.943000,0 days 02:44:26.079000,0 days 02:44:44.402000,297.0,220.0,299.0,254.0,False,INTERMEDIATE,12.0,True,Red Bull Racing,0 days 02:43:20.518000,,21,1.0,,,False,True
0 days 02:46:07.278000,VER,1,0 days 00:01:22.876000,45.0,2.0,,,0 days 00:00:21.170000,0 days 00:00:43.651000,0 days 00:00:18.055000,0 days 02:45:05.572000,0 days 02:45:49.223000,0 days 02:46:07.278000,300.0,220.0,300.0,252.0,True,INTERMEDIATE,13.0,True,Red Bull Racing,0 days 02:44:44.402000,,1,1.0,,,False,True
0 days 02:47:30.384000,VER,1,0 days 00:01:23.106000,46.0,2.0,,,0 days 00:00:21.262000,0 days 00:00:43.735000,0 days 00:00:18.109000,0 days 02:46:28.540000,0 days 02:47:12.275000,0 days 02:47:30.384000,299.0,219.0,301.0,254.0,False,INTERMEDIATE,14.0,True,Red Bull Racing,0 days 02:46:07.278000,,1,1.0,,,False,True
0 days 02:48:52.837000,VER,1,0 days 00:01:22.453000,47.0,2.0,,,0 days 00:00:21.046000,0 days 00:00:43.387000,0 days 00:00:18.020000,0 days 02:47:51.430000,0 days 02:48:34.817000,0 days 02:48:52.837000,301.0,225.0,302.0,259.0,True,INTERMEDIATE,15.0,True,Red Bull Racing,0 days 02:47:30.384000,,1,1.0,,,False,True
0 days 02:50:15.127000,VER,1,0 days 00:01:22.290000,48.0,2.0,,,0 days 00:00:21.139000,0 days 00:00:43.289000,0 days 00:00:17.862000,0 days 02:49:13.976000,0 days 02:49:57.265000,0 days 02:50:15.127000,301.0,228.0,301.0,261.0,True,INTERMEDIATE,16.0,True,Red Bull Racing,0 days 02:48:52.837000,,1,1.0,,,False,True
0 days 02:51:37.368000,VER,1,0 days 00:01:22.241000,49.0,2.0,,,0 days 00:00:20.998000,0 days 00:00:43.309000,0 days 00:00:17.934000,0 days 02:50:36.125000,0 days 02:51:19.434000,0 days 02:51:37.368000,302.0,225.0,301.0,271.0,True,INTERMEDIATE,17.0,True,Red Bull Racing,0 days 02:50:15.127000,,1,1.0,,,False,True
0 days 02:52:59.411000,VER,1,0 days 00:01:22.043000,50.0,2.0,,,0 days 00:00:20.941000,0 days 00:00:43.106000,0 days 00:00:17.996000,0 days 02:51:58.309000,0 days 02:52:41.415000,0 days 02:52:59.411000,302.0,228.0,301.0,267.0,True,INTERMEDIATE,18.0,True,Red Bull Racing,0 days 02:51:37.368000,,1,1.0,,,False,True
0 days 02:54:21.717000,VER,1,0 days 00:01:22.306000,51.0,2.0,,,0 days 00:00:20.991000,0 days 00:00:43.343000,0 days 00:00:17.972000,0 days 02:53:20.402000,0 days 02:54:03.745000,0 days 02:54:21.717000,299.0,230.0,300.0,266.0,False,INTERMEDIATE,19.0,True,Red Bull Racing,0 days 02:52:59.411000,,1,1.0,,,False,True
0 days 02:55:44.097000,VER,1,0 days 00:01:22.380000,52.0,2.0,,,0 days 00:00:20.950000,0 days 00:00:43.261000,0 days 00:00:18.169000,0 days 02:54:42.667000,0 days 02:55:25.928000,0 days 02:55:44.097000,303.0,223.0,300.0,277.0,False,INTERMEDIATE,20.0,True,Red Bull Racing,0 days 02:54:21.717000,,12,1.0,,,False,True
0 days 02:57:06.348000,VER,1,0 days 00:01:22.251000,53.0,2.0,,,0 days 00:00:20.854000,0 days 00:00:43.376000,0 days 00:00:18.021000,0 days 02:56:04.951000,0 days 02:56:48.327000,0 days 02:57:06.348000,304.0,233.0,302.0,270.0,False,INTERMEDIATE,21.0,True,Red Bull Racing,0 days 02:55:44.097000,,1,1.0,,,False,True
0 days 02:58:28.594000,VER,1,0 days 00:01:22.246000,54.0,2.0,,,0 days 00:00:20.969000,0 days 00:00:43.170000,0 days 00:00:18.107000,0 days 02:57:27.317000,0 days 02:58:10.487000,0 days 02:58:28.594000,304.0,227.0,302.0,269.0,False,INTERMEDIATE,22.0,True,Red Bull Racing,0 days 02:57:06.348000,,1,1.0,,,False,True
0 days 02:59:50.885000,VER,1,0 days 00:01:22.291000,55.0,2.0,,,0 days 00:00:20.875000,0 days 00:00:43.342000,0 days 00:00:18.074000,0 days 02:58:49.469000,0 days 02:59:32.811000,0 days 02:59:50.885000,304.0,225.0,302.0,273.0,False,INTERMEDIATE,23.0,True,Red Bull Racing,0 days 02:58:28.594000,,1,1.0,,,False,True
0 days 03:01:12.890000,VER,1,0 days 00:01:22.005000,56.0,2.0,,,0 days 00:00:20.893000,0 days 00:00:43.067000,0 days 00:00:18.045000,0 days 03:00:11.778000,0 days 03:00:54.845000,0 days 03:01:12.890000,304.0,228.0,303.0,278.0,True,INTERMEDIATE,24.0,True,Red Bull Racing,0 days 02:59:50.885000,,1,1.0,,,False,True
0 days 03:02:34.752000,VER,1,0 days 00:01:21.862000,57.0,2.0,,,0 days 00:00:20.884000,0 days 00:00:42.999000,0 days 00:00:17.979000,0 days 03:01:33.774000,0 days 03:02:16.773000,0 days 03:02:34.752000,305.0,231.0,303.0,270.0,True,INTERMEDIATE,25.0,True,Red Bull Racing,0 days 03:01:12.890000,,1,1.0,,,False,True
0 days 03:03:56.534000,VER,1,0 days 00:01:21.782000,58.0,2.0,,,0 days 00:00:20.851000,0 days 00:00:43.016000,0 days 00:00:17.915000,0 days 03:02:55.603000,0 days 03:03:38.619000,0 days 03:03:56.534000,304.0,225.0,303.0,273.0,True,INTERMEDIATE,26.0,True,Red Bull Racing,0 days 03:02:34.752000,,1,1.0,,,False,True
0 days 03:05:18.085000,VER,1,0 days 00:01:21.551000,59.0,2.0,,,0 days 00:00:20.840000,0 days 00:00:42.908000,0 days 00:00:17.803000,0 days 03:04:17.374000,0 days 03:05:00.282000,0 days 03:05:18.085000,304.0,232.0,304.0,267.0,True,INTERMEDIATE,27.0,True,Red Bull Racing,0 days 03:03:56.534000,,1,1.0,,,False,True
0 days 03:06:39.416000,VER,1,0 days 00:01:21.331000,60.0,2.0,,,0 days 00:00:20.665000,0 days 00:00:42.796000,0 days 00:00:17.870000,0 days 03:05:38.750000,0 days 03:06:21.546000,0 days 03:06:39.416000,305.0,229.0,304.0,268.0,True,INTERMEDIATE,28.0,True,Red Bull Racing,0 days 03:05:18.085000,,1,1.0,,,False,True
0 days 03:08:00.752000,VER,1,0 days 00:01:21.336000,61.0,2.0,,,0 days 00:00:20.735000,0 days 00:00:42.716000,0 days 00:00:17.885000,0 days 03:07:00.151000,0 days 03:07:42.867000,0 days 03:08:00.752000,304.0,232.0,304.0,273.0,False,INTERMEDIATE,29.0,True,Red Bull Racing,0 days 03:06:39.416000,,1,1.0,,,False,True
0 days 03:09:21.821000,VER,1,0 days 00:01:21.069000,62.0,2.0,,,0 days 00:00:20.611000,0 days 00:00:42.604000,0 days 00:00:17.854000,0 days 03:08:21.363000,0 days 03:09:03.967000,0 days 03:09:21.821000,305.0,233.0,304.0,280.0,True,INTERMEDIATE,30.0,True,Red Bull Racing,0 days 03:08:00.752000,,1,1.0,,,False,True
0 days 03:10:43.053000,VER,1,0 days 00:01:21.232000,63.0,2.0,,,0 days 00:00:20.693000,0 days 00:00:42.654000,0 days 00:00:17.885000,0 days 03:09:42.514000,0 days 03:10:25.168000,0 days 03:10:43.053000,304.0,231.0,304.0,278.0,False,INTERMEDIATE,31.0,True,Red Bull Racing,0 days 03:09:21.821000,,1,1.0,,,False,True
0 days 03:12:04.082000,VER,1,0 days 00:01:21.029000,64.0,2.0,,,0 days 00:00:20.632000,0 days 00:00:42.559000,0 days 00:00:17.838000,0 days 03:11:03.685000,0 days 03:11:46.244000,0 days 03:12:04.082000,305.0,232.0,305.0,280.0,True,INTERMEDIATE,32.0,True,Red Bull Racing,0 days 03:10:43.053000,,1,1.0,,,False,True
0 days 03:13:25.072000,VER,1,0 days 00:01:20.990000,65.0,2.0,,,0 days 00:00:20.581000,0 days 00:00:42.614000,0 days 00:00:17.795000,0 days 03:12:24.663000,0 days 03:13:07.277000,0 days 03:13:25.072000,306.0,235.0,306.0,282.0,True,INTERMEDIATE,33.0,True,Red Bull Racing,0 days 03:12:04.082000,,1,1.0,,,False,True
0 days 03:14:46.183000,VER,1,0 days 00:01:21.111000,66.0,2.0,,,0 days 00:00:20.787000,0 days 00:00:42.539000,0 days 00:00:17.785000,0 days 03:13:45.859000,0 days 03:14:28.398000,0 days 03:14:46.183000,302.0,232.0,306.0,280.0,False,INTERMEDIATE,34.0,True,Red Bull Racing,0 days 03:13:25.072000,,1,1.0,,,False,True
0 days 03:16:06.655000,VER,1,0 days 00:01:20.472000,67.0,2.0,,,0 days 00:00:20.546000,0 days 00:00:42.236000,0 days 00:00:17.690000,0 days 03:15:06.729000,0 days 03:15:48.965000,0 days 03:16:06.655000,305.0,240.0,307.0,274.0,True,INTERMEDIATE,35.0,True,Red Bull Racing,0 days 03:14:46.183000,,1,1.0,,,False,True
0 days 03:17:28.209000,VER,1,0 days 00:01:21.554000,68.0,2.0,,,0 days 00:00:20.852000,0 days 00:00:42.920000,0 days 00:00:17.782000,0 days 03:16:27.507000,0 days 03:17:10.427000,0 days 03:17:28.209000,305.0,235.0,306.0,265.0,False,INTERMEDIATE,36.0,True,Red Bull Racing,0 days 03:16:06.655000,,1,1.0,,,False,True
0 days 03:18:49.531000,VER,1,0 days 00:01:21.322000,69.0,2.0,,,0 days 00:00:20.643000,0 days 00:00:42.806000,0 days 00:00:17.873000,0 days 03:17:48.852000,0 days 03:18:31.658000,0 days 03:18:49.531000,306.0,234.0,304.0,280.0,False,INTERMEDIATE,37.0,True,Red Bull Racing,0 days 03:17:28.209000,,1,1.0,,,False,True
0 days 01:13:33.098000,GAS,10,0 days 00:01:38.052000,1.0,1.0,,,,0 days 00:00:49.014000,0 days 00:00:18.503000,,0 days 01:13:14.786000,0 days 01:13:33.307000,269.0,197.0,303.0,196.0,False,INTERMEDIATE,1.0,True,Alpine,0 days 01:11:54.770000,,12,9.0,,,False,False
0 days 01:15:00.428000,GAS,10,0 days 00:01:27.330000,2.0,1.0,,,0 days 00:00:22.143000,0 days 00:00:46.527000,0 days 00:00:18.660000,0 days 01:13:55.249000,0 days 01:14:41.776000,0 days 01:15:00.436000,297.0,212.0,305.0,236.0,True,INTERMEDIATE,2.0,True,Alpine,0 days 01:13:33.098000,,1,9.0,,,False,True
0 days 01:16:27.096000,GAS,10,0 days 00:01:26.668000,3.0,1.0,,,0 days 00:00:21.874000,0 days 00:00:46.208000,0 days 00:00:18.586000,0 days 01:15:22.310000,0 days 01:16:08.518000,0 days 01:16:27.104000,300.0,215.0,304.0,246.0,True,INTERMEDIATE,3.0,True,Alpine,0 days 01:15:00.428000,,1,9.0,,,False,True
0 days 01:17:53.960000,GAS,10,0 days 00:01:26.864000,4.0,1.0,,,0 days 00:00:21.993000,0 days 00:00:46.520000,0 days 00:00:18.351000,0 days 01:16:49.097000,0 days 01:17:35.617000,0 days 01:17:53.968000,295.0,214.0,306.0,238.0,False,INTERMEDIATE,4.0,True,Alpine,0 days 01:16:27.096000,,12,9.0,,,False,True
0 days 01:19:20.764000,GAS,10,0 days 00:01:26.804000,5.0,1.0,,,0 days 00:00:22.542000,0 days 00:00:45.832000,0 days 00:00:18.430000,0 days 01:18:16.510000,0 days 01:19:02.342000,0 days 01:19:20.772000,275.0,218.0,303.0,233.0,False,INTERMEDIATE,5.0,True,Alpine,0 days 01:17:53.960000,,1,10.0,,,False,True
0 days 01:20:46.368000,GAS,10,0 days 00:01:25.604000,6.0,1.0,,,0 days 00:00:21.657000,0 days 00:00:45.687000,0 days 00:00:18.260000,0 days 01:19:42.429000,0 days 01:20:28.116000,0 days 01:20:46.376000,301.0,215.0,304.0,247.0,True,INTERMEDIATE,6.0,True,Alpine,0 days 01:19:20.764000,,1,10.0,,,False,True
0 days 01:22:11.691000,GAS,10,0 days 00:01:25.323000,7.0,1.0,,,0 days 00:00:21.640000,0 days 00:00:45.419000,0 days 00:00:18.264000,0 days 01:21:08.016000,0 days 01:21:53.435000,0 days 01:22:11.699000,298.0,218.0,305.0,245.0,True,INTERMEDIATE,7.0,True,Alpine,0 days 01:20:46.368000,,1,10.0,,,False,True
0 days 01:23:36.918000,GAS,10,0 days 00:01:25.227000,8.0,1.0,,,0 days 00:00:21.517000,0 days 00:00:45.370000,0 days 00:00:18.340000,0 days 01:22:33.216000,0 days 01:23:18.586000,0 days 01:23:36.926000,300.0,217.0,302.0,247.0,True,INTERMEDIATE,8.0,True,Alpine,0 days 01:22:11.691000,,1,10.0,,,False,True
0 days 01:25:02.023000,GAS,10,0 days 00:01:25.105000,9.0,1.0,,,0 days 00:00:21.489000,0 days 00:00:45.083000,0 days 00:00:18.533000,0 days 01:23:58.415000,0 days 01:24:43.498000,0 days 01:25:02.031000,299.0,221.0,305.0,255.0,True,INTERMEDIATE,9.0,True,Alpine,0 days 01:23:36.918000,,1,10.0,,,False,True
0 days 01:26:27.044000,GAS,10,0 days 00:01:25.021000,10.0,1.0,,,0 days 00:00:21.632000,0 days 00:00:45.020000,0 days 00:00:18.369000,0 days 01:25:23.663000,0 days 01:26:08.683000,0 days 01:26:27.052000,300.0,215.0,304.0,258.0,True,INTERMEDIATE,10.0,True,Alpine,0 days 01:25:02.023000,,1,10.0,,,False,True
0 days 01:27:51.873000,GAS,10,0 days 00:01:24.829000,11.0,1.0,,,0 days 00:00:21.498000,0 days 00:00:44.999000,0 days 00:00:18.332000,0 days 01:26:48.550000,0 days 01:27:33.549000,0 days 01:27:51.881000,299.0,223.0,307.0,256.0,True,INTERMEDIATE,11.0,True,Alpine,0 days 01:26:27.044000,,12,10.0,,,False,True
0 days 01:29:18.024000,GAS,10,0 days 00:01:26.151000,12.0,1.0,,,0 days 00:00:22.635000,0 days 00:00:45.128000,0 days 00:00:18.388000,0 days 01:28:14.516000,0 days 01:28:59.644000,0 days 01:29:18.032000,299.0,210.0,305.0,257.0,False,INTERMEDIATE,12.0,True,Alpine,0 days 01:27:51.873000,,1,10.0,,,False,True
0 days 01:30:42.961000,GAS,10,0 days 00:01:24.937000,13.0,1.0,,,0 days 00:00:21.320000,0 days 00:00:45.201000,0 days 00:00:18.416000,0 days 01:29:39.352000,0 days 01:30:24.553000,0 days 01:30:42.969000,301.0,215.0,304.0,253.0,False,INTERMEDIATE,13.0,True,Alpine,0 days 01:29:18.024000,,1,10.0,,,False,True
0 days 01:32:07.759000,GAS,10,0 days 00:01:24.798000,14.0,1.0,,,0 days 00:00:21.454000,0 days 00:00:45.104000,0 days 00:00:18.240000,0 days 01:31:04.423000,0 days 01:31:49.527000,0 days 01:32:07.767000,299.0,218.0,304.0,247.0,True,INTERMEDIATE,14.0,True,Alpine,0 days 01:30:42.961000,,1,10.0,,,False,True
0 days 01:33:32.419000,GAS,10,0 days 00:01:24.660000,15.0,1.0,,,0 days 00:00:21.468000,0 days 00:00:44.926000,0 days 00:00:18.266000,0 days 01:32:29.235000,0 days 01:33:14.161000,0 days 01:33:32.427000,301.0,216.0,305.0,249.0,True,INTERMEDIATE,15.0,True,Alpine,0 days 01:32:07.759000,,1,10.0,,,False,True
0 days 01:34:56.770000,GAS,10,0 days 00:01:24.351000,16.0,1.0,,,0 days 00:00:21.476000,0 days 00:00:44.706000,0 days 00:00:18.169000,0 days 01:33:53.903000,0 days 01:34:38.609000,0 days 01:34:56.778000,299.0,218.0,305.0,250.0,True,INTERMEDIATE,16.0,True,Alpine,0 days 01:33:32.419000,,1,9.0,,,False,True
0 days 01:36:21.007000,GAS,10,0 days 00:01:24.237000,17.0,1.0,,,0 days 00:00:21.436000,0 days 00:00:44.597000,0 days 00:00:18.204000,0 days 01:35:18.214000,0 days 01:36:02.811000,0 days 01:36:21.015000,299.0,216.0,305.0,254.0,True,INTERMEDIATE,17.0,True,Alpine,0 days 01:34:56.770000,,1,9.0,,,False,True
0 days 01:37:45.206000,GAS,10,0 days 00:01:24.199000,18.0,1.0,,,0 days 00:00:21.573000,0 days 00:00:44.371000,0 days 00:00:18.255000,0 days 01:36:42.588000,0 days 01:37:26.959000,0 days 01:37:45.214000,300.0,220.0,304.0,251.0,True,INTERMEDIATE,18.0,True,Alpine,0 days 01:36:21.007000,,1,9.0,,,False,True
0 days 01:39:09.420000,GAS,10,0 days 00:01:24.214000,19.0,1.0,,,0 days 00:00:21.504000,0 days 00:00:44.519000,0 days 00:00:18.191000,0 days 01:38:06.718000,0 days 01:38:51.237000,0 days 01:39:09.428000,301.0,219.0,302.0,251.0,False,INTERMEDIATE,19.0,True,Alpine,0 days 01:37:45.206000,,1,9.0,,,False,True
0 days 01:40:33.801000,GAS,10,0 days 00:01:24.381000,20.0,1.0,,,0 days 00:00:21.453000,0 days 00:00:44.669000,0 days 00:00:18.259000,0 days 01:39:30.881000,0 days 01:40:15.550000,0 days 01:40:33.809000,302.0,218.0,305.0,257.0,False,INTERMEDIATE,20.0,True,Alpine,0 days 01:39:09.420000,,1,9.0,,,False,True
0 days 01:41:57.721000,GAS,10,0 days 00:01:23.920000,21.0,1.0,,,0 days 00:00:21.423000,0 days 00:00:44.336000,0 days 00:00:18.161000,0 days 01:40:55.232000,0 days 01:41:39.568000,0 days 01:41:57.729000,302.0,223.0,304.0,252.0,True,INTERMEDIATE,21.0,True,Alpine,0 days 01:40:33.801000,,1,9.0,,,False,True
0 days 01:43:21.717000,GAS,10,0 days 00:01:23.996000,22.0,1.0,,,0 days 00:00:21.393000,0 days 00:00:44.426000,0 days 00:00:18.177000,0 days 01:42:19.122000,0 days 01:43:03.548000,0 days 01:43:21.725000,303.0,219.0,303.0,251.0,False,INTERMEDIATE,22.0,True,Alpine,0 days 01:41:57.721000,,1,9.0,,,False,True
0 days 01:44:46.461000,GAS,10,0 days 00:01:24.744000,23.0,1.0,,,0 days 00:00:21.432000,0 days 00:00:45.217000,0 days 00:00:18.095000,0 days 01:43:43.157000,0 days 01:44:28.374000,0 days 01:44:46.469000,304.0,217.0,305.0,259.0,False,INTERMEDIATE,23.0,True,Alpine,0 days 01:43:21.717000,,1,9.0,,,False,True
0 days 01:46:10.860000,GAS,10,0 days 00:01:24.399000,24.0,1.0,,,0 days 00:00:21.493000,0 days 00:00:44.698000,0 days 00:00:18.208000,0 days 01:45:07.962000,0 days 01:45:52.660000,0 days 01:46:10.868000,302.0,216.0,306.0,258.0,False,INTERMEDIATE,24.0,True,Alpine,0 days 01:44:46.461000,,1,9.0,,,False,True
0 days 01:47:35.270000,GAS,10,0 days 00:01:24.410000,25.0,1.0,,,0 days 00:00:21.539000,0 days 00:00:44.601000,0 days 00:00:18.270000,0 days 01:46:32.407000,0 days 01:47:17.008000,0 days 01:47:35.278000,301.0,213.0,306.0,253.0,False,INTERMEDIATE,25.0,True,Alpine,0 days 01:46:10.860000,,1,8.0,,,False,True
0 days 01:49:00.515000,GAS,10,0 days 00:01:25.245000,26.0,1.0,,,0 days 00:00:21.915000,0 days 00:00:45.065000,0 days 00:00:18.265000,0 days 01:47:57.193000,0 days 01:48:42.258000,0 days 01:49:00.523000,295.0,213.0,303.0,259.0,False,INTERMEDIATE,26.0,True,Alpine,0 days 01:47:35.270000,,12,6.0,,,False,True
0 days 01:50:30.181000,GAS,10,0 days 00:01:29.666000,27.0,1.0,,,0 days 00:00:21.381000,0 days 00:00:45.106000,0 days 00:00:23.179000,0 days 01:49:21.904000,0 days 01:50:07.010000,0 days 01:50:30.189000,298.0,206.0,193.0,257.0,False,INTERMEDIATE,27.0,True,Alpine,0 days 01:49:00.515000,,126,6.0,,,False,False
0 days 01:52:19.268000,GAS,10,0 days 00:01:49.087000,28.0,1.0,,,0 days 00:00:29.906000,0 days 00:00:54.687000,0 days 00:00:24.494000,0 days 01:51:00.095000,0 days 01:51:54.782000,0 days 01:52:19.276000,257.0,180.0,253.0,172.0,False,INTERMEDIATE,28.0,True,Alpine,0 days 01:50:30.181000,,671,6.0,,,False,False
0 days 01:54:01.532000,GAS,10,0 days 00:01:42.264000,29.0,1.0,,,0 days 00:00:24.431000,0 days 00:00:54.523000,0 days 00:00:23.310000,0 days 01:52:43.707000,0 days 01:53:38.230000,0 days 01:54:01.540000,257.0,163.0,242.0,208.0,False,INTERMEDIATE,29.0,True,Alpine,0 days 01:52:19.268000,,1,3.0,,,False,True
0 days 01:55:59.932000,GAS,10,0 days 00:01:58.400000,30.0,1.0,,,0 days 00:00:29.655000,0 days 00:01:01.831000,0 days 00:00:26.914000,0 days 01:54:31.195000,0 days 01:55:33.026000,0 days 01:55:59.940000,206.0,152.0,192.0,202.0,False,INTERMEDIATE,30.0,True,Alpine,0 days 01:54:01.532000,,14,3.0,,,False,False
0 days 01:58:06.705000,GAS,10,0 days 00:02:06.773000,31.0,1.0,,,0 days 00:00:34.650000,0 days 00:00:59.822000,0 days 00:00:32.301000,0 days 01:56:34.590000,0 days 01:57:34.412000,0 days 01:58:06.713000,174.0,155.0,163.0,137.0,False,INTERMEDIATE,31.0,True,Alpine,0 days 01:55:59.932000,,4,3.0,,,False,False
0 days 02:00:47.666000,GAS,10,,32.0,1.0,,0 days 02:00:42.932000,0 days 00:00:35.541000,0 days 00:01:09.588000,0 days 00:00:55.679000,0 days 01:58:42.407000,0 days 01:59:51.999000,0 days 02:00:47.766000,146.0,120.0,,149.0,False,INTERMEDIATE,32.0,True,Alpine,0 days 01:58:06.705000,,45,3.0,,,False,False
0 days 02:26:38.066000,GAS,10,,33.0,2.0,0 days 02:24:10.476000,,,0 days 00:01:15.665000,0 days 00:00:45.644000,,0 days 02:25:52.561000,0 days 02:26:38.206000,211.0,77.0,268.0,149.0,False,INTERMEDIATE,1.0,True,Alpine,0 days 02:23:57.645000,,12,3.0,,,False,False
0 days 02:28:11.570000,GAS,10,0 days 00:01:33.504000,34.0,2.0,,,0 days 00:00:24.474000,0 days 00:00:49.410000,0 days 00:00:19.620000,0 days 02:27:02.548000,0 days 02:27:51.958000,0 days 02:28:11.578000,234.0,190.0,294.0,190.0,False,INTERMEDIATE,2.0,True,Alpine,0 days 02:26:38.066000,,21,3.0,,,False,True
0 days 02:29:40.311000,GAS,10,0 days 00:01:28.741000,35.0,2.0,,,0 days 00:00:22.752000,0 days 00:00:47.058000,0 days 00:00:18.931000,0 days 02:28:34.330000,0 days 02:29:21.388000,0 days 02:29:40.319000,262.0,199.0,298.0,228.0,False,INTERMEDIATE,3.0,True,Alpine,0 days 02:28:11.570000,,1,3.0,,,False,True
0 days 02:31:06.969000,GAS,10,0 days 00:01:26.658000,36.0,2.0,,,0 days 00:00:22.256000,0 days 00:00:45.761000,0 days 00:00:18.641000,0 days 02:30:02.575000,0 days 02:30:48.336000,0 days 02:31:06.977000,287.0,205.0,300.0,232.0,False,INTERMEDIATE,4.0,True,Alpine,0 days 02:29:40.311000,,12,3.0,,,False,True
0 days 02:32:32.253000,GAS,10,0 days 00:01:25.284000,37.0,2.0,,,0 days 00:00:21.984000,0 days 00:00:44.987000,0 days 00:00:18.313000,0 days 02:31:28.961000,0 days 02:32:13.948000,0 days 02:32:32.261000,290.0,214.0,302.0,241.0,False,INTERMEDIATE,5.0,True,Alpine,0 days 02:31:06.969000,,1,3.0,,,False,True
0 days 02:33:57.489000,GAS,10,0 days 00:01:25.236000,38.0,2.0,,,0 days 00:00:21.795000,0 days 00:00:45.030000,0 days 00:00:18.411000,0 days 02:32:54.056000,0 days 02:33:39.086000,0 days 02:33:57.497000,286.0,212.0,301.0,241.0,False,INTERMEDIATE,6.0,True,Alpine,0 days 02:32:32.253000,,12,3.0,,,False,True
0 days 02:35:27.722000,GAS,10,0 days 00:01:30.233000,39.0,2.0,,,0 days 00:00:21.492000,0 days 00:00:44.615000,0 days 00:00:24.126000,0 days 02:34:18.989000,0 days 02:35:03.604000,0 days 02:35:27.730000,292.0,219.0,140.0,255.0,False,INTERMEDIATE,7.0,True,Alpine,0 days 02:33:57.489000,,124,3.0,,,False,False
0 days 02:37:28.472000,GAS,10,0 days 00:02:00.750000,40.0,2.0,,,0 days 00:00:28.684000,0 days 00:01:02.956000,0 days 00:00:29.110000,0 days 02:35:56.414000,0 days 02:36:59.370000,0 days 02:37:28.480000,230.0,137.0,196.0,226.0,False,INTERMEDIATE,8.0,True,Alpine,0 days 02:35:27.722000,,4,3.0,,,False,False
0 days 02:39:34.443000,GAS,10,0 days 00:02:05.971000,41.0,2.0,,,0 days 00:00:31.927000,0 days 00:01:05.990000,0 days 00:00:28.054000,0 days 02:38:00.407000,0 days 02:39:06.397000,0 days 02:39:34.451000,239.0,125.0,274.0,209.0,False,INTERMEDIATE,9.0,True,Alpine,0 days 02:37:28.472000,,4,3.0,,,False,False
0 days 02:41:55.371000,GAS,10,0 days 00:02:20.928000,42.0,2.0,,,0 days 00:00:31.184000,0 days 00:01:09.132000,0 days 00:00:40.612000,0 days 02:40:05.635000,0 days 02:41:14.767000,0 days 02:41:55.379000,146.0,70.0,277.0,124.0,False,INTERMEDIATE,10.0,True,Alpine,0 days 02:39:34.443000,,41,3.0,,,False,False
0 days 02:43:22.901000,GAS,10,0 days 00:01:27.530000,43.0,2.0,,,0 days 00:00:22.795000,0 days 00:00:46.297000,0 days 00:00:18.438000,0 days 02:42:18.174000,0 days 02:43:04.471000,0 days 02:43:22.909000,281.0,212.0,303.0,259.0,False,INTERMEDIATE,11.0,True,Alpine,0 days 02:41:55.371000,,12,3.0,,,False,True
0 days 02:44:47.787000,GAS,10,0 days 00:01:24.886000,44.0,2.0,,,0 days 00:00:21.795000,0 days 00:00:44.881000,0 days 00:00:18.210000,0 days 02:43:44.704000,0 days 02:44:29.585000,0 days 02:44:47.795000,299.0,215.0,304.0,241.0,False,INTERMEDIATE,12.0,True,Alpine,0 days 02:43:22.901000,,21,3.0,,,False,True
0 days 02:46:11.874000,GAS,10,0 days 00:01:24.087000,45.0,2.0,,,0 days 00:00:21.363000,0 days 00:00:44.636000,0 days 00:00:18.088000,0 days 02:45:09.158000,0 days 02:45:53.794000,0 days 02:46:11.882000,299.0,218.0,305.0,250.0,False,INTERMEDIATE,13.0,True,Alpine,0 days 02:44:47.787000,,1,3.0,,,False,True
0 days 02:47:35.385000,GAS,10,0 days 00:01:23.511000,46.0,2.0,,,0 days 00:00:21.230000,0 days 00:00:44.127000,0 days 00:00:18.154000,0 days 02:46:33.112000,0 days 02:47:17.239000,0 days 02:47:35.393000,301.0,221.0,305.0,258.0,True,INTERMEDIATE,14.0,True,Alpine,0 days 02:46:11.874000,,1,3.0,,,False,True
0 days 02:48:58.883000,GAS,10,0 days 00:01:23.498000,47.0,2.0,,,0 days 00:00:21.135000,0 days 00:00:44.285000,0 days 00:00:18.078000,0 days 02:47:56.528000,0 days 02:48:40.813000,0 days 02:48:58.891000,301.0,223.0,306.0,253.0,True,INTERMEDIATE,15.0,True,Alpine,0 days 02:47:35.385000,,1,3.0,,,False,True
0 days 02:50:22.413000,GAS,10,0 days 00:01:23.530000,48.0,2.0,,,0 days 00:00:21.188000,0 days 00:00:44.298000,0 days 00:00:18.044000,0 days 02:49:20.079000,0 days 02:50:04.377000,0 days 02:50:22.421000,301.0,223.0,305.0,262.0,False,INTERMEDIATE,16.0,True,Alpine,0 days 02:48:58.883000,,1,3.0,,,False,True
0 days 02:51:45.596000,GAS,10,0 days 00:01:23.183000,49.0,2.0,,,0 days 00:00:21.264000,0 days 00:00:43.858000,0 days 00:00:18.061000,0 days 02:50:43.685000,0 days 02:51:27.543000,0 days 02:51:45.604000,303.0,225.0,305.0,262.0,True,INTERMEDIATE,17.0,True,Alpine,0 days 02:50:22.413000,,1,3.0,,,False,True
0 days 02:53:08.629000,GAS,10,0 days 00:01:23.033000,50.0,2.0,,,0 days 00:00:21.009000,0 days 00:00:43.928000,0 days 00:00:18.096000,0 days 02:52:06.613000,0 days 02:52:50.541000,0 days 02:53:08.637000,304.0,227.0,304.0,262.0,True,INTERMEDIATE,18.0,True,Alpine,0 days 02:51:45.596000,,1,3.0,,,False,True
0 days 02:54:31.630000,GAS,10,0 days 00:01:23.001000,51.0,2.0,,,0 days 00:00:21.045000,0 days 00:00:43.890000,0 days 00:00:18.066000,0 days 02:53:29.682000,0 days 02:54:13.572000,0 days 02:54:31.638000,304.0,222.0,305.0,261.0,True,INTERMEDIATE,19.0,True,Alpine,0 days 02:53:08.629000,,12,3.0,,,False,True
0 days 02:55:54.542000,GAS,10,0 days 00:01:22.912000,52.0,2.0,,,0 days 00:00:20.996000,0 days 00:00:43.860000,0 days 00:00:18.056000,0 days 02:54:52.634000,0 days 02:55:36.494000,0 days 02:55:54.550000,303.0,225.0,304.0,266.0,True,INTERMEDIATE,20.0,True,Alpine,0 days 02:54:31.630000,,21,3.0,,,False,True
0 days 02:57:17.054000,GAS,10,0 days 00:01:22.512000,53.0,2.0,,,0 days 00:00:20.825000,0 days 00:00:43.643000,0 days 00:00:18.044000,0 days 02:56:15.375000,0 days 02:56:59.018000,0 days 02:57:17.062000,303.0,225.0,306.0,271.0,True,INTERMEDIATE,21.0,True,Alpine,0 days 02:55:54.542000,,1,3.0,,,False,True
0 days 02:58:39.793000,GAS,10,0 days 00:01:22.739000,54.0,2.0,,,0 days 00:00:20.983000,0 days 00:00:43.612000,0 days 00:00:18.144000,0 days 02:57:38.045000,0 days 02:58:21.657000,0 days 02:58:39.801000,304.0,225.0,306.0,267.0,False,INTERMEDIATE,22.0,True,Alpine,0 days 02:57:17.054000,,1,3.0,,,False,True
0 days 03:00:02.543000,GAS,10,0 days 00:01:22.750000,55.0,2.0,,,0 days 00:00:20.878000,0 days 00:00:43.861000,0 days 00:00:18.011000,0 days 02:59:00.679000,0 days 02:59:44.540000,0 days 03:00:02.551000,304.0,228.0,303.0,272.0,False,INTERMEDIATE,23.0,True,Alpine,0 days 02:58:39.793000,,1,3.0,,,False,True
0 days 03:01:25.290000,GAS,10,0 days 00:01:22.747000,56.0,2.0,,,0 days 00:00:21.053000,0 days 00:00:43.686000,0 days 00:00:18.008000,0 days 03:00:23.604000,0 days 03:01:07.290000,0 days 03:01:25.298000,305.0,227.0,305.0,265.0,False,INTERMEDIATE,24.0,True,Alpine,0 days 03:00:02.543000,,1,3.0,,,False,True
0 days 03:02:47.758000,GAS,10,0 days 00:01:22.468000,57.0,2.0,,,0 days 00:00:20.908000,0 days 00:00:43.508000,0 days 00:00:18.052000,0 days 03:01:46.206000,0 days 03:02:29.714000,0 days 03:02:47.766000,305.0,227.0,303.0,270.0,True,INTERMEDIATE,25.0,True,Alpine,0 days 03:01:25.290000,,1,3.0,,,False,True
0 days 03:04:10.143000,GAS,10,0 days 00:01:22.385000,58.0,2.0,,,0 days 00:00:20.983000,0 days 00:00:43.400000,0 days 00:00:18.002000,0 days 03:03:08.749000,0 days 03:03:52.149000,0 days 03:04:10.151000,304.0,224.0,304.0,267.0,True,INTERMEDIATE,26.0,True,Alpine,0 days 03:02:47.758000,,1,3.0,,,False,True
0 days 03:05:32.551000,GAS,10,0 days 00:01:22.408000,59.0,2.0,,,0 days 00:00:21.008000,0 days 00:00:43.388000,0 days 00:00:18.012000,0 days 03:04:31.159000,0 days 03:05:14.547000,0 days 03:05:32.559000,304.0,228.0,304.0,271.0,False,INTERMEDIATE,27.0,True,Alpine,0 days 03:04:10.143000,,1,3.0,,,False,True
0 days 03:06:54.644000,GAS,10,0 days 00:01:22.093000,60.0,2.0,,,0 days 00:00:20.918000,0 days 00:00:43.215000,0 days 00:00:17.960000,0 days 03:05:53.477000,0 days 03:06:36.692000,0 days 03:06:54.652000,305.0,225.0,305.0,269.0,True,INTERMEDIATE,28.0,True,Alpine,0 days 03:05:32.551000,,1,3.0,,,False,True
0 days 03:08:16.864000,GAS,10,0 days 00:01:22.220000,61.0,2.0,,,0 days 00:00:20.941000,0 days 00:00:43.382000,0 days 00:00:17.897000,0 days 03:07:15.593000,0 days 03:07:58.975000,0 days 03:08:16.872000,303.0,228.0,304.0,270.0,False,INTERMEDIATE,29.0,True,Alpine,0 days 03:06:54.644000,,1,3.0,,,False,True
0 days 03:09:38.961000,GAS,10,0 days 00:01:22.097000,62.0,2.0,,,0 days 00:00:20.924000,0 days 00:00:43.234000,0 days 00:00:17.939000,0 days 03:08:37.796000,0 days 03:09:21.030000,0 days 03:09:38.969000,303.0,230.0,304.0,272.0,False,INTERMEDIATE,30.0,True,Alpine,0 days 03:08:16.864000,,1,3.0,,,False,True
0 days 03:11:00.789000,GAS,10,0 days 00:01:21.828000,63.0,2.0,,,0 days 00:00:20.847000,0 days 00:00:43.050000,0 days 00:00:17.931000,0 days 03:09:59.816000,0 days 03:10:42.866000,0 days 03:11:00.797000,305.0,233.0,304.0,275.0,True,INTERMEDIATE,31.0,True,Alpine,0 days 03:09:38.961000,,1,3.0,,,False,True
0 days 03:12:22.496000,GAS,10,0 days 00:01:21.707000,64.0,2.0,,,0 days 00:00:20.724000,0 days 00:00:43.062000,0 days 00:00:17.921000,0 days 03:11:21.521000,0 days 03:12:04.583000,0 days 03:12:22.504000,305.0,232.0,304.0,275.0,True,INTERMEDIATE,32.0,True,Alpine,0 days 03:11:00.789000,,1,3.0,,,False,True
0 days 03:13:44.320000,GAS,10,0 days 00:01:21.824000,65.0,2.0,,,0 days 00:00:20.831000,0 days 00:00:43.127000,0 days 00:00:17.866000,0 days 03:12:43.335000,0 days 03:13:26.462000,0 days 03:13:44.328000,304.0,232.0,307.0,275.0,False,INTERMEDIATE,33.0,True,Alpine,0 days 03:12:22.496000,,1,3.0,,,False,True
0 days 03:15:05.965000,GAS,10,0 days 00:01:21.645000,66.0,2.0,,,0 days 00:00:20.801000,0 days 00:00:42.950000,0 days 00:00:17.894000,0 days 03:14:05.129000,0 days 03:14:48.079000,0 days 03:15:05.973000,306.0,228.0,306.0,274.0,True,INTERMEDIATE,34.0,True,Alpine,0 days 03:13:44.320000,,1,3.0,,,False,True
0 days 03:16:27.748000,GAS,10,0 days 00:01:21.783000,67.0,2.0,,,0 days 00:00:20.806000,0 days 00:00:43.030000,0 days 00:00:17.947000,0 days 03:15:26.779000,0 days 03:16:09.809000,0 days 03:16:27.756000,305.0,232.0,306.0,276.0,False,INTERMEDIATE,35.0,True,Alpine,0 days 03:15:05.965000,,1,3.0,,,False,True
0 days 03:17:49.625000,GAS,10,0 days 00:01:21.877000,68.0,2.0,,,0 days 00:00:20.789000,0 days 00:00:43.089000,0 days 00:00:17.999000,0 days 03:16:48.545000,0 days 03:17:31.634000,0 days 03:17:49.633000,305.0,226.0,306.0,277.0,False,INTERMEDIATE,36.0,True,Alpine,0 days 03:16:27.748000,,1,3.0,,,False,True
0 days 03:19:12.061000,GAS,10,0 days 00:01:22.436000,69.0,2.0,,,0 days 00:00:21.048000,0 days 00:00:43.408000,0 days 00:00:17.980000,0 days 03:18:10.681000,0 days 03:18:54.089000,0 days 03:19:12.069000,306.0,221.0,306.0,278.0,False,INTERMEDIATE,37.0,True,Alpine,0 days 03:17:49.625000,,1,3.0,,,False,True
0 days 01:13:44.433000,PER,11,0 days 00:01:49.387000,1.0,1.0,,,,0 days 00:00:58.529000,0 days 00:00:18.892000,,0 days 01:13:25.666000,0 days 01:13:44.566000,263.0,185.0,300.0,176.0,False,INTERMEDIATE,1.0,True,Red Bull Racing,0 days 01:11:54.770000,,12,18.0,,,False,False
0 days 01:15:11.480000,PER,11,0 days 00:01:27.047000,2.0,1.0,,,0 days 00:00:22.553000,0 days 00:00:45.803000,0 days 00:00:18.691000,0 days 01:14:07.016000,0 days 01:14:52.819000,0 days 01:15:11.510000,293.0,203.0,303.0,231.0,True,INTERMEDIATE,2.0,True,Red Bull Racing,0 days 01:13:44.433000,,1,18.0,,,False,True
0 days 01:16:37.371000,PER,11,0 days 00:01:25.891000,3.0,1.0,,,0 days 00:00:21.828000,0 days 00:00:45.454000,0 days 00:00:18.609000,0 days 01:15:33.338000,0 days 01:16:18.792000,0 days 01:16:37.401000,300.0,207.0,305.0,237.0,True,INTERMEDIATE,3.0,True,Red Bull Racing,0 days 01:15:11.480000,,1,18.0,,,False,True
0 days 01:18:03.645000,PER,11,0 days 00:01:26.274000,4.0,1.0,,,0 days 00:00:21.670000,0 days 00:00:45.648000,0 days 00:00:18.956000,0 days 01:16:59.071000,0 days 01:17:44.719000,0 days 01:18:03.675000,301.0,191.0,309.0,253.0,False,INTERMEDIATE,4.0,True,Red Bull Racing,0 days 01:16:37.371000,,12,18.0,,,False,True
0 days 01:19:29.707000,PER,11,0 days 00:01:26.062000,5.0,1.0,,,0 days 00:00:21.924000,0 days 00:00:45.686000,0 days 00:00:18.452000,0 days 01:18:25.599000,0 days 01:19:11.285000,0 days 01:19:29.737000,299.0,208.0,309.0,239.0,False,INTERMEDIATE,5.0,True,Red Bull Racing,0 days 01:18:03.645000,,1,17.0,,,False,True
0 days 01:20:56.011000,PER,11,0 days 00:01:26.304000,6.0,1.0,,,0 days 00:00:22.015000,0 days 00:00:45.839000,0 days 00:00:18.450000,0 days 01:19:51.752000,0 days 01:20:37.591000,0 days 01:20:56.041000,291.0,209.0,306.0,226.0,False,INTERMEDIATE,6.0,True,Red Bull Racing,0 days 01:19:29.707000,,1,17.0,,,False,True
0 days 01:22:21.841000,PER,11,0 days 00:01:25.830000,7.0,1.0,,,0 days 00:00:21.571000,0 days 00:00:45.589000,0 days 00:00:18.670000,0 days 01:21:17.612000,0 days 01:22:03.201000,0 days 01:22:21.871000,303.0,205.0,304.0,233.0,True,INTERMEDIATE,7.0,True,Red Bull Racing,0 days 01:20:56.011000,,1,17.0,,,False,True
0 days 01:23:46.943000,PER,11,0 days 00:01:25.102000,8.0,1.0,,,0 days 00:00:21.480000,0 days 00:00:45.085000,0 days 00:00:18.537000,0 days 01:22:43.351000,0 days 01:23:28.436000,0 days 01:23:46.973000,302.0,203.0,308.0,244.0,True,INTERMEDIATE,8.0,True,Red Bull Racing,0 days 01:22:21.841000,,1,17.0,,,False,True
0 days 01:25:12.196000,PER,11,0 days 00:01:25.253000,9.0,1.0,,,0 days 00:00:21.472000,0 days 00:00:45.324000,0 days 00:00:18.457000,0 days 01:24:08.445000,0 days 01:24:53.769000,0 days 01:25:12.226000,300.0,199.0,308.0,247.0,False,INTERMEDIATE,9.0,True,Red Bull Racing,0 days 01:23:46.943000,,1,17.0,,,False,True
0 days 01:26:37.107000,PER,11,0 days 00:01:24.911000,10.0,1.0,,,0 days 00:00:21.538000,0 days 00:00:44.942000,0 days 00:00:18.431000,0 days 01:25:33.764000,0 days 01:26:18.706000,0 days 01:26:37.137000,301.0,207.0,310.0,240.0,True,INTERMEDIATE,10.0,True,Red Bull Racing,0 days 01:25:12.196000,,1,17.0,,,False,True
0 days 01:28:03.132000,PER,11,0 days 00:01:26.025000,11.0,1.0,,,0 days 00:00:21.429000,0 days 00:00:46.081000,0 days 00:00:18.515000,0 days 01:26:58.566000,0 days 01:27:44.647000,0 days 01:28:03.162000,288.0,208.0,311.0,260.0,False,INTERMEDIATE,11.0,True,Red Bull Racing,0 days 01:26:37.107000,,12,17.0,,,False,True
0 days 01:29:29.125000,PER,11,0 days 00:01:25.993000,12.0,1.0,,,0 days 00:00:21.983000,0 days 00:00:45.560000,0 days 00:00:18.450000,0 days 01:28:25.145000,0 days 01:29:10.705000,0 days 01:29:29.155000,297.0,207.0,310.0,244.0,False,INTERMEDIATE,12.0,True,Red Bull Racing,0 days 01:28:03.132000,,1,16.0,,,False,True
0 days 01:30:54.766000,PER,11,0 days 00:01:25.641000,13.0,1.0,,,0 days 00:00:21.187000,0 days 00:00:45.991000,0 days 00:00:18.463000,0 days 01:29:50.342000,0 days 01:30:36.333000,0 days 01:30:54.796000,304.0,212.0,308.0,254.0,False,INTERMEDIATE,13.0,True,Red Bull Racing,0 days 01:29:29.125000,,1,16.0,,,False,True
0 days 01:32:20.521000,PER,11,0 days 00:01:25.755000,14.0,1.0,,,0 days 00:00:21.254000,0 days 00:00:45.847000,0 days 00:00:18.654000,0 days 01:31:16.050000,0 days 01:32:01.897000,0 days 01:32:20.551000,303.0,203.0,304.0,251.0,False,INTERMEDIATE,14.0,True,Red Bull Racing,0 days 01:30:54.766000,,1,16.0,,,False,True
0 days 01:33:45.800000,PER,11,0 days 00:01:25.279000,15.0,1.0,,,0 days 00:00:21.488000,0 days 00:00:45.397000,0 days 00:00:18.394000,0 days 01:32:42.039000,0 days 01:33:27.436000,0 days 01:33:45.830000,301.0,202.0,306.0,263.0,False,INTERMEDIATE,15.0,True,Red Bull Racing,0 days 01:32:20.521000,,1,16.0,,,False,True
0 days 01:35:10.269000,PER,11,0 days 00:01:24.469000,16.0,1.0,,,0 days 00:00:21.335000,0 days 00:00:44.821000,0 days 00:00:18.313000,0 days 01:34:07.165000,0 days 01:34:51.986000,0 days 01:35:10.299000,300.0,206.0,307.0,250.0,True,INTERMEDIATE,16.0,True,Red Bull Racing,0 days 01:33:45.800000,,1,16.0,,,False,True
0 days 01:36:34.664000,PER,11,0 days 00:01:24.395000,17.0,1.0,,,0 days 00:00:21.301000,0 days 00:00:44.676000,0 days 00:00:18.418000,0 days 01:35:31.600000,0 days 01:36:16.276000,0 days 01:36:34.694000,302.0,206.0,306.0,246.0,True,INTERMEDIATE,17.0,True,Red Bull Racing,0 days 01:35:10.269000,,1,16.0,,,False,True
0 days 01:38:00.514000,PER,11,0 days 00:01:25.850000,18.0,1.0,,,0 days 00:00:21.405000,0 days 00:00:46.087000,0 days 00:00:18.358000,0 days 01:36:56.099000,0 days 01:37:42.186000,0 days 01:38:00.544000,303.0,207.0,306.0,252.0,False,INTERMEDIATE,18.0,True,Red Bull Racing,0 days 01:36:34.664000,,1,16.0,,,False,True
0 days 01:39:24.928000,PER,11,0 days 00:01:24.414000,19.0,1.0,,,0 days 00:00:21.306000,0 days 00:00:44.811000,0 days 00:00:18.297000,0 days 01:38:21.850000,0 days 01:39:06.661000,0 days 01:39:24.958000,304.0,211.0,309.0,249.0,False,INTERMEDIATE,19.0,True,Red Bull Racing,0 days 01:38:00.514000,,1,16.0,,,False,True
0 days 01:40:49.450000,PER,11,0 days 00:01:24.522000,20.0,1.0,,,0 days 00:00:21.388000,0 days 00:00:44.882000,0 days 00:00:18.252000,0 days 01:39:46.346000,0 days 01:40:31.228000,0 days 01:40:49.480000,292.0,213.0,310.0,258.0,False,INTERMEDIATE,20.0,True,Red Bull Racing,0 days 01:39:24.928000,,1,16.0,,,False,True
0 days 01:42:13.858000,PER,11,0 days 00:01:24.408000,21.0,1.0,,,0 days 00:00:21.629000,0 days 00:00:44.605000,0 days 00:00:18.174000,0 days 01:41:11.109000,0 days 01:41:55.714000,0 days 01:42:13.888000,300.0,209.0,309.0,239.0,False,INTERMEDIATE,21.0,True,Red Bull Racing,0 days 01:40:49.450000,,1,16.0,,,False,True
0 days 01:43:39.240000,PER,11,0 days 00:01:25.382000,22.0,1.0,,,0 days 00:00:21.412000,0 days 00:00:45.783000,0 days 00:00:18.187000,0 days 01:42:35.300000,0 days 01:43:21.083000,0 days 01:43:39.270000,303.0,214.0,311.0,253.0,False,INTERMEDIATE,22.0,True,Red Bull Racing,0 days 01:42:13.858000,,1,16.0,,,False,True
0 days 01:45:04.398000,PER,11,0 days 00:01:25.158000,23.0,1.0,,,0 days 00:00:21.654000,0 days 00:00:45.308000,0 days 00:00:18.196000,0 days 01:44:00.924000,0 days 01:44:46.232000,0 days 01:45:04.428000,303.0,212.0,311.0,251.0,False,INTERMEDIATE,23.0,True,Red Bull Racing,0 days 01:43:39.240000,,1,16.0,,,False,True
0 days 01:46:30.269000,PER,11,0 days 00:01:25.871000,24.0,1.0,,,0 days 00:00:21.806000,0 days 00:00:45.721000,0 days 00:00:18.344000,0 days 01:45:26.234000,0 days 01:46:11.955000,0 days 01:46:30.299000,301.0,209.0,310.0,241.0,False,INTERMEDIATE,24.0,True,Red Bull Racing,0 days 01:45:04.398000,,1,16.0,,,False,True
0 days 01:47:56.526000,PER,11,0 days 00:01:26.257000,25.0,1.0,,,0 days 00:00:21.523000,0 days 00:00:45.871000,0 days 00:00:18.863000,0 days 01:46:51.822000,0 days 01:47:37.693000,0 days 01:47:56.556000,298.0,203.0,308.0,251.0,False,INTERMEDIATE,25.0,True,Red Bull Racing,0 days 01:46:30.269000,,12,16.0,,,False,True
0 days 01:49:23.098000,PER,11,0 days 00:01:26.572000,26.0,1.0,,,0 days 00:00:21.682000,0 days 00:00:45.963000,0 days 00:00:18.927000,0 days 01:48:18.238000,0 days 01:49:04.201000,0 days 01:49:23.128000,302.0,198.0,303.0,245.0,False,INTERMEDIATE,26.0,True,Red Bull Racing,0 days 01:47:56.526000,,1,14.0,,,False,True
0 days 01:51:05.253000,PER,11,0 days 00:01:42.155000,27.0,1.0,,0 days 01:51:02.459000,0 days 00:00:21.865000,0 days 00:00:50.338000,0 days 00:00:29.952000,0 days 01:49:44.993000,0 days 01:50:35.331000,0 days 01:51:05.283000,285.0,157.0,,248.0,False,INTERMEDIATE,27.0,True,Red Bull Racing,0 days 01:49:23.098000,,126,14.0,,,False,False
0 days 01:53:05.920000,PER,11,0 days 00:02:00.667000,28.0,2.0,0 days 01:51:29.055000,,0 days 00:00:46.573000,0 days 00:00:50.931000,0 days 00:00:23.163000,0 days 01:51:51.856000,0 days 01:52:42.787000,0 days 01:53:05.950000,175.0,168.0,236.0,248.0,False,WET,6.0,False,Red Bull Racing,0 days 01:51:05.253000,,671,15.0,,,False,False
0 days 01:54:47.582000,PER,11,0 days 00:01:41.662000,29.0,2.0,,,0 days 00:00:25.066000,0 days 00:00:53.682000,0 days 00:00:22.914000,0 days 01:53:31.016000,0 days 01:54:24.698000,0 days 01:54:47.612000,222.0,185.0,241.0,206.0,False,WET,7.0,False,Red Bull Racing,0 days 01:53:05.920000,,1,14.0,,,False,True
0 days 01:56:56.055000,PER,11,0 days 00:02:08.473000,30.0,2.0,,,0 days 00:00:41.677000,0 days 00:00:59.568000,0 days 00:00:27.228000,0 days 01:55:29.289000,0 days 01:56:28.857000,0 days 01:56:56.085000,115.0,139.0,213.0,197.0,False,WET,8.0,False,Red Bull Racing,0 days 01:54:47.582000,,14,14.0,,,False,False
0 days 01:58:47.070000,PER,11,0 days 00:01:51.015000,31.0,2.0,,,0 days 00:00:31.323000,0 days 00:00:54.366000,0 days 00:00:25.326000,0 days 01:57:27.408000,0 days 01:58:21.774000,0 days 01:58:47.100000,176.0,161.0,215.0,186.0,False,WET,9.0,False,Red Bull Racing,0 days 01:56:56.055000,,4,14.0,,,False,False
0 days 02:01:23.862000,PER,11,,32.0,2.0,,0 days 02:01:11.572000,0 days 00:00:32.169000,0 days 00:01:03.536000,0 days 00:01:01.073000,0 days 01:59:19.389000,0 days 02:00:22.819000,0 days 02:01:24.033000,171.0,144.0,,185.0,False,WET,10.0,False,Red Bull Racing,0 days 01:58:47.070000,,45,14.0,,,False,False
0 days 02:26:44.393000,PER,11,,33.0,3.0,0 days 02:24:56.818000,,,0 days 00:00:50.818000,0 days 00:00:29.991000,,0 days 02:26:14.557000,0 days 02:26:44.685000,152.0,188.0,246.0,185.0,False,INTERMEDIATE,1.0,True,Red Bull Racing,0 days 02:23:57.645000,,12,13.0,,,False,False
0 days 02:28:22.214000,PER,11,0 days 00:01:37.821000,34.0,3.0,,,0 days 00:00:25.748000,0 days 00:00:51.032000,0 days 00:00:21.041000,0 days 02:27:10.171000,0 days 02:28:01.203000,0 days 02:28:22.244000,179.0,163.0,282.0,183.0,False,INTERMEDIATE,2.0,True,Red Bull Racing,0 days 02:26:44.393000,,1,12.0,,,False,True
0 days 02:29:54.748000,PER,11,0 days 00:01:32.534000,35.0,3.0,,,0 days 00:00:24.718000,0 days 00:00:48.732000,0 days 00:00:19.084000,0 days 02:28:46.962000,0 days 02:29:35.694000,0 days 02:29:54.778000,208.0,186.0,301.0,194.0,False,INTERMEDIATE,3.0,True,Red Bull Racing,0 days 02:28:22.214000,,1,12.0,,,False,True
0 days 02:31:23.841000,PER,11,0 days 00:01:29.093000,36.0,3.0,,,0 days 00:00:22.859000,0 days 00:00:47.457000,0 days 00:00:18.777000,0 days 02:30:17.637000,0 days 02:31:05.094000,0 days 02:31:23.871000,235.0,193.0,304.0,222.0,False,INTERMEDIATE,4.0,True,Red Bull Racing,0 days 02:29:54.748000,,12,12.0,,,False,True
0 days 02:32:51.727000,PER,11,0 days 00:01:27.886000,37.0,3.0,,,0 days 00:00:22.791000,0 days 00:00:46.556000,0 days 00:00:18.539000,0 days 02:31:46.662000,0 days 02:32:33.218000,0 days 02:32:51.757000,217.0,204.0,308.0,215.0,False,INTERMEDIATE,5.0,True,Red Bull Racing,0 days 02:31:23.841000,,1,12.0,,,False,True
0 days 02:34:18.971000,PER,11,0 days 00:01:27.244000,38.0,3.0,,,0 days 00:00:22.165000,0 days 00:00:46.252000,0 days 00:00:18.827000,0 days 02:33:13.922000,0 days 02:34:00.174000,0 days 02:34:19.001000,270.0,206.0,303.0,225.0,False,INTERMEDIATE,6.0,True,Red Bull Racing,0 days 02:32:51.727000,,12,12.0,,,False,True
0 days 02:36:00.179000,PER,11,0 days 00:01:41.208000,39.0,3.0,,,0 days 00:00:21.845000,0 days 00:00:54.155000,0 days 00:00:25.208000,0 days 02:34:40.846000,0 days 02:35:35.001000,0 days 02:36:00.209000,264.0,159.0,252.0,250.0,False,INTERMEDIATE,7.0,True,Red Bull Racing,0 days 02:34:18.971000,,124,12.0,,,False,False
0 days 02:37:49.029000,PER,11,0 days 00:01:48.850000,40.0,3.0,,,0 days 00:00:27.304000,0 days 00:00:56.140000,0 days 00:00:25.406000,0 days 02:36:27.513000,0 days 02:37:23.653000,0 days 02:37:49.059000,245.0,168.0,208.0,203.0,False,INTERMEDIATE,8.0,True,Red Bull Racing,0 days 02:36:00.179000,,4,12.0,,,False,False
0 days 02:39:54.046000,PER,11,0 days 00:02:05.017000,41.0,3.0,,,0 days 00:00:28.528000,0 days 00:01:00.455000,0 days 00:00:36.034000,0 days 02:38:17.587000,0 days 02:39:18.042000,0 days 02:39:54.076000,180.0,163.0,246.0,174.0,False,INTERMEDIATE,9.0,True,Red Bull Racing,0 days 02:37:49.029000,,4,12.0,,,False,False
0 days 02:41:58.100000,PER,11,0 days 00:02:04.054000,42.0,3.0,,,0 days 00:00:26.906000,0 days 00:01:01.701000,0 days 00:00:35.447000,0 days 02:40:20.982000,0 days 02:41:22.683000,0 days 02:41:58.130000,179.0,108.0,294.0,197.0,False,INTERMEDIATE,10.0,True,Red Bull Racing,0 days 02:39:54.046000,,41,12.0,,,False,False
0 days 02:43:30.306000,PER,11,0 days 00:01:32.206000,43.0,3.0,,,0 days 00:00:24.507000,0 days 00:00:49,0 days 00:00:18.699000,0 days 02:42:22.637000,0 days 02:43:11.637000,0 days 02:43:30.336000,220.0,199.0,305.0,226.0,False,INTERMEDIATE,11.0,True,Red Bull Racing,0 days 02:41:58.100000,,12,10.0,,,False,True
0 days 02:44:55.539000,PER,11,0 days 00:01:25.233000,44.0,3.0,,,0 days 00:00:21.694000,0 days 00:00:45.261000,0 days 00:00:18.278000,0 days 02:43:52.030000,0 days 02:44:37.291000,0 days 02:44:55.569000,281.0,208.0,309.0,243.0,False,INTERMEDIATE,12.0,True,Red Bull Racing,0 days 02:43:30.306000,,21,10.0,,,False,True
0 days 02:46:20.695000,PER,11,0 days 00:01:25.156000,45.0,3.0,,,0 days 00:00:21.908000,0 days 00:00:45.013000,0 days 00:00:18.235000,0 days 02:45:17.477000,0 days 02:46:02.490000,0 days 02:46:20.725000,266.0,216.0,306.0,249.0,False,INTERMEDIATE,13.0,True,Red Bull Racing,0 days 02:44:55.539000,,1,10.0,,,False,True
0 days 02:47:45.553000,PER,11,0 days 00:01:24.858000,46.0,3.0,,,0 days 00:00:21.479000,0 days 00:00:45.023000,0 days 00:00:18.356000,0 days 02:46:42.204000,0 days 02:47:27.227000,0 days 02:47:45.583000,280.0,217.0,307.0,250.0,False,INTERMEDIATE,14.0,True,Red Bull Racing,0 days 02:46:20.695000,,1,10.0,,,False,True
0 days 02:49:10.209000,PER,11,0 days 00:01:24.656000,47.0,3.0,,,0 days 00:00:21.596000,0 days 00:00:44.844000,0 days 00:00:18.216000,0 days 02:48:07.179000,0 days 02:48:52.023000,0 days 02:49:10.239000,302.0,216.0,308.0,257.0,False,INTERMEDIATE,15.0,True,Red Bull Racing,0 days 02:47:45.553000,,1,10.0,,,False,True
0 days 02:50:34.120000,PER,11,0 days 00:01:23.911000,48.0,3.0,,,0 days 00:00:21.323000,0 days 00:00:44.559000,0 days 00:00:18.029000,0 days 02:49:31.562000,0 days 02:50:16.121000,0 days 02:50:34.150000,305.0,217.0,312.0,252.0,True,INTERMEDIATE,16.0,True,Red Bull Racing,0 days 02:49:10.209000,,1,10.0,,,False,True
0 days 02:51:58.262000,PER,11,0 days 00:01:24.142000,49.0,3.0,,,0 days 00:00:21.514000,0 days 00:00:44.656000,0 days 00:00:17.972000,0 days 02:50:55.664000,0 days 02:51:40.320000,0 days 02:51:58.292000,309.0,221.0,310.0,247.0,False,INTERMEDIATE,17.0,True,Red Bull Racing,0 days 02:50:34.120000,,1,10.0,,,False,True
0 days 02:53:21.948000,PER,11,0 days 00:01:23.686000,50.0,3.0,,,0 days 00:00:21.530000,0 days 00:00:44.134000,0 days 00:00:18.022000,0 days 02:52:19.822000,0 days 02:53:03.956000,0 days 02:53:21.978000,296.0,222.0,306.0,247.0,True,INTERMEDIATE,18.0,True,Red Bull Racing,0 days 02:51:58.262000,,1,10.0,,,False,True
0 days 02:54:46.033000,PER,11,0 days 00:01:24.085000,51.0,3.0,,,0 days 00:00:21.370000,0 days 00:00:44.515000,0 days 00:00:18.200000,0 days 02:53:43.348000,0 days 02:54:27.863000,0 days 02:54:46.063000,298.0,217.0,309.0,256.0,False,INTERMEDIATE,19.0,True,Red Bull Racing,0 days 02:53:21.948000,,12,10.0,,,False,True
0 days 02:56:10.119000,PER,11,0 days 00:01:24.086000,52.0,3.0,,,0 days 00:00:21.634000,0 days 00:00:44.356000,0 days 00:00:18.096000,0 days 02:55:07.697000,0 days 02:55:52.053000,0 days 02:56:10.149000,308.0,217.0,310.0,232.0,False,INTERMEDIATE,20.0,True,Red Bull Racing,0 days 02:54:46.033000,,1,10.0,,,False,True
0 days 02:57:34.142000,PER,11,0 days 00:01:24.023000,53.0,3.0,,,0 days 00:00:21.452000,0 days 00:00:44.526000,0 days 00:00:18.045000,0 days 02:56:31.601000,0 days 02:57:16.127000,0 days 02:57:34.172000,304.0,218.0,309.0,260.0,False,INTERMEDIATE,21.0,True,Red Bull Racing,0 days 02:56:10.119000,,1,10.0,,,False,True
0 days 02:58:57.886000,PER,11,0 days 00:01:23.744000,54.0,3.0,,,0 days 00:00:21.452000,0 days 00:00:44.342000,0 days 00:00:17.950000,,0 days 02:58:39.966000,0 days 02:58:57.916000,308.0,224.0,314.0,285.0,False,INTERMEDIATE,22.0,True,Red Bull Racing,0 days 02:57:34.142000,,1,10.0,,,False,True
0 days 03:00:23.419000,PER,11,0 days 00:01:25.533000,55.0,3.0,,,0 days 00:00:22.075000,0 days 00:00:45.369000,0 days 00:00:18.089000,0 days 02:59:19.991000,0 days 03:00:05.360000,0 days 03:00:23.449000,307.0,213.0,308.0,251.0,False,INTERMEDIATE,23.0,True,Red Bull Racing,0 days 02:58:57.886000,,1,11.0,,,False,True
0 days 03:01:46.176000,PER,11,0 days 00:01:22.757000,56.0,3.0,,,0 days 00:00:20.915000,0 days 00:00:43.745000,0 days 00:00:18.097000,0 days 03:00:44.364000,0 days 03:01:28.109000,0 days 03:01:46.206000,306.0,213.0,306.0,261.0,True,INTERMEDIATE,24.0,True,Red Bull Racing,0 days 03:00:23.419000,,1,11.0,,,False,True
0 days 03:03:08.953000,PER,11,0 days 00:01:22.777000,57.0,3.0,,,0 days 00:00:21.065000,0 days 00:00:43.727000,0 days 00:00:17.985000,0 days 03:02:07.271000,0 days 03:02:50.998000,0 days 03:03:08.983000,308.0,217.0,310.0,247.0,False,INTERMEDIATE,25.0,True,Red Bull Racing,0 days 03:01:46.176000,,1,11.0,,,False,True
0 days 03:04:32.667000,PER,11,0 days 00:01:23.714000,58.0,3.0,,,0 days 00:00:21.108000,0 days 00:00:44.492000,0 days 00:00:18.114000,0 days 03:03:30.091000,0 days 03:04:14.583000,0 days 03:04:32.697000,307.0,217.0,309.0,251.0,False,INTERMEDIATE,26.0,True,Red Bull Racing,0 days 03:03:08.953000,,1,11.0,,,False,True
0 days 03:05:55.753000,PER,11,0 days 00:01:23.086000,59.0,3.0,,,0 days 00:00:21.089000,0 days 00:00:43.960000,0 days 00:00:18.037000,0 days 03:04:53.786000,0 days 03:05:37.746000,0 days 03:05:55.783000,300.0,219.0,308.0,244.0,False,INTERMEDIATE,27.0,True,Red Bull Racing,0 days 03:04:32.667000,,1,11.0,,,False,True
0 days 03:07:18.865000,PER,11,0 days 00:01:23.112000,60.0,3.0,,,0 days 00:00:21.156000,0 days 00:00:43.985000,0 days 00:00:17.971000,0 days 03:06:16.939000,0 days 03:07:00.924000,0 days 03:07:18.895000,302.0,217.0,309.0,245.0,False,INTERMEDIATE,28.0,True,Red Bull Racing,0 days 03:05:55.753000,,1,11.0,,,False,True
0 days 03:08:41.580000,PER,11,0 days 00:01:22.715000,61.0,3.0,,,0 days 00:00:21.018000,0 days 00:00:43.766000,0 days 00:00:17.931000,0 days 03:07:39.913000,0 days 03:08:23.679000,0 days 03:08:41.610000,302.0,218.0,307.0,255.0,True,INTERMEDIATE,29.0,True,Red Bull Racing,0 days 03:07:18.865000,,1,11.0,,,False,True
0 days 03:10:04.472000,PER,11,0 days 00:01:22.892000,62.0,3.0,,,0 days 00:00:21.161000,0 days 00:00:43.729000,0 days 00:00:18.002000,0 days 03:09:02.771000,0 days 03:09:46.500000,0 days 03:10:04.502000,299.0,214.0,309.0,249.0,False,INTERMEDIATE,30.0,True,Red Bull Racing,0 days 03:08:41.580000,,1,11.0,,,False,True
0 days 03:11:26.845000,PER,11,0 days 00:01:22.373000,63.0,3.0,,,0 days 00:00:21.233000,0 days 00:00:43.223000,0 days 00:00:17.917000,0 days 03:10:25.735000,0 days 03:11:08.958000,0 days 03:11:26.875000,307.0,217.0,308.0,269.0,True,INTERMEDIATE,31.0,True,Red Bull Racing,0 days 03:10:04.472000,,1,11.0,,,False,True
0 days 03:12:49.167000,PER,11,0 days 00:01:22.322000,64.0,3.0,,,0 days 00:00:20.930000,0 days 00:00:43.379000,0 days 00:00:18.013000,0 days 03:11:47.805000,0 days 03:12:31.184000,0 days 03:12:49.197000,305.0,222.0,306.0,264.0,True,INTERMEDIATE,32.0,True,Red Bull Racing,0 days 03:11:26.845000,,1,11.0,,,False,True
0 days 03:14:11.387000,PER,11,0 days 00:01:22.220000,65.0,3.0,,,0 days 00:00:20.913000,0 days 00:00:43.359000,0 days 00:00:17.948000,0 days 03:13:10.110000,0 days 03:13:53.469000,0 days 03:14:11.417000,309.0,225.0,310.0,265.0,True,INTERMEDIATE,33.0,True,Red Bull Racing,0 days 03:12:49.167000,,1,11.0,,,False,True
0 days 03:15:34.365000,PER,11,0 days 00:01:22.978000,66.0,3.0,,,0 days 00:00:21.055000,0 days 00:00:43.973000,0 days 00:00:17.950000,0 days 03:14:32.472000,0 days 03:15:16.445000,0 days 03:15:34.395000,264.0,219.0,309.0,266.0,False,INTERMEDIATE,34.0,True,Red Bull Racing,0 days 03:14:11.387000,,1,11.0,,,False,True
0 days 03:16:56.508000,PER,11,0 days 00:01:22.143000,67.0,3.0,,,0 days 00:00:20.975000,0 days 00:00:43.115000,0 days 00:00:18.053000,0 days 03:15:55.370000,0 days 03:16:38.485000,0 days 03:16:56.538000,307.0,229.0,313.0,268.0,True,INTERMEDIATE,35.0,True,Red Bull Racing,0 days 03:15:34.365000,,1,11.0,,,False,True
0 days 03:18:18.771000,PER,11,0 days 00:01:22.263000,68.0,3.0,,,0 days 00:00:21.119000,0 days 00:00:43.220000,0 days 00:00:17.924000,0 days 03:17:17.657000,0 days 03:18:00.877000,0 days 03:18:18.801000,304.0,235.0,311.0,285.0,False,INTERMEDIATE,36.0,True,Red Bull Racing,0 days 03:16:56.508000,,1,11.0,,,False,True
0 days 03:19:40.993000,PER,11,0 days 00:01:22.222000,69.0,3.0,,,0 days 00:00:20.858000,0 days 00:00:43.230000,0 days 00:00:18.134000,0 days 03:18:39.659000,0 days 03:19:22.889000,0 days 03:19:41.023000,306.0,223.0,308.0,286.0,False,INTERMEDIATE,37.0,True,Red Bull Racing,0 days 03:18:18.771000,,1,11.0,,,False,True
0 days 01:13:32.364000,ALO,14,0 days 00:01:37.318000,1.0,1.0,,,,0 days 00:00:48.677000,0 days 00:00:18.570000,,0 days 01:13:13.958000,0 days 01:13:32.556000,282.0,212.0,302.0,192.0,False,INTERMEDIATE,1.0,True,Aston Martin,0 days 01:11:54.770000,,12,8.0,,,False,False
0 days 01:14:59.480000,ALO,14,0 days 00:01:27.116000,2.0,1.0,,,0 days 00:00:22.133000,0 days 00:00:46.422000,0 days 00:00:18.561000,0 days 01:13:54.555000,0 days 01:14:40.977000,0 days 01:14:59.538000,294.0,208.0,305.0,228.0,True,INTERMEDIATE,2.0,True,Aston Martin,0 days 01:13:32.364000,,1,8.0,,,False,True
0 days 01:16:26.446000,ALO,14,0 days 00:01:26.966000,3.0,1.0,,,0 days 00:00:22.158000,0 days 00:00:46.269000,0 days 00:00:18.539000,0 days 01:15:21.696000,0 days 01:16:07.965000,0 days 01:16:26.504000,296.0,217.0,303.0,229.0,True,INTERMEDIATE,3.0,True,Aston Martin,0 days 01:14:59.480000,,1,8.0,,,False,True
0 days 01:17:53.166000,ALO,14,0 days 00:01:26.720000,4.0,1.0,,,0 days 00:00:22.118000,0 days 00:00:46.210000,0 days 00:00:18.392000,0 days 01:16:48.622000,0 days 01:17:34.832000,0 days 01:17:53.224000,289.0,221.0,299.0,231.0,True,INTERMEDIATE,4.0,True,Aston Martin,0 days 01:16:26.446000,,12,8.0,,,False,True
0 days 01:19:19.210000,ALO,14,0 days 00:01:26.044000,5.0,1.0,,,0 days 00:00:22.127000,0 days 00:00:45.395000,0 days 00:00:18.522000,0 days 01:18:15.351000,0 days 01:19:00.746000,0 days 01:19:19.268000,293.0,219.0,300.0,235.0,True,INTERMEDIATE,5.0,True,Aston Martin,0 days 01:17:53.166000,,1,8.0,,,False,True
0 days 01:20:45.655000,ALO,14,0 days 00:01:26.445000,6.0,1.0,,,0 days 00:00:22.070000,0 days 00:00:45.868000,0 days 00:00:18.507000,0 days 01:19:41.338000,0 days 01:20:27.206000,0 days 01:20:45.713000,261.0,220.0,304.0,247.0,False,INTERMEDIATE,6.0,True,Aston Martin,0 days 01:19:19.210000,,1,9.0,,,False,True
0 days 01:22:10.919000,ALO,14,0 days 00:01:25.264000,7.0,1.0,,,0 days 00:00:21.789000,0 days 00:00:45.136000,0 days 00:00:18.339000,0 days 01:21:07.502000,0 days 01:21:52.638000,0 days 01:22:10.977000,295.0,218.0,299.0,245.0,True,INTERMEDIATE,7.0,True,Aston Martin,0 days 01:20:45.655000,,1,9.0,,,False,True
0 days 01:23:35.626000,ALO,14,0 days 00:01:24.707000,8.0,1.0,,,0 days 00:00:21.457000,0 days 00:00:45.077000,0 days 00:00:18.173000,0 days 01:22:32.434000,0 days 01:23:17.511000,0 days 01:23:35.684000,295.0,226.0,303.0,248.0,True,INTERMEDIATE,8.0,True,Aston Martin,0 days 01:22:10.919000,,1,9.0,,,False,True
0 days 01:25:00.328000,ALO,14,0 days 00:01:24.702000,9.0,1.0,,,0 days 00:00:21.696000,0 days 00:00:44.782000,0 days 00:00:18.224000,0 days 01:23:57.380000,0 days 01:24:42.162000,0 days 01:25:00.386000,294.0,224.0,303.0,259.0,True,INTERMEDIATE,9.0,True,Aston Martin,0 days 01:23:35.626000,,1,9.0,,,False,True
0 days 01:26:25.800000,ALO,14,0 days 00:01:25.472000,10.0,1.0,,,0 days 00:00:22.388000,0 days 00:00:44.857000,0 days 00:00:18.227000,0 days 01:25:22.774000,0 days 01:26:07.631000,0 days 01:26:25.858000,292.0,226.0,302.0,250.0,False,INTERMEDIATE,10.0,True,Aston Martin,0 days 01:25:00.328000,,1,9.0,,,False,True
0 days 01:27:50.492000,ALO,14,0 days 00:01:24.692000,11.0,1.0,,,0 days 00:00:21.505000,0 days 00:00:44.972000,0 days 00:00:18.215000,0 days 01:26:47.363000,0 days 01:27:32.335000,0 days 01:27:50.550000,293.0,222.0,304.0,242.0,True,INTERMEDIATE,11.0,True,Aston Martin,0 days 01:26:25.800000,,12,9.0,,,False,True
0 days 01:29:15.149000,ALO,14,0 days 00:01:24.657000,12.0,1.0,,,0 days 00:00:21.479000,0 days 00:00:44.837000,0 days 00:00:18.341000,0 days 01:28:12.029000,0 days 01:28:56.866000,0 days 01:29:15.207000,291.0,214.0,303.0,243.0,True,INTERMEDIATE,12.0,True,Aston Martin,0 days 01:27:50.492000,,1,9.0,,,False,True
0 days 01:30:40.035000,ALO,14,0 days 00:01:24.886000,13.0,1.0,,,0 days 00:00:21.533000,0 days 00:00:45.039000,0 days 00:00:18.314000,0 days 01:29:36.740000,0 days 01:30:21.779000,0 days 01:30:40.093000,298.0,213.0,305.0,246.0,False,INTERMEDIATE,13.0,True,Aston Martin,0 days 01:29:15.149000,,1,9.0,,,False,True
0 days 01:32:04.828000,ALO,14,0 days 00:01:24.793000,14.0,1.0,,,0 days 00:00:21.582000,0 days 00:00:44.960000,0 days 00:00:18.251000,0 days 01:31:01.675000,0 days 01:31:46.635000,0 days 01:32:04.886000,296.0,220.0,303.0,239.0,False,INTERMEDIATE,14.0,True,Aston Martin,0 days 01:30:40.035000,,1,9.0,,,False,True
0 days 01:33:29.407000,ALO,14,0 days 00:01:24.579000,15.0,1.0,,,0 days 00:00:21.713000,0 days 00:00:44.717000,0 days 00:00:18.149000,0 days 01:32:26.599000,0 days 01:33:11.316000,0 days 01:33:29.465000,294.0,224.0,303.0,241.0,True,INTERMEDIATE,15.0,True,Aston Martin,0 days 01:32:04.828000,,1,9.0,,,False,True
0 days 01:34:58.033000,ALO,14,0 days 00:01:28.626000,16.0,1.0,,,0 days 00:00:25.246000,0 days 00:00:45.344000,0 days 00:00:18.036000,0 days 01:33:54.711000,0 days 01:34:40.055000,0 days 01:34:58.091000,279.0,228.0,306.0,234.0,False,INTERMEDIATE,16.0,True,Aston Martin,0 days 01:33:29.407000,,1,10.0,,,False,True
0 days 01:36:22.543000,ALO,14,0 days 00:01:24.510000,17.0,1.0,,,0 days 00:00:21.835000,0 days 00:00:44.566000,0 days 00:00:18.109000,0 days 01:35:19.926000,0 days 01:36:04.492000,0 days 01:36:22.601000,299.0,226.0,305.0,232.0,True,INTERMEDIATE,17.0,True,Aston Martin,0 days 01:34:58.033000,,1,10.0,,,False,True
0 days 01:37:46.578000,ALO,14,0 days 00:01:24.035000,18.0,1.0,,,0 days 00:00:21.598000,0 days 00:00:44.342000,0 days 00:00:18.095000,0 days 01:36:44.199000,0 days 01:37:28.541000,0 days 01:37:46.636000,297.0,223.0,305.0,241.0,True,INTERMEDIATE,18.0,True,Aston Martin,0 days 01:36:22.543000,,1,10.0,,,False,True
0 days 01:39:11.365000,ALO,14,0 days 00:01:24.787000,19.0,1.0,,,0 days 00:00:21.869000,0 days 00:00:44.699000,0 days 00:00:18.219000,0 days 01:38:08.505000,0 days 01:38:53.204000,0 days 01:39:11.423000,288.0,225.0,303.0,239.0,False,INTERMEDIATE,19.0,True,Aston Martin,0 days 01:37:46.578000,,1,10.0,,,False,True
0 days 01:40:35.314000,ALO,14,0 days 00:01:23.949000,20.0,1.0,,,0 days 00:00:21.502000,0 days 00:00:44.269000,0 days 00:00:18.178000,0 days 01:39:32.925000,0 days 01:40:17.194000,0 days 01:40:35.372000,301.0,221.0,304.0,244.0,True,INTERMEDIATE,20.0,True,Aston Martin,0 days 01:39:11.365000,,1,10.0,,,False,True
0 days 01:41:59.404000,ALO,14,0 days 00:01:24.090000,21.0,1.0,,,0 days 00:00:21.498000,0 days 00:00:44.324000,0 days 00:00:18.268000,0 days 01:40:56.870000,0 days 01:41:41.194000,0 days 01:41:59.462000,303.0,227.0,303.0,241.0,False,INTERMEDIATE,21.0,True,Aston Martin,0 days 01:40:35.314000,,1,10.0,,,False,True
0 days 01:43:23.788000,ALO,14,0 days 00:01:24.384000,22.0,1.0,,,0 days 00:00:21.737000,0 days 00:00:44.395000,0 days 00:00:18.252000,0 days 01:42:21.199000,0 days 01:43:05.594000,0 days 01:43:23.846000,302.0,221.0,302.0,244.0,False,INTERMEDIATE,22.0,True,Aston Martin,0 days 01:41:59.404000,,1,10.0,,,False,True
0 days 01:44:47.992000,ALO,14,0 days 00:01:24.204000,23.0,1.0,,,0 days 00:00:21.572000,0 days 00:00:44.482000,0 days 00:00:18.150000,0 days 01:43:45.418000,0 days 01:44:29.900000,0 days 01:44:48.050000,302.0,226.0,304.0,251.0,False,INTERMEDIATE,23.0,True,Aston Martin,0 days 01:43:23.788000,,1,10.0,,,False,True
0 days 01:46:12.262000,ALO,14,0 days 00:01:24.270000,24.0,1.0,,,0 days 00:00:21.531000,0 days 00:00:44.469000,0 days 00:00:18.270000,0 days 01:45:09.581000,0 days 01:45:54.050000,0 days 01:46:12.320000,303.0,221.0,303.0,243.0,False,INTERMEDIATE,24.0,True,Aston Martin,0 days 01:44:47.992000,,1,10.0,,,False,True
0 days 01:47:36.705000,ALO,14,0 days 00:01:24.443000,25.0,1.0,,,0 days 00:00:21.683000,0 days 00:00:44.558000,0 days 00:00:18.202000,0 days 01:46:34.003000,0 days 01:47:18.561000,0 days 01:47:36.763000,302.0,217.0,306.0,243.0,False,INTERMEDIATE,25.0,True,Aston Martin,0 days 01:46:12.262000,,1,9.0,,,False,True
0 days 01:49:03.665000,ALO,14,0 days 00:01:26.960000,26.0,1.0,,,0 days 00:00:21.867000,0 days 00:00:46.038000,0 days 00:00:19.055000,0 days 01:47:58.630000,0 days 01:48:44.668000,0 days 01:49:03.723000,300.0,211.0,302.0,242.0,False,INTERMEDIATE,26.0,True,Aston Martin,0 days 01:47:36.705000,,12,8.0,,,False,True
0 days 01:50:41.754000,ALO,14,0 days 00:01:38.089000,27.0,1.0,,0 days 01:50:38.911000,0 days 00:00:21.926000,0 days 00:00:46.421000,0 days 00:00:29.742000,0 days 01:49:25.649000,0 days 01:50:12.070000,0 days 01:50:41.812000,296.0,210.0,,238.0,False,INTERMEDIATE,27.0,True,Aston Martin,0 days 01:49:03.665000,,126,8.0,,,False,False
0 days 01:52:42.679000,ALO,14,0 days 00:02:00.925000,28.0,2.0,0 days 01:51:04.041000,,0 days 00:00:43.880000,0 days 00:00:54.631000,0 days 00:00:22.414000,0 days 01:51:25.692000,0 days 01:52:20.323000,0 days 01:52:42.737000,172.0,191.0,251.0,238.0,False,INTERMEDIATE,4.0,False,Aston Martin,0 days 01:50:41.754000,,671,10.0,,,False,False
0 days 01:54:28.101000,ALO,14,0 days 00:01:45.422000,29.0,2.0,,,0 days 00:00:26.594000,0 days 00:00:54.854000,0 days 00:00:23.974000,0 days 01:53:09.331000,0 days 01:54:04.185000,0 days 01:54:28.159000,230.0,174.0,251.0,196.0,False,INTERMEDIATE,5.0,False,Aston Martin,0 days 01:52:42.679000,,1,9.0,,,False,True
0 days 01:56:27.146000,ALO,14,0 days 00:01:59.045000,30.0,2.0,,,0 days 00:00:32.980000,0 days 00:00:59.370000,0 days 00:00:26.695000,0 days 01:55:01.139000,0 days 01:56:00.509000,0 days 01:56:27.204000,185.0,160.0,219.0,190.0,False,INTERMEDIATE,6.0,False,Aston Martin,0 days 01:54:28.101000,,14,9.0,,,False,False
0 days 01:58:23.789000,ALO,14,0 days 00:01:56.643000,31.0,2.0,,,0 days 00:00:32.588000,0 days 00:00:57.949000,0 days 00:00:26.106000,0 days 01:56:59.792000,0 days 01:57:57.741000,0 days 01:58:23.847000,175.0,174.0,217.0,179.0,False,INTERMEDIATE,7.0,False,Aston Martin,0 days 01:56:27.146000,,4,9.0,,,False,False
0 days 02:01:04.831000,ALO,14,,32.0,2.0,,0 days 02:00:58.391000,0 days 00:00:32,0 days 00:01:06.314000,0 days 00:01:02.776000,0 days 01:58:55.931000,0 days 02:00:02.113000,0 days 02:01:05.061000,180.0,109.0,,185.0,False,INTERMEDIATE,8.0,False,Aston Martin,0 days 01:58:23.789000,,45,9.0,,,False,False
0 days 02:26:40.905000,ALO,14,,33.0,3.0,0 days 02:24:41.305000,,,0 days 00:00:52.890000,0 days 00:00:41.155000,,0 days 02:25:59.808000,0 days 02:26:41.165000,204.0,102.0,281.0,185.0,False,INTERMEDIATE,1.0,True,Aston Martin,0 days 02:23:57.645000,,12,9.0,,,False,False
0 days 02:28:20.434000,ALO,14,0 days 00:01:39.529000,34.0,3.0,,,0 days 00:00:26.771000,0 days 00:00:51.968000,0 days 00:00:20.790000,0 days 02:27:07.734000,0 days 02:27:59.702000,0 days 02:28:20.492000,232.0,181.0,282.0,157.0,False,INTERMEDIATE,2.0,True,Aston Martin,0 days 02:26:40.905000,,1,10.0,,,False,True
0 days 02:29:53.044000,ALO,14,0 days 00:01:32.610000,35.0,3.0,,,0 days 00:00:24.514000,0 days 00:00:48.361000,0 days 00:00:19.735000,0 days 02:28:45.006000,0 days 02:29:33.367000,0 days 02:29:53.102000,260.0,201.0,297.0,208.0,False,INTERMEDIATE,3.0,True,Aston Martin,0 days 02:28:20.434000,,1,10.0,,,False,True
0 days 02:31:21.962000,ALO,14,0 days 00:01:28.918000,36.0,3.0,,,0 days 00:00:23.296000,0 days 00:00:46.764000,0 days 00:00:18.858000,0 days 02:30:16.398000,0 days 02:31:03.162000,0 days 02:31:22.020000,268.0,206.0,301.0,215.0,False,INTERMEDIATE,4.0,True,Aston Martin,0 days 02:29:53.044000,,12,10.0,,,False,True
0 days 02:32:50.105000,ALO,14,0 days 00:01:28.143000,37.0,3.0,,,0 days 00:00:22.843000,0 days 00:00:46.398000,0 days 00:00:18.902000,0 days 02:31:44.863000,0 days 02:32:31.261000,0 days 02:32:50.163000,252.0,213.0,302.0,224.0,False,INTERMEDIATE,5.0,True,Aston Martin,0 days 02:31:21.962000,,1,10.0,,,False,True
0 days 02:34:16.666000,ALO,14,0 days 00:01:26.561000,38.0,3.0,,,0 days 00:00:22.566000,0 days 00:00:45.505000,0 days 00:00:18.490000,0 days 02:33:12.729000,0 days 02:33:58.234000,0 days 02:34:16.724000,289.0,215.0,302.0,226.0,False,INTERMEDIATE,6.0,True,Aston Martin,0 days 02:32:50.105000,,12,10.0,,,False,True
0 days 02:35:55.245000,ALO,14,0 days 00:01:38.579000,39.0,3.0,,,0 days 00:00:22.154000,0 days 00:00:49.823000,0 days 00:00:26.602000,0 days 02:34:38.878000,0 days 02:35:28.701000,0 days 02:35:55.303000,292.0,161.0,253.0,231.0,False,INTERMEDIATE,7.0,True,Aston Martin,0 days 02:34:16.666000,,124,10.0,,,False,False
0 days 02:37:46.186000,ALO,14,0 days 00:01:50.941000,40.0,3.0,,,0 days 00:00:29.851000,0 days 00:00:56.394000,0 days 00:00:24.696000,0 days 02:36:25.154000,0 days 02:37:21.548000,0 days 02:37:46.244000,228.0,173.0,196.0,152.0,False,INTERMEDIATE,8.0,True,Aston Martin,0 days 02:35:55.245000,,4,10.0,,,False,False
0 days 02:39:49.732000,ALO,14,0 days 00:02:03.546000,41.0,3.0,,,0 days 00:00:29.512000,0 days 00:01:00.289000,0 days 00:00:33.745000,0 days 02:38:15.756000,0 days 02:39:16.045000,0 days 02:39:49.790000,175.0,173.0,213.0,178.0,False,INTERMEDIATE,9.0,True,Aston Martin,0 days 02:37:46.186000,,4,10.0,,,False,False
0 days 02:41:56.804000,ALO,14,0 days 00:02:07.072000,42.0,3.0,,,0 days 00:00:28.600000,0 days 00:01:02.225000,0 days 00:00:36.247000,0 days 02:40:18.390000,0 days 02:41:20.615000,0 days 02:41:56.862000,222.0,111.0,290.0,204.0,False,INTERMEDIATE,10.0,True,Aston Martin,0 days 02:39:49.732000,,41,10.0,,,False,False
0 days 02:43:50.270000,ALO,14,0 days 00:01:53.466000,43.0,3.0,,,0 days 00:00:24.526000,0 days 00:00:49.325000,0 days 00:00:39.615000,0 days 02:42:21.388000,0 days 02:43:10.713000,0 days 02:43:50.328000,256.0,209.0,295.0,209.0,False,INTERMEDIATE,11.0,True,Aston Martin,0 days 02:41:56.804000,,12,15.0,,,False,True
0 days 02:45:16.116000,ALO,14,0 days 00:01:25.846000,44.0,3.0,,,0 days 00:00:22.258000,0 days 00:00:45.144000,0 days 00:00:18.444000,0 days 02:44:12.586000,0 days 02:44:57.730000,0 days 02:45:16.174000,297.0,206.0,299.0,246.0,False,INTERMEDIATE,12.0,True,Aston Martin,0 days 02:43:50.270000,,1,15.0,,,False,True
0 days 02:46:39.977000,ALO,14,0 days 00:01:23.861000,45.0,3.0,,,0 days 00:00:21.426000,0 days 00:00:44.017000,0 days 00:00:18.418000,0 days 02:45:37.600000,0 days 02:46:21.617000,0 days 02:46:40.035000,299.0,221.0,298.0,246.0,True,INTERMEDIATE,13.0,True,Aston Martin,0 days 02:45:16.116000,,1,15.0,,,False,True
0 days 02:48:05.071000,ALO,14,0 days 00:01:25.094000,46.0,3.0,,,0 days 00:00:22.680000,0 days 00:00:44.076000,0 days 00:00:18.338000,0 days 02:47:02.715000,0 days 02:47:46.791000,0 days 02:48:05.129000,299.0,226.0,300.0,254.0,False,INTERMEDIATE,14.0,True,Aston Martin,0 days 02:46:39.977000,,1,15.0,,,False,True
0 days 02:49:28.768000,ALO,14,0 days 00:01:23.697000,47.0,3.0,,,0 days 00:00:21.464000,0 days 00:00:43.958000,0 days 00:00:18.275000,0 days 02:48:26.593000,0 days 02:49:10.551000,0 days 02:49:28.826000,300.0,221.0,300.0,244.0,True,INTERMEDIATE,15.0,True,Aston Martin,0 days 02:48:05.071000,,1,15.0,,,False,True
0 days 02:50:52.147000,ALO,14,0 days 00:01:23.379000,48.0,3.0,,,0 days 00:00:21.446000,0 days 00:00:43.754000,0 days 00:00:18.179000,0 days 02:49:50.272000,0 days 02:50:34.026000,0 days 02:50:52.205000,300.0,226.0,300.0,249.0,True,INTERMEDIATE,16.0,True,Aston Martin,0 days 02:49:28.768000,,1,15.0,,,False,True
0 days 02:52:15.720000,ALO,14,0 days 00:01:23.573000,49.0,3.0,,,0 days 00:00:21.366000,0 days 00:00:44.059000,0 days 00:00:18.148000,0 days 02:51:13.571000,0 days 02:51:57.630000,0 days 02:52:15.778000,301.0,222.0,300.0,239.0,False,INTERMEDIATE,17.0,True,Aston Martin,0 days 02:50:52.147000,,1,15.0,,,False,True
0 days 02:53:39.432000,ALO,14,0 days 00:01:23.712000,50.0,3.0,,,0 days 00:00:21.349000,0 days 00:00:43.926000,0 days 00:00:18.437000,0 days 02:52:37.127000,0 days 02:53:21.053000,0 days 02:53:39.490000,301.0,223.0,300.0,255.0,False,INTERMEDIATE,18.0,True,Aston Martin,0 days 02:52:15.720000,,1,15.0,,,False,True
0 days 02:55:02.916000,ALO,14,0 days 00:01:23.484000,51.0,3.0,,,0 days 00:00:21.290000,0 days 00:00:44.027000,0 days 00:00:18.167000,0 days 02:54:00.780000,0 days 02:54:44.807000,0 days 02:55:02.974000,302.0,221.0,302.0,252.0,False,INTERMEDIATE,19.0,True,Aston Martin,0 days 02:53:39.432000,,12,15.0,,,False,True
0 days 02:56:25.994000,ALO,14,0 days 00:01:23.078000,52.0,3.0,,,0 days 00:00:21.309000,0 days 00:00:43.575000,0 days 00:00:18.194000,0 days 02:55:24.283000,0 days 02:56:07.858000,0 days 02:56:26.052000,300.0,225.0,301.0,242.0,True,INTERMEDIATE,20.0,True,Aston Martin,0 days 02:55:02.916000,,1,15.0,,,False,True
0 days 02:57:49.259000,ALO,14,0 days 00:01:23.265000,53.0,3.0,,,0 days 00:00:21.216000,0 days 00:00:43.917000,0 days 00:00:18.132000,0 days 02:56:47.268000,0 days 02:57:31.185000,0 days 02:57:49.317000,302.0,223.0,302.0,250.0,False,INTERMEDIATE,21.0,True,Aston Martin,0 days 02:56:25.994000,,1,15.0,,,False,True
0 days 02:59:12.050000,ALO,14,0 days 00:01:22.791000,54.0,3.0,,,0 days 00:00:21.047000,0 days 00:00:43.691000,0 days 00:00:18.053000,0 days 02:58:10.364000,0 days 02:58:54.055000,0 days 02:59:12.108000,302.0,226.0,305.0,257.0,True,INTERMEDIATE,22.0,True,Aston Martin,0 days 02:57:49.259000,,1,15.0,,,False,True
0 days 03:00:35.733000,ALO,14,0 days 00:01:23.683000,55.0,3.0,,,0 days 00:00:21.243000,0 days 00:00:44.224000,0 days 00:00:18.216000,0 days 02:59:33.351000,0 days 03:00:17.575000,0 days 03:00:35.791000,305.0,227.0,308.0,249.0,False,INTERMEDIATE,23.0,True,Aston Martin,0 days 02:59:12.050000,,1,15.0,,,False,True
0 days 03:02:00.453000,ALO,14,0 days 00:01:24.720000,56.0,3.0,,,0 days 00:00:21.706000,0 days 00:00:44.722000,0 days 00:00:18.292000,0 days 03:00:57.497000,0 days 03:01:42.219000,0 days 03:02:00.511000,300.0,226.0,308.0,250.0,False,INTERMEDIATE,24.0,True,Aston Martin,0 days 03:00:35.733000,,1,15.0,,,False,True
0 days 03:03:24.628000,ALO,14,0 days 00:01:24.175000,57.0,3.0,,,0 days 00:00:21.386000,0 days 00:00:44.660000,0 days 00:00:18.129000,0 days 03:02:21.897000,0 days 03:03:06.557000,0 days 03:03:24.686000,302.0,226.0,309.0,235.0,False,INTERMEDIATE,25.0,True,Aston Martin,0 days 03:02:00.453000,,1,15.0,,,False,True
0 days 03:04:47.596000,ALO,14,0 days 00:01:22.968000,58.0,3.0,,,0 days 00:00:21.378000,0 days 00:00:43.592000,0 days 00:00:17.998000,0 days 03:03:46.064000,0 days 03:04:29.656000,0 days 03:04:47.654000,301.0,228.0,303.0,258.0,False,INTERMEDIATE,26.0,True,Aston Martin,0 days 03:03:24.628000,,1,14.0,,,False,True
0 days 03:06:09.889000,ALO,14,0 days 00:01:22.293000,59.0,3.0,,,0 days 00:00:21.090000,0 days 00:00:43.241000,0 days 00:00:17.962000,0 days 03:05:08.744000,0 days 03:05:51.985000,0 days 03:06:09.947000,301.0,232.0,303.0,263.0,True,INTERMEDIATE,27.0,True,Aston Martin,0 days 03:04:47.596000,,1,14.0,,,False,True
0 days 03:07:34.715000,ALO,14,0 days 00:01:24.826000,60.0,3.0,,,0 days 00:00:22.479000,0 days 00:00:44.298000,0 days 00:00:18.049000,0 days 03:06:32.426000,0 days 03:07:16.724000,0 days 03:07:34.773000,286.0,219.0,304.0,288.0,False,INTERMEDIATE,28.0,True,Aston Martin,0 days 03:06:09.889000,,1,14.0,,,False,True
0 days 03:08:57.425000,ALO,14,0 days 00:01:22.710000,61.0,3.0,,,0 days 00:00:21.100000,0 days 00:00:43.600000,0 days 00:00:18.010000,0 days 03:07:55.873000,0 days 03:08:39.473000,0 days 03:08:57.483000,298.0,217.0,302.0,253.0,False,INTERMEDIATE,29.0,True,Aston Martin,0 days 03:07:34.715000,,1,14.0,,,False,True
0 days 03:10:20.812000,ALO,14,0 days 00:01:23.387000,62.0,3.0,,,0 days 00:00:21.343000,0 days 00:00:44.057000,0 days 00:00:17.987000,0 days 03:09:18.826000,0 days 03:10:02.883000,0 days 03:10:20.870000,299.0,218.0,303.0,254.0,False,INTERMEDIATE,30.0,True,Aston Martin,0 days 03:08:57.425000,,1,14.0,,,False,True
0 days 03:11:44.743000,ALO,14,0 days 00:01:23.931000,63.0,3.0,,,0 days 00:00:22.137000,0 days 00:00:43.683000,0 days 00:00:18.111000,0 days 03:10:43.007000,0 days 03:11:26.690000,0 days 03:11:44.801000,292.0,213.0,302.0,257.0,False,INTERMEDIATE,31.0,True,Aston Martin,0 days 03:10:20.812000,,1,14.0,,,False,True
0 days 03:13:08.056000,ALO,14,0 days 00:01:23.313000,64.0,3.0,,,0 days 00:00:21.328000,0 days 00:00:44.036000,0 days 00:00:17.949000,0 days 03:12:06.129000,0 days 03:12:50.165000,0 days 03:13:08.114000,296.0,223.0,304.0,250.0,False,INTERMEDIATE,32.0,True,Aston Martin,0 days 03:11:44.743000,,1,14.0,,,False,True
0 days 03:14:31.732000,ALO,14,0 days 00:01:23.676000,65.0,3.0,,,0 days 00:00:22.178000,0 days 00:00:43.469000,0 days 00:00:18.029000,0 days 03:13:30.292000,0 days 03:14:13.761000,0 days 03:14:31.790000,297.0,225.0,303.0,254.0,False,INTERMEDIATE,33.0,True,Aston Martin,0 days 03:13:08.056000,,1,14.0,,,False,True
0 days 03:15:55.351000,ALO,14,0 days 00:01:23.619000,66.0,3.0,,,0 days 00:00:21.566000,0 days 00:00:43.981000,0 days 00:00:18.072000,0 days 03:14:53.356000,0 days 03:15:37.337000,0 days 03:15:55.409000,296.0,215.0,305.0,244.0,False,INTERMEDIATE,34.0,True,Aston Martin,0 days 03:14:31.732000,,1,14.0,,,False,True
0 days 03:17:19.826000,ALO,14,0 days 00:01:24.475000,67.0,3.0,,,0 days 00:00:21.744000,0 days 00:00:44.283000,0 days 00:00:18.448000,0 days 03:16:17.153000,0 days 03:17:01.436000,0 days 03:17:19.884000,291.0,214.0,303.0,252.0,False,INTERMEDIATE,35.0,True,Aston Martin,0 days 03:15:55.351000,,1,14.0,,,False,True
0 days 03:18:43.543000,ALO,14,0 days 00:01:23.717000,68.0,3.0,,,0 days 00:00:21.707000,0 days 00:00:43.779000,0 days 00:00:18.231000,0 days 03:17:41.591000,0 days 03:18:25.370000,0 days 03:18:43.601000,292.0,217.0,303.0,255.0,False,INTERMEDIATE,36.0,True,Aston Martin,0 days 03:17:19.826000,,1,14.0,,,False,True
0 days 03:20:07.462000,ALO,14,0 days 00:01:23.919000,69.0,3.0,,,0 days 00:00:21.770000,0 days 00:00:43.943000,0 days 00:00:18.206000,0 days 03:19:05.371000,0 days 03:19:49.314000,0 days 03:20:07.520000,274.0,212.0,281.0,234.0,False,INTERMEDIATE,37.0,True,Aston Martin,0 days 03:18:43.543000,,1,14.0,,,False,True
0 days 01:13:30.014000,LEC,16,0 days 00:01:34.968000,1.0,1.0,,,,0 days 00:00:47.029000,0 days 00:00:18.609000,,0 days 01:13:11.444000,0 days 01:13:30.101000,269.0,214.0,305.0,192.0,False,INTERMEDIATE,3.0,False,Ferrari,0 days 01:11:54.770000,,12,5.0,,,False,False
0 days 01:14:56.535000,LEC,16,0 days 00:01:26.521000,2.0,1.0,,,0 days 00:00:22.177000,0 days 00:00:45.952000,0 days 00:00:18.392000,0 days 01:13:52.215000,0 days 01:14:38.167000,0 days 01:14:56.559000,294.0,218.0,307.0,230.0,True,INTERMEDIATE,4.0,False,Ferrari,0 days 01:13:30.014000,,1,5.0,,,False,True
0 days 01:16:22.740000,LEC,16,0 days 00:01:26.205000,3.0,1.0,,,0 days 00:00:21.863000,0 days 00:00:45.787000,0 days 00:00:18.555000,0 days 01:15:18.422000,0 days 01:16:04.209000,0 days 01:16:22.764000,291.0,218.0,306.0,238.0,True,INTERMEDIATE,5.0,False,Ferrari,0 days 01:14:56.535000,,1,5.0,,,False,True
0 days 01:17:48.905000,LEC,16,0 days 00:01:26.165000,4.0,1.0,,,0 days 00:00:22.299000,0 days 00:00:45.427000,0 days 00:00:18.439000,0 days 01:16:45.063000,0 days 01:17:30.490000,0 days 01:17:48.929000,297.0,218.0,305.0,236.0,True,INTERMEDIATE,6.0,False,Ferrari,0 days 01:16:22.740000,,12,5.0,,,False,True
0 days 01:19:13.923000,LEC,16,0 days 00:01:25.018000,5.0,1.0,,,0 days 00:00:21.792000,0 days 00:00:44.993000,0 days 00:00:18.233000,0 days 01:18:10.721000,0 days 01:18:55.714000,0 days 01:19:13.947000,300.0,226.0,308.0,239.0,True,INTERMEDIATE,7.0,False,Ferrari,0 days 01:17:48.905000,,1,5.0,,,False,True
0 days 01:20:39.010000,LEC,16,0 days 00:01:25.087000,6.0,1.0,,,0 days 00:00:21.791000,0 days 00:00:44.975000,0 days 00:00:18.321000,0 days 01:19:35.738000,0 days 01:20:20.713000,0 days 01:20:39.034000,300.0,222.0,306.0,236.0,False,INTERMEDIATE,8.0,False,Ferrari,0 days 01:19:13.923000,,1,5.0,,,False,True
0 days 01:22:04.363000,LEC,16,0 days 00:01:25.353000,7.0,1.0,,,0 days 00:00:22.059000,0 days 00:00:45.074000,0 days 00:00:18.220000,0 days 01:21:01.093000,0 days 01:21:46.167000,0 days 01:22:04.387000,300.0,220.0,307.0,237.0,False,INTERMEDIATE,9.0,False,Ferrari,0 days 01:20:39.010000,,1,5.0,,,False,True
0 days 01:23:29.439000,LEC,16,0 days 00:01:25.076000,8.0,1.0,,,0 days 00:00:21.728000,0 days 00:00:45.139000,0 days 00:00:18.209000,0 days 01:22:26.115000,0 days 01:23:11.254000,0 days 01:23:29.463000,301.0,224.0,306.0,264.0,False,INTERMEDIATE,10.0,False,Ferrari,0 days 01:22:04.363000,,1,5.0,,,False,True
0 days 01:24:54.113000,LEC,16,0 days 00:01:24.674000,9.0,1.0,,,0 days 00:00:21.511000,0 days 00:00:44.912000,0 days 00:00:18.251000,0 days 01:23:50.974000,0 days 01:24:35.886000,0 days 01:24:54.137000,301.0,225.0,306.0,256.0,True,INTERMEDIATE,11.0,False,Ferrari,0 days 01:23:29.439000,,1,5.0,,,False,True
0 days 01:26:18.785000,LEC,16,0 days 00:01:24.672000,10.0,1.0,,,0 days 00:00:21.560000,0 days 00:00:44.926000,0 days 00:00:18.186000,0 days 01:25:15.697000,0 days 01:26:00.623000,0 days 01:26:18.809000,302.0,224.0,309.0,251.0,True,INTERMEDIATE,12.0,False,Ferrari,0 days 01:24:54.113000,,1,5.0,,,False,True
0 days 01:27:43.217000,LEC,16,0 days 00:01:24.432000,11.0,1.0,,,0 days 00:00:21.402000,0 days 00:00:44.795000,0 days 00:00:18.235000,0 days 01:26:40.211000,0 days 01:27:25.006000,0 days 01:27:43.241000,303.0,228.0,311.0,258.0,True,INTERMEDIATE,13.0,False,Ferrari,0 days 01:26:18.785000,,12,5.0,,,False,True
0 days 01:29:07.972000,LEC,16,0 days 00:01:24.755000,12.0,1.0,,,0 days 00:00:21.684000,0 days 00:00:44.844000,0 days 00:00:18.227000,0 days 01:28:04.925000,0 days 01:28:49.769000,0 days 01:29:07.996000,303.0,230.0,308.0,247.0,False,INTERMEDIATE,14.0,False,Ferrari,0 days 01:27:43.217000,,21,5.0,,,False,True
0 days 01:30:32.915000,LEC,16,0 days 00:01:24.943000,13.0,1.0,,,0 days 00:00:21.440000,0 days 00:00:45.248000,0 days 00:00:18.255000,0 days 01:29:29.436000,0 days 01:30:14.684000,0 days 01:30:32.939000,303.0,222.0,308.0,251.0,False,INTERMEDIATE,15.0,False,Ferrari,0 days 01:29:07.972000,,1,5.0,,,False,True
0 days 01:31:57.863000,LEC,16,0 days 00:01:24.948000,14.0,1.0,,,0 days 00:00:21.596000,0 days 00:00:45.211000,0 days 00:00:18.141000,0 days 01:30:54.535000,0 days 01:31:39.746000,0 days 01:31:57.887000,300.0,228.0,308.0,249.0,False,INTERMEDIATE,16.0,False,Ferrari,0 days 01:30:32.915000,,1,5.0,,,False,True
0 days 01:33:22.515000,LEC,16,0 days 00:01:24.652000,15.0,1.0,,,0 days 00:00:21.559000,0 days 00:00:44.958000,0 days 00:00:18.135000,0 days 01:32:19.446000,0 days 01:33:04.404000,0 days 01:33:22.539000,302.0,225.0,312.0,247.0,False,INTERMEDIATE,17.0,False,Ferrari,0 days 01:31:57.863000,,1,5.0,,,False,True
0 days 01:34:47.764000,LEC,16,0 days 00:01:25.249000,16.0,1.0,,,0 days 00:00:22.156000,0 days 00:00:45.019000,0 days 00:00:18.074000,0 days 01:33:44.695000,0 days 01:34:29.714000,0 days 01:34:47.788000,301.0,228.0,310.0,267.0,False,INTERMEDIATE,18.0,False,Ferrari,0 days 01:33:22.515000,,1,5.0,,,False,True
0 days 01:36:12.035000,LEC,16,0 days 00:01:24.271000,17.0,1.0,,,0 days 00:00:21.483000,0 days 00:00:44.675000,0 days 00:00:18.113000,0 days 01:35:09.271000,0 days 01:35:53.946000,0 days 01:36:12.059000,305.0,231.0,311.0,252.0,True,INTERMEDIATE,19.0,False,Ferrari,0 days 01:34:47.764000,,1,5.0,,,False,True
0 days 01:37:36.386000,LEC,16,0 days 00:01:24.351000,18.0,1.0,,,0 days 00:00:21.559000,0 days 00:00:44.727000,0 days 00:00:18.065000,0 days 01:36:33.618000,0 days 01:37:18.345000,0 days 01:37:36.410000,302.0,225.0,311.0,251.0,False,INTERMEDIATE,20.0,False,Ferrari,0 days 01:36:12.035000,,1,5.0,,,False,True
0 days 01:39:00.629000,LEC,16,0 days 00:01:24.243000,19.0,1.0,,,0 days 00:00:21.662000,0 days 00:00:44.540000,0 days 00:00:18.041000,0 days 01:37:58.072000,0 days 01:38:42.612000,0 days 01:39:00.653000,303.0,230.0,309.0,249.0,True,INTERMEDIATE,21.0,False,Ferrari,0 days 01:37:36.386000,,1,5.0,,,False,True
0 days 01:40:24.860000,LEC,16,0 days 00:01:24.231000,20.0,1.0,,,0 days 00:00:21.569000,0 days 00:00:44.604000,0 days 00:00:18.058000,0 days 01:39:22.222000,0 days 01:40:06.826000,0 days 01:40:24.884000,303.0,227.0,311.0,250.0,True,INTERMEDIATE,22.0,False,Ferrari,0 days 01:39:00.629000,,1,5.0,,,False,True
0 days 01:41:49.662000,LEC,16,0 days 00:01:24.802000,21.0,1.0,,,0 days 00:00:21.692000,0 days 00:00:44.367000,0 days 00:00:18.743000,0 days 01:40:46.576000,0 days 01:41:30.943000,0 days 01:41:49.686000,305.0,231.0,305.0,256.0,False,INTERMEDIATE,23.0,False,Ferrari,0 days 01:40:24.860000,,1,5.0,,,False,True
0 days 01:43:13.971000,LEC,16,0 days 00:01:24.309000,22.0,1.0,,,0 days 00:00:21.722000,0 days 00:00:44.568000,0 days 00:00:18.019000,0 days 01:42:11.408000,0 days 01:42:55.976000,0 days 01:43:13.995000,303.0,228.0,307.0,262.0,False,INTERMEDIATE,24.0,False,Ferrari,0 days 01:41:49.662000,,1,5.0,,,False,True
0 days 01:44:38.108000,LEC,16,0 days 00:01:24.137000,23.0,1.0,,,0 days 00:00:21.515000,0 days 00:00:44.488000,0 days 00:00:18.134000,0 days 01:43:35.510000,0 days 01:44:19.998000,0 days 01:44:38.132000,302.0,229.0,309.0,252.0,True,INTERMEDIATE,25.0,False,Ferrari,0 days 01:43:13.971000,,1,5.0,,,False,True
0 days 01:46:07.105000,LEC,16,0 days 00:01:28.997000,24.0,1.0,,0 days 01:46:04.229000,0 days 00:00:21.672000,0 days 00:00:44.786000,0 days 00:00:22.539000,0 days 01:44:59.804000,0 days 01:45:44.590000,0 days 01:46:07.129000,303.0,227.0,,270.0,False,INTERMEDIATE,26.0,False,Ferrari,0 days 01:44:38.108000,,1,6.0,,,False,False
0 days 01:47:52.187000,LEC,16,0 days 00:01:45.082000,25.0,2.0,0 days 01:46:28.829000,,0 days 00:00:40.452000,0 days 00:00:46.209000,0 days 00:00:18.421000,0 days 01:46:47.581000,0 days 01:47:33.790000,0 days 01:47:52.211000,289.0,218.0,306.0,270.0,False,INTERMEDIATE,4.0,False,Ferrari,0 days 01:46:07.105000,,12,13.0,,,False,False
0 days 01:49:16.666000,LEC,16,0 days 00:01:24.479000,26.0,2.0,,,0 days 00:00:21.397000,0 days 00:00:44.596000,0 days 00:00:18.486000,0 days 01:48:13.608000,0 days 01:48:58.204000,0 days 01:49:16.690000,302.0,221.0,306.0,256.0,False,INTERMEDIATE,5.0,False,Ferrari,0 days 01:47:52.187000,,1,12.0,,,False,True
0 days 01:50:51.940000,LEC,16,0 days 00:01:35.274000,27.0,2.0,,,0 days 00:00:21.918000,0 days 00:00:48.692000,0 days 00:00:24.664000,0 days 01:49:38.608000,0 days 01:50:27.300000,0 days 01:50:51.964000,298.0,97.0,201.0,238.0,False,INTERMEDIATE,6.0,False,Ferrari,0 days 01:49:16.666000,,126,10.0,,,False,False
0 days 01:52:38.461000,LEC,16,0 days 00:01:46.521000,28.0,2.0,,,0 days 00:00:28.142000,0 days 00:00:56.038000,0 days 00:00:22.341000,0 days 01:51:20.106000,0 days 01:52:16.144000,0 days 01:52:38.485000,239.0,185.0,269.0,190.0,False,INTERMEDIATE,7.0,False,Ferrari,0 days 01:50:51.940000,,671,8.0,,,False,False
0 days 01:54:17.831000,LEC,16,0 days 00:01:39.370000,29.0,2.0,,,0 days 00:00:24.691000,0 days 00:00:52.837000,0 days 00:00:21.842000,0 days 01:53:03.176000,0 days 01:53:56.013000,0 days 01:54:17.855000,250.0,179.0,256.0,224.0,False,INTERMEDIATE,8.0,False,Ferrari,0 days 01:52:38.461000,,1,7.0,,,False,True
0 days 01:56:13.838000,LEC,16,0 days 00:01:56.007000,30.0,2.0,,,0 days 00:00:29.421000,0 days 00:01:01.238000,0 days 00:00:25.348000,0 days 01:54:47.276000,0 days 01:55:48.514000,0 days 01:56:13.862000,252.0,168.0,178.0,209.0,False,INTERMEDIATE,9.0,False,Ferrari,0 days 01:54:17.831000,,14,7.0,,,False,False
0 days 01:58:14.795000,LEC,16,0 days 00:02:00.957000,31.0,2.0,,,0 days 00:00:33.605000,0 days 00:00:59.851000,0 days 00:00:27.501000,0 days 01:56:47.467000,0 days 01:57:47.318000,0 days 01:58:14.819000,180.0,153.0,205.0,165.0,False,INTERMEDIATE,10.0,False,Ferrari,0 days 01:56:13.838000,,4,7.0,,,False,False
0 days 02:00:58.617000,LEC,16,,32.0,2.0,,0 days 02:00:53.387000,0 days 00:00:35.820000,0 days 00:01:08.640000,0 days 00:00:59.265000,0 days 01:58:50.766000,0 days 01:59:59.376000,0 days 02:00:58.790000,160.0,107.0,,145.0,False,INTERMEDIATE,11.0,False,Ferrari,0 days 01:58:14.795000,,45,7.0,,,False,False
0 days 02:26:39.762000,LEC,16,,33.0,3.0,0 days 02:24:33.679000,,,0 days 00:00:57.893000,0 days 00:00:42.197000,,0 days 02:25:57.873000,0 days 02:26:39.996000,238.0,81.0,233.0,145.0,False,INTERMEDIATE,4.0,False,Ferrari,0 days 02:23:57.645000,,12,7.0,,,False,False
0 days 02:28:16.860000,LEC,16,0 days 00:01:37.098000,34.0,3.0,,,0 days 00:00:26.170000,0 days 00:00:51.205000,0 days 00:00:19.723000,0 days 02:27:05.956000,0 days 02:27:57.161000,0 days 02:28:16.884000,231.0,196.0,292.0,203.0,False,INTERMEDIATE,5.0,False,Ferrari,0 days 02:26:39.762000,,1,6.0,,,False,True
0 days 02:29:46.006000,LEC,16,0 days 00:01:29.146000,35.0,3.0,,,0 days 00:00:23.149000,0 days 00:00:47.069000,0 days 00:00:18.928000,0 days 02:28:40.033000,0 days 02:29:27.102000,0 days 02:29:46.030000,266.0,201.0,299.0,240.0,False,INTERMEDIATE,6.0,False,Ferrari,0 days 02:28:16.860000,,1,6.0,,,False,True
0 days 02:31:13.473000,LEC,16,0 days 00:01:27.467000,36.0,3.0,,,0 days 00:00:22.704000,0 days 00:00:46.237000,0 days 00:00:18.526000,0 days 02:30:08.734000,0 days 02:30:54.971000,0 days 02:31:13.497000,268.0,217.0,302.0,238.0,False,INTERMEDIATE,7.0,False,Ferrari,0 days 02:29:46.006000,,12,6.0,,,False,True
0 days 02:32:39.528000,LEC,16,0 days 00:01:26.055000,37.0,3.0,,,0 days 00:00:22.459000,0 days 00:00:45.244000,0 days 00:00:18.352000,0 days 02:31:35.956000,0 days 02:32:21.200000,0 days 02:32:39.552000,297.0,217.0,303.0,242.0,False,INTERMEDIATE,8.0,False,Ferrari,0 days 02:31:13.473000,,1,6.0,,,False,True
0 days 02:34:04.408000,LEC,16,0 days 00:01:24.880000,38.0,3.0,,,0 days 00:00:21.686000,0 days 00:00:44.902000,0 days 00:00:18.292000,0 days 02:33:01.238000,0 days 02:33:46.140000,0 days 02:34:04.432000,296.0,226.0,304.0,258.0,False,INTERMEDIATE,9.0,False,Ferrari,0 days 02:32:39.528000,,12,6.0,,,False,True
0 days 02:35:40.254000,LEC,16,0 days 00:01:35.846000,39.0,3.0,,,0 days 00:00:21.848000,0 days 00:00:44.320000,0 days 00:00:29.678000,0 days 02:34:26.280000,0 days 02:35:10.600000,0 days 02:35:40.278000,300.0,230.0,215.0,245.0,False,INTERMEDIATE,10.0,False,Ferrari,0 days 02:34:04.408000,,124,6.0,,,False,False
0 days 02:37:35.882000,LEC,16,0 days 00:01:55.628000,40.0,3.0,,,0 days 00:00:27.687000,0 days 00:00:58.890000,0 days 00:00:29.051000,0 days 02:36:07.965000,0 days 02:37:06.855000,0 days 02:37:35.906000,262.0,199.0,237.0,212.0,False,INTERMEDIATE,11.0,False,Ferrari,0 days 02:35:40.254000,,4,6.0,,,False,False
0 days 02:39:41.486000,LEC,16,0 days 00:02:05.604000,41.0,3.0,,,0 days 00:00:31.405000,0 days 00:01:03.083000,0 days 00:00:31.116000,0 days 02:38:07.311000,0 days 02:39:10.394000,0 days 02:39:41.510000,237.0,158.0,251.0,154.0,False,INTERMEDIATE,12.0,False,Ferrari,0 days 02:37:35.882000,,4,6.0,,,False,False
0 days 02:41:55.769000,LEC,16,0 days 00:02:14.283000,42.0,3.0,,,0 days 00:00:28.528000,0 days 00:01:07.352000,0 days 00:00:38.403000,0 days 02:40:10.038000,0 days 02:41:17.390000,0 days 02:41:55.793000,155.0,74.0,283.0,233.0,False,INTERMEDIATE,13.0,False,Ferrari,0 days 02:39:41.486000,,41,6.0,,,False,False
0 days 02:43:24.566000,LEC,16,0 days 00:01:28.797000,43.0,3.0,,,0 days 00:00:23.331000,0 days 00:00:47.043000,0 days 00:00:18.423000,0 days 02:42:19.124000,0 days 02:43:06.167000,0 days 02:43:24.590000,287.0,221.0,303.0,248.0,False,INTERMEDIATE,14.0,False,Ferrari,0 days 02:41:55.769000,,12,4.0,,,False,True
0 days 02:44:49.761000,LEC,16,0 days 00:01:25.195000,44.0,3.0,,,0 days 00:00:22.053000,0 days 00:00:44.914000,0 days 00:00:18.228000,0 days 02:43:46.643000,0 days 02:44:31.557000,0 days 02:44:49.785000,298.0,221.0,303.0,241.0,False,INTERMEDIATE,15.0,False,Ferrari,0 days 02:43:24.566000,,21,4.0,,,False,True
0 days 02:46:14.151000,LEC,16,0 days 00:01:24.390000,45.0,3.0,,,0 days 00:00:21.811000,0 days 00:00:44.448000,0 days 00:00:18.131000,0 days 02:45:11.596000,0 days 02:45:56.044000,0 days 02:46:14.175000,299.0,226.0,301.0,246.0,False,INTERMEDIATE,16.0,False,Ferrari,0 days 02:44:49.761000,,1,4.0,,,False,True
0 days 02:47:41.183000,LEC,16,0 days 00:01:27.032000,46.0,3.0,,,0 days 00:00:21.411000,0 days 00:00:47.510000,0 days 00:00:18.111000,0 days 02:46:35.586000,0 days 02:47:23.096000,0 days 02:47:41.207000,300.0,222.0,305.0,263.0,False,INTERMEDIATE,17.0,False,Ferrari,0 days 02:46:14.151000,,1,5.0,,,False,True
0 days 02:49:05.328000,LEC,16,0 days 00:01:24.145000,47.0,3.0,,,0 days 00:00:21.756000,0 days 00:00:44.381000,0 days 00:00:18.008000,0 days 02:48:02.963000,0 days 02:48:47.344000,0 days 02:49:05.352000,300.0,231.0,305.0,247.0,False,INTERMEDIATE,18.0,False,Ferrari,0 days 02:47:41.183000,,1,5.0,,,False,True
0 days 02:50:28.864000,LEC,16,0 days 00:01:23.536000,48.0,3.0,,,0 days 00:00:21.474000,0 days 00:00:44.045000,0 days 00:00:18.017000,0 days 02:49:26.826000,0 days 02:50:10.871000,0 days 02:50:28.888000,300.0,232.0,303.0,261.0,True,INTERMEDIATE,19.0,False,Ferrari,0 days 02:49:05.328000,,1,5.0,,,False,True
0 days 02:51:52.188000,LEC,16,0 days 00:01:23.324000,49.0,3.0,,,0 days 00:00:21.312000,0 days 00:00:44.051000,0 days 00:00:17.961000,0 days 02:50:50.200000,0 days 02:51:34.251000,0 days 02:51:52.212000,302.0,231.0,304.0,263.0,True,INTERMEDIATE,20.0,False,Ferrari,0 days 02:50:28.864000,,1,5.0,,,False,True
0 days 02:53:15.908000,LEC,16,0 days 00:01:23.720000,50.0,3.0,,,0 days 00:00:21.373000,0 days 00:00:44.306000,0 days 00:00:18.041000,0 days 02:52:13.585000,0 days 02:52:57.891000,0 days 02:53:15.932000,302.0,233.0,304.0,261.0,False,INTERMEDIATE,21.0,False,Ferrari,0 days 02:51:52.188000,,1,5.0,,,False,True
0 days 02:54:39.408000,LEC,16,0 days 00:01:23.500000,51.0,3.0,,,0 days 00:00:21.451000,0 days 00:00:44.061000,0 days 00:00:17.988000,0 days 02:53:37.383000,0 days 02:54:21.444000,0 days 02:54:39.432000,302.0,235.0,304.0,268.0,False,INTERMEDIATE,22.0,False,Ferrari,0 days 02:53:15.908000,,12,5.0,,,False,True
0 days 02:56:02.550000,LEC,16,0 days 00:01:23.142000,52.0,3.0,,,0 days 00:00:21.400000,0 days 00:00:43.596000,0 days 00:00:18.146000,0 days 02:55:00.832000,0 days 02:55:44.428000,0 days 02:56:02.574000,303.0,237.0,303.0,257.0,True,INTERMEDIATE,23.0,False,Ferrari,0 days 02:54:39.408000,,1,5.0,,,False,True
0 days 02:57:25.668000,LEC,16,0 days 00:01:23.118000,53.0,3.0,,,0 days 00:00:21.163000,0 days 00:00:43.714000,0 days 00:00:18.241000,0 days 02:56:23.737000,0 days 02:57:07.451000,0 days 02:57:25.692000,303.0,232.0,303.0,262.0,True,INTERMEDIATE,24.0,False,Ferrari,0 days 02:56:02.550000,,1,5.0,,,False,True
0 days 02:58:48.625000,LEC,16,0 days 00:01:22.957000,54.0,3.0,,,0 days 00:00:21.275000,0 days 00:00:43.600000,0 days 00:00:18.082000,0 days 02:57:46.967000,0 days 02:58:30.567000,0 days 02:58:48.649000,303.0,235.0,305.0,265.0,True,INTERMEDIATE,25.0,False,Ferrari,0 days 02:57:25.668000,,1,5.0,,,False,True
0 days 03:00:11.332000,LEC,16,0 days 00:01:22.707000,55.0,3.0,,,0 days 00:00:21.051000,0 days 00:00:43.611000,0 days 00:00:18.045000,0 days 02:59:09.700000,0 days 02:59:53.311000,0 days 03:00:11.356000,303.0,232.0,305.0,278.0,True,INTERMEDIATE,26.0,False,Ferrari,0 days 02:58:48.625000,,1,5.0,,,False,True
0 days 03:01:34.060000,LEC,16,0 days 00:01:22.728000,56.0,3.0,,,0 days 00:00:21.064000,0 days 00:00:43.671000,0 days 00:00:17.993000,0 days 03:00:32.420000,0 days 03:01:16.091000,0 days 03:01:34.084000,303.0,235.0,304.0,274.0,False,INTERMEDIATE,27.0,False,Ferrari,0 days 03:00:11.332000,,1,5.0,,,False,True
0 days 03:02:56.572000,LEC,16,0 days 00:01:22.512000,57.0,3.0,,,0 days 00:00:21.071000,0 days 00:00:43.454000,0 days 00:00:17.987000,0 days 03:01:55.155000,0 days 03:02:38.609000,0 days 03:02:56.596000,304.0,233.0,304.0,272.0,True,INTERMEDIATE,28.0,False,Ferrari,0 days 03:01:34.060000,,1,5.0,,,False,True
0 days 03:04:18.589000,LEC,16,0 days 00:01:22.017000,58.0,3.0,,,0 days 00:00:21.069000,0 days 00:00:43.097000,0 days 00:00:17.851000,0 days 03:03:17.665000,0 days 03:04:00.762000,0 days 03:04:18.613000,303.0,240.0,306.0,275.0,True,INTERMEDIATE,29.0,False,Ferrari,0 days 03:02:56.572000,,1,5.0,,,False,True
0 days 03:05:40.482000,LEC,16,0 days 00:01:21.893000,59.0,3.0,,,0 days 00:00:20.870000,0 days 00:00:43.158000,0 days 00:00:17.865000,0 days 03:04:39.483000,0 days 03:05:22.641000,0 days 03:05:40.506000,303.0,235.0,305.0,277.0,True,INTERMEDIATE,30.0,False,Ferrari,0 days 03:04:18.589000,,1,5.0,,,False,True
0 days 03:07:02.113000,LEC,16,0 days 00:01:21.631000,60.0,3.0,,,0 days 00:00:20.831000,0 days 00:00:43.002000,0 days 00:00:17.798000,0 days 03:06:01.337000,0 days 03:06:44.339000,0 days 03:07:02.137000,304.0,236.0,306.0,294.0,True,INTERMEDIATE,31.0,False,Ferrari,0 days 03:05:40.482000,,1,5.0,,,False,True
0 days 03:08:24.023000,LEC,16,0 days 00:01:21.910000,61.0,3.0,,,0 days 00:00:20.861000,0 days 00:00:43.217000,0 days 00:00:17.832000,0 days 03:07:22.998000,0 days 03:08:06.215000,0 days 03:08:24.047000,304.0,235.0,306.0,285.0,False,INTERMEDIATE,32.0,False,Ferrari,0 days 03:07:02.113000,,1,5.0,,,False,True
0 days 03:09:45.812000,LEC,16,0 days 00:01:21.789000,62.0,3.0,,,0 days 00:00:20.779000,0 days 00:00:43.098000,0 days 00:00:17.912000,0 days 03:08:44.826000,0 days 03:09:27.924000,0 days 03:09:45.836000,305.0,237.0,306.0,269.0,False,INTERMEDIATE,33.0,False,Ferrari,0 days 03:08:24.023000,,1,5.0,,,False,True
0 days 03:11:07.487000,LEC,16,0 days 00:01:21.675000,63.0,3.0,,,0 days 00:00:20.728000,0 days 00:00:43.052000,0 days 00:00:17.895000,0 days 03:10:06.564000,0 days 03:10:49.616000,0 days 03:11:07.511000,306.0,239.0,305.0,280.0,False,INTERMEDIATE,34.0,False,Ferrari,0 days 03:09:45.812000,,1,5.0,,,False,True
0 days 03:12:29.169000,LEC,16,0 days 00:01:21.682000,64.0,3.0,,,0 days 00:00:20.818000,0 days 00:00:43.041000,0 days 00:00:17.823000,0 days 03:11:28.329000,0 days 03:12:11.370000,0 days 03:12:29.193000,305.0,235.0,307.0,275.0,False,INTERMEDIATE,35.0,False,Ferrari,0 days 03:11:07.487000,,1,5.0,,,False,True
0 days 03:13:50.921000,LEC,16,0 days 00:01:21.752000,65.0,3.0,,,0 days 00:00:20.867000,0 days 00:00:43.025000,0 days 00:00:17.860000,0 days 03:12:50.060000,0 days 03:13:33.085000,0 days 03:13:50.945000,305.0,235.0,307.0,284.0,False,INTERMEDIATE,36.0,False,Ferrari,0 days 03:12:29.169000,,1,5.0,,,False,True
0 days 03:15:13.052000,LEC,16,0 days 00:01:22.131000,66.0,3.0,,,0 days 00:00:20.743000,0 days 00:00:43.442000,0 days 00:00:17.946000,0 days 03:14:11.688000,0 days 03:14:55.130000,0 days 03:15:13.076000,307.0,233.0,307.0,280.0,False,INTERMEDIATE,37.0,False,Ferrari,0 days 03:13:50.921000,,1,5.0,,,False,True
0 days 03:16:35.025000,LEC,16,0 days 00:01:21.973000,67.0,3.0,,,0 days 00:00:20.906000,0 days 00:00:43.129000,0 days 00:00:17.938000,0 days 03:15:33.982000,0 days 03:16:17.111000,0 days 03:16:35.049000,305.0,234.0,307.0,286.0,False,INTERMEDIATE,38.0,False,Ferrari,0 days 03:15:13.052000,,1,5.0,,,False,True
0 days 03:17:56.689000,LEC,16,0 days 00:01:21.664000,68.0,3.0,,,0 days 00:00:20.703000,0 days 00:00:43.131000,0 days 00:00:17.830000,0 days 03:16:55.752000,0 days 03:17:38.883000,0 days 03:17:56.713000,305.0,236.0,307.0,290.0,False,INTERMEDIATE,39.0,False,Ferrari,0 days 03:16:35.025000,,1,5.0,,,False,True
0 days 03:19:19.683000,LEC,16,0 days 00:01:22.994000,69.0,3.0,,,0 days 00:00:21.186000,0 days 00:00:43.692000,0 days 00:00:18.116000,0 days 03:18:17.899000,0 days 03:19:01.591000,0 days 03:19:19.707000,303.0,228.0,305.0,293.0,False,INTERMEDIATE,40.0,False,Ferrari,0 days 03:17:56.689000,,1,5.0,,,False,True
0 days 01:13:28.795000,TSU,22,0 days 00:01:33.749000,1.0,1.0,,,,0 days 00:00:46.780000,0 days 00:00:18.519000,,0 days 01:13:10.485000,0 days 01:13:28.960000,271.0,206.0,302.0,187.0,False,INTERMEDIATE,4.0,False,RB,0 days 01:11:54.770000,,12,3.0,,,False,False
0 days 01:14:55.146000,TSU,22,0 days 00:01:26.351000,2.0,1.0,,,0 days 00:00:22.026000,0 days 00:00:45.848000,0 days 00:00:18.477000,0 days 01:13:50.830000,0 days 01:14:36.678000,0 days 01:14:55.155000,289.0,212.0,304.0,239.0,True,INTERMEDIATE,5.0,False,RB,0 days 01:13:28.795000,,1,3.0,,,False,True
0 days 01:16:21.164000,TSU,22,0 days 00:01:26.018000,3.0,1.0,,,0 days 00:00:21.692000,0 days 00:00:45.936000,0 days 00:00:18.390000,0 days 01:15:16.847000,0 days 01:16:02.783000,0 days 01:16:21.173000,289.0,214.0,302.0,241.0,True,INTERMEDIATE,6.0,False,RB,0 days 01:14:55.146000,,1,3.0,,,False,True
0 days 01:17:46.589000,TSU,22,0 days 00:01:25.425000,4.0,1.0,,,0 days 00:00:21.728000,0 days 00:00:45.356000,0 days 00:00:18.341000,0 days 01:16:42.901000,0 days 01:17:28.257000,0 days 01:17:46.598000,293.0,219.0,303.0,245.0,True,INTERMEDIATE,7.0,False,RB,0 days 01:16:21.164000,,12,3.0,,,False,True
0 days 01:19:12.018000,TSU,22,0 days 00:01:25.429000,5.0,1.0,,,0 days 00:00:21.661000,0 days 00:00:45.308000,0 days 00:00:18.460000,0 days 01:18:08.259000,0 days 01:18:53.567000,0 days 01:19:12.027000,292.0,216.0,303.0,251.0,False,INTERMEDIATE,8.0,False,RB,0 days 01:17:46.589000,,1,3.0,,,False,True
0 days 01:20:36.921000,TSU,22,0 days 00:01:24.903000,6.0,1.0,,,0 days 00:00:21.531000,0 days 00:00:45.113000,0 days 00:00:18.259000,0 days 01:19:33.558000,0 days 01:20:18.671000,0 days 01:20:36.930000,295.0,218.0,302.0,247.0,True,INTERMEDIATE,9.0,False,RB,0 days 01:19:12.018000,,1,3.0,,,False,True
0 days 01:22:01.945000,TSU,22,0 days 00:01:25.024000,7.0,1.0,,,0 days 00:00:21.599000,0 days 00:00:45.085000,0 days 00:00:18.340000,0 days 01:20:58.529000,0 days 01:21:43.614000,0 days 01:22:01.954000,296.0,219.0,304.0,244.0,False,INTERMEDIATE,10.0,False,RB,0 days 01:20:36.921000,,1,3.0,,,False,True
0 days 01:23:27.225000,TSU,22,0 days 00:01:25.280000,8.0,1.0,,,0 days 00:00:21.697000,0 days 00:00:45.330000,0 days 00:00:18.253000,0 days 01:22:23.651000,0 days 01:23:08.981000,0 days 01:23:27.234000,297.0,218.0,303.0,246.0,False,INTERMEDIATE,11.0,False,RB,0 days 01:22:01.945000,,1,3.0,,,False,True
0 days 01:24:52.057000,TSU,22,0 days 00:01:24.832000,9.0,1.0,,,0 days 00:00:21.400000,0 days 00:00:45.089000,0 days 00:00:18.343000,0 days 01:23:48.634000,0 days 01:24:33.723000,0 days 01:24:52.066000,296.0,220.0,304.0,250.0,True,INTERMEDIATE,12.0,False,RB,0 days 01:23:27.225000,,1,3.0,,,False,True
0 days 01:26:16.649000,TSU,22,0 days 00:01:24.592000,10.0,1.0,,,0 days 00:00:21.341000,0 days 00:00:44.818000,0 days 00:00:18.433000,0 days 01:25:13.407000,0 days 01:25:58.225000,0 days 01:26:16.658000,296.0,221.0,303.0,253.0,True,INTERMEDIATE,13.0,False,RB,0 days 01:24:52.057000,,1,3.0,,,False,True
0 days 01:27:41.602000,TSU,22,0 days 00:01:24.953000,11.0,1.0,,,0 days 00:00:21.472000,0 days 00:00:45.199000,0 days 00:00:18.282000,0 days 01:26:38.130000,0 days 01:27:23.329000,0 days 01:27:41.611000,296.0,218.0,305.0,256.0,False,INTERMEDIATE,14.0,False,RB,0 days 01:26:16.649000,,12,3.0,,,False,True
0 days 01:29:06.479000,TSU,22,0 days 00:01:24.877000,12.0,1.0,,,0 days 00:00:21.477000,0 days 00:00:45.024000,0 days 00:00:18.376000,0 days 01:28:03.088000,0 days 01:28:48.112000,0 days 01:29:06.488000,296.0,216.0,303.0,258.0,False,INTERMEDIATE,15.0,False,RB,0 days 01:27:41.602000,,21,3.0,,,False,True
0 days 01:30:31.651000,TSU,22,0 days 00:01:25.172000,13.0,1.0,,,0 days 00:00:21.417000,0 days 00:00:45.292000,0 days 00:00:18.463000,0 days 01:29:27.905000,0 days 01:30:13.197000,0 days 01:30:31.660000,296.0,216.0,303.0,252.0,False,INTERMEDIATE,16.0,False,RB,0 days 01:29:06.479000,,1,3.0,,,False,True
0 days 01:31:56.478000,TSU,22,0 days 00:01:24.827000,14.0,1.0,,,0 days 00:00:21.437000,0 days 00:00:45.063000,0 days 00:00:18.327000,0 days 01:30:53.097000,0 days 01:31:38.160000,0 days 01:31:56.487000,295.0,218.0,301.0,245.0,False,INTERMEDIATE,17.0,False,RB,0 days 01:30:31.651000,,1,3.0,,,False,True
0 days 01:33:21.113000,TSU,22,0 days 00:01:24.635000,15.0,1.0,,,0 days 00:00:21.485000,0 days 00:00:44.948000,0 days 00:00:18.202000,0 days 01:32:17.972000,0 days 01:33:02.920000,0 days 01:33:21.122000,296.0,217.0,303.0,256.0,False,INTERMEDIATE,18.0,False,RB,0 days 01:31:56.478000,,1,3.0,,,False,True
0 days 01:34:45.875000,TSU,22,0 days 00:01:24.762000,16.0,1.0,,,0 days 00:00:21.428000,0 days 00:00:45.126000,0 days 00:00:18.208000,0 days 01:33:42.550000,0 days 01:34:27.676000,0 days 01:34:45.884000,294.0,217.0,304.0,255.0,False,INTERMEDIATE,19.0,False,RB,0 days 01:33:21.113000,,1,3.0,,,False,True
0 days 01:36:10.599000,TSU,22,0 days 00:01:24.724000,17.0,1.0,,,0 days 00:00:21.504000,0 days 00:00:44.889000,0 days 00:00:18.331000,0 days 01:35:07.388000,0 days 01:35:52.277000,0 days 01:36:10.608000,294.0,221.0,303.0,252.0,False,INTERMEDIATE,20.0,False,RB,0 days 01:34:45.875000,,1,3.0,,,False,True
0 days 01:37:35.146000,TSU,22,0 days 00:01:24.547000,18.0,1.0,,,0 days 00:00:21.556000,0 days 00:00:44.725000,0 days 00:00:18.266000,0 days 01:36:32.164000,0 days 01:37:16.889000,0 days 01:37:35.155000,296.0,222.0,304.0,247.0,True,INTERMEDIATE,21.0,False,RB,0 days 01:36:10.599000,,1,3.0,,,False,True
0 days 01:38:59.421000,TSU,22,0 days 00:01:24.275000,19.0,1.0,,,0 days 00:00:21.472000,0 days 00:00:44.571000,0 days 00:00:18.232000,0 days 01:37:56.627000,0 days 01:38:41.198000,0 days 01:38:59.430000,297.0,223.0,303.0,255.0,True,INTERMEDIATE,22.0,False,RB,0 days 01:37:35.146000,,1,3.0,,,False,True
0 days 01:40:23.584000,TSU,22,0 days 00:01:24.163000,20.0,1.0,,,0 days 00:00:21.449000,0 days 00:00:44.532000,0 days 00:00:18.182000,0 days 01:39:20.879000,0 days 01:40:05.411000,0 days 01:40:23.593000,298.0,224.0,304.0,258.0,True,INTERMEDIATE,23.0,False,RB,0 days 01:38:59.421000,,1,3.0,,,False,True
0 days 01:41:47.763000,TSU,22,0 days 00:01:24.179000,21.0,1.0,,,0 days 00:00:21.396000,0 days 00:00:44.536000,0 days 00:00:18.247000,0 days 01:40:44.989000,0 days 01:41:29.525000,0 days 01:41:47.772000,298.0,224.0,303.0,259.0,False,INTERMEDIATE,24.0,False,RB,0 days 01:40:23.584000,,1,3.0,,,False,True
0 days 01:43:12.153000,TSU,22,0 days 00:01:24.390000,22.0,1.0,,,0 days 00:00:21.404000,0 days 00:00:44.818000,0 days 00:00:18.168000,0 days 01:42:09.176000,0 days 01:42:53.994000,0 days 01:43:12.162000,298.0,222.0,303.0,256.0,False,INTERMEDIATE,25.0,False,RB,0 days 01:41:47.763000,,1,3.0,,,False,True
0 days 01:44:36.696000,TSU,22,0 days 00:01:24.543000,23.0,1.0,,,0 days 00:00:21.456000,0 days 00:00:44.854000,0 days 00:00:18.233000,0 days 01:43:33.618000,0 days 01:44:18.472000,0 days 01:44:36.705000,296.0,218.0,303.0,258.0,False,INTERMEDIATE,26.0,False,RB,0 days 01:43:12.153000,,1,3.0,,,False,True
0 days 01:46:01.313000,TSU,22,0 days 00:01:24.617000,24.0,1.0,,,0 days 00:00:21.574000,0 days 00:00:44.898000,0 days 00:00:18.145000,0 days 01:44:58.279000,0 days 01:45:43.177000,0 days 01:46:01.322000,294.0,219.0,303.0,254.0,False,INTERMEDIATE,27.0,False,RB,0 days 01:44:36.696000,,1,3.0,,,False,True
0 days 01:47:26.223000,TSU,22,0 days 00:01:24.910000,25.0,1.0,,,0 days 00:00:21.495000,0 days 00:00:45.126000,0 days 00:00:18.289000,0 days 01:46:22.817000,0 days 01:47:07.943000,0 days 01:47:26.232000,296.0,208.0,304.0,253.0,False,INTERMEDIATE,28.0,False,RB,0 days 01:46:01.313000,,1,3.0,,,False,True
0 days 01:48:51.647000,TSU,22,0 days 00:01:25.424000,26.0,1.0,,,0 days 00:00:21.703000,0 days 00:00:45.375000,0 days 00:00:18.346000,0 days 01:47:47.935000,0 days 01:48:33.310000,0 days 01:48:51.656000,295.0,213.0,305.0,249.0,False,INTERMEDIATE,29.0,False,RB,0 days 01:47:26.223000,,12,3.0,,,False,True
0 days 01:50:20.480000,TSU,22,0 days 00:01:28.833000,27.0,1.0,,,0 days 00:00:21.937000,0 days 00:00:47.512000,0 days 00:00:19.384000,0 days 01:49:13.593000,0 days 01:50:01.105000,0 days 01:50:20.489000,293.0,192.0,299.0,240.0,False,INTERMEDIATE,30.0,False,RB,0 days 01:48:51.647000,,126,4.0,,,False,False
0 days 01:52:17.514000,TSU,22,0 days 00:01:57.034000,28.0,1.0,,0 days 01:52:14.549000,0 days 00:00:32.636000,0 days 00:00:54.970000,0 days 00:00:29.428000,0 days 01:50:53.125000,0 days 01:51:48.095000,0 days 01:52:17.523000,178.0,153.0,,130.0,False,INTERMEDIATE,31.0,False,RB,0 days 01:50:20.480000,,671,5.0,,,False,False
0 days 01:54:12.927000,TSU,22,0 days 00:01:55.413000,29.0,2.0,0 days 01:52:40.202000,,0 days 00:00:43.826000,0 days 00:00:50.820000,0 days 00:00:20.767000,0 days 01:53:01.349000,0 days 01:53:52.169000,0 days 01:54:12.936000,257.0,182.0,284.0,130.0,False,WET,1.0,True,RB,0 days 01:52:17.514000,,1,6.0,,,False,False
0 days 01:56:07.724000,TSU,22,0 days 00:01:54.797000,30.0,2.0,,,0 days 00:00:26.068000,0 days 00:01:02.228000,0 days 00:00:26.501000,0 days 01:54:39.004000,0 days 01:55:41.232000,0 days 01:56:07.733000,239.0,107.0,181.0,210.0,False,WET,2.0,True,RB,0 days 01:54:12.927000,,14,6.0,,,False,False
0 days 01:58:12.922000,TSU,22,0 days 00:02:05.198000,31.0,2.0,,,0 days 00:00:36.542000,0 days 00:01:00.330000,0 days 00:00:28.326000,0 days 01:56:44.275000,0 days 01:57:44.605000,0 days 01:58:12.931000,161.0,115.0,161.0,141.0,False,WET,3.0,True,RB,0 days 01:56:07.724000,,4,6.0,,,False,False
0 days 02:00:56.044000,TSU,22,,32.0,2.0,,0 days 02:00:50.960000,0 days 00:00:36.143000,0 days 00:01:09.173000,0 days 00:00:57.768000,0 days 01:58:49.112000,0 days 01:59:58.375000,0 days 02:00:56.268000,133.0,101.0,,160.0,False,WET,4.0,True,RB,0 days 01:58:12.922000,,45,6.0,,,False,False
0 days 02:26:39.725000,TSU,22,,33.0,3.0,0 days 02:24:29.975000,,,0 days 00:00:59.675000,0 days 00:00:43.873000,,0 days 02:25:56.034000,0 days 02:26:39.972000,193.0,76.0,224.0,160.0,False,INTERMEDIATE,4.0,False,RB,0 days 02:23:57.645000,,12,6.0,,,False,False
0 days 02:28:19.143000,TSU,22,0 days 00:01:39.418000,34.0,3.0,,,0 days 00:00:27.037000,0 days 00:00:52.331000,0 days 00:00:20.050000,0 days 02:27:06.771000,0 days 02:27:59.102000,0 days 02:28:19.152000,184.0,174.0,292.0,188.0,False,INTERMEDIATE,5.0,False,RB,0 days 02:26:39.725000,,1,8.0,,,False,True
0 days 02:29:51.026000,TSU,22,0 days 00:01:31.883000,35.0,3.0,,,0 days 00:00:24.167000,0 days 00:00:48.765000,0 days 00:00:18.951000,0 days 02:28:43.319000,0 days 02:29:32.084000,0 days 02:29:51.035000,227.0,198.0,300.0,213.0,False,INTERMEDIATE,6.0,False,RB,0 days 02:28:19.143000,,1,8.0,,,False,True
0 days 02:31:20.088000,TSU,22,0 days 00:01:29.062000,36.0,3.0,,,0 days 00:00:22.761000,0 days 00:00:47.341000,0 days 00:00:18.960000,0 days 02:30:13.796000,0 days 02:31:01.137000,0 days 02:31:20.097000,279.0,200.0,302.0,223.0,False,INTERMEDIATE,7.0,False,RB,0 days 02:29:51.026000,,12,8.0,,,False,True
0 days 02:32:47.004000,TSU,22,0 days 00:01:26.916000,37.0,3.0,,,0 days 00:00:22.236000,0 days 00:00:46.246000,0 days 00:00:18.434000,0 days 02:31:42.333000,0 days 02:32:28.579000,0 days 02:32:47.013000,289.0,211.0,302.0,229.0,False,INTERMEDIATE,8.0,False,RB,0 days 02:31:20.088000,,1,8.0,,,False,True
0 days 02:34:12.792000,TSU,22,0 days 00:01:25.788000,38.0,3.0,,,0 days 00:00:21.872000,0 days 00:00:45.605000,0 days 00:00:18.311000,0 days 02:33:08.885000,0 days 02:33:54.490000,0 days 02:34:12.801000,297.0,216.0,301.0,235.0,False,INTERMEDIATE,9.0,False,RB,0 days 02:32:47.004000,,12,8.0,,,False,True
0 days 02:35:49.796000,TSU,22,0 days 00:01:37.004000,39.0,3.0,,,0 days 00:00:21.767000,0 days 00:00:49.913000,0 days 00:00:25.324000,0 days 02:34:34.568000,0 days 02:35:24.481000,0 days 02:35:49.805000,292.0,116.0,273.0,243.0,False,INTERMEDIATE,10.0,False,RB,0 days 02:34:12.792000,,124,8.0,,,False,False
0 days 02:37:41.340000,TSU,22,0 days 00:01:51.544000,40.0,3.0,,,0 days 00:00:26.923000,0 days 00:00:57.988000,0 days 00:00:26.633000,0 days 02:36:16.728000,0 days 02:37:14.716000,0 days 02:37:41.349000,154.0,153.0,255.0,158.0,False,INTERMEDIATE,11.0,False,RB,0 days 02:35:49.796000,,4,8.0,,,False,False
0 days 02:39:46.671000,TSU,22,0 days 00:02:05.331000,41.0,3.0,,,0 days 00:00:29.695000,0 days 00:01:02.748000,0 days 00:00:32.888000,0 days 02:38:11.044000,0 days 02:39:13.792000,0 days 02:39:46.680000,147.0,146.0,253.0,169.0,False,INTERMEDIATE,12.0,False,RB,0 days 02:37:41.340000,,4,8.0,,,False,False
0 days 02:41:56.058000,TSU,22,0 days 00:02:09.387000,42.0,3.0,,,0 days 00:00:27.452000,0 days 00:01:04.850000,0 days 00:00:37.085000,0 days 02:40:14.132000,0 days 02:41:18.982000,0 days 02:41:56.067000,180.0,85.0,288.0,162.0,False,INTERMEDIATE,13.0,False,RB,0 days 02:39:46.671000,,41,8.0,,,False,False
0 days 02:43:27.667000,TSU,22,0 days 00:01:31.609000,43.0,3.0,,,0 days 00:00:25.214000,0 days 00:00:47.863000,0 days 00:00:18.532000,0 days 02:42:21.281000,0 days 02:43:09.144000,0 days 02:43:27.676000,267.0,204.0,305.0,206.0,False,INTERMEDIATE,14.0,False,RB,0 days 02:41:56.058000,,12,8.0,,,False,True
0 days 02:44:54.214000,TSU,22,0 days 00:01:26.547000,44.0,3.0,,,0 days 00:00:22.012000,0 days 00:00:46.206000,0 days 00:00:18.329000,0 days 02:43:49.688000,0 days 02:44:35.894000,0 days 02:44:54.223000,277.0,215.0,304.0,236.0,False,INTERMEDIATE,15.0,False,RB,0 days 02:43:27.667000,,21,8.0,,,False,True
0 days 02:46:19.199000,TSU,22,0 days 00:01:24.985000,45.0,3.0,,,0 days 00:00:21.683000,0 days 00:00:45.186000,0 days 00:00:18.116000,0 days 02:45:15.906000,0 days 02:46:01.092000,0 days 02:46:19.208000,297.0,218.0,302.0,243.0,False,INTERMEDIATE,16.0,False,RB,0 days 02:44:54.214000,,1,8.0,,,False,True
0 days 02:47:43.986000,TSU,22,0 days 00:01:24.787000,46.0,3.0,,,0 days 00:00:21.507000,0 days 00:00:45.171000,0 days 00:00:18.109000,0 days 02:46:40.715000,0 days 02:47:25.886000,0 days 02:47:43.995000,299.0,220.0,307.0,254.0,False,INTERMEDIATE,17.0,False,RB,0 days 02:46:19.199000,,1,8.0,,,False,True
0 days 02:49:08.388000,TSU,22,0 days 00:01:24.402000,47.0,3.0,,,0 days 00:00:21.452000,0 days 00:00:44.837000,0 days 00:00:18.113000,0 days 02:48:05.447000,0 days 02:48:50.284000,0 days 02:49:08.397000,295.0,217.0,307.0,253.0,False,INTERMEDIATE,18.0,False,RB,0 days 02:47:43.986000,,1,8.0,,,False,True
0 days 02:50:32.681000,TSU,22,0 days 00:01:24.293000,48.0,3.0,,,0 days 00:00:21.488000,0 days 00:00:44.735000,0 days 00:00:18.070000,0 days 02:49:29.885000,0 days 02:50:14.620000,0 days 02:50:32.690000,297.0,222.0,307.0,252.0,False,INTERMEDIATE,19.0,False,RB,0 days 02:49:08.388000,,1,8.0,,,False,True
0 days 02:51:56.624000,TSU,22,0 days 00:01:23.943000,49.0,3.0,,,0 days 00:00:21.476000,0 days 00:00:44.397000,0 days 00:00:18.070000,0 days 02:50:54.166000,0 days 02:51:38.563000,0 days 02:51:56.633000,297.0,222.0,305.0,255.0,True,INTERMEDIATE,20.0,False,RB,0 days 02:50:32.681000,,1,8.0,,,False,True
0 days 02:53:20.220000,TSU,22,0 days 00:01:23.596000,50.0,3.0,,,0 days 00:00:21.234000,0 days 00:00:44.226000,0 days 00:00:18.136000,0 days 02:52:17.867000,0 days 02:53:02.093000,0 days 02:53:20.229000,299.0,224.0,304.0,258.0,True,INTERMEDIATE,21.0,False,RB,0 days 02:51:56.624000,,1,8.0,,,False,True
0 days 02:54:43.937000,TSU,22,0 days 00:01:23.717000,51.0,3.0,,,0 days 00:00:21.314000,0 days 00:00:44.494000,0 days 00:00:17.909000,0 days 02:53:41.543000,0 days 02:54:26.037000,0 days 02:54:43.946000,301.0,225.0,310.0,256.0,False,INTERMEDIATE,22.0,False,RB,0 days 02:53:20.220000,,12,8.0,,,False,True
0 days 02:56:08.473000,TSU,22,0 days 00:01:24.536000,52.0,3.0,,,0 days 00:00:21.957000,0 days 00:00:44.409000,0 days 00:00:18.170000,0 days 02:55:05.903000,0 days 02:55:50.312000,0 days 02:56:08.482000,295.0,216.0,306.0,262.0,False,INTERMEDIATE,23.0,False,RB,0 days 02:54:43.937000,,1,8.0,,,False,True
0 days 02:57:32.018000,TSU,22,0 days 00:01:23.545000,53.0,3.0,,,0 days 00:00:21.307000,0 days 00:00:44.206000,0 days 00:00:18.032000,0 days 02:56:29.789000,0 days 02:57:13.995000,0 days 02:57:32.027000,301.0,222.0,305.0,252.0,True,INTERMEDIATE,24.0,False,RB,0 days 02:56:08.473000,,1,8.0,,,False,True
0 days 02:58:55.530000,TSU,22,0 days 00:01:23.512000,54.0,3.0,,,0 days 00:00:21.241000,0 days 00:00:44.228000,0 days 00:00:18.043000,0 days 02:57:53.268000,0 days 02:58:37.496000,0 days 02:58:55.539000,300.0,220.0,305.0,259.0,True,INTERMEDIATE,25.0,False,RB,0 days 02:57:32.018000,,1,8.0,,,False,True
0 days 03:00:18.648000,TSU,22,0 days 00:01:23.118000,55.0,3.0,,,0 days 00:00:21.140000,0 days 00:00:43.950000,0 days 00:00:18.028000,0 days 02:59:16.679000,0 days 03:00:00.629000,0 days 03:00:18.657000,301.0,224.0,304.0,255.0,True,INTERMEDIATE,26.0,False,RB,0 days 02:58:55.530000,,1,8.0,,,False,True
0 days 03:01:41.709000,TSU,22,0 days 00:01:23.061000,56.0,3.0,,,0 days 00:00:21.102000,0 days 00:00:43.927000,0 days 00:00:18.032000,0 days 03:00:39.759000,0 days 03:01:23.686000,0 days 03:01:41.718000,302.0,225.0,304.0,259.0,True,INTERMEDIATE,27.0,False,RB,0 days 03:00:18.648000,,1,8.0,,,False,True
0 days 03:03:04.475000,TSU,22,0 days 00:01:22.766000,57.0,3.0,,,0 days 00:00:21.051000,0 days 00:00:43.709000,0 days 00:00:18.006000,0 days 03:02:02.769000,0 days 03:02:46.478000,0 days 03:03:04.484000,302.0,225.0,304.0,256.0,True,INTERMEDIATE,28.0,False,RB,0 days 03:01:41.709000,,1,8.0,,,False,True
0 days 03:04:27.475000,TSU,22,0 days 00:01:23,58.0,3.0,,,0 days 00:00:21.090000,0 days 00:00:43.838000,0 days 00:00:18.072000,0 days 03:03:25.574000,0 days 03:04:09.412000,0 days 03:04:27.484000,301.0,221.0,305.0,259.0,False,INTERMEDIATE,29.0,False,RB,0 days 03:03:04.475000,,1,8.0,,,False,True
0 days 03:05:50.347000,TSU,22,0 days 00:01:22.872000,59.0,3.0,,,0 days 00:00:21.059000,0 days 00:00:43.886000,0 days 00:00:17.927000,0 days 03:04:48.543000,0 days 03:05:32.429000,0 days 03:05:50.356000,301.0,223.0,305.0,254.0,False,INTERMEDIATE,30.0,False,RB,0 days 03:04:27.475000,,1,8.0,,,False,True
0 days 03:07:13.011000,TSU,22,0 days 00:01:22.664000,60.0,3.0,,,0 days 00:00:21.031000,0 days 00:00:43.619000,0 days 00:00:18.014000,0 days 03:06:11.387000,0 days 03:06:55.006000,0 days 03:07:13.020000,302.0,226.0,304.0,262.0,True,INTERMEDIATE,31.0,False,RB,0 days 03:05:50.347000,,1,8.0,,,False,True
0 days 03:08:35.416000,TSU,22,0 days 00:01:22.405000,61.0,3.0,,,0 days 00:00:20.885000,0 days 00:00:43.597000,0 days 00:00:17.923000,0 days 03:07:33.905000,0 days 03:08:17.502000,0 days 03:08:35.425000,303.0,225.0,304.0,257.0,True,INTERMEDIATE,32.0,False,RB,0 days 03:07:13.011000,,1,8.0,,,False,True
0 days 03:09:57.652000,TSU,22,0 days 00:01:22.236000,62.0,3.0,,,0 days 00:00:20.957000,0 days 00:00:43.332000,0 days 00:00:17.947000,0 days 03:08:56.382000,0 days 03:09:39.714000,0 days 03:09:57.661000,302.0,226.0,304.0,261.0,True,INTERMEDIATE,33.0,False,RB,0 days 03:08:35.416000,,1,8.0,,,False,True
0 days 03:11:19.699000,TSU,22,0 days 00:01:22.047000,63.0,3.0,,,0 days 00:00:20.912000,0 days 00:00:43.185000,0 days 00:00:17.950000,0 days 03:10:18.573000,0 days 03:11:01.758000,0 days 03:11:19.708000,302.0,226.0,303.0,264.0,True,INTERMEDIATE,34.0,False,RB,0 days 03:09:57.652000,,1,8.0,,,False,True
0 days 03:12:41.734000,TSU,22,0 days 00:01:22.035000,64.0,3.0,,,0 days 00:00:20.872000,0 days 00:00:43.241000,0 days 00:00:17.922000,0 days 03:11:40.580000,0 days 03:12:23.821000,0 days 03:12:41.743000,303.0,229.0,304.0,266.0,True,INTERMEDIATE,35.0,False,RB,0 days 03:11:19.699000,,1,8.0,,,False,True
0 days 03:14:03.689000,TSU,22,0 days 00:01:21.955000,65.0,3.0,,,0 days 00:00:20.920000,0 days 00:00:43.126000,0 days 00:00:17.909000,0 days 03:13:02.663000,0 days 03:13:45.789000,0 days 03:14:03.698000,302.0,229.0,305.0,268.0,True,INTERMEDIATE,36.0,False,RB,0 days 03:12:41.734000,,1,8.0,,,False,True
0 days 03:15:25.848000,TSU,22,0 days 00:01:22.159000,66.0,3.0,,,0 days 00:00:20.894000,0 days 00:00:43.399000,0 days 00:00:17.866000,0 days 03:14:24.592000,0 days 03:15:07.991000,0 days 03:15:25.857000,303.0,227.0,305.0,268.0,False,INTERMEDIATE,37.0,False,RB,0 days 03:14:03.689000,,1,8.0,,,False,True
0 days 03:16:47.742000,TSU,22,0 days 00:01:21.894000,67.0,3.0,,,0 days 00:00:20.858000,0 days 00:00:43.163000,0 days 00:00:17.873000,0 days 03:15:46.715000,0 days 03:16:29.878000,0 days 03:16:47.751000,303.0,228.0,304.0,269.0,True,INTERMEDIATE,38.0,False,RB,0 days 03:15:25.848000,,1,8.0,,,False,True
0 days 03:18:09.721000,TSU,22,0 days 00:01:21.979000,68.0,3.0,,,0 days 00:00:20.836000,0 days 00:00:43.197000,0 days 00:00:17.946000,0 days 03:17:08.587000,0 days 03:17:51.784000,0 days 03:18:09.730000,303.0,225.0,304.0,273.0,False,INTERMEDIATE,39.0,False,RB,0 days 03:16:47.742000,,1,8.0,,,False,True
0 days 03:19:31.549000,TSU,22,0 days 00:01:21.828000,69.0,3.0,,,0 days 00:00:20.756000,0 days 00:00:43.120000,0 days 00:00:17.952000,0 days 03:18:30.486000,0 days 03:19:13.606000,0 days 03:19:31.558000,302.0,227.0,304.0,266.0,True,INTERMEDIATE,40.0,False,RB,0 days 03:18:09.721000,,1,8.0,,,False,True
0 days 01:13:37.796000,ZHO,24,0 days 00:01:42.750000,1.0,1.0,,,,0 days 00:00:50.530000,0 days 00:00:19.352000,,0 days 01:13:18.490000,0 days 01:13:37.849000,249.0,191.0,299.0,170.0,False,INTERMEDIATE,1.0,True,Kick Sauber,0 days 01:11:54.770000,,12,16.0,,,False,False
0 days 01:15:06.818000,ZHO,24,0 days 00:01:29.022000,2.0,1.0,,,0 days 00:00:22.958000,0 days 00:00:47.190000,0 days 00:00:18.874000,0 days 01:14:00.762000,0 days 01:14:47.952000,0 days 01:15:06.826000,284.0,205.0,299.0,213.0,True,INTERMEDIATE,2.0,True,Kick Sauber,0 days 01:13:37.796000,,1,16.0,,,False,True
0 days 01:16:34.332000,ZHO,24,0 days 00:01:27.514000,3.0,1.0,,,0 days 00:00:22.334000,0 days 00:00:46.040000,0 days 00:00:19.140000,0 days 01:15:29.160000,0 days 01:16:15.200000,0 days 01:16:34.340000,297.0,216.0,299.0,229.0,True,INTERMEDIATE,3.0,True,Kick Sauber,0 days 01:15:06.818000,,1,16.0,,,False,True
0 days 01:18:02.504000,ZHO,24,0 days 00:01:28.172000,4.0,1.0,,,0 days 00:00:22.834000,0 days 00:00:46.506000,0 days 00:00:18.832000,0 days 01:16:57.174000,0 days 01:17:43.680000,0 days 01:18:02.512000,292.0,209.0,300.0,226.0,False,INTERMEDIATE,4.0,True,Kick Sauber,0 days 01:16:34.332000,,12,16.0,,,False,True
0 days 01:19:32.181000,ZHO,24,0 days 00:01:29.677000,5.0,1.0,,,0 days 00:00:22.119000,0 days 00:00:48.766000,0 days 00:00:18.792000,0 days 01:18:24.631000,0 days 01:19:13.397000,0 days 01:19:32.189000,297.0,213.0,296.0,245.0,False,INTERMEDIATE,5.0,True,Kick Sauber,0 days 01:18:02.504000,,1,18.0,,,False,True
0 days 01:20:58.738000,ZHO,24,0 days 00:01:26.557000,6.0,1.0,,,0 days 00:00:22.357000,0 days 00:00:45.612000,0 days 00:00:18.588000,0 days 01:19:54.546000,0 days 01:20:40.158000,0 days 01:20:58.746000,294.0,217.0,297.0,229.0,True,INTERMEDIATE,6.0,True,Kick Sauber,0 days 01:19:32.181000,,1,18.0,,,False,True
0 days 01:22:25.679000,ZHO,24,0 days 00:01:26.941000,7.0,1.0,,,0 days 00:00:22.199000,0 days 00:00:45.803000,0 days 00:00:18.939000,0 days 01:21:20.945000,0 days 01:22:06.748000,0 days 01:22:25.687000,293.0,221.0,296.0,229.0,False,INTERMEDIATE,7.0,True,Kick Sauber,0 days 01:20:58.738000,,1,18.0,,,False,True
0 days 01:23:51.843000,ZHO,24,0 days 00:01:26.164000,8.0,1.0,,,0 days 00:00:21.993000,0 days 00:00:45.397000,0 days 00:00:18.774000,0 days 01:22:47.680000,0 days 01:23:33.077000,0 days 01:23:51.851000,295.0,217.0,295.0,235.0,True,INTERMEDIATE,8.0,True,Kick Sauber,0 days 01:22:25.679000,,1,18.0,,,False,True
0 days 01:25:17.758000,ZHO,24,0 days 00:01:25.915000,9.0,1.0,,,0 days 00:00:22.014000,0 days 00:00:45.301000,0 days 00:00:18.600000,0 days 01:24:13.865000,0 days 01:24:59.166000,0 days 01:25:17.766000,292.0,221.0,295.0,228.0,True,INTERMEDIATE,9.0,True,Kick Sauber,0 days 01:23:51.843000,,1,18.0,,,False,True
0 days 01:26:43.470000,ZHO,24,0 days 00:01:25.712000,10.0,1.0,,,0 days 00:00:21.759000,0 days 00:00:45.371000,0 days 00:00:18.582000,0 days 01:25:39.525000,0 days 01:26:24.896000,0 days 01:26:43.478000,295.0,225.0,294.0,242.0,True,INTERMEDIATE,10.0,True,Kick Sauber,0 days 01:25:17.758000,,1,18.0,,,False,True
0 days 01:28:09.014000,ZHO,24,0 days 00:01:25.544000,11.0,1.0,,,0 days 00:00:21.824000,0 days 00:00:45.182000,0 days 00:00:18.538000,0 days 01:27:05.302000,0 days 01:27:50.484000,0 days 01:28:09.022000,294.0,222.0,297.0,245.0,True,INTERMEDIATE,11.0,True,Kick Sauber,0 days 01:26:43.470000,,12,18.0,,,False,True
0 days 01:29:35.557000,ZHO,24,0 days 00:01:26.543000,12.0,1.0,,,0 days 00:00:21.722000,0 days 00:00:45.846000,0 days 00:00:18.975000,0 days 01:28:30.744000,0 days 01:29:16.590000,0 days 01:29:35.565000,296.0,207.0,295.0,253.0,False,INTERMEDIATE,12.0,True,Kick Sauber,0 days 01:28:09.014000,,1,18.0,,,False,True
0 days 01:31:03.386000,ZHO,24,0 days 00:01:27.829000,13.0,1.0,,,0 days 00:00:22.323000,0 days 00:00:46.627000,0 days 00:00:18.879000,0 days 01:29:57.888000,0 days 01:30:44.515000,0 days 01:31:03.394000,275.0,211.0,296.0,220.0,False,INTERMEDIATE,13.0,True,Kick Sauber,0 days 01:29:35.557000,,1,18.0,,,False,True
0 days 01:32:30.532000,ZHO,24,0 days 00:01:27.146000,14.0,1.0,,,0 days 00:00:22.431000,0 days 00:00:46.026000,0 days 00:00:18.689000,0 days 01:31:25.825000,0 days 01:32:11.851000,0 days 01:32:30.540000,289.0,211.0,296.0,234.0,False,INTERMEDIATE,14.0,True,Kick Sauber,0 days 01:31:03.386000,,1,18.0,,,False,True
0 days 01:33:56.912000,ZHO,24,0 days 00:01:26.380000,15.0,1.0,,,0 days 00:00:22.172000,0 days 00:00:45.627000,0 days 00:00:18.581000,0 days 01:32:52.712000,0 days 01:33:38.339000,0 days 01:33:56.920000,293.0,219.0,297.0,242.0,False,INTERMEDIATE,15.0,True,Kick Sauber,0 days 01:32:30.532000,,1,18.0,,,False,True
0 days 01:35:23.037000,ZHO,24,0 days 00:01:26.125000,16.0,1.0,,,0 days 00:00:22.203000,0 days 00:00:45.336000,0 days 00:00:18.586000,0 days 01:34:19.123000,0 days 01:35:04.459000,0 days 01:35:23.045000,293.0,223.0,296.0,225.0,False,INTERMEDIATE,16.0,True,Kick Sauber,0 days 01:33:56.912000,,1,18.0,,,False,True
0 days 01:36:48.892000,ZHO,24,0 days 00:01:25.855000,17.0,1.0,,,0 days 00:00:22.052000,0 days 00:00:45.167000,0 days 00:00:18.636000,0 days 01:35:45.097000,0 days 01:36:30.264000,0 days 01:36:48.900000,293.0,223.0,295.0,239.0,False,INTERMEDIATE,17.0,True,Kick Sauber,0 days 01:35:23.037000,,1,18.0,,,False,True
0 days 01:38:14.471000,ZHO,24,0 days 00:01:25.579000,18.0,1.0,,,0 days 00:00:21.915000,0 days 00:00:45.109000,0 days 00:00:18.555000,0 days 01:37:10.815000,0 days 01:37:55.924000,0 days 01:38:14.479000,295.0,227.0,295.0,236.0,False,INTERMEDIATE,18.0,True,Kick Sauber,0 days 01:36:48.892000,,1,18.0,,,False,True
0 days 01:39:39.847000,ZHO,24,0 days 00:01:25.376000,19.0,1.0,,,0 days 00:00:21.932000,0 days 00:00:44.978000,0 days 00:00:18.466000,0 days 01:38:36.411000,0 days 01:39:21.389000,0 days 01:39:39.855000,295.0,225.0,295.0,237.0,True,INTERMEDIATE,19.0,True,Kick Sauber,0 days 01:38:14.471000,,1,18.0,,,False,True
0 days 01:41:04.900000,ZHO,24,0 days 00:01:25.053000,20.0,1.0,,,0 days 00:00:21.775000,0 days 00:00:44.862000,0 days 00:00:18.416000,0 days 01:40:01.630000,0 days 01:40:46.492000,0 days 01:41:04.908000,295.0,225.0,295.0,238.0,True,INTERMEDIATE,20.0,True,Kick Sauber,0 days 01:39:39.847000,,1,18.0,,,False,True
0 days 01:42:30.910000,ZHO,24,0 days 00:01:26.010000,21.0,1.0,,,0 days 00:00:21.731000,0 days 00:00:45.697000,0 days 00:00:18.582000,0 days 01:41:26.639000,0 days 01:42:12.336000,0 days 01:42:30.918000,295.0,219.0,294.0,241.0,False,INTERMEDIATE,21.0,True,Kick Sauber,0 days 01:41:04.900000,,1,18.0,,,False,True
0 days 01:43:56.547000,ZHO,24,0 days 00:01:25.637000,22.0,1.0,,,0 days 00:00:21.900000,0 days 00:00:45.287000,0 days 00:00:18.450000,0 days 01:42:52.818000,0 days 01:43:38.105000,0 days 01:43:56.555000,294.0,225.0,295.0,246.0,False,INTERMEDIATE,22.0,True,Kick Sauber,0 days 01:42:30.910000,,1,18.0,,,False,True
0 days 01:45:22.985000,ZHO,24,0 days 00:01:26.438000,23.0,1.0,,,0 days 00:00:22.102000,0 days 00:00:45.804000,0 days 00:00:18.532000,0 days 01:44:18.657000,0 days 01:45:04.461000,0 days 01:45:22.993000,293.0,225.0,295.0,242.0,False,INTERMEDIATE,23.0,True,Kick Sauber,0 days 01:43:56.547000,,1,18.0,,,False,True
0 days 01:46:49.071000,ZHO,24,0 days 00:01:26.086000,24.0,1.0,,,0 days 00:00:21.981000,0 days 00:00:45.508000,0 days 00:00:18.597000,0 days 01:45:44.974000,0 days 01:46:30.482000,0 days 01:46:49.079000,295.0,216.0,293.0,237.0,False,INTERMEDIATE,24.0,True,Kick Sauber,0 days 01:45:22.985000,,1,18.0,,,False,True
0 days 01:48:16.407000,ZHO,24,0 days 00:01:27.336000,25.0,1.0,,,0 days 00:00:22.126000,0 days 00:00:46.277000,0 days 00:00:18.933000,0 days 01:47:11.205000,0 days 01:47:57.482000,0 days 01:48:16.415000,293.0,202.0,295.0,233.0,False,INTERMEDIATE,25.0,True,Kick Sauber,0 days 01:46:49.071000,,12,18.0,,,False,True
0 days 01:49:44.627000,ZHO,24,0 days 00:01:28.220000,26.0,1.0,,,0 days 00:00:22.245000,0 days 00:00:46.580000,0 days 00:00:19.395000,0 days 01:48:38.660000,0 days 01:49:25.240000,0 days 01:49:44.635000,291.0,206.0,293.0,232.0,False,INTERMEDIATE,26.0,True,Kick Sauber,0 days 01:48:16.407000,,12,18.0,,,False,True
0 days 01:51:32.981000,ZHO,24,0 days 00:01:48.354000,27.0,1.0,,0 days 01:51:29.972000,0 days 00:00:23.170000,0 days 00:00:56.055000,0 days 00:00:29.129000,0 days 01:50:07.805000,0 days 01:51:03.860000,0 days 01:51:32.989000,283.0,159.0,,200.0,False,INTERMEDIATE,27.0,True,Kick Sauber,0 days 01:49:44.627000,,26,17.0,,,False,False
0 days 01:53:39.357000,ZHO,24,0 days 00:02:06.376000,28.0,2.0,0 days 01:51:55.386000,0 days 01:53:35.972000,0 days 00:00:44.608000,0 days 00:00:53.827000,0 days 00:00:27.941000,0 days 01:52:17.597000,0 days 01:53:11.424000,0 days 01:53:39.365000,210.0,171.0,,200.0,False,INTERMEDIATE,1.0,True,Kick Sauber,0 days 01:51:32.981000,,671,17.0,,,False,False
0 days 01:55:58.084000,ZHO,24,0 days 00:02:18.727000,29.0,3.0,0 days 01:54:03.135000,,0 days 00:00:49.182000,0 days 00:01:02.583000,0 days 00:00:26.962000,0 days 01:54:28.547000,0 days 01:55:31.130000,0 days 01:55:58.092000,152.0,161.0,176.0,200.0,False,WET,8.0,False,Kick Sauber,0 days 01:53:39.357000,,14,17.0,,,False,False
0 days 01:58:03.447000,ZHO,24,0 days 00:02:05.363000,30.0,3.0,,,0 days 00:00:33.361000,0 days 00:01:00.580000,0 days 00:00:31.422000,0 days 01:56:31.453000,0 days 01:57:32.033000,0 days 01:58:03.455000,167.0,139.0,214.0,156.0,False,WET,9.0,False,Kick Sauber,0 days 01:55:58.084000,,4,17.0,,,False,False
0 days 02:00:44.086000,ZHO,24,,31.0,3.0,,0 days 02:00:40.326000,0 days 00:00:36.416000,0 days 00:01:10.767000,0 days 00:00:53.337000,0 days 01:58:39.990000,0 days 01:59:50.777000,0 days 02:00:44.097000,169.0,97.0,,133.0,False,WET,10.0,False,Kick Sauber,0 days 01:58:03.447000,,45,16.0,,,False,False
0 days 02:23:56.317000,ZHO,24,,32.0,4.0,0 days 02:22:03.366000,0 days 02:23:53.295000,,0 days 00:00:54.472000,0 days 00:00:31.518000,,0 days 02:23:24.807000,0 days 02:23:56.410000,198.0,161.0,,,False,INTERMEDIATE,1.0,True,Kick Sauber,0 days 02:00:44.086000,,51,16.0,,,False,False
0 days 02:26:50.042000,ZHO,24,,33.0,5.0,0 days 02:25:01.911000,,0 days 00:01:32.763000,0 days 00:00:52.444000,0 days 00:00:28.565000,0 days 02:25:29.193000,0 days 02:26:21.541000,0 days 02:26:50.138000,191.0,186.0,267.0,133.0,False,INTERMEDIATE,2.0,False,Kick Sauber,0 days 02:23:57.645000,,12,15.0,,,False,False
0 days 02:28:28.625000,ZHO,24,0 days 00:01:38.583000,34.0,5.0,,,0 days 00:00:25.782000,0 days 00:00:52.342000,0 days 00:00:20.459000,0 days 02:27:15.832000,0 days 02:28:08.174000,0 days 02:28:28.633000,224.0,175.0,284.0,182.0,False,INTERMEDIATE,3.0,False,Kick Sauber,0 days 02:26:50.042000,,1,16.0,,,False,True
0 days 02:30:03.639000,ZHO,24,0 days 00:01:35.014000,35.0,5.0,,,0 days 00:00:24.870000,0 days 00:00:50.534000,0 days 00:00:19.610000,0 days 02:28:53.503000,0 days 02:29:44.037000,0 days 02:30:03.647000,193.0,188.0,292.0,180.0,False,INTERMEDIATE,4.0,False,Kick Sauber,0 days 02:28:28.625000,,1,16.0,,,False,True
0 days 02:31:36.995000,ZHO,24,0 days 00:01:33.356000,36.0,5.0,,,0 days 00:00:23.957000,0 days 00:00:49.465000,0 days 00:00:19.934000,0 days 02:30:27.604000,0 days 02:31:17.069000,0 days 02:31:37.003000,212.0,178.0,293.0,197.0,False,INTERMEDIATE,5.0,False,Kick Sauber,0 days 02:30:03.639000,,12,15.0,,,False,True
0 days 02:33:06.467000,ZHO,24,0 days 00:01:29.472000,37.0,5.0,,,0 days 00:00:23.143000,0 days 00:00:47.206000,0 days 00:00:19.123000,0 days 02:32:00.146000,0 days 02:32:47.352000,0 days 02:33:06.475000,256.0,205.0,292.0,209.0,False,INTERMEDIATE,6.0,False,Kick Sauber,0 days 02:31:36.995000,,12,15.0,,,False,True
0 days 02:34:34.450000,ZHO,24,0 days 00:01:27.983000,38.0,5.0,,,0 days 00:00:22.839000,0 days 00:00:46.447000,0 days 00:00:18.697000,0 days 02:33:29.314000,0 days 02:34:15.761000,0 days 02:34:34.458000,284.0,211.0,293.0,219.0,False,INTERMEDIATE,7.0,False,Kick Sauber,0 days 02:33:06.467000,,1,15.0,,,False,True
0 days 02:36:16.768000,ZHO,24,0 days 00:01:42.318000,39.0,5.0,,,0 days 00:00:22.472000,0 days 00:00:54.380000,0 days 00:00:25.466000,0 days 02:34:56.930000,0 days 02:35:51.310000,0 days 02:36:16.776000,293.0,151.0,230.0,219.0,False,INTERMEDIATE,8.0,False,Kick Sauber,0 days 02:34:34.450000,,124,14.0,,,False,False
0 days 02:38:07.365000,ZHO,24,0 days 00:01:50.597000,40.0,5.0,,,0 days 00:00:28.290000,0 days 00:00:57.074000,0 days 00:00:25.233000,0 days 02:36:45.066000,0 days 02:37:42.140000,0 days 02:38:07.373000,228.0,167.0,277.0,183.0,False,INTERMEDIATE,9.0,False,Kick Sauber,0 days 02:36:16.768000,,4,14.0,,,False,False
0 days 02:39:57.891000,ZHO,24,0 days 00:01:50.526000,41.0,5.0,,,0 days 00:00:24.218000,0 days 00:00:51.785000,0 days 00:00:34.523000,0 days 02:38:31.591000,0 days 02:39:23.376000,0 days 02:39:57.899000,243.0,140.0,255.0,200.0,False,INTERMEDIATE,10.0,False,Kick Sauber,0 days 02:38:07.365000,,4,14.0,,,False,False
0 days 02:41:58.879000,ZHO,24,0 days 00:02:00.988000,42.0,5.0,,,0 days 00:00:26.640000,0 days 00:00:59.206000,0 days 00:00:35.142000,0 days 02:40:24.539000,0 days 02:41:23.745000,0 days 02:41:58.887000,194.0,112.0,285.0,186.0,False,INTERMEDIATE,11.0,False,Kick Sauber,0 days 02:39:57.891000,,41,14.0,,,False,False
0 days 02:43:33.359000,ZHO,24,0 days 00:01:34.480000,43.0,5.0,,,0 days 00:00:25.052000,0 days 00:00:49.864000,0 days 00:00:19.564000,0 days 02:42:23.939000,0 days 02:43:13.803000,0 days 02:43:33.367000,229.0,182.0,296.0,195.0,False,INTERMEDIATE,12.0,False,Kick Sauber,0 days 02:41:58.879000,,12,14.0,,,False,True
0 days 02:45:01.312000,ZHO,24,0 days 00:01:27.953000,44.0,5.0,,,0 days 00:00:22.729000,0 days 00:00:46.457000,0 days 00:00:18.767000,0 days 02:43:56.096000,0 days 02:44:42.553000,0 days 02:45:01.320000,265.0,202.0,297.0,208.0,False,INTERMEDIATE,13.0,False,Kick Sauber,0 days 02:43:33.359000,,21,14.0,,,False,True
0 days 02:46:27.514000,ZHO,24,0 days 00:01:26.202000,45.0,5.0,,,0 days 00:00:22.044000,0 days 00:00:45.708000,0 days 00:00:18.450000,0 days 02:45:23.364000,0 days 02:46:09.072000,0 days 02:46:27.522000,287.0,216.0,296.0,239.0,False,INTERMEDIATE,14.0,False,Kick Sauber,0 days 02:45:01.312000,,1,14.0,,,False,True
0 days 02:47:52.910000,ZHO,24,0 days 00:01:25.396000,46.0,5.0,,,0 days 00:00:21.782000,0 days 00:00:45.311000,0 days 00:00:18.303000,0 days 02:46:49.304000,0 days 02:47:34.615000,0 days 02:47:52.918000,297.0,225.0,298.0,249.0,False,INTERMEDIATE,15.0,False,Kick Sauber,0 days 02:46:27.514000,,1,14.0,,,False,True
0 days 02:49:17.941000,ZHO,24,0 days 00:01:25.031000,47.0,5.0,,,0 days 00:00:21.693000,0 days 00:00:44.975000,0 days 00:00:18.363000,0 days 02:48:14.611000,0 days 02:48:59.586000,0 days 02:49:17.949000,297.0,225.0,297.0,252.0,True,INTERMEDIATE,16.0,False,Kick Sauber,0 days 02:47:52.910000,,1,14.0,,,False,True
0 days 02:50:42.669000,ZHO,24,0 days 00:01:24.728000,48.0,5.0,,,0 days 00:00:21.648000,0 days 00:00:44.761000,0 days 00:00:18.319000,0 days 02:49:39.597000,0 days 02:50:24.358000,0 days 02:50:42.677000,298.0,229.0,298.0,251.0,True,INTERMEDIATE,17.0,False,Kick Sauber,0 days 02:49:17.941000,,1,14.0,,,False,True
0 days 02:52:07.084000,ZHO,24,0 days 00:01:24.415000,49.0,5.0,,,0 days 00:00:21.516000,0 days 00:00:44.588000,0 days 00:00:18.311000,0 days 02:51:04.193000,0 days 02:51:48.781000,0 days 02:52:07.092000,297.0,228.0,297.0,251.0,True,INTERMEDIATE,18.0,False,Kick Sauber,0 days 02:50:42.669000,,1,14.0,,,False,True
0 days 02:53:31.454000,ZHO,24,0 days 00:01:24.370000,50.0,5.0,,,0 days 00:00:21.555000,0 days 00:00:44.444000,0 days 00:00:18.371000,0 days 02:52:28.647000,0 days 02:53:13.091000,0 days 02:53:31.462000,298.0,227.0,295.0,249.0,True,INTERMEDIATE,19.0,False,Kick Sauber,0 days 02:52:07.084000,,1,14.0,,,False,True
0 days 02:54:56.266000,ZHO,24,0 days 00:01:24.812000,51.0,5.0,,,0 days 00:00:21.678000,0 days 00:00:44.810000,0 days 00:00:18.324000,0 days 02:53:53.140000,0 days 02:54:37.950000,0 days 02:54:56.274000,296.0,229.0,297.0,246.0,False,INTERMEDIATE,20.0,False,Kick Sauber,0 days 02:53:31.454000,,12,14.0,,,False,True
0 days 02:56:20.956000,ZHO,24,0 days 00:01:24.690000,52.0,5.0,,,0 days 00:00:21.602000,0 days 00:00:44.437000,0 days 00:00:18.651000,0 days 02:55:17.876000,0 days 02:56:02.313000,0 days 02:56:20.964000,298.0,225.0,295.0,247.0,False,INTERMEDIATE,21.0,False,Kick Sauber,0 days 02:54:56.266000,,1,14.0,,,False,True
0 days 02:57:45.683000,ZHO,24,0 days 00:01:24.727000,53.0,5.0,,,0 days 00:00:21.600000,0 days 00:00:44.575000,0 days 00:00:18.552000,0 days 02:56:42.564000,0 days 02:57:27.139000,0 days 02:57:45.691000,297.0,226.0,295.0,250.0,False,INTERMEDIATE,22.0,False,Kick Sauber,0 days 02:56:20.956000,,1,14.0,,,False,True
0 days 02:59:10.608000,ZHO,24,0 days 00:01:24.925000,54.0,5.0,,,0 days 00:00:21.775000,0 days 00:00:44.728000,0 days 00:00:18.422000,0 days 02:58:07.466000,0 days 02:58:52.194000,0 days 02:59:10.616000,296.0,227.0,297.0,251.0,False,INTERMEDIATE,23.0,False,Kick Sauber,0 days 02:57:45.683000,,1,14.0,,,False,True
0 days 03:00:35.507000,ZHO,24,0 days 00:01:24.899000,55.0,5.0,,,0 days 00:00:21.683000,0 days 00:00:44.757000,0 days 00:00:18.459000,0 days 02:59:32.299000,0 days 03:00:17.056000,0 days 03:00:35.515000,296.0,226.0,295.0,254.0,False,INTERMEDIATE,24.0,False,Kick Sauber,0 days 02:59:10.608000,,1,14.0,,,False,True
0 days 03:02:00.165000,ZHO,24,0 days 00:01:24.658000,56.0,5.0,,,0 days 00:00:21.715000,0 days 00:00:44.512000,0 days 00:00:18.431000,0 days 03:00:57.230000,0 days 03:01:41.742000,0 days 03:02:00.173000,296.0,230.0,296.0,253.0,False,INTERMEDIATE,25.0,False,Kick Sauber,0 days 03:00:35.507000,,1,14.0,,,False,True
0 days 03:03:24.467000,ZHO,24,0 days 00:01:24.302000,57.0,5.0,,,0 days 00:00:21.487000,0 days 00:00:44.497000,0 days 00:00:18.318000,0 days 03:02:21.660000,0 days 03:03:06.157000,0 days 03:03:24.475000,297.0,224.0,296.0,252.0,True,INTERMEDIATE,26.0,False,Kick Sauber,0 days 03:02:00.165000,,1,14.0,,,False,True
0 days 03:04:50.485000,ZHO,24,0 days 00:01:26.018000,58.0,5.0,,,0 days 00:00:22.720000,0 days 00:00:45.035000,0 days 00:00:18.263000,0 days 03:03:47.195000,0 days 03:04:32.230000,0 days 03:04:50.493000,290.0,228.0,298.0,251.0,False,INTERMEDIATE,27.0,False,Kick Sauber,0 days 03:03:24.467000,,1,15.0,,,False,True
0 days 03:06:14.291000,ZHO,24,0 days 00:01:23.806000,59.0,5.0,,,0 days 00:00:21.388000,0 days 00:00:44.276000,0 days 00:00:18.142000,0 days 03:05:11.881000,0 days 03:05:56.157000,0 days 03:06:14.299000,298.0,233.0,298.0,255.0,True,INTERMEDIATE,28.0,False,Kick Sauber,0 days 03:04:50.485000,,1,15.0,,,False,True
0 days 03:07:37.762000,ZHO,24,0 days 00:01:23.471000,60.0,5.0,,,0 days 00:00:21.299000,0 days 00:00:43.926000,0 days 00:00:18.246000,0 days 03:06:35.598000,0 days 03:07:19.524000,0 days 03:07:37.770000,299.0,232.0,298.0,252.0,True,INTERMEDIATE,29.0,False,Kick Sauber,0 days 03:06:14.291000,,1,15.0,,,False,True
0 days 03:09:01.235000,ZHO,24,0 days 00:01:23.473000,61.0,5.0,,,0 days 00:00:21.349000,0 days 00:00:43.909000,0 days 00:00:18.215000,0 days 03:07:59.119000,0 days 03:08:43.028000,0 days 03:09:01.243000,298.0,229.0,297.0,263.0,False,INTERMEDIATE,30.0,False,Kick Sauber,0 days 03:07:37.762000,,1,15.0,,,False,True
0 days 03:10:24.947000,ZHO,24,0 days 00:01:23.712000,62.0,5.0,,,0 days 00:00:21.314000,0 days 00:00:44.184000,0 days 00:00:18.214000,0 days 03:09:22.557000,0 days 03:10:06.741000,0 days 03:10:24.955000,298.0,234.0,297.0,267.0,False,INTERMEDIATE,31.0,False,Kick Sauber,0 days 03:09:01.235000,,1,15.0,,,False,True
0 days 03:11:48.400000,ZHO,24,0 days 00:01:23.453000,63.0,5.0,,,0 days 00:00:21.352000,0 days 00:00:43.935000,0 days 00:00:18.166000,0 days 03:10:46.307000,0 days 03:11:30.242000,0 days 03:11:48.408000,298.0,238.0,298.0,251.0,True,INTERMEDIATE,32.0,False,Kick Sauber,0 days 03:10:24.947000,,1,15.0,,,False,True
0 days 03:13:11.915000,ZHO,24,0 days 00:01:23.515000,64.0,5.0,,,0 days 00:00:21.273000,0 days 00:00:43.808000,0 days 00:00:18.434000,0 days 03:12:09.681000,0 days 03:12:53.489000,0 days 03:13:11.923000,297.0,233.0,296.0,259.0,False,INTERMEDIATE,33.0,False,Kick Sauber,0 days 03:11:48.400000,,1,15.0,,,False,True
0 days 03:14:34.973000,ZHO,24,0 days 00:01:23.058000,65.0,5.0,,,0 days 00:00:21.259000,0 days 00:00:43.642000,0 days 00:00:18.157000,0 days 03:13:33.182000,0 days 03:14:16.824000,0 days 03:14:34.981000,296.0,235.0,299.0,268.0,True,INTERMEDIATE,34.0,False,Kick Sauber,0 days 03:13:11.915000,,1,15.0,,,False,True
0 days 03:15:58.099000,ZHO,24,0 days 00:01:23.126000,66.0,5.0,,,0 days 00:00:21.177000,0 days 00:00:43.810000,0 days 00:00:18.139000,0 days 03:14:56.158000,0 days 03:15:39.968000,0 days 03:15:58.107000,299.0,232.0,299.0,261.0,False,INTERMEDIATE,35.0,False,Kick Sauber,0 days 03:14:34.973000,,1,15.0,,,False,True
0 days 03:17:22.090000,ZHO,24,0 days 00:01:23.991000,67.0,5.0,,,0 days 00:00:21.638000,0 days 00:00:44.145000,0 days 00:00:18.208000,0 days 03:16:19.745000,0 days 03:17:03.890000,0 days 03:17:22.098000,298.0,233.0,299.0,266.0,False,INTERMEDIATE,36.0,False,Kick Sauber,0 days 03:15:58.099000,,1,15.0,,,False,True
0 days 03:18:45.420000,ZHO,24,0 days 00:01:23.330000,68.0,5.0,,,0 days 00:00:21.171000,0 days 00:00:43.844000,0 days 00:00:18.315000,0 days 03:17:43.269000,0 days 03:18:27.113000,0 days 03:18:45.428000,299.0,230.0,298.0,274.0,False,INTERMEDIATE,37.0,False,Kick Sauber,0 days 03:17:22.090000,,1,15.0,,,False,True
0 days 03:20:09.121000,ZHO,24,0 days 00:01:23.701000,69.0,5.0,,,0 days 00:00:21.466000,0 days 00:00:44.011000,0 days 00:00:18.224000,0 days 03:19:06.894000,0 days 03:19:50.905000,0 days 03:20:09.129000,300.0,234.0,300.0,262.0,False,INTERMEDIATE,38.0,False,Kick Sauber,0 days 03:18:45.420000,,1,15.0,,,False,True
0 days 01:13:36.628000,HUL,27,0 days 00:01:41.582000,1.0,1.0,,,,0 days 00:00:50.279000,0 days 00:00:18.968000,,0 days 01:13:17.740000,0 days 01:13:36.632000,250.0,202.0,307.0,183.0,False,INTERMEDIATE,1.0,True,Haas F1 Team,0 days 01:11:54.770000,,12,14.0,,,False,False
0 days 01:15:04.204000,HUL,27,0 days 00:01:27.576000,2.0,1.0,,,0 days 00:00:22.175000,0 days 00:00:46.821000,0 days 00:00:18.580000,0 days 01:13:58.807000,0 days 01:14:45.628000,0 days 01:15:04.208000,288.0,207.0,312.0,244.0,True,INTERMEDIATE,2.0,True,Haas F1 Team,0 days 01:13:36.628000,,1,14.0,,,False,True
0 days 01:16:31.384000,HUL,27,0 days 00:01:27.180000,3.0,1.0,,,0 days 00:00:22.348000,0 days 00:00:46.381000,0 days 00:00:18.451000,0 days 01:15:26.556000,0 days 01:16:12.937000,0 days 01:16:31.388000,282.0,210.0,304.0,236.0,True,INTERMEDIATE,3.0,True,Haas F1 Team,0 days 01:15:04.204000,,1,14.0,,,False,True
0 days 01:17:59.343000,HUL,27,0 days 00:01:27.959000,4.0,1.0,,,0 days 00:00:21.990000,0 days 00:00:47.504000,0 days 00:00:18.465000,0 days 01:16:53.378000,0 days 01:17:40.882000,0 days 01:17:59.347000,292.0,214.0,302.0,248.0,False,INTERMEDIATE,4.0,True,Haas F1 Team,0 days 01:16:31.384000,,12,13.0,,,False,True
0 days 01:19:24.875000,HUL,27,0 days 00:01:25.532000,5.0,1.0,,,0 days 00:00:21.842000,0 days 00:00:45.294000,0 days 00:00:18.396000,0 days 01:18:21.189000,0 days 01:19:06.483000,0 days 01:19:24.879000,302.0,219.0,308.0,242.0,True,INTERMEDIATE,5.0,True,Haas F1 Team,0 days 01:17:59.343000,,1,13.0,,,False,True
0 days 01:20:50.030000,HUL,27,0 days 00:01:25.155000,6.0,1.0,,,0 days 00:00:21.864000,0 days 00:00:44.788000,0 days 00:00:18.503000,0 days 01:19:46.743000,0 days 01:20:31.531000,0 days 01:20:50.034000,300.0,217.0,300.0,246.0,True,INTERMEDIATE,6.0,True,Haas F1 Team,0 days 01:19:24.875000,,1,12.0,,,False,True
0 days 01:22:15.556000,HUL,27,0 days 00:01:25.526000,7.0,1.0,,,0 days 00:00:22.140000,0 days 00:00:44.807000,0 days 00:00:18.579000,0 days 01:21:12.174000,0 days 01:21:56.981000,0 days 01:22:15.560000,297.0,219.0,303.0,265.0,False,INTERMEDIATE,7.0,True,Haas F1 Team,0 days 01:20:50.030000,,1,12.0,,,False,True
0 days 01:23:40.257000,HUL,27,0 days 00:01:24.701000,8.0,1.0,,,0 days 00:00:21.569000,0 days 00:00:44.674000,0 days 00:00:18.458000,0 days 01:22:37.129000,0 days 01:23:21.803000,0 days 01:23:40.261000,299.0,230.0,305.0,259.0,True,INTERMEDIATE,8.0,True,Haas F1 Team,0 days 01:22:15.556000,,1,12.0,,,False,True
0 days 01:25:04.682000,HUL,27,0 days 00:01:24.425000,9.0,1.0,,,0 days 00:00:21.535000,0 days 00:00:44.527000,0 days 00:00:18.363000,0 days 01:24:01.796000,0 days 01:24:46.323000,0 days 01:25:04.686000,300.0,221.0,305.0,259.0,True,INTERMEDIATE,9.0,True,Haas F1 Team,0 days 01:23:40.257000,,1,12.0,,,False,True
0 days 01:26:29.766000,HUL,27,0 days 00:01:25.084000,10.0,1.0,,,0 days 00:00:21.699000,0 days 00:00:44.727000,0 days 00:00:18.658000,0 days 01:25:26.385000,0 days 01:26:11.112000,0 days 01:26:29.770000,300.0,222.0,304.0,265.0,False,INTERMEDIATE,10.0,True,Haas F1 Team,0 days 01:25:04.682000,,1,12.0,,,False,True
0 days 01:27:54.771000,HUL,27,0 days 00:01:25.005000,11.0,1.0,,,0 days 00:00:21.624000,0 days 00:00:44.894000,0 days 00:00:18.487000,0 days 01:26:51.394000,0 days 01:27:36.288000,0 days 01:27:54.775000,301.0,223.0,304.0,253.0,False,INTERMEDIATE,11.0,True,Haas F1 Team,0 days 01:26:29.766000,,12,11.0,,,False,True
0 days 01:29:19.143000,HUL,27,0 days 00:01:24.372000,12.0,1.0,,,0 days 00:00:21.449000,0 days 00:00:44.502000,0 days 00:00:18.421000,0 days 01:28:16.224000,0 days 01:29:00.726000,0 days 01:29:19.147000,301.0,217.0,304.0,255.0,True,INTERMEDIATE,12.0,True,Haas F1 Team,0 days 01:27:54.771000,,1,11.0,,,False,True
0 days 01:30:43.939000,HUL,27,0 days 00:01:24.796000,13.0,1.0,,,0 days 00:00:21.540000,0 days 00:00:44.876000,0 days 00:00:18.380000,0 days 01:29:40.687000,0 days 01:30:25.563000,0 days 01:30:43.943000,302.0,219.0,305.0,241.0,False,INTERMEDIATE,13.0,True,Haas F1 Team,0 days 01:29:19.143000,,1,11.0,,,False,True
0 days 01:32:08.849000,HUL,27,0 days 00:01:24.910000,14.0,1.0,,,0 days 00:00:21.449000,0 days 00:00:45.038000,0 days 00:00:18.423000,0 days 01:31:05.392000,0 days 01:31:50.430000,0 days 01:32:08.853000,302.0,216.0,302.0,254.0,False,INTERMEDIATE,14.0,True,Haas F1 Team,0 days 01:30:43.939000,,1,11.0,,,False,True
0 days 01:33:33.694000,HUL,27,0 days 00:01:24.845000,15.0,1.0,,,0 days 00:00:21.509000,0 days 00:00:45.020000,0 days 00:00:18.316000,0 days 01:32:30.362000,0 days 01:33:15.382000,0 days 01:33:33.698000,301.0,213.0,304.0,248.0,False,INTERMEDIATE,15.0,True,Haas F1 Team,0 days 01:32:08.849000,,1,11.0,,,False,True
0 days 01:34:59.340000,HUL,27,0 days 00:01:25.646000,16.0,1.0,,,0 days 00:00:21.688000,0 days 00:00:45.641000,0 days 00:00:18.317000,0 days 01:33:55.386000,0 days 01:34:41.027000,0 days 01:34:59.344000,300.0,213.0,306.0,240.0,False,INTERMEDIATE,16.0,True,Haas F1 Team,0 days 01:33:33.694000,,1,11.0,,,False,True
0 days 01:36:23.737000,HUL,27,0 days 00:01:24.397000,17.0,1.0,,,0 days 00:00:21.733000,0 days 00:00:44.571000,0 days 00:00:18.093000,0 days 01:35:21.077000,0 days 01:36:05.648000,0 days 01:36:23.741000,302.0,222.0,304.0,248.0,False,INTERMEDIATE,17.0,True,Haas F1 Team,0 days 01:34:59.340000,,1,11.0,,,False,True
0 days 01:37:48.831000,HUL,27,0 days 00:01:25.094000,18.0,1.0,,,0 days 00:00:21.537000,0 days 00:00:45.256000,0 days 00:00:18.301000,0 days 01:36:45.278000,0 days 01:37:30.534000,0 days 01:37:48.835000,302.0,215.0,305.0,263.0,False,INTERMEDIATE,18.0,True,Haas F1 Team,0 days 01:36:23.737000,,1,11.0,,,False,True
0 days 01:39:13.246000,HUL,27,0 days 00:01:24.415000,19.0,1.0,,,0 days 00:00:21.647000,0 days 00:00:44.522000,0 days 00:00:18.246000,0 days 01:38:10.482000,0 days 01:38:55.004000,0 days 01:39:13.250000,302.0,219.0,306.0,255.0,False,INTERMEDIATE,19.0,True,Haas F1 Team,0 days 01:37:48.831000,,1,11.0,,,False,True
0 days 01:40:37.600000,HUL,27,0 days 00:01:24.354000,20.0,1.0,,,0 days 00:00:21.602000,0 days 00:00:44.282000,0 days 00:00:18.470000,0 days 01:39:34.852000,0 days 01:40:19.134000,0 days 01:40:37.604000,301.0,225.0,304.0,275.0,True,INTERMEDIATE,20.0,True,Haas F1 Team,0 days 01:39:13.246000,,1,11.0,,,False,True
0 days 01:42:01.364000,HUL,27,0 days 00:01:23.764000,21.0,1.0,,,0 days 00:00:21.467000,0 days 00:00:44.079000,0 days 00:00:18.218000,0 days 01:40:59.071000,0 days 01:41:43.150000,0 days 01:42:01.368000,303.0,222.0,306.0,258.0,True,INTERMEDIATE,21.0,True,Haas F1 Team,0 days 01:40:37.600000,,1,11.0,,,False,True
0 days 01:43:25.426000,HUL,27,0 days 00:01:24.062000,22.0,1.0,,,0 days 00:00:21.419000,0 days 00:00:44.424000,0 days 00:00:18.219000,0 days 01:42:22.787000,0 days 01:43:07.211000,0 days 01:43:25.430000,304.0,221.0,302.0,257.0,False,INTERMEDIATE,22.0,True,Haas F1 Team,0 days 01:42:01.364000,,1,11.0,,,False,True
0 days 01:44:50.009000,HUL,27,0 days 00:01:24.583000,23.0,1.0,,,0 days 00:00:21.763000,0 days 00:00:44.669000,0 days 00:00:18.151000,0 days 01:43:47.193000,0 days 01:44:31.862000,0 days 01:44:50.013000,302.0,223.0,303.0,246.0,False,INTERMEDIATE,23.0,True,Haas F1 Team,0 days 01:43:25.426000,,1,11.0,,,False,True
0 days 01:46:14.765000,HUL,27,0 days 00:01:24.756000,24.0,1.0,,,0 days 00:00:21.760000,0 days 00:00:44.653000,0 days 00:00:18.343000,0 days 01:45:11.773000,0 days 01:45:56.426000,0 days 01:46:14.769000,303.0,216.0,301.0,249.0,False,INTERMEDIATE,24.0,True,Haas F1 Team,0 days 01:44:50.009000,,1,11.0,,,False,True
0 days 01:47:45.175000,HUL,27,0 days 00:01:30.410000,25.0,1.0,,0 days 01:47:42.044000,0 days 00:00:21.555000,0 days 00:00:45.022000,0 days 00:00:23.833000,0 days 01:46:36.324000,0 days 01:47:21.346000,0 days 01:47:45.179000,302.0,210.0,,261.0,False,INTERMEDIATE,25.0,True,Haas F1 Team,0 days 01:46:14.765000,,1,10.0,,,False,False
0 days 01:49:31.818000,HUL,27,0 days 00:01:46.643000,26.0,2.0,0 days 01:48:07.559000,,0 days 00:00:41.973000,0 days 00:00:45.996000,0 days 00:00:18.674000,0 days 01:48:27.152000,0 days 01:49:13.148000,0 days 01:49:31.822000,288.0,206.0,301.0,261.0,False,INTERMEDIATE,1.0,True,Haas F1 Team,0 days 01:47:45.175000,,12,17.0,,,False,False
0 days 01:53:22.150000,HUL,27,,27.0,2.0,,0 days 01:53:19.090000,,0 days 00:00:53.441000,0 days 00:00:28.552000,,0 days 01:52:53.640000,0 days 01:53:22.154000,221.0,161.0,,252.0,False,INTERMEDIATE,2.0,True,Haas F1 Team,0 days 01:49:31.818000,,1267,18.0,,,False,False
0 days 01:56:10.802000,HUL,27,,28.0,3.0,0 days 01:54:18.189000,,0 days 00:01:19.661000,0 days 00:01:01.631000,0 days 00:00:27.392000,0 days 01:54:41.887000,0 days 01:55:43.490000,0 days 01:56:10.913000,216.0,122.0,202.0,252.0,False,WET,1.0,True,Haas F1 Team,0 days 01:53:22.150000,,14,18.0,,,False,False
0 days 01:58:18.344000,HUL,27,0 days 00:02:07.542000,29.0,3.0,,0 days 01:58:15.350000,0 days 00:00:34.579000,0 days 00:01:00.088000,0 days 00:00:32.875000,0 days 01:56:45.385000,0 days 01:57:45.473000,0 days 01:58:18.348000,137.0,137.0,,165.0,False,WET,2.0,True,Haas F1 Team,0 days 01:56:10.802000,,4,18.0,,,False,False
0 days 02:01:13.026000,HUL,27,,30.0,4.0,0 days 01:58:44.080000,0 days 02:01:05.310000,0 days 00:00:50.588000,0 days 00:01:00.199000,0 days 00:01:03.869000,0 days 01:59:09.042000,0 days 02:00:09.161000,0 days 02:01:13.091000,200.0,120.0,,,False,INTERMEDIATE,1.0,True,Haas F1 Team,0 days 01:58:18.344000,,45,18.0,,,False,False
0 days 01:13:31.038000,LAW,30,0 days 00:01:35.992000,1.0,1.0,,,,0 days 00:00:47.679000,0 days 00:00:18.433000,,0 days 01:13:12.827000,0 days 01:13:31.126000,282.0,214.0,307.0,192.0,False,INTERMEDIATE,4.0,False,RB,0 days 01:11:54.770000,,12,6.0,,,False,False
0 days 01:14:57.845000,LAW,30,0 days 00:01:26.807000,2.0,1.0,,,0 days 00:00:22.112000,0 days 00:00:46.333000,0 days 00:00:18.362000,0 days 01:13:53.200000,0 days 01:14:39.533000,0 days 01:14:57.895000,290.0,212.0,307.0,237.0,True,INTERMEDIATE,5.0,False,RB,0 days 01:13:31.038000,,1,6.0,,,False,True
0 days 01:16:24.193000,LAW,30,0 days 00:01:26.348000,3.0,1.0,,,0 days 00:00:21.878000,0 days 00:00:45.987000,0 days 00:00:18.483000,0 days 01:15:19.773000,0 days 01:16:05.760000,0 days 01:16:24.243000,293.0,211.0,305.0,237.0,True,INTERMEDIATE,6.0,False,RB,0 days 01:14:57.845000,,1,6.0,,,False,True
0 days 01:17:50.410000,LAW,30,0 days 00:01:26.217000,4.0,1.0,,,0 days 00:00:21.851000,0 days 00:00:45.905000,0 days 00:00:18.461000,0 days 01:16:46.094000,0 days 01:17:31.999000,0 days 01:17:50.460000,296.0,213.0,305.0,251.0,True,INTERMEDIATE,7.0,False,RB,0 days 01:16:24.193000,,12,6.0,,,False,True
0 days 01:19:15.776000,LAW,30,0 days 00:01:25.366000,5.0,1.0,,,0 days 00:00:21.854000,0 days 00:00:45.112000,0 days 00:00:18.400000,0 days 01:18:12.314000,0 days 01:18:57.426000,0 days 01:19:15.826000,302.0,223.0,305.0,241.0,True,INTERMEDIATE,8.0,False,RB,0 days 01:17:50.410000,,1,6.0,,,False,True
0 days 01:20:40.848000,LAW,30,0 days 00:01:25.072000,6.0,1.0,,,0 days 00:00:21.678000,0 days 00:00:45.074000,0 days 00:00:18.320000,0 days 01:19:37.504000,0 days 01:20:22.578000,0 days 01:20:40.898000,297.0,216.0,306.0,250.0,True,INTERMEDIATE,9.0,False,RB,0 days 01:19:15.776000,,1,6.0,,,False,True
0 days 01:22:06.259000,LAW,30,0 days 00:01:25.411000,7.0,1.0,,,0 days 00:00:21.845000,0 days 00:00:45.305000,0 days 00:00:18.261000,0 days 01:21:02.743000,0 days 01:21:48.048000,0 days 01:22:06.309000,299.0,219.0,305.0,243.0,False,INTERMEDIATE,10.0,False,RB,0 days 01:20:40.848000,,1,6.0,,,False,True
0 days 01:23:31.496000,LAW,30,0 days 00:01:25.237000,8.0,1.0,,,0 days 00:00:21.639000,0 days 00:00:45.338000,0 days 00:00:18.260000,0 days 01:22:27.948000,0 days 01:23:13.286000,0 days 01:23:31.546000,296.0,217.0,305.0,249.0,False,INTERMEDIATE,11.0,False,RB,0 days 01:22:06.259000,,1,6.0,,,False,True
0 days 01:24:56.178000,LAW,30,0 days 00:01:24.682000,9.0,1.0,,,0 days 00:00:21.525000,0 days 00:00:44.943000,0 days 00:00:18.214000,0 days 01:23:53.071000,0 days 01:24:38.014000,0 days 01:24:56.228000,302.0,219.0,307.0,257.0,True,INTERMEDIATE,12.0,False,RB,0 days 01:23:31.496000,,1,6.0,,,False,True
0 days 01:26:21.154000,LAW,30,0 days 00:01:24.976000,10.0,1.0,,,0 days 00:00:21.653000,0 days 00:00:44.989000,0 days 00:00:18.334000,0 days 01:25:17.881000,0 days 01:26:02.870000,0 days 01:26:21.204000,302.0,219.0,307.0,252.0,False,INTERMEDIATE,13.0,False,RB,0 days 01:24:56.178000,,1,6.0,,,False,True
0 days 01:27:47.174000,LAW,30,0 days 00:01:26.020000,11.0,1.0,,,0 days 00:00:21.451000,0 days 00:00:46.149000,0 days 00:00:18.420000,0 days 01:26:42.655000,0 days 01:27:28.804000,0 days 01:27:47.224000,302.0,213.0,308.0,258.0,False,INTERMEDIATE,14.0,False,RB,0 days 01:26:21.154000,,12,7.0,,,False,True
0 days 01:29:12.008000,LAW,30,0 days 00:01:24.834000,12.0,1.0,,,0 days 00:00:21.513000,0 days 00:00:45.065000,0 days 00:00:18.256000,0 days 01:28:08.737000,0 days 01:28:53.802000,0 days 01:29:12.058000,302.0,219.0,306.0,246.0,False,INTERMEDIATE,15.0,False,RB,0 days 01:27:47.174000,,21,7.0,,,False,True
0 days 01:30:37.218000,LAW,30,0 days 00:01:25.210000,13.0,1.0,,,0 days 00:00:21.718000,0 days 00:00:45.236000,0 days 00:00:18.256000,0 days 01:29:33.776000,0 days 01:30:19.012000,0 days 01:30:37.268000,302.0,219.0,306.0,254.0,False,INTERMEDIATE,16.0,False,RB,0 days 01:29:12.008000,,1,7.0,,,False,True
0 days 01:32:02.031000,LAW,30,0 days 00:01:24.813000,14.0,1.0,,,0 days 00:00:21.647000,0 days 00:00:45.020000,0 days 00:00:18.146000,0 days 01:30:58.915000,0 days 01:31:43.935000,0 days 01:32:02.081000,300.0,224.0,305.0,247.0,False,INTERMEDIATE,17.0,False,RB,0 days 01:30:37.218000,,1,7.0,,,False,True
0 days 01:33:27.185000,LAW,30,0 days 00:01:25.154000,15.0,1.0,,,0 days 00:00:21.650000,0 days 00:00:45.404000,0 days 00:00:18.100000,0 days 01:32:23.731000,0 days 01:33:09.135000,0 days 01:33:27.235000,301.0,217.0,306.0,245.0,False,INTERMEDIATE,18.0,False,RB,0 days 01:32:02.031000,,1,7.0,,,False,True
0 days 01:34:52.169000,LAW,30,0 days 00:01:24.984000,16.0,1.0,,,0 days 00:00:21.675000,0 days 00:00:45.082000,0 days 00:00:18.227000,0 days 01:33:48.910000,0 days 01:34:33.992000,0 days 01:34:52.219000,301.0,220.0,307.0,247.0,False,INTERMEDIATE,19.0,False,RB,0 days 01:33:27.185000,,1,7.0,,,False,True
0 days 01:36:16.694000,LAW,30,0 days 00:01:24.525000,17.0,1.0,,,0 days 00:00:21.597000,0 days 00:00:44.806000,0 days 00:00:18.122000,0 days 01:35:13.816000,0 days 01:35:58.622000,0 days 01:36:16.744000,302.0,222.0,305.0,250.0,True,INTERMEDIATE,20.0,False,RB,0 days 01:34:52.169000,,1,7.0,,,False,True
0 days 01:37:41.376000,LAW,30,0 days 00:01:24.682000,18.0,1.0,,,0 days 00:00:21.557000,0 days 00:00:44.946000,0 days 00:00:18.179000,0 days 01:36:38.301000,0 days 01:37:23.247000,0 days 01:37:41.426000,301.0,224.0,305.0,255.0,False,INTERMEDIATE,21.0,False,RB,0 days 01:36:16.694000,,1,7.0,,,False,True
0 days 01:39:05.983000,LAW,30,0 days 00:01:24.607000,19.0,1.0,,,0 days 00:00:21.603000,0 days 00:00:44.798000,0 days 00:00:18.206000,0 days 01:38:03.029000,0 days 01:38:47.827000,0 days 01:39:06.033000,301.0,226.0,305.0,245.0,False,INTERMEDIATE,22.0,False,RB,0 days 01:37:41.376000,,1,7.0,,,False,True
0 days 01:40:30.017000,LAW,30,0 days 00:01:24.034000,20.0,1.0,,,0 days 00:00:21.522000,0 days 00:00:44.370000,0 days 00:00:18.142000,0 days 01:39:27.555000,0 days 01:40:11.925000,0 days 01:40:30.067000,301.0,227.0,306.0,250.0,True,INTERMEDIATE,23.0,False,RB,0 days 01:39:05.983000,,1,7.0,,,False,True
0 days 01:41:54.187000,LAW,30,0 days 00:01:24.170000,21.0,1.0,,,0 days 00:00:21.469000,0 days 00:00:44.546000,0 days 00:00:18.155000,0 days 01:40:51.536000,0 days 01:41:36.082000,0 days 01:41:54.237000,302.0,227.0,306.0,253.0,False,INTERMEDIATE,24.0,False,RB,0 days 01:40:30.017000,,1,7.0,,,False,True
0 days 01:43:18.552000,LAW,30,0 days 00:01:24.365000,22.0,1.0,,,0 days 00:00:21.472000,0 days 00:00:44.728000,0 days 00:00:18.165000,0 days 01:42:15.709000,0 days 01:43:00.437000,0 days 01:43:18.602000,302.0,227.0,306.0,248.0,False,INTERMEDIATE,25.0,False,RB,0 days 01:41:54.187000,,1,7.0,,,False,True
0 days 01:44:43.552000,LAW,30,0 days 00:01:25,23.0,1.0,,,0 days 00:00:21.831000,0 days 00:00:44.902000,0 days 00:00:18.267000,0 days 01:43:40.433000,0 days 01:44:25.335000,0 days 01:44:43.602000,298.0,220.0,305.0,252.0,False,INTERMEDIATE,26.0,False,RB,0 days 01:43:18.552000,,1,7.0,,,False,True
0 days 01:46:08.309000,LAW,30,0 days 00:01:24.757000,24.0,1.0,,,0 days 00:00:21.752000,0 days 00:00:44.789000,0 days 00:00:18.216000,0 days 01:45:05.354000,0 days 01:45:50.143000,0 days 01:46:08.359000,301.0,220.0,306.0,249.0,False,INTERMEDIATE,27.0,False,RB,0 days 01:44:43.552000,,1,7.0,,,False,True
0 days 01:47:33.224000,LAW,30,0 days 00:01:24.915000,25.0,1.0,,,0 days 00:00:21.669000,0 days 00:00:45.102000,0 days 00:00:18.144000,0 days 01:46:30.028000,0 days 01:47:15.130000,0 days 01:47:33.274000,301.0,221.0,305.0,246.0,False,INTERMEDIATE,28.0,False,RB,0 days 01:46:08.309000,,1,6.0,,,False,True
0 days 01:49:05.470000,LAW,30,0 days 00:01:32.246000,26.0,1.0,,,0 days 00:00:27.833000,0 days 00:00:45.941000,0 days 00:00:18.472000,0 days 01:48:01.107000,0 days 01:48:47.048000,0 days 01:49:05.520000,297.0,201.0,308.0,244.0,False,INTERMEDIATE,29.0,False,RB,0 days 01:47:33.224000,,12,9.0,,,False,True
0 days 01:50:43.134000,LAW,30,0 days 00:01:37.664000,27.0,1.0,,,0 days 00:00:22.170000,0 days 00:00:46.815000,0 days 00:00:28.679000,0 days 01:49:27.690000,0 days 01:50:14.505000,0 days 01:50:43.184000,286.0,190.0,244.0,233.0,False,INTERMEDIATE,30.0,False,RB,0 days 01:49:05.470000,,126,9.0,,,False,False
0 days 01:52:36.179000,LAW,30,0 days 00:01:53.045000,28.0,1.0,,0 days 01:52:33.272000,0 days 00:00:28.493000,0 days 00:00:55.313000,0 days 00:00:29.239000,0 days 01:51:11.677000,0 days 01:52:06.990000,0 days 01:52:36.229000,253.0,170.0,,175.0,False,INTERMEDIATE,31.0,False,RB,0 days 01:50:43.134000,,671,7.0,,,False,False
0 days 01:54:41.501000,LAW,30,0 days 00:02:05.322000,29.0,2.0,0 days 01:53:01.512000,,0 days 00:00:47.811000,0 days 00:00:54.203000,0 days 00:00:23.308000,0 days 01:53:24.040000,0 days 01:54:18.243000,0 days 01:54:41.551000,214.0,149.0,276.0,175.0,False,WET,16.0,False,RB,0 days 01:52:36.179000,,1,11.0,,,False,False
0 days 01:56:36.423000,LAW,30,0 days 00:01:54.922000,30.0,2.0,,,0 days 00:00:32.204000,0 days 00:00:53.321000,0 days 00:00:29.397000,0 days 01:55:13.755000,0 days 01:56:07.076000,0 days 01:56:36.473000,228.0,166.0,214.0,210.0,False,WET,17.0,False,RB,0 days 01:54:41.501000,,14,10.0,,,False,False
0 days 01:58:28.484000,LAW,30,0 days 00:01:52.061000,31.0,2.0,,,0 days 00:00:30.438000,0 days 00:00:56.377000,0 days 00:00:25.246000,0 days 01:57:06.911000,0 days 01:58:03.288000,0 days 01:58:28.534000,248.0,176.0,217.0,177.0,False,WET,18.0,False,RB,0 days 01:56:36.423000,,4,10.0,,,False,False
0 days 02:01:07.298000,LAW,30,,32.0,2.0,,0 days 02:01:01.403000,0 days 00:00:31.300000,0 days 00:01:06.115000,0 days 00:01:01.374000,0 days 01:58:59.888000,0 days 02:00:05.974000,0 days 02:01:07.421000,185.0,148.0,,191.0,False,WET,19.0,False,RB,0 days 01:58:28.484000,,45,10.0,,,False,False
0 days 02:26:41.670000,LAW,30,,33.0,3.0,0 days 02:24:44.043000,,,0 days 00:00:52.684000,0 days 00:00:39.678000,,0 days 02:26:02.043000,0 days 02:26:41.823000,201.0,147.0,248.0,191.0,False,INTERMEDIATE,4.0,False,RB,0 days 02:23:57.645000,,12,10.0,,,False,False
0 days 02:28:21.038000,LAW,30,0 days 00:01:39.368000,34.0,3.0,,,0 days 00:00:26.798000,0 days 00:00:52.231000,0 days 00:00:20.339000,0 days 02:27:08.518000,0 days 02:28:00.749000,0 days 02:28:21.088000,237.0,170.0,301.0,162.0,False,INTERMEDIATE,5.0,False,RB,0 days 02:26:41.670000,,1,11.0,,,False,True
0 days 02:29:53.672000,LAW,30,0 days 00:01:32.634000,35.0,3.0,,,0 days 00:00:24.635000,0 days 00:00:49.010000,0 days 00:00:18.989000,0 days 02:28:45.723000,0 days 02:29:34.733000,0 days 02:29:53.722000,233.0,183.0,303.0,191.0,False,INTERMEDIATE,6.0,False,RB,0 days 02:28:21.038000,,1,11.0,,,False,True
0 days 02:31:22.973000,LAW,30,0 days 00:01:29.301000,36.0,3.0,,,0 days 00:00:23.321000,0 days 00:00:47.282000,0 days 00:00:18.698000,0 days 02:30:17.043000,0 days 02:31:04.325000,0 days 02:31:23.023000,251.0,196.0,304.0,228.0,False,INTERMEDIATE,7.0,False,RB,0 days 02:29:53.672000,,12,11.0,,,False,True
0 days 02:32:51.019000,LAW,30,0 days 00:01:28.046000,37.0,3.0,,,0 days 00:00:22.736000,0 days 00:00:46.740000,0 days 00:00:18.570000,0 days 02:31:45.759000,0 days 02:32:32.499000,0 days 02:32:51.069000,262.0,202.0,307.0,234.0,False,INTERMEDIATE,8.0,False,RB,0 days 02:31:22.973000,,1,11.0,,,False,True
0 days 02:34:17.892000,LAW,30,0 days 00:01:26.873000,38.0,3.0,,,0 days 00:00:22.398000,0 days 00:00:46.093000,0 days 00:00:18.382000,0 days 02:33:13.467000,0 days 02:33:59.560000,0 days 02:34:17.942000,275.0,213.0,306.0,220.0,False,INTERMEDIATE,9.0,False,RB,0 days 02:32:51.019000,,12,11.0,,,False,True
0 days 02:35:57.495000,LAW,30,0 days 00:01:39.603000,39.0,3.0,,,0 days 00:00:22.252000,0 days 00:00:51.682000,0 days 00:00:25.669000,0 days 02:34:40.194000,0 days 02:35:31.876000,0 days 02:35:57.545000,275.0,183.0,264.0,230.0,False,INTERMEDIATE,10.0,False,RB,0 days 02:34:17.892000,,124,11.0,,,False,False
0 days 02:37:47.847000,LAW,30,0 days 00:01:50.352000,40.0,3.0,,,0 days 00:00:28.941000,0 days 00:00:56.119000,0 days 00:00:25.292000,0 days 02:36:26.486000,0 days 02:37:22.605000,0 days 02:37:47.897000,267.0,182.0,235.0,201.0,False,INTERMEDIATE,11.0,False,RB,0 days 02:35:57.495000,,4,11.0,,,False,False
0 days 02:39:52.202000,LAW,30,0 days 00:02:04.355000,41.0,3.0,,,0 days 00:00:28.965000,0 days 00:01:00.433000,0 days 00:00:34.957000,0 days 02:38:16.862000,0 days 02:39:17.295000,0 days 02:39:52.252000,216.0,175.0,248.0,174.0,False,INTERMEDIATE,12.0,False,RB,0 days 02:37:47.847000,,4,11.0,,,False,False
0 days 02:41:58.055000,LAW,30,0 days 00:02:05.853000,42.0,3.0,,,0 days 00:00:28.185000,0 days 00:01:01.156000,0 days 00:00:36.512000,0 days 02:40:20.437000,0 days 02:41:21.593000,0 days 02:41:58.105000,166.0,128.0,289.0,204.0,False,INTERMEDIATE,13.0,False,RB,0 days 02:39:52.202000,,41,11.0,,,False,False
0 days 02:43:28.613000,LAW,30,0 days 00:01:30.558000,43.0,3.0,,,0 days 00:00:23.683000,0 days 00:00:48.404000,0 days 00:00:18.471000,0 days 02:42:21.788000,0 days 02:43:10.192000,0 days 02:43:28.663000,283.0,207.0,308.0,238.0,False,INTERMEDIATE,14.0,False,RB,0 days 02:41:58.055000,,12,9.0,,,False,True
0 days 02:44:54.988000,LAW,30,0 days 00:01:26.375000,44.0,3.0,,,0 days 00:00:22.054000,0 days 00:00:46.021000,0 days 00:00:18.300000,0 days 02:43:50.717000,0 days 02:44:36.738000,0 days 02:44:55.038000,301.0,212.0,307.0,241.0,False,INTERMEDIATE,15.0,False,RB,0 days 02:43:28.613000,,21,9.0,,,False,True
0 days 02:46:20.108000,LAW,30,0 days 00:01:25.120000,45.0,3.0,,,0 days 00:00:21.905000,0 days 00:00:45.042000,0 days 00:00:18.173000,0 days 02:45:16.943000,0 days 02:46:01.985000,0 days 02:46:20.158000,303.0,218.0,306.0,238.0,False,INTERMEDIATE,16.0,False,RB,0 days 02:44:54.988000,,1,9.0,,,False,True
0 days 02:47:44.922000,LAW,30,0 days 00:01:24.814000,46.0,3.0,,,0 days 00:00:21.686000,0 days 00:00:44.959000,0 days 00:00:18.169000,0 days 02:46:41.844000,0 days 02:47:26.803000,0 days 02:47:44.972000,305.0,222.0,309.0,244.0,False,INTERMEDIATE,17.0,False,RB,0 days 02:46:20.108000,,1,9.0,,,False,True
0 days 02:49:09.326000,LAW,30,0 days 00:01:24.404000,47.0,3.0,,,0 days 00:00:21.617000,0 days 00:00:44.629000,0 days 00:00:18.158000,0 days 02:48:06.589000,0 days 02:48:51.218000,0 days 02:49:09.376000,305.0,220.0,307.0,247.0,False,INTERMEDIATE,18.0,False,RB,0 days 02:47:44.922000,,1,9.0,,,False,True
0 days 02:50:33.650000,LAW,30,0 days 00:01:24.324000,48.0,3.0,,,0 days 00:00:21.693000,0 days 00:00:44.631000,0 days 00:00:18,0 days 02:49:31.069000,0 days 02:50:15.700000,0 days 02:50:33.700000,304.0,225.0,309.0,240.0,False,INTERMEDIATE,19.0,False,RB,0 days 02:49:09.326000,,1,9.0,,,False,True
0 days 02:51:57.699000,LAW,30,0 days 00:01:24.049000,49.0,3.0,,,0 days 00:00:21.629000,0 days 00:00:44.492000,0 days 00:00:17.928000,0 days 02:50:55.329000,0 days 02:51:39.821000,0 days 02:51:57.749000,305.0,223.0,309.0,243.0,False,INTERMEDIATE,20.0,False,RB,0 days 02:50:33.650000,,1,9.0,,,False,True
0 days 02:53:21.386000,LAW,30,0 days 00:01:23.687000,50.0,3.0,,,0 days 00:00:21.566000,0 days 00:00:44.093000,0 days 00:00:18.028000,0 days 02:52:19.315000,0 days 02:53:03.408000,0 days 02:53:21.436000,305.0,227.0,305.0,238.0,True,INTERMEDIATE,21.0,False,RB,0 days 02:51:57.699000,,1,9.0,,,False,True
0 days 02:54:45.476000,LAW,30,0 days 00:01:24.090000,51.0,3.0,,,0 days 00:00:21.570000,0 days 00:00:44.480000,0 days 00:00:18.040000,0 days 02:53:43.006000,0 days 02:54:27.486000,0 days 02:54:45.526000,305.0,222.0,307.0,243.0,False,INTERMEDIATE,22.0,False,RB,0 days 02:53:21.386000,,12,9.0,,,False,True
0 days 02:56:09.675000,LAW,30,0 days 00:01:24.199000,52.0,3.0,,,0 days 00:00:21.643000,0 days 00:00:44.368000,0 days 00:00:18.188000,0 days 02:55:07.169000,0 days 02:55:51.537000,0 days 02:56:09.725000,307.0,223.0,307.0,247.0,False,INTERMEDIATE,23.0,False,RB,0 days 02:54:45.476000,,1,9.0,,,False,True
0 days 02:57:33.723000,LAW,30,0 days 00:01:24.048000,53.0,3.0,,,0 days 00:00:21.538000,0 days 00:00:44.419000,0 days 00:00:18.091000,0 days 02:56:31.263000,0 days 02:57:15.682000,0 days 02:57:33.773000,306.0,224.0,306.0,246.0,False,INTERMEDIATE,24.0,False,RB,0 days 02:56:09.675000,,1,9.0,,,False,True
0 days 02:58:57.665000,LAW,30,0 days 00:01:23.942000,54.0,3.0,,,0 days 00:00:21.652000,0 days 00:00:44.143000,0 days 00:00:18.147000,0 days 02:57:55.425000,0 days 02:58:39.568000,0 days 02:58:57.715000,305.0,223.0,304.0,253.0,False,INTERMEDIATE,25.0,False,RB,0 days 02:57:33.723000,,1,9.0,,,False,True
0 days 03:00:21.362000,LAW,30,0 days 00:01:23.697000,55.0,3.0,,,0 days 00:00:21.856000,0 days 00:00:43.879000,0 days 00:00:17.962000,0 days 02:59:19.571000,0 days 03:00:03.450000,0 days 03:00:21.412000,303.0,225.0,306.0,255.0,False,INTERMEDIATE,26.0,False,RB,0 days 02:58:57.665000,,1,9.0,,,False,True
0 days 03:01:44.747000,LAW,30,0 days 00:01:23.385000,56.0,3.0,,,0 days 00:00:21.256000,0 days 00:00:43.997000,0 days 00:00:18.132000,0 days 03:00:42.668000,0 days 03:01:26.665000,0 days 03:01:44.797000,304.0,227.0,304.0,265.0,True,INTERMEDIATE,27.0,False,RB,0 days 03:00:21.362000,,1,9.0,,,False,True
0 days 03:03:07.700000,LAW,30,0 days 00:01:22.953000,57.0,3.0,,,0 days 00:00:21.111000,0 days 00:00:43.864000,0 days 00:00:17.978000,0 days 03:02:05.908000,0 days 03:02:49.772000,0 days 03:03:07.750000,306.0,229.0,305.0,251.0,True,INTERMEDIATE,28.0,False,RB,0 days 03:01:44.747000,,1,9.0,,,False,True
0 days 03:04:31.469000,LAW,30,0 days 00:01:23.769000,58.0,3.0,,,0 days 00:00:21.399000,0 days 00:00:44,0 days 00:00:18.370000,0 days 03:03:29.149000,0 days 03:04:13.149000,0 days 03:04:31.519000,304.0,228.0,304.0,254.0,False,INTERMEDIATE,29.0,False,RB,0 days 03:03:07.700000,,1,9.0,,,False,True
0 days 03:05:54.621000,LAW,30,0 days 00:01:23.152000,59.0,3.0,,,0 days 00:00:21.259000,0 days 00:00:43.863000,0 days 00:00:18.030000,0 days 03:04:52.778000,0 days 03:05:36.641000,0 days 03:05:54.671000,300.0,228.0,304.0,263.0,False,INTERMEDIATE,30.0,False,RB,0 days 03:04:31.469000,,1,9.0,,,False,True
0 days 03:07:17.721000,LAW,30,0 days 00:01:23.100000,60.0,3.0,,,0 days 00:00:21.381000,0 days 00:00:43.691000,0 days 00:00:18.028000,0 days 03:06:16.052000,0 days 03:06:59.743000,0 days 03:07:17.771000,301.0,228.0,304.0,257.0,False,INTERMEDIATE,31.0,False,RB,0 days 03:05:54.621000,,1,9.0,,,False,True
0 days 03:08:40.374000,LAW,30,0 days 00:01:22.653000,61.0,3.0,,,0 days 00:00:21.240000,0 days 00:00:43.378000,0 days 00:00:18.035000,0 days 03:07:39.011000,0 days 03:08:22.389000,0 days 03:08:40.424000,304.0,230.0,303.0,255.0,True,INTERMEDIATE,32.0,False,RB,0 days 03:07:17.721000,,1,9.0,,,False,True
0 days 03:10:03.103000,LAW,30,0 days 00:01:22.729000,62.0,3.0,,,0 days 00:00:21.240000,0 days 00:00:43.518000,0 days 00:00:17.971000,,0 days 03:09:45.182000,0 days 03:10:03.153000,303.0,229.0,305.0,258.0,False,INTERMEDIATE,33.0,False,RB,0 days 03:08:40.374000,,1,9.0,,,False,True
0 days 03:11:25.395000,LAW,30,0 days 00:01:22.292000,63.0,3.0,,,0 days 00:00:21.066000,0 days 00:00:43.291000,0 days 00:00:17.935000,0 days 03:10:24.219000,0 days 03:11:07.510000,0 days 03:11:25.445000,304.0,234.0,303.0,263.0,True,INTERMEDIATE,34.0,False,RB,0 days 03:10:03.103000,,1,9.0,,,False,True
0 days 03:12:47.822000,LAW,30,0 days 00:01:22.427000,64.0,3.0,,,0 days 00:00:21.124000,0 days 00:00:43.356000,0 days 00:00:17.947000,0 days 03:11:46.569000,0 days 03:12:29.925000,0 days 03:12:47.872000,302.0,231.0,304.0,267.0,False,INTERMEDIATE,35.0,False,RB,0 days 03:11:25.395000,,1,9.0,,,False,True
0 days 03:14:10.337000,LAW,30,0 days 00:01:22.515000,65.0,3.0,,,0 days 00:00:21.110000,0 days 00:00:43.412000,0 days 00:00:17.993000,0 days 03:13:08.982000,0 days 03:13:52.394000,0 days 03:14:10.387000,304.0,230.0,305.0,266.0,False,INTERMEDIATE,36.0,False,RB,0 days 03:12:47.822000,,1,9.0,,,False,True
0 days 03:15:32.989000,LAW,30,0 days 00:01:22.652000,66.0,3.0,,,0 days 00:00:21.289000,0 days 00:00:43.465000,0 days 00:00:17.898000,0 days 03:14:31.676000,0 days 03:15:15.141000,0 days 03:15:33.039000,303.0,231.0,305.0,266.0,False,INTERMEDIATE,37.0,False,RB,0 days 03:14:10.337000,,1,9.0,,,False,True
0 days 03:16:55.112000,LAW,30,0 days 00:01:22.123000,67.0,3.0,,,0 days 00:00:21.041000,0 days 00:00:43.162000,0 days 00:00:17.920000,0 days 03:15:54.080000,0 days 03:16:37.242000,0 days 03:16:55.162000,304.0,235.0,304.0,268.0,True,INTERMEDIATE,38.0,False,RB,0 days 03:15:32.989000,,1,9.0,,,False,True
0 days 03:18:17.403000,LAW,30,0 days 00:01:22.291000,68.0,3.0,,,0 days 00:00:21.123000,0 days 00:00:43.247000,0 days 00:00:17.921000,0 days 03:17:16.285000,0 days 03:17:59.532000,0 days 03:18:17.453000,302.0,234.0,304.0,266.0,False,INTERMEDIATE,39.0,False,RB,0 days 03:16:55.112000,,1,9.0,,,False,True
0 days 03:19:39.936000,LAW,30,0 days 00:01:22.533000,69.0,3.0,,,0 days 00:00:20.990000,0 days 00:00:43.462000,0 days 00:00:18.081000,0 days 03:18:38.443000,0 days 03:19:21.905000,0 days 03:19:39.986000,303.0,228.0,305.0,271.0,False,INTERMEDIATE,40.0,False,RB,0 days 03:18:17.403000,,1,9.0,,,False,True
0 days 01:13:29.513000,OCO,31,0 days 00:01:34.467000,1.0,1.0,,,,0 days 00:00:46.939000,0 days 00:00:18.620000,,0 days 01:13:11.056000,0 days 01:13:29.666000,261.0,198.0,305.0,192.0,False,INTERMEDIATE,3.0,False,Alpine,0 days 01:11:54.770000,,12,4.0,,,False,False
0 days 01:14:55.889000,OCO,31,0 days 00:01:26.376000,2.0,1.0,,,0 days 00:00:22.069000,0 days 00:00:45.797000,0 days 00:00:18.510000,0 days 01:13:51.654000,0 days 01:14:37.451000,0 days 01:14:55.961000,283.0,201.0,296.0,226.0,True,INTERMEDIATE,4.0,False,Alpine,0 days 01:13:29.513000,,1,4.0,,,False,True
0 days 01:16:22.227000,OCO,31,0 days 00:01:26.338000,3.0,1.0,,,0 days 00:00:21.898000,0 days 00:00:45.879000,0 days 00:00:18.561000,0 days 01:15:17.859000,0 days 01:16:03.738000,0 days 01:16:22.299000,293.0,201.0,304.0,233.0,True,INTERMEDIATE,5.0,False,Alpine,0 days 01:14:55.889000,,1,4.0,,,False,True
0 days 01:17:47.930000,OCO,31,0 days 00:01:25.703000,4.0,1.0,,,0 days 00:00:21.705000,0 days 00:00:45.520000,0 days 00:00:18.478000,0 days 01:16:44.004000,0 days 01:17:29.524000,0 days 01:17:48.002000,280.0,207.0,304.0,236.0,True,INTERMEDIATE,6.0,False,Alpine,0 days 01:16:22.227000,,12,4.0,,,False,True
0 days 01:19:13.347000,OCO,31,0 days 00:01:25.417000,5.0,1.0,,,0 days 00:00:21.759000,0 days 00:00:45.152000,0 days 00:00:18.506000,0 days 01:18:09.761000,0 days 01:18:54.913000,0 days 01:19:13.419000,286.0,209.0,304.0,240.0,True,INTERMEDIATE,7.0,False,Alpine,0 days 01:17:47.930000,,1,4.0,,,False,True
0 days 01:20:38.358000,OCO,31,0 days 00:01:25.011000,6.0,1.0,,,0 days 00:00:21.530000,0 days 00:00:45.079000,0 days 00:00:18.402000,0 days 01:19:34.949000,0 days 01:20:20.028000,0 days 01:20:38.430000,290.0,208.0,304.0,241.0,True,INTERMEDIATE,8.0,False,Alpine,0 days 01:19:13.347000,,1,4.0,,,False,True
0 days 01:22:03.738000,OCO,31,0 days 00:01:25.380000,7.0,1.0,,,0 days 00:00:21.620000,0 days 00:00:45.372000,0 days 00:00:18.388000,0 days 01:21:00.050000,0 days 01:21:45.422000,0 days 01:22:03.810000,286.0,209.0,304.0,243.0,False,INTERMEDIATE,9.0,False,Alpine,0 days 01:20:38.358000,,1,4.0,,,False,True
0 days 01:23:28.692000,OCO,31,0 days 00:01:24.954000,8.0,1.0,,,0 days 00:00:21.492000,0 days 00:00:45.136000,0 days 00:00:18.326000,0 days 01:22:25.302000,0 days 01:23:10.438000,0 days 01:23:28.764000,292.0,212.0,305.0,246.0,True,INTERMEDIATE,10.0,False,Alpine,0 days 01:22:03.738000,,1,4.0,,,False,True
0 days 01:24:53.346000,OCO,31,0 days 00:01:24.654000,9.0,1.0,,,0 days 00:00:21.375000,0 days 00:00:44.952000,0 days 00:00:18.327000,0 days 01:23:50.139000,0 days 01:24:35.091000,0 days 01:24:53.418000,291.0,210.0,306.0,249.0,True,INTERMEDIATE,11.0,False,Alpine,0 days 01:23:28.692000,,1,4.0,,,False,True
0 days 01:26:17.839000,OCO,31,0 days 00:01:24.493000,10.0,1.0,,,0 days 00:00:21.335000,0 days 00:00:44.807000,0 days 00:00:18.351000,0 days 01:25:14.753000,0 days 01:25:59.560000,0 days 01:26:17.911000,292.0,213.0,306.0,248.0,True,INTERMEDIATE,12.0,False,Alpine,0 days 01:24:53.346000,,1,4.0,,,False,True
0 days 01:27:42.621000,OCO,31,0 days 00:01:24.782000,11.0,1.0,,,0 days 00:00:21.476000,0 days 00:00:44.983000,0 days 00:00:18.323000,0 days 01:26:39.387000,0 days 01:27:24.370000,0 days 01:27:42.693000,295.0,213.0,307.0,244.0,False,INTERMEDIATE,13.0,False,Alpine,0 days 01:26:17.839000,,12,4.0,,,False,True
0 days 01:29:07.262000,OCO,31,0 days 00:01:24.641000,12.0,1.0,,,0 days 00:00:21.399000,0 days 00:00:44.849000,0 days 00:00:18.393000,0 days 01:28:04.092000,0 days 01:28:48.941000,0 days 01:29:07.334000,293.0,215.0,307.0,243.0,False,INTERMEDIATE,14.0,False,Alpine,0 days 01:27:42.621000,,21,4.0,,,False,True
0 days 01:30:32.188000,OCO,31,0 days 00:01:24.926000,13.0,1.0,,,0 days 00:00:21.445000,0 days 00:00:45.073000,0 days 00:00:18.408000,0 days 01:29:28.779000,0 days 01:30:13.852000,0 days 01:30:32.260000,295.0,208.0,307.0,240.0,False,INTERMEDIATE,15.0,False,Alpine,0 days 01:29:07.262000,,1,4.0,,,False,True
0 days 01:31:57.232000,OCO,31,0 days 00:01:25.044000,14.0,1.0,,,0 days 00:00:21.715000,0 days 00:00:45.017000,0 days 00:00:18.312000,0 days 01:30:53.975000,0 days 01:31:38.992000,0 days 01:31:57.304000,285.0,212.0,305.0,239.0,False,INTERMEDIATE,16.0,False,Alpine,0 days 01:30:32.188000,,1,4.0,,,False,True
0 days 01:33:22.128000,OCO,31,0 days 00:01:24.896000,15.0,1.0,,,0 days 00:00:21.504000,0 days 00:00:45.080000,0 days 00:00:18.312000,0 days 01:32:18.808000,0 days 01:33:03.888000,0 days 01:33:22.200000,292.0,211.0,306.0,248.0,False,INTERMEDIATE,17.0,False,Alpine,0 days 01:31:57.232000,,1,4.0,,,False,True
0 days 01:34:47.173000,OCO,31,0 days 00:01:25.045000,16.0,1.0,,,0 days 00:00:22.208000,0 days 00:00:44.677000,0 days 00:00:18.160000,0 days 01:33:44.408000,0 days 01:34:29.085000,0 days 01:34:47.245000,301.0,216.0,306.0,246.0,False,INTERMEDIATE,18.0,False,Alpine,0 days 01:33:22.128000,,1,4.0,,,False,True
0 days 01:36:11.416000,OCO,31,0 days 00:01:24.243000,17.0,1.0,,,0 days 00:00:21.370000,0 days 00:00:44.689000,0 days 00:00:18.184000,0 days 01:35:08.615000,0 days 01:35:53.304000,0 days 01:36:11.488000,303.0,216.0,307.0,257.0,True,INTERMEDIATE,19.0,False,Alpine,0 days 01:34:47.173000,,1,4.0,,,False,True
0 days 01:37:35.839000,OCO,31,0 days 00:01:24.423000,18.0,1.0,,,0 days 00:00:21.655000,0 days 00:00:44.508000,0 days 00:00:18.260000,0 days 01:36:33.143000,0 days 01:37:17.651000,0 days 01:37:35.911000,299.0,212.0,308.0,248.0,False,INTERMEDIATE,20.0,False,Alpine,0 days 01:36:11.416000,,1,4.0,,,False,True
0 days 01:39:00.061000,OCO,31,0 days 00:01:24.222000,19.0,1.0,,,0 days 00:00:21.470000,0 days 00:00:44.528000,0 days 00:00:18.224000,0 days 01:37:57.381000,0 days 01:38:41.909000,0 days 01:39:00.133000,300.0,214.0,307.0,250.0,True,INTERMEDIATE,21.0,False,Alpine,0 days 01:37:35.839000,,1,4.0,,,False,True
0 days 01:40:24.343000,OCO,31,0 days 00:01:24.282000,20.0,1.0,,,0 days 00:00:21.524000,0 days 00:00:44.554000,0 days 00:00:18.204000,0 days 01:39:21.657000,0 days 01:40:06.211000,0 days 01:40:24.415000,303.0,215.0,308.0,246.0,False,INTERMEDIATE,22.0,False,Alpine,0 days 01:39:00.061000,,1,4.0,,,False,True
0 days 01:41:48.380000,OCO,31,0 days 00:01:24.037000,21.0,1.0,,,0 days 00:00:21.455000,0 days 00:00:44.374000,0 days 00:00:18.208000,0 days 01:40:45.870000,0 days 01:41:30.244000,0 days 01:41:48.452000,298.0,212.0,307.0,249.0,True,INTERMEDIATE,23.0,False,Alpine,0 days 01:40:24.343000,,1,4.0,,,False,True
0 days 01:43:12.750000,OCO,31,0 days 00:01:24.370000,22.0,1.0,,,0 days 00:00:21.477000,0 days 00:00:44.753000,0 days 00:00:18.140000,0 days 01:42:09.929000,0 days 01:42:54.682000,0 days 01:43:12.822000,302.0,217.0,307.0,250.0,False,INTERMEDIATE,24.0,False,Alpine,0 days 01:41:48.380000,,1,4.0,,,False,True
0 days 01:44:37.356000,OCO,31,0 days 00:01:24.606000,23.0,1.0,,,0 days 00:00:21.423000,0 days 00:00:44.932000,0 days 00:00:18.251000,0 days 01:43:34.245000,0 days 01:44:19.177000,0 days 01:44:37.428000,302.0,213.0,307.0,252.0,False,INTERMEDIATE,25.0,False,Alpine,0 days 01:43:12.750000,,1,4.0,,,False,True
0 days 01:46:01.872000,OCO,31,0 days 00:01:24.516000,24.0,1.0,,,0 days 00:00:21.517000,0 days 00:00:44.842000,0 days 00:00:18.157000,0 days 01:44:58.945000,0 days 01:45:43.787000,0 days 01:46:01.944000,302.0,217.0,308.0,247.0,False,INTERMEDIATE,26.0,False,Alpine,0 days 01:44:37.356000,,1,4.0,,,False,True
0 days 01:47:26.933000,OCO,31,0 days 00:01:25.061000,25.0,1.0,,,0 days 00:00:21.536000,0 days 00:00:45.196000,0 days 00:00:18.329000,0 days 01:46:23.480000,0 days 01:47:08.676000,0 days 01:47:27.005000,297.0,210.0,307.0,251.0,False,INTERMEDIATE,27.0,False,Alpine,0 days 01:46:01.872000,,1,4.0,,,False,True
0 days 01:48:52.403000,OCO,31,0 days 00:01:25.470000,26.0,1.0,,,0 days 00:00:21.523000,0 days 00:00:45.552000,0 days 00:00:18.395000,0 days 01:47:48.528000,0 days 01:48:34.080000,0 days 01:48:52.475000,279.0,210.0,308.0,245.0,False,INTERMEDIATE,28.0,False,Alpine,0 days 01:47:26.933000,,12,4.0,,,False,True
0 days 01:50:19.023000,OCO,31,0 days 00:01:26.620000,27.0,1.0,,,0 days 00:00:21.718000,0 days 00:00:46.274000,0 days 00:00:18.628000,0 days 01:49:14.193000,0 days 01:50:00.467000,0 days 01:50:19.095000,294.0,214.0,303.0,250.0,False,INTERMEDIATE,29.0,False,Alpine,0 days 01:48:52.403000,,126,3.0,,,False,False
0 days 01:52:09.737000,OCO,31,0 days 00:01:50.714000,28.0,1.0,,,0 days 00:00:31.956000,0 days 00:00:55.195000,0 days 00:00:23.563000,0 days 01:50:51.051000,0 days 01:51:46.246000,0 days 01:52:09.809000,198.0,168.0,280.0,168.0,False,INTERMEDIATE,30.0,False,Alpine,0 days 01:50:19.023000,,671,3.0,,,False,False
0 days 01:53:50.560000,OCO,31,0 days 00:01:40.823000,29.0,1.0,,,0 days 00:00:23.382000,0 days 00:00:53.837000,0 days 00:00:23.604000,0 days 01:52:33.191000,0 days 01:53:27.028000,0 days 01:53:50.632000,241.0,168.0,243.0,215.0,False,INTERMEDIATE,31.0,False,Alpine,0 days 01:52:09.737000,,1,1.0,,,False,True
0 days 01:55:48.707000,OCO,31,0 days 00:01:58.147000,30.0,1.0,,,0 days 00:00:30.382000,0 days 00:01:02.240000,0 days 00:00:25.525000,0 days 01:54:21.014000,0 days 01:55:23.254000,0 days 01:55:48.779000,188.0,151.0,223.0,203.0,False,INTERMEDIATE,32.0,False,Alpine,0 days 01:53:50.560000,,14,1.0,,,False,False
0 days 01:58:00.817000,OCO,31,0 days 00:02:12.110000,31.0,1.0,,,0 days 00:00:33.112000,0 days 00:01:08.064000,0 days 00:00:30.934000,0 days 01:56:21.891000,0 days 01:57:29.955000,0 days 01:58:00.889000,199.0,136.0,202.0,179.0,False,INTERMEDIATE,33.0,False,Alpine,0 days 01:55:48.707000,,4,1.0,,,False,False
0 days 02:00:39.042000,OCO,31,,32.0,1.0,,0 days 02:00:35.467000,0 days 00:00:36.080000,0 days 00:01:12.164000,0 days 00:00:49.986000,0 days 01:58:37.012000,0 days 01:59:49.128000,0 days 02:00:39.257000,152.0,93.0,,115.0,False,INTERMEDIATE,34.0,False,Alpine,0 days 01:58:00.817000,,45,1.0,,,False,False
0 days 02:26:36.856000,OCO,31,,33.0,2.0,0 days 02:24:04.195000,,,0 days 00:01:15.860000,0 days 00:00:46.895000,,0 days 02:25:50.079000,0 days 02:26:37.138000,134.0,81.0,270.0,115.0,False,INTERMEDIATE,3.0,False,Alpine,0 days 02:23:57.645000,,12,1.0,,,False,False
0 days 02:28:06.247000,OCO,31,0 days 00:01:29.391000,34.0,2.0,,,0 days 00:00:23.080000,0 days 00:00:46.987000,0 days 00:00:19.324000,0 days 02:27:00.008000,0 days 02:27:46.995000,0 days 02:28:06.319000,281.0,206.0,293.0,228.0,False,INTERMEDIATE,4.0,False,Alpine,0 days 02:26:36.856000,,21,1.0,,,False,True
0 days 02:29:33.160000,OCO,31,0 days 00:01:26.913000,35.0,2.0,,,0 days 00:00:22.141000,0 days 00:00:45.857000,0 days 00:00:18.915000,0 days 02:28:28.460000,0 days 02:29:14.317000,0 days 02:29:33.232000,290.0,210.0,294.0,240.0,False,INTERMEDIATE,5.0,False,Alpine,0 days 02:28:06.247000,,1,1.0,,,False,True
0 days 02:30:58.933000,OCO,31,0 days 00:01:25.773000,36.0,2.0,,,0 days 00:00:21.974000,0 days 00:00:45.157000,0 days 00:00:18.642000,0 days 02:29:55.206000,0 days 02:30:40.363000,0 days 02:30:59.005000,284.0,212.0,297.0,247.0,False,INTERMEDIATE,6.0,False,Alpine,0 days 02:29:33.160000,,12,1.0,,,False,True
0 days 02:32:24.204000,OCO,31,0 days 00:01:25.271000,37.0,2.0,,,0 days 00:00:22.004000,0 days 00:00:44.751000,0 days 00:00:18.516000,0 days 02:31:21.009000,0 days 02:32:05.760000,0 days 02:32:24.276000,290.0,215.0,298.0,252.0,False,INTERMEDIATE,7.0,False,Alpine,0 days 02:30:58.933000,,1,1.0,,,False,True
0 days 02:33:48.806000,OCO,31,0 days 00:01:24.602000,38.0,2.0,,,0 days 00:00:21.775000,0 days 00:00:44.373000,0 days 00:00:18.454000,0 days 02:32:46.051000,0 days 02:33:30.424000,0 days 02:33:48.878000,293.0,216.0,299.0,247.0,False,INTERMEDIATE,8.0,False,Alpine,0 days 02:32:24.204000,,12,1.0,,,False,True
0 days 02:35:13.226000,OCO,31,0 days 00:01:24.420000,39.0,2.0,,,0 days 00:00:21.691000,0 days 00:00:44.396000,0 days 00:00:18.333000,0 days 02:34:10.569000,0 days 02:34:54.965000,0 days 02:35:13.298000,295.0,221.0,300.0,259.0,False,INTERMEDIATE,9.0,False,Alpine,0 days 02:33:48.806000,,124,1.0,,,False,False
0 days 02:37:25.390000,OCO,31,0 days 00:02:12.164000,40.0,2.0,,,0 days 00:00:32.225000,0 days 00:01:11.014000,0 days 00:00:28.925000,0 days 02:35:45.523000,0 days 02:36:56.537000,0 days 02:37:25.462000,141.0,117.0,217.0,79.0,False,INTERMEDIATE,10.0,False,Alpine,0 days 02:35:13.226000,,4,1.0,,,False,False
0 days 02:39:30.903000,OCO,31,0 days 00:02:05.513000,41.0,2.0,,,0 days 00:00:32.406000,0 days 00:01:05.683000,0 days 00:00:27.424000,0 days 02:37:57.868000,0 days 02:39:03.551000,0 days 02:39:30.975000,186.0,148.0,238.0,137.0,False,INTERMEDIATE,11.0,False,Alpine,0 days 02:37:25.390000,,4,1.0,,,False,False
0 days 02:41:54.455000,OCO,31,0 days 00:02:23.552000,42.0,2.0,,,0 days 00:00:31.921000,0 days 00:01:10.144000,0 days 00:00:41.487000,0 days 02:40:02.896000,0 days 02:41:13.040000,0 days 02:41:54.527000,181.0,77.0,275.0,147.0,False,INTERMEDIATE,12.0,False,Alpine,0 days 02:39:30.903000,,41,1.0,,,False,False
0 days 02:43:21.809000,OCO,31,0 days 00:01:27.354000,43.0,2.0,,,0 days 00:00:23.197000,0 days 00:00:45.598000,0 days 00:00:18.559000,0 days 02:42:17.724000,0 days 02:43:03.322000,0 days 02:43:21.881000,289.0,209.0,301.0,243.0,False,INTERMEDIATE,13.0,False,Alpine,0 days 02:41:54.455000,,12,2.0,,,False,True
0 days 02:44:46.313000,OCO,31,0 days 00:01:24.504000,44.0,2.0,,,0 days 00:00:21.663000,0 days 00:00:44.465000,0 days 00:00:18.376000,0 days 02:43:43.544000,0 days 02:44:28.009000,0 days 02:44:46.385000,298.0,218.0,301.0,246.0,False,INTERMEDIATE,14.0,False,Alpine,0 days 02:43:21.809000,,21,2.0,,,False,True
0 days 02:46:10.084000,OCO,31,0 days 00:01:23.771000,45.0,2.0,,,0 days 00:00:21.421000,0 days 00:00:43.974000,0 days 00:00:18.376000,0 days 02:45:07.806000,0 days 02:45:51.780000,0 days 02:46:10.156000,298.0,219.0,302.0,253.0,True,INTERMEDIATE,15.0,False,Alpine,0 days 02:44:46.313000,,1,2.0,,,False,True
0 days 02:47:33.479000,OCO,31,0 days 00:01:23.395000,46.0,2.0,,,0 days 00:00:21.350000,0 days 00:00:43.789000,0 days 00:00:18.256000,0 days 02:46:31.506000,0 days 02:47:15.295000,0 days 02:47:33.551000,298.0,220.0,303.0,250.0,True,INTERMEDIATE,16.0,False,Alpine,0 days 02:46:10.084000,,1,2.0,,,False,True
0 days 02:48:56.425000,OCO,31,0 days 00:01:22.946000,47.0,2.0,,,0 days 00:00:21.080000,0 days 00:00:43.678000,0 days 00:00:18.188000,0 days 02:47:54.631000,0 days 02:48:38.309000,0 days 02:48:56.497000,298.0,221.0,303.0,259.0,True,INTERMEDIATE,17.0,False,Alpine,0 days 02:47:33.479000,,1,2.0,,,False,True
0 days 02:50:19.355000,OCO,31,0 days 00:01:22.930000,48.0,2.0,,,0 days 00:00:21.196000,0 days 00:00:43.444000,0 days 00:00:18.290000,0 days 02:49:17.693000,0 days 02:50:01.137000,0 days 02:50:19.427000,297.0,225.0,302.0,259.0,True,INTERMEDIATE,18.0,False,Alpine,0 days 02:48:56.425000,,1,2.0,,,False,True
0 days 02:51:42.353000,OCO,31,0 days 00:01:22.998000,49.0,2.0,,,0 days 00:00:21.250000,0 days 00:00:43.502000,0 days 00:00:18.246000,0 days 02:50:40.677000,0 days 02:51:24.179000,0 days 02:51:42.425000,298.0,220.0,302.0,259.0,False,INTERMEDIATE,19.0,False,Alpine,0 days 02:50:19.355000,,1,2.0,,,False,True
0 days 02:53:05.041000,OCO,31,0 days 00:01:22.688000,50.0,2.0,,,0 days 00:00:21.203000,0 days 00:00:43.357000,0 days 00:00:18.128000,0 days 02:52:03.628000,0 days 02:52:46.985000,0 days 02:53:05.113000,297.0,225.0,302.0,257.0,True,INTERMEDIATE,20.0,False,Alpine,0 days 02:51:42.353000,,1,2.0,,,False,True
0 days 02:54:28.208000,OCO,31,0 days 00:01:23.167000,51.0,2.0,,,0 days 00:00:21.075000,0 days 00:00:43.879000,0 days 00:00:18.213000,0 days 02:53:26.188000,0 days 02:54:10.067000,0 days 02:54:28.280000,297.0,222.0,303.0,260.0,False,INTERMEDIATE,21.0,False,Alpine,0 days 02:53:05.041000,,12,2.0,,,False,True
0 days 02:55:50.777000,OCO,31,0 days 00:01:22.569000,52.0,2.0,,,0 days 00:00:21.076000,0 days 00:00:43.361000,0 days 00:00:18.132000,0 days 02:54:49.356000,0 days 02:55:32.717000,0 days 02:55:50.849000,298.0,220.0,302.0,265.0,True,INTERMEDIATE,22.0,False,Alpine,0 days 02:54:28.208000,,21,2.0,,,False,True
0 days 02:57:13.336000,OCO,31,0 days 00:01:22.559000,53.0,2.0,,,0 days 00:00:20.979000,0 days 00:00:43.398000,0 days 00:00:18.182000,0 days 02:56:11.828000,0 days 02:56:55.226000,0 days 02:57:13.408000,298.0,223.0,303.0,263.0,True,INTERMEDIATE,23.0,False,Alpine,0 days 02:55:50.777000,,1,2.0,,,False,True
0 days 02:58:36.151000,OCO,31,0 days 00:01:22.815000,54.0,2.0,,,0 days 00:00:21.145000,0 days 00:00:43.328000,0 days 00:00:18.342000,0 days 02:57:34.553000,0 days 02:58:17.881000,0 days 02:58:36.223000,298.0,225.0,302.0,258.0,False,INTERMEDIATE,24.0,False,Alpine,0 days 02:57:13.336000,,1,2.0,,,False,True
0 days 02:59:58.821000,OCO,31,0 days 00:01:22.670000,55.0,2.0,,,0 days 00:00:21.028000,0 days 00:00:43.441000,0 days 00:00:18.201000,0 days 02:58:57.251000,0 days 02:59:40.692000,0 days 02:59:58.893000,299.0,226.0,303.0,266.0,False,INTERMEDIATE,25.0,False,Alpine,0 days 02:58:36.151000,,1,2.0,,,False,True
0 days 03:01:21.625000,OCO,31,0 days 00:01:22.804000,56.0,2.0,,,0 days 00:00:21.218000,0 days 00:00:43.432000,0 days 00:00:18.154000,0 days 03:00:20.111000,0 days 03:01:03.543000,0 days 03:01:21.697000,298.0,224.0,303.0,257.0,False,INTERMEDIATE,26.0,False,Alpine,0 days 02:59:58.821000,,1,2.0,,,False,True
0 days 03:02:44.087000,OCO,31,0 days 00:01:22.462000,57.0,2.0,,,0 days 00:00:21.006000,0 days 00:00:43.258000,0 days 00:00:18.198000,0 days 03:01:42.703000,0 days 03:02:25.961000,0 days 03:02:44.159000,299.0,227.0,303.0,262.0,True,INTERMEDIATE,27.0,False,Alpine,0 days 03:01:21.625000,,1,2.0,,,False,True
0 days 03:04:06.480000,OCO,31,0 days 00:01:22.393000,58.0,2.0,,,0 days 00:00:20.992000,0 days 00:00:43.243000,0 days 00:00:18.158000,0 days 03:03:05.151000,0 days 03:03:48.394000,0 days 03:04:06.552000,298.0,225.0,303.0,266.0,True,INTERMEDIATE,28.0,False,Alpine,0 days 03:02:44.087000,,1,2.0,,,False,True
0 days 03:05:28.640000,OCO,31,0 days 00:01:22.160000,59.0,2.0,,,0 days 00:00:20.895000,0 days 00:00:43.206000,0 days 00:00:18.059000,0 days 03:04:27.447000,0 days 03:05:10.653000,0 days 03:05:28.712000,298.0,226.0,304.0,268.0,True,INTERMEDIATE,29.0,False,Alpine,0 days 03:04:06.480000,,1,2.0,,,False,True
0 days 03:06:50.751000,OCO,31,0 days 00:01:22.111000,60.0,2.0,,,0 days 00:00:21.056000,0 days 00:00:43.054000,0 days 00:00:18.001000,0 days 03:05:49.768000,0 days 03:06:32.822000,0 days 03:06:50.823000,298.0,226.0,303.0,267.0,True,INTERMEDIATE,30.0,False,Alpine,0 days 03:05:28.640000,,1,2.0,,,False,True
0 days 03:08:13.036000,OCO,31,0 days 00:01:22.285000,61.0,2.0,,,0 days 00:00:20.858000,0 days 00:00:43.346000,0 days 00:00:18.081000,0 days 03:07:11.681000,0 days 03:07:55.027000,0 days 03:08:13.108000,298.0,222.0,304.0,270.0,False,INTERMEDIATE,31.0,False,Alpine,0 days 03:06:50.751000,,1,2.0,,,False,True
0 days 03:09:35.072000,OCO,31,0 days 00:01:22.036000,62.0,2.0,,,0 days 00:00:20.778000,0 days 00:00:43.206000,0 days 00:00:18.052000,0 days 03:08:33.886000,0 days 03:09:17.092000,0 days 03:09:35.144000,299.0,228.0,303.0,274.0,True,INTERMEDIATE,32.0,False,Alpine,0 days 03:08:13.036000,,1,2.0,,,False,True
0 days 03:10:57.092000,OCO,31,0 days 00:01:22.020000,63.0,2.0,,,0 days 00:00:20.943000,0 days 00:00:42.998000,0 days 00:00:18.079000,0 days 03:09:56.087000,0 days 03:10:39.085000,0 days 03:10:57.164000,298.0,225.0,303.0,274.0,True,INTERMEDIATE,33.0,False,Alpine,0 days 03:09:35.072000,,1,2.0,,,False,True
0 days 03:12:18.863000,OCO,31,0 days 00:01:21.771000,64.0,2.0,,,0 days 00:00:20.684000,0 days 00:00:43.029000,0 days 00:00:18.058000,0 days 03:11:17.848000,0 days 03:12:00.877000,0 days 03:12:18.935000,298.0,227.0,303.0,273.0,True,INTERMEDIATE,34.0,False,Alpine,0 days 03:10:57.092000,,1,2.0,,,False,True
0 days 03:13:40.688000,OCO,31,0 days 00:01:21.825000,65.0,2.0,,,0 days 00:00:20.646000,0 days 00:00:43.137000,0 days 00:00:18.042000,0 days 03:12:39.581000,0 days 03:13:22.718000,0 days 03:13:40.760000,299.0,227.0,305.0,281.0,False,INTERMEDIATE,35.0,False,Alpine,0 days 03:12:18.863000,,1,2.0,,,False,True
0 days 03:15:02.602000,OCO,31,0 days 00:01:21.914000,66.0,2.0,,,0 days 00:00:20.836000,0 days 00:00:43.002000,0 days 00:00:18.076000,0 days 03:14:01.596000,0 days 03:14:44.598000,0 days 03:15:02.674000,298.0,227.0,305.0,279.0,False,INTERMEDIATE,36.0,False,Alpine,0 days 03:13:40.688000,,1,2.0,,,False,True
0 days 03:16:24.710000,OCO,31,0 days 00:01:22.108000,67.0,2.0,,,0 days 00:00:20.948000,0 days 00:00:43.111000,0 days 00:00:18.049000,0 days 03:15:23.622000,0 days 03:16:06.733000,0 days 03:16:24.782000,299.0,229.0,304.0,270.0,False,INTERMEDIATE,37.0,False,Alpine,0 days 03:15:02.602000,,1,2.0,,,False,True
0 days 03:17:46.674000,OCO,31,0 days 00:01:21.964000,68.0,2.0,,,0 days 00:00:20.765000,0 days 00:00:43.067000,0 days 00:00:18.132000,0 days 03:16:45.547000,0 days 03:17:28.614000,0 days 03:17:46.746000,298.0,230.0,303.0,275.0,False,INTERMEDIATE,38.0,False,Alpine,0 days 03:16:24.710000,,1,2.0,,,False,True
0 days 03:19:08.938000,OCO,31,0 days 00:01:22.264000,69.0,2.0,,,0 days 00:00:20.895000,0 days 00:00:43.266000,0 days 00:00:18.103000,0 days 03:18:07.641000,0 days 03:18:50.907000,0 days 03:19:09.010000,298.0,219.0,304.0,269.0,False,INTERMEDIATE,39.0,False,Alpine,0 days 03:17:46.674000,,1,2.0,,,False,True
0 days 01:13:26.849000,NOR,4,0 days 00:01:31.803000,1.0,1.0,,,,0 days 00:00:45.586000,0 days 00:00:18.477000,,0 days 01:13:08.479000,0 days 01:13:26.987000,293.0,208.0,299.0,178.0,False,INTERMEDIATE,4.0,False,McLaren,0 days 01:11:54.770000,,12,2.0,,,False,False
0 days 01:14:53.056000,NOR,4,0 days 00:01:26.207000,2.0,1.0,,,0 days 00:00:21.920000,0 days 00:00:45.959000,0 days 00:00:18.328000,0 days 01:13:48.779000,0 days 01:14:34.738000,0 days 01:14:53.066000,295.0,211.0,299.0,228.0,True,INTERMEDIATE,5.0,False,McLaren,0 days 01:13:26.849000,,1,2.0,,,False,True
0 days 01:16:18.458000,NOR,4,0 days 00:01:25.402000,3.0,1.0,,,0 days 00:00:21.685000,0 days 00:00:45.297000,0 days 00:00:18.420000,0 days 01:15:14.751000,0 days 01:16:00.048000,0 days 01:16:18.468000,293.0,217.0,299.0,245.0,True,INTERMEDIATE,6.0,False,McLaren,0 days 01:14:53.056000,,1,2.0,,,False,True
0 days 01:17:43.623000,NOR,4,0 days 00:01:25.165000,4.0,1.0,,,0 days 00:00:21.695000,0 days 00:00:45.088000,0 days 00:00:18.382000,0 days 01:16:40.163000,0 days 01:17:25.251000,0 days 01:17:43.633000,297.0,219.0,301.0,251.0,True,INTERMEDIATE,7.0,False,McLaren,0 days 01:16:18.458000,,12,2.0,,,False,True
0 days 01:19:08.635000,NOR,4,0 days 00:01:25.012000,5.0,1.0,,,0 days 00:00:21.699000,0 days 00:00:44.960000,0 days 00:00:18.353000,0 days 01:18:05.332000,0 days 01:18:50.292000,0 days 01:19:08.645000,298.0,217.0,301.0,250.0,True,INTERMEDIATE,8.0,False,McLaren,0 days 01:17:43.623000,,1,2.0,,,False,True
0 days 01:20:33.557000,NOR,4,0 days 00:01:24.922000,6.0,1.0,,,0 days 00:00:21.708000,0 days 00:00:44.996000,0 days 00:00:18.218000,0 days 01:19:30.353000,0 days 01:20:15.349000,0 days 01:20:33.567000,292.0,216.0,303.0,241.0,True,INTERMEDIATE,9.0,False,McLaren,0 days 01:19:08.635000,,1,2.0,,,False,True
0 days 01:21:58.558000,NOR,4,0 days 00:01:25.001000,7.0,1.0,,,0 days 00:00:21.520000,0 days 00:00:45.147000,0 days 00:00:18.334000,0 days 01:20:55.087000,0 days 01:21:40.234000,0 days 01:21:58.568000,296.0,212.0,304.0,249.0,False,INTERMEDIATE,10.0,False,McLaren,0 days 01:20:33.557000,,1,2.0,,,False,True
0 days 01:23:23.012000,NOR,4,0 days 00:01:24.454000,8.0,1.0,,,0 days 00:00:21.580000,0 days 00:00:44.756000,0 days 00:00:18.118000,0 days 01:22:20.148000,0 days 01:23:04.904000,0 days 01:23:23.022000,296.0,220.0,304.0,237.0,True,INTERMEDIATE,11.0,False,McLaren,0 days 01:21:58.558000,,1,2.0,,,False,True
0 days 01:24:47.394000,NOR,4,0 days 00:01:24.382000,9.0,1.0,,,0 days 00:00:21.381000,0 days 00:00:44.788000,0 days 00:00:18.213000,0 days 01:23:44.403000,0 days 01:24:29.191000,0 days 01:24:47.404000,295.0,218.0,304.0,259.0,True,INTERMEDIATE,12.0,False,McLaren,0 days 01:23:23.012000,,1,2.0,,,False,True
0 days 01:26:11.482000,NOR,4,0 days 00:01:24.088000,10.0,1.0,,,0 days 00:00:21.585000,0 days 00:00:44.355000,0 days 00:00:18.148000,0 days 01:25:08.989000,0 days 01:25:53.344000,0 days 01:26:11.492000,294.0,219.0,304.0,246.0,True,INTERMEDIATE,13.0,False,McLaren,0 days 01:24:47.394000,,1,2.0,,,False,True
0 days 01:27:35.592000,NOR,4,0 days 00:01:24.110000,11.0,1.0,,,0 days 00:00:21.382000,0 days 00:00:44.658000,0 days 00:00:18.070000,0 days 01:26:32.874000,0 days 01:27:17.532000,0 days 01:27:35.602000,296.0,213.0,304.0,261.0,False,INTERMEDIATE,14.0,False,McLaren,0 days 01:26:11.482000,,1,2.0,,,False,True
0 days 01:28:59.664000,NOR,4,0 days 00:01:24.072000,12.0,1.0,,,0 days 00:00:21.393000,0 days 00:00:44.402000,0 days 00:00:18.277000,0 days 01:27:56.995000,0 days 01:28:41.397000,0 days 01:28:59.674000,296.0,217.0,304.0,251.0,True,INTERMEDIATE,15.0,False,McLaren,0 days 01:27:35.592000,,12,2.0,,,False,True
0 days 01:30:24.389000,NOR,4,0 days 00:01:24.725000,13.0,1.0,,,0 days 00:00:21.554000,0 days 00:00:44.987000,0 days 00:00:18.184000,0 days 01:29:21.228000,0 days 01:30:06.215000,0 days 01:30:24.399000,296.0,213.0,305.0,243.0,False,INTERMEDIATE,16.0,False,McLaren,0 days 01:28:59.664000,,1,2.0,,,False,True
0 days 01:31:48.826000,NOR,4,0 days 00:01:24.437000,14.0,1.0,,,0 days 00:00:21.500000,0 days 00:00:44.789000,0 days 00:00:18.148000,0 days 01:30:45.899000,0 days 01:31:30.688000,0 days 01:31:48.836000,299.0,220.0,303.0,261.0,False,INTERMEDIATE,17.0,False,McLaren,0 days 01:30:24.389000,,1,2.0,,,False,True
0 days 01:33:13.287000,NOR,4,0 days 00:01:24.461000,15.0,1.0,,,0 days 00:00:21.404000,0 days 00:00:44.904000,0 days 00:00:18.153000,0 days 01:32:10.240000,0 days 01:32:55.144000,0 days 01:33:13.297000,298.0,216.0,304.0,249.0,False,INTERMEDIATE,18.0,False,McLaren,0 days 01:31:48.826000,,1,2.0,,,False,True
0 days 01:34:37.771000,NOR,4,0 days 00:01:24.484000,16.0,1.0,,,0 days 00:00:21.520000,0 days 00:00:44.726000,0 days 00:00:18.238000,0 days 01:33:34.817000,0 days 01:34:19.543000,0 days 01:34:37.781000,297.0,213.0,305.0,250.0,False,INTERMEDIATE,19.0,False,McLaren,0 days 01:33:13.287000,,1,2.0,,,False,True
0 days 01:36:01.744000,NOR,4,0 days 00:01:23.973000,17.0,1.0,,,0 days 00:00:21.445000,0 days 00:00:44.463000,0 days 00:00:18.065000,0 days 01:34:59.226000,0 days 01:35:43.689000,0 days 01:36:01.754000,298.0,220.0,305.0,252.0,True,INTERMEDIATE,20.0,False,McLaren,0 days 01:34:37.771000,,1,2.0,,,False,True
0 days 01:37:26.249000,NOR,4,0 days 00:01:24.505000,18.0,1.0,,,0 days 00:00:21.457000,0 days 00:00:44.940000,0 days 00:00:18.108000,0 days 01:36:23.211000,0 days 01:37:08.151000,0 days 01:37:26.259000,298.0,220.0,304.0,255.0,False,INTERMEDIATE,21.0,False,McLaren,0 days 01:36:01.744000,,1,2.0,,,False,True
0 days 01:38:50.714000,NOR,4,0 days 00:01:24.465000,19.0,1.0,,,0 days 00:00:21.698000,0 days 00:00:44.672000,0 days 00:00:18.095000,0 days 01:37:47.957000,0 days 01:38:32.629000,0 days 01:38:50.724000,294.0,220.0,304.0,251.0,False,INTERMEDIATE,22.0,False,McLaren,0 days 01:37:26.249000,,1,2.0,,,False,True
0 days 01:40:14.911000,NOR,4,0 days 00:01:24.197000,20.0,1.0,,,0 days 00:00:21.552000,0 days 00:00:44.592000,0 days 00:00:18.053000,0 days 01:39:12.276000,0 days 01:39:56.868000,0 days 01:40:14.921000,300.0,217.0,305.0,252.0,False,INTERMEDIATE,23.0,False,McLaren,0 days 01:38:50.714000,,1,2.0,,,False,True
0 days 01:41:38.688000,NOR,4,0 days 00:01:23.777000,21.0,1.0,,,0 days 00:00:21.634000,0 days 00:00:44.186000,0 days 00:00:17.957000,0 days 01:40:36.555000,0 days 01:41:20.741000,0 days 01:41:38.698000,300.0,225.0,304.0,254.0,True,INTERMEDIATE,24.0,False,McLaren,0 days 01:40:14.911000,,1,2.0,,,False,True
0 days 01:43:02.280000,NOR,4,0 days 00:01:23.592000,22.0,1.0,,,0 days 00:00:21.402000,0 days 00:00:44.165000,0 days 00:00:18.025000,0 days 01:42:00.100000,0 days 01:42:44.265000,0 days 01:43:02.290000,301.0,219.0,305.0,257.0,True,INTERMEDIATE,25.0,False,McLaren,0 days 01:41:38.688000,,1,2.0,,,False,True
0 days 01:44:26.012000,NOR,4,0 days 00:01:23.732000,23.0,1.0,,,0 days 00:00:21.447000,0 days 00:00:44.224000,0 days 00:00:18.061000,0 days 01:43:23.737000,0 days 01:44:07.961000,0 days 01:44:26.022000,301.0,222.0,304.0,253.0,False,INTERMEDIATE,26.0,False,McLaren,0 days 01:43:02.280000,,1,2.0,,,False,True
0 days 01:45:49.994000,NOR,4,0 days 00:01:23.982000,24.0,1.0,,,0 days 00:00:21.452000,0 days 00:00:44.496000,0 days 00:00:18.034000,0 days 01:44:47.474000,0 days 01:45:31.970000,0 days 01:45:50.004000,301.0,220.0,306.0,257.0,False,INTERMEDIATE,27.0,False,McLaren,0 days 01:44:26.012000,,1,2.0,,,False,True
0 days 01:47:14.871000,NOR,4,0 days 00:01:24.877000,25.0,1.0,,,0 days 00:00:21.523000,0 days 00:00:44.905000,0 days 00:00:18.449000,0 days 01:46:11.527000,0 days 01:46:56.432000,0 days 01:47:14.881000,299.0,211.0,304.0,263.0,False,INTERMEDIATE,28.0,False,McLaren,0 days 01:45:49.994000,,1,2.0,,,False,True
0 days 01:48:39.985000,NOR,4,0 days 00:01:25.114000,26.0,1.0,,,0 days 00:00:21.441000,0 days 00:00:45.393000,0 days 00:00:18.280000,0 days 01:47:36.322000,0 days 01:48:21.715000,0 days 01:48:39.995000,299.0,221.0,306.0,259.0,False,INTERMEDIATE,29.0,False,McLaren,0 days 01:47:14.871000,,12,2.0,,,False,True
0 days 01:50:06.864000,NOR,4,0 days 00:01:26.879000,27.0,1.0,,,0 days 00:00:21.516000,0 days 00:00:46.237000,0 days 00:00:19.126000,0 days 01:49:01.511000,0 days 01:49:47.748000,0 days 01:50:06.874000,299.0,216.0,306.0,253.0,False,INTERMEDIATE,30.0,False,McLaren,0 days 01:48:39.985000,,12,2.0,,,False,True
0 days 01:52:02.076000,NOR,4,0 days 00:01:55.212000,28.0,1.0,,0 days 01:51:59.156000,0 days 00:00:27.821000,0 days 00:00:56.647000,0 days 00:00:30.744000,0 days 01:50:34.695000,0 days 01:51:31.342000,0 days 01:52:02.086000,174.0,134.0,,233.0,False,INTERMEDIATE,31.0,False,McLaren,0 days 01:50:06.864000,,2671,2.0,,,False,False
0 days 01:54:04.534000,NOR,4,0 days 00:02:02.458000,29.0,2.0,0 days 01:52:23.972000,,0 days 00:00:45.163000,0 days 00:00:54.404000,0 days 00:00:22.891000,0 days 01:52:47.249000,0 days 01:53:41.653000,0 days 01:54:04.544000,222.0,169.0,236.0,233.0,False,INTERMEDIATE,5.0,False,McLaren,0 days 01:52:02.076000,,1,5.0,,,False,False
0 days 01:56:01.770000,NOR,4,0 days 00:01:57.236000,30.0,2.0,,,0 days 00:00:29.918000,0 days 00:00:59.527000,0 days 00:00:27.791000,0 days 01:54:34.462000,0 days 01:55:33.989000,0 days 01:56:01.780000,219.0,137.0,191.0,190.0,False,INTERMEDIATE,6.0,False,McLaren,0 days 01:54:04.534000,,14,4.0,,,False,False
0 days 01:58:08.734000,NOR,4,0 days 00:02:06.964000,31.0,2.0,,,0 days 00:00:35.064000,0 days 00:00:58.390000,0 days 00:00:33.510000,0 days 01:56:36.844000,0 days 01:57:35.234000,0 days 01:58:08.744000,166.0,142.0,200.0,170.0,False,INTERMEDIATE,7.0,False,McLaren,0 days 01:56:01.770000,,4,4.0,,,False,False
0 days 02:00:48.725000,NOR,4,,32.0,2.0,,0 days 02:00:44.010000,0 days 00:00:34.575000,0 days 00:01:09.295000,0 days 00:00:56.062000,0 days 01:58:43.436000,0 days 01:59:52.773000,0 days 02:00:48.735000,146.0,108.0,,181.0,False,INTERMEDIATE,8.0,False,McLaren,0 days 01:58:08.734000,,45,4.0,,,False,False
0 days 02:26:38.370000,NOR,4,,33.0,3.0,0 days 02:24:19.374000,,,0 days 00:01:08.773000,0 days 00:00:44.856000,,0 days 02:25:53.620000,0 days 02:26:38.741000,253.0,80.0,271.0,181.0,False,INTERMEDIATE,5.0,False,McLaren,0 days 02:23:57.645000,,12,4.0,,,False,False
0 days 02:28:15.257000,NOR,4,0 days 00:01:36.887000,34.0,3.0,,,0 days 00:00:25.197000,0 days 00:00:51.764000,0 days 00:00:19.926000,0 days 02:27:03.577000,0 days 02:27:55.341000,0 days 02:28:15.267000,263.0,190.0,293.0,188.0,False,INTERMEDIATE,6.0,False,McLaren,0 days 02:26:38.370000,,1,5.0,,,False,True
0 days 02:29:44.594000,NOR,4,0 days 00:01:29.337000,35.0,3.0,,,0 days 00:00:22.960000,0 days 00:00:47.537000,0 days 00:00:18.840000,0 days 02:28:38.227000,0 days 02:29:25.764000,0 days 02:29:44.604000,258.0,202.0,299.0,212.0,False,INTERMEDIATE,7.0,False,McLaren,0 days 02:28:15.257000,,1,5.0,,,False,True
0 days 02:31:11.829000,NOR,4,0 days 00:01:27.235000,36.0,3.0,,,0 days 00:00:22.582000,0 days 00:00:46.328000,0 days 00:00:18.325000,0 days 02:30:07.186000,0 days 02:30:53.514000,0 days 02:31:11.839000,256.0,215.0,302.0,222.0,False,INTERMEDIATE,8.0,False,McLaren,0 days 02:29:44.594000,,12,5.0,,,False,True
0 days 02:32:37.166000,NOR,4,0 days 00:01:25.337000,37.0,3.0,,,0 days 00:00:22.127000,0 days 00:00:45.028000,0 days 00:00:18.182000,0 days 02:31:33.966000,0 days 02:32:18.994000,0 days 02:32:37.176000,280.0,217.0,304.0,234.0,False,INTERMEDIATE,9.0,False,McLaren,0 days 02:31:11.829000,,1,5.0,,,False,True
0 days 02:34:02.448000,NOR,4,0 days 00:01:25.282000,38.0,3.0,,,0 days 00:00:21.800000,0 days 00:00:45.167000,0 days 00:00:18.315000,0 days 02:32:58.976000,0 days 02:33:44.143000,0 days 02:34:02.458000,279.0,220.0,304.0,244.0,False,INTERMEDIATE,10.0,False,McLaren,0 days 02:32:37.166000,,12,5.0,,,False,True
0 days 02:35:36.166000,NOR,4,0 days 00:01:33.718000,39.0,3.0,,,0 days 00:00:21.759000,0 days 00:00:44.566000,0 days 00:00:27.393000,0 days 02:34:24.217000,0 days 02:35:08.783000,0 days 02:35:36.176000,297.0,216.0,277.0,232.0,False,INTERMEDIATE,11.0,False,McLaren,0 days 02:34:02.448000,,124,5.0,,,False,False
0 days 02:37:32.772000,NOR,4,0 days 00:01:56.606000,40.0,3.0,,,0 days 00:00:27.270000,0 days 00:01:00.343000,0 days 00:00:28.993000,0 days 02:36:03.446000,0 days 02:37:03.789000,0 days 02:37:32.782000,254.0,188.0,276.0,160.0,False,INTERMEDIATE,12.0,False,McLaren,0 days 02:35:36.166000,,4,5.0,,,False,False
0 days 02:39:37.911000,NOR,4,0 days 00:02:05.139000,41.0,3.0,,,0 days 00:00:33.078000,0 days 00:01:02.872000,0 days 00:00:29.189000,0 days 02:38:05.860000,0 days 02:39:08.732000,0 days 02:39:37.921000,248.0,132.0,283.0,167.0,False,INTERMEDIATE,13.0,False,McLaren,0 days 02:37:32.772000,,4,5.0,,,False,False
0 days 02:41:55.603000,NOR,4,0 days 00:02:17.692000,42.0,3.0,,,0 days 00:00:30.806000,0 days 00:01:07.732000,0 days 00:00:39.154000,0 days 02:40:08.727000,0 days 02:41:16.459000,0 days 02:41:55.613000,166.0,80.0,279.0,121.0,False,INTERMEDIATE,14.0,False,McLaren,0 days 02:39:37.911000,,41,5.0,,,False,False
0 days 02:43:26.642000,NOR,4,0 days 00:01:31.039000,43.0,3.0,,,0 days 00:00:25.317000,0 days 00:00:47.204000,0 days 00:00:18.518000,0 days 02:42:20.930000,0 days 02:43:08.134000,0 days 02:43:26.652000,268.0,204.0,305.0,227.0,False,INTERMEDIATE,15.0,False,McLaren,0 days 02:41:55.603000,,12,7.0,,,False,True
0 days 02:44:52.247000,NOR,4,0 days 00:01:25.605000,44.0,3.0,,,0 days 00:00:22.024000,0 days 00:00:45.511000,0 days 00:00:18.070000,0 days 02:43:48.676000,0 days 02:44:34.187000,0 days 02:44:52.257000,296.0,207.0,308.0,244.0,False,INTERMEDIATE,16.0,False,McLaren,0 days 02:43:26.642000,,21,7.0,,,False,True
0 days 02:46:16.693000,NOR,4,0 days 00:01:24.446000,45.0,3.0,,,0 days 00:00:21.626000,0 days 00:00:44.758000,0 days 00:00:18.062000,0 days 02:45:13.883000,0 days 02:45:58.641000,0 days 02:46:16.703000,296.0,212.0,305.0,245.0,False,INTERMEDIATE,17.0,False,McLaren,0 days 02:44:52.247000,,1,7.0,,,False,True
0 days 02:47:41.572000,NOR,4,0 days 00:01:24.879000,46.0,3.0,,,0 days 00:00:21.606000,0 days 00:00:45.284000,0 days 00:00:17.989000,0 days 02:46:38.309000,0 days 02:47:23.593000,0 days 02:47:41.582000,298.0,218.0,308.0,247.0,False,INTERMEDIATE,18.0,False,McLaren,0 days 02:46:16.693000,,1,6.0,,,False,True
0 days 02:49:06.047000,NOR,4,0 days 00:01:24.475000,47.0,3.0,,,0 days 00:00:21.711000,0 days 00:00:44.772000,0 days 00:00:17.992000,0 days 02:48:03.293000,0 days 02:48:48.065000,0 days 02:49:06.057000,293.0,218.0,308.0,242.0,False,INTERMEDIATE,19.0,False,McLaren,0 days 02:47:41.572000,,1,6.0,,,False,True
0 days 02:50:30.037000,NOR,4,0 days 00:01:23.990000,48.0,3.0,,,0 days 00:00:21.380000,0 days 00:00:44.792000,0 days 00:00:17.818000,0 days 02:49:27.437000,0 days 02:50:12.229000,0 days 02:50:30.047000,292.0,222.0,307.0,251.0,False,INTERMEDIATE,20.0,False,McLaren,0 days 02:49:06.047000,,1,6.0,,,False,True
0 days 02:51:53.309000,NOR,4,0 days 00:01:23.272000,49.0,3.0,,,0 days 00:00:21.228000,0 days 00:00:43.897000,0 days 00:00:18.147000,0 days 02:50:51.275000,0 days 02:51:35.172000,0 days 02:51:53.319000,304.0,219.0,307.0,253.0,True,INTERMEDIATE,21.0,False,McLaren,0 days 02:50:30.037000,,1,6.0,,,False,True
0 days 02:53:16.682000,NOR,4,0 days 00:01:23.373000,50.0,3.0,,,0 days 00:00:21.435000,0 days 00:00:43.990000,0 days 00:00:17.948000,0 days 02:52:14.754000,0 days 02:52:58.744000,0 days 02:53:16.692000,300.0,221.0,309.0,254.0,False,INTERMEDIATE,22.0,False,McLaren,0 days 02:51:53.309000,,1,6.0,,,False,True
0 days 02:54:40.125000,NOR,4,0 days 00:01:23.443000,51.0,3.0,,,0 days 00:00:21.389000,0 days 00:00:44.002000,0 days 00:00:18.052000,0 days 02:53:38.081000,0 days 02:54:22.083000,0 days 02:54:40.135000,305.0,221.0,308.0,248.0,False,INTERMEDIATE,23.0,False,McLaren,0 days 02:53:16.682000,,12,6.0,,,False,True
0 days 02:56:03.474000,NOR,4,0 days 00:01:23.349000,52.0,3.0,,,0 days 00:00:21.331000,0 days 00:00:44.038000,0 days 00:00:17.980000,0 days 02:55:01.466000,0 days 02:55:45.504000,0 days 02:56:03.484000,304.0,220.0,307.0,253.0,False,INTERMEDIATE,24.0,False,McLaren,0 days 02:54:40.125000,,1,6.0,,,False,True
0 days 02:57:27.089000,NOR,4,0 days 00:01:23.615000,53.0,3.0,,,0 days 00:00:21.617000,0 days 00:00:43.820000,0 days 00:00:18.178000,0 days 02:56:25.101000,0 days 02:57:08.921000,0 days 02:57:27.099000,299.0,217.0,307.0,266.0,False,INTERMEDIATE,25.0,False,McLaren,0 days 02:56:03.474000,,1,6.0,,,False,True
0 days 02:58:49.906000,NOR,4,0 days 00:01:22.817000,54.0,3.0,,,0 days 00:00:21.138000,0 days 00:00:43.724000,0 days 00:00:17.955000,0 days 02:57:48.237000,0 days 02:58:31.961000,0 days 02:58:49.916000,304.0,221.0,304.0,260.0,True,INTERMEDIATE,26.0,False,McLaren,0 days 02:57:27.089000,,1,6.0,,,False,True
0 days 03:00:12.616000,NOR,4,0 days 00:01:22.710000,55.0,3.0,,,0 days 00:00:21.125000,0 days 00:00:43.648000,0 days 00:00:17.937000,0 days 02:59:11.041000,0 days 02:59:54.689000,0 days 03:00:12.626000,304.0,225.0,308.0,269.0,True,INTERMEDIATE,27.0,False,McLaren,0 days 02:58:49.906000,,1,6.0,,,False,True
0 days 03:01:35.601000,NOR,4,0 days 00:01:22.985000,56.0,3.0,,,0 days 00:00:21.176000,0 days 00:00:43.746000,0 days 00:00:18.063000,0 days 03:00:33.802000,0 days 03:01:17.548000,0 days 03:01:35.611000,304.0,228.0,304.0,257.0,False,INTERMEDIATE,28.0,False,McLaren,0 days 03:00:12.616000,,1,6.0,,,False,True
0 days 03:02:58.012000,NOR,4,0 days 00:01:22.411000,57.0,3.0,,,0 days 00:00:20.998000,0 days 00:00:43.470000,0 days 00:00:17.943000,0 days 03:01:56.609000,0 days 03:02:40.079000,0 days 03:02:58.022000,306.0,218.0,307.0,262.0,True,INTERMEDIATE,29.0,False,McLaren,0 days 03:01:35.601000,,1,6.0,,,False,True
0 days 03:04:20.432000,NOR,4,0 days 00:01:22.420000,58.0,3.0,,,0 days 00:00:21.055000,0 days 00:00:43.437000,0 days 00:00:17.928000,0 days 03:03:19.077000,0 days 03:04:02.514000,0 days 03:04:20.442000,300.0,226.0,308.0,265.0,False,INTERMEDIATE,30.0,False,McLaren,0 days 03:02:58.012000,,1,6.0,,,False,True
0 days 03:05:42.569000,NOR,4,0 days 00:01:22.137000,59.0,3.0,,,0 days 00:00:21.025000,0 days 00:00:43.241000,0 days 00:00:17.871000,0 days 03:04:41.467000,0 days 03:05:24.708000,0 days 03:05:42.579000,299.0,227.0,305.0,270.0,True,INTERMEDIATE,31.0,False,McLaren,0 days 03:04:20.432000,,1,6.0,,,False,True
0 days 03:07:04.328000,NOR,4,0 days 00:01:21.759000,60.0,3.0,,,0 days 00:00:20.857000,0 days 00:00:43.106000,0 days 00:00:17.796000,0 days 03:06:03.436000,0 days 03:06:46.542000,0 days 03:07:04.338000,302.0,229.0,307.0,278.0,True,INTERMEDIATE,32.0,False,McLaren,0 days 03:05:42.569000,,1,6.0,,,False,True
0 days 03:08:26.084000,NOR,4,0 days 00:01:21.756000,61.0,3.0,,,0 days 00:00:20.929000,0 days 00:00:43.053000,0 days 00:00:17.774000,0 days 03:07:25.267000,0 days 03:08:08.320000,0 days 03:08:26.094000,305.0,223.0,307.0,272.0,True,INTERMEDIATE,33.0,False,McLaren,0 days 03:07:04.328000,,1,6.0,,,False,True
0 days 03:09:48.625000,NOR,4,0 days 00:01:22.541000,62.0,3.0,,,0 days 00:00:20.970000,0 days 00:00:43.719000,0 days 00:00:17.852000,0 days 03:08:47.064000,0 days 03:09:30.783000,0 days 03:09:48.635000,300.0,224.0,307.0,270.0,False,INTERMEDIATE,34.0,False,McLaren,0 days 03:08:26.084000,,1,6.0,,,False,True
0 days 03:11:10.416000,NOR,4,0 days 00:01:21.791000,63.0,3.0,,,0 days 00:00:20.900000,0 days 00:00:43.131000,0 days 00:00:17.760000,0 days 03:10:09.535000,0 days 03:10:52.666000,0 days 03:11:10.426000,302.0,229.0,305.0,266.0,False,INTERMEDIATE,35.0,False,McLaren,0 days 03:09:48.625000,,1,6.0,,,False,True
0 days 03:12:31.954000,NOR,4,0 days 00:01:21.538000,64.0,3.0,,,0 days 00:00:20.725000,0 days 00:00:43.031000,0 days 00:00:17.782000,0 days 03:11:31.151000,0 days 03:12:14.182000,0 days 03:12:31.964000,302.0,228.0,306.0,271.0,True,INTERMEDIATE,36.0,False,McLaren,0 days 03:11:10.416000,,1,6.0,,,False,True
0 days 03:13:53.594000,NOR,4,0 days 00:01:21.640000,65.0,3.0,,,0 days 00:00:20.904000,0 days 00:00:42.936000,0 days 00:00:17.800000,0 days 03:12:52.868000,0 days 03:13:35.804000,0 days 03:13:53.604000,304.0,229.0,307.0,270.0,False,INTERMEDIATE,37.0,False,McLaren,0 days 03:12:31.954000,,1,6.0,,,False,True
0 days 03:15:15.612000,NOR,4,0 days 00:01:22.018000,66.0,3.0,,,0 days 00:00:20.936000,0 days 00:00:43.301000,0 days 00:00:17.781000,0 days 03:14:14.540000,0 days 03:14:57.841000,0 days 03:15:15.622000,302.0,228.0,307.0,266.0,False,INTERMEDIATE,38.0,False,McLaren,0 days 03:13:53.594000,,1,6.0,,,False,True
0 days 03:16:37.129000,NOR,4,0 days 00:01:21.517000,67.0,3.0,,,0 days 00:00:20.906000,0 days 00:00:42.809000,0 days 00:00:17.802000,0 days 03:15:36.528000,0 days 03:16:19.337000,0 days 03:16:37.139000,303.0,234.0,308.0,267.0,True,INTERMEDIATE,39.0,False,McLaren,0 days 03:15:15.612000,,1,6.0,,,False,True
0 days 03:17:59.015000,NOR,4,0 days 00:01:21.886000,68.0,3.0,,,0 days 00:00:20.991000,0 days 00:00:43.049000,0 days 00:00:17.846000,0 days 03:16:58.130000,0 days 03:17:41.179000,0 days 03:17:59.025000,304.0,235.0,307.0,276.0,False,INTERMEDIATE,40.0,False,McLaren,0 days 03:16:37.129000,,1,6.0,,,False,True
0 days 03:19:20.834000,NOR,4,0 days 00:01:21.819000,69.0,3.0,,,0 days 00:00:20.755000,0 days 00:00:43.262000,0 days 00:00:17.802000,0 days 03:18:19.780000,0 days 03:19:03.042000,0 days 03:19:20.844000,305.0,231.0,306.0,287.0,False,INTERMEDIATE,41.0,False,McLaren,0 days 03:17:59.015000,,1,6.0,,,False,True
0 days 01:13:34.989000,COL,43,0 days 00:01:39.943000,1.0,1.0,,,,0 days 00:00:49.528000,0 days 00:00:18.740000,,0 days 01:13:16.286000,0 days 01:13:35.081000,295.0,206.0,310.0,192.0,False,INTERMEDIATE,1.0,True,Williams,0 days 01:11:54.770000,,12,12.0,,,False,False
0 days 01:15:02.972000,COL,43,0 days 00:01:27.983000,2.0,1.0,,,0 days 00:00:22.518000,0 days 00:00:46.934000,0 days 00:00:18.531000,0 days 01:13:57.518000,0 days 01:14:44.452000,0 days 01:15:02.983000,294.0,218.0,308.0,232.0,True,INTERMEDIATE,2.0,True,Williams,0 days 01:13:34.989000,,1,12.0,,,False,True
0 days 01:16:30.112000,COL,43,0 days 00:01:27.140000,3.0,1.0,,,0 days 00:00:22.269000,0 days 00:00:46.426000,0 days 00:00:18.445000,0 days 01:15:25.252000,0 days 01:16:11.678000,0 days 01:16:30.123000,295.0,212.0,309.0,234.0,True,INTERMEDIATE,3.0,True,Williams,0 days 01:15:02.972000,,1,12.0,,,False,True
0 days 01:17:57.797000,COL,43,0 days 00:01:27.685000,4.0,1.0,,,0 days 00:00:22.364000,0 days 00:00:46.711000,0 days 00:00:18.610000,0 days 01:16:52.487000,0 days 01:17:39.198000,0 days 01:17:57.808000,299.0,215.0,309.0,244.0,False,INTERMEDIATE,4.0,True,Williams,0 days 01:16:30.112000,,12,12.0,,,False,True
0 days 01:19:24.481000,COL,43,0 days 00:01:26.684000,5.0,1.0,,,0 days 00:00:22.145000,0 days 00:00:46.064000,0 days 00:00:18.475000,0 days 01:18:19.953000,0 days 01:19:06.017000,0 days 01:19:24.492000,300.0,220.0,307.0,253.0,True,INTERMEDIATE,5.0,True,Williams,0 days 01:17:57.797000,,1,12.0,,,False,True
0 days 01:20:51.624000,COL,43,0 days 00:01:27.143000,6.0,1.0,,,0 days 00:00:22.974000,0 days 00:00:45.796000,0 days 00:00:18.373000,0 days 01:19:47.466000,0 days 01:20:33.262000,0 days 01:20:51.635000,300.0,214.0,309.0,266.0,False,INTERMEDIATE,6.0,True,Williams,0 days 01:19:24.481000,,1,13.0,,,False,True
0 days 01:22:17.461000,COL,43,0 days 00:01:25.837000,7.0,1.0,,,0 days 00:00:21.786000,0 days 00:00:45.722000,0 days 00:00:18.329000,0 days 01:21:13.421000,0 days 01:21:59.143000,0 days 01:22:17.472000,300.0,219.0,308.0,254.0,True,INTERMEDIATE,7.0,True,Williams,0 days 01:20:51.624000,,1,13.0,,,False,True
0 days 01:23:43.223000,COL,43,0 days 00:01:25.762000,8.0,1.0,,,0 days 00:00:21.581000,0 days 00:00:45.823000,0 days 00:00:18.358000,0 days 01:22:39.053000,0 days 01:23:24.876000,0 days 01:23:43.234000,301.0,229.0,306.0,260.0,True,INTERMEDIATE,8.0,True,Williams,0 days 01:22:17.461000,,1,13.0,,,False,True
0 days 01:25:08.271000,COL,43,0 days 00:01:25.048000,9.0,1.0,,,0 days 00:00:21.716000,0 days 00:00:45.029000,0 days 00:00:18.303000,0 days 01:24:04.950000,0 days 01:24:49.979000,0 days 01:25:08.282000,299.0,227.0,308.0,262.0,True,INTERMEDIATE,9.0,True,Williams,0 days 01:23:43.223000,,1,13.0,,,False,True
0 days 01:26:34.246000,COL,43,0 days 00:01:25.975000,10.0,1.0,,,0 days 00:00:21.601000,0 days 00:00:46.102000,0 days 00:00:18.272000,0 days 01:25:29.883000,0 days 01:26:15.985000,0 days 01:26:34.257000,300.0,231.0,310.0,264.0,False,INTERMEDIATE,10.0,True,Williams,0 days 01:25:08.271000,,1,13.0,,,False,True
0 days 01:27:59.795000,COL,43,0 days 00:01:25.549000,11.0,1.0,,,0 days 00:00:21.434000,0 days 00:00:45.553000,0 days 00:00:18.562000,0 days 01:26:55.691000,0 days 01:27:41.244000,0 days 01:27:59.806000,300.0,176.0,314.0,264.0,False,INTERMEDIATE,11.0,True,Williams,0 days 01:26:34.246000,,12,13.0,,,False,True
0 days 01:29:25.213000,COL,43,0 days 00:01:25.418000,12.0,1.0,,,0 days 00:00:22.217000,0 days 00:00:44.848000,0 days 00:00:18.353000,0 days 01:28:22.023000,0 days 01:29:06.871000,0 days 01:29:25.224000,301.0,225.0,308.0,249.0,False,INTERMEDIATE,12.0,True,Williams,0 days 01:27:59.795000,,1,12.0,,,False,True
0 days 01:30:49.778000,COL,43,0 days 00:01:24.565000,13.0,1.0,,,0 days 00:00:21.319000,0 days 00:00:44.949000,0 days 00:00:18.297000,0 days 01:29:46.543000,0 days 01:30:31.492000,0 days 01:30:49.789000,305.0,226.0,309.0,262.0,True,INTERMEDIATE,13.0,True,Williams,0 days 01:29:25.213000,,1,12.0,,,False,True
0 days 01:32:14.528000,COL,43,0 days 00:01:24.750000,14.0,1.0,,,0 days 00:00:21.571000,0 days 00:00:44.841000,0 days 00:00:18.338000,0 days 01:31:11.360000,0 days 01:31:56.201000,0 days 01:32:14.539000,299.0,228.0,308.0,271.0,False,INTERMEDIATE,14.0,True,Williams,0 days 01:30:49.778000,,1,12.0,,,False,True
0 days 01:33:40.183000,COL,43,0 days 00:01:25.655000,15.0,1.0,,,0 days 00:00:22.093000,0 days 00:00:45.160000,0 days 00:00:18.402000,0 days 01:32:36.632000,0 days 01:33:21.792000,0 days 01:33:40.194000,304.0,221.0,308.0,258.0,False,INTERMEDIATE,15.0,True,Williams,0 days 01:32:14.528000,,1,12.0,,,False,True
0 days 01:35:05.521000,COL,43,0 days 00:01:25.338000,16.0,1.0,,,0 days 00:00:21.890000,0 days 00:00:45.195000,0 days 00:00:18.253000,0 days 01:34:02.084000,0 days 01:34:47.279000,0 days 01:35:05.532000,301.0,223.0,309.0,247.0,False,INTERMEDIATE,16.0,True,Williams,0 days 01:33:40.183000,,1,12.0,,,False,True
0 days 01:36:30.488000,COL,43,0 days 00:01:24.967000,17.0,1.0,,,0 days 00:00:21.657000,0 days 00:00:45.072000,0 days 00:00:18.238000,0 days 01:35:27.189000,0 days 01:36:12.261000,0 days 01:36:30.499000,298.0,230.0,309.0,254.0,False,INTERMEDIATE,17.0,True,Williams,0 days 01:35:05.521000,,1,12.0,,,False,True
0 days 01:37:55.324000,COL,43,0 days 00:01:24.836000,18.0,1.0,,,0 days 00:00:21.733000,0 days 00:00:44.850000,0 days 00:00:18.253000,0 days 01:36:52.232000,0 days 01:37:37.082000,0 days 01:37:55.335000,298.0,221.0,309.0,257.0,False,INTERMEDIATE,18.0,True,Williams,0 days 01:36:30.488000,,1,12.0,,,False,True
0 days 01:39:20.352000,COL,43,0 days 00:01:25.028000,19.0,1.0,,,0 days 00:00:21.588000,0 days 00:00:45.110000,0 days 00:00:18.330000,0 days 01:38:16.923000,0 days 01:39:02.033000,0 days 01:39:20.363000,305.0,219.0,308.0,248.0,False,INTERMEDIATE,19.0,True,Williams,0 days 01:37:55.324000,,1,12.0,,,False,True
0 days 01:40:45.718000,COL,43,0 days 00:01:25.366000,20.0,1.0,,,0 days 00:00:22.361000,0 days 00:00:44.837000,0 days 00:00:18.168000,0 days 01:39:42.724000,0 days 01:40:27.561000,0 days 01:40:45.729000,303.0,226.0,308.0,249.0,False,INTERMEDIATE,20.0,True,Williams,0 days 01:39:20.352000,,1,12.0,,,False,True
0 days 01:42:10.014000,COL,43,0 days 00:01:24.296000,21.0,1.0,,,0 days 00:00:21.626000,0 days 00:00:44.554000,0 days 00:00:18.116000,0 days 01:41:07.355000,0 days 01:41:51.909000,0 days 01:42:10.025000,305.0,233.0,307.0,242.0,True,INTERMEDIATE,21.0,True,Williams,0 days 01:40:45.718000,,1,12.0,,,False,True
0 days 01:43:34.892000,COL,43,0 days 00:01:24.878000,22.0,1.0,,,0 days 00:00:21.724000,0 days 00:00:44.841000,0 days 00:00:18.313000,0 days 01:42:31.749000,0 days 01:43:16.590000,0 days 01:43:34.903000,303.0,221.0,305.0,245.0,False,INTERMEDIATE,22.0,True,Williams,0 days 01:42:10.014000,,1,12.0,,,False,True
0 days 01:45:03.183000,COL,43,0 days 00:01:28.291000,23.0,1.0,,,0 days 00:00:21.707000,0 days 00:00:48.457000,0 days 00:00:18.127000,0 days 01:43:56.610000,0 days 01:44:45.067000,0 days 01:45:03.194000,304.0,224.0,310.0,253.0,False,INTERMEDIATE,23.0,True,Williams,0 days 01:43:34.892000,,1,14.0,,,False,True
0 days 01:46:28.299000,COL,43,0 days 00:01:25.116000,24.0,1.0,,,0 days 00:00:21.938000,0 days 00:00:44.924000,0 days 00:00:18.254000,0 days 01:45:25.132000,0 days 01:46:10.056000,0 days 01:46:28.310000,300.0,220.0,309.0,237.0,False,INTERMEDIATE,24.0,True,Williams,0 days 01:45:03.183000,,1,14.0,,,False,True
0 days 01:47:54.134000,COL,43,0 days 00:01:25.835000,25.0,1.0,,,0 days 00:00:21.927000,0 days 00:00:45.536000,0 days 00:00:18.372000,0 days 01:46:50.237000,0 days 01:47:35.773000,0 days 01:47:54.145000,300.0,214.0,311.0,238.0,False,INTERMEDIATE,25.0,True,Williams,0 days 01:46:28.299000,,12,14.0,,,False,True
0 days 01:49:24.019000,COL,43,0 days 00:01:29.885000,26.0,1.0,,0 days 01:49:21.143000,0 days 00:00:22.045000,0 days 00:00:45.118000,0 days 00:00:22.722000,0 days 01:48:16.190000,0 days 01:49:01.308000,0 days 01:49:24.030000,302.0,220.0,,230.0,False,INTERMEDIATE,26.0,True,Williams,0 days 01:47:54.134000,,1,15.0,,,False,False
0 days 01:51:26.160000,COL,43,0 days 00:02:02.141000,27.0,2.0,0 days 01:49:46.437000,,0 days 00:00:41.761000,0 days 00:00:54.692000,0 days 00:00:25.688000,0 days 01:50:05.791000,0 days 01:51:00.483000,0 days 01:51:26.171000,284.0,164.0,180.0,230.0,False,INTERMEDIATE,1.0,True,Williams,0 days 01:49:24.019000,,126,16.0,,,False,False
0 days 01:53:08.964000,COL,43,0 days 00:01:42.804000,28.0,2.0,,,0 days 00:00:29.601000,0 days 00:00:50.770000,0 days 00:00:22.433000,0 days 01:51:55.772000,0 days 01:52:46.542000,0 days 01:53:08.975000,246.0,183.0,255.0,192.0,False,INTERMEDIATE,2.0,True,Williams,0 days 01:51:26.160000,,671,16.0,,,False,False
0 days 01:54:52.433000,COL,43,0 days 00:01:43.469000,29.0,2.0,,,0 days 00:00:27.851000,0 days 00:00:53.618000,0 days 00:00:22,0 days 01:53:36.826000,0 days 01:54:30.444000,0 days 01:54:52.444000,244.0,179.0,208.0,205.0,False,INTERMEDIATE,3.0,True,Williams,0 days 01:53:08.964000,,14,16.0,,,False,False
0 days 01:57:03.307000,COL,43,0 days 00:02:10.874000,30.0,2.0,,0 days 01:57:00.432000,0 days 00:00:40.370000,0 days 00:01:00.091000,0 days 00:00:30.413000,0 days 01:55:32.814000,0 days 01:56:32.905000,0 days 01:57:03.318000,153.0,156.0,,112.0,False,INTERMEDIATE,4.0,True,Williams,0 days 01:54:52.433000,,4,16.0,,,False,False
0 days 01:13:33.920000,HAM,44,0 days 00:01:38.874000,1.0,1.0,,,,0 days 00:00:48.921000,0 days 00:00:18.858000,,0 days 01:13:15.115000,0 days 01:13:34.083000,286.0,205.0,306.0,194.0,False,INTERMEDIATE,1.0,True,Mercedes,0 days 01:11:54.770000,,12,10.0,,,False,False
0 days 01:15:01.752000,HAM,44,0 days 00:01:27.832000,2.0,1.0,,,0 days 00:00:22.928000,0 days 00:00:46.502000,0 days 00:00:18.402000,0 days 01:13:56.848000,0 days 01:14:43.350000,0 days 01:15:01.752000,294.0,216.0,310.0,226.0,True,INTERMEDIATE,2.0,True,Mercedes,0 days 01:13:33.920000,,1,11.0,,,False,True
0 days 01:16:28.605000,HAM,44,0 days 00:01:26.853000,3.0,1.0,,,0 days 00:00:22.075000,0 days 00:00:46.170000,0 days 00:00:18.608000,0 days 01:15:23.827000,0 days 01:16:09.997000,0 days 01:16:28.605000,294.0,212.0,305.0,228.0,True,INTERMEDIATE,3.0,True,Mercedes,0 days 01:15:01.752000,,1,11.0,,,False,True
0 days 01:17:55.264000,HAM,44,0 days 00:01:26.659000,4.0,1.0,,,0 days 00:00:22.080000,0 days 00:00:46.017000,0 days 00:00:18.562000,0 days 01:16:50.685000,0 days 01:17:36.702000,0 days 01:17:55.264000,295.0,214.0,306.0,237.0,True,INTERMEDIATE,4.0,True,Mercedes,0 days 01:16:28.605000,,12,11.0,,,False,True
0 days 01:19:21.256000,HAM,44,0 days 00:01:25.992000,5.0,1.0,,,0 days 00:00:21.771000,0 days 00:00:45.860000,0 days 00:00:18.361000,0 days 01:18:17.035000,0 days 01:19:02.895000,0 days 01:19:21.256000,296.0,218.0,307.0,230.0,True,INTERMEDIATE,5.0,True,Mercedes,0 days 01:17:55.264000,,1,11.0,,,False,True
0 days 01:20:47.357000,HAM,44,0 days 00:01:26.101000,6.0,1.0,,,0 days 00:00:22.443000,0 days 00:00:45.363000,0 days 00:00:18.295000,0 days 01:19:43.699000,0 days 01:20:29.062000,0 days 01:20:47.357000,296.0,216.0,308.0,240.0,False,INTERMEDIATE,6.0,True,Mercedes,0 days 01:19:21.256000,,1,11.0,,,False,True
0 days 01:22:12.611000,HAM,44,0 days 00:01:25.254000,7.0,1.0,,,0 days 00:00:21.686000,0 days 00:00:45.242000,0 days 00:00:18.326000,0 days 01:21:09.043000,0 days 01:21:54.285000,0 days 01:22:12.611000,304.0,222.0,304.0,229.0,True,INTERMEDIATE,7.0,True,Mercedes,0 days 01:20:47.357000,,1,11.0,,,False,True
0 days 01:23:37.764000,HAM,44,0 days 00:01:25.153000,8.0,1.0,,,0 days 00:00:21.569000,0 days 00:00:45.388000,0 days 00:00:18.196000,0 days 01:22:34.180000,0 days 01:23:19.568000,0 days 01:23:37.764000,300.0,219.0,310.0,246.0,True,INTERMEDIATE,8.0,True,Mercedes,0 days 01:22:12.611000,,1,11.0,,,False,True
0 days 01:25:02.410000,HAM,44,0 days 00:01:24.646000,9.0,1.0,,,0 days 00:00:21.587000,0 days 00:00:44.809000,0 days 00:00:18.250000,0 days 01:23:59.351000,0 days 01:24:44.160000,0 days 01:25:02.410000,295.0,226.0,311.0,239.0,True,INTERMEDIATE,9.0,True,Mercedes,0 days 01:23:37.764000,,1,11.0,,,False,True
0 days 01:26:27.740000,HAM,44,0 days 00:01:25.330000,10.0,1.0,,,0 days 00:00:21.844000,0 days 00:00:45.185000,0 days 00:00:18.301000,0 days 01:25:24.254000,0 days 01:26:09.439000,0 days 01:26:27.740000,300.0,218.0,310.0,241.0,False,INTERMEDIATE,10.0,True,Mercedes,0 days 01:25:02.410000,,1,11.0,,,False,True
0 days 01:27:59.598000,HAM,44,0 days 00:01:31.858000,11.0,1.0,,,0 days 00:00:21.408000,0 days 00:00:45.134000,0 days 00:00:25.316000,0 days 01:26:49.148000,0 days 01:27:34.282000,0 days 01:27:59.598000,301.0,225.0,305.0,251.0,False,INTERMEDIATE,11.0,True,Mercedes,0 days 01:26:27.740000,,12,12.0,,,False,True
0 days 01:29:26.031000,HAM,44,0 days 00:01:26.433000,12.0,1.0,,,0 days 00:00:22.761000,0 days 00:00:45.211000,0 days 00:00:18.461000,0 days 01:28:22.359000,0 days 01:29:07.570000,0 days 01:29:26.031000,295.0,212.0,309.0,243.0,False,INTERMEDIATE,12.0,True,Mercedes,0 days 01:27:59.598000,,1,13.0,,,False,True
0 days 01:30:50.590000,HAM,44,0 days 00:01:24.559000,13.0,1.0,,,0 days 00:00:21.475000,0 days 00:00:44.864000,0 days 00:00:18.220000,0 days 01:29:47.506000,0 days 01:30:32.370000,0 days 01:30:50.590000,305.0,222.0,307.0,247.0,True,INTERMEDIATE,13.0,True,Mercedes,0 days 01:29:26.031000,,1,13.0,,,False,True
0 days 01:32:15.100000,HAM,44,0 days 00:01:24.510000,14.0,1.0,,,0 days 00:00:21.366000,0 days 00:00:44.967000,0 days 00:00:18.177000,0 days 01:31:11.956000,0 days 01:31:56.923000,0 days 01:32:15.100000,305.0,217.0,310.0,254.0,True,INTERMEDIATE,14.0,True,Mercedes,0 days 01:30:50.590000,,1,13.0,,,False,True
0 days 01:33:40.893000,HAM,44,0 days 00:01:25.793000,15.0,1.0,,,0 days 00:00:21.818000,0 days 00:00:45.486000,0 days 00:00:18.489000,0 days 01:32:36.918000,0 days 01:33:22.404000,0 days 01:33:40.893000,299.0,212.0,311.0,242.0,False,INTERMEDIATE,15.0,True,Mercedes,0 days 01:32:15.100000,,1,13.0,,,False,True
0 days 01:35:06.341000,HAM,44,0 days 00:01:25.448000,16.0,1.0,,,0 days 00:00:22.080000,0 days 00:00:45.091000,0 days 00:00:18.277000,0 days 01:34:02.973000,0 days 01:34:48.064000,0 days 01:35:06.341000,304.0,215.0,310.0,241.0,False,INTERMEDIATE,16.0,True,Mercedes,0 days 01:33:40.893000,,1,13.0,,,False,True
0 days 01:36:31.073000,HAM,44,0 days 00:01:24.732000,17.0,1.0,,,0 days 00:00:21.621000,0 days 00:00:44.859000,0 days 00:00:18.252000,0 days 01:35:27.962000,0 days 01:36:12.821000,0 days 01:36:31.073000,304.0,223.0,311.0,243.0,False,INTERMEDIATE,17.0,True,Mercedes,0 days 01:35:06.341000,,1,13.0,,,False,True
0 days 01:37:57.108000,HAM,44,0 days 00:01:26.035000,18.0,1.0,,,0 days 00:00:21.376000,0 days 00:00:45.090000,0 days 00:00:19.569000,0 days 01:36:52.449000,0 days 01:37:37.539000,0 days 01:37:57.108000,307.0,216.0,311.0,240.0,False,INTERMEDIATE,18.0,True,Mercedes,0 days 01:36:31.073000,,1,14.0,,,False,True
0 days 01:39:23.980000,HAM,44,0 days 00:01:26.872000,19.0,1.0,,,0 days 00:00:22.549000,0 days 00:00:46.041000,0 days 00:00:18.282000,0 days 01:38:19.657000,0 days 01:39:05.698000,0 days 01:39:23.980000,300.0,213.0,314.0,238.0,False,INTERMEDIATE,19.0,True,Mercedes,0 days 01:37:57.108000,,1,15.0,,,False,True
0 days 01:40:48.295000,HAM,44,0 days 00:01:24.315000,20.0,1.0,,,0 days 00:00:21.674000,0 days 00:00:44.599000,0 days 00:00:18.042000,0 days 01:39:45.654000,0 days 01:40:30.253000,0 days 01:40:48.295000,297.0,212.0,312.0,242.0,True,INTERMEDIATE,20.0,True,Mercedes,0 days 01:39:23.980000,,1,15.0,,,False,True
0 days 01:42:12.680000,HAM,44,0 days 00:01:24.385000,21.0,1.0,,,0 days 00:00:21.556000,0 days 00:00:44.809000,0 days 00:00:18.020000,0 days 01:41:09.851000,0 days 01:41:54.660000,0 days 01:42:12.680000,303.0,212.0,313.0,238.0,False,INTERMEDIATE,21.0,True,Mercedes,0 days 01:40:48.295000,,1,15.0,,,False,True
0 days 01:43:37.186000,HAM,44,0 days 00:01:24.506000,22.0,1.0,,,0 days 00:00:21.569000,0 days 00:00:44.870000,0 days 00:00:18.067000,0 days 01:42:34.249000,0 days 01:43:19.119000,0 days 01:43:37.186000,300.0,216.0,311.0,242.0,False,INTERMEDIATE,22.0,True,Mercedes,0 days 01:42:12.680000,,1,14.0,,,False,True
0 days 01:45:01.741000,HAM,44,0 days 00:01:24.555000,23.0,1.0,,,0 days 00:00:21.734000,0 days 00:00:44.594000,0 days 00:00:18.227000,0 days 01:43:58.920000,0 days 01:44:43.514000,0 days 01:45:01.741000,301.0,216.0,308.0,243.0,False,INTERMEDIATE,23.0,True,Mercedes,0 days 01:43:37.186000,,1,13.0,,,False,True
0 days 01:46:25.714000,HAM,44,0 days 00:01:23.973000,24.0,1.0,,,0 days 00:00:21.393000,0 days 00:00:44.482000,0 days 00:00:18.098000,0 days 01:45:23.134000,0 days 01:46:07.616000,0 days 01:46:25.714000,305.0,215.0,312.0,245.0,True,INTERMEDIATE,24.0,True,Mercedes,0 days 01:45:01.741000,,1,13.0,,,False,True
0 days 01:47:50.879000,HAM,44,0 days 00:01:25.165000,25.0,1.0,,,0 days 00:00:21.608000,0 days 00:00:45.436000,0 days 00:00:18.121000,0 days 01:46:47.322000,0 days 01:47:32.758000,0 days 01:47:50.879000,306.0,214.0,311.0,235.0,False,INTERMEDIATE,25.0,True,Mercedes,0 days 01:46:25.714000,,12,12.0,,,False,True
0 days 01:49:15.862000,HAM,44,0 days 00:01:24.983000,26.0,1.0,,,0 days 00:00:21.379000,0 days 00:00:45.079000,0 days 00:00:18.525000,0 days 01:48:12.258000,0 days 01:48:57.337000,0 days 01:49:15.862000,303.0,204.0,309.0,242.0,False,INTERMEDIATE,26.0,True,Mercedes,0 days 01:47:50.879000,,1,11.0,,,False,True
0 days 01:50:55.929000,HAM,44,0 days 00:01:40.067000,27.0,1.0,,0 days 01:50:53.060000,0 days 00:00:21.914000,0 days 00:00:47.134000,0 days 00:00:31.019000,0 days 01:49:37.776000,0 days 01:50:24.910000,0 days 01:50:55.929000,296.0,98.0,,230.0,False,INTERMEDIATE,27.0,True,Mercedes,0 days 01:49:15.862000,,126,12.0,,,False,False
0 days 01:52:55.767000,HAM,44,0 days 00:01:59.838000,28.0,2.0,0 days 01:51:18.314000,,0 days 00:00:43.197000,0 days 00:00:53.543000,0 days 00:00:23.098000,0 days 01:51:39.126000,0 days 01:52:32.669000,0 days 01:52:55.767000,214.0,171.0,248.0,230.0,False,INTERMEDIATE,1.0,True,Mercedes,0 days 01:50:55.929000,,671,12.0,,,False,False
0 days 01:54:41.083000,HAM,44,0 days 00:01:45.316000,29.0,2.0,,,0 days 00:00:26.475000,0 days 00:00:55.490000,0 days 00:00:23.351000,0 days 01:53:22.242000,0 days 01:54:17.732000,0 days 01:54:41.083000,214.0,161.0,259.0,193.0,False,INTERMEDIATE,2.0,True,Mercedes,0 days 01:52:55.767000,,1,10.0,,,False,True
0 days 01:56:37.087000,HAM,44,0 days 00:01:56.004000,30.0,2.0,,,0 days 00:00:34.450000,0 days 00:00:54.627000,0 days 00:00:26.927000,0 days 01:55:15.533000,0 days 01:56:10.160000,0 days 01:56:37.087000,199.0,172.0,202.0,207.0,False,INTERMEDIATE,3.0,True,Mercedes,0 days 01:54:41.083000,,14,11.0,,,False,False
0 days 01:58:29.118000,HAM,44,0 days 00:01:52.031000,31.0,2.0,,,0 days 00:00:31.903000,0 days 00:00:54.994000,0 days 00:00:25.134000,0 days 01:57:08.990000,0 days 01:58:03.984000,0 days 01:58:29.118000,196.0,167.0,235.0,164.0,False,INTERMEDIATE,4.0,True,Mercedes,0 days 01:56:37.087000,,4,11.0,,,False,False
0 days 02:01:10.205000,HAM,44,,32.0,2.0,,0 days 02:01:02.996000,0 days 00:00:32.651000,0 days 00:01:05.042000,0 days 00:01:03.289000,0 days 01:59:01.973000,0 days 02:00:06.916000,0 days 02:01:10.400000,172.0,132.0,,159.0,False,INTERMEDIATE,5.0,True,Mercedes,0 days 01:58:29.118000,,45,11.0,,,False,False
0 days 02:26:42.548000,HAM,44,,33.0,3.0,0 days 02:24:48.717000,,,0 days 00:00:50.945000,0 days 00:00:39.008000,,0 days 02:26:03.602000,0 days 02:26:42.773000,206.0,152.0,245.0,159.0,False,INTERMEDIATE,1.0,True,Mercedes,0 days 02:23:57.645000,,12,11.0,,,False,False
0 days 02:28:20.239000,HAM,44,0 days 00:01:37.691000,34.0,3.0,,,0 days 00:00:25.815000,0 days 00:00:51.660000,0 days 00:00:20.216000,0 days 02:27:08.363000,0 days 02:28:00.023000,0 days 02:28:20.239000,232.0,167.0,295.0,156.0,False,INTERMEDIATE,2.0,True,Mercedes,0 days 02:26:42.548000,,1,9.0,,,False,True
0 days 02:29:51.696000,HAM,44,0 days 00:01:31.457000,35.0,3.0,,,0 days 00:00:23.311000,0 days 00:00:49.029000,0 days 00:00:19.117000,0 days 02:28:43.550000,0 days 02:29:32.579000,0 days 02:29:51.696000,229.0,193.0,302.0,201.0,False,INTERMEDIATE,3.0,True,Mercedes,0 days 02:28:20.239000,,1,9.0,,,False,True
0 days 02:31:20.459000,HAM,44,0 days 00:01:28.763000,36.0,3.0,,,0 days 00:00:22.720000,0 days 00:00:47.252000,0 days 00:00:18.791000,0 days 02:30:14.416000,0 days 02:31:01.668000,0 days 02:31:20.459000,268.0,199.0,308.0,213.0,False,INTERMEDIATE,4.0,True,Mercedes,0 days 02:29:51.696000,,12,9.0,,,False,True
0 days 02:32:47.985000,HAM,44,0 days 00:01:27.526000,37.0,3.0,,,0 days 00:00:22.460000,0 days 00:00:46.240000,0 days 00:00:18.826000,0 days 02:31:42.919000,0 days 02:32:29.159000,0 days 02:32:47.985000,290.0,208.0,304.0,219.0,False,INTERMEDIATE,5.0,True,Mercedes,0 days 02:31:20.459000,,1,9.0,,,False,True
0 days 02:34:14.355000,HAM,44,0 days 00:01:26.370000,38.0,3.0,,,0 days 00:00:22.012000,0 days 00:00:46.004000,0 days 00:00:18.354000,0 days 02:33:09.997000,0 days 02:33:56.001000,0 days 02:34:14.355000,293.0,207.0,307.0,234.0,False,INTERMEDIATE,6.0,True,Mercedes,0 days 02:32:47.985000,,12,9.0,,,False,True
0 days 02:35:53.096000,HAM,44,0 days 00:01:38.741000,39.0,3.0,,,0 days 00:00:21.552000,0 days 00:00:51.338000,0 days 00:00:25.851000,0 days 02:34:35.907000,0 days 02:35:27.245000,0 days 02:35:53.096000,298.0,102.0,210.0,244.0,False,INTERMEDIATE,7.0,True,Mercedes,0 days 02:34:14.355000,,124,9.0,,,False,False
0 days 02:37:42.970000,HAM,44,0 days 00:01:49.874000,40.0,3.0,,,0 days 00:00:26.491000,0 days 00:00:57.318000,0 days 00:00:26.065000,0 days 02:36:19.587000,0 days 02:37:16.905000,0 days 02:37:42.970000,240.0,160.0,223.0,203.0,False,INTERMEDIATE,8.0,True,Mercedes,0 days 02:35:53.096000,,4,9.0,,,False,False
0 days 02:39:48.267000,HAM,44,0 days 00:02:05.297000,41.0,3.0,,,0 days 00:00:29.058000,0 days 00:01:02.513000,0 days 00:00:33.726000,0 days 02:38:12.028000,0 days 02:39:14.541000,0 days 02:39:48.267000,169.0,164.0,270.0,209.0,False,INTERMEDIATE,9.0,True,Mercedes,0 days 02:37:42.970000,,4,9.0,,,False,False
0 days 02:41:56.378000,HAM,44,0 days 00:02:08.111000,42.0,3.0,,,0 days 00:00:28.862000,0 days 00:01:02.188000,0 days 00:00:37.061000,0 days 02:40:17.129000,0 days 02:41:19.317000,0 days 02:41:56.378000,220.0,85.0,282.0,172.0,False,INTERMEDIATE,10.0,True,Mercedes,0 days 02:39:48.267000,,41,9.0,,,False,False
0 days 02:43:31.015000,HAM,44,0 days 00:01:34.637000,43.0,3.0,,,0 days 00:00:25.184000,0 days 00:00:50.400000,0 days 00:00:19.053000,0 days 02:42:21.562000,0 days 02:43:11.962000,0 days 02:43:31.015000,281.0,202.0,306.0,193.0,False,INTERMEDIATE,11.0,True,Mercedes,0 days 02:41:56.378000,,12,11.0,,,False,True
0 days 02:44:56.792000,HAM,44,0 days 00:01:25.777000,44.0,3.0,,,0 days 00:00:21.877000,0 days 00:00:45.486000,0 days 00:00:18.414000,0 days 02:43:52.892000,0 days 02:44:38.378000,0 days 02:44:56.792000,289.0,207.0,307.0,242.0,False,INTERMEDIATE,12.0,True,Mercedes,0 days 02:43:31.015000,,21,11.0,,,False,True
0 days 02:46:21.617000,HAM,44,0 days 00:01:24.825000,45.0,3.0,,,0 days 00:00:21.434000,0 days 00:00:45.207000,0 days 00:00:18.184000,0 days 02:45:18.226000,0 days 02:46:03.433000,0 days 02:46:21.617000,291.0,219.0,307.0,249.0,False,INTERMEDIATE,13.0,True,Mercedes,0 days 02:44:56.792000,,1,11.0,,,False,True
0 days 02:47:46.239000,HAM,44,0 days 00:01:24.622000,46.0,3.0,,,0 days 00:00:21.490000,0 days 00:00:45.016000,0 days 00:00:18.116000,0 days 02:46:43.107000,0 days 02:47:28.123000,0 days 02:47:46.239000,296.0,218.0,310.0,248.0,False,INTERMEDIATE,14.0,True,Mercedes,0 days 02:46:21.617000,,1,11.0,,,False,True
0 days 02:49:11.033000,HAM,44,0 days 00:01:24.794000,47.0,3.0,,,0 days 00:00:21.464000,0 days 00:00:44.928000,0 days 00:00:18.402000,0 days 02:48:07.703000,0 days 02:48:52.631000,0 days 02:49:11.033000,299.0,214.0,307.0,246.0,False,INTERMEDIATE,15.0,True,Mercedes,0 days 02:47:46.239000,,1,11.0,,,False,True
0 days 02:50:35.279000,HAM,44,0 days 00:01:24.246000,48.0,3.0,,,0 days 00:00:21.311000,0 days 00:00:44.789000,0 days 00:00:18.146000,0 days 02:49:32.344000,0 days 02:50:17.133000,0 days 02:50:35.279000,299.0,218.0,307.0,250.0,False,INTERMEDIATE,16.0,True,Mercedes,0 days 02:49:11.033000,,1,11.0,,,False,True
0 days 02:51:59.299000,HAM,44,0 days 00:01:24.020000,49.0,3.0,,,0 days 00:00:21.378000,0 days 00:00:44.598000,0 days 00:00:18.044000,0 days 02:50:56.657000,0 days 02:51:41.255000,0 days 02:51:59.299000,300.0,216.0,308.0,251.0,False,INTERMEDIATE,17.0,True,Mercedes,0 days 02:50:35.279000,,1,11.0,,,False,True
0 days 02:53:22.997000,HAM,44,0 days 00:01:23.698000,50.0,3.0,,,0 days 00:00:21.397000,0 days 00:00:44.186000,0 days 00:00:18.115000,0 days 02:52:20.696000,0 days 02:53:04.882000,0 days 02:53:22.997000,304.0,220.0,306.0,237.0,True,INTERMEDIATE,18.0,True,Mercedes,0 days 02:51:59.299000,,1,11.0,,,False,True
0 days 02:54:46.960000,HAM,44,0 days 00:01:23.963000,51.0,3.0,,,0 days 00:00:21.151000,0 days 00:00:44.400000,0 days 00:00:18.412000,0 days 02:53:44.148000,0 days 02:54:28.548000,0 days 02:54:46.960000,307.0,207.0,310.0,260.0,False,INTERMEDIATE,19.0,True,Mercedes,0 days 02:53:22.997000,,12,11.0,,,False,True
0 days 02:56:11.236000,HAM,44,0 days 00:01:24.276000,52.0,3.0,,,0 days 00:00:21.320000,0 days 00:00:44.691000,0 days 00:00:18.265000,0 days 02:55:08.280000,0 days 02:55:52.971000,0 days 02:56:11.236000,306.0,218.0,307.0,241.0,False,INTERMEDIATE,20.0,True,Mercedes,0 days 02:54:46.960000,,1,11.0,,,False,True
0 days 02:57:35.076000,HAM,44,0 days 00:01:23.840000,53.0,3.0,,,0 days 00:00:21.306000,0 days 00:00:44.304000,0 days 00:00:18.230000,0 days 02:56:32.542000,0 days 02:57:16.846000,0 days 02:57:35.076000,308.0,219.0,308.0,260.0,False,INTERMEDIATE,21.0,True,Mercedes,0 days 02:56:11.236000,,1,11.0,,,False,True
0 days 02:58:58.604000,HAM,44,0 days 00:01:23.528000,54.0,3.0,,,0 days 00:00:21.094000,0 days 00:00:44.465000,0 days 00:00:17.969000,0 days 02:57:56.170000,0 days 02:58:40.635000,0 days 02:58:58.604000,309.0,220.0,312.0,268.0,True,INTERMEDIATE,22.0,True,Mercedes,0 days 02:57:35.076000,,1,11.0,,,False,True
0 days 03:00:22.263000,HAM,44,0 days 00:01:23.659000,55.0,3.0,,,0 days 00:00:21.934000,0 days 00:00:43.662000,0 days 00:00:18.063000,0 days 02:59:20.538000,0 days 03:00:04.200000,0 days 03:00:22.263000,304.0,224.0,311.0,264.0,False,INTERMEDIATE,23.0,True,Mercedes,0 days 02:58:58.604000,,1,10.0,,,False,True
0 days 03:01:45.208000,HAM,44,0 days 00:01:22.945000,56.0,3.0,,,0 days 00:00:20.813000,0 days 00:00:44.223000,0 days 00:00:17.909000,0 days 03:00:43.076000,0 days 03:01:27.299000,0 days 03:01:45.208000,311.0,228.0,309.0,269.0,True,INTERMEDIATE,24.0,True,Mercedes,0 days 03:00:22.263000,,1,10.0,,,False,True
0 days 03:03:08.109000,HAM,44,0 days 00:01:22.901000,57.0,3.0,,,0 days 00:00:21.063000,0 days 00:00:43.915000,0 days 00:00:17.923000,0 days 03:02:06.271000,0 days 03:02:50.186000,0 days 03:03:08.109000,312.0,223.0,311.0,261.0,True,INTERMEDIATE,25.0,True,Mercedes,0 days 03:01:45.208000,,1,10.0,,,False,True
0 days 03:04:31.997000,HAM,44,0 days 00:01:23.888000,58.0,3.0,,,0 days 00:00:21.149000,0 days 00:00:44.819000,0 days 00:00:17.920000,0 days 03:03:29.258000,0 days 03:04:14.077000,0 days 03:04:31.997000,311.0,227.0,309.0,265.0,False,INTERMEDIATE,26.0,True,Mercedes,0 days 03:03:08.109000,,1,10.0,,,False,True
0 days 03:05:55.025000,HAM,44,0 days 00:01:23.028000,59.0,3.0,,,0 days 00:00:21.033000,0 days 00:00:44.058000,0 days 00:00:17.937000,0 days 03:04:53.030000,0 days 03:05:37.088000,0 days 03:05:55.025000,307.0,223.0,308.0,260.0,False,INTERMEDIATE,27.0,True,Mercedes,0 days 03:04:31.997000,,1,10.0,,,False,True
0 days 03:07:18.147000,HAM,44,0 days 00:01:23.122000,60.0,3.0,,,0 days 00:00:21.202000,0 days 00:00:44.041000,0 days 00:00:17.879000,0 days 03:06:16.227000,0 days 03:07:00.268000,0 days 03:07:18.147000,304.0,226.0,309.0,257.0,False,INTERMEDIATE,28.0,True,Mercedes,0 days 03:05:55.025000,,1,10.0,,,False,True
0 days 03:08:40.894000,HAM,44,0 days 00:01:22.747000,61.0,3.0,,,0 days 00:00:21.174000,0 days 00:00:43.661000,0 days 00:00:17.912000,0 days 03:07:39.321000,0 days 03:08:22.982000,0 days 03:08:40.894000,311.0,233.0,309.0,269.0,True,INTERMEDIATE,29.0,True,Mercedes,0 days 03:07:18.147000,,1,10.0,,,False,True
0 days 03:10:03.477000,HAM,44,0 days 00:01:22.583000,62.0,3.0,,,0 days 00:00:21.223000,0 days 00:00:43.504000,0 days 00:00:17.856000,0 days 03:09:02.117000,0 days 03:09:45.621000,0 days 03:10:03.477000,306.0,227.0,312.0,261.0,True,INTERMEDIATE,30.0,True,Mercedes,0 days 03:08:40.894000,,1,10.0,,,False,True
0 days 03:11:26.088000,HAM,44,0 days 00:01:22.611000,63.0,3.0,,,0 days 00:00:21.031000,0 days 00:00:43.689000,0 days 00:00:17.891000,0 days 03:10:24.508000,0 days 03:11:08.197000,0 days 03:11:26.088000,312.0,223.0,308.0,266.0,False,INTERMEDIATE,31.0,True,Mercedes,0 days 03:10:03.477000,,1,10.0,,,False,True
0 days 03:12:48.285000,HAM,44,0 days 00:01:22.197000,64.0,3.0,,,0 days 00:00:20.975000,0 days 00:00:43.367000,0 days 00:00:17.855000,0 days 03:11:47.063000,0 days 03:12:30.430000,0 days 03:12:48.285000,306.0,228.0,309.0,273.0,True,INTERMEDIATE,32.0,True,Mercedes,0 days 03:11:26.088000,,1,10.0,,,False,True
0 days 03:14:10.707000,HAM,44,0 days 00:01:22.422000,65.0,3.0,,,0 days 00:00:21.213000,0 days 00:00:43.438000,0 days 00:00:17.771000,0 days 03:13:09.498000,0 days 03:13:52.936000,0 days 03:14:10.707000,306.0,227.0,313.0,265.0,False,INTERMEDIATE,33.0,True,Mercedes,0 days 03:12:48.285000,,1,10.0,,,False,True
0 days 03:15:33.438000,HAM,44,0 days 00:01:22.731000,66.0,3.0,,,0 days 00:00:21.557000,0 days 00:00:43.320000,0 days 00:00:17.854000,0 days 03:14:32.264000,0 days 03:15:15.584000,0 days 03:15:33.438000,302.0,232.0,312.0,274.0,False,INTERMEDIATE,34.0,True,Mercedes,0 days 03:14:10.707000,,1,10.0,,,False,True
0 days 03:16:56.052000,HAM,44,0 days 00:01:22.614000,67.0,3.0,,,0 days 00:00:20.953000,0 days 00:00:43.359000,0 days 00:00:18.302000,0 days 03:15:54.391000,0 days 03:16:37.750000,0 days 03:16:56.052000,311.0,228.0,308.0,286.0,False,INTERMEDIATE,35.0,True,Mercedes,0 days 03:15:33.438000,,1,10.0,,,False,True
0 days 03:18:18.156000,HAM,44,0 days 00:01:22.104000,68.0,3.0,,,0 days 00:00:21.202000,0 days 00:00:42.957000,0 days 00:00:17.945000,0 days 03:17:17.254000,0 days 03:18:00.211000,0 days 03:18:18.156000,306.0,229.0,308.0,277.0,True,INTERMEDIATE,36.0,True,Mercedes,0 days 03:16:56.052000,,1,10.0,,,False,True
0 days 03:19:40.197000,HAM,44,0 days 00:01:22.041000,69.0,3.0,,,0 days 00:00:20.792000,0 days 00:00:43.366000,0 days 00:00:17.883000,0 days 03:18:38.948000,0 days 03:19:22.314000,0 days 03:19:40.197000,308.0,224.0,313.0,277.0,True,INTERMEDIATE,37.0,True,Mercedes,0 days 03:18:18.156000,,1,10.0,,,False,True
0 days 01:13:35.537000,BEA,50,0 days 00:01:40.491000,1.0,1.0,,,,0 days 00:00:49.847000,0 days 00:00:18.666000,,0 days 01:13:16.974000,0 days 01:13:35.673000,263.0,204.0,304.0,194.0,False,INTERMEDIATE,1.0,True,Haas F1 Team,0 days 01:11:54.770000,,12,13.0,,,False,False
0 days 01:15:03.913000,BEA,50,0 days 00:01:28.376000,2.0,1.0,,,0 days 00:00:22.660000,0 days 00:00:46.976000,0 days 00:00:18.740000,0 days 01:13:58.205000,0 days 01:14:45.181000,0 days 01:15:03.921000,299.0,216.0,305.0,230.0,True,INTERMEDIATE,2.0,True,Haas F1 Team,0 days 01:13:35.537000,,1,13.0,,,False,True
0 days 01:16:30.711000,BEA,50,0 days 00:01:26.798000,3.0,1.0,,,0 days 00:00:22.342000,0 days 00:00:46,0 days 00:00:18.456000,0 days 01:15:26.263000,0 days 01:16:12.263000,0 days 01:16:30.719000,301.0,218.0,306.0,227.0,True,INTERMEDIATE,3.0,True,Haas F1 Team,0 days 01:15:03.913000,,1,13.0,,,False,True
0 days 01:18:02.866000,BEA,50,0 days 00:01:32.155000,4.0,1.0,,,0 days 00:00:22.120000,0 days 00:00:51.480000,0 days 00:00:18.555000,0 days 01:16:52.839000,0 days 01:17:44.319000,0 days 01:18:02.874000,301.0,207.0,310.0,233.0,False,INTERMEDIATE,4.0,True,Haas F1 Team,0 days 01:16:30.711000,,12,17.0,,,False,True
0 days 01:19:29.351000,BEA,50,0 days 00:01:26.485000,5.0,1.0,,,0 days 00:00:22.183000,0 days 00:00:45.511000,0 days 00:00:18.791000,0 days 01:18:25.057000,0 days 01:19:10.568000,0 days 01:19:29.359000,303.0,220.0,304.0,244.0,True,INTERMEDIATE,5.0,True,Haas F1 Team,0 days 01:18:02.866000,,1,16.0,,,False,True
0 days 01:20:55.079000,BEA,50,0 days 00:01:25.728000,6.0,1.0,,,0 days 00:00:21.963000,0 days 00:00:45.506000,0 days 00:00:18.259000,0 days 01:19:51.322000,0 days 01:20:36.828000,0 days 01:20:55.087000,303.0,222.0,308.0,237.0,True,INTERMEDIATE,6.0,True,Haas F1 Team,0 days 01:19:29.351000,,1,16.0,,,False,True
0 days 01:22:20.491000,BEA,50,0 days 00:01:25.412000,7.0,1.0,,,0 days 00:00:21.828000,0 days 00:00:45.338000,0 days 00:00:18.246000,0 days 01:21:16.915000,0 days 01:22:02.253000,0 days 01:22:20.499000,303.0,222.0,308.0,238.0,True,INTERMEDIATE,7.0,True,Haas F1 Team,0 days 01:20:55.079000,,1,16.0,,,False,True
0 days 01:23:45.912000,BEA,50,0 days 00:01:25.421000,8.0,1.0,,,0 days 00:00:21.798000,0 days 00:00:45.293000,0 days 00:00:18.330000,0 days 01:22:42.297000,0 days 01:23:27.590000,0 days 01:23:45.920000,303.0,225.0,307.0,242.0,False,INTERMEDIATE,8.0,True,Haas F1 Team,0 days 01:22:20.491000,,1,16.0,,,False,True
0 days 01:25:11.076000,BEA,50,0 days 00:01:25.164000,9.0,1.0,,,0 days 00:00:21.875000,0 days 00:00:45.148000,0 days 00:00:18.141000,0 days 01:24:07.795000,0 days 01:24:52.943000,0 days 01:25:11.084000,303.0,225.0,309.0,251.0,True,INTERMEDIATE,9.0,True,Haas F1 Team,0 days 01:23:45.912000,,1,16.0,,,False,True
0 days 01:26:36.191000,BEA,50,0 days 00:01:25.115000,10.0,1.0,,,0 days 00:00:21.595000,0 days 00:00:45.192000,0 days 00:00:18.328000,0 days 01:25:32.679000,0 days 01:26:17.871000,0 days 01:26:36.199000,305.0,223.0,308.0,248.0,True,INTERMEDIATE,10.0,True,Haas F1 Team,0 days 01:25:11.076000,,1,16.0,,,False,True
0 days 01:28:02.407000,BEA,50,0 days 00:01:26.216000,11.0,1.0,,,0 days 00:00:22.084000,0 days 00:00:45.607000,0 days 00:00:18.525000,0 days 01:26:58.283000,0 days 01:27:43.890000,0 days 01:28:02.415000,294.0,222.0,312.0,252.0,False,INTERMEDIATE,11.0,True,Haas F1 Team,0 days 01:26:36.191000,,12,16.0,,,False,True
0 days 01:29:28.399000,BEA,50,0 days 00:01:25.992000,12.0,1.0,,,0 days 00:00:22.295000,0 days 00:00:45.460000,0 days 00:00:18.237000,0 days 01:28:24.710000,0 days 01:29:10.170000,0 days 01:29:28.407000,309.0,222.0,310.0,255.0,False,INTERMEDIATE,12.0,True,Haas F1 Team,0 days 01:28:02.407000,,1,15.0,,,False,True
0 days 01:30:53.614000,BEA,50,0 days 00:01:25.215000,13.0,1.0,,,0 days 00:00:21.453000,0 days 00:00:45.403000,0 days 00:00:18.359000,0 days 01:29:49.860000,0 days 01:30:35.263000,0 days 01:30:53.622000,304.0,228.0,307.0,244.0,False,INTERMEDIATE,13.0,True,Haas F1 Team,0 days 01:29:28.399000,,1,15.0,,,False,True
0 days 01:32:17.979000,BEA,50,0 days 00:01:24.365000,14.0,1.0,,,0 days 00:00:21.578000,0 days 00:00:44.637000,0 days 00:00:18.150000,0 days 01:31:15.200000,0 days 01:31:59.837000,0 days 01:32:17.987000,303.0,221.0,306.0,249.0,True,INTERMEDIATE,14.0,True,Haas F1 Team,0 days 01:30:53.614000,,1,15.0,,,False,True
0 days 01:33:42.709000,BEA,50,0 days 00:01:24.730000,15.0,1.0,,,0 days 00:00:21.583000,0 days 00:00:44.890000,0 days 00:00:18.257000,0 days 01:32:39.570000,0 days 01:33:24.460000,0 days 01:33:42.717000,302.0,215.0,307.0,249.0,False,INTERMEDIATE,15.0,True,Haas F1 Team,0 days 01:32:17.979000,,1,15.0,,,False,True
0 days 01:35:07.764000,BEA,50,0 days 00:01:25.055000,16.0,1.0,,,0 days 00:00:21.865000,0 days 00:00:44.910000,0 days 00:00:18.280000,0 days 01:34:04.582000,0 days 01:34:49.492000,0 days 01:35:07.772000,293.0,215.0,311.0,264.0,False,INTERMEDIATE,16.0,True,Haas F1 Team,0 days 01:33:42.709000,,1,15.0,,,False,True
0 days 01:36:32.705000,BEA,50,0 days 00:01:24.941000,17.0,1.0,,,0 days 00:00:21.824000,0 days 00:00:44.910000,0 days 00:00:18.207000,0 days 01:35:29.596000,0 days 01:36:14.506000,0 days 01:36:32.713000,304.0,219.0,308.0,247.0,False,INTERMEDIATE,17.0,True,Haas F1 Team,0 days 01:35:07.764000,,1,15.0,,,False,True
0 days 01:37:57.588000,BEA,50,0 days 00:01:24.883000,18.0,1.0,,,0 days 00:00:21.777000,0 days 00:00:44.980000,0 days 00:00:18.126000,0 days 01:36:54.490000,0 days 01:37:39.470000,0 days 01:37:57.596000,303.0,222.0,313.0,245.0,False,INTERMEDIATE,18.0,True,Haas F1 Team,0 days 01:36:32.705000,,1,15.0,,,False,True
0 days 01:39:23.189000,BEA,50,0 days 00:01:25.601000,19.0,1.0,,,0 days 00:00:22.173000,0 days 00:00:45.286000,0 days 00:00:18.142000,0 days 01:38:19.769000,0 days 01:39:05.055000,0 days 01:39:23.197000,297.0,222.0,305.0,236.0,False,INTERMEDIATE,19.0,True,Haas F1 Team,0 days 01:37:57.588000,,1,14.0,,,False,True
0 days 01:40:47.603000,BEA,50,0 days 00:01:24.414000,20.0,1.0,,,0 days 00:00:21.628000,0 days 00:00:44.728000,0 days 00:00:18.058000,0 days 01:39:44.825000,0 days 01:40:29.553000,0 days 01:40:47.611000,302.0,217.0,307.0,267.0,False,INTERMEDIATE,20.0,True,Haas F1 Team,0 days 01:39:23.189000,,1,14.0,,,False,True
0 days 01:42:12.085000,BEA,50,0 days 00:01:24.482000,21.0,1.0,,,0 days 00:00:21.569000,0 days 00:00:44.692000,0 days 00:00:18.221000,0 days 01:41:09.180000,0 days 01:41:53.872000,0 days 01:42:12.093000,304.0,221.0,307.0,262.0,False,INTERMEDIATE,21.0,True,Haas F1 Team,0 days 01:40:47.603000,,1,14.0,,,False,True
0 days 01:43:36.602000,BEA,50,0 days 00:01:24.517000,22.0,1.0,,,0 days 00:00:21.617000,0 days 00:00:44.723000,0 days 00:00:18.177000,0 days 01:42:33.710000,0 days 01:43:18.433000,0 days 01:43:36.610000,304.0,219.0,305.0,260.0,False,INTERMEDIATE,22.0,True,Haas F1 Team,0 days 01:42:12.085000,,1,13.0,,,False,True
0 days 01:45:00.908000,BEA,50,0 days 00:01:24.306000,23.0,1.0,,,0 days 00:00:21.631000,0 days 00:00:44.400000,0 days 00:00:18.275000,0 days 01:43:58.241000,0 days 01:44:42.641000,0 days 01:45:00.916000,302.0,226.0,303.0,257.0,True,INTERMEDIATE,23.0,True,Haas F1 Team,0 days 01:43:36.602000,,1,12.0,,,False,True
0 days 01:46:25.337000,BEA,50,0 days 00:01:24.429000,24.0,1.0,,,0 days 00:00:21.578000,0 days 00:00:44.665000,0 days 00:00:18.186000,0 days 01:45:22.494000,0 days 01:46:07.159000,0 days 01:46:25.345000,300.0,224.0,303.0,244.0,False,INTERMEDIATE,24.0,True,Haas F1 Team,0 days 01:45:00.908000,,1,12.0,,,False,True
0 days 01:47:50.074000,BEA,50,0 days 00:01:24.737000,25.0,1.0,,,0 days 00:00:21.469000,0 days 00:00:45.067000,0 days 00:00:18.201000,0 days 01:46:46.814000,0 days 01:47:31.881000,0 days 01:47:50.082000,301.0,221.0,303.0,256.0,False,INTERMEDIATE,25.0,True,Haas F1 Team,0 days 01:46:25.337000,,12,11.0,,,False,True
0 days 01:49:15.101000,BEA,50,0 days 00:01:25.027000,26.0,1.0,,,0 days 00:00:21.667000,0 days 00:00:45.052000,0 days 00:00:18.308000,0 days 01:48:11.749000,0 days 01:48:56.801000,0 days 01:49:15.109000,298.0,213.0,303.0,254.0,False,INTERMEDIATE,26.0,True,Haas F1 Team,0 days 01:47:50.074000,,1,10.0,,,False,True
0 days 01:50:53.532000,BEA,50,0 days 00:01:38.431000,27.0,1.0,,0 days 01:50:50.609000,0 days 00:00:22.089000,0 days 00:00:45.718000,0 days 00:00:30.624000,0 days 01:49:37.198000,0 days 01:50:22.916000,0 days 01:50:53.540000,298.0,136.0,,245.0,False,INTERMEDIATE,27.0,True,Haas F1 Team,0 days 01:49:15.101000,,126,11.0,,,False,False
0 days 01:53:05.085000,BEA,50,0 days 00:02:11.553000,28.0,2.0,0 days 01:51:26.516000,,0 days 00:00:54.630000,0 days 00:00:54.301000,0 days 00:00:22.622000,0 days 01:51:48.170000,0 days 01:52:42.471000,0 days 01:53:05.093000,135.0,172.0,245.0,245.0,False,INTERMEDIATE,1.0,True,Haas F1 Team,0 days 01:50:53.532000,,671,14.0,,,False,False
0 days 01:54:49.071000,BEA,50,0 days 00:01:43.986000,29.0,2.0,,,0 days 00:00:26.912000,0 days 00:00:54.615000,0 days 00:00:22.459000,0 days 01:53:32.005000,0 days 01:54:26.620000,0 days 01:54:49.079000,206.0,159.0,251.0,196.0,False,INTERMEDIATE,2.0,True,Haas F1 Team,0 days 01:53:05.085000,,1,15.0,,,False,True
0 days 01:56:57.214000,BEA,50,0 days 00:02:08.143000,30.0,2.0,,,0 days 00:00:41.283000,0 days 00:00:58.996000,0 days 00:00:27.864000,0 days 01:55:30.362000,0 days 01:56:29.358000,0 days 01:56:57.222000,110.0,126.0,197.0,198.0,False,INTERMEDIATE,3.0,True,Haas F1 Team,0 days 01:54:49.071000,,14,15.0,,,False,False
0 days 01:58:49.215000,BEA,50,0 days 00:01:52.001000,31.0,2.0,,,0 days 00:00:31.473000,0 days 00:00:54.780000,0 days 00:00:25.748000,0 days 01:57:28.695000,0 days 01:58:23.475000,0 days 01:58:49.223000,198.0,169.0,181.0,157.0,False,INTERMEDIATE,4.0,True,Haas F1 Team,0 days 01:56:57.214000,,4,15.0,,,False,False
0 days 02:01:28.072000,BEA,50,,32.0,2.0,,0 days 02:01:13.837000,0 days 00:00:31.026000,0 days 00:01:03.759000,0 days 00:01:04.005000,0 days 01:59:20.316000,0 days 02:00:24.113000,0 days 02:01:28.132000,159.0,138.0,,179.0,False,INTERMEDIATE,5.0,True,Haas F1 Team,0 days 01:58:49.215000,,45,15.0,,,False,False
0 days 02:26:52.854000,BEA,50,,33.0,3.0,0 days 02:24:58.613000,,,0 days 00:00:50.541000,0 days 00:00:37.289000,,0 days 02:26:15.583000,0 days 02:26:53.005000,159.0,199.0,283.0,179.0,False,INTERMEDIATE,1.0,True,Haas F1 Team,0 days 02:23:57.645000,,12,16.0,,,False,False
0 days 02:28:25.584000,BEA,50,0 days 00:01:32.730000,34.0,3.0,,,0 days 00:00:24.260000,0 days 00:00:49.105000,0 days 00:00:19.365000,0 days 02:27:17.122000,0 days 02:28:06.227000,0 days 02:28:25.592000,260.0,187.0,292.0,194.0,False,INTERMEDIATE,2.0,True,Haas F1 Team,0 days 02:26:52.854000,,1,15.0,,,False,True
0 days 02:29:57.162000,BEA,50,0 days 00:01:31.578000,35.0,3.0,,,0 days 00:00:24.527000,0 days 00:00:47.576000,0 days 00:00:19.475000,0 days 02:28:50.119000,0 days 02:29:37.695000,0 days 02:29:57.170000,240.0,196.0,304.0,200.0,False,INTERMEDIATE,3.0,True,Haas F1 Team,0 days 02:28:25.584000,,1,14.0,,,False,True
0 days 02:31:45.099000,BEA,50,0 days 00:01:47.937000,36.0,3.0,,,0 days 00:00:22.665000,0 days 00:01:06.485000,0 days 00:00:18.787000,0 days 02:30:19.835000,0 days 02:31:26.320000,0 days 02:31:45.107000,292.0,197.0,301.0,232.0,False,INTERMEDIATE,4.0,True,Haas F1 Team,0 days 02:29:57.162000,,12,16.0,,,False,True
0 days 02:33:16.836000,BEA,50,0 days 00:01:31.737000,37.0,3.0,,,0 days 00:00:22.297000,0 days 00:00:45.588000,0 days 00:00:23.852000,0 days 02:32:07.404000,0 days 02:32:52.992000,0 days 02:33:16.844000,294.0,222.0,299.0,242.0,False,INTERMEDIATE,5.0,True,Haas F1 Team,0 days 02:31:45.099000,,12,16.0,,,False,True
0 days 02:34:43.977000,BEA,50,0 days 00:01:27.141000,38.0,3.0,,,0 days 00:00:22.548000,0 days 00:00:45.570000,0 days 00:00:19.023000,0 days 02:33:39.392000,0 days 02:34:24.962000,0 days 02:34:43.985000,297.0,214.0,301.0,226.0,False,INTERMEDIATE,6.0,True,Haas F1 Team,0 days 02:33:16.836000,,1,16.0,,,False,True
0 days 02:36:28.497000,BEA,50,0 days 00:01:44.520000,39.0,3.0,,,0 days 00:00:22.260000,0 days 00:00:57.342000,0 days 00:00:24.918000,0 days 02:35:06.245000,0 days 02:36:03.587000,0 days 02:36:28.505000,296.0,177.0,185.0,232.0,False,INTERMEDIATE,7.0,True,Haas F1 Team,0 days 02:34:43.977000,,124,15.0,,,False,False
0 days 02:38:20.784000,BEA,50,0 days 00:01:52.287000,40.0,3.0,,,0 days 00:00:28.787000,0 days 00:00:57.584000,0 days 00:00:25.916000,0 days 02:36:57.292000,0 days 02:37:54.876000,0 days 02:38:20.792000,208.0,180.0,231.0,188.0,False,INTERMEDIATE,8.0,True,Haas F1 Team,0 days 02:36:28.497000,,4,15.0,,,False,False
0 days 02:39:59.210000,BEA,50,0 days 00:01:38.426000,41.0,3.0,,,0 days 00:00:23.299000,0 days 00:00:50.370000,0 days 00:00:24.757000,0 days 02:38:44.091000,0 days 02:39:34.461000,0 days 02:39:59.218000,273.0,192.0,240.0,232.0,False,INTERMEDIATE,9.0,True,Haas F1 Team,0 days 02:38:20.784000,,4,15.0,,,False,False
0 days 02:41:59.144000,BEA,50,0 days 00:01:59.934000,42.0,3.0,,,0 days 00:00:26.293000,0 days 00:00:58.854000,0 days 00:00:34.787000,0 days 02:40:25.511000,0 days 02:41:24.365000,0 days 02:41:59.152000,188.0,110.0,290.0,175.0,False,INTERMEDIATE,10.0,True,Haas F1 Team,0 days 02:39:59.210000,,41,15.0,,,False,False
0 days 02:43:31.334000,BEA,50,0 days 00:01:32.190000,43.0,3.0,,,0 days 00:00:24.330000,0 days 00:00:48.607000,0 days 00:00:19.253000,0 days 02:42:23.482000,0 days 02:43:12.089000,0 days 02:43:31.342000,273.0,191.0,313.0,194.0,False,INTERMEDIATE,11.0,True,Haas F1 Team,0 days 02:41:59.144000,,12,12.0,,,False,True
0 days 02:44:58.350000,BEA,50,0 days 00:01:27.016000,44.0,3.0,,,0 days 00:00:22.336000,0 days 00:00:45.964000,0 days 00:00:18.716000,0 days 02:43:53.678000,0 days 02:44:39.642000,0 days 02:44:58.358000,299.0,215.0,303.0,249.0,False,INTERMEDIATE,12.0,True,Haas F1 Team,0 days 02:43:31.334000,,21,12.0,,,False,True
0 days 02:46:23.657000,BEA,50,0 days 00:01:25.307000,45.0,3.0,,,0 days 00:00:22.114000,0 days 00:00:44.972000,0 days 00:00:18.221000,0 days 02:45:20.472000,0 days 02:46:05.444000,0 days 02:46:23.665000,299.0,220.0,303.0,235.0,False,INTERMEDIATE,13.0,True,Haas F1 Team,0 days 02:44:58.350000,,1,12.0,,,False,True
0 days 02:47:48.235000,BEA,50,0 days 00:01:24.578000,46.0,3.0,,,0 days 00:00:21.488000,0 days 00:00:44.844000,0 days 00:00:18.246000,0 days 02:46:45.153000,0 days 02:47:29.997000,0 days 02:47:48.243000,303.0,218.0,305.0,247.0,False,INTERMEDIATE,14.0,True,Haas F1 Team,0 days 02:46:23.657000,,1,12.0,,,False,True
0 days 02:49:12.851000,BEA,50,0 days 00:01:24.616000,47.0,3.0,,,0 days 00:00:21.719000,0 days 00:00:44.786000,0 days 00:00:18.111000,0 days 02:48:09.962000,0 days 02:48:54.748000,0 days 02:49:12.859000,300.0,223.0,305.0,254.0,False,INTERMEDIATE,15.0,True,Haas F1 Team,0 days 02:47:48.235000,,1,12.0,,,False,True
0 days 02:50:36.796000,BEA,50,0 days 00:01:23.945000,48.0,3.0,,,0 days 00:00:21.432000,0 days 00:00:44.402000,0 days 00:00:18.111000,0 days 02:49:34.291000,0 days 02:50:18.693000,0 days 02:50:36.804000,302.0,225.0,305.0,263.0,True,INTERMEDIATE,16.0,True,Haas F1 Team,0 days 02:49:12.851000,,1,12.0,,,False,True
0 days 02:52:00.831000,BEA,50,0 days 00:01:24.035000,49.0,3.0,,,0 days 00:00:21.438000,0 days 00:00:44.443000,0 days 00:00:18.154000,0 days 02:50:58.242000,0 days 02:51:42.685000,0 days 02:52:00.839000,304.0,222.0,304.0,263.0,False,INTERMEDIATE,17.0,True,Haas F1 Team,0 days 02:50:36.796000,,1,12.0,,,False,True
0 days 02:53:25.003000,BEA,50,0 days 00:01:24.172000,50.0,3.0,,,0 days 00:00:21.552000,0 days 00:00:44.288000,0 days 00:00:18.332000,0 days 02:52:22.391000,0 days 02:53:06.679000,0 days 02:53:25.011000,302.0,225.0,303.0,268.0,False,INTERMEDIATE,18.0,True,Haas F1 Team,0 days 02:52:00.831000,,1,12.0,,,False,True
0 days 02:54:50.088000,BEA,50,0 days 00:01:25.085000,51.0,3.0,,,0 days 00:00:21.398000,0 days 00:00:45.286000,0 days 00:00:18.401000,0 days 02:53:46.409000,0 days 02:54:31.695000,0 days 02:54:50.096000,302.0,224.0,306.0,280.0,False,INTERMEDIATE,19.0,True,Haas F1 Team,0 days 02:53:25.003000,,12,12.0,,,False,True
0 days 02:56:13.997000,BEA,50,0 days 00:01:23.909000,52.0,3.0,,,0 days 00:00:21.490000,0 days 00:00:44.045000,0 days 00:00:18.374000,0 days 02:55:11.586000,0 days 02:55:55.631000,0 days 02:56:14.005000,303.0,225.0,302.0,256.0,True,INTERMEDIATE,20.0,True,Haas F1 Team,0 days 02:54:50.088000,,1,12.0,,,False,True
0 days 02:57:37.966000,BEA,50,0 days 00:01:23.969000,53.0,3.0,,,0 days 00:00:21.489000,0 days 00:00:43.960000,0 days 00:00:18.520000,0 days 02:56:35.494000,0 days 02:57:19.454000,0 days 02:57:37.974000,302.0,227.0,304.0,270.0,False,INTERMEDIATE,21.0,True,Haas F1 Team,0 days 02:56:13.997000,,1,12.0,,,False,True
0 days 02:59:01.567000,BEA,50,0 days 00:01:23.601000,54.0,3.0,,,0 days 00:00:21.398000,0 days 00:00:43.964000,0 days 00:00:18.239000,0 days 02:57:59.372000,0 days 02:58:43.336000,0 days 02:59:01.575000,304.0,224.0,306.0,268.0,True,INTERMEDIATE,22.0,True,Haas F1 Team,0 days 02:57:37.966000,,1,12.0,,,False,True
0 days 03:00:25.382000,BEA,50,0 days 00:01:23.815000,55.0,3.0,,,0 days 00:00:21.514000,0 days 00:00:44.108000,0 days 00:00:18.193000,0 days 02:59:23.089000,0 days 03:00:07.197000,0 days 03:00:25.390000,301.0,226.0,305.0,265.0,False,INTERMEDIATE,23.0,True,Haas F1 Team,0 days 02:59:01.567000,,1,12.0,,,False,True
0 days 03:01:48.522000,BEA,50,0 days 00:01:23.140000,56.0,3.0,,,0 days 00:00:21.288000,0 days 00:00:43.717000,0 days 00:00:18.135000,0 days 03:00:46.678000,0 days 03:01:30.395000,0 days 03:01:48.530000,303.0,226.0,304.0,276.0,True,INTERMEDIATE,24.0,True,Haas F1 Team,0 days 03:00:25.382000,,1,12.0,,,False,True
0 days 03:03:11.917000,BEA,50,0 days 00:01:23.395000,57.0,3.0,,,0 days 00:00:21.214000,0 days 00:00:43.761000,0 days 00:00:18.420000,0 days 03:02:09.744000,0 days 03:02:53.505000,0 days 03:03:11.925000,304.0,227.0,304.0,276.0,False,INTERMEDIATE,25.0,True,Haas F1 Team,0 days 03:01:48.522000,,1,12.0,,,False,True
0 days 03:04:34.909000,BEA,50,0 days 00:01:22.992000,58.0,3.0,,,0 days 00:00:21.231000,0 days 00:00:43.757000,0 days 00:00:18.004000,0 days 03:03:33.156000,0 days 03:04:16.913000,0 days 03:04:34.917000,304.0,229.0,304.0,276.0,True,INTERMEDIATE,26.0,True,Haas F1 Team,0 days 03:03:11.917000,,1,12.0,,,False,True
0 days 03:05:57.806000,BEA,50,0 days 00:01:22.897000,59.0,3.0,,,0 days 00:00:21.166000,0 days 00:00:43.623000,0 days 00:00:18.108000,0 days 03:04:56.083000,0 days 03:05:39.706000,0 days 03:05:57.814000,304.0,229.0,306.0,274.0,True,INTERMEDIATE,27.0,True,Haas F1 Team,0 days 03:04:34.909000,,1,12.0,,,False,True
0 days 03:07:20.750000,BEA,50,0 days 00:01:22.944000,60.0,3.0,,,0 days 00:00:21.187000,0 days 00:00:43.772000,0 days 00:00:17.985000,0 days 03:06:19.001000,0 days 03:07:02.773000,0 days 03:07:20.758000,306.0,229.0,305.0,285.0,False,INTERMEDIATE,28.0,True,Haas F1 Team,0 days 03:05:57.806000,,1,12.0,,,False,True
0 days 03:08:44.942000,BEA,50,0 days 00:01:24.192000,61.0,3.0,,,0 days 00:00:21.144000,0 days 00:00:44.837000,0 days 00:00:18.211000,0 days 03:07:41.902000,0 days 03:08:26.739000,0 days 03:08:44.950000,304.0,232.0,303.0,276.0,False,INTERMEDIATE,29.0,True,Haas F1 Team,0 days 03:07:20.750000,,1,12.0,,,False,True
0 days 03:10:07.758000,BEA,50,0 days 00:01:22.816000,62.0,3.0,,,0 days 00:00:21.141000,0 days 00:00:43.645000,0 days 00:00:18.030000,0 days 03:09:06.091000,0 days 03:09:49.736000,0 days 03:10:07.766000,303.0,229.0,304.0,277.0,True,INTERMEDIATE,30.0,True,Haas F1 Team,0 days 03:08:44.942000,,1,12.0,,,False,True
0 days 03:11:30.595000,BEA,50,0 days 00:01:22.837000,63.0,3.0,,,0 days 00:00:21.209000,0 days 00:00:43.528000,0 days 00:00:18.100000,0 days 03:10:28.975000,0 days 03:11:12.503000,0 days 03:11:30.603000,303.0,232.0,302.0,288.0,False,INTERMEDIATE,31.0,True,Haas F1 Team,0 days 03:10:07.758000,,1,12.0,,,False,True
0 days 03:12:53.089000,BEA,50,0 days 00:01:22.494000,64.0,3.0,,,0 days 00:00:21.143000,0 days 00:00:43.439000,0 days 00:00:17.912000,0 days 03:11:51.746000,0 days 03:12:35.185000,0 days 03:12:53.097000,305.0,233.0,304.0,273.0,True,INTERMEDIATE,32.0,True,Haas F1 Team,0 days 03:11:30.595000,,1,12.0,,,False,True
0 days 03:14:16.070000,BEA,50,0 days 00:01:22.981000,65.0,3.0,,,0 days 00:00:21.092000,0 days 00:00:43.807000,0 days 00:00:18.082000,0 days 03:13:14.189000,0 days 03:13:57.996000,0 days 03:14:16.078000,303.0,231.0,305.0,282.0,False,INTERMEDIATE,33.0,True,Haas F1 Team,0 days 03:12:53.089000,,1,12.0,,,False,True
0 days 03:15:38.580000,BEA,50,0 days 00:01:22.510000,66.0,3.0,,,0 days 00:00:21.163000,0 days 00:00:43.382000,0 days 00:00:17.965000,0 days 03:14:37.241000,0 days 03:15:20.623000,0 days 03:15:38.588000,305.0,233.0,305.0,287.0,False,INTERMEDIATE,34.0,True,Haas F1 Team,0 days 03:14:16.070000,,1,12.0,,,False,True
0 days 03:17:01.113000,BEA,50,0 days 00:01:22.533000,67.0,3.0,,,0 days 00:00:21.159000,0 days 00:00:43.343000,0 days 00:00:18.031000,0 days 03:15:59.747000,0 days 03:16:43.090000,0 days 03:17:01.121000,303.0,231.0,303.0,285.0,False,INTERMEDIATE,35.0,True,Haas F1 Team,0 days 03:15:38.580000,,1,12.0,,,False,True
0 days 03:18:23.783000,BEA,50,0 days 00:01:22.670000,68.0,3.0,,,0 days 00:00:21.031000,0 days 00:00:43.395000,0 days 00:00:18.244000,0 days 03:17:22.152000,0 days 03:18:05.547000,0 days 03:18:23.791000,304.0,234.0,304.0,282.0,False,INTERMEDIATE,36.0,True,Haas F1 Team,0 days 03:17:01.113000,,1,12.0,,,False,True
0 days 03:19:46.622000,BEA,50,0 days 00:01:22.839000,69.0,3.0,,,0 days 00:00:20.964000,0 days 00:00:43.732000,0 days 00:00:18.143000,0 days 03:18:44.755000,0 days 03:19:28.487000,0 days 03:19:46.630000,305.0,231.0,306.0,283.0,False,INTERMEDIATE,37.0,True,Haas F1 Team,0 days 03:18:23.783000,,1,12.0,,,False,True
0 days 01:13:38.480000,SAI,55,0 days 00:01:43.434000,1.0,1.0,0 days 01:12:09.688000,,,0 days 00:00:48.987000,0 days 00:00:19.379000,,0 days 01:13:19.225000,0 days 01:13:38.501000,265.0,191.0,306.0,,False,INTERMEDIATE,1.0,True,Ferrari,0 days 01:11:54.770000,,12,17.0,,,False,False
0 days 01:15:07.501000,SAI,55,0 days 00:01:29.021000,2.0,1.0,,,0 days 00:00:22.675000,0 days 00:00:47.652000,0 days 00:00:18.694000,0 days 01:14:01.176000,0 days 01:14:48.828000,0 days 01:15:07.522000,297.0,201.0,308.0,230.0,True,INTERMEDIATE,2.0,True,Ferrari,0 days 01:13:38.480000,,1,17.0,,,False,True
0 days 01:16:34.385000,SAI,55,0 days 00:01:26.884000,3.0,1.0,,,0 days 00:00:22.328000,0 days 00:00:46.065000,0 days 00:00:18.491000,0 days 01:15:29.850000,0 days 01:16:15.915000,0 days 01:16:34.406000,302.0,217.0,308.0,241.0,True,INTERMEDIATE,3.0,True,Ferrari,0 days 01:15:07.501000,,1,17.0,,,False,True
0 days 01:18:00.925000,SAI,55,0 days 00:01:26.540000,4.0,1.0,,,0 days 00:00:22.224000,0 days 00:00:45.736000,0 days 00:00:18.580000,0 days 01:16:56.630000,0 days 01:17:42.366000,0 days 01:18:00.946000,302.0,220.0,311.0,236.0,True,INTERMEDIATE,4.0,True,Ferrari,0 days 01:16:34.385000,,12,15.0,,,False,True
0 days 01:19:27.110000,SAI,55,0 days 00:01:26.185000,5.0,1.0,,,0 days 00:00:22.010000,0 days 00:00:45.612000,0 days 00:00:18.563000,0 days 01:18:22.956000,0 days 01:19:08.568000,0 days 01:19:27.131000,304.0,218.0,308.0,251.0,True,INTERMEDIATE,5.0,True,Ferrari,0 days 01:18:00.925000,,1,15.0,,,False,True
0 days 01:20:54.025000,SAI,55,0 days 00:01:26.915000,6.0,1.0,,,0 days 00:00:22.391000,0 days 00:00:45.761000,0 days 00:00:18.763000,0 days 01:19:49.522000,0 days 01:20:35.283000,0 days 01:20:54.046000,304.0,222.0,307.0,223.0,False,INTERMEDIATE,6.0,True,Ferrari,0 days 01:19:27.110000,,1,15.0,,,False,True
0 days 01:22:19.444000,SAI,55,0 days 00:01:25.419000,7.0,1.0,,,0 days 00:00:21.501000,0 days 00:00:45.601000,0 days 00:00:18.317000,0 days 01:21:15.547000,0 days 01:22:01.148000,0 days 01:22:19.465000,306.0,219.0,311.0,246.0,True,INTERMEDIATE,7.0,True,Ferrari,0 days 01:20:54.025000,,1,15.0,,,False,True
0 days 01:23:44.898000,SAI,55,0 days 00:01:25.454000,8.0,1.0,,,0 days 00:00:21.533000,0 days 00:00:45.615000,0 days 00:00:18.306000,0 days 01:22:40.998000,0 days 01:23:26.613000,0 days 01:23:44.919000,302.0,223.0,310.0,264.0,False,INTERMEDIATE,8.0,True,Ferrari,0 days 01:22:19.444000,,1,15.0,,,False,True
0 days 01:25:10.089000,SAI,55,0 days 00:01:25.191000,9.0,1.0,,,0 days 00:00:21.698000,0 days 00:00:45.111000,0 days 00:00:18.382000,0 days 01:24:06.617000,0 days 01:24:51.728000,0 days 01:25:10.110000,305.0,226.0,309.0,250.0,True,INTERMEDIATE,9.0,True,Ferrari,0 days 01:23:44.898000,,1,15.0,,,False,True
0 days 01:26:35.495000,SAI,55,0 days 00:01:25.406000,10.0,1.0,,,0 days 00:00:21.744000,0 days 00:00:45.196000,0 days 00:00:18.466000,0 days 01:25:31.854000,0 days 01:26:17.050000,0 days 01:26:35.516000,305.0,222.0,314.0,252.0,False,INTERMEDIATE,10.0,True,Ferrari,0 days 01:25:10.089000,,1,15.0,,,False,True
0 days 01:28:01.698000,SAI,55,0 days 00:01:26.203000,11.0,1.0,,,0 days 00:00:22.180000,0 days 00:00:45.314000,0 days 00:00:18.709000,0 days 01:26:57.696000,0 days 01:27:43.010000,0 days 01:28:01.719000,308.0,219.0,316.0,268.0,False,INTERMEDIATE,11.0,True,Ferrari,0 days 01:26:35.495000,,12,15.0,,,False,True
0 days 01:29:27.331000,SAI,55,0 days 00:01:25.633000,12.0,1.0,,,0 days 00:00:22.307000,0 days 00:00:44.969000,0 days 00:00:18.357000,0 days 01:28:24.026000,0 days 01:29:08.995000,0 days 01:29:27.352000,301.0,227.0,308.0,278.0,False,INTERMEDIATE,12.0,True,Ferrari,0 days 01:28:01.698000,,1,14.0,,,False,True
0 days 01:30:51.624000,SAI,55,0 days 00:01:24.293000,13.0,1.0,,,0 days 00:00:21.234000,0 days 00:00:44.775000,0 days 00:00:18.284000,0 days 01:29:48.586000,0 days 01:30:33.361000,0 days 01:30:51.645000,306.0,224.0,309.0,260.0,True,INTERMEDIATE,13.0,True,Ferrari,0 days 01:29:27.331000,,1,14.0,,,False,True
0 days 01:32:15.936000,SAI,55,0 days 00:01:24.312000,14.0,1.0,,,0 days 00:00:21.365000,0 days 00:00:44.635000,0 days 00:00:18.312000,0 days 01:31:13.010000,0 days 01:31:57.645000,0 days 01:32:15.957000,305.0,222.0,306.0,260.0,False,INTERMEDIATE,14.0,True,Ferrari,0 days 01:30:51.624000,,1,14.0,,,False,True
0 days 01:33:41.370000,SAI,55,0 days 00:01:25.434000,15.0,1.0,,,0 days 00:00:21.777000,0 days 00:00:45.185000,0 days 00:00:18.472000,0 days 01:32:37.734000,0 days 01:33:22.919000,0 days 01:33:41.391000,304.0,220.0,313.0,246.0,False,INTERMEDIATE,15.0,True,Ferrari,0 days 01:32:15.936000,,1,14.0,,,False,True
0 days 01:35:07.162000,SAI,55,0 days 00:01:25.792000,16.0,1.0,,,0 days 00:00:22.082000,0 days 00:00:45.165000,0 days 00:00:18.545000,0 days 01:34:03.473000,0 days 01:34:48.638000,0 days 01:35:07.183000,306.0,214.0,308.0,249.0,False,INTERMEDIATE,16.0,True,Ferrari,0 days 01:33:41.370000,,1,14.0,,,False,True
0 days 01:36:31.829000,SAI,55,0 days 00:01:24.667000,17.0,1.0,,,0 days 00:00:21.604000,0 days 00:00:44.641000,0 days 00:00:18.422000,0 days 01:35:28.787000,0 days 01:36:13.428000,0 days 01:36:31.850000,304.0,225.0,310.0,241.0,False,INTERMEDIATE,17.0,True,Ferrari,0 days 01:35:07.162000,,1,14.0,,,False,True
0 days 01:37:56.703000,SAI,55,0 days 00:01:24.874000,18.0,1.0,,,0 days 00:00:21.653000,0 days 00:00:44.795000,0 days 00:00:18.426000,0 days 01:36:53.503000,0 days 01:37:38.298000,0 days 01:37:56.724000,304.0,221.0,308.0,241.0,False,INTERMEDIATE,18.0,True,Ferrari,0 days 01:36:31.829000,,1,13.0,,,False,True
0 days 01:39:20.904000,SAI,55,0 days 00:01:24.201000,19.0,1.0,,,0 days 00:00:21.465000,0 days 00:00:44.358000,0 days 00:00:18.378000,0 days 01:38:18.189000,0 days 01:39:02.547000,0 days 01:39:20.925000,304.0,217.0,311.0,258.0,True,INTERMEDIATE,19.0,True,Ferrari,0 days 01:37:56.703000,,1,13.0,,,False,True
0 days 01:40:46.205000,SAI,55,0 days 00:01:25.301000,20.0,1.0,,,0 days 00:00:22.101000,0 days 00:00:44.965000,0 days 00:00:18.235000,0 days 01:39:43.026000,0 days 01:40:27.991000,0 days 01:40:46.226000,307.0,221.0,311.0,252.0,False,INTERMEDIATE,20.0,True,Ferrari,0 days 01:39:20.904000,,1,13.0,,,False,True
0 days 01:42:10.836000,SAI,55,0 days 00:01:24.631000,21.0,1.0,,,0 days 00:00:21.807000,0 days 00:00:44.435000,0 days 00:00:18.389000,0 days 01:41:08.033000,0 days 01:41:52.468000,0 days 01:42:10.857000,304.0,226.0,308.0,258.0,False,INTERMEDIATE,21.0,True,Ferrari,0 days 01:40:46.205000,,1,13.0,,,False,True
0 days 01:43:38.610000,SAI,55,0 days 00:01:27.774000,22.0,1.0,,,0 days 00:00:21.397000,0 days 00:00:48.174000,0 days 00:00:18.203000,0 days 01:42:32.254000,0 days 01:43:20.428000,0 days 01:43:38.631000,305.0,211.0,306.0,262.0,False,INTERMEDIATE,22.0,True,Ferrari,0 days 01:42:10.836000,,1,15.0,,,False,True
0 days 01:45:03.797000,SAI,55,0 days 00:01:25.187000,23.0,1.0,,,0 days 00:00:21.425000,0 days 00:00:45.501000,0 days 00:00:18.261000,0 days 01:44:00.056000,0 days 01:44:45.557000,0 days 01:45:03.818000,305.0,224.0,312.0,267.0,False,INTERMEDIATE,23.0,True,Ferrari,0 days 01:43:38.610000,,1,15.0,,,False,True
0 days 01:46:29.481000,SAI,55,0 days 00:01:25.684000,24.0,1.0,,,0 days 00:00:21.752000,0 days 00:00:45.618000,0 days 00:00:18.314000,0 days 01:45:25.570000,0 days 01:46:11.188000,0 days 01:46:29.502000,307.0,224.0,309.0,249.0,False,INTERMEDIATE,24.0,True,Ferrari,0 days 01:45:03.797000,,1,15.0,,,False,True
0 days 01:47:54.877000,SAI,55,0 days 00:01:25.396000,25.0,1.0,,,0 days 00:00:21.446000,0 days 00:00:45.353000,0 days 00:00:18.597000,0 days 01:46:50.948000,0 days 01:47:36.301000,0 days 01:47:54.898000,306.0,216.0,310.0,259.0,False,INTERMEDIATE,25.0,True,Ferrari,0 days 01:46:29.481000,,12,15.0,,,False,True
0 days 01:49:21.044000,SAI,55,0 days 00:01:26.167000,26.0,1.0,,,0 days 00:00:21.915000,0 days 00:00:45.663000,0 days 00:00:18.589000,0 days 01:48:16.813000,0 days 01:49:02.476000,0 days 01:49:21.065000,304.0,219.0,305.0,252.0,False,INTERMEDIATE,26.0,True,Ferrari,0 days 01:47:54.877000,,1,13.0,,,False,True
0 days 01:51:02.239000,SAI,55,0 days 00:01:41.195000,27.0,1.0,,0 days 01:50:59.271000,0 days 00:00:21.590000,0 days 00:00:49.417000,0 days 00:00:30.188000,0 days 01:49:42.655000,0 days 01:50:32.072000,0 days 01:51:02.260000,302.0,171.0,,256.0,False,INTERMEDIATE,27.0,True,Ferrari,0 days 01:49:21.044000,,126,13.0,,,False,False
0 days 01:53:05.059000,SAI,55,0 days 00:02:02.820000,28.0,2.0,0 days 01:51:25.359000,,0 days 00:00:45.685000,0 days 00:00:53.307000,0 days 00:00:23.828000,0 days 01:51:47.945000,0 days 01:52:41.252000,0 days 01:53:05.080000,96.0,170.0,243.0,256.0,False,INTERMEDIATE,1.0,True,Ferrari,0 days 01:51:02.239000,,671,13.0,,,False,False
0 days 01:54:47.190000,SAI,55,0 days 00:01:42.131000,29.0,2.0,,,0 days 00:00:25.601000,0 days 00:00:53.794000,0 days 00:00:22.736000,0 days 01:53:30.681000,0 days 01:54:24.475000,0 days 01:54:47.211000,248.0,183.0,252.0,216.0,False,INTERMEDIATE,2.0,True,Ferrari,0 days 01:53:05.059000,,1,13.0,,,False,True
0 days 01:56:54.498000,SAI,55,0 days 00:02:07.308000,30.0,2.0,,,0 days 00:00:39.151000,0 days 00:01:01.648000,0 days 00:00:26.509000,0 days 01:55:26.362000,0 days 01:56:28.010000,0 days 01:56:54.519000,156.0,162.0,232.0,218.0,False,INTERMEDIATE,3.0,True,Ferrari,0 days 01:54:47.190000,,14,13.0,,,False,False
0 days 01:58:45.914000,SAI,55,0 days 00:01:51.416000,31.0,2.0,,,0 days 00:00:30.529000,0 days 00:00:55.743000,0 days 00:00:25.144000,0 days 01:57:25.048000,0 days 01:58:20.791000,0 days 01:58:45.935000,203.0,170.0,237.0,212.0,False,INTERMEDIATE,4.0,True,Ferrari,0 days 01:56:54.498000,,4,13.0,,,False,False
0 days 02:01:20.253000,SAI,55,,32.0,2.0,,0 days 02:01:09.712000,0 days 00:00:31.081000,0 days 00:01:04.584000,0 days 00:00:58.543000,0 days 01:59:17.197000,0 days 02:00:21.799000,0 days 02:01:20.274000,227.0,139.0,,192.0,False,INTERMEDIATE,5.0,True,Ferrari,0 days 01:58:45.914000,,45,13.0,,,False,False
0 days 02:26:44.446000,SAI,55,,33.0,3.0,0 days 02:24:54.333000,,,0 days 00:00:50.818000,0 days 00:00:32.285000,,0 days 02:26:12.279000,0 days 02:26:44.618000,227.0,202.0,219.0,192.0,False,INTERMEDIATE,1.0,False,Ferrari,0 days 02:23:57.645000,,12,14.0,,,False,False
0 days 02:28:24.759000,SAI,55,0 days 00:01:40.313000,34.0,3.0,,,0 days 00:00:27.636000,0 days 00:00:51.310000,0 days 00:00:21.367000,0 days 02:27:12.103000,0 days 02:28:03.413000,0 days 02:28:24.780000,194.0,176.0,261.0,175.0,False,INTERMEDIATE,2.0,False,Ferrari,0 days 02:26:44.446000,,1,14.0,,,False,True
0 days 02:29:56.538000,SAI,55,0 days 00:01:31.779000,35.0,3.0,,,0 days 00:00:24.401000,0 days 00:00:48.122000,0 days 00:00:19.256000,0 days 02:28:49.181000,0 days 02:29:37.303000,0 days 02:29:56.559000,246.0,197.0,302.0,197.0,False,INTERMEDIATE,3.0,False,Ferrari,0 days 02:28:24.759000,,1,13.0,,,False,True
0 days 02:31:25.424000,SAI,55,0 days 00:01:28.886000,36.0,3.0,,,0 days 00:00:22.780000,0 days 00:00:47.173000,0 days 00:00:18.933000,0 days 02:30:19.339000,0 days 02:31:06.512000,0 days 02:31:25.445000,268.0,213.0,304.0,242.0,False,INTERMEDIATE,4.0,False,Ferrari,0 days 02:29:56.538000,,12,13.0,,,False,True
0 days 02:32:52.525000,SAI,55,0 days 00:01:27.101000,37.0,3.0,,,0 days 00:00:22.354000,0 days 00:00:46.287000,0 days 00:00:18.460000,0 days 02:31:47.799000,0 days 02:32:34.086000,0 days 02:32:52.546000,286.0,218.0,308.0,228.0,False,INTERMEDIATE,5.0,False,Ferrari,0 days 02:31:25.424000,,1,13.0,,,False,True
0 days 02:34:19.296000,SAI,55,0 days 00:01:26.771000,38.0,3.0,,,0 days 00:00:22.295000,0 days 00:00:45.983000,0 days 00:00:18.493000,0 days 02:33:14.841000,0 days 02:34:00.824000,0 days 02:34:19.317000,287.0,214.0,311.0,233.0,False,INTERMEDIATE,6.0,False,Ferrari,0 days 02:32:52.525000,,12,13.0,,,False,True
0 days 02:36:49.296000,SAI,55,,39.0,3.0,,,,,,,,,,,,,,INTERMEDIATE,7.0,False,Ferrari,0 days 02:34:19.296000,,124,,,,True,False
0 days 01:13:25.562000,RUS,63,0 days 00:01:30.516000,1.0,1.0,,,,0 days 00:00:45.252000,0 days 00:00:18.681000,,0 days 01:13:07.092000,0 days 01:13:25.744000,297.0,209.0,299.0,193.0,False,INTERMEDIATE,4.0,False,Mercedes,0 days 01:11:54.770000,,12,1.0,,,False,False
0 days 01:14:51.366000,RUS,63,0 days 00:01:25.804000,2.0,1.0,,,0 days 00:00:21.592000,0 days 00:00:45.633000,0 days 00:00:18.579000,0 days 01:13:47.169000,0 days 01:14:32.802000,0 days 01:14:51.381000,296.0,207.0,301.0,236.0,True,INTERMEDIATE,5.0,False,Mercedes,0 days 01:13:25.562000,,1,1.0,,,False,True
0 days 01:16:16.964000,RUS,63,0 days 00:01:25.598000,3.0,1.0,,,0 days 00:00:21.437000,0 days 00:00:45.590000,0 days 00:00:18.571000,0 days 01:15:12.818000,0 days 01:15:58.408000,0 days 01:16:16.979000,298.0,210.0,301.0,251.0,True,INTERMEDIATE,6.0,False,Mercedes,0 days 01:14:51.366000,,1,1.0,,,False,True
0 days 01:17:42.606000,RUS,63,0 days 00:01:25.642000,4.0,1.0,,,0 days 00:00:21.800000,0 days 00:00:45.162000,0 days 00:00:18.680000,0 days 01:16:38.779000,0 days 01:17:23.941000,0 days 01:17:42.621000,298.0,217.0,301.0,235.0,False,INTERMEDIATE,7.0,False,Mercedes,0 days 01:16:16.964000,,12,1.0,,,False,True
0 days 01:19:07.923000,RUS,63,0 days 00:01:25.317000,5.0,1.0,,,0 days 00:00:21.719000,0 days 00:00:45.089000,0 days 00:00:18.509000,0 days 01:18:04.340000,0 days 01:18:49.429000,0 days 01:19:07.938000,300.0,219.0,303.0,237.0,True,INTERMEDIATE,8.0,False,Mercedes,0 days 01:17:42.606000,,1,1.0,,,False,True
0 days 01:20:32.598000,RUS,63,0 days 00:01:24.675000,6.0,1.0,,,0 days 00:00:21.526000,0 days 00:00:44.928000,0 days 00:00:18.221000,0 days 01:19:29.464000,0 days 01:20:14.392000,0 days 01:20:32.613000,300.0,221.0,304.0,242.0,True,INTERMEDIATE,9.0,False,Mercedes,0 days 01:19:07.923000,,1,1.0,,,False,True
0 days 01:21:57.452000,RUS,63,0 days 00:01:24.854000,7.0,1.0,,,0 days 00:00:21.489000,0 days 00:00:45.042000,0 days 00:00:18.323000,0 days 01:20:54.102000,0 days 01:21:39.144000,0 days 01:21:57.467000,300.0,225.0,305.0,251.0,False,INTERMEDIATE,10.0,False,Mercedes,0 days 01:20:32.598000,,1,1.0,,,False,True
0 days 01:23:22.040000,RUS,63,0 days 00:01:24.588000,8.0,1.0,,,0 days 00:00:21.633000,0 days 00:00:44.652000,0 days 00:00:18.303000,0 days 01:22:19.100000,0 days 01:23:03.752000,0 days 01:23:22.055000,300.0,225.0,305.0,246.0,True,INTERMEDIATE,11.0,False,Mercedes,0 days 01:21:57.452000,,1,1.0,,,False,True
0 days 01:24:46.278000,RUS,63,0 days 00:01:24.238000,9.0,1.0,,,0 days 00:00:21.358000,0 days 00:00:44.677000,0 days 00:00:18.203000,0 days 01:23:43.413000,0 days 01:24:28.090000,0 days 01:24:46.293000,297.0,227.0,306.0,257.0,True,INTERMEDIATE,12.0,False,Mercedes,0 days 01:23:22.040000,,1,1.0,,,False,True
0 days 01:26:10.573000,RUS,63,0 days 00:01:24.295000,10.0,1.0,,,0 days 00:00:21.282000,0 days 00:00:44.585000,0 days 00:00:18.428000,0 days 01:25:07.575000,0 days 01:25:52.160000,0 days 01:26:10.588000,301.0,226.0,307.0,262.0,False,INTERMEDIATE,13.0,False,Mercedes,0 days 01:24:46.278000,,1,1.0,,,False,True
0 days 01:27:34.501000,RUS,63,0 days 00:01:23.928000,11.0,1.0,,,0 days 00:00:21.336000,0 days 00:00:44.371000,0 days 00:00:18.221000,0 days 01:26:31.924000,0 days 01:27:16.295000,0 days 01:27:34.516000,301.0,228.0,307.0,260.0,True,INTERMEDIATE,14.0,False,Mercedes,0 days 01:26:10.573000,,1,1.0,,,False,True
0 days 01:28:58.717000,RUS,63,0 days 00:01:24.216000,12.0,1.0,,,0 days 00:00:21.168000,0 days 00:00:44.675000,0 days 00:00:18.373000,0 days 01:27:55.684000,0 days 01:28:40.359000,0 days 01:28:58.732000,301.0,223.0,307.0,264.0,False,INTERMEDIATE,15.0,False,Mercedes,0 days 01:27:34.501000,,12,1.0,,,False,True
0 days 01:30:23.389000,RUS,63,0 days 00:01:24.672000,13.0,1.0,,,0 days 00:00:21.405000,0 days 00:00:44.979000,0 days 00:00:18.288000,0 days 01:29:20.137000,0 days 01:30:05.116000,0 days 01:30:23.404000,297.0,223.0,306.0,259.0,False,INTERMEDIATE,16.0,False,Mercedes,0 days 01:28:58.717000,,1,1.0,,,False,True
0 days 01:31:47.851000,RUS,63,0 days 00:01:24.462000,14.0,1.0,,,0 days 00:00:21.443000,0 days 00:00:44.818000,0 days 00:00:18.201000,0 days 01:30:44.847000,0 days 01:31:29.665000,0 days 01:31:47.866000,297.0,225.0,305.0,253.0,False,INTERMEDIATE,17.0,False,Mercedes,0 days 01:30:23.389000,,1,1.0,,,False,True
0 days 01:33:12.234000,RUS,63,0 days 00:01:24.383000,15.0,1.0,,,0 days 00:00:21.549000,0 days 00:00:44.622000,0 days 00:00:18.212000,0 days 01:32:09.415000,0 days 01:32:54.037000,0 days 01:33:12.249000,300.0,226.0,306.0,252.0,False,INTERMEDIATE,18.0,False,Mercedes,0 days 01:31:47.851000,,1,1.0,,,False,True
0 days 01:34:36.218000,RUS,63,0 days 00:01:23.984000,16.0,1.0,,,0 days 00:00:21.366000,0 days 00:00:44.403000,0 days 00:00:18.215000,0 days 01:33:33.615000,0 days 01:34:18.018000,0 days 01:34:36.233000,301.0,225.0,306.0,255.0,False,INTERMEDIATE,19.0,False,Mercedes,0 days 01:33:12.234000,,1,1.0,,,False,True
0 days 01:36:00.928000,RUS,63,0 days 00:01:24.710000,17.0,1.0,,,0 days 00:00:21.365000,0 days 00:00:45.224000,0 days 00:00:18.121000,0 days 01:34:57.598000,0 days 01:35:42.822000,0 days 01:36:00.943000,301.0,224.0,305.0,258.0,False,INTERMEDIATE,20.0,False,Mercedes,0 days 01:34:36.218000,,1,1.0,,,False,True
0 days 01:37:25.351000,RUS,63,0 days 00:01:24.423000,18.0,1.0,,,0 days 00:00:21.715000,0 days 00:00:44.607000,0 days 00:00:18.101000,0 days 01:36:22.658000,0 days 01:37:07.265000,0 days 01:37:25.366000,299.0,226.0,305.0,251.0,False,INTERMEDIATE,21.0,False,Mercedes,0 days 01:36:00.928000,,1,1.0,,,False,True
0 days 01:38:49.689000,RUS,63,0 days 00:01:24.338000,19.0,1.0,,,0 days 00:00:21.984000,0 days 00:00:44.251000,0 days 00:00:18.103000,0 days 01:37:47.350000,0 days 01:38:31.601000,0 days 01:38:49.704000,298.0,224.0,305.0,262.0,False,INTERMEDIATE,22.0,False,Mercedes,0 days 01:37:25.351000,,1,1.0,,,False,True
0 days 01:40:13.440000,RUS,63,0 days 00:01:23.751000,20.0,1.0,,,0 days 00:00:21.359000,0 days 00:00:44.244000,0 days 00:00:18.148000,0 days 01:39:11.063000,0 days 01:39:55.307000,0 days 01:40:13.455000,298.0,226.0,306.0,251.0,True,INTERMEDIATE,23.0,False,Mercedes,0 days 01:38:49.689000,,1,1.0,,,False,True
0 days 01:41:36.957000,RUS,63,0 days 00:01:23.517000,21.0,1.0,,,0 days 00:00:21.459000,0 days 00:00:43.959000,0 days 00:00:18.099000,0 days 01:40:34.914000,0 days 01:41:18.873000,0 days 01:41:36.972000,300.0,227.0,307.0,252.0,True,INTERMEDIATE,24.0,False,Mercedes,0 days 01:40:13.440000,,1,1.0,,,False,True
0 days 01:43:00.840000,RUS,63,0 days 00:01:23.883000,22.0,1.0,,,0 days 00:00:21.362000,0 days 00:00:44.414000,0 days 00:00:18.107000,0 days 01:41:58.334000,0 days 01:42:42.748000,0 days 01:43:00.855000,303.0,223.0,307.0,257.0,False,INTERMEDIATE,25.0,False,Mercedes,0 days 01:41:36.957000,,1,1.0,,,False,True
0 days 01:44:24.967000,RUS,63,0 days 00:01:24.127000,23.0,1.0,,,0 days 00:00:21.557000,0 days 00:00:44.442000,0 days 00:00:18.128000,0 days 01:43:22.412000,0 days 01:44:06.854000,0 days 01:44:24.982000,299.0,222.0,307.0,250.0,False,INTERMEDIATE,26.0,False,Mercedes,0 days 01:43:00.840000,,1,1.0,,,False,True
0 days 01:45:49.374000,RUS,63,0 days 00:01:24.407000,24.0,1.0,,,0 days 00:00:21.577000,0 days 00:00:44.596000,0 days 00:00:18.234000,0 days 01:44:46.559000,0 days 01:45:31.155000,0 days 01:45:49.389000,300.0,225.0,306.0,250.0,False,INTERMEDIATE,27.0,False,Mercedes,0 days 01:44:24.967000,,1,1.0,,,False,True
0 days 01:47:13.844000,RUS,63,0 days 00:01:24.470000,25.0,1.0,,,0 days 00:00:21.530000,0 days 00:00:44.753000,0 days 00:00:18.187000,0 days 01:46:10.919000,0 days 01:46:55.672000,0 days 01:47:13.859000,300.0,216.0,308.0,244.0,False,INTERMEDIATE,28.0,False,Mercedes,0 days 01:45:49.374000,,1,1.0,,,False,True
0 days 01:48:39.248000,RUS,63,0 days 00:01:25.404000,26.0,1.0,,,0 days 00:00:21.587000,0 days 00:00:45.562000,0 days 00:00:18.255000,0 days 01:47:35.446000,0 days 01:48:21.008000,0 days 01:48:39.263000,298.0,214.0,308.0,250.0,False,INTERMEDIATE,29.0,False,Mercedes,0 days 01:47:13.844000,,12,1.0,,,False,True
0 days 01:50:06.125000,RUS,63,0 days 00:01:26.877000,27.0,1.0,,,0 days 00:00:21.723000,0 days 00:00:46.275000,0 days 00:00:18.879000,0 days 01:49:00.986000,0 days 01:49:47.261000,0 days 01:50:06.140000,296.0,200.0,306.0,245.0,False,INTERMEDIATE,30.0,False,Mercedes,0 days 01:48:39.248000,,12,1.0,,,False,True
0 days 01:52:00.553000,RUS,63,0 days 00:01:54.428000,28.0,1.0,,0 days 01:51:57.867000,0 days 00:00:27.954000,0 days 00:00:56.864000,0 days 00:00:29.610000,0 days 01:50:34.094000,0 days 01:51:30.958000,0 days 01:52:00.568000,128.0,137.0,,222.0,False,INTERMEDIATE,31.0,False,Mercedes,0 days 01:50:06.125000,,267,1.0,,,False,False
0 days 01:54:03.532000,RUS,63,0 days 00:02:02.979000,29.0,2.0,0 days 01:52:23.437000,,0 days 00:00:45.422000,0 days 00:00:54.197000,0 days 00:00:23.360000,0 days 01:52:45.990000,0 days 01:53:40.187000,0 days 01:54:03.547000,222.0,170.0,240.0,222.0,False,INTERMEDIATE,4.0,False,Mercedes,0 days 01:52:00.553000,,71,4.0,,,False,False
0 days 01:56:05.613000,RUS,63,0 days 00:02:02.081000,30.0,2.0,,,0 days 00:00:31.196000,0 days 00:01:04.355000,0 days 00:00:26.530000,0 days 01:54:34.743000,0 days 01:55:39.098000,0 days 01:56:05.628000,190.0,151.0,177.0,186.0,False,INTERMEDIATE,5.0,False,Mercedes,0 days 01:54:03.532000,,14,5.0,,,False,False
0 days 01:58:11.098000,RUS,63,0 days 00:02:05.485000,31.0,2.0,,,0 days 00:00:35.698000,0 days 00:01:00.910000,0 days 00:00:28.877000,0 days 01:56:41.326000,0 days 01:57:42.236000,0 days 01:58:11.113000,172.0,154.0,161.0,144.0,False,INTERMEDIATE,6.0,False,Mercedes,0 days 01:56:05.613000,,4,5.0,,,False,False
0 days 02:00:53.995000,RUS,63,,32.0,2.0,,0 days 02:00:49.338000,0 days 00:00:36.103000,0 days 00:01:08.737000,0 days 00:00:58.052000,0 days 01:58:47.333000,0 days 01:59:55.958000,0 days 02:00:54.184000,170.0,109.0,,146.0,False,INTERMEDIATE,7.0,False,Mercedes,0 days 01:58:11.098000,,45,5.0,,,False,False
0 days 02:26:38.794000,RUS,63,,33.0,3.0,0 days 02:24:25.205000,,,0 days 00:01:01.858000,0 days 00:00:44.726000,,0 days 02:25:54.196000,0 days 02:26:39.007000,168.0,79.0,257.0,146.0,False,INTERMEDIATE,4.0,False,Mercedes,0 days 02:23:57.645000,,12,5.0,,,False,False
0 days 02:28:13.861000,RUS,63,0 days 00:01:35.067000,34.0,3.0,,,0 days 00:00:25.649000,0 days 00:00:49.794000,0 days 00:00:19.624000,0 days 02:27:04.458000,0 days 02:27:54.252000,0 days 02:28:13.876000,238.0,193.0,297.0,202.0,False,INTERMEDIATE,5.0,False,Mercedes,0 days 02:26:38.794000,,1,4.0,,,False,True
0 days 02:29:42.538000,RUS,63,0 days 00:01:28.677000,35.0,3.0,,,0 days 00:00:23.186000,0 days 00:00:46.615000,0 days 00:00:18.876000,0 days 02:28:37.062000,0 days 02:29:23.677000,0 days 02:29:42.553000,288.0,198.0,302.0,215.0,False,INTERMEDIATE,6.0,False,Mercedes,0 days 02:28:13.861000,,1,4.0,,,False,True
0 days 02:31:09.423000,RUS,63,0 days 00:01:26.885000,36.0,3.0,,,0 days 00:00:22.695000,0 days 00:00:45.850000,0 days 00:00:18.340000,0 days 02:30:05.248000,0 days 02:30:51.098000,0 days 02:31:09.438000,257.0,212.0,305.0,205.0,False,INTERMEDIATE,7.0,False,Mercedes,0 days 02:29:42.538000,,12,4.0,,,False,True
0 days 02:32:35.309000,RUS,63,0 days 00:01:25.886000,37.0,3.0,,,0 days 00:00:21.944000,0 days 00:00:45.698000,0 days 00:00:18.244000,0 days 02:31:31.382000,0 days 02:32:17.080000,0 days 02:32:35.324000,291.0,215.0,305.0,224.0,False,INTERMEDIATE,8.0,False,Mercedes,0 days 02:31:09.423000,,1,4.0,,,False,True
0 days 02:34:00.199000,RUS,63,0 days 00:01:24.890000,38.0,3.0,,,0 days 00:00:21.680000,0 days 00:00:44.947000,0 days 00:00:18.263000,0 days 02:32:57.004000,0 days 02:33:41.951000,0 days 02:34:00.214000,300.0,222.0,306.0,232.0,False,INTERMEDIATE,9.0,False,Mercedes,0 days 02:32:35.309000,,12,4.0,,,False,True
0 days 02:35:33.232000,RUS,63,0 days 00:01:33.033000,39.0,3.0,,,0 days 00:00:21.917000,0 days 00:00:44.693000,0 days 00:00:26.423000,0 days 02:34:22.131000,0 days 02:35:06.824000,0 days 02:35:33.247000,300.0,222.0,133.0,233.0,False,INTERMEDIATE,10.0,False,Mercedes,0 days 02:34:00.199000,,124,4.0,,,False,False
0 days 02:37:30.501000,RUS,63,0 days 00:01:57.269000,40.0,3.0,,,0 days 00:00:28.705000,0 days 00:00:59.514000,0 days 00:00:29.050000,0 days 02:36:01.952000,0 days 02:37:01.466000,0 days 02:37:30.516000,185.0,161.0,162.0,182.0,False,INTERMEDIATE,11.0,False,Mercedes,0 days 02:35:33.232000,,4,4.0,,,False,False
0 days 02:39:36.324000,RUS,63,0 days 00:02:05.823000,41.0,3.0,,,0 days 00:00:32.634000,0 days 00:01:05.155000,0 days 00:00:28.034000,0 days 02:38:03.150000,0 days 02:39:08.305000,0 days 02:39:36.339000,132.0,84.0,281.0,160.0,False,INTERMEDIATE,12.0,False,Mercedes,0 days 02:37:30.501000,,4,4.0,,,False,False
0 days 02:41:55.375000,RUS,63,0 days 00:02:19.051000,42.0,3.0,,,0 days 00:00:31.793000,0 days 00:01:07.589000,0 days 00:00:39.669000,0 days 02:40:08.132000,0 days 02:41:15.721000,0 days 02:41:55.390000,125.0,83.0,277.0,145.0,False,INTERMEDIATE,13.0,False,Mercedes,0 days 02:39:36.324000,,41,4.0,,,False,False
0 days 02:43:25.059000,RUS,63,0 days 00:01:29.684000,43.0,3.0,,,0 days 00:00:24.275000,0 days 00:00:46.900000,0 days 00:00:18.509000,0 days 02:42:19.665000,0 days 02:43:06.565000,0 days 02:43:25.074000,271.0,199.0,308.0,231.0,False,INTERMEDIATE,14.0,False,Mercedes,0 days 02:41:55.375000,,12,5.0,,,False,True
0 days 02:44:50.405000,RUS,63,0 days 00:01:25.346000,44.0,3.0,,,0 days 00:00:22.157000,0 days 00:00:45.169000,0 days 00:00:18.020000,0 days 02:43:47.231000,0 days 02:44:32.400000,0 days 02:44:50.420000,298.0,216.0,310.0,229.0,False,INTERMEDIATE,15.0,False,Mercedes,0 days 02:43:25.059000,,21,5.0,,,False,True
0 days 02:46:14.856000,RUS,63,0 days 00:01:24.451000,45.0,3.0,,,0 days 00:00:21.614000,0 days 00:00:44.877000,0 days 00:00:17.960000,0 days 02:45:12.034000,0 days 02:45:56.911000,0 days 02:46:14.871000,301.0,216.0,311.0,227.0,False,INTERMEDIATE,16.0,False,Mercedes,0 days 02:44:50.405000,,1,5.0,,,False,True
0 days 02:47:39.241000,RUS,63,0 days 00:01:24.385000,46.0,3.0,,,0 days 00:00:21.537000,0 days 00:00:44.949000,0 days 00:00:17.899000,0 days 02:46:36.408000,0 days 02:47:21.357000,0 days 02:47:39.256000,303.0,226.0,308.0,232.0,False,INTERMEDIATE,17.0,False,Mercedes,0 days 02:46:14.856000,,1,4.0,,,False,True
0 days 02:49:02.084000,RUS,63,0 days 00:01:22.843000,47.0,3.0,,,0 days 00:00:21.171000,0 days 00:00:43.761000,0 days 00:00:17.911000,0 days 02:48:00.427000,0 days 02:48:44.188000,0 days 02:49:02.099000,304.0,226.0,306.0,245.0,True,INTERMEDIATE,18.0,False,Mercedes,0 days 02:47:39.241000,,1,4.0,,,False,True
0 days 02:50:24.828000,RUS,63,0 days 00:01:22.744000,48.0,3.0,,,0 days 00:00:21.194000,0 days 00:00:43.687000,0 days 00:00:17.863000,0 days 02:49:23.293000,0 days 02:50:06.980000,0 days 02:50:24.843000,301.0,232.0,308.0,243.0,True,INTERMEDIATE,19.0,False,Mercedes,0 days 02:49:02.084000,,1,4.0,,,False,True
0 days 02:51:47.380000,RUS,63,0 days 00:01:22.552000,49.0,3.0,,,0 days 00:00:21.030000,0 days 00:00:43.622000,0 days 00:00:17.900000,0 days 02:50:45.873000,0 days 02:51:29.495000,0 days 02:51:47.395000,306.0,227.0,308.0,254.0,True,INTERMEDIATE,20.0,False,Mercedes,0 days 02:50:24.828000,,1,4.0,,,False,True
0 days 02:53:10.078000,RUS,63,0 days 00:01:22.698000,50.0,3.0,,,0 days 00:00:21.084000,0 days 00:00:43.623000,0 days 00:00:17.991000,0 days 02:52:08.479000,0 days 02:52:52.102000,0 days 02:53:10.093000,306.0,227.0,308.0,254.0,False,INTERMEDIATE,21.0,False,Mercedes,0 days 02:51:47.380000,,1,4.0,,,False,True
0 days 02:54:32.739000,RUS,63,0 days 00:01:22.661000,51.0,3.0,,,0 days 00:00:21.225000,0 days 00:00:43.496000,0 days 00:00:17.940000,0 days 02:53:31.318000,0 days 02:54:14.814000,0 days 02:54:32.754000,304.0,229.0,310.0,246.0,False,INTERMEDIATE,22.0,False,Mercedes,0 days 02:53:10.078000,,12,4.0,,,False,True
0 days 02:55:55.692000,RUS,63,0 days 00:01:22.953000,52.0,3.0,,,0 days 00:00:21.012000,0 days 00:00:43.841000,0 days 00:00:18.100000,0 days 02:54:53.766000,0 days 02:55:37.607000,0 days 02:55:55.707000,303.0,220.0,308.0,257.0,False,INTERMEDIATE,23.0,False,Mercedes,0 days 02:54:32.739000,,1,4.0,,,False,True
0 days 02:57:18.119000,RUS,63,0 days 00:01:22.427000,53.0,3.0,,,0 days 00:00:21.028000,0 days 00:00:43.411000,0 days 00:00:17.988000,0 days 02:56:16.735000,0 days 02:57:00.146000,0 days 02:57:18.134000,307.0,225.0,309.0,254.0,True,INTERMEDIATE,24.0,False,Mercedes,0 days 02:55:55.692000,,1,4.0,,,False,True
0 days 02:58:40.896000,RUS,63,0 days 00:01:22.777000,54.0,3.0,,,0 days 00:00:21.130000,0 days 00:00:43.516000,0 days 00:00:18.131000,0 days 02:57:39.264000,0 days 02:58:22.780000,0 days 02:58:40.911000,308.0,224.0,308.0,253.0,False,INTERMEDIATE,25.0,False,Mercedes,0 days 02:57:18.119000,,1,4.0,,,False,True
0 days 03:00:03.423000,RUS,63,0 days 00:01:22.527000,55.0,3.0,,,0 days 00:00:21.017000,0 days 00:00:43.558000,0 days 00:00:17.952000,0 days 02:59:01.928000,0 days 02:59:45.486000,0 days 03:00:03.438000,305.0,226.0,308.0,255.0,False,INTERMEDIATE,26.0,False,Mercedes,0 days 02:58:40.896000,,1,4.0,,,False,True
0 days 03:01:25.919000,RUS,63,0 days 00:01:22.496000,56.0,3.0,,,0 days 00:00:21.077000,0 days 00:00:43.527000,0 days 00:00:17.892000,0 days 03:00:24.515000,0 days 03:01:08.042000,0 days 03:01:25.934000,305.0,228.0,309.0,255.0,False,INTERMEDIATE,27.0,False,Mercedes,0 days 03:00:03.423000,,1,4.0,,,False,True
0 days 03:02:48.734000,RUS,63,0 days 00:01:22.815000,57.0,3.0,,,0 days 00:00:21.116000,0 days 00:00:43.730000,0 days 00:00:17.969000,0 days 03:01:47.050000,0 days 03:02:30.780000,0 days 03:02:48.749000,307.0,225.0,308.0,260.0,False,INTERMEDIATE,28.0,False,Mercedes,0 days 03:01:25.919000,,1,4.0,,,False,True
0 days 03:04:11.164000,RUS,63,0 days 00:01:22.430000,58.0,3.0,,,0 days 00:00:21.019000,0 days 00:00:43.489000,0 days 00:00:17.922000,0 days 03:03:09.768000,0 days 03:03:53.257000,0 days 03:04:11.179000,306.0,230.0,308.0,259.0,False,INTERMEDIATE,29.0,False,Mercedes,0 days 03:02:48.734000,,1,4.0,,,False,True
0 days 03:05:33.327000,RUS,63,0 days 00:01:22.163000,59.0,3.0,,,0 days 00:00:20.995000,0 days 00:00:43.350000,0 days 00:00:17.818000,0 days 03:04:32.174000,0 days 03:05:15.524000,0 days 03:05:33.342000,307.0,231.0,308.0,263.0,True,INTERMEDIATE,30.0,False,Mercedes,0 days 03:04:11.164000,,1,4.0,,,False,True
0 days 03:06:55.384000,RUS,63,0 days 00:01:22.057000,60.0,3.0,,,0 days 00:00:20.972000,0 days 00:00:43.253000,0 days 00:00:17.832000,0 days 03:05:54.314000,0 days 03:06:37.567000,0 days 03:06:55.399000,308.0,228.0,309.0,268.0,True,INTERMEDIATE,31.0,False,Mercedes,0 days 03:05:33.327000,,1,4.0,,,False,True
0 days 03:08:17.545000,RUS,63,0 days 00:01:22.161000,61.0,3.0,,,0 days 00:00:20.996000,0 days 00:00:43.318000,0 days 00:00:17.847000,0 days 03:07:16.395000,0 days 03:07:59.713000,0 days 03:08:17.560000,307.0,227.0,309.0,263.0,False,INTERMEDIATE,32.0,False,Mercedes,0 days 03:06:55.384000,,1,4.0,,,False,True
0 days 03:09:39.684000,RUS,63,0 days 00:01:22.139000,62.0,3.0,,,0 days 00:00:20.864000,0 days 00:00:43.528000,0 days 00:00:17.747000,0 days 03:08:38.424000,0 days 03:09:21.952000,0 days 03:09:39.699000,307.0,229.0,309.0,269.0,False,INTERMEDIATE,33.0,False,Mercedes,0 days 03:08:17.545000,,1,4.0,,,False,True
0 days 03:11:01.592000,RUS,63,0 days 00:01:21.908000,63.0,3.0,,,0 days 00:00:20.867000,0 days 00:00:43.273000,0 days 00:00:17.768000,0 days 03:10:00.566000,0 days 03:10:43.839000,0 days 03:11:01.607000,309.0,231.0,308.0,262.0,True,INTERMEDIATE,34.0,False,Mercedes,0 days 03:09:39.684000,,1,4.0,,,False,True
0 days 03:12:23.372000,RUS,63,0 days 00:01:21.780000,64.0,3.0,,,0 days 00:00:20.809000,0 days 00:00:43.215000,0 days 00:00:17.756000,0 days 03:11:22.416000,0 days 03:12:05.631000,0 days 03:12:23.387000,308.0,231.0,309.0,262.0,True,INTERMEDIATE,35.0,False,Mercedes,0 days 03:11:01.592000,,1,4.0,,,False,True
0 days 03:13:45.223000,RUS,63,0 days 00:01:21.851000,65.0,3.0,,,0 days 00:00:20.969000,0 days 00:00:43.162000,0 days 00:00:17.720000,0 days 03:12:44.356000,0 days 03:13:27.518000,0 days 03:13:45.238000,305.0,233.0,311.0,268.0,False,INTERMEDIATE,36.0,False,Mercedes,0 days 03:12:23.372000,,1,4.0,,,False,True
0 days 03:15:06.868000,RUS,63,0 days 00:01:21.645000,66.0,3.0,,,0 days 00:00:20.853000,0 days 00:00:42.987000,0 days 00:00:17.805000,0 days 03:14:06.091000,0 days 03:14:49.078000,0 days 03:15:06.883000,309.0,233.0,310.0,271.0,True,INTERMEDIATE,37.0,False,Mercedes,0 days 03:13:45.223000,,1,4.0,,,False,True
0 days 03:16:28.754000,RUS,63,0 days 00:01:21.886000,67.0,3.0,,,0 days 00:00:20.906000,0 days 00:00:43.106000,0 days 00:00:17.874000,0 days 03:15:27.789000,0 days 03:16:10.895000,0 days 03:16:28.769000,309.0,229.0,309.0,270.0,False,INTERMEDIATE,38.0,False,Mercedes,0 days 03:15:06.868000,,1,4.0,,,False,True
0 days 03:17:50.557000,RUS,63,0 days 00:01:21.803000,68.0,3.0,,,0 days 00:00:20.812000,0 days 00:00:43.144000,0 days 00:00:17.847000,0 days 03:16:49.581000,0 days 03:17:32.725000,0 days 03:17:50.572000,309.0,230.0,309.0,271.0,False,INTERMEDIATE,39.0,False,Mercedes,0 days 03:16:28.754000,,1,4.0,,,False,True
0 days 03:19:12.746000,RUS,63,0 days 00:01:22.189000,69.0,3.0,,,0 days 00:00:20.895000,0 days 00:00:43.364000,0 days 00:00:17.930000,0 days 03:18:11.467000,0 days 03:18:54.831000,0 days 03:19:12.761000,306.0,230.0,311.0,264.0,False,INTERMEDIATE,40.0,False,Mercedes,0 days 03:17:50.557000,,1,4.0,,,False,True
0 days 01:13:36.696000,BOT,77,0 days 00:01:41.650000,1.0,1.0,,,,0 days 00:00:50.556000,0 days 00:00:19.328000,,0 days 01:13:17.552000,0 days 01:13:36.842000,276.0,188.0,294.0,203.0,False,INTERMEDIATE,1.0,True,Kick Sauber,0 days 01:11:54.770000,,12,15.0,,,False,False
0 days 01:15:05.619000,BOT,77,0 days 00:01:28.923000,2.0,1.0,,,0 days 00:00:22.683000,0 days 00:00:47.175000,0 days 00:00:19.065000,0 days 01:13:59.419000,0 days 01:14:46.594000,0 days 01:15:05.659000,295.0,205.0,296.0,228.0,True,INTERMEDIATE,2.0,True,Kick Sauber,0 days 01:13:36.696000,,1,15.0,,,False,True
0 days 01:16:33.354000,BOT,77,0 days 00:01:27.735000,3.0,1.0,,,0 days 00:00:22.456000,0 days 00:00:46.453000,0 days 00:00:18.826000,0 days 01:15:28.115000,0 days 01:16:14.568000,0 days 01:16:33.394000,292.0,209.0,296.0,239.0,True,INTERMEDIATE,3.0,True,Kick Sauber,0 days 01:15:05.619000,,1,15.0,,,False,True
0 days 01:18:00.425000,BOT,77,0 days 00:01:27.071000,4.0,1.0,,,0 days 00:00:22.052000,0 days 00:00:46.362000,0 days 00:00:18.657000,0 days 01:16:55.446000,0 days 01:17:41.808000,0 days 01:18:00.465000,296.0,208.0,300.0,259.0,True,INTERMEDIATE,4.0,True,Kick Sauber,0 days 01:16:33.354000,,12,14.0,,,False,True
0 days 01:19:26.955000,BOT,77,0 days 00:01:26.530000,5.0,1.0,,,0 days 00:00:22.150000,0 days 00:00:45.371000,0 days 00:00:19.009000,0 days 01:18:22.615000,0 days 01:19:07.986000,0 days 01:19:26.995000,297.0,215.0,292.0,249.0,True,INTERMEDIATE,5.0,True,Kick Sauber,0 days 01:18:00.425000,,1,14.0,,,False,True
0 days 01:20:53.098000,BOT,77,0 days 00:01:26.143000,6.0,1.0,,,0 days 00:00:22.227000,0 days 00:00:45.266000,0 days 00:00:18.650000,0 days 01:19:49.222000,0 days 01:20:34.488000,0 days 01:20:53.138000,295.0,215.0,299.0,247.0,True,INTERMEDIATE,6.0,True,Kick Sauber,0 days 01:19:26.955000,,1,14.0,,,False,True
0 days 01:22:18.921000,BOT,77,0 days 00:01:25.823000,7.0,1.0,,,0 days 00:00:21.769000,0 days 00:00:45.329000,0 days 00:00:18.725000,0 days 01:21:14.907000,0 days 01:22:00.236000,0 days 01:22:18.961000,295.0,213.0,299.0,253.0,True,INTERMEDIATE,7.0,True,Kick Sauber,0 days 01:20:53.098000,,1,14.0,,,False,True
0 days 01:23:44.405000,BOT,77,0 days 00:01:25.484000,8.0,1.0,,,0 days 00:00:21.656000,0 days 00:00:45.093000,0 days 00:00:18.735000,0 days 01:22:40.617000,0 days 01:23:25.710000,0 days 01:23:44.445000,295.0,212.0,296.0,269.0,True,INTERMEDIATE,8.0,True,Kick Sauber,0 days 01:22:18.921000,,1,14.0,,,False,True
0 days 01:25:09.256000,BOT,77,0 days 00:01:24.851000,9.0,1.0,,,0 days 00:00:21.720000,0 days 00:00:44.718000,0 days 00:00:18.413000,0 days 01:24:06.165000,0 days 01:24:50.883000,0 days 01:25:09.296000,297.0,217.0,297.0,258.0,True,INTERMEDIATE,9.0,True,Kick Sauber,0 days 01:23:44.405000,,1,14.0,,,False,True
0 days 01:26:35.107000,BOT,77,0 days 00:01:25.851000,10.0,1.0,,,0 days 00:00:21.804000,0 days 00:00:45.430000,0 days 00:00:18.617000,0 days 01:25:31.100000,0 days 01:26:16.530000,0 days 01:26:35.147000,296.0,211.0,301.0,255.0,False,INTERMEDIATE,10.0,True,Kick Sauber,0 days 01:25:09.256000,,1,14.0,,,False,True
0 days 01:28:01.353000,BOT,77,0 days 00:01:26.246000,11.0,1.0,,,0 days 00:00:22.272000,0 days 00:00:44.967000,0 days 00:00:19.007000,0 days 01:26:57.419000,0 days 01:27:42.386000,0 days 01:28:01.393000,297.0,205.0,301.0,259.0,False,INTERMEDIATE,11.0,True,Kick Sauber,0 days 01:26:35.107000,,12,14.0,,,False,True
0 days 01:29:30.610000,BOT,77,0 days 00:01:29.257000,12.0,1.0,,,0 days 00:00:23.161000,0 days 00:00:47.316000,0 days 00:00:18.780000,0 days 01:28:24.554000,0 days 01:29:11.870000,0 days 01:29:30.650000,296.0,206.0,299.0,252.0,False,INTERMEDIATE,12.0,True,Kick Sauber,0 days 01:28:01.353000,,1,17.0,,,False,True
0 days 01:30:57.248000,BOT,77,0 days 00:01:26.638000,13.0,1.0,,,0 days 00:00:22.086000,0 days 00:00:45.785000,0 days 00:00:18.767000,0 days 01:29:52.736000,0 days 01:30:38.521000,0 days 01:30:57.288000,296.0,210.0,300.0,244.0,False,INTERMEDIATE,13.0,True,Kick Sauber,0 days 01:29:30.610000,,1,17.0,,,False,True
0 days 01:32:22.563000,BOT,77,0 days 00:01:25.315000,14.0,1.0,,,0 days 00:00:21.772000,0 days 00:00:44.970000,0 days 00:00:18.573000,0 days 01:31:19.060000,0 days 01:32:04.030000,0 days 01:32:22.603000,294.0,209.0,299.0,260.0,False,INTERMEDIATE,14.0,True,Kick Sauber,0 days 01:30:57.248000,,1,17.0,,,False,True
0 days 01:33:47.994000,BOT,77,0 days 00:01:25.431000,15.0,1.0,,,0 days 00:00:21.775000,0 days 00:00:45.221000,0 days 00:00:18.435000,0 days 01:32:44.378000,0 days 01:33:29.599000,0 days 01:33:48.034000,294.0,211.0,300.0,262.0,False,INTERMEDIATE,15.0,True,Kick Sauber,0 days 01:32:22.563000,,1,17.0,,,False,True
0 days 01:35:12.890000,BOT,77,0 days 00:01:24.896000,16.0,1.0,,,0 days 00:00:21.688000,0 days 00:00:44.769000,0 days 00:00:18.439000,0 days 01:34:09.722000,0 days 01:34:54.491000,0 days 01:35:12.930000,295.0,216.0,299.0,266.0,False,INTERMEDIATE,16.0,True,Kick Sauber,0 days 01:33:47.994000,,1,17.0,,,False,True
0 days 01:36:37.817000,BOT,77,0 days 00:01:24.927000,17.0,1.0,,,0 days 00:00:21.566000,0 days 00:00:44.861000,0 days 00:00:18.500000,0 days 01:35:34.496000,0 days 01:36:19.357000,0 days 01:36:37.857000,294.0,215.0,298.0,266.0,False,INTERMEDIATE,17.0,True,Kick Sauber,0 days 01:35:12.890000,,1,17.0,,,False,True
0 days 01:38:03.006000,BOT,77,0 days 00:01:25.189000,18.0,1.0,,,0 days 00:00:21.817000,0 days 00:00:44.664000,0 days 00:00:18.708000,0 days 01:36:59.674000,0 days 01:37:44.338000,0 days 01:38:03.046000,295.0,221.0,298.0,266.0,False,INTERMEDIATE,18.0,True,Kick Sauber,0 days 01:36:37.817000,,1,17.0,,,False,True
0 days 01:39:28.095000,BOT,77,0 days 00:01:25.089000,19.0,1.0,,,0 days 00:00:21.841000,0 days 00:00:44.690000,0 days 00:00:18.558000,0 days 01:38:24.887000,0 days 01:39:09.577000,0 days 01:39:28.135000,296.0,221.0,298.0,267.0,False,INTERMEDIATE,19.0,True,Kick Sauber,0 days 01:38:03.006000,,1,17.0,,,False,True
0 days 01:40:53.079000,BOT,77,0 days 00:01:24.984000,20.0,1.0,,,0 days 00:00:21.633000,0 days 00:00:44.878000,0 days 00:00:18.473000,0 days 01:39:49.768000,0 days 01:40:34.646000,0 days 01:40:53.119000,296.0,220.0,299.0,268.0,False,INTERMEDIATE,20.0,True,Kick Sauber,0 days 01:39:28.095000,,1,17.0,,,False,True
0 days 01:42:17.805000,BOT,77,0 days 00:01:24.726000,21.0,1.0,,,0 days 00:00:21.601000,0 days 00:00:44.587000,0 days 00:00:18.538000,0 days 01:41:14.720000,0 days 01:41:59.307000,0 days 01:42:17.845000,296.0,216.0,298.0,270.0,True,INTERMEDIATE,21.0,True,Kick Sauber,0 days 01:40:53.079000,,1,17.0,,,False,True
0 days 01:43:42.949000,BOT,77,0 days 00:01:25.144000,22.0,1.0,,,0 days 00:00:21.706000,0 days 00:00:44.876000,0 days 00:00:18.562000,0 days 01:42:39.551000,0 days 01:43:24.427000,0 days 01:43:42.989000,295.0,218.0,296.0,266.0,False,INTERMEDIATE,22.0,True,Kick Sauber,0 days 01:42:17.805000,,1,17.0,,,False,True
0 days 01:45:07.915000,BOT,77,0 days 00:01:24.966000,23.0,1.0,,,0 days 00:00:21.871000,0 days 00:00:44.632000,0 days 00:00:18.463000,0 days 01:44:04.860000,0 days 01:44:49.492000,0 days 01:45:07.955000,294.0,220.0,298.0,256.0,False,INTERMEDIATE,23.0,True,Kick Sauber,0 days 01:43:42.949000,,1,17.0,,,False,True
0 days 01:46:33.118000,BOT,77,0 days 00:01:25.203000,24.0,1.0,,,0 days 00:00:21.939000,0 days 00:00:44.706000,0 days 00:00:18.558000,0 days 01:45:29.894000,0 days 01:46:14.600000,0 days 01:46:33.158000,296.0,218.0,297.0,251.0,False,INTERMEDIATE,24.0,True,Kick Sauber,0 days 01:45:07.915000,,1,17.0,,,False,True
0 days 01:47:58.643000,BOT,77,0 days 00:01:25.525000,25.0,1.0,,,0 days 00:00:21.719000,0 days 00:00:45.176000,0 days 00:00:18.630000,0 days 01:46:54.877000,0 days 01:47:40.053000,0 days 01:47:58.683000,295.0,214.0,299.0,269.0,False,INTERMEDIATE,25.0,True,Kick Sauber,0 days 01:46:33.118000,,12,17.0,,,False,True
0 days 01:49:25.775000,BOT,77,0 days 00:01:27.132000,26.0,1.0,,,0 days 00:00:22.059000,0 days 00:00:45.675000,0 days 00:00:19.398000,0 days 01:48:20.742000,0 days 01:49:06.417000,0 days 01:49:25.815000,294.0,206.0,294.0,254.0,False,INTERMEDIATE,26.0,True,Kick Sauber,0 days 01:47:58.643000,,1,16.0,,,False,True
0 days 01:51:06.741000,BOT,77,0 days 00:01:40.966000,27.0,1.0,,,0 days 00:00:22.274000,0 days 00:00:54.656000,0 days 00:00:24.036000,0 days 01:49:48.089000,0 days 01:50:42.745000,0 days 01:51:06.781000,293.0,129.0,252.0,251.0,False,INTERMEDIATE,27.0,True,Kick Sauber,0 days 01:49:25.775000,,126,15.0,,,False,False
0 days 01:52:53.503000,BOT,77,0 days 00:01:46.762000,28.0,1.0,,,0 days 00:00:28.051000,0 days 00:00:54.340000,0 days 00:00:24.371000,0 days 01:51:34.832000,0 days 01:52:29.172000,0 days 01:52:53.543000,169.0,177.0,230.0,209.0,False,INTERMEDIATE,28.0,True,Kick Sauber,0 days 01:51:06.741000,,671,11.0,,,False,False
0 days 01:54:43.617000,BOT,77,0 days 00:01:50.114000,29.0,1.0,,,0 days 00:00:27.716000,0 days 00:00:56.025000,0 days 00:00:26.373000,0 days 01:53:21.259000,0 days 01:54:17.284000,0 days 01:54:43.657000,223.0,173.0,216.0,198.0,False,INTERMEDIATE,29.0,True,Kick Sauber,0 days 01:52:53.503000,,1,12.0,,,False,True
0 days 01:56:51.982000,BOT,77,0 days 00:02:08.365000,30.0,1.0,,,0 days 00:00:40.398000,0 days 00:01:01.868000,0 days 00:00:26.099000,0 days 01:55:24.055000,0 days 01:56:25.923000,0 days 01:56:52.022000,160.0,148.0,230.0,181.0,False,INTERMEDIATE,30.0,True,Kick Sauber,0 days 01:54:43.617000,,14,12.0,,,False,False
0 days 01:58:44.240000,BOT,77,0 days 00:01:52.258000,31.0,1.0,,,0 days 00:00:30.693000,0 days 00:00:56.836000,0 days 00:00:24.729000,0 days 01:57:22.715000,0 days 01:58:19.551000,0 days 01:58:44.280000,236.0,161.0,244.0,204.0,False,INTERMEDIATE,31.0,True,Kick Sauber,0 days 01:56:51.982000,,4,12.0,,,False,False
0 days 02:01:16.115000,BOT,77,,32.0,1.0,,0 days 02:01:08.368000,0 days 00:00:29.529000,0 days 00:01:06.595000,0 days 00:00:55.723000,0 days 01:59:13.894000,0 days 02:00:20.432000,0 days 02:01:16.199000,217.0,134.0,,,False,INTERMEDIATE,32.0,True,Kick Sauber,0 days 01:58:44.240000,,45,12.0,,,False,False
0 days 02:26:43.533000,BOT,77,,33.0,2.0,0 days 02:24:50.479000,,,0 days 00:00:50.935000,0 days 00:00:34.379000,,0 days 02:26:09.325000,0 days 02:26:43.707000,222.0,181.0,184.0,204.0,False,INTERMEDIATE,1.0,True,Kick Sauber,0 days 02:23:57.645000,,12,12.0,,,False,False
0 days 02:28:24.515000,BOT,77,0 days 00:01:40.982000,34.0,2.0,,,0 days 00:00:27.894000,0 days 00:00:51.253000,0 days 00:00:21.835000,0 days 02:27:11.467000,0 days 02:28:02.720000,0 days 02:28:24.555000,196.0,177.0,229.0,182.0,False,INTERMEDIATE,2.0,True,Kick Sauber,0 days 02:26:43.533000,,1,13.0,,,False,True
0 days 02:29:59.885000,BOT,77,0 days 00:01:35.370000,35.0,2.0,,,0 days 00:00:26.419000,0 days 00:00:49.365000,0 days 00:00:19.586000,0 days 02:28:50.974000,0 days 02:29:40.339000,0 days 02:29:59.925000,202.0,195.0,273.0,184.0,False,INTERMEDIATE,3.0,True,Kick Sauber,0 days 02:28:24.515000,,1,15.0,,,False,True
0 days 02:31:31.940000,BOT,77,0 days 00:01:32.055000,36.0,2.0,,,0 days 00:00:24.077000,0 days 00:00:49.005000,0 days 00:00:18.973000,0 days 02:30:24.002000,0 days 02:31:13.007000,0 days 02:31:31.980000,256.0,202.0,292.0,194.0,False,INTERMEDIATE,4.0,True,Kick Sauber,0 days 02:29:59.885000,,12,14.0,,,False,True
0 days 02:33:00.001000,BOT,77,0 days 00:01:28.061000,37.0,2.0,,,0 days 00:00:22.451000,0 days 00:00:46.386000,0 days 00:00:19.224000,0 days 02:31:54.431000,0 days 02:32:40.817000,0 days 02:33:00.041000,290.0,204.0,292.0,246.0,False,INTERMEDIATE,5.0,True,Kick Sauber,0 days 02:31:31.940000,,12,14.0,,,False,True
0 days 02:34:27.344000,BOT,77,0 days 00:01:27.343000,38.0,2.0,,,0 days 00:00:22.381000,0 days 00:00:46.259000,0 days 00:00:18.703000,0 days 02:33:22.422000,0 days 02:34:08.681000,0 days 02:34:27.384000,292.0,210.0,293.0,236.0,False,INTERMEDIATE,6.0,True,Kick Sauber,0 days 02:33:00.001000,,21,14.0,,,False,True
0 days 02:36:07.286000,BOT,77,0 days 00:01:39.942000,39.0,2.0,,,0 days 00:00:22.029000,0 days 00:00:54.234000,0 days 00:00:23.679000,0 days 02:34:49.413000,0 days 02:35:43.647000,0 days 02:36:07.326000,291.0,177.0,238.0,240.0,False,INTERMEDIATE,7.0,True,Kick Sauber,0 days 02:34:27.344000,,124,13.0,,,False,False
0 days 02:37:58.855000,BOT,77,0 days 00:01:51.569000,40.0,2.0,,,0 days 00:00:28.689000,0 days 00:00:57,0 days 00:00:25.880000,0 days 02:36:36.015000,0 days 02:37:33.015000,0 days 02:37:58.895000,182.0,190.0,250.0,153.0,False,INTERMEDIATE,8.0,True,Kick Sauber,0 days 02:36:07.286000,,4,13.0,,,False,False
0 days 02:39:55.944000,BOT,77,0 days 00:01:57.089000,41.0,2.0,,,0 days 00:00:23.868000,0 days 00:00:56.562000,0 days 00:00:36.659000,0 days 02:38:22.763000,0 days 02:39:19.325000,0 days 02:39:55.984000,260.0,141.0,236.0,240.0,False,INTERMEDIATE,9.0,True,Kick Sauber,0 days 02:37:58.855000,,4,13.0,,,False,False
0 days 02:41:58.503000,BOT,77,0 days 00:02:02.559000,42.0,2.0,,,0 days 00:00:27.128000,0 days 00:01:00.142000,0 days 00:00:35.289000,0 days 02:40:23.112000,0 days 02:41:23.254000,0 days 02:41:58.543000,192.0,103.0,280.0,226.0,False,INTERMEDIATE,10.0,True,Kick Sauber,0 days 02:39:55.944000,,41,13.0,,,False,False
0 days 02:43:32.300000,BOT,77,0 days 00:01:33.797000,43.0,2.0,,,0 days 00:00:24.468000,0 days 00:00:49.940000,0 days 00:00:19.389000,0 days 02:42:23.011000,0 days 02:43:12.951000,0 days 02:43:32.340000,259.0,189.0,299.0,200.0,False,INTERMEDIATE,11.0,True,Kick Sauber,0 days 02:41:58.503000,,12,13.0,,,False,True
0 days 02:44:59.317000,BOT,77,0 days 00:01:27.017000,44.0,2.0,,,0 days 00:00:22.136000,0 days 00:00:46.142000,0 days 00:00:18.739000,0 days 02:43:54.476000,0 days 02:44:40.618000,0 days 02:44:59.357000,290.0,208.0,299.0,244.0,False,INTERMEDIATE,12.0,True,Kick Sauber,0 days 02:43:32.300000,,21,13.0,,,False,True
0 days 02:46:25.367000,BOT,77,0 days 00:01:26.050000,45.0,2.0,,,0 days 00:00:22.233000,0 days 00:00:45.286000,0 days 00:00:18.531000,0 days 02:45:21.590000,0 days 02:46:06.876000,0 days 02:46:25.407000,294.0,210.0,296.0,236.0,False,INTERMEDIATE,13.0,True,Kick Sauber,0 days 02:44:59.317000,,1,13.0,,,False,True
0 days 02:47:50.330000,BOT,77,0 days 00:01:24.963000,46.0,2.0,,,0 days 00:00:21.898000,0 days 00:00:44.638000,0 days 00:00:18.427000,0 days 02:46:47.305000,0 days 02:47:31.943000,0 days 02:47:50.370000,298.0,221.0,298.0,263.0,False,INTERMEDIATE,14.0,True,Kick Sauber,0 days 02:46:25.367000,,1,13.0,,,False,True
0 days 02:49:15.052000,BOT,77,0 days 00:01:24.722000,47.0,2.0,,,0 days 00:00:21.754000,0 days 00:00:44.519000,0 days 00:00:18.449000,0 days 02:48:12.124000,0 days 02:48:56.643000,0 days 02:49:15.092000,296.0,216.0,297.0,252.0,True,INTERMEDIATE,15.0,True,Kick Sauber,0 days 02:47:50.330000,,1,13.0,,,False,True
0 days 02:50:39.336000,BOT,77,0 days 00:01:24.284000,48.0,2.0,,,0 days 00:00:21.547000,0 days 00:00:44.414000,0 days 00:00:18.323000,0 days 02:49:36.639000,0 days 02:50:21.053000,0 days 02:50:39.376000,296.0,223.0,296.0,264.0,True,INTERMEDIATE,16.0,True,Kick Sauber,0 days 02:49:15.052000,,1,13.0,,,False,True
0 days 02:52:03.448000,BOT,77,0 days 00:01:24.112000,49.0,2.0,,,0 days 00:00:21.588000,0 days 00:00:44.227000,0 days 00:00:18.297000,0 days 02:51:00.964000,0 days 02:51:45.191000,0 days 02:52:03.488000,297.0,222.0,296.0,254.0,True,INTERMEDIATE,17.0,True,Kick Sauber,0 days 02:50:39.336000,,1,13.0,,,False,True
0 days 02:53:27.373000,BOT,77,0 days 00:01:23.925000,50.0,2.0,,,0 days 00:00:21.592000,0 days 00:00:43.944000,0 days 00:00:18.389000,0 days 02:52:25.080000,0 days 02:53:09.024000,0 days 02:53:27.413000,297.0,220.0,295.0,268.0,True,INTERMEDIATE,18.0,True,Kick Sauber,0 days 02:52:03.448000,,1,13.0,,,False,True
0 days 02:54:51.880000,BOT,77,0 days 00:01:24.507000,51.0,2.0,,,0 days 00:00:21.402000,0 days 00:00:44.390000,0 days 00:00:18.715000,0 days 02:53:48.815000,0 days 02:54:33.205000,0 days 02:54:51.920000,297.0,205.0,299.0,270.0,False,INTERMEDIATE,19.0,True,Kick Sauber,0 days 02:53:27.373000,,12,13.0,,,False,True
0 days 02:56:16.240000,BOT,77,0 days 00:01:24.360000,52.0,2.0,,,0 days 00:00:21.414000,0 days 00:00:44.076000,0 days 00:00:18.870000,0 days 02:55:13.334000,0 days 02:55:57.410000,0 days 02:56:16.280000,297.0,220.0,294.0,262.0,False,INTERMEDIATE,20.0,True,Kick Sauber,0 days 02:54:51.880000,,1,13.0,,,False,True
0 days 02:57:40.600000,BOT,77,0 days 00:01:24.360000,53.0,2.0,,,0 days 00:00:21.604000,0 days 00:00:44.195000,0 days 00:00:18.561000,0 days 02:56:37.884000,0 days 02:57:22.079000,0 days 02:57:40.640000,296.0,226.0,297.0,270.0,False,INTERMEDIATE,21.0,True,Kick Sauber,0 days 02:56:16.240000,,1,13.0,,,False,True
0 days 02:59:05.044000,BOT,77,0 days 00:01:24.444000,54.0,2.0,,,0 days 00:00:21.562000,0 days 00:00:44.417000,0 days 00:00:18.465000,0 days 02:58:02.202000,0 days 02:58:46.619000,0 days 02:59:05.084000,297.0,225.0,297.0,280.0,False,INTERMEDIATE,22.0,True,Kick Sauber,0 days 02:57:40.600000,,1,13.0,,,False,True
0 days 03:00:29.001000,BOT,77,0 days 00:01:23.957000,55.0,2.0,,,0 days 00:00:21.378000,0 days 00:00:44.159000,0 days 00:00:18.420000,0 days 02:59:26.462000,0 days 03:00:10.621000,0 days 03:00:29.041000,296.0,220.0,294.0,269.0,False,INTERMEDIATE,23.0,True,Kick Sauber,0 days 02:59:05.044000,,1,13.0,,,False,True
0 days 03:01:52.509000,BOT,77,0 days 00:01:23.508000,56.0,2.0,,,0 days 00:00:21.244000,0 days 00:00:43.875000,0 days 00:00:18.389000,0 days 03:00:50.285000,0 days 03:01:34.160000,0 days 03:01:52.549000,298.0,220.0,293.0,282.0,True,INTERMEDIATE,24.0,True,Kick Sauber,0 days 03:00:29.001000,,1,13.0,,,False,True
0 days 03:03:15.960000,BOT,77,0 days 00:01:23.451000,57.0,2.0,,,0 days 00:00:21.165000,0 days 00:00:44.046000,0 days 00:00:18.240000,0 days 03:02:13.714000,0 days 03:02:57.760000,0 days 03:03:16,298.0,224.0,296.0,285.0,True,INTERMEDIATE,25.0,True,Kick Sauber,0 days 03:01:52.509000,,1,13.0,,,False,True
0 days 03:04:39.145000,BOT,77,0 days 00:01:23.185000,58.0,2.0,,,0 days 00:00:21.189000,0 days 00:00:43.705000,0 days 00:00:18.291000,0 days 03:03:37.189000,0 days 03:04:20.894000,0 days 03:04:39.185000,296.0,220.0,297.0,275.0,True,INTERMEDIATE,26.0,True,Kick Sauber,0 days 03:03:15.960000,,1,13.0,,,False,True
0 days 03:06:02.563000,BOT,77,0 days 00:01:23.418000,59.0,2.0,,,0 days 00:00:21.322000,0 days 00:00:43.801000,0 days 00:00:18.295000,0 days 03:05:00.507000,0 days 03:05:44.308000,0 days 03:06:02.603000,296.0,226.0,296.0,272.0,False,INTERMEDIATE,27.0,True,Kick Sauber,0 days 03:04:39.145000,,1,13.0,,,False,True
0 days 03:07:25.474000,BOT,77,0 days 00:01:22.911000,60.0,2.0,,,0 days 00:00:21.130000,0 days 00:00:43.407000,0 days 00:00:18.374000,0 days 03:06:23.733000,0 days 03:07:07.140000,0 days 03:07:25.514000,298.0,224.0,298.0,268.0,True,INTERMEDIATE,28.0,True,Kick Sauber,0 days 03:06:02.563000,,1,13.0,,,False,True
0 days 03:08:48.651000,BOT,77,0 days 00:01:23.177000,61.0,2.0,,,0 days 00:00:21.277000,0 days 00:00:43.653000,0 days 00:00:18.247000,0 days 03:07:46.791000,0 days 03:08:30.444000,0 days 03:08:48.691000,297.0,229.0,296.0,280.0,False,INTERMEDIATE,29.0,True,Kick Sauber,0 days 03:07:25.474000,,1,13.0,,,False,True
0 days 03:10:11.892000,BOT,77,0 days 00:01:23.241000,62.0,2.0,,,0 days 00:00:21.136000,0 days 00:00:43.800000,0 days 00:00:18.305000,0 days 03:09:09.827000,0 days 03:09:53.627000,0 days 03:10:11.932000,296.0,225.0,296.0,284.0,False,INTERMEDIATE,30.0,True,Kick Sauber,0 days 03:08:48.651000,,1,13.0,,,False,True
0 days 03:11:34.907000,BOT,77,0 days 00:01:23.015000,63.0,2.0,,,0 days 00:00:21.185000,0 days 00:00:43.569000,0 days 00:00:18.261000,0 days 03:10:33.117000,0 days 03:11:16.686000,0 days 03:11:34.947000,298.0,224.0,296.0,282.0,False,INTERMEDIATE,31.0,True,Kick Sauber,0 days 03:10:11.892000,,1,13.0,,,False,True
0 days 03:12:57.903000,BOT,77,0 days 00:01:22.996000,64.0,2.0,,,0 days 00:00:21.058000,0 days 00:00:43.595000,0 days 00:00:18.343000,0 days 03:11:56.005000,0 days 03:12:39.600000,0 days 03:12:57.943000,298.0,226.0,294.0,285.0,False,INTERMEDIATE,32.0,True,Kick Sauber,0 days 03:11:34.907000,,1,13.0,,,False,True
0 days 03:14:20.806000,BOT,77,0 days 00:01:22.903000,65.0,2.0,,,0 days 00:00:21.331000,0 days 00:00:43.345000,0 days 00:00:18.227000,0 days 03:13:19.274000,0 days 03:14:02.619000,0 days 03:14:20.846000,297.0,220.0,299.0,273.0,True,INTERMEDIATE,33.0,True,Kick Sauber,0 days 03:12:57.903000,,1,13.0,,,False,True
0 days 03:15:44.141000,BOT,77,0 days 00:01:23.335000,66.0,2.0,,,0 days 00:00:21.342000,0 days 00:00:43.746000,0 days 00:00:18.247000,0 days 03:14:42.188000,0 days 03:15:25.934000,0 days 03:15:44.181000,296.0,224.0,297.0,269.0,False,INTERMEDIATE,34.0,True,Kick Sauber,0 days 03:14:20.806000,,1,13.0,,,False,True
0 days 03:17:07.018000,BOT,77,0 days 00:01:22.877000,67.0,2.0,,,0 days 00:00:21.185000,0 days 00:00:43.527000,0 days 00:00:18.165000,0 days 03:16:05.366000,0 days 03:16:48.893000,0 days 03:17:07.058000,295.0,227.0,297.0,280.0,True,INTERMEDIATE,35.0,True,Kick Sauber,0 days 03:15:44.141000,,1,13.0,,,False,True
0 days 03:18:30.052000,BOT,77,0 days 00:01:23.034000,68.0,2.0,,,0 days 00:00:21.119000,0 days 00:00:43.599000,0 days 00:00:18.316000,0 days 03:17:28.177000,0 days 03:18:11.776000,0 days 03:18:30.092000,295.0,226.0,296.0,273.0,False,INTERMEDIATE,36.0,True,Kick Sauber,0 days 03:17:07.018000,,1,13.0,,,False,True
0 days 03:19:53.055000,BOT,77,0 days 00:01:23.003000,69.0,2.0,,,0 days 00:00:21.103000,0 days 00:00:43.653000,0 days 00:00:18.247000,0 days 03:18:51.195000,0 days 03:19:34.848000,0 days 03:19:53.095000,298.0,224.0,298.0,277.0,False,INTERMEDIATE,37.0,True,Kick Sauber,0 days 03:18:30.052000,,1,13.0,,,False,True
0 days 01:13:31.690000,PIA,81,0 days 00:01:36.644000,1.0,1.0,,,,0 days 00:00:48.037000,0 days 00:00:18.573000,,0 days 01:13:13.186000,0 days 01:13:31.862000,277.0,201.0,305.0,183.0,False,INTERMEDIATE,4.0,False,McLaren,0 days 01:11:54.770000,,12,7.0,,,False,False
0 days 01:14:58.884000,PIA,81,0 days 00:01:27.194000,2.0,1.0,,,0 days 00:00:22.281000,0 days 00:00:46.322000,0 days 00:00:18.591000,0 days 01:13:54.009000,0 days 01:14:40.331000,0 days 01:14:58.922000,292.0,202.0,305.0,222.0,True,INTERMEDIATE,5.0,False,McLaren,0 days 01:13:31.690000,,1,7.0,,,False,True
0 days 01:16:25.117000,PIA,81,0 days 00:01:26.233000,3.0,1.0,,,0 days 00:00:22.341000,0 days 00:00:45.471000,0 days 00:00:18.421000,0 days 01:15:21.263000,0 days 01:16:06.734000,0 days 01:16:25.155000,291.0,206.0,305.0,240.0,True,INTERMEDIATE,6.0,False,McLaren,0 days 01:14:58.884000,,1,7.0,,,False,True
0 days 01:17:51.030000,PIA,81,0 days 00:01:25.913000,4.0,1.0,,,0 days 00:00:21.885000,0 days 00:00:45.692000,0 days 00:00:18.336000,0 days 01:16:47.040000,0 days 01:17:32.732000,0 days 01:17:51.068000,291.0,209.0,309.0,250.0,True,INTERMEDIATE,7.0,False,McLaren,0 days 01:16:25.117000,,12,7.0,,,False,True
0 days 01:19:16.577000,PIA,81,0 days 00:01:25.547000,5.0,1.0,,,0 days 00:00:21.937000,0 days 00:00:45.247000,0 days 00:00:18.363000,0 days 01:18:13.005000,0 days 01:18:58.252000,0 days 01:19:16.615000,295.0,210.0,306.0,238.0,True,INTERMEDIATE,8.0,False,McLaren,0 days 01:17:51.030000,,1,7.0,,,False,True
0 days 01:20:41.777000,PIA,81,0 days 00:01:25.200000,6.0,1.0,,,0 days 00:00:21.969000,0 days 00:00:44.900000,0 days 00:00:18.331000,0 days 01:19:38.584000,0 days 01:20:23.484000,0 days 01:20:41.815000,293.0,207.0,305.0,245.0,True,INTERMEDIATE,9.0,False,McLaren,0 days 01:19:16.577000,,1,7.0,,,False,True
0 days 01:22:07.144000,PIA,81,0 days 00:01:25.367000,7.0,1.0,,,0 days 00:00:21.854000,0 days 00:00:45.131000,0 days 00:00:18.382000,0 days 01:21:03.669000,0 days 01:21:48.800000,0 days 01:22:07.182000,299.0,210.0,306.0,239.0,False,INTERMEDIATE,10.0,False,McLaren,0 days 01:20:41.777000,,1,7.0,,,False,True
0 days 01:23:32.466000,PIA,81,0 days 00:01:25.322000,8.0,1.0,,,0 days 00:00:21.744000,0 days 00:00:45.208000,0 days 00:00:18.370000,0 days 01:22:28.926000,0 days 01:23:14.134000,0 days 01:23:32.504000,297.0,215.0,306.0,239.0,False,INTERMEDIATE,11.0,False,McLaren,0 days 01:22:07.144000,,1,7.0,,,False,True
0 days 01:24:57.335000,PIA,81,0 days 00:01:24.869000,9.0,1.0,,,0 days 00:00:21.574000,0 days 00:00:44.972000,0 days 00:00:18.323000,0 days 01:23:54.078000,0 days 01:24:39.050000,0 days 01:24:57.373000,298.0,211.0,309.0,252.0,True,INTERMEDIATE,12.0,False,McLaren,0 days 01:23:32.466000,,1,7.0,,,False,True
0 days 01:26:23.097000,PIA,81,0 days 00:01:25.762000,10.0,1.0,,,0 days 00:00:22.247000,0 days 00:00:45.137000,0 days 00:00:18.378000,0 days 01:25:19.620000,0 days 01:26:04.757000,0 days 01:26:23.135000,295.0,215.0,306.0,255.0,False,INTERMEDIATE,13.0,False,McLaren,0 days 01:24:57.335000,,1,8.0,,,False,True
0 days 01:27:47.889000,PIA,81,0 days 00:01:24.792000,11.0,1.0,,,0 days 00:00:21.524000,0 days 00:00:44.801000,0 days 00:00:18.467000,0 days 01:26:44.659000,0 days 01:27:29.460000,0 days 01:27:47.927000,300.0,210.0,310.0,251.0,True,INTERMEDIATE,14.0,False,McLaren,0 days 01:26:23.097000,,12,8.0,,,False,True
0 days 01:29:12.719000,PIA,81,0 days 00:01:24.830000,12.0,1.0,,,0 days 00:00:21.746000,0 days 00:00:44.801000,0 days 00:00:18.283000,0 days 01:28:09.673000,0 days 01:28:54.474000,0 days 01:29:12.757000,294.0,216.0,308.0,251.0,False,INTERMEDIATE,15.0,False,McLaren,0 days 01:27:47.889000,,21,8.0,,,False,True
0 days 01:30:37.906000,PIA,81,0 days 00:01:25.187000,13.0,1.0,,,0 days 00:00:21.486000,0 days 00:00:45.378000,0 days 00:00:18.323000,0 days 01:29:34.243000,0 days 01:30:19.621000,0 days 01:30:37.944000,302.0,212.0,310.0,255.0,False,INTERMEDIATE,16.0,False,McLaren,0 days 01:29:12.719000,,1,8.0,,,False,True
0 days 01:32:03.213000,PIA,81,0 days 00:01:25.307000,14.0,1.0,,,0 days 00:00:21.554000,0 days 00:00:45.077000,0 days 00:00:18.676000,0 days 01:30:59.498000,0 days 01:31:44.575000,0 days 01:32:03.251000,300.0,216.0,306.0,254.0,False,INTERMEDIATE,17.0,False,McLaren,0 days 01:30:37.906000,,1,8.0,,,False,True
0 days 01:33:28.137000,PIA,81,0 days 00:01:24.924000,15.0,1.0,,,0 days 00:00:21.581000,0 days 00:00:44.977000,0 days 00:00:18.366000,0 days 01:32:24.832000,0 days 01:33:09.809000,0 days 01:33:28.175000,299.0,212.0,308.0,257.0,False,INTERMEDIATE,18.0,False,McLaren,0 days 01:32:03.213000,,1,8.0,,,False,True
0 days 01:34:53.033000,PIA,81,0 days 00:01:24.896000,16.0,1.0,,,0 days 00:00:21.891000,0 days 00:00:44.758000,0 days 00:00:18.247000,0 days 01:33:50.066000,0 days 01:34:34.824000,0 days 01:34:53.071000,295.0,214.0,309.0,250.0,False,INTERMEDIATE,19.0,False,McLaren,0 days 01:33:28.137000,,1,8.0,,,False,True
0 days 01:36:17.588000,PIA,81,0 days 00:01:24.555000,17.0,1.0,,,0 days 00:00:21.888000,0 days 00:00:44.490000,0 days 00:00:18.177000,0 days 01:35:14.959000,0 days 01:35:59.449000,0 days 01:36:17.626000,302.0,218.0,308.0,257.0,True,INTERMEDIATE,20.0,False,McLaren,0 days 01:34:53.033000,,1,8.0,,,False,True
0 days 01:37:42.114000,PIA,81,0 days 00:01:24.526000,18.0,1.0,,,0 days 00:00:21.572000,0 days 00:00:44.696000,0 days 00:00:18.258000,0 days 01:36:39.198000,0 days 01:37:23.894000,0 days 01:37:42.152000,301.0,219.0,307.0,245.0,True,INTERMEDIATE,21.0,False,McLaren,0 days 01:36:17.588000,,1,8.0,,,False,True
0 days 01:39:06.677000,PIA,81,0 days 00:01:24.563000,19.0,1.0,,,0 days 00:00:21.713000,0 days 00:00:44.663000,0 days 00:00:18.187000,0 days 01:38:03.865000,0 days 01:38:48.528000,0 days 01:39:06.715000,302.0,221.0,306.0,250.0,False,INTERMEDIATE,22.0,False,McLaren,0 days 01:37:42.114000,,1,8.0,,,False,True
0 days 01:40:30.955000,PIA,81,0 days 00:01:24.278000,20.0,1.0,,,0 days 00:00:21.936000,0 days 00:00:44.225000,0 days 00:00:18.117000,0 days 01:39:28.651000,0 days 01:40:12.876000,0 days 01:40:30.993000,296.0,225.0,307.0,252.0,True,INTERMEDIATE,23.0,False,McLaren,0 days 01:39:06.677000,,1,8.0,,,False,True
0 days 01:41:55.053000,PIA,81,0 days 00:01:24.098000,21.0,1.0,,,0 days 00:00:21.605000,0 days 00:00:44.358000,0 days 00:00:18.135000,0 days 01:40:52.598000,0 days 01:41:36.956000,0 days 01:41:55.091000,299.0,225.0,308.0,248.0,True,INTERMEDIATE,24.0,False,McLaren,0 days 01:40:30.955000,,1,8.0,,,False,True
0 days 01:43:19.278000,PIA,81,0 days 00:01:24.225000,22.0,1.0,,,0 days 00:00:21.597000,0 days 00:00:44.471000,0 days 00:00:18.157000,0 days 01:42:16.688000,0 days 01:43:01.159000,0 days 01:43:19.316000,303.0,224.0,307.0,250.0,False,INTERMEDIATE,25.0,False,McLaren,0 days 01:41:55.053000,,1,8.0,,,False,True
0 days 01:44:44.052000,PIA,81,0 days 00:01:24.774000,23.0,1.0,,,0 days 00:00:21.692000,0 days 00:00:44.983000,0 days 00:00:18.099000,0 days 01:43:41.008000,0 days 01:44:25.991000,0 days 01:44:44.090000,295.0,224.0,310.0,248.0,False,INTERMEDIATE,26.0,False,McLaren,0 days 01:43:19.278000,,1,8.0,,,False,True
0 days 01:46:08.841000,PIA,81,0 days 00:01:24.789000,24.0,1.0,,,0 days 00:00:21.750000,0 days 00:00:44.805000,0 days 00:00:18.234000,0 days 01:45:05.840000,0 days 01:45:50.645000,0 days 01:46:08.879000,303.0,221.0,310.0,254.0,False,INTERMEDIATE,27.0,False,McLaren,0 days 01:44:44.052000,,1,8.0,,,False,True
0 days 01:47:33.759000,PIA,81,0 days 00:01:24.918000,25.0,1.0,,,0 days 00:00:21.787000,0 days 00:00:44.939000,0 days 00:00:18.192000,0 days 01:46:30.666000,0 days 01:47:15.605000,0 days 01:47:33.797000,297.0,222.0,309.0,255.0,False,INTERMEDIATE,28.0,False,McLaren,0 days 01:46:08.841000,,1,7.0,,,False,True
0 days 01:49:01.791000,PIA,81,0 days 00:01:28.032000,26.0,1.0,,,0 days 00:00:22.794000,0 days 00:00:46.998000,0 days 00:00:18.240000,0 days 01:47:56.591000,0 days 01:48:43.589000,0 days 01:49:01.829000,295.0,214.0,307.0,260.0,False,INTERMEDIATE,29.0,False,McLaren,0 days 01:47:33.759000,,12,7.0,,,False,True
0 days 01:50:38.278000,PIA,81,0 days 00:01:36.487000,27.0,1.0,,0 days 01:50:35.340000,0 days 00:00:21.746000,0 days 00:00:45.688000,0 days 00:00:29.053000,0 days 01:49:23.575000,0 days 01:50:09.263000,0 days 01:50:38.316000,296.0,209.0,,253.0,False,INTERMEDIATE,30.0,False,McLaren,0 days 01:49:01.791000,,126,7.0,,,False,False
0 days 01:52:39.638000,PIA,81,0 days 00:02:01.360000,28.0,2.0,0 days 01:51:01.316000,,0 days 00:00:45.382000,0 days 00:00:53.693000,0 days 00:00:22.285000,0 days 01:51:23.698000,0 days 01:52:17.391000,0 days 01:52:39.676000,126.0,178.0,262.0,253.0,False,INTERMEDIATE,5.0,False,McLaren,0 days 01:50:38.278000,,671,9.0,,,False,False
0 days 01:54:20.716000,PIA,81,0 days 00:01:41.078000,29.0,2.0,,,0 days 00:00:24.878000,0 days 00:00:53.739000,0 days 00:00:22.461000,0 days 01:53:04.554000,0 days 01:53:58.293000,0 days 01:54:20.754000,265.0,168.0,247.0,207.0,False,INTERMEDIATE,6.0,False,McLaren,0 days 01:52:39.638000,,1,8.0,,,False,True
0 days 01:56:18.300000,PIA,81,0 days 00:01:57.584000,30.0,2.0,,,0 days 00:00:30.133000,0 days 00:01:01.615000,0 days 00:00:25.836000,0 days 01:54:50.887000,0 days 01:55:52.502000,0 days 01:56:18.338000,217.0,153.0,197.0,191.0,False,INTERMEDIATE,7.0,False,McLaren,0 days 01:54:20.716000,,14,8.0,,,False,False
0 days 01:58:17.657000,PIA,81,0 days 00:01:59.357000,31.0,2.0,,,0 days 00:00:33.454000,0 days 00:00:57.229000,0 days 00:00:28.674000,0 days 01:56:51.792000,0 days 01:57:49.021000,0 days 01:58:17.695000,177.0,147.0,166.0,164.0,False,INTERMEDIATE,8.0,False,McLaren,0 days 01:56:18.300000,,4,8.0,,,False,False
0 days 02:01:02.216000,PIA,81,,32.0,2.0,,0 days 02:00:56.326000,0 days 00:00:35.297000,0 days 00:01:07.831000,0 days 00:01:01.396000,0 days 01:58:53.066000,0 days 02:00:00.858000,0 days 02:01:02.353000,156.0,122.0,,168.0,False,INTERMEDIATE,9.0,False,McLaren,0 days 01:58:17.657000,,45,8.0,,,False,False
0 days 02:26:39.999000,PIA,81,,33.0,3.0,0 days 02:24:36.465000,,,0 days 00:00:54.107000,0 days 00:00:41.616000,,0 days 02:25:58.421000,0 days 02:26:40.138000,201.0,90.0,240.0,168.0,False,INTERMEDIATE,3.0,False,McLaren,0 days 02:23:57.645000,,12,8.0,,,False,False
0 days 02:28:18.247000,PIA,81,0 days 00:01:38.248000,34.0,3.0,,,0 days 00:00:26.849000,0 days 00:00:51.563000,0 days 00:00:19.836000,0 days 02:27:06.886000,0 days 02:27:58.449000,0 days 02:28:18.285000,200.0,185.0,289.0,170.0,False,INTERMEDIATE,4.0,False,McLaren,0 days 02:26:39.999000,,1,7.0,,,False,True
0 days 02:29:48.129000,PIA,81,0 days 00:01:29.882000,35.0,3.0,,,0 days 00:00:23.743000,0 days 00:00:47.292000,0 days 00:00:18.847000,0 days 02:28:42.028000,0 days 02:29:29.320000,0 days 02:29:48.167000,288.0,194.0,301.0,187.0,False,INTERMEDIATE,5.0,False,McLaren,0 days 02:28:18.247000,,1,7.0,,,False,True
0 days 02:31:16.007000,PIA,81,0 days 00:01:27.878000,36.0,3.0,,,0 days 00:00:22.630000,0 days 00:00:46.645000,0 days 00:00:18.603000,0 days 02:30:10.797000,0 days 02:30:57.442000,0 days 02:31:16.045000,295.0,213.0,304.0,219.0,False,INTERMEDIATE,6.0,False,McLaren,0 days 02:29:48.129000,,12,7.0,,,False,True
0 days 02:32:42.059000,PIA,81,0 days 00:01:26.052000,37.0,3.0,,,0 days 00:00:22.248000,0 days 00:00:45.607000,0 days 00:00:18.197000,0 days 02:31:38.293000,0 days 02:32:23.900000,0 days 02:32:42.097000,297.0,215.0,304.0,227.0,False,INTERMEDIATE,7.0,False,McLaren,0 days 02:31:16.007000,,1,7.0,,,False,True
0 days 02:34:07.241000,PIA,81,0 days 00:01:25.182000,38.0,3.0,,,0 days 00:00:21.869000,0 days 00:00:44.987000,0 days 00:00:18.326000,0 days 02:33:03.966000,0 days 02:33:48.953000,0 days 02:34:07.279000,296.0,218.0,304.0,250.0,False,INTERMEDIATE,8.0,False,McLaren,0 days 02:32:42.059000,,12,7.0,,,False,True
0 days 02:35:43.579000,PIA,81,0 days 00:01:36.338000,39.0,3.0,,,0 days 00:00:22.025000,0 days 00:00:44.916000,0 days 00:00:29.397000,0 days 02:34:29.304000,0 days 02:35:14.220000,0 days 02:35:43.617000,297.0,188.0,190.0,254.0,False,INTERMEDIATE,9.0,False,McLaren,0 days 02:34:07.241000,,124,7.0,,,False,False
0 days 02:37:37.107000,PIA,81,0 days 00:01:53.528000,40.0,3.0,,,0 days 00:00:26.456000,0 days 00:00:59.736000,0 days 00:00:27.336000,0 days 02:36:10.073000,0 days 02:37:09.809000,0 days 02:37:37.145000,205.0,181.0,282.0,185.0,False,INTERMEDIATE,10.0,False,McLaren,0 days 02:35:43.579000,,4,7.0,,,False,False
0 days 02:39:43.010000,PIA,81,0 days 00:02:05.903000,41.0,3.0,,,0 days 00:00:32.219000,0 days 00:01:02.305000,0 days 00:00:31.379000,0 days 02:38:09.364000,0 days 02:39:11.669000,0 days 02:39:43.048000,132.0,169.0,280.0,128.0,False,INTERMEDIATE,11.0,False,McLaren,0 days 02:37:37.107000,,4,7.0,,,False,False
0 days 02:41:55.909000,PIA,81,0 days 00:02:12.899000,42.0,3.0,,,0 days 00:00:28.861000,0 days 00:01:06.408000,0 days 00:00:37.630000,0 days 02:40:11.909000,0 days 02:41:18.317000,0 days 02:41:55.947000,142.0,68.0,283.0,139.0,False,INTERMEDIATE,12.0,False,McLaren,0 days 02:39:43.010000,,41,7.0,,,False,False
0 days 02:43:25.745000,PIA,81,0 days 00:01:29.836000,43.0,3.0,,,0 days 00:00:24.358000,0 days 00:00:46.720000,0 days 00:00:18.758000,0 days 02:42:20.305000,0 days 02:43:07.025000,0 days 02:43:25.783000,289.0,210.0,309.0,220.0,False,INTERMEDIATE,13.0,False,McLaren,0 days 02:41:55.909000,,12,6.0,,,False,True
0 days 02:44:51.442000,PIA,81,0 days 00:01:25.697000,44.0,3.0,,,0 days 00:00:22.183000,0 days 00:00:45.359000,0 days 00:00:18.155000,0 days 02:43:47.966000,0 days 02:44:33.325000,0 days 02:44:51.480000,299.0,214.0,307.0,230.0,False,INTERMEDIATE,14.0,False,McLaren,0 days 02:43:25.745000,,21,6.0,,,False,True
0 days 02:46:15.732000,PIA,81,0 days 00:01:24.290000,45.0,3.0,,,0 days 00:00:21.869000,0 days 00:00:44.338000,0 days 00:00:18.083000,0 days 02:45:13.349000,0 days 02:45:57.687000,0 days 02:46:15.770000,297.0,220.0,307.0,236.0,False,INTERMEDIATE,15.0,False,McLaren,0 days 02:44:51.442000,,1,6.0,,,False,True
0 days 02:47:42.343000,PIA,81,0 days 00:01:26.611000,46.0,3.0,,,0 days 00:00:22.846000,0 days 00:00:45.664000,0 days 00:00:18.101000,0 days 02:46:38.616000,0 days 02:47:24.280000,0 days 02:47:42.381000,225.0,219.0,310.0,239.0,False,INTERMEDIATE,16.0,False,McLaren,0 days 02:46:15.732000,,1,7.0,,,False,True
0 days 02:49:06.961000,PIA,81,0 days 00:01:24.618000,47.0,3.0,,,0 days 00:00:21.585000,0 days 00:00:44.897000,0 days 00:00:18.136000,0 days 02:48:03.966000,0 days 02:48:48.863000,0 days 02:49:06.999000,298.0,217.0,310.0,242.0,False,INTERMEDIATE,17.0,False,McLaren,0 days 02:47:42.343000,,1,7.0,,,False,True
0 days 02:50:31.135000,PIA,81,0 days 00:01:24.174000,48.0,3.0,,,0 days 00:00:21.586000,0 days 00:00:44.498000,0 days 00:00:18.090000,0 days 02:49:28.585000,0 days 02:50:13.083000,0 days 02:50:31.173000,302.0,213.0,309.0,244.0,False,INTERMEDIATE,18.0,False,McLaren,0 days 02:49:06.961000,,1,7.0,,,False,True
0 days 02:51:54.171000,PIA,81,0 days 00:01:23.036000,49.0,3.0,,,0 days 00:00:21.411000,0 days 00:00:43.856000,0 days 00:00:17.769000,0 days 02:50:52.584000,0 days 02:51:36.440000,0 days 02:51:54.209000,303.0,228.0,310.0,254.0,True,INTERMEDIATE,19.0,False,McLaren,0 days 02:50:31.135000,,1,7.0,,,False,True
0 days 02:53:17.644000,PIA,81,0 days 00:01:23.473000,50.0,3.0,,,0 days 00:00:21.291000,0 days 00:00:44.173000,0 days 00:00:18.009000,0 days 02:52:15.500000,0 days 02:52:59.673000,0 days 02:53:17.682000,304.0,220.0,308.0,252.0,False,INTERMEDIATE,20.0,False,McLaren,0 days 02:51:54.171000,,1,7.0,,,False,True
0 days 02:54:43.911000,PIA,81,0 days 00:01:26.267000,51.0,3.0,,,0 days 00:00:21.251000,0 days 00:00:44.137000,0 days 00:00:20.879000,0 days 02:53:38.933000,0 days 02:54:23.070000,0 days 02:54:43.949000,308.0,231.0,304.0,256.0,False,INTERMEDIATE,21.0,False,McLaren,0 days 02:53:17.644000,,12,7.0,,,False,True
0 days 02:56:06.844000,PIA,81,0 days 00:01:22.933000,52.0,3.0,,,0 days 00:00:21.259000,0 days 00:00:43.548000,0 days 00:00:18.126000,0 days 02:55:05.208000,0 days 02:55:48.756000,0 days 02:56:06.882000,306.0,226.0,306.0,257.0,True,INTERMEDIATE,22.0,False,McLaren,0 days 02:54:43.911000,,1,7.0,,,False,True
0 days 02:57:29.574000,PIA,81,0 days 00:01:22.730000,53.0,3.0,,,0 days 00:00:21.192000,0 days 00:00:43.575000,0 days 00:00:17.963000,0 days 02:56:28.074000,0 days 02:57:11.649000,0 days 02:57:29.612000,305.0,229.0,307.0,257.0,True,INTERMEDIATE,23.0,False,McLaren,0 days 02:56:06.844000,,1,7.0,,,False,True
0 days 02:58:52.482000,PIA,81,0 days 00:01:22.908000,54.0,3.0,,,0 days 00:00:21.297000,0 days 00:00:43.690000,0 days 00:00:17.921000,0 days 02:57:50.909000,0 days 02:58:34.599000,0 days 02:58:52.520000,306.0,225.0,308.0,257.0,False,INTERMEDIATE,24.0,False,McLaren,0 days 02:57:29.574000,,1,7.0,,,False,True
0 days 03:00:15.003000,PIA,81,0 days 00:01:22.521000,55.0,3.0,,,0 days 00:00:21.165000,0 days 00:00:43.578000,0 days 00:00:17.778000,0 days 02:59:13.685000,0 days 02:59:57.263000,0 days 03:00:15.041000,305.0,231.0,308.0,259.0,True,INTERMEDIATE,25.0,False,McLaren,0 days 02:58:52.482000,,1,7.0,,,False,True
0 days 03:01:37.647000,PIA,81,0 days 00:01:22.644000,56.0,3.0,,,0 days 00:00:21.166000,0 days 00:00:43.604000,0 days 00:00:17.874000,0 days 03:00:36.207000,0 days 03:01:19.811000,0 days 03:01:37.685000,307.0,229.0,308.0,258.0,False,INTERMEDIATE,26.0,False,McLaren,0 days 03:00:15.003000,,1,7.0,,,False,True
0 days 03:03:00.171000,PIA,81,0 days 00:01:22.524000,57.0,3.0,,,0 days 00:00:21.117000,0 days 00:00:43.542000,0 days 00:00:17.865000,0 days 03:01:58.802000,0 days 03:02:42.344000,0 days 03:03:00.209000,307.0,228.0,308.0,265.0,False,INTERMEDIATE,27.0,False,McLaren,0 days 03:01:37.647000,,1,7.0,,,False,True
0 days 03:04:22.491000,PIA,81,0 days 00:01:22.320000,58.0,3.0,,,0 days 00:00:21.095000,0 days 00:00:43.467000,0 days 00:00:17.758000,0 days 03:03:21.304000,0 days 03:04:04.771000,0 days 03:04:22.529000,303.0,226.0,310.0,265.0,True,INTERMEDIATE,28.0,False,McLaren,0 days 03:03:00.171000,,1,7.0,,,False,True
0 days 03:05:44.671000,PIA,81,0 days 00:01:22.180000,59.0,3.0,,,0 days 00:00:20.956000,0 days 00:00:43.351000,0 days 00:00:17.873000,0 days 03:04:43.485000,0 days 03:05:26.836000,0 days 03:05:44.709000,303.0,227.0,308.0,272.0,True,INTERMEDIATE,29.0,False,McLaren,0 days 03:04:22.491000,,1,7.0,,,False,True
0 days 03:07:06.777000,PIA,81,0 days 00:01:22.106000,60.0,3.0,,,0 days 00:00:21.077000,0 days 00:00:43.254000,0 days 00:00:17.775000,0 days 03:06:05.786000,0 days 03:06:49.040000,0 days 03:07:06.815000,306.0,230.0,308.0,263.0,True,INTERMEDIATE,30.0,False,McLaren,0 days 03:05:44.671000,,1,7.0,,,False,True
0 days 03:08:28.902000,PIA,81,0 days 00:01:22.125000,61.0,3.0,,,0 days 00:00:20.944000,0 days 00:00:43.316000,0 days 00:00:17.865000,0 days 03:07:27.759000,0 days 03:08:11.075000,0 days 03:08:28.940000,307.0,232.0,308.0,273.0,False,INTERMEDIATE,31.0,False,McLaren,0 days 03:07:06.777000,,1,7.0,,,False,True
0 days 03:09:51.124000,PIA,81,0 days 00:01:22.222000,62.0,3.0,,,0 days 00:00:20.870000,0 days 00:00:43.440000,0 days 00:00:17.912000,0 days 03:08:49.810000,0 days 03:09:33.250000,0 days 03:09:51.162000,305.0,228.0,309.0,267.0,False,INTERMEDIATE,32.0,False,McLaren,0 days 03:08:28.902000,,1,7.0,,,False,True
0 days 03:11:13.340000,PIA,81,0 days 00:01:22.216000,63.0,3.0,,,0 days 00:00:20.960000,0 days 00:00:43.434000,0 days 00:00:17.822000,0 days 03:10:12.122000,0 days 03:10:55.556000,0 days 03:11:13.378000,305.0,226.0,307.0,272.0,False,INTERMEDIATE,33.0,False,McLaren,0 days 03:09:51.124000,,1,7.0,,,False,True
0 days 03:12:35.178000,PIA,81,0 days 00:01:21.838000,64.0,3.0,,,0 days 00:00:20.901000,0 days 00:00:43.134000,0 days 00:00:17.803000,0 days 03:11:34.279000,0 days 03:12:17.413000,0 days 03:12:35.216000,304.0,228.0,307.0,272.0,True,INTERMEDIATE,34.0,False,McLaren,0 days 03:11:13.340000,,1,7.0,,,False,True
0 days 03:13:57.018000,PIA,81,0 days 00:01:21.840000,65.0,3.0,,,0 days 00:00:20.784000,0 days 00:00:43.137000,0 days 00:00:17.919000,0 days 03:12:56,0 days 03:13:39.137000,0 days 03:13:57.056000,303.0,228.0,308.0,277.0,False,INTERMEDIATE,35.0,False,McLaren,0 days 03:12:35.178000,,1,7.0,,,False,True
0 days 03:15:18.902000,PIA,81,0 days 00:01:21.884000,66.0,3.0,,,0 days 00:00:20.864000,0 days 00:00:43.215000,0 days 00:00:17.805000,0 days 03:14:17.920000,0 days 03:15:01.135000,0 days 03:15:18.940000,306.0,229.0,308.0,275.0,False,INTERMEDIATE,36.0,False,McLaren,0 days 03:13:57.018000,,1,7.0,,,False,True
0 days 03:16:41.188000,PIA,81,0 days 00:01:22.286000,67.0,3.0,,,0 days 00:00:21.336000,0 days 00:00:43.159000,0 days 00:00:17.791000,0 days 03:15:40.276000,0 days 03:16:23.435000,0 days 03:16:41.226000,305.0,225.0,308.0,276.0,False,INTERMEDIATE,37.0,False,McLaren,0 days 03:15:18.902000,,1,7.0,,,False,True
0 days 03:18:02.907000,PIA,81,0 days 00:01:21.719000,68.0,3.0,,,0 days 00:00:20.873000,0 days 00:00:42.918000,0 days 00:00:17.928000,0 days 03:17:02.099000,0 days 03:17:45.017000,0 days 03:18:02.945000,306.0,224.0,307.0,270.0,True,INTERMEDIATE,38.0,False,McLaren,0 days 03:16:41.188000,,1,7.0,,,False,True
0 days 03:19:24.439000,PIA,81,0 days 00:01:21.532000,69.0,3.0,,,0 days 00:00:20.866000,0 days 00:00:42.891000,0 days 00:00:17.775000,0 days 03:18:23.811000,0 days 03:19:06.702000,0 days 03:19:24.477000,306.0,228.0,309.0,265.0,True,INTERMEDIATE,39.0,False,McLaren,0 days 03:18:02.907000,,1,7.0,,,False,True
