Time,Driver,DriverNumber,LapTime,LapNumber,Stint,PitOutTime,PitInTime,Sector1Time,Sector2Time,Sector3Time,Sector1SessionTime,Sector2SessionTime,Sector3SessionTime,SpeedI1,SpeedI2,SpeedFL,SpeedST,IsPersonalBest,Compound,TyreLife,FreshTyre,Team,LapStartTime,LapStartDate,TrackStatus,Position,Deleted,DeletedReason,FastF1Generated,IsAccurate
0 days 00:58:56.606000,NOR,4,0 days 00:01:20.878000,1.0,1.0,,,,0 days 00:00:27.269000,0 days 00:00:22.935000,,0 days 00:58:33.916000,0 days 00:58:56.709000,284.0,262.0,298.0,203.0,False,MEDIUM,1.0,True,McLaren,0 days 00:57:35.434000,,1,2.0,,,False,False
0 days 01:00:12.740000,NOR,4,0 days 00:01:16.134000,2.0,1.0,,,0 days 00:00:26.061000,0 days 00:00:27.155000,0 days 00:00:22.918000,0 days 00:59:22.731000,0 days 00:59:49.886000,0 days 01:00:12.804000,283.0,262.0,299.0,282.0,True,MEDIUM,2.0,True,McLaren,0 days 00:58:56.606000,,1,2.0,,,False,True
0 days 01:01:29.236000,NOR,4,0 days 00:01:16.496000,3.0,1.0,,,0 days 00:00:25.995000,0 days 00:00:27.720000,0 days 00:00:22.781000,0 days 01:00:38.799000,0 days 01:01:06.519000,0 days 01:01:29.300000,281.0,260.0,300.0,281.0,False,MEDIUM,3.0,True,McLaren,0 days 01:00:12.740000,,1,2.0,,,False,True
0 days 01:02:45.540000,NOR,4,0 days 00:01:16.304000,4.0,1.0,,,0 days 00:00:25.836000,0 days 00:00:27.683000,0 days 00:00:22.785000,0 days 01:01:55.136000,0 days 01:02:22.819000,0 days 01:02:45.604000,284.0,263.0,301.0,287.0,False,MEDIUM,4.0,True,McLaren,0 days 01:01:29.236000,,1,2.0,,,False,True
0 days 01:04:01.811000,NOR,4,0 days 00:01:16.271000,5.0,1.0,,,0 days 00:00:25.816000,0 days 00:00:27.720000,0 days 00:00:22.735000,0 days 01:03:11.420000,0 days 01:03:39.140000,0 days 01:04:01.875000,284.0,262.0,299.0,289.0,False,MEDIUM,5.0,True,McLaren,0 days 01:02:45.540000,,1,2.0,,,False,True
0 days 01:05:18.036000,NOR,4,0 days 00:01:16.225000,6.0,1.0,,,0 days 00:00:25.711000,0 days 00:00:27.752000,0 days 00:00:22.762000,0 days 01:04:27.586000,0 days 01:04:55.338000,0 days 01:05:18.100000,284.0,263.0,300.0,292.0,False,MEDIUM,6.0,True,McLaren,0 days 01:04:01.811000,,1,2.0,,,False,True
0 days 01:06:34.431000,NOR,4,0 days 00:01:16.395000,7.0,1.0,,,0 days 00:00:25.871000,0 days 00:00:27.748000,0 days 00:00:22.776000,0 days 01:05:43.971000,0 days 01:06:11.719000,0 days 01:06:34.495000,283.0,265.0,300.0,290.0,False,MEDIUM,7.0,True,McLaren,0 days 01:05:18.036000,,1,2.0,,,False,True
0 days 01:07:50.600000,NOR,4,0 days 00:01:16.169000,8.0,1.0,,,0 days 00:00:25.599000,0 days 00:00:27.831000,0 days 00:00:22.739000,0 days 01:07:00.094000,0 days 01:07:27.925000,0 days 01:07:50.664000,285.0,264.0,300.0,296.0,False,MEDIUM,8.0,True,McLaren,0 days 01:06:34.431000,,1,2.0,,,False,True
0 days 01:09:07.077000,NOR,4,0 days 00:01:16.477000,9.0,1.0,,,0 days 00:00:25.735000,0 days 00:00:27.790000,0 days 00:00:22.952000,0 days 01:08:16.399000,0 days 01:08:44.189000,0 days 01:09:07.141000,286.0,264.0,300.0,291.0,False,MEDIUM,9.0,True,McLaren,0 days 01:07:50.600000,,1,2.0,,,False,True
0 days 01:10:23.369000,NOR,4,0 days 00:01:16.292000,10.0,1.0,,,0 days 00:00:25.695000,0 days 00:00:27.846000,0 days 00:00:22.751000,0 days 01:09:32.836000,0 days 01:10:00.682000,0 days 01:10:23.433000,285.0,264.0,301.0,295.0,False,MEDIUM,10.0,True,McLaren,0 days 01:09:07.077000,,1,2.0,,,False,True
0 days 01:11:39.672000,NOR,4,0 days 00:01:16.303000,11.0,1.0,,,0 days 00:00:25.733000,0 days 00:00:27.862000,0 days 00:00:22.708000,0 days 01:10:49.166000,0 days 01:11:17.028000,0 days 01:11:39.736000,285.0,264.0,300.0,295.0,False,MEDIUM,11.0,True,McLaren,0 days 01:10:23.369000,,1,2.0,,,False,True
0 days 01:12:55.872000,NOR,4,0 days 00:01:16.200000,12.0,1.0,,,0 days 00:00:25.704000,0 days 00:00:27.781000,0 days 00:00:22.715000,0 days 01:12:05.440000,0 days 01:12:33.221000,0 days 01:12:55.936000,286.0,265.0,301.0,293.0,False,MEDIUM,12.0,True,McLaren,0 days 01:11:39.672000,,1,2.0,,,False,True
0 days 01:14:12.114000,NOR,4,0 days 00:01:16.242000,13.0,1.0,,,0 days 00:00:25.881000,0 days 00:00:27.675000,0 days 00:00:22.686000,0 days 01:13:21.817000,0 days 01:13:49.492000,0 days 01:14:12.178000,286.0,265.0,301.0,295.0,False,MEDIUM,13.0,True,McLaren,0 days 01:12:55.872000,,1,2.0,,,False,True
0 days 01:15:28.584000,NOR,4,0 days 00:01:16.470000,14.0,1.0,,,0 days 00:00:25.717000,0 days 00:00:27.990000,0 days 00:00:22.763000,0 days 01:14:37.895000,0 days 01:15:05.885000,0 days 01:15:28.648000,286.0,263.0,301.0,295.0,False,MEDIUM,14.0,True,McLaren,0 days 01:14:12.114000,,1,2.0,,,False,True
0 days 01:16:44.811000,NOR,4,0 days 00:01:16.227000,15.0,1.0,,,0 days 00:00:25.761000,0 days 00:00:27.727000,0 days 00:00:22.739000,0 days 01:15:54.409000,0 days 01:16:22.136000,0 days 01:16:44.875000,286.0,264.0,301.0,296.0,False,MEDIUM,15.0,True,McLaren,0 days 01:15:28.584000,,1,2.0,,,False,True
0 days 01:18:00.500000,NOR,4,0 days 00:01:15.689000,16.0,1.0,,,0 days 00:00:25.600000,0 days 00:00:27.593000,0 days 00:00:22.496000,0 days 01:17:10.475000,0 days 01:17:38.068000,0 days 01:18:00.564000,288.0,274.0,318.0,299.0,True,MEDIUM,16.0,True,McLaren,0 days 01:16:44.811000,,1,2.0,,,False,True
0 days 01:19:16.585000,NOR,4,0 days 00:01:16.085000,17.0,1.0,,,0 days 00:00:26.095000,0 days 00:00:27.634000,0 days 00:00:22.356000,0 days 01:18:26.659000,0 days 01:18:54.293000,0 days 01:19:16.649000,286.0,274.0,321.0,322.0,False,MEDIUM,17.0,True,McLaren,0 days 01:18:00.500000,,1,2.0,,,False,True
0 days 01:20:32.651000,NOR,4,0 days 00:01:16.066000,18.0,1.0,,,0 days 00:00:25.695000,0 days 00:00:27.640000,0 days 00:00:22.731000,0 days 01:19:42.344000,0 days 01:20:09.984000,0 days 01:20:32.715000,282.0,264.0,297.0,315.0,False,MEDIUM,18.0,True,McLaren,0 days 01:19:16.585000,,1,1.0,,,False,True
0 days 01:21:48.550000,NOR,4,0 days 00:01:15.899000,19.0,1.0,,,0 days 00:00:25.522000,0 days 00:00:27.699000,0 days 00:00:22.678000,0 days 01:20:58.237000,0 days 01:21:25.936000,0 days 01:21:48.614000,284.0,262.0,299.0,295.0,False,MEDIUM,19.0,True,McLaren,0 days 01:20:32.651000,,1,1.0,,,False,True
0 days 01:23:04.593000,NOR,4,0 days 00:01:16.043000,20.0,1.0,,,0 days 00:00:25.647000,0 days 00:00:27.795000,0 days 00:00:22.601000,0 days 01:22:14.261000,0 days 01:22:42.056000,0 days 01:23:04.657000,283.0,263.0,299.0,298.0,False,MEDIUM,20.0,True,McLaren,0 days 01:21:48.550000,,1,1.0,,,False,True
0 days 01:24:20.322000,NOR,4,0 days 00:01:15.729000,21.0,1.0,,,0 days 00:00:25.557000,0 days 00:00:27.582000,0 days 00:00:22.590000,0 days 01:23:30.214000,0 days 01:23:57.796000,0 days 01:24:20.386000,285.0,262.0,299.0,296.0,False,MEDIUM,21.0,True,McLaren,0 days 01:23:04.593000,,1,1.0,,,False,True
0 days 01:25:36.118000,NOR,4,0 days 00:01:15.796000,22.0,1.0,,,0 days 00:00:25.536000,0 days 00:00:27.550000,0 days 00:00:22.710000,0 days 01:24:45.922000,0 days 01:25:13.472000,0 days 01:25:36.182000,287.0,264.0,299.0,296.0,False,MEDIUM,22.0,True,McLaren,0 days 01:24:20.322000,,1,1.0,,,False,True
0 days 01:26:51.902000,NOR,4,0 days 00:01:15.784000,23.0,1.0,,,0 days 00:00:25.513000,0 days 00:00:27.660000,0 days 00:00:22.611000,0 days 01:26:01.695000,0 days 01:26:29.355000,0 days 01:26:51.966000,281.0,263.0,301.0,300.0,False,MEDIUM,23.0,True,McLaren,0 days 01:25:36.118000,,1,1.0,,,False,True
0 days 01:28:07.594000,NOR,4,0 days 00:01:15.692000,24.0,1.0,,,0 days 00:00:25.568000,0 days 00:00:27.551000,0 days 00:00:22.573000,0 days 01:27:17.534000,0 days 01:27:45.085000,0 days 01:28:07.658000,286.0,264.0,300.0,294.0,False,MEDIUM,24.0,True,McLaren,0 days 01:26:51.902000,,1,1.0,,,False,True
0 days 01:29:23.303000,NOR,4,0 days 00:01:15.709000,25.0,1.0,,,0 days 00:00:25.530000,0 days 00:00:27.516000,0 days 00:00:22.663000,0 days 01:28:33.188000,0 days 01:29:00.704000,0 days 01:29:23.367000,286.0,263.0,301.0,298.0,False,MEDIUM,25.0,True,McLaren,0 days 01:28:07.594000,,1,1.0,,,False,True
0 days 01:30:39.176000,NOR,4,0 days 00:01:15.873000,26.0,1.0,,,0 days 00:00:25.544000,0 days 00:00:27.623000,0 days 00:00:22.706000,0 days 01:29:48.911000,0 days 01:30:16.534000,0 days 01:30:39.240000,287.0,263.0,302.0,299.0,False,MEDIUM,26.0,True,McLaren,0 days 01:29:23.303000,,1,1.0,,,False,True
0 days 01:31:54.920000,NOR,4,0 days 00:01:15.744000,27.0,1.0,,,0 days 00:00:25.533000,0 days 00:00:27.558000,0 days 00:00:22.653000,0 days 01:31:04.773000,0 days 01:31:32.331000,0 days 01:31:54.984000,288.0,265.0,302.0,298.0,False,MEDIUM,27.0,True,McLaren,0 days 01:30:39.176000,,1,1.0,,,False,True
0 days 01:33:14.161000,NOR,4,0 days 00:01:19.241000,28.0,1.0,,0 days 01:33:12.511000,0 days 00:00:25.572000,0 days 00:00:27.572000,0 days 00:00:26.097000,0 days 01:32:20.556000,0 days 01:32:48.128000,0 days 01:33:14.225000,286.0,264.0,,299.0,False,MEDIUM,28.0,True,McLaren,0 days 01:31:54.920000,,1,1.0,,,False,False
0 days 01:34:49.311000,NOR,4,0 days 00:01:35.150000,29.0,2.0,0 days 01:33:34.031000,,0 days 00:00:45.664000,0 days 00:00:27.135000,0 days 00:00:22.351000,0 days 01:33:59.889000,0 days 01:34:27.024000,0 days 01:34:49.375000,285.0,264.0,302.0,299.0,False,HARD,1.0,True,McLaren,0 days 01:33:14.161000,,1,4.0,,,False,False
0 days 01:36:03.882000,NOR,4,0 days 00:01:14.571000,30.0,2.0,,,0 days 00:00:25.300000,0 days 00:00:27.055000,0 days 00:00:22.216000,0 days 01:35:14.675000,0 days 01:35:41.730000,0 days 01:36:03.946000,286.0,267.0,316.0,294.0,True,HARD,2.0,True,McLaren,0 days 01:34:49.311000,,1,2.0,,,False,True
0 days 01:37:18.273000,NOR,4,0 days 00:01:14.391000,31.0,2.0,,,0 days 00:00:25.109000,0 days 00:00:27.052000,0 days 00:00:22.230000,0 days 01:36:29.055000,0 days 01:36:56.107000,0 days 01:37:18.337000,285.0,265.0,300.0,313.0,True,HARD,3.0,True,McLaren,0 days 01:36:03.882000,,1,2.0,,,False,True
0 days 01:38:32.749000,NOR,4,0 days 00:01:14.476000,32.0,2.0,,,0 days 00:00:25.183000,0 days 00:00:26.976000,0 days 00:00:22.317000,0 days 01:37:43.520000,0 days 01:38:10.496000,0 days 01:38:32.813000,286.0,266.0,301.0,296.0,False,HARD,4.0,True,McLaren,0 days 01:37:18.273000,,1,2.0,,,False,True
0 days 01:39:47.238000,NOR,4,0 days 00:01:14.489000,33.0,2.0,,,0 days 00:00:25.107000,0 days 00:00:27.127000,0 days 00:00:22.255000,0 days 01:38:57.920000,0 days 01:39:25.047000,0 days 01:39:47.302000,286.0,266.0,301.0,296.0,False,HARD,5.0,True,McLaren,0 days 01:38:32.749000,,1,1.0,,,False,True
0 days 01:41:01.729000,NOR,4,0 days 00:01:14.491000,34.0,2.0,,,0 days 00:00:25.264000,0 days 00:00:26.997000,0 days 00:00:22.230000,0 days 01:40:12.566000,0 days 01:40:39.563000,0 days 01:41:01.793000,286.0,266.0,301.0,294.0,False,HARD,6.0,True,McLaren,0 days 01:39:47.238000,,1,1.0,,,False,True
0 days 01:42:16.203000,NOR,4,0 days 00:01:14.474000,35.0,2.0,,,0 days 00:00:25.149000,0 days 00:00:27.150000,0 days 00:00:22.175000,0 days 01:41:26.942000,0 days 01:41:54.092000,0 days 01:42:16.267000,286.0,266.0,302.0,300.0,False,HARD,7.0,True,McLaren,0 days 01:41:01.729000,,1,1.0,,,False,True
0 days 01:43:30.515000,NOR,4,0 days 00:01:14.312000,36.0,2.0,,,0 days 00:00:25.111000,0 days 00:00:27.004000,0 days 00:00:22.197000,0 days 01:42:41.378000,0 days 01:43:08.382000,0 days 01:43:30.579000,287.0,266.0,304.0,301.0,True,HARD,8.0,True,McLaren,0 days 01:42:16.203000,,1,1.0,,,False,True
0 days 01:44:45.239000,NOR,4,0 days 00:01:14.724000,37.0,2.0,,,0 days 00:00:25.373000,0 days 00:00:27.081000,0 days 00:00:22.270000,0 days 01:43:55.952000,0 days 01:44:23.033000,0 days 01:44:45.303000,288.0,266.0,301.0,294.0,False,HARD,9.0,True,McLaren,0 days 01:43:30.515000,,1,1.0,,,False,True
0 days 01:45:59.796000,NOR,4,0 days 00:01:14.557000,38.0,2.0,,,0 days 00:00:25.185000,0 days 00:00:27.171000,0 days 00:00:22.201000,0 days 01:45:10.488000,0 days 01:45:37.659000,0 days 01:45:59.860000,287.0,266.0,302.0,297.0,False,HARD,10.0,True,McLaren,0 days 01:44:45.239000,,1,1.0,,,False,True
0 days 01:47:14.503000,NOR,4,0 days 00:01:14.707000,39.0,2.0,,,0 days 00:00:25.151000,0 days 00:00:27.261000,0 days 00:00:22.295000,0 days 01:46:25.011000,0 days 01:46:52.272000,0 days 01:47:14.567000,287.0,266.0,301.0,301.0,False,HARD,11.0,True,McLaren,0 days 01:45:59.796000,,1,1.0,,,False,True
0 days 01:48:29.142000,NOR,4,0 days 00:01:14.639000,40.0,2.0,,,0 days 00:00:25.223000,0 days 00:00:27.220000,0 days 00:00:22.196000,0 days 01:47:39.790000,0 days 01:48:07.010000,0 days 01:48:29.206000,287.0,266.0,303.0,303.0,False,HARD,12.0,True,McLaren,0 days 01:47:14.503000,,1,1.0,,,False,True
0 days 01:49:44.152000,NOR,4,0 days 00:01:15.010000,41.0,2.0,,,0 days 00:00:25.386000,0 days 00:00:27.204000,0 days 00:00:22.420000,0 days 01:48:54.592000,0 days 01:49:21.796000,0 days 01:49:44.216000,288.0,268.0,306.0,297.0,False,HARD,13.0,True,McLaren,0 days 01:48:29.142000,,1,1.0,,,False,True
0 days 01:50:59.357000,NOR,4,0 days 00:01:15.205000,42.0,2.0,,,0 days 00:00:25.533000,0 days 00:00:27.348000,0 days 00:00:22.324000,0 days 01:50:09.749000,0 days 01:50:37.097000,0 days 01:50:59.421000,289.0,268.0,321.0,299.0,False,HARD,14.0,True,McLaren,0 days 01:49:44.152000,,1,1.0,,,False,True
0 days 01:52:14.148000,NOR,4,0 days 00:01:14.791000,43.0,2.0,,,0 days 00:00:25.272000,0 days 00:00:27.105000,0 days 00:00:22.414000,0 days 01:51:24.693000,0 days 01:51:51.798000,0 days 01:52:14.212000,291.0,263.0,300.0,304.0,False,HARD,15.0,True,McLaren,0 days 01:50:59.357000,,1,1.0,,,False,True
0 days 01:53:28.725000,NOR,4,0 days 00:01:14.577000,44.0,2.0,,,0 days 00:00:25.237000,0 days 00:00:27.094000,0 days 00:00:22.246000,0 days 01:52:39.449000,0 days 01:53:06.543000,0 days 01:53:28.789000,287.0,266.0,301.0,302.0,False,HARD,16.0,True,McLaren,0 days 01:52:14.148000,,1,1.0,,,False,True
0 days 01:54:43.556000,NOR,4,0 days 00:01:14.831000,45.0,2.0,,,0 days 00:00:25.251000,0 days 00:00:27.228000,0 days 00:00:22.352000,0 days 01:53:54.040000,0 days 01:54:21.268000,0 days 01:54:43.620000,286.0,265.0,302.0,294.0,False,HARD,17.0,True,McLaren,0 days 01:53:28.725000,,1,1.0,,,False,True
0 days 01:55:58.159000,NOR,4,0 days 00:01:14.603000,46.0,2.0,,,0 days 00:00:25.277000,0 days 00:00:27.137000,0 days 00:00:22.189000,0 days 01:55:08.897000,0 days 01:55:36.034000,0 days 01:55:58.223000,286.0,265.0,303.0,303.0,False,HARD,18.0,True,McLaren,0 days 01:54:43.556000,,1,1.0,,,False,True
0 days 01:57:13.051000,NOR,4,0 days 00:01:14.892000,47.0,2.0,,,0 days 00:00:25.295000,0 days 00:00:27.083000,0 days 00:00:22.514000,0 days 01:56:23.518000,0 days 01:56:50.601000,0 days 01:57:13.115000,288.0,266.0,303.0,294.0,False,HARD,19.0,True,McLaren,0 days 01:55:58.159000,,1,1.0,,,False,True
0 days 01:58:27.827000,NOR,4,0 days 00:01:14.776000,48.0,2.0,,,0 days 00:00:25.322000,0 days 00:00:27.115000,0 days 00:00:22.339000,0 days 01:57:38.437000,0 days 01:58:05.552000,0 days 01:58:27.891000,288.0,266.0,304.0,296.0,False,HARD,20.0,True,McLaren,0 days 01:57:13.051000,,1,1.0,,,False,True
0 days 01:59:42.738000,NOR,4,0 days 00:01:14.911000,49.0,2.0,,,0 days 00:00:25.360000,0 days 00:00:27.170000,0 days 00:00:22.381000,0 days 01:58:53.251000,0 days 01:59:20.421000,0 days 01:59:42.802000,290.0,264.0,303.0,302.0,False,HARD,21.0,True,McLaren,0 days 01:58:27.827000,,1,1.0,,,False,True
0 days 02:00:57.313000,NOR,4,0 days 00:01:14.575000,50.0,2.0,,,0 days 00:00:25.153000,0 days 00:00:27.143000,0 days 00:00:22.279000,0 days 02:00:07.955000,0 days 02:00:35.098000,0 days 02:00:57.377000,288.0,266.0,304.0,298.0,False,HARD,22.0,True,McLaren,0 days 01:59:42.738000,,1,1.0,,,False,True
0 days 02:02:12.145000,NOR,4,0 days 00:01:14.832000,51.0,2.0,,,0 days 00:00:25.276000,0 days 00:00:27.199000,0 days 00:00:22.357000,0 days 02:01:22.653000,0 days 02:01:49.852000,0 days 02:02:12.209000,289.0,266.0,304.0,295.0,False,HARD,23.0,True,McLaren,0 days 02:00:57.313000,,1,1.0,,,False,True
0 days 02:03:26.832000,NOR,4,0 days 00:01:14.687000,52.0,2.0,,,0 days 00:00:25.200000,0 days 00:00:27.180000,0 days 00:00:22.307000,0 days 02:02:37.409000,0 days 02:03:04.589000,0 days 02:03:26.896000,289.0,267.0,306.0,301.0,False,HARD,24.0,True,McLaren,0 days 02:02:12.145000,,1,1.0,,,False,True
0 days 02:04:41.570000,NOR,4,0 days 00:01:14.738000,53.0,2.0,,,0 days 00:00:25.422000,0 days 00:00:27.054000,0 days 00:00:22.262000,0 days 02:03:52.318000,0 days 02:04:19.372000,0 days 02:04:41.634000,288.0,267.0,302.0,299.0,False,HARD,25.0,True,McLaren,0 days 02:03:26.832000,,1,1.0,,,False,True
0 days 02:05:56.038000,NOR,4,0 days 00:01:14.468000,54.0,2.0,,,0 days 00:00:25.207000,0 days 00:00:26.998000,0 days 00:00:22.263000,0 days 02:05:06.841000,0 days 02:05:33.839000,0 days 02:05:56.102000,289.0,268.0,302.0,300.0,False,HARD,26.0,True,McLaren,0 days 02:04:41.570000,,1,1.0,,,False,True
0 days 02:07:10.637000,NOR,4,0 days 00:01:14.599000,55.0,2.0,,,0 days 00:00:25.275000,0 days 00:00:26.987000,0 days 00:00:22.337000,0 days 02:06:21.377000,0 days 02:06:48.364000,0 days 02:07:10.701000,287.0,266.0,304.0,299.0,False,HARD,27.0,True,McLaren,0 days 02:05:56.038000,,1,1.0,,,False,True
0 days 02:08:25.453000,NOR,4,0 days 00:01:14.816000,56.0,2.0,,,0 days 00:00:25.273000,0 days 00:00:27.082000,0 days 00:00:22.461000,0 days 02:07:35.974000,0 days 02:08:03.056000,0 days 02:08:25.517000,288.0,266.0,304.0,297.0,False,HARD,28.0,True,McLaren,0 days 02:07:10.637000,,1,1.0,,,False,True
0 days 02:09:40.320000,NOR,4,0 days 00:01:14.867000,57.0,2.0,,,0 days 00:00:25.268000,0 days 00:00:27.207000,0 days 00:00:22.392000,0 days 02:08:50.785000,0 days 02:09:17.992000,0 days 02:09:40.384000,289.0,267.0,304.0,298.0,False,HARD,29.0,True,McLaren,0 days 02:08:25.453000,,1,1.0,,,False,True
0 days 02:10:55.418000,NOR,4,0 days 00:01:15.098000,58.0,2.0,,,0 days 00:00:25.309000,0 days 00:00:27.387000,0 days 00:00:22.402000,0 days 02:10:05.693000,0 days 02:10:33.080000,0 days 02:10:55.482000,289.0,268.0,308.0,305.0,False,HARD,30.0,True,McLaren,0 days 02:09:40.320000,,1,1.0,,,False,True
0 days 02:12:10.397000,NOR,4,0 days 00:01:14.979000,59.0,2.0,,,0 days 00:00:25.370000,0 days 00:00:27.119000,0 days 00:00:22.490000,0 days 02:11:20.852000,0 days 02:11:47.971000,0 days 02:12:10.461000,290.0,266.0,304.0,290.0,False,HARD,31.0,True,McLaren,0 days 02:10:55.418000,,1,1.0,,,False,True
0 days 02:13:24.915000,NOR,4,0 days 00:01:14.518000,60.0,2.0,,,0 days 00:00:25.184000,0 days 00:00:27.017000,0 days 00:00:22.317000,0 days 02:12:35.645000,0 days 02:13:02.662000,0 days 02:13:24.979000,289.0,269.0,305.0,298.0,False,HARD,32.0,True,McLaren,0 days 02:12:10.397000,,1,1.0,,,False,True
0 days 02:14:39.961000,NOR,4,0 days 00:01:15.046000,61.0,2.0,,,0 days 00:00:25.416000,0 days 00:00:27.199000,0 days 00:00:22.431000,0 days 02:13:50.395000,0 days 02:14:17.594000,0 days 02:14:40.025000,291.0,269.0,316.0,300.0,False,HARD,33.0,True,McLaren,0 days 02:13:24.915000,,1,1.0,,,False,True
0 days 02:15:54.969000,NOR,4,0 days 00:01:15.008000,62.0,2.0,,,0 days 00:00:25.525000,0 days 00:00:27.075000,0 days 00:00:22.408000,0 days 02:15:05.550000,0 days 02:15:32.625000,0 days 02:15:55.033000,288.0,265.0,302.0,300.0,False,HARD,34.0,True,McLaren,0 days 02:14:39.961000,,1,1.0,,,False,True
0 days 02:17:09.279000,NOR,4,0 days 00:01:14.310000,63.0,2.0,,,0 days 00:00:25.068000,0 days 00:00:26.932000,0 days 00:00:22.310000,0 days 02:16:20.101000,0 days 02:16:47.033000,0 days 02:17:09.343000,289.0,266.0,300.0,303.0,True,HARD,35.0,True,McLaren,0 days 02:15:54.969000,,1,1.0,,,False,True
0 days 02:18:24.137000,NOR,4,0 days 00:01:14.858000,64.0,2.0,,,0 days 00:00:25.261000,0 days 00:00:27.127000,0 days 00:00:22.470000,0 days 02:17:34.604000,0 days 02:18:01.731000,0 days 02:18:24.201000,288.0,265.0,300.0,297.0,False,HARD,36.0,True,McLaren,0 days 02:17:09.279000,,1,1.0,,,False,True
0 days 02:19:38.923000,NOR,4,0 days 00:01:14.786000,65.0,2.0,,,0 days 00:00:25.158000,0 days 00:00:27.192000,0 days 00:00:22.436000,0 days 02:18:49.359000,0 days 02:19:16.551000,0 days 02:19:38.987000,289.0,266.0,302.0,297.0,False,HARD,37.0,True,McLaren,0 days 02:18:24.137000,,1,1.0,,,False,True
0 days 02:20:53.547000,NOR,4,0 days 00:01:14.624000,66.0,2.0,,,0 days 00:00:25.044000,0 days 00:00:27.190000,0 days 00:00:22.390000,0 days 02:20:04.031000,0 days 02:20:31.221000,0 days 02:20:53.611000,287.0,266.0,302.0,300.0,False,HARD,38.0,True,McLaren,0 days 02:19:38.923000,,1,1.0,,,False,True
0 days 02:22:08.235000,NOR,4,0 days 00:01:14.688000,67.0,2.0,,,0 days 00:00:25.180000,0 days 00:00:27.163000,0 days 00:00:22.345000,0 days 02:21:18.791000,0 days 02:21:45.954000,0 days 02:22:08.299000,288.0,267.0,302.0,302.0,False,HARD,39.0,True,McLaren,0 days 02:20:53.547000,,1,1.0,,,False,True
0 days 02:23:22.895000,NOR,4,0 days 00:01:14.660000,68.0,2.0,,,0 days 00:00:25.108000,0 days 00:00:27.111000,0 days 00:00:22.441000,0 days 02:22:33.407000,0 days 02:23:00.518000,0 days 02:23:22.959000,288.0,266.0,302.0,299.0,False,HARD,40.0,True,McLaren,0 days 02:22:08.235000,,1,1.0,,,False,True
0 days 02:24:37.552000,NOR,4,0 days 00:01:14.657000,69.0,2.0,,,0 days 00:00:25.141000,0 days 00:00:27.154000,0 days 00:00:22.362000,0 days 02:23:48.100000,0 days 02:24:15.254000,0 days 02:24:37.616000,288.0,267.0,303.0,308.0,False,HARD,41.0,True,McLaren,0 days 02:23:22.895000,,1,1.0,,,False,True
0 days 02:25:52.423000,NOR,4,0 days 00:01:14.871000,70.0,2.0,,,0 days 00:00:25.242000,0 days 00:00:27.256000,0 days 00:00:22.373000,0 days 02:25:02.858000,0 days 02:25:30.114000,0 days 02:25:52.487000,289.0,267.0,304.0,303.0,False,HARD,42.0,True,McLaren,0 days 02:24:37.552000,,1,1.0,,,False,True
0 days 02:27:07.430000,NOR,4,0 days 00:01:15.007000,71.0,2.0,,,0 days 00:00:25.237000,0 days 00:00:27.276000,0 days 00:00:22.494000,0 days 02:26:17.724000,0 days 02:26:45,0 days 02:27:07.494000,291.0,260.0,301.0,301.0,False,HARD,43.0,True,McLaren,0 days 02:25:52.423000,,1,1.0,,,False,True
0 days 02:28:21.247000,NOR,4,0 days 00:01:13.817000,72.0,2.0,,,0 days 00:00:24.876000,0 days 00:00:26.837000,0 days 00:00:22.104000,0 days 02:27:32.370000,0 days 02:27:59.207000,0 days 02:28:21.311000,289.0,268.0,304.0,309.0,True,HARD,44.0,True,McLaren,0 days 02:27:07.430000,,1,1.0,,,False,True
0 days 00:58:55.643000,VER,1,0 days 00:01:19.915000,1.0,1.0,,,,0 days 00:00:26.881000,0 days 00:00:22.957000,,0 days 00:58:32.779000,0 days 00:58:55.774000,280.0,258.0,291.0,210.0,False,MEDIUM,1.0,True,Red Bull Racing,0 days 00:57:35.434000,,1,1.0,,,False,False
0 days 01:00:11.749000,VER,1,0 days 00:01:16.106000,2.0,1.0,,,0 days 00:00:26.012000,0 days 00:00:27.179000,0 days 00:00:22.915000,0 days 00:59:21.725000,0 days 00:59:48.904000,0 days 01:00:11.819000,281.0,256.0,292.0,285.0,True,MEDIUM,2.0,True,Red Bull Racing,0 days 00:58:55.643000,,1,1.0,,,False,True
0 days 01:01:27.880000,VER,1,0 days 00:01:16.131000,3.0,1.0,,,0 days 00:00:25.699000,0 days 00:00:27.456000,0 days 00:00:22.976000,0 days 01:00:37.518000,0 days 01:01:04.974000,0 days 01:01:27.950000,281.0,258.0,294.0,288.0,False,MEDIUM,3.0,True,Red Bull Racing,0 days 01:00:11.749000,,1,1.0,,,False,True
0 days 01:02:44.312000,VER,1,0 days 00:01:16.432000,4.0,1.0,,,0 days 00:00:26.079000,0 days 00:00:27.478000,0 days 00:00:22.875000,0 days 01:01:54.029000,0 days 01:02:21.507000,0 days 01:02:44.382000,282.0,255.0,294.0,286.0,False,MEDIUM,4.0,True,Red Bull Racing,0 days 01:01:27.880000,,1,1.0,,,False,True
0 days 01:04:00.493000,VER,1,0 days 00:01:16.181000,5.0,1.0,,,0 days 00:00:25.817000,0 days 00:00:27.501000,0 days 00:00:22.863000,0 days 01:03:10.199000,0 days 01:03:37.700000,0 days 01:04:00.563000,281.0,255.0,293.0,292.0,False,MEDIUM,5.0,True,Red Bull Racing,0 days 01:02:44.312000,,1,1.0,,,False,True
0 days 01:05:16.648000,VER,1,0 days 00:01:16.155000,6.0,1.0,,,0 days 00:00:25.837000,0 days 00:00:27.512000,0 days 00:00:22.806000,0 days 01:04:26.400000,0 days 01:04:53.912000,0 days 01:05:16.718000,281.0,255.0,293.0,289.0,False,MEDIUM,6.0,True,Red Bull Racing,0 days 01:04:00.493000,,1,1.0,,,False,True
0 days 01:06:32.929000,VER,1,0 days 00:01:16.281000,7.0,1.0,,,0 days 00:00:25.799000,0 days 00:00:27.605000,0 days 00:00:22.877000,0 days 01:05:42.517000,0 days 01:06:10.122000,0 days 01:06:32.999000,281.0,257.0,294.0,292.0,False,MEDIUM,7.0,True,Red Bull Racing,0 days 01:05:16.648000,,1,1.0,,,False,True
0 days 01:07:49.276000,VER,1,0 days 00:01:16.347000,8.0,1.0,,,0 days 00:00:25.730000,0 days 00:00:27.846000,0 days 00:00:22.771000,0 days 01:06:58.729000,0 days 01:07:26.575000,0 days 01:07:49.346000,281.0,256.0,293.0,293.0,False,MEDIUM,8.0,True,Red Bull Racing,0 days 01:06:32.929000,,1,1.0,,,False,True
0 days 01:09:05.528000,VER,1,0 days 00:01:16.252000,9.0,1.0,,,0 days 00:00:25.689000,0 days 00:00:27.595000,0 days 00:00:22.968000,0 days 01:08:15.035000,0 days 01:08:42.630000,0 days 01:09:05.598000,281.0,259.0,293.0,293.0,False,MEDIUM,9.0,True,Red Bull Racing,0 days 01:07:49.276000,,1,1.0,,,False,True
0 days 01:10:21.983000,VER,1,0 days 00:01:16.455000,10.0,1.0,,,0 days 00:00:25.816000,0 days 00:00:27.760000,0 days 00:00:22.879000,0 days 01:09:31.414000,0 days 01:09:59.174000,0 days 01:10:22.053000,282.0,259.0,294.0,289.0,False,MEDIUM,10.0,True,Red Bull Racing,0 days 01:09:05.528000,,1,1.0,,,False,True
0 days 01:11:38.343000,VER,1,0 days 00:01:16.360000,11.0,1.0,,,0 days 00:00:25.781000,0 days 00:00:27.715000,0 days 00:00:22.864000,0 days 01:10:47.834000,0 days 01:11:15.549000,0 days 01:11:38.413000,283.0,257.0,294.0,289.0,False,MEDIUM,11.0,True,Red Bull Racing,0 days 01:10:21.983000,,1,1.0,,,False,True
0 days 01:12:54.881000,VER,1,0 days 00:01:16.538000,12.0,1.0,,,0 days 00:00:25.852000,0 days 00:00:27.803000,0 days 00:00:22.883000,0 days 01:12:04.265000,0 days 01:12:32.068000,0 days 01:12:54.951000,282.0,258.0,294.0,290.0,False,MEDIUM,12.0,True,Red Bull Racing,0 days 01:11:38.343000,,1,1.0,,,False,True
0 days 01:14:11.219000,VER,1,0 days 00:01:16.338000,13.0,1.0,,,0 days 00:00:25.894000,0 days 00:00:27.548000,0 days 00:00:22.896000,0 days 01:13:20.845000,0 days 01:13:48.393000,0 days 01:14:11.289000,281.0,258.0,294.0,292.0,False,MEDIUM,13.0,True,Red Bull Racing,0 days 01:12:54.881000,,1,1.0,,,False,True
0 days 01:15:27.685000,VER,1,0 days 00:01:16.466000,14.0,1.0,,,0 days 00:00:25.876000,0 days 00:00:27.701000,0 days 00:00:22.889000,0 days 01:14:37.165000,0 days 01:15:04.866000,0 days 01:15:27.755000,281.0,258.0,293.0,295.0,False,MEDIUM,14.0,True,Red Bull Racing,0 days 01:14:11.219000,,1,1.0,,,False,True
0 days 01:16:43.907000,VER,1,0 days 00:01:16.222000,15.0,1.0,,,0 days 00:00:25.738000,0 days 00:00:27.593000,0 days 00:00:22.891000,0 days 01:15:53.493000,0 days 01:16:21.086000,0 days 01:16:43.977000,282.0,256.0,293.0,293.0,False,MEDIUM,15.0,True,Red Bull Racing,0 days 01:15:27.685000,,1,1.0,,,False,True
0 days 01:18:00.142000,VER,1,0 days 00:01:16.235000,16.0,1.0,,,0 days 00:00:25.737000,0 days 00:00:27.620000,0 days 00:00:22.878000,0 days 01:17:09.714000,0 days 01:17:37.334000,0 days 01:18:00.212000,283.0,259.0,295.0,293.0,False,MEDIUM,16.0,True,Red Bull Racing,0 days 01:16:43.907000,,1,1.0,,,False,True
0 days 01:19:16.446000,VER,1,0 days 00:01:16.304000,17.0,1.0,,,0 days 00:00:25.897000,0 days 00:00:27.494000,0 days 00:00:22.913000,0 days 01:18:26.109000,0 days 01:18:53.603000,0 days 01:19:16.516000,281.0,256.0,293.0,301.0,False,MEDIUM,17.0,True,Red Bull Racing,0 days 01:18:00.142000,,1,1.0,,,False,True
0 days 01:20:33.347000,VER,1,0 days 00:01:16.901000,18.0,1.0,,,0 days 00:00:26.447000,0 days 00:00:27.844000,0 days 00:00:22.610000,0 days 01:19:42.963000,0 days 01:20:10.807000,0 days 01:20:33.417000,284.0,272.0,315.0,293.0,False,MEDIUM,18.0,True,Red Bull Racing,0 days 01:19:16.446000,,1,2.0,,,False,True
0 days 01:21:49.293000,VER,1,0 days 00:01:15.946000,19.0,1.0,,,0 days 00:00:25.594000,0 days 00:00:27.764000,0 days 00:00:22.588000,0 days 01:20:59.011000,0 days 01:21:26.775000,0 days 01:21:49.363000,286.0,271.0,316.0,316.0,True,MEDIUM,19.0,True,Red Bull Racing,0 days 01:20:33.347000,,1,2.0,,,False,True
0 days 01:23:05.918000,VER,1,0 days 00:01:16.625000,20.0,1.0,,,0 days 00:00:25.865000,0 days 00:00:27.890000,0 days 00:00:22.870000,0 days 01:22:15.228000,0 days 01:22:43.118000,0 days 01:23:05.988000,284.0,257.0,297.0,323.0,False,MEDIUM,20.0,True,Red Bull Racing,0 days 01:21:49.293000,,1,2.0,,,False,True
0 days 01:24:22.334000,VER,1,0 days 00:01:16.416000,21.0,1.0,,,0 days 00:00:25.767000,0 days 00:00:27.772000,0 days 00:00:22.877000,0 days 01:23:31.755000,0 days 01:23:59.527000,0 days 01:24:22.404000,285.0,259.0,297.0,297.0,False,MEDIUM,21.0,True,Red Bull Racing,0 days 01:23:05.918000,,1,2.0,,,False,True
0 days 01:25:38.745000,VER,1,0 days 00:01:16.411000,22.0,1.0,,,0 days 00:00:25.814000,0 days 00:00:27.668000,0 days 00:00:22.929000,0 days 01:24:48.218000,0 days 01:25:15.886000,0 days 01:25:38.815000,286.0,260.0,296.0,296.0,False,MEDIUM,22.0,True,Red Bull Racing,0 days 01:24:22.334000,,1,2.0,,,False,True
0 days 01:26:55.331000,VER,1,0 days 00:01:16.586000,23.0,1.0,,,0 days 00:00:25.974000,0 days 00:00:27.791000,0 days 00:00:22.821000,0 days 01:26:04.789000,0 days 01:26:32.580000,0 days 01:26:55.401000,283.0,257.0,297.0,295.0,False,MEDIUM,23.0,True,Red Bull Racing,0 days 01:25:38.745000,,1,2.0,,,False,True
0 days 01:28:11.661000,VER,1,0 days 00:01:16.330000,24.0,1.0,,,0 days 00:00:25.816000,0 days 00:00:27.606000,0 days 00:00:22.908000,0 days 01:27:21.217000,0 days 01:27:48.823000,0 days 01:28:11.731000,285.0,260.0,296.0,295.0,False,MEDIUM,24.0,True,Red Bull Racing,0 days 01:26:55.331000,,1,2.0,,,False,True
0 days 01:29:28.313000,VER,1,0 days 00:01:16.652000,25.0,1.0,,,0 days 00:00:25.914000,0 days 00:00:27.781000,0 days 00:00:22.957000,0 days 01:28:37.645000,0 days 01:29:05.426000,0 days 01:29:28.383000,285.0,260.0,296.0,295.0,False,MEDIUM,25.0,True,Red Bull Racing,0 days 01:28:11.661000,,1,2.0,,,False,True
0 days 01:30:44.830000,VER,1,0 days 00:01:16.517000,26.0,1.0,,,0 days 00:00:25.848000,0 days 00:00:27.791000,0 days 00:00:22.878000,0 days 01:29:54.231000,0 days 01:30:22.022000,0 days 01:30:44.900000,285.0,257.0,295.0,296.0,False,MEDIUM,26.0,True,Red Bull Racing,0 days 01:29:28.313000,,1,2.0,,,False,True
0 days 01:32:04.720000,VER,1,0 days 00:01:19.890000,27.0,1.0,,0 days 01:32:03.252000,0 days 00:00:25.843000,0 days 00:00:27.690000,0 days 00:00:26.357000,0 days 01:31:10.743000,0 days 01:31:38.433000,0 days 01:32:04.790000,282.0,258.0,,297.0,False,MEDIUM,27.0,True,Red Bull Racing,0 days 01:30:44.830000,,1,2.0,,,False,False
0 days 01:33:39.294000,VER,1,0 days 00:01:34.574000,28.0,2.0,0 days 01:32:24.001000,,0 days 00:00:45.202000,0 days 00:00:26.706000,0 days 00:00:22.666000,0 days 01:32:49.992000,0 days 01:33:16.698000,0 days 01:33:39.364000,282.0,259.0,294.0,297.0,False,HARD,1.0,True,Red Bull Racing,0 days 01:32:04.720000,,1,5.0,,,False,False
0 days 01:34:54.335000,VER,1,0 days 00:01:15.041000,29.0,2.0,,,0 days 00:00:25.592000,0 days 00:00:27.025000,0 days 00:00:22.424000,0 days 01:34:04.956000,0 days 01:34:31.981000,0 days 01:34:54.405000,282.0,260.0,297.0,292.0,True,HARD,2.0,True,Red Bull Racing,0 days 01:33:39.294000,,1,5.0,,,False,True
0 days 01:36:09.087000,VER,1,0 days 00:01:14.752000,30.0,2.0,,,0 days 00:00:25.530000,0 days 00:00:26.791000,0 days 00:00:22.431000,0 days 01:35:19.935000,0 days 01:35:46.726000,0 days 01:36:09.157000,284.0,259.0,297.0,297.0,True,HARD,3.0,True,Red Bull Racing,0 days 01:34:54.335000,,1,4.0,,,False,True
0 days 01:37:24.237000,VER,1,0 days 00:01:15.150000,31.0,2.0,,,0 days 00:00:25.648000,0 days 00:00:26.977000,0 days 00:00:22.525000,0 days 01:36:34.805000,0 days 01:37:01.782000,0 days 01:37:24.307000,283.0,260.0,295.0,299.0,False,HARD,4.0,True,Red Bull Racing,0 days 01:36:09.087000,,1,3.0,,,False,True
0 days 01:38:39.125000,VER,1,0 days 00:01:14.888000,32.0,2.0,,,0 days 00:00:25.521000,0 days 00:00:26.872000,0 days 00:00:22.495000,0 days 01:37:49.828000,0 days 01:38:16.700000,0 days 01:38:39.195000,284.0,261.0,295.0,299.0,False,HARD,5.0,True,Red Bull Racing,0 days 01:37:24.237000,,1,3.0,,,False,True
0 days 01:39:54.062000,VER,1,0 days 00:01:14.937000,33.0,2.0,,,0 days 00:00:25.525000,0 days 00:00:26.905000,0 days 00:00:22.507000,0 days 01:39:04.720000,0 days 01:39:31.625000,0 days 01:39:54.132000,284.0,260.0,296.0,299.0,False,HARD,6.0,True,Red Bull Racing,0 days 01:38:39.125000,,1,3.0,,,False,True
0 days 01:41:09.161000,VER,1,0 days 00:01:15.099000,34.0,2.0,,,0 days 00:00:25.539000,0 days 00:00:27.035000,0 days 00:00:22.525000,0 days 01:40:19.671000,0 days 01:40:46.706000,0 days 01:41:09.231000,283.0,260.0,296.0,298.0,False,HARD,7.0,True,Red Bull Racing,0 days 01:39:54.062000,,1,2.0,,,False,True
0 days 01:42:24.070000,VER,1,0 days 00:01:14.909000,35.0,2.0,,,0 days 00:00:25.428000,0 days 00:00:27.038000,0 days 00:00:22.443000,0 days 01:41:34.659000,0 days 01:42:01.697000,0 days 01:42:24.140000,283.0,260.0,296.0,298.0,False,HARD,8.0,True,Red Bull Racing,0 days 01:41:09.161000,,1,2.0,,,False,True
0 days 01:43:39.201000,VER,1,0 days 00:01:15.131000,36.0,2.0,,,0 days 00:00:25.368000,0 days 00:00:27.263000,0 days 00:00:22.500000,0 days 01:42:49.508000,0 days 01:43:16.771000,0 days 01:43:39.271000,285.0,260.0,296.0,298.0,False,HARD,9.0,True,Red Bull Racing,0 days 01:42:24.070000,,1,2.0,,,False,True
0 days 01:44:54.266000,VER,1,0 days 00:01:15.065000,37.0,2.0,,,0 days 00:00:25.368000,0 days 00:00:27.214000,0 days 00:00:22.483000,,0 days 01:44:31.853000,0 days 01:44:54.336000,285.0,261.0,296.0,298.0,False,HARD,10.0,True,Red Bull Racing,0 days 01:43:39.201000,,1,2.0,,,False,True
0 days 01:46:09.311000,VER,1,0 days 00:01:15.045000,38.0,2.0,,,0 days 00:00:25.661000,0 days 00:00:26.958000,0 days 00:00:22.426000,0 days 01:45:19.997000,0 days 01:45:46.955000,0 days 01:46:09.381000,284.0,261.0,297.0,297.0,False,HARD,11.0,True,Red Bull Racing,0 days 01:44:54.266000,,1,2.0,,,False,True
0 days 01:47:24.449000,VER,1,0 days 00:01:15.138000,39.0,2.0,,,0 days 00:00:25.528000,0 days 00:00:27.034000,0 days 00:00:22.576000,0 days 01:46:34.909000,0 days 01:47:01.943000,0 days 01:47:24.519000,284.0,262.0,298.0,298.0,False,HARD,12.0,True,Red Bull Racing,0 days 01:46:09.311000,,1,2.0,,,False,True
0 days 01:48:39.544000,VER,1,0 days 00:01:15.095000,40.0,2.0,,,0 days 00:00:25.533000,0 days 00:00:27.005000,0 days 00:00:22.557000,0 days 01:47:50.052000,0 days 01:48:17.057000,0 days 01:48:39.614000,285.0,258.0,296.0,299.0,False,HARD,13.0,True,Red Bull Racing,0 days 01:47:24.449000,,1,2.0,,,False,True
0 days 01:49:54.560000,VER,1,0 days 00:01:15.016000,41.0,2.0,,,0 days 00:00:25.483000,0 days 00:00:27.044000,0 days 00:00:22.489000,0 days 01:49:05.097000,0 days 01:49:32.141000,0 days 01:49:54.630000,283.0,259.0,295.0,297.0,False,HARD,14.0,True,Red Bull Racing,0 days 01:48:39.544000,,1,2.0,,,False,True
0 days 01:51:09.655000,VER,1,0 days 00:01:15.095000,42.0,2.0,,,0 days 00:00:25.488000,0 days 00:00:27.017000,0 days 00:00:22.590000,0 days 01:50:20.118000,0 days 01:50:47.135000,0 days 01:51:09.725000,286.0,258.0,295.0,294.0,False,HARD,15.0,True,Red Bull Racing,0 days 01:49:54.560000,,1,2.0,,,False,True
0 days 01:52:24.954000,VER,1,0 days 00:01:15.299000,43.0,2.0,,,0 days 00:00:25.601000,0 days 00:00:27.090000,0 days 00:00:22.608000,0 days 01:51:35.326000,0 days 01:52:02.416000,0 days 01:52:25.024000,284.0,256.0,296.0,293.0,False,HARD,16.0,True,Red Bull Racing,0 days 01:51:09.655000,,1,2.0,,,False,True
0 days 01:53:40.287000,VER,1,0 days 00:01:15.333000,44.0,2.0,,,0 days 00:00:25.553000,0 days 00:00:27.192000,0 days 00:00:22.588000,0 days 01:52:50.577000,0 days 01:53:17.769000,0 days 01:53:40.357000,285.0,260.0,299.0,301.0,False,HARD,17.0,True,Red Bull Racing,0 days 01:52:24.954000,,1,2.0,,,False,True
0 days 01:54:55.386000,VER,1,0 days 00:01:15.099000,45.0,2.0,,,0 days 00:00:25.484000,0 days 00:00:27.109000,0 days 00:00:22.506000,0 days 01:54:05.841000,0 days 01:54:32.950000,0 days 01:54:55.456000,284.0,262.0,298.0,307.0,False,HARD,18.0,True,Red Bull Racing,0 days 01:53:40.287000,,1,2.0,,,False,True
0 days 01:56:10.541000,VER,1,0 days 00:01:15.155000,46.0,2.0,,,0 days 00:00:25.513000,0 days 00:00:27.063000,0 days 00:00:22.579000,0 days 01:55:20.969000,0 days 01:55:48.032000,0 days 01:56:10.611000,286.0,259.0,298.0,306.0,False,HARD,19.0,True,Red Bull Racing,0 days 01:54:55.386000,,1,2.0,,,False,True
0 days 01:57:25.861000,VER,1,0 days 00:01:15.320000,47.0,2.0,,,0 days 00:00:25.567000,0 days 00:00:27.259000,0 days 00:00:22.494000,0 days 01:56:36.178000,0 days 01:57:03.437000,0 days 01:57:25.931000,286.0,261.0,316.0,307.0,False,HARD,20.0,True,Red Bull Racing,0 days 01:56:10.541000,,1,2.0,,,False,True
0 days 01:58:40.842000,VER,1,0 days 00:01:14.981000,48.0,2.0,,,0 days 00:00:25.262000,0 days 00:00:27.226000,0 days 00:00:22.493000,0 days 01:57:51.193000,0 days 01:58:18.419000,0 days 01:58:40.912000,284.0,259.0,297.0,316.0,False,HARD,21.0,True,Red Bull Racing,0 days 01:57:25.861000,,1,2.0,,,False,True
0 days 01:59:55.971000,VER,1,0 days 00:01:15.129000,49.0,2.0,,,0 days 00:00:25.356000,0 days 00:00:27.253000,0 days 00:00:22.520000,0 days 01:59:06.268000,0 days 01:59:33.521000,0 days 01:59:56.041000,287.0,258.0,298.0,302.0,False,HARD,22.0,True,Red Bull Racing,0 days 01:58:40.842000,,1,2.0,,,False,True
0 days 02:01:10.994000,VER,1,0 days 00:01:15.023000,50.0,2.0,,,0 days 00:00:25.348000,0 days 00:00:27.211000,0 days 00:00:22.464000,0 days 02:00:21.389000,0 days 02:00:48.600000,0 days 02:01:11.064000,285.0,259.0,299.0,305.0,False,HARD,23.0,True,Red Bull Racing,0 days 01:59:55.971000,,1,2.0,,,False,True
0 days 02:02:26.133000,VER,1,0 days 00:01:15.139000,51.0,2.0,,,0 days 00:00:25.434000,0 days 00:00:27.014000,0 days 00:00:22.691000,0 days 02:01:36.498000,0 days 02:02:03.512000,0 days 02:02:26.203000,286.0,261.0,298.0,306.0,False,HARD,24.0,True,Red Bull Racing,0 days 02:01:10.994000,,1,2.0,,,False,True
0 days 02:03:41.365000,VER,1,0 days 00:01:15.232000,52.0,2.0,,,0 days 00:00:25.438000,0 days 00:00:27.138000,0 days 00:00:22.656000,0 days 02:02:51.641000,0 days 02:03:18.779000,0 days 02:03:41.435000,286.0,262.0,297.0,307.0,False,HARD,25.0,True,Red Bull Racing,0 days 02:02:26.133000,,1,2.0,,,False,True
0 days 02:04:56.187000,VER,1,0 days 00:01:14.822000,53.0,2.0,,,0 days 00:00:25.382000,0 days 00:00:26.992000,0 days 00:00:22.448000,0 days 02:04:06.817000,0 days 02:04:33.809000,0 days 02:04:56.257000,286.0,262.0,298.0,301.0,False,HARD,26.0,True,Red Bull Racing,0 days 02:03:41.365000,,1,2.0,,,False,True
0 days 02:06:11.205000,VER,1,0 days 00:01:15.018000,54.0,2.0,,,0 days 00:00:25.584000,0 days 00:00:26.952000,0 days 00:00:22.482000,0 days 02:05:21.841000,0 days 02:05:48.793000,0 days 02:06:11.275000,286.0,263.0,299.0,305.0,False,HARD,27.0,True,Red Bull Racing,0 days 02:04:56.187000,,1,2.0,,,False,True
0 days 02:07:25.963000,VER,1,0 days 00:01:14.758000,55.0,2.0,,,0 days 00:00:25.285000,0 days 00:00:27.061000,0 days 00:00:22.412000,0 days 02:06:36.560000,0 days 02:07:03.621000,0 days 02:07:26.033000,285.0,261.0,297.0,301.0,False,HARD,28.0,True,Red Bull Racing,0 days 02:06:11.205000,,1,2.0,,,False,True
0 days 02:08:41.028000,VER,1,0 days 00:01:15.065000,56.0,2.0,,,0 days 00:00:25.487000,0 days 00:00:26.989000,0 days 00:00:22.589000,0 days 02:07:51.520000,0 days 02:08:18.509000,0 days 02:08:41.098000,287.0,260.0,297.0,302.0,False,HARD,29.0,True,Red Bull Racing,0 days 02:07:25.963000,,1,2.0,,,False,True
0 days 02:09:56.041000,VER,1,0 days 00:01:15.013000,57.0,2.0,,,0 days 00:00:25.368000,0 days 00:00:27.100000,0 days 00:00:22.545000,0 days 02:09:06.466000,0 days 02:09:33.566000,0 days 02:09:56.111000,285.0,259.0,297.0,304.0,False,HARD,30.0,True,Red Bull Racing,0 days 02:08:41.028000,,1,2.0,,,False,True
0 days 02:11:11.396000,VER,1,0 days 00:01:15.355000,58.0,2.0,,,0 days 00:00:25.392000,0 days 00:00:27.398000,0 days 00:00:22.565000,0 days 02:10:21.503000,0 days 02:10:48.901000,0 days 02:11:11.466000,282.0,258.0,297.0,300.0,False,HARD,31.0,True,Red Bull Racing,0 days 02:09:56.041000,,1,2.0,,,False,True
0 days 02:12:26.528000,VER,1,0 days 00:01:15.132000,59.0,2.0,,,0 days 00:00:25.431000,0 days 00:00:27.239000,0 days 00:00:22.462000,0 days 02:11:36.897000,0 days 02:12:04.136000,0 days 02:12:26.598000,285.0,261.0,297.0,304.0,False,HARD,32.0,True,Red Bull Racing,0 days 02:11:11.396000,,1,2.0,,,False,True
0 days 02:13:41.528000,VER,1,0 days 00:01:15,60.0,2.0,,,0 days 00:00:25.349000,0 days 00:00:27.108000,0 days 00:00:22.543000,0 days 02:12:51.947000,0 days 02:13:19.055000,0 days 02:13:41.598000,285.0,258.0,298.0,304.0,False,HARD,33.0,True,Red Bull Racing,0 days 02:12:26.528000,,1,2.0,,,False,True
0 days 02:14:56.922000,VER,1,0 days 00:01:15.394000,61.0,2.0,,,0 days 00:00:25.474000,0 days 00:00:27.372000,0 days 00:00:22.548000,0 days 02:14:07.072000,0 days 02:14:34.444000,0 days 02:14:56.992000,286.0,261.0,299.0,304.0,False,HARD,34.0,True,Red Bull Racing,0 days 02:13:41.528000,,1,2.0,,,False,True
0 days 02:16:11.863000,VER,1,0 days 00:01:14.941000,62.0,2.0,,,0 days 00:00:25.396000,0 days 00:00:27.046000,0 days 00:00:22.499000,0 days 02:15:22.388000,0 days 02:15:49.434000,0 days 02:16:11.933000,287.0,273.0,297.0,306.0,False,HARD,35.0,True,Red Bull Racing,0 days 02:14:56.922000,,1,2.0,,,False,True
0 days 02:17:26.951000,VER,1,0 days 00:01:15.088000,63.0,2.0,,,0 days 00:00:25.448000,0 days 00:00:27.146000,0 days 00:00:22.494000,0 days 02:16:37.381000,0 days 02:17:04.527000,0 days 02:17:27.021000,286.0,257.0,297.0,303.0,False,HARD,36.0,True,Red Bull Racing,0 days 02:16:11.863000,,1,2.0,,,False,True
0 days 02:18:42.238000,VER,1,0 days 00:01:15.287000,64.0,2.0,,,0 days 00:00:25.412000,0 days 00:00:27.256000,0 days 00:00:22.619000,0 days 02:17:52.433000,0 days 02:18:19.689000,0 days 02:18:42.308000,287.0,258.0,296.0,303.0,False,HARD,37.0,True,Red Bull Racing,0 days 02:17:26.951000,,1,2.0,,,False,True
0 days 02:19:57.230000,VER,1,0 days 00:01:14.992000,65.0,2.0,,,0 days 00:00:25.364000,0 days 00:00:27.235000,0 days 00:00:22.393000,0 days 02:19:07.672000,0 days 02:19:34.907000,0 days 02:19:57.300000,285.0,260.0,298.0,304.0,False,HARD,38.0,True,Red Bull Racing,0 days 02:18:42.238000,,1,2.0,,,False,True
0 days 02:21:12.282000,VER,1,0 days 00:01:15.052000,66.0,2.0,,,0 days 00:00:25.423000,0 days 00:00:27.165000,0 days 00:00:22.464000,0 days 02:20:22.723000,0 days 02:20:49.888000,0 days 02:21:12.352000,286.0,262.0,298.0,305.0,False,HARD,39.0,True,Red Bull Racing,0 days 02:19:57.230000,,1,2.0,,,False,True
0 days 02:22:27.533000,VER,1,0 days 00:01:15.251000,67.0,2.0,,,0 days 00:00:25.342000,0 days 00:00:27.352000,0 days 00:00:22.557000,0 days 02:21:37.694000,0 days 02:22:05.046000,0 days 02:22:27.603000,286.0,262.0,298.0,306.0,False,HARD,40.0,True,Red Bull Racing,0 days 02:21:12.282000,,1,2.0,,,False,True
0 days 02:23:42.585000,VER,1,0 days 00:01:15.052000,68.0,2.0,,,0 days 00:00:25.362000,0 days 00:00:27.253000,0 days 00:00:22.437000,0 days 02:22:52.965000,0 days 02:23:20.218000,0 days 02:23:42.655000,287.0,261.0,298.0,305.0,False,HARD,41.0,True,Red Bull Racing,0 days 02:22:27.533000,,1,2.0,,,False,True
0 days 02:24:57.557000,VER,1,0 days 00:01:14.972000,69.0,2.0,,,0 days 00:00:25.413000,0 days 00:00:27.139000,0 days 00:00:22.420000,0 days 02:24:08.068000,0 days 02:24:35.207000,0 days 02:24:57.627000,287.0,262.0,300.0,307.0,False,HARD,42.0,True,Red Bull Racing,0 days 02:23:42.585000,,1,2.0,,,False,True
0 days 02:26:12.710000,VER,1,0 days 00:01:15.153000,70.0,2.0,,,0 days 00:00:25.421000,0 days 00:00:27.225000,0 days 00:00:22.507000,0 days 02:25:23.048000,0 days 02:25:50.273000,0 days 02:26:12.780000,288.0,260.0,301.0,307.0,False,HARD,43.0,True,Red Bull Racing,0 days 02:24:57.557000,,1,2.0,,,False,True
0 days 02:27:28.254000,VER,1,0 days 00:01:15.544000,71.0,2.0,,,0 days 00:00:25.479000,0 days 00:00:27.452000,0 days 00:00:22.613000,0 days 02:26:38.259000,0 days 02:27:05.711000,0 days 02:27:28.324000,289.0,260.0,300.0,306.0,False,HARD,44.0,True,Red Bull Racing,0 days 02:26:12.710000,,1,2.0,,,False,True
0 days 02:28:44.143000,VER,1,0 days 00:01:15.889000,72.0,2.0,,,0 days 00:00:25.661000,0 days 00:00:27.512000,0 days 00:00:22.716000,0 days 02:27:53.985000,0 days 02:28:21.497000,0 days 02:28:44.213000,288.0,263.0,296.0,305.0,False,HARD,45.0,True,Red Bull Racing,0 days 02:27:28.254000,,1,2.0,,,False,True
0 days 00:58:59.050000,LEC,16,0 days 00:01:23.322000,1.0,1.0,,,,0 days 00:00:28.030000,0 days 00:00:23.283000,,0 days 00:58:35.975000,0 days 00:58:59.132000,282.0,264.0,301.0,208.0,False,MEDIUM,1.0,True,Ferrari,0 days 00:57:35.434000,,1,5.0,,,False,False
0 days 01:00:15.745000,LEC,16,0 days 00:01:16.695000,2.0,1.0,,,0 days 00:00:26.633000,0 days 00:00:27.274000,0 days 00:00:22.788000,0 days 00:59:25.722000,0 days 00:59:52.996000,0 days 01:00:15.784000,284.0,274.0,304.0,300.0,True,MEDIUM,2.0,True,Ferrari,0 days 00:58:59.050000,,1,5.0,,,False,True
0 days 01:01:32.220000,LEC,16,0 days 00:01:16.475000,3.0,1.0,,,0 days 00:00:26.151000,0 days 00:00:27.508000,0 days 00:00:22.816000,0 days 01:00:41.935000,0 days 01:01:09.443000,0 days 01:01:32.259000,285.0,264.0,305.0,304.0,True,MEDIUM,3.0,True,Ferrari,0 days 01:00:15.745000,,1,5.0,,,False,True
0 days 01:02:48.351000,LEC,16,0 days 00:01:16.131000,4.0,1.0,,,0 days 00:00:25.829000,0 days 00:00:27.541000,0 days 00:00:22.761000,0 days 01:01:58.088000,0 days 01:02:25.629000,0 days 01:02:48.390000,286.0,273.0,319.0,311.0,True,MEDIUM,4.0,True,Ferrari,0 days 01:01:32.220000,,1,5.0,,,False,True
0 days 01:04:05.157000,LEC,16,0 days 00:01:16.806000,5.0,1.0,,,0 days 00:00:26.325000,0 days 00:00:27.780000,0 days 00:00:22.701000,0 days 01:03:14.715000,0 days 01:03:42.495000,0 days 01:04:05.196000,283.0,271.0,320.0,309.0,False,MEDIUM,5.0,True,Ferrari,0 days 01:02:48.351000,,1,5.0,,,False,True
0 days 01:05:21.722000,LEC,16,0 days 00:01:16.565000,6.0,1.0,,,0 days 00:00:26.096000,0 days 00:00:27.710000,0 days 00:00:22.759000,0 days 01:04:31.292000,0 days 01:04:59.002000,0 days 01:05:21.761000,284.0,272.0,319.0,317.0,False,MEDIUM,6.0,True,Ferrari,0 days 01:04:05.157000,,1,5.0,,,False,True
0 days 01:06:38.359000,LEC,16,0 days 00:01:16.637000,7.0,1.0,,,0 days 00:00:26.061000,0 days 00:00:27.786000,0 days 00:00:22.790000,0 days 01:05:47.822000,0 days 01:06:15.608000,0 days 01:06:38.398000,284.0,273.0,318.0,314.0,False,MEDIUM,7.0,True,Ferrari,0 days 01:05:21.722000,,1,5.0,,,False,True
0 days 01:07:54.900000,LEC,16,0 days 00:01:16.541000,8.0,1.0,,,0 days 00:00:26.181000,0 days 00:00:27.733000,0 days 00:00:22.627000,0 days 01:07:04.579000,0 days 01:07:32.312000,0 days 01:07:54.939000,285.0,273.0,319.0,308.0,False,MEDIUM,8.0,True,Ferrari,0 days 01:06:38.359000,,1,5.0,,,False,True
0 days 01:09:11.630000,LEC,16,0 days 00:01:16.730000,9.0,1.0,,,0 days 00:00:26.193000,0 days 00:00:27.868000,0 days 00:00:22.669000,0 days 01:08:21.132000,0 days 01:08:49,0 days 01:09:11.669000,286.0,271.0,320.0,297.0,False,MEDIUM,9.0,True,Ferrari,0 days 01:07:54.900000,,1,5.0,,,False,True
0 days 01:10:28.244000,LEC,16,0 days 00:01:16.614000,10.0,1.0,,,0 days 00:00:26.343000,0 days 00:00:27.755000,0 days 00:00:22.516000,0 days 01:09:38.012000,0 days 01:10:05.767000,0 days 01:10:28.283000,286.0,272.0,319.0,288.0,False,MEDIUM,10.0,True,Ferrari,0 days 01:09:11.630000,,1,5.0,,,False,True
0 days 01:11:44.757000,LEC,16,0 days 00:01:16.513000,11.0,1.0,,,0 days 00:00:26.145000,0 days 00:00:27.771000,0 days 00:00:22.597000,0 days 01:10:54.428000,0 days 01:11:22.199000,0 days 01:11:44.796000,286.0,273.0,319.0,303.0,False,MEDIUM,11.0,True,Ferrari,0 days 01:10:28.244000,,1,5.0,,,False,True
0 days 01:13:01.269000,LEC,16,0 days 00:01:16.512000,12.0,1.0,,,0 days 00:00:25.981000,0 days 00:00:27.868000,0 days 00:00:22.663000,0 days 01:12:10.777000,0 days 01:12:38.645000,0 days 01:13:01.308000,286.0,274.0,319.0,308.0,False,MEDIUM,12.0,True,Ferrari,0 days 01:11:44.757000,,1,5.0,,,False,True
0 days 01:14:17.900000,LEC,16,0 days 00:01:16.631000,13.0,1.0,,,0 days 00:00:26.149000,0 days 00:00:27.795000,0 days 00:00:22.687000,0 days 01:13:27.457000,0 days 01:13:55.252000,0 days 01:14:17.939000,286.0,273.0,318.0,318.0,False,MEDIUM,13.0,True,Ferrari,0 days 01:13:01.269000,,1,5.0,,,False,True
0 days 01:15:34.258000,LEC,16,0 days 00:01:16.358000,14.0,1.0,,,0 days 00:00:25.954000,0 days 00:00:27.776000,0 days 00:00:22.628000,0 days 01:14:43.893000,0 days 01:15:11.669000,0 days 01:15:34.297000,286.0,272.0,319.0,313.0,False,MEDIUM,14.0,True,Ferrari,0 days 01:14:17.900000,,1,5.0,,,False,True
0 days 01:16:50.628000,LEC,16,0 days 00:01:16.370000,15.0,1.0,,,0 days 00:00:25.913000,0 days 00:00:27.797000,0 days 00:00:22.660000,0 days 01:16:00.210000,0 days 01:16:28.007000,0 days 01:16:50.667000,287.0,272.0,319.0,314.0,False,MEDIUM,15.0,True,Ferrari,0 days 01:15:34.258000,,1,5.0,,,False,True
0 days 01:18:07.119000,LEC,16,0 days 00:01:16.491000,16.0,1.0,,,0 days 00:00:26,0 days 00:00:27.888000,0 days 00:00:22.603000,0 days 01:17:16.667000,0 days 01:17:44.555000,0 days 01:18:07.158000,287.0,273.0,319.0,312.0,False,MEDIUM,16.0,True,Ferrari,0 days 01:16:50.628000,,1,5.0,,,False,True
0 days 01:19:23.488000,LEC,16,0 days 00:01:16.369000,17.0,1.0,,,0 days 00:00:25.941000,0 days 00:00:27.846000,0 days 00:00:22.582000,0 days 01:18:33.099000,0 days 01:19:00.945000,0 days 01:19:23.527000,287.0,273.0,319.0,321.0,False,MEDIUM,17.0,True,Ferrari,0 days 01:18:07.119000,,1,5.0,,,False,True
0 days 01:20:39.905000,LEC,16,0 days 00:01:16.417000,18.0,1.0,,,0 days 00:00:25.993000,0 days 00:00:27.765000,0 days 00:00:22.659000,0 days 01:19:49.520000,0 days 01:20:17.285000,0 days 01:20:39.944000,287.0,274.0,319.0,316.0,False,MEDIUM,18.0,True,Ferrari,0 days 01:19:23.488000,,1,5.0,,,False,True
0 days 01:21:56.423000,LEC,16,0 days 00:01:16.518000,19.0,1.0,,,0 days 00:00:25.847000,0 days 00:00:28.018000,0 days 00:00:22.653000,0 days 01:21:05.791000,0 days 01:21:33.809000,0 days 01:21:56.462000,288.0,273.0,319.0,316.0,False,MEDIUM,19.0,True,Ferrari,0 days 01:20:39.905000,,1,5.0,,,False,True
0 days 01:23:12.814000,LEC,16,0 days 00:01:16.391000,20.0,1.0,,,0 days 00:00:25.974000,0 days 00:00:27.877000,0 days 00:00:22.540000,0 days 01:22:22.436000,0 days 01:22:50.313000,0 days 01:23:12.853000,287.0,273.0,319.0,316.0,False,MEDIUM,20.0,True,Ferrari,0 days 01:21:56.423000,,1,5.0,,,False,True
0 days 01:24:29.097000,LEC,16,0 days 00:01:16.283000,21.0,1.0,,,0 days 00:00:25.855000,0 days 00:00:27.901000,0 days 00:00:22.527000,0 days 01:23:38.708000,0 days 01:24:06.609000,0 days 01:24:29.136000,289.0,273.0,320.0,317.0,False,MEDIUM,21.0,True,Ferrari,0 days 01:23:12.814000,,1,5.0,,,False,True
0 days 01:25:45.847000,LEC,16,0 days 00:01:16.750000,22.0,1.0,,,0 days 00:00:26.109000,0 days 00:00:28.077000,0 days 00:00:22.564000,0 days 01:24:55.245000,0 days 01:25:23.322000,0 days 01:25:45.886000,289.0,272.0,323.0,295.0,False,MEDIUM,22.0,True,Ferrari,0 days 01:24:29.097000,,1,5.0,,,False,True
0 days 01:27:02.575000,LEC,16,0 days 00:01:16.728000,23.0,1.0,,,0 days 00:00:26.049000,0 days 00:00:28.254000,0 days 00:00:22.425000,0 days 01:26:11.935000,0 days 01:26:40.189000,0 days 01:27:02.614000,288.0,272.0,322.0,320.0,False,MEDIUM,23.0,True,Ferrari,0 days 01:25:45.847000,,1,5.0,,,False,True
0 days 01:28:22.522000,LEC,16,0 days 00:01:19.947000,24.0,1.0,,0 days 01:28:21.079000,0 days 00:00:26.310000,0 days 00:00:28.123000,0 days 00:00:25.514000,0 days 01:27:28.924000,0 days 01:27:57.047000,0 days 01:28:22.561000,288.0,271.0,,319.0,False,MEDIUM,24.0,True,Ferrari,0 days 01:27:02.575000,,1,5.0,,,False,False
0 days 01:29:55.761000,LEC,16,0 days 00:01:33.239000,25.0,2.0,0 days 01:28:41.900000,,0 days 00:00:44.460000,0 days 00:00:26.104000,0 days 00:00:22.675000,0 days 01:29:07.021000,0 days 01:29:33.125000,0 days 01:29:55.800000,282.0,265.0,315.0,319.0,False,HARD,1.0,True,Ferrari,0 days 01:28:22.522000,,1,8.0,,,False,False
0 days 01:31:11.517000,LEC,16,0 days 00:01:15.756000,26.0,2.0,,,0 days 00:00:25.958000,0 days 00:00:27.183000,0 days 00:00:22.615000,0 days 01:30:21.758000,0 days 01:30:48.941000,0 days 01:31:11.556000,284.0,263.0,299.0,317.0,True,HARD,2.0,True,Ferrari,0 days 01:29:55.761000,,1,7.0,,,False,True
0 days 01:32:26.540000,LEC,16,0 days 00:01:15.023000,27.0,2.0,,,0 days 00:00:25.657000,0 days 00:00:26.989000,0 days 00:00:22.377000,0 days 01:31:37.213000,0 days 01:32:04.202000,0 days 01:32:26.579000,285.0,265.0,301.0,301.0,True,HARD,3.0,True,Ferrari,0 days 01:31:11.517000,,1,7.0,,,False,True
0 days 01:33:42.392000,LEC,16,0 days 00:01:15.852000,28.0,2.0,,,0 days 00:00:25.646000,0 days 00:00:27.339000,0 days 00:00:22.867000,0 days 01:32:52.225000,0 days 01:33:19.564000,0 days 01:33:42.431000,285.0,274.0,318.0,302.0,False,HARD,4.0,True,Ferrari,0 days 01:32:26.540000,,1,6.0,,,False,True
0 days 01:34:57.954000,LEC,16,0 days 00:01:15.562000,29.0,2.0,,,0 days 00:00:25.729000,0 days 00:00:27.264000,0 days 00:00:22.569000,0 days 01:34:08.160000,0 days 01:34:35.424000,0 days 01:34:57.993000,284.0,263.0,302.0,316.0,False,HARD,5.0,True,Ferrari,0 days 01:33:42.392000,,1,6.0,,,False,True
0 days 01:36:13.202000,LEC,16,0 days 00:01:15.248000,30.0,2.0,,,0 days 00:00:25.575000,0 days 00:00:27.162000,0 days 00:00:22.511000,0 days 01:35:23.568000,0 days 01:35:50.730000,0 days 01:36:13.241000,286.0,263.0,302.0,302.0,False,HARD,6.0,True,Ferrari,0 days 01:34:57.954000,,1,5.0,,,False,True
0 days 01:37:28.479000,LEC,16,0 days 00:01:15.277000,31.0,2.0,,,0 days 00:00:25.635000,0 days 00:00:27.216000,0 days 00:00:22.426000,0 days 01:36:38.876000,0 days 01:37:06.092000,0 days 01:37:28.518000,286.0,264.0,301.0,302.0,False,HARD,7.0,True,Ferrari,0 days 01:36:13.202000,,1,4.0,,,False,True
0 days 01:38:44.021000,LEC,16,0 days 00:01:15.542000,32.0,2.0,,,0 days 00:00:25.645000,0 days 00:00:27.342000,0 days 00:00:22.555000,0 days 01:37:54.163000,0 days 01:38:21.505000,0 days 01:38:44.060000,286.0,264.0,301.0,302.0,False,HARD,8.0,True,Ferrari,0 days 01:37:28.479000,,1,4.0,,,False,True
0 days 01:39:59.054000,LEC,16,0 days 00:01:15.033000,33.0,2.0,,,0 days 00:00:25.443000,0 days 00:00:27.076000,0 days 00:00:22.514000,0 days 01:39:09.503000,0 days 01:39:36.579000,0 days 01:39:59.093000,286.0,263.0,302.0,303.0,False,HARD,9.0,True,Ferrari,0 days 01:38:44.021000,,1,4.0,,,False,True
0 days 01:41:14.186000,LEC,16,0 days 00:01:15.132000,34.0,2.0,,,0 days 00:00:25.682000,0 days 00:00:27.071000,0 days 00:00:22.379000,0 days 01:40:24.775000,0 days 01:40:51.846000,0 days 01:41:14.225000,285.0,265.0,302.0,304.0,False,HARD,10.0,True,Ferrari,0 days 01:39:59.054000,,1,3.0,,,False,True
0 days 01:42:29.112000,LEC,16,0 days 00:01:14.926000,35.0,2.0,,,0 days 00:00:25.509000,0 days 00:00:26.986000,0 days 00:00:22.431000,0 days 01:41:39.734000,0 days 01:42:06.720000,0 days 01:42:29.151000,286.0,264.0,302.0,303.0,True,HARD,11.0,True,Ferrari,0 days 01:41:14.186000,,1,3.0,,,False,True
0 days 01:43:44.380000,LEC,16,0 days 00:01:15.268000,36.0,2.0,,,0 days 00:00:25.570000,0 days 00:00:27.310000,0 days 00:00:22.388000,0 days 01:42:54.721000,0 days 01:43:22.031000,0 days 01:43:44.419000,284.0,263.0,301.0,301.0,False,HARD,12.0,True,Ferrari,0 days 01:42:29.112000,,1,3.0,,,False,True
0 days 01:45:00.439000,LEC,16,0 days 00:01:16.059000,37.0,2.0,,,0 days 00:00:25.449000,0 days 00:00:27.960000,0 days 00:00:22.650000,0 days 01:44:09.868000,0 days 01:44:37.828000,0 days 01:45:00.478000,286.0,266.0,301.0,308.0,False,HARD,13.0,True,Ferrari,0 days 01:43:44.380000,,1,3.0,,,False,True
0 days 01:46:15.235000,LEC,16,0 days 00:01:14.796000,38.0,2.0,,,0 days 00:00:25.407000,0 days 00:00:26.961000,0 days 00:00:22.428000,0 days 01:45:25.885000,0 days 01:45:52.846000,0 days 01:46:15.274000,286.0,264.0,301.0,301.0,True,HARD,14.0,True,Ferrari,0 days 01:45:00.439000,,1,3.0,,,False,True
0 days 01:47:30.472000,LEC,16,0 days 00:01:15.237000,39.0,2.0,,,0 days 00:00:25.467000,0 days 00:00:27.246000,0 days 00:00:22.524000,0 days 01:46:40.741000,0 days 01:47:07.987000,0 days 01:47:30.511000,286.0,265.0,302.0,303.0,False,HARD,15.0,True,Ferrari,0 days 01:46:15.235000,,1,3.0,,,False,True
0 days 01:48:45.851000,LEC,16,0 days 00:01:15.379000,40.0,2.0,,,0 days 00:00:25.664000,0 days 00:00:27.375000,0 days 00:00:22.340000,0 days 01:47:56.175000,0 days 01:48:23.550000,0 days 01:48:45.890000,286.0,264.0,301.0,307.0,False,HARD,16.0,True,Ferrari,0 days 01:47:30.472000,,1,3.0,,,False,True
0 days 01:50:00.942000,LEC,16,0 days 00:01:15.091000,41.0,2.0,,,0 days 00:00:25.443000,0 days 00:00:27.163000,0 days 00:00:22.485000,0 days 01:49:11.333000,0 days 01:49:38.496000,0 days 01:50:00.981000,286.0,263.0,304.0,307.0,False,HARD,17.0,True,Ferrari,0 days 01:48:45.851000,,1,3.0,,,False,True
0 days 01:51:16.155000,LEC,16,0 days 00:01:15.213000,42.0,2.0,,,0 days 00:00:25.473000,0 days 00:00:27.253000,0 days 00:00:22.487000,0 days 01:50:26.454000,0 days 01:50:53.707000,0 days 01:51:16.194000,289.0,263.0,301.0,307.0,False,HARD,18.0,True,Ferrari,0 days 01:50:00.942000,,1,3.0,,,False,True
0 days 01:52:31.531000,LEC,16,0 days 00:01:15.376000,43.0,2.0,,,0 days 00:00:25.551000,0 days 00:00:27.346000,0 days 00:00:22.479000,0 days 01:51:41.745000,0 days 01:52:09.091000,0 days 01:52:31.570000,287.0,264.0,301.0,304.0,False,HARD,19.0,True,Ferrari,0 days 01:51:16.155000,,1,3.0,,,False,True
0 days 01:53:46.368000,LEC,16,0 days 00:01:14.837000,44.0,2.0,,,0 days 00:00:25.311000,0 days 00:00:27.195000,0 days 00:00:22.331000,0 days 01:52:56.881000,0 days 01:53:24.076000,0 days 01:53:46.407000,288.0,264.0,303.0,306.0,False,HARD,20.0,True,Ferrari,0 days 01:52:31.531000,,1,3.0,,,False,True
0 days 01:55:01.478000,LEC,16,0 days 00:01:15.110000,45.0,2.0,,,0 days 00:00:25.300000,0 days 00:00:27.355000,0 days 00:00:22.455000,0 days 01:54:11.707000,0 days 01:54:39.062000,0 days 01:55:01.517000,286.0,265.0,303.0,307.0,False,HARD,21.0,True,Ferrari,0 days 01:53:46.368000,,1,3.0,,,False,True
0 days 01:56:16.349000,LEC,16,0 days 00:01:14.871000,46.0,2.0,,,0 days 00:00:25.353000,0 days 00:00:27.169000,0 days 00:00:22.349000,0 days 01:55:26.870000,0 days 01:55:54.039000,0 days 01:56:16.388000,288.0,264.0,303.0,306.0,False,HARD,22.0,True,Ferrari,0 days 01:55:01.478000,,1,3.0,,,False,True
0 days 01:57:31.645000,LEC,16,0 days 00:01:15.296000,47.0,2.0,,,0 days 00:00:25.504000,0 days 00:00:27.477000,0 days 00:00:22.315000,0 days 01:56:41.892000,0 days 01:57:09.369000,0 days 01:57:31.684000,288.0,263.0,305.0,312.0,False,HARD,23.0,True,Ferrari,0 days 01:56:16.349000,,1,3.0,,,False,True
0 days 01:58:46.725000,LEC,16,0 days 00:01:15.080000,48.0,2.0,,,0 days 00:00:25.351000,0 days 00:00:27.428000,0 days 00:00:22.301000,0 days 01:57:57.035000,0 days 01:58:24.463000,0 days 01:58:46.764000,287.0,265.0,305.0,309.0,False,HARD,24.0,True,Ferrari,0 days 01:57:31.645000,,1,3.0,,,False,True
0 days 02:00:02.012000,LEC,16,0 days 00:01:15.287000,49.0,2.0,,,0 days 00:00:25.411000,0 days 00:00:27.518000,0 days 00:00:22.358000,0 days 01:59:12.175000,0 days 01:59:39.693000,0 days 02:00:02.051000,291.0,265.0,308.0,308.0,False,HARD,25.0,True,Ferrari,0 days 01:58:46.725000,,1,3.0,,,False,True
0 days 02:01:17.423000,LEC,16,0 days 00:01:15.411000,50.0,2.0,,,0 days 00:00:25.492000,0 days 00:00:27.575000,0 days 00:00:22.344000,0 days 02:00:27.543000,0 days 02:00:55.118000,0 days 02:01:17.462000,290.0,266.0,307.0,311.0,False,HARD,26.0,True,Ferrari,0 days 02:00:02.012000,,1,3.0,,,False,True
0 days 02:02:32.440000,LEC,16,0 days 00:01:15.017000,51.0,2.0,,,0 days 00:00:25.443000,0 days 00:00:27.308000,0 days 00:00:22.266000,0 days 02:01:42.905000,0 days 02:02:10.213000,0 days 02:02:32.479000,289.0,275.0,303.0,309.0,False,HARD,27.0,True,Ferrari,0 days 02:01:17.423000,,1,3.0,,,False,True
0 days 02:03:47.086000,LEC,16,0 days 00:01:14.646000,52.0,2.0,,,0 days 00:00:25.169000,0 days 00:00:27.119000,0 days 00:00:22.358000,0 days 02:02:57.648000,0 days 02:03:24.767000,0 days 02:03:47.125000,288.0,264.0,303.0,305.0,True,HARD,28.0,True,Ferrari,0 days 02:02:32.440000,,1,3.0,,,False,True
0 days 02:05:02.060000,LEC,16,0 days 00:01:14.974000,53.0,2.0,,,0 days 00:00:25.425000,0 days 00:00:27.216000,0 days 00:00:22.333000,0 days 02:04:12.550000,0 days 02:04:39.766000,0 days 02:05:02.099000,287.0,266.0,303.0,309.0,False,HARD,29.0,True,Ferrari,0 days 02:03:47.086000,,1,3.0,,,False,True
0 days 02:06:17.135000,LEC,16,0 days 00:01:15.075000,54.0,2.0,,,0 days 00:00:25.498000,0 days 00:00:27.191000,0 days 00:00:22.386000,0 days 02:05:27.597000,0 days 02:05:54.788000,0 days 02:06:17.174000,287.0,266.0,304.0,305.0,False,HARD,30.0,True,Ferrari,0 days 02:05:02.060000,,1,3.0,,,False,True
0 days 02:07:32.750000,LEC,16,0 days 00:01:15.615000,55.0,2.0,,,0 days 00:00:25.842000,0 days 00:00:27.305000,0 days 00:00:22.468000,0 days 02:06:43.016000,0 days 02:07:10.321000,0 days 02:07:32.789000,288.0,263.0,303.0,305.0,False,HARD,31.0,True,Ferrari,0 days 02:06:17.135000,,1,3.0,,,False,True
0 days 02:08:47.827000,LEC,16,0 days 00:01:15.077000,56.0,2.0,,,0 days 00:00:25.536000,0 days 00:00:27.214000,0 days 00:00:22.327000,0 days 02:07:58.325000,0 days 02:08:25.539000,0 days 02:08:47.866000,289.0,264.0,304.0,308.0,False,HARD,32.0,True,Ferrari,0 days 02:07:32.750000,,1,3.0,,,False,True
0 days 02:10:02.801000,LEC,16,0 days 00:01:14.974000,57.0,2.0,,,0 days 00:00:25.286000,0 days 00:00:27.279000,0 days 00:00:22.409000,0 days 02:09:13.152000,0 days 02:09:40.431000,0 days 02:10:02.840000,288.0,266.0,305.0,306.0,False,HARD,33.0,True,Ferrari,0 days 02:08:47.827000,,1,3.0,,,False,True
0 days 02:11:18.281000,LEC,16,0 days 00:01:15.480000,58.0,2.0,,,0 days 00:00:25.544000,0 days 00:00:27.497000,0 days 00:00:22.439000,0 days 02:10:28.384000,0 days 02:10:55.881000,0 days 02:11:18.320000,286.0,263.0,303.0,309.0,False,HARD,34.0,True,Ferrari,0 days 02:10:02.801000,,1,3.0,,,False,True
0 days 02:12:33.171000,LEC,16,0 days 00:01:14.890000,59.0,2.0,,,0 days 00:00:25.294000,0 days 00:00:27.227000,0 days 00:00:22.369000,0 days 02:11:43.614000,0 days 02:12:10.841000,0 days 02:12:33.210000,287.0,265.0,302.0,307.0,False,HARD,35.0,True,Ferrari,0 days 02:11:18.281000,,1,3.0,,,False,True
0 days 02:13:48.086000,LEC,16,0 days 00:01:14.915000,60.0,2.0,,,0 days 00:00:25.285000,0 days 00:00:27.300000,0 days 00:00:22.330000,0 days 02:12:58.495000,0 days 02:13:25.795000,0 days 02:13:48.125000,286.0,265.0,302.0,306.0,False,HARD,36.0,True,Ferrari,0 days 02:12:33.171000,,1,3.0,,,False,True
0 days 02:15:03.089000,LEC,16,0 days 00:01:15.003000,61.0,2.0,,,0 days 00:00:25.327000,0 days 00:00:27.345000,0 days 00:00:22.331000,0 days 02:14:13.452000,0 days 02:14:40.797000,0 days 02:15:03.128000,287.0,264.0,303.0,307.0,False,HARD,37.0,True,Ferrari,0 days 02:13:48.086000,,1,3.0,,,False,True
0 days 02:16:17.674000,LEC,16,0 days 00:01:14.585000,62.0,2.0,,,0 days 00:00:25.279000,0 days 00:00:27.056000,0 days 00:00:22.250000,0 days 02:15:28.407000,0 days 02:15:55.463000,0 days 02:16:17.713000,287.0,265.0,305.0,308.0,True,HARD,38.0,True,Ferrari,0 days 02:15:03.089000,,1,3.0,,,False,True
0 days 02:17:32.827000,LEC,16,0 days 00:01:15.153000,63.0,2.0,,,0 days 00:00:25.328000,0 days 00:00:27.410000,0 days 00:00:22.415000,0 days 02:16:43.041000,0 days 02:17:10.451000,0 days 02:17:32.866000,290.0,263.0,303.0,307.0,False,HARD,39.0,True,Ferrari,0 days 02:16:17.674000,,1,3.0,,,False,True
0 days 02:18:47.801000,LEC,16,0 days 00:01:14.974000,64.0,2.0,,,0 days 00:00:25.363000,0 days 00:00:27.317000,0 days 00:00:22.294000,0 days 02:17:58.229000,0 days 02:18:25.546000,0 days 02:18:47.840000,289.0,265.0,303.0,307.0,False,HARD,40.0,True,Ferrari,0 days 02:17:32.827000,,1,3.0,,,False,True
0 days 02:20:02.682000,LEC,16,0 days 00:01:14.881000,65.0,2.0,,,0 days 00:00:25.280000,0 days 00:00:27.197000,0 days 00:00:22.404000,0 days 02:19:13.120000,0 days 02:19:40.317000,0 days 02:20:02.721000,288.0,267.0,305.0,309.0,False,HARD,41.0,True,Ferrari,0 days 02:18:47.801000,,1,3.0,,,False,True
0 days 02:21:17.564000,LEC,16,0 days 00:01:14.882000,66.0,2.0,,,0 days 00:00:25.219000,0 days 00:00:27.352000,0 days 00:00:22.311000,0 days 02:20:27.940000,0 days 02:20:55.292000,0 days 02:21:17.603000,288.0,265.0,304.0,309.0,False,HARD,42.0,True,Ferrari,0 days 02:20:02.682000,,1,3.0,,,False,True
0 days 02:22:32.335000,LEC,16,0 days 00:01:14.771000,67.0,2.0,,,0 days 00:00:25.241000,0 days 00:00:27.199000,0 days 00:00:22.331000,0 days 02:21:42.844000,0 days 02:22:10.043000,0 days 02:22:32.374000,288.0,266.0,304.0,309.0,False,HARD,43.0,True,Ferrari,0 days 02:21:17.564000,,1,3.0,,,False,True
0 days 02:23:47.168000,LEC,16,0 days 00:01:14.833000,68.0,2.0,,,0 days 00:00:25.190000,0 days 00:00:27.367000,0 days 00:00:22.276000,0 days 02:22:57.564000,0 days 02:23:24.931000,0 days 02:23:47.207000,288.0,265.0,304.0,310.0,False,HARD,44.0,True,Ferrari,0 days 02:22:32.335000,,1,3.0,,,False,True
0 days 02:25:02.181000,LEC,16,0 days 00:01:15.013000,69.0,2.0,,,0 days 00:00:25.310000,0 days 00:00:27.384000,0 days 00:00:22.319000,0 days 02:24:12.517000,0 days 02:24:39.901000,0 days 02:25:02.220000,289.0,266.0,304.0,308.0,False,HARD,45.0,True,Ferrari,0 days 02:23:47.168000,,1,3.0,,,False,True
0 days 02:26:16.946000,LEC,16,0 days 00:01:14.765000,70.0,2.0,,,0 days 00:00:25.205000,0 days 00:00:27.270000,0 days 00:00:22.290000,0 days 02:25:27.425000,0 days 02:25:54.695000,0 days 02:26:16.985000,289.0,266.0,305.0,312.0,False,HARD,46.0,True,Ferrari,0 days 02:25:02.181000,,1,3.0,,,False,True
0 days 02:27:31.921000,LEC,16,0 days 00:01:14.975000,71.0,2.0,,,0 days 00:00:25.329000,0 days 00:00:27.310000,0 days 00:00:22.336000,0 days 02:26:42.314000,0 days 02:27:09.624000,0 days 02:27:31.960000,289.0,267.0,304.0,311.0,False,HARD,47.0,True,Ferrari,0 days 02:26:16.946000,,1,3.0,,,False,True
0 days 02:28:46.686000,LEC,16,0 days 00:01:14.765000,72.0,2.0,,,0 days 00:00:25.179000,0 days 00:00:27.282000,0 days 00:00:22.304000,0 days 02:27:57.139000,0 days 02:28:24.421000,0 days 02:28:46.725000,289.0,267.0,306.0,311.0,False,HARD,48.0,True,Ferrari,0 days 02:27:31.921000,,1,3.0,,,False,True
0 days 00:58:58.366000,PIA,81,0 days 00:01:22.638000,1.0,1.0,,,,0 days 00:00:27.537000,0 days 00:00:23.283000,,0 days 00:58:35.196000,0 days 00:58:58.575000,285.0,264.0,299.0,212.0,False,MEDIUM,1.0,True,McLaren,0 days 00:57:35.434000,,1,4.0,,,False,False
0 days 01:00:14.606000,PIA,81,0 days 00:01:16.240000,2.0,1.0,,,0 days 00:00:26.087000,0 days 00:00:27.427000,0 days 00:00:22.726000,0 days 00:59:24.515000,0 days 00:59:51.942000,0 days 01:00:14.668000,286.0,275.0,315.0,287.0,True,MEDIUM,2.0,True,McLaren,0 days 00:58:58.366000,,1,4.0,,,False,True
0 days 01:01:30.870000,PIA,81,0 days 00:01:16.264000,3.0,1.0,,,0 days 00:00:25.953000,0 days 00:00:27.591000,0 days 00:00:22.720000,0 days 01:00:40.621000,0 days 01:01:08.212000,0 days 01:01:30.932000,288.0,274.0,318.0,303.0,False,MEDIUM,3.0,True,McLaren,0 days 01:00:14.606000,,1,4.0,,,False,True
0 days 01:02:47.548000,PIA,81,0 days 00:01:16.678000,4.0,1.0,,,0 days 00:00:26.116000,0 days 00:00:27.902000,0 days 00:00:22.660000,0 days 01:01:57.048000,0 days 01:02:24.950000,0 days 01:02:47.610000,289.0,274.0,318.0,304.0,False,MEDIUM,4.0,True,McLaren,0 days 01:01:30.870000,,1,4.0,,,False,True
0 days 01:04:04.308000,PIA,81,0 days 00:01:16.760000,5.0,1.0,,,0 days 00:00:26.236000,0 days 00:00:27.871000,0 days 00:00:22.653000,0 days 01:03:13.846000,0 days 01:03:41.717000,0 days 01:04:04.370000,284.0,273.0,318.0,300.0,False,MEDIUM,5.0,True,McLaren,0 days 01:02:47.548000,,1,4.0,,,False,True
0 days 01:05:20.836000,PIA,81,0 days 00:01:16.528000,6.0,1.0,,,0 days 00:00:25.932000,0 days 00:00:27.885000,0 days 00:00:22.711000,0 days 01:04:30.302000,0 days 01:04:58.187000,0 days 01:05:20.898000,283.0,274.0,317.0,305.0,False,MEDIUM,6.0,True,McLaren,0 days 01:04:04.308000,,1,4.0,,,False,True
0 days 01:06:37.790000,PIA,81,0 days 00:01:16.954000,7.0,1.0,,,0 days 00:00:25.886000,0 days 00:00:28.081000,0 days 00:00:22.987000,0 days 01:05:46.784000,0 days 01:06:14.865000,0 days 01:06:37.852000,282.0,274.0,302.0,306.0,False,MEDIUM,7.0,True,McLaren,0 days 01:05:20.836000,,1,4.0,,,False,True
0 days 01:07:54.449000,PIA,81,0 days 00:01:16.659000,8.0,1.0,,,0 days 00:00:25.877000,0 days 00:00:27.944000,0 days 00:00:22.838000,0 days 01:07:03.729000,0 days 01:07:31.673000,0 days 01:07:54.511000,281.0,265.0,302.0,302.0,False,MEDIUM,8.0,True,McLaren,0 days 01:06:37.790000,,1,4.0,,,False,True
0 days 01:09:11.266000,PIA,81,0 days 00:01:16.817000,9.0,1.0,,,0 days 00:00:25.903000,0 days 00:00:28.098000,0 days 00:00:22.816000,0 days 01:08:20.414000,0 days 01:08:48.512000,0 days 01:09:11.328000,279.0,263.0,303.0,301.0,False,MEDIUM,9.0,True,McLaren,0 days 01:07:54.449000,,1,4.0,,,False,True
0 days 01:10:27.778000,PIA,81,0 days 00:01:16.512000,10.0,1.0,,,0 days 00:00:25.850000,0 days 00:00:27.774000,0 days 00:00:22.888000,0 days 01:09:37.178000,0 days 01:10:04.952000,0 days 01:10:27.840000,280.0,263.0,303.0,305.0,False,MEDIUM,10.0,True,McLaren,0 days 01:09:11.266000,,1,4.0,,,False,True
0 days 01:11:44.298000,PIA,81,0 days 00:01:16.520000,11.0,1.0,,,0 days 00:00:25.809000,0 days 00:00:27.817000,0 days 00:00:22.894000,0 days 01:10:53.649000,0 days 01:11:21.466000,0 days 01:11:44.360000,280.0,265.0,302.0,302.0,False,MEDIUM,11.0,True,McLaren,0 days 01:10:27.778000,,1,4.0,,,False,True
0 days 01:13:00.761000,PIA,81,0 days 00:01:16.463000,12.0,1.0,,,0 days 00:00:25.823000,0 days 00:00:27.926000,0 days 00:00:22.714000,0 days 01:12:10.183000,0 days 01:12:38.109000,0 days 01:13:00.823000,279.0,265.0,303.0,302.0,False,MEDIUM,12.0,True,McLaren,0 days 01:11:44.298000,,1,4.0,,,False,True
0 days 01:14:17.275000,PIA,81,0 days 00:01:16.514000,13.0,1.0,,,0 days 00:00:25.793000,0 days 00:00:27.938000,0 days 00:00:22.783000,0 days 01:13:26.616000,0 days 01:13:54.554000,0 days 01:14:17.337000,281.0,265.0,303.0,302.0,False,MEDIUM,13.0,True,McLaren,0 days 01:13:00.761000,,1,4.0,,,False,True
0 days 01:15:33.746000,PIA,81,0 days 00:01:16.471000,14.0,1.0,,,0 days 00:00:25.686000,0 days 00:00:27.951000,0 days 00:00:22.834000,0 days 01:14:43.023000,0 days 01:15:10.974000,0 days 01:15:33.808000,281.0,263.0,303.0,306.0,False,MEDIUM,14.0,True,McLaren,0 days 01:14:17.275000,,1,4.0,,,False,True
0 days 01:16:50.128000,PIA,81,0 days 00:01:16.382000,15.0,1.0,,,0 days 00:00:25.660000,0 days 00:00:27.821000,0 days 00:00:22.901000,0 days 01:15:59.468000,0 days 01:16:27.289000,0 days 01:16:50.190000,287.0,263.0,302.0,302.0,False,MEDIUM,15.0,True,McLaren,0 days 01:15:33.746000,,1,4.0,,,False,True
0 days 01:18:06.512000,PIA,81,0 days 00:01:16.384000,16.0,1.0,,,0 days 00:00:25.693000,0 days 00:00:27.785000,0 days 00:00:22.906000,0 days 01:17:15.883000,0 days 01:17:43.668000,0 days 01:18:06.574000,287.0,264.0,302.0,299.0,False,MEDIUM,16.0,True,McLaren,0 days 01:16:50.128000,,1,4.0,,,False,True
0 days 01:19:22.860000,PIA,81,0 days 00:01:16.348000,17.0,1.0,,,0 days 00:00:25.763000,0 days 00:00:27.838000,0 days 00:00:22.747000,0 days 01:18:32.337000,0 days 01:19:00.175000,0 days 01:19:22.922000,287.0,265.0,302.0,297.0,False,MEDIUM,17.0,True,McLaren,0 days 01:18:06.512000,,1,4.0,,,False,True
0 days 01:20:39.353000,PIA,81,0 days 00:01:16.493000,18.0,1.0,,,0 days 00:00:25.722000,0 days 00:00:27.817000,0 days 00:00:22.954000,0 days 01:19:48.644000,0 days 01:20:16.461000,0 days 01:20:39.415000,287.0,265.0,302.0,303.0,False,MEDIUM,18.0,True,McLaren,0 days 01:19:22.860000,,1,4.0,,,False,True
0 days 01:21:55.868000,PIA,81,0 days 00:01:16.515000,19.0,1.0,,,0 days 00:00:25.546000,0 days 00:00:28.063000,0 days 00:00:22.906000,0 days 01:21:04.961000,0 days 01:21:33.024000,0 days 01:21:55.930000,288.0,264.0,302.0,302.0,False,MEDIUM,19.0,True,McLaren,0 days 01:20:39.353000,,1,4.0,,,False,True
0 days 01:23:12.199000,PIA,81,0 days 00:01:16.331000,20.0,1.0,,,0 days 00:00:25.661000,0 days 00:00:27.859000,0 days 00:00:22.811000,0 days 01:22:21.591000,0 days 01:22:49.450000,0 days 01:23:12.261000,287.0,265.0,304.0,301.0,False,MEDIUM,20.0,True,McLaren,0 days 01:21:55.868000,,1,4.0,,,False,True
0 days 01:24:28.733000,PIA,81,0 days 00:01:16.534000,21.0,1.0,,,0 days 00:00:25.700000,0 days 00:00:28.026000,0 days 00:00:22.808000,0 days 01:23:37.961000,0 days 01:24:05.987000,0 days 01:24:28.795000,289.0,265.0,303.0,302.0,False,MEDIUM,21.0,True,McLaren,0 days 01:23:12.199000,,1,4.0,,,False,True
0 days 01:25:45.580000,PIA,81,0 days 00:01:16.847000,22.0,1.0,,,0 days 00:00:25.831000,0 days 00:00:28.111000,0 days 00:00:22.905000,0 days 01:24:54.626000,0 days 01:25:22.737000,0 days 01:25:45.642000,289.0,264.0,304.0,306.0,False,MEDIUM,22.0,True,McLaren,0 days 01:24:28.733000,,1,4.0,,,False,True
0 days 01:27:02.303000,PIA,81,0 days 00:01:16.723000,23.0,1.0,,,0 days 00:00:25.859000,0 days 00:00:28.122000,0 days 00:00:22.742000,0 days 01:26:11.501000,0 days 01:26:39.623000,0 days 01:27:02.365000,278.0,265.0,303.0,309.0,False,MEDIUM,23.0,True,McLaren,0 days 01:25:45.580000,,1,4.0,,,False,True
0 days 01:28:19.101000,PIA,81,0 days 00:01:16.798000,24.0,1.0,,,0 days 00:00:25.982000,0 days 00:00:28.045000,0 days 00:00:22.771000,0 days 01:27:28.347000,0 days 01:27:56.392000,0 days 01:28:19.163000,281.0,265.0,303.0,310.0,False,MEDIUM,24.0,True,McLaren,0 days 01:27:02.303000,,1,4.0,,,False,True
0 days 01:29:35.509000,PIA,81,0 days 00:01:16.408000,25.0,1.0,,,0 days 00:00:25.702000,0 days 00:00:27.910000,0 days 00:00:22.796000,0 days 01:28:44.865000,0 days 01:29:12.775000,0 days 01:29:35.571000,283.0,264.0,302.0,306.0,False,MEDIUM,25.0,True,McLaren,0 days 01:28:19.101000,,1,3.0,,,False,True
0 days 01:30:51.571000,PIA,81,0 days 00:01:16.062000,26.0,1.0,,,0 days 00:00:25.604000,0 days 00:00:27.670000,0 days 00:00:22.788000,0 days 01:30:01.175000,0 days 01:30:28.845000,0 days 01:30:51.633000,282.0,262.0,301.0,304.0,True,MEDIUM,26.0,True,McLaren,0 days 01:29:35.509000,,1,3.0,,,False,True
0 days 01:32:07.508000,PIA,81,0 days 00:01:15.937000,27.0,1.0,,,0 days 00:00:25.586000,0 days 00:00:27.711000,0 days 00:00:22.640000,0 days 01:31:17.219000,0 days 01:31:44.930000,0 days 01:32:07.570000,281.0,264.0,302.0,301.0,True,MEDIUM,27.0,True,McLaren,0 days 01:30:51.571000,,1,3.0,,,False,True
0 days 01:33:23.440000,PIA,81,0 days 00:01:15.932000,28.0,1.0,,,0 days 00:00:25.581000,0 days 00:00:27.716000,0 days 00:00:22.635000,0 days 01:32:33.151000,0 days 01:33:00.867000,0 days 01:33:23.502000,284.0,263.0,299.0,302.0,True,MEDIUM,28.0,True,McLaren,0 days 01:32:07.508000,,1,2.0,,,False,True
0 days 01:34:39.507000,PIA,81,0 days 00:01:16.067000,29.0,1.0,,,0 days 00:00:25.569000,0 days 00:00:27.775000,0 days 00:00:22.723000,0 days 01:33:49.071000,0 days 01:34:16.846000,0 days 01:34:39.569000,286.0,262.0,301.0,299.0,False,MEDIUM,29.0,True,McLaren,0 days 01:33:23.440000,,1,1.0,,,False,True
0 days 01:35:55.596000,PIA,81,0 days 00:01:16.089000,30.0,1.0,,,0 days 00:00:25.589000,0 days 00:00:27.781000,0 days 00:00:22.719000,0 days 01:35:05.158000,0 days 01:35:32.939000,0 days 01:35:55.658000,287.0,263.0,301.0,300.0,False,MEDIUM,30.0,True,McLaren,0 days 01:34:39.507000,,1,1.0,,,False,True
0 days 01:37:12.178000,PIA,81,0 days 00:01:16.582000,31.0,1.0,,,0 days 00:00:25.585000,0 days 00:00:28.169000,0 days 00:00:22.828000,0 days 01:36:21.243000,0 days 01:36:49.412000,0 days 01:37:12.240000,287.0,264.0,300.0,299.0,False,MEDIUM,31.0,True,McLaren,0 days 01:35:55.596000,,1,1.0,,,False,True
0 days 01:38:28.392000,PIA,81,0 days 00:01:16.214000,32.0,1.0,,,0 days 00:00:25.496000,0 days 00:00:28.046000,0 days 00:00:22.672000,0 days 01:37:37.736000,0 days 01:38:05.782000,0 days 01:38:28.454000,287.0,263.0,301.0,300.0,False,MEDIUM,32.0,True,McLaren,0 days 01:37:12.178000,,1,1.0,,,False,True
0 days 01:39:47.884000,PIA,81,0 days 00:01:19.492000,33.0,1.0,,0 days 01:39:46.239000,0 days 00:00:25.537000,0 days 00:00:27.687000,0 days 00:00:26.268000,0 days 01:38:53.991000,0 days 01:39:21.678000,0 days 01:39:47.946000,286.0,265.0,,302.0,False,MEDIUM,33.0,True,McLaren,0 days 01:38:28.392000,,1,2.0,,,False,False
0 days 01:41:22.457000,PIA,81,0 days 00:01:34.573000,34.0,2.0,0 days 01:40:07.318000,,0 days 00:00:44.884000,0 days 00:00:27.150000,0 days 00:00:22.539000,0 days 01:40:32.830000,0 days 01:40:59.980000,0 days 01:41:22.519000,285.0,265.0,301.0,302.0,False,HARD,1.0,True,McLaren,0 days 01:39:47.884000,,1,5.0,,,False,False
0 days 01:42:37.394000,PIA,81,0 days 00:01:14.937000,35.0,2.0,,,0 days 00:00:25.382000,0 days 00:00:27.143000,0 days 00:00:22.412000,0 days 01:41:47.901000,0 days 01:42:15.044000,0 days 01:42:37.456000,286.0,265.0,301.0,296.0,True,HARD,2.0,True,McLaren,0 days 01:41:22.457000,,1,5.0,,,False,True
0 days 01:43:51.631000,PIA,81,0 days 00:01:14.237000,36.0,2.0,,,0 days 00:00:25.108000,0 days 00:00:26.855000,0 days 00:00:22.274000,0 days 01:43:02.564000,0 days 01:43:29.419000,0 days 01:43:51.693000,287.0,265.0,303.0,298.0,True,HARD,3.0,True,McLaren,0 days 01:42:37.394000,,1,5.0,,,False,True
0 days 01:45:05.939000,PIA,81,0 days 00:01:14.308000,37.0,2.0,,,0 days 00:00:25.127000,0 days 00:00:26.922000,0 days 00:00:22.259000,0 days 01:44:16.820000,0 days 01:44:43.742000,0 days 01:45:06.001000,289.0,267.0,303.0,301.0,False,HARD,4.0,True,McLaren,0 days 01:43:51.631000,,1,5.0,,,False,True
0 days 01:46:20.430000,PIA,81,0 days 00:01:14.491000,38.0,2.0,,,0 days 00:00:25.037000,0 days 00:00:27.165000,0 days 00:00:22.289000,0 days 01:45:31.038000,0 days 01:45:58.203000,0 days 01:46:20.492000,288.0,268.0,305.0,298.0,False,HARD,5.0,True,McLaren,0 days 01:45:05.939000,,1,5.0,,,False,True
0 days 01:47:34.860000,PIA,81,0 days 00:01:14.430000,39.0,2.0,,,0 days 00:00:25.040000,0 days 00:00:27.174000,0 days 00:00:22.216000,0 days 01:46:45.532000,0 days 01:47:12.706000,0 days 01:47:34.922000,289.0,278.0,324.0,305.0,False,HARD,6.0,True,McLaren,0 days 01:46:20.430000,,1,5.0,,,False,True
0 days 01:48:49.473000,PIA,81,0 days 00:01:14.613000,40.0,2.0,,,0 days 00:00:25.061000,0 days 00:00:27.323000,0 days 00:00:22.229000,0 days 01:47:59.983000,0 days 01:48:27.306000,0 days 01:48:49.535000,282.0,266.0,302.0,326.0,False,HARD,7.0,True,McLaren,0 days 01:47:34.860000,,1,4.0,,,False,True
0 days 01:50:04.009000,PIA,81,0 days 00:01:14.536000,41.0,2.0,,,0 days 00:00:24.993000,0 days 00:00:27.230000,0 days 00:00:22.313000,0 days 01:49:14.528000,0 days 01:49:41.758000,0 days 01:50:04.071000,284.0,262.0,303.0,303.0,False,HARD,8.0,True,McLaren,0 days 01:48:49.473000,,1,4.0,,,False,True
0 days 01:51:18.449000,PIA,81,0 days 00:01:14.440000,42.0,2.0,,,0 days 00:00:25.046000,0 days 00:00:27.144000,0 days 00:00:22.250000,0 days 01:50:29.117000,0 days 01:50:56.261000,0 days 01:51:18.511000,289.0,266.0,321.0,297.0,False,HARD,9.0,True,McLaren,0 days 01:50:04.009000,,1,4.0,,,False,True
0 days 01:52:33.126000,PIA,81,0 days 00:01:14.677000,43.0,2.0,,,0 days 00:00:25.093000,0 days 00:00:27.299000,0 days 00:00:22.285000,0 days 01:51:43.604000,0 days 01:52:10.903000,0 days 01:52:33.188000,289.0,266.0,303.0,318.0,False,HARD,10.0,True,McLaren,0 days 01:51:18.449000,,1,4.0,,,False,True
0 days 01:53:47.690000,PIA,81,0 days 00:01:14.564000,44.0,2.0,,,0 days 00:00:25.061000,0 days 00:00:27.144000,0 days 00:00:22.359000,0 days 01:52:58.249000,0 days 01:53:25.393000,0 days 01:53:47.752000,290.0,268.0,306.0,303.0,False,HARD,11.0,True,McLaren,0 days 01:52:33.126000,,1,4.0,,,False,True
0 days 01:55:02.264000,PIA,81,0 days 00:01:14.574000,45.0,2.0,,,0 days 00:00:25.113000,0 days 00:00:27.197000,0 days 00:00:22.264000,0 days 01:54:12.865000,0 days 01:54:40.062000,0 days 01:55:02.326000,288.0,268.0,321.0,304.0,False,HARD,12.0,True,McLaren,0 days 01:53:47.690000,,1,4.0,,,False,True
0 days 01:56:16.861000,PIA,81,0 days 00:01:14.597000,46.0,2.0,,,0 days 00:00:25.079000,0 days 00:00:27.330000,0 days 00:00:22.188000,0 days 01:55:27.405000,0 days 01:55:54.735000,0 days 01:56:16.923000,291.0,278.0,322.0,314.0,False,HARD,13.0,True,McLaren,0 days 01:55:02.264000,,1,4.0,,,False,True
0 days 01:57:32.118000,PIA,81,0 days 00:01:15.257000,47.0,2.0,,,0 days 00:00:25.447000,0 days 00:00:27.617000,0 days 00:00:22.193000,0 days 01:56:42.370000,0 days 01:57:09.987000,0 days 01:57:32.180000,290.0,277.0,324.0,314.0,False,HARD,14.0,True,McLaren,0 days 01:56:16.861000,,1,4.0,,,False,True
0 days 01:58:47.272000,PIA,81,0 days 00:01:15.154000,48.0,2.0,,,0 days 00:00:25.371000,0 days 00:00:27.402000,0 days 00:00:22.381000,0 days 01:57:57.551000,0 days 01:58:24.953000,0 days 01:58:47.334000,288.0,279.0,323.0,317.0,False,HARD,15.0,True,McLaren,0 days 01:57:32.118000,,1,4.0,,,False,True
0 days 02:00:02.686000,PIA,81,0 days 00:01:15.414000,49.0,2.0,,,0 days 00:00:25.623000,0 days 00:00:27.499000,0 days 00:00:22.292000,0 days 01:59:12.957000,0 days 01:59:40.456000,0 days 02:00:02.748000,289.0,277.0,323.0,323.0,False,HARD,16.0,True,McLaren,0 days 01:58:47.272000,,1,4.0,,,False,True
0 days 02:01:18.011000,PIA,81,0 days 00:01:15.325000,50.0,2.0,,,0 days 00:00:25.338000,0 days 00:00:27.740000,0 days 00:00:22.247000,0 days 02:00:28.086000,0 days 02:00:55.826000,0 days 02:01:18.073000,287.0,278.0,323.0,321.0,False,HARD,17.0,True,McLaren,0 days 02:00:02.686000,,1,4.0,,,False,True
0 days 02:02:33.176000,PIA,81,0 days 00:01:15.165000,51.0,2.0,,,0 days 00:00:25.286000,0 days 00:00:27.549000,0 days 00:00:22.330000,0 days 02:01:43.359000,0 days 02:02:10.908000,0 days 02:02:33.238000,289.0,278.0,322.0,320.0,False,HARD,18.0,True,McLaren,0 days 02:01:18.011000,,1,4.0,,,False,True
0 days 02:03:48.292000,PIA,81,0 days 00:01:15.116000,52.0,2.0,,,0 days 00:00:25.384000,0 days 00:00:27.314000,0 days 00:00:22.418000,0 days 02:02:58.622000,0 days 02:03:25.936000,0 days 02:03:48.354000,286.0,268.0,306.0,319.0,False,HARD,19.0,True,McLaren,0 days 02:02:33.176000,,1,4.0,,,False,True
0 days 02:05:03.632000,PIA,81,0 days 00:01:15.340000,53.0,2.0,,,0 days 00:00:25.512000,0 days 00:00:27.355000,0 days 00:00:22.473000,0 days 02:04:13.866000,0 days 02:04:41.221000,0 days 02:05:03.694000,285.0,267.0,306.0,308.0,False,HARD,20.0,True,McLaren,0 days 02:03:48.292000,,1,4.0,,,False,True
0 days 02:06:18.634000,PIA,81,0 days 00:01:15.002000,54.0,2.0,,,0 days 00:00:25.387000,0 days 00:00:27.230000,0 days 00:00:22.385000,0 days 02:05:29.081000,0 days 02:05:56.311000,0 days 02:06:18.696000,285.0,269.0,306.0,307.0,False,HARD,21.0,True,McLaren,0 days 02:05:03.632000,,1,4.0,,,False,True
0 days 02:07:33.939000,PIA,81,0 days 00:01:15.305000,55.0,2.0,,,0 days 00:00:25.256000,0 days 00:00:27.430000,0 days 00:00:22.619000,0 days 02:06:43.952000,0 days 02:07:11.382000,0 days 02:07:34.001000,285.0,266.0,305.0,305.0,False,HARD,22.0,True,McLaren,0 days 02:06:18.634000,,1,4.0,,,False,True
0 days 02:08:49.018000,PIA,81,0 days 00:01:15.079000,56.0,2.0,,,0 days 00:00:25.288000,0 days 00:00:27.340000,0 days 00:00:22.451000,0 days 02:07:59.289000,0 days 02:08:26.629000,0 days 02:08:49.080000,286.0,267.0,306.0,305.0,False,HARD,23.0,True,McLaren,0 days 02:07:33.939000,,1,4.0,,,False,True
0 days 02:10:04.106000,PIA,81,0 days 00:01:15.088000,57.0,2.0,,,0 days 00:00:25.228000,0 days 00:00:27.417000,0 days 00:00:22.443000,0 days 02:09:14.308000,0 days 02:09:41.725000,0 days 02:10:04.168000,284.0,268.0,305.0,306.0,False,HARD,24.0,True,McLaren,0 days 02:08:49.018000,,1,4.0,,,False,True
0 days 02:11:19.178000,PIA,81,0 days 00:01:15.072000,58.0,2.0,,,0 days 00:00:25.111000,0 days 00:00:27.563000,0 days 00:00:22.398000,0 days 02:10:29.279000,0 days 02:10:56.842000,0 days 02:11:19.240000,286.0,267.0,307.0,305.0,False,HARD,25.0,True,McLaren,0 days 02:10:04.106000,,1,4.0,,,False,True
0 days 02:12:34.230000,PIA,81,0 days 00:01:15.052000,59.0,2.0,,,0 days 00:00:25.272000,0 days 00:00:27.369000,0 days 00:00:22.411000,0 days 02:11:44.512000,0 days 02:12:11.881000,0 days 02:12:34.292000,285.0,269.0,305.0,310.0,False,HARD,26.0,True,McLaren,0 days 02:11:19.178000,,1,4.0,,,False,True
0 days 02:13:49.221000,PIA,81,0 days 00:01:14.991000,60.0,2.0,,,0 days 00:00:25.182000,0 days 00:00:27.407000,0 days 00:00:22.402000,0 days 02:12:59.474000,0 days 02:13:26.881000,0 days 02:13:49.283000,283.0,268.0,306.0,308.0,False,HARD,27.0,True,McLaren,0 days 02:12:34.230000,,1,4.0,,,False,True
0 days 02:15:04.233000,PIA,81,0 days 00:01:15.012000,61.0,2.0,,,0 days 00:00:25.187000,0 days 00:00:27.377000,0 days 00:00:22.448000,0 days 02:14:14.470000,0 days 02:14:41.847000,0 days 02:15:04.295000,290.0,267.0,305.0,308.0,False,HARD,28.0,True,McLaren,0 days 02:13:49.221000,,1,4.0,,,False,True
0 days 02:16:19.065000,PIA,81,0 days 00:01:14.832000,62.0,2.0,,,0 days 00:00:25.212000,0 days 00:00:27.149000,0 days 00:00:22.471000,0 days 02:15:29.507000,0 days 02:15:56.656000,0 days 02:16:19.127000,290.0,268.0,307.0,303.0,False,HARD,29.0,True,McLaren,0 days 02:15:04.233000,,1,4.0,,,False,True
0 days 02:17:34.030000,PIA,81,0 days 00:01:14.965000,63.0,2.0,,,0 days 00:00:25.127000,0 days 00:00:27.391000,0 days 00:00:22.447000,0 days 02:16:44.254000,0 days 02:17:11.645000,0 days 02:17:34.092000,292.0,266.0,305.0,308.0,False,HARD,30.0,True,McLaren,0 days 02:16:19.065000,,1,4.0,,,False,True
0 days 02:18:48.962000,PIA,81,0 days 00:01:14.932000,64.0,2.0,,,0 days 00:00:25.119000,0 days 00:00:27.245000,0 days 00:00:22.568000,0 days 02:17:59.211000,0 days 02:18:26.456000,0 days 02:18:49.024000,292.0,269.0,305.0,305.0,False,HARD,31.0,True,McLaren,0 days 02:17:34.030000,,1,4.0,,,False,True
0 days 02:20:04.014000,PIA,81,0 days 00:01:15.052000,65.0,2.0,,,0 days 00:00:25.106000,0 days 00:00:27.367000,0 days 00:00:22.579000,0 days 02:19:14.130000,0 days 02:19:41.497000,0 days 02:20:04.076000,290.0,268.0,306.0,308.0,False,HARD,32.0,True,McLaren,0 days 02:18:48.962000,,1,4.0,,,False,True
0 days 02:21:18.653000,PIA,81,0 days 00:01:14.639000,66.0,2.0,,,0 days 00:00:25.058000,0 days 00:00:27.259000,0 days 00:00:22.322000,0 days 02:20:29.134000,0 days 02:20:56.393000,0 days 02:21:18.715000,292.0,267.0,307.0,308.0,False,HARD,33.0,True,McLaren,0 days 02:20:04.014000,,1,4.0,,,False,True
0 days 02:22:33.628000,PIA,81,0 days 00:01:14.975000,67.0,2.0,,,0 days 00:00:25.097000,0 days 00:00:27.477000,0 days 00:00:22.401000,0 days 02:21:43.812000,0 days 02:22:11.289000,0 days 02:22:33.690000,291.0,269.0,306.0,310.0,False,HARD,34.0,True,McLaren,0 days 02:21:18.653000,,1,4.0,,,False,True
0 days 02:23:48.405000,PIA,81,0 days 00:01:14.777000,68.0,2.0,,,0 days 00:00:25.008000,0 days 00:00:27.435000,0 days 00:00:22.334000,0 days 02:22:58.698000,0 days 02:23:26.133000,0 days 02:23:48.467000,291.0,268.0,306.0,306.0,False,HARD,35.0,True,McLaren,0 days 02:22:33.628000,,1,4.0,,,False,True
0 days 02:25:03.488000,PIA,81,0 days 00:01:15.083000,69.0,2.0,,,0 days 00:00:25.122000,0 days 00:00:27.459000,0 days 00:00:22.502000,0 days 02:24:13.589000,0 days 02:24:41.048000,0 days 02:25:03.550000,293.0,270.0,306.0,307.0,False,HARD,36.0,True,McLaren,0 days 02:23:48.405000,,1,4.0,,,False,True
0 days 02:26:18.502000,PIA,81,0 days 00:01:15.014000,70.0,2.0,,,0 days 00:00:25.088000,0 days 00:00:27.457000,0 days 00:00:22.469000,0 days 02:25:28.638000,0 days 02:25:56.095000,0 days 02:26:18.564000,291.0,270.0,306.0,307.0,False,HARD,37.0,True,McLaren,0 days 02:25:03.488000,,1,4.0,,,False,True
0 days 02:27:33.492000,PIA,81,0 days 00:01:14.990000,71.0,2.0,,,0 days 00:00:25.158000,0 days 00:00:27.424000,0 days 00:00:22.408000,0 days 02:26:43.722000,0 days 02:27:11.146000,0 days 02:27:33.554000,291.0,269.0,305.0,308.0,False,HARD,38.0,True,McLaren,0 days 02:26:18.502000,,1,4.0,,,False,True
0 days 02:28:48.584000,PIA,81,0 days 00:01:15.092000,72.0,2.0,,,0 days 00:00:25.183000,0 days 00:00:27.421000,0 days 00:00:22.488000,0 days 02:27:58.737000,0 days 02:28:26.158000,0 days 02:28:48.646000,291.0,268.0,306.0,302.0,False,HARD,39.0,True,McLaren,0 days 02:27:33.492000,,1,4.0,,,False,True
0 days 00:59:01.202000,SAI,55,0 days 00:01:25.474000,1.0,1.0,,,,0 days 00:00:28.354000,0 days 00:00:23.757000,,0 days 00:58:37.560000,0 days 00:59:01.355000,264.0,267.0,304.0,218.0,False,MEDIUM,1.0,True,Ferrari,0 days 00:57:35.434000,,1,9.0,,,False,False
0 days 01:00:18.479000,SAI,55,0 days 00:01:17.277000,2.0,1.0,,,0 days 00:00:26.775000,0 days 00:00:27.618000,0 days 00:00:22.884000,0 days 00:59:28.008000,0 days 00:59:55.626000,0 days 01:00:18.510000,286.0,275.0,320.0,290.0,True,MEDIUM,2.0,True,Ferrari,0 days 00:59:01.202000,,1,9.0,,,False,True
0 days 01:01:35.354000,SAI,55,0 days 00:01:16.875000,3.0,1.0,,,0 days 00:00:26.665000,0 days 00:00:27.483000,0 days 00:00:22.727000,0 days 01:00:45.175000,0 days 01:01:12.658000,0 days 01:01:35.385000,286.0,264.0,319.0,297.0,True,MEDIUM,3.0,True,Ferrari,0 days 01:00:18.479000,,1,9.0,,,False,True
0 days 01:02:52.177000,SAI,55,0 days 00:01:16.823000,4.0,1.0,,,0 days 00:00:26.432000,0 days 00:00:27.624000,0 days 00:00:22.767000,0 days 01:02:01.817000,0 days 01:02:29.441000,0 days 01:02:52.208000,288.0,274.0,319.0,289.0,True,MEDIUM,4.0,True,Ferrari,0 days 01:01:35.354000,,1,9.0,,,False,True
0 days 01:04:09.139000,SAI,55,0 days 00:01:16.962000,5.0,1.0,,,0 days 00:00:26.212000,0 days 00:00:27.821000,0 days 00:00:22.929000,0 days 01:03:18.420000,0 days 01:03:46.241000,0 days 01:04:09.170000,287.0,273.0,320.0,299.0,False,MEDIUM,5.0,True,Ferrari,0 days 01:02:52.177000,,1,9.0,,,False,True
0 days 01:05:25.715000,SAI,55,0 days 00:01:16.576000,6.0,1.0,,,0 days 00:00:26.274000,0 days 00:00:27.665000,0 days 00:00:22.637000,0 days 01:04:35.444000,0 days 01:05:03.109000,0 days 01:05:25.746000,288.0,272.0,321.0,297.0,True,MEDIUM,6.0,True,Ferrari,0 days 01:04:09.139000,,1,9.0,,,False,True
0 days 01:06:42.563000,SAI,55,0 days 00:01:16.848000,7.0,1.0,,,0 days 00:00:26.475000,0 days 00:00:27.828000,0 days 00:00:22.545000,0 days 01:05:52.221000,0 days 01:06:20.049000,0 days 01:06:42.594000,287.0,275.0,323.0,287.0,False,MEDIUM,7.0,True,Ferrari,0 days 01:05:25.715000,,1,9.0,,,False,True
0 days 01:07:58.767000,SAI,55,0 days 00:01:16.204000,8.0,1.0,,,0 days 00:00:25.939000,0 days 00:00:27.625000,0 days 00:00:22.640000,0 days 01:07:08.533000,0 days 01:07:36.158000,0 days 01:07:58.798000,286.0,273.0,319.0,324.0,True,MEDIUM,8.0,True,Ferrari,0 days 01:06:42.563000,,1,8.0,,,False,True
0 days 01:09:15.603000,SAI,55,0 days 00:01:16.836000,9.0,1.0,,,0 days 00:00:26.313000,0 days 00:00:27.929000,0 days 00:00:22.594000,0 days 01:08:25.111000,0 days 01:08:53.040000,0 days 01:09:15.634000,288.0,273.0,320.0,290.0,False,MEDIUM,9.0,True,Ferrari,0 days 01:07:58.767000,,1,8.0,,,False,True
0 days 01:10:32.439000,SAI,55,0 days 00:01:16.836000,10.0,1.0,,,0 days 00:00:26.297000,0 days 00:00:27.920000,0 days 00:00:22.619000,0 days 01:09:41.931000,0 days 01:10:09.851000,0 days 01:10:32.470000,289.0,273.0,321.0,310.0,False,MEDIUM,10.0,True,Ferrari,0 days 01:09:15.603000,,1,8.0,,,False,True
0 days 01:11:50.294000,SAI,55,0 days 00:01:17.855000,11.0,1.0,,,0 days 00:00:26.925000,0 days 00:00:27.959000,0 days 00:00:22.971000,0 days 01:10:59.395000,0 days 01:11:27.354000,0 days 01:11:50.325000,284.0,263.0,300.0,312.0,False,MEDIUM,11.0,True,Ferrari,0 days 01:10:32.439000,,1,7.0,,,False,True
0 days 01:13:06.874000,SAI,55,0 days 00:01:16.580000,12.0,1.0,,,0 days 00:00:26.027000,0 days 00:00:27.792000,0 days 00:00:22.761000,0 days 01:12:16.352000,0 days 01:12:44.144000,0 days 01:13:06.905000,283.0,263.0,301.0,298.0,False,MEDIUM,12.0,True,Ferrari,0 days 01:11:50.294000,,1,7.0,,,False,True
0 days 01:14:23.398000,SAI,55,0 days 00:01:16.524000,13.0,1.0,,,0 days 00:00:26.040000,0 days 00:00:27.619000,0 days 00:00:22.865000,0 days 01:13:32.945000,0 days 01:14:00.564000,0 days 01:14:23.429000,284.0,263.0,300.0,303.0,False,MEDIUM,13.0,True,Ferrari,0 days 01:13:06.874000,,1,7.0,,,False,True
0 days 01:15:40.049000,SAI,55,0 days 00:01:16.651000,14.0,1.0,,,0 days 00:00:25.987000,0 days 00:00:27.818000,0 days 00:00:22.846000,0 days 01:14:49.416000,0 days 01:15:17.234000,0 days 01:15:40.080000,285.0,261.0,300.0,300.0,False,MEDIUM,14.0,True,Ferrari,0 days 01:14:23.398000,,1,7.0,,,False,True
0 days 01:16:56.396000,SAI,55,0 days 00:01:16.347000,15.0,1.0,,,0 days 00:00:25.816000,0 days 00:00:27.815000,0 days 00:00:22.716000,0 days 01:16:05.896000,0 days 01:16:33.711000,0 days 01:16:56.427000,286.0,262.0,301.0,302.0,False,MEDIUM,15.0,True,Ferrari,0 days 01:15:40.049000,,1,7.0,,,False,True
0 days 01:18:12.872000,SAI,55,0 days 00:01:16.476000,16.0,1.0,,,0 days 00:00:25.924000,0 days 00:00:27.847000,0 days 00:00:22.705000,0 days 01:17:22.351000,0 days 01:17:50.198000,0 days 01:18:12.903000,286.0,263.0,301.0,300.0,False,MEDIUM,16.0,True,Ferrari,0 days 01:16:56.396000,,1,7.0,,,False,True
0 days 01:19:29.252000,SAI,55,0 days 00:01:16.380000,17.0,1.0,,,0 days 00:00:25.900000,0 days 00:00:27.741000,0 days 00:00:22.739000,0 days 01:18:38.803000,0 days 01:19:06.544000,0 days 01:19:29.283000,286.0,263.0,301.0,303.0,False,MEDIUM,17.0,True,Ferrari,0 days 01:18:12.872000,,1,7.0,,,False,True
0 days 01:20:45.426000,SAI,55,0 days 00:01:16.174000,18.0,1.0,,,0 days 00:00:25.757000,0 days 00:00:27.696000,0 days 00:00:22.721000,0 days 01:19:55.040000,0 days 01:20:22.736000,0 days 01:20:45.457000,287.0,263.0,301.0,305.0,True,MEDIUM,18.0,True,Ferrari,0 days 01:19:29.252000,,1,7.0,,,False,True
0 days 01:22:02.073000,SAI,55,0 days 00:01:16.647000,19.0,1.0,,,0 days 00:00:25.848000,0 days 00:00:27.960000,0 days 00:00:22.839000,0 days 01:21:11.305000,0 days 01:21:39.265000,0 days 01:22:02.104000,287.0,263.0,303.0,303.0,False,MEDIUM,19.0,True,Ferrari,0 days 01:20:45.426000,,1,7.0,,,False,True
0 days 01:23:18.718000,SAI,55,0 days 00:01:16.645000,20.0,1.0,,,0 days 00:00:25.968000,0 days 00:00:27.912000,0 days 00:00:22.765000,0 days 01:22:28.072000,0 days 01:22:55.984000,0 days 01:23:18.749000,286.0,262.0,301.0,306.0,False,MEDIUM,20.0,True,Ferrari,0 days 01:22:02.073000,,1,7.0,,,False,True
0 days 01:24:35.001000,SAI,55,0 days 00:01:16.283000,21.0,1.0,,,0 days 00:00:25.841000,0 days 00:00:27.745000,0 days 00:00:22.697000,0 days 01:23:44.590000,0 days 01:24:12.335000,0 days 01:24:35.032000,287.0,263.0,301.0,305.0,False,MEDIUM,21.0,True,Ferrari,0 days 01:23:18.718000,,1,7.0,,,False,True
0 days 01:25:51.561000,SAI,55,0 days 00:01:16.560000,22.0,1.0,,,0 days 00:00:25.933000,0 days 00:00:27.882000,0 days 00:00:22.745000,0 days 01:25:00.965000,0 days 01:25:28.847000,0 days 01:25:51.592000,288.0,263.0,302.0,305.0,False,MEDIUM,22.0,True,Ferrari,0 days 01:24:35.001000,,1,7.0,,,False,True
0 days 01:27:08.228000,SAI,55,0 days 00:01:16.667000,23.0,1.0,,,0 days 00:00:26.019000,0 days 00:00:27.781000,0 days 00:00:22.867000,0 days 01:26:17.611000,0 days 01:26:45.392000,0 days 01:27:08.259000,286.0,264.0,303.0,304.0,False,MEDIUM,23.0,True,Ferrari,0 days 01:25:51.561000,,1,7.0,,,False,True
0 days 01:28:24.962000,SAI,55,0 days 00:01:16.734000,24.0,1.0,,,0 days 00:00:25.920000,0 days 00:00:27.987000,0 days 00:00:22.827000,0 days 01:27:34.179000,0 days 01:28:02.166000,0 days 01:28:24.993000,287.0,262.0,302.0,305.0,False,MEDIUM,24.0,True,Ferrari,0 days 01:27:08.228000,,1,7.0,,,False,True
0 days 01:29:41.452000,SAI,55,0 days 00:01:16.490000,25.0,1.0,,,0 days 00:00:25.899000,0 days 00:00:27.789000,0 days 00:00:22.802000,0 days 01:28:50.892000,0 days 01:29:18.681000,0 days 01:29:41.483000,288.0,262.0,303.0,301.0,False,MEDIUM,25.0,True,Ferrari,0 days 01:28:24.962000,,1,6.0,,,False,True
0 days 01:30:57.772000,SAI,55,0 days 00:01:16.320000,26.0,1.0,,,0 days 00:00:25.821000,0 days 00:00:27.790000,0 days 00:00:22.709000,0 days 01:30:07.304000,0 days 01:30:35.094000,0 days 01:30:57.803000,288.0,262.0,302.0,308.0,False,MEDIUM,26.0,True,Ferrari,0 days 01:29:41.452000,,1,5.0,,,False,True
0 days 01:32:14.366000,SAI,55,0 days 00:01:16.594000,27.0,1.0,,,0 days 00:00:25.945000,0 days 00:00:27.895000,0 days 00:00:22.754000,0 days 01:31:23.748000,0 days 01:31:51.643000,0 days 01:32:14.397000,287.0,265.0,302.0,305.0,False,MEDIUM,27.0,True,Ferrari,0 days 01:30:57.772000,,1,5.0,,,False,True
0 days 01:33:30.752000,SAI,55,0 days 00:01:16.386000,28.0,1.0,,,0 days 00:00:25.781000,0 days 00:00:27.912000,0 days 00:00:22.693000,0 days 01:32:40.178000,0 days 01:33:08.090000,0 days 01:33:30.783000,287.0,263.0,302.0,306.0,False,MEDIUM,28.0,True,Ferrari,0 days 01:32:14.366000,,1,4.0,,,False,True
0 days 01:34:47.318000,SAI,55,0 days 00:01:16.566000,29.0,1.0,,,0 days 00:00:25.806000,0 days 00:00:28.046000,0 days 00:00:22.714000,0 days 01:33:56.589000,0 days 01:34:24.635000,0 days 01:34:47.349000,288.0,263.0,302.0,307.0,False,MEDIUM,29.0,True,Ferrari,0 days 01:33:30.752000,,1,2.0,,,False,True
0 days 01:36:06.991000,SAI,55,0 days 00:01:19.673000,30.0,1.0,,0 days 01:36:05.714000,0 days 00:00:25.773000,0 days 00:00:27.861000,0 days 00:00:26.039000,0 days 01:35:13.122000,0 days 01:35:40.983000,0 days 01:36:07.022000,286.0,263.0,,304.0,False,MEDIUM,30.0,True,Ferrari,0 days 01:34:47.318000,,1,3.0,,,False,False
0 days 01:37:41.909000,SAI,55,0 days 00:01:34.918000,31.0,2.0,0 days 01:36:26.400000,,0 days 00:00:45.006000,0 days 00:00:26.937000,0 days 00:00:22.975000,0 days 01:36:52.028000,0 days 01:37:18.965000,0 days 01:37:41.940000,287.0,265.0,317.0,304.0,False,HARD,1.0,True,Ferrari,0 days 01:36:06.991000,,1,8.0,,,False,False
0 days 01:38:57.752000,SAI,55,0 days 00:01:15.843000,32.0,2.0,,,0 days 00:00:26.127000,0 days 00:00:27.042000,0 days 00:00:22.674000,0 days 01:38:08.067000,0 days 01:38:35.109000,0 days 01:38:57.783000,286.0,265.0,301.0,310.0,True,HARD,2.0,True,Ferrari,0 days 01:37:41.909000,,1,8.0,,,False,True
0 days 01:40:12.980000,SAI,55,0 days 00:01:15.228000,33.0,2.0,,,0 days 00:00:25.854000,0 days 00:00:26.953000,0 days 00:00:22.421000,0 days 01:39:23.637000,0 days 01:39:50.590000,0 days 01:40:13.011000,286.0,265.0,302.0,302.0,True,HARD,3.0,True,Ferrari,0 days 01:38:57.752000,,1,7.0,,,False,True
0 days 01:41:27.852000,SAI,55,0 days 00:01:14.872000,34.0,2.0,,,0 days 00:00:25.535000,0 days 00:00:27.052000,0 days 00:00:22.285000,0 days 01:40:38.546000,0 days 01:41:05.598000,0 days 01:41:27.883000,287.0,265.0,303.0,303.0,True,HARD,4.0,True,Ferrari,0 days 01:40:12.980000,,1,7.0,,,False,True
0 days 01:42:42.659000,SAI,55,0 days 00:01:14.807000,35.0,2.0,,,0 days 00:00:25.465000,0 days 00:00:27.070000,0 days 00:00:22.272000,0 days 01:41:53.348000,0 days 01:42:20.418000,0 days 01:42:42.690000,287.0,265.0,303.0,308.0,True,HARD,5.0,True,Ferrari,0 days 01:41:27.852000,,1,7.0,,,False,True
0 days 01:43:57.398000,SAI,55,0 days 00:01:14.739000,36.0,2.0,,,0 days 00:00:25.382000,0 days 00:00:27.104000,0 days 00:00:22.253000,0 days 01:43:08.072000,0 days 01:43:35.176000,0 days 01:43:57.429000,289.0,265.0,303.0,307.0,True,HARD,6.0,True,Ferrari,0 days 01:42:42.659000,,1,7.0,,,False,True
0 days 01:45:12.099000,SAI,55,0 days 00:01:14.701000,37.0,2.0,,,0 days 00:00:25.500000,0 days 00:00:26.991000,0 days 00:00:22.210000,0 days 01:44:22.929000,0 days 01:44:49.920000,0 days 01:45:12.130000,288.0,266.0,303.0,309.0,True,HARD,7.0,True,Ferrari,0 days 01:43:57.398000,,1,7.0,,,False,True
0 days 01:46:26.818000,SAI,55,0 days 00:01:14.719000,38.0,2.0,,,0 days 00:00:25.382000,0 days 00:00:27.123000,0 days 00:00:22.214000,0 days 01:45:37.512000,0 days 01:46:04.635000,0 days 01:46:26.849000,287.0,266.0,303.0,309.0,False,HARD,8.0,True,Ferrari,0 days 01:45:12.099000,,1,7.0,,,False,True
0 days 01:47:41.761000,SAI,55,0 days 00:01:14.943000,39.0,2.0,,,0 days 00:00:25.553000,0 days 00:00:27.135000,0 days 00:00:22.255000,0 days 01:46:52.402000,0 days 01:47:19.537000,0 days 01:47:41.792000,288.0,266.0,305.0,307.0,False,HARD,9.0,True,Ferrari,0 days 01:46:26.818000,,1,7.0,,,False,True
0 days 01:48:55.878000,SAI,55,0 days 00:01:14.117000,40.0,2.0,,,0 days 00:00:25.220000,0 days 00:00:26.874000,0 days 00:00:22.023000,0 days 01:48:07.012000,0 days 01:48:33.886000,0 days 01:48:55.909000,289.0,276.0,319.0,311.0,True,HARD,10.0,True,Ferrari,0 days 01:47:41.761000,,1,7.0,,,False,True
0 days 01:50:10.646000,SAI,55,0 days 00:01:14.768000,41.0,2.0,,,0 days 00:00:25.421000,0 days 00:00:27.138000,0 days 00:00:22.209000,0 days 01:49:21.330000,0 days 01:49:48.468000,0 days 01:50:10.677000,289.0,275.0,320.0,318.0,False,HARD,11.0,True,Ferrari,0 days 01:48:55.878000,,1,7.0,,,False,True
0 days 01:51:25.631000,SAI,55,0 days 00:01:14.985000,42.0,2.0,,,0 days 00:00:25.523000,0 days 00:00:27.295000,0 days 00:00:22.167000,0 days 01:50:36.200000,0 days 01:51:03.495000,0 days 01:51:25.662000,292.0,274.0,319.0,310.0,False,HARD,12.0,True,Ferrari,0 days 01:50:10.646000,,1,7.0,,,False,True
0 days 01:52:40.302000,SAI,55,0 days 00:01:14.671000,43.0,2.0,,,0 days 00:00:25.497000,0 days 00:00:27.092000,0 days 00:00:22.082000,0 days 01:51:51.159000,0 days 01:52:18.251000,0 days 01:52:40.333000,289.0,276.0,322.0,317.0,False,HARD,13.0,True,Ferrari,0 days 01:51:25.631000,,1,7.0,,,False,True
0 days 01:53:55.254000,SAI,55,0 days 00:01:14.952000,44.0,2.0,,,0 days 00:00:25.682000,0 days 00:00:27.153000,0 days 00:00:22.117000,0 days 01:53:06.015000,0 days 01:53:33.168000,0 days 01:53:55.285000,291.0,276.0,324.0,316.0,False,HARD,14.0,True,Ferrari,0 days 01:52:40.302000,,1,7.0,,,False,True
0 days 01:55:10.397000,SAI,55,0 days 00:01:15.143000,45.0,2.0,,,0 days 00:00:25.947000,0 days 00:00:27.045000,0 days 00:00:22.151000,0 days 01:54:21.232000,0 days 01:54:48.277000,0 days 01:55:10.428000,290.0,277.0,324.0,307.0,False,HARD,15.0,True,Ferrari,0 days 01:53:55.254000,,1,7.0,,,False,True
0 days 01:56:25.457000,SAI,55,0 days 00:01:15.060000,46.0,2.0,,,0 days 00:00:25.751000,0 days 00:00:27.187000,0 days 00:00:22.122000,0 days 01:55:36.179000,0 days 01:56:03.366000,0 days 01:56:25.488000,290.0,276.0,324.0,309.0,False,HARD,16.0,True,Ferrari,0 days 01:55:10.397000,,1,7.0,,,False,True
0 days 01:57:40.562000,SAI,55,0 days 00:01:15.105000,47.0,2.0,,,0 days 00:00:25.329000,0 days 00:00:27.337000,0 days 00:00:22.439000,0 days 01:56:50.817000,0 days 01:57:18.154000,0 days 01:57:40.593000,286.0,265.0,303.0,335.0,False,HARD,17.0,True,Ferrari,0 days 01:56:25.457000,,1,6.0,,,False,True
0 days 01:58:55.993000,SAI,55,0 days 00:01:15.431000,48.0,2.0,,,0 days 00:00:25.609000,0 days 00:00:27.350000,0 days 00:00:22.472000,0 days 01:58:06.202000,0 days 01:58:33.552000,0 days 01:58:56.024000,289.0,264.0,303.0,305.0,False,HARD,18.0,True,Ferrari,0 days 01:57:40.562000,,1,6.0,,,False,True
0 days 02:00:11.016000,SAI,55,0 days 00:01:15.023000,49.0,2.0,,,0 days 00:00:25.385000,0 days 00:00:27.187000,0 days 00:00:22.451000,0 days 01:59:21.409000,0 days 01:59:48.596000,0 days 02:00:11.047000,289.0,265.0,303.0,308.0,False,HARD,19.0,True,Ferrari,0 days 01:58:55.993000,,1,6.0,,,False,True
0 days 02:01:25.978000,SAI,55,0 days 00:01:14.962000,50.0,2.0,,,0 days 00:00:25.408000,0 days 00:00:27.222000,0 days 00:00:22.332000,0 days 02:00:36.455000,0 days 02:01:03.677000,0 days 02:01:26.009000,288.0,265.0,305.0,307.0,False,HARD,20.0,True,Ferrari,0 days 02:00:11.016000,,1,6.0,,,False,True
0 days 02:02:40.950000,SAI,55,0 days 00:01:14.972000,51.0,2.0,,,0 days 00:00:25.343000,0 days 00:00:27.224000,0 days 00:00:22.405000,0 days 02:01:51.352000,0 days 02:02:18.576000,0 days 02:02:40.981000,290.0,265.0,305.0,307.0,False,HARD,21.0,True,Ferrari,0 days 02:01:25.978000,,1,6.0,,,False,True
0 days 02:03:55.781000,SAI,55,0 days 00:01:14.831000,52.0,2.0,,,0 days 00:00:25.216000,0 days 00:00:27.296000,0 days 00:00:22.319000,0 days 02:03:06.197000,0 days 02:03:33.493000,0 days 02:03:55.812000,289.0,267.0,306.0,308.0,False,HARD,22.0,True,Ferrari,0 days 02:02:40.950000,,1,6.0,,,False,True
0 days 02:05:10.629000,SAI,55,0 days 00:01:14.848000,53.0,2.0,,,0 days 00:00:25.230000,0 days 00:00:27.289000,0 days 00:00:22.329000,0 days 02:04:21.042000,0 days 02:04:48.331000,0 days 02:05:10.660000,290.0,266.0,307.0,310.0,False,HARD,23.0,True,Ferrari,0 days 02:03:55.781000,,1,6.0,,,False,True
0 days 02:06:25.778000,SAI,55,0 days 00:01:15.149000,54.0,2.0,,,0 days 00:00:25.425000,0 days 00:00:27.304000,0 days 00:00:22.420000,0 days 02:05:36.085000,0 days 02:06:03.389000,0 days 02:06:25.809000,290.0,277.0,321.0,310.0,False,HARD,24.0,True,Ferrari,0 days 02:05:10.629000,,1,5.0,,,False,True
0 days 02:07:41.121000,SAI,55,0 days 00:01:15.343000,55.0,2.0,,,0 days 00:00:25.515000,0 days 00:00:27.472000,0 days 00:00:22.356000,0 days 02:06:51.324000,0 days 02:07:18.796000,0 days 02:07:41.152000,289.0,273.0,307.0,320.0,False,HARD,25.0,True,Ferrari,0 days 02:06:25.778000,,1,5.0,,,False,True
0 days 02:08:56.253000,SAI,55,0 days 00:01:15.132000,56.0,2.0,,,0 days 00:00:25.684000,0 days 00:00:27.103000,0 days 00:00:22.345000,0 days 02:08:06.836000,0 days 02:08:33.939000,0 days 02:08:56.284000,289.0,273.0,303.0,309.0,False,HARD,26.0,True,Ferrari,0 days 02:07:41.121000,,1,5.0,,,False,True
0 days 02:10:10.905000,SAI,55,0 days 00:01:14.652000,57.0,2.0,,,0 days 00:00:25.183000,0 days 00:00:27.114000,0 days 00:00:22.355000,0 days 02:09:21.467000,0 days 02:09:48.581000,0 days 02:10:10.936000,288.0,265.0,303.0,308.0,False,HARD,27.0,True,Ferrari,0 days 02:08:56.253000,,1,5.0,,,False,True
0 days 02:11:25.412000,SAI,55,0 days 00:01:14.507000,58.0,2.0,,,0 days 00:00:25.082000,0 days 00:00:27.266000,0 days 00:00:22.159000,0 days 02:10:36.018000,0 days 02:11:03.284000,0 days 02:11:25.443000,289.0,264.0,303.0,308.0,False,HARD,28.0,True,Ferrari,0 days 02:10:10.905000,,1,5.0,,,False,True
0 days 02:12:39.900000,SAI,55,0 days 00:01:14.488000,59.0,2.0,,,0 days 00:00:25.296000,0 days 00:00:27.089000,0 days 00:00:22.103000,0 days 02:11:50.739000,0 days 02:12:17.828000,0 days 02:12:39.931000,289.0,266.0,302.0,305.0,False,HARD,29.0,True,Ferrari,0 days 02:11:25.412000,,1,5.0,,,False,True
0 days 02:13:54.765000,SAI,55,0 days 00:01:14.865000,60.0,2.0,,,0 days 00:00:25.243000,0 days 00:00:27.303000,0 days 00:00:22.319000,0 days 02:13:05.174000,0 days 02:13:32.477000,0 days 02:13:54.796000,288.0,266.0,304.0,307.0,False,HARD,30.0,True,Ferrari,0 days 02:12:39.900000,,1,5.0,,,False,True
0 days 02:15:10.009000,SAI,55,0 days 00:01:15.244000,61.0,2.0,,,0 days 00:00:25.405000,0 days 00:00:27.407000,0 days 00:00:22.432000,0 days 02:14:20.201000,0 days 02:14:47.608000,0 days 02:15:10.040000,289.0,264.0,305.0,308.0,False,HARD,31.0,True,Ferrari,0 days 02:13:54.765000,,1,5.0,,,False,True
0 days 02:16:25.087000,SAI,55,0 days 00:01:15.078000,62.0,2.0,,,0 days 00:00:25.423000,0 days 00:00:27.387000,0 days 00:00:22.268000,0 days 02:15:35.463000,0 days 02:16:02.850000,0 days 02:16:25.118000,290.0,266.0,304.0,311.0,False,HARD,32.0,True,Ferrari,0 days 02:15:10.009000,,1,5.0,,,False,True
0 days 02:17:39.904000,SAI,55,0 days 00:01:14.817000,63.0,2.0,,,0 days 00:00:25.299000,0 days 00:00:27.191000,0 days 00:00:22.327000,0 days 02:16:50.417000,0 days 02:17:17.608000,0 days 02:17:39.935000,290.0,265.0,302.0,307.0,False,HARD,33.0,True,Ferrari,0 days 02:16:25.087000,,1,5.0,,,False,True
0 days 02:18:54.509000,SAI,55,0 days 00:01:14.605000,64.0,2.0,,,0 days 00:00:25.246000,0 days 00:00:27.194000,0 days 00:00:22.165000,0 days 02:18:05.181000,0 days 02:18:32.375000,0 days 02:18:54.540000,291.0,267.0,302.0,308.0,False,HARD,34.0,True,Ferrari,0 days 02:17:39.904000,,1,5.0,,,False,True
0 days 02:20:09.181000,SAI,55,0 days 00:01:14.672000,65.0,2.0,,,0 days 00:00:25.204000,0 days 00:00:27.147000,0 days 00:00:22.321000,0 days 02:19:19.744000,0 days 02:19:46.891000,0 days 02:20:09.212000,289.0,265.0,304.0,306.0,False,HARD,35.0,True,Ferrari,0 days 02:18:54.509000,,1,5.0,,,False,True
0 days 02:21:23.931000,SAI,55,0 days 00:01:14.750000,66.0,2.0,,,0 days 00:00:25.141000,0 days 00:00:27.376000,0 days 00:00:22.233000,0 days 02:20:34.353000,0 days 02:21:01.729000,0 days 02:21:23.962000,290.0,264.0,305.0,308.0,False,HARD,36.0,True,Ferrari,0 days 02:20:09.181000,,1,5.0,,,False,True
0 days 02:22:39.029000,SAI,55,0 days 00:01:15.098000,67.0,2.0,,,0 days 00:00:25.210000,0 days 00:00:27.406000,0 days 00:00:22.482000,0 days 02:21:49.172000,0 days 02:22:16.578000,0 days 02:22:39.060000,289.0,266.0,305.0,311.0,False,HARD,37.0,True,Ferrari,0 days 02:21:23.931000,,1,5.0,,,False,True
0 days 02:23:54.080000,SAI,55,0 days 00:01:15.051000,68.0,2.0,,,0 days 00:00:25.321000,0 days 00:00:27.405000,0 days 00:00:22.325000,0 days 02:23:04.381000,0 days 02:23:31.786000,0 days 02:23:54.111000,291.0,265.0,305.0,307.0,False,HARD,38.0,True,Ferrari,0 days 02:22:39.029000,,1,5.0,,,False,True
0 days 02:25:09.210000,SAI,55,0 days 00:01:15.130000,69.0,2.0,,,0 days 00:00:25.399000,0 days 00:00:27.356000,0 days 00:00:22.375000,0 days 02:24:19.510000,0 days 02:24:46.866000,0 days 02:25:09.241000,291.0,266.0,305.0,311.0,False,HARD,39.0,True,Ferrari,0 days 02:23:54.080000,,1,5.0,,,False,True
0 days 02:26:24.311000,SAI,55,0 days 00:01:15.101000,70.0,2.0,,,0 days 00:00:25.565000,0 days 00:00:27.241000,0 days 00:00:22.295000,0 days 02:25:34.806000,0 days 02:26:02.047000,0 days 02:26:24.342000,285.0,267.0,303.0,309.0,False,HARD,40.0,True,Ferrari,0 days 02:25:09.210000,,1,5.0,,,False,True
0 days 02:27:38.753000,SAI,55,0 days 00:01:14.442000,71.0,2.0,,,0 days 00:00:25.244000,0 days 00:00:27.061000,0 days 00:00:22.137000,0 days 02:26:49.586000,0 days 02:27:16.647000,0 days 02:27:38.784000,290.0,266.0,303.0,309.0,False,HARD,41.0,True,Ferrari,0 days 02:26:24.311000,,1,5.0,,,False,True
0 days 02:28:53.384000,SAI,55,0 days 00:01:14.631000,72.0,2.0,,,0 days 00:00:25.328000,0 days 00:00:27.091000,0 days 00:00:22.212000,0 days 02:28:04.112000,0 days 02:28:31.203000,0 days 02:28:53.415000,289.0,266.0,306.0,307.0,False,HARD,42.0,True,Ferrari,0 days 02:27:38.753000,,1,5.0,,,False,True
0 days 00:58:59.659000,PER,11,0 days 00:01:23.931000,1.0,1.0,,,,0 days 00:00:28.326000,0 days 00:00:23.345000,,0 days 00:58:36.493000,0 days 00:58:59.765000,283.0,264.0,303.0,212.0,False,MEDIUM,1.0,True,Red Bull Racing,0 days 00:57:35.434000,,1,6.0,,,False,False
0 days 01:00:16.138000,PER,11,0 days 00:01:16.479000,2.0,1.0,,,0 days 00:00:26.523000,0 days 00:00:27.259000,0 days 00:00:22.697000,0 days 00:59:26.231000,0 days 00:59:53.490000,0 days 01:00:16.187000,288.0,276.0,320.0,282.0,True,MEDIUM,2.0,True,Red Bull Racing,0 days 00:58:59.659000,,1,6.0,,,False,True
0 days 01:01:32.559000,PER,11,0 days 00:01:16.421000,3.0,1.0,,,0 days 00:00:26.396000,0 days 00:00:27.269000,0 days 00:00:22.756000,0 days 01:00:42.583000,0 days 01:01:09.852000,0 days 01:01:32.608000,288.0,276.0,322.0,283.0,True,MEDIUM,3.0,True,Red Bull Racing,0 days 01:00:16.138000,,1,6.0,,,False,True
0 days 01:02:49.125000,PER,11,0 days 00:01:16.566000,4.0,1.0,,,0 days 00:00:26.242000,0 days 00:00:27.612000,0 days 00:00:22.712000,0 days 01:01:58.850000,0 days 01:02:26.462000,0 days 01:02:49.174000,289.0,275.0,321.0,305.0,False,MEDIUM,4.0,True,Red Bull Racing,0 days 01:01:32.559000,,1,6.0,,,False,True
0 days 01:04:05.872000,PER,11,0 days 00:01:16.747000,5.0,1.0,,,0 days 00:00:26.162000,0 days 00:00:27.893000,0 days 00:00:22.692000,0 days 01:03:15.336000,0 days 01:03:43.229000,0 days 01:04:05.921000,289.0,274.0,322.0,299.0,False,MEDIUM,5.0,True,Red Bull Racing,0 days 01:02:49.125000,,1,6.0,,,False,True
0 days 01:05:22.258000,PER,11,0 days 00:01:16.386000,6.0,1.0,,,0 days 00:00:26.122000,0 days 00:00:27.789000,0 days 00:00:22.475000,0 days 01:04:32.043000,0 days 01:04:59.832000,0 days 01:05:22.307000,288.0,274.0,323.0,294.0,True,MEDIUM,6.0,True,Red Bull Racing,0 days 01:04:05.872000,,1,6.0,,,False,True
0 days 01:06:39.120000,PER,11,0 days 00:01:16.862000,7.0,1.0,,,0 days 00:00:26.343000,0 days 00:00:27.925000,0 days 00:00:22.594000,0 days 01:05:48.650000,0 days 01:06:16.575000,0 days 01:06:39.169000,287.0,275.0,321.0,293.0,False,MEDIUM,7.0,True,Red Bull Racing,0 days 01:05:22.258000,,1,6.0,,,False,True
0 days 01:07:56.227000,PER,11,0 days 00:01:17.107000,8.0,1.0,,,0 days 00:00:26.131000,0 days 00:00:27.987000,0 days 00:00:22.989000,0 days 01:07:05.300000,0 days 01:07:33.287000,0 days 01:07:56.276000,288.0,274.0,305.0,296.0,False,MEDIUM,8.0,True,Red Bull Racing,0 days 01:06:39.120000,,1,6.0,,,False,True
0 days 01:09:13.125000,PER,11,0 days 00:01:16.898000,9.0,1.0,,,0 days 00:00:26.045000,0 days 00:00:27.898000,0 days 00:00:22.955000,0 days 01:08:22.321000,0 days 01:08:50.219000,0 days 01:09:13.174000,288.0,263.0,303.0,300.0,False,MEDIUM,9.0,True,Red Bull Racing,0 days 01:07:56.227000,,1,6.0,,,False,True
0 days 01:10:29.833000,PER,11,0 days 00:01:16.708000,10.0,1.0,,,0 days 00:00:26.098000,0 days 00:00:27.761000,0 days 00:00:22.849000,0 days 01:09:39.272000,0 days 01:10:07.033000,0 days 01:10:29.882000,289.0,264.0,304.0,296.0,False,MEDIUM,10.0,True,Red Bull Racing,0 days 01:09:13.125000,,1,6.0,,,False,True
0 days 01:11:46.236000,PER,11,0 days 00:01:16.403000,11.0,1.0,,,0 days 00:00:26.038000,0 days 00:00:27.531000,0 days 00:00:22.834000,0 days 01:10:55.920000,0 days 01:11:23.451000,0 days 01:11:46.285000,288.0,265.0,305.0,295.0,False,MEDIUM,11.0,True,Red Bull Racing,0 days 01:10:29.833000,,1,6.0,,,False,True
0 days 01:13:02.623000,PER,11,0 days 00:01:16.387000,12.0,1.0,,,0 days 00:00:25.859000,0 days 00:00:27.777000,0 days 00:00:22.751000,0 days 01:12:12.144000,0 days 01:12:39.921000,0 days 01:13:02.672000,288.0,266.0,305.0,300.0,False,MEDIUM,12.0,True,Red Bull Racing,0 days 01:11:46.236000,,1,6.0,,,False,True
0 days 01:14:19.222000,PER,11,0 days 00:01:16.599000,13.0,1.0,,,0 days 00:00:25.998000,0 days 00:00:27.770000,0 days 00:00:22.831000,0 days 01:13:28.670000,0 days 01:13:56.440000,0 days 01:14:19.271000,288.0,265.0,305.0,300.0,False,MEDIUM,13.0,True,Red Bull Racing,0 days 01:13:02.623000,,1,6.0,,,False,True
0 days 01:15:35.930000,PER,11,0 days 00:01:16.708000,14.0,1.0,,,0 days 00:00:25.912000,0 days 00:00:27.827000,0 days 00:00:22.969000,0 days 01:14:45.183000,0 days 01:15:13.010000,0 days 01:15:35.979000,288.0,264.0,305.0,299.0,False,MEDIUM,14.0,True,Red Bull Racing,0 days 01:14:19.222000,,1,6.0,,,False,True
0 days 01:16:52.511000,PER,11,0 days 00:01:16.581000,15.0,1.0,,,0 days 00:00:25.860000,0 days 00:00:27.814000,0 days 00:00:22.907000,0 days 01:16:01.839000,0 days 01:16:29.653000,0 days 01:16:52.560000,289.0,264.0,304.0,302.0,False,MEDIUM,15.0,True,Red Bull Racing,0 days 01:15:35.930000,,1,6.0,,,False,True
0 days 01:18:09.083000,PER,11,0 days 00:01:16.572000,16.0,1.0,,,0 days 00:00:25.879000,0 days 00:00:27.890000,0 days 00:00:22.803000,0 days 01:17:18.439000,0 days 01:17:46.329000,0 days 01:18:09.132000,289.0,265.0,304.0,297.0,False,MEDIUM,16.0,True,Red Bull Racing,0 days 01:16:52.511000,,1,6.0,,,False,True
0 days 01:19:25.550000,PER,11,0 days 00:01:16.467000,17.0,1.0,,,0 days 00:00:25.806000,0 days 00:00:27.838000,0 days 00:00:22.823000,0 days 01:18:34.938000,0 days 01:19:02.776000,0 days 01:19:25.599000,288.0,265.0,304.0,308.0,False,MEDIUM,17.0,True,Red Bull Racing,0 days 01:18:09.083000,,1,6.0,,,False,True
0 days 01:20:42.281000,PER,11,0 days 00:01:16.731000,18.0,1.0,,,0 days 00:00:25.745000,0 days 00:00:28.080000,0 days 00:00:22.906000,0 days 01:19:51.344000,0 days 01:20:19.424000,0 days 01:20:42.330000,289.0,265.0,304.0,304.0,False,MEDIUM,18.0,True,Red Bull Racing,0 days 01:19:25.550000,,1,6.0,,,False,True
0 days 01:21:58.904000,PER,11,0 days 00:01:16.623000,19.0,1.0,,,0 days 00:00:25.728000,0 days 00:00:28.062000,0 days 00:00:22.833000,0 days 01:21:08.058000,0 days 01:21:36.120000,0 days 01:21:58.953000,289.0,264.0,304.0,298.0,False,MEDIUM,19.0,True,Red Bull Racing,0 days 01:20:42.281000,,1,6.0,,,False,True
0 days 01:23:15.433000,PER,11,0 days 00:01:16.529000,20.0,1.0,,,0 days 00:00:25.865000,0 days 00:00:27.853000,0 days 00:00:22.811000,0 days 01:22:24.818000,0 days 01:22:52.671000,0 days 01:23:15.482000,288.0,264.0,304.0,305.0,False,MEDIUM,20.0,True,Red Bull Racing,0 days 01:21:58.904000,,1,6.0,,,False,True
0 days 01:24:31.962000,PER,11,0 days 00:01:16.529000,21.0,1.0,,,0 days 00:00:25.851000,0 days 00:00:27.854000,0 days 00:00:22.824000,0 days 01:23:41.333000,0 days 01:24:09.187000,0 days 01:24:32.011000,289.0,263.0,302.0,304.0,False,MEDIUM,21.0,True,Red Bull Racing,0 days 01:23:15.433000,,1,6.0,,,False,True
0 days 01:25:48.646000,PER,11,0 days 00:01:16.684000,22.0,1.0,,,0 days 00:00:25.887000,0 days 00:00:27.904000,0 days 00:00:22.893000,0 days 01:24:57.898000,0 days 01:25:25.802000,0 days 01:25:48.695000,291.0,264.0,304.0,299.0,False,MEDIUM,22.0,True,Red Bull Racing,0 days 01:24:31.962000,,1,6.0,,,False,True
0 days 01:27:05.649000,PER,11,0 days 00:01:17.003000,23.0,1.0,,,0 days 00:00:25.961000,0 days 00:00:28.107000,0 days 00:00:22.935000,0 days 01:26:14.656000,0 days 01:26:42.763000,0 days 01:27:05.698000,288.0,264.0,304.0,300.0,False,MEDIUM,23.0,True,Red Bull Racing,0 days 01:25:48.646000,,1,6.0,,,False,True
0 days 01:28:22.719000,PER,11,0 days 00:01:17.070000,24.0,1.0,,,0 days 00:00:25.931000,0 days 00:00:28.053000,0 days 00:00:23.086000,0 days 01:27:31.629000,0 days 01:27:59.682000,0 days 01:28:22.768000,289.0,263.0,302.0,304.0,False,MEDIUM,24.0,True,Red Bull Racing,0 days 01:27:05.649000,,1,6.0,,,False,True
0 days 01:29:39.151000,PER,11,0 days 00:01:16.432000,25.0,1.0,,,0 days 00:00:25.797000,0 days 00:00:27.727000,0 days 00:00:22.908000,0 days 01:28:48.565000,0 days 01:29:16.292000,0 days 01:29:39.200000,289.0,262.0,303.0,305.0,False,MEDIUM,25.0,True,Red Bull Racing,0 days 01:28:22.719000,,1,5.0,,,False,True
0 days 01:30:55.656000,PER,11,0 days 00:01:16.505000,26.0,1.0,,,0 days 00:00:25.713000,0 days 00:00:27.771000,0 days 00:00:23.021000,0 days 01:30:04.913000,0 days 01:30:32.684000,0 days 01:30:55.705000,289.0,263.0,302.0,305.0,False,MEDIUM,26.0,True,Red Bull Racing,0 days 01:29:39.151000,,1,4.0,,,False,True
0 days 01:32:12.017000,PER,11,0 days 00:01:16.361000,27.0,1.0,,,0 days 00:00:25.742000,0 days 00:00:27.808000,0 days 00:00:22.811000,0 days 01:31:21.447000,0 days 01:31:49.255000,0 days 01:32:12.066000,289.0,265.0,303.0,309.0,True,MEDIUM,27.0,True,Red Bull Racing,0 days 01:30:55.656000,,1,4.0,,,False,True
0 days 01:33:28.587000,PER,11,0 days 00:01:16.570000,28.0,1.0,,,0 days 00:00:25.718000,0 days 00:00:27.930000,0 days 00:00:22.922000,0 days 01:32:37.784000,0 days 01:33:05.714000,0 days 01:33:28.636000,288.0,264.0,302.0,303.0,False,MEDIUM,28.0,True,Red Bull Racing,0 days 01:32:12.017000,,1,3.0,,,False,True
0 days 01:34:48.770000,PER,11,0 days 00:01:20.183000,29.0,1.0,,0 days 01:34:47.291000,0 days 00:00:25.531000,0 days 00:00:27.896000,0 days 00:00:26.756000,0 days 01:33:54.167000,0 days 01:34:22.063000,0 days 01:34:48.819000,289.0,264.0,,303.0,False,MEDIUM,29.0,True,Red Bull Racing,0 days 01:33:28.587000,,1,3.0,,,False,False
0 days 01:36:25.307000,PER,11,0 days 00:01:36.537000,30.0,2.0,0 days 01:35:10.283000,,0 days 00:00:47.583000,0 days 00:00:26.522000,0 days 00:00:22.432000,0 days 01:35:36.402000,0 days 01:36:02.924000,0 days 01:36:25.356000,288.0,266.0,302.0,303.0,False,HARD,1.0,True,Red Bull Racing,0 days 01:34:48.770000,,1,9.0,,,False,False
0 days 01:37:40.603000,PER,11,0 days 00:01:15.296000,31.0,2.0,,,0 days 00:00:25.427000,0 days 00:00:26.855000,0 days 00:00:23.014000,0 days 01:36:50.783000,0 days 01:37:17.638000,0 days 01:37:40.652000,290.0,279.0,302.0,309.0,True,HARD,2.0,True,Red Bull Racing,0 days 01:36:25.307000,,1,7.0,,,False,True
0 days 01:38:55.634000,PER,11,0 days 00:01:15.031000,32.0,2.0,,,0 days 00:00:25.426000,0 days 00:00:26.999000,0 days 00:00:22.606000,0 days 01:38:06.078000,0 days 01:38:33.077000,0 days 01:38:55.683000,289.0,266.0,302.0,308.0,True,HARD,3.0,True,Red Bull Racing,0 days 01:37:40.603000,,1,6.0,,,False,True
0 days 01:40:10.307000,PER,11,0 days 00:01:14.673000,33.0,2.0,,,0 days 00:00:25.398000,0 days 00:00:26.810000,0 days 00:00:22.465000,0 days 01:39:21.081000,0 days 01:39:47.891000,0 days 01:40:10.356000,289.0,265.0,303.0,305.0,True,HARD,4.0,True,Red Bull Racing,0 days 01:38:55.634000,,1,6.0,,,False,True
0 days 01:41:25.273000,PER,11,0 days 00:01:14.966000,34.0,2.0,,,0 days 00:00:25.400000,0 days 00:00:27.144000,0 days 00:00:22.422000,0 days 01:40:35.756000,0 days 01:41:02.900000,0 days 01:41:25.322000,289.0,266.0,304.0,309.0,False,HARD,5.0,True,Red Bull Racing,0 days 01:40:10.307000,,1,6.0,,,False,True
0 days 01:42:40.379000,PER,11,0 days 00:01:15.106000,35.0,2.0,,,0 days 00:00:25.478000,0 days 00:00:27.058000,0 days 00:00:22.570000,0 days 01:41:50.800000,0 days 01:42:17.858000,0 days 01:42:40.428000,289.0,266.0,304.0,302.0,False,HARD,6.0,True,Red Bull Racing,0 days 01:41:25.273000,,1,6.0,,,False,True
0 days 01:43:55.225000,PER,11,0 days 00:01:14.846000,36.0,2.0,,,0 days 00:00:25.446000,0 days 00:00:27.062000,0 days 00:00:22.338000,0 days 01:43:05.874000,0 days 01:43:32.936000,0 days 01:43:55.274000,289.0,266.0,304.0,305.0,False,HARD,7.0,True,Red Bull Racing,0 days 01:42:40.379000,,1,6.0,,,False,True
0 days 01:45:10.346000,PER,11,0 days 00:01:15.121000,37.0,2.0,,,0 days 00:00:25.466000,0 days 00:00:27.154000,0 days 00:00:22.501000,0 days 01:44:20.740000,0 days 01:44:47.894000,0 days 01:45:10.395000,290.0,266.0,303.0,302.0,False,HARD,8.0,True,Red Bull Racing,0 days 01:43:55.225000,,1,6.0,,,False,True
0 days 01:46:25.448000,PER,11,0 days 00:01:15.102000,38.0,2.0,,,0 days 00:00:25.572000,0 days 00:00:27.112000,0 days 00:00:22.418000,0 days 01:45:35.967000,0 days 01:46:03.079000,0 days 01:46:25.497000,289.0,266.0,303.0,305.0,False,HARD,9.0,True,Red Bull Racing,0 days 01:45:10.346000,,1,6.0,,,False,True
0 days 01:47:40.397000,PER,11,0 days 00:01:14.949000,39.0,2.0,,,0 days 00:00:25.385000,0 days 00:00:27.165000,0 days 00:00:22.399000,0 days 01:46:50.882000,0 days 01:47:18.047000,0 days 01:47:40.446000,289.0,267.0,305.0,303.0,False,HARD,10.0,True,Red Bull Racing,0 days 01:46:25.448000,,1,6.0,,,False,True
0 days 01:48:55.189000,PER,11,0 days 00:01:14.792000,40.0,2.0,,,0 days 00:00:25.430000,0 days 00:00:26.964000,0 days 00:00:22.398000,0 days 01:48:05.876000,0 days 01:48:32.840000,0 days 01:48:55.238000,289.0,267.0,303.0,308.0,False,HARD,11.0,True,Red Bull Racing,0 days 01:47:40.397000,,1,6.0,,,False,True
0 days 01:50:10.068000,PER,11,0 days 00:01:14.879000,41.0,2.0,,,0 days 00:00:25.291000,0 days 00:00:27.119000,0 days 00:00:22.469000,0 days 01:49:20.529000,0 days 01:49:47.648000,0 days 01:50:10.117000,290.0,263.0,304.0,310.0,False,HARD,12.0,True,Red Bull Racing,0 days 01:48:55.189000,,1,6.0,,,False,True
0 days 01:51:24.896000,PER,11,0 days 00:01:14.828000,42.0,2.0,,,0 days 00:00:25.409000,0 days 00:00:27.018000,0 days 00:00:22.401000,0 days 01:50:35.526000,0 days 01:51:02.544000,0 days 01:51:24.945000,291.0,264.0,304.0,308.0,False,HARD,13.0,True,Red Bull Racing,0 days 01:50:10.068000,,1,6.0,,,False,True
0 days 01:52:39.826000,PER,11,0 days 00:01:14.930000,43.0,2.0,,,0 days 00:00:25.385000,0 days 00:00:27.078000,0 days 00:00:22.467000,0 days 01:51:50.330000,0 days 01:52:17.408000,0 days 01:52:39.875000,291.0,265.0,305.0,309.0,False,HARD,14.0,True,Red Bull Racing,0 days 01:51:24.896000,,1,6.0,,,False,True
0 days 01:53:54.969000,PER,11,0 days 00:01:15.143000,44.0,2.0,,,0 days 00:00:25.511000,0 days 00:00:27.109000,0 days 00:00:22.523000,0 days 01:53:05.386000,0 days 01:53:32.495000,0 days 01:53:55.018000,292.0,266.0,306.0,313.0,False,HARD,15.0,True,Red Bull Racing,0 days 01:52:39.826000,,1,6.0,,,False,True
0 days 01:55:10.107000,PER,11,0 days 00:01:15.138000,45.0,2.0,,,0 days 00:00:25.518000,0 days 00:00:27.096000,0 days 00:00:22.524000,0 days 01:54:20.536000,0 days 01:54:47.632000,0 days 01:55:10.156000,291.0,266.0,304.0,306.0,False,HARD,16.0,True,Red Bull Racing,0 days 01:53:54.969000,,1,6.0,,,False,True
0 days 01:56:25.210000,PER,11,0 days 00:01:15.103000,46.0,2.0,,,0 days 00:00:25.348000,0 days 00:00:27.369000,0 days 00:00:22.386000,0 days 01:55:35.504000,0 days 01:56:02.873000,0 days 01:56:25.259000,292.0,264.0,306.0,309.0,False,HARD,17.0,True,Red Bull Racing,0 days 01:55:10.107000,,1,6.0,,,False,True
0 days 01:57:41.696000,PER,11,0 days 00:01:16.486000,47.0,2.0,,,0 days 00:00:26.218000,0 days 00:00:27.598000,0 days 00:00:22.670000,0 days 01:56:51.477000,0 days 01:57:19.075000,0 days 01:57:41.745000,292.0,276.0,306.0,302.0,False,HARD,18.0,True,Red Bull Racing,0 days 01:56:25.210000,,1,7.0,,,False,True
0 days 01:58:57.297000,PER,11,0 days 00:01:15.601000,48.0,2.0,,,0 days 00:00:25.588000,0 days 00:00:27.411000,0 days 00:00:22.602000,0 days 01:58:07.333000,0 days 01:58:34.744000,0 days 01:58:57.346000,293.0,265.0,306.0,307.0,False,HARD,19.0,True,Red Bull Racing,0 days 01:57:41.696000,,1,7.0,,,False,True
0 days 02:00:12.789000,PER,11,0 days 00:01:15.492000,49.0,2.0,,,0 days 00:00:25.486000,0 days 00:00:27.472000,0 days 00:00:22.534000,0 days 01:59:22.832000,0 days 01:59:50.304000,0 days 02:00:12.838000,293.0,266.0,306.0,305.0,False,HARD,20.0,True,Red Bull Racing,0 days 01:58:57.297000,,1,7.0,,,False,True
0 days 02:01:28.103000,PER,11,0 days 00:01:15.314000,50.0,2.0,,,0 days 00:00:25.524000,0 days 00:00:27.314000,0 days 00:00:22.476000,0 days 02:00:38.362000,0 days 02:01:05.676000,0 days 02:01:28.152000,291.0,265.0,307.0,307.0,False,HARD,21.0,True,Red Bull Racing,0 days 02:00:12.789000,,1,7.0,,,False,True
0 days 02:02:43.223000,PER,11,0 days 00:01:15.120000,51.0,2.0,,,0 days 00:00:25.328000,0 days 00:00:27.301000,0 days 00:00:22.491000,0 days 02:01:53.480000,0 days 02:02:20.781000,0 days 02:02:43.272000,292.0,266.0,306.0,304.0,False,HARD,22.0,True,Red Bull Racing,0 days 02:01:28.103000,,1,7.0,,,False,True
0 days 02:03:58.269000,PER,11,0 days 00:01:15.046000,52.0,2.0,,,0 days 00:00:25.432000,0 days 00:00:27.208000,0 days 00:00:22.406000,0 days 02:03:08.704000,0 days 02:03:35.912000,0 days 02:03:58.318000,291.0,268.0,306.0,306.0,False,HARD,23.0,True,Red Bull Racing,0 days 02:02:43.223000,,1,7.0,,,False,True
0 days 02:05:13.535000,PER,11,0 days 00:01:15.266000,53.0,2.0,,,0 days 00:00:25.459000,0 days 00:00:27.282000,0 days 00:00:22.525000,0 days 02:04:23.777000,0 days 02:04:51.059000,0 days 02:05:13.584000,291.0,267.0,306.0,311.0,False,HARD,24.0,True,Red Bull Racing,0 days 02:03:58.269000,,1,7.0,,,False,True
0 days 02:06:28.704000,PER,11,0 days 00:01:15.169000,54.0,2.0,,,0 days 00:00:25.442000,0 days 00:00:27.204000,0 days 00:00:22.523000,0 days 02:05:39.026000,0 days 02:06:06.230000,0 days 02:06:28.753000,291.0,268.0,305.0,308.0,False,HARD,25.0,True,Red Bull Racing,0 days 02:05:13.535000,,1,7.0,,,False,True
0 days 02:07:44.154000,PER,11,0 days 00:01:15.450000,55.0,2.0,,,0 days 00:00:25.467000,0 days 00:00:27.329000,0 days 00:00:22.654000,0 days 02:06:54.220000,0 days 02:07:21.549000,0 days 02:07:44.203000,291.0,265.0,306.0,311.0,False,HARD,26.0,True,Red Bull Racing,0 days 02:06:28.704000,,1,6.0,,,False,True
0 days 02:08:59.675000,PER,11,0 days 00:01:15.521000,56.0,2.0,,,0 days 00:00:25.383000,0 days 00:00:27.453000,0 days 00:00:22.685000,0 days 02:08:09.586000,0 days 02:08:37.039000,0 days 02:08:59.724000,293.0,268.0,310.0,307.0,False,HARD,27.0,True,Red Bull Racing,0 days 02:07:44.154000,,1,6.0,,,False,True
0 days 02:10:15.389000,PER,11,0 days 00:01:15.714000,57.0,2.0,,,0 days 00:00:25.608000,0 days 00:00:27.548000,0 days 00:00:22.558000,0 days 02:09:25.332000,0 days 02:09:52.880000,0 days 02:10:15.438000,292.0,278.0,308.0,302.0,False,HARD,28.0,True,Red Bull Racing,0 days 02:08:59.675000,,1,6.0,,,False,True
0 days 02:11:31.587000,PER,11,0 days 00:01:16.198000,58.0,2.0,,,0 days 00:00:25.682000,0 days 00:00:27.715000,0 days 00:00:22.801000,0 days 02:10:41.120000,0 days 02:11:08.835000,0 days 02:11:31.636000,292.0,276.0,306.0,304.0,False,HARD,29.0,True,Red Bull Racing,0 days 02:10:15.389000,,1,6.0,,,False,True
0 days 02:12:46.874000,PER,11,0 days 00:01:15.287000,59.0,2.0,,,0 days 00:00:25.438000,0 days 00:00:27.373000,0 days 00:00:22.476000,0 days 02:11:57.074000,0 days 02:12:24.447000,0 days 02:12:46.923000,292.0,276.0,303.0,308.0,False,HARD,30.0,True,Red Bull Racing,0 days 02:11:31.587000,,1,6.0,,,False,True
0 days 02:14:02.071000,PER,11,0 days 00:01:15.197000,60.0,2.0,,,0 days 00:00:25.416000,0 days 00:00:27.312000,0 days 00:00:22.469000,0 days 02:13:12.339000,0 days 02:13:39.651000,0 days 02:14:02.120000,290.0,267.0,303.0,312.0,False,HARD,31.0,True,Red Bull Racing,0 days 02:12:46.874000,,1,6.0,,,False,True
0 days 02:15:17.134000,PER,11,0 days 00:01:15.063000,61.0,2.0,,,0 days 00:00:25.346000,0 days 00:00:27.313000,0 days 00:00:22.404000,0 days 02:14:27.466000,0 days 02:14:54.779000,0 days 02:15:17.183000,290.0,266.0,304.0,310.0,False,HARD,32.0,True,Red Bull Racing,0 days 02:14:02.071000,,1,6.0,,,False,True
0 days 02:16:32.168000,PER,11,0 days 00:01:15.034000,62.0,2.0,,,0 days 00:00:25.477000,0 days 00:00:27.143000,0 days 00:00:22.414000,0 days 02:15:42.660000,0 days 02:16:09.803000,0 days 02:16:32.217000,291.0,268.0,304.0,309.0,False,HARD,33.0,True,Red Bull Racing,0 days 02:15:17.134000,,1,6.0,,,False,True
0 days 02:17:47.249000,PER,11,0 days 00:01:15.081000,63.0,2.0,,,0 days 00:00:25.421000,0 days 00:00:27.244000,0 days 00:00:22.416000,0 days 02:16:57.638000,0 days 02:17:24.882000,0 days 02:17:47.298000,293.0,267.0,304.0,309.0,False,HARD,34.0,True,Red Bull Racing,0 days 02:16:32.168000,,1,6.0,,,False,True
0 days 02:19:01.948000,PER,11,0 days 00:01:14.699000,64.0,2.0,,,0 days 00:00:25.240000,0 days 00:00:27.172000,0 days 00:00:22.287000,0 days 02:18:12.538000,0 days 02:18:39.710000,0 days 02:19:01.997000,293.0,267.0,304.0,312.0,False,HARD,35.0,True,Red Bull Racing,0 days 02:17:47.249000,,1,6.0,,,False,True
0 days 02:20:16.880000,PER,11,0 days 00:01:14.932000,65.0,2.0,,,0 days 00:00:25.310000,0 days 00:00:27.291000,0 days 00:00:22.331000,0 days 02:19:27.307000,0 days 02:19:54.598000,0 days 02:20:16.929000,290.0,266.0,305.0,312.0,False,HARD,36.0,True,Red Bull Racing,0 days 02:19:01.948000,,1,6.0,,,False,True
0 days 02:21:31.490000,PER,11,0 days 00:01:14.610000,66.0,2.0,,,0 days 00:00:25.230000,0 days 00:00:27.046000,0 days 00:00:22.334000,0 days 02:20:42.159000,0 days 02:21:09.205000,0 days 02:21:31.539000,292.0,266.0,306.0,312.0,True,HARD,37.0,True,Red Bull Racing,0 days 02:20:16.880000,,1,6.0,,,False,True
0 days 02:22:46.339000,PER,11,0 days 00:01:14.849000,67.0,2.0,,,0 days 00:00:25.169000,0 days 00:00:27.275000,0 days 00:00:22.405000,0 days 02:21:56.708000,0 days 02:22:23.983000,0 days 02:22:46.388000,291.0,266.0,307.0,313.0,False,HARD,38.0,True,Red Bull Racing,0 days 02:21:31.490000,,1,6.0,,,False,True
0 days 02:24:01.471000,PER,11,0 days 00:01:15.132000,68.0,2.0,,,0 days 00:00:25.233000,0 days 00:00:27.530000,0 days 00:00:22.369000,0 days 02:23:11.621000,0 days 02:23:39.151000,0 days 02:24:01.520000,293.0,267.0,305.0,312.0,False,HARD,39.0,True,Red Bull Racing,0 days 02:22:46.339000,,1,6.0,,,False,True
0 days 02:25:16.058000,PER,11,0 days 00:01:14.587000,69.0,2.0,,,0 days 00:00:25.153000,0 days 00:00:27.174000,0 days 00:00:22.260000,0 days 02:24:26.673000,0 days 02:24:53.847000,0 days 02:25:16.107000,291.0,267.0,305.0,314.0,True,HARD,40.0,True,Red Bull Racing,0 days 02:24:01.471000,,1,6.0,,,False,True
0 days 02:26:30.909000,PER,11,0 days 00:01:14.851000,70.0,2.0,,,0 days 00:00:25.207000,0 days 00:00:27.115000,0 days 00:00:22.529000,0 days 02:25:41.314000,0 days 02:26:08.429000,0 days 02:26:30.958000,292.0,268.0,305.0,313.0,False,HARD,41.0,True,Red Bull Racing,0 days 02:25:16.058000,,1,6.0,,,False,True
0 days 02:27:45.833000,PER,11,0 days 00:01:14.924000,71.0,2.0,,,0 days 00:00:25.263000,0 days 00:00:27.165000,0 days 00:00:22.496000,0 days 02:26:56.221000,0 days 02:27:23.386000,0 days 02:27:45.882000,293.0,267.0,305.0,311.0,False,HARD,42.0,True,Red Bull Racing,0 days 02:26:30.909000,,1,6.0,,,False,True
0 days 02:29:00.789000,PER,11,0 days 00:01:14.956000,72.0,2.0,,,0 days 00:00:25.314000,0 days 00:00:27.143000,0 days 00:00:22.499000,0 days 02:28:11.196000,0 days 02:28:38.339000,0 days 02:29:00.838000,292.0,268.0,307.0,310.0,False,HARD,43.0,True,Red Bull Racing,0 days 02:27:45.833000,,1,6.0,,,False,True
0 days 00:58:57.457000,RUS,63,0 days 00:01:21.729000,1.0,1.0,,,,0 days 00:00:27.321000,0 days 00:00:22.951000,,0 days 00:58:34.651000,0 days 00:58:57.634000,286.0,265.0,301.0,216.0,False,MEDIUM,1.0,True,Mercedes,0 days 00:57:35.434000,,1,3.0,,,False,False
0 days 01:00:13.846000,RUS,63,0 days 00:01:16.389000,2.0,1.0,,,0 days 00:00:26.349000,0 days 00:00:27.159000,0 days 00:00:22.881000,0 days 00:59:23.864000,0 days 00:59:51.023000,0 days 01:00:13.904000,285.0,266.0,302.0,298.0,True,MEDIUM,2.0,True,Mercedes,0 days 00:58:57.457000,,1,3.0,,,False,True
0 days 01:01:30.378000,RUS,63,0 days 00:01:16.532000,3.0,1.0,,,0 days 00:00:26.294000,0 days 00:00:27.511000,0 days 00:00:22.727000,0 days 01:00:40.198000,0 days 01:01:07.709000,0 days 01:01:30.436000,285.0,266.0,304.0,298.0,False,MEDIUM,3.0,True,Mercedes,0 days 01:00:13.846000,,1,3.0,,,False,True
0 days 01:02:47.011000,RUS,63,0 days 00:01:16.633000,4.0,1.0,,,0 days 00:00:26.248000,0 days 00:00:27.674000,0 days 00:00:22.711000,0 days 01:01:56.684000,0 days 01:02:24.358000,0 days 01:02:47.069000,287.0,265.0,303.0,303.0,False,MEDIUM,4.0,True,Mercedes,0 days 01:01:30.378000,,1,3.0,,,False,True
0 days 01:04:03.573000,RUS,63,0 days 00:01:16.562000,5.0,1.0,,,0 days 00:00:26.115000,0 days 00:00:27.651000,0 days 00:00:22.796000,0 days 01:03:13.184000,0 days 01:03:40.835000,0 days 01:04:03.631000,285.0,265.0,303.0,300.0,False,MEDIUM,5.0,True,Mercedes,0 days 01:02:47.011000,,1,3.0,,,False,True
0 days 01:05:20.021000,RUS,63,0 days 00:01:16.448000,6.0,1.0,,,0 days 00:00:26.019000,0 days 00:00:27.651000,0 days 00:00:22.778000,0 days 01:04:29.650000,0 days 01:04:57.301000,0 days 01:05:20.079000,286.0,265.0,303.0,299.0,False,MEDIUM,6.0,True,Mercedes,0 days 01:04:03.573000,,1,3.0,,,False,True
0 days 01:06:36.617000,RUS,63,0 days 00:01:16.596000,7.0,1.0,,,0 days 00:00:26.082000,0 days 00:00:27.748000,0 days 00:00:22.766000,0 days 01:05:46.161000,0 days 01:06:13.909000,0 days 01:06:36.675000,285.0,266.0,303.0,303.0,False,MEDIUM,7.0,True,Mercedes,0 days 01:05:20.021000,,1,3.0,,,False,True
0 days 01:07:53.237000,RUS,63,0 days 00:01:16.620000,8.0,1.0,,,0 days 00:00:25.886000,0 days 00:00:27.915000,0 days 00:00:22.819000,0 days 01:07:02.561000,0 days 01:07:30.476000,0 days 01:07:53.295000,286.0,266.0,302.0,304.0,False,MEDIUM,8.0,True,Mercedes,0 days 01:06:36.617000,,1,3.0,,,False,True
0 days 01:09:09.857000,RUS,63,0 days 00:01:16.620000,9.0,1.0,,,0 days 00:00:25.897000,0 days 00:00:27.905000,0 days 00:00:22.818000,0 days 01:08:19.192000,0 days 01:08:47.097000,0 days 01:09:09.915000,285.0,264.0,302.0,304.0,False,MEDIUM,9.0,True,Mercedes,0 days 01:07:53.237000,,1,3.0,,,False,True
0 days 01:10:26.582000,RUS,63,0 days 00:01:16.725000,10.0,1.0,,,0 days 00:00:26.012000,0 days 00:00:27.934000,0 days 00:00:22.779000,0 days 01:09:35.927000,0 days 01:10:03.861000,0 days 01:10:26.640000,286.0,264.0,303.0,304.0,False,MEDIUM,10.0,True,Mercedes,0 days 01:09:09.857000,,1,3.0,,,False,True
0 days 01:11:42.948000,RUS,63,0 days 00:01:16.366000,11.0,1.0,,,0 days 00:00:25.970000,0 days 00:00:27.711000,0 days 00:00:22.685000,0 days 01:10:52.610000,0 days 01:11:20.321000,0 days 01:11:43.006000,287.0,266.0,302.0,304.0,True,MEDIUM,11.0,True,Mercedes,0 days 01:10:26.582000,,1,3.0,,,False,True
0 days 01:12:59.331000,RUS,63,0 days 00:01:16.383000,12.0,1.0,,,0 days 00:00:25.742000,0 days 00:00:27.893000,0 days 00:00:22.748000,0 days 01:12:08.748000,0 days 01:12:36.641000,0 days 01:12:59.389000,286.0,266.0,303.0,302.0,False,MEDIUM,12.0,True,Mercedes,0 days 01:11:42.948000,,1,3.0,,,False,True
0 days 01:14:15.977000,RUS,63,0 days 00:01:16.646000,13.0,1.0,,,0 days 00:00:25.907000,0 days 00:00:27.844000,0 days 00:00:22.895000,0 days 01:13:25.296000,0 days 01:13:53.140000,0 days 01:14:16.035000,285.0,265.0,302.0,302.0,False,MEDIUM,13.0,True,Mercedes,0 days 01:12:59.331000,,1,3.0,,,False,True
0 days 01:15:32.289000,RUS,63,0 days 00:01:16.312000,14.0,1.0,,,0 days 00:00:25.881000,0 days 00:00:27.643000,0 days 00:00:22.788000,0 days 01:14:41.916000,0 days 01:15:09.559000,0 days 01:15:32.347000,285.0,264.0,302.0,302.0,True,MEDIUM,14.0,True,Mercedes,0 days 01:14:15.977000,,1,3.0,,,False,True
0 days 01:16:48.625000,RUS,63,0 days 00:01:16.336000,15.0,1.0,,,0 days 00:00:25.865000,0 days 00:00:27.679000,0 days 00:00:22.792000,0 days 01:15:58.212000,0 days 01:16:25.891000,0 days 01:16:48.683000,286.0,265.0,303.0,302.0,False,MEDIUM,15.0,True,Mercedes,0 days 01:15:32.289000,,1,3.0,,,False,True
0 days 01:18:04.882000,RUS,63,0 days 00:01:16.257000,16.0,1.0,,,0 days 00:00:25.871000,0 days 00:00:27.638000,0 days 00:00:22.748000,0 days 01:17:14.554000,0 days 01:17:42.192000,0 days 01:18:04.940000,287.0,266.0,303.0,298.0,True,MEDIUM,16.0,True,Mercedes,0 days 01:16:48.625000,,1,3.0,,,False,True
0 days 01:19:21.147000,RUS,63,0 days 00:01:16.265000,17.0,1.0,,,0 days 00:00:25.761000,0 days 00:00:27.703000,0 days 00:00:22.801000,0 days 01:18:30.701000,0 days 01:18:58.404000,0 days 01:19:21.205000,286.0,266.0,303.0,300.0,False,MEDIUM,17.0,True,Mercedes,0 days 01:18:04.882000,,1,3.0,,,False,True
0 days 01:20:37.729000,RUS,63,0 days 00:01:16.582000,18.0,1.0,,,0 days 00:00:25.892000,0 days 00:00:27.885000,0 days 00:00:22.805000,0 days 01:19:47.097000,0 days 01:20:14.982000,0 days 01:20:37.787000,286.0,266.0,303.0,301.0,False,MEDIUM,18.0,True,Mercedes,0 days 01:19:21.147000,,1,3.0,,,False,True
0 days 01:21:54.301000,RUS,63,0 days 00:01:16.572000,19.0,1.0,,,0 days 00:00:25.709000,0 days 00:00:28.011000,0 days 00:00:22.852000,0 days 01:21:03.496000,0 days 01:21:31.507000,0 days 01:21:54.359000,288.0,264.0,303.0,299.0,False,MEDIUM,19.0,True,Mercedes,0 days 01:20:37.729000,,1,3.0,,,False,True
0 days 01:23:10.932000,RUS,63,0 days 00:01:16.631000,20.0,1.0,,,0 days 00:00:25.900000,0 days 00:00:27.822000,0 days 00:00:22.909000,0 days 01:22:20.259000,0 days 01:22:48.081000,0 days 01:23:10.990000,286.0,265.0,303.0,301.0,False,MEDIUM,20.0,True,Mercedes,0 days 01:21:54.301000,,1,3.0,,,False,True
0 days 01:24:27.573000,RUS,63,0 days 00:01:16.641000,21.0,1.0,,,0 days 00:00:25.737000,0 days 00:00:28.042000,0 days 00:00:22.862000,0 days 01:23:36.727000,0 days 01:24:04.769000,0 days 01:24:27.631000,288.0,264.0,302.0,305.0,False,MEDIUM,21.0,True,Mercedes,0 days 01:23:10.932000,,1,3.0,,,False,True
0 days 01:25:44.306000,RUS,63,0 days 00:01:16.733000,22.0,1.0,,,0 days 00:00:25.761000,0 days 00:00:28.060000,0 days 00:00:22.912000,0 days 01:24:53.392000,0 days 01:25:21.452000,0 days 01:25:44.364000,289.0,264.0,302.0,299.0,False,MEDIUM,22.0,True,Mercedes,0 days 01:24:27.573000,,1,3.0,,,False,True
0 days 01:27:01.061000,RUS,63,0 days 00:01:16.755000,23.0,1.0,,,0 days 00:00:25.846000,0 days 00:00:28.038000,0 days 00:00:22.871000,0 days 01:26:10.210000,0 days 01:26:38.248000,0 days 01:27:01.119000,286.0,265.0,303.0,309.0,False,MEDIUM,23.0,True,Mercedes,0 days 01:25:44.306000,,1,3.0,,,False,True
0 days 01:28:18.022000,RUS,63,0 days 00:01:16.961000,24.0,1.0,,,0 days 00:00:25.964000,0 days 00:00:28.054000,0 days 00:00:22.943000,0 days 01:27:27.083000,0 days 01:27:55.137000,0 days 01:28:18.080000,287.0,264.0,302.0,302.0,False,MEDIUM,24.0,True,Mercedes,0 days 01:27:01.061000,,1,3.0,,,False,True
0 days 01:29:37.200000,RUS,63,0 days 00:01:19.178000,25.0,1.0,,0 days 01:29:35.841000,0 days 00:00:25.758000,0 days 00:00:27.734000,0 days 00:00:25.686000,0 days 01:28:43.838000,0 days 01:29:11.572000,0 days 01:29:37.258000,287.0,264.0,,310.0,False,MEDIUM,25.0,True,Mercedes,0 days 01:28:18.022000,,1,4.0,,,False,False
0 days 01:31:13.011000,RUS,63,0 days 00:01:35.811000,26.0,2.0,0 days 01:29:57.497000,,0 days 00:00:46.183000,0 days 00:00:27.054000,0 days 00:00:22.574000,0 days 01:30:23.441000,0 days 01:30:50.495000,0 days 01:31:13.069000,288.0,277.0,303.0,310.0,False,HARD,1.0,True,Mercedes,0 days 01:29:37.200000,,1,8.0,,,False,False
0 days 01:32:27.543000,RUS,63,0 days 00:01:14.532000,27.0,2.0,,,0 days 00:00:25.487000,0 days 00:00:26.631000,0 days 00:00:22.414000,0 days 01:31:38.556000,0 days 01:32:05.187000,0 days 01:32:27.601000,288.0,270.0,305.0,312.0,True,HARD,2.0,True,Mercedes,0 days 01:31:13.011000,,1,8.0,,,False,True
0 days 01:33:43.291000,RUS,63,0 days 00:01:15.748000,28.0,2.0,,,0 days 00:00:25.914000,0 days 00:00:27.156000,0 days 00:00:22.678000,0 days 01:32:53.515000,0 days 01:33:20.671000,0 days 01:33:43.349000,283.0,264.0,320.0,300.0,False,HARD,3.0,True,Mercedes,0 days 01:32:27.543000,,1,8.0,,,False,True
0 days 01:35:00.743000,RUS,63,0 days 00:01:17.452000,29.0,2.0,,,0 days 00:00:26.417000,0 days 00:00:28.024000,0 days 00:00:23.011000,0 days 01:34:09.766000,0 days 01:34:37.790000,0 days 01:35:00.801000,291.0,275.0,306.0,309.0,False,HARD,4.0,True,Mercedes,0 days 01:33:43.291000,,1,7.0,,,False,True
0 days 01:36:16.406000,RUS,63,0 days 00:01:15.663000,30.0,2.0,,,0 days 00:00:25.841000,0 days 00:00:27.154000,0 days 00:00:22.668000,0 days 01:35:26.642000,0 days 01:35:53.796000,0 days 01:36:16.464000,288.0,267.0,304.0,303.0,False,HARD,5.0,True,Mercedes,0 days 01:35:00.743000,,1,6.0,,,False,True
0 days 01:37:32.239000,RUS,63,0 days 00:01:15.833000,31.0,2.0,,,0 days 00:00:25.675000,0 days 00:00:27.500000,0 days 00:00:22.658000,0 days 01:36:42.139000,0 days 01:37:09.639000,0 days 01:37:32.297000,288.0,267.0,303.0,308.0,False,HARD,6.0,True,Mercedes,0 days 01:36:16.406000,,1,5.0,,,False,True
0 days 01:38:47.864000,RUS,63,0 days 00:01:15.625000,32.0,2.0,,,0 days 00:00:25.578000,0 days 00:00:27.302000,0 days 00:00:22.745000,0 days 01:37:57.875000,0 days 01:38:25.177000,0 days 01:38:47.922000,288.0,267.0,304.0,308.0,False,HARD,7.0,True,Mercedes,0 days 01:37:32.239000,,1,5.0,,,False,True
0 days 01:40:03.430000,RUS,63,0 days 00:01:15.566000,33.0,2.0,,,0 days 00:00:25.717000,0 days 00:00:27.312000,0 days 00:00:22.537000,0 days 01:39:13.639000,0 days 01:39:40.951000,0 days 01:40:03.488000,288.0,266.0,304.0,309.0,False,HARD,8.0,True,Mercedes,0 days 01:38:47.864000,,1,5.0,,,False,True
0 days 01:41:18.469000,RUS,63,0 days 00:01:15.039000,34.0,2.0,,,0 days 00:00:25.551000,0 days 00:00:27.065000,0 days 00:00:22.423000,0 days 01:40:29.039000,0 days 01:40:56.104000,0 days 01:41:18.527000,287.0,266.0,305.0,309.0,False,HARD,9.0,True,Mercedes,0 days 01:40:03.430000,,1,4.0,,,False,True
0 days 01:42:33.375000,RUS,63,0 days 00:01:14.906000,35.0,2.0,,,0 days 00:00:25.408000,0 days 00:00:27.030000,0 days 00:00:22.468000,0 days 01:41:43.935000,0 days 01:42:10.965000,0 days 01:42:33.433000,287.0,267.0,304.0,308.0,False,HARD,10.0,True,Mercedes,0 days 01:41:18.469000,,1,4.0,,,False,True
0 days 01:43:48.500000,RUS,63,0 days 00:01:15.125000,36.0,2.0,,,0 days 00:00:25.374000,0 days 00:00:27.302000,0 days 00:00:22.449000,0 days 01:42:58.807000,0 days 01:43:26.109000,0 days 01:43:48.558000,288.0,266.0,305.0,309.0,False,HARD,11.0,True,Mercedes,0 days 01:42:33.375000,,1,4.0,,,False,True
0 days 01:45:03.758000,RUS,63,0 days 00:01:15.258000,37.0,2.0,,,0 days 00:00:25.481000,0 days 00:00:27.263000,0 days 00:00:22.514000,0 days 01:44:14.039000,0 days 01:44:41.302000,0 days 01:45:03.816000,289.0,268.0,304.0,307.0,False,HARD,12.0,True,Mercedes,0 days 01:43:48.500000,,1,4.0,,,False,True
0 days 01:46:19.306000,RUS,63,0 days 00:01:15.548000,38.0,2.0,,,0 days 00:00:25.604000,0 days 00:00:27.438000,0 days 00:00:22.506000,0 days 01:45:29.420000,0 days 01:45:56.858000,0 days 01:46:19.364000,288.0,268.0,304.0,307.0,False,HARD,13.0,True,Mercedes,0 days 01:45:03.758000,,1,4.0,,,False,True
0 days 01:47:34.600000,RUS,63,0 days 00:01:15.294000,39.0,2.0,,,0 days 00:00:25.433000,0 days 00:00:27.369000,0 days 00:00:22.492000,0 days 01:46:44.797000,0 days 01:47:12.166000,0 days 01:47:34.658000,288.0,268.0,306.0,310.0,False,HARD,14.0,True,Mercedes,0 days 01:46:19.306000,,1,4.0,,,False,True
0 days 01:48:50.972000,RUS,63,0 days 00:01:16.372000,40.0,2.0,,,0 days 00:00:26.138000,0 days 00:00:27.513000,0 days 00:00:22.721000,0 days 01:48:00.796000,0 days 01:48:28.309000,0 days 01:48:51.030000,291.0,277.0,306.0,304.0,False,HARD,15.0,True,Mercedes,0 days 01:47:34.600000,,1,5.0,,,False,True
0 days 01:50:06.509000,RUS,63,0 days 00:01:15.537000,41.0,2.0,,,0 days 00:00:25.559000,0 days 00:00:27.358000,0 days 00:00:22.620000,0 days 01:49:16.589000,0 days 01:49:43.947000,0 days 01:50:06.567000,288.0,265.0,304.0,310.0,False,HARD,16.0,True,Mercedes,0 days 01:48:50.972000,,1,5.0,,,False,True
0 days 01:51:21.963000,RUS,63,0 days 00:01:15.454000,42.0,2.0,,,0 days 00:00:25.585000,0 days 00:00:27.322000,0 days 00:00:22.547000,0 days 01:50:32.152000,0 days 01:50:59.474000,0 days 01:51:22.021000,290.0,264.0,304.0,307.0,False,HARD,17.0,True,Mercedes,0 days 01:50:06.509000,,1,5.0,,,False,True
0 days 01:52:37.566000,RUS,63,0 days 00:01:15.603000,43.0,2.0,,,0 days 00:00:25.534000,0 days 00:00:27.393000,0 days 00:00:22.676000,0 days 01:51:47.555000,0 days 01:52:14.948000,0 days 01:52:37.624000,290.0,268.0,306.0,310.0,False,HARD,18.0,True,Mercedes,0 days 01:51:21.963000,,1,5.0,,,False,True
0 days 01:53:52.871000,RUS,63,0 days 00:01:15.305000,44.0,2.0,,,0 days 00:00:25.707000,0 days 00:00:27.096000,0 days 00:00:22.502000,0 days 01:53:03.331000,0 days 01:53:30.427000,0 days 01:53:52.929000,289.0,265.0,305.0,310.0,False,HARD,19.0,True,Mercedes,0 days 01:52:37.566000,,1,5.0,,,False,True
0 days 01:55:07.781000,RUS,63,0 days 00:01:14.910000,45.0,2.0,,,0 days 00:00:25.305000,0 days 00:00:27.165000,0 days 00:00:22.440000,0 days 01:54:18.234000,0 days 01:54:45.399000,0 days 01:55:07.839000,287.0,266.0,304.0,308.0,False,HARD,20.0,True,Mercedes,0 days 01:53:52.871000,,1,5.0,,,False,True
0 days 01:56:22.627000,RUS,63,0 days 00:01:14.846000,46.0,2.0,,,0 days 00:00:25.292000,0 days 00:00:27.123000,0 days 00:00:22.431000,0 days 01:55:33.131000,0 days 01:56:00.254000,0 days 01:56:22.685000,290.0,266.0,304.0,307.0,False,HARD,21.0,True,Mercedes,0 days 01:55:07.781000,,1,5.0,,,False,True
0 days 01:57:37.691000,RUS,63,0 days 00:01:15.064000,47.0,2.0,,,0 days 00:00:25.344000,0 days 00:00:27.250000,0 days 00:00:22.470000,0 days 01:56:48.029000,0 days 01:57:15.279000,0 days 01:57:37.749000,289.0,267.0,305.0,311.0,False,HARD,22.0,True,Mercedes,0 days 01:56:22.627000,,1,5.0,,,False,True
0 days 01:58:53.052000,RUS,63,0 days 00:01:15.361000,48.0,2.0,,,0 days 00:00:25.442000,0 days 00:00:27.353000,0 days 00:00:22.566000,0 days 01:58:03.191000,0 days 01:58:30.544000,0 days 01:58:53.110000,290.0,265.0,305.0,310.0,False,HARD,23.0,True,Mercedes,0 days 01:57:37.691000,,1,5.0,,,False,True
0 days 02:00:08.148000,RUS,63,0 days 00:01:15.096000,49.0,2.0,,,0 days 00:00:25.327000,0 days 00:00:27.292000,0 days 00:00:22.477000,0 days 01:59:18.437000,0 days 01:59:45.729000,0 days 02:00:08.206000,289.0,267.0,306.0,309.0,False,HARD,24.0,True,Mercedes,0 days 01:58:53.052000,,1,5.0,,,False,True
0 days 02:01:23.309000,RUS,63,0 days 00:01:15.161000,50.0,2.0,,,0 days 00:00:25.273000,0 days 00:00:27.473000,0 days 00:00:22.415000,0 days 02:00:33.479000,0 days 02:01:00.952000,0 days 02:01:23.367000,289.0,267.0,306.0,312.0,False,HARD,25.0,True,Mercedes,0 days 02:00:08.148000,,1,5.0,,,False,True
0 days 02:02:38.572000,RUS,63,0 days 00:01:15.263000,51.0,2.0,,,0 days 00:00:25.332000,0 days 00:00:27.474000,0 days 00:00:22.457000,0 days 02:01:48.699000,0 days 02:02:16.173000,0 days 02:02:38.630000,290.0,269.0,307.0,312.0,False,HARD,26.0,True,Mercedes,0 days 02:01:23.309000,,1,5.0,,,False,True
0 days 02:03:53.916000,RUS,63,0 days 00:01:15.344000,52.0,2.0,,,0 days 00:00:25.450000,0 days 00:00:27.437000,0 days 00:00:22.457000,0 days 02:03:04.080000,0 days 02:03:31.517000,0 days 02:03:53.974000,289.0,268.0,308.0,313.0,False,HARD,27.0,True,Mercedes,0 days 02:02:38.572000,,1,5.0,,,False,True
0 days 02:05:09.357000,RUS,63,0 days 00:01:15.441000,53.0,2.0,,,0 days 00:00:25.465000,0 days 00:00:27.401000,0 days 00:00:22.575000,0 days 02:04:19.439000,0 days 02:04:46.840000,0 days 02:05:09.415000,291.0,269.0,310.0,314.0,False,HARD,28.0,True,Mercedes,0 days 02:03:53.916000,,1,5.0,,,False,True
0 days 02:06:28.439000,RUS,63,0 days 00:01:19.082000,54.0,2.0,,0 days 02:06:27.038000,0 days 00:00:25.640000,0 days 00:00:27.674000,0 days 00:00:25.768000,0 days 02:05:35.055000,0 days 02:06:02.729000,0 days 02:06:28.497000,291.0,271.0,,312.0,False,HARD,29.0,True,Mercedes,0 days 02:05:09.357000,,1,6.0,,,False,False
0 days 02:08:01.667000,RUS,63,0 days 00:01:33.228000,55.0,3.0,0 days 02:06:48.093000,,0 days 00:00:44.670000,0 days 00:00:26.319000,0 days 00:00:22.239000,0 days 02:07:13.167000,0 days 02:07:39.486000,0 days 02:08:01.725000,287.0,267.0,303.0,312.0,False,SOFT,4.0,False,Mercedes,0 days 02:06:28.439000,,1,7.0,,,False,False
0 days 02:09:15.639000,RUS,63,0 days 00:01:13.972000,56.0,3.0,,,0 days 00:00:25.247000,0 days 00:00:26.436000,0 days 00:00:22.289000,0 days 02:08:26.972000,0 days 02:08:53.408000,0 days 02:09:15.697000,290.0,269.0,305.0,313.0,True,SOFT,5.0,False,Mercedes,0 days 02:08:01.667000,,1,7.0,,,False,True
0 days 02:10:29.566000,RUS,63,0 days 00:01:13.927000,57.0,3.0,,,0 days 00:00:25.168000,0 days 00:00:26.545000,0 days 00:00:22.214000,0 days 02:09:40.865000,0 days 02:10:07.410000,0 days 02:10:29.624000,288.0,267.0,304.0,312.0,True,SOFT,6.0,False,Mercedes,0 days 02:09:15.639000,,1,7.0,,,False,True
0 days 02:11:43.695000,RUS,63,0 days 00:01:14.129000,58.0,3.0,,,0 days 00:00:25.131000,0 days 00:00:26.773000,0 days 00:00:22.225000,0 days 02:10:54.755000,0 days 02:11:21.528000,0 days 02:11:43.753000,288.0,266.0,304.0,304.0,False,SOFT,7.0,False,Mercedes,0 days 02:10:29.566000,,1,7.0,,,False,True
0 days 02:12:57.767000,RUS,63,0 days 00:01:14.072000,59.0,3.0,,,0 days 00:00:25.069000,0 days 00:00:26.923000,0 days 00:00:22.080000,0 days 02:12:08.822000,0 days 02:12:35.745000,0 days 02:12:57.825000,288.0,268.0,305.0,309.0,False,SOFT,8.0,False,Mercedes,0 days 02:11:43.695000,,1,7.0,,,False,True
0 days 02:14:11.857000,RUS,63,0 days 00:01:14.090000,60.0,3.0,,,0 days 00:00:25.094000,0 days 00:00:26.931000,0 days 00:00:22.065000,0 days 02:13:22.919000,0 days 02:13:49.850000,0 days 02:14:11.915000,288.0,268.0,306.0,306.0,False,SOFT,9.0,False,Mercedes,0 days 02:12:57.767000,,1,7.0,,,False,True
0 days 02:15:26.143000,RUS,63,0 days 00:01:14.286000,61.0,3.0,,,0 days 00:00:25.165000,0 days 00:00:26.986000,0 days 00:00:22.135000,0 days 02:14:37.080000,0 days 02:15:04.066000,0 days 02:15:26.201000,290.0,270.0,308.0,310.0,False,SOFT,10.0,False,Mercedes,0 days 02:14:11.857000,,1,7.0,,,False,True
0 days 02:16:40.860000,RUS,63,0 days 00:01:14.717000,62.0,3.0,,,0 days 00:00:25.319000,0 days 00:00:26.947000,0 days 00:00:22.451000,0 days 02:15:51.520000,0 days 02:16:18.467000,0 days 02:16:40.918000,291.0,272.0,312.0,315.0,False,SOFT,11.0,False,Mercedes,0 days 02:15:26.143000,,1,7.0,,,False,True
0 days 02:17:56.291000,RUS,63,0 days 00:01:15.431000,63.0,3.0,,,0 days 00:00:25.724000,0 days 00:00:27.200000,0 days 00:00:22.507000,0 days 02:17:06.642000,0 days 02:17:33.842000,0 days 02:17:56.349000,293.0,278.0,320.0,315.0,False,SOFT,12.0,False,Mercedes,0 days 02:16:40.860000,,1,7.0,,,False,True
0 days 02:19:11.060000,RUS,63,0 days 00:01:14.769000,64.0,3.0,,,0 days 00:00:25.300000,0 days 00:00:27.063000,0 days 00:00:22.406000,0 days 02:18:21.649000,0 days 02:18:48.712000,0 days 02:19:11.118000,290.0,267.0,304.0,293.0,False,SOFT,13.0,False,Mercedes,0 days 02:17:56.291000,,1,7.0,,,False,True
0 days 02:20:25.407000,RUS,63,0 days 00:01:14.347000,65.0,3.0,,,0 days 00:00:25.278000,0 days 00:00:26.813000,0 days 00:00:22.256000,0 days 02:19:36.396000,0 days 02:20:03.209000,0 days 02:20:25.465000,289.0,267.0,305.0,309.0,False,SOFT,14.0,False,Mercedes,0 days 02:19:11.060000,,1,7.0,,,False,True
0 days 02:21:39.808000,RUS,63,0 days 00:01:14.401000,66.0,3.0,,,0 days 00:00:25.136000,0 days 00:00:27.014000,0 days 00:00:22.251000,0 days 02:20:50.601000,0 days 02:21:17.615000,0 days 02:21:39.866000,289.0,267.0,305.0,313.0,False,SOFT,15.0,False,Mercedes,0 days 02:20:25.407000,,1,7.0,,,False,True
0 days 02:22:54.095000,RUS,63,0 days 00:01:14.287000,67.0,3.0,,,0 days 00:00:25.139000,0 days 00:00:26.937000,0 days 00:00:22.211000,0 days 02:22:05.005000,0 days 02:22:31.942000,0 days 02:22:54.153000,289.0,268.0,306.0,309.0,False,SOFT,16.0,False,Mercedes,0 days 02:21:39.808000,,1,7.0,,,False,True
0 days 02:24:08.298000,RUS,63,0 days 00:01:14.203000,68.0,3.0,,,0 days 00:00:25.184000,0 days 00:00:26.847000,0 days 00:00:22.172000,0 days 02:23:19.337000,0 days 02:23:46.184000,0 days 02:24:08.356000,290.0,268.0,306.0,310.0,False,SOFT,17.0,False,Mercedes,0 days 02:22:54.095000,,1,7.0,,,False,True
0 days 02:25:22.376000,RUS,63,0 days 00:01:14.078000,69.0,3.0,,,0 days 00:00:25.040000,0 days 00:00:26.975000,0 days 00:00:22.063000,0 days 02:24:33.396000,0 days 02:25:00.371000,0 days 02:25:22.434000,291.0,269.0,307.0,310.0,False,SOFT,18.0,False,Mercedes,0 days 02:24:08.298000,,1,7.0,,,False,True
0 days 02:26:36.583000,RUS,63,0 days 00:01:14.207000,70.0,3.0,,,0 days 00:00:25.032000,0 days 00:00:26.847000,0 days 00:00:22.328000,0 days 02:25:47.466000,0 days 02:26:14.313000,0 days 02:26:36.641000,293.0,269.0,306.0,312.0,False,SOFT,19.0,False,Mercedes,0 days 02:25:22.376000,,1,7.0,,,False,True
0 days 02:27:51.405000,RUS,63,0 days 00:01:14.822000,71.0,3.0,,,0 days 00:00:25.241000,0 days 00:00:27.113000,0 days 00:00:22.468000,0 days 02:27:01.882000,0 days 02:27:28.995000,0 days 02:27:51.463000,293.0,269.0,308.0,306.0,False,SOFT,20.0,False,Mercedes,0 days 02:26:36.583000,,1,7.0,,,False,True
0 days 02:29:05.864000,RUS,63,0 days 00:01:14.459000,72.0,3.0,,,0 days 00:00:25.158000,0 days 00:00:26.965000,0 days 00:00:22.336000,0 days 02:28:16.621000,0 days 02:28:43.586000,0 days 02:29:05.922000,293.0,270.0,309.0,310.0,False,SOFT,21.0,False,Mercedes,0 days 02:27:51.405000,,1,7.0,,,False,True
0 days 00:59:03.008000,HAM,44,0 days 00:01:27.280000,1.0,1.0,,,,0 days 00:00:29.032000,0 days 00:00:24.330000,,0 days 00:58:38.871000,0 days 00:59:03.140000,271.0,271.0,306.0,215.0,False,SOFT,1.0,True,Mercedes,0 days 00:57:35.434000,,1,13.0,,,False,False
0 days 01:00:20.769000,HAM,44,0 days 00:01:17.761000,2.0,1.0,,,0 days 00:00:26.674000,0 days 00:00:27.686000,0 days 00:00:23.401000,0 days 00:59:29.745000,0 days 00:59:57.431000,0 days 01:00:20.832000,286.0,283.0,306.0,308.0,True,SOFT,2.0,True,Mercedes,0 days 00:59:03.008000,,1,12.0,,,False,True
0 days 01:01:37.258000,HAM,44,0 days 00:01:16.489000,3.0,1.0,,,0 days 00:00:26.188000,0 days 00:00:27.642000,0 days 00:00:22.659000,0 days 01:00:47.020000,0 days 01:01:14.662000,0 days 01:01:37.321000,287.0,277.0,325.0,278.0,True,SOFT,3.0,True,Mercedes,0 days 01:00:20.769000,,1,12.0,,,False,True
0 days 01:02:54.232000,HAM,44,0 days 00:01:16.974000,4.0,1.0,,,0 days 00:00:26.345000,0 days 00:00:27.627000,0 days 00:00:23.002000,0 days 01:02:03.666000,0 days 01:02:31.293000,0 days 01:02:54.295000,289.0,283.0,326.0,273.0,False,SOFT,4.0,True,Mercedes,0 days 01:01:37.258000,,1,12.0,,,False,True
0 days 01:04:11.086000,HAM,44,0 days 00:01:16.854000,5.0,1.0,,,0 days 00:00:26.169000,0 days 00:00:27.943000,0 days 00:00:22.742000,0 days 01:03:20.464000,0 days 01:03:48.407000,0 days 01:04:11.149000,287.0,273.0,324.0,294.0,False,SOFT,5.0,True,Mercedes,0 days 01:02:54.232000,,1,12.0,,,False,True
0 days 01:05:27.680000,HAM,44,0 days 00:01:16.594000,6.0,1.0,,,0 days 00:00:26.218000,0 days 00:00:27.543000,0 days 00:00:22.833000,0 days 01:04:37.367000,0 days 01:05:04.910000,0 days 01:05:27.743000,289.0,283.0,327.0,277.0,False,SOFT,6.0,True,Mercedes,0 days 01:04:11.086000,,1,12.0,,,False,True
0 days 01:06:44.743000,HAM,44,0 days 00:01:17.063000,7.0,1.0,,,0 days 00:00:26.378000,0 days 00:00:27.743000,0 days 00:00:22.942000,0 days 01:05:54.121000,0 days 01:06:21.864000,0 days 01:06:44.806000,289.0,280.0,325.0,288.0,False,SOFT,7.0,True,Mercedes,0 days 01:05:27.680000,,1,12.0,,,False,True
0 days 01:08:02.214000,HAM,44,0 days 00:01:17.471000,8.0,1.0,,,0 days 00:00:26.464000,0 days 00:00:27.998000,0 days 00:00:23.009000,0 days 01:07:11.270000,0 days 01:07:39.268000,0 days 01:08:02.277000,290.0,282.0,315.0,278.0,False,SOFT,8.0,True,Mercedes,0 days 01:06:44.743000,,1,12.0,,,False,True
0 days 01:09:19.362000,HAM,44,0 days 00:01:17.148000,9.0,1.0,,,0 days 00:00:26.306000,0 days 00:00:28.060000,0 days 00:00:22.782000,0 days 01:08:28.583000,0 days 01:08:56.643000,0 days 01:09:19.425000,290.0,280.0,330.0,261.0,False,SOFT,9.0,True,Mercedes,0 days 01:08:02.214000,,1,12.0,,,False,True
0 days 01:10:36.268000,HAM,44,0 days 00:01:16.906000,10.0,1.0,,,0 days 00:00:25.974000,0 days 00:00:28.004000,0 days 00:00:22.928000,0 days 01:09:45.399000,0 days 01:10:13.403000,0 days 01:10:36.331000,285.0,271.0,321.0,330.0,False,SOFT,10.0,True,Mercedes,0 days 01:09:19.362000,,1,11.0,,,False,True
0 days 01:11:53.885000,HAM,44,0 days 00:01:17.617000,11.0,1.0,,,0 days 00:00:26.294000,0 days 00:00:28.466000,0 days 00:00:22.857000,0 days 01:11:02.625000,0 days 01:11:31.091000,0 days 01:11:53.948000,291.0,277.0,322.0,288.0,False,SOFT,11.0,True,Mercedes,0 days 01:10:36.268000,,1,11.0,,,False,True
0 days 01:13:11.735000,HAM,44,0 days 00:01:17.850000,12.0,1.0,,,0 days 00:00:26.642000,0 days 00:00:28.256000,0 days 00:00:22.952000,0 days 01:12:20.590000,0 days 01:12:48.846000,0 days 01:13:11.798000,289.0,274.0,319.0,278.0,False,SOFT,12.0,True,Mercedes,0 days 01:11:53.885000,,1,11.0,,,False,True
0 days 01:14:29.117000,HAM,44,0 days 00:01:17.382000,13.0,1.0,,,0 days 00:00:26.207000,0 days 00:00:28.284000,0 days 00:00:22.891000,0 days 01:13:38.005000,0 days 01:14:06.289000,0 days 01:14:29.180000,290.0,274.0,321.0,292.0,False,SOFT,13.0,True,Mercedes,0 days 01:13:11.735000,,1,11.0,,,False,True
0 days 01:15:45.736000,HAM,44,0 days 00:01:16.619000,14.0,1.0,,,0 days 00:00:25.901000,0 days 00:00:27.805000,0 days 00:00:22.913000,0 days 01:14:55.081000,0 days 01:15:22.886000,0 days 01:15:45.799000,286.0,264.0,303.0,298.0,False,SOFT,14.0,True,Mercedes,0 days 01:14:29.117000,,1,10.0,,,False,True
0 days 01:17:02.422000,HAM,44,0 days 00:01:16.686000,15.0,1.0,,,0 days 00:00:25.905000,0 days 00:00:27.962000,0 days 00:00:22.819000,0 days 01:16:11.704000,0 days 01:16:39.666000,0 days 01:17:02.485000,288.0,274.0,321.0,294.0,False,SOFT,15.0,True,Mercedes,0 days 01:15:45.736000,,1,10.0,,,False,True
0 days 01:18:19.114000,HAM,44,0 days 00:01:16.692000,16.0,1.0,,,0 days 00:00:25.814000,0 days 00:00:27.790000,0 days 00:00:23.088000,0 days 01:17:28.299000,0 days 01:17:56.089000,0 days 01:18:19.177000,283.0,261.0,303.0,317.0,False,SOFT,16.0,True,Mercedes,0 days 01:17:02.422000,,1,9.0,,,False,True
0 days 01:19:35.965000,HAM,44,0 days 00:01:16.851000,17.0,1.0,,,0 days 00:00:25.937000,0 days 00:00:27.985000,0 days 00:00:22.929000,0 days 01:18:45.114000,0 days 01:19:13.099000,0 days 01:19:36.028000,287.0,264.0,303.0,294.0,False,SOFT,17.0,True,Mercedes,0 days 01:18:19.114000,,1,9.0,,,False,True
0 days 01:20:52.586000,HAM,44,0 days 00:01:16.621000,18.0,1.0,,,0 days 00:00:25.691000,0 days 00:00:27.996000,0 days 00:00:22.934000,0 days 01:20:01.719000,0 days 01:20:29.715000,0 days 01:20:52.649000,286.0,265.0,303.0,295.0,False,SOFT,18.0,True,Mercedes,0 days 01:19:35.965000,,1,9.0,,,False,True
0 days 01:22:09.329000,HAM,44,0 days 00:01:16.743000,19.0,1.0,,,0 days 00:00:25.727000,0 days 00:00:28.125000,0 days 00:00:22.891000,0 days 01:21:18.376000,0 days 01:21:46.501000,0 days 01:22:09.392000,287.0,273.0,304.0,301.0,False,SOFT,19.0,True,Mercedes,0 days 01:20:52.586000,,1,9.0,,,False,True
0 days 01:23:26.015000,HAM,44,0 days 00:01:16.686000,20.0,1.0,,,0 days 00:00:25.826000,0 days 00:00:28.156000,0 days 00:00:22.704000,0 days 01:22:35.218000,0 days 01:23:03.374000,0 days 01:23:26.078000,287.0,273.0,318.0,299.0,False,SOFT,20.0,True,Mercedes,0 days 01:22:09.329000,,1,9.0,,,False,True
0 days 01:24:43.141000,HAM,44,0 days 00:01:17.126000,21.0,1.0,,,0 days 00:00:26.011000,0 days 00:00:28.441000,0 days 00:00:22.674000,0 days 01:23:52.089000,0 days 01:24:20.530000,0 days 01:24:43.204000,289.0,273.0,320.0,300.0,False,SOFT,21.0,True,Mercedes,0 days 01:23:26.015000,,1,9.0,,,False,True
0 days 01:26:01.012000,HAM,44,0 days 00:01:17.871000,22.0,1.0,,,0 days 00:00:26.232000,0 days 00:00:28.616000,0 days 00:00:23.023000,0 days 01:25:09.436000,0 days 01:25:38.052000,0 days 01:26:01.075000,281.0,271.0,304.0,326.0,False,SOFT,22.0,True,Mercedes,0 days 01:24:43.141000,,1,9.0,,,False,True
0 days 01:27:21.686000,HAM,44,0 days 00:01:20.674000,23.0,1.0,,0 days 01:27:20.250000,0 days 00:00:26.232000,0 days 00:00:28.280000,0 days 00:00:26.162000,,0 days 01:26:55.587000,0 days 01:27:21.749000,286.0,265.0,,293.0,False,SOFT,23.0,True,Mercedes,0 days 01:26:01.012000,,1,9.0,,,False,False
0 days 01:28:55.958000,HAM,44,0 days 00:01:34.272000,24.0,2.0,0 days 01:27:41.396000,,0 days 00:00:44.930000,0 days 00:00:26.654000,0 days 00:00:22.688000,0 days 01:28:06.679000,0 days 01:28:33.333000,0 days 01:28:56.021000,286.0,275.0,319.0,293.0,False,HARD,1.0,True,Mercedes,0 days 01:27:21.686000,,1,16.0,,,False,False
0 days 01:30:11.683000,HAM,44,0 days 00:01:15.725000,25.0,2.0,,,0 days 00:00:25.830000,0 days 00:00:27.249000,0 days 00:00:22.646000,0 days 01:29:21.851000,0 days 01:29:49.100000,0 days 01:30:11.746000,287.0,267.0,305.0,314.0,True,HARD,2.0,True,Mercedes,0 days 01:28:55.958000,,1,15.0,,,False,True
0 days 01:31:28.116000,HAM,44,0 days 00:01:16.433000,26.0,2.0,,,0 days 00:00:25.791000,0 days 00:00:27.713000,0 days 00:00:22.929000,0 days 01:30:37.537000,0 days 01:31:05.250000,0 days 01:31:28.179000,290.0,279.0,320.0,297.0,False,HARD,3.0,True,Mercedes,0 days 01:30:11.683000,,1,15.0,,,False,True
0 days 01:32:43.866000,HAM,44,0 days 00:01:15.750000,27.0,2.0,,,0 days 00:00:25.771000,0 days 00:00:27.359000,0 days 00:00:22.620000,0 days 01:31:53.950000,0 days 01:32:21.309000,0 days 01:32:43.929000,289.0,264.0,304.0,314.0,False,HARD,4.0,True,Mercedes,0 days 01:31:28.116000,,1,14.0,,,False,True
0 days 01:33:59.824000,HAM,44,0 days 00:01:15.958000,28.0,2.0,,,0 days 00:00:25.837000,0 days 00:00:27.570000,0 days 00:00:22.551000,0 days 01:33:09.766000,0 days 01:33:37.336000,0 days 01:33:59.887000,283.0,275.0,323.0,288.0,False,HARD,5.0,True,Mercedes,0 days 01:32:43.866000,,1,14.0,,,False,True
0 days 01:35:15.281000,HAM,44,0 days 00:01:15.457000,29.0,2.0,,,0 days 00:00:25.504000,0 days 00:00:27.355000,0 days 00:00:22.598000,0 days 01:34:25.391000,0 days 01:34:52.746000,0 days 01:35:15.344000,286.0,274.0,320.0,320.0,True,HARD,6.0,True,Mercedes,0 days 01:33:59.824000,,1,12.0,,,False,True
0 days 01:36:30.716000,HAM,44,0 days 00:01:15.435000,30.0,2.0,,,0 days 00:00:25.420000,0 days 00:00:27.416000,0 days 00:00:22.599000,0 days 01:35:40.764000,0 days 01:36:08.180000,0 days 01:36:30.779000,283.0,264.0,302.0,311.0,True,HARD,7.0,True,Mercedes,0 days 01:35:15.281000,,1,10.0,,,False,True
0 days 01:37:45.994000,HAM,44,0 days 00:01:15.278000,31.0,2.0,,,0 days 00:00:25.615000,0 days 00:00:27.161000,0 days 00:00:22.502000,0 days 01:36:56.394000,0 days 01:37:23.555000,0 days 01:37:46.057000,287.0,266.0,303.0,295.0,True,HARD,8.0,True,Mercedes,0 days 01:36:30.716000,,1,10.0,,,False,True
0 days 01:39:01.256000,HAM,44,0 days 00:01:15.262000,32.0,2.0,,,0 days 00:00:25.501000,0 days 00:00:27.276000,0 days 00:00:22.485000,0 days 01:38:11.558000,0 days 01:38:38.834000,0 days 01:39:01.319000,286.0,267.0,303.0,297.0,True,HARD,9.0,True,Mercedes,0 days 01:37:45.994000,,1,9.0,,,False,True
0 days 01:40:16.309000,HAM,44,0 days 00:01:15.053000,33.0,2.0,,,0 days 00:00:25.537000,0 days 00:00:27.051000,0 days 00:00:22.465000,0 days 01:39:26.856000,0 days 01:39:53.907000,0 days 01:40:16.372000,287.0,267.0,303.0,298.0,True,HARD,10.0,True,Mercedes,0 days 01:39:01.256000,,1,8.0,,,False,True
0 days 01:41:31.420000,HAM,44,0 days 00:01:15.111000,34.0,2.0,,,0 days 00:00:25.506000,0 days 00:00:27.147000,0 days 00:00:22.458000,0 days 01:40:41.878000,0 days 01:41:09.025000,0 days 01:41:31.483000,286.0,267.0,303.0,299.0,False,HARD,11.0,True,Mercedes,0 days 01:40:16.309000,,1,8.0,,,False,True
0 days 01:42:46.225000,HAM,44,0 days 00:01:14.805000,35.0,2.0,,,0 days 00:00:25.388000,0 days 00:00:27.009000,0 days 00:00:22.408000,0 days 01:41:56.871000,0 days 01:42:23.880000,0 days 01:42:46.288000,287.0,267.0,304.0,298.0,True,HARD,12.0,True,Mercedes,0 days 01:41:31.420000,,1,8.0,,,False,True
0 days 01:44:01.323000,HAM,44,0 days 00:01:15.098000,36.0,2.0,,,0 days 00:00:25.430000,0 days 00:00:27.306000,0 days 00:00:22.362000,0 days 01:43:11.718000,0 days 01:43:39.024000,0 days 01:44:01.386000,287.0,267.0,303.0,297.0,False,HARD,13.0,True,Mercedes,0 days 01:42:46.225000,,1,8.0,,,False,True
0 days 01:45:16.216000,HAM,44,0 days 00:01:14.893000,37.0,2.0,,,0 days 00:00:25.404000,0 days 00:00:27.088000,0 days 00:00:22.401000,0 days 01:44:26.790000,0 days 01:44:53.878000,0 days 01:45:16.279000,288.0,267.0,304.0,297.0,False,HARD,14.0,True,Mercedes,0 days 01:44:01.323000,,1,8.0,,,False,True
0 days 01:46:31.111000,HAM,44,0 days 00:01:14.895000,38.0,2.0,,,0 days 00:00:25.393000,0 days 00:00:27.091000,0 days 00:00:22.411000,0 days 01:45:41.672000,0 days 01:46:08.763000,0 days 01:46:31.174000,287.0,267.0,302.0,293.0,False,HARD,15.0,True,Mercedes,0 days 01:45:16.216000,,1,8.0,,,False,True
0 days 01:47:46.207000,HAM,44,0 days 00:01:15.096000,39.0,2.0,,,0 days 00:00:25.389000,0 days 00:00:27.037000,0 days 00:00:22.670000,0 days 01:46:56.563000,0 days 01:47:23.600000,0 days 01:47:46.270000,287.0,267.0,304.0,298.0,False,HARD,16.0,True,Mercedes,0 days 01:46:31.111000,,1,8.0,,,False,True
0 days 01:49:01.209000,HAM,44,0 days 00:01:15.002000,40.0,2.0,,,0 days 00:00:25.373000,0 days 00:00:27.069000,0 days 00:00:22.560000,0 days 01:48:11.643000,0 days 01:48:38.712000,0 days 01:49:01.272000,287.0,268.0,303.0,295.0,False,HARD,17.0,True,Mercedes,0 days 01:47:46.207000,,1,8.0,,,False,True
0 days 01:50:15.976000,HAM,44,0 days 00:01:14.767000,41.0,2.0,,,0 days 00:00:25.155000,0 days 00:00:27.214000,0 days 00:00:22.398000,0 days 01:49:26.427000,0 days 01:49:53.641000,0 days 01:50:16.039000,287.0,260.0,303.0,300.0,True,HARD,18.0,True,Mercedes,0 days 01:49:01.209000,,1,8.0,,,False,True
0 days 01:51:30.685000,HAM,44,0 days 00:01:14.709000,42.0,2.0,,,0 days 00:00:25.293000,0 days 00:00:26.983000,0 days 00:00:22.433000,0 days 01:50:41.332000,0 days 01:51:08.315000,0 days 01:51:30.748000,289.0,265.0,303.0,306.0,True,HARD,19.0,True,Mercedes,0 days 01:50:15.976000,,1,8.0,,,False,True
0 days 01:52:45.408000,HAM,44,0 days 00:01:14.723000,43.0,2.0,,,0 days 00:00:25.391000,0 days 00:00:26.857000,0 days 00:00:22.475000,0 days 01:51:56.139000,0 days 01:52:22.996000,0 days 01:52:45.471000,288.0,266.0,304.0,308.0,False,HARD,20.0,True,Mercedes,0 days 01:51:30.685000,,1,8.0,,,False,True
0 days 01:54:00.312000,HAM,44,0 days 00:01:14.904000,44.0,2.0,,,0 days 00:00:25.437000,0 days 00:00:27.005000,0 days 00:00:22.462000,0 days 01:53:10.908000,0 days 01:53:37.913000,0 days 01:54:00.375000,288.0,268.0,304.0,288.0,False,HARD,21.0,True,Mercedes,0 days 01:52:45.408000,,1,8.0,,,False,True
0 days 01:55:16.334000,HAM,44,0 days 00:01:16.022000,45.0,2.0,,,0 days 00:00:25.801000,0 days 00:00:27.421000,0 days 00:00:22.800000,0 days 01:54:26.176000,0 days 01:54:53.597000,0 days 01:55:16.397000,289.0,268.0,307.0,292.0,False,HARD,22.0,True,Mercedes,0 days 01:54:00.312000,,1,8.0,,,False,True
0 days 01:56:31.845000,HAM,44,0 days 00:01:15.511000,46.0,2.0,,,0 days 00:00:25.596000,0 days 00:00:27.248000,0 days 00:00:22.667000,0 days 01:55:41.993000,0 days 01:56:09.241000,0 days 01:56:31.908000,290.0,266.0,304.0,285.0,False,HARD,23.0,True,Mercedes,0 days 01:55:16.334000,,1,8.0,,,False,True
0 days 01:57:47.613000,HAM,44,0 days 00:01:15.768000,47.0,2.0,,,0 days 00:00:25.487000,0 days 00:00:27.432000,0 days 00:00:22.849000,0 days 01:56:57.395000,0 days 01:57:24.827000,0 days 01:57:47.676000,290.0,266.0,304.0,293.0,False,HARD,24.0,True,Mercedes,0 days 01:56:31.845000,,1,8.0,,,False,True
0 days 01:59:05.863000,HAM,44,0 days 00:01:18.250000,48.0,2.0,,0 days 01:59:04.444000,0 days 00:00:25.429000,0 days 00:00:27.261000,0 days 00:00:25.560000,0 days 01:58:13.105000,0 days 01:58:40.366000,0 days 01:59:05.926000,292.0,276.0,,297.0,False,HARD,25.0,True,Mercedes,0 days 01:57:47.613000,,1,8.0,,,False,False
0 days 02:00:39.475000,HAM,44,0 days 00:01:33.612000,49.0,3.0,0 days 01:59:25.535000,,0 days 00:00:44.554000,0 days 00:00:26.700000,0 days 00:00:22.358000,0 days 01:59:50.480000,0 days 02:00:17.180000,0 days 02:00:39.538000,286.0,267.0,301.0,297.0,False,SOFT,1.0,True,Mercedes,0 days 01:59:05.863000,,1,8.0,,,False,False
0 days 02:01:53.358000,HAM,44,0 days 00:01:13.883000,50.0,3.0,,,0 days 00:00:25.301000,0 days 00:00:26.398000,0 days 00:00:22.184000,0 days 02:01:04.839000,0 days 02:01:31.237000,0 days 02:01:53.421000,286.0,268.0,303.0,300.0,True,SOFT,2.0,True,Mercedes,0 days 02:00:39.475000,,1,8.0,,,False,True
0 days 02:03:07.405000,HAM,44,0 days 00:01:14.047000,51.0,3.0,,,0 days 00:00:25.288000,0 days 00:00:26.669000,0 days 00:00:22.090000,0 days 02:02:18.709000,0 days 02:02:45.378000,0 days 02:03:07.468000,286.0,265.0,303.0,290.0,False,SOFT,3.0,True,Mercedes,0 days 02:01:53.358000,,1,8.0,,,False,True
0 days 02:04:21.452000,HAM,44,0 days 00:01:14.047000,52.0,3.0,,,0 days 00:00:25.142000,0 days 00:00:26.619000,0 days 00:00:22.286000,0 days 02:03:32.610000,0 days 02:03:59.229000,0 days 02:04:21.515000,288.0,265.0,303.0,289.0,False,SOFT,4.0,True,Mercedes,0 days 02:03:07.405000,,1,8.0,,,False,True
0 days 02:05:35.715000,HAM,44,0 days 00:01:14.263000,53.0,3.0,,,0 days 00:00:25.259000,0 days 00:00:26.804000,0 days 00:00:22.200000,0 days 02:04:46.774000,0 days 02:05:13.578000,0 days 02:05:35.778000,287.0,267.0,303.0,294.0,False,SOFT,5.0,True,Mercedes,0 days 02:04:21.452000,,1,8.0,,,False,True
0 days 02:06:50.068000,HAM,44,0 days 00:01:14.353000,54.0,3.0,,,0 days 00:00:25.112000,0 days 00:00:27.008000,0 days 00:00:22.233000,0 days 02:06:00.890000,0 days 02:06:27.898000,0 days 02:06:50.131000,287.0,267.0,303.0,285.0,False,SOFT,6.0,True,Mercedes,0 days 02:05:35.715000,,1,8.0,,,False,True
0 days 02:08:04.512000,HAM,44,0 days 00:01:14.444000,55.0,3.0,,,0 days 00:00:25.314000,0 days 00:00:26.858000,0 days 00:00:22.272000,0 days 02:07:15.445000,0 days 02:07:42.303000,0 days 02:08:04.575000,289.0,265.0,304.0,304.0,False,SOFT,7.0,True,Mercedes,0 days 02:06:50.068000,,1,8.0,,,False,True
0 days 02:09:18.992000,HAM,44,0 days 00:01:14.480000,56.0,3.0,,,0 days 00:00:25.164000,0 days 00:00:27.062000,0 days 00:00:22.254000,0 days 02:08:29.739000,0 days 02:08:56.801000,0 days 02:09:19.055000,290.0,267.0,304.0,297.0,False,SOFT,8.0,True,Mercedes,0 days 02:08:04.512000,,1,8.0,,,False,True
0 days 02:10:33.342000,HAM,44,0 days 00:01:14.350000,57.0,3.0,,,0 days 00:00:25.419000,0 days 00:00:26.729000,0 days 00:00:22.202000,0 days 02:09:44.474000,0 days 02:10:11.203000,0 days 02:10:33.405000,288.0,269.0,306.0,293.0,False,SOFT,9.0,True,Mercedes,0 days 02:09:18.992000,,1,8.0,,,False,True
0 days 02:11:47.819000,HAM,44,0 days 00:01:14.477000,58.0,3.0,,,0 days 00:00:25.336000,0 days 00:00:26.922000,0 days 00:00:22.219000,0 days 02:10:58.741000,0 days 02:11:25.663000,0 days 02:11:47.882000,287.0,267.0,305.0,297.0,False,SOFT,10.0,True,Mercedes,0 days 02:10:33.342000,,1,8.0,,,False,True
0 days 02:13:01.787000,HAM,44,0 days 00:01:13.968000,59.0,3.0,,,0 days 00:00:25.142000,0 days 00:00:26.612000,0 days 00:00:22.214000,0 days 02:12:13.024000,0 days 02:12:39.636000,0 days 02:13:01.850000,289.0,269.0,305.0,292.0,False,SOFT,11.0,True,Mercedes,0 days 02:11:47.819000,,1,8.0,,,False,True
0 days 02:14:15.764000,HAM,44,0 days 00:01:13.977000,60.0,3.0,,,0 days 00:00:25.087000,0 days 00:00:26.790000,0 days 00:00:22.100000,0 days 02:13:26.937000,0 days 02:13:53.727000,0 days 02:14:15.827000,287.0,268.0,305.0,293.0,False,SOFT,12.0,True,Mercedes,0 days 02:13:01.787000,,1,8.0,,,False,True
0 days 02:15:29.802000,HAM,44,0 days 00:01:14.038000,61.0,3.0,,,0 days 00:00:25.206000,0 days 00:00:26.666000,0 days 00:00:22.166000,0 days 02:14:41.033000,0 days 02:15:07.699000,0 days 02:15:29.865000,288.0,268.0,306.0,296.0,False,SOFT,13.0,True,Mercedes,0 days 02:14:15.764000,,1,8.0,,,False,True
0 days 02:16:43.680000,HAM,44,0 days 00:01:13.878000,62.0,3.0,,,0 days 00:00:24.995000,0 days 00:00:26.733000,0 days 00:00:22.150000,0 days 02:15:54.860000,0 days 02:16:21.593000,0 days 02:16:43.743000,290.0,268.0,306.0,301.0,True,SOFT,14.0,True,Mercedes,0 days 02:15:29.802000,,1,8.0,,,False,True
0 days 02:17:58.102000,HAM,44,0 days 00:01:14.422000,63.0,3.0,,,0 days 00:00:25.041000,0 days 00:00:27.008000,0 days 00:00:22.373000,0 days 02:17:08.784000,0 days 02:17:35.792000,0 days 02:17:58.165000,289.0,278.0,308.0,310.0,False,SOFT,15.0,True,Mercedes,0 days 02:16:43.680000,,1,8.0,,,False,True
0 days 02:19:12.934000,HAM,44,0 days 00:01:14.832000,64.0,3.0,,,0 days 00:00:25.407000,0 days 00:00:27.280000,0 days 00:00:22.145000,0 days 02:18:23.572000,0 days 02:18:50.852000,0 days 02:19:12.997000,292.0,277.0,305.0,314.0,False,SOFT,16.0,True,Mercedes,0 days 02:17:58.102000,,1,8.0,,,False,True
0 days 02:20:26.944000,HAM,44,0 days 00:01:14.010000,65.0,3.0,,,0 days 00:00:25.004000,0 days 00:00:26.767000,0 days 00:00:22.239000,0 days 02:19:38.001000,0 days 02:20:04.768000,0 days 02:20:27.007000,290.0,268.0,305.0,313.0,False,SOFT,17.0,True,Mercedes,0 days 02:19:12.934000,,1,8.0,,,False,True
0 days 02:21:41.187000,HAM,44,0 days 00:01:14.243000,66.0,3.0,,,0 days 00:00:24.881000,0 days 00:00:27.080000,0 days 00:00:22.282000,0 days 02:20:51.888000,0 days 02:21:18.968000,0 days 02:21:41.250000,292.0,268.0,305.0,313.0,False,SOFT,18.0,True,Mercedes,0 days 02:20:26.944000,,1,8.0,,,False,True
0 days 02:22:55.593000,HAM,44,0 days 00:01:14.406000,67.0,3.0,,,0 days 00:00:24.871000,0 days 00:00:27.285000,0 days 00:00:22.250000,0 days 02:22:06.121000,0 days 02:22:33.406000,0 days 02:22:55.656000,291.0,267.0,307.0,311.0,False,SOFT,19.0,True,Mercedes,0 days 02:21:41.187000,,1,8.0,,,False,True
0 days 02:24:09.946000,HAM,44,0 days 00:01:14.353000,68.0,3.0,,,0 days 00:00:25.100000,0 days 00:00:26.960000,0 days 00:00:22.293000,0 days 02:23:20.756000,0 days 02:23:47.716000,0 days 02:24:10.009000,292.0,268.0,307.0,312.0,False,SOFT,20.0,True,Mercedes,0 days 02:22:55.593000,,1,8.0,,,False,True
0 days 02:25:24.362000,HAM,44,0 days 00:01:14.416000,69.0,3.0,,,0 days 00:00:24.995000,0 days 00:00:27.165000,0 days 00:00:22.256000,0 days 02:24:35.004000,0 days 02:25:02.169000,0 days 02:25:24.425000,293.0,269.0,306.0,307.0,False,SOFT,21.0,True,Mercedes,0 days 02:24:09.946000,,1,8.0,,,False,True
0 days 02:26:40.260000,HAM,44,0 days 00:01:15.898000,70.0,3.0,,,0 days 00:00:26.036000,0 days 00:00:27.157000,0 days 00:00:22.705000,0 days 02:25:50.461000,0 days 02:26:17.618000,0 days 02:26:40.323000,291.0,269.0,304.0,298.0,False,SOFT,22.0,True,Mercedes,0 days 02:25:24.362000,,1,8.0,,,False,True
0 days 02:27:55.158000,HAM,44,0 days 00:01:14.898000,71.0,3.0,,,0 days 00:00:25.406000,0 days 00:00:26.947000,0 days 00:00:22.545000,0 days 02:27:05.729000,0 days 02:27:32.676000,0 days 02:27:55.221000,290.0,269.0,308.0,286.0,False,SOFT,23.0,True,Mercedes,0 days 02:26:40.260000,,1,8.0,,,False,True
0 days 02:29:10.846000,HAM,44,0 days 00:01:15.688000,72.0,3.0,,,0 days 00:00:25.463000,0 days 00:00:27.166000,0 days 00:00:23.059000,0 days 02:28:20.684000,0 days 02:28:47.850000,0 days 02:29:10.909000,292.0,269.0,261.0,291.0,False,SOFT,24.0,True,Mercedes,0 days 02:27:55.158000,,1,8.0,,,False,True
0 days 00:59:00.382000,GAS,10,0 days 00:01:24.654000,1.0,1.0,,,,0 days 00:00:28.337000,0 days 00:00:23.663000,,0 days 00:58:36.944000,0 days 00:59:00.603000,289.0,261.0,302.0,217.0,False,MEDIUM,1.0,True,Alpine,0 days 00:57:35.434000,,1,7.0,,,False,False
0 days 01:00:17.278000,GAS,10,0 days 00:01:16.896000,2.0,1.0,,,0 days 00:00:26.403000,0 days 00:00:27.577000,0 days 00:00:22.916000,0 days 00:59:26.830000,0 days 00:59:54.407000,0 days 01:00:17.323000,286.0,274.0,316.0,307.0,True,MEDIUM,2.0,True,Alpine,0 days 00:59:00.382000,,1,7.0,,,False,True
0 days 01:01:34.192000,GAS,10,0 days 00:01:16.914000,3.0,1.0,,,0 days 00:00:26.369000,0 days 00:00:27.465000,0 days 00:00:23.080000,0 days 01:00:43.692000,0 days 01:01:11.157000,0 days 01:01:34.237000,283.0,261.0,303.0,309.0,False,MEDIUM,3.0,True,Alpine,0 days 01:00:17.278000,,1,7.0,,,False,True
0 days 01:02:51.126000,GAS,10,0 days 00:01:16.934000,4.0,1.0,,,0 days 00:00:26.265000,0 days 00:00:27.608000,0 days 00:00:23.061000,0 days 01:02:00.502000,0 days 01:02:28.110000,0 days 01:02:51.171000,285.0,264.0,302.0,304.0,False,MEDIUM,4.0,True,Alpine,0 days 01:01:34.192000,,1,7.0,,,False,True
0 days 01:04:07.861000,GAS,10,0 days 00:01:16.735000,5.0,1.0,,,0 days 00:00:26.227000,0 days 00:00:27.472000,0 days 00:00:23.036000,0 days 01:03:17.398000,0 days 01:03:44.870000,0 days 01:04:07.906000,283.0,262.0,303.0,302.0,True,MEDIUM,5.0,True,Alpine,0 days 01:02:51.126000,,1,7.0,,,False,True
0 days 01:05:24.412000,GAS,10,0 days 00:01:16.551000,6.0,1.0,,,0 days 00:00:26.171000,0 days 00:00:27.425000,0 days 00:00:22.955000,0 days 01:04:34.077000,0 days 01:05:01.502000,0 days 01:05:24.457000,284.0,264.0,303.0,304.0,True,MEDIUM,6.0,True,Alpine,0 days 01:04:07.861000,,1,7.0,,,False,True
0 days 01:06:41.325000,GAS,10,0 days 00:01:16.913000,7.0,1.0,,,0 days 00:00:26.143000,0 days 00:00:27.627000,0 days 00:00:23.143000,0 days 01:05:50.600000,0 days 01:06:18.227000,0 days 01:06:41.370000,284.0,264.0,301.0,304.0,False,MEDIUM,7.0,True,Alpine,0 days 01:05:24.412000,,1,7.0,,,False,True
0 days 01:07:58.406000,GAS,10,0 days 00:01:17.081000,8.0,1.0,,,0 days 00:00:26.126000,0 days 00:00:27.883000,0 days 00:00:23.072000,0 days 01:07:07.496000,0 days 01:07:35.379000,0 days 01:07:58.451000,283.0,263.0,301.0,304.0,False,MEDIUM,8.0,True,Alpine,0 days 01:06:41.325000,,1,7.0,,,False,True
0 days 01:09:15.315000,GAS,10,0 days 00:01:16.909000,9.0,1.0,,,0 days 00:00:26.218000,0 days 00:00:27.804000,0 days 00:00:22.887000,0 days 01:08:24.669000,0 days 01:08:52.473000,0 days 01:09:15.360000,285.0,262.0,301.0,307.0,False,MEDIUM,9.0,True,Alpine,0 days 01:07:58.406000,,1,7.0,,,False,True
0 days 01:10:32.280000,GAS,10,0 days 00:01:16.965000,10.0,1.0,,,0 days 00:00:26.084000,0 days 00:00:27.915000,0 days 00:00:22.966000,0 days 01:09:41.444000,0 days 01:10:09.359000,0 days 01:10:32.325000,285.0,262.0,301.0,309.0,False,MEDIUM,10.0,True,Alpine,0 days 01:09:15.315000,,1,7.0,,,False,True
0 days 01:11:51.744000,GAS,10,0 days 00:01:19.464000,11.0,1.0,,,0 days 00:00:27.732000,0 days 00:00:28.339000,0 days 00:00:23.393000,0 days 01:11:00.057000,0 days 01:11:28.396000,0 days 01:11:51.789000,285.0,274.0,302.0,308.0,False,MEDIUM,11.0,True,Alpine,0 days 01:10:32.280000,,1,8.0,,,False,True
0 days 01:13:09.119000,GAS,10,0 days 00:01:17.375000,12.0,1.0,,,0 days 00:00:26.242000,0 days 00:00:27.971000,0 days 00:00:23.162000,0 days 01:12:18.031000,0 days 01:12:46.002000,0 days 01:13:09.164000,283.0,264.0,301.0,300.0,False,MEDIUM,12.0,True,Alpine,0 days 01:11:51.744000,,1,8.0,,,False,True
0 days 01:14:26.080000,GAS,10,0 days 00:01:16.961000,13.0,1.0,,,0 days 00:00:26.190000,0 days 00:00:27.800000,0 days 00:00:22.971000,0 days 01:13:35.354000,0 days 01:14:03.154000,0 days 01:14:26.125000,282.0,262.0,301.0,300.0,False,MEDIUM,13.0,True,Alpine,0 days 01:13:09.119000,,1,8.0,,,False,True
0 days 01:15:43.009000,GAS,10,0 days 00:01:16.929000,14.0,1.0,,,0 days 00:00:26.008000,0 days 00:00:27.840000,0 days 00:00:23.081000,0 days 01:14:52.133000,0 days 01:15:19.973000,0 days 01:15:43.054000,284.0,262.0,300.0,303.0,False,MEDIUM,14.0,True,Alpine,0 days 01:14:26.080000,,1,8.0,,,False,True
0 days 01:17:00.129000,GAS,10,0 days 00:01:17.120000,15.0,1.0,,,0 days 00:00:26.029000,0 days 00:00:27.973000,0 days 00:00:23.118000,0 days 01:16:09.083000,0 days 01:16:37.056000,0 days 01:17:00.174000,284.0,262.0,300.0,302.0,False,MEDIUM,15.0,True,Alpine,0 days 01:15:43.009000,,1,8.0,,,False,True
0 days 01:18:17.104000,GAS,10,0 days 00:01:16.975000,16.0,1.0,,,0 days 00:00:25.970000,0 days 00:00:27.901000,0 days 00:00:23.104000,0 days 01:17:26.144000,0 days 01:17:54.045000,0 days 01:18:17.149000,285.0,264.0,300.0,303.0,False,MEDIUM,16.0,True,Alpine,0 days 01:17:00.129000,,1,8.0,,,False,True
0 days 01:19:34.365000,GAS,10,0 days 00:01:17.261000,17.0,1.0,,,0 days 00:00:26.066000,0 days 00:00:28.072000,0 days 00:00:23.123000,0 days 01:18:43.215000,0 days 01:19:11.287000,0 days 01:19:34.410000,285.0,262.0,300.0,301.0,False,MEDIUM,17.0,True,Alpine,0 days 01:18:17.104000,,1,8.0,,,False,True
0 days 01:20:51.441000,GAS,10,0 days 00:01:17.076000,18.0,1.0,,,0 days 00:00:26.040000,0 days 00:00:27.884000,0 days 00:00:23.152000,0 days 01:20:00.450000,0 days 01:20:28.334000,0 days 01:20:51.486000,285.0,263.0,299.0,302.0,False,MEDIUM,18.0,True,Alpine,0 days 01:19:34.365000,,1,8.0,,,False,True
0 days 01:22:08.475000,GAS,10,0 days 00:01:17.034000,19.0,1.0,,,0 days 00:00:25.991000,0 days 00:00:27.985000,0 days 00:00:23.058000,0 days 01:21:17.477000,0 days 01:21:45.462000,0 days 01:22:08.520000,285.0,262.0,300.0,303.0,False,MEDIUM,19.0,True,Alpine,0 days 01:20:51.441000,,1,8.0,,,False,True
0 days 01:23:25.610000,GAS,10,0 days 00:01:17.135000,20.0,1.0,,,0 days 00:00:25.973000,0 days 00:00:28.099000,0 days 00:00:23.063000,0 days 01:22:34.493000,0 days 01:23:02.592000,0 days 01:23:25.655000,284.0,262.0,299.0,302.0,False,MEDIUM,20.0,True,Alpine,0 days 01:22:08.475000,,1,8.0,,,False,True
0 days 01:24:42.875000,GAS,10,0 days 00:01:17.265000,21.0,1.0,,,0 days 00:00:25.941000,0 days 00:00:28.099000,0 days 00:00:23.225000,0 days 01:23:51.596000,0 days 01:24:19.695000,0 days 01:24:42.920000,284.0,263.0,299.0,306.0,False,MEDIUM,21.0,True,Alpine,0 days 01:23:25.610000,,1,8.0,,,False,True
0 days 01:26:00.115000,GAS,10,0 days 00:01:17.240000,22.0,1.0,,,0 days 00:00:26.063000,0 days 00:00:28.183000,0 days 00:00:22.994000,0 days 01:25:08.983000,0 days 01:25:37.166000,0 days 01:26:00.160000,285.0,263.0,300.0,305.0,False,MEDIUM,22.0,True,Alpine,0 days 01:24:42.875000,,1,8.0,,,False,True
0 days 01:27:17.205000,GAS,10,0 days 00:01:17.090000,23.0,1.0,,,0 days 00:00:25.961000,0 days 00:00:28.031000,0 days 00:00:23.098000,0 days 01:26:26.121000,0 days 01:26:54.152000,0 days 01:27:17.250000,284.0,263.0,300.0,305.0,False,MEDIUM,23.0,True,Alpine,0 days 01:26:00.115000,,1,8.0,,,False,True
0 days 01:28:34.121000,GAS,10,0 days 00:01:16.916000,24.0,1.0,,,0 days 00:00:26.031000,0 days 00:00:27.880000,0 days 00:00:23.005000,0 days 01:27:43.281000,0 days 01:28:11.161000,0 days 01:28:34.166000,285.0,262.0,299.0,304.0,False,MEDIUM,24.0,True,Alpine,0 days 01:27:17.205000,,1,8.0,,,False,True
0 days 01:29:51.173000,GAS,10,0 days 00:01:17.052000,25.0,1.0,,,0 days 00:00:25.972000,0 days 00:00:27.996000,0 days 00:00:23.084000,0 days 01:29:00.138000,0 days 01:29:28.134000,0 days 01:29:51.218000,284.0,261.0,299.0,303.0,False,MEDIUM,25.0,True,Alpine,0 days 01:28:34.121000,,1,7.0,,,False,True
0 days 01:31:08.145000,GAS,10,0 days 00:01:16.972000,26.0,1.0,,,0 days 00:00:25.917000,0 days 00:00:28.087000,0 days 00:00:22.968000,0 days 01:30:17.135000,0 days 01:30:45.222000,0 days 01:31:08.190000,283.0,261.0,299.0,300.0,False,MEDIUM,26.0,True,Alpine,0 days 01:29:51.173000,,1,6.0,,,False,True
0 days 01:32:24.902000,GAS,10,0 days 00:01:16.757000,27.0,1.0,,,0 days 00:00:25.964000,0 days 00:00:27.861000,0 days 00:00:22.932000,0 days 01:31:34.154000,0 days 01:32:02.015000,0 days 01:32:24.947000,283.0,262.0,299.0,300.0,False,MEDIUM,27.0,True,Alpine,0 days 01:31:08.145000,,1,6.0,,,False,True
0 days 01:33:42.418000,GAS,10,0 days 00:01:17.516000,28.0,1.0,,,0 days 00:00:25.935000,0 days 00:00:28.416000,0 days 00:00:23.165000,0 days 01:32:50.882000,0 days 01:33:19.298000,0 days 01:33:42.463000,287.0,262.0,301.0,301.0,False,MEDIUM,28.0,True,Alpine,0 days 01:32:24.902000,,1,7.0,,,False,True
0 days 01:35:01.562000,GAS,10,0 days 00:01:19.144000,29.0,1.0,,,0 days 00:00:26.620000,0 days 00:00:28.624000,0 days 00:00:23.900000,0 days 01:34:09.083000,0 days 01:34:37.707000,0 days 01:35:01.607000,287.0,250.0,319.0,280.0,False,MEDIUM,29.0,True,Alpine,0 days 01:33:42.418000,,1,8.0,,,False,True
0 days 01:36:19.314000,GAS,10,0 days 00:01:17.752000,30.0,1.0,,,0 days 00:00:26.310000,0 days 00:00:28.301000,0 days 00:00:23.141000,0 days 01:35:27.917000,0 days 01:35:56.218000,0 days 01:36:19.359000,287.0,263.0,301.0,293.0,False,MEDIUM,30.0,True,Alpine,0 days 01:35:01.562000,,1,7.0,,,False,True
0 days 01:37:36.667000,GAS,10,0 days 00:01:17.353000,31.0,1.0,,,0 days 00:00:25.990000,0 days 00:00:28.205000,0 days 00:00:23.158000,0 days 01:36:45.349000,0 days 01:37:13.554000,0 days 01:37:36.712000,286.0,263.0,300.0,300.0,False,MEDIUM,31.0,True,Alpine,0 days 01:36:19.314000,,1,6.0,,,False,True
0 days 01:38:56.929000,GAS,10,0 days 00:01:20.262000,32.0,1.0,,0 days 01:38:55.477000,0 days 00:00:25.943000,0 days 00:00:28.099000,0 days 00:00:26.220000,0 days 01:38:02.655000,0 days 01:38:30.754000,0 days 01:38:56.974000,284.0,264.0,,301.0,False,MEDIUM,32.0,True,Alpine,0 days 01:37:36.667000,,1,7.0,,,False,False
0 days 01:40:34.635000,GAS,10,0 days 00:01:37.706000,33.0,2.0,0 days 01:39:18.058000,,0 days 00:00:47.271000,0 days 00:00:27.490000,0 days 00:00:22.945000,0 days 01:39:44.245000,0 days 01:40:11.735000,0 days 01:40:34.680000,284.0,263.0,301.0,301.0,False,HARD,1.0,True,Alpine,0 days 01:38:56.929000,,1,12.0,,,False,False
0 days 01:41:50.212000,GAS,10,0 days 00:01:15.577000,34.0,2.0,,,0 days 00:00:25.986000,0 days 00:00:27.213000,0 days 00:00:22.378000,0 days 01:41:00.666000,0 days 01:41:27.879000,0 days 01:41:50.257000,282.0,263.0,300.0,300.0,True,HARD,2.0,True,Alpine,0 days 01:40:34.635000,,1,12.0,,,False,True
0 days 01:43:05.476000,GAS,10,0 days 00:01:15.264000,35.0,2.0,,,0 days 00:00:25.565000,0 days 00:00:27.247000,0 days 00:00:22.452000,0 days 01:42:15.822000,0 days 01:42:43.069000,0 days 01:43:05.521000,285.0,264.0,302.0,302.0,True,HARD,3.0,True,Alpine,0 days 01:41:50.212000,,1,12.0,,,False,True
0 days 01:44:21.992000,GAS,10,0 days 00:01:16.516000,36.0,2.0,,,0 days 00:00:26.126000,0 days 00:00:27.493000,0 days 00:00:22.897000,0 days 01:43:31.647000,0 days 01:43:59.140000,0 days 01:44:22.037000,284.0,263.0,302.0,303.0,False,HARD,4.0,True,Alpine,0 days 01:43:05.476000,,1,12.0,,,False,True
0 days 01:45:38.047000,GAS,10,0 days 00:01:16.055000,37.0,2.0,,,0 days 00:00:26.005000,0 days 00:00:27.483000,0 days 00:00:22.567000,0 days 01:44:48.042000,0 days 01:45:15.525000,0 days 01:45:38.092000,285.0,264.0,302.0,296.0,False,HARD,5.0,True,Alpine,0 days 01:44:21.992000,,1,12.0,,,False,True
0 days 01:46:53.973000,GAS,10,0 days 00:01:15.926000,38.0,2.0,,,0 days 00:00:25.726000,0 days 00:00:27.524000,0 days 00:00:22.676000,0 days 01:46:03.818000,0 days 01:46:31.342000,0 days 01:46:54.018000,285.0,265.0,302.0,300.0,False,HARD,6.0,True,Alpine,0 days 01:45:38.047000,,1,12.0,,,False,True
0 days 01:48:12.134000,GAS,10,0 days 00:01:18.161000,39.0,2.0,,,0 days 00:00:25.943000,0 days 00:00:27.949000,0 days 00:00:24.269000,0 days 01:47:19.961000,0 days 01:47:47.910000,0 days 01:48:12.179000,284.0,274.0,318.0,299.0,False,HARD,7.0,True,Alpine,0 days 01:46:53.973000,,1,11.0,,,False,True
0 days 01:49:28.528000,GAS,10,0 days 00:01:16.394000,40.0,2.0,,,0 days 00:00:25.742000,0 days 00:00:27.575000,0 days 00:00:23.077000,0 days 01:48:37.921000,0 days 01:49:05.496000,0 days 01:49:28.573000,283.0,263.0,299.0,324.0,False,HARD,8.0,True,Alpine,0 days 01:48:12.134000,,1,10.0,,,False,True
0 days 01:50:44.386000,GAS,10,0 days 00:01:15.858000,41.0,2.0,,,0 days 00:00:25.814000,0 days 00:00:27.391000,0 days 00:00:22.653000,0 days 01:49:54.387000,0 days 01:50:21.778000,0 days 01:50:44.431000,287.0,262.0,300.0,299.0,False,HARD,9.0,True,Alpine,0 days 01:49:28.528000,,1,10.0,,,False,True
0 days 01:52:00.407000,GAS,10,0 days 00:01:16.021000,42.0,2.0,,,0 days 00:00:25.834000,0 days 00:00:27.400000,0 days 00:00:22.787000,0 days 01:51:10.265000,0 days 01:51:37.665000,0 days 01:52:00.452000,286.0,263.0,300.0,300.0,False,HARD,10.0,True,Alpine,0 days 01:50:44.386000,,1,10.0,,,False,True
0 days 01:53:16.385000,GAS,10,0 days 00:01:15.978000,43.0,2.0,,,0 days 00:00:25.802000,0 days 00:00:27.435000,0 days 00:00:22.741000,0 days 01:52:26.254000,0 days 01:52:53.689000,0 days 01:53:16.430000,283.0,262.0,300.0,299.0,False,HARD,11.0,True,Alpine,0 days 01:52:00.407000,,1,10.0,,,False,True
0 days 01:54:32.057000,GAS,10,0 days 00:01:15.672000,44.0,2.0,,,0 days 00:00:25.616000,0 days 00:00:27.381000,0 days 00:00:22.675000,0 days 01:53:42.046000,0 days 01:54:09.427000,0 days 01:54:32.102000,283.0,264.0,300.0,299.0,False,HARD,12.0,True,Alpine,0 days 01:53:16.385000,,1,10.0,,,False,True
0 days 01:55:47.678000,GAS,10,0 days 00:01:15.621000,45.0,2.0,,,0 days 00:00:25.629000,0 days 00:00:27.429000,0 days 00:00:22.563000,0 days 01:54:57.731000,0 days 01:55:25.160000,0 days 01:55:47.723000,281.0,263.0,300.0,299.0,False,HARD,13.0,True,Alpine,0 days 01:54:32.057000,,1,10.0,,,False,True
0 days 01:57:03.289000,GAS,10,0 days 00:01:15.611000,46.0,2.0,,,0 days 00:00:25.495000,0 days 00:00:27.380000,0 days 00:00:22.736000,0 days 01:56:13.218000,0 days 01:56:40.598000,0 days 01:57:03.334000,285.0,263.0,300.0,300.0,False,HARD,14.0,True,Alpine,0 days 01:55:47.678000,,1,10.0,,,False,True
0 days 01:58:19.291000,GAS,10,0 days 00:01:16.002000,47.0,2.0,,,0 days 00:00:25.696000,0 days 00:00:27.498000,0 days 00:00:22.808000,0 days 01:57:29.030000,0 days 01:57:56.528000,0 days 01:58:19.336000,283.0,263.0,300.0,300.0,False,HARD,15.0,True,Alpine,0 days 01:57:03.289000,,1,10.0,,,False,True
0 days 01:59:34.657000,GAS,10,0 days 00:01:15.366000,48.0,2.0,,,0 days 00:00:25.495000,0 days 00:00:27.250000,0 days 00:00:22.621000,0 days 01:58:44.831000,0 days 01:59:12.081000,0 days 01:59:34.702000,285.0,264.0,301.0,300.0,False,HARD,16.0,True,Alpine,0 days 01:58:19.291000,,1,10.0,,,False,True
0 days 02:00:50.263000,GAS,10,0 days 00:01:15.606000,49.0,2.0,,,0 days 00:00:25.484000,0 days 00:00:27.466000,0 days 00:00:22.656000,0 days 02:00:00.186000,0 days 02:00:27.652000,0 days 02:00:50.308000,285.0,265.0,301.0,302.0,False,HARD,17.0,True,Alpine,0 days 01:59:34.657000,,1,10.0,,,False,True
0 days 02:02:05.906000,GAS,10,0 days 00:01:15.643000,50.0,2.0,,,0 days 00:00:25.583000,0 days 00:00:27.494000,0 days 00:00:22.566000,0 days 02:01:15.891000,0 days 02:01:43.385000,0 days 02:02:05.951000,284.0,264.0,301.0,301.0,False,HARD,18.0,True,Alpine,0 days 02:00:50.263000,,1,10.0,,,False,True
0 days 02:03:21.389000,GAS,10,0 days 00:01:15.483000,51.0,2.0,,,0 days 00:00:25.622000,0 days 00:00:27.268000,0 days 00:00:22.593000,0 days 02:02:31.573000,0 days 02:02:58.841000,0 days 02:03:21.434000,285.0,265.0,301.0,302.0,False,HARD,19.0,True,Alpine,0 days 02:02:05.906000,,1,10.0,,,False,True
0 days 02:04:36.585000,GAS,10,0 days 00:01:15.196000,52.0,2.0,,,0 days 00:00:25.326000,0 days 00:00:27.324000,0 days 00:00:22.546000,0 days 02:03:46.760000,0 days 02:04:14.084000,0 days 02:04:36.630000,286.0,265.0,300.0,302.0,True,HARD,20.0,True,Alpine,0 days 02:03:21.389000,,1,10.0,,,False,True
0 days 02:05:51.572000,GAS,10,0 days 00:01:14.987000,53.0,2.0,,,0 days 00:00:25.315000,0 days 00:00:27.176000,0 days 00:00:22.496000,0 days 02:05:01.945000,0 days 02:05:29.121000,0 days 02:05:51.617000,284.0,266.0,301.0,300.0,True,HARD,21.0,True,Alpine,0 days 02:04:36.585000,,1,10.0,,,False,True
0 days 02:07:06.427000,GAS,10,0 days 00:01:14.855000,54.0,2.0,,,0 days 00:00:25.286000,0 days 00:00:27.119000,0 days 00:00:22.450000,0 days 02:06:16.903000,0 days 02:06:44.022000,0 days 02:07:06.472000,285.0,265.0,301.0,300.0,True,HARD,22.0,True,Alpine,0 days 02:05:51.572000,,1,10.0,,,False,True
0 days 02:08:21.683000,GAS,10,0 days 00:01:15.256000,55.0,2.0,,,0 days 00:00:25.430000,0 days 00:00:27.204000,0 days 00:00:22.622000,0 days 02:07:31.902000,0 days 02:07:59.106000,0 days 02:08:21.728000,285.0,264.0,302.0,300.0,False,HARD,23.0,True,Alpine,0 days 02:07:06.427000,,1,10.0,,,False,True
0 days 02:09:36.902000,GAS,10,0 days 00:01:15.219000,56.0,2.0,,,0 days 00:00:25.361000,0 days 00:00:27.280000,0 days 00:00:22.578000,0 days 02:08:47.089000,0 days 02:09:14.369000,0 days 02:09:36.947000,286.0,264.0,302.0,302.0,False,HARD,24.0,True,Alpine,0 days 02:08:21.683000,,1,10.0,,,False,True
0 days 02:10:52.049000,GAS,10,0 days 00:01:15.147000,57.0,2.0,,,0 days 00:00:25.387000,0 days 00:00:27.371000,0 days 00:00:22.389000,0 days 02:10:02.334000,0 days 02:10:29.705000,0 days 02:10:52.094000,287.0,265.0,319.0,304.0,False,HARD,25.0,True,Alpine,0 days 02:09:36.902000,,1,10.0,,,False,True
0 days 02:12:07.843000,GAS,10,0 days 00:01:15.794000,58.0,2.0,,,0 days 00:00:25.612000,0 days 00:00:27.452000,0 days 00:00:22.730000,0 days 02:11:17.706000,0 days 02:11:45.158000,0 days 02:12:07.888000,290.0,275.0,321.0,308.0,False,HARD,26.0,True,Alpine,0 days 02:10:52.049000,,1,10.0,,,False,True
0 days 02:13:23.426000,GAS,10,0 days 00:01:15.583000,59.0,2.0,,,0 days 00:00:26.059000,0 days 00:00:27.230000,0 days 00:00:22.294000,0 days 02:12:33.947000,0 days 02:13:01.177000,0 days 02:13:23.471000,288.0,277.0,321.0,298.0,False,HARD,27.0,True,Alpine,0 days 02:12:07.843000,,1,10.0,,,False,True
0 days 02:14:40.009000,GAS,10,0 days 00:01:16.583000,60.0,2.0,,,0 days 00:00:25.534000,0 days 00:00:27.749000,0 days 00:00:23.300000,0 days 02:13:49.005000,0 days 02:14:16.754000,0 days 02:14:40.054000,284.0,263.0,285.0,326.0,False,HARD,28.0,True,Alpine,0 days 02:13:23.426000,,1,9.0,,,False,True
0 days 02:15:56.380000,GAS,10,0 days 00:01:16.371000,61.0,2.0,,,0 days 00:00:26.426000,0 days 00:00:27.444000,0 days 00:00:22.501000,0 days 02:15:06.480000,0 days 02:15:33.924000,0 days 02:15:56.425000,288.0,266.0,304.0,286.0,False,HARD,29.0,True,Alpine,0 days 02:14:40.009000,,1,9.0,,,False,True
0 days 02:17:11.620000,GAS,10,0 days 00:01:15.240000,62.0,2.0,,,0 days 00:00:25.473000,0 days 00:00:27.267000,0 days 00:00:22.500000,0 days 02:16:21.898000,0 days 02:16:49.165000,0 days 02:17:11.665000,289.0,266.0,303.0,308.0,False,HARD,30.0,True,Alpine,0 days 02:15:56.380000,,1,9.0,,,False,True
0 days 02:18:26.971000,GAS,10,0 days 00:01:15.351000,63.0,2.0,,,0 days 00:00:25.522000,0 days 00:00:27.262000,0 days 00:00:22.567000,0 days 02:17:37.187000,0 days 02:18:04.449000,0 days 02:18:27.016000,287.0,265.0,302.0,308.0,False,HARD,31.0,True,Alpine,0 days 02:17:11.620000,,1,9.0,,,False,True
0 days 02:19:42.352000,GAS,10,0 days 00:01:15.381000,64.0,2.0,,,0 days 00:00:25.378000,0 days 00:00:27.443000,0 days 00:00:22.560000,0 days 02:18:52.394000,0 days 02:19:19.837000,0 days 02:19:42.397000,285.0,265.0,303.0,306.0,False,HARD,32.0,True,Alpine,0 days 02:18:26.971000,,1,9.0,,,False,True
0 days 02:20:57.846000,GAS,10,0 days 00:01:15.494000,65.0,2.0,,,0 days 00:00:25.621000,0 days 00:00:27.333000,0 days 00:00:22.540000,0 days 02:20:08.018000,0 days 02:20:35.351000,0 days 02:20:57.891000,283.0,267.0,303.0,307.0,False,HARD,33.0,True,Alpine,0 days 02:19:42.352000,,1,9.0,,,False,True
0 days 02:22:13.175000,GAS,10,0 days 00:01:15.329000,66.0,2.0,,,0 days 00:00:25.364000,0 days 00:00:27.357000,0 days 00:00:22.608000,0 days 02:21:23.255000,0 days 02:21:50.612000,0 days 02:22:13.220000,286.0,266.0,302.0,303.0,False,HARD,34.0,True,Alpine,0 days 02:20:57.846000,,1,9.0,,,False,True
0 days 02:23:28.242000,GAS,10,0 days 00:01:15.067000,67.0,2.0,,,0 days 00:00:25.325000,0 days 00:00:27.252000,0 days 00:00:22.490000,0 days 02:22:38.545000,0 days 02:23:05.797000,0 days 02:23:28.287000,287.0,265.0,303.0,302.0,False,HARD,35.0,True,Alpine,0 days 02:22:13.175000,,1,9.0,,,False,True
0 days 02:24:43.573000,GAS,10,0 days 00:01:15.331000,68.0,2.0,,,0 days 00:00:25.421000,0 days 00:00:27.448000,0 days 00:00:22.462000,0 days 02:23:53.708000,0 days 02:24:21.156000,0 days 02:24:43.618000,289.0,266.0,302.0,306.0,False,HARD,36.0,True,Alpine,0 days 02:23:28.242000,,1,9.0,,,False,True
0 days 02:25:58.854000,GAS,10,0 days 00:01:15.281000,69.0,2.0,,,0 days 00:00:25.437000,0 days 00:00:27.236000,0 days 00:00:22.608000,0 days 02:25:09.055000,0 days 02:25:36.291000,0 days 02:25:58.899000,288.0,266.0,302.0,308.0,False,HARD,37.0,True,Alpine,0 days 02:24:43.573000,,1,9.0,,,False,True
0 days 02:27:14.298000,GAS,10,0 days 00:01:15.444000,70.0,2.0,,,0 days 00:00:25.517000,0 days 00:00:27.336000,0 days 00:00:22.591000,0 days 02:26:24.416000,0 days 02:26:51.752000,0 days 02:27:14.343000,288.0,266.0,302.0,306.0,False,HARD,38.0,True,Alpine,0 days 02:25:58.854000,,1,9.0,,,False,True
0 days 02:28:29.851000,GAS,10,0 days 00:01:15.553000,71.0,2.0,,,0 days 00:00:25.501000,0 days 00:00:27.350000,0 days 00:00:22.702000,0 days 02:27:39.844000,0 days 02:28:07.194000,0 days 02:28:29.896000,289.0,267.0,302.0,305.0,False,HARD,39.0,True,Alpine,0 days 02:27:14.298000,,1,9.0,,,False,True
0 days 00:59:00.454000,ALO,14,0 days 00:01:24.726000,1.0,1.0,,,,0 days 00:00:28.360000,0 days 00:00:23.431000,,0 days 00:58:37.188000,0 days 00:59:00.623000,277.0,267.0,310.0,205.0,False,MEDIUM,1.0,True,Aston Martin,0 days 00:57:35.434000,,1,8.0,,,False,False
0 days 01:00:17.846000,ALO,14,0 days 00:01:17.392000,2.0,1.0,,,0 days 00:00:26.870000,0 days 00:00:27.629000,0 days 00:00:22.893000,0 days 00:59:27.324000,0 days 00:59:54.953000,0 days 01:00:17.846000,277.0,277.0,319.0,307.0,True,MEDIUM,2.0,True,Aston Martin,0 days 00:59:00.454000,,1,8.0,,,False,True
0 days 01:01:34.711000,ALO,14,0 days 00:01:16.865000,3.0,1.0,,,0 days 00:00:26.364000,0 days 00:00:27.558000,0 days 00:00:22.943000,0 days 01:00:44.210000,0 days 01:01:11.768000,0 days 01:01:34.711000,280.0,276.0,318.0,294.0,True,MEDIUM,3.0,True,Aston Martin,0 days 01:00:17.846000,,1,8.0,,,False,True
0 days 01:02:51.372000,ALO,14,0 days 00:01:16.661000,4.0,1.0,,,0 days 00:00:26.199000,0 days 00:00:27.738000,0 days 00:00:22.724000,0 days 01:02:00.910000,0 days 01:02:28.648000,0 days 01:02:51.372000,281.0,276.0,321.0,288.0,True,MEDIUM,4.0,True,Aston Martin,0 days 01:01:34.711000,,1,8.0,,,False,True
0 days 01:04:08.507000,ALO,14,0 days 00:01:17.135000,5.0,1.0,,,0 days 00:00:26.409000,0 days 00:00:27.825000,0 days 00:00:22.901000,0 days 01:03:17.781000,0 days 01:03:45.606000,0 days 01:04:08.507000,279.0,273.0,318.0,315.0,False,MEDIUM,5.0,True,Aston Martin,0 days 01:02:51.372000,,1,8.0,,,False,True
0 days 01:05:25.207000,ALO,14,0 days 00:01:16.700000,6.0,1.0,,,0 days 00:00:26.130000,0 days 00:00:27.613000,0 days 00:00:22.957000,0 days 01:04:34.637000,0 days 01:05:02.250000,0 days 01:05:25.207000,287.0,275.0,318.0,315.0,False,MEDIUM,6.0,True,Aston Martin,0 days 01:04:08.507000,,1,8.0,,,False,True
0 days 01:06:42.374000,ALO,14,0 days 00:01:17.167000,7.0,1.0,,,0 days 00:00:26.230000,0 days 00:00:27.929000,0 days 00:00:23.008000,0 days 01:05:51.437000,0 days 01:06:19.366000,0 days 01:06:42.374000,285.0,265.0,301.0,302.0,False,MEDIUM,7.0,True,Aston Martin,0 days 01:05:25.207000,,1,8.0,,,False,True
0 days 01:08:00.369000,ALO,14,0 days 00:01:17.995000,8.0,1.0,,,0 days 00:00:26.912000,0 days 00:00:28.043000,0 days 00:00:23.040000,0 days 01:07:09.286000,0 days 01:07:37.329000,0 days 01:08:00.369000,286.0,266.0,302.0,306.0,False,MEDIUM,8.0,True,Aston Martin,0 days 01:06:42.374000,,1,9.0,,,False,True
0 days 01:09:17.817000,ALO,14,0 days 00:01:17.448000,9.0,1.0,,,0 days 00:00:26.211000,0 days 00:00:28.111000,0 days 00:00:23.126000,0 days 01:08:26.580000,0 days 01:08:54.691000,0 days 01:09:17.817000,285.0,264.0,300.0,299.0,False,MEDIUM,9.0,True,Aston Martin,0 days 01:08:00.369000,,1,9.0,,,False,True
0 days 01:10:35.345000,ALO,14,0 days 00:01:17.528000,10.0,1.0,,,0 days 00:00:26.240000,0 days 00:00:28.165000,0 days 00:00:23.123000,0 days 01:09:44.057000,0 days 01:10:12.222000,0 days 01:10:35.345000,285.0,263.0,300.0,298.0,False,MEDIUM,10.0,True,Aston Martin,0 days 01:09:17.817000,,1,9.0,,,False,True
0 days 01:11:53.017000,ALO,14,0 days 00:01:17.672000,11.0,1.0,,,0 days 00:00:26.303000,0 days 00:00:28.207000,0 days 00:00:23.162000,0 days 01:11:01.648000,0 days 01:11:29.855000,0 days 01:11:53.017000,285.0,264.0,300.0,307.0,False,MEDIUM,11.0,True,Aston Martin,0 days 01:10:35.345000,,1,9.0,,,False,True
0 days 01:13:10.526000,ALO,14,0 days 00:01:17.509000,12.0,1.0,,,0 days 00:00:26.286000,0 days 00:00:28.093000,0 days 00:00:23.130000,0 days 01:12:19.303000,0 days 01:12:47.396000,0 days 01:13:10.526000,284.0,264.0,301.0,298.0,False,MEDIUM,12.0,True,Aston Martin,0 days 01:11:53.017000,,1,9.0,,,False,True
0 days 01:14:27.638000,ALO,14,0 days 00:01:17.112000,13.0,1.0,,,0 days 00:00:25.990000,0 days 00:00:27.973000,0 days 00:00:23.149000,0 days 01:13:36.516000,0 days 01:14:04.489000,0 days 01:14:27.638000,285.0,264.0,300.0,303.0,False,MEDIUM,13.0,True,Aston Martin,0 days 01:13:10.526000,,1,9.0,,,False,True
0 days 01:15:44.908000,ALO,14,0 days 00:01:17.270000,14.0,1.0,,,0 days 00:00:25.942000,0 days 00:00:28.124000,0 days 00:00:23.204000,0 days 01:14:53.580000,0 days 01:15:21.704000,0 days 01:15:44.908000,286.0,263.0,299.0,299.0,False,MEDIUM,14.0,True,Aston Martin,0 days 01:14:27.638000,,1,9.0,,,False,True
0 days 01:17:02.195000,ALO,14,0 days 00:01:17.287000,15.0,1.0,,,0 days 00:00:26.027000,0 days 00:00:28.085000,0 days 00:00:23.175000,0 days 01:16:10.935000,0 days 01:16:39.020000,0 days 01:17:02.195000,285.0,263.0,299.0,302.0,False,MEDIUM,15.0,True,Aston Martin,0 days 01:15:44.908000,,1,9.0,,,False,True
0 days 01:18:20.641000,ALO,14,0 days 00:01:18.446000,16.0,1.0,,,0 days 00:00:26.984000,0 days 00:00:28.290000,0 days 00:00:23.172000,0 days 01:17:29.179000,0 days 01:17:57.469000,0 days 01:18:20.641000,287.0,265.0,300.0,304.0,False,MEDIUM,16.0,True,Aston Martin,0 days 01:17:02.195000,,1,10.0,,,False,True
0 days 01:19:38.149000,ALO,14,0 days 00:01:17.508000,17.0,1.0,,,0 days 00:00:26.010000,0 days 00:00:28.239000,0 days 00:00:23.259000,0 days 01:18:46.651000,0 days 01:19:14.890000,0 days 01:19:38.149000,285.0,262.0,300.0,306.0,False,MEDIUM,17.0,True,Aston Martin,0 days 01:18:20.641000,,1,10.0,,,False,True
0 days 01:20:55.627000,ALO,14,0 days 00:01:17.478000,18.0,1.0,,,0 days 00:00:26.118000,0 days 00:00:28.201000,0 days 00:00:23.159000,0 days 01:20:04.267000,0 days 01:20:32.468000,0 days 01:20:55.627000,284.0,264.0,299.0,307.0,False,MEDIUM,18.0,True,Aston Martin,0 days 01:19:38.149000,,1,10.0,,,False,True
0 days 01:22:12.963000,ALO,14,0 days 00:01:17.336000,19.0,1.0,,,0 days 00:00:25.999000,0 days 00:00:28.272000,0 days 00:00:23.065000,0 days 01:21:21.626000,0 days 01:21:49.898000,0 days 01:22:12.963000,285.0,263.0,299.0,301.0,False,MEDIUM,19.0,True,Aston Martin,0 days 01:20:55.627000,,1,10.0,,,False,True
0 days 01:23:29.778000,ALO,14,0 days 00:01:16.815000,20.0,1.0,,,0 days 00:00:25.876000,0 days 00:00:27.884000,0 days 00:00:23.055000,0 days 01:22:38.839000,0 days 01:23:06.723000,0 days 01:23:29.778000,284.0,264.0,299.0,306.0,False,MEDIUM,20.0,True,Aston Martin,0 days 01:22:12.963000,,1,10.0,,,False,True
0 days 01:24:46.741000,ALO,14,0 days 00:01:16.963000,21.0,1.0,,,0 days 00:00:25.956000,0 days 00:00:27.899000,0 days 00:00:23.108000,0 days 01:23:55.734000,0 days 01:24:23.633000,0 days 01:24:46.741000,285.0,264.0,299.0,303.0,False,MEDIUM,21.0,True,Aston Martin,0 days 01:23:29.778000,,1,10.0,,,False,True
0 days 01:26:03.879000,ALO,14,0 days 00:01:17.138000,22.0,1.0,,,0 days 00:00:25.885000,0 days 00:00:28.161000,0 days 00:00:23.092000,0 days 01:25:12.626000,0 days 01:25:40.787000,0 days 01:26:03.879000,286.0,265.0,301.0,304.0,False,MEDIUM,22.0,True,Aston Martin,0 days 01:24:46.741000,,1,10.0,,,False,True
0 days 01:27:21.709000,ALO,14,0 days 00:01:17.830000,23.0,1.0,,,0 days 00:00:26.151000,0 days 00:00:28.468000,0 days 00:00:23.211000,0 days 01:26:30.030000,0 days 01:26:58.498000,0 days 01:27:21.709000,284.0,263.0,299.0,304.0,False,MEDIUM,23.0,True,Aston Martin,0 days 01:26:03.879000,,1,10.0,,,False,True
0 days 01:28:38.715000,ALO,14,0 days 00:01:17.006000,24.0,1.0,,,0 days 00:00:25.911000,0 days 00:00:27.977000,0 days 00:00:23.118000,0 days 01:27:47.620000,0 days 01:28:15.597000,0 days 01:28:38.715000,285.0,263.0,299.0,300.0,False,MEDIUM,24.0,True,Aston Martin,0 days 01:27:21.709000,,1,9.0,,,False,True
0 days 01:29:55.871000,ALO,14,0 days 00:01:17.156000,25.0,1.0,,,0 days 00:00:25.845000,0 days 00:00:28.004000,0 days 00:00:23.307000,0 days 01:29:04.560000,0 days 01:29:32.564000,0 days 01:29:55.871000,285.0,262.0,292.0,303.0,False,MEDIUM,25.0,True,Aston Martin,0 days 01:28:38.715000,,1,9.0,,,False,True
0 days 01:31:13.883000,ALO,14,0 days 00:01:18.012000,26.0,1.0,,,0 days 00:00:26.377000,0 days 00:00:28.525000,0 days 00:00:23.110000,0 days 01:30:22.248000,0 days 01:30:50.773000,0 days 01:31:13.883000,287.0,266.0,318.0,281.0,False,MEDIUM,26.0,True,Aston Martin,0 days 01:29:55.871000,,1,9.0,,,False,True
0 days 01:32:31.057000,ALO,14,0 days 00:01:17.174000,27.0,1.0,,,0 days 00:00:25.889000,0 days 00:00:28.263000,0 days 00:00:23.022000,0 days 01:31:39.772000,0 days 01:32:08.035000,0 days 01:32:31.057000,286.0,264.0,299.0,319.0,False,MEDIUM,27.0,True,Aston Martin,0 days 01:31:13.883000,,1,9.0,,,False,True
0 days 01:33:48.274000,ALO,14,0 days 00:01:17.217000,28.0,1.0,,,0 days 00:00:25.814000,0 days 00:00:28.354000,0 days 00:00:23.049000,0 days 01:32:56.871000,0 days 01:33:25.225000,0 days 01:33:48.274000,285.0,264.0,300.0,306.0,False,MEDIUM,28.0,True,Aston Martin,0 days 01:32:31.057000,,1,9.0,,,False,True
0 days 01:35:05.731000,ALO,14,0 days 00:01:17.457000,29.0,1.0,,,0 days 00:00:25.907000,0 days 00:00:28.456000,0 days 00:00:23.094000,0 days 01:34:14.181000,0 days 01:34:42.637000,0 days 01:35:05.731000,286.0,265.0,301.0,306.0,False,MEDIUM,29.0,True,Aston Martin,0 days 01:33:48.274000,,1,9.0,,,False,True
0 days 01:36:22.982000,ALO,14,0 days 00:01:17.251000,30.0,1.0,,,0 days 00:00:25.848000,0 days 00:00:28.221000,0 days 00:00:23.182000,0 days 01:35:31.579000,0 days 01:35:59.800000,0 days 01:36:22.982000,286.0,264.0,299.0,306.0,False,MEDIUM,30.0,True,Aston Martin,0 days 01:35:05.731000,,1,8.0,,,False,True
0 days 01:37:44.958000,ALO,14,0 days 00:01:21.976000,31.0,1.0,,0 days 01:37:43.488000,0 days 00:00:25.995000,0 days 00:00:28.452000,0 days 00:00:27.529000,0 days 01:36:48.977000,0 days 01:37:17.429000,0 days 01:37:44.958000,284.0,261.0,,303.0,False,MEDIUM,31.0,True,Aston Martin,0 days 01:36:22.982000,,1,9.0,,,False,False
0 days 01:39:20.765000,ALO,14,0 days 00:01:35.807000,32.0,2.0,0 days 01:38:04.767000,,0 days 00:00:45.498000,0 days 00:00:27.013000,0 days 00:00:23.296000,0 days 01:38:30.456000,0 days 01:38:57.469000,0 days 01:39:20.765000,286.0,270.0,299.0,303.0,False,HARD,1.0,True,Aston Martin,0 days 01:37:44.958000,,1,14.0,,,False,False
0 days 01:40:36.286000,ALO,14,0 days 00:01:15.521000,33.0,2.0,,,0 days 00:00:25.860000,0 days 00:00:26.918000,0 days 00:00:22.743000,0 days 01:39:46.625000,0 days 01:40:13.543000,0 days 01:40:36.286000,285.0,265.0,301.0,302.0,True,HARD,2.0,True,Aston Martin,0 days 01:39:20.765000,,1,13.0,,,False,True
0 days 01:41:51.044000,ALO,14,0 days 00:01:14.758000,34.0,2.0,,,0 days 00:00:25.493000,0 days 00:00:26.816000,0 days 00:00:22.449000,0 days 01:41:01.779000,0 days 01:41:28.595000,0 days 01:41:51.044000,286.0,276.0,319.0,298.0,True,HARD,3.0,True,Aston Martin,0 days 01:40:36.286000,,1,13.0,,,False,True
0 days 01:43:06.785000,ALO,14,0 days 00:01:15.741000,35.0,2.0,,,0 days 00:00:25.714000,0 days 00:00:27.102000,0 days 00:00:22.925000,0 days 01:42:16.758000,0 days 01:42:43.860000,0 days 01:43:06.785000,287.0,277.0,302.0,301.0,False,HARD,4.0,True,Aston Martin,0 days 01:41:51.044000,,1,13.0,,,False,True
0 days 01:44:23.547000,ALO,14,0 days 00:01:16.762000,36.0,2.0,,,0 days 00:00:26.044000,0 days 00:00:27.725000,0 days 00:00:22.993000,0 days 01:43:32.829000,0 days 01:44:00.554000,0 days 01:44:23.547000,287.0,264.0,301.0,295.0,False,HARD,5.0,True,Aston Martin,0 days 01:43:06.785000,,1,13.0,,,False,True
0 days 01:45:39.672000,ALO,14,0 days 00:01:16.125000,37.0,2.0,,,0 days 00:00:25.737000,0 days 00:00:27.614000,0 days 00:00:22.774000,0 days 01:44:49.284000,0 days 01:45:16.898000,0 days 01:45:39.672000,287.0,264.0,301.0,295.0,False,HARD,6.0,True,Aston Martin,0 days 01:44:23.547000,,1,13.0,,,False,True
0 days 01:46:55.810000,ALO,14,0 days 00:01:16.138000,38.0,2.0,,,0 days 00:00:25.717000,0 days 00:00:27.689000,0 days 00:00:22.732000,0 days 01:46:05.389000,0 days 01:46:33.078000,0 days 01:46:55.810000,287.0,266.0,300.0,310.0,False,HARD,7.0,True,Aston Martin,0 days 01:45:39.672000,,1,13.0,,,False,True
0 days 01:48:12.167000,ALO,14,0 days 00:01:16.357000,39.0,2.0,,,0 days 00:00:25.684000,0 days 00:00:27.630000,0 days 00:00:23.043000,0 days 01:47:21.494000,0 days 01:47:49.124000,0 days 01:48:12.167000,286.0,271.0,318.0,298.0,False,HARD,8.0,True,Aston Martin,0 days 01:46:55.810000,,1,12.0,,,False,True
0 days 01:49:29.512000,ALO,14,0 days 00:01:17.345000,40.0,2.0,,,0 days 00:00:26.588000,0 days 00:00:28.022000,0 days 00:00:22.735000,0 days 01:48:38.755000,0 days 01:49:06.777000,0 days 01:49:29.512000,288.0,277.0,323.0,303.0,False,HARD,9.0,True,Aston Martin,0 days 01:48:12.167000,,1,12.0,,,False,True
0 days 01:50:46.182000,ALO,14,0 days 00:01:16.670000,41.0,2.0,,,0 days 00:00:25.856000,0 days 00:00:27.701000,0 days 00:00:23.113000,0 days 01:49:55.368000,0 days 01:50:23.069000,0 days 01:50:46.182000,284.0,262.0,295.0,313.0,False,HARD,10.0,True,Aston Martin,0 days 01:49:29.512000,,1,11.0,,,False,True
0 days 01:52:02.531000,ALO,14,0 days 00:01:16.349000,42.0,2.0,,,0 days 00:00:25.828000,0 days 00:00:27.561000,0 days 00:00:22.960000,0 days 01:51:12.010000,0 days 01:51:39.571000,0 days 01:52:02.531000,285.0,261.0,300.0,288.0,False,HARD,11.0,True,Aston Martin,0 days 01:50:46.182000,,1,11.0,,,False,True
0 days 01:53:18.396000,ALO,14,0 days 00:01:15.865000,43.0,2.0,,,0 days 00:00:25.567000,0 days 00:00:27.424000,0 days 00:00:22.874000,0 days 01:52:28.098000,0 days 01:52:55.522000,0 days 01:53:18.396000,286.0,265.0,300.0,299.0,False,HARD,12.0,True,Aston Martin,0 days 01:52:02.531000,,1,11.0,,,False,True
0 days 01:54:34.219000,ALO,14,0 days 00:01:15.823000,44.0,2.0,,,0 days 00:00:25.569000,0 days 00:00:27.472000,0 days 00:00:22.782000,0 days 01:53:43.965000,0 days 01:54:11.437000,0 days 01:54:34.219000,286.0,266.0,301.0,299.0,False,HARD,13.0,True,Aston Martin,0 days 01:53:18.396000,,1,11.0,,,False,True
0 days 01:55:50.204000,ALO,14,0 days 00:01:15.985000,45.0,2.0,,,0 days 00:00:25.571000,0 days 00:00:27.577000,0 days 00:00:22.837000,0 days 01:54:59.790000,0 days 01:55:27.367000,0 days 01:55:50.204000,286.0,264.0,301.0,297.0,False,HARD,14.0,True,Aston Martin,0 days 01:54:34.219000,,1,11.0,,,False,True
0 days 01:57:06.035000,ALO,14,0 days 00:01:15.831000,46.0,2.0,,,0 days 00:00:25.480000,0 days 00:00:27.516000,0 days 00:00:22.835000,0 days 01:56:15.684000,0 days 01:56:43.200000,0 days 01:57:06.035000,287.0,265.0,300.0,300.0,False,HARD,15.0,True,Aston Martin,0 days 01:55:50.204000,,1,11.0,,,False,True
0 days 01:58:21.784000,ALO,14,0 days 00:01:15.749000,47.0,2.0,,,0 days 00:00:25.525000,0 days 00:00:27.403000,0 days 00:00:22.821000,0 days 01:57:31.560000,0 days 01:57:58.963000,0 days 01:58:21.784000,286.0,264.0,300.0,302.0,False,HARD,16.0,True,Aston Martin,0 days 01:57:06.035000,,1,11.0,,,False,True
0 days 01:59:37.265000,ALO,14,0 days 00:01:15.481000,48.0,2.0,,,0 days 00:00:25.436000,0 days 00:00:27.263000,0 days 00:00:22.782000,0 days 01:58:47.220000,0 days 01:59:14.483000,0 days 01:59:37.265000,288.0,264.0,301.0,300.0,False,HARD,17.0,True,Aston Martin,0 days 01:58:21.784000,,1,11.0,,,False,True
0 days 02:00:52.912000,ALO,14,0 days 00:01:15.647000,49.0,2.0,,,0 days 00:00:25.434000,0 days 00:00:27.364000,0 days 00:00:22.849000,0 days 02:00:02.699000,0 days 02:00:30.063000,0 days 02:00:52.912000,287.0,266.0,300.0,304.0,False,HARD,18.0,True,Aston Martin,0 days 01:59:37.265000,,1,11.0,,,False,True
0 days 02:02:08.180000,ALO,14,0 days 00:01:15.268000,50.0,2.0,,,0 days 00:00:25.471000,0 days 00:00:27.207000,0 days 00:00:22.590000,0 days 02:01:18.383000,0 days 02:01:45.590000,0 days 02:02:08.180000,287.0,265.0,301.0,305.0,False,HARD,19.0,True,Aston Martin,0 days 02:00:52.912000,,1,11.0,,,False,True
0 days 02:03:23.194000,ALO,14,0 days 00:01:15.014000,51.0,2.0,,,0 days 00:00:25.357000,0 days 00:00:27.141000,0 days 00:00:22.516000,0 days 02:02:33.537000,0 days 02:03:00.678000,0 days 02:03:23.194000,288.0,266.0,302.0,304.0,False,HARD,20.0,True,Aston Martin,0 days 02:02:08.180000,,1,11.0,,,False,True
0 days 02:04:38.345000,ALO,14,0 days 00:01:15.151000,52.0,2.0,,,0 days 00:00:25.297000,0 days 00:00:27.279000,0 days 00:00:22.575000,0 days 02:03:48.491000,0 days 02:04:15.770000,0 days 02:04:38.345000,288.0,267.0,301.0,305.0,False,HARD,21.0,True,Aston Martin,0 days 02:03:23.194000,,1,11.0,,,False,True
0 days 02:05:53.393000,ALO,14,0 days 00:01:15.048000,53.0,2.0,,,0 days 00:00:25.356000,0 days 00:00:27.121000,0 days 00:00:22.571000,0 days 02:05:03.701000,0 days 02:05:30.822000,0 days 02:05:53.393000,289.0,268.0,301.0,304.0,False,HARD,22.0,True,Aston Martin,0 days 02:04:38.345000,,1,11.0,,,False,True
0 days 02:07:08.432000,ALO,14,0 days 00:01:15.039000,54.0,2.0,,,0 days 00:00:25.290000,0 days 00:00:27.159000,0 days 00:00:22.590000,0 days 02:06:18.683000,0 days 02:06:45.842000,0 days 02:07:08.432000,287.0,267.0,302.0,307.0,False,HARD,23.0,True,Aston Martin,0 days 02:05:53.393000,,1,11.0,,,False,True
0 days 02:08:23.674000,ALO,14,0 days 00:01:15.242000,55.0,2.0,,,0 days 00:00:25.403000,0 days 00:00:27.142000,0 days 00:00:22.697000,0 days 02:07:33.835000,0 days 02:08:00.977000,0 days 02:08:23.674000,289.0,266.0,302.0,304.0,False,HARD,24.0,True,Aston Martin,0 days 02:07:08.432000,,1,11.0,,,False,True
0 days 02:09:38.867000,ALO,14,0 days 00:01:15.193000,56.0,2.0,,,0 days 00:00:25.293000,0 days 00:00:27.206000,0 days 00:00:22.694000,0 days 02:08:48.967000,0 days 02:09:16.173000,0 days 02:09:38.867000,289.0,267.0,302.0,305.0,False,HARD,25.0,True,Aston Martin,0 days 02:08:23.674000,,1,11.0,,,False,True
0 days 02:10:55.105000,ALO,14,0 days 00:01:16.238000,57.0,2.0,,,0 days 00:00:25.412000,0 days 00:00:27.535000,0 days 00:00:23.291000,0 days 02:10:04.279000,0 days 02:10:31.814000,0 days 02:10:55.105000,288.0,267.0,287.0,301.0,False,HARD,26.0,True,Aston Martin,0 days 02:09:38.867000,,1,11.0,,,False,True
0 days 02:12:12.202000,ALO,14,0 days 00:01:17.097000,58.0,2.0,,,0 days 00:00:26.554000,0 days 00:00:27.559000,0 days 00:00:22.984000,0 days 02:11:21.659000,0 days 02:11:49.218000,0 days 02:12:12.202000,290.0,267.0,302.0,266.0,False,HARD,27.0,True,Aston Martin,0 days 02:10:55.105000,,1,11.0,,,False,True
0 days 02:13:27.554000,ALO,14,0 days 00:01:15.352000,59.0,2.0,,,0 days 00:00:25.478000,0 days 00:00:27.318000,0 days 00:00:22.556000,0 days 02:12:37.680000,0 days 02:13:04.998000,0 days 02:13:27.554000,288.0,267.0,302.0,305.0,False,HARD,28.0,True,Aston Martin,0 days 02:12:12.202000,,1,11.0,,,False,True
0 days 02:14:43.175000,ALO,14,0 days 00:01:15.621000,60.0,2.0,,,0 days 00:00:25.370000,0 days 00:00:27.570000,0 days 00:00:22.681000,0 days 02:13:52.924000,0 days 02:14:20.494000,0 days 02:14:43.175000,288.0,268.0,303.0,310.0,False,HARD,29.0,True,Aston Martin,0 days 02:13:27.554000,,1,11.0,,,False,True
0 days 02:15:58.681000,ALO,14,0 days 00:01:15.506000,61.0,2.0,,,0 days 00:00:25.527000,0 days 00:00:27.525000,0 days 00:00:22.454000,0 days 02:15:08.702000,0 days 02:15:36.227000,0 days 02:15:58.681000,289.0,279.0,315.0,308.0,False,HARD,30.0,True,Aston Martin,0 days 02:14:43.175000,,1,11.0,,,False,True
0 days 02:17:14.665000,ALO,14,0 days 00:01:15.984000,62.0,2.0,,,0 days 00:00:25.838000,0 days 00:00:27.523000,0 days 00:00:22.623000,0 days 02:16:24.519000,0 days 02:16:52.042000,0 days 02:17:14.665000,291.0,280.0,325.0,317.0,False,HARD,31.0,True,Aston Martin,0 days 02:15:58.681000,,1,11.0,,,False,True
0 days 02:18:30.318000,ALO,14,0 days 00:01:15.653000,63.0,2.0,,,0 days 00:00:25.422000,0 days 00:00:27.353000,0 days 00:00:22.878000,0 days 02:17:40.087000,0 days 02:18:07.440000,0 days 02:18:30.318000,288.0,264.0,300.0,328.0,False,HARD,32.0,True,Aston Martin,0 days 02:17:14.665000,,1,10.0,,,False,True
0 days 02:19:45.615000,ALO,14,0 days 00:01:15.297000,64.0,2.0,,,0 days 00:00:25.422000,0 days 00:00:27.199000,0 days 00:00:22.676000,,0 days 02:19:22.939000,0 days 02:19:45.615000,288.0,267.0,302.0,304.0,False,HARD,33.0,True,Aston Martin,0 days 02:18:30.318000,,1,10.0,,,False,True
0 days 02:21:00.813000,ALO,14,0 days 00:01:15.198000,65.0,2.0,,,0 days 00:00:25.311000,0 days 00:00:27.285000,0 days 00:00:22.602000,0 days 02:20:10.926000,0 days 02:20:38.211000,0 days 02:21:00.813000,288.0,267.0,302.0,307.0,False,HARD,34.0,True,Aston Martin,0 days 02:19:45.615000,,1,10.0,,,False,True
0 days 02:22:16.098000,ALO,14,0 days 00:01:15.285000,66.0,2.0,,,0 days 00:00:25.193000,0 days 00:00:27.281000,0 days 00:00:22.811000,0 days 02:21:26.006000,0 days 02:21:53.287000,0 days 02:22:16.098000,289.0,268.0,296.0,306.0,False,HARD,35.0,True,Aston Martin,0 days 02:21:00.813000,,1,10.0,,,False,True
0 days 02:23:31.748000,ALO,14,0 days 00:01:15.650000,67.0,2.0,,,0 days 00:00:25.371000,0 days 00:00:27.502000,0 days 00:00:22.777000,0 days 02:22:41.469000,0 days 02:23:08.971000,0 days 02:23:31.748000,289.0,266.0,301.0,304.0,False,HARD,36.0,True,Aston Martin,0 days 02:22:16.098000,,1,10.0,,,False,True
0 days 02:24:47.775000,ALO,14,0 days 00:01:16.027000,68.0,2.0,,,0 days 00:00:25.482000,0 days 00:00:27.655000,0 days 00:00:22.890000,0 days 02:23:57.230000,0 days 02:24:24.885000,0 days 02:24:47.775000,289.0,266.0,301.0,301.0,False,HARD,37.0,True,Aston Martin,0 days 02:23:31.748000,,1,10.0,,,False,True
0 days 02:26:03.986000,ALO,14,0 days 00:01:16.211000,69.0,2.0,,,0 days 00:00:25.472000,0 days 00:00:27.802000,0 days 00:00:22.937000,0 days 02:25:13.247000,0 days 02:25:41.049000,0 days 02:26:03.986000,289.0,266.0,301.0,297.0,False,HARD,38.0,True,Aston Martin,0 days 02:24:47.775000,,1,10.0,,,False,True
0 days 02:27:19.808000,ALO,14,0 days 00:01:15.822000,70.0,2.0,,,0 days 00:00:25.420000,0 days 00:00:27.589000,0 days 00:00:22.813000,0 days 02:26:29.406000,0 days 02:26:56.995000,0 days 02:27:19.808000,288.0,267.0,301.0,299.0,False,HARD,39.0,True,Aston Martin,0 days 02:26:03.986000,,1,10.0,,,False,True
0 days 02:28:34.780000,ALO,14,0 days 00:01:14.972000,71.0,2.0,,,0 days 00:00:25.202000,0 days 00:00:27.131000,0 days 00:00:22.639000,0 days 02:27:45.010000,0 days 02:28:12.141000,0 days 02:28:34.780000,289.0,267.0,304.0,309.0,False,HARD,40.0,True,Aston Martin,0 days 02:27:19.808000,,1,10.0,,,False,True
0 days 00:59:02.160000,HUL,27,0 days 00:01:26.432000,1.0,1.0,,,,0 days 00:00:28.857000,0 days 00:00:24.065000,,0 days 00:58:38.238000,0 days 00:59:02.300000,271.0,268.0,304.0,221.0,False,MEDIUM,1.0,True,Haas F1 Team,0 days 00:57:35.434000,,1,11.0,,,False,False
0 days 01:00:19.621000,HUL,27,0 days 00:01:17.461000,2.0,1.0,,,0 days 00:00:26.645000,0 days 00:00:27.826000,0 days 00:00:22.990000,0 days 00:59:28.843000,0 days 00:59:56.669000,0 days 01:00:19.659000,289.0,276.0,323.0,297.0,True,MEDIUM,2.0,True,Haas F1 Team,0 days 00:59:02.160000,,1,11.0,,,False,True
0 days 01:01:36.868000,HUL,27,0 days 00:01:17.247000,3.0,1.0,,,0 days 00:00:26.512000,0 days 00:00:27.857000,0 days 00:00:22.878000,0 days 01:00:46.171000,0 days 01:01:14.028000,0 days 01:01:36.906000,288.0,274.0,322.0,298.0,True,MEDIUM,3.0,True,Haas F1 Team,0 days 01:00:19.621000,,1,11.0,,,False,True
0 days 01:02:53.908000,HUL,27,0 days 00:01:17.040000,4.0,1.0,,,0 days 00:00:26.247000,0 days 00:00:27.961000,0 days 00:00:22.832000,0 days 01:02:03.153000,0 days 01:02:31.114000,0 days 01:02:53.946000,288.0,276.0,321.0,312.0,True,MEDIUM,4.0,True,Haas F1 Team,0 days 01:01:36.868000,,1,11.0,,,False,True
0 days 01:04:10.665000,HUL,27,0 days 00:01:16.757000,5.0,1.0,,,0 days 00:00:26.187000,0 days 00:00:27.893000,0 days 00:00:22.677000,0 days 01:03:20.133000,0 days 01:03:48.026000,0 days 01:04:10.703000,284.0,264.0,322.0,314.0,True,MEDIUM,5.0,True,Haas F1 Team,0 days 01:02:53.908000,,1,11.0,,,False,True
0 days 01:05:27.396000,HUL,27,0 days 00:01:16.731000,6.0,1.0,,,0 days 00:00:26.188000,0 days 00:00:27.834000,0 days 00:00:22.709000,0 days 01:04:36.891000,0 days 01:05:04.725000,0 days 01:05:27.434000,289.0,276.0,322.0,320.0,True,MEDIUM,6.0,True,Haas F1 Team,0 days 01:04:10.665000,,1,11.0,,,False,True
0 days 01:06:44.435000,HUL,27,0 days 00:01:17.039000,7.0,1.0,,,0 days 00:00:26.288000,0 days 00:00:27.915000,0 days 00:00:22.836000,0 days 01:05:53.722000,0 days 01:06:21.637000,0 days 01:06:44.473000,288.0,276.0,322.0,319.0,False,MEDIUM,7.0,True,Haas F1 Team,0 days 01:05:27.396000,,1,11.0,,,False,True
0 days 01:08:01.851000,HUL,27,0 days 00:01:17.416000,8.0,1.0,,,0 days 00:00:26.438000,0 days 00:00:28.075000,0 days 00:00:22.903000,0 days 01:07:10.911000,0 days 01:07:38.986000,0 days 01:08:01.889000,289.0,275.0,320.0,305.0,False,MEDIUM,8.0,True,Haas F1 Team,0 days 01:06:44.435000,,1,11.0,,,False,True
0 days 01:09:19.224000,HUL,27,0 days 00:01:17.373000,9.0,1.0,,,0 days 00:00:26.300000,0 days 00:00:28.204000,0 days 00:00:22.869000,0 days 01:08:28.189000,0 days 01:08:56.393000,0 days 01:09:19.262000,285.0,273.0,321.0,311.0,False,MEDIUM,9.0,True,Haas F1 Team,0 days 01:08:01.851000,,1,11.0,,,False,True
0 days 01:10:37.218000,HUL,27,0 days 00:01:17.994000,10.0,1.0,,,0 days 00:00:26.713000,0 days 00:00:28.402000,0 days 00:00:22.879000,0 days 01:09:45.975000,0 days 01:10:14.377000,0 days 01:10:37.256000,290.0,275.0,321.0,296.0,False,MEDIUM,10.0,True,Haas F1 Team,0 days 01:09:19.224000,,1,12.0,,,False,True
0 days 01:11:54.932000,HUL,27,0 days 00:01:17.714000,11.0,1.0,,,0 days 00:00:26.501000,0 days 00:00:28.305000,0 days 00:00:22.908000,0 days 01:11:03.757000,0 days 01:11:32.062000,0 days 01:11:54.970000,287.0,275.0,321.0,297.0,False,MEDIUM,11.0,True,Haas F1 Team,0 days 01:10:37.218000,,1,12.0,,,False,True
0 days 01:13:12.559000,HUL,27,0 days 00:01:17.627000,12.0,1.0,,,0 days 00:00:26.218000,0 days 00:00:28.445000,0 days 00:00:22.964000,0 days 01:12:21.188000,0 days 01:12:49.633000,0 days 01:13:12.597000,288.0,274.0,321.0,311.0,False,MEDIUM,12.0,True,Haas F1 Team,0 days 01:11:54.932000,,1,12.0,,,False,True
0 days 01:14:30.263000,HUL,27,0 days 00:01:17.704000,13.0,1.0,,,0 days 00:00:26.358000,0 days 00:00:28.387000,0 days 00:00:22.959000,0 days 01:13:38.955000,0 days 01:14:07.342000,0 days 01:14:30.301000,288.0,274.0,320.0,310.0,False,MEDIUM,13.0,True,Haas F1 Team,0 days 01:13:12.559000,,1,12.0,,,False,True
0 days 01:15:51.602000,HUL,27,0 days 00:01:21.339000,14.0,1.0,,0 days 01:15:49.999000,0 days 00:00:26.288000,0 days 00:00:28.509000,0 days 00:00:26.542000,0 days 01:14:56.589000,0 days 01:15:25.098000,0 days 01:15:51.640000,288.0,272.0,,303.0,False,MEDIUM,14.0,True,Haas F1 Team,0 days 01:14:30.263000,,1,12.0,,,False,False
0 days 01:17:26.807000,HUL,27,0 days 00:01:35.205000,15.0,2.0,0 days 01:16:11.730000,,0 days 00:00:45.187000,0 days 00:00:27.209000,0 days 00:00:22.809000,0 days 01:16:36.827000,0 days 01:17:04.036000,0 days 01:17:26.845000,287.0,265.0,300.0,303.0,False,HARD,1.0,True,Haas F1 Team,0 days 01:15:51.602000,,1,18.0,,,False,False
0 days 01:18:42.739000,HUL,27,0 days 00:01:15.932000,16.0,2.0,,,0 days 00:00:25.964000,0 days 00:00:27.244000,0 days 00:00:22.724000,0 days 01:17:52.809000,0 days 01:18:20.053000,0 days 01:18:42.777000,286.0,264.0,301.0,303.0,True,HARD,2.0,True,Haas F1 Team,0 days 01:17:26.807000,,1,17.0,,,False,True
0 days 01:19:58.942000,HUL,27,0 days 00:01:16.203000,17.0,2.0,,,0 days 00:00:25.843000,0 days 00:00:27.607000,0 days 00:00:22.753000,0 days 01:19:08.620000,0 days 01:19:36.227000,0 days 01:19:58.980000,285.0,263.0,303.0,301.0,False,HARD,3.0,True,Haas F1 Team,0 days 01:18:42.739000,,1,17.0,,,False,True
0 days 01:21:15.008000,HUL,27,0 days 00:01:16.066000,18.0,2.0,,,0 days 00:00:25.801000,0 days 00:00:27.435000,0 days 00:00:22.830000,0 days 01:20:24.781000,0 days 01:20:52.216000,0 days 01:21:15.046000,286.0,275.0,318.0,302.0,False,HARD,4.0,True,Haas F1 Team,0 days 01:19:58.942000,,1,16.0,,,False,True
0 days 01:22:30.875000,HUL,27,0 days 00:01:15.867000,19.0,2.0,,,0 days 00:00:25.639000,0 days 00:00:27.510000,0 days 00:00:22.718000,0 days 01:21:40.685000,0 days 01:22:08.195000,0 days 01:22:30.913000,285.0,264.0,302.0,320.0,True,HARD,5.0,True,Haas F1 Team,0 days 01:21:15.008000,,1,16.0,,,False,True
0 days 01:23:46.828000,HUL,27,0 days 00:01:15.953000,20.0,2.0,,,0 days 00:00:25.749000,0 days 00:00:27.426000,0 days 00:00:22.778000,0 days 01:22:56.662000,0 days 01:23:24.088000,0 days 01:23:46.866000,286.0,265.0,305.0,305.0,False,HARD,6.0,True,Haas F1 Team,0 days 01:22:30.875000,,1,16.0,,,False,True
0 days 01:25:03.109000,HUL,27,0 days 00:01:16.281000,21.0,2.0,,,0 days 00:00:25.983000,0 days 00:00:27.498000,0 days 00:00:22.800000,0 days 01:24:12.849000,0 days 01:24:40.347000,0 days 01:25:03.147000,288.0,275.0,324.0,304.0,False,HARD,7.0,True,Haas F1 Team,0 days 01:23:46.828000,,1,16.0,,,False,True
0 days 01:26:20.162000,HUL,27,0 days 00:01:17.053000,22.0,2.0,,,0 days 00:00:26.252000,0 days 00:00:27.827000,0 days 00:00:22.974000,0 days 01:25:29.399000,0 days 01:25:57.226000,0 days 01:26:20.200000,285.0,263.0,305.0,328.0,False,HARD,8.0,True,Haas F1 Team,0 days 01:25:03.109000,,1,15.0,,,False,True
0 days 01:27:36.820000,HUL,27,0 days 00:01:16.658000,23.0,2.0,,,0 days 00:00:26.045000,0 days 00:00:27.835000,0 days 00:00:22.778000,0 days 01:26:46.245000,0 days 01:27:14.080000,0 days 01:27:36.858000,285.0,265.0,305.0,300.0,False,HARD,9.0,True,Haas F1 Team,0 days 01:26:20.162000,,1,15.0,,,False,True
0 days 01:28:53.472000,HUL,27,0 days 00:01:16.652000,24.0,2.0,,,0 days 00:00:25.984000,0 days 00:00:27.872000,0 days 00:00:22.796000,0 days 01:28:02.842000,0 days 01:28:30.714000,0 days 01:28:53.510000,287.0,265.0,305.0,306.0,False,HARD,10.0,True,Haas F1 Team,0 days 01:27:36.820000,,1,14.0,,,False,True
0 days 01:30:09.859000,HUL,27,0 days 00:01:16.387000,25.0,2.0,,,0 days 00:00:25.866000,0 days 00:00:27.661000,0 days 00:00:22.860000,0 days 01:29:19.376000,0 days 01:29:47.037000,0 days 01:30:09.897000,290.0,277.0,320.0,304.0,False,HARD,11.0,True,Haas F1 Team,0 days 01:28:53.472000,,1,13.0,,,False,True
0 days 01:31:26.593000,HUL,27,0 days 00:01:16.734000,26.0,2.0,,,0 days 00:00:26.069000,0 days 00:00:27.890000,0 days 00:00:22.775000,0 days 01:30:35.966000,0 days 01:31:03.856000,0 days 01:31:26.631000,288.0,264.0,304.0,319.0,False,HARD,12.0,True,Haas F1 Team,0 days 01:30:09.859000,,1,13.0,,,False,True
0 days 01:32:42.766000,HUL,27,0 days 00:01:16.173000,27.0,2.0,,,0 days 00:00:25.855000,0 days 00:00:27.615000,0 days 00:00:22.703000,0 days 01:31:52.486000,0 days 01:32:20.101000,0 days 01:32:42.804000,288.0,265.0,304.0,309.0,False,HARD,13.0,True,Haas F1 Team,0 days 01:31:26.593000,,1,13.0,,,False,True
0 days 01:33:59.615000,HUL,27,0 days 00:01:16.849000,28.0,2.0,,,0 days 00:00:25.893000,0 days 00:00:28.148000,0 days 00:00:22.808000,0 days 01:33:08.697000,0 days 01:33:36.845000,0 days 01:33:59.653000,288.0,265.0,305.0,304.0,False,HARD,14.0,True,Haas F1 Team,0 days 01:32:42.766000,,1,13.0,,,False,True
0 days 01:35:17.161000,HUL,27,0 days 00:01:17.546000,29.0,2.0,,,0 days 00:00:26.566000,0 days 00:00:28.146000,0 days 00:00:22.834000,0 days 01:34:26.219000,0 days 01:34:54.365000,0 days 01:35:17.199000,290.0,265.0,308.0,293.0,False,HARD,15.0,True,Haas F1 Team,0 days 01:33:59.615000,,1,13.0,,,False,True
0 days 01:36:33.900000,HUL,27,0 days 00:01:16.739000,30.0,2.0,,,0 days 00:00:25.942000,0 days 00:00:27.940000,0 days 00:00:22.857000,0 days 01:35:43.141000,0 days 01:36:11.081000,0 days 01:36:33.938000,289.0,266.0,306.0,308.0,False,HARD,16.0,True,Haas F1 Team,0 days 01:35:17.161000,,1,13.0,,,False,True
0 days 01:37:50.215000,HUL,27,0 days 00:01:16.315000,31.0,2.0,,,0 days 00:00:25.906000,0 days 00:00:27.772000,0 days 00:00:22.637000,0 days 01:36:59.844000,0 days 01:37:27.616000,0 days 01:37:50.253000,290.0,277.0,324.0,304.0,False,HARD,17.0,True,Haas F1 Team,0 days 01:36:33.900000,,1,12.0,,,False,True
0 days 01:39:06.763000,HUL,27,0 days 00:01:16.548000,32.0,2.0,,,0 days 00:00:25.924000,0 days 00:00:27.913000,0 days 00:00:22.711000,0 days 01:38:16.177000,0 days 01:38:44.090000,0 days 01:39:06.801000,287.0,265.0,303.0,308.0,False,HARD,18.0,True,Haas F1 Team,0 days 01:37:50.215000,,1,10.0,,,False,True
0 days 01:40:23.356000,HUL,27,0 days 00:01:16.593000,33.0,2.0,,,0 days 00:00:25.917000,0 days 00:00:27.898000,0 days 00:00:22.778000,0 days 01:39:32.718000,0 days 01:40:00.616000,0 days 01:40:23.394000,287.0,264.0,303.0,304.0,False,HARD,19.0,True,Haas F1 Team,0 days 01:39:06.763000,,1,9.0,,,False,True
0 days 01:41:39.972000,HUL,27,0 days 00:01:16.616000,34.0,2.0,,,0 days 00:00:25.894000,0 days 00:00:27.948000,0 days 00:00:22.774000,0 days 01:40:49.288000,0 days 01:41:17.236000,0 days 01:41:40.010000,287.0,264.0,302.0,304.0,False,HARD,20.0,True,Haas F1 Team,0 days 01:40:23.356000,,1,9.0,,,False,True
0 days 01:42:56.285000,HUL,27,0 days 00:01:16.313000,35.0,2.0,,,0 days 00:00:25.910000,0 days 00:00:27.745000,0 days 00:00:22.658000,0 days 01:42:05.920000,0 days 01:42:33.665000,0 days 01:42:56.323000,288.0,265.0,303.0,304.0,False,HARD,21.0,True,Haas F1 Team,0 days 01:41:39.972000,,1,9.0,,,False,True
0 days 01:44:12.923000,HUL,27,0 days 00:01:16.638000,36.0,2.0,,,0 days 00:00:26.106000,0 days 00:00:27.856000,0 days 00:00:22.676000,0 days 01:43:22.429000,0 days 01:43:50.285000,0 days 01:44:12.961000,287.0,264.0,303.0,305.0,False,HARD,22.0,True,Haas F1 Team,0 days 01:42:56.285000,,1,9.0,,,False,True
0 days 01:45:28.995000,HUL,27,0 days 00:01:16.072000,37.0,2.0,,,0 days 00:00:25.763000,0 days 00:00:27.731000,0 days 00:00:22.578000,0 days 01:44:38.724000,0 days 01:45:06.455000,0 days 01:45:29.033000,288.0,264.0,303.0,304.0,False,HARD,23.0,True,Haas F1 Team,0 days 01:44:12.923000,,1,9.0,,,False,True
0 days 01:46:45.725000,HUL,27,0 days 00:01:16.730000,38.0,2.0,,,0 days 00:00:25.881000,0 days 00:00:27.948000,0 days 00:00:22.901000,0 days 01:45:54.914000,0 days 01:46:22.862000,0 days 01:46:45.763000,288.0,264.0,302.0,304.0,False,HARD,24.0,True,Haas F1 Team,0 days 01:45:28.995000,,1,9.0,,,False,True
0 days 01:48:02.009000,HUL,27,0 days 00:01:16.284000,39.0,2.0,,,0 days 00:00:25.841000,0 days 00:00:27.783000,0 days 00:00:22.660000,0 days 01:47:11.604000,0 days 01:47:39.387000,0 days 01:48:02.047000,287.0,264.0,302.0,306.0,False,HARD,25.0,True,Haas F1 Team,0 days 01:46:45.725000,,1,9.0,,,False,True
0 days 01:49:18.330000,HUL,27,0 days 00:01:16.321000,40.0,2.0,,,0 days 00:00:25.885000,0 days 00:00:27.692000,0 days 00:00:22.744000,0 days 01:48:27.932000,0 days 01:48:55.624000,0 days 01:49:18.368000,287.0,263.0,301.0,303.0,False,HARD,26.0,True,Haas F1 Team,0 days 01:48:02.009000,,1,9.0,,,False,True
0 days 01:50:34.792000,HUL,27,0 days 00:01:16.462000,41.0,2.0,,,0 days 00:00:25.836000,0 days 00:00:27.733000,0 days 00:00:22.893000,0 days 01:49:44.204000,0 days 01:50:11.937000,0 days 01:50:34.830000,287.0,261.0,302.0,301.0,False,HARD,27.0,True,Haas F1 Team,0 days 01:49:18.330000,,1,9.0,,,False,True
0 days 01:51:51.240000,HUL,27,0 days 00:01:16.448000,42.0,2.0,,,0 days 00:00:25.802000,0 days 00:00:27.892000,0 days 00:00:22.754000,0 days 01:51:00.632000,0 days 01:51:28.524000,0 days 01:51:51.278000,288.0,263.0,302.0,305.0,False,HARD,28.0,True,Haas F1 Team,0 days 01:50:34.792000,,1,9.0,,,False,True
0 days 01:53:07.136000,HUL,27,0 days 00:01:15.896000,43.0,2.0,,,0 days 00:00:25.613000,0 days 00:00:27.490000,0 days 00:00:22.793000,0 days 01:52:16.891000,0 days 01:52:44.381000,0 days 01:53:07.174000,288.0,263.0,301.0,308.0,False,HARD,29.0,True,Haas F1 Team,0 days 01:51:51.240000,,1,9.0,,,False,True
0 days 01:54:23.318000,HUL,27,0 days 00:01:16.182000,44.0,2.0,,,0 days 00:00:25.627000,0 days 00:00:27.733000,0 days 00:00:22.822000,0 days 01:53:32.801000,0 days 01:54:00.534000,0 days 01:54:23.356000,287.0,264.0,302.0,303.0,False,HARD,30.0,True,Haas F1 Team,0 days 01:53:07.136000,,1,9.0,,,False,True
0 days 01:55:39.301000,HUL,27,0 days 00:01:15.983000,45.0,2.0,,,0 days 00:00:25.611000,0 days 00:00:27.605000,0 days 00:00:22.767000,0 days 01:54:48.967000,0 days 01:55:16.572000,0 days 01:55:39.339000,285.0,263.0,302.0,303.0,False,HARD,31.0,True,Haas F1 Team,0 days 01:54:23.318000,,1,9.0,,,False,True
0 days 01:56:55.147000,HUL,27,0 days 00:01:15.846000,46.0,2.0,,,0 days 00:00:25.566000,0 days 00:00:27.645000,0 days 00:00:22.635000,0 days 01:56:04.905000,0 days 01:56:32.550000,0 days 01:56:55.185000,288.0,264.0,303.0,304.0,True,HARD,32.0,True,Haas F1 Team,0 days 01:55:39.301000,,1,9.0,,,False,True
0 days 01:58:10.977000,HUL,27,0 days 00:01:15.830000,47.0,2.0,,,0 days 00:00:25.600000,0 days 00:00:27.542000,0 days 00:00:22.688000,0 days 01:57:20.785000,0 days 01:57:48.327000,0 days 01:58:11.015000,288.0,264.0,302.0,305.0,True,HARD,33.0,True,Haas F1 Team,0 days 01:56:55.147000,,1,9.0,,,False,True
0 days 01:59:26.915000,HUL,27,0 days 00:01:15.938000,48.0,2.0,,,0 days 00:00:25.598000,0 days 00:00:27.634000,0 days 00:00:22.706000,0 days 01:58:36.613000,0 days 01:59:04.247000,0 days 01:59:26.953000,287.0,264.0,303.0,303.0,False,HARD,34.0,True,Haas F1 Team,0 days 01:58:10.977000,,1,9.0,,,False,True
0 days 02:00:42.968000,HUL,27,0 days 00:01:16.053000,49.0,2.0,,,0 days 00:00:25.606000,0 days 00:00:27.872000,0 days 00:00:22.575000,0 days 01:59:52.559000,0 days 02:00:20.431000,0 days 02:00:43.006000,290.0,266.0,304.0,308.0,False,HARD,35.0,True,Haas F1 Team,0 days 01:59:26.915000,,1,9.0,,,False,True
0 days 02:01:58.773000,HUL,27,0 days 00:01:15.805000,50.0,2.0,,,0 days 00:00:25.589000,0 days 00:00:27.627000,0 days 00:00:22.589000,0 days 02:01:08.595000,0 days 02:01:36.222000,0 days 02:01:58.811000,288.0,265.0,304.0,306.0,True,HARD,36.0,True,Haas F1 Team,0 days 02:00:42.968000,,1,9.0,,,False,True
0 days 02:03:14.478000,HUL,27,0 days 00:01:15.705000,51.0,2.0,,,0 days 00:00:25.482000,0 days 00:00:27.686000,0 days 00:00:22.537000,0 days 02:02:24.293000,0 days 02:02:51.979000,0 days 02:03:14.516000,289.0,265.0,303.0,308.0,True,HARD,37.0,True,Haas F1 Team,0 days 02:01:58.773000,,1,9.0,,,False,True
0 days 02:04:30.334000,HUL,27,0 days 00:01:15.856000,52.0,2.0,,,0 days 00:00:25.517000,0 days 00:00:27.772000,0 days 00:00:22.567000,0 days 02:03:40.033000,0 days 02:04:07.805000,0 days 02:04:30.372000,288.0,265.0,303.0,305.0,False,HARD,38.0,True,Haas F1 Team,0 days 02:03:14.478000,,1,9.0,,,False,True
0 days 02:05:46.067000,HUL,27,0 days 00:01:15.733000,53.0,2.0,,,0 days 00:00:25.604000,0 days 00:00:27.573000,0 days 00:00:22.556000,0 days 02:04:55.976000,0 days 02:05:23.549000,0 days 02:05:46.105000,289.0,265.0,303.0,307.0,False,HARD,39.0,True,Haas F1 Team,0 days 02:04:30.334000,,1,9.0,,,False,True
0 days 02:07:02.246000,HUL,27,0 days 00:01:16.179000,54.0,2.0,,,0 days 00:00:25.547000,0 days 00:00:27.719000,0 days 00:00:22.913000,0 days 02:06:11.652000,0 days 02:06:39.371000,0 days 02:07:02.284000,289.0,265.0,303.0,306.0,False,HARD,40.0,True,Haas F1 Team,0 days 02:05:46.067000,,1,9.0,,,False,True
0 days 02:08:18.695000,HUL,27,0 days 00:01:16.449000,55.0,2.0,,,0 days 00:00:25.949000,0 days 00:00:27.725000,0 days 00:00:22.775000,0 days 02:07:28.233000,0 days 02:07:55.958000,0 days 02:08:18.733000,289.0,264.0,302.0,305.0,False,HARD,41.0,True,Haas F1 Team,0 days 02:07:02.246000,,1,9.0,,,False,True
0 days 02:09:35.159000,HUL,27,0 days 00:01:16.464000,56.0,2.0,,,0 days 00:00:25.616000,0 days 00:00:27.946000,0 days 00:00:22.902000,0 days 02:08:44.349000,0 days 02:09:12.295000,0 days 02:09:35.197000,288.0,263.0,302.0,305.0,False,HARD,42.0,True,Haas F1 Team,0 days 02:08:18.695000,,1,9.0,,,False,True
0 days 02:10:51.420000,HUL,27,0 days 00:01:16.261000,57.0,2.0,,,0 days 00:00:25.621000,0 days 00:00:27.889000,0 days 00:00:22.751000,0 days 02:10:00.818000,0 days 02:10:28.707000,0 days 02:10:51.458000,288.0,265.0,303.0,307.0,False,HARD,43.0,True,Haas F1 Team,0 days 02:09:35.159000,,1,9.0,,,False,True
0 days 02:12:07.527000,HUL,27,0 days 00:01:16.107000,58.0,2.0,,,0 days 00:00:25.622000,0 days 00:00:27.761000,0 days 00:00:22.724000,0 days 02:11:17.080000,0 days 02:11:44.841000,0 days 02:12:07.565000,290.0,264.0,303.0,306.0,False,HARD,44.0,True,Haas F1 Team,0 days 02:10:51.420000,,1,9.0,,,False,True
0 days 02:13:23.184000,HUL,27,0 days 00:01:15.657000,59.0,2.0,,,0 days 00:00:25.768000,0 days 00:00:27.336000,0 days 00:00:22.553000,0 days 02:12:33.333000,0 days 02:13:00.669000,0 days 02:13:23.222000,288.0,266.0,303.0,311.0,True,HARD,45.0,True,Haas F1 Team,0 days 02:12:07.527000,,1,9.0,,,False,True
0 days 02:14:41.769000,HUL,27,0 days 00:01:18.585000,60.0,2.0,,,0 days 00:00:26.917000,0 days 00:00:28.699000,0 days 00:00:22.969000,0 days 02:13:50.139000,0 days 02:14:18.838000,0 days 02:14:41.807000,224.0,269.0,306.0,309.0,False,HARD,46.0,True,Haas F1 Team,0 days 02:13:23.184000,,1,10.0,,,False,True
0 days 02:15:58.210000,HUL,27,0 days 00:01:16.441000,61.0,2.0,,,0 days 00:00:25.843000,0 days 00:00:27.892000,0 days 00:00:22.706000,0 days 02:15:07.650000,0 days 02:15:35.542000,0 days 02:15:58.248000,291.0,267.0,307.0,308.0,False,HARD,47.0,True,Haas F1 Team,0 days 02:14:41.769000,,1,10.0,,,False,True
0 days 02:17:14.505000,HUL,27,0 days 00:01:16.295000,62.0,2.0,,,0 days 00:00:25.691000,0 days 00:00:27.885000,0 days 00:00:22.719000,0 days 02:16:23.939000,0 days 02:16:51.824000,0 days 02:17:14.543000,291.0,266.0,306.0,308.0,False,HARD,48.0,True,Haas F1 Team,0 days 02:15:58.210000,,1,10.0,,,False,True
0 days 02:18:31.812000,HUL,27,0 days 00:01:17.307000,63.0,2.0,,,0 days 00:00:26.346000,0 days 00:00:28.095000,0 days 00:00:22.866000,0 days 02:17:40.889000,0 days 02:18:08.984000,0 days 02:18:31.850000,291.0,267.0,305.0,311.0,False,HARD,49.0,True,Haas F1 Team,0 days 02:17:14.505000,,1,11.0,,,False,True
0 days 02:19:48.132000,HUL,27,0 days 00:01:16.320000,64.0,2.0,,,0 days 00:00:25.826000,0 days 00:00:27.792000,0 days 00:00:22.702000,0 days 02:18:57.676000,0 days 02:19:25.468000,0 days 02:19:48.170000,290.0,267.0,306.0,306.0,False,HARD,50.0,True,Haas F1 Team,0 days 02:18:31.812000,,1,11.0,,,False,True
0 days 02:21:04.386000,HUL,27,0 days 00:01:16.254000,65.0,2.0,,,0 days 00:00:25.585000,0 days 00:00:27.896000,0 days 00:00:22.773000,0 days 02:20:13.755000,0 days 02:20:41.651000,0 days 02:21:04.424000,290.0,266.0,305.0,310.0,False,HARD,51.0,True,Haas F1 Team,0 days 02:19:48.132000,,1,11.0,,,False,True
0 days 02:22:20.500000,HUL,27,0 days 00:01:16.114000,66.0,2.0,,,0 days 00:00:25.551000,0 days 00:00:27.681000,0 days 00:00:22.882000,0 days 02:21:29.975000,0 days 02:21:57.656000,0 days 02:22:20.538000,290.0,267.0,304.0,309.0,False,HARD,52.0,True,Haas F1 Team,0 days 02:21:04.386000,,1,11.0,,,False,True
0 days 02:23:36.418000,HUL,27,0 days 00:01:15.918000,67.0,2.0,,,0 days 00:00:25.609000,0 days 00:00:27.676000,0 days 00:00:22.633000,0 days 02:22:46.147000,0 days 02:23:13.823000,0 days 02:23:36.456000,290.0,266.0,305.0,309.0,False,HARD,53.0,True,Haas F1 Team,0 days 02:22:20.500000,,1,11.0,,,False,True
0 days 02:24:52.448000,HUL,27,0 days 00:01:16.030000,68.0,2.0,,,0 days 00:00:25.596000,0 days 00:00:27.779000,0 days 00:00:22.655000,0 days 02:24:02.052000,0 days 02:24:29.831000,0 days 02:24:52.486000,291.0,266.0,305.0,309.0,False,HARD,54.0,True,Haas F1 Team,0 days 02:23:36.418000,,1,11.0,,,False,True
0 days 02:26:08.329000,HUL,27,0 days 00:01:15.881000,69.0,2.0,,,0 days 00:00:25.443000,0 days 00:00:27.788000,0 days 00:00:22.650000,0 days 02:25:17.929000,0 days 02:25:45.717000,0 days 02:26:08.367000,291.0,266.0,305.0,310.0,False,HARD,55.0,True,Haas F1 Team,0 days 02:24:52.448000,,1,11.0,,,False,True
0 days 02:27:24.239000,HUL,27,0 days 00:01:15.910000,70.0,2.0,,,0 days 00:00:25.470000,0 days 00:00:27.679000,0 days 00:00:22.761000,0 days 02:26:33.837000,0 days 02:27:01.516000,0 days 02:27:24.277000,291.0,267.0,304.0,307.0,False,HARD,56.0,True,Haas F1 Team,0 days 02:26:08.329000,,1,11.0,,,False,True
0 days 02:28:40.461000,HUL,27,0 days 00:01:16.222000,71.0,2.0,,,0 days 00:00:25.494000,0 days 00:00:27.781000,0 days 00:00:22.947000,0 days 02:27:49.771000,0 days 02:28:17.552000,0 days 02:28:40.499000,290.0,267.0,305.0,310.0,False,HARD,57.0,True,Haas F1 Team,0 days 02:27:24.239000,,1,11.0,,,False,True
0 days 00:59:03.678000,RIC,3,0 days 00:01:27.950000,1.0,1.0,,,,0 days 00:00:29.124000,0 days 00:00:24.379000,,0 days 00:58:39.442000,0 days 00:59:03.876000,264.0,268.0,303.0,206.0,False,MEDIUM,1.0,True,RB,0 days 00:57:35.434000,,1,15.0,,,False,False
0 days 01:00:22.789000,RIC,3,0 days 00:01:19.111000,2.0,1.0,,,0 days 00:00:26.924000,0 days 00:00:28.095000,0 days 00:00:24.092000,0 days 00:59:30.664000,0 days 00:59:58.759000,0 days 01:00:22.851000,277.0,276.0,302.0,299.0,True,MEDIUM,2.0,True,RB,0 days 00:59:03.678000,,1,15.0,,,False,True
0 days 01:01:40.456000,RIC,3,0 days 00:01:17.667000,3.0,1.0,,,0 days 00:00:26.822000,0 days 00:00:27.802000,0 days 00:00:23.043000,0 days 01:00:49.673000,0 days 01:01:17.475000,0 days 01:01:40.518000,285.0,272.0,316.0,294.0,True,MEDIUM,3.0,True,RB,0 days 01:00:22.789000,,1,15.0,,,False,True
0 days 01:02:57.858000,RIC,3,0 days 00:01:17.402000,4.0,1.0,,,0 days 00:00:26.674000,0 days 00:00:27.839000,0 days 00:00:22.889000,0 days 01:02:07.192000,0 days 01:02:35.031000,0 days 01:02:57.920000,284.0,273.0,316.0,300.0,True,MEDIUM,4.0,True,RB,0 days 01:01:40.456000,,1,15.0,,,False,True
0 days 01:04:14.973000,RIC,3,0 days 00:01:17.115000,5.0,1.0,,,0 days 00:00:26.504000,0 days 00:00:27.685000,0 days 00:00:22.926000,0 days 01:03:24.424000,0 days 01:03:52.109000,0 days 01:04:15.035000,284.0,271.0,316.0,297.0,True,MEDIUM,5.0,True,RB,0 days 01:02:57.858000,,1,15.0,,,False,True
0 days 01:05:32.049000,RIC,3,0 days 00:01:17.076000,6.0,1.0,,,0 days 00:00:26.492000,0 days 00:00:27.589000,0 days 00:00:22.995000,0 days 01:04:41.527000,0 days 01:05:09.116000,0 days 01:05:32.111000,285.0,271.0,315.0,288.0,True,MEDIUM,6.0,True,RB,0 days 01:04:14.973000,,1,15.0,,,False,True
0 days 01:06:49.496000,RIC,3,0 days 00:01:17.447000,7.0,1.0,,,0 days 00:00:26.508000,0 days 00:00:27.839000,0 days 00:00:23.100000,0 days 01:05:58.619000,0 days 01:06:26.458000,0 days 01:06:49.558000,283.0,272.0,315.0,311.0,False,MEDIUM,7.0,True,RB,0 days 01:05:32.049000,,1,15.0,,,False,True
0 days 01:08:06.866000,RIC,3,0 days 00:01:17.370000,8.0,1.0,,,0 days 00:00:26.500000,0 days 00:00:27.790000,0 days 00:00:23.080000,0 days 01:07:16.058000,0 days 01:07:43.848000,0 days 01:08:06.928000,283.0,271.0,314.0,286.0,False,MEDIUM,8.0,True,RB,0 days 01:06:49.496000,,1,15.0,,,False,True
0 days 01:09:24.360000,RIC,3,0 days 00:01:17.494000,9.0,1.0,,,0 days 00:00:26.462000,0 days 00:00:28.014000,0 days 00:00:23.018000,0 days 01:08:33.390000,0 days 01:09:01.404000,0 days 01:09:24.422000,285.0,270.0,316.0,293.0,False,MEDIUM,9.0,True,RB,0 days 01:08:06.866000,,1,15.0,,,False,True
0 days 01:10:42.005000,RIC,3,0 days 00:01:17.645000,10.0,1.0,,,0 days 00:00:26.533000,0 days 00:00:28.001000,0 days 00:00:23.111000,0 days 01:09:50.955000,0 days 01:10:18.956000,0 days 01:10:42.067000,284.0,270.0,315.0,296.0,False,MEDIUM,10.0,True,RB,0 days 01:09:24.360000,,1,15.0,,,False,True
0 days 01:11:59.613000,RIC,3,0 days 00:01:17.608000,11.0,1.0,,,0 days 00:00:26.527000,0 days 00:00:27.980000,0 days 00:00:23.101000,0 days 01:11:08.594000,0 days 01:11:36.574000,0 days 01:11:59.675000,283.0,273.0,315.0,299.0,False,MEDIUM,11.0,True,RB,0 days 01:10:42.005000,,1,15.0,,,False,True
0 days 01:13:17.227000,RIC,3,0 days 00:01:17.614000,12.0,1.0,,,0 days 00:00:26.426000,0 days 00:00:28.200000,0 days 00:00:22.988000,0 days 01:12:26.101000,0 days 01:12:54.301000,0 days 01:13:17.289000,283.0,271.0,316.0,310.0,False,MEDIUM,12.0,True,RB,0 days 01:11:59.613000,,1,15.0,,,False,True
0 days 01:14:35.339000,RIC,3,0 days 00:01:18.112000,13.0,1.0,,,0 days 00:00:26.759000,0 days 00:00:28.231000,0 days 00:00:23.122000,0 days 01:13:44.048000,0 days 01:14:12.279000,0 days 01:14:35.401000,283.0,272.0,314.0,290.0,False,MEDIUM,13.0,True,RB,0 days 01:13:17.227000,,1,15.0,,,False,True
0 days 01:15:53.038000,RIC,3,0 days 00:01:17.699000,14.0,1.0,,,0 days 00:00:26.509000,0 days 00:00:28.059000,0 days 00:00:23.131000,0 days 01:15:01.910000,0 days 01:15:29.969000,0 days 01:15:53.100000,284.0,272.0,315.0,297.0,False,MEDIUM,14.0,True,RB,0 days 01:14:35.339000,,1,15.0,,,False,True
0 days 01:17:10.482000,RIC,3,0 days 00:01:17.444000,15.0,1.0,,,0 days 00:00:26.458000,0 days 00:00:27.849000,0 days 00:00:23.137000,0 days 01:16:19.558000,0 days 01:16:47.407000,0 days 01:17:10.544000,280.0,260.0,295.0,289.0,False,MEDIUM,15.0,True,RB,0 days 01:15:53.038000,,1,12.0,,,False,True
0 days 01:18:27.652000,RIC,3,0 days 00:01:17.170000,16.0,1.0,,,0 days 00:00:26.262000,0 days 00:00:27.746000,0 days 00:00:23.162000,0 days 01:17:36.806000,0 days 01:18:04.552000,0 days 01:18:27.714000,281.0,262.0,296.0,305.0,False,MEDIUM,16.0,True,RB,0 days 01:17:10.482000,,1,12.0,,,False,True
0 days 01:19:45.141000,RIC,3,0 days 00:01:17.489000,17.0,1.0,,,0 days 00:00:26.363000,0 days 00:00:28.027000,0 days 00:00:23.099000,0 days 01:18:54.077000,0 days 01:19:22.104000,0 days 01:19:45.203000,281.0,260.0,296.0,304.0,False,MEDIUM,17.0,True,RB,0 days 01:18:27.652000,,1,12.0,,,False,True
0 days 01:21:02.442000,RIC,3,0 days 00:01:17.301000,18.0,1.0,,,0 days 00:00:26.274000,0 days 00:00:27.955000,0 days 00:00:23.072000,0 days 01:20:11.477000,0 days 01:20:39.432000,0 days 01:21:02.504000,280.0,260.0,296.0,304.0,False,MEDIUM,18.0,True,RB,0 days 01:19:45.141000,,1,12.0,,,False,True
0 days 01:22:19.559000,RIC,3,0 days 00:01:17.117000,19.0,1.0,,,0 days 00:00:26.155000,0 days 00:00:27.897000,0 days 00:00:23.065000,0 days 01:21:28.659000,0 days 01:21:56.556000,0 days 01:22:19.621000,281.0,260.0,297.0,304.0,False,MEDIUM,19.0,True,RB,0 days 01:21:02.442000,,1,12.0,,,False,True
0 days 01:23:36.877000,RIC,3,0 days 00:01:17.318000,20.0,1.0,,,0 days 00:00:26.204000,0 days 00:00:27.976000,0 days 00:00:23.138000,0 days 01:22:45.825000,0 days 01:23:13.801000,0 days 01:23:36.939000,279.0,260.0,297.0,305.0,False,MEDIUM,20.0,True,RB,0 days 01:22:19.559000,,1,12.0,,,False,True
0 days 01:24:54.496000,RIC,3,0 days 00:01:17.619000,21.0,1.0,,,0 days 00:00:26.230000,0 days 00:00:28.010000,0 days 00:00:23.379000,0 days 01:24:03.169000,0 days 01:24:31.179000,0 days 01:24:54.558000,281.0,260.0,296.0,306.0,False,MEDIUM,21.0,True,RB,0 days 01:23:36.877000,,1,12.0,,,False,True
0 days 01:26:11.659000,RIC,3,0 days 00:01:17.163000,22.0,1.0,,,0 days 00:00:26.178000,0 days 00:00:27.925000,0 days 00:00:23.060000,0 days 01:25:20.736000,0 days 01:25:48.661000,0 days 01:26:11.721000,282.0,259.0,297.0,304.0,False,MEDIUM,22.0,True,RB,0 days 01:24:54.496000,,1,12.0,,,False,True
0 days 01:27:29.071000,RIC,3,0 days 00:01:17.412000,23.0,1.0,,,0 days 00:00:26.201000,0 days 00:00:28.093000,0 days 00:00:23.118000,0 days 01:26:37.922000,0 days 01:27:06.015000,0 days 01:27:29.133000,281.0,261.0,296.0,305.0,False,MEDIUM,23.0,True,RB,0 days 01:26:11.659000,,1,12.0,,,False,True
0 days 01:28:46.300000,RIC,3,0 days 00:01:17.229000,24.0,1.0,,,0 days 00:00:26.093000,0 days 00:00:28.035000,0 days 00:00:23.101000,0 days 01:27:55.226000,0 days 01:28:23.261000,0 days 01:28:46.362000,282.0,260.0,297.0,305.0,False,MEDIUM,24.0,True,RB,0 days 01:27:29.071000,,1,11.0,,,False,True
0 days 01:30:03.548000,RIC,3,0 days 00:01:17.248000,25.0,1.0,,,0 days 00:00:26.072000,0 days 00:00:27.996000,0 days 00:00:23.180000,0 days 01:29:12.434000,0 days 01:29:40.430000,0 days 01:30:03.610000,282.0,260.0,297.0,305.0,False,MEDIUM,25.0,True,RB,0 days 01:28:46.300000,,1,11.0,,,False,True
0 days 01:31:20.730000,RIC,3,0 days 00:01:17.182000,26.0,1.0,,,0 days 00:00:26.119000,0 days 00:00:27.972000,0 days 00:00:23.091000,0 days 01:30:29.729000,0 days 01:30:57.701000,0 days 01:31:20.792000,282.0,260.0,298.0,306.0,False,MEDIUM,26.0,True,RB,0 days 01:30:03.548000,,1,11.0,,,False,True
0 days 01:32:37.839000,RIC,3,0 days 00:01:17.109000,27.0,1.0,,,0 days 00:00:26.116000,0 days 00:00:27.994000,0 days 00:00:22.999000,0 days 01:31:46.908000,0 days 01:32:14.902000,0 days 01:32:37.901000,282.0,260.0,297.0,306.0,False,MEDIUM,27.0,True,RB,0 days 01:31:20.730000,,1,11.0,,,False,True
0 days 01:33:55.739000,RIC,3,0 days 00:01:17.900000,28.0,1.0,,,0 days 00:00:26.185000,0 days 00:00:28.394000,0 days 00:00:23.321000,0 days 01:33:04.086000,0 days 01:33:32.480000,0 days 01:33:55.801000,281.0,260.0,298.0,305.0,False,MEDIUM,28.0,True,RB,0 days 01:32:37.839000,,1,11.0,,,False,True
0 days 01:35:17.360000,RIC,3,0 days 00:01:21.621000,29.0,1.0,,0 days 01:35:16.106000,0 days 00:00:26.317000,0 days 00:00:28.681000,0 days 00:00:26.623000,0 days 01:34:22.118000,0 days 01:34:50.799000,0 days 01:35:17.422000,281.0,259.0,,306.0,False,MEDIUM,29.0,True,RB,0 days 01:33:55.739000,,1,14.0,,,False,False
0 days 01:36:53.284000,RIC,3,0 days 00:01:35.924000,30.0,2.0,0 days 01:35:36.812000,,0 days 00:00:45.612000,0 days 00:00:27.294000,0 days 00:00:23.018000,0 days 01:36:03.034000,0 days 01:36:30.328000,0 days 01:36:53.346000,281.0,261.0,295.0,306.0,False,HARD,1.0,True,RB,0 days 01:35:17.360000,,1,18.0,,,False,False
0 days 01:38:09.572000,RIC,3,0 days 00:01:16.288000,31.0,2.0,,,0 days 00:00:26.295000,0 days 00:00:27.153000,0 days 00:00:22.840000,0 days 01:37:19.641000,0 days 01:37:46.794000,0 days 01:38:09.634000,282.0,262.0,298.0,301.0,True,HARD,2.0,True,RB,0 days 01:36:53.284000,,1,17.0,,,False,True
0 days 01:39:25.556000,RIC,3,0 days 00:01:15.984000,32.0,2.0,,,0 days 00:00:25.987000,0 days 00:00:27.137000,0 days 00:00:22.860000,0 days 01:38:35.621000,0 days 01:39:02.758000,0 days 01:39:25.618000,283.0,263.0,298.0,306.0,True,HARD,3.0,True,RB,0 days 01:38:09.572000,,1,17.0,,,False,True
0 days 01:40:41.735000,RIC,3,0 days 00:01:16.179000,33.0,2.0,,,0 days 00:00:26.037000,0 days 00:00:27.288000,0 days 00:00:22.854000,0 days 01:39:51.655000,0 days 01:40:18.943000,0 days 01:40:41.797000,283.0,263.0,300.0,306.0,False,HARD,4.0,True,RB,0 days 01:39:25.556000,,1,16.0,,,False,True
0 days 01:41:57.567000,RIC,3,0 days 00:01:15.832000,34.0,2.0,,,0 days 00:00:25.996000,0 days 00:00:27.200000,0 days 00:00:22.636000,0 days 01:41:07.793000,0 days 01:41:34.993000,0 days 01:41:57.629000,283.0,263.0,315.0,306.0,True,HARD,5.0,True,RB,0 days 01:40:41.735000,,1,16.0,,,False,True
0 days 01:43:13.826000,RIC,3,0 days 00:01:16.259000,35.0,2.0,,,0 days 00:00:26.343000,0 days 00:00:27.197000,0 days 00:00:22.719000,0 days 01:42:23.972000,0 days 01:42:51.169000,0 days 01:43:13.888000,286.0,276.0,319.0,297.0,False,HARD,6.0,True,RB,0 days 01:41:57.567000,,1,16.0,,,False,True
0 days 01:44:29.369000,RIC,3,0 days 00:01:15.543000,36.0,2.0,,,0 days 00:00:25.666000,0 days 00:00:27.156000,0 days 00:00:22.721000,0 days 01:43:39.554000,0 days 01:44:06.710000,0 days 01:44:29.431000,283.0,261.0,298.0,321.0,True,HARD,7.0,True,RB,0 days 01:43:13.826000,,1,15.0,,,False,True
0 days 01:45:44.937000,RIC,3,0 days 00:01:15.568000,37.0,2.0,,,0 days 00:00:25.812000,0 days 00:00:27.118000,0 days 00:00:22.638000,0 days 01:44:55.243000,0 days 01:45:22.361000,0 days 01:45:44.999000,284.0,261.0,297.0,306.0,False,HARD,8.0,True,RB,0 days 01:44:29.369000,,1,15.0,,,False,True
0 days 01:47:01.101000,RIC,3,0 days 00:01:16.164000,38.0,2.0,,,0 days 00:00:25.942000,0 days 00:00:27.348000,0 days 00:00:22.874000,0 days 01:46:10.941000,0 days 01:46:38.289000,0 days 01:47:01.163000,283.0,262.0,297.0,304.0,False,HARD,9.0,True,RB,0 days 01:45:44.937000,,1,15.0,,,False,True
0 days 01:48:17.087000,RIC,3,0 days 00:01:15.986000,39.0,2.0,,,0 days 00:00:25.940000,0 days 00:00:27.135000,0 days 00:00:22.911000,0 days 01:47:27.103000,0 days 01:47:54.238000,0 days 01:48:17.149000,282.0,262.0,299.0,306.0,False,HARD,10.0,True,RB,0 days 01:47:01.101000,,1,15.0,,,False,True
0 days 01:49:33.010000,RIC,3,0 days 00:01:15.923000,40.0,2.0,,,0 days 00:00:26.047000,0 days 00:00:27.223000,0 days 00:00:22.653000,0 days 01:48:43.196000,0 days 01:49:10.419000,0 days 01:49:33.072000,283.0,262.0,316.0,307.0,False,HARD,11.0,True,RB,0 days 01:48:17.087000,,1,14.0,,,False,True
0 days 01:50:49.174000,RIC,3,0 days 00:01:16.164000,41.0,2.0,,,0 days 00:00:25.954000,0 days 00:00:27.306000,0 days 00:00:22.904000,0 days 01:49:59.026000,0 days 01:50:26.332000,0 days 01:50:49.236000,284.0,262.0,298.0,306.0,False,HARD,12.0,True,RB,0 days 01:49:33.010000,,1,14.0,,,False,True
0 days 01:52:05.482000,RIC,3,0 days 00:01:16.308000,42.0,2.0,,,0 days 00:00:25.955000,0 days 00:00:27.538000,0 days 00:00:22.815000,0 days 01:51:15.191000,0 days 01:51:42.729000,0 days 01:52:05.544000,286.0,262.0,300.0,306.0,False,HARD,13.0,True,RB,0 days 01:50:49.174000,,1,14.0,,,False,True
0 days 01:53:21.826000,RIC,3,0 days 00:01:16.344000,43.0,2.0,,,0 days 00:00:26.106000,0 days 00:00:27.523000,0 days 00:00:22.715000,0 days 01:52:31.650000,0 days 01:52:59.173000,0 days 01:53:21.888000,285.0,273.0,318.0,304.0,False,HARD,14.0,True,RB,0 days 01:52:05.482000,,1,14.0,,,False,True
0 days 01:54:38.128000,RIC,3,0 days 00:01:16.302000,44.0,2.0,,,0 days 00:00:26.155000,0 days 00:00:27.392000,0 days 00:00:22.755000,0 days 01:53:48.043000,0 days 01:54:15.435000,0 days 01:54:38.190000,286.0,275.0,320.0,290.0,False,HARD,15.0,True,RB,0 days 01:53:21.826000,,1,14.0,,,False,True
0 days 01:55:54.421000,RIC,3,0 days 00:01:16.293000,45.0,2.0,,,0 days 00:00:26.186000,0 days 00:00:27.503000,0 days 00:00:22.604000,0 days 01:55:04.376000,0 days 01:55:31.879000,0 days 01:55:54.483000,286.0,272.0,322.0,307.0,False,HARD,16.0,True,RB,0 days 01:54:38.128000,,1,14.0,,,False,True
0 days 01:57:10.246000,RIC,3,0 days 00:01:15.825000,46.0,2.0,,,0 days 00:00:25.856000,0 days 00:00:27.178000,0 days 00:00:22.791000,0 days 01:56:20.339000,0 days 01:56:47.517000,0 days 01:57:10.308000,284.0,263.0,297.0,312.0,False,HARD,17.0,True,RB,0 days 01:55:54.421000,,1,13.0,,,False,True
0 days 01:58:26.118000,RIC,3,0 days 00:01:15.872000,47.0,2.0,,,0 days 00:00:25.896000,0 days 00:00:27.236000,0 days 00:00:22.740000,0 days 01:57:36.204000,0 days 01:58:03.440000,0 days 01:58:26.180000,283.0,261.0,299.0,306.0,False,HARD,18.0,True,RB,0 days 01:57:10.246000,,1,13.0,,,False,True
0 days 01:59:43.716000,RIC,3,0 days 00:01:17.598000,48.0,2.0,,,0 days 00:00:25.873000,0 days 00:00:29.063000,0 days 00:00:22.662000,0 days 01:58:52.053000,0 days 01:59:21.116000,0 days 01:59:43.778000,285.0,273.0,316.0,305.0,False,HARD,19.0,True,RB,0 days 01:58:26.118000,,1,13.0,,,False,True
0 days 02:00:59.629000,RIC,3,0 days 00:01:15.913000,49.0,2.0,,,0 days 00:00:25.778000,0 days 00:00:27.341000,0 days 00:00:22.794000,0 days 02:00:09.556000,0 days 02:00:36.897000,0 days 02:00:59.691000,284.0,263.0,299.0,316.0,False,HARD,20.0,True,RB,0 days 01:59:43.716000,,1,13.0,,,False,True
0 days 02:02:15.338000,RIC,3,0 days 00:01:15.709000,50.0,2.0,,,0 days 00:00:25.674000,0 days 00:00:27.295000,0 days 00:00:22.740000,0 days 02:01:25.365000,0 days 02:01:52.660000,0 days 02:02:15.400000,285.0,262.0,298.0,308.0,False,HARD,21.0,True,RB,0 days 02:00:59.629000,,1,13.0,,,False,True
0 days 02:03:30.647000,RIC,3,0 days 00:01:15.309000,51.0,2.0,,,0 days 00:00:25.654000,0 days 00:00:27.095000,0 days 00:00:22.560000,0 days 02:02:41.054000,0 days 02:03:08.149000,0 days 02:03:30.709000,283.0,262.0,300.0,306.0,True,HARD,22.0,True,RB,0 days 02:02:15.338000,,1,13.0,,,False,True
0 days 02:04:45.869000,RIC,3,0 days 00:01:15.222000,52.0,2.0,,,0 days 00:00:25.596000,0 days 00:00:27.118000,0 days 00:00:22.508000,0 days 02:03:56.305000,0 days 02:04:23.423000,0 days 02:04:45.931000,285.0,263.0,299.0,307.0,True,HARD,23.0,True,RB,0 days 02:03:30.647000,,1,13.0,,,False,True
0 days 02:06:01.502000,RIC,3,0 days 00:01:15.633000,53.0,2.0,,,0 days 00:00:25.768000,0 days 00:00:27.328000,0 days 00:00:22.537000,0 days 02:05:11.699000,0 days 02:05:39.027000,0 days 02:06:01.564000,286.0,262.0,300.0,306.0,False,HARD,24.0,True,RB,0 days 02:04:45.869000,,1,13.0,,,False,True
0 days 02:07:16.876000,RIC,3,0 days 00:01:15.374000,54.0,2.0,,,0 days 00:00:25.583000,0 days 00:00:27.171000,0 days 00:00:22.620000,0 days 02:06:27.147000,0 days 02:06:54.318000,0 days 02:07:16.938000,284.0,262.0,298.0,307.0,False,HARD,25.0,True,RB,0 days 02:06:01.502000,,1,13.0,,,False,True
0 days 02:08:32.295000,RIC,3,0 days 00:01:15.419000,55.0,2.0,,,0 days 00:00:25.716000,0 days 00:00:27.069000,0 days 00:00:22.634000,0 days 02:07:42.654000,0 days 02:08:09.723000,0 days 02:08:32.357000,285.0,262.0,299.0,306.0,False,HARD,26.0,True,RB,0 days 02:07:16.876000,,1,13.0,,,False,True
0 days 02:09:47.649000,RIC,3,0 days 00:01:15.354000,56.0,2.0,,,0 days 00:00:25.621000,0 days 00:00:27.166000,0 days 00:00:22.567000,0 days 02:08:57.978000,0 days 02:09:25.144000,0 days 02:09:47.711000,284.0,262.0,299.0,307.0,False,HARD,27.0,True,RB,0 days 02:08:32.295000,,1,13.0,,,False,True
0 days 02:11:03.341000,RIC,3,0 days 00:01:15.692000,57.0,2.0,,,0 days 00:00:25.570000,0 days 00:00:27.413000,0 days 00:00:22.709000,0 days 02:10:13.281000,0 days 02:10:40.694000,0 days 02:11:03.403000,285.0,262.0,301.0,307.0,False,HARD,28.0,True,RB,0 days 02:09:47.649000,,1,13.0,,,False,True
0 days 02:12:18.828000,RIC,3,0 days 00:01:15.487000,58.0,2.0,,,0 days 00:00:25.578000,0 days 00:00:27.335000,0 days 00:00:22.574000,0 days 02:11:28.981000,0 days 02:11:56.316000,0 days 02:12:18.890000,284.0,263.0,301.0,308.0,False,HARD,29.0,True,RB,0 days 02:11:03.341000,,1,13.0,,,False,True
0 days 02:13:34.503000,RIC,3,0 days 00:01:15.675000,59.0,2.0,,,0 days 00:00:25.753000,0 days 00:00:27.344000,0 days 00:00:22.578000,0 days 02:12:44.643000,0 days 02:13:11.987000,0 days 02:13:34.565000,284.0,262.0,300.0,308.0,False,HARD,30.0,True,RB,0 days 02:12:18.828000,,1,13.0,,,False,True
0 days 02:14:50.033000,RIC,3,0 days 00:01:15.530000,60.0,2.0,,,0 days 00:00:25.698000,0 days 00:00:27.304000,0 days 00:00:22.528000,0 days 02:14:00.263000,0 days 02:14:27.567000,0 days 02:14:50.095000,285.0,263.0,300.0,306.0,False,HARD,31.0,True,RB,0 days 02:13:34.503000,,1,13.0,,,False,True
0 days 02:16:05.577000,RIC,3,0 days 00:01:15.544000,61.0,2.0,,,0 days 00:00:25.618000,0 days 00:00:27.239000,0 days 00:00:22.687000,0 days 02:15:15.713000,0 days 02:15:42.952000,0 days 02:16:05.639000,285.0,262.0,300.0,308.0,False,HARD,32.0,True,RB,0 days 02:14:50.033000,,1,13.0,,,False,True
0 days 02:17:21.021000,RIC,3,0 days 00:01:15.444000,62.0,2.0,,,0 days 00:00:25.645000,0 days 00:00:27.349000,0 days 00:00:22.450000,0 days 02:16:31.284000,0 days 02:16:58.633000,0 days 02:17:21.083000,286.0,262.0,299.0,308.0,False,HARD,33.0,True,RB,0 days 02:16:05.577000,,1,13.0,,,False,True
0 days 02:18:36.434000,RIC,3,0 days 00:01:15.413000,63.0,2.0,,,0 days 00:00:25.516000,0 days 00:00:27.293000,0 days 00:00:22.604000,0 days 02:17:46.599000,0 days 02:18:13.892000,0 days 02:18:36.496000,286.0,262.0,299.0,308.0,False,HARD,34.0,True,RB,0 days 02:17:21.021000,,1,13.0,,,False,True
0 days 02:19:51.987000,RIC,3,0 days 00:01:15.553000,64.0,2.0,,,0 days 00:00:25.582000,0 days 00:00:27.361000,0 days 00:00:22.610000,0 days 02:19:02.078000,0 days 02:19:29.439000,0 days 02:19:52.049000,285.0,263.0,301.0,306.0,False,HARD,35.0,True,RB,0 days 02:18:36.434000,,1,13.0,,,False,True
0 days 02:21:07.523000,RIC,3,0 days 00:01:15.536000,65.0,2.0,,,0 days 00:00:25.624000,0 days 00:00:27.272000,0 days 00:00:22.640000,0 days 02:20:17.673000,0 days 02:20:44.945000,0 days 02:21:07.585000,286.0,263.0,301.0,309.0,False,HARD,36.0,True,RB,0 days 02:19:51.987000,,1,13.0,,,False,True
0 days 02:22:23.004000,RIC,3,0 days 00:01:15.481000,66.0,2.0,,,0 days 00:00:25.496000,0 days 00:00:27.282000,0 days 00:00:22.703000,0 days 02:21:33.081000,0 days 02:22:00.363000,0 days 02:22:23.066000,287.0,264.0,301.0,310.0,False,HARD,37.0,True,RB,0 days 02:21:07.523000,,1,13.0,,,False,True
0 days 02:23:38.453000,RIC,3,0 days 00:01:15.449000,67.0,2.0,,,0 days 00:00:25.600000,0 days 00:00:27.449000,0 days 00:00:22.400000,0 days 02:22:48.666000,0 days 02:23:16.115000,0 days 02:23:38.515000,287.0,264.0,318.0,309.0,False,HARD,38.0,True,RB,0 days 02:22:23.004000,,1,13.0,,,False,True
0 days 02:24:54.133000,RIC,3,0 days 00:01:15.680000,68.0,2.0,,,0 days 00:00:25.715000,0 days 00:00:27.507000,0 days 00:00:22.458000,0 days 02:24:04.230000,0 days 02:24:31.737000,0 days 02:24:54.195000,288.0,276.0,320.0,312.0,False,HARD,39.0,True,RB,0 days 02:23:38.453000,,1,13.0,,,False,True
0 days 02:26:10.188000,RIC,3,0 days 00:01:16.055000,69.0,2.0,,,0 days 00:00:25.720000,0 days 00:00:27.433000,0 days 00:00:22.902000,0 days 02:25:19.915000,0 days 02:25:47.348000,0 days 02:26:10.250000,289.0,279.0,319.0,291.0,False,HARD,40.0,True,RB,0 days 02:24:54.133000,,1,13.0,,,False,True
0 days 02:27:26.098000,RIC,3,0 days 00:01:15.910000,70.0,2.0,,,0 days 00:00:25.695000,0 days 00:00:27.724000,0 days 00:00:22.491000,0 days 02:26:35.945000,0 days 02:27:03.669000,0 days 02:27:26.160000,290.0,276.0,320.0,307.0,False,HARD,41.0,True,RB,0 days 02:26:10.188000,,1,13.0,,,False,True
0 days 02:28:42.314000,RIC,3,0 days 00:01:16.216000,71.0,2.0,,,0 days 00:00:26.005000,0 days 00:00:27.616000,0 days 00:00:22.595000,0 days 02:27:52.165000,0 days 02:28:19.781000,0 days 02:28:42.376000,288.0,276.0,314.0,308.0,False,HARD,42.0,True,RB,0 days 02:27:26.098000,,1,13.0,,,False,True
0 days 00:59:01.431000,STR,18,0 days 00:01:25.703000,1.0,1.0,,,,0 days 00:00:28.966000,0 days 00:00:23.601000,,0 days 00:58:37.890000,0 days 00:59:01.520000,288.0,263.0,307.0,227.0,False,MEDIUM,1.0,True,Aston Martin,0 days 00:57:35.434000,,1,10.0,,,False,False
0 days 01:00:18.944000,STR,18,0 days 00:01:17.513000,2.0,1.0,,,0 days 00:00:26.897000,0 days 00:00:27.777000,0 days 00:00:22.839000,0 days 00:59:28.381000,0 days 00:59:56.158000,0 days 01:00:18.997000,288.0,278.0,322.0,281.0,True,MEDIUM,2.0,True,Aston Martin,0 days 00:59:01.431000,,1,10.0,,,False,True
0 days 01:01:36.122000,STR,18,0 days 00:01:17.178000,3.0,1.0,,,0 days 00:00:26.628000,0 days 00:00:27.682000,0 days 00:00:22.868000,0 days 01:00:45.625000,0 days 01:01:13.307000,0 days 01:01:36.175000,287.0,275.0,319.0,300.0,True,MEDIUM,3.0,True,Aston Martin,0 days 01:00:18.944000,,1,10.0,,,False,True
0 days 01:02:52.900000,STR,18,0 days 00:01:16.778000,4.0,1.0,,,0 days 00:00:26.242000,0 days 00:00:27.794000,0 days 00:00:22.742000,0 days 01:02:02.417000,0 days 01:02:30.211000,0 days 01:02:52.953000,287.0,275.0,319.0,316.0,True,MEDIUM,4.0,True,Aston Martin,0 days 01:01:36.122000,,1,10.0,,,False,True
0 days 01:04:09.836000,STR,18,0 days 00:01:16.936000,5.0,1.0,,,0 days 00:00:26.132000,0 days 00:00:28.016000,0 days 00:00:22.788000,0 days 01:03:19.085000,0 days 01:03:47.101000,0 days 01:04:09.889000,286.0,275.0,320.0,297.0,False,MEDIUM,5.0,True,Aston Martin,0 days 01:02:52.900000,,1,10.0,,,False,True
0 days 01:05:26.723000,STR,18,0 days 00:01:16.887000,6.0,1.0,,,0 days 00:00:26.159000,0 days 00:00:27.895000,0 days 00:00:22.833000,0 days 01:04:36.048000,0 days 01:05:03.943000,0 days 01:05:26.776000,288.0,276.0,319.0,309.0,False,MEDIUM,6.0,True,Aston Martin,0 days 01:04:09.836000,,1,10.0,,,False,True
0 days 01:06:44.076000,STR,18,0 days 00:01:17.353000,7.0,1.0,,,0 days 00:00:26.153000,0 days 00:00:28.109000,0 days 00:00:23.091000,0 days 01:05:52.929000,0 days 01:06:21.038000,0 days 01:06:44.129000,286.0,276.0,301.0,317.0,False,MEDIUM,7.0,True,Aston Martin,0 days 01:05:26.723000,,1,10.0,,,False,True
0 days 01:08:00.999000,STR,18,0 days 00:01:16.923000,8.0,1.0,,,0 days 00:00:26.206000,0 days 00:00:27.862000,0 days 00:00:22.855000,0 days 01:07:10.335000,0 days 01:07:38.197000,0 days 01:08:01.052000,284.0,275.0,318.0,307.0,False,MEDIUM,8.0,True,Aston Martin,0 days 01:06:44.076000,,1,10.0,,,False,True
0 days 01:09:18.453000,STR,18,0 days 00:01:17.454000,9.0,1.0,,,0 days 00:00:26.363000,0 days 00:00:28.071000,0 days 00:00:23.020000,0 days 01:08:27.415000,0 days 01:08:55.486000,0 days 01:09:18.506000,285.0,274.0,317.0,294.0,False,MEDIUM,9.0,True,Aston Martin,0 days 01:08:00.999000,,1,10.0,,,False,True
0 days 01:10:35.787000,STR,18,0 days 00:01:17.334000,10.0,1.0,,,0 days 00:00:26.335000,0 days 00:00:28.045000,0 days 00:00:22.954000,0 days 01:09:44.841000,0 days 01:10:12.886000,0 days 01:10:35.840000,287.0,273.0,318.0,292.0,False,MEDIUM,10.0,True,Aston Martin,0 days 01:09:18.453000,,1,10.0,,,False,True
0 days 01:11:53.524000,STR,18,0 days 00:01:17.737000,11.0,1.0,,,0 days 00:00:26.422000,0 days 00:00:28.358000,0 days 00:00:22.957000,0 days 01:11:02.262000,0 days 01:11:30.620000,0 days 01:11:53.577000,288.0,275.0,318.0,284.0,False,MEDIUM,11.0,True,Aston Martin,0 days 01:10:35.787000,,1,10.0,,,False,True
0 days 01:13:11.201000,STR,18,0 days 00:01:17.677000,12.0,1.0,,,0 days 00:00:26.536000,0 days 00:00:28.163000,0 days 00:00:22.978000,0 days 01:12:20.113000,0 days 01:12:48.276000,0 days 01:13:11.254000,284.0,275.0,317.0,292.0,False,MEDIUM,12.0,True,Aston Martin,0 days 01:11:53.524000,,1,10.0,,,False,True
0 days 01:14:29.038000,STR,18,0 days 00:01:17.837000,13.0,1.0,,,0 days 00:00:26.364000,0 days 00:00:28.129000,0 days 00:00:23.344000,0 days 01:13:37.618000,0 days 01:14:05.747000,0 days 01:14:29.091000,285.0,263.0,300.0,310.0,False,MEDIUM,13.0,True,Aston Martin,0 days 01:13:11.201000,,1,10.0,,,False,True
0 days 01:15:47.408000,STR,18,0 days 00:01:18.370000,14.0,1.0,,,0 days 00:00:26.855000,0 days 00:00:28.172000,0 days 00:00:23.343000,0 days 01:14:55.946000,0 days 01:15:24.118000,0 days 01:15:47.461000,285.0,263.0,298.0,282.0,False,MEDIUM,14.0,True,Aston Martin,0 days 01:14:29.038000,,1,11.0,,,False,True
0 days 01:17:04.941000,STR,18,0 days 00:01:17.533000,15.0,1.0,,,0 days 00:00:26.284000,0 days 00:00:28.049000,0 days 00:00:23.200000,0 days 01:16:13.745000,0 days 01:16:41.794000,0 days 01:17:04.994000,284.0,264.0,299.0,298.0,False,MEDIUM,15.0,True,Aston Martin,0 days 01:15:47.408000,,1,11.0,,,False,True
0 days 01:18:22.788000,STR,18,0 days 00:01:17.847000,16.0,1.0,,,0 days 00:00:26.339000,0 days 00:00:28.131000,0 days 00:00:23.377000,0 days 01:17:31.333000,0 days 01:17:59.464000,0 days 01:18:22.841000,284.0,266.0,299.0,301.0,False,MEDIUM,16.0,True,Aston Martin,0 days 01:17:04.941000,,1,11.0,,,False,True
0 days 01:19:40.258000,STR,18,0 days 00:01:17.470000,17.0,1.0,,,0 days 00:00:26.223000,0 days 00:00:28.059000,0 days 00:00:23.188000,0 days 01:18:49.064000,0 days 01:19:17.123000,0 days 01:19:40.311000,285.0,264.0,299.0,304.0,False,MEDIUM,17.0,True,Aston Martin,0 days 01:18:22.788000,,1,11.0,,,False,True
0 days 01:20:57.538000,STR,18,0 days 00:01:17.280000,18.0,1.0,,,0 days 00:00:26.155000,0 days 00:00:27.989000,0 days 00:00:23.136000,0 days 01:20:06.466000,0 days 01:20:34.455000,0 days 01:20:57.591000,284.0,265.0,300.0,307.0,False,MEDIUM,18.0,True,Aston Martin,0 days 01:19:40.258000,,1,11.0,,,False,True
0 days 01:22:15.146000,STR,18,0 days 00:01:17.608000,19.0,1.0,,,0 days 00:00:26.314000,0 days 00:00:28.112000,0 days 00:00:23.182000,0 days 01:21:23.905000,0 days 01:21:52.017000,0 days 01:22:15.199000,284.0,264.0,300.0,302.0,False,MEDIUM,19.0,True,Aston Martin,0 days 01:20:57.538000,,1,11.0,,,False,True
0 days 01:23:32.525000,STR,18,0 days 00:01:17.379000,20.0,1.0,,,0 days 00:00:26.087000,0 days 00:00:28.004000,0 days 00:00:23.288000,0 days 01:22:41.286000,0 days 01:23:09.290000,0 days 01:23:32.578000,284.0,263.0,300.0,303.0,False,MEDIUM,20.0,True,Aston Martin,0 days 01:22:15.146000,,1,11.0,,,False,True
0 days 01:24:49.678000,STR,18,0 days 00:01:17.153000,21.0,1.0,,,0 days 00:00:26.088000,0 days 00:00:28.027000,0 days 00:00:23.038000,0 days 01:23:58.666000,0 days 01:24:26.693000,0 days 01:24:49.731000,283.0,263.0,299.0,305.0,False,MEDIUM,21.0,True,Aston Martin,0 days 01:23:32.525000,,1,11.0,,,False,True
0 days 01:26:07.029000,STR,18,0 days 00:01:17.351000,22.0,1.0,,,0 days 00:00:26.059000,0 days 00:00:28.130000,0 days 00:00:23.162000,0 days 01:25:15.790000,0 days 01:25:43.920000,0 days 01:26:07.082000,284.0,263.0,299.0,304.0,False,MEDIUM,22.0,True,Aston Martin,0 days 01:24:49.678000,,1,11.0,,,False,True
0 days 01:27:24.331000,STR,18,0 days 00:01:17.302000,23.0,1.0,,,0 days 00:00:26.079000,0 days 00:00:28.081000,0 days 00:00:23.142000,0 days 01:26:33.161000,0 days 01:27:01.242000,0 days 01:27:24.384000,284.0,263.0,299.0,305.0,False,MEDIUM,23.0,True,Aston Martin,0 days 01:26:07.029000,,1,11.0,,,False,True
0 days 01:28:41.810000,STR,18,0 days 00:01:17.479000,24.0,1.0,,,0 days 00:00:26.102000,0 days 00:00:28.114000,0 days 00:00:23.263000,0 days 01:27:50.486000,0 days 01:28:18.600000,0 days 01:28:41.863000,283.0,264.0,299.0,307.0,False,MEDIUM,24.0,True,Aston Martin,0 days 01:27:24.331000,,1,10.0,,,False,True
0 days 01:29:59.392000,STR,18,0 days 00:01:17.582000,25.0,1.0,,,0 days 00:00:26.094000,0 days 00:00:28.372000,0 days 00:00:23.116000,0 days 01:29:07.957000,0 days 01:29:36.329000,0 days 01:29:59.445000,286.0,262.0,299.0,305.0,False,MEDIUM,25.0,True,Aston Martin,0 days 01:28:41.810000,,1,10.0,,,False,True
0 days 01:31:17.020000,STR,18,0 days 00:01:17.628000,26.0,1.0,,,0 days 00:00:26.120000,0 days 00:00:28.324000,0 days 00:00:23.184000,0 days 01:30:25.565000,0 days 01:30:53.889000,0 days 01:31:17.073000,284.0,264.0,299.0,308.0,False,MEDIUM,26.0,True,Aston Martin,0 days 01:29:59.392000,,1,10.0,,,False,True
0 days 01:32:34.434000,STR,18,0 days 00:01:17.414000,27.0,1.0,,,0 days 00:00:26.146000,0 days 00:00:28.179000,0 days 00:00:23.089000,0 days 01:31:43.219000,0 days 01:32:11.398000,0 days 01:32:34.487000,284.0,264.0,298.0,308.0,False,MEDIUM,27.0,True,Aston Martin,0 days 01:31:17.020000,,1,10.0,,,False,True
0 days 01:33:52.437000,STR,18,0 days 00:01:18.003000,28.0,1.0,,,0 days 00:00:26.179000,0 days 00:00:28.573000,0 days 00:00:23.251000,0 days 01:33:00.666000,0 days 01:33:29.239000,0 days 01:33:52.490000,283.0,263.0,299.0,305.0,False,MEDIUM,28.0,True,Aston Martin,0 days 01:32:34.434000,,1,10.0,,,False,True
0 days 01:35:10.396000,STR,18,0 days 00:01:17.959000,29.0,1.0,,,0 days 00:00:26.181000,0 days 00:00:28.599000,0 days 00:00:23.179000,0 days 01:34:18.671000,0 days 01:34:47.270000,0 days 01:35:10.449000,284.0,262.0,299.0,305.0,False,MEDIUM,29.0,True,Aston Martin,0 days 01:33:52.437000,,1,10.0,,,False,True
0 days 01:36:30.971000,STR,18,0 days 00:01:20.575000,30.0,1.0,,0 days 01:36:29.475000,0 days 00:00:26.392000,0 days 00:00:28.517000,0 days 00:00:25.666000,0 days 01:35:36.841000,0 days 01:36:05.358000,0 days 01:36:31.024000,289.0,265.0,,305.0,False,MEDIUM,30.0,True,Aston Martin,0 days 01:35:10.396000,,1,11.0,,,False,False
0 days 01:38:06.097000,STR,18,0 days 00:01:35.126000,31.0,2.0,0 days 01:36:51.117000,,0 days 00:00:45.674000,0 days 00:00:26.761000,0 days 00:00:22.691000,0 days 01:37:16.698000,0 days 01:37:43.459000,0 days 01:38:06.150000,284.0,265.0,299.0,305.0,False,HARD,1.0,True,Aston Martin,0 days 01:36:30.971000,,1,16.0,,,False,False
0 days 01:39:21.417000,STR,18,0 days 00:01:15.320000,32.0,2.0,,,0 days 00:00:26.087000,0 days 00:00:26.892000,0 days 00:00:22.341000,0 days 01:38:32.237000,0 days 01:38:59.129000,0 days 01:39:21.470000,286.0,267.0,329.0,297.0,True,HARD,2.0,True,Aston Martin,0 days 01:38:06.097000,,1,16.0,,,False,True
0 days 01:40:37.322000,STR,18,0 days 00:01:15.905000,33.0,2.0,,,0 days 00:00:25.904000,0 days 00:00:27.303000,0 days 00:00:22.698000,0 days 01:39:47.374000,0 days 01:40:14.677000,0 days 01:40:37.375000,285.0,272.0,302.0,320.0,False,HARD,3.0,True,Aston Martin,0 days 01:39:21.417000,,1,14.0,,,False,True
0 days 01:41:52.798000,STR,18,0 days 00:01:15.476000,34.0,2.0,,,0 days 00:00:25.754000,0 days 00:00:27.141000,0 days 00:00:22.581000,0 days 01:41:03.129000,0 days 01:41:30.270000,0 days 01:41:52.851000,285.0,266.0,302.0,299.0,False,HARD,4.0,True,Aston Martin,0 days 01:40:37.322000,,1,14.0,,,False,True
0 days 01:43:08.517000,STR,18,0 days 00:01:15.719000,35.0,2.0,,,0 days 00:00:25.783000,0 days 00:00:27.242000,0 days 00:00:22.694000,0 days 01:42:18.634000,0 days 01:42:45.876000,0 days 01:43:08.570000,286.0,263.0,301.0,305.0,False,HARD,5.0,True,Aston Martin,0 days 01:41:52.798000,,1,14.0,,,False,True
0 days 01:44:24.484000,STR,18,0 days 00:01:15.967000,36.0,2.0,,,0 days 00:00:25.775000,0 days 00:00:27.491000,0 days 00:00:22.701000,0 days 01:43:34.345000,0 days 01:44:01.836000,0 days 01:44:24.537000,287.0,266.0,303.0,303.0,False,HARD,6.0,True,Aston Martin,0 days 01:43:08.517000,,1,14.0,,,False,True
0 days 01:45:39.990000,STR,18,0 days 00:01:15.506000,37.0,2.0,,,0 days 00:00:25.746000,0 days 00:00:27.349000,0 days 00:00:22.411000,0 days 01:44:50.283000,0 days 01:45:17.632000,0 days 01:45:40.043000,288.0,277.0,322.0,305.0,False,HARD,7.0,True,Aston Martin,0 days 01:44:24.484000,,1,14.0,,,False,True
0 days 01:46:56.312000,STR,18,0 days 00:01:16.322000,38.0,2.0,,,0 days 00:00:25.946000,0 days 00:00:27.853000,0 days 00:00:22.523000,0 days 01:46:05.989000,0 days 01:46:33.842000,0 days 01:46:56.365000,288.0,275.0,319.0,294.0,False,HARD,8.0,True,Aston Martin,0 days 01:45:39.990000,,1,14.0,,,False,True
0 days 01:48:12.557000,STR,18,0 days 00:01:16.245000,39.0,2.0,,,0 days 00:00:26.095000,0 days 00:00:27.573000,0 days 00:00:22.577000,0 days 01:47:22.460000,0 days 01:47:50.033000,0 days 01:48:12.610000,286.0,277.0,327.0,294.0,False,HARD,9.0,True,Aston Martin,0 days 01:46:56.312000,,1,14.0,,,False,True
0 days 01:49:30.068000,STR,18,0 days 00:01:17.511000,40.0,2.0,,,0 days 00:00:26.640000,0 days 00:00:28.192000,0 days 00:00:22.679000,0 days 01:48:39.250000,0 days 01:49:07.442000,0 days 01:49:30.121000,289.0,278.0,322.0,296.0,False,HARD,10.0,True,Aston Martin,0 days 01:48:12.557000,,1,13.0,,,False,True
0 days 01:50:47.069000,STR,18,0 days 00:01:17.001000,41.0,2.0,,,0 days 00:00:26.234000,0 days 00:00:28.036000,0 days 00:00:22.731000,0 days 01:49:56.355000,0 days 01:50:24.391000,0 days 01:50:47.122000,291.0,278.0,324.0,312.0,False,HARD,11.0,True,Aston Martin,0 days 01:49:30.068000,,1,13.0,,,False,True
0 days 01:52:03.785000,STR,18,0 days 00:01:16.716000,42.0,2.0,,,0 days 00:00:26.189000,0 days 00:00:27.824000,0 days 00:00:22.703000,0 days 01:51:13.311000,0 days 01:51:41.135000,0 days 01:52:03.838000,290.0,277.0,323.0,316.0,False,HARD,12.0,True,Aston Martin,0 days 01:50:47.069000,,1,13.0,,,False,True
0 days 01:53:20.264000,STR,18,0 days 00:01:16.479000,43.0,2.0,,,0 days 00:00:25.924000,0 days 00:00:27.757000,0 days 00:00:22.798000,0 days 01:52:29.762000,0 days 01:52:57.519000,0 days 01:53:20.317000,286.0,263.0,300.0,327.0,False,HARD,13.0,True,Aston Martin,0 days 01:52:03.785000,,1,12.0,,,False,True
0 days 01:54:36.258000,STR,18,0 days 00:01:15.994000,44.0,2.0,,,0 days 00:00:25.766000,0 days 00:00:27.466000,0 days 00:00:22.762000,0 days 01:53:46.083000,0 days 01:54:13.549000,0 days 01:54:36.311000,286.0,265.0,300.0,301.0,False,HARD,14.0,True,Aston Martin,0 days 01:53:20.264000,,1,12.0,,,False,True
0 days 01:55:52.039000,STR,18,0 days 00:01:15.781000,45.0,2.0,,,0 days 00:00:25.734000,0 days 00:00:27.423000,0 days 00:00:22.624000,0 days 01:55:02.045000,0 days 01:55:29.468000,0 days 01:55:52.092000,285.0,263.0,301.0,306.0,False,HARD,15.0,True,Aston Martin,0 days 01:54:36.258000,,1,12.0,,,False,True
0 days 01:57:07.822000,STR,18,0 days 00:01:15.783000,46.0,2.0,,,0 days 00:00:25.654000,0 days 00:00:27.511000,0 days 00:00:22.618000,0 days 01:56:17.746000,0 days 01:56:45.257000,0 days 01:57:07.875000,286.0,266.0,301.0,301.0,False,HARD,16.0,True,Aston Martin,0 days 01:55:52.039000,,1,12.0,,,False,True
0 days 01:58:23.563000,STR,18,0 days 00:01:15.741000,47.0,2.0,,,0 days 00:00:25.613000,0 days 00:00:27.514000,0 days 00:00:22.614000,0 days 01:57:33.488000,0 days 01:58:01.002000,0 days 01:58:23.616000,287.0,264.0,300.0,306.0,False,HARD,17.0,True,Aston Martin,0 days 01:57:07.822000,,1,12.0,,,False,True
0 days 01:59:39.299000,STR,18,0 days 00:01:15.736000,48.0,2.0,,,0 days 00:00:25.581000,0 days 00:00:27.547000,0 days 00:00:22.608000,0 days 01:58:49.197000,0 days 01:59:16.744000,0 days 01:59:39.352000,288.0,265.0,302.0,302.0,False,HARD,18.0,True,Aston Martin,0 days 01:58:23.563000,,1,12.0,,,False,True
0 days 02:00:54.943000,STR,18,0 days 00:01:15.644000,49.0,2.0,,,0 days 00:00:25.538000,0 days 00:00:27.397000,0 days 00:00:22.709000,0 days 02:00:04.890000,0 days 02:00:32.287000,0 days 02:00:54.996000,287.0,267.0,301.0,302.0,False,HARD,19.0,True,Aston Martin,0 days 01:59:39.299000,,1,12.0,,,False,True
0 days 02:02:10.617000,STR,18,0 days 00:01:15.674000,50.0,2.0,,,0 days 00:00:25.590000,0 days 00:00:27.480000,0 days 00:00:22.604000,0 days 02:01:20.586000,0 days 02:01:48.066000,0 days 02:02:10.670000,287.0,266.0,300.0,306.0,False,HARD,20.0,True,Aston Martin,0 days 02:00:54.943000,,1,12.0,,,False,True
0 days 02:03:25.872000,STR,18,0 days 00:01:15.255000,51.0,2.0,,,0 days 00:00:25.478000,0 days 00:00:27.283000,0 days 00:00:22.494000,0 days 02:02:36.148000,0 days 02:03:03.431000,0 days 02:03:25.925000,287.0,266.0,300.0,307.0,True,HARD,21.0,True,Aston Martin,0 days 02:02:10.617000,,1,12.0,,,False,True
0 days 02:04:43.344000,STR,18,0 days 00:01:17.472000,52.0,2.0,,,0 days 00:00:27.273000,0 days 00:00:27.591000,0 days 00:00:22.608000,0 days 02:03:53.198000,0 days 02:04:20.789000,0 days 02:04:43.397000,288.0,266.0,300.0,230.0,False,HARD,22.0,True,Aston Martin,0 days 02:03:25.872000,,1,12.0,,,False,True
0 days 02:05:58.784000,STR,18,0 days 00:01:15.440000,53.0,2.0,,,0 days 00:00:25.595000,0 days 00:00:27.304000,0 days 00:00:22.541000,0 days 02:05:08.992000,0 days 02:05:36.296000,0 days 02:05:58.837000,287.0,268.0,301.0,306.0,False,HARD,23.0,True,Aston Martin,0 days 02:04:43.344000,,1,12.0,,,False,True
0 days 02:07:14.254000,STR,18,0 days 00:01:15.470000,54.0,2.0,,,0 days 00:00:25.506000,0 days 00:00:27.222000,0 days 00:00:22.742000,0 days 02:06:24.343000,0 days 02:06:51.565000,0 days 02:07:14.307000,287.0,265.0,300.0,304.0,False,HARD,24.0,True,Aston Martin,0 days 02:05:58.784000,,1,12.0,,,False,True
0 days 02:08:29.625000,STR,18,0 days 00:01:15.371000,55.0,2.0,,,0 days 00:00:25.546000,0 days 00:00:27.228000,0 days 00:00:22.597000,0 days 02:07:39.853000,0 days 02:08:07.081000,0 days 02:08:29.678000,287.0,266.0,301.0,305.0,False,HARD,25.0,True,Aston Martin,0 days 02:07:14.254000,,1,12.0,,,False,True
0 days 02:09:45.021000,STR,18,0 days 00:01:15.396000,56.0,2.0,,,0 days 00:00:25.371000,0 days 00:00:27.366000,0 days 00:00:22.659000,0 days 02:08:55.049000,0 days 02:09:22.415000,0 days 02:09:45.074000,286.0,266.0,300.0,308.0,False,HARD,26.0,True,Aston Martin,0 days 02:08:29.625000,,1,12.0,,,False,True
0 days 02:11:00.952000,STR,18,0 days 00:01:15.931000,57.0,2.0,,,0 days 00:00:25.537000,0 days 00:00:27.800000,0 days 00:00:22.594000,0 days 02:10:10.611000,0 days 02:10:38.411000,0 days 02:11:01.005000,286.0,265.0,301.0,305.0,False,HARD,27.0,True,Aston Martin,0 days 02:09:45.021000,,1,12.0,,,False,True
0 days 02:12:16.701000,STR,18,0 days 00:01:15.749000,58.0,2.0,,,0 days 00:00:25.552000,0 days 00:00:27.512000,0 days 00:00:22.685000,0 days 02:11:26.557000,0 days 02:11:54.069000,0 days 02:12:16.754000,286.0,266.0,301.0,308.0,False,HARD,28.0,True,Aston Martin,0 days 02:11:00.952000,,1,12.0,,,False,True
0 days 02:13:32.210000,STR,18,0 days 00:01:15.509000,59.0,2.0,,,0 days 00:00:25.503000,0 days 00:00:27.391000,0 days 00:00:22.615000,0 days 02:12:42.257000,0 days 02:13:09.648000,0 days 02:13:32.263000,286.0,267.0,300.0,308.0,False,HARD,29.0,True,Aston Martin,0 days 02:12:16.701000,,1,12.0,,,False,True
0 days 02:14:47.834000,STR,18,0 days 00:01:15.624000,60.0,2.0,,,0 days 00:00:25.480000,0 days 00:00:27.513000,0 days 00:00:22.631000,0 days 02:13:57.743000,0 days 02:14:25.256000,0 days 02:14:47.887000,287.0,267.0,302.0,306.0,False,HARD,30.0,True,Aston Martin,0 days 02:13:32.210000,,1,12.0,,,False,True
0 days 02:16:03.282000,STR,18,0 days 00:01:15.448000,61.0,2.0,,,0 days 00:00:25.487000,0 days 00:00:27.460000,0 days 00:00:22.501000,0 days 02:15:13.374000,0 days 02:15:40.834000,0 days 02:16:03.335000,287.0,266.0,301.0,309.0,False,HARD,31.0,True,Aston Martin,0 days 02:14:47.834000,,1,12.0,,,False,True
0 days 02:17:18.765000,STR,18,0 days 00:01:15.483000,62.0,2.0,,,0 days 00:00:25.477000,0 days 00:00:27.421000,0 days 00:00:22.585000,0 days 02:16:28.812000,0 days 02:16:56.233000,0 days 02:17:18.818000,289.0,267.0,301.0,308.0,False,HARD,32.0,True,Aston Martin,0 days 02:16:03.282000,,1,12.0,,,False,True
0 days 02:18:34.457000,STR,18,0 days 00:01:15.692000,63.0,2.0,,,0 days 00:00:25.531000,0 days 00:00:27.543000,0 days 00:00:22.618000,0 days 02:17:44.349000,0 days 02:18:11.892000,0 days 02:18:34.510000,289.0,266.0,301.0,309.0,False,HARD,33.0,True,Aston Martin,0 days 02:17:18.765000,,1,12.0,,,False,True
0 days 02:19:50.282000,STR,18,0 days 00:01:15.825000,64.0,2.0,,,0 days 00:00:25.581000,0 days 00:00:27.588000,0 days 00:00:22.656000,0 days 02:19:00.091000,0 days 02:19:27.679000,0 days 02:19:50.335000,288.0,268.0,303.0,307.0,False,HARD,34.0,True,Aston Martin,0 days 02:18:34.457000,,1,12.0,,,False,True
0 days 02:21:05.993000,STR,18,0 days 00:01:15.711000,65.0,2.0,,,0 days 00:00:25.512000,0 days 00:00:27.569000,0 days 00:00:22.630000,0 days 02:20:15.847000,0 days 02:20:43.416000,0 days 02:21:06.046000,288.0,266.0,304.0,309.0,False,HARD,35.0,True,Aston Martin,0 days 02:19:50.282000,,1,12.0,,,False,True
0 days 02:22:21.816000,STR,18,0 days 00:01:15.823000,66.0,2.0,,,0 days 00:00:25.430000,0 days 00:00:27.616000,0 days 00:00:22.777000,0 days 02:21:31.476000,0 days 02:21:59.092000,0 days 02:22:21.869000,289.0,266.0,302.0,311.0,False,HARD,36.0,True,Aston Martin,0 days 02:21:05.993000,,1,12.0,,,False,True
0 days 02:23:37.750000,STR,18,0 days 00:01:15.934000,67.0,2.0,,,0 days 00:00:25.555000,0 days 00:00:27.627000,0 days 00:00:22.752000,0 days 02:22:47.424000,0 days 02:23:15.051000,0 days 02:23:37.803000,289.0,266.0,303.0,309.0,False,HARD,37.0,True,Aston Martin,0 days 02:22:21.816000,,1,12.0,,,False,True
0 days 02:24:53.736000,STR,18,0 days 00:01:15.986000,68.0,2.0,,,0 days 00:00:25.570000,0 days 00:00:27.864000,0 days 00:00:22.552000,0 days 02:24:03.373000,0 days 02:24:31.237000,0 days 02:24:53.789000,288.0,266.0,304.0,311.0,False,HARD,38.0,True,Aston Martin,0 days 02:23:37.750000,,1,12.0,,,False,True
0 days 02:26:09.681000,STR,18,0 days 00:01:15.945000,69.0,2.0,,,0 days 00:00:25.516000,0 days 00:00:27.823000,0 days 00:00:22.606000,0 days 02:25:19.305000,0 days 02:25:47.128000,0 days 02:26:09.734000,285.0,268.0,305.0,313.0,False,HARD,39.0,True,Aston Martin,0 days 02:24:53.736000,,1,12.0,,,False,True
0 days 02:27:25.839000,STR,18,0 days 00:01:16.158000,70.0,2.0,,,0 days 00:00:25.650000,0 days 00:00:27.894000,0 days 00:00:22.614000,0 days 02:26:35.384000,0 days 02:27:03.278000,0 days 02:27:25.892000,287.0,267.0,303.0,311.0,False,HARD,40.0,True,Aston Martin,0 days 02:26:09.681000,,1,12.0,,,False,True
0 days 02:28:41.959000,STR,18,0 days 00:01:16.120000,71.0,2.0,,,0 days 00:00:25.736000,0 days 00:00:27.789000,0 days 00:00:22.595000,0 days 02:27:51.628000,0 days 02:28:19.417000,0 days 02:28:42.012000,287.0,267.0,304.0,307.0,False,HARD,41.0,True,Aston Martin,0 days 02:27:25.839000,,1,12.0,,,False,True
0 days 00:59:04.263000,ALB,23,0 days 00:01:28.535000,1.0,1.0,,,,0 days 00:00:29.206000,0 days 00:00:24.474000,,0 days 00:58:39.991000,0 days 00:59:04.409000,264.0,268.0,301.0,215.0,False,MEDIUM,1.0,True,Williams,0 days 00:57:35.434000,,1,17.0,,,False,False
0 days 01:00:23.377000,ALB,23,0 days 00:01:19.114000,2.0,1.0,,,0 days 00:00:26.973000,0 days 00:00:28.328000,0 days 00:00:23.813000,0 days 00:59:31.275000,0 days 00:59:59.603000,0 days 01:00:23.416000,282.0,274.0,322.0,284.0,True,MEDIUM,2.0,True,Williams,0 days 00:59:04.263000,,1,17.0,,,False,True
0 days 01:01:41.449000,ALB,23,0 days 00:01:18.072000,3.0,1.0,,,0 days 00:00:26.760000,0 days 00:00:28.196000,0 days 00:00:23.116000,0 days 01:00:50.176000,0 days 01:01:18.372000,0 days 01:01:41.488000,285.0,273.0,318.0,292.0,True,MEDIUM,3.0,True,Williams,0 days 01:00:23.377000,,1,17.0,,,False,True
0 days 01:02:59.196000,ALB,23,0 days 00:01:17.747000,4.0,1.0,,,0 days 00:00:26.763000,0 days 00:00:28.171000,0 days 00:00:22.813000,0 days 01:02:08.251000,0 days 01:02:36.422000,0 days 01:02:59.235000,281.0,273.0,317.0,288.0,True,MEDIUM,4.0,True,Williams,0 days 01:01:41.449000,,1,17.0,,,False,True
0 days 01:04:16.634000,ALB,23,0 days 00:01:17.438000,5.0,1.0,,,0 days 00:00:26.573000,0 days 00:00:28.109000,0 days 00:00:22.756000,0 days 01:03:25.808000,0 days 01:03:53.917000,0 days 01:04:16.673000,277.0,271.0,316.0,305.0,True,MEDIUM,5.0,True,Williams,0 days 01:02:59.196000,,1,17.0,,,False,True
0 days 01:05:33.593000,ALB,23,0 days 00:01:16.959000,6.0,1.0,,,0 days 00:00:26.293000,0 days 00:00:27.974000,0 days 00:00:22.692000,0 days 01:04:42.966000,0 days 01:05:10.940000,0 days 01:05:33.632000,278.0,272.0,319.0,297.0,True,MEDIUM,6.0,True,Williams,0 days 01:04:16.634000,,1,17.0,,,False,True
0 days 01:06:51.151000,ALB,23,0 days 00:01:17.558000,7.0,1.0,,,0 days 00:00:26.781000,0 days 00:00:27.882000,0 days 00:00:22.895000,0 days 01:06:00.413000,0 days 01:06:28.295000,0 days 01:06:51.190000,273.0,273.0,316.0,322.0,False,MEDIUM,7.0,True,Williams,0 days 01:05:33.593000,,1,17.0,,,False,True
0 days 01:08:08.417000,ALB,23,0 days 00:01:17.266000,8.0,1.0,,,0 days 00:00:26.338000,0 days 00:00:28.070000,0 days 00:00:22.858000,0 days 01:07:17.528000,0 days 01:07:45.598000,0 days 01:08:08.456000,277.0,272.0,318.0,318.0,False,MEDIUM,8.0,True,Williams,0 days 01:06:51.151000,,1,17.0,,,False,True
0 days 01:09:26.315000,ALB,23,0 days 00:01:17.898000,9.0,1.0,,,0 days 00:00:26.547000,0 days 00:00:28.325000,0 days 00:00:23.026000,0 days 01:08:35.003000,0 days 01:09:03.328000,0 days 01:09:26.354000,277.0,270.0,316.0,312.0,False,MEDIUM,9.0,True,Williams,0 days 01:08:08.417000,,1,17.0,,,False,True
0 days 01:10:43.606000,ALB,23,0 days 00:01:17.291000,10.0,1.0,,,0 days 00:00:26.218000,0 days 00:00:28.182000,0 days 00:00:22.891000,0 days 01:09:52.572000,0 days 01:10:20.754000,0 days 01:10:43.645000,277.0,270.0,316.0,318.0,False,MEDIUM,10.0,True,Williams,0 days 01:09:26.315000,,1,17.0,,,False,True
0 days 01:12:01.033000,ALB,23,0 days 00:01:17.427000,11.0,1.0,,,0 days 00:00:26.358000,0 days 00:00:28.140000,0 days 00:00:22.929000,0 days 01:11:10.003000,0 days 01:11:38.143000,0 days 01:12:01.072000,279.0,272.0,319.0,302.0,False,MEDIUM,11.0,True,Williams,0 days 01:10:43.606000,,1,17.0,,,False,True
0 days 01:13:21.874000,ALB,23,0 days 00:01:20.841000,12.0,1.0,,0 days 01:13:20.361000,0 days 00:00:26.409000,0 days 00:00:28.337000,0 days 00:00:26.095000,0 days 01:12:27.481000,0 days 01:12:55.818000,0 days 01:13:21.913000,276.0,273.0,,314.0,False,MEDIUM,12.0,True,Williams,0 days 01:12:01.033000,,1,18.0,,,False,False
0 days 01:14:57.258000,ALB,23,0 days 00:01:35.384000,13.0,2.0,0 days 01:13:41.643000,,0 days 00:00:45.491000,0 days 00:00:26.912000,0 days 00:00:22.981000,0 days 01:14:07.404000,0 days 01:14:34.316000,0 days 01:14:57.297000,271.0,257.0,293.0,314.0,False,HARD,1.0,True,Williams,0 days 01:13:21.874000,,1,20.0,,,False,False
0 days 01:16:13.525000,ALB,23,0 days 00:01:16.267000,14.0,2.0,,,0 days 00:00:26.058000,0 days 00:00:27.268000,0 days 00:00:22.941000,0 days 01:15:23.355000,0 days 01:15:50.623000,0 days 01:16:13.564000,272.0,255.0,292.0,303.0,True,HARD,2.0,True,Williams,0 days 01:14:57.258000,,1,20.0,,,False,True
0 days 01:17:29.045000,ALB,23,0 days 00:01:15.520000,15.0,2.0,,,0 days 00:00:25.764000,0 days 00:00:27.197000,0 days 00:00:22.559000,0 days 01:16:39.328000,0 days 01:17:06.525000,0 days 01:17:29.084000,281.0,272.0,314.0,294.0,True,HARD,3.0,True,Williams,0 days 01:16:13.525000,,1,20.0,,,False,True
0 days 01:18:45.052000,ALB,23,0 days 00:01:16.007000,16.0,2.0,,,0 days 00:00:25.733000,0 days 00:00:27.380000,0 days 00:00:22.894000,0 days 01:17:54.817000,0 days 01:18:22.197000,0 days 01:18:45.091000,283.0,270.0,298.0,320.0,False,HARD,4.0,True,Williams,0 days 01:17:29.045000,,1,19.0,,,False,True
0 days 01:20:01.674000,ALB,23,0 days 00:01:16.622000,17.0,2.0,,,0 days 00:00:26.017000,0 days 00:00:27.614000,0 days 00:00:22.991000,0 days 01:19:11.108000,0 days 01:19:38.722000,0 days 01:20:01.713000,283.0,260.0,298.0,302.0,False,HARD,5.0,True,Williams,0 days 01:18:45.052000,,1,19.0,,,False,True
0 days 01:21:18.275000,ALB,23,0 days 00:01:16.601000,18.0,2.0,,,0 days 00:00:26.044000,0 days 00:00:27.700000,0 days 00:00:22.857000,0 days 01:20:27.757000,0 days 01:20:55.457000,0 days 01:21:18.314000,279.0,259.0,299.0,301.0,False,HARD,6.0,True,Williams,0 days 01:20:01.674000,,1,18.0,,,False,True
0 days 01:22:35.808000,ALB,23,0 days 00:01:17.533000,19.0,2.0,,,0 days 00:00:26.204000,0 days 00:00:27.980000,0 days 00:00:23.349000,0 days 01:21:44.518000,0 days 01:22:12.498000,0 days 01:22:35.847000,269.0,253.0,291.0,300.0,False,HARD,7.0,True,Williams,0 days 01:21:18.275000,,1,18.0,,,False,True
0 days 01:23:54.447000,ALB,23,0 days 00:01:18.639000,20.0,2.0,,,0 days 00:00:27.336000,0 days 00:00:28.229000,0 days 00:00:23.074000,0 days 01:23:03.183000,0 days 01:23:31.412000,0 days 01:23:54.486000,269.0,258.0,297.0,288.0,False,HARD,8.0,True,Williams,0 days 01:22:35.808000,,1,18.0,,,False,True
0 days 01:25:10.848000,ALB,23,0 days 00:01:16.401000,21.0,2.0,,,0 days 00:00:25.887000,0 days 00:00:27.568000,0 days 00:00:22.946000,0 days 01:24:20.373000,0 days 01:24:47.941000,0 days 01:25:10.887000,284.0,260.0,297.0,300.0,False,HARD,9.0,True,Williams,0 days 01:23:54.447000,,1,18.0,,,False,True
0 days 01:26:27.032000,ALB,23,0 days 00:01:16.184000,22.0,2.0,,,0 days 00:00:25.808000,0 days 00:00:27.528000,0 days 00:00:22.848000,0 days 01:25:36.695000,0 days 01:26:04.223000,0 days 01:26:27.071000,283.0,261.0,297.0,300.0,False,HARD,10.0,True,Williams,0 days 01:25:10.848000,,1,18.0,,,False,True
0 days 01:27:43.208000,ALB,23,0 days 00:01:16.176000,23.0,2.0,,,0 days 00:00:25.807000,0 days 00:00:27.486000,0 days 00:00:22.883000,0 days 01:26:52.878000,0 days 01:27:20.364000,0 days 01:27:43.247000,282.0,260.0,298.0,300.0,False,HARD,11.0,True,Williams,0 days 01:26:27.032000,,1,17.0,,,False,True
0 days 01:28:59.525000,ALB,23,0 days 00:01:16.317000,24.0,2.0,,,0 days 00:00:25.804000,0 days 00:00:27.643000,0 days 00:00:22.870000,0 days 01:28:09.051000,0 days 01:28:36.694000,0 days 01:28:59.564000,282.0,260.0,297.0,302.0,False,HARD,12.0,True,Williams,0 days 01:27:43.208000,,1,17.0,,,False,True
0 days 01:30:16.015000,ALB,23,0 days 00:01:16.490000,25.0,2.0,,,0 days 00:00:25.896000,0 days 00:00:27.776000,0 days 00:00:22.818000,0 days 01:29:25.460000,0 days 01:29:53.236000,0 days 01:30:16.054000,283.0,261.0,298.0,303.0,False,HARD,13.0,True,Williams,0 days 01:28:59.525000,,1,17.0,,,False,True
0 days 01:31:32.372000,ALB,23,0 days 00:01:16.357000,26.0,2.0,,,0 days 00:00:25.877000,0 days 00:00:27.744000,0 days 00:00:22.736000,0 days 01:30:41.931000,0 days 01:31:09.675000,0 days 01:31:32.411000,286.0,261.0,299.0,304.0,False,HARD,14.0,True,Williams,0 days 01:30:16.015000,,1,17.0,,,False,True
0 days 01:32:48.888000,ALB,23,0 days 00:01:16.516000,27.0,2.0,,,0 days 00:00:25.904000,0 days 00:00:27.746000,0 days 00:00:22.866000,0 days 01:31:58.315000,0 days 01:32:26.061000,0 days 01:32:48.927000,285.0,263.0,298.0,307.0,False,HARD,15.0,True,Williams,0 days 01:31:32.372000,,1,17.0,,,False,True
0 days 01:34:05.530000,ALB,23,0 days 00:01:16.642000,28.0,2.0,,,0 days 00:00:25.985000,0 days 00:00:27.889000,0 days 00:00:22.768000,0 days 01:33:14.912000,0 days 01:33:42.801000,0 days 01:34:05.569000,283.0,272.0,318.0,303.0,False,HARD,16.0,True,Williams,0 days 01:32:48.888000,,1,17.0,,,False,True
0 days 01:35:22.858000,ALB,23,0 days 00:01:17.328000,29.0,2.0,,,0 days 00:00:26.292000,0 days 00:00:28.162000,0 days 00:00:22.874000,0 days 01:34:31.861000,0 days 01:35:00.023000,0 days 01:35:22.897000,283.0,270.0,316.0,315.0,False,HARD,17.0,True,Williams,0 days 01:34:05.530000,,1,17.0,,,False,True
0 days 01:36:40.027000,ALB,23,0 days 00:01:17.169000,30.0,2.0,,,0 days 00:00:25.954000,0 days 00:00:28.255000,0 days 00:00:22.960000,0 days 01:35:48.851000,0 days 01:36:17.106000,0 days 01:36:40.066000,285.0,272.0,317.0,315.0,False,HARD,18.0,True,Williams,0 days 01:35:22.858000,,1,15.0,,,False,True
0 days 01:37:56.817000,ALB,23,0 days 00:01:16.790000,31.0,2.0,,,0 days 00:00:26.075000,0 days 00:00:27.959000,0 days 00:00:22.756000,0 days 01:37:06.141000,0 days 01:37:34.100000,0 days 01:37:56.856000,284.0,271.0,317.0,317.0,False,HARD,19.0,True,Williams,0 days 01:36:40.027000,,1,14.0,,,False,True
0 days 01:39:13.618000,ALB,23,0 days 00:01:16.801000,32.0,2.0,,,0 days 00:00:26.179000,0 days 00:00:27.792000,0 days 00:00:22.830000,0 days 01:38:23.035000,0 days 01:38:50.827000,0 days 01:39:13.657000,281.0,272.0,312.0,305.0,False,HARD,20.0,True,Williams,0 days 01:37:56.817000,,1,12.0,,,False,True
0 days 01:40:30.004000,ALB,23,0 days 00:01:16.386000,33.0,2.0,,,0 days 00:00:25.714000,0 days 00:00:27.807000,0 days 00:00:22.865000,0 days 01:39:39.371000,0 days 01:40:07.178000,0 days 01:40:30.043000,281.0,258.0,298.0,323.0,False,HARD,21.0,True,Williams,0 days 01:39:13.618000,,1,11.0,,,False,True
0 days 01:41:46.268000,ALB,23,0 days 00:01:16.264000,34.0,2.0,,,0 days 00:00:25.759000,0 days 00:00:27.693000,0 days 00:00:22.812000,0 days 01:40:55.802000,0 days 01:41:23.495000,0 days 01:41:46.307000,282.0,260.0,296.0,302.0,False,HARD,22.0,True,Williams,0 days 01:40:30.004000,,1,11.0,,,False,True
0 days 01:43:02.528000,ALB,23,0 days 00:01:16.260000,35.0,2.0,,,0 days 00:00:25.812000,0 days 00:00:27.643000,0 days 00:00:22.805000,0 days 01:42:12.119000,0 days 01:42:39.762000,0 days 01:43:02.567000,282.0,260.0,298.0,302.0,False,HARD,23.0,True,Williams,0 days 01:41:46.268000,,1,11.0,,,False,True
0 days 01:44:19.063000,ALB,23,0 days 00:01:16.535000,36.0,2.0,,,0 days 00:00:25.823000,0 days 00:00:27.826000,0 days 00:00:22.886000,0 days 01:43:28.390000,0 days 01:43:56.216000,0 days 01:44:19.102000,283.0,261.0,298.0,302.0,False,HARD,24.0,True,Williams,0 days 01:43:02.528000,,1,11.0,,,False,True
0 days 01:45:35.474000,ALB,23,0 days 00:01:16.411000,37.0,2.0,,,0 days 00:00:25.768000,0 days 00:00:27.757000,0 days 00:00:22.886000,0 days 01:44:44.870000,0 days 01:45:12.627000,0 days 01:45:35.513000,284.0,261.0,299.0,304.0,False,HARD,25.0,True,Williams,0 days 01:44:19.063000,,1,11.0,,,False,True
0 days 01:46:51.924000,ALB,23,0 days 00:01:16.450000,38.0,2.0,,,0 days 00:00:25.810000,0 days 00:00:27.832000,0 days 00:00:22.808000,0 days 01:46:01.323000,0 days 01:46:29.155000,0 days 01:46:51.963000,284.0,272.0,318.0,302.0,False,HARD,26.0,True,Williams,0 days 01:45:35.474000,,1,11.0,,,False,True
0 days 01:48:12.002000,ALB,23,0 days 00:01:20.078000,39.0,2.0,,,0 days 00:00:26.981000,0 days 00:00:28.848000,0 days 00:00:24.249000,0 days 01:47:18.944000,0 days 01:47:47.792000,0 days 01:48:12.041000,284.0,275.0,309.0,310.0,False,HARD,27.0,True,Williams,0 days 01:46:51.924000,,1,10.0,,,False,True
0 days 01:49:29.454000,ALB,23,0 days 00:01:17.452000,40.0,2.0,,,0 days 00:00:26.277000,0 days 00:00:28.059000,0 days 00:00:23.116000,0 days 01:48:38.318000,0 days 01:49:06.377000,0 days 01:49:29.493000,285.0,272.0,298.0,314.0,False,HARD,28.0,True,Williams,0 days 01:48:12.002000,,1,11.0,,,False,True
0 days 01:50:46.784000,ALB,23,0 days 00:01:17.330000,41.0,2.0,,,0 days 00:00:26.515000,0 days 00:00:27.976000,0 days 00:00:22.839000,0 days 01:49:56.008000,0 days 01:50:23.984000,0 days 01:50:46.823000,287.0,271.0,314.0,301.0,False,HARD,29.0,True,Williams,0 days 01:49:29.454000,,1,12.0,,,False,True
0 days 01:52:03.633000,ALB,23,0 days 00:01:16.849000,42.0,2.0,,,0 days 00:00:25.904000,0 days 00:00:28.039000,0 days 00:00:22.906000,0 days 01:51:12.727000,0 days 01:51:40.766000,0 days 01:52:03.672000,287.0,262.0,299.0,307.0,False,HARD,30.0,True,Williams,0 days 01:50:46.784000,,1,12.0,,,False,True
0 days 01:53:21.408000,ALB,23,0 days 00:01:17.775000,43.0,2.0,,,0 days 00:00:26.606000,0 days 00:00:28.222000,0 days 00:00:22.947000,0 days 01:52:30.278000,0 days 01:52:58.500000,0 days 01:53:21.447000,287.0,273.0,300.0,303.0,False,HARD,31.0,True,Williams,0 days 01:52:03.633000,,1,13.0,,,False,True
0 days 01:54:37.864000,ALB,23,0 days 00:01:16.456000,44.0,2.0,,,0 days 00:00:25.857000,0 days 00:00:27.790000,0 days 00:00:22.809000,0 days 01:53:47.304000,0 days 01:54:15.094000,0 days 01:54:37.903000,275.0,260.0,300.0,303.0,False,HARD,32.0,True,Williams,0 days 01:53:21.408000,,1,13.0,,,False,True
0 days 01:55:54.321000,ALB,23,0 days 00:01:16.457000,45.0,2.0,,,0 days 00:00:25.852000,0 days 00:00:27.798000,0 days 00:00:22.807000,0 days 01:55:03.755000,0 days 01:55:31.553000,0 days 01:55:54.360000,283.0,260.0,299.0,306.0,False,HARD,33.0,True,Williams,0 days 01:54:37.864000,,1,13.0,,,False,True
0 days 01:57:11.565000,ALB,23,0 days 00:01:17.244000,46.0,2.0,,,0 days 00:00:26.363000,0 days 00:00:27.931000,0 days 00:00:22.950000,0 days 01:56:20.723000,0 days 01:56:48.654000,0 days 01:57:11.604000,286.0,264.0,299.0,301.0,False,HARD,34.0,True,Williams,0 days 01:55:54.321000,,1,14.0,,,False,True
0 days 01:58:29.218000,ALB,23,0 days 00:01:17.653000,47.0,2.0,,,0 days 00:00:25.797000,0 days 00:00:29.046000,0 days 00:00:22.810000,0 days 01:57:37.401000,0 days 01:58:06.447000,0 days 01:58:29.257000,276.0,273.0,300.0,304.0,False,HARD,35.0,True,Williams,0 days 01:57:11.565000,,1,14.0,,,False,True
0 days 01:59:45.826000,ALB,23,0 days 00:01:16.608000,48.0,2.0,,,0 days 00:00:25.901000,0 days 00:00:27.720000,0 days 00:00:22.987000,0 days 01:58:55.158000,0 days 01:59:22.878000,0 days 01:59:45.865000,286.0,262.0,300.0,308.0,False,HARD,36.0,True,Williams,0 days 01:58:29.218000,,1,14.0,,,False,True
0 days 02:01:02.199000,ALB,23,0 days 00:01:16.373000,49.0,2.0,,,0 days 00:00:25.649000,0 days 00:00:27.909000,0 days 00:00:22.815000,0 days 02:00:11.514000,0 days 02:00:39.423000,0 days 02:01:02.238000,285.0,264.0,300.0,304.0,False,HARD,37.0,True,Williams,0 days 01:59:45.826000,,1,14.0,,,False,True
0 days 02:02:18.517000,ALB,23,0 days 00:01:16.318000,50.0,2.0,,,0 days 00:00:25.777000,0 days 00:00:27.781000,0 days 00:00:22.760000,0 days 02:01:28.015000,0 days 02:01:55.796000,0 days 02:02:18.556000,285.0,262.0,299.0,305.0,False,HARD,38.0,True,Williams,0 days 02:01:02.199000,,1,14.0,,,False,True
0 days 02:03:34.420000,ALB,23,0 days 00:01:15.903000,51.0,2.0,,,0 days 00:00:25.595000,0 days 00:00:27.641000,0 days 00:00:22.667000,0 days 02:02:44.151000,0 days 02:03:11.792000,0 days 02:03:34.459000,284.0,262.0,299.0,304.0,False,HARD,39.0,True,Williams,0 days 02:02:18.517000,,1,14.0,,,False,True
0 days 02:04:50.464000,ALB,23,0 days 00:01:16.044000,52.0,2.0,,,0 days 00:00:25.641000,0 days 00:00:27.658000,0 days 00:00:22.745000,0 days 02:04:00.100000,0 days 02:04:27.758000,0 days 02:04:50.503000,284.0,262.0,298.0,305.0,False,HARD,40.0,True,Williams,0 days 02:03:34.420000,,1,14.0,,,False,True
0 days 02:06:06.955000,ALB,23,0 days 00:01:16.491000,53.0,2.0,,,0 days 00:00:25.793000,0 days 00:00:27.907000,0 days 00:00:22.791000,0 days 02:05:16.296000,0 days 02:05:44.203000,0 days 02:06:06.994000,285.0,263.0,299.0,305.0,False,HARD,41.0,True,Williams,0 days 02:04:50.464000,,1,14.0,,,False,True
0 days 02:07:26.110000,ALB,23,0 days 00:01:19.155000,54.0,2.0,,0 days 02:07:24.592000,0 days 00:00:25.520000,0 days 00:00:27.669000,0 days 00:00:25.966000,0 days 02:06:32.514000,0 days 02:07:00.183000,0 days 02:07:26.149000,284.0,261.0,,306.0,False,HARD,42.0,True,Williams,0 days 02:06:06.955000,,1,14.0,,,False,False
0 days 02:09:00.863000,ALB,23,0 days 00:01:34.753000,55.0,3.0,0 days 02:07:45.541000,,0 days 00:00:45.058000,0 days 00:00:27.116000,0 days 00:00:22.579000,0 days 02:08:11.207000,0 days 02:08:38.323000,0 days 02:09:00.902000,285.0,265.0,301.0,306.0,False,MEDIUM,1.0,True,Williams,0 days 02:07:26.110000,,1,18.0,,,False,False
0 days 02:10:16.197000,ALB,23,0 days 00:01:15.334000,56.0,3.0,,,0 days 00:00:25.489000,0 days 00:00:27.078000,0 days 00:00:22.767000,0 days 02:09:26.391000,0 days 02:09:53.469000,0 days 02:10:16.236000,286.0,278.0,330.0,310.0,True,MEDIUM,2.0,True,Williams,0 days 02:09:00.863000,,1,18.0,,,False,True
0 days 02:11:32.094000,ALB,23,0 days 00:01:15.897000,57.0,3.0,,,0 days 00:00:25.521000,0 days 00:00:27.328000,0 days 00:00:23.048000,0 days 02:10:41.757000,0 days 02:11:09.085000,0 days 02:11:32.133000,287.0,277.0,328.0,322.0,False,MEDIUM,3.0,True,Williams,0 days 02:10:16.197000,,1,17.0,,,False,True
0 days 02:12:48.134000,ALB,23,0 days 00:01:16.040000,58.0,3.0,,,0 days 00:00:25.600000,0 days 00:00:27.180000,0 days 00:00:23.260000,0 days 02:11:57.733000,0 days 02:12:24.913000,0 days 02:12:48.173000,287.0,275.0,314.0,321.0,False,MEDIUM,4.0,True,Williams,0 days 02:11:32.094000,,1,15.0,,,False,True
0 days 02:14:02.921000,ALB,23,0 days 00:01:14.787000,59.0,3.0,,,0 days 00:00:25.348000,0 days 00:00:27.121000,0 days 00:00:22.318000,0 days 02:13:13.521000,0 days 02:13:40.642000,0 days 02:14:02.960000,285.0,263.0,315.0,320.0,True,MEDIUM,5.0,True,Williams,0 days 02:12:48.134000,,1,15.0,,,False,True
0 days 02:15:17.524000,ALB,23,0 days 00:01:14.603000,60.0,3.0,,,0 days 00:00:25.373000,0 days 00:00:27.053000,0 days 00:00:22.177000,0 days 02:14:28.333000,0 days 02:14:55.386000,0 days 02:15:17.563000,286.0,275.0,319.0,323.0,True,MEDIUM,6.0,True,Williams,0 days 02:14:02.921000,,1,15.0,,,False,True
0 days 02:16:32.781000,ALB,23,0 days 00:01:15.257000,61.0,3.0,,,0 days 00:00:25.766000,0 days 00:00:27.118000,0 days 00:00:22.373000,0 days 02:15:43.329000,0 days 02:16:10.447000,0 days 02:16:32.820000,284.0,274.0,316.0,314.0,False,MEDIUM,7.0,True,Williams,0 days 02:15:17.524000,,1,15.0,,,False,True
0 days 02:17:47.628000,ALB,23,0 days 00:01:14.847000,62.0,3.0,,,0 days 00:00:25.547000,0 days 00:00:27.091000,0 days 00:00:22.209000,0 days 02:16:58.367000,0 days 02:17:25.458000,0 days 02:17:47.667000,288.0,275.0,318.0,309.0,False,MEDIUM,8.0,True,Williams,0 days 02:16:32.781000,,1,15.0,,,False,True
0 days 02:19:02.911000,ALB,23,0 days 00:01:15.283000,63.0,3.0,,,0 days 00:00:25.582000,0 days 00:00:27.273000,0 days 00:00:22.428000,0 days 02:18:13.249000,0 days 02:18:40.522000,0 days 02:19:02.950000,288.0,275.0,315.0,314.0,False,MEDIUM,9.0,True,Williams,0 days 02:17:47.628000,,1,15.0,,,False,True
0 days 02:20:17.605000,ALB,23,0 days 00:01:14.694000,64.0,3.0,,,0 days 00:00:25.357000,0 days 00:00:27.196000,0 days 00:00:22.141000,0 days 02:19:28.307000,0 days 02:19:55.503000,0 days 02:20:17.644000,285.0,274.0,317.0,317.0,False,MEDIUM,10.0,True,Williams,0 days 02:19:02.911000,,1,15.0,,,False,True
0 days 02:21:32.707000,ALB,23,0 days 00:01:15.102000,65.0,3.0,,,0 days 00:00:25.409000,0 days 00:00:27.283000,0 days 00:00:22.410000,0 days 02:20:43.053000,0 days 02:21:10.336000,0 days 02:21:32.746000,287.0,263.0,301.0,320.0,False,MEDIUM,11.0,True,Williams,0 days 02:20:17.605000,,1,15.0,,,False,True
0 days 02:22:47.802000,ALB,23,0 days 00:01:15.095000,66.0,3.0,,,0 days 00:00:25.381000,0 days 00:00:27.229000,0 days 00:00:22.485000,0 days 02:21:58.127000,0 days 02:22:25.356000,0 days 02:22:47.841000,285.0,263.0,301.0,308.0,False,MEDIUM,12.0,True,Williams,0 days 02:21:32.707000,,1,15.0,,,False,True
0 days 02:24:02.801000,ALB,23,0 days 00:01:14.999000,67.0,3.0,,,0 days 00:00:25.330000,0 days 00:00:27.273000,0 days 00:00:22.396000,0 days 02:23:13.171000,0 days 02:23:40.444000,0 days 02:24:02.840000,285.0,264.0,320.0,305.0,False,MEDIUM,13.0,True,Williams,0 days 02:22:47.802000,,1,15.0,,,False,True
0 days 02:25:17.811000,ALB,23,0 days 00:01:15.010000,68.0,3.0,,,0 days 00:00:25.267000,0 days 00:00:27.406000,0 days 00:00:22.337000,0 days 02:24:28.107000,0 days 02:24:55.513000,0 days 02:25:17.850000,289.0,276.0,320.0,328.0,False,MEDIUM,14.0,True,Williams,0 days 02:24:02.801000,,1,15.0,,,False,True
0 days 02:26:32.688000,ALB,23,0 days 00:01:14.877000,69.0,3.0,,,0 days 00:00:25.188000,0 days 00:00:27.168000,0 days 00:00:22.521000,0 days 02:25:43.038000,0 days 02:26:10.206000,0 days 02:26:32.727000,284.0,261.0,300.0,327.0,False,MEDIUM,15.0,True,Williams,0 days 02:25:17.811000,,1,14.0,,,False,True
0 days 02:27:47.524000,ALB,23,0 days 00:01:14.836000,70.0,3.0,,,0 days 00:00:25.337000,0 days 00:00:27.107000,0 days 00:00:22.392000,0 days 02:26:58.064000,0 days 02:27:25.171000,0 days 02:27:47.563000,287.0,263.0,301.0,304.0,False,MEDIUM,16.0,True,Williams,0 days 02:26:32.688000,,1,14.0,,,False,True
0 days 02:29:01.958000,ALB,23,0 days 00:01:14.434000,71.0,3.0,,,0 days 00:00:25.177000,0 days 00:00:26.915000,0 days 00:00:22.342000,0 days 02:28:12.740000,0 days 02:28:39.655000,0 days 02:29:01.997000,286.0,265.0,302.0,308.0,True,MEDIUM,17.0,True,Williams,0 days 02:27:47.524000,,1,14.0,,,False,True
0 days 00:59:03.889000,OCO,31,0 days 00:01:28.161000,1.0,1.0,,,,0 days 00:00:29.243000,0 days 00:00:24.294000,,0 days 00:58:39.778000,0 days 00:59:04.134000,268.0,273.0,310.0,222.0,False,MEDIUM,1.0,True,Alpine,0 days 00:57:35.434000,,1,16.0,,,False,False
0 days 01:00:23.118000,OCO,31,0 days 00:01:19.229000,2.0,1.0,,,0 days 00:00:27.212000,0 days 00:00:27.713000,0 days 00:00:24.304000,0 days 00:59:31.116000,0 days 00:59:58.829000,0 days 01:00:23.133000,287.0,285.0,321.0,305.0,True,MEDIUM,2.0,True,Alpine,0 days 00:59:03.889000,,1,16.0,,,False,True
0 days 01:01:40.886000,OCO,31,0 days 00:01:17.768000,3.0,1.0,,,0 days 00:00:26.889000,0 days 00:00:27.759000,0 days 00:00:23.120000,0 days 01:00:50.022000,0 days 01:01:17.781000,0 days 01:01:40.901000,290.0,279.0,322.0,287.0,True,MEDIUM,3.0,True,Alpine,0 days 01:00:23.118000,,1,16.0,,,False,True
0 days 01:02:58.557000,OCO,31,0 days 00:01:17.671000,4.0,1.0,,,0 days 00:00:26.776000,0 days 00:00:27.710000,0 days 00:00:23.185000,0 days 01:02:07.677000,0 days 01:02:35.387000,0 days 01:02:58.572000,288.0,277.0,320.0,287.0,True,MEDIUM,4.0,True,Alpine,0 days 01:01:40.886000,,1,16.0,,,False,True
0 days 01:04:15.884000,OCO,31,0 days 00:01:17.327000,5.0,1.0,,,0 days 00:00:26.468000,0 days 00:00:27.898000,0 days 00:00:22.961000,0 days 01:03:25.040000,0 days 01:03:52.938000,0 days 01:04:15.899000,287.0,273.0,319.0,298.0,True,MEDIUM,5.0,True,Alpine,0 days 01:02:58.557000,,1,16.0,,,False,True
0 days 01:05:33.351000,OCO,31,0 days 00:01:17.467000,6.0,1.0,,,0 days 00:00:26.276000,0 days 00:00:27.910000,0 days 00:00:23.281000,0 days 01:04:42.175000,0 days 01:05:10.085000,0 days 01:05:33.366000,288.0,275.0,304.0,302.0,False,MEDIUM,6.0,True,Alpine,0 days 01:04:15.884000,,1,16.0,,,False,True
0 days 01:06:50.455000,OCO,31,0 days 00:01:17.104000,7.0,1.0,,,0 days 00:00:26.354000,0 days 00:00:27.742000,0 days 00:00:23.008000,0 days 01:05:59.720000,0 days 01:06:27.462000,0 days 01:06:50.470000,285.0,266.0,318.0,307.0,True,MEDIUM,7.0,True,Alpine,0 days 01:05:33.351000,,1,16.0,,,False,True
0 days 01:08:08.154000,OCO,31,0 days 00:01:17.699000,8.0,1.0,,,0 days 00:00:26.391000,0 days 00:00:28.006000,0 days 00:00:23.302000,0 days 01:07:16.861000,0 days 01:07:44.867000,0 days 01:08:08.169000,287.0,265.0,304.0,297.0,False,MEDIUM,8.0,True,Alpine,0 days 01:06:50.455000,,1,16.0,,,False,True
0 days 01:09:25.438000,OCO,31,0 days 00:01:17.284000,9.0,1.0,,,0 days 00:00:26.246000,0 days 00:00:27.828000,0 days 00:00:23.210000,0 days 01:08:34.415000,0 days 01:09:02.243000,0 days 01:09:25.453000,287.0,274.0,319.0,304.0,False,MEDIUM,9.0,True,Alpine,0 days 01:08:08.154000,,1,16.0,,,False,True
0 days 01:10:43.190000,OCO,31,0 days 00:01:17.752000,10.0,1.0,,,0 days 00:00:26.422000,0 days 00:00:28.102000,0 days 00:00:23.228000,0 days 01:09:51.875000,0 days 01:10:19.977000,0 days 01:10:43.205000,287.0,265.0,305.0,299.0,False,MEDIUM,10.0,True,Alpine,0 days 01:09:25.438000,,1,16.0,,,False,True
0 days 01:12:00.574000,OCO,31,0 days 00:01:17.384000,11.0,1.0,,,0 days 00:00:26.338000,0 days 00:00:27.889000,0 days 00:00:23.157000,0 days 01:11:09.543000,0 days 01:11:37.432000,0 days 01:12:00.589000,287.0,275.0,320.0,298.0,False,MEDIUM,11.0,True,Alpine,0 days 01:10:43.190000,,1,16.0,,,False,True
0 days 01:13:18.252000,OCO,31,0 days 00:01:17.678000,12.0,1.0,,,0 days 00:00:26.329000,0 days 00:00:28.161000,0 days 00:00:23.188000,0 days 01:12:26.918000,0 days 01:12:55.079000,0 days 01:13:18.267000,287.0,275.0,318.0,309.0,False,MEDIUM,12.0,True,Alpine,0 days 01:12:00.574000,,1,16.0,,,False,True
0 days 01:14:36.178000,OCO,31,0 days 00:01:17.926000,13.0,1.0,,,0 days 00:00:26.522000,0 days 00:00:28.189000,0 days 00:00:23.215000,0 days 01:13:44.789000,0 days 01:14:12.978000,0 days 01:14:36.193000,287.0,275.0,319.0,292.0,False,MEDIUM,13.0,True,Alpine,0 days 01:13:18.252000,,1,16.0,,,False,True
0 days 01:15:53.913000,OCO,31,0 days 00:01:17.735000,14.0,1.0,,,0 days 00:00:26.390000,0 days 00:00:28.136000,0 days 00:00:23.209000,0 days 01:15:02.583000,0 days 01:15:30.719000,0 days 01:15:53.928000,287.0,275.0,318.0,296.0,False,MEDIUM,14.0,True,Alpine,0 days 01:14:36.178000,,1,16.0,,,False,True
0 days 01:17:12.769000,OCO,31,0 days 00:01:18.856000,15.0,1.0,,,0 days 00:00:26.762000,0 days 00:00:28.764000,0 days 00:00:23.330000,0 days 01:16:20.690000,0 days 01:16:49.454000,0 days 01:17:12.784000,290.0,274.0,315.0,293.0,False,MEDIUM,15.0,True,Alpine,0 days 01:15:53.913000,,1,13.0,,,False,True
0 days 01:18:30.435000,OCO,31,0 days 00:01:17.666000,16.0,1.0,,,0 days 00:00:26.153000,0 days 00:00:28.072000,0 days 00:00:23.441000,0 days 01:17:38.937000,0 days 01:18:07.009000,0 days 01:18:30.450000,286.0,265.0,299.0,313.0,False,MEDIUM,16.0,True,Alpine,0 days 01:17:12.769000,,1,13.0,,,False,True
0 days 01:19:48.271000,OCO,31,0 days 00:01:17.836000,17.0,1.0,,,0 days 00:00:26.370000,0 days 00:00:28.200000,0 days 00:00:23.266000,0 days 01:18:56.820000,0 days 01:19:25.020000,0 days 01:19:48.286000,285.0,263.0,300.0,300.0,False,MEDIUM,17.0,True,Alpine,0 days 01:18:30.435000,,1,13.0,,,False,True
0 days 01:21:05.919000,OCO,31,0 days 00:01:17.648000,18.0,1.0,,,0 days 00:00:26.248000,0 days 00:00:28.176000,0 days 00:00:23.224000,0 days 01:20:14.534000,0 days 01:20:42.710000,0 days 01:21:05.934000,283.0,263.0,301.0,301.0,False,MEDIUM,18.0,True,Alpine,0 days 01:19:48.271000,,1,13.0,,,False,True
0 days 01:22:23.624000,OCO,31,0 days 00:01:17.705000,19.0,1.0,,,0 days 00:00:26.266000,0 days 00:00:28.124000,0 days 00:00:23.315000,0 days 01:21:32.200000,0 days 01:22:00.324000,0 days 01:22:23.639000,284.0,263.0,300.0,302.0,False,MEDIUM,19.0,True,Alpine,0 days 01:21:05.919000,,1,13.0,,,False,True
0 days 01:23:41.142000,OCO,31,0 days 00:01:17.518000,20.0,1.0,,,0 days 00:00:26.232000,0 days 00:00:28.024000,0 days 00:00:23.262000,0 days 01:22:49.871000,0 days 01:23:17.895000,0 days 01:23:41.157000,283.0,263.0,301.0,302.0,False,MEDIUM,20.0,True,Alpine,0 days 01:22:23.624000,,1,13.0,,,False,True
0 days 01:24:58.735000,OCO,31,0 days 00:01:17.593000,21.0,1.0,,,0 days 00:00:26.360000,0 days 00:00:27.906000,0 days 00:00:23.327000,0 days 01:24:07.517000,0 days 01:24:35.423000,0 days 01:24:58.750000,284.0,263.0,300.0,301.0,False,MEDIUM,21.0,True,Alpine,0 days 01:23:41.142000,,1,13.0,,,False,True
0 days 01:26:17.140000,OCO,31,0 days 00:01:18.405000,22.0,1.0,,,0 days 00:00:26.929000,0 days 00:00:28.381000,0 days 00:00:23.095000,0 days 01:25:25.679000,0 days 01:25:54.060000,0 days 01:26:17.155000,289.0,272.0,318.0,289.0,False,MEDIUM,22.0,True,Alpine,0 days 01:24:58.735000,,1,14.0,,,False,True
0 days 01:27:35.015000,OCO,31,0 days 00:01:17.875000,23.0,1.0,,,0 days 00:00:26.401000,0 days 00:00:28.259000,0 days 00:00:23.215000,0 days 01:26:43.556000,0 days 01:27:11.815000,0 days 01:27:35.030000,285.0,263.0,302.0,305.0,False,MEDIUM,23.0,True,Alpine,0 days 01:26:17.140000,,1,14.0,,,False,True
0 days 01:28:52.513000,OCO,31,0 days 00:01:17.498000,24.0,1.0,,,0 days 00:00:26.217000,0 days 00:00:28.104000,0 days 00:00:23.177000,0 days 01:28:01.247000,0 days 01:28:29.351000,0 days 01:28:52.528000,285.0,262.0,301.0,301.0,False,MEDIUM,24.0,True,Alpine,0 days 01:27:35.015000,,1,13.0,,,False,True
0 days 01:30:09.930000,OCO,31,0 days 00:01:17.417000,25.0,1.0,,,0 days 00:00:26.106000,0 days 00:00:28.085000,0 days 00:00:23.226000,0 days 01:29:18.634000,0 days 01:29:46.719000,0 days 01:30:09.945000,286.0,262.0,301.0,302.0,False,MEDIUM,25.0,True,Alpine,0 days 01:28:52.513000,,1,14.0,,,False,True
0 days 01:31:28.096000,OCO,31,0 days 00:01:18.166000,26.0,1.0,,,0 days 00:00:26.713000,0 days 00:00:28.263000,0 days 00:00:23.190000,0 days 01:30:36.658000,0 days 01:31:04.921000,0 days 01:31:28.111000,290.0,273.0,304.0,280.0,False,MEDIUM,26.0,True,Alpine,0 days 01:30:09.930000,,1,14.0,,,False,True
0 days 01:32:46.195000,OCO,31,0 days 00:01:18.099000,27.0,1.0,,,0 days 00:00:26.541000,0 days 00:00:28.296000,0 days 00:00:23.262000,0 days 01:31:54.652000,0 days 01:32:22.948000,0 days 01:32:46.210000,288.0,264.0,301.0,281.0,False,MEDIUM,27.0,True,Alpine,0 days 01:31:28.096000,,1,15.0,,,False,True
0 days 01:34:04.016000,OCO,31,0 days 00:01:17.821000,28.0,1.0,,,0 days 00:00:26.317000,0 days 00:00:28.186000,0 days 00:00:23.318000,0 days 01:33:12.527000,0 days 01:33:40.713000,0 days 01:34:04.031000,284.0,263.0,302.0,300.0,False,MEDIUM,28.0,True,Alpine,0 days 01:32:46.195000,,1,15.0,,,False,True
0 days 01:35:21.697000,OCO,31,0 days 00:01:17.681000,29.0,1.0,,,0 days 00:00:26.152000,0 days 00:00:28.359000,0 days 00:00:23.170000,0 days 01:34:30.183000,0 days 01:34:58.542000,0 days 01:35:21.712000,285.0,262.0,302.0,301.0,False,MEDIUM,29.0,True,Alpine,0 days 01:34:04.016000,,1,15.0,,,False,True
0 days 01:36:42.801000,OCO,31,0 days 00:01:21.104000,30.0,1.0,,0 days 01:36:41.136000,0 days 00:00:26.182000,0 days 00:00:28.194000,0 days 00:00:26.728000,0 days 01:35:47.894000,0 days 01:36:16.088000,0 days 01:36:42.816000,285.0,264.0,,303.0,False,MEDIUM,30.0,True,Alpine,0 days 01:35:21.697000,,1,16.0,,,False,False
0 days 01:38:18.462000,OCO,31,0 days 00:01:35.661000,31.0,2.0,0 days 01:37:02.169000,,0 days 00:00:45.732000,0 days 00:00:27.036000,0 days 00:00:22.893000,0 days 01:37:28.548000,0 days 01:37:55.584000,0 days 01:38:18.477000,284.0,264.0,298.0,303.0,False,HARD,1.0,True,Alpine,0 days 01:36:42.801000,,1,19.0,,,False,False
0 days 01:39:34.722000,OCO,31,0 days 00:01:16.260000,32.0,2.0,,,0 days 00:00:26.163000,0 days 00:00:27.183000,0 days 00:00:22.914000,0 days 01:38:44.640000,0 days 01:39:11.823000,0 days 01:39:34.737000,281.0,265.0,301.0,295.0,True,HARD,2.0,True,Alpine,0 days 01:38:18.462000,,1,19.0,,,False,True
0 days 01:40:50.826000,OCO,31,0 days 00:01:16.104000,33.0,2.0,,,0 days 00:00:25.832000,0 days 00:00:27.464000,0 days 00:00:22.808000,0 days 01:40:00.569000,0 days 01:40:28.033000,0 days 01:40:50.841000,276.0,261.0,301.0,301.0,True,HARD,3.0,True,Alpine,0 days 01:39:34.722000,,1,18.0,,,False,True
0 days 01:42:06.860000,OCO,31,0 days 00:01:16.034000,34.0,2.0,,,0 days 00:00:25.988000,0 days 00:00:27.250000,0 days 00:00:22.796000,0 days 01:41:16.829000,0 days 01:41:44.079000,0 days 01:42:06.875000,279.0,261.0,300.0,304.0,True,HARD,4.0,True,Alpine,0 days 01:40:50.826000,,1,18.0,,,False,True
0 days 01:43:22.482000,OCO,31,0 days 00:01:15.622000,35.0,2.0,,,0 days 00:00:25.839000,0 days 00:00:27.034000,0 days 00:00:22.749000,0 days 01:42:32.714000,0 days 01:42:59.748000,0 days 01:43:22.497000,283.0,264.0,301.0,298.0,True,HARD,5.0,True,Alpine,0 days 01:42:06.860000,,1,18.0,,,False,True
0 days 01:44:38.091000,OCO,31,0 days 00:01:15.609000,36.0,2.0,,,0 days 00:00:25.893000,0 days 00:00:27.084000,0 days 00:00:22.632000,0 days 01:43:48.390000,0 days 01:44:15.474000,0 days 01:44:38.106000,281.0,264.0,302.0,300.0,True,HARD,6.0,True,Alpine,0 days 01:43:22.482000,,1,18.0,,,False,True
0 days 01:45:53.657000,OCO,31,0 days 00:01:15.566000,37.0,2.0,,,0 days 00:00:25.787000,0 days 00:00:27.091000,0 days 00:00:22.688000,0 days 01:45:03.893000,0 days 01:45:30.984000,0 days 01:45:53.672000,284.0,265.0,301.0,302.0,True,HARD,7.0,True,Alpine,0 days 01:44:38.091000,,1,18.0,,,False,True
0 days 01:47:09.559000,OCO,31,0 days 00:01:15.902000,38.0,2.0,,,0 days 00:00:25.791000,0 days 00:00:27.335000,0 days 00:00:22.776000,0 days 01:46:19.463000,0 days 01:46:46.798000,0 days 01:47:09.574000,286.0,265.0,302.0,303.0,False,HARD,8.0,True,Alpine,0 days 01:45:53.657000,,1,18.0,,,False,True
0 days 01:48:25.339000,OCO,31,0 days 00:01:15.780000,39.0,2.0,,,0 days 00:00:25.698000,0 days 00:00:27.374000,0 days 00:00:22.708000,0 days 01:47:35.272000,0 days 01:48:02.646000,0 days 01:48:25.354000,287.0,266.0,304.0,305.0,False,HARD,9.0,True,Alpine,0 days 01:47:09.559000,,1,18.0,,,False,True
0 days 01:49:41.366000,OCO,31,0 days 00:01:16.027000,40.0,2.0,,,0 days 00:00:25.876000,0 days 00:00:27.447000,0 days 00:00:22.704000,0 days 01:48:51.230000,0 days 01:49:18.677000,0 days 01:49:41.381000,289.0,278.0,324.0,305.0,False,HARD,10.0,True,Alpine,0 days 01:48:25.339000,,1,18.0,,,False,True
0 days 01:50:58.487000,OCO,31,0 days 00:01:17.121000,41.0,2.0,,,0 days 00:00:26.201000,0 days 00:00:28.007000,0 days 00:00:22.913000,0 days 01:50:07.582000,0 days 01:50:35.589000,0 days 01:50:58.502000,293.0,274.0,319.0,302.0,False,HARD,11.0,True,Alpine,0 days 01:49:41.366000,,1,16.0,,,False,True
0 days 01:52:16.858000,OCO,31,0 days 00:01:18.371000,42.0,2.0,,,0 days 00:00:27.153000,0 days 00:00:28.077000,0 days 00:00:23.141000,0 days 01:51:25.655000,0 days 01:51:53.732000,0 days 01:52:16.873000,290.0,276.0,321.0,296.0,False,HARD,12.0,True,Alpine,0 days 01:50:58.487000,,1,16.0,,,False,True
0 days 01:53:33.009000,OCO,31,0 days 00:01:16.151000,43.0,2.0,,,0 days 00:00:25.967000,0 days 00:00:27.310000,0 days 00:00:22.874000,0 days 01:52:42.840000,0 days 01:53:10.150000,0 days 01:53:33.024000,287.0,264.0,300.0,312.0,False,HARD,13.0,True,Alpine,0 days 01:52:16.858000,,1,15.0,,,False,True
0 days 01:54:48.859000,OCO,31,0 days 00:01:15.850000,44.0,2.0,,,0 days 00:00:25.645000,0 days 00:00:27.350000,0 days 00:00:22.855000,0 days 01:53:58.669000,0 days 01:54:26.019000,0 days 01:54:48.874000,286.0,264.0,301.0,305.0,False,HARD,14.0,True,Alpine,0 days 01:53:33.009000,,1,15.0,,,False,True
0 days 01:56:04.726000,OCO,31,0 days 00:01:15.867000,45.0,2.0,,,0 days 00:00:25.886000,0 days 00:00:27.155000,0 days 00:00:22.826000,0 days 01:55:14.760000,0 days 01:55:41.915000,0 days 01:56:04.741000,285.0,264.0,300.0,302.0,False,HARD,15.0,True,Alpine,0 days 01:54:48.859000,,1,15.0,,,False,True
0 days 01:57:20.867000,OCO,31,0 days 00:01:16.141000,46.0,2.0,,,0 days 00:00:25.936000,0 days 00:00:27.312000,0 days 00:00:22.893000,0 days 01:56:30.677000,0 days 01:56:57.989000,0 days 01:57:20.882000,284.0,264.0,300.0,300.0,False,HARD,16.0,True,Alpine,0 days 01:56:04.726000,,1,15.0,,,False,True
0 days 01:58:36.578000,OCO,31,0 days 00:01:15.711000,47.0,2.0,,,0 days 00:00:25.716000,0 days 00:00:27.146000,0 days 00:00:22.849000,0 days 01:57:46.598000,0 days 01:58:13.744000,0 days 01:58:36.593000,285.0,264.0,300.0,300.0,False,HARD,17.0,True,Alpine,0 days 01:57:20.867000,,1,15.0,,,False,True
0 days 01:59:52.657000,OCO,31,0 days 00:01:16.079000,48.0,2.0,,,0 days 00:00:25.871000,0 days 00:00:27.463000,0 days 00:00:22.745000,0 days 01:59:02.464000,0 days 01:59:29.927000,0 days 01:59:52.672000,286.0,262.0,301.0,301.0,False,HARD,18.0,True,Alpine,0 days 01:58:36.578000,,1,15.0,,,False,True
0 days 02:01:08.914000,OCO,31,0 days 00:01:16.257000,49.0,2.0,,,0 days 00:00:25.844000,0 days 00:00:27.427000,0 days 00:00:22.986000,0 days 02:00:18.516000,0 days 02:00:45.943000,0 days 02:01:08.929000,283.0,264.0,301.0,301.0,False,HARD,19.0,True,Alpine,0 days 01:59:52.657000,,1,15.0,,,False,True
0 days 02:02:24.304000,OCO,31,0 days 00:01:15.390000,50.0,2.0,,,0 days 00:00:25.591000,0 days 00:00:27.110000,0 days 00:00:22.689000,0 days 02:01:34.520000,0 days 02:02:01.630000,0 days 02:02:24.319000,285.0,265.0,301.0,301.0,True,HARD,20.0,True,Alpine,0 days 02:01:08.914000,,1,15.0,,,False,True
0 days 02:03:42.060000,OCO,31,0 days 00:01:17.756000,51.0,2.0,,,0 days 00:00:25.824000,0 days 00:00:27.287000,0 days 00:00:24.645000,0 days 02:02:50.143000,0 days 02:03:17.430000,0 days 02:03:42.075000,285.0,264.0,305.0,301.0,False,HARD,21.0,True,Alpine,0 days 02:02:24.304000,,1,15.0,,,False,True
0 days 02:04:57.967000,OCO,31,0 days 00:01:15.907000,52.0,2.0,,,0 days 00:00:25.763000,0 days 00:00:27.349000,0 days 00:00:22.795000,0 days 02:04:07.838000,0 days 02:04:35.187000,0 days 02:04:57.982000,289.0,267.0,303.0,304.0,False,HARD,22.0,True,Alpine,0 days 02:03:42.060000,,1,15.0,,,False,True
0 days 02:06:13.915000,OCO,31,0 days 00:01:15.948000,53.0,2.0,,,0 days 00:00:25.895000,0 days 00:00:27.215000,0 days 00:00:22.838000,0 days 02:05:23.877000,0 days 02:05:51.092000,0 days 02:06:13.930000,285.0,267.0,304.0,302.0,False,HARD,23.0,True,Alpine,0 days 02:04:57.967000,,1,15.0,,,False,True
0 days 02:07:29.777000,OCO,31,0 days 00:01:15.862000,54.0,2.0,,,0 days 00:00:25.686000,0 days 00:00:27.259000,0 days 00:00:22.917000,0 days 02:06:39.616000,0 days 02:07:06.875000,0 days 02:07:29.792000,287.0,264.0,301.0,302.0,False,HARD,24.0,True,Alpine,0 days 02:06:13.915000,,1,15.0,,,False,True
0 days 02:08:45.608000,OCO,31,0 days 00:01:15.831000,55.0,2.0,,,0 days 00:00:25.763000,0 days 00:00:27.220000,0 days 00:00:22.848000,0 days 02:07:55.555000,0 days 02:08:22.775000,0 days 02:08:45.623000,287.0,263.0,301.0,307.0,False,HARD,25.0,True,Alpine,0 days 02:07:29.777000,,1,14.0,,,False,True
0 days 02:10:01.560000,OCO,31,0 days 00:01:15.952000,56.0,2.0,,,0 days 00:00:25.798000,0 days 00:00:27.295000,0 days 00:00:22.859000,0 days 02:09:11.421000,0 days 02:09:38.716000,0 days 02:10:01.575000,286.0,264.0,301.0,301.0,False,HARD,26.0,True,Alpine,0 days 02:08:45.608000,,1,14.0,,,False,True
0 days 02:11:21.047000,OCO,31,0 days 00:01:19.487000,57.0,2.0,,,0 days 00:00:27.902000,0 days 00:00:28.410000,0 days 00:00:23.175000,0 days 02:10:29.477000,0 days 02:10:57.887000,0 days 02:11:21.062000,205.0,265.0,303.0,300.0,False,HARD,27.0,True,Alpine,0 days 02:10:01.560000,,1,14.0,,,False,True
0 days 02:12:36.983000,OCO,31,0 days 00:01:15.936000,58.0,2.0,,,0 days 00:00:25.810000,0 days 00:00:27.380000,0 days 00:00:22.746000,0 days 02:11:46.872000,0 days 02:12:14.252000,0 days 02:12:36.998000,286.0,266.0,301.0,301.0,False,HARD,28.0,True,Alpine,0 days 02:11:21.047000,,1,14.0,,,False,True
0 days 02:13:52.769000,OCO,31,0 days 00:01:15.786000,59.0,2.0,,,0 days 00:00:25.640000,0 days 00:00:27.204000,0 days 00:00:22.942000,0 days 02:13:02.638000,0 days 02:13:29.842000,0 days 02:13:52.784000,284.0,265.0,301.0,308.0,False,HARD,29.0,True,Alpine,0 days 02:12:36.983000,,1,14.0,,,False,True
0 days 02:15:08.398000,OCO,31,0 days 00:01:15.629000,60.0,2.0,,,0 days 00:00:25.661000,0 days 00:00:27.253000,0 days 00:00:22.715000,0 days 02:14:18.445000,0 days 02:14:45.698000,0 days 02:15:08.413000,286.0,265.0,302.0,301.0,False,HARD,30.0,True,Alpine,0 days 02:13:52.769000,,1,14.0,,,False,True
0 days 02:16:25.913000,OCO,31,0 days 00:01:17.515000,61.0,2.0,,,0 days 00:00:25.814000,0 days 00:00:28.943000,0 days 00:00:22.758000,0 days 02:15:34.227000,0 days 02:16:03.170000,0 days 02:16:25.928000,286.0,278.0,320.0,300.0,False,HARD,31.0,True,Alpine,0 days 02:15:08.398000,,1,14.0,,,False,True
0 days 02:17:41.911000,OCO,31,0 days 00:01:15.998000,62.0,2.0,,,0 days 00:00:25.705000,0 days 00:00:27.399000,0 days 00:00:22.894000,0 days 02:16:51.633000,0 days 02:17:19.032000,0 days 02:17:41.926000,290.0,266.0,302.0,307.0,False,HARD,32.0,True,Alpine,0 days 02:16:25.913000,,1,14.0,,,False,True
0 days 02:18:57.529000,OCO,31,0 days 00:01:15.618000,63.0,2.0,,,0 days 00:00:25.644000,0 days 00:00:27.195000,0 days 00:00:22.779000,0 days 02:18:07.570000,0 days 02:18:34.765000,0 days 02:18:57.544000,288.0,267.0,300.0,307.0,False,HARD,33.0,True,Alpine,0 days 02:17:41.911000,,1,14.0,,,False,True
0 days 02:20:13.282000,OCO,31,0 days 00:01:15.753000,64.0,2.0,,,0 days 00:00:25.630000,0 days 00:00:27.344000,0 days 00:00:22.779000,0 days 02:19:23.174000,0 days 02:19:50.518000,0 days 02:20:13.297000,287.0,264.0,302.0,299.0,False,HARD,34.0,True,Alpine,0 days 02:18:57.529000,,1,14.0,,,False,True
0 days 02:21:29.023000,OCO,31,0 days 00:01:15.741000,65.0,2.0,,,0 days 00:00:25.621000,0 days 00:00:27.257000,0 days 00:00:22.863000,0 days 02:20:38.918000,0 days 02:21:06.175000,0 days 02:21:29.038000,284.0,264.0,302.0,301.0,False,HARD,35.0,True,Alpine,0 days 02:20:13.282000,,1,14.0,,,False,True
0 days 02:22:44.794000,OCO,31,0 days 00:01:15.771000,66.0,2.0,,,0 days 00:00:25.650000,0 days 00:00:27.250000,0 days 00:00:22.871000,0 days 02:21:54.688000,0 days 02:22:21.938000,0 days 02:22:44.809000,284.0,264.0,302.0,301.0,False,HARD,36.0,True,Alpine,0 days 02:21:29.023000,,1,14.0,,,False,True
0 days 02:24:02.200000,OCO,31,0 days 00:01:17.406000,67.0,2.0,,,0 days 00:00:25.556000,0 days 00:00:28.984000,0 days 00:00:22.866000,0 days 02:23:10.365000,0 days 02:23:39.349000,0 days 02:24:02.215000,287.0,259.0,320.0,301.0,False,HARD,37.0,True,Alpine,0 days 02:22:44.794000,,1,14.0,,,False,True
0 days 02:25:17.610000,OCO,31,0 days 00:01:15.410000,68.0,2.0,,,0 days 00:00:25.450000,0 days 00:00:27.337000,0 days 00:00:22.623000,0 days 02:24:27.665000,0 days 02:24:55.002000,0 days 02:25:17.625000,291.0,267.0,302.0,318.0,False,HARD,38.0,True,Alpine,0 days 02:24:02.200000,,1,14.0,,,False,True
0 days 02:26:34.828000,OCO,31,0 days 00:01:17.218000,69.0,2.0,,,0 days 00:00:26.288000,0 days 00:00:27.828000,0 days 00:00:23.102000,0 days 02:25:43.913000,0 days 02:26:11.741000,0 days 02:26:34.843000,292.0,267.0,303.0,304.0,False,HARD,39.0,True,Alpine,0 days 02:25:17.610000,,1,15.0,,,False,True
0 days 02:27:52.179000,OCO,31,0 days 00:01:17.351000,70.0,2.0,,,0 days 00:00:25.708000,0 days 00:00:28.441000,0 days 00:00:23.202000,0 days 02:27:00.551000,0 days 02:27:28.992000,0 days 02:27:52.194000,285.0,208.0,321.0,298.0,False,HARD,40.0,True,Alpine,0 days 02:26:34.828000,,1,15.0,,,False,True
0 days 02:29:08.125000,OCO,31,0 days 00:01:15.946000,71.0,2.0,,,0 days 00:00:25.748000,0 days 00:00:27.370000,0 days 00:00:22.828000,0 days 02:28:17.942000,0 days 02:28:45.312000,0 days 02:29:08.140000,284.0,269.0,299.0,307.0,False,HARD,41.0,True,Alpine,0 days 02:27:52.179000,,1,15.0,,,False,True
0 days 00:59:04.818000,SAR,2,0 days 00:01:29.090000,1.0,1.0,,,,0 days 00:00:29.327000,0 days 00:00:24.526000,,0 days 00:58:40.444000,0 days 00:59:04.993000,280.0,269.0,306.0,215.0,False,MEDIUM,1.0,True,Williams,0 days 00:57:35.434000,,1,18.0,,,False,False
0 days 01:00:23.849000,SAR,2,0 days 00:01:19.031000,2.0,1.0,,,0 days 00:00:27.032000,0 days 00:00:28.073000,0 days 00:00:23.926000,0 days 00:59:31.908000,0 days 00:59:59.981000,0 days 01:00:23.907000,287.0,278.0,323.0,273.0,True,MEDIUM,2.0,True,Williams,0 days 00:59:04.818000,,1,18.0,,,False,True
0 days 01:01:42.188000,SAR,2,0 days 00:01:18.339000,3.0,1.0,,,0 days 00:00:27.073000,0 days 00:00:28.044000,0 days 00:00:23.222000,0 days 01:00:50.980000,0 days 01:01:19.024000,0 days 01:01:42.246000,288.0,276.0,320.0,307.0,True,MEDIUM,3.0,True,Williams,0 days 01:00:23.849000,,1,18.0,,,False,True
0 days 01:03:00.124000,SAR,2,0 days 00:01:17.936000,4.0,1.0,,,0 days 00:00:26.563000,0 days 00:00:28.182000,0 days 00:00:23.191000,0 days 01:02:08.809000,0 days 01:02:36.991000,0 days 01:03:00.182000,287.0,274.0,318.0,295.0,True,MEDIUM,4.0,True,Williams,0 days 01:01:42.188000,,1,18.0,,,False,True
0 days 01:04:17.611000,SAR,2,0 days 00:01:17.487000,5.0,1.0,,,0 days 00:00:26.458000,0 days 00:00:28.069000,0 days 00:00:22.960000,0 days 01:03:26.640000,0 days 01:03:54.709000,0 days 01:04:17.669000,286.0,274.0,318.0,300.0,True,MEDIUM,5.0,True,Williams,0 days 01:03:00.124000,,1,18.0,,,False,True
0 days 01:05:35.271000,SAR,2,0 days 00:01:17.660000,6.0,1.0,,,0 days 00:00:26.312000,0 days 00:00:28.166000,0 days 00:00:23.182000,0 days 01:04:43.981000,0 days 01:05:12.147000,0 days 01:05:35.329000,287.0,266.0,306.0,300.0,False,MEDIUM,6.0,True,Williams,0 days 01:04:17.611000,,1,18.0,,,False,True
0 days 01:06:53.169000,SAR,2,0 days 00:01:17.898000,7.0,1.0,,,0 days 00:00:26.522000,0 days 00:00:27.977000,0 days 00:00:23.399000,0 days 01:06:01.851000,0 days 01:06:29.828000,0 days 01:06:53.227000,283.0,266.0,306.0,286.0,False,MEDIUM,7.0,True,Williams,0 days 01:05:35.271000,,1,18.0,,,False,True
0 days 01:08:10.758000,SAR,2,0 days 00:01:17.589000,8.0,1.0,,,0 days 00:00:26.563000,0 days 00:00:28.015000,0 days 00:00:23.011000,0 days 01:07:19.790000,0 days 01:07:47.805000,0 days 01:08:10.816000,286.0,266.0,306.0,297.0,False,MEDIUM,8.0,True,Williams,0 days 01:06:53.169000,,1,18.0,,,False,True
0 days 01:09:28.687000,SAR,2,0 days 00:01:17.929000,9.0,1.0,,,0 days 00:00:26.516000,0 days 00:00:28.201000,0 days 00:00:23.212000,0 days 01:08:37.332000,0 days 01:09:05.533000,0 days 01:09:28.745000,283.0,264.0,306.0,301.0,False,MEDIUM,9.0,True,Williams,0 days 01:08:10.758000,,1,18.0,,,False,True
0 days 01:10:46.530000,SAR,2,0 days 00:01:17.843000,10.0,1.0,,,0 days 00:00:26.441000,0 days 00:00:28.191000,0 days 00:00:23.211000,0 days 01:09:55.186000,0 days 01:10:23.377000,0 days 01:10:46.588000,285.0,264.0,305.0,305.0,False,MEDIUM,10.0,True,Williams,0 days 01:09:28.687000,,1,18.0,,,False,True
0 days 01:12:03.954000,SAR,2,0 days 00:01:17.424000,11.0,1.0,,,0 days 00:00:26.289000,0 days 00:00:28.076000,0 days 00:00:23.059000,0 days 01:11:12.877000,0 days 01:11:40.953000,0 days 01:12:04.012000,285.0,266.0,306.0,292.0,True,MEDIUM,11.0,True,Williams,0 days 01:10:46.530000,,1,18.0,,,False,True
0 days 01:13:21.554000,SAR,2,0 days 00:01:17.600000,12.0,1.0,,,0 days 00:00:26.389000,0 days 00:00:28.146000,0 days 00:00:23.065000,0 days 01:12:30.401000,0 days 01:12:58.547000,0 days 01:13:21.612000,283.0,265.0,305.0,303.0,False,MEDIUM,12.0,True,Williams,0 days 01:12:03.954000,,1,17.0,,,False,True
0 days 01:14:39.002000,SAR,2,0 days 00:01:17.448000,13.0,1.0,,,0 days 00:00:26.245000,0 days 00:00:28.132000,0 days 00:00:23.071000,0 days 01:13:47.857000,0 days 01:14:15.989000,0 days 01:14:39.060000,282.0,264.0,305.0,299.0,False,MEDIUM,13.0,True,Williams,0 days 01:13:21.554000,,1,17.0,,,False,True
0 days 01:15:56.544000,SAR,2,0 days 00:01:17.542000,14.0,1.0,,,0 days 00:00:26.260000,0 days 00:00:28.141000,0 days 00:00:23.141000,0 days 01:15:05.320000,0 days 01:15:33.461000,0 days 01:15:56.602000,284.0,264.0,305.0,304.0,False,MEDIUM,14.0,True,Williams,0 days 01:14:39.002000,,1,17.0,,,False,True
0 days 01:17:14.078000,SAR,2,0 days 00:01:17.534000,15.0,1.0,,,0 days 00:00:26.279000,0 days 00:00:28.153000,0 days 00:00:23.102000,0 days 01:16:22.881000,0 days 01:16:51.034000,0 days 01:17:14.136000,285.0,264.0,307.0,307.0,False,MEDIUM,15.0,True,Williams,0 days 01:15:56.544000,,1,14.0,,,False,True
0 days 01:18:31.918000,SAR,2,0 days 00:01:17.840000,16.0,1.0,,,0 days 00:00:26.186000,0 days 00:00:28.326000,0 days 00:00:23.328000,0 days 01:17:40.322000,0 days 01:18:08.648000,0 days 01:18:31.976000,285.0,266.0,304.0,308.0,False,MEDIUM,16.0,True,Williams,0 days 01:17:14.078000,,1,14.0,,,False,True
0 days 01:19:51.102000,SAR,2,0 days 00:01:19.184000,17.0,1.0,,,0 days 00:00:27.437000,0 days 00:00:28.458000,0 days 00:00:23.289000,0 days 01:18:59.413000,0 days 01:19:27.871000,0 days 01:19:51.160000,288.0,273.0,306.0,299.0,False,MEDIUM,17.0,True,Williams,0 days 01:18:31.918000,,1,15.0,,,False,True
0 days 01:21:09.113000,SAR,2,0 days 00:01:18.011000,18.0,1.0,,,0 days 00:00:26.480000,0 days 00:00:28.451000,0 days 00:00:23.080000,0 days 01:20:17.640000,0 days 01:20:46.091000,0 days 01:21:09.171000,284.0,265.0,306.0,303.0,False,MEDIUM,18.0,True,Williams,0 days 01:19:51.102000,,1,15.0,,,False,True
0 days 01:22:27.148000,SAR,2,0 days 00:01:18.035000,19.0,1.0,,,0 days 00:00:26.424000,0 days 00:00:28.440000,0 days 00:00:23.171000,0 days 01:21:35.595000,0 days 01:22:04.035000,0 days 01:22:27.206000,284.0,264.0,304.0,299.0,False,MEDIUM,19.0,True,Williams,0 days 01:21:09.113000,,1,15.0,,,False,True
0 days 01:23:45.168000,SAR,2,0 days 00:01:18.020000,20.0,1.0,,,0 days 00:00:26.297000,0 days 00:00:28.408000,0 days 00:00:23.315000,0 days 01:22:53.503000,0 days 01:23:21.911000,0 days 01:23:45.226000,287.0,264.0,304.0,304.0,False,MEDIUM,20.0,True,Williams,0 days 01:22:27.148000,,1,15.0,,,False,True
0 days 01:25:02.881000,SAR,2,0 days 00:01:17.713000,21.0,1.0,,,0 days 00:00:26.276000,0 days 00:00:28.392000,0 days 00:00:23.045000,0 days 01:24:11.502000,0 days 01:24:39.894000,0 days 01:25:02.939000,288.0,263.0,306.0,300.0,False,MEDIUM,21.0,True,Williams,0 days 01:23:45.168000,,1,15.0,,,False,True
0 days 01:26:26.116000,SAR,2,0 days 00:01:23.235000,22.0,1.0,,0 days 01:26:24.597000,0 days 00:00:27.280000,0 days 00:00:28.750000,0 days 00:00:27.205000,0 days 01:25:30.219000,0 days 01:25:58.969000,0 days 01:26:26.174000,287.0,264.0,,312.0,False,MEDIUM,22.0,True,Williams,0 days 01:25:02.881000,,1,17.0,,,False,False
0 days 01:28:02.453000,SAR,2,0 days 00:01:36.337000,23.0,2.0,0 days 01:26:46.695000,,0 days 00:00:46.541000,0 days 00:00:27.254000,0 days 00:00:22.542000,0 days 01:27:12.715000,0 days 01:27:39.969000,0 days 01:28:02.511000,283.0,266.0,302.0,312.0,False,HARD,1.0,True,Williams,0 days 01:26:26.116000,,1,19.0,,,False,False
0 days 01:29:18.167000,SAR,2,0 days 00:01:15.714000,24.0,2.0,,,0 days 00:00:25.915000,0 days 00:00:27.052000,0 days 00:00:22.747000,0 days 01:28:28.426000,0 days 01:28:55.478000,0 days 01:29:18.225000,283.0,265.0,302.0,307.0,True,HARD,2.0,True,Williams,0 days 01:28:02.453000,,1,19.0,,,False,True
0 days 01:30:34.023000,SAR,2,0 days 00:01:15.856000,25.0,2.0,,,0 days 00:00:25.935000,0 days 00:00:27.280000,0 days 00:00:22.641000,0 days 01:29:44.160000,0 days 01:30:11.440000,0 days 01:30:34.081000,285.0,264.0,303.0,304.0,False,HARD,3.0,True,Williams,0 days 01:29:18.167000,,1,19.0,,,False,True
0 days 01:31:49.562000,SAR,2,0 days 00:01:15.539000,26.0,2.0,,,0 days 00:00:25.746000,0 days 00:00:27.114000,0 days 00:00:22.679000,0 days 01:30:59.827000,0 days 01:31:26.941000,0 days 01:31:49.620000,289.0,266.0,301.0,302.0,True,HARD,4.0,True,Williams,0 days 01:30:34.023000,,1,19.0,,,False,True
0 days 01:33:05.448000,SAR,2,0 days 00:01:15.886000,27.0,2.0,,,0 days 00:00:25.937000,0 days 00:00:27.163000,0 days 00:00:22.786000,0 days 01:32:15.557000,0 days 01:32:42.720000,0 days 01:33:05.506000,287.0,265.0,298.0,302.0,False,HARD,5.0,True,Williams,0 days 01:31:49.562000,,1,19.0,,,False,True
0 days 01:34:21.323000,SAR,2,0 days 00:01:15.875000,28.0,2.0,,,0 days 00:00:25.885000,0 days 00:00:27.376000,0 days 00:00:22.614000,0 days 01:33:31.391000,0 days 01:33:58.767000,0 days 01:34:21.381000,288.0,264.0,304.0,305.0,False,HARD,6.0,True,Williams,0 days 01:33:05.448000,,1,19.0,,,False,True
0 days 01:35:37.362000,SAR,2,0 days 00:01:16.039000,29.0,2.0,,,0 days 00:00:25.757000,0 days 00:00:27.510000,0 days 00:00:22.772000,0 days 01:34:47.138000,0 days 01:35:14.648000,0 days 01:35:37.420000,288.0,265.0,303.0,305.0,False,HARD,7.0,True,Williams,0 days 01:34:21.323000,,1,19.0,,,False,True
0 days 01:36:54.293000,SAR,2,0 days 00:01:16.931000,30.0,2.0,,,0 days 00:00:25.999000,0 days 00:00:28.050000,0 days 00:00:22.882000,0 days 01:36:03.419000,0 days 01:36:31.469000,0 days 01:36:54.351000,290.0,275.0,305.0,307.0,False,HARD,8.0,True,Williams,0 days 01:35:37.362000,,1,19.0,,,False,True
0 days 01:38:11.260000,SAR,2,0 days 00:01:16.967000,31.0,2.0,,,0 days 00:00:26.155000,0 days 00:00:27.864000,0 days 00:00:22.948000,0 days 01:37:20.506000,0 days 01:37:48.370000,0 days 01:38:11.318000,290.0,267.0,304.0,292.0,False,HARD,9.0,True,Williams,0 days 01:36:54.293000,,1,18.0,,,False,True
0 days 01:39:27.681000,SAR,2,0 days 00:01:16.421000,32.0,2.0,,,0 days 00:00:25.962000,0 days 00:00:27.608000,0 days 00:00:22.851000,0 days 01:38:37.280000,0 days 01:39:04.888000,0 days 01:39:27.739000,289.0,267.0,306.0,302.0,False,HARD,10.0,True,Williams,0 days 01:38:11.260000,,1,18.0,,,False,True
0 days 01:40:44.231000,SAR,2,0 days 00:01:16.550000,33.0,2.0,,,0 days 00:00:25.970000,0 days 00:00:27.676000,0 days 00:00:22.904000,0 days 01:39:53.709000,0 days 01:40:21.385000,0 days 01:40:44.289000,290.0,267.0,306.0,301.0,False,HARD,11.0,True,Williams,0 days 01:39:27.681000,,1,17.0,,,False,True
0 days 01:42:00.594000,SAR,2,0 days 00:01:16.363000,34.0,2.0,,,0 days 00:00:25.926000,0 days 00:00:27.573000,0 days 00:00:22.864000,0 days 01:41:10.215000,0 days 01:41:37.788000,0 days 01:42:00.652000,289.0,267.0,302.0,304.0,False,HARD,12.0,True,Williams,0 days 01:40:44.231000,,1,17.0,,,False,True
0 days 01:43:17.126000,SAR,2,0 days 00:01:16.532000,35.0,2.0,,,0 days 00:00:26.040000,0 days 00:00:27.714000,0 days 00:00:22.778000,0 days 01:42:26.692000,0 days 01:42:54.406000,0 days 01:43:17.184000,289.0,266.0,305.0,300.0,False,HARD,13.0,True,Williams,0 days 01:42:00.594000,,1,17.0,,,False,True
0 days 01:44:33.496000,SAR,2,0 days 00:01:16.370000,36.0,2.0,,,0 days 00:00:25.796000,0 days 00:00:27.792000,0 days 00:00:22.782000,0 days 01:43:42.980000,0 days 01:44:10.772000,0 days 01:44:33.554000,289.0,267.0,306.0,304.0,False,HARD,14.0,True,Williams,0 days 01:43:17.126000,,1,17.0,,,False,True
0 days 01:45:49.980000,SAR,2,0 days 00:01:16.484000,37.0,2.0,,,0 days 00:00:25.849000,0 days 00:00:27.788000,0 days 00:00:22.847000,0 days 01:44:59.403000,0 days 01:45:27.191000,0 days 01:45:50.038000,290.0,266.0,306.0,303.0,False,HARD,15.0,True,Williams,0 days 01:44:33.496000,,1,17.0,,,False,True
0 days 01:47:06.959000,SAR,2,0 days 00:01:16.979000,38.0,2.0,,,0 days 00:00:25.969000,0 days 00:00:28.139000,0 days 00:00:22.871000,0 days 01:46:16.007000,0 days 01:46:44.146000,0 days 01:47:07.017000,290.0,266.0,307.0,310.0,False,HARD,16.0,True,Williams,0 days 01:45:49.980000,,1,17.0,,,False,True
0 days 01:48:23.942000,SAR,2,0 days 00:01:16.983000,39.0,2.0,,,0 days 00:00:26.080000,0 days 00:00:28.184000,0 days 00:00:22.719000,0 days 01:47:33.097000,0 days 01:48:01.281000,0 days 01:48:24,291.0,276.0,318.0,300.0,False,HARD,17.0,True,Williams,0 days 01:47:06.959000,,1,17.0,,,False,True
0 days 01:49:40.849000,SAR,2,0 days 00:01:16.907000,40.0,2.0,,,0 days 00:00:26.266000,0 days 00:00:27.999000,0 days 00:00:22.642000,0 days 01:48:50.266000,0 days 01:49:18.265000,0 days 01:49:40.907000,290.0,275.0,323.0,298.0,False,HARD,18.0,True,Williams,0 days 01:48:23.942000,,1,17.0,,,False,True
0 days 01:51:00.271000,SAR,2,0 days 00:01:19.422000,41.0,2.0,,,0 days 00:00:26.325000,0 days 00:00:28.553000,0 days 00:00:24.544000,0 days 01:50:07.232000,0 days 01:50:35.785000,0 days 01:51:00.329000,291.0,281.0,320.0,313.0,False,HARD,19.0,True,Williams,0 days 01:49:40.849000,,1,17.0,,,False,True
0 days 01:52:17.488000,SAR,2,0 days 00:01:17.217000,42.0,2.0,,,0 days 00:00:26.101000,0 days 00:00:28.170000,0 days 00:00:22.946000,0 days 01:51:26.430000,0 days 01:51:54.600000,0 days 01:52:17.546000,291.0,276.0,321.0,309.0,False,HARD,20.0,True,Williams,0 days 01:51:00.271000,,1,17.0,,,False,True
0 days 01:53:35,SAR,2,0 days 00:01:17.512000,43.0,2.0,,,0 days 00:00:26.495000,0 days 00:00:28.208000,0 days 00:00:22.809000,0 days 01:52:44.041000,0 days 01:53:12.249000,0 days 01:53:35.058000,291.0,277.0,318.0,299.0,False,HARD,21.0,True,Williams,0 days 01:52:17.488000,,1,16.0,,,False,True
0 days 01:54:51.551000,SAR,2,0 days 00:01:16.551000,44.0,2.0,,,0 days 00:00:25.787000,0 days 00:00:27.981000,0 days 00:00:22.783000,0 days 01:54:00.845000,0 days 01:54:28.826000,0 days 01:54:51.609000,289.0,266.0,305.0,313.0,False,HARD,22.0,True,Williams,0 days 01:53:35,,1,16.0,,,False,True
0 days 01:56:08.162000,SAR,2,0 days 00:01:16.611000,45.0,2.0,,,0 days 00:00:25.988000,0 days 00:00:27.781000,0 days 00:00:22.842000,0 days 01:55:17.597000,0 days 01:55:45.378000,0 days 01:56:08.220000,287.0,266.0,304.0,313.0,False,HARD,23.0,True,Williams,0 days 01:54:51.551000,,1,16.0,,,False,True
0 days 01:57:26.773000,SAR,2,0 days 00:01:18.611000,46.0,2.0,,,0 days 00:00:26.135000,0 days 00:00:27.960000,0 days 00:00:24.516000,0 days 01:56:34.355000,0 days 01:57:02.315000,0 days 01:57:26.831000,284.0,266.0,308.0,313.0,False,HARD,24.0,True,Williams,0 days 01:56:08.162000,,1,16.0,,,False,True
0 days 01:58:43.616000,SAR,2,0 days 00:01:16.843000,47.0,2.0,,,0 days 00:00:26.202000,0 days 00:00:27.812000,0 days 00:00:22.829000,0 days 01:57:53.033000,0 days 01:58:20.845000,0 days 01:58:43.674000,290.0,265.0,305.0,313.0,False,HARD,25.0,True,Williams,0 days 01:57:26.773000,,1,16.0,,,False,True
0 days 01:59:59.746000,SAR,2,0 days 00:01:16.130000,48.0,2.0,,,0 days 00:00:25.800000,0 days 00:00:27.723000,0 days 00:00:22.607000,0 days 01:59:09.474000,0 days 01:59:37.197000,0 days 01:59:59.804000,291.0,264.0,306.0,310.0,False,HARD,26.0,True,Williams,0 days 01:58:43.616000,,1,16.0,,,False,True
0 days 02:01:15.909000,SAR,2,0 days 00:01:16.163000,49.0,2.0,,,0 days 00:00:25.717000,0 days 00:00:27.826000,0 days 00:00:22.620000,0 days 02:00:25.521000,0 days 02:00:53.347000,0 days 02:01:15.967000,287.0,266.0,305.0,305.0,False,HARD,27.0,True,Williams,0 days 01:59:59.746000,,1,16.0,,,False,True
0 days 02:02:34.129000,SAR,2,0 days 00:01:18.220000,50.0,2.0,,,0 days 00:00:25.951000,0 days 00:00:29.009000,0 days 00:00:23.260000,0 days 02:01:41.918000,0 days 02:02:10.927000,0 days 02:02:34.187000,287.0,218.0,324.0,311.0,False,HARD,28.0,True,Williams,0 days 02:01:15.909000,,1,16.0,,,False,True
0 days 02:03:50.387000,SAR,2,0 days 00:01:16.258000,51.0,2.0,,,0 days 00:00:25.839000,0 days 00:00:27.752000,0 days 00:00:22.667000,0 days 02:03:00.026000,0 days 02:03:27.778000,0 days 02:03:50.445000,290.0,267.0,307.0,326.0,False,HARD,29.0,True,Williams,0 days 02:02:34.129000,,1,16.0,,,False,True
0 days 02:05:06.786000,SAR,2,0 days 00:01:16.399000,52.0,2.0,,,0 days 00:00:25.844000,0 days 00:00:27.850000,0 days 00:00:22.705000,0 days 02:04:16.289000,0 days 02:04:44.139000,0 days 02:05:06.844000,288.0,268.0,307.0,309.0,False,HARD,30.0,True,Williams,0 days 02:03:50.387000,,1,16.0,,,False,True
0 days 02:06:23.065000,SAR,2,0 days 00:01:16.279000,53.0,2.0,,,0 days 00:00:25.921000,0 days 00:00:27.701000,0 days 00:00:22.657000,0 days 02:05:32.765000,0 days 02:06:00.466000,0 days 02:06:23.123000,289.0,266.0,306.0,313.0,False,HARD,31.0,True,Williams,0 days 02:05:06.786000,,1,16.0,,,False,True
0 days 02:07:39.682000,SAR,2,0 days 00:01:16.617000,54.0,2.0,,,0 days 00:00:25.851000,0 days 00:00:27.906000,0 days 00:00:22.860000,0 days 02:06:48.974000,0 days 02:07:16.880000,0 days 02:07:39.740000,286.0,265.0,305.0,309.0,False,HARD,32.0,True,Williams,0 days 02:06:23.065000,,1,16.0,,,False,True
0 days 02:08:57.282000,SAR,2,0 days 00:01:17.600000,55.0,2.0,,,0 days 00:00:25.714000,0 days 00:00:28.676000,0 days 00:00:23.210000,0 days 02:08:05.454000,0 days 02:08:34.130000,0 days 02:08:57.340000,287.0,245.0,320.0,306.0,False,HARD,33.0,True,Williams,0 days 02:07:39.682000,,1,15.0,,,False,True
0 days 02:10:13.596000,SAR,2,0 days 00:01:16.314000,56.0,2.0,,,0 days 00:00:25.604000,0 days 00:00:28.011000,0 days 00:00:22.699000,0 days 02:09:22.944000,0 days 02:09:50.955000,0 days 02:10:13.654000,291.0,267.0,306.0,318.0,False,HARD,34.0,True,Williams,0 days 02:08:57.282000,,1,15.0,,,False,True
0 days 02:11:30.082000,SAR,2,0 days 00:01:16.486000,57.0,2.0,,,0 days 00:00:25.785000,0 days 00:00:28.012000,0 days 00:00:22.689000,0 days 02:10:39.439000,0 days 02:11:07.451000,0 days 02:11:30.140000,288.0,266.0,306.0,312.0,False,HARD,35.0,True,Williams,0 days 02:10:13.596000,,1,15.0,,,False,True
0 days 02:12:48.754000,SAR,2,0 days 00:01:18.672000,58.0,2.0,,,0 days 00:00:25.914000,0 days 00:00:28.515000,0 days 00:00:24.243000,0 days 02:11:56.054000,0 days 02:12:24.569000,0 days 02:12:48.812000,288.0,243.0,322.0,309.0,False,HARD,36.0,True,Williams,0 days 02:11:30.082000,,1,16.0,,,False,True
0 days 02:14:05.594000,SAR,2,0 days 00:01:16.840000,59.0,2.0,,,0 days 00:00:25.938000,0 days 00:00:28.130000,0 days 00:00:22.772000,0 days 02:13:14.750000,0 days 02:13:42.880000,0 days 02:14:05.652000,291.0,268.0,306.0,327.0,False,HARD,37.0,True,Williams,0 days 02:12:48.754000,,1,16.0,,,False,True
0 days 02:15:22.188000,SAR,2,0 days 00:01:16.594000,60.0,2.0,,,0 days 00:00:25.874000,0 days 00:00:28.016000,0 days 00:00:22.704000,0 days 02:14:31.526000,0 days 02:14:59.542000,0 days 02:15:22.246000,290.0,267.0,304.0,313.0,False,HARD,38.0,True,Williams,0 days 02:14:05.594000,,1,16.0,,,False,True
0 days 02:16:38.978000,SAR,2,0 days 00:01:16.790000,61.0,2.0,,,0 days 00:00:25.961000,0 days 00:00:27.980000,0 days 00:00:22.849000,0 days 02:15:48.207000,0 days 02:16:16.187000,0 days 02:16:39.036000,288.0,267.0,304.0,306.0,False,HARD,39.0,True,Williams,0 days 02:15:22.188000,,1,16.0,,,False,True
0 days 02:17:56.198000,SAR,2,0 days 00:01:17.220000,62.0,2.0,,,0 days 00:00:25.861000,0 days 00:00:28.165000,0 days 00:00:23.194000,0 days 02:17:04.897000,0 days 02:17:33.062000,0 days 02:17:56.256000,288.0,266.0,286.0,312.0,False,HARD,40.0,True,Williams,0 days 02:16:38.978000,,1,16.0,,,False,True
0 days 02:19:14.025000,SAR,2,0 days 00:01:17.827000,63.0,2.0,,,0 days 00:00:26.281000,0 days 00:00:28.493000,0 days 00:00:23.053000,0 days 02:18:22.537000,0 days 02:18:51.030000,0 days 02:19:14.083000,293.0,264.0,320.0,288.0,False,HARD,41.0,True,Williams,0 days 02:17:56.198000,,1,16.0,,,False,True
0 days 02:20:30.459000,SAR,2,0 days 00:01:16.434000,64.0,2.0,,,0 days 00:00:25.669000,0 days 00:00:28.155000,0 days 00:00:22.610000,0 days 02:19:39.752000,0 days 02:20:07.907000,0 days 02:20:30.517000,290.0,266.0,307.0,317.0,False,HARD,42.0,True,Williams,0 days 02:19:14.025000,,1,16.0,,,False,True
0 days 02:21:46.877000,SAR,2,0 days 00:01:16.418000,65.0,2.0,,,0 days 00:00:25.747000,0 days 00:00:28.069000,0 days 00:00:22.602000,0 days 02:20:56.264000,0 days 02:21:24.333000,0 days 02:21:46.935000,289.0,267.0,306.0,312.0,False,HARD,43.0,True,Williams,0 days 02:20:30.459000,,1,16.0,,,False,True
0 days 02:23:03.345000,SAR,2,0 days 00:01:16.468000,66.0,2.0,,,0 days 00:00:25.621000,0 days 00:00:28.065000,0 days 00:00:22.782000,0 days 02:22:12.556000,0 days 02:22:40.621000,0 days 02:23:03.403000,287.0,266.0,306.0,314.0,False,HARD,44.0,True,Williams,0 days 02:21:46.877000,,1,16.0,,,False,True
0 days 02:24:19.507000,SAR,2,0 days 00:01:16.162000,67.0,2.0,,,0 days 00:00:25.608000,0 days 00:00:27.966000,0 days 00:00:22.588000,0 days 02:23:29.011000,0 days 02:23:56.977000,0 days 02:24:19.565000,289.0,266.0,306.0,314.0,False,HARD,45.0,True,Williams,0 days 02:23:03.345000,,1,16.0,,,False,True
0 days 02:25:35.878000,SAR,2,0 days 00:01:16.371000,68.0,2.0,,,0 days 00:00:25.712000,0 days 00:00:28.087000,0 days 00:00:22.572000,0 days 02:24:45.277000,0 days 02:25:13.364000,0 days 02:25:35.936000,288.0,266.0,305.0,314.0,False,HARD,46.0,True,Williams,0 days 02:24:19.507000,,1,16.0,,,False,True
0 days 02:26:52.880000,SAR,2,0 days 00:01:17.002000,69.0,2.0,,,0 days 00:00:25.784000,0 days 00:00:28.093000,0 days 00:00:23.125000,0 days 02:26:01.720000,0 days 02:26:29.813000,0 days 02:26:52.938000,292.0,265.0,306.0,306.0,False,HARD,47.0,True,Williams,0 days 02:25:35.878000,,1,16.0,,,False,True
0 days 02:28:09.586000,SAR,2,0 days 00:01:16.706000,70.0,2.0,,,0 days 00:00:25.890000,0 days 00:00:28.077000,0 days 00:00:22.739000,0 days 02:27:18.828000,0 days 02:27:46.905000,0 days 02:28:09.644000,284.0,267.0,305.0,314.0,False,HARD,48.0,True,Williams,0 days 02:26:52.880000,,1,16.0,,,False,True
0 days 02:29:25.786000,SAR,2,0 days 00:01:16.200000,71.0,2.0,,,0 days 00:00:25.537000,0 days 00:00:28.011000,0 days 00:00:22.652000,0 days 02:28:35.181000,0 days 02:29:03.192000,0 days 02:29:25.844000,289.0,267.0,307.0,313.0,False,HARD,49.0,True,Williams,0 days 02:28:09.586000,,1,16.0,,,False,True
0 days 00:59:02.606000,TSU,22,0 days 00:01:26.878000,1.0,1.0,,,,0 days 00:00:28.736000,0 days 00:00:24.453000,,0 days 00:58:38.367000,0 days 00:59:02.706000,280.0,269.0,301.0,221.0,False,SOFT,1.0,True,RB,0 days 00:57:35.434000,,1,12.0,,,False,False
0 days 01:00:21.387000,TSU,22,0 days 00:01:18.781000,2.0,1.0,,,0 days 00:00:26.864000,0 days 00:00:27.818000,0 days 00:00:24.099000,0 days 00:59:29.522000,0 days 00:59:57.340000,0 days 01:00:21.439000,284.0,277.0,316.0,288.0,True,SOFT,2.0,True,RB,0 days 00:59:02.606000,,1,13.0,,,False,True
0 days 01:01:38.596000,TSU,22,0 days 00:01:17.209000,3.0,1.0,,,0 days 00:00:26.687000,0 days 00:00:27.581000,0 days 00:00:22.941000,0 days 01:00:48.126000,0 days 01:01:15.707000,0 days 01:01:38.648000,283.0,272.0,315.0,295.0,True,SOFT,3.0,True,RB,0 days 01:00:21.387000,,1,13.0,,,False,True
0 days 01:02:55.553000,TSU,22,0 days 00:01:16.957000,4.0,1.0,,,0 days 00:00:26.277000,0 days 00:00:27.698000,0 days 00:00:22.982000,0 days 01:02:04.925000,0 days 01:02:32.623000,0 days 01:02:55.605000,284.0,272.0,315.0,306.0,True,SOFT,4.0,True,RB,0 days 01:01:38.596000,,1,13.0,,,False,True
0 days 01:04:12.104000,TSU,22,0 days 00:01:16.551000,5.0,1.0,,,0 days 00:00:26.142000,0 days 00:00:27.532000,0 days 00:00:22.877000,0 days 01:03:21.747000,0 days 01:03:49.279000,0 days 01:04:12.156000,283.0,271.0,317.0,299.0,True,SOFT,5.0,True,RB,0 days 01:02:55.553000,,1,13.0,,,False,True
0 days 01:05:29.324000,TSU,22,0 days 00:01:17.220000,6.0,1.0,,,0 days 00:00:26.365000,0 days 00:00:27.807000,0 days 00:00:23.048000,0 days 01:04:38.521000,0 days 01:05:06.328000,0 days 01:05:29.376000,283.0,263.0,302.0,303.0,False,SOFT,6.0,True,RB,0 days 01:04:12.104000,,1,13.0,,,False,True
0 days 01:06:46.591000,TSU,22,0 days 00:01:17.267000,7.0,1.0,,,0 days 00:00:26.259000,0 days 00:00:27.892000,0 days 00:00:23.116000,0 days 01:05:55.635000,0 days 01:06:23.527000,0 days 01:06:46.643000,282.0,263.0,300.0,305.0,False,SOFT,7.0,True,RB,0 days 01:05:29.324000,,1,13.0,,,False,True
0 days 01:08:03.672000,TSU,22,0 days 00:01:17.081000,8.0,1.0,,,0 days 00:00:26.228000,0 days 00:00:27.802000,0 days 00:00:23.051000,0 days 01:07:12.871000,0 days 01:07:40.673000,0 days 01:08:03.724000,283.0,263.0,300.0,304.0,False,SOFT,8.0,True,RB,0 days 01:06:46.591000,,1,13.0,,,False,True
0 days 01:09:21.199000,TSU,22,0 days 00:01:17.527000,9.0,1.0,,,0 days 00:00:26.308000,0 days 00:00:28.077000,0 days 00:00:23.142000,0 days 01:08:30.032000,0 days 01:08:58.109000,0 days 01:09:21.251000,284.0,261.0,301.0,304.0,False,SOFT,9.0,True,RB,0 days 01:08:03.672000,,1,13.0,,,False,True
0 days 01:10:38.571000,TSU,22,0 days 00:01:17.372000,10.0,1.0,,,0 days 00:00:26.282000,0 days 00:00:28.019000,0 days 00:00:23.071000,0 days 01:09:47.533000,0 days 01:10:15.552000,0 days 01:10:38.623000,283.0,263.0,302.0,305.0,False,SOFT,10.0,True,RB,0 days 01:09:21.199000,,1,13.0,,,False,True
0 days 01:11:55.892000,TSU,22,0 days 00:01:17.321000,11.0,1.0,,,0 days 00:00:26.282000,0 days 00:00:27.915000,0 days 00:00:23.124000,,0 days 01:11:32.820000,0 days 01:11:55.944000,283.0,275.0,317.0,303.0,False,SOFT,11.0,True,RB,0 days 01:10:38.571000,,1,13.0,,,False,True
0 days 01:13:13.519000,TSU,22,0 days 00:01:17.627000,12.0,1.0,,,0 days 00:00:26.503000,0 days 00:00:28.215000,0 days 00:00:22.909000,0 days 01:12:22.447000,0 days 01:12:50.662000,0 days 01:13:13.571000,282.0,264.0,317.0,311.0,False,SOFT,12.0,True,RB,0 days 01:11:55.892000,,1,13.0,,,False,True
0 days 01:14:31.328000,TSU,22,0 days 00:01:17.809000,13.0,1.0,,,0 days 00:00:26.541000,0 days 00:00:28.133000,0 days 00:00:23.135000,0 days 01:13:40.112000,0 days 01:14:08.245000,0 days 01:14:31.380000,284.0,265.0,316.0,306.0,False,SOFT,13.0,True,RB,0 days 01:13:13.519000,,1,13.0,,,False,True
0 days 01:15:52.510000,TSU,22,0 days 00:01:21.182000,14.0,1.0,,0 days 01:15:50.912000,0 days 00:00:26.306000,0 days 00:00:28.286000,0 days 00:00:26.590000,0 days 01:14:57.686000,0 days 01:15:25.972000,0 days 01:15:52.562000,283.0,272.0,,314.0,False,SOFT,14.0,True,RB,0 days 01:14:31.328000,,1,13.0,,,False,False
0 days 01:17:28.371000,TSU,22,0 days 00:01:35.861000,15.0,2.0,0 days 01:16:12.104000,,0 days 00:00:45.696000,0 days 00:00:27.299000,0 days 00:00:22.866000,0 days 01:16:38.258000,0 days 01:17:05.557000,0 days 01:17:28.423000,282.0,262.0,297.0,314.0,False,MEDIUM,1.0,True,RB,0 days 01:15:52.510000,,1,19.0,,,False,False
0 days 01:18:43.923000,TSU,22,0 days 00:01:15.552000,16.0,2.0,,,0 days 00:00:25.788000,0 days 00:00:26.992000,0 days 00:00:22.772000,0 days 01:17:54.211000,0 days 01:18:21.203000,0 days 01:18:43.975000,282.0,262.0,298.0,302.0,True,MEDIUM,2.0,True,RB,0 days 01:17:28.371000,,1,18.0,,,False,True
0 days 01:19:59.653000,TSU,22,0 days 00:01:15.730000,17.0,2.0,,,0 days 00:00:25.858000,0 days 00:00:27.258000,0 days 00:00:22.614000,0 days 01:19:09.833000,0 days 01:19:37.091000,0 days 01:19:59.705000,283.0,273.0,316.0,303.0,False,MEDIUM,3.0,True,RB,0 days 01:18:43.923000,,1,18.0,,,False,True
0 days 01:21:15.915000,TSU,22,0 days 00:01:16.262000,18.0,2.0,,,0 days 00:00:25.987000,0 days 00:00:27.413000,0 days 00:00:22.862000,0 days 01:20:25.692000,0 days 01:20:53.105000,0 days 01:21:15.967000,283.0,273.0,319.0,304.0,False,MEDIUM,4.0,True,RB,0 days 01:19:59.653000,,1,17.0,,,False,True
0 days 01:22:32.206000,TSU,22,0 days 00:01:16.291000,19.0,2.0,,,0 days 00:00:25.906000,0 days 00:00:27.483000,0 days 00:00:22.902000,0 days 01:21:41.873000,0 days 01:22:09.356000,0 days 01:22:32.258000,283.0,263.0,299.0,306.0,False,MEDIUM,5.0,True,RB,0 days 01:21:15.915000,,1,17.0,,,False,True
0 days 01:23:48.542000,TSU,22,0 days 00:01:16.336000,20.0,2.0,,,0 days 00:00:25.985000,0 days 00:00:27.485000,0 days 00:00:22.866000,0 days 01:22:58.243000,0 days 01:23:25.728000,0 days 01:23:48.594000,283.0,261.0,300.0,300.0,False,MEDIUM,6.0,True,RB,0 days 01:22:32.206000,,1,17.0,,,False,True
0 days 01:25:04.949000,TSU,22,0 days 00:01:16.407000,21.0,2.0,,,0 days 00:00:26.007000,0 days 00:00:27.571000,0 days 00:00:22.829000,0 days 01:24:14.601000,0 days 01:24:42.172000,0 days 01:25:05.001000,286.0,262.0,301.0,302.0,False,MEDIUM,7.0,True,RB,0 days 01:23:48.542000,,1,17.0,,,False,True
0 days 01:26:22.272000,TSU,22,0 days 00:01:17.323000,22.0,2.0,,,0 days 00:00:26.099000,0 days 00:00:27.888000,0 days 00:00:23.336000,0 days 01:25:31.100000,0 days 01:25:58.988000,0 days 01:26:22.324000,287.0,275.0,300.0,303.0,False,MEDIUM,8.0,True,RB,0 days 01:25:04.949000,,1,16.0,,,False,True
0 days 01:27:39.161000,TSU,22,0 days 00:01:16.889000,23.0,2.0,,,0 days 00:00:26.171000,0 days 00:00:27.813000,0 days 00:00:22.905000,0 days 01:26:48.495000,0 days 01:27:16.308000,0 days 01:27:39.213000,283.0,261.0,299.0,301.0,False,MEDIUM,9.0,True,RB,0 days 01:26:22.272000,,1,16.0,,,False,True
0 days 01:28:55.935000,TSU,22,0 days 00:01:16.774000,24.0,2.0,,,0 days 00:00:26.171000,0 days 00:00:27.581000,0 days 00:00:23.022000,,0 days 01:28:32.965000,0 days 01:28:55.987000,283.0,261.0,298.0,301.0,False,MEDIUM,10.0,True,RB,0 days 01:27:39.161000,,1,15.0,,,False,True
0 days 01:30:13.813000,TSU,22,0 days 00:01:17.878000,25.0,2.0,,,0 days 00:00:26.649000,0 days 00:00:28.091000,0 days 00:00:23.138000,0 days 01:29:22.636000,0 days 01:29:50.727000,0 days 01:30:13.865000,285.0,261.0,299.0,289.0,False,MEDIUM,11.0,True,RB,0 days 01:28:55.935000,,1,16.0,,,False,True
0 days 01:31:30.629000,TSU,22,0 days 00:01:16.816000,26.0,2.0,,,0 days 00:00:26.116000,0 days 00:00:27.623000,0 days 00:00:23.077000,0 days 01:30:39.981000,0 days 01:31:07.604000,0 days 01:31:30.681000,285.0,261.0,300.0,302.0,False,MEDIUM,12.0,True,RB,0 days 01:30:13.813000,,1,16.0,,,False,True
0 days 01:32:47.802000,TSU,22,0 days 00:01:17.173000,27.0,2.0,,,0 days 00:00:26.117000,0 days 00:00:27.856000,0 days 00:00:23.200000,0 days 01:31:56.798000,0 days 01:32:24.654000,0 days 01:32:47.854000,286.0,262.0,298.0,301.0,False,MEDIUM,13.0,True,RB,0 days 01:31:30.629000,,1,16.0,,,False,True
0 days 01:34:05.155000,TSU,22,0 days 00:01:17.353000,28.0,2.0,,,0 days 00:00:26.241000,0 days 00:00:27.987000,0 days 00:00:23.125000,0 days 01:33:14.095000,0 days 01:33:42.082000,0 days 01:34:05.207000,284.0,261.0,299.0,301.0,False,MEDIUM,14.0,True,RB,0 days 01:32:47.802000,,1,16.0,,,False,True
0 days 01:35:22.011000,TSU,22,0 days 00:01:16.856000,29.0,2.0,,,0 days 00:00:26.195000,0 days 00:00:27.934000,0 days 00:00:22.727000,0 days 01:34:31.402000,0 days 01:34:59.336000,0 days 01:35:22.063000,285.0,263.0,317.0,300.0,False,MEDIUM,15.0,True,RB,0 days 01:34:05.155000,,1,16.0,,,False,True
0 days 01:36:39.425000,TSU,22,0 days 00:01:17.414000,30.0,2.0,,,0 days 00:00:26.441000,0 days 00:00:28.077000,0 days 00:00:22.896000,0 days 01:35:48.504000,0 days 01:36:16.581000,0 days 01:36:39.477000,285.0,273.0,313.0,282.0,False,MEDIUM,16.0,True,RB,0 days 01:35:22.011000,,1,14.0,,,False,True
0 days 01:37:56.411000,TSU,22,0 days 00:01:16.986000,31.0,2.0,,,0 days 00:00:26.077000,0 days 00:00:27.968000,0 days 00:00:22.941000,0 days 01:37:05.554000,0 days 01:37:33.522000,0 days 01:37:56.463000,284.0,261.0,298.0,315.0,False,MEDIUM,17.0,True,RB,0 days 01:36:39.425000,,1,13.0,,,False,True
0 days 01:39:16.140000,TSU,22,0 days 00:01:19.729000,32.0,2.0,,0 days 01:39:14.656000,0 days 00:00:26.065000,0 days 00:00:27.602000,0 days 00:00:26.062000,0 days 01:38:22.528000,0 days 01:38:50.130000,0 days 01:39:16.192000,283.0,262.0,,298.0,False,MEDIUM,18.0,True,RB,0 days 01:37:56.411000,,1,13.0,,,False,False
0 days 01:40:52.162000,TSU,22,0 days 00:01:36.022000,33.0,3.0,0 days 01:39:35.572000,,0 days 00:00:45.510000,0 days 00:00:27.664000,0 days 00:00:22.848000,0 days 01:40:01.702000,0 days 01:40:29.366000,0 days 01:40:52.214000,284.0,264.0,299.0,298.0,False,HARD,1.0,True,RB,0 days 01:39:16.140000,,1,19.0,,,False,False
0 days 01:42:08.053000,TSU,22,0 days 00:01:15.891000,34.0,3.0,,,0 days 00:00:25.939000,0 days 00:00:27.295000,0 days 00:00:22.657000,0 days 01:41:18.153000,0 days 01:41:45.448000,0 days 01:42:08.105000,284.0,263.0,299.0,299.0,False,HARD,2.0,True,RB,0 days 01:40:52.162000,,1,19.0,,,False,True
0 days 01:43:23.614000,TSU,22,0 days 00:01:15.561000,35.0,3.0,,,0 days 00:00:25.905000,0 days 00:00:27.116000,0 days 00:00:22.540000,0 days 01:42:34.010000,0 days 01:43:01.126000,0 days 01:43:23.666000,285.0,264.0,300.0,303.0,False,HARD,3.0,True,RB,0 days 01:42:08.053000,,1,19.0,,,False,True
0 days 01:44:39.204000,TSU,22,0 days 00:01:15.590000,36.0,3.0,,,0 days 00:00:25.741000,0 days 00:00:27.212000,0 days 00:00:22.637000,0 days 01:43:49.407000,0 days 01:44:16.619000,0 days 01:44:39.256000,284.0,264.0,301.0,303.0,False,HARD,4.0,True,RB,0 days 01:43:23.614000,,1,19.0,,,False,True
0 days 01:45:54.878000,TSU,22,0 days 00:01:15.674000,37.0,3.0,,,0 days 00:00:25.816000,0 days 00:00:27.179000,0 days 00:00:22.679000,0 days 01:45:05.072000,0 days 01:45:32.251000,0 days 01:45:54.930000,285.0,264.0,300.0,301.0,False,HARD,5.0,True,RB,0 days 01:44:39.204000,,1,19.0,,,False,True
0 days 01:47:10.911000,TSU,22,0 days 00:01:16.033000,38.0,3.0,,,0 days 00:00:25.926000,0 days 00:00:27.388000,0 days 00:00:22.719000,0 days 01:46:20.856000,0 days 01:46:48.244000,0 days 01:47:10.963000,285.0,263.0,300.0,299.0,False,HARD,6.0,True,RB,0 days 01:45:54.878000,,1,19.0,,,False,True
0 days 01:48:26.909000,TSU,22,0 days 00:01:15.998000,39.0,3.0,,,0 days 00:00:26.016000,0 days 00:00:27.265000,0 days 00:00:22.717000,0 days 01:47:36.979000,0 days 01:48:04.244000,0 days 01:48:26.961000,284.0,262.0,300.0,301.0,False,HARD,7.0,True,RB,0 days 01:47:10.911000,,1,19.0,,,False,True
0 days 01:49:43.017000,TSU,22,0 days 00:01:16.108000,40.0,3.0,,,0 days 00:00:25.881000,0 days 00:00:27.444000,0 days 00:00:22.783000,0 days 01:48:52.842000,0 days 01:49:20.286000,0 days 01:49:43.069000,285.0,263.0,302.0,304.0,False,HARD,8.0,True,RB,0 days 01:48:26.909000,,1,19.0,,,False,True
0 days 01:51:01.009000,TSU,22,0 days 00:01:17.992000,41.0,3.0,,,0 days 00:00:27.080000,0 days 00:00:28.039000,0 days 00:00:22.873000,0 days 01:50:10.149000,0 days 01:50:38.188000,0 days 01:51:01.061000,284.0,264.0,304.0,303.0,False,HARD,9.0,True,RB,0 days 01:49:43.017000,,1,18.0,,,False,True
0 days 01:52:17.921000,TSU,22,0 days 00:01:16.912000,42.0,3.0,,,0 days 00:00:26.035000,0 days 00:00:27.823000,0 days 00:00:23.054000,0 days 01:51:27.096000,0 days 01:51:54.919000,0 days 01:52:17.973000,288.0,270.0,322.0,302.0,False,HARD,10.0,True,RB,0 days 01:51:01.009000,,1,18.0,,,False,True
0 days 01:53:35.475000,TSU,22,0 days 00:01:17.554000,43.0,3.0,,,0 days 00:00:26.246000,0 days 00:00:28.370000,0 days 00:00:22.938000,0 days 01:52:44.219000,0 days 01:53:12.589000,0 days 01:53:35.527000,294.0,275.0,322.0,296.0,False,HARD,11.0,True,RB,0 days 01:52:17.921000,,1,17.0,,,False,True
0 days 01:54:51.856000,TSU,22,0 days 00:01:16.381000,44.0,3.0,,,0 days 00:00:25.954000,0 days 00:00:27.690000,0 days 00:00:22.737000,0 days 01:54:01.481000,0 days 01:54:29.171000,0 days 01:54:51.908000,286.0,275.0,319.0,304.0,False,HARD,12.0,True,RB,0 days 01:53:35.475000,,1,17.0,,,False,True
0 days 01:56:08.426000,TSU,22,0 days 00:01:16.570000,45.0,3.0,,,0 days 00:00:26.279000,0 days 00:00:27.523000,0 days 00:00:22.768000,0 days 01:55:18.187000,0 days 01:55:45.710000,0 days 01:56:08.478000,287.0,275.0,318.0,273.0,False,HARD,13.0,True,RB,0 days 01:54:51.856000,,1,17.0,,,False,True
0 days 01:57:26.817000,TSU,22,0 days 00:01:18.391000,46.0,3.0,,,0 days 00:00:26.289000,0 days 00:00:28.897000,0 days 00:00:23.205000,0 days 01:56:34.767000,0 days 01:57:03.664000,0 days 01:57:26.869000,288.0,272.0,324.0,291.0,False,HARD,14.0,True,RB,0 days 01:56:08.426000,,1,17.0,,,False,True
0 days 01:58:44.069000,TSU,22,0 days 00:01:17.252000,47.0,3.0,,,0 days 00:00:26.593000,0 days 00:00:27.655000,0 days 00:00:23.004000,0 days 01:57:53.462000,0 days 01:58:21.117000,0 days 01:58:44.121000,289.0,276.0,317.0,315.0,False,HARD,15.0,True,RB,0 days 01:57:26.817000,,1,17.0,,,False,True
0 days 02:00:00.141000,TSU,22,0 days 00:01:16.072000,48.0,3.0,,,0 days 00:00:25.935000,0 days 00:00:27.458000,0 days 00:00:22.679000,0 days 01:59:10.056000,0 days 01:59:37.514000,0 days 02:00:00.193000,290.0,274.0,318.0,309.0,False,HARD,16.0,True,RB,0 days 01:58:44.069000,,1,17.0,,,False,True
0 days 02:01:16.271000,TSU,22,0 days 00:01:16.130000,49.0,3.0,,,0 days 00:00:26.033000,0 days 00:00:27.404000,0 days 00:00:22.693000,0 days 02:00:26.226000,0 days 02:00:53.630000,0 days 02:01:16.323000,286.0,276.0,317.0,299.0,False,HARD,17.0,True,RB,0 days 02:00:00.141000,,1,17.0,,,False,True
0 days 02:02:34.563000,TSU,22,0 days 00:01:18.292000,50.0,3.0,,,0 days 00:00:27.919000,0 days 00:00:27.493000,0 days 00:00:22.880000,0 days 02:01:44.242000,0 days 02:02:11.735000,0 days 02:02:34.615000,288.0,277.0,324.0,293.0,False,HARD,18.0,True,RB,0 days 02:01:16.271000,,1,17.0,,,False,True
0 days 02:03:50.746000,TSU,22,0 days 00:01:16.183000,51.0,3.0,,,0 days 00:00:26.011000,0 days 00:00:27.546000,0 days 00:00:22.626000,0 days 02:03:00.626000,0 days 02:03:28.172000,0 days 02:03:50.798000,287.0,275.0,320.0,309.0,False,HARD,19.0,True,RB,0 days 02:02:34.563000,,1,17.0,,,False,True
0 days 02:05:07.104000,TSU,22,0 days 00:01:16.358000,52.0,3.0,,,0 days 00:00:26.108000,0 days 00:00:27.516000,0 days 00:00:22.734000,0 days 02:04:16.906000,0 days 02:04:44.422000,0 days 02:05:07.156000,288.0,278.0,320.0,295.0,False,HARD,20.0,True,RB,0 days 02:03:50.746000,,1,17.0,,,False,True
0 days 02:06:23.583000,TSU,22,0 days 00:01:16.479000,53.0,3.0,,,0 days 00:00:26.078000,0 days 00:00:27.628000,0 days 00:00:22.773000,0 days 02:05:33.234000,0 days 02:06:00.862000,0 days 02:06:23.635000,288.0,275.0,318.0,289.0,False,HARD,21.0,True,RB,0 days 02:05:07.104000,,1,17.0,,,False,True
0 days 02:07:40.084000,TSU,22,0 days 00:01:16.501000,54.0,3.0,,,0 days 00:00:25.858000,0 days 00:00:27.768000,0 days 00:00:22.875000,0 days 02:06:49.493000,0 days 02:07:17.261000,0 days 02:07:40.136000,288.0,275.0,317.0,303.0,False,HARD,22.0,True,RB,0 days 02:06:23.583000,,1,17.0,,,False,True
0 days 02:08:57.880000,TSU,22,0 days 00:01:17.796000,55.0,3.0,,,0 days 00:00:26.940000,0 days 00:00:28.041000,0 days 00:00:22.815000,0 days 02:08:07.076000,0 days 02:08:35.117000,0 days 02:08:57.932000,277.0,265.0,320.0,302.0,False,HARD,23.0,True,RB,0 days 02:07:40.084000,,1,16.0,,,False,True
0 days 02:10:14.123000,TSU,22,0 days 00:01:16.243000,56.0,3.0,,,0 days 00:00:25.925000,0 days 00:00:27.586000,0 days 00:00:22.732000,0 days 02:09:23.857000,0 days 02:09:51.443000,0 days 02:10:14.175000,288.0,275.0,317.0,315.0,False,HARD,24.0,True,RB,0 days 02:08:57.880000,,1,16.0,,,False,True
0 days 02:11:31.963000,TSU,22,0 days 00:01:17.840000,57.0,3.0,,,0 days 00:00:26.026000,0 days 00:00:28.573000,0 days 00:00:23.241000,0 days 02:10:40.201000,0 days 02:11:08.774000,0 days 02:11:32.015000,288.0,221.0,318.0,290.0,False,HARD,25.0,True,RB,0 days 02:10:14.123000,,1,16.0,,,False,True
0 days 02:12:48.876000,TSU,22,0 days 00:01:16.913000,58.0,3.0,,,0 days 00:00:26.525000,0 days 00:00:27.641000,0 days 00:00:22.747000,0 days 02:11:58.540000,0 days 02:12:26.181000,0 days 02:12:48.928000,287.0,270.0,330.0,292.0,False,HARD,26.0,True,RB,0 days 02:11:31.963000,,1,17.0,,,False,True
0 days 02:14:05.865000,TSU,22,0 days 00:01:16.989000,59.0,3.0,,,0 days 00:00:26.371000,0 days 00:00:27.764000,0 days 00:00:22.854000,0 days 02:13:15.299000,0 days 02:13:43.063000,0 days 02:14:05.917000,289.0,278.0,319.0,305.0,False,HARD,27.0,True,RB,0 days 02:12:48.876000,,1,17.0,,,False,True
0 days 02:15:22.670000,TSU,22,0 days 00:01:16.805000,60.0,3.0,,,0 days 00:00:26.076000,0 days 00:00:27.780000,0 days 00:00:22.949000,0 days 02:14:31.993000,0 days 02:14:59.773000,0 days 02:15:22.722000,290.0,277.0,318.0,281.0,False,HARD,28.0,True,RB,0 days 02:14:05.865000,,1,17.0,,,False,True
0 days 02:16:39.280000,TSU,22,0 days 00:01:16.610000,61.0,3.0,,,0 days 00:00:26.158000,0 days 00:00:27.559000,0 days 00:00:22.893000,0 days 02:15:48.880000,0 days 02:16:16.439000,0 days 02:16:39.332000,289.0,277.0,318.0,303.0,False,HARD,29.0,True,RB,0 days 02:15:22.670000,,1,17.0,,,False,True
0 days 02:17:57.053000,TSU,22,0 days 00:01:17.773000,62.0,3.0,,,0 days 00:00:26.170000,0 days 00:00:28.518000,0 days 00:00:23.085000,0 days 02:17:05.502000,0 days 02:17:34.020000,0 days 02:17:57.105000,288.0,254.0,317.0,290.0,False,HARD,30.0,True,RB,0 days 02:16:39.280000,,1,17.0,,,False,True
0 days 02:19:14.628000,TSU,22,0 days 00:01:17.575000,63.0,3.0,,,0 days 00:00:26.693000,0 days 00:00:27.993000,0 days 00:00:22.889000,0 days 02:18:23.798000,0 days 02:18:51.791000,0 days 02:19:14.680000,283.0,276.0,321.0,299.0,False,HARD,31.0,True,RB,0 days 02:17:57.053000,,1,17.0,,,False,True
0 days 02:20:30.932000,TSU,22,0 days 00:01:16.304000,64.0,3.0,,,0 days 00:00:25.804000,0 days 00:00:27.758000,0 days 00:00:22.742000,0 days 02:19:40.484000,0 days 02:20:08.242000,0 days 02:20:30.984000,287.0,276.0,320.0,300.0,False,HARD,32.0,True,RB,0 days 02:19:14.628000,,1,17.0,,,False,True
0 days 02:21:47.351000,TSU,22,0 days 00:01:16.419000,65.0,3.0,,,0 days 00:00:26.113000,0 days 00:00:27.453000,0 days 00:00:22.853000,0 days 02:20:57.097000,0 days 02:21:24.550000,0 days 02:21:47.403000,287.0,277.0,319.0,299.0,False,HARD,33.0,True,RB,0 days 02:20:30.932000,,1,17.0,,,False,True
0 days 02:23:03.763000,TSU,22,0 days 00:01:16.412000,66.0,3.0,,,0 days 00:00:25.838000,0 days 00:00:27.889000,0 days 00:00:22.685000,0 days 02:22:13.241000,0 days 02:22:41.130000,0 days 02:23:03.815000,288.0,275.0,319.0,302.0,False,HARD,34.0,True,RB,0 days 02:21:47.351000,,1,17.0,,,False,True
0 days 02:24:20.099000,TSU,22,0 days 00:01:16.336000,67.0,3.0,,,0 days 00:00:25.980000,0 days 00:00:27.746000,0 days 00:00:22.610000,0 days 02:23:29.795000,0 days 02:23:57.541000,0 days 02:24:20.151000,288.0,273.0,318.0,291.0,False,HARD,35.0,True,RB,0 days 02:23:03.763000,,1,17.0,,,False,True
0 days 02:25:36.291000,TSU,22,0 days 00:01:16.192000,68.0,3.0,,,0 days 00:00:25.801000,0 days 00:00:27.764000,0 days 00:00:22.627000,0 days 02:24:45.952000,0 days 02:25:13.716000,0 days 02:25:36.343000,288.0,276.0,317.0,306.0,False,HARD,36.0,True,RB,0 days 02:24:20.099000,,1,17.0,,,False,True
0 days 02:26:53.100000,TSU,22,0 days 00:01:16.809000,69.0,3.0,,,0 days 00:00:25.893000,0 days 00:00:27.670000,0 days 00:00:23.246000,0 days 02:26:02.236000,0 days 02:26:29.906000,0 days 02:26:53.152000,290.0,277.0,319.0,298.0,False,HARD,37.0,True,RB,0 days 02:25:36.291000,,1,17.0,,,False,True
0 days 02:28:10.003000,TSU,22,0 days 00:01:16.903000,70.0,3.0,,,0 days 00:00:26.375000,0 days 00:00:27.646000,0 days 00:00:22.882000,0 days 02:27:19.527000,0 days 02:27:47.173000,0 days 02:28:10.055000,288.0,277.0,318.0,284.0,False,HARD,38.0,True,RB,0 days 02:26:53.100000,,1,17.0,,,False,True
0 days 02:29:26.393000,TSU,22,0 days 00:01:16.390000,71.0,3.0,,,0 days 00:00:25.955000,0 days 00:00:27.633000,0 days 00:00:22.802000,0 days 02:28:36.010000,0 days 02:29:03.643000,0 days 02:29:26.445000,288.0,276.0,317.0,301.0,False,HARD,39.0,True,RB,0 days 02:28:10.003000,,1,17.0,,,False,True
0 days 00:59:06.500000,MAG,20,0 days 00:01:30.772000,1.0,1.0,0 days 00:57:47.626000,,,0 days 00:00:27.238000,0 days 00:00:23.450000,,0 days 00:58:43.127000,0 days 00:59:06.609000,284.0,267.0,302.0,,False,HARD,1.0,True,Haas F1 Team,0 days 00:57:35.434000,,1,20.0,,,False,False
0 days 01:00:23.987000,MAG,20,0 days 00:01:17.487000,2.0,1.0,,,0 days 00:00:26.639000,0 days 00:00:27.562000,0 days 00:00:23.286000,0 days 00:59:33.169000,0 days 01:00:00.731000,0 days 01:00:24.017000,288.0,279.0,330.0,296.0,True,HARD,2.0,True,Haas F1 Team,0 days 00:59:06.500000,,1,19.0,,,False,True
0 days 01:01:47.453000,MAG,20,0 days 00:01:23.466000,3.0,1.0,,,0 days 00:00:33.209000,0 days 00:00:27.256000,0 days 00:00:23.001000,0 days 01:00:57.226000,0 days 01:01:24.482000,0 days 01:01:47.483000,285.0,263.0,301.0,330.0,False,HARD,3.0,True,Haas F1 Team,0 days 01:00:23.987000,,1,20.0,,,False,True
0 days 01:03:03.816000,MAG,20,0 days 00:01:16.363000,4.0,1.0,,,0 days 00:00:26.245000,0 days 00:00:27.217000,0 days 00:00:22.901000,0 days 01:02:13.728000,0 days 01:02:40.945000,0 days 01:03:03.846000,288.0,265.0,302.0,305.0,True,HARD,4.0,True,Haas F1 Team,0 days 01:01:47.453000,,1,20.0,,,False,True
0 days 01:04:20.685000,MAG,20,0 days 00:01:16.869000,5.0,1.0,,,0 days 00:00:26.353000,0 days 00:00:27.549000,0 days 00:00:22.967000,0 days 01:03:30.199000,0 days 01:03:57.748000,0 days 01:04:20.715000,281.0,260.0,302.0,303.0,False,HARD,5.0,True,Haas F1 Team,0 days 01:03:03.816000,,1,20.0,,,False,True
0 days 01:05:37.603000,MAG,20,0 days 00:01:16.918000,6.0,1.0,,,0 days 00:00:26.184000,0 days 00:00:27.799000,0 days 00:00:22.935000,0 days 01:04:46.899000,0 days 01:05:14.698000,0 days 01:05:37.633000,287.0,274.0,320.0,304.0,False,HARD,6.0,True,Haas F1 Team,0 days 01:04:20.685000,,1,20.0,,,False,True
0 days 01:06:55.661000,MAG,20,0 days 00:01:18.058000,7.0,1.0,,,0 days 00:00:26.584000,0 days 00:00:28.261000,0 days 00:00:23.213000,0 days 01:06:04.217000,0 days 01:06:32.478000,0 days 01:06:55.691000,286.0,275.0,321.0,283.0,False,HARD,7.0,True,Haas F1 Team,0 days 01:05:37.603000,,1,20.0,,,False,True
0 days 01:08:12.808000,MAG,20,0 days 00:01:17.147000,8.0,1.0,,,0 days 00:00:26.359000,0 days 00:00:27.774000,0 days 00:00:23.014000,0 days 01:07:22.050000,0 days 01:07:49.824000,0 days 01:08:12.838000,284.0,263.0,302.0,295.0,False,HARD,8.0,True,Haas F1 Team,0 days 01:06:55.661000,,1,19.0,,,False,True
0 days 01:09:30.302000,MAG,20,0 days 00:01:17.494000,9.0,1.0,,,0 days 00:00:26.213000,0 days 00:00:28.080000,0 days 00:00:23.201000,0 days 01:08:39.051000,0 days 01:09:07.131000,0 days 01:09:30.332000,284.0,262.0,303.0,298.0,False,HARD,9.0,True,Haas F1 Team,0 days 01:08:12.808000,,1,19.0,,,False,True
0 days 01:10:47.856000,MAG,20,0 days 00:01:17.554000,10.0,1.0,,,0 days 00:00:26.238000,0 days 00:00:28.217000,0 days 00:00:23.099000,0 days 01:09:56.570000,0 days 01:10:24.787000,0 days 01:10:47.886000,287.0,263.0,304.0,303.0,False,HARD,10.0,True,Haas F1 Team,0 days 01:09:30.302000,,1,19.0,,,False,True
0 days 01:12:05.172000,MAG,20,0 days 00:01:17.316000,11.0,1.0,,,0 days 00:00:26.107000,0 days 00:00:28.055000,0 days 00:00:23.154000,0 days 01:11:13.993000,0 days 01:11:42.048000,0 days 01:12:05.202000,289.0,266.0,303.0,301.0,False,HARD,11.0,True,Haas F1 Team,0 days 01:10:47.856000,,1,19.0,,,False,True
0 days 01:13:22.831000,MAG,20,0 days 00:01:17.659000,12.0,1.0,,,0 days 00:00:26.335000,0 days 00:00:28.059000,0 days 00:00:23.265000,0 days 01:12:31.537000,0 days 01:12:59.596000,0 days 01:13:22.861000,283.0,264.0,304.0,298.0,False,HARD,12.0,True,Haas F1 Team,0 days 01:12:05.172000,,1,19.0,,,False,True
0 days 01:14:39.733000,MAG,20,0 days 00:01:16.902000,13.0,1.0,,,0 days 00:00:26.273000,0 days 00:00:27.811000,0 days 00:00:22.818000,0 days 01:13:49.134000,0 days 01:14:16.945000,0 days 01:14:39.763000,284.0,263.0,319.0,305.0,False,HARD,13.0,True,Haas F1 Team,0 days 01:13:22.831000,,1,18.0,,,False,True
0 days 01:15:56.953000,MAG,20,0 days 00:01:17.220000,14.0,1.0,,,0 days 00:00:26.230000,0 days 00:00:28.015000,0 days 00:00:22.975000,0 days 01:15:05.993000,0 days 01:15:34.008000,0 days 01:15:56.983000,289.0,274.0,319.0,303.0,False,HARD,14.0,True,Haas F1 Team,0 days 01:14:39.733000,,1,18.0,,,False,True
0 days 01:17:14.512000,MAG,20,0 days 00:01:17.559000,15.0,1.0,,,0 days 00:00:26.279000,0 days 00:00:28.228000,0 days 00:00:23.052000,0 days 01:16:23.262000,0 days 01:16:51.490000,0 days 01:17:14.542000,291.0,274.0,320.0,297.0,False,HARD,15.0,True,Haas F1 Team,0 days 01:15:56.953000,,1,15.0,,,False,True
0 days 01:18:32.100000,MAG,20,0 days 00:01:17.588000,16.0,1.0,,,0 days 00:00:26.204000,0 days 00:00:28.226000,0 days 00:00:23.158000,0 days 01:17:40.746000,0 days 01:18:08.972000,0 days 01:18:32.130000,290.0,275.0,321.0,299.0,False,HARD,16.0,True,Haas F1 Team,0 days 01:17:14.512000,,1,15.0,,,False,True
0 days 01:19:50.067000,MAG,20,0 days 00:01:17.967000,17.0,1.0,,,0 days 00:00:26.447000,0 days 00:00:28.231000,0 days 00:00:23.289000,0 days 01:18:58.577000,0 days 01:19:26.808000,0 days 01:19:50.097000,286.0,262.0,301.0,301.0,False,HARD,17.0,True,Haas F1 Team,0 days 01:18:32.100000,,1,14.0,,,False,True
0 days 01:21:07.616000,MAG,20,0 days 00:01:17.549000,18.0,1.0,,,0 days 00:00:26.246000,0 days 00:00:28.129000,0 days 00:00:23.174000,0 days 01:20:16.343000,0 days 01:20:44.472000,0 days 01:21:07.646000,283.0,263.0,303.0,300.0,False,HARD,18.0,True,Haas F1 Team,0 days 01:19:50.067000,,1,14.0,,,False,True
0 days 01:22:24.974000,MAG,20,0 days 00:01:17.358000,19.0,1.0,,,0 days 00:00:26.098000,0 days 00:00:28.140000,0 days 00:00:23.120000,0 days 01:21:33.744000,0 days 01:22:01.884000,0 days 01:22:25.004000,285.0,263.0,302.0,303.0,False,HARD,19.0,True,Haas F1 Team,0 days 01:21:07.616000,,1,14.0,,,False,True
0 days 01:23:42.246000,MAG,20,0 days 00:01:17.272000,20.0,1.0,,,0 days 00:00:26.114000,0 days 00:00:28.061000,0 days 00:00:23.097000,0 days 01:22:51.118000,0 days 01:23:19.179000,0 days 01:23:42.276000,287.0,265.0,303.0,307.0,False,HARD,20.0,True,Haas F1 Team,0 days 01:22:24.974000,,1,14.0,,,False,True
0 days 01:24:58.894000,MAG,20,0 days 00:01:16.648000,21.0,1.0,,,0 days 00:00:26.072000,0 days 00:00:27.752000,0 days 00:00:22.824000,0 days 01:24:08.348000,0 days 01:24:36.100000,0 days 01:24:58.924000,287.0,273.0,321.0,302.0,False,HARD,21.0,True,Haas F1 Team,0 days 01:23:42.246000,,1,14.0,,,False,True
0 days 01:26:16.352000,MAG,20,0 days 00:01:17.458000,22.0,1.0,,,0 days 00:00:26.237000,0 days 00:00:28.145000,0 days 00:00:23.076000,0 days 01:25:25.161000,0 days 01:25:53.306000,0 days 01:26:16.382000,285.0,262.0,301.0,307.0,False,HARD,22.0,True,Haas F1 Team,0 days 01:24:58.894000,,1,13.0,,,False,True
0 days 01:27:33.296000,MAG,20,0 days 00:01:16.944000,23.0,1.0,,,0 days 00:00:25.972000,0 days 00:00:28.035000,0 days 00:00:22.937000,0 days 01:26:42.354000,0 days 01:27:10.389000,0 days 01:27:33.326000,285.0,263.0,302.0,299.0,False,HARD,23.0,True,Haas F1 Team,0 days 01:26:16.352000,,1,13.0,,,False,True
0 days 01:28:50.287000,MAG,20,0 days 00:01:16.991000,24.0,1.0,,,0 days 00:00:26.027000,0 days 00:00:28.016000,0 days 00:00:22.948000,0 days 01:27:59.353000,0 days 01:28:27.369000,0 days 01:28:50.317000,286.0,263.0,301.0,302.0,False,HARD,24.0,True,Haas F1 Team,0 days 01:27:33.296000,,1,12.0,,,False,True
0 days 01:30:07.036000,MAG,20,0 days 00:01:16.749000,25.0,1.0,,,0 days 00:00:25.867000,0 days 00:00:27.901000,0 days 00:00:22.981000,0 days 01:29:16.184000,0 days 01:29:44.085000,0 days 01:30:07.066000,287.0,263.0,301.0,304.0,False,HARD,25.0,True,Haas F1 Team,0 days 01:28:50.287000,,1,12.0,,,False,True
0 days 01:31:23.918000,MAG,20,0 days 00:01:16.882000,26.0,1.0,,,0 days 00:00:26.019000,0 days 00:00:27.983000,0 days 00:00:22.880000,0 days 01:30:33.085000,0 days 01:31:01.068000,0 days 01:31:23.948000,287.0,262.0,302.0,303.0,False,HARD,26.0,True,Haas F1 Team,0 days 01:30:07.036000,,1,12.0,,,False,True
0 days 01:32:40.656000,MAG,20,0 days 00:01:16.738000,27.0,1.0,,,0 days 00:00:25.766000,0 days 00:00:28.155000,0 days 00:00:22.817000,0 days 01:31:49.714000,0 days 01:32:17.869000,0 days 01:32:40.686000,288.0,264.0,302.0,307.0,False,HARD,27.0,True,Haas F1 Team,0 days 01:31:23.918000,,1,12.0,,,False,True
0 days 01:33:57.738000,MAG,20,0 days 00:01:17.082000,28.0,1.0,,,0 days 00:00:25.931000,0 days 00:00:28.227000,0 days 00:00:22.924000,0 days 01:33:06.617000,0 days 01:33:34.844000,0 days 01:33:57.768000,288.0,264.0,303.0,306.0,False,HARD,28.0,True,Haas F1 Team,0 days 01:32:40.656000,,1,12.0,,,False,True
0 days 01:35:15.274000,MAG,20,0 days 00:01:17.536000,29.0,1.0,,,0 days 00:00:25.951000,0 days 00:00:28.533000,0 days 00:00:23.052000,0 days 01:34:23.719000,0 days 01:34:52.252000,0 days 01:35:15.304000,285.0,263.0,302.0,303.0,False,HARD,29.0,True,Haas F1 Team,0 days 01:33:57.738000,,1,11.0,,,False,True
0 days 01:36:32.936000,MAG,20,0 days 00:01:17.662000,30.0,1.0,,,0 days 00:00:26.484000,0 days 00:00:28.331000,0 days 00:00:22.847000,0 days 01:35:41.788000,0 days 01:36:10.119000,0 days 01:36:32.966000,287.0,264.0,303.0,279.0,False,HARD,30.0,True,Haas F1 Team,0 days 01:35:15.274000,,1,12.0,,,False,True
0 days 01:37:50.127000,MAG,20,0 days 00:01:17.191000,31.0,1.0,,,0 days 00:00:25.936000,0 days 00:00:28.234000,0 days 00:00:23.021000,0 days 01:36:58.902000,0 days 01:37:27.136000,0 days 01:37:50.157000,289.0,265.0,302.0,305.0,False,HARD,31.0,True,Haas F1 Team,0 days 01:36:32.936000,,1,11.0,,,False,True
0 days 01:39:08,MAG,20,0 days 00:01:17.873000,32.0,1.0,,,0 days 00:00:26.468000,0 days 00:00:28.353000,0 days 00:00:23.052000,0 days 01:38:16.625000,0 days 01:38:44.978000,0 days 01:39:08.030000,289.0,275.0,304.0,273.0,False,HARD,32.0,True,Haas F1 Team,0 days 01:37:50.127000,,1,11.0,,,False,True
0 days 01:40:25.676000,MAG,20,0 days 00:01:17.676000,33.0,1.0,,,0 days 00:00:26.292000,0 days 00:00:28.372000,0 days 00:00:23.012000,0 days 01:39:34.322000,0 days 01:40:02.694000,0 days 01:40:25.706000,285.0,262.0,303.0,303.0,False,HARD,33.0,True,Haas F1 Team,0 days 01:39:08,,1,10.0,,,False,True
0 days 01:41:42.957000,MAG,20,0 days 00:01:17.281000,34.0,1.0,,,0 days 00:00:25.996000,0 days 00:00:28.273000,0 days 00:00:23.012000,0 days 01:40:51.702000,0 days 01:41:19.975000,0 days 01:41:42.987000,285.0,262.0,301.0,303.0,False,HARD,34.0,True,Haas F1 Team,0 days 01:40:25.676000,,1,10.0,,,False,True
0 days 01:42:59.906000,MAG,20,0 days 00:01:16.949000,35.0,1.0,,,0 days 00:00:25.996000,0 days 00:00:28.104000,0 days 00:00:22.849000,,0 days 01:42:37.087000,0 days 01:42:59.936000,288.0,264.0,302.0,305.0,False,HARD,35.0,True,Haas F1 Team,0 days 01:41:42.957000,,1,10.0,,,False,True
0 days 01:44:16.991000,MAG,20,0 days 00:01:17.085000,36.0,1.0,,,0 days 00:00:25.996000,0 days 00:00:28.156000,0 days 00:00:22.933000,,0 days 01:43:54.088000,0 days 01:44:17.021000,288.0,263.0,301.0,307.0,False,HARD,36.0,True,Haas F1 Team,0 days 01:42:59.906000,,1,10.0,,,False,True
0 days 01:45:34.151000,MAG,20,0 days 00:01:17.160000,37.0,1.0,,,0 days 00:00:26.051000,0 days 00:00:28.122000,0 days 00:00:22.987000,0 days 01:44:43.072000,0 days 01:45:11.194000,0 days 01:45:34.181000,287.0,264.0,301.0,305.0,False,HARD,37.0,True,Haas F1 Team,0 days 01:44:16.991000,,1,10.0,,,False,True
0 days 01:46:51.585000,MAG,20,0 days 00:01:17.434000,38.0,1.0,,,0 days 00:00:26.022000,0 days 00:00:28.396000,0 days 00:00:23.016000,0 days 01:46:00.203000,0 days 01:46:28.599000,0 days 01:46:51.615000,285.0,263.0,302.0,302.0,False,HARD,38.0,True,Haas F1 Team,0 days 01:45:34.151000,,1,10.0,,,False,True
0 days 01:48:12.189000,MAG,20,0 days 00:01:20.604000,39.0,1.0,,,0 days 00:00:27.009000,0 days 00:00:28.963000,0 days 00:00:24.632000,0 days 01:47:18.624000,0 days 01:47:47.587000,0 days 01:48:12.219000,257.0,265.0,296.0,308.0,False,HARD,39.0,True,Haas F1 Team,0 days 01:46:51.585000,,1,13.0,,,False,True
0 days 01:49:36.159000,MAG,20,0 days 00:01:23.970000,40.0,1.0,,0 days 01:49:34.602000,0 days 00:00:27.709000,0 days 00:00:29.400000,0 days 00:00:26.861000,0 days 01:48:39.928000,0 days 01:49:09.328000,0 days 01:49:36.189000,287.0,265.0,,251.0,False,HARD,40.0,True,Haas F1 Team,0 days 01:48:12.189000,,1,15.0,,,False,False
0 days 01:51:11.315000,MAG,20,0 days 00:01:35.156000,41.0,2.0,0 days 01:49:55.993000,,0 days 00:00:45.193000,0 days 00:00:27.156000,0 days 00:00:22.807000,0 days 01:50:21.382000,0 days 01:50:48.538000,0 days 01:51:11.345000,290.0,266.0,301.0,251.0,False,MEDIUM,1.0,True,Haas F1 Team,0 days 01:49:36.159000,,1,19.0,,,False,False
0 days 01:52:26.269000,MAG,20,0 days 00:01:14.954000,42.0,2.0,,,0 days 00:00:25.824000,0 days 00:00:26.877000,0 days 00:00:22.253000,0 days 01:51:37.169000,0 days 01:52:04.046000,0 days 01:52:26.299000,289.0,267.0,303.0,305.0,True,MEDIUM,2.0,True,Haas F1 Team,0 days 01:51:11.315000,,1,19.0,,,False,True
0 days 01:53:41.672000,MAG,20,0 days 00:01:15.403000,43.0,2.0,,,0 days 00:00:25.577000,0 days 00:00:27.213000,0 days 00:00:22.613000,0 days 01:52:51.876000,0 days 01:53:19.089000,0 days 01:53:41.702000,285.0,264.0,305.0,304.0,False,MEDIUM,3.0,True,Haas F1 Team,0 days 01:52:26.269000,,1,19.0,,,False,True
0 days 01:54:57.176000,MAG,20,0 days 00:01:15.504000,44.0,2.0,,,0 days 00:00:25.606000,0 days 00:00:27.356000,0 days 00:00:22.542000,0 days 01:54:07.308000,0 days 01:54:34.664000,0 days 01:54:57.206000,284.0,265.0,304.0,305.0,False,MEDIUM,4.0,True,Haas F1 Team,0 days 01:53:41.672000,,1,18.0,,,False,True
0 days 01:56:12.407000,MAG,20,0 days 00:01:15.231000,45.0,2.0,,,0 days 00:00:25.530000,0 days 00:00:27.142000,0 days 00:00:22.559000,0 days 01:55:22.736000,0 days 01:55:49.878000,0 days 01:56:12.437000,285.0,263.0,304.0,304.0,False,MEDIUM,5.0,True,Haas F1 Team,0 days 01:54:57.176000,,1,18.0,,,False,True
0 days 01:57:27.859000,MAG,20,0 days 00:01:15.452000,46.0,2.0,,,0 days 00:00:25.590000,0 days 00:00:27.294000,0 days 00:00:22.568000,0 days 01:56:38.027000,0 days 01:57:05.321000,0 days 01:57:27.889000,287.0,265.0,308.0,304.0,False,MEDIUM,6.0,True,Haas F1 Team,0 days 01:56:12.407000,,1,18.0,,,False,True
0 days 01:58:44.281000,MAG,20,0 days 00:01:16.422000,47.0,2.0,,,0 days 00:00:26.049000,0 days 00:00:27.848000,0 days 00:00:22.525000,0 days 01:57:53.938000,0 days 01:58:21.786000,0 days 01:58:44.311000,290.0,277.0,327.0,310.0,False,MEDIUM,7.0,True,Haas F1 Team,0 days 01:57:27.859000,,1,18.0,,,False,True
0 days 02:00:00.533000,MAG,20,0 days 00:01:16.252000,48.0,2.0,,,0 days 00:00:26.215000,0 days 00:00:27.358000,0 days 00:00:22.679000,0 days 01:59:10.526000,0 days 01:59:37.884000,0 days 02:00:00.563000,291.0,277.0,326.0,302.0,False,MEDIUM,8.0,True,Haas F1 Team,0 days 01:58:44.281000,,1,18.0,,,False,True
0 days 02:01:18.935000,MAG,20,0 days 00:01:18.402000,49.0,2.0,,,0 days 00:00:26.290000,0 days 00:00:29.397000,0 days 00:00:22.715000,0 days 02:00:26.853000,0 days 02:00:56.250000,0 days 02:01:18.965000,289.0,281.0,323.0,305.0,False,MEDIUM,9.0,True,Haas F1 Team,0 days 02:00:00.533000,,1,18.0,,,False,True
0 days 02:02:34.879000,MAG,20,0 days 00:01:15.944000,50.0,2.0,,,0 days 00:00:25.724000,0 days 00:00:27.539000,0 days 00:00:22.681000,0 days 02:01:44.689000,0 days 02:02:12.228000,0 days 02:02:34.909000,293.0,283.0,330.0,322.0,False,MEDIUM,10.0,True,Haas F1 Team,0 days 02:01:18.935000,,1,18.0,,,False,True
0 days 02:03:51.209000,MAG,20,0 days 00:01:16.330000,51.0,2.0,,,0 days 00:00:25.947000,0 days 00:00:27.843000,0 days 00:00:22.540000,0 days 02:03:00.856000,0 days 02:03:28.699000,0 days 02:03:51.239000,292.0,280.0,325.0,323.0,False,MEDIUM,11.0,True,Haas F1 Team,0 days 02:02:34.879000,,1,18.0,,,False,True
0 days 02:05:07.628000,MAG,20,0 days 00:01:16.419000,52.0,2.0,,,0 days 00:00:26.130000,0 days 00:00:27.777000,0 days 00:00:22.512000,0 days 02:04:17.369000,0 days 02:04:45.146000,0 days 02:05:07.658000,291.0,277.0,325.0,302.0,False,MEDIUM,12.0,True,Haas F1 Team,0 days 02:03:51.209000,,1,18.0,,,False,True
0 days 02:06:23.928000,MAG,20,0 days 00:01:16.300000,53.0,2.0,,,0 days 00:00:25.971000,0 days 00:00:27.737000,0 days 00:00:22.592000,0 days 02:05:33.629000,0 days 02:06:01.366000,0 days 02:06:23.958000,293.0,279.0,326.0,317.0,False,MEDIUM,13.0,True,Haas F1 Team,0 days 02:05:07.628000,,1,18.0,,,False,True
0 days 02:07:41.856000,MAG,20,0 days 00:01:17.928000,54.0,2.0,,,0 days 00:00:25.890000,0 days 00:00:28.922000,0 days 00:00:23.116000,0 days 02:06:49.848000,0 days 02:07:18.770000,0 days 02:07:41.886000,293.0,205.0,321.0,298.0,False,MEDIUM,14.0,True,Haas F1 Team,0 days 02:06:23.928000,,1,18.0,,,False,True
0 days 02:08:58.242000,MAG,20,0 days 00:01:16.386000,55.0,2.0,,,0 days 00:00:25.700000,0 days 00:00:27.958000,0 days 00:00:22.728000,0 days 02:08:07.586000,0 days 02:08:35.544000,0 days 02:08:58.272000,293.0,279.0,328.0,322.0,False,MEDIUM,15.0,True,Haas F1 Team,0 days 02:07:41.856000,,1,17.0,,,False,True
0 days 02:10:15.996000,MAG,20,0 days 00:01:17.754000,56.0,2.0,,,0 days 00:00:26.003000,0 days 00:00:28.221000,0 days 00:00:23.530000,0 days 02:09:24.275000,0 days 02:09:52.496000,0 days 02:10:16.026000,293.0,213.0,322.0,305.0,False,MEDIUM,16.0,True,Haas F1 Team,0 days 02:08:58.242000,,1,17.0,,,False,True
0 days 02:11:32.898000,MAG,20,0 days 00:01:16.902000,57.0,2.0,,,0 days 00:00:26.468000,0 days 00:00:27.809000,0 days 00:00:22.625000,0 days 02:10:42.494000,0 days 02:11:10.303000,0 days 02:11:32.928000,291.0,270.0,323.0,310.0,False,MEDIUM,17.0,True,Haas F1 Team,0 days 02:10:15.996000,,1,18.0,,,False,True
0 days 02:12:49.460000,MAG,20,0 days 00:01:16.562000,58.0,2.0,,,0 days 00:00:25.825000,0 days 00:00:28.078000,0 days 00:00:22.659000,0 days 02:11:58.753000,0 days 02:12:26.831000,0 days 02:12:49.490000,295.0,279.0,327.0,325.0,False,MEDIUM,18.0,True,Haas F1 Team,0 days 02:11:32.898000,,1,18.0,,,False,True
0 days 02:14:06.340000,MAG,20,0 days 00:01:16.880000,59.0,2.0,,,0 days 00:00:26.086000,0 days 00:00:28.216000,0 days 00:00:22.578000,0 days 02:13:15.576000,0 days 02:13:43.792000,0 days 02:14:06.370000,294.0,279.0,324.0,308.0,False,MEDIUM,19.0,True,Haas F1 Team,0 days 02:12:49.460000,,1,18.0,,,False,True
0 days 02:15:22.945000,MAG,20,0 days 00:01:16.605000,60.0,2.0,,,0 days 00:00:26.159000,0 days 00:00:27.962000,0 days 00:00:22.484000,0 days 02:14:32.529000,0 days 02:15:00.491000,0 days 02:15:22.975000,293.0,278.0,328.0,307.0,False,MEDIUM,20.0,True,Haas F1 Team,0 days 02:14:06.340000,,1,18.0,,,False,True
0 days 02:16:39.945000,MAG,20,0 days 00:01:17,61.0,2.0,,,0 days 00:00:26.117000,0 days 00:00:28.176000,0 days 00:00:22.707000,0 days 02:15:49.092000,0 days 02:16:17.268000,0 days 02:16:39.975000,295.0,279.0,323.0,293.0,False,MEDIUM,21.0,True,Haas F1 Team,0 days 02:15:22.945000,,1,18.0,,,False,True
0 days 02:17:58.708000,MAG,20,0 days 00:01:18.763000,62.0,2.0,,,0 days 00:00:26.237000,0 days 00:00:29.416000,0 days 00:00:23.110000,0 days 02:17:06.212000,0 days 02:17:35.628000,0 days 02:17:58.738000,223.0,197.0,323.0,312.0,False,MEDIUM,22.0,True,Haas F1 Team,0 days 02:16:39.945000,,1,18.0,,,False,True
0 days 02:19:15.107000,MAG,20,0 days 00:01:16.399000,63.0,2.0,,,0 days 00:00:25.635000,0 days 00:00:28.052000,0 days 00:00:22.712000,0 days 02:18:24.373000,0 days 02:18:52.425000,0 days 02:19:15.137000,294.0,281.0,326.0,317.0,False,MEDIUM,23.0,True,Haas F1 Team,0 days 02:17:58.708000,,1,18.0,,,False,True
0 days 02:20:31.472000,MAG,20,0 days 00:01:16.365000,64.0,2.0,,,0 days 00:00:25.768000,0 days 00:00:27.965000,0 days 00:00:22.632000,0 days 02:19:40.905000,0 days 02:20:08.870000,0 days 02:20:31.502000,292.0,278.0,324.0,315.0,False,MEDIUM,24.0,True,Haas F1 Team,0 days 02:19:15.107000,,1,18.0,,,False,True
0 days 02:21:48.139000,MAG,20,0 days 00:01:16.667000,65.0,2.0,,,0 days 00:00:26.041000,0 days 00:00:27.939000,0 days 00:00:22.687000,0 days 02:20:57.543000,0 days 02:21:25.482000,0 days 02:21:48.169000,293.0,278.0,323.0,322.0,False,MEDIUM,25.0,True,Haas F1 Team,0 days 02:20:31.472000,,1,18.0,,,False,True
0 days 02:23:04.400000,MAG,20,0 days 00:01:16.261000,66.0,2.0,,,0 days 00:00:25.853000,0 days 00:00:27.881000,0 days 00:00:22.527000,0 days 02:22:14.022000,0 days 02:22:41.903000,0 days 02:23:04.430000,292.0,279.0,324.0,325.0,False,MEDIUM,26.0,True,Haas F1 Team,0 days 02:21:48.139000,,1,18.0,,,False,True
0 days 02:24:20.723000,MAG,20,0 days 00:01:16.323000,67.0,2.0,,,0 days 00:00:25.806000,0 days 00:00:27.996000,0 days 00:00:22.521000,0 days 02:23:30.236000,0 days 02:23:58.232000,0 days 02:24:20.753000,292.0,278.0,324.0,321.0,False,MEDIUM,27.0,True,Haas F1 Team,0 days 02:23:04.400000,,1,18.0,,,False,True
0 days 02:25:36.773000,MAG,20,0 days 00:01:16.050000,68.0,2.0,,,0 days 00:00:25.829000,0 days 00:00:27.818000,0 days 00:00:22.403000,0 days 02:24:46.582000,0 days 02:25:14.400000,0 days 02:25:36.803000,292.0,278.0,326.0,320.0,False,MEDIUM,28.0,True,Haas F1 Team,0 days 02:24:20.723000,,1,18.0,,,False,True
0 days 02:26:53.363000,MAG,20,0 days 00:01:16.590000,69.0,2.0,,,0 days 00:00:26.042000,0 days 00:00:27.941000,0 days 00:00:22.607000,0 days 02:26:02.845000,0 days 02:26:30.786000,0 days 02:26:53.393000,294.0,276.0,326.0,315.0,False,MEDIUM,29.0,True,Haas F1 Team,0 days 02:25:36.773000,,1,18.0,,,False,True
0 days 02:28:10.661000,MAG,20,0 days 00:01:17.298000,70.0,2.0,,,0 days 00:00:26.338000,0 days 00:00:28.400000,0 days 00:00:22.560000,0 days 02:27:19.731000,0 days 02:27:48.131000,0 days 02:28:10.691000,296.0,278.0,324.0,277.0,False,MEDIUM,30.0,True,Haas F1 Team,0 days 02:26:53.363000,,1,18.0,,,False,True
0 days 02:29:26.954000,MAG,20,0 days 00:01:16.293000,71.0,2.0,,,0 days 00:00:25.758000,0 days 00:00:27.975000,0 days 00:00:22.560000,0 days 02:28:36.449000,0 days 02:29:04.424000,0 days 02:29:26.984000,294.0,278.0,310.0,325.0,False,MEDIUM,31.0,True,Haas F1 Team,0 days 02:28:10.661000,,1,18.0,,,False,True
0 days 00:59:03.089000,BOT,77,0 days 00:01:27.361000,1.0,1.0,,,,0 days 00:00:28.903000,0 days 00:00:24.316000,,0 days 00:58:38.970000,0 days 00:59:03.230000,277.0,258.0,307.0,220.0,False,SOFT,1.0,True,Kick Sauber,0 days 00:57:35.434000,,1,14.0,,,False,False
0 days 01:00:21.492000,BOT,77,0 days 00:01:18.403000,2.0,1.0,,,0 days 00:00:27.078000,0 days 00:00:27.906000,0 days 00:00:23.419000,0 days 00:59:30.229000,0 days 00:59:58.135000,0 days 01:00:21.554000,285.0,278.0,328.0,281.0,True,SOFT,2.0,True,Kick Sauber,0 days 00:59:03.089000,,1,14.0,,,False,True
0 days 01:01:39.880000,BOT,77,0 days 00:01:18.388000,3.0,1.0,,,0 days 00:00:27.300000,0 days 00:00:27.770000,0 days 00:00:23.318000,0 days 01:00:48.854000,0 days 01:01:16.624000,0 days 01:01:39.942000,277.0,268.0,302.0,286.0,True,SOFT,3.0,True,Kick Sauber,0 days 01:00:21.492000,,1,14.0,,,False,True
0 days 01:02:57.098000,BOT,77,0 days 00:01:17.218000,4.0,1.0,,,0 days 00:00:26.517000,0 days 00:00:27.791000,0 days 00:00:22.910000,0 days 01:02:06.459000,0 days 01:02:34.250000,0 days 01:02:57.160000,276.0,259.0,298.0,299.0,True,SOFT,4.0,True,Kick Sauber,0 days 01:01:39.880000,,1,14.0,,,False,True
0 days 01:04:14.441000,BOT,77,0 days 00:01:17.343000,5.0,1.0,,,0 days 00:00:26.484000,0 days 00:00:27.901000,0 days 00:00:22.958000,0 days 01:03:23.644000,0 days 01:03:51.545000,0 days 01:04:14.503000,277.0,256.0,298.0,298.0,False,SOFT,5.0,True,Kick Sauber,0 days 01:02:57.098000,,1,14.0,,,False,True
0 days 01:05:31.323000,BOT,77,0 days 00:01:16.882000,6.0,1.0,,,0 days 00:00:26.402000,0 days 00:00:27.581000,0 days 00:00:22.899000,0 days 01:04:40.905000,0 days 01:05:08.486000,0 days 01:05:31.385000,283.0,261.0,299.0,305.0,True,SOFT,6.0,True,Kick Sauber,0 days 01:04:14.441000,,1,14.0,,,False,True
0 days 01:06:48.762000,BOT,77,0 days 00:01:17.439000,7.0,1.0,,,0 days 00:00:26.401000,0 days 00:00:28.107000,0 days 00:00:22.931000,0 days 01:05:57.786000,0 days 01:06:25.893000,0 days 01:06:48.824000,280.0,261.0,297.0,299.0,False,SOFT,7.0,True,Kick Sauber,0 days 01:05:31.323000,,1,14.0,,,False,True
0 days 01:08:05.966000,BOT,77,0 days 00:01:17.204000,8.0,1.0,,,0 days 00:00:26.236000,0 days 00:00:27.910000,0 days 00:00:23.058000,0 days 01:07:15.060000,0 days 01:07:42.970000,0 days 01:08:06.028000,283.0,263.0,297.0,303.0,False,SOFT,8.0,True,Kick Sauber,0 days 01:06:48.762000,,1,14.0,,,False,True
0 days 01:09:23.712000,BOT,77,0 days 00:01:17.746000,9.0,1.0,,,0 days 00:00:26.504000,0 days 00:00:28.139000,0 days 00:00:23.103000,0 days 01:08:32.532000,0 days 01:09:00.671000,0 days 01:09:23.774000,279.0,258.0,298.0,294.0,False,SOFT,9.0,True,Kick Sauber,0 days 01:08:05.966000,,1,14.0,,,False,True
0 days 01:10:41.289000,BOT,77,0 days 00:01:17.577000,10.0,1.0,,,0 days 00:00:26.405000,0 days 00:00:28.116000,0 days 00:00:23.056000,0 days 01:09:50.179000,0 days 01:10:18.295000,0 days 01:10:41.351000,283.0,259.0,298.0,293.0,False,SOFT,10.0,True,Kick Sauber,0 days 01:09:23.712000,,1,14.0,,,False,True
0 days 01:11:58.828000,BOT,77,0 days 00:01:17.539000,11.0,1.0,,,0 days 00:00:26.368000,0 days 00:00:28.183000,0 days 00:00:22.988000,0 days 01:11:07.719000,0 days 01:11:35.902000,0 days 01:11:58.890000,282.0,261.0,298.0,292.0,False,SOFT,11.0,True,Kick Sauber,0 days 01:10:41.289000,,1,14.0,,,False,True
0 days 01:13:16.669000,BOT,77,0 days 00:01:17.841000,12.0,1.0,,,0 days 00:00:26.415000,0 days 00:00:28.201000,0 days 00:00:23.225000,0 days 01:12:25.305000,0 days 01:12:53.506000,0 days 01:13:16.731000,282.0,261.0,297.0,295.0,False,SOFT,12.0,True,Kick Sauber,0 days 01:11:58.828000,,1,14.0,,,False,True
0 days 01:14:34.672000,BOT,77,0 days 00:01:18.003000,13.0,1.0,,,0 days 00:00:26.570000,0 days 00:00:28.335000,0 days 00:00:23.098000,0 days 01:13:43.301000,0 days 01:14:11.636000,0 days 01:14:34.734000,281.0,259.0,296.0,298.0,False,SOFT,13.0,True,Kick Sauber,0 days 01:13:16.669000,,1,14.0,,,False,True
0 days 01:15:52.764000,BOT,77,0 days 00:01:18.092000,14.0,1.0,,,0 days 00:00:26.480000,0 days 00:00:28.336000,0 days 00:00:23.276000,0 days 01:15:01.214000,0 days 01:15:29.550000,0 days 01:15:52.826000,282.0,260.0,295.0,294.0,False,SOFT,14.0,True,Kick Sauber,0 days 01:14:34.672000,,1,14.0,,,False,True
0 days 01:17:15.613000,BOT,77,0 days 00:01:22.849000,15.0,1.0,,0 days 01:17:14.502000,0 days 00:00:27.540000,0 days 00:00:28.585000,0 days 00:00:26.724000,0 days 01:16:20.366000,0 days 01:16:48.951000,0 days 01:17:15.675000,283.0,260.0,,295.0,False,SOFT,15.0,True,Kick Sauber,0 days 01:15:52.764000,,1,16.0,,,False,False
0 days 01:18:51.461000,BOT,77,0 days 00:01:35.848000,16.0,2.0,0 days 01:17:35.241000,,0 days 00:00:45.636000,0 days 00:00:27.183000,0 days 00:00:23.029000,0 days 01:18:01.311000,0 days 01:18:28.494000,0 days 01:18:51.523000,280.0,259.0,293.0,295.0,False,HARD,1.0,True,Kick Sauber,0 days 01:17:15.613000,,1,20.0,,,False,False
0 days 01:20:07.534000,BOT,77,0 days 00:01:16.073000,17.0,2.0,,,0 days 00:00:25.921000,0 days 00:00:27.252000,0 days 00:00:22.900000,0 days 01:19:17.444000,0 days 01:19:44.696000,0 days 01:20:07.596000,282.0,260.0,295.0,295.0,True,HARD,2.0,True,Kick Sauber,0 days 01:18:51.461000,,1,20.0,,,False,True
0 days 01:21:23.933000,BOT,77,0 days 00:01:16.399000,18.0,2.0,,,0 days 00:00:26.117000,0 days 00:00:27.411000,0 days 00:00:22.871000,0 days 01:20:33.713000,0 days 01:21:01.124000,0 days 01:21:23.995000,280.0,259.0,297.0,290.0,False,HARD,3.0,True,Kick Sauber,0 days 01:20:07.534000,,1,20.0,,,False,True
0 days 01:22:40.515000,BOT,77,0 days 00:01:16.582000,19.0,2.0,,,0 days 00:00:26.088000,0 days 00:00:27.606000,0 days 00:00:22.888000,0 days 01:21:50.083000,0 days 01:22:17.689000,0 days 01:22:40.577000,282.0,259.0,296.0,295.0,False,HARD,4.0,True,Kick Sauber,0 days 01:21:23.933000,,1,19.0,,,False,True
0 days 01:23:57.413000,BOT,77,0 days 00:01:16.898000,20.0,2.0,,,0 days 00:00:26.103000,0 days 00:00:27.689000,0 days 00:00:23.106000,0 days 01:23:06.680000,0 days 01:23:34.369000,0 days 01:23:57.475000,283.0,260.0,297.0,296.0,False,HARD,5.0,True,Kick Sauber,0 days 01:22:40.515000,,1,19.0,,,False,True
0 days 01:25:14.260000,BOT,77,0 days 00:01:16.847000,21.0,2.0,,,0 days 00:00:26.121000,0 days 00:00:27.612000,0 days 00:00:23.114000,0 days 01:24:23.596000,0 days 01:24:51.208000,0 days 01:25:14.322000,283.0,259.0,296.0,292.0,False,HARD,6.0,True,Kick Sauber,0 days 01:23:57.413000,,1,19.0,,,False,True
0 days 01:26:30.954000,BOT,77,0 days 00:01:16.694000,22.0,2.0,,,0 days 00:00:26.181000,0 days 00:00:27.601000,0 days 00:00:22.912000,0 days 01:25:40.503000,0 days 01:26:08.104000,0 days 01:26:31.016000,283.0,260.0,297.0,293.0,False,HARD,7.0,True,Kick Sauber,0 days 01:25:14.260000,,1,19.0,,,False,True
0 days 01:27:47.635000,BOT,77,0 days 00:01:16.681000,23.0,2.0,,,0 days 00:00:26.155000,0 days 00:00:27.575000,0 days 00:00:22.951000,0 days 01:26:57.171000,0 days 01:27:24.746000,0 days 01:27:47.697000,281.0,259.0,296.0,288.0,False,HARD,8.0,True,Kick Sauber,0 days 01:26:30.954000,,1,18.0,,,False,True
0 days 01:29:04.229000,BOT,77,0 days 00:01:16.594000,24.0,2.0,,,0 days 00:00:26.096000,0 days 00:00:27.571000,0 days 00:00:22.927000,0 days 01:28:13.793000,0 days 01:28:41.364000,0 days 01:29:04.291000,283.0,260.0,295.0,290.0,False,HARD,9.0,True,Kick Sauber,0 days 01:27:47.635000,,1,18.0,,,False,True
0 days 01:30:21.121000,BOT,77,0 days 00:01:16.892000,25.0,2.0,,,0 days 00:00:26.152000,0 days 00:00:27.680000,0 days 00:00:23.060000,0 days 01:29:30.443000,0 days 01:29:58.123000,0 days 01:30:21.183000,283.0,260.0,295.0,287.0,False,HARD,10.0,True,Kick Sauber,0 days 01:29:04.229000,,1,18.0,,,False,True
0 days 01:31:37.920000,BOT,77,0 days 00:01:16.799000,26.0,2.0,,,0 days 00:00:26.072000,0 days 00:00:27.704000,0 days 00:00:23.023000,0 days 01:30:47.255000,0 days 01:31:14.959000,0 days 01:31:37.982000,285.0,260.0,296.0,293.0,False,HARD,11.0,True,Kick Sauber,0 days 01:30:21.121000,,1,18.0,,,False,True
0 days 01:32:54.733000,BOT,77,0 days 00:01:16.813000,27.0,2.0,,,0 days 00:00:26.178000,0 days 00:00:27.706000,0 days 00:00:22.929000,0 days 01:32:04.160000,0 days 01:32:31.866000,0 days 01:32:54.795000,283.0,260.0,295.0,289.0,False,HARD,12.0,True,Kick Sauber,0 days 01:31:37.920000,,1,18.0,,,False,True
0 days 01:34:11.954000,BOT,77,0 days 00:01:17.221000,28.0,2.0,,,0 days 00:00:26.244000,0 days 00:00:27.876000,0 days 00:00:23.101000,0 days 01:33:21.039000,0 days 01:33:48.915000,0 days 01:34:12.016000,281.0,259.0,296.0,288.0,False,HARD,13.0,True,Kick Sauber,0 days 01:32:54.733000,,1,18.0,,,False,True
0 days 01:35:29.207000,BOT,77,0 days 00:01:17.253000,29.0,2.0,,,0 days 00:00:26.149000,0 days 00:00:28.122000,0 days 00:00:22.982000,0 days 01:34:38.165000,0 days 01:35:06.287000,0 days 01:35:29.269000,284.0,260.0,297.0,294.0,False,HARD,14.0,True,Kick Sauber,0 days 01:34:11.954000,,1,18.0,,,False,True
0 days 01:36:46.241000,BOT,77,0 days 00:01:17.034000,30.0,2.0,,,0 days 00:00:26.122000,0 days 00:00:27.926000,0 days 00:00:22.986000,0 days 01:35:55.391000,0 days 01:36:23.317000,0 days 01:36:46.303000,283.0,261.0,296.0,297.0,False,HARD,15.0,True,Kick Sauber,0 days 01:35:29.207000,,1,17.0,,,False,True
0 days 01:38:03.405000,BOT,77,0 days 00:01:17.164000,31.0,2.0,,,0 days 00:00:26.351000,0 days 00:00:27.897000,0 days 00:00:22.916000,0 days 01:37:12.654000,0 days 01:37:40.551000,0 days 01:38:03.467000,283.0,261.0,296.0,291.0,False,HARD,16.0,True,Kick Sauber,0 days 01:36:46.241000,,1,15.0,,,False,True
0 days 01:39:21.246000,BOT,77,0 days 00:01:17.841000,32.0,2.0,,,0 days 00:00:26.186000,0 days 00:00:27.820000,0 days 00:00:23.835000,0 days 01:38:29.653000,0 days 01:38:57.473000,0 days 01:39:21.308000,283.0,262.0,314.0,293.0,False,HARD,17.0,True,Kick Sauber,0 days 01:38:03.405000,,1,15.0,,,False,True
0 days 01:40:39.636000,BOT,77,0 days 00:01:18.390000,33.0,2.0,,,0 days 00:00:26.976000,0 days 00:00:28.193000,0 days 00:00:23.221000,0 days 01:39:48.284000,0 days 01:40:16.477000,0 days 01:40:39.698000,285.0,264.0,298.0,289.0,False,HARD,18.0,True,Kick Sauber,0 days 01:39:21.246000,,1,15.0,,,False,True
0 days 01:41:56.896000,BOT,77,0 days 00:01:17.260000,34.0,2.0,,,0 days 00:00:26.319000,0 days 00:00:27.953000,0 days 00:00:22.988000,0 days 01:41:06.017000,0 days 01:41:33.970000,0 days 01:41:56.958000,281.0,260.0,296.0,295.0,False,HARD,19.0,True,Kick Sauber,0 days 01:40:39.636000,,1,15.0,,,False,True
0 days 01:43:13.693000,BOT,77,0 days 00:01:16.797000,35.0,2.0,,,0 days 00:00:26.219000,0 days 00:00:27.719000,0 days 00:00:22.859000,0 days 01:42:23.177000,0 days 01:42:50.896000,0 days 01:43:13.755000,283.0,262.0,296.0,297.0,False,HARD,20.0,True,Kick Sauber,0 days 01:41:56.896000,,1,15.0,,,False,True
0 days 01:44:31.500000,BOT,77,0 days 00:01:17.807000,36.0,2.0,,,0 days 00:00:26.713000,0 days 00:00:28.101000,0 days 00:00:22.993000,0 days 01:43:40.468000,0 days 01:44:08.569000,0 days 01:44:31.562000,284.0,261.0,299.0,289.0,False,HARD,21.0,True,Kick Sauber,0 days 01:43:13.693000,,1,16.0,,,False,True
0 days 01:45:48.660000,BOT,77,0 days 00:01:17.160000,37.0,2.0,,,0 days 00:00:26.211000,0 days 00:00:27.896000,0 days 00:00:23.053000,0 days 01:44:57.773000,0 days 01:45:25.669000,0 days 01:45:48.722000,282.0,259.0,296.0,292.0,False,HARD,22.0,True,Kick Sauber,0 days 01:44:31.500000,,1,16.0,,,False,True
0 days 01:47:06.152000,BOT,77,0 days 00:01:17.492000,38.0,2.0,,,0 days 00:00:26.275000,0 days 00:00:28.013000,0 days 00:00:23.204000,0 days 01:46:14.997000,0 days 01:46:43.010000,0 days 01:47:06.214000,283.0,261.0,296.0,296.0,False,HARD,23.0,True,Kick Sauber,0 days 01:45:48.660000,,1,16.0,,,False,True
0 days 01:48:23.408000,BOT,77,0 days 00:01:17.256000,39.0,2.0,,,0 days 00:00:26.414000,0 days 00:00:27.827000,0 days 00:00:23.015000,0 days 01:47:32.628000,0 days 01:48:00.455000,0 days 01:48:23.470000,284.0,261.0,295.0,294.0,False,HARD,24.0,True,Kick Sauber,0 days 01:47:06.152000,,1,16.0,,,False,True
0 days 01:49:40.556000,BOT,77,0 days 00:01:17.148000,40.0,2.0,,,0 days 00:00:26.306000,0 days 00:00:27.764000,0 days 00:00:23.078000,0 days 01:48:49.776000,0 days 01:49:17.540000,0 days 01:49:40.618000,282.0,261.0,297.0,293.0,False,HARD,25.0,True,Kick Sauber,0 days 01:48:23.408000,,1,16.0,,,False,True
0 days 01:50:58.063000,BOT,77,0 days 00:01:17.507000,41.0,2.0,,,0 days 00:00:26.270000,0 days 00:00:28.066000,0 days 00:00:23.171000,0 days 01:50:06.888000,0 days 01:50:34.954000,0 days 01:50:58.125000,280.0,257.0,296.0,304.0,False,HARD,26.0,True,Kick Sauber,0 days 01:49:40.556000,,1,15.0,,,False,True
0 days 01:52:16.760000,BOT,77,0 days 00:01:18.697000,42.0,2.0,,,0 days 00:00:26.159000,0 days 00:00:29.182000,0 days 00:00:23.356000,0 days 01:51:24.284000,0 days 01:51:53.466000,0 days 01:52:16.822000,242.0,258.0,297.0,304.0,False,HARD,27.0,True,Kick Sauber,0 days 01:50:58.063000,,1,15.0,,,False,True
0 days 01:53:37.729000,BOT,77,0 days 00:01:20.969000,43.0,2.0,,0 days 01:53:36.263000,0 days 00:00:26.805000,0 days 00:00:27.907000,0 days 00:00:26.257000,0 days 01:52:43.627000,0 days 01:53:11.534000,0 days 01:53:37.791000,285.0,261.0,,294.0,False,HARD,28.0,True,Kick Sauber,0 days 01:52:16.760000,,1,18.0,,,False,False
0 days 01:55:13.583000,BOT,77,0 days 00:01:35.854000,44.0,3.0,0 days 01:53:57.419000,,0 days 00:00:45.473000,0 days 00:00:27.363000,0 days 00:00:23.018000,0 days 01:54:23.264000,0 days 01:54:50.627000,0 days 01:55:13.645000,283.0,262.0,297.0,294.0,False,MEDIUM,1.0,True,Kick Sauber,0 days 01:53:37.729000,,1,19.0,,,False,False
0 days 01:56:29.405000,BOT,77,0 days 00:01:15.822000,45.0,3.0,,,0 days 00:00:25.777000,0 days 00:00:27.268000,0 days 00:00:22.777000,0 days 01:55:39.422000,0 days 01:56:06.690000,0 days 01:56:29.467000,284.0,261.0,296.0,301.0,True,MEDIUM,2.0,True,Kick Sauber,0 days 01:55:13.583000,,1,19.0,,,False,True
0 days 01:57:45.557000,BOT,77,0 days 00:01:16.152000,46.0,3.0,,,0 days 00:00:25.952000,0 days 00:00:27.372000,0 days 00:00:22.828000,0 days 01:56:55.419000,0 days 01:57:22.791000,0 days 01:57:45.619000,284.0,262.0,297.0,294.0,False,MEDIUM,3.0,True,Kick Sauber,0 days 01:56:29.405000,,1,19.0,,,False,True
0 days 01:59:03.871000,BOT,77,0 days 00:01:18.314000,47.0,3.0,,,0 days 00:00:26.072000,0 days 00:00:28.280000,0 days 00:00:23.962000,0 days 01:58:11.691000,0 days 01:58:39.971000,0 days 01:59:03.933000,283.0,195.0,315.0,290.0,False,MEDIUM,4.0,True,Kick Sauber,0 days 01:57:45.557000,,1,19.0,,,False,True
0 days 02:00:20.015000,BOT,77,0 days 00:01:16.144000,48.0,3.0,,,0 days 00:00:25.749000,0 days 00:00:27.430000,0 days 00:00:22.965000,0 days 01:59:29.682000,0 days 01:59:57.112000,0 days 02:00:20.077000,284.0,261.0,295.0,324.0,False,MEDIUM,5.0,True,Kick Sauber,0 days 01:59:03.871000,,1,19.0,,,False,True
0 days 02:01:36.641000,BOT,77,0 days 00:01:16.626000,49.0,3.0,,,0 days 00:00:26.096000,0 days 00:00:27.637000,0 days 00:00:22.893000,0 days 02:00:46.173000,0 days 02:01:13.810000,0 days 02:01:36.703000,282.0,261.0,296.0,288.0,False,MEDIUM,6.0,True,Kick Sauber,0 days 02:00:20.015000,,1,19.0,,,False,True
0 days 02:02:52.989000,BOT,77,0 days 00:01:16.348000,50.0,3.0,,,0 days 00:00:26.072000,0 days 00:00:27.397000,0 days 00:00:22.879000,0 days 02:02:02.775000,0 days 02:02:30.172000,0 days 02:02:53.051000,285.0,262.0,295.0,293.0,False,MEDIUM,7.0,True,Kick Sauber,0 days 02:01:36.641000,,1,19.0,,,False,True
0 days 02:04:09.442000,BOT,77,0 days 00:01:16.453000,51.0,3.0,,,0 days 00:00:26.007000,0 days 00:00:27.506000,0 days 00:00:22.940000,0 days 02:03:19.058000,0 days 02:03:46.564000,0 days 02:04:09.504000,284.0,262.0,296.0,290.0,False,MEDIUM,8.0,True,Kick Sauber,0 days 02:02:52.989000,,1,19.0,,,False,True
0 days 02:05:25.872000,BOT,77,0 days 00:01:16.430000,52.0,3.0,,,0 days 00:00:26.001000,0 days 00:00:27.503000,0 days 00:00:22.926000,0 days 02:04:35.505000,0 days 02:05:03.008000,0 days 02:05:25.934000,284.0,261.0,295.0,290.0,False,MEDIUM,9.0,True,Kick Sauber,0 days 02:04:09.442000,,1,19.0,,,False,True
0 days 02:06:42.229000,BOT,77,0 days 00:01:16.357000,53.0,3.0,,,0 days 00:00:25.922000,0 days 00:00:27.599000,0 days 00:00:22.836000,0 days 02:05:51.856000,0 days 02:06:19.455000,0 days 02:06:42.291000,283.0,263.0,295.0,290.0,False,MEDIUM,10.0,True,Kick Sauber,0 days 02:05:25.872000,,1,19.0,,,False,True
0 days 02:07:58.295000,BOT,77,0 days 00:01:16.066000,54.0,3.0,,,0 days 00:00:25.985000,0 days 00:00:27.208000,0 days 00:00:22.873000,0 days 02:07:08.276000,0 days 02:07:35.484000,0 days 02:07:58.357000,284.0,261.0,295.0,295.0,False,MEDIUM,11.0,True,Kick Sauber,0 days 02:06:42.229000,,1,19.0,,,False,True
0 days 02:09:14.599000,BOT,77,0 days 00:01:16.304000,55.0,3.0,,,0 days 00:00:25.897000,0 days 00:00:27.508000,0 days 00:00:22.899000,0 days 02:08:24.254000,0 days 02:08:51.762000,0 days 02:09:14.661000,285.0,262.0,294.0,295.0,False,MEDIUM,12.0,True,Kick Sauber,0 days 02:07:58.295000,,1,19.0,,,False,True
0 days 02:10:32.450000,BOT,77,0 days 00:01:17.851000,56.0,3.0,,,0 days 00:00:27.701000,0 days 00:00:27.329000,0 days 00:00:22.821000,0 days 02:09:42.362000,0 days 02:10:09.691000,0 days 02:10:32.512000,284.0,263.0,296.0,289.0,False,MEDIUM,13.0,True,Kick Sauber,0 days 02:09:14.599000,,1,19.0,,,False,True
0 days 02:11:50.913000,BOT,77,0 days 00:01:18.463000,57.0,3.0,,,0 days 00:00:27.893000,0 days 00:00:27.573000,0 days 00:00:22.997000,0 days 02:11:00.405000,0 days 02:11:27.978000,0 days 02:11:50.975000,285.0,262.0,297.0,274.0,False,MEDIUM,14.0,True,Kick Sauber,0 days 02:10:32.450000,,1,19.0,,,False,True
0 days 02:13:06.982000,BOT,77,0 days 00:01:16.069000,58.0,3.0,,,0 days 00:00:25.875000,0 days 00:00:27.474000,0 days 00:00:22.720000,0 days 02:12:16.850000,0 days 02:12:44.324000,0 days 02:13:07.044000,285.0,263.0,296.0,296.0,False,MEDIUM,15.0,True,Kick Sauber,0 days 02:11:50.913000,,1,19.0,,,False,True
0 days 02:14:23.207000,BOT,77,0 days 00:01:16.225000,59.0,3.0,,,0 days 00:00:25.991000,0 days 00:00:27.522000,0 days 00:00:22.712000,0 days 02:13:33.035000,0 days 02:14:00.557000,0 days 02:14:23.269000,282.0,261.0,297.0,293.0,False,MEDIUM,16.0,True,Kick Sauber,0 days 02:13:06.982000,,1,19.0,,,False,True
0 days 02:15:39.846000,BOT,77,0 days 00:01:16.639000,60.0,3.0,,,0 days 00:00:26.122000,0 days 00:00:27.541000,0 days 00:00:22.976000,0 days 02:14:49.391000,0 days 02:15:16.932000,0 days 02:15:39.908000,284.0,263.0,296.0,292.0,False,MEDIUM,17.0,True,Kick Sauber,0 days 02:14:23.207000,,1,19.0,,,False,True
0 days 02:16:56.180000,BOT,77,0 days 00:01:16.334000,61.0,3.0,,,0 days 00:00:25.862000,0 days 00:00:27.568000,0 days 00:00:22.904000,0 days 02:16:05.770000,0 days 02:16:33.338000,0 days 02:16:56.242000,286.0,261.0,295.0,291.0,False,MEDIUM,18.0,True,Kick Sauber,0 days 02:15:39.846000,,1,19.0,,,False,True
0 days 02:18:12.775000,BOT,77,0 days 00:01:16.595000,62.0,3.0,,,0 days 00:00:26.121000,0 days 00:00:27.652000,0 days 00:00:22.822000,0 days 02:17:22.363000,0 days 02:17:50.015000,0 days 02:18:12.837000,284.0,261.0,294.0,294.0,False,MEDIUM,19.0,True,Kick Sauber,0 days 02:16:56.180000,,1,19.0,,,False,True
0 days 02:19:29.148000,BOT,77,0 days 00:01:16.373000,63.0,3.0,,,0 days 00:00:25.830000,0 days 00:00:27.713000,0 days 00:00:22.830000,0 days 02:18:38.667000,0 days 02:19:06.380000,0 days 02:19:29.210000,286.0,262.0,296.0,294.0,False,MEDIUM,20.0,True,Kick Sauber,0 days 02:18:12.775000,,1,19.0,,,False,True
0 days 02:20:45.509000,BOT,77,0 days 00:01:16.361000,64.0,3.0,,,0 days 00:00:25.839000,0 days 00:00:27.641000,0 days 00:00:22.881000,0 days 02:19:55.049000,0 days 02:20:22.690000,0 days 02:20:45.571000,283.0,261.0,295.0,293.0,False,MEDIUM,21.0,True,Kick Sauber,0 days 02:19:29.148000,,1,19.0,,,False,True
0 days 02:22:01.743000,BOT,77,0 days 00:01:16.234000,65.0,3.0,,,0 days 00:00:26.042000,0 days 00:00:27.435000,0 days 00:00:22.757000,0 days 02:21:11.613000,0 days 02:21:39.048000,0 days 02:22:01.805000,284.0,262.0,296.0,294.0,False,MEDIUM,22.0,True,Kick Sauber,0 days 02:20:45.509000,,1,19.0,,,False,True
0 days 02:23:18.222000,BOT,77,0 days 00:01:16.479000,66.0,3.0,,,0 days 00:00:25.824000,0 days 00:00:27.714000,0 days 00:00:22.941000,0 days 02:22:27.629000,0 days 02:22:55.343000,0 days 02:23:18.284000,283.0,262.0,295.0,298.0,False,MEDIUM,23.0,True,Kick Sauber,0 days 02:22:01.743000,,1,19.0,,,False,True
0 days 02:24:34.611000,BOT,77,0 days 00:01:16.389000,67.0,3.0,,,0 days 00:00:25.868000,0 days 00:00:27.725000,0 days 00:00:22.796000,0 days 02:23:44.152000,0 days 02:24:11.877000,0 days 02:24:34.673000,284.0,263.0,296.0,294.0,False,MEDIUM,24.0,True,Kick Sauber,0 days 02:23:18.222000,,1,19.0,,,False,True
0 days 02:25:51.005000,BOT,77,0 days 00:01:16.394000,68.0,3.0,,,0 days 00:00:26.079000,0 days 00:00:27.440000,0 days 00:00:22.875000,0 days 02:25:00.752000,0 days 02:25:28.192000,0 days 02:25:51.067000,283.0,262.0,295.0,296.0,False,MEDIUM,25.0,True,Kick Sauber,0 days 02:24:34.611000,,1,19.0,,,False,True
0 days 02:27:08.289000,BOT,77,0 days 00:01:17.284000,69.0,3.0,,,0 days 00:00:25.955000,0 days 00:00:28.534000,0 days 00:00:22.795000,0 days 02:26:17.022000,0 days 02:26:45.556000,0 days 02:27:08.351000,283.0,277.0,317.0,299.0,False,MEDIUM,26.0,True,Kick Sauber,0 days 02:25:51.005000,,1,19.0,,,False,True
0 days 02:28:24.495000,BOT,77,0 days 00:01:16.206000,70.0,3.0,,,0 days 00:00:25.874000,0 days 00:00:27.469000,0 days 00:00:22.863000,0 days 02:27:34.225000,0 days 02:28:01.694000,0 days 02:28:24.557000,288.0,264.0,298.0,323.0,False,MEDIUM,27.0,True,Kick Sauber,0 days 02:27:08.289000,,1,19.0,,,False,True
0 days 00:59:05.343000,ZHO,24,0 days 00:01:29.615000,1.0,1.0,,,,0 days 00:00:29.713000,0 days 00:00:24.423000,,0 days 00:58:41.138000,0 days 00:59:05.506000,269.0,265.0,300.0,206.0,False,MEDIUM,1.0,True,Kick Sauber,0 days 00:57:35.434000,,1,19.0,,,False,False
0 days 01:00:24.681000,ZHO,24,0 days 00:01:19.338000,2.0,1.0,,,0 days 00:00:27.216000,0 days 00:00:28.797000,0 days 00:00:23.325000,0 days 00:59:32.612000,0 days 01:00:01.409000,0 days 01:00:24.734000,282.0,269.0,319.0,267.0,True,MEDIUM,2.0,True,Kick Sauber,0 days 00:59:05.343000,,1,20.0,,,False,True
0 days 01:01:42.884000,ZHO,24,0 days 00:01:18.203000,3.0,1.0,,,0 days 00:00:27.011000,0 days 00:00:28.103000,0 days 00:00:23.089000,0 days 01:00:51.745000,0 days 01:01:19.848000,0 days 01:01:42.937000,284.0,275.0,318.0,289.0,True,MEDIUM,3.0,True,Kick Sauber,0 days 01:00:24.681000,,1,19.0,,,False,True
0 days 01:03:00.992000,ZHO,24,0 days 00:01:18.108000,4.0,1.0,,,0 days 00:00:26.986000,0 days 00:00:28.091000,0 days 00:00:23.031000,0 days 01:02:09.923000,0 days 01:02:38.014000,0 days 01:03:01.045000,282.0,263.0,317.0,282.0,True,MEDIUM,4.0,True,Kick Sauber,0 days 01:01:42.884000,,1,19.0,,,False,True
0 days 01:04:19.158000,ZHO,24,0 days 00:01:18.166000,5.0,1.0,,,0 days 00:00:26.612000,0 days 00:00:28.270000,0 days 00:00:23.284000,0 days 01:03:27.657000,0 days 01:03:55.927000,0 days 01:04:19.211000,283.0,260.0,298.0,291.0,False,MEDIUM,5.0,True,Kick Sauber,0 days 01:03:00.992000,,1,19.0,,,False,True
0 days 01:05:37.139000,ZHO,24,0 days 00:01:17.981000,6.0,1.0,,,0 days 00:00:26.662000,0 days 00:00:28.059000,0 days 00:00:23.260000,0 days 01:04:45.873000,0 days 01:05:13.932000,0 days 01:05:37.192000,282.0,260.0,297.0,294.0,True,MEDIUM,6.0,True,Kick Sauber,0 days 01:04:19.158000,,1,19.0,,,False,True
0 days 01:06:55.471000,ZHO,24,0 days 00:01:18.332000,7.0,1.0,,,0 days 00:00:26.813000,0 days 00:00:28.141000,0 days 00:00:23.378000,0 days 01:06:04.005000,0 days 01:06:32.146000,0 days 01:06:55.524000,279.0,259.0,296.0,293.0,False,MEDIUM,7.0,True,Kick Sauber,0 days 01:05:37.139000,,1,19.0,,,False,True
0 days 01:08:14.035000,ZHO,24,0 days 00:01:18.564000,8.0,1.0,,,0 days 00:00:27.362000,0 days 00:00:27.882000,0 days 00:00:23.320000,0 days 01:07:22.886000,0 days 01:07:50.768000,0 days 01:08:14.088000,283.0,272.0,297.0,261.0,False,MEDIUM,8.0,True,Kick Sauber,0 days 01:06:55.471000,,1,20.0,,,False,True
0 days 01:09:32.064000,ZHO,24,0 days 00:01:18.029000,9.0,1.0,,,0 days 00:00:26.616000,0 days 00:00:28.182000,0 days 00:00:23.231000,0 days 01:08:40.704000,0 days 01:09:08.886000,0 days 01:09:32.117000,283.0,260.0,298.0,285.0,False,MEDIUM,9.0,True,Kick Sauber,0 days 01:08:14.035000,,1,20.0,,,False,True
0 days 01:10:50.218000,ZHO,24,0 days 00:01:18.154000,10.0,1.0,,,0 days 00:00:26.794000,0 days 00:00:28.117000,0 days 00:00:23.243000,0 days 01:09:58.911000,0 days 01:10:27.028000,0 days 01:10:50.271000,282.0,258.0,296.0,289.0,False,MEDIUM,10.0,True,Kick Sauber,0 days 01:09:32.064000,,1,20.0,,,False,True
0 days 01:12:08.072000,ZHO,24,0 days 00:01:17.854000,11.0,1.0,,,0 days 00:00:26.663000,0 days 00:00:28.088000,0 days 00:00:23.103000,0 days 01:11:16.934000,0 days 01:11:45.022000,0 days 01:12:08.125000,281.0,259.0,296.0,290.0,True,MEDIUM,11.0,True,Kick Sauber,0 days 01:10:50.218000,,1,20.0,,,False,True
0 days 01:13:26.186000,ZHO,24,0 days 00:01:18.114000,12.0,1.0,,,0 days 00:00:26.648000,0 days 00:00:28.085000,0 days 00:00:23.381000,0 days 01:12:34.773000,0 days 01:13:02.858000,0 days 01:13:26.239000,277.0,257.0,295.0,289.0,False,MEDIUM,12.0,True,Kick Sauber,0 days 01:12:08.072000,,1,20.0,,,False,True
0 days 01:14:44.016000,ZHO,24,0 days 00:01:17.830000,13.0,1.0,,,0 days 00:00:26.499000,0 days 00:00:28.073000,0 days 00:00:23.258000,0 days 01:13:52.738000,0 days 01:14:20.811000,0 days 01:14:44.069000,281.0,259.0,295.0,299.0,True,MEDIUM,13.0,True,Kick Sauber,0 days 01:13:26.186000,,1,19.0,,,False,True
0 days 01:16:02.472000,ZHO,24,0 days 00:01:18.456000,14.0,1.0,,,0 days 00:00:26.640000,0 days 00:00:28.222000,0 days 00:00:23.594000,0 days 01:15:10.709000,0 days 01:15:38.931000,0 days 01:16:02.525000,277.0,255.0,293.0,287.0,False,MEDIUM,14.0,True,Kick Sauber,0 days 01:14:44.016000,,1,19.0,,,False,True
0 days 01:17:20.425000,ZHO,24,0 days 00:01:17.953000,15.0,1.0,,,0 days 00:00:26.580000,0 days 00:00:28.093000,0 days 00:00:23.280000,0 days 01:16:29.105000,0 days 01:16:57.198000,0 days 01:17:20.478000,282.0,257.0,294.0,292.0,False,MEDIUM,15.0,True,Kick Sauber,0 days 01:16:02.472000,,1,17.0,,,False,True
0 days 01:18:38.659000,ZHO,24,0 days 00:01:18.234000,16.0,1.0,,,0 days 00:00:26.667000,0 days 00:00:28.117000,0 days 00:00:23.450000,0 days 01:17:47.145000,0 days 01:18:15.262000,0 days 01:18:38.712000,281.0,258.0,293.0,287.0,False,MEDIUM,16.0,True,Kick Sauber,0 days 01:17:20.425000,,1,16.0,,,False,True
0 days 01:19:56.853000,ZHO,24,0 days 00:01:18.194000,17.0,1.0,,,0 days 00:00:26.541000,0 days 00:00:28.290000,0 days 00:00:23.363000,0 days 01:19:05.253000,0 days 01:19:33.543000,0 days 01:19:56.906000,281.0,257.0,294.0,291.0,False,MEDIUM,17.0,True,Kick Sauber,0 days 01:18:38.659000,,1,16.0,,,False,True
0 days 01:21:18.611000,ZHO,24,0 days 00:01:21.758000,18.0,1.0,,0 days 01:21:17.149000,0 days 00:00:26.520000,0 days 00:00:28.275000,0 days 00:00:26.963000,0 days 01:20:23.426000,0 days 01:20:51.701000,0 days 01:21:18.664000,280.0,258.0,,289.0,False,MEDIUM,18.0,True,Kick Sauber,0 days 01:19:56.853000,,1,19.0,,,False,False
0 days 01:22:56.215000,ZHO,24,0 days 00:01:37.604000,19.0,2.0,0 days 01:21:38.319000,,0 days 00:00:46.888000,0 days 00:00:27.421000,0 days 00:00:23.295000,0 days 01:22:05.552000,0 days 01:22:32.973000,0 days 01:22:56.268000,278.0,258.0,292.0,289.0,False,HARD,1.0,True,Kick Sauber,0 days 01:21:18.611000,,1,20.0,,,False,False
0 days 01:24:13.023000,ZHO,24,0 days 00:01:16.808000,20.0,2.0,,,0 days 00:00:26.334000,0 days 00:00:27.425000,0 days 00:00:23.049000,0 days 01:23:22.602000,0 days 01:23:50.027000,0 days 01:24:13.076000,280.0,258.0,292.0,290.0,True,HARD,2.0,True,Kick Sauber,0 days 01:22:56.215000,,1,20.0,,,False,True
0 days 01:25:29.738000,ZHO,24,0 days 00:01:16.715000,21.0,2.0,,,0 days 00:00:26.218000,0 days 00:00:27.520000,0 days 00:00:22.977000,0 days 01:24:39.294000,0 days 01:25:06.814000,0 days 01:25:29.791000,281.0,257.0,292.0,284.0,True,HARD,3.0,True,Kick Sauber,0 days 01:24:13.023000,,1,20.0,,,False,True
0 days 01:26:46.464000,ZHO,24,0 days 00:01:16.726000,22.0,2.0,,,0 days 00:00:26.278000,0 days 00:00:27.387000,0 days 00:00:23.061000,0 days 01:25:56.069000,0 days 01:26:23.456000,0 days 01:26:46.517000,274.0,254.0,293.0,286.0,False,HARD,4.0,True,Kick Sauber,0 days 01:25:29.738000,,1,20.0,,,False,True
0 days 01:28:03.759000,ZHO,24,0 days 00:01:17.295000,23.0,2.0,,,0 days 00:00:26.680000,0 days 00:00:27.670000,0 days 00:00:22.945000,0 days 01:27:13.197000,0 days 01:27:40.867000,0 days 01:28:03.812000,280.0,273.0,295.0,297.0,False,HARD,5.0,True,Kick Sauber,0 days 01:26:46.464000,,1,20.0,,,False,True
0 days 01:29:20.202000,ZHO,24,0 days 00:01:16.443000,24.0,2.0,,,0 days 00:00:26.110000,0 days 00:00:27.398000,0 days 00:00:22.935000,0 days 01:28:29.922000,0 days 01:28:57.320000,0 days 01:29:20.255000,282.0,260.0,296.0,293.0,True,HARD,6.0,True,Kick Sauber,0 days 01:28:03.759000,,1,20.0,,,False,True
0 days 01:30:36.979000,ZHO,24,0 days 00:01:16.777000,25.0,2.0,,,0 days 00:00:26.283000,0 days 00:00:27.451000,0 days 00:00:23.043000,0 days 01:29:46.538000,0 days 01:30:13.989000,0 days 01:30:37.032000,279.0,255.0,295.0,288.0,False,HARD,7.0,True,Kick Sauber,0 days 01:29:20.202000,,1,20.0,,,False,True
0 days 01:31:53.379000,ZHO,24,0 days 00:01:16.400000,26.0,2.0,,,0 days 00:00:26.132000,0 days 00:00:27.279000,0 days 00:00:22.989000,0 days 01:31:03.164000,0 days 01:31:30.443000,0 days 01:31:53.432000,283.0,259.0,294.0,295.0,True,HARD,8.0,True,Kick Sauber,0 days 01:30:36.979000,,1,20.0,,,False,True
0 days 01:33:11.569000,ZHO,24,0 days 00:01:18.190000,27.0,2.0,,,0 days 00:00:26.935000,0 days 00:00:28.424000,0 days 00:00:22.831000,0 days 01:32:20.367000,0 days 01:32:48.791000,0 days 01:33:11.622000,198.0,267.0,312.0,291.0,False,HARD,9.0,True,Kick Sauber,0 days 01:31:53.379000,,1,20.0,,,False,True
0 days 01:34:28.125000,ZHO,24,0 days 00:01:16.556000,28.0,2.0,,,0 days 00:00:25.971000,0 days 00:00:27.535000,0 days 00:00:23.050000,0 days 01:33:37.593000,0 days 01:34:05.128000,0 days 01:34:28.178000,281.0,257.0,294.0,310.0,False,HARD,10.0,True,Kick Sauber,0 days 01:33:11.569000,,1,20.0,,,False,True
0 days 01:35:45.273000,ZHO,24,0 days 00:01:17.148000,29.0,2.0,,,0 days 00:00:26.211000,0 days 00:00:27.844000,0 days 00:00:23.093000,0 days 01:34:54.389000,0 days 01:35:22.233000,0 days 01:35:45.326000,281.0,254.0,294.0,285.0,False,HARD,11.0,True,Kick Sauber,0 days 01:34:28.125000,,1,20.0,,,False,True
0 days 01:37:02.136000,ZHO,24,0 days 00:01:16.863000,30.0,2.0,,,0 days 00:00:26.163000,0 days 00:00:27.660000,0 days 00:00:23.040000,0 days 01:36:11.489000,0 days 01:36:39.149000,0 days 01:37:02.189000,279.0,258.0,294.0,285.0,False,HARD,12.0,True,Kick Sauber,0 days 01:35:45.273000,,1,20.0,,,False,True
0 days 01:38:20.104000,ZHO,24,0 days 00:01:17.968000,31.0,2.0,,,0 days 00:00:26.750000,0 days 00:00:28.117000,0 days 00:00:23.101000,0 days 01:37:28.939000,0 days 01:37:57.056000,0 days 01:38:20.157000,284.0,261.0,295.0,291.0,False,HARD,13.0,True,Kick Sauber,0 days 01:37:02.136000,,1,20.0,,,False,True
0 days 01:39:37.195000,ZHO,24,0 days 00:01:17.091000,32.0,2.0,,,0 days 00:00:26.190000,0 days 00:00:27.914000,0 days 00:00:22.987000,0 days 01:38:46.347000,0 days 01:39:14.261000,0 days 01:39:37.248000,278.0,258.0,296.0,285.0,False,HARD,14.0,True,Kick Sauber,0 days 01:38:20.104000,,1,20.0,,,False,True
0 days 01:40:54.286000,ZHO,24,0 days 00:01:17.091000,33.0,2.0,,,0 days 00:00:26.268000,0 days 00:00:27.866000,0 days 00:00:22.957000,0 days 01:40:03.516000,0 days 01:40:31.382000,0 days 01:40:54.339000,282.0,261.0,297.0,296.0,False,HARD,15.0,True,Kick Sauber,0 days 01:39:37.195000,,1,20.0,,,False,True
0 days 01:42:11.697000,ZHO,24,0 days 00:01:17.411000,34.0,2.0,,,0 days 00:00:26.407000,0 days 00:00:27.969000,0 days 00:00:23.035000,0 days 01:41:20.746000,0 days 01:41:48.715000,0 days 01:42:11.750000,279.0,258.0,296.0,284.0,False,HARD,16.0,True,Kick Sauber,0 days 01:40:54.286000,,1,20.0,,,False,True
0 days 01:43:28.918000,ZHO,24,0 days 00:01:17.221000,35.0,2.0,,,0 days 00:00:26.370000,0 days 00:00:27.748000,0 days 00:00:23.103000,0 days 01:42:38.120000,0 days 01:43:05.868000,0 days 01:43:28.971000,281.0,260.0,294.0,280.0,False,HARD,17.0,True,Kick Sauber,0 days 01:42:11.697000,,1,20.0,,,False,True
0 days 01:44:47.208000,ZHO,24,0 days 00:01:18.290000,36.0,2.0,,,0 days 00:00:26.789000,0 days 00:00:28.491000,0 days 00:00:23.010000,0 days 01:43:55.760000,0 days 01:44:24.251000,0 days 01:44:47.261000,209.0,273.0,296.0,286.0,False,HARD,18.0,True,Kick Sauber,0 days 01:43:28.918000,,1,20.0,,,False,True
0 days 01:46:04.781000,ZHO,24,0 days 00:01:17.573000,37.0,2.0,,,0 days 00:00:26.345000,0 days 00:00:27.943000,0 days 00:00:23.285000,0 days 01:45:13.606000,0 days 01:45:41.549000,0 days 01:46:04.834000,282.0,260.0,294.0,292.0,False,HARD,19.0,True,Kick Sauber,0 days 01:44:47.208000,,1,20.0,,,False,True
0 days 01:47:22.565000,ZHO,24,0 days 00:01:17.784000,38.0,2.0,,,0 days 00:00:26.328000,0 days 00:00:27.989000,0 days 00:00:23.467000,0 days 01:46:31.162000,0 days 01:46:59.151000,0 days 01:47:22.618000,281.0,259.0,294.0,284.0,False,HARD,20.0,True,Kick Sauber,0 days 01:46:04.781000,,1,20.0,,,False,True
0 days 01:48:41.533000,ZHO,24,0 days 00:01:18.968000,39.0,2.0,,,0 days 00:00:27.087000,0 days 00:00:28.709000,0 days 00:00:23.172000,0 days 01:47:49.705000,0 days 01:48:18.414000,0 days 01:48:41.586000,218.0,260.0,295.0,282.0,False,HARD,21.0,True,Kick Sauber,0 days 01:47:22.565000,,1,20.0,,,False,True
0 days 01:49:59.307000,ZHO,24,0 days 00:01:17.774000,40.0,2.0,,,0 days 00:00:26.516000,0 days 00:00:28.077000,0 days 00:00:23.181000,0 days 01:49:08.102000,0 days 01:49:36.179000,0 days 01:49:59.360000,281.0,257.0,294.0,283.0,False,HARD,22.0,True,Kick Sauber,0 days 01:48:41.533000,,1,20.0,,,False,True
0 days 01:51:18.422000,ZHO,24,0 days 00:01:19.115000,41.0,2.0,,,0 days 00:00:26.913000,0 days 00:00:28.779000,0 days 00:00:23.423000,0 days 01:50:26.273000,0 days 01:50:55.052000,0 days 01:51:18.475000,224.0,259.0,284.0,283.0,False,HARD,23.0,True,Kick Sauber,0 days 01:49:59.307000,,1,20.0,,,False,True
0 days 01:52:36.539000,ZHO,24,0 days 00:01:18.117000,42.0,2.0,,,0 days 00:00:26.912000,0 days 00:00:28.091000,0 days 00:00:23.114000,0 days 01:51:45.387000,0 days 01:52:13.478000,0 days 01:52:36.592000,283.0,259.0,295.0,273.0,False,HARD,24.0,True,Kick Sauber,0 days 01:51:18.422000,,1,20.0,,,False,True
0 days 01:53:57.734000,ZHO,24,0 days 00:01:21.195000,43.0,2.0,,,0 days 00:00:28.082000,0 days 00:00:29.972000,0 days 00:00:23.141000,0 days 01:53:04.674000,0 days 01:53:34.646000,0 days 01:53:57.787000,275.0,259.0,298.0,291.0,False,HARD,25.0,True,Kick Sauber,0 days 01:52:36.539000,,1,20.0,,,False,True
0 days 01:55:15.901000,ZHO,24,0 days 00:01:18.167000,44.0,2.0,,,0 days 00:00:26.574000,0 days 00:00:28.122000,0 days 00:00:23.471000,0 days 01:54:24.361000,0 days 01:54:52.483000,0 days 01:55:15.954000,283.0,260.0,253.0,301.0,False,HARD,26.0,True,Kick Sauber,0 days 01:53:57.734000,,1,20.0,,,False,True
0 days 01:56:34.874000,ZHO,24,0 days 00:01:18.973000,45.0,2.0,,,0 days 00:00:27.315000,0 days 00:00:28.170000,0 days 00:00:23.488000,0 days 01:55:43.269000,0 days 01:56:11.439000,0 days 01:56:34.927000,284.0,259.0,295.0,246.0,False,HARD,27.0,True,Kick Sauber,0 days 01:55:15.901000,,1,20.0,,,False,True
0 days 01:57:52.730000,ZHO,24,0 days 00:01:17.856000,46.0,2.0,,,0 days 00:00:26.448000,0 days 00:00:28.031000,0 days 00:00:23.377000,0 days 01:57:01.375000,0 days 01:57:29.406000,0 days 01:57:52.783000,282.0,258.0,294.0,283.0,False,HARD,28.0,True,Kick Sauber,0 days 01:56:34.874000,,1,20.0,,,False,True
0 days 01:59:10.267000,ZHO,24,0 days 00:01:17.537000,47.0,2.0,,,0 days 00:00:26.356000,0 days 00:00:28.054000,0 days 00:00:23.127000,0 days 01:58:19.139000,0 days 01:58:47.193000,0 days 01:59:10.320000,281.0,257.0,296.0,282.0,False,HARD,29.0,True,Kick Sauber,0 days 01:57:52.730000,,1,20.0,,,False,True
0 days 02:00:27.505000,ZHO,24,0 days 00:01:17.238000,48.0,2.0,,,0 days 00:00:26.259000,0 days 00:00:27.880000,0 days 00:00:23.099000,0 days 01:59:36.579000,0 days 02:00:04.459000,0 days 02:00:27.558000,281.0,258.0,295.0,285.0,False,HARD,30.0,True,Kick Sauber,0 days 01:59:10.267000,,1,20.0,,,False,True
0 days 02:01:44.570000,ZHO,24,0 days 00:01:17.065000,49.0,2.0,,,0 days 00:00:26.094000,0 days 00:00:27.959000,0 days 00:00:23.012000,0 days 02:00:53.652000,0 days 02:01:21.611000,0 days 02:01:44.623000,282.0,260.0,295.0,289.0,False,HARD,31.0,True,Kick Sauber,0 days 02:00:27.505000,,1,20.0,,,False,True
0 days 02:03:01.921000,ZHO,24,0 days 00:01:17.351000,50.0,2.0,,,0 days 00:00:26.316000,0 days 00:00:27.912000,0 days 00:00:23.123000,0 days 02:02:10.939000,0 days 02:02:38.851000,0 days 02:03:01.974000,282.0,259.0,293.0,285.0,False,HARD,32.0,True,Kick Sauber,0 days 02:01:44.570000,,1,20.0,,,False,True
0 days 02:04:22.730000,ZHO,24,0 days 00:01:20.809000,51.0,2.0,,0 days 02:04:21.261000,0 days 00:00:26.253000,0 days 00:00:27.853000,0 days 00:00:26.703000,0 days 02:03:28.227000,0 days 02:03:56.080000,0 days 02:04:22.783000,281.0,257.0,,284.0,False,HARD,33.0,True,Kick Sauber,0 days 02:03:01.921000,,1,20.0,,,False,False
0 days 02:06:02.134000,ZHO,24,0 days 00:01:39.404000,52.0,3.0,0 days 02:04:43.287000,,0 days 00:00:47.826000,0 days 00:00:28.863000,0 days 00:00:22.715000,0 days 02:05:10.609000,0 days 02:05:39.472000,0 days 02:06:02.187000,283.0,265.0,318.0,284.0,False,SOFT,1.0,True,Kick Sauber,0 days 02:04:22.730000,,1,20.0,,,False,False
0 days 02:07:18.047000,ZHO,24,0 days 00:01:15.913000,53.0,3.0,,,0 days 00:00:26.056000,0 days 00:00:27.158000,0 days 00:00:22.699000,0 days 02:06:28.243000,0 days 02:06:55.401000,0 days 02:07:18.100000,284.0,262.0,299.0,279.0,True,SOFT,2.0,True,Kick Sauber,0 days 02:06:02.134000,,1,20.0,,,False,True
0 days 02:08:33.807000,ZHO,24,0 days 00:01:15.760000,54.0,3.0,,,0 days 00:00:25.874000,0 days 00:00:27.106000,0 days 00:00:22.780000,0 days 02:07:43.974000,0 days 02:08:11.080000,0 days 02:08:33.860000,285.0,262.0,298.0,288.0,True,SOFT,3.0,True,Kick Sauber,0 days 02:07:18.047000,,1,20.0,,,False,True
0 days 02:09:49.610000,ZHO,24,0 days 00:01:15.803000,55.0,3.0,,,0 days 00:00:25.910000,0 days 00:00:27.140000,0 days 00:00:22.753000,0 days 02:08:59.770000,0 days 02:09:26.910000,0 days 02:09:49.663000,282.0,263.0,298.0,291.0,False,SOFT,4.0,True,Kick Sauber,0 days 02:08:33.807000,,1,20.0,,,False,True
0 days 02:11:05.650000,ZHO,24,0 days 00:01:16.040000,56.0,3.0,,,0 days 00:00:25.809000,0 days 00:00:27.479000,0 days 00:00:22.752000,0 days 02:10:15.472000,0 days 02:10:42.951000,0 days 02:11:05.703000,283.0,261.0,299.0,290.0,False,SOFT,5.0,True,Kick Sauber,0 days 02:09:49.610000,,1,20.0,,,False,True
0 days 02:12:22.070000,ZHO,24,0 days 00:01:16.420000,57.0,3.0,,,0 days 00:00:26.059000,0 days 00:00:27.438000,0 days 00:00:22.923000,0 days 02:11:31.762000,0 days 02:11:59.200000,0 days 02:12:22.123000,279.0,259.0,297.0,289.0,False,SOFT,6.0,True,Kick Sauber,0 days 02:11:05.650000,,1,20.0,,,False,True
0 days 02:13:38.483000,ZHO,24,0 days 00:01:16.413000,58.0,3.0,,,0 days 00:00:26.065000,0 days 00:00:27.524000,0 days 00:00:22.824000,0 days 02:12:48.188000,0 days 02:13:15.712000,0 days 02:13:38.536000,278.0,259.0,296.0,288.0,False,SOFT,7.0,True,Kick Sauber,0 days 02:12:22.070000,,1,20.0,,,False,True
0 days 02:14:54.842000,ZHO,24,0 days 00:01:16.359000,59.0,3.0,,,0 days 00:00:26.055000,0 days 00:00:27.593000,0 days 00:00:22.711000,0 days 02:14:04.591000,0 days 02:14:32.184000,0 days 02:14:54.895000,278.0,259.0,297.0,286.0,False,SOFT,8.0,True,Kick Sauber,0 days 02:13:38.483000,,1,20.0,,,False,True
0 days 02:16:12.483000,ZHO,24,0 days 00:01:17.641000,60.0,3.0,,,0 days 00:00:26.008000,0 days 00:00:28.585000,0 days 00:00:23.048000,0 days 02:15:20.903000,0 days 02:15:49.488000,0 days 02:16:12.536000,279.0,199.0,316.0,290.0,False,SOFT,9.0,True,Kick Sauber,0 days 02:14:54.842000,,1,20.0,,,False,True
0 days 02:17:28.882000,ZHO,24,0 days 00:01:16.399000,61.0,3.0,,,0 days 00:00:25.934000,0 days 00:00:27.543000,0 days 00:00:22.922000,0 days 02:16:38.470000,0 days 02:17:06.013000,0 days 02:17:28.935000,286.0,261.0,297.0,279.0,False,SOFT,10.0,True,Kick Sauber,0 days 02:16:12.483000,,1,20.0,,,False,True
0 days 02:18:45.138000,ZHO,24,0 days 00:01:16.256000,62.0,3.0,,,0 days 00:00:25.966000,0 days 00:00:27.527000,0 days 00:00:22.763000,0 days 02:17:54.901000,0 days 02:18:22.428000,0 days 02:18:45.191000,282.0,259.0,296.0,292.0,False,SOFT,11.0,True,Kick Sauber,0 days 02:17:28.882000,,1,20.0,,,False,True
0 days 02:20:01.009000,ZHO,24,0 days 00:01:15.871000,63.0,3.0,,,0 days 00:00:25.795000,0 days 00:00:27.346000,0 days 00:00:22.730000,0 days 02:19:10.986000,0 days 02:19:38.332000,0 days 02:20:01.062000,280.0,260.0,297.0,293.0,False,SOFT,12.0,True,Kick Sauber,0 days 02:18:45.138000,,1,20.0,,,False,True
0 days 02:21:20.349000,ZHO,24,0 days 00:01:19.340000,64.0,3.0,,,0 days 00:00:26.943000,0 days 00:00:29.490000,0 days 00:00:22.907000,0 days 02:20:28.005000,0 days 02:20:57.495000,0 days 02:21:20.402000,179.0,259.0,299.0,290.0,False,SOFT,13.0,True,Kick Sauber,0 days 02:20:01.009000,,1,20.0,,,False,True
0 days 02:22:36.385000,ZHO,24,0 days 00:01:16.036000,65.0,3.0,,,0 days 00:00:25.983000,0 days 00:00:27.370000,0 days 00:00:22.683000,0 days 02:21:46.385000,0 days 02:22:13.755000,0 days 02:22:36.438000,284.0,262.0,298.0,295.0,False,SOFT,14.0,True,Kick Sauber,0 days 02:21:20.349000,,1,20.0,,,False,True
0 days 02:23:52.122000,ZHO,24,0 days 00:01:15.737000,66.0,3.0,,,0 days 00:00:25.857000,0 days 00:00:27.278000,0 days 00:00:22.602000,0 days 02:23:02.295000,0 days 02:23:29.573000,0 days 02:23:52.175000,281.0,259.0,297.0,292.0,True,SOFT,15.0,True,Kick Sauber,0 days 02:22:36.385000,,1,20.0,,,False,True
0 days 02:25:07.846000,ZHO,24,0 days 00:01:15.724000,67.0,3.0,,,0 days 00:00:25.746000,0 days 00:00:27.271000,0 days 00:00:22.707000,0 days 02:24:17.921000,0 days 02:24:45.192000,0 days 02:25:07.899000,281.0,259.0,296.0,290.0,True,SOFT,16.0,True,Kick Sauber,0 days 02:23:52.122000,,1,20.0,,,False,True
0 days 02:26:25.603000,ZHO,24,0 days 00:01:17.757000,68.0,3.0,,,0 days 00:00:26.736000,0 days 00:00:28.339000,0 days 00:00:22.682000,0 days 02:25:34.635000,0 days 02:26:02.974000,0 days 02:26:25.656000,199.0,276.0,298.0,290.0,False,SOFT,17.0,True,Kick Sauber,0 days 02:25:07.846000,,1,20.0,,,False,True
0 days 02:27:41.468000,ZHO,24,0 days 00:01:15.865000,69.0,3.0,,,0 days 00:00:25.980000,0 days 00:00:27.226000,0 days 00:00:22.659000,0 days 02:26:51.636000,0 days 02:27:18.862000,0 days 02:27:41.521000,287.0,262.0,298.0,297.0,False,SOFT,18.0,True,Kick Sauber,0 days 02:26:25.603000,,1,20.0,,,False,True
0 days 02:28:57.266000,ZHO,24,0 days 00:01:15.798000,70.0,3.0,,,0 days 00:00:25.776000,0 days 00:00:27.284000,0 days 00:00:22.738000,0 days 02:28:07.297000,0 days 02:28:34.581000,0 days 02:28:57.319000,283.0,262.0,298.0,292.0,False,SOFT,19.0,True,Kick Sauber,0 days 02:27:41.468000,,1,20.0,,,False,True
