Time,Driver,DriverNumber,LapTime,LapNumber,Stint,PitOutTime,PitInTime,Sector1Time,Sector2Time,Sector3Time,Sector1SessionTime,Sector2SessionTime,Sector3SessionTime,SpeedI1,SpeedI2,SpeedFL,SpeedST,IsPersonalBest,Compound,TyreLife,FreshTyre,Team,LapStartTime,LapStartDate,TrackStatus,Position,Deleted,DeletedReason,FastF1Generated,IsAccurate
0 days 00:58:10.830000,VER,1,0 days 00:01:55.490000,1.0,1.0,,,,0 days 00:00:44.610000,0 days 00:00:25.791000,,0 days 00:57:45.169000,0 days 00:58:11.002000,182.0,209.0,315.0,319.0,False,MEDIUM,1.0,True,Red Bull Racing,0 days 00:56:15.070000,,1,5.0,,,False,False
0 days 01:00:00.462000,VER,1,0 days 00:01:49.632000,2.0,1.0,,,0 days 00:00:39.449000,0 days 00:00:44.481000,0 days 00:00:25.702000,0 days 00:58:50.309000,0 days 00:59:34.790000,0 days 01:00:00.492000,194.0,209.0,323.0,319.0,True,MEDIUM,2.0,True,Red Bull Racing,0 days 00:58:10.830000,,1,5.0,,,False,True
0 days 01:01:49.592000,VER,1,0 days 00:01:49.130000,3.0,1.0,,,0 days 00:00:39.118000,0 days 00:00:44.415000,0 days 00:00:25.597000,0 days 01:00:39.610000,0 days 01:01:24.025000,0 days 01:01:49.622000,191.0,206.0,318.0,321.0,True,MEDIUM,3.0,True,Red Bull Racing,0 days 01:00:00.462000,,1,5.0,,,False,True
0 days 01:03:39.200000,VER,1,0 days 00:01:49.608000,4.0,1.0,,,0 days 00:00:39.046000,0 days 00:00:44.387000,0 days 00:00:26.175000,0 days 01:02:28.668000,0 days 01:03:13.055000,0 days 01:03:39.230000,200.0,210.0,317.0,321.0,False,MEDIUM,4.0,True,Red Bull Racing,0 days 01:01:49.592000,,1,5.0,,,False,True
0 days 01:05:28.445000,VER,1,0 days 00:01:49.245000,5.0,1.0,,,0 days 00:00:39.312000,0 days 00:00:44.211000,0 days 00:00:25.722000,0 days 01:04:18.542000,0 days 01:05:02.753000,0 days 01:05:28.475000,199.0,205.0,320.0,320.0,False,MEDIUM,5.0,True,Red Bull Racing,0 days 01:03:39.200000,,1,5.0,,,False,True
0 days 01:07:17.240000,VER,1,0 days 00:01:48.795000,6.0,1.0,,,0 days 00:00:38.883000,0 days 00:00:44.254000,0 days 00:00:25.658000,0 days 01:06:07.358000,0 days 01:06:51.612000,0 days 01:07:17.270000,199.0,211.0,320.0,318.0,True,MEDIUM,6.0,True,Red Bull Racing,0 days 01:05:28.445000,,1,5.0,,,False,True
0 days 01:09:06.037000,VER,1,0 days 00:01:48.797000,7.0,1.0,,,0 days 00:00:38.936000,0 days 00:00:44.131000,0 days 00:00:25.730000,0 days 01:07:56.206000,0 days 01:08:40.337000,0 days 01:09:06.067000,197.0,214.0,319.0,319.0,False,MEDIUM,7.0,True,Red Bull Racing,0 days 01:07:17.240000,,1,5.0,,,False,True
0 days 01:10:54.680000,VER,1,0 days 00:01:48.643000,8.0,1.0,,,0 days 00:00:38.880000,0 days 00:00:44.103000,0 days 00:00:25.660000,0 days 01:09:44.947000,0 days 01:10:29.050000,0 days 01:10:54.710000,201.0,215.0,320.0,318.0,True,MEDIUM,8.0,True,Red Bull Racing,0 days 01:09:06.037000,,1,5.0,,,False,True
0 days 01:12:43.128000,VER,1,0 days 00:01:48.448000,9.0,1.0,,,0 days 00:00:38.680000,0 days 00:00:44.085000,0 days 00:00:25.683000,0 days 01:11:33.390000,0 days 01:12:17.475000,0 days 01:12:43.158000,207.0,209.0,319.0,318.0,True,MEDIUM,9.0,True,Red Bull Racing,0 days 01:10:54.680000,,1,5.0,,,False,True
0 days 01:14:32.576000,VER,1,0 days 00:01:49.448000,10.0,1.0,,,0 days 00:00:38.989000,0 days 00:00:44.635000,0 days 00:00:25.824000,0 days 01:13:22.147000,0 days 01:14:06.782000,0 days 01:14:32.606000,200.0,208.0,318.0,317.0,False,MEDIUM,10.0,True,Red Bull Racing,0 days 01:12:43.128000,,1,5.0,,,False,True
0 days 01:16:22.221000,VER,1,0 days 00:01:49.645000,11.0,1.0,,,0 days 00:00:39.235000,0 days 00:00:44.447000,0 days 00:00:25.963000,0 days 01:15:11.841000,0 days 01:15:56.288000,0 days 01:16:22.251000,198.0,213.0,314.0,318.0,False,MEDIUM,11.0,True,Red Bull Racing,0 days 01:14:32.576000,,1,5.0,,,False,True
0 days 01:18:16.732000,VER,1,0 days 00:01:54.511000,12.0,1.0,,0 days 01:18:15.554000,0 days 00:00:39.506000,0 days 00:00:45.125000,0 days 00:00:29.880000,0 days 01:17:01.757000,0 days 01:17:46.882000,0 days 01:18:16.762000,196.0,210.0,,315.0,False,MEDIUM,12.0,True,Red Bull Racing,0 days 01:16:22.221000,,1,5.0,,,False,False
0 days 01:20:23.218000,VER,1,0 days 00:02:06.486000,13.0,2.0,0 days 01:18:36.601000,,0 days 00:00:56.262000,0 days 00:00:44.841000,0 days 00:00:25.383000,0 days 01:19:13.024000,0 days 01:19:57.865000,0 days 01:20:23.248000,189.0,200.0,340.0,326.0,False,HARD,1.0,True,Red Bull Racing,0 days 01:18:16.732000,,1,9.0,,,False,False
0 days 01:22:11.487000,VER,1,0 days 00:01:48.269000,14.0,2.0,,,0 days 00:00:38.439000,0 days 00:00:44.264000,0 days 00:00:25.566000,0 days 01:21:01.687000,0 days 01:21:45.951000,0 days 01:22:11.517000,194.0,197.0,340.0,322.0,True,HARD,2.0,True,Red Bull Racing,0 days 01:20:23.218000,,1,8.0,,,False,True
0 days 01:23:59.299000,VER,1,0 days 00:01:47.812000,15.0,2.0,,,0 days 00:00:38.535000,0 days 00:00:43.701000,0 days 00:00:25.576000,0 days 01:22:50.052000,0 days 01:23:33.753000,0 days 01:23:59.329000,196.0,214.0,341.0,322.0,True,HARD,3.0,True,Red Bull Racing,0 days 01:22:11.487000,,1,7.0,,,False,True
0 days 01:25:47.431000,VER,1,0 days 00:01:48.132000,16.0,2.0,,,0 days 00:00:38.592000,0 days 00:00:43.793000,0 days 00:00:25.747000,0 days 01:24:37.921000,0 days 01:25:21.714000,0 days 01:25:47.461000,197.0,215.0,320.0,315.0,False,HARD,4.0,True,Red Bull Racing,0 days 01:23:59.299000,,1,7.0,,,False,True
0 days 01:27:35.149000,VER,1,0 days 00:01:47.718000,17.0,2.0,,,0 days 00:00:38.533000,0 days 00:00:43.611000,0 days 00:00:25.574000,0 days 01:26:25.994000,0 days 01:27:09.605000,0 days 01:27:35.179000,198.0,214.0,321.0,319.0,True,HARD,5.0,True,Red Bull Racing,0 days 01:25:47.431000,,1,7.0,,,False,True
0 days 01:29:23.610000,VER,1,0 days 00:01:48.461000,18.0,2.0,,,0 days 00:00:38.920000,0 days 00:00:43.974000,0 days 00:00:25.567000,0 days 01:28:14.099000,0 days 01:28:58.073000,0 days 01:29:23.640000,195.0,204.0,325.0,321.0,False,HARD,6.0,True,Red Bull Racing,0 days 01:27:35.149000,,1,7.0,,,False,True
0 days 01:31:11.500000,VER,1,0 days 00:01:47.890000,19.0,2.0,,,0 days 00:00:38.710000,0 days 00:00:43.742000,0 days 00:00:25.438000,0 days 01:30:02.350000,0 days 01:30:46.092000,0 days 01:31:11.530000,188.0,212.0,325.0,322.0,False,HARD,7.0,True,Red Bull Racing,0 days 01:29:23.610000,,1,7.0,,,False,True
0 days 01:32:59.390000,VER,1,0 days 00:01:47.890000,20.0,2.0,,,0 days 00:00:38.650000,0 days 00:00:44.008000,0 days 00:00:25.232000,0 days 01:31:50.180000,0 days 01:32:34.188000,0 days 01:32:59.420000,191.0,208.0,344.0,321.0,False,HARD,8.0,True,Red Bull Racing,0 days 01:31:11.500000,,1,7.0,,,False,True
0 days 01:34:47.293000,VER,1,0 days 00:01:47.903000,21.0,2.0,,,0 days 00:00:38.580000,0 days 00:00:44.121000,0 days 00:00:25.202000,0 days 01:33:38,0 days 01:34:22.121000,0 days 01:34:47.323000,189.0,202.0,347.0,323.0,False,HARD,9.0,True,Red Bull Racing,0 days 01:32:59.390000,,1,7.0,,,False,True
0 days 01:36:35.972000,VER,1,0 days 00:01:48.679000,22.0,2.0,,,0 days 00:00:39.023000,0 days 00:00:44.433000,0 days 00:00:25.223000,0 days 01:35:26.346000,0 days 01:36:10.779000,0 days 01:36:36.002000,188.0,210.0,345.0,322.0,False,HARD,10.0,True,Red Bull Racing,0 days 01:34:47.293000,,1,7.0,,,False,True
0 days 01:38:24.880000,VER,1,0 days 00:01:48.908000,23.0,2.0,,,0 days 00:00:39.175000,0 days 00:00:44.610000,0 days 00:00:25.123000,0 days 01:37:15.177000,0 days 01:37:59.787000,0 days 01:38:24.910000,189.0,211.0,352.0,325.0,False,HARD,11.0,True,Red Bull Racing,0 days 01:36:35.972000,,1,7.0,,,False,True
0 days 01:40:15.482000,VER,1,0 days 00:01:50.602000,24.0,2.0,,,0 days 00:00:40.346000,0 days 00:00:44.783000,0 days 00:00:25.473000,0 days 01:39:05.256000,0 days 01:39:50.039000,0 days 01:40:15.512000,184.0,201.0,334.0,324.0,False,HARD,12.0,True,Red Bull Racing,0 days 01:38:24.880000,,1,7.0,,,False,True
0 days 01:42:03.838000,VER,1,0 days 00:01:48.356000,25.0,2.0,,,0 days 00:00:38.932000,0 days 00:00:44.318000,0 days 00:00:25.106000,0 days 01:40:54.444000,0 days 01:41:38.762000,0 days 01:42:03.868000,198.0,211.0,350.0,325.0,False,HARD,13.0,True,Red Bull Racing,0 days 01:40:15.482000,,1,7.0,,,False,True
0 days 01:43:52.859000,VER,1,0 days 00:01:49.021000,26.0,2.0,,,0 days 00:00:39.163000,0 days 00:00:44.733000,0 days 00:00:25.125000,0 days 01:42:43.031000,0 days 01:43:27.764000,0 days 01:43:52.889000,189.0,207.0,349.0,324.0,False,HARD,14.0,True,Red Bull Racing,0 days 01:42:03.838000,,1,7.0,,,False,True
0 days 01:45:41.951000,VER,1,0 days 00:01:49.092000,27.0,2.0,,,0 days 00:00:39.332000,0 days 00:00:44.582000,0 days 00:00:25.178000,0 days 01:44:32.221000,0 days 01:45:16.803000,0 days 01:45:41.981000,183.0,206.0,348.0,324.0,False,HARD,15.0,True,Red Bull Racing,0 days 01:43:52.859000,,1,7.0,,,False,True
0 days 01:47:31.136000,VER,1,0 days 00:01:49.185000,28.0,2.0,,,0 days 00:00:39.336000,0 days 00:00:44.522000,0 days 00:00:25.327000,0 days 01:46:21.317000,0 days 01:47:05.839000,0 days 01:47:31.166000,190.0,208.0,343.0,323.0,False,HARD,16.0,True,Red Bull Racing,0 days 01:45:41.951000,,1,7.0,,,False,True
0 days 01:49:20.352000,VER,1,0 days 00:01:49.216000,29.0,2.0,,,0 days 00:00:39.482000,0 days 00:00:44.549000,0 days 00:00:25.185000,0 days 01:48:10.648000,0 days 01:48:55.197000,0 days 01:49:20.382000,190.0,208.0,350.0,325.0,False,HARD,17.0,True,Red Bull Racing,0 days 01:47:31.136000,,1,7.0,,,False,True
0 days 01:51:09.346000,VER,1,0 days 00:01:48.994000,30.0,2.0,,,0 days 00:00:39.138000,0 days 00:00:44.589000,0 days 00:00:25.267000,0 days 01:49:59.520000,0 days 01:50:44.109000,0 days 01:51:09.376000,186.0,206.0,345.0,323.0,False,HARD,18.0,True,Red Bull Racing,0 days 01:49:20.352000,,1,7.0,,,False,True
0 days 01:52:58.192000,VER,1,0 days 00:01:48.846000,31.0,2.0,,,0 days 00:00:39.206000,0 days 00:00:44.402000,0 days 00:00:25.238000,0 days 01:51:48.582000,0 days 01:52:32.984000,0 days 01:52:58.222000,190.0,212.0,344.0,323.0,False,HARD,19.0,True,Red Bull Racing,0 days 01:51:09.346000,,1,6.0,,,False,True
0 days 01:54:46.584000,VER,1,0 days 00:01:48.392000,32.0,2.0,,,0 days 00:00:38.791000,0 days 00:00:44.051000,0 days 00:00:25.550000,0 days 01:53:37.013000,0 days 01:54:21.064000,0 days 01:54:46.614000,200.0,215.0,324.0,319.0,False,HARD,20.0,True,Red Bull Racing,0 days 01:52:58.192000,,1,6.0,,,False,True
0 days 01:56:34.883000,VER,1,0 days 00:01:48.299000,33.0,2.0,,,0 days 00:00:38.764000,0 days 00:00:43.976000,0 days 00:00:25.559000,0 days 01:55:25.378000,0 days 01:56:09.354000,0 days 01:56:34.913000,200.0,206.0,324.0,319.0,False,HARD,21.0,True,Red Bull Racing,0 days 01:54:46.584000,,1,6.0,,,False,True
0 days 01:58:24.127000,VER,1,0 days 00:01:49.244000,34.0,2.0,,,0 days 00:00:39.470000,0 days 00:00:44.230000,0 days 00:00:25.544000,0 days 01:57:14.383000,0 days 01:57:58.613000,0 days 01:58:24.157000,195.0,212.0,322.0,321.0,False,HARD,22.0,True,Red Bull Racing,0 days 01:56:34.883000,,1,7.0,,,False,True
0 days 02:00:12.123000,VER,1,0 days 00:01:47.996000,35.0,2.0,,,0 days 00:00:38.642000,0 days 00:00:43.702000,0 days 00:00:25.652000,0 days 01:59:02.799000,0 days 01:59:46.501000,0 days 02:00:12.153000,199.0,218.0,322.0,321.0,False,HARD,23.0,True,Red Bull Racing,0 days 01:58:24.127000,,1,7.0,,,False,True
0 days 02:01:59.841000,VER,1,0 days 00:01:47.718000,36.0,2.0,,,0 days 00:00:38.472000,0 days 00:00:43.773000,0 days 00:00:25.473000,0 days 02:00:50.625000,0 days 02:01:34.398000,0 days 02:01:59.871000,200.0,217.0,325.0,320.0,False,HARD,24.0,True,Red Bull Racing,0 days 02:00:12.123000,,12,7.0,,,False,True
0 days 02:03:47.244000,VER,1,0 days 00:01:47.403000,37.0,2.0,,,0 days 00:00:38.487000,0 days 00:00:43.485000,0 days 00:00:25.431000,0 days 02:02:38.358000,0 days 02:03:21.843000,0 days 02:03:47.274000,207.0,219.0,325.0,322.0,True,HARD,25.0,True,Red Bull Racing,0 days 02:01:59.841000,,1,7.0,,,False,True
0 days 02:05:34.526000,VER,1,0 days 00:01:47.282000,38.0,2.0,,,0 days 00:00:38.442000,0 days 00:00:43.436000,0 days 00:00:25.404000,0 days 02:04:25.716000,0 days 02:05:09.152000,0 days 02:05:34.556000,197.0,220.0,324.0,321.0,True,HARD,26.0,True,Red Bull Racing,0 days 02:03:47.244000,,1,6.0,,,False,True
0 days 02:07:21.866000,VER,1,0 days 00:01:47.340000,39.0,2.0,,,0 days 00:00:38.343000,0 days 00:00:43.549000,0 days 00:00:25.448000,0 days 02:06:12.899000,0 days 02:06:56.448000,0 days 02:07:21.896000,197.0,221.0,325.0,320.0,False,HARD,27.0,True,Red Bull Racing,0 days 02:05:34.526000,,1,6.0,,,False,True
0 days 02:09:09.002000,VER,1,0 days 00:01:47.136000,40.0,2.0,,,0 days 00:00:38.192000,0 days 00:00:43.437000,0 days 00:00:25.507000,0 days 02:08:00.088000,0 days 02:08:43.525000,0 days 02:09:09.032000,203.0,219.0,324.0,319.0,True,HARD,28.0,True,Red Bull Racing,0 days 02:07:21.866000,,1,6.0,,,False,True
0 days 02:10:56.527000,VER,1,0 days 00:01:47.525000,41.0,2.0,,,0 days 00:00:38.476000,0 days 00:00:43.592000,0 days 00:00:25.457000,0 days 02:09:47.508000,0 days 02:10:31.100000,0 days 02:10:56.557000,203.0,220.0,324.0,321.0,False,HARD,29.0,True,Red Bull Racing,0 days 02:09:09.002000,,1,6.0,,,False,True
0 days 02:12:43.325000,VER,1,0 days 00:01:46.798000,42.0,2.0,,,0 days 00:00:38.142000,0 days 00:00:43.271000,0 days 00:00:25.385000,0 days 02:11:34.699000,0 days 02:12:17.970000,0 days 02:12:43.355000,201.0,219.0,325.0,320.0,True,HARD,30.0,True,Red Bull Racing,0 days 02:10:56.527000,,1,6.0,,,False,True
0 days 02:14:30.472000,VER,1,0 days 00:01:47.147000,43.0,2.0,,,0 days 00:00:38.239000,0 days 00:00:43.313000,0 days 00:00:25.595000,0 days 02:13:21.594000,0 days 02:14:04.907000,0 days 02:14:30.502000,206.0,221.0,321.0,321.0,False,HARD,31.0,True,Red Bull Racing,0 days 02:12:43.325000,,1,6.0,,,False,True
0 days 02:16:17.621000,VER,1,0 days 00:01:47.149000,44.0,2.0,,,0 days 00:00:38.154000,0 days 00:00:43.326000,0 days 00:00:25.669000,0 days 02:15:08.656000,0 days 02:15:51.982000,0 days 02:16:17.651000,207.0,223.0,323.0,320.0,False,HARD,32.0,True,Red Bull Racing,0 days 02:14:30.472000,,1,6.0,,,False,True
0 days 02:18:04.805000,VER,1,0 days 00:01:47.184000,45.0,2.0,,,0 days 00:00:38.208000,0 days 00:00:43.484000,0 days 00:00:25.492000,0 days 02:16:55.859000,0 days 02:17:39.343000,0 days 02:18:04.835000,204.0,218.0,324.0,320.0,False,HARD,33.0,True,Red Bull Racing,0 days 02:16:17.621000,,1,6.0,,,False,True
0 days 02:19:51.940000,VER,1,0 days 00:01:47.135000,46.0,2.0,,,0 days 00:00:38.041000,0 days 00:00:43.596000,0 days 00:00:25.498000,0 days 02:18:42.876000,0 days 02:19:26.472000,0 days 02:19:51.970000,205.0,223.0,319.0,319.0,False,HARD,34.0,True,Red Bull Racing,0 days 02:18:04.805000,,1,6.0,,,False,True
0 days 02:21:39.661000,VER,1,0 days 00:01:47.721000,47.0,2.0,,,0 days 00:00:38.226000,0 days 00:00:43.853000,0 days 00:00:25.642000,0 days 02:20:30.196000,0 days 02:21:14.049000,0 days 02:21:39.691000,209.0,214.0,321.0,319.0,False,HARD,35.0,True,Red Bull Racing,0 days 02:19:51.940000,,1,6.0,,,False,True
0 days 02:23:27.410000,VER,1,0 days 00:01:47.749000,48.0,2.0,,,0 days 00:00:38.378000,0 days 00:00:43.748000,0 days 00:00:25.623000,0 days 02:22:18.069000,0 days 02:23:01.817000,0 days 02:23:27.440000,201.0,209.0,323.0,319.0,False,HARD,36.0,True,Red Bull Racing,0 days 02:21:39.661000,,1,6.0,,,False,True
0 days 02:25:19.432000,VER,1,0 days 00:01:52.022000,49.0,2.0,,0 days 02:25:18.282000,0 days 00:00:38.910000,0 days 00:00:43.752000,0 days 00:00:29.360000,0 days 02:24:06.350000,0 days 02:24:50.102000,0 days 02:25:19.462000,194.0,217.0,,321.0,False,HARD,37.0,True,Red Bull Racing,0 days 02:23:27.410000,,1,7.0,,,False,False
0 days 02:27:57.218000,VER,1,,50.0,3.0,0 days 02:25:38.947000,,0 days 00:01:03.630000,0 days 00:00:56.483000,0 days 00:00:37.564000,0 days 02:26:23.256000,0 days 02:27:19.684000,0 days 02:27:57.258000,184.0,163.0,199.0,186.0,False,SOFT,4.0,False,Red Bull Racing,0 days 02:25:19.432000,,126,5.0,,,False,False
0 days 02:30:30.619000,VER,1,,51.0,3.0,,,0 days 00:00:56.090000,0 days 00:00:58.058000,0 days 00:00:39.188000,0 days 02:28:53.403000,0 days 02:29:51.461000,0 days 02:30:30.703000,162.0,148.0,190.0,200.0,False,SOFT,5.0,False,Red Bull Racing,0 days 02:27:57.218000,,6,5.0,,,False,False
0 days 00:58:19.788000,GAS,10,0 days 00:02:04.448000,1.0,1.0,,,,0 days 00:00:48.618000,0 days 00:00:25.248000,,0 days 00:57:54.626000,0 days 00:58:19.893000,167.0,186.0,333.0,331.0,False,HARD,1.0,True,Alpine,0 days 00:56:15.070000,,1,15.0,,,False,False
0 days 01:00:12.649000,GAS,10,0 days 00:01:52.861000,2.0,1.0,,,0 days 00:00:42.078000,0 days 00:00:45.563000,0 days 00:00:25.220000,0 days 00:59:01.886000,0 days 00:59:47.449000,0 days 01:00:12.669000,184.0,200.0,342.0,325.0,True,HARD,2.0,True,Alpine,0 days 00:58:19.788000,,1,15.0,,,False,True
0 days 01:02:04.214000,GAS,10,0 days 00:01:51.565000,3.0,1.0,,,0 days 00:00:40.547000,0 days 00:00:45.762000,0 days 00:00:25.256000,0 days 01:00:53.216000,0 days 01:01:38.978000,0 days 01:02:04.234000,185.0,206.0,342.0,326.0,True,HARD,3.0,True,Alpine,0 days 01:00:12.649000,,1,15.0,,,False,True
0 days 01:03:54.063000,GAS,10,0 days 00:01:49.849000,4.0,1.0,,,0 days 00:00:39.792000,0 days 00:00:44.566000,0 days 00:00:25.491000,0 days 01:02:44.026000,0 days 01:03:28.592000,0 days 01:03:54.083000,188.0,205.0,333.0,324.0,True,HARD,4.0,True,Alpine,0 days 01:02:04.214000,,1,14.0,,,False,True
0 days 01:05:44.179000,GAS,10,0 days 00:01:50.116000,5.0,1.0,,,0 days 00:00:39.781000,0 days 00:00:44.805000,0 days 00:00:25.530000,0 days 01:04:33.864000,0 days 01:05:18.669000,0 days 01:05:44.199000,197.0,205.0,317.0,323.0,False,HARD,5.0,True,Alpine,0 days 01:03:54.063000,,1,14.0,,,False,True
0 days 01:07:34.250000,GAS,10,0 days 00:01:50.071000,6.0,1.0,,,0 days 00:00:39.798000,0 days 00:00:44.674000,0 days 00:00:25.599000,0 days 01:06:23.997000,0 days 01:07:08.671000,0 days 01:07:34.270000,194.0,205.0,317.0,320.0,False,HARD,6.0,True,Alpine,0 days 01:05:44.179000,,1,14.0,,,False,True
0 days 01:09:24.158000,GAS,10,0 days 00:01:49.908000,7.0,1.0,,,0 days 00:00:39.621000,0 days 00:00:44.600000,0 days 00:00:25.687000,0 days 01:08:13.891000,0 days 01:08:58.491000,0 days 01:09:24.178000,193.0,203.0,318.0,320.0,False,HARD,7.0,True,Alpine,0 days 01:07:34.250000,,1,14.0,,,False,True
0 days 01:11:13.865000,GAS,10,0 days 00:01:49.707000,8.0,1.0,,,0 days 00:00:39.608000,0 days 00:00:44.464000,0 days 00:00:25.635000,0 days 01:10:03.786000,0 days 01:10:48.250000,0 days 01:11:13.885000,187.0,206.0,317.0,321.0,True,HARD,8.0,True,Alpine,0 days 01:09:24.158000,,1,14.0,,,False,True
0 days 01:13:03.641000,GAS,10,0 days 00:01:49.776000,9.0,1.0,,,0 days 00:00:39.443000,0 days 00:00:44.763000,0 days 00:00:25.570000,0 days 01:11:53.328000,0 days 01:12:38.091000,0 days 01:13:03.661000,194.0,206.0,317.0,320.0,False,HARD,9.0,True,Alpine,0 days 01:11:13.865000,,1,14.0,,,False,True
0 days 01:14:53.120000,GAS,10,0 days 00:01:49.479000,10.0,1.0,,,0 days 00:00:39.323000,0 days 00:00:44.553000,0 days 00:00:25.603000,0 days 01:13:42.984000,0 days 01:14:27.537000,0 days 01:14:53.140000,191.0,203.0,319.0,322.0,True,HARD,10.0,True,Alpine,0 days 01:13:03.641000,,1,14.0,,,False,True
0 days 01:16:43.425000,GAS,10,0 days 00:01:50.305000,11.0,1.0,,,0 days 00:00:39.684000,0 days 00:00:44.951000,0 days 00:00:25.670000,0 days 01:15:32.824000,0 days 01:16:17.775000,0 days 01:16:43.445000,189.0,205.0,319.0,320.0,False,HARD,11.0,True,Alpine,0 days 01:14:53.120000,,1,13.0,,,False,True
0 days 01:18:33.632000,GAS,10,0 days 00:01:50.207000,12.0,1.0,,,0 days 00:00:39.574000,0 days 00:00:44.756000,0 days 00:00:25.877000,0 days 01:17:23.019000,0 days 01:18:07.775000,0 days 01:18:33.652000,196.0,202.0,318.0,322.0,False,HARD,12.0,True,Alpine,0 days 01:16:43.425000,,1,12.0,,,False,True
0 days 01:20:24.218000,GAS,10,0 days 00:01:50.586000,13.0,1.0,,,0 days 00:00:40.300000,0 days 00:00:44.860000,0 days 00:00:25.426000,0 days 01:19:13.952000,0 days 01:19:58.812000,0 days 01:20:24.238000,190.0,201.0,336.0,323.0,False,HARD,13.0,True,Alpine,0 days 01:18:33.632000,,1,11.0,,,False,True
0 days 01:22:14.778000,GAS,10,0 days 00:01:50.560000,14.0,1.0,,,0 days 00:00:39.892000,0 days 00:00:45.288000,0 days 00:00:25.380000,0 days 01:21:04.130000,0 days 01:21:49.418000,0 days 01:22:14.798000,192.0,195.0,343.0,324.0,False,HARD,14.0,True,Alpine,0 days 01:20:24.218000,,1,9.0,,,False,True
0 days 01:24:06.452000,GAS,10,0 days 00:01:51.674000,15.0,1.0,,,0 days 00:00:40.893000,0 days 00:00:44.805000,0 days 00:00:25.976000,0 days 01:22:55.691000,0 days 01:23:40.496000,0 days 01:24:06.472000,186.0,196.0,313.0,318.0,False,HARD,15.0,True,Alpine,0 days 01:22:14.778000,,1,10.0,,,False,True
0 days 01:25:56.864000,GAS,10,0 days 00:01:50.412000,16.0,1.0,,,0 days 00:00:39.540000,0 days 00:00:44.961000,0 days 00:00:25.911000,0 days 01:24:46.012000,0 days 01:25:30.973000,0 days 01:25:56.884000,193.0,200.0,312.0,316.0,False,HARD,16.0,True,Alpine,0 days 01:24:06.452000,,1,10.0,,,False,True
0 days 01:27:47.178000,GAS,10,0 days 00:01:50.314000,17.0,1.0,,,0 days 00:00:39.888000,0 days 00:00:44.795000,0 days 00:00:25.631000,0 days 01:26:36.772000,0 days 01:27:21.567000,0 days 01:27:47.198000,195.0,199.0,316.0,321.0,False,HARD,17.0,True,Alpine,0 days 01:25:56.864000,,1,10.0,,,False,True
0 days 01:29:37.057000,GAS,10,0 days 00:01:49.879000,18.0,1.0,,,0 days 00:00:39.565000,0 days 00:00:44.545000,0 days 00:00:25.769000,0 days 01:28:26.763000,0 days 01:29:11.308000,0 days 01:29:37.077000,193.0,204.0,315.0,319.0,False,HARD,18.0,True,Alpine,0 days 01:27:47.178000,,1,10.0,,,False,True
0 days 01:31:26.704000,GAS,10,0 days 00:01:49.647000,19.0,1.0,,,0 days 00:00:39.423000,0 days 00:00:44.521000,0 days 00:00:25.703000,0 days 01:30:16.500000,0 days 01:31:01.021000,0 days 01:31:26.724000,187.0,200.0,315.0,318.0,False,HARD,19.0,True,Alpine,0 days 01:29:37.057000,,1,11.0,,,False,True
0 days 01:33:17.435000,GAS,10,0 days 00:01:50.731000,20.0,1.0,,,0 days 00:00:40.046000,0 days 00:00:44.909000,0 days 00:00:25.776000,0 days 01:32:06.770000,0 days 01:32:51.679000,0 days 01:33:17.455000,189.0,202.0,316.0,319.0,False,HARD,20.0,True,Alpine,0 days 01:31:26.704000,,1,11.0,,,False,True
0 days 01:35:07.525000,GAS,10,0 days 00:01:50.090000,21.0,1.0,,,0 days 00:00:39.382000,0 days 00:00:44.905000,0 days 00:00:25.803000,0 days 01:33:56.837000,0 days 01:34:41.742000,0 days 01:35:07.545000,193.0,200.0,315.0,319.0,False,HARD,21.0,True,Alpine,0 days 01:33:17.435000,,1,11.0,,,False,True
0 days 01:36:57.854000,GAS,10,0 days 00:01:50.329000,22.0,1.0,,,0 days 00:00:39.557000,0 days 00:00:44.980000,0 days 00:00:25.792000,0 days 01:35:47.102000,0 days 01:36:32.082000,0 days 01:36:57.874000,195.0,206.0,313.0,317.0,False,HARD,22.0,True,Alpine,0 days 01:35:07.525000,,1,11.0,,,False,True
0 days 01:38:47.493000,GAS,10,0 days 00:01:49.639000,23.0,1.0,,,0 days 00:00:39.232000,0 days 00:00:44.687000,0 days 00:00:25.720000,0 days 01:37:37.106000,0 days 01:38:21.793000,0 days 01:38:47.513000,192.0,207.0,315.0,317.0,False,HARD,23.0,True,Alpine,0 days 01:36:57.854000,,1,11.0,,,False,True
0 days 01:40:37.192000,GAS,10,0 days 00:01:49.699000,24.0,1.0,,,0 days 00:00:39.514000,0 days 00:00:44.314000,0 days 00:00:25.871000,0 days 01:39:27.027000,0 days 01:40:11.341000,0 days 01:40:37.212000,194.0,207.0,314.0,318.0,False,HARD,24.0,True,Alpine,0 days 01:38:47.493000,,1,11.0,,,False,True
0 days 01:42:26.882000,GAS,10,0 days 00:01:49.690000,25.0,1.0,,,0 days 00:00:39.270000,0 days 00:00:44.433000,0 days 00:00:25.987000,0 days 01:41:16.482000,0 days 01:42:00.915000,0 days 01:42:26.902000,193.0,208.0,315.0,316.0,False,HARD,25.0,True,Alpine,0 days 01:40:37.192000,,1,12.0,,,False,True
0 days 01:44:16.936000,GAS,10,0 days 00:01:50.054000,26.0,1.0,,,0 days 00:00:39.860000,0 days 00:00:44.554000,0 days 00:00:25.640000,0 days 01:43:06.762000,0 days 01:43:51.316000,0 days 01:44:16.956000,185.0,203.0,317.0,318.0,False,HARD,26.0,True,Alpine,0 days 01:42:26.882000,,1,12.0,,,False,True
0 days 01:46:06.247000,GAS,10,0 days 00:01:49.311000,27.0,1.0,,,0 days 00:00:39.225000,0 days 00:00:44.366000,0 days 00:00:25.720000,0 days 01:44:56.181000,0 days 01:45:40.547000,0 days 01:46:06.267000,190.0,203.0,316.0,320.0,True,HARD,27.0,True,Alpine,0 days 01:44:16.936000,,1,12.0,,,False,True
0 days 01:47:55.541000,GAS,10,0 days 00:01:49.294000,28.0,1.0,,,0 days 00:00:39.072000,0 days 00:00:44.404000,0 days 00:00:25.818000,0 days 01:46:45.339000,0 days 01:47:29.743000,0 days 01:47:55.561000,191.0,205.0,313.0,320.0,True,HARD,28.0,True,Alpine,0 days 01:46:06.247000,,1,12.0,,,False,True
0 days 01:49:44.521000,GAS,10,0 days 00:01:48.980000,29.0,1.0,,,0 days 00:00:39.009000,0 days 00:00:44.367000,0 days 00:00:25.604000,0 days 01:48:34.570000,0 days 01:49:18.937000,0 days 01:49:44.541000,187.0,207.0,325.0,319.0,True,HARD,29.0,True,Alpine,0 days 01:47:55.541000,,1,12.0,,,False,True
0 days 01:51:35.796000,GAS,10,0 days 00:01:51.275000,30.0,1.0,,,0 days 00:00:40.616000,0 days 00:00:44.758000,0 days 00:00:25.901000,0 days 01:50:25.157000,0 days 01:51:09.915000,0 days 01:51:35.816000,183.0,211.0,314.0,320.0,False,HARD,30.0,True,Alpine,0 days 01:49:44.521000,,1,14.0,,,False,True
0 days 01:53:25.115000,GAS,10,0 days 00:01:49.319000,31.0,1.0,,,0 days 00:00:39.211000,0 days 00:00:44.399000,0 days 00:00:25.709000,0 days 01:52:15.027000,0 days 01:52:59.426000,0 days 01:53:25.135000,191.0,205.0,313.0,319.0,False,HARD,31.0,True,Alpine,0 days 01:51:35.796000,,1,14.0,,,False,True
0 days 01:55:14.338000,GAS,10,0 days 00:01:49.223000,32.0,1.0,,,0 days 00:00:39.053000,0 days 00:00:44.567000,0 days 00:00:25.603000,0 days 01:54:04.188000,0 days 01:54:48.755000,0 days 01:55:14.358000,192.0,212.0,315.0,319.0,False,HARD,32.0,True,Alpine,0 days 01:53:25.115000,,1,14.0,,,False,True
0 days 01:57:03.112000,GAS,10,0 days 00:01:48.774000,33.0,1.0,,,0 days 00:00:38.777000,0 days 00:00:44.372000,0 days 00:00:25.625000,0 days 01:55:53.135000,0 days 01:56:37.507000,0 days 01:57:03.132000,195.0,201.0,315.0,319.0,True,HARD,33.0,True,Alpine,0 days 01:55:14.338000,,1,14.0,,,False,True
0 days 01:58:51.849000,GAS,10,0 days 00:01:48.737000,34.0,1.0,,,0 days 00:00:38.922000,0 days 00:00:44.185000,0 days 00:00:25.630000,0 days 01:57:42.054000,0 days 01:58:26.239000,0 days 01:58:51.869000,188.0,210.0,314.0,319.0,True,HARD,34.0,True,Alpine,0 days 01:57:03.112000,,1,14.0,,,False,True
0 days 02:00:40.681000,GAS,10,0 days 00:01:48.832000,35.0,1.0,,,0 days 00:00:38.928000,0 days 00:00:44.103000,0 days 00:00:25.801000,0 days 01:59:30.797000,0 days 02:00:14.900000,0 days 02:00:40.701000,190.0,210.0,317.0,320.0,False,HARD,35.0,True,Alpine,0 days 01:58:51.849000,,1,14.0,,,False,True
0 days 02:02:29.631000,GAS,10,0 days 00:01:48.950000,36.0,1.0,,,0 days 00:00:38.932000,0 days 00:00:44.373000,0 days 00:00:25.645000,0 days 02:01:19.633000,0 days 02:02:04.006000,0 days 02:02:29.651000,194.0,207.0,316.0,320.0,False,HARD,36.0,True,Alpine,0 days 02:00:40.681000,,12,14.0,,,False,True
0 days 02:04:18.409000,GAS,10,0 days 00:01:48.778000,37.0,1.0,,,0 days 00:00:38.749000,0 days 00:00:44.322000,0 days 00:00:25.707000,0 days 02:03:08.400000,0 days 02:03:52.722000,0 days 02:04:18.429000,197.0,209.0,317.0,319.0,False,HARD,37.0,True,Alpine,0 days 02:02:29.631000,,1,14.0,,,False,True
0 days 02:06:07.325000,GAS,10,0 days 00:01:48.916000,38.0,1.0,,,0 days 00:00:38.935000,0 days 00:00:44.229000,0 days 00:00:25.752000,0 days 02:04:57.364000,0 days 02:05:41.593000,0 days 02:06:07.345000,194.0,210.0,314.0,319.0,False,HARD,38.0,True,Alpine,0 days 02:04:18.409000,,1,14.0,,,False,True
0 days 02:07:56.063000,GAS,10,0 days 00:01:48.738000,39.0,1.0,,,0 days 00:00:38.793000,0 days 00:00:44.285000,0 days 00:00:25.660000,0 days 02:06:46.138000,0 days 02:07:30.423000,0 days 02:07:56.083000,198.0,205.0,317.0,320.0,False,HARD,39.0,True,Alpine,0 days 02:06:07.325000,,1,14.0,,,False,True
0 days 02:09:44.566000,GAS,10,0 days 00:01:48.503000,40.0,1.0,,,0 days 00:00:38.785000,0 days 00:00:44.085000,0 days 00:00:25.633000,0 days 02:08:34.868000,0 days 02:09:18.953000,0 days 02:09:44.586000,197.0,206.0,318.0,320.0,True,HARD,40.0,True,Alpine,0 days 02:07:56.063000,,1,14.0,,,False,True
0 days 02:11:33.291000,GAS,10,0 days 00:01:48.725000,41.0,1.0,,,0 days 00:00:38.872000,0 days 00:00:44.364000,0 days 00:00:25.489000,0 days 02:10:23.458000,0 days 02:11:07.822000,0 days 02:11:33.311000,198.0,204.0,320.0,321.0,False,HARD,41.0,True,Alpine,0 days 02:09:44.566000,,1,14.0,,,False,True
0 days 02:13:22.118000,GAS,10,0 days 00:01:48.827000,42.0,1.0,,,0 days 00:00:38.998000,0 days 00:00:44.297000,0 days 00:00:25.532000,0 days 02:12:12.309000,0 days 02:12:56.606000,0 days 02:13:22.138000,192.0,206.0,319.0,321.0,False,HARD,42.0,True,Alpine,0 days 02:11:33.291000,,1,14.0,,,False,True
0 days 02:15:10.647000,GAS,10,0 days 00:01:48.529000,43.0,1.0,,,0 days 00:00:38.776000,0 days 00:00:44.169000,0 days 00:00:25.584000,0 days 02:14:00.914000,0 days 02:14:45.083000,0 days 02:15:10.667000,198.0,207.0,316.0,320.0,False,HARD,43.0,True,Alpine,0 days 02:13:22.118000,,1,14.0,,,False,True
0 days 02:16:58.847000,GAS,10,0 days 00:01:48.200000,44.0,1.0,,,0 days 00:00:38.658000,0 days 00:00:43.953000,0 days 00:00:25.589000,0 days 02:15:49.325000,0 days 02:16:33.278000,0 days 02:16:58.867000,192.0,208.0,316.0,321.0,True,HARD,44.0,True,Alpine,0 days 02:15:10.647000,,1,14.0,,,False,True
0 days 02:18:46.895000,GAS,10,0 days 00:01:48.048000,45.0,1.0,,,0 days 00:00:38.557000,0 days 00:00:43.972000,0 days 00:00:25.519000,0 days 02:17:37.424000,0 days 02:18:21.396000,0 days 02:18:46.915000,199.0,213.0,315.0,320.0,True,HARD,45.0,True,Alpine,0 days 02:16:58.847000,,1,14.0,,,False,True
0 days 02:20:35.244000,GAS,10,0 days 00:01:48.349000,46.0,1.0,,,0 days 00:00:38.542000,0 days 00:00:44.122000,0 days 00:00:25.685000,0 days 02:19:25.457000,0 days 02:20:09.579000,0 days 02:20:35.264000,199.0,209.0,315.0,320.0,False,HARD,46.0,True,Alpine,0 days 02:18:46.895000,,1,14.0,,,False,True
0 days 02:22:23.262000,GAS,10,0 days 00:01:48.018000,47.0,1.0,,,0 days 00:00:38.497000,0 days 00:00:43.894000,0 days 00:00:25.627000,0 days 02:21:13.761000,0 days 02:21:57.655000,0 days 02:22:23.282000,199.0,211.0,314.0,319.0,True,HARD,47.0,True,Alpine,0 days 02:20:35.244000,,1,14.0,,,False,True
0 days 02:24:11.626000,GAS,10,0 days 00:01:48.364000,48.0,1.0,,,0 days 00:00:38.634000,0 days 00:00:44.062000,0 days 00:00:25.668000,0 days 02:23:01.916000,0 days 02:23:45.978000,0 days 02:24:11.646000,200.0,211.0,314.0,319.0,False,HARD,48.0,True,Alpine,0 days 02:22:23.262000,,1,14.0,,,False,True
0 days 02:26:00.087000,GAS,10,0 days 00:01:48.461000,49.0,1.0,,,0 days 00:00:38.533000,0 days 00:00:44.220000,0 days 00:00:25.708000,0 days 02:24:50.179000,0 days 02:25:34.399000,0 days 02:26:00.107000,199.0,205.0,317.0,318.0,False,HARD,49.0,True,Alpine,0 days 02:24:11.626000,,12,14.0,,,False,True
0 days 02:28:26.056000,GAS,10,0 days 00:02:25.969000,50.0,1.0,,0 days 02:28:24.883000,0 days 00:00:43.727000,0 days 00:00:59.793000,0 days 00:00:42.449000,0 days 02:26:43.834000,0 days 02:27:43.627000,0 days 02:28:26.076000,198.0,156.0,,176.0,False,HARD,50.0,True,Alpine,0 days 02:26:00.087000,,26,12.0,,,False,False
0 days 02:31:10.608000,GAS,10,,51.0,2.0,0 days 02:28:45.096000,,0 days 00:01:10.589000,0 days 00:00:55.906000,0 days 00:00:37.985000,0 days 02:29:36.744000,0 days 02:30:32.643000,0 days 02:31:10.765000,174.0,136.0,219.0,250.0,False,SOFT,1.0,True,Alpine,0 days 02:28:26.056000,,6,12.0,,,False,False
0 days 00:58:09.263000,PER,11,0 days 00:01:53.923000,1.0,1.0,,,,0 days 00:00:44.247000,0 days 00:00:25.923000,,0 days 00:57:43.535000,0 days 00:58:09.367000,187.0,202.0,315.0,315.0,False,MEDIUM,1.0,True,Red Bull Racing,0 days 00:56:15.070000,,1,3.0,,,False,False
0 days 00:59:58.499000,PER,11,0 days 00:01:49.236000,2.0,1.0,,,0 days 00:00:39.563000,0 days 00:00:43.941000,0 days 00:00:25.732000,0 days 00:58:48.893000,0 days 00:59:32.834000,0 days 00:59:58.566000,192.0,204.0,320.0,316.0,True,MEDIUM,2.0,True,Red Bull Racing,0 days 00:58:09.263000,,1,3.0,,,False,True
0 days 01:01:47.313000,PER,11,0 days 00:01:48.814000,3.0,1.0,,,0 days 00:00:39.205000,0 days 00:00:43.762000,0 days 00:00:25.847000,0 days 01:00:37.771000,0 days 01:01:21.533000,0 days 01:01:47.380000,197.0,204.0,312.0,316.0,True,MEDIUM,3.0,True,Red Bull Racing,0 days 00:59:58.499000,,1,3.0,,,False,True
0 days 01:03:36.040000,PER,11,0 days 00:01:48.727000,4.0,1.0,,,0 days 00:00:38.978000,0 days 00:00:43.934000,0 days 00:00:25.815000,0 days 01:02:26.358000,0 days 01:03:10.292000,0 days 01:03:36.107000,197.0,205.0,315.0,318.0,True,MEDIUM,4.0,True,Red Bull Racing,0 days 01:01:47.313000,,1,3.0,,,False,True
0 days 01:05:24.808000,PER,11,0 days 00:01:48.768000,5.0,1.0,,,0 days 00:00:38.773000,0 days 00:00:44.012000,0 days 00:00:25.983000,0 days 01:04:14.880000,0 days 01:04:58.892000,0 days 01:05:24.875000,204.0,206.0,317.0,317.0,False,MEDIUM,5.0,True,Red Bull Racing,0 days 01:03:36.040000,,1,3.0,,,False,True
0 days 01:07:13.412000,PER,11,0 days 00:01:48.604000,6.0,1.0,,,0 days 00:00:38.932000,0 days 00:00:43.901000,0 days 00:00:25.771000,0 days 01:06:03.807000,0 days 01:06:47.708000,0 days 01:07:13.479000,203.0,206.0,318.0,314.0,True,MEDIUM,6.0,True,Red Bull Racing,0 days 01:05:24.808000,,1,3.0,,,False,True
0 days 01:09:01.931000,PER,11,0 days 00:01:48.519000,7.0,1.0,,,0 days 00:00:38.824000,0 days 00:00:43.990000,0 days 00:00:25.705000,0 days 01:07:52.303000,0 days 01:08:36.293000,0 days 01:09:01.998000,199.0,205.0,318.0,316.0,True,MEDIUM,7.0,True,Red Bull Racing,0 days 01:07:13.412000,,1,3.0,,,False,True
0 days 01:10:50.084000,PER,11,0 days 00:01:48.153000,8.0,1.0,,,0 days 00:00:38.697000,0 days 00:00:43.766000,0 days 00:00:25.690000,0 days 01:09:40.695000,0 days 01:10:24.461000,0 days 01:10:50.151000,202.0,207.0,322.0,316.0,True,MEDIUM,8.0,True,Red Bull Racing,0 days 01:09:01.931000,,1,3.0,,,False,True
0 days 01:12:37.910000,PER,11,0 days 00:01:47.826000,9.0,1.0,,,0 days 00:00:38.487000,0 days 00:00:43.634000,0 days 00:00:25.705000,0 days 01:11:28.638000,0 days 01:12:12.272000,0 days 01:12:37.977000,200.0,210.0,321.0,317.0,True,MEDIUM,9.0,True,Red Bull Racing,0 days 01:10:50.084000,,1,3.0,,,False,True
0 days 01:14:26.679000,PER,11,0 days 00:01:48.769000,10.0,1.0,,,0 days 00:00:38.837000,0 days 00:00:44.085000,0 days 00:00:25.847000,0 days 01:13:16.814000,0 days 01:14:00.899000,0 days 01:14:26.746000,191.0,206.0,321.0,316.0,False,MEDIUM,10.0,True,Red Bull Racing,0 days 01:12:37.910000,,1,3.0,,,False,True
0 days 01:16:15.400000,PER,11,0 days 00:01:48.721000,11.0,1.0,,,0 days 00:00:38.920000,0 days 00:00:43.941000,0 days 00:00:25.860000,0 days 01:15:05.666000,0 days 01:15:49.607000,0 days 01:16:15.467000,193.0,203.0,321.0,317.0,False,MEDIUM,11.0,True,Red Bull Racing,0 days 01:14:26.679000,,1,3.0,,,False,True
0 days 01:18:04.517000,PER,11,0 days 00:01:49.117000,12.0,1.0,,,0 days 00:00:38.965000,0 days 00:00:44.319000,0 days 00:00:25.833000,0 days 01:16:54.432000,0 days 01:17:38.751000,0 days 01:18:04.584000,194.0,205.0,319.0,316.0,False,MEDIUM,12.0,True,Red Bull Racing,0 days 01:16:15.400000,,1,3.0,,,False,True
0 days 01:19:57.915000,PER,11,0 days 00:01:53.398000,13.0,1.0,,0 days 01:19:56.742000,0 days 00:00:38.943000,0 days 00:00:44.374000,0 days 00:00:30.081000,0 days 01:18:43.527000,0 days 01:19:27.901000,0 days 01:19:57.982000,201.0,200.0,,316.0,False,MEDIUM,13.0,True,Red Bull Racing,0 days 01:18:04.517000,,1,4.0,,,False,False
0 days 01:22:02.779000,PER,11,0 days 00:02:04.864000,14.0,2.0,0 days 01:20:17.238000,,0 days 00:00:55.748000,0 days 00:00:43.539000,0 days 00:00:25.577000,0 days 01:20:53.730000,0 days 01:21:37.269000,0 days 01:22:02.846000,198.0,204.0,319.0,315.0,False,HARD,1.0,True,Red Bull Racing,0 days 01:19:57.915000,,1,6.0,,,False,False
0 days 01:23:51.364000,PER,11,0 days 00:01:48.585000,15.0,2.0,,,0 days 00:00:38.242000,0 days 00:00:45.012000,0 days 00:00:25.331000,0 days 01:22:41.088000,0 days 01:23:26.100000,0 days 01:23:51.431000,195.0,193.0,345.0,321.0,False,HARD,2.0,True,Red Bull Racing,0 days 01:22:02.779000,,1,6.0,,,False,True
0 days 01:25:38.504000,PER,11,0 days 00:01:47.140000,16.0,2.0,,,0 days 00:00:38.446000,0 days 00:00:43.353000,0 days 00:00:25.341000,0 days 01:24:29.877000,0 days 01:25:13.230000,0 days 01:25:38.571000,197.0,204.0,342.0,318.0,True,HARD,3.0,True,Red Bull Racing,0 days 01:23:51.364000,,1,5.0,,,False,True
0 days 01:27:27.340000,PER,11,0 days 00:01:48.836000,17.0,2.0,,,0 days 00:00:38.741000,0 days 00:00:44.762000,0 days 00:00:25.333000,0 days 01:26:17.312000,0 days 01:27:02.074000,0 days 01:27:27.407000,183.0,196.0,342.0,322.0,False,HARD,4.0,True,Red Bull Racing,0 days 01:25:38.504000,,1,5.0,,,False,True
0 days 01:29:16.770000,PER,11,0 days 00:01:49.430000,18.0,2.0,,,0 days 00:00:39.752000,0 days 00:00:44.346000,0 days 00:00:25.332000,0 days 01:28:07.159000,0 days 01:28:51.505000,0 days 01:29:16.837000,184.0,197.0,340.0,322.0,False,HARD,5.0,True,Red Bull Racing,0 days 01:27:27.340000,,1,4.0,,,False,True
0 days 01:31:04.342000,PER,11,0 days 00:01:47.572000,19.0,2.0,,,0 days 00:00:38.374000,0 days 00:00:43.611000,0 days 00:00:25.587000,0 days 01:29:55.211000,0 days 01:30:38.822000,0 days 01:31:04.409000,194.0,213.0,320.0,314.0,False,HARD,6.0,True,Red Bull Racing,0 days 01:29:16.770000,,1,3.0,,,False,True
0 days 01:32:51.997000,PER,11,0 days 00:01:47.655000,20.0,2.0,,,0 days 00:00:38.814000,0 days 00:00:43.488000,0 days 00:00:25.353000,0 days 01:31:43.223000,0 days 01:32:26.711000,0 days 01:32:52.064000,190.0,201.0,343.0,317.0,False,HARD,7.0,True,Red Bull Racing,0 days 01:31:04.342000,,1,3.0,,,False,True
0 days 01:34:39.716000,PER,11,0 days 00:01:47.719000,21.0,2.0,,,0 days 00:00:38.653000,0 days 00:00:43.794000,0 days 00:00:25.272000,0 days 01:33:30.717000,0 days 01:34:14.511000,0 days 01:34:39.783000,192.0,209.0,343.0,319.0,False,HARD,8.0,True,Red Bull Racing,0 days 01:32:51.997000,,1,3.0,,,False,True
0 days 01:36:27.827000,PER,11,0 days 00:01:48.111000,22.0,2.0,,,0 days 00:00:38.656000,0 days 00:00:43.962000,0 days 00:00:25.493000,0 days 01:35:18.439000,0 days 01:36:02.401000,0 days 01:36:27.894000,197.0,199.0,336.0,318.0,False,HARD,9.0,True,Red Bull Racing,0 days 01:34:39.716000,,1,3.0,,,False,True
0 days 01:38:15.287000,PER,11,0 days 00:01:47.460000,23.0,2.0,,,0 days 00:00:38.515000,0 days 00:00:43.645000,0 days 00:00:25.300000,0 days 01:37:06.409000,0 days 01:37:50.054000,0 days 01:38:15.354000,198.0,208.0,344.0,317.0,False,HARD,10.0,True,Red Bull Racing,0 days 01:36:27.827000,,1,3.0,,,False,True
0 days 01:40:02.672000,PER,11,0 days 00:01:47.385000,24.0,2.0,,,0 days 00:00:38.146000,0 days 00:00:43.674000,0 days 00:00:25.565000,0 days 01:38:53.500000,0 days 01:39:37.174000,0 days 01:40:02.739000,199.0,208.0,325.0,320.0,False,HARD,11.0,True,Red Bull Racing,0 days 01:38:15.287000,,1,3.0,,,False,True
0 days 01:41:50.157000,PER,11,0 days 00:01:47.485000,25.0,2.0,,,0 days 00:00:38.355000,0 days 00:00:43.676000,0 days 00:00:25.454000,0 days 01:40:41.094000,0 days 01:41:24.770000,0 days 01:41:50.224000,199.0,206.0,326.0,320.0,False,HARD,12.0,True,Red Bull Racing,0 days 01:40:02.672000,,1,3.0,,,False,True
0 days 01:43:37.748000,PER,11,0 days 00:01:47.591000,26.0,2.0,,,0 days 00:00:38.287000,0 days 00:00:43.636000,0 days 00:00:25.668000,0 days 01:42:28.511000,0 days 01:43:12.147000,0 days 01:43:37.815000,200.0,203.0,324.0,318.0,False,HARD,13.0,True,Red Bull Racing,0 days 01:41:50.157000,,1,3.0,,,False,True
0 days 01:45:25.081000,PER,11,0 days 00:01:47.333000,27.0,2.0,,,0 days 00:00:38.410000,0 days 00:00:43.380000,0 days 00:00:25.543000,0 days 01:44:16.225000,0 days 01:44:59.605000,0 days 01:45:25.148000,196.0,209.0,325.0,317.0,False,HARD,14.0,True,Red Bull Racing,0 days 01:43:37.748000,,1,3.0,,,False,True
0 days 01:47:12.545000,PER,11,0 days 00:01:47.464000,28.0,2.0,,,0 days 00:00:38.345000,0 days 00:00:43.603000,0 days 00:00:25.516000,0 days 01:46:03.493000,0 days 01:46:47.096000,0 days 01:47:12.612000,198.0,213.0,322.0,319.0,False,HARD,15.0,True,Red Bull Racing,0 days 01:45:25.081000,,1,3.0,,,False,True
0 days 01:49:00.178000,PER,11,0 days 00:01:47.633000,29.0,2.0,,,0 days 00:00:38.337000,0 days 00:00:43.711000,0 days 00:00:25.585000,0 days 01:47:50.949000,0 days 01:48:34.660000,0 days 01:49:00.245000,195.0,210.0,319.0,319.0,False,HARD,16.0,True,Red Bull Racing,0 days 01:47:12.545000,,1,3.0,,,False,True
0 days 01:50:47.714000,PER,11,0 days 00:01:47.536000,30.0,2.0,,,0 days 00:00:38.460000,0 days 00:00:43.595000,0 days 00:00:25.481000,0 days 01:49:38.705000,0 days 01:50:22.300000,0 days 01:50:47.781000,201.0,210.0,324.0,320.0,False,HARD,17.0,True,Red Bull Racing,0 days 01:49:00.178000,,1,3.0,,,False,True
0 days 01:52:35.641000,PER,11,0 days 00:01:47.927000,31.0,2.0,,,0 days 00:00:38.720000,0 days 00:00:43.721000,0 days 00:00:25.486000,0 days 01:51:26.501000,0 days 01:52:10.222000,0 days 01:52:35.708000,196.0,211.0,326.0,320.0,False,HARD,18.0,True,Red Bull Racing,0 days 01:50:47.714000,,1,3.0,,,False,True
0 days 01:54:23.271000,PER,11,0 days 00:01:47.630000,32.0,2.0,,,0 days 00:00:38.523000,0 days 00:00:43.788000,0 days 00:00:25.319000,0 days 01:53:14.231000,0 days 01:53:58.019000,0 days 01:54:23.338000,204.0,210.0,343.0,317.0,False,HARD,19.0,True,Red Bull Racing,0 days 01:52:35.641000,,1,3.0,,,False,True
0 days 01:56:11.713000,PER,11,0 days 00:01:48.442000,33.0,2.0,,,0 days 00:00:39.077000,0 days 00:00:44.106000,0 days 00:00:25.259000,0 days 01:55:02.415000,0 days 01:55:46.521000,0 days 01:56:11.780000,195.0,205.0,346.0,320.0,False,HARD,20.0,True,Red Bull Racing,0 days 01:54:23.271000,,1,3.0,,,False,True
0 days 01:57:59.856000,PER,11,0 days 00:01:48.143000,34.0,2.0,,,0 days 00:00:38.757000,0 days 00:00:44.016000,0 days 00:00:25.370000,0 days 01:56:50.537000,0 days 01:57:34.553000,0 days 01:57:59.923000,194.0,214.0,343.0,321.0,False,HARD,21.0,True,Red Bull Racing,0 days 01:56:11.713000,,1,3.0,,,False,True
0 days 01:59:48.065000,PER,11,0 days 00:01:48.209000,35.0,2.0,,,0 days 00:00:38.629000,0 days 00:00:43.944000,0 days 00:00:25.636000,0 days 01:58:38.552000,0 days 01:59:22.496000,0 days 01:59:48.132000,198.0,205.0,325.0,318.0,False,HARD,22.0,True,Red Bull Racing,0 days 01:57:59.856000,,1,3.0,,,False,True
0 days 02:01:36.583000,PER,11,0 days 00:01:48.518000,36.0,2.0,,,0 days 00:00:38.701000,0 days 00:00:43.999000,0 days 00:00:25.818000,0 days 02:00:26.833000,0 days 02:01:10.832000,0 days 02:01:36.650000,194.0,205.0,322.0,319.0,False,HARD,23.0,True,Red Bull Racing,0 days 01:59:48.065000,,12,3.0,,,False,True
0 days 02:03:24.911000,PER,11,0 days 00:01:48.328000,37.0,2.0,,,0 days 00:00:38.747000,0 days 00:00:43.856000,0 days 00:00:25.725000,0 days 02:02:15.397000,0 days 02:02:59.253000,0 days 02:03:24.978000,211.0,212.0,324.0,319.0,False,HARD,24.0,True,Red Bull Racing,0 days 02:01:36.583000,,1,3.0,,,False,True
0 days 02:05:12.698000,PER,11,0 days 00:01:47.787000,38.0,2.0,,,0 days 00:00:38.456000,0 days 00:00:43.757000,0 days 00:00:25.574000,0 days 02:04:03.434000,0 days 02:04:47.191000,0 days 02:05:12.765000,200.0,214.0,323.0,319.0,False,HARD,25.0,True,Red Bull Racing,0 days 02:03:24.911000,,1,3.0,,,False,True
0 days 02:07:00.330000,PER,11,0 days 00:01:47.632000,39.0,2.0,,,0 days 00:00:38.552000,0 days 00:00:43.624000,0 days 00:00:25.456000,0 days 02:05:51.317000,0 days 02:06:34.941000,0 days 02:07:00.397000,198.0,213.0,323.0,318.0,False,HARD,26.0,True,Red Bull Racing,0 days 02:05:12.698000,,1,3.0,,,False,True
0 days 02:08:47.939000,PER,11,0 days 00:01:47.609000,40.0,2.0,,,0 days 00:00:38.538000,0 days 00:00:43.413000,0 days 00:00:25.658000,0 days 02:07:38.935000,0 days 02:08:22.348000,0 days 02:08:48.006000,203.0,214.0,323.0,318.0,False,HARD,27.0,True,Red Bull Racing,0 days 02:07:00.330000,,1,3.0,,,False,True
0 days 02:10:35.028000,PER,11,0 days 00:01:47.089000,41.0,2.0,,,0 days 00:00:38.263000,0 days 00:00:43.350000,0 days 00:00:25.476000,0 days 02:09:26.269000,0 days 02:10:09.619000,0 days 02:10:35.095000,208.0,211.0,325.0,320.0,True,HARD,28.0,True,Red Bull Racing,0 days 02:08:47.939000,,1,3.0,,,False,True
0 days 02:12:22.167000,PER,11,0 days 00:01:47.139000,42.0,2.0,,,0 days 00:00:38.341000,0 days 00:00:43.585000,0 days 00:00:25.213000,0 days 02:11:13.436000,0 days 02:11:57.021000,0 days 02:12:22.234000,197.0,208.0,346.0,322.0,False,HARD,29.0,True,Red Bull Racing,0 days 02:10:35.028000,,1,3.0,,,False,True
0 days 02:14:10.127000,PER,11,0 days 00:01:47.960000,43.0,2.0,,,0 days 00:00:38.391000,0 days 00:00:43.861000,0 days 00:00:25.708000,0 days 02:13:00.625000,0 days 02:13:44.486000,0 days 02:14:10.194000,195.0,214.0,326.0,321.0,False,HARD,30.0,True,Red Bull Racing,0 days 02:12:22.167000,,1,3.0,,,False,True
0 days 02:15:57.557000,PER,11,0 days 00:01:47.430000,44.0,2.0,,,0 days 00:00:38.484000,0 days 00:00:43.359000,0 days 00:00:25.587000,0 days 02:14:48.678000,0 days 02:15:32.037000,0 days 02:15:57.624000,194.0,210.0,318.0,320.0,False,HARD,31.0,True,Red Bull Racing,0 days 02:14:10.127000,,1,3.0,,,False,True
0 days 02:17:45.127000,PER,11,0 days 00:01:47.570000,45.0,2.0,,,0 days 00:00:38.498000,0 days 00:00:43.588000,0 days 00:00:25.484000,0 days 02:16:36.122000,0 days 02:17:19.710000,0 days 02:17:45.194000,197.0,204.0,328.0,321.0,False,HARD,32.0,True,Red Bull Racing,0 days 02:15:57.557000,,1,3.0,,,False,True
0 days 02:19:32.140000,PER,11,0 days 00:01:47.013000,46.0,2.0,,,0 days 00:00:38.330000,0 days 00:00:43.501000,0 days 00:00:25.182000,0 days 02:18:23.524000,0 days 02:19:07.025000,0 days 02:19:32.207000,196.0,215.0,345.0,323.0,True,HARD,33.0,True,Red Bull Racing,0 days 02:17:45.127000,,1,3.0,,,False,True
0 days 02:21:19.785000,PER,11,0 days 00:01:47.645000,47.0,2.0,,,0 days 00:00:38.629000,0 days 00:00:43.799000,0 days 00:00:25.217000,0 days 02:20:10.836000,0 days 02:20:54.635000,0 days 02:21:19.852000,198.0,203.0,345.0,324.0,False,HARD,34.0,True,Red Bull Racing,0 days 02:19:32.140000,,1,3.0,,,False,True
0 days 02:23:08.088000,PER,11,0 days 00:01:48.303000,48.0,2.0,,,0 days 00:00:39.250000,0 days 00:00:43.740000,0 days 00:00:25.313000,0 days 02:21:59.102000,0 days 02:22:42.842000,0 days 02:23:08.155000,193.0,208.0,345.0,321.0,False,HARD,35.0,True,Red Bull Racing,0 days 02:21:19.785000,,1,3.0,,,False,True
0 days 02:24:56.538000,PER,11,0 days 00:01:48.450000,49.0,2.0,,,0 days 00:00:39.279000,0 days 00:00:43.986000,0 days 00:00:25.185000,0 days 02:23:47.434000,0 days 02:24:31.420000,0 days 02:24:56.605000,192.0,201.0,345.0,320.0,False,HARD,36.0,True,Red Bull Racing,0 days 02:23:08.088000,,1,3.0,,,False,True
0 days 02:27:26.538000,PER,11,,50.0,2.0,,,,,,,,,,,,,,HARD,37.0,True,Red Bull Racing,0 days 02:24:56.538000,,126,,,,True,False
0 days 00:58:12.740000,ALO,14,0 days 00:01:57.400000,1.0,1.0,,,,0 days 00:00:45.558000,0 days 00:00:25.588000,,0 days 00:57:47.248000,0 days 00:58:12.918000,184.0,207.0,330.0,323.0,False,MEDIUM,2.0,False,Aston Martin,0 days 00:56:15.070000,,1,7.0,,,False,False
0 days 01:00:02.821000,ALO,14,0 days 00:01:50.081000,2.0,1.0,,,0 days 00:00:39.630000,0 days 00:00:44.900000,0 days 00:00:25.551000,0 days 00:58:52.414000,0 days 00:59:37.314000,0 days 01:00:02.865000,192.0,197.0,331.0,323.0,True,MEDIUM,3.0,False,Aston Martin,0 days 00:58:12.740000,,1,7.0,,,False,True
0 days 01:01:53.083000,ALO,14,0 days 00:01:50.262000,3.0,1.0,,,0 days 00:00:39.581000,0 days 00:00:45.064000,0 days 00:00:25.617000,0 days 01:00:42.446000,0 days 01:01:27.510000,0 days 01:01:53.127000,195.0,203.0,321.0,323.0,False,MEDIUM,4.0,False,Aston Martin,0 days 01:00:02.821000,,1,7.0,,,False,True
0 days 01:03:43.058000,ALO,14,0 days 00:01:49.975000,4.0,1.0,,,0 days 00:00:39.396000,0 days 00:00:44.872000,0 days 00:00:25.707000,0 days 01:02:32.523000,0 days 01:03:17.395000,0 days 01:03:43.102000,200.0,210.0,325.0,323.0,True,MEDIUM,5.0,False,Aston Martin,0 days 01:01:53.083000,,1,7.0,,,False,True
0 days 01:05:33.161000,ALO,14,0 days 00:01:50.103000,5.0,1.0,,,0 days 00:00:39.485000,0 days 00:00:45.012000,0 days 00:00:25.606000,0 days 01:04:22.587000,0 days 01:05:07.599000,0 days 01:05:33.205000,192.0,199.0,326.0,321.0,False,MEDIUM,6.0,False,Aston Martin,0 days 01:03:43.058000,,1,7.0,,,False,True
0 days 01:07:23.098000,ALO,14,0 days 00:01:49.937000,6.0,1.0,,,0 days 00:00:39.339000,0 days 00:00:44.929000,0 days 00:00:25.669000,0 days 01:06:12.544000,0 days 01:06:57.473000,0 days 01:07:23.142000,191.0,202.0,325.0,320.0,True,MEDIUM,7.0,False,Aston Martin,0 days 01:05:33.161000,,1,7.0,,,False,True
0 days 01:09:12.758000,ALO,14,0 days 00:01:49.660000,7.0,1.0,,,0 days 00:00:39.320000,0 days 00:00:44.738000,0 days 00:00:25.602000,0 days 01:08:02.462000,0 days 01:08:47.200000,0 days 01:09:12.802000,187.0,198.0,325.0,321.0,True,MEDIUM,8.0,False,Aston Martin,0 days 01:07:23.098000,,1,7.0,,,False,True
0 days 01:11:01.890000,ALO,14,0 days 00:01:49.132000,8.0,1.0,,,0 days 00:00:39.104000,0 days 00:00:44.441000,0 days 00:00:25.587000,0 days 01:09:51.906000,0 days 01:10:36.347000,0 days 01:11:01.934000,196.0,203.0,326.0,321.0,True,MEDIUM,9.0,False,Aston Martin,0 days 01:09:12.758000,,1,7.0,,,False,True
0 days 01:12:50.946000,ALO,14,0 days 00:01:49.056000,9.0,1.0,,,0 days 00:00:38.890000,0 days 00:00:44.561000,0 days 00:00:25.605000,0 days 01:11:40.824000,0 days 01:12:25.385000,0 days 01:12:50.990000,193.0,208.0,327.0,322.0,True,MEDIUM,10.0,False,Aston Martin,0 days 01:11:01.890000,,1,7.0,,,False,True
0 days 01:14:40.300000,ALO,14,0 days 00:01:49.354000,10.0,1.0,,,0 days 00:00:39.046000,0 days 00:00:44.690000,0 days 00:00:25.618000,0 days 01:13:30.036000,0 days 01:14:14.726000,0 days 01:14:40.344000,193.0,197.0,327.0,322.0,False,MEDIUM,11.0,False,Aston Martin,0 days 01:12:50.946000,,1,7.0,,,False,True
0 days 01:16:33.792000,ALO,14,0 days 00:01:53.492000,11.0,1.0,,0 days 01:16:32.554000,0 days 00:00:39.058000,0 days 00:00:44.774000,0 days 00:00:29.660000,0 days 01:15:19.402000,0 days 01:16:04.176000,0 days 01:16:33.836000,197.0,199.0,,322.0,False,MEDIUM,12.0,False,Aston Martin,0 days 01:14:40.300000,,1,8.0,,,False,False
0 days 01:18:39.341000,ALO,14,0 days 00:02:05.549000,12.0,2.0,0 days 01:16:52.671000,,0 days 00:00:55.044000,0 days 00:00:44.845000,0 days 00:00:25.660000,0 days 01:17:28.880000,0 days 01:18:13.725000,0 days 01:18:39.385000,192.0,202.0,325.0,322.0,False,HARD,2.0,False,Aston Martin,0 days 01:16:33.792000,,1,13.0,,,False,False
0 days 01:20:28.627000,ALO,14,0 days 00:01:49.286000,13.0,2.0,,,0 days 00:00:39.256000,0 days 00:00:44.595000,0 days 00:00:25.435000,0 days 01:19:18.641000,0 days 01:20:03.236000,0 days 01:20:28.671000,190.0,209.0,329.0,324.0,False,HARD,3.0,False,Aston Martin,0 days 01:18:39.341000,,1,13.0,,,False,True
0 days 01:22:17.849000,ALO,14,0 days 00:01:49.222000,14.0,2.0,,,0 days 00:00:39.142000,0 days 00:00:44.655000,0 days 00:00:25.425000,0 days 01:21:07.813000,0 days 01:21:52.468000,0 days 01:22:17.893000,188.0,205.0,325.0,323.0,False,HARD,4.0,False,Aston Martin,0 days 01:20:28.627000,,1,13.0,,,False,True
0 days 01:24:07.833000,ALO,14,0 days 00:01:49.984000,15.0,2.0,,,0 days 00:00:39.305000,0 days 00:00:45.222000,0 days 00:00:25.457000,0 days 01:22:57.198000,0 days 01:23:42.420000,0 days 01:24:07.877000,192.0,192.0,347.0,328.0,False,HARD,5.0,False,Aston Martin,0 days 01:22:17.849000,,1,11.0,,,False,True
0 days 01:25:56.592000,ALO,14,0 days 00:01:48.759000,16.0,2.0,,,0 days 00:00:39.102000,0 days 00:00:44.515000,0 days 00:00:25.142000,0 days 01:24:46.979000,0 days 01:25:31.494000,0 days 01:25:56.636000,183.0,192.0,343.0,327.0,True,HARD,6.0,False,Aston Martin,0 days 01:24:07.833000,,1,9.0,,,False,True
0 days 01:27:45.692000,ALO,14,0 days 00:01:49.100000,17.0,2.0,,,0 days 00:00:38.987000,0 days 00:00:44.569000,0 days 00:00:25.544000,0 days 01:26:35.623000,0 days 01:27:20.192000,0 days 01:27:45.736000,188.0,204.0,326.0,322.0,False,HARD,7.0,False,Aston Martin,0 days 01:25:56.592000,,1,9.0,,,False,True
0 days 01:29:35.207000,ALO,14,0 days 00:01:49.515000,18.0,2.0,,,0 days 00:00:39.073000,0 days 00:00:44.858000,0 days 00:00:25.584000,0 days 01:28:24.809000,0 days 01:29:09.667000,0 days 01:29:35.251000,193.0,201.0,326.0,322.0,False,HARD,8.0,False,Aston Martin,0 days 01:27:45.692000,,1,9.0,,,False,True
0 days 01:31:24.446000,ALO,14,0 days 00:01:49.239000,19.0,2.0,,,0 days 00:00:39.072000,0 days 00:00:44.623000,0 days 00:00:25.544000,0 days 01:30:14.323000,0 days 01:30:58.946000,0 days 01:31:24.490000,195.0,205.0,325.0,320.0,False,HARD,9.0,False,Aston Martin,0 days 01:29:35.207000,,1,9.0,,,False,True
0 days 01:33:13.825000,ALO,14,0 days 00:01:49.379000,20.0,2.0,,,0 days 00:00:39.076000,0 days 00:00:44.661000,0 days 00:00:25.642000,0 days 01:32:03.566000,0 days 01:32:48.227000,0 days 01:33:13.869000,187.0,202.0,324.0,319.0,False,HARD,10.0,False,Aston Martin,0 days 01:31:24.446000,,1,9.0,,,False,True
0 days 01:35:02.976000,ALO,14,0 days 00:01:49.151000,21.0,2.0,,,0 days 00:00:38.984000,0 days 00:00:44.587000,0 days 00:00:25.580000,0 days 01:33:52.853000,0 days 01:34:37.440000,0 days 01:35:03.020000,202.0,201.0,325.0,321.0,False,HARD,11.0,False,Aston Martin,0 days 01:33:13.825000,,1,9.0,,,False,True
0 days 01:36:52.023000,ALO,14,0 days 00:01:49.047000,22.0,2.0,,,0 days 00:00:38.903000,0 days 00:00:44.537000,0 days 00:00:25.607000,0 days 01:35:41.923000,0 days 01:36:26.460000,0 days 01:36:52.067000,189.0,206.0,325.0,319.0,False,HARD,12.0,False,Aston Martin,0 days 01:35:02.976000,,1,9.0,,,False,True
0 days 01:38:41.127000,ALO,14,0 days 00:01:49.104000,23.0,2.0,,,0 days 00:00:38.980000,0 days 00:00:44.599000,0 days 00:00:25.525000,0 days 01:37:31.047000,0 days 01:38:15.646000,0 days 01:38:41.171000,191.0,206.0,326.0,319.0,False,HARD,13.0,False,Aston Martin,0 days 01:36:52.023000,,1,9.0,,,False,True
0 days 01:40:29.962000,ALO,14,0 days 00:01:48.835000,24.0,2.0,,,0 days 00:00:38.786000,0 days 00:00:44.414000,0 days 00:00:25.635000,0 days 01:39:19.957000,0 days 01:40:04.371000,0 days 01:40:30.006000,195.0,203.0,327.0,322.0,False,HARD,14.0,False,Aston Martin,0 days 01:38:41.127000,,1,9.0,,,False,True
0 days 01:42:18.982000,ALO,14,0 days 00:01:49.020000,25.0,2.0,,,0 days 00:00:38.913000,0 days 00:00:44.479000,0 days 00:00:25.628000,0 days 01:41:08.919000,0 days 01:41:53.398000,0 days 01:42:19.026000,193.0,202.0,326.0,320.0,False,HARD,15.0,False,Aston Martin,0 days 01:40:29.962000,,1,9.0,,,False,True
0 days 01:44:08.160000,ALO,14,0 days 00:01:49.178000,26.0,2.0,,,0 days 00:00:39.083000,0 days 00:00:44.522000,0 days 00:00:25.573000,0 days 01:42:58.109000,0 days 01:43:42.631000,0 days 01:44:08.204000,191.0,203.0,325.0,320.0,False,HARD,16.0,False,Aston Martin,0 days 01:42:18.982000,,1,9.0,,,False,True
0 days 01:45:56.889000,ALO,14,0 days 00:01:48.729000,27.0,2.0,,,0 days 00:00:38.841000,0 days 00:00:44.443000,0 days 00:00:25.445000,0 days 01:44:47.045000,0 days 01:45:31.488000,0 days 01:45:56.933000,195.0,208.0,326.0,321.0,True,HARD,17.0,False,Aston Martin,0 days 01:44:08.160000,,1,9.0,,,False,True
0 days 01:47:45.524000,ALO,14,0 days 00:01:48.635000,28.0,2.0,,,0 days 00:00:38.704000,0 days 00:00:44.384000,0 days 00:00:25.547000,0 days 01:46:35.637000,0 days 01:47:20.021000,0 days 01:47:45.568000,197.0,211.0,324.0,322.0,True,HARD,18.0,False,Aston Martin,0 days 01:45:56.889000,,1,9.0,,,False,True
0 days 01:49:34.306000,ALO,14,0 days 00:01:48.782000,29.0,2.0,,,0 days 00:00:38.665000,0 days 00:00:44.532000,0 days 00:00:25.585000,0 days 01:48:24.233000,0 days 01:49:08.765000,0 days 01:49:34.350000,192.0,203.0,325.0,321.0,False,HARD,19.0,False,Aston Martin,0 days 01:47:45.524000,,1,9.0,,,False,True
0 days 01:51:23.895000,ALO,14,0 days 00:01:49.589000,30.0,2.0,,,0 days 00:00:39.406000,0 days 00:00:44.611000,0 days 00:00:25.572000,0 days 01:50:13.756000,0 days 01:50:58.367000,0 days 01:51:23.939000,186.0,200.0,328.0,320.0,False,HARD,20.0,False,Aston Martin,0 days 01:49:34.306000,,1,9.0,,,False,True
0 days 01:53:12.874000,ALO,14,0 days 00:01:48.979000,31.0,2.0,,,0 days 00:00:38.789000,0 days 00:00:44.588000,0 days 00:00:25.602000,0 days 01:52:02.728000,0 days 01:52:47.316000,0 days 01:53:12.918000,194.0,200.0,324.0,320.0,False,HARD,21.0,False,Aston Martin,0 days 01:51:23.895000,,1,9.0,,,False,True
0 days 01:55:02.954000,ALO,14,0 days 00:01:50.080000,32.0,2.0,,,0 days 00:00:40.169000,0 days 00:00:44.438000,0 days 00:00:25.473000,0 days 01:53:53.087000,0 days 01:54:37.525000,0 days 01:55:02.998000,185.0,205.0,325.0,320.0,False,HARD,22.0,False,Aston Martin,0 days 01:53:12.874000,,1,8.0,,,False,True
0 days 01:56:51.779000,ALO,14,0 days 00:01:48.825000,33.0,2.0,,,0 days 00:00:38.963000,0 days 00:00:44.320000,0 days 00:00:25.542000,0 days 01:55:41.961000,0 days 01:56:26.281000,0 days 01:56:51.823000,191.0,209.0,326.0,320.0,False,HARD,23.0,False,Aston Martin,0 days 01:55:02.954000,,1,8.0,,,False,True
0 days 01:58:41.039000,ALO,14,0 days 00:01:49.260000,34.0,2.0,,,0 days 00:00:38.984000,0 days 00:00:44.791000,0 days 00:00:25.485000,0 days 01:57:30.807000,0 days 01:58:15.598000,0 days 01:58:41.083000,197.0,199.0,325.0,320.0,False,HARD,24.0,False,Aston Martin,0 days 01:56:51.779000,,1,8.0,,,False,True
0 days 02:00:30.572000,ALO,14,0 days 00:01:49.533000,35.0,2.0,,,0 days 00:00:39.172000,0 days 00:00:44.767000,0 days 00:00:25.594000,0 days 01:59:20.255000,0 days 02:00:05.022000,0 days 02:00:30.616000,192.0,203.0,324.0,322.0,False,HARD,25.0,False,Aston Martin,0 days 01:58:41.039000,,1,8.0,,,False,True
0 days 02:02:18.778000,ALO,14,0 days 00:01:48.206000,36.0,2.0,,,0 days 00:00:38.704000,0 days 00:00:44.028000,0 days 00:00:25.474000,0 days 02:01:09.320000,0 days 02:01:53.348000,0 days 02:02:18.822000,198.0,207.0,326.0,321.0,True,HARD,26.0,False,Aston Martin,0 days 02:00:30.572000,,12,8.0,,,False,True
0 days 02:04:06.667000,ALO,14,0 days 00:01:47.889000,37.0,2.0,,,0 days 00:00:38.484000,0 days 00:00:43.963000,0 days 00:00:25.442000,0 days 02:02:57.306000,0 days 02:03:41.269000,0 days 02:04:06.711000,201.0,207.0,326.0,322.0,True,HARD,27.0,False,Aston Martin,0 days 02:02:18.778000,,1,8.0,,,False,True
0 days 02:05:54.798000,ALO,14,0 days 00:01:48.131000,38.0,2.0,,,0 days 00:00:38.607000,0 days 00:00:44.030000,0 days 00:00:25.494000,0 days 02:04:45.318000,0 days 02:05:29.348000,0 days 02:05:54.842000,197.0,204.0,326.0,322.0,False,HARD,28.0,False,Aston Martin,0 days 02:04:06.667000,,1,8.0,,,False,True
0 days 02:07:42.768000,ALO,14,0 days 00:01:47.970000,39.0,2.0,,,0 days 00:00:38.605000,0 days 00:00:43.956000,0 days 00:00:25.409000,0 days 02:06:33.447000,0 days 02:07:17.403000,0 days 02:07:42.812000,197.0,212.0,326.0,322.0,False,HARD,29.0,False,Aston Martin,0 days 02:05:54.798000,,1,8.0,,,False,True
0 days 02:09:30.487000,ALO,14,0 days 00:01:47.719000,40.0,2.0,,,0 days 00:00:38.424000,0 days 00:00:43.860000,0 days 00:00:25.435000,0 days 02:08:21.236000,0 days 02:09:05.096000,0 days 02:09:30.531000,195.0,213.0,326.0,321.0,True,HARD,30.0,False,Aston Martin,0 days 02:07:42.768000,,1,8.0,,,False,True
0 days 02:11:18.443000,ALO,14,0 days 00:01:47.956000,41.0,2.0,,,0 days 00:00:38.512000,0 days 00:00:44.041000,0 days 00:00:25.403000,0 days 02:10:09.043000,0 days 02:10:53.084000,0 days 02:11:18.487000,197.0,204.0,326.0,320.0,False,HARD,31.0,False,Aston Martin,0 days 02:09:30.487000,,1,8.0,,,False,True
0 days 02:13:05.794000,ALO,14,0 days 00:01:47.351000,42.0,2.0,,,0 days 00:00:38.349000,0 days 00:00:43.674000,0 days 00:00:25.328000,0 days 02:11:56.836000,0 days 02:12:40.510000,0 days 02:13:05.838000,206.0,215.0,327.0,322.0,True,HARD,32.0,False,Aston Martin,0 days 02:11:18.443000,,1,8.0,,,False,True
0 days 02:14:53.280000,ALO,14,0 days 00:01:47.486000,43.0,2.0,,,0 days 00:00:38.326000,0 days 00:00:43.734000,0 days 00:00:25.426000,0 days 02:13:44.164000,0 days 02:14:27.898000,0 days 02:14:53.324000,201.0,210.0,326.0,321.0,False,HARD,33.0,False,Aston Martin,0 days 02:13:05.794000,,1,8.0,,,False,True
0 days 02:16:40.745000,ALO,14,0 days 00:01:47.465000,44.0,2.0,,,0 days 00:00:38.234000,0 days 00:00:43.764000,0 days 00:00:25.467000,0 days 02:15:31.558000,0 days 02:16:15.322000,0 days 02:16:40.789000,196.0,211.0,326.0,322.0,False,HARD,34.0,False,Aston Martin,0 days 02:14:53.280000,,1,8.0,,,False,True
0 days 02:18:28.243000,ALO,14,0 days 00:01:47.498000,45.0,2.0,,,0 days 00:00:38.224000,0 days 00:00:43.887000,0 days 00:00:25.387000,0 days 02:17:19.013000,0 days 02:18:02.900000,0 days 02:18:28.287000,202.0,214.0,326.0,322.0,False,HARD,35.0,False,Aston Martin,0 days 02:16:40.745000,,1,8.0,,,False,True
0 days 02:20:15.814000,ALO,14,0 days 00:01:47.571000,46.0,2.0,,,0 days 00:00:38.273000,0 days 00:00:43.875000,0 days 00:00:25.423000,0 days 02:19:06.560000,0 days 02:19:50.435000,0 days 02:20:15.858000,196.0,212.0,325.0,321.0,False,HARD,36.0,False,Aston Martin,0 days 02:18:28.243000,,1,8.0,,,False,True
0 days 02:22:03.168000,ALO,14,0 days 00:01:47.354000,47.0,2.0,,,0 days 00:00:38.175000,0 days 00:00:43.699000,0 days 00:00:25.480000,0 days 02:20:54.033000,0 days 02:21:37.732000,0 days 02:22:03.212000,203.0,215.0,326.0,321.0,False,HARD,37.0,False,Aston Martin,0 days 02:20:15.814000,,1,8.0,,,False,True
0 days 02:23:50.225000,ALO,14,0 days 00:01:47.057000,48.0,2.0,,,0 days 00:00:38.067000,0 days 00:00:43.567000,0 days 00:00:25.423000,0 days 02:22:41.279000,0 days 02:23:24.846000,0 days 02:23:50.269000,202.0,208.0,326.0,321.0,True,HARD,38.0,False,Aston Martin,0 days 02:22:03.168000,,1,8.0,,,False,True
0 days 02:25:37.377000,ALO,14,0 days 00:01:47.152000,49.0,2.0,,,0 days 00:00:38.198000,0 days 00:00:43.569000,0 days 00:00:25.385000,0 days 02:24:28.467000,0 days 02:25:12.036000,0 days 02:25:37.421000,199.0,216.0,326.0,320.0,False,HARD,39.0,False,Aston Martin,0 days 02:23:50.225000,,12,8.0,,,False,True
0 days 02:28:06.539000,ALO,14,0 days 00:02:29.162000,50.0,2.0,,,0 days 00:00:52.800000,0 days 00:00:56.870000,0 days 00:00:39.492000,0 days 02:26:30.221000,0 days 02:27:27.091000,0 days 02:28:06.583000,181.0,137.0,263.0,195.0,False,HARD,40.0,False,Aston Martin,0 days 02:25:37.377000,,26,6.0,,,False,False
0 days 02:30:38.866000,ALO,14,,51.0,2.0,,,0 days 00:01:05.674000,0 days 00:00:51.447000,0 days 00:00:35.155000,0 days 02:29:12.308000,0 days 02:30:03.873000,0 days 02:30:38.973000,149.0,186.0,200.0,201.0,False,HARD,41.0,False,Aston Martin,0 days 02:28:06.539000,,6,6.0,,,False,False
0 days 00:58:07.446000,LEC,16,0 days 00:01:52.106000,1.0,1.0,,,,0 days 00:00:44.723000,0 days 00:00:25.982000,,0 days 00:57:41.575000,0 days 00:58:07.648000,191.0,210.0,314.0,311.0,False,MEDIUM,1.0,True,Ferrari,0 days 00:56:15.070000,,1,1.0,,,False,False
0 days 00:59:56.729000,LEC,16,0 days 00:01:49.283000,2.0,1.0,,,0 days 00:00:39.094000,0 days 00:00:44.289000,0 days 00:00:25.900000,0 days 00:58:46.590000,0 days 00:59:30.879000,0 days 00:59:56.779000,194.0,212.0,316.0,312.0,True,MEDIUM,2.0,True,Ferrari,0 days 00:58:07.446000,,1,1.0,,,False,True
0 days 01:01:45.141000,LEC,16,0 days 00:01:48.412000,3.0,1.0,,,0 days 00:00:38.627000,0 days 00:00:43.904000,0 days 00:00:25.881000,0 days 01:00:35.406000,0 days 01:01:19.310000,0 days 01:01:45.191000,202.0,210.0,309.0,312.0,True,MEDIUM,3.0,True,Ferrari,0 days 00:59:56.729000,,1,1.0,,,False,True
0 days 01:03:33.549000,LEC,16,0 days 00:01:48.408000,4.0,1.0,,,0 days 00:00:38.622000,0 days 00:00:43.959000,0 days 00:00:25.827000,0 days 01:02:23.813000,0 days 01:03:07.772000,0 days 01:03:33.599000,201.0,211.0,312.0,314.0,True,MEDIUM,4.0,True,Ferrari,0 days 01:01:45.141000,,1,1.0,,,False,True
0 days 01:05:21.863000,LEC,16,0 days 00:01:48.314000,5.0,1.0,,,0 days 00:00:38.693000,0 days 00:00:43.805000,0 days 00:00:25.816000,0 days 01:04:12.292000,0 days 01:04:56.097000,0 days 01:05:21.913000,198.0,210.0,315.0,315.0,True,MEDIUM,5.0,True,Ferrari,0 days 01:03:33.549000,,1,1.0,,,False,True
0 days 01:07:09.915000,LEC,16,0 days 00:01:48.052000,6.0,1.0,,,0 days 00:00:38.541000,0 days 00:00:43.739000,0 days 00:00:25.772000,0 days 01:06:00.454000,0 days 01:06:44.193000,0 days 01:07:09.965000,194.0,211.0,310.0,313.0,True,MEDIUM,6.0,True,Ferrari,0 days 01:05:21.863000,,1,1.0,,,False,True
0 days 01:08:58.426000,LEC,16,0 days 00:01:48.511000,7.0,1.0,,,0 days 00:00:38.704000,0 days 00:00:43.996000,0 days 00:00:25.811000,0 days 01:07:48.669000,0 days 01:08:32.665000,0 days 01:08:58.476000,204.0,212.0,310.0,313.0,False,MEDIUM,7.0,True,Ferrari,0 days 01:07:09.915000,,1,1.0,,,False,True
0 days 01:10:46.098000,LEC,16,0 days 00:01:47.672000,8.0,1.0,,,0 days 00:00:38.246000,0 days 00:00:43.690000,0 days 00:00:25.736000,0 days 01:09:36.722000,0 days 01:10:20.412000,0 days 01:10:46.148000,201.0,211.0,316.0,312.0,True,MEDIUM,8.0,True,Ferrari,0 days 01:08:58.426000,,1,1.0,,,False,True
0 days 01:12:33.926000,LEC,16,0 days 00:01:47.828000,9.0,1.0,,,0 days 00:00:38.302000,0 days 00:00:43.726000,0 days 00:00:25.800000,0 days 01:11:24.450000,0 days 01:12:08.176000,0 days 01:12:33.976000,207.0,211.0,311.0,313.0,False,MEDIUM,9.0,True,Ferrari,0 days 01:10:46.098000,,1,1.0,,,False,True
0 days 01:14:22.020000,LEC,16,0 days 00:01:48.094000,10.0,1.0,,,0 days 00:00:38.475000,0 days 00:00:43.742000,0 days 00:00:25.877000,0 days 01:13:12.451000,0 days 01:13:56.193000,0 days 01:14:22.070000,202.0,206.0,312.0,314.0,False,MEDIUM,10.0,True,Ferrari,0 days 01:12:33.926000,,1,1.0,,,False,True
0 days 01:16:09.942000,LEC,16,0 days 00:01:47.922000,11.0,1.0,,,0 days 00:00:38.456000,0 days 00:00:43.604000,0 days 00:00:25.862000,0 days 01:15:00.526000,0 days 01:15:44.130000,0 days 01:16:09.992000,202.0,211.0,312.0,314.0,False,MEDIUM,11.0,True,Ferrari,0 days 01:14:22.020000,,1,1.0,,,False,True
0 days 01:17:58.032000,LEC,16,0 days 00:01:48.090000,12.0,1.0,,,0 days 00:00:38.508000,0 days 00:00:43.747000,0 days 00:00:25.835000,0 days 01:16:48.500000,0 days 01:17:32.247000,0 days 01:17:58.082000,209.0,215.0,311.0,313.0,False,MEDIUM,12.0,True,Ferrari,0 days 01:16:09.942000,,1,1.0,,,False,True
0 days 01:19:46.493000,LEC,16,0 days 00:01:48.461000,13.0,1.0,,,0 days 00:00:38.577000,0 days 00:00:43.922000,0 days 00:00:25.962000,0 days 01:18:36.659000,0 days 01:19:20.581000,0 days 01:19:46.543000,199.0,215.0,313.0,314.0,False,MEDIUM,13.0,True,Ferrari,0 days 01:17:58.032000,,1,1.0,,,False,True
0 days 01:21:35.324000,LEC,16,0 days 00:01:48.831000,14.0,1.0,,,0 days 00:00:38.692000,0 days 00:00:44.227000,0 days 00:00:25.912000,0 days 01:20:25.235000,0 days 01:21:09.462000,0 days 01:21:35.374000,199.0,212.0,314.0,313.0,False,MEDIUM,14.0,True,Ferrari,0 days 01:19:46.493000,,1,1.0,,,False,True
0 days 01:23:25.314000,LEC,16,0 days 00:01:49.990000,15.0,1.0,,,0 days 00:00:39.228000,0 days 00:00:44.655000,0 days 00:00:26.107000,0 days 01:22:14.602000,0 days 01:22:59.257000,0 days 01:23:25.364000,198.0,208.0,314.0,314.0,False,MEDIUM,15.0,True,Ferrari,0 days 01:21:35.324000,,1,1.0,,,False,True
0 days 01:25:19.158000,LEC,16,0 days 00:01:53.844000,16.0,1.0,,0 days 01:25:17.821000,0 days 00:00:39,0 days 00:00:44.722000,0 days 00:00:30.122000,0 days 01:24:04.364000,0 days 01:24:49.086000,0 days 01:25:19.208000,205.0,211.0,,313.0,False,MEDIUM,16.0,True,Ferrari,0 days 01:23:25.314000,,1,1.0,,,False,False
0 days 01:27:25.229000,LEC,16,0 days 00:02:06.071000,17.0,2.0,0 days 01:25:38.688000,,0 days 00:00:56.582000,0 days 00:00:43.730000,0 days 00:00:25.759000,0 days 01:26:15.790000,0 days 01:26:59.520000,0 days 01:27:25.279000,189.0,214.0,311.0,315.0,False,HARD,1.0,True,Ferrari,0 days 01:25:19.158000,,1,2.0,,,False,False
0 days 01:29:13.587000,LEC,16,0 days 00:01:48.358000,18.0,2.0,,,0 days 00:00:38.760000,0 days 00:00:43.707000,0 days 00:00:25.891000,0 days 01:28:04.039000,0 days 01:28:47.746000,0 days 01:29:13.637000,201.0,219.0,310.0,313.0,False,HARD,2.0,True,Ferrari,0 days 01:27:25.229000,,1,1.0,,,False,True
0 days 01:31:01.480000,LEC,16,0 days 00:01:47.893000,19.0,2.0,,,0 days 00:00:38.578000,0 days 00:00:43.661000,0 days 00:00:25.654000,0 days 01:29:52.215000,0 days 01:30:35.876000,0 days 01:31:01.530000,203.0,220.0,320.0,314.0,False,HARD,3.0,True,Ferrari,0 days 01:29:13.587000,,1,1.0,,,False,True
0 days 01:32:51.123000,LEC,16,0 days 00:01:49.643000,20.0,2.0,,,0 days 00:00:40.182000,0 days 00:00:44.172000,0 days 00:00:25.289000,0 days 01:31:41.712000,0 days 01:32:25.884000,0 days 01:32:51.173000,188.0,211.0,335.0,319.0,False,HARD,4.0,True,Ferrari,0 days 01:31:01.480000,,1,2.0,,,False,True
0 days 01:34:39.063000,LEC,16,0 days 00:01:47.940000,21.0,2.0,,,0 days 00:00:38.826000,0 days 00:00:43.745000,0 days 00:00:25.369000,0 days 01:33:29.999000,0 days 01:34:13.744000,0 days 01:34:39.113000,197.0,211.0,331.0,320.0,False,HARD,5.0,True,Ferrari,0 days 01:32:51.123000,,1,2.0,,,False,True
0 days 01:36:26.800000,LEC,16,0 days 00:01:47.737000,22.0,2.0,,,0 days 00:00:38.697000,0 days 00:00:43.768000,0 days 00:00:25.272000,0 days 01:35:17.810000,0 days 01:36:01.578000,0 days 01:36:26.850000,197.0,212.0,334.0,320.0,False,HARD,6.0,True,Ferrari,0 days 01:34:39.063000,,1,2.0,,,False,True
0 days 01:38:14.319000,LEC,16,0 days 00:01:47.519000,23.0,2.0,,,0 days 00:00:38.599000,0 days 00:00:43.727000,0 days 00:00:25.193000,0 days 01:37:05.449000,0 days 01:37:49.176000,0 days 01:38:14.369000,191.0,220.0,333.0,319.0,True,HARD,7.0,True,Ferrari,0 days 01:36:26.800000,,1,2.0,,,False,True
0 days 01:40:01.505000,LEC,16,0 days 00:01:47.186000,24.0,2.0,,,0 days 00:00:38.351000,0 days 00:00:43.444000,0 days 00:00:25.391000,0 days 01:38:52.720000,0 days 01:39:36.164000,0 days 01:40:01.555000,197.0,212.0,334.0,321.0,True,HARD,8.0,True,Ferrari,0 days 01:38:14.319000,,1,2.0,,,False,True
0 days 01:41:48.866000,LEC,16,0 days 00:01:47.361000,25.0,2.0,,,0 days 00:00:38.434000,0 days 00:00:43.715000,0 days 00:00:25.212000,0 days 01:40:39.989000,0 days 01:41:23.704000,0 days 01:41:48.916000,198.0,209.0,336.0,322.0,False,HARD,9.0,True,Ferrari,0 days 01:40:01.505000,,1,2.0,,,False,True
0 days 01:43:36.180000,LEC,16,0 days 00:01:47.314000,26.0,2.0,,,0 days 00:00:38.417000,0 days 00:00:43.660000,0 days 00:00:25.237000,0 days 01:42:27.333000,0 days 01:43:10.993000,0 days 01:43:36.230000,197.0,217.0,338.0,321.0,False,HARD,10.0,True,Ferrari,0 days 01:41:48.866000,,1,2.0,,,False,True
0 days 01:45:23.577000,LEC,16,0 days 00:01:47.397000,27.0,2.0,,,0 days 00:00:38.748000,0 days 00:00:43.428000,0 days 00:00:25.221000,0 days 01:44:14.978000,0 days 01:44:58.406000,0 days 01:45:23.627000,192.0,213.0,334.0,321.0,False,HARD,11.0,True,Ferrari,0 days 01:43:36.180000,,1,2.0,,,False,True
0 days 01:47:10.859000,LEC,16,0 days 00:01:47.282000,28.0,2.0,,,0 days 00:00:38.502000,0 days 00:00:43.694000,0 days 00:00:25.086000,0 days 01:46:02.129000,0 days 01:46:45.823000,0 days 01:47:10.909000,194.0,214.0,343.0,323.0,False,HARD,12.0,True,Ferrari,0 days 01:45:23.577000,,1,2.0,,,False,True
0 days 01:48:58.717000,LEC,16,0 days 00:01:47.858000,29.0,2.0,,,0 days 00:00:38.885000,0 days 00:00:43.700000,0 days 00:00:25.273000,0 days 01:47:49.794000,0 days 01:48:33.494000,0 days 01:48:58.767000,196.0,216.0,330.0,322.0,False,HARD,13.0,True,Ferrari,0 days 01:47:10.859000,,1,2.0,,,False,True
0 days 01:50:46.245000,LEC,16,0 days 00:01:47.528000,30.0,2.0,,,0 days 00:00:38.652000,0 days 00:00:43.781000,0 days 00:00:25.095000,0 days 01:49:37.419000,0 days 01:50:21.200000,0 days 01:50:46.295000,193.0,212.0,345.0,323.0,False,HARD,14.0,True,Ferrari,0 days 01:48:58.717000,,1,2.0,,,False,True
0 days 01:52:34.358000,LEC,16,0 days 00:01:48.113000,31.0,2.0,,,0 days 00:00:38.994000,0 days 00:00:43.782000,0 days 00:00:25.337000,0 days 01:51:25.289000,0 days 01:52:09.071000,0 days 01:52:34.408000,201.0,213.0,331.0,322.0,False,HARD,15.0,True,Ferrari,0 days 01:50:46.245000,,1,2.0,,,False,True
0 days 01:54:22.192000,LEC,16,0 days 00:01:47.834000,32.0,2.0,,,0 days 00:00:38.770000,0 days 00:00:43.833000,0 days 00:00:25.231000,0 days 01:53:13.178000,0 days 01:53:57.011000,0 days 01:54:22.242000,196.0,215.0,346.0,322.0,False,HARD,16.0,True,Ferrari,0 days 01:52:34.358000,,1,2.0,,,False,True
0 days 01:56:11.128000,LEC,16,0 days 00:01:48.936000,33.0,2.0,,,0 days 00:00:39.550000,0 days 00:00:44.007000,0 days 00:00:25.379000,0 days 01:55:01.792000,0 days 01:55:45.799000,0 days 01:56:11.178000,197.0,210.0,332.0,320.0,False,HARD,17.0,True,Ferrari,0 days 01:54:22.192000,,1,2.0,,,False,True
0 days 01:57:58.962000,LEC,16,0 days 00:01:47.834000,34.0,2.0,,,0 days 00:00:38.748000,0 days 00:00:43.791000,0 days 00:00:25.295000,0 days 01:56:49.926000,0 days 01:57:33.717000,0 days 01:57:59.012000,196.0,214.0,333.0,322.0,False,HARD,18.0,True,Ferrari,0 days 01:56:11.128000,,1,2.0,,,False,True
0 days 01:59:46.605000,LEC,16,0 days 00:01:47.643000,35.0,2.0,,,0 days 00:00:38.607000,0 days 00:00:43.685000,0 days 00:00:25.351000,0 days 01:58:37.619000,0 days 01:59:21.304000,0 days 01:59:46.655000,198.0,209.0,336.0,321.0,False,HARD,19.0,True,Ferrari,0 days 01:57:58.962000,,1,2.0,,,False,True
0 days 02:01:34.652000,LEC,16,0 days 00:01:48.047000,36.0,2.0,,,0 days 00:00:38.722000,0 days 00:00:43.899000,0 days 00:00:25.426000,0 days 02:00:25.377000,0 days 02:01:09.276000,0 days 02:01:34.702000,197.0,204.0,341.0,322.0,False,HARD,20.0,True,Ferrari,0 days 01:59:46.605000,,12,2.0,,,False,True
0 days 02:03:22.483000,LEC,16,0 days 00:01:47.831000,37.0,2.0,,,0 days 00:00:38.768000,0 days 00:00:43.758000,0 days 00:00:25.305000,0 days 02:02:13.470000,0 days 02:02:57.228000,0 days 02:03:22.533000,198.0,210.0,338.0,322.0,False,HARD,21.0,True,Ferrari,0 days 02:01:34.652000,,1,2.0,,,False,True
0 days 02:05:09.999000,LEC,16,0 days 00:01:47.516000,38.0,2.0,,,0 days 00:00:38.586000,0 days 00:00:43.765000,0 days 00:00:25.165000,0 days 02:04:01.119000,0 days 02:04:44.884000,0 days 02:05:10.049000,201.0,211.0,338.0,324.0,False,HARD,22.0,True,Ferrari,0 days 02:03:22.483000,,1,2.0,,,False,True
0 days 02:06:57.876000,LEC,16,0 days 00:01:47.877000,39.0,2.0,,,0 days 00:00:38.809000,0 days 00:00:43.934000,0 days 00:00:25.134000,0 days 02:05:48.858000,0 days 02:06:32.792000,0 days 02:06:57.926000,193.0,216.0,338.0,323.0,False,HARD,23.0,True,Ferrari,0 days 02:05:09.999000,,1,2.0,,,False,True
0 days 02:08:45.366000,LEC,16,0 days 00:01:47.490000,40.0,2.0,,,0 days 00:00:38.692000,0 days 00:00:43.474000,0 days 00:00:25.324000,0 days 02:07:36.618000,0 days 02:08:20.092000,0 days 02:08:45.416000,201.0,216.0,341.0,324.0,False,HARD,24.0,True,Ferrari,0 days 02:06:57.876000,,1,2.0,,,False,True
0 days 02:10:33.274000,LEC,16,0 days 00:01:47.908000,41.0,2.0,,,0 days 00:00:39.033000,0 days 00:00:43.775000,0 days 00:00:25.100000,0 days 02:09:24.449000,0 days 02:10:08.224000,0 days 02:10:33.324000,203.0,213.0,336.0,325.0,False,HARD,25.0,True,Ferrari,0 days 02:08:45.366000,,1,2.0,,,False,True
0 days 02:12:21.251000,LEC,16,0 days 00:01:47.977000,42.0,2.0,,,0 days 00:00:39.172000,0 days 00:00:43.589000,0 days 00:00:25.216000,0 days 02:11:12.496000,0 days 02:11:56.085000,0 days 02:12:21.301000,202.0,217.0,333.0,323.0,False,HARD,26.0,True,Ferrari,0 days 02:10:33.274000,,1,2.0,,,False,True
0 days 02:14:08.866000,LEC,16,0 days 00:01:47.615000,43.0,2.0,,,0 days 00:00:38.643000,0 days 00:00:43.541000,0 days 00:00:25.431000,0 days 02:12:59.944000,0 days 02:13:43.485000,0 days 02:14:08.916000,198.0,215.0,337.0,323.0,False,HARD,27.0,True,Ferrari,0 days 02:12:21.251000,,1,2.0,,,False,True
0 days 02:15:55.933000,LEC,16,0 days 00:01:47.067000,44.0,2.0,,,0 days 00:00:38.405000,0 days 00:00:43.521000,0 days 00:00:25.141000,0 days 02:14:47.321000,0 days 02:15:30.842000,0 days 02:15:55.983000,198.0,212.0,340.0,325.0,True,HARD,28.0,True,Ferrari,0 days 02:14:08.866000,,1,2.0,,,False,True
0 days 02:17:43.845000,LEC,16,0 days 00:01:47.912000,45.0,2.0,,,0 days 00:00:38.903000,0 days 00:00:43.758000,0 days 00:00:25.251000,0 days 02:16:34.886000,0 days 02:17:18.644000,0 days 02:17:43.895000,194.0,210.0,333.0,325.0,False,HARD,29.0,True,Ferrari,0 days 02:15:55.933000,,1,2.0,,,False,True
0 days 02:19:31.589000,LEC,16,0 days 00:01:47.744000,46.0,2.0,,,0 days 00:00:38.478000,0 days 00:00:43.886000,0 days 00:00:25.380000,0 days 02:18:22.373000,0 days 02:19:06.259000,0 days 02:19:31.639000,198.0,214.0,319.0,325.0,False,HARD,30.0,True,Ferrari,0 days 02:17:43.845000,,1,2.0,,,False,True
0 days 02:21:19.446000,LEC,16,0 days 00:01:47.857000,47.0,2.0,,,0 days 00:00:38.532000,0 days 00:00:43.850000,0 days 00:00:25.475000,0 days 02:20:10.171000,0 days 02:20:54.021000,0 days 02:21:19.496000,210.0,206.0,323.0,322.0,False,HARD,31.0,True,Ferrari,0 days 02:19:31.589000,,1,2.0,,,False,True
0 days 02:23:07.833000,LEC,16,0 days 00:01:48.387000,48.0,2.0,,,0 days 00:00:39.042000,0 days 00:00:43.715000,0 days 00:00:25.630000,0 days 02:21:58.538000,0 days 02:22:42.253000,0 days 02:23:07.883000,200.0,214.0,323.0,318.0,False,HARD,32.0,True,Ferrari,0 days 02:21:19.446000,,1,2.0,,,False,True
0 days 02:24:56.459000,LEC,16,0 days 00:01:48.626000,49.0,2.0,,,0 days 00:00:39,0 days 00:00:43.973000,0 days 00:00:25.653000,0 days 02:23:46.883000,0 days 02:24:30.856000,0 days 02:24:56.509000,191.0,213.0,319.0,316.0,False,HARD,33.0,True,Ferrari,0 days 02:23:07.833000,,1,2.0,,,False,True
0 days 02:26:49.232000,LEC,16,0 days 00:01:52.773000,50.0,2.0,,,0 days 00:00:40.140000,0 days 00:00:44.576000,0 days 00:00:28.057000,0 days 02:25:36.649000,0 days 02:26:21.225000,0 days 02:26:49.282000,202.0,206.0,106.0,320.0,False,HARD,34.0,True,Ferrari,0 days 02:24:56.459000,,126,2.0,,,False,False
0 days 02:29:24.336000,LEC,16,,51.0,2.0,,,0 days 00:00:58.882000,0 days 00:00:55.349000,0 days 00:00:40.794000,0 days 02:27:48.275000,0 days 02:28:43.912000,0 days 02:29:24.386000,184.0,131.0,165.0,211.0,False,HARD,35.0,True,Ferrari,0 days 02:26:49.232000,,6,2.0,,,False,False
0 days 00:58:26.354000,STR,18,0 days 00:02:11.014000,1.0,1.0,,0 days 00:58:25.109000,,0 days 00:00:47.403000,0 days 00:00:35.090000,,0 days 00:57:51.430000,0 days 00:58:26.521000,176.0,190.0,,295.0,False,MEDIUM,2.0,False,Aston Martin,0 days 00:56:15.070000,,1,20.0,,,False,False
0 days 01:00:34.771000,STR,18,0 days 00:02:08.417000,2.0,2.0,0 days 00:58:46.299000,,0 days 00:00:56.718000,0 days 00:00:45.814000,0 days 00:00:25.885000,0 days 00:59:23.098000,0 days 01:00:08.912000,0 days 01:00:34.797000,196.0,202.0,320.0,317.0,False,HARD,2.0,False,Aston Martin,0 days 00:58:26.354000,,1,20.0,,,False,False
0 days 01:02:25.590000,STR,18,0 days 00:01:50.819000,3.0,2.0,,,0 days 00:00:39.719000,0 days 00:00:45.310000,0 days 00:00:25.790000,0 days 01:01:14.516000,0 days 01:01:59.826000,0 days 01:02:25.616000,195.0,197.0,317.0,318.0,True,HARD,3.0,False,Aston Martin,0 days 01:00:34.771000,,1,20.0,,,False,True
0 days 01:04:16.070000,STR,18,0 days 00:01:50.480000,4.0,2.0,,,0 days 00:00:39.473000,0 days 00:00:45.272000,0 days 00:00:25.735000,0 days 01:03:05.089000,0 days 01:03:50.361000,0 days 01:04:16.096000,200.0,206.0,319.0,318.0,True,HARD,4.0,False,Aston Martin,0 days 01:02:25.590000,,1,20.0,,,False,True
0 days 01:06:06.040000,STR,18,0 days 00:01:49.970000,5.0,2.0,,,0 days 00:00:39.186000,0 days 00:00:45.122000,0 days 00:00:25.662000,0 days 01:04:55.282000,0 days 01:05:40.404000,0 days 01:06:06.066000,197.0,198.0,322.0,318.0,True,HARD,5.0,False,Aston Martin,0 days 01:04:16.070000,,1,20.0,,,False,True
0 days 01:07:55.559000,STR,18,0 days 00:01:49.519000,6.0,2.0,,,0 days 00:00:38.838000,0 days 00:00:45.047000,0 days 00:00:25.634000,0 days 01:06:44.904000,0 days 01:07:29.951000,0 days 01:07:55.585000,203.0,200.0,326.0,318.0,True,HARD,6.0,False,Aston Martin,0 days 01:06:06.040000,,1,20.0,,,False,True
0 days 01:09:45.246000,STR,18,0 days 00:01:49.687000,7.0,2.0,,,0 days 00:00:39.171000,0 days 00:00:44.817000,0 days 00:00:25.699000,0 days 01:08:34.756000,0 days 01:09:19.573000,0 days 01:09:45.272000,194.0,199.0,324.0,318.0,False,HARD,7.0,False,Aston Martin,0 days 01:07:55.559000,,1,20.0,,,False,True
0 days 01:11:35.561000,STR,18,0 days 00:01:50.315000,8.0,2.0,,,0 days 00:00:39.499000,0 days 00:00:45.080000,0 days 00:00:25.736000,0 days 01:10:24.771000,0 days 01:11:09.851000,0 days 01:11:35.587000,197.0,196.0,323.0,317.0,False,HARD,8.0,False,Aston Martin,0 days 01:09:45.246000,,1,20.0,,,False,True
0 days 01:13:24.704000,STR,18,0 days 00:01:49.143000,9.0,2.0,,,0 days 00:00:39.052000,0 days 00:00:44.508000,0 days 00:00:25.583000,0 days 01:12:14.639000,0 days 01:12:59.147000,0 days 01:13:24.730000,197.0,205.0,324.0,319.0,True,HARD,9.0,False,Aston Martin,0 days 01:11:35.561000,,1,20.0,,,False,True
0 days 01:15:14.136000,STR,18,0 days 00:01:49.432000,10.0,2.0,,,0 days 00:00:39.110000,0 days 00:00:44.689000,0 days 00:00:25.633000,0 days 01:14:03.840000,0 days 01:14:48.529000,0 days 01:15:14.162000,198.0,201.0,322.0,321.0,False,HARD,10.0,False,Aston Martin,0 days 01:13:24.704000,,1,20.0,,,False,True
0 days 01:17:04.108000,STR,18,0 days 00:01:49.972000,11.0,2.0,,,0 days 00:00:39.092000,0 days 00:00:45.230000,0 days 00:00:25.650000,0 days 01:15:53.254000,0 days 01:16:38.484000,0 days 01:17:04.134000,206.0,197.0,324.0,322.0,False,HARD,11.0,False,Aston Martin,0 days 01:15:14.136000,,1,19.0,,,False,True
0 days 01:18:55.060000,STR,18,0 days 00:01:50.952000,12.0,2.0,,,0 days 00:00:39.111000,0 days 00:00:45.669000,0 days 00:00:26.172000,0 days 01:17:43.245000,0 days 01:18:28.914000,0 days 01:18:55.086000,186.0,186.0,341.0,318.0,False,HARD,12.0,False,Aston Martin,0 days 01:17:04.108000,,1,18.0,,,False,True
0 days 01:20:44.654000,STR,18,0 days 00:01:49.594000,13.0,2.0,,,0 days 00:00:39.171000,0 days 00:00:44.770000,0 days 00:00:25.653000,0 days 01:19:34.257000,0 days 01:20:19.027000,0 days 01:20:44.680000,199.0,206.0,321.0,319.0,False,HARD,13.0,False,Aston Martin,0 days 01:18:55.060000,,1,17.0,,,False,True
0 days 01:22:34.066000,STR,18,0 days 00:01:49.412000,14.0,2.0,,,0 days 00:00:39.086000,0 days 00:00:44.661000,0 days 00:00:25.665000,0 days 01:21:23.766000,0 days 01:22:08.427000,0 days 01:22:34.092000,195.0,202.0,325.0,319.0,False,HARD,14.0,False,Aston Martin,0 days 01:20:44.654000,,1,17.0,,,False,True
0 days 01:24:24.826000,STR,18,0 days 00:01:50.760000,15.0,2.0,,,0 days 00:00:39.567000,0 days 00:00:45.247000,0 days 00:00:25.946000,0 days 01:23:13.659000,0 days 01:23:58.906000,0 days 01:24:24.852000,182.0,213.0,324.0,320.0,False,HARD,15.0,False,Aston Martin,0 days 01:22:34.066000,,1,18.0,,,False,True
0 days 01:26:15.929000,STR,18,0 days 00:01:51.103000,16.0,2.0,,,0 days 00:00:39.945000,0 days 00:00:45.460000,0 days 00:00:25.698000,0 days 01:25:04.797000,0 days 01:25:50.257000,0 days 01:26:15.955000,183.0,194.0,329.0,321.0,False,HARD,16.0,False,Aston Martin,0 days 01:24:24.826000,,1,18.0,,,False,True
0 days 01:28:06.638000,STR,18,0 days 00:01:50.709000,17.0,2.0,,,0 days 00:00:39.441000,0 days 00:00:45.676000,0 days 00:00:25.592000,0 days 01:26:55.396000,0 days 01:27:41.072000,0 days 01:28:06.664000,188.0,194.0,327.0,322.0,False,HARD,17.0,False,Aston Martin,0 days 01:26:15.929000,,1,18.0,,,False,True
0 days 01:29:57.088000,STR,18,0 days 00:01:50.450000,18.0,2.0,,,0 days 00:00:39.664000,0 days 00:00:45.204000,0 days 00:00:25.582000,0 days 01:28:46.328000,0 days 01:29:31.532000,0 days 01:29:57.114000,192.0,196.0,325.0,322.0,False,HARD,18.0,False,Aston Martin,0 days 01:28:06.638000,,1,18.0,,,False,True
0 days 01:31:47.322000,STR,18,0 days 00:01:50.234000,19.0,2.0,,,0 days 00:00:39.521000,0 days 00:00:45.182000,0 days 00:00:25.531000,0 days 01:30:36.635000,0 days 01:31:21.817000,0 days 01:31:47.348000,189.0,200.0,328.0,322.0,False,HARD,19.0,False,Aston Martin,0 days 01:29:57.088000,,1,18.0,,,False,True
0 days 01:33:37.615000,STR,18,0 days 00:01:50.293000,20.0,2.0,,,0 days 00:00:39.634000,0 days 00:00:45.311000,0 days 00:00:25.348000,0 days 01:32:26.982000,0 days 01:33:12.293000,0 days 01:33:37.641000,184.0,203.0,343.0,321.0,False,HARD,20.0,False,Aston Martin,0 days 01:31:47.322000,,1,18.0,,,False,True
0 days 01:35:28.124000,STR,18,0 days 00:01:50.509000,21.0,2.0,,,0 days 00:00:39.938000,0 days 00:00:45.126000,0 days 00:00:25.445000,0 days 01:34:17.579000,0 days 01:35:02.705000,0 days 01:35:28.150000,190.0,199.0,341.0,322.0,False,HARD,21.0,False,Aston Martin,0 days 01:33:37.615000,,1,18.0,,,False,True
0 days 01:37:23.489000,STR,18,0 days 00:01:55.365000,22.0,2.0,,0 days 01:37:22.256000,0 days 00:00:40.008000,0 days 00:00:45.156000,0 days 00:00:30.201000,0 days 01:36:08.158000,0 days 01:36:53.314000,0 days 01:37:23.515000,179.0,201.0,,320.0,False,HARD,22.0,False,Aston Martin,0 days 01:35:28.124000,,1,18.0,,,False,False
0 days 01:39:28.956000,STR,18,0 days 00:02:05.467000,23.0,3.0,0 days 01:37:42.413000,,0 days 00:00:55.501000,0 days 00:00:44.450000,0 days 00:00:25.516000,0 days 01:38:19.016000,0 days 01:39:03.466000,0 days 01:39:28.982000,201.0,210.0,319.0,317.0,False,HARD,2.0,False,Aston Martin,0 days 01:37:23.489000,,1,19.0,,,False,False
0 days 01:41:17.974000,STR,18,0 days 00:01:49.018000,24.0,3.0,,,0 days 00:00:39.152000,0 days 00:00:44.282000,0 days 00:00:25.584000,0 days 01:40:08.134000,0 days 01:40:52.416000,0 days 01:41:18,192.0,201.0,320.0,318.0,True,HARD,3.0,False,Aston Martin,0 days 01:39:28.956000,,1,19.0,,,False,True
0 days 01:43:06.869000,STR,18,0 days 00:01:48.895000,25.0,3.0,,,0 days 00:00:39.029000,0 days 00:00:44.357000,0 days 00:00:25.509000,0 days 01:41:57.029000,0 days 01:42:41.386000,0 days 01:43:06.895000,198.0,204.0,321.0,319.0,True,HARD,4.0,False,Aston Martin,0 days 01:41:17.974000,,1,19.0,,,False,True
0 days 01:44:55.712000,STR,18,0 days 00:01:48.843000,26.0,3.0,,,0 days 00:00:38.891000,0 days 00:00:44.449000,0 days 00:00:25.503000,0 days 01:43:45.786000,0 days 01:44:30.235000,0 days 01:44:55.738000,201.0,198.0,321.0,319.0,True,HARD,5.0,False,Aston Martin,0 days 01:43:06.869000,,1,19.0,,,False,True
0 days 01:46:44.420000,STR,18,0 days 00:01:48.708000,27.0,3.0,,,0 days 00:00:38.847000,0 days 00:00:44.310000,0 days 00:00:25.551000,0 days 01:45:34.585000,0 days 01:46:18.895000,0 days 01:46:44.446000,198.0,201.0,321.0,320.0,True,HARD,6.0,False,Aston Martin,0 days 01:44:55.712000,,1,19.0,,,False,True
0 days 01:48:32.932000,STR,18,0 days 00:01:48.512000,28.0,3.0,,,0 days 00:00:38.956000,0 days 00:00:44.102000,0 days 00:00:25.454000,0 days 01:47:23.402000,0 days 01:48:07.504000,0 days 01:48:32.958000,198.0,207.0,322.0,320.0,True,HARD,7.0,False,Aston Martin,0 days 01:46:44.420000,,1,19.0,,,False,True
0 days 01:50:21.535000,STR,18,0 days 00:01:48.603000,29.0,3.0,,,0 days 00:00:38.857000,0 days 00:00:44.284000,0 days 00:00:25.462000,0 days 01:49:11.815000,0 days 01:49:56.099000,0 days 01:50:21.561000,196.0,197.0,323.0,320.0,False,HARD,8.0,False,Aston Martin,0 days 01:48:32.932000,,1,19.0,,,False,True
0 days 01:52:10.200000,STR,18,0 days 00:01:48.665000,30.0,3.0,,,0 days 00:00:38.896000,0 days 00:00:44.319000,0 days 00:00:25.450000,0 days 01:51:00.457000,0 days 01:51:44.776000,0 days 01:52:10.226000,192.0,204.0,325.0,320.0,False,HARD,9.0,False,Aston Martin,0 days 01:50:21.535000,,1,19.0,,,False,True
0 days 01:53:58.348000,STR,18,0 days 00:01:48.148000,31.0,3.0,,,0 days 00:00:38.843000,0 days 00:00:44.065000,0 days 00:00:25.240000,0 days 01:52:49.069000,0 days 01:53:33.134000,0 days 01:53:58.374000,198.0,211.0,342.0,321.0,True,HARD,10.0,False,Aston Martin,0 days 01:52:10.200000,,1,19.0,,,False,True
0 days 01:55:47.197000,STR,18,0 days 00:01:48.849000,32.0,3.0,,,0 days 00:00:39.094000,0 days 00:00:44.562000,0 days 00:00:25.193000,0 days 01:54:37.468000,0 days 01:55:22.030000,0 days 01:55:47.223000,191.0,200.0,348.0,321.0,False,HARD,11.0,False,Aston Martin,0 days 01:53:58.348000,,1,19.0,,,False,True
0 days 01:57:36.765000,STR,18,0 days 00:01:49.568000,33.0,3.0,,,0 days 00:00:39.620000,0 days 00:00:44.347000,0 days 00:00:25.601000,0 days 01:56:26.843000,0 days 01:57:11.190000,0 days 01:57:36.791000,195.0,207.0,315.0,318.0,False,HARD,12.0,False,Aston Martin,0 days 01:55:47.197000,,1,18.0,,,False,True
0 days 01:59:25.357000,STR,18,0 days 00:01:48.592000,34.0,3.0,,,0 days 00:00:38.832000,0 days 00:00:44.219000,0 days 00:00:25.541000,0 days 01:58:15.623000,0 days 01:58:59.842000,0 days 01:59:25.383000,192.0,201.0,317.0,318.0,False,HARD,13.0,False,Aston Martin,0 days 01:57:36.765000,,1,18.0,,,False,True
0 days 02:01:13.798000,STR,18,0 days 00:01:48.441000,35.0,3.0,,,0 days 00:00:38.812000,0 days 00:00:44.083000,0 days 00:00:25.546000,0 days 02:00:04.195000,0 days 02:00:48.278000,0 days 02:01:13.824000,191.0,204.0,321.0,318.0,False,HARD,14.0,False,Aston Martin,0 days 01:59:25.357000,,12,17.0,,,False,True
0 days 02:03:02.468000,STR,18,0 days 00:01:48.670000,36.0,3.0,,,0 days 00:00:39.058000,0 days 00:00:44.028000,0 days 00:00:25.584000,0 days 02:01:52.882000,0 days 02:02:36.910000,0 days 02:03:02.494000,195.0,201.0,322.0,320.0,False,HARD,15.0,False,Aston Martin,0 days 02:01:13.798000,,21,17.0,,,False,True
0 days 02:04:50.890000,STR,18,0 days 00:01:48.422000,37.0,3.0,,,0 days 00:00:38.740000,0 days 00:00:44.130000,0 days 00:00:25.552000,0 days 02:03:41.234000,0 days 02:04:25.364000,0 days 02:04:50.916000,190.0,211.0,322.0,320.0,False,HARD,16.0,False,Aston Martin,0 days 02:03:02.468000,,1,17.0,,,False,True
0 days 02:06:39.793000,STR,18,0 days 00:01:48.903000,38.0,3.0,,,0 days 00:00:39.119000,0 days 00:00:44.261000,0 days 00:00:25.523000,0 days 02:05:30.035000,0 days 02:06:14.296000,0 days 02:06:39.819000,197.0,200.0,320.0,319.0,False,HARD,17.0,False,Aston Martin,0 days 02:04:50.890000,,1,17.0,,,False,True
0 days 02:08:28.105000,STR,18,0 days 00:01:48.312000,39.0,3.0,,,0 days 00:00:38.847000,0 days 00:00:44.079000,0 days 00:00:25.386000,0 days 02:07:18.666000,0 days 02:08:02.745000,0 days 02:08:28.131000,191.0,203.0,342.0,321.0,False,HARD,18.0,False,Aston Martin,0 days 02:06:39.793000,,1,17.0,,,False,True
0 days 02:10:17.510000,STR,18,0 days 00:01:49.405000,40.0,3.0,,,0 days 00:00:39.282000,0 days 00:00:44.746000,0 days 00:00:25.377000,0 days 02:09:07.413000,0 days 02:09:52.159000,0 days 02:10:17.536000,192.0,197.0,341.0,320.0,False,HARD,19.0,False,Aston Martin,0 days 02:08:28.105000,,1,17.0,,,False,True
0 days 02:12:07.180000,STR,18,0 days 00:01:49.670000,41.0,3.0,,,0 days 00:00:39.286000,0 days 00:00:44.798000,0 days 00:00:25.586000,0 days 02:10:56.822000,0 days 02:11:41.620000,0 days 02:12:07.206000,180.0,199.0,317.0,318.0,False,HARD,20.0,False,Aston Martin,0 days 02:10:17.510000,,1,17.0,,,False,True
0 days 02:13:56.727000,STR,18,0 days 00:01:49.547000,42.0,3.0,,,0 days 00:00:39.224000,0 days 00:00:44.566000,0 days 00:00:25.757000,0 days 02:12:46.430000,0 days 02:13:30.996000,0 days 02:13:56.753000,188.0,202.0,324.0,319.0,False,HARD,21.0,False,Aston Martin,0 days 02:12:07.180000,,1,17.0,,,False,True
0 days 02:15:45.510000,STR,18,0 days 00:01:48.783000,43.0,3.0,,,0 days 00:00:38.797000,0 days 00:00:44.242000,0 days 00:00:25.744000,0 days 02:14:35.550000,0 days 02:15:19.792000,0 days 02:15:45.536000,197.0,206.0,323.0,318.0,False,HARD,22.0,False,Aston Martin,0 days 02:13:56.727000,,1,17.0,,,False,True
0 days 02:17:34.255000,STR,18,0 days 00:01:48.745000,44.0,3.0,,,0 days 00:00:38.926000,0 days 00:00:44.413000,0 days 00:00:25.406000,0 days 02:16:24.462000,0 days 02:17:08.875000,0 days 02:17:34.281000,199.0,201.0,342.0,320.0,False,HARD,23.0,False,Aston Martin,0 days 02:15:45.510000,,1,17.0,,,False,True
0 days 02:19:36.420000,STR,18,0 days 00:02:02.165000,45.0,3.0,,0 days 02:19:33.953000,0 days 00:00:39.151000,0 days 00:00:44.719000,0 days 00:00:38.295000,0 days 02:18:13.432000,0 days 02:18:58.151000,0 days 02:19:36.446000,192.0,201.0,,286.0,False,HARD,24.0,False,Aston Martin,0 days 02:17:34.255000,,1,19.0,,,False,False
0 days 00:58:18.989000,TSU,22,0 days 00:02:03.649000,1.0,1.0,,,,0 days 00:00:47.915000,0 days 00:00:27.299000,,0 days 00:57:51.943000,0 days 00:58:19.208000,169.0,192.0,325.0,306.0,False,MEDIUM,2.0,False,RB,0 days 00:56:15.070000,,1,11.0,,,False,False
0 days 01:00:10.637000,TSU,22,0 days 00:01:51.648000,2.0,1.0,,,0 days 00:00:40.501000,0 days 00:00:45.421000,0 days 00:00:25.726000,0 days 00:58:59.520000,0 days 00:59:44.941000,0 days 01:00:10.667000,178.0,197.0,327.0,320.0,True,MEDIUM,3.0,False,RB,0 days 00:58:18.989000,,1,11.0,,,False,True
0 days 01:02:03.965000,TSU,22,0 days 00:01:53.328000,3.0,1.0,,,0 days 00:00:41.635000,0 days 00:00:45.643000,0 days 00:00:26.050000,0 days 01:00:52.302000,0 days 01:01:37.945000,0 days 01:02:03.995000,178.0,196.0,264.0,321.0,False,MEDIUM,4.0,False,RB,0 days 01:00:10.637000,,1,14.0,,,False,True
0 days 01:03:57.962000,TSU,22,0 days 00:01:53.997000,4.0,1.0,,,0 days 00:00:41.965000,0 days 00:00:46.059000,0 days 00:00:25.973000,0 days 01:02:45.960000,0 days 01:03:32.019000,0 days 01:03:57.992000,178.0,196.0,327.0,320.0,False,MEDIUM,5.0,False,RB,0 days 01:02:03.965000,,1,16.0,,,False,True
0 days 01:05:51.083000,TSU,22,0 days 00:01:53.121000,5.0,1.0,,,0 days 00:00:41.773000,0 days 00:00:45.618000,0 days 00:00:25.730000,0 days 01:04:39.765000,0 days 01:05:25.383000,0 days 01:05:51.113000,184.0,201.0,326.0,319.0,False,MEDIUM,6.0,False,RB,0 days 01:03:57.962000,,1,16.0,,,False,True
0 days 01:07:42.361000,TSU,22,0 days 00:01:51.278000,6.0,1.0,,,0 days 00:00:40.128000,0 days 00:00:45.406000,0 days 00:00:25.744000,0 days 01:06:31.241000,0 days 01:07:16.647000,0 days 01:07:42.391000,183.0,202.0,325.0,317.0,True,MEDIUM,7.0,False,RB,0 days 01:05:51.083000,,1,16.0,,,False,True
0 days 01:09:33.436000,TSU,22,0 days 00:01:51.075000,7.0,1.0,,,0 days 00:00:39.817000,0 days 00:00:45.438000,0 days 00:00:25.820000,0 days 01:08:22.208000,0 days 01:09:07.646000,0 days 01:09:33.466000,192.0,203.0,326.0,318.0,True,MEDIUM,8.0,False,RB,0 days 01:07:42.361000,,1,16.0,,,False,True
0 days 01:11:24.323000,TSU,22,0 days 00:01:50.887000,8.0,1.0,,,0 days 00:00:39.778000,0 days 00:00:45.286000,0 days 00:00:25.823000,0 days 01:10:13.244000,0 days 01:10:58.530000,0 days 01:11:24.353000,186.0,201.0,325.0,317.0,True,MEDIUM,9.0,False,RB,0 days 01:09:33.436000,,1,16.0,,,False,True
0 days 01:13:15.464000,TSU,22,0 days 00:01:51.141000,9.0,1.0,,,0 days 00:00:39.940000,0 days 00:00:45.398000,0 days 00:00:25.803000,0 days 01:12:04.293000,0 days 01:12:49.691000,0 days 01:13:15.494000,187.0,199.0,324.0,318.0,False,MEDIUM,10.0,False,RB,0 days 01:11:24.323000,,1,16.0,,,False,True
0 days 01:15:06.363000,TSU,22,0 days 00:01:50.899000,10.0,1.0,,,0 days 00:00:39.785000,0 days 00:00:45.268000,0 days 00:00:25.846000,0 days 01:13:55.279000,0 days 01:14:40.547000,0 days 01:15:06.393000,191.0,200.0,323.0,318.0,False,MEDIUM,11.0,False,RB,0 days 01:13:15.464000,,1,16.0,,,False,True
0 days 01:16:58.848000,TSU,22,0 days 00:01:52.485000,11.0,1.0,,,0 days 00:00:40.183000,0 days 00:00:46.156000,0 days 00:00:26.146000,0 days 01:15:46.576000,0 days 01:16:32.732000,0 days 01:16:58.878000,185.0,199.0,326.0,317.0,False,MEDIUM,12.0,False,RB,0 days 01:15:06.363000,,1,17.0,,,False,True
0 days 01:19:00.152000,TSU,22,0 days 00:02:01.304000,12.0,1.0,,0 days 01:18:58.881000,0 days 00:00:42.209000,0 days 00:00:47.422000,0 days 00:00:31.673000,0 days 01:17:41.087000,0 days 01:18:28.509000,0 days 01:19:00.182000,172.0,197.0,,315.0,False,MEDIUM,13.0,False,RB,0 days 01:16:58.848000,,1,19.0,,,False,False
0 days 01:21:12.091000,TSU,22,0 days 00:02:11.939000,13.0,2.0,0 days 01:19:19.850000,,0 days 00:00:59.530000,0 days 00:00:46.546000,0 days 00:00:25.863000,0 days 01:19:59.712000,0 days 01:20:46.258000,0 days 01:21:12.121000,172.0,201.0,325.0,317.0,False,HARD,2.0,False,RB,0 days 01:19:00.152000,,1,20.0,,,False,False
0 days 01:23:17.991000,TSU,22,0 days 00:02:05.900000,14.0,2.0,,0 days 01:23:16.794000,0 days 00:00:40.792000,0 days 00:00:46.273000,0 days 00:00:38.835000,0 days 01:21:52.913000,0 days 01:22:39.186000,0 days 01:23:18.021000,181.0,197.0,,221.0,False,HARD,3.0,False,RB,0 days 01:21:12.091000,,1,20.0,,,False,False
0 days 00:58:14.387000,ALB,23,0 days 00:01:59.047000,1.0,1.0,,,,0 days 00:00:46.133000,0 days 00:00:25.686000,,0 days 00:57:48.874000,0 days 00:58:14.459000,172.0,195.0,323.0,321.0,False,HARD,1.0,True,Williams,0 days 00:56:15.070000,,1,9.0,,,False,False
0 days 01:00:05.233000,ALB,23,0 days 00:01:50.846000,2.0,1.0,,,0 days 00:00:39.975000,0 days 00:00:45.169000,0 days 00:00:25.702000,0 days 00:58:54.400000,0 days 00:59:39.569000,0 days 01:00:05.271000,181.0,196.0,324.0,321.0,True,HARD,2.0,True,Williams,0 days 00:58:14.387000,,1,9.0,,,False,True
0 days 01:01:55.690000,ALB,23,0 days 00:01:50.457000,3.0,1.0,,,0 days 00:00:39.862000,0 days 00:00:44.962000,0 days 00:00:25.633000,0 days 01:00:45.133000,0 days 01:01:30.095000,0 days 01:01:55.728000,184.0,200.0,320.0,323.0,True,HARD,3.0,True,Williams,0 days 01:00:05.233000,,1,9.0,,,False,True
0 days 01:03:45.875000,ALB,23,0 days 00:01:50.185000,4.0,1.0,,,0 days 00:00:39.695000,0 days 00:00:44.846000,0 days 00:00:25.644000,0 days 01:02:35.423000,0 days 01:03:20.269000,0 days 01:03:45.913000,187.0,199.0,324.0,323.0,True,HARD,4.0,True,Williams,0 days 01:01:55.690000,,1,9.0,,,False,True
0 days 01:05:35.655000,ALB,23,0 days 00:01:49.780000,5.0,1.0,,,0 days 00:00:39.486000,0 days 00:00:44.740000,0 days 00:00:25.554000,0 days 01:04:25.399000,0 days 01:05:10.139000,0 days 01:05:35.693000,180.0,197.0,327.0,323.0,True,HARD,5.0,True,Williams,0 days 01:03:45.875000,,1,9.0,,,False,True
0 days 01:07:25.295000,ALB,23,0 days 00:01:49.640000,6.0,1.0,,,0 days 00:00:39.569000,0 days 00:00:44.544000,0 days 00:00:25.527000,0 days 01:06:15.262000,0 days 01:06:59.806000,0 days 01:07:25.333000,185.0,194.0,327.0,322.0,True,HARD,6.0,True,Williams,0 days 01:05:35.655000,,1,9.0,,,False,True
0 days 01:09:14.828000,ALB,23,0 days 00:01:49.533000,7.0,1.0,,,0 days 00:00:39.325000,0 days 00:00:44.618000,0 days 00:00:25.590000,0 days 01:08:04.658000,0 days 01:08:49.276000,0 days 01:09:14.866000,188.0,197.0,325.0,322.0,True,HARD,7.0,True,Williams,0 days 01:07:25.295000,,1,9.0,,,False,True
0 days 01:11:04.035000,ALB,23,0 days 00:01:49.207000,8.0,1.0,,,0 days 00:00:39.132000,0 days 00:00:44.545000,0 days 00:00:25.530000,0 days 01:09:53.998000,0 days 01:10:38.543000,0 days 01:11:04.073000,185.0,189.0,326.0,324.0,True,HARD,8.0,True,Williams,0 days 01:09:14.828000,,1,9.0,,,False,True
0 days 01:12:53.393000,ALB,23,0 days 00:01:49.358000,9.0,1.0,,,0 days 00:00:39.194000,0 days 00:00:44.724000,0 days 00:00:25.440000,0 days 01:11:43.267000,0 days 01:12:27.991000,0 days 01:12:53.431000,188.0,200.0,327.0,324.0,False,HARD,9.0,True,Williams,0 days 01:11:04.035000,,1,9.0,,,False,True
0 days 01:14:42.684000,ALB,23,0 days 00:01:49.291000,10.0,1.0,,,0 days 00:00:39.273000,0 days 00:00:44.681000,0 days 00:00:25.337000,0 days 01:13:32.704000,0 days 01:14:17.385000,0 days 01:14:42.722000,191.0,194.0,337.0,323.0,False,HARD,10.0,True,Williams,0 days 01:12:53.393000,,1,8.0,,,False,True
0 days 01:16:31.883000,ALB,23,0 days 00:01:49.199000,11.0,1.0,,,0 days 00:00:39.168000,0 days 00:00:44.297000,0 days 00:00:25.734000,0 days 01:15:21.890000,0 days 01:16:06.187000,0 days 01:16:31.921000,189.0,196.0,319.0,320.0,True,HARD,11.0,True,Williams,0 days 01:14:42.684000,,1,7.0,,,False,True
0 days 01:18:21.074000,ALB,23,0 days 00:01:49.191000,12.0,1.0,,,0 days 00:00:39.044000,0 days 00:00:44.308000,0 days 00:00:25.839000,0 days 01:17:10.965000,0 days 01:17:55.273000,0 days 01:18:21.112000,191.0,198.0,319.0,318.0,True,HARD,12.0,True,Williams,0 days 01:16:31.883000,,1,7.0,,,False,True
0 days 01:20:10.114000,ALB,23,0 days 00:01:49.040000,13.0,1.0,,,0 days 00:00:39.098000,0 days 00:00:44.156000,0 days 00:00:25.786000,0 days 01:19:00.210000,0 days 01:19:44.366000,0 days 01:20:10.152000,195.0,202.0,317.0,317.0,True,HARD,13.0,True,Williams,0 days 01:18:21.074000,,1,5.0,,,False,True
0 days 01:21:58.897000,ALB,23,0 days 00:01:48.783000,14.0,1.0,,,0 days 00:00:38.946000,0 days 00:00:44.005000,0 days 00:00:25.832000,0 days 01:20:49.098000,0 days 01:21:33.103000,0 days 01:21:58.935000,194.0,195.0,318.0,316.0,True,HARD,14.0,True,Williams,0 days 01:20:10.114000,,1,4.0,,,False,True
0 days 01:23:47.676000,ALB,23,0 days 00:01:48.779000,15.0,1.0,,,0 days 00:00:38.867000,0 days 00:00:43.995000,0 days 00:00:25.917000,0 days 01:22:37.802000,0 days 01:23:21.797000,0 days 01:23:47.714000,192.0,204.0,317.0,316.0,True,HARD,15.0,True,Williams,0 days 01:21:58.897000,,1,4.0,,,False,True
0 days 01:25:36.353000,ALB,23,0 days 00:01:48.677000,16.0,1.0,,,0 days 00:00:38.936000,0 days 00:00:43.928000,0 days 00:00:25.813000,0 days 01:24:26.650000,0 days 01:25:10.578000,0 days 01:25:36.391000,194.0,203.0,317.0,315.0,True,HARD,16.0,True,Williams,0 days 01:23:47.676000,,1,3.0,,,False,True
0 days 01:27:26.668000,ALB,23,0 days 00:01:50.315000,17.0,1.0,,,0 days 00:00:40.006000,0 days 00:00:44.650000,0 days 00:00:25.659000,0 days 01:26:16.397000,0 days 01:27:01.047000,0 days 01:27:26.706000,180.0,199.0,324.0,320.0,False,HARD,17.0,True,Williams,0 days 01:25:36.353000,,1,4.0,,,False,True
0 days 01:29:16.630000,ALB,23,0 days 00:01:49.962000,18.0,1.0,,,0 days 00:00:39.840000,0 days 00:00:44.347000,0 days 00:00:25.775000,0 days 01:28:06.546000,0 days 01:28:50.893000,0 days 01:29:16.668000,181.0,198.0,318.0,319.0,False,HARD,18.0,True,Williams,0 days 01:27:26.668000,,1,3.0,,,False,True
0 days 01:31:06.407000,ALB,23,0 days 00:01:49.777000,19.0,1.0,,,0 days 00:00:39.731000,0 days 00:00:44.408000,0 days 00:00:25.638000,0 days 01:29:56.399000,0 days 01:30:40.807000,0 days 01:31:06.445000,179.0,202.0,323.0,319.0,False,HARD,19.0,True,Williams,0 days 01:29:16.630000,,1,4.0,,,False,True
0 days 01:32:55.689000,ALB,23,0 days 00:01:49.282000,20.0,1.0,,,0 days 00:00:39.214000,0 days 00:00:44.420000,0 days 00:00:25.648000,0 days 01:31:45.659000,0 days 01:32:30.079000,0 days 01:32:55.727000,193.0,198.0,320.0,318.0,False,HARD,20.0,True,Williams,0 days 01:31:06.407000,,1,4.0,,,False,True
0 days 01:34:44.902000,ALB,23,0 days 00:01:49.213000,21.0,1.0,,,0 days 00:00:39.110000,0 days 00:00:44.423000,0 days 00:00:25.680000,0 days 01:33:34.837000,0 days 01:34:19.260000,0 days 01:34:44.940000,193.0,201.0,322.0,319.0,False,HARD,21.0,True,Williams,0 days 01:32:55.689000,,1,4.0,,,False,True
0 days 01:36:34.083000,ALB,23,0 days 00:01:49.181000,22.0,1.0,,,0 days 00:00:39.106000,0 days 00:00:44.289000,0 days 00:00:25.786000,0 days 01:35:24.046000,0 days 01:36:08.335000,0 days 01:36:34.121000,188.0,205.0,319.0,317.0,False,HARD,22.0,True,Williams,0 days 01:34:44.902000,,1,4.0,,,False,True
0 days 01:38:23.330000,ALB,23,0 days 00:01:49.247000,23.0,1.0,,,0 days 00:00:39.162000,0 days 00:00:44.297000,0 days 00:00:25.788000,0 days 01:37:13.283000,0 days 01:37:57.580000,0 days 01:38:23.368000,186.0,199.0,313.0,316.0,False,HARD,23.0,True,Williams,0 days 01:36:34.083000,,1,4.0,,,False,True
0 days 01:40:13.521000,ALB,23,0 days 00:01:50.191000,24.0,1.0,,,0 days 00:00:39.959000,0 days 00:00:44.557000,0 days 00:00:25.675000,0 days 01:39:03.327000,0 days 01:39:47.884000,0 days 01:40:13.559000,184.0,202.0,323.0,322.0,False,HARD,24.0,True,Williams,0 days 01:38:23.330000,,1,5.0,,,False,True
0 days 01:42:02.752000,ALB,23,0 days 00:01:49.231000,25.0,1.0,,,0 days 00:00:39.182000,0 days 00:00:44.349000,0 days 00:00:25.700000,0 days 01:40:52.741000,0 days 01:41:37.090000,0 days 01:42:02.790000,193.0,210.0,321.0,319.0,False,HARD,25.0,True,Williams,0 days 01:40:13.521000,,1,5.0,,,False,True
0 days 01:43:51.931000,ALB,23,0 days 00:01:49.179000,26.0,1.0,,,0 days 00:00:39.218000,0 days 00:00:44.282000,0 days 00:00:25.679000,0 days 01:42:42.008000,0 days 01:43:26.290000,0 days 01:43:51.969000,192.0,204.0,320.0,318.0,False,HARD,26.0,True,Williams,0 days 01:42:02.752000,,1,5.0,,,False,True
0 days 01:45:41.008000,ALB,23,0 days 00:01:49.077000,27.0,1.0,,,0 days 00:00:39.170000,0 days 00:00:44.256000,0 days 00:00:25.651000,0 days 01:44:31.139000,0 days 01:45:15.395000,0 days 01:45:41.046000,183.0,210.0,319.0,318.0,False,HARD,27.0,True,Williams,0 days 01:43:51.931000,,1,5.0,,,False,True
0 days 01:47:30.123000,ALB,23,0 days 00:01:49.115000,28.0,1.0,,,0 days 00:00:39.007000,0 days 00:00:44.331000,0 days 00:00:25.777000,0 days 01:46:20.053000,0 days 01:47:04.384000,0 days 01:47:30.161000,183.0,209.0,322.0,318.0,False,HARD,28.0,True,Williams,0 days 01:45:41.008000,,1,5.0,,,False,True
0 days 01:49:19.310000,ALB,23,0 days 00:01:49.187000,29.0,1.0,,,0 days 00:00:39.233000,0 days 00:00:44.255000,0 days 00:00:25.699000,0 days 01:48:09.394000,0 days 01:48:53.649000,0 days 01:49:19.348000,183.0,200.0,319.0,319.0,False,HARD,29.0,True,Williams,0 days 01:47:30.123000,,1,5.0,,,False,True
0 days 01:51:08.351000,ALB,23,0 days 00:01:49.041000,30.0,1.0,,,0 days 00:00:39.005000,0 days 00:00:44.311000,0 days 00:00:25.725000,0 days 01:49:58.353000,0 days 01:50:42.664000,0 days 01:51:08.389000,191.0,208.0,323.0,317.0,False,HARD,30.0,True,Williams,0 days 01:49:19.310000,,1,5.0,,,False,True
0 days 01:53:00.833000,ALB,23,0 days 00:01:52.482000,31.0,1.0,,0 days 01:52:59.609000,0 days 00:00:38.894000,0 days 00:00:44.084000,0 days 00:00:29.504000,0 days 01:51:47.283000,0 days 01:52:31.367000,0 days 01:53:00.871000,191.0,203.0,,317.0,False,HARD,31.0,True,Williams,0 days 01:51:08.351000,,1,8.0,,,False,False
0 days 01:55:06.789000,ALB,23,0 days 00:02:05.956000,32.0,2.0,0 days 01:53:19.942000,,0 days 00:00:56.411000,0 days 00:00:44.294000,0 days 00:00:25.251000,0 days 01:53:57.282000,0 days 01:54:41.576000,0 days 01:55:06.827000,177.0,204.0,328.0,323.0,False,MEDIUM,1.0,True,Williams,0 days 01:53:00.833000,,1,11.0,,,False,False
0 days 01:56:54.340000,ALB,23,0 days 00:01:47.551000,33.0,2.0,,,0 days 00:00:38.466000,0 days 00:00:43.959000,0 days 00:00:25.126000,0 days 01:55:45.293000,0 days 01:56:29.252000,0 days 01:56:54.378000,188.0,194.0,340.0,325.0,True,MEDIUM,2.0,True,Williams,0 days 01:55:06.789000,,1,11.0,,,False,True
0 days 01:58:42.896000,ALB,23,0 days 00:01:48.556000,34.0,2.0,,,0 days 00:00:39.218000,0 days 00:00:44.330000,0 days 00:00:25.008000,0 days 01:57:33.596000,0 days 01:58:17.926000,0 days 01:58:42.934000,183.0,201.0,348.0,326.0,False,MEDIUM,3.0,True,Williams,0 days 01:56:54.340000,,1,11.0,,,False,True
0 days 02:00:32.629000,ALB,23,0 days 00:01:49.733000,35.0,2.0,,,0 days 00:00:40.309000,0 days 00:00:44.343000,0 days 00:00:25.081000,0 days 01:59:23.243000,0 days 02:00:07.586000,0 days 02:00:32.667000,176.0,205.0,346.0,326.0,False,MEDIUM,4.0,True,Williams,0 days 01:58:42.896000,,1,11.0,,,False,True
0 days 02:02:20.584000,ALB,23,0 days 00:01:47.955000,36.0,2.0,,,0 days 00:00:39.034000,0 days 00:00:43.890000,0 days 00:00:25.031000,0 days 02:01:11.701000,0 days 02:01:55.591000,0 days 02:02:20.622000,189.0,204.0,347.0,326.0,False,MEDIUM,5.0,True,Williams,0 days 02:00:32.629000,,12,10.0,,,False,True
0 days 02:04:08.978000,ALB,23,0 days 00:01:48.394000,37.0,2.0,,,0 days 00:00:39.597000,0 days 00:00:43.662000,0 days 00:00:25.135000,0 days 02:03:00.219000,0 days 02:03:43.881000,0 days 02:04:09.016000,193.0,205.0,347.0,326.0,False,MEDIUM,6.0,True,Williams,0 days 02:02:20.584000,,1,10.0,,,False,True
0 days 02:05:57.102000,ALB,23,0 days 00:01:48.124000,38.0,2.0,,,0 days 00:00:39.164000,0 days 00:00:43.559000,0 days 00:00:25.401000,0 days 02:04:48.180000,0 days 02:05:31.739000,0 days 02:05:57.140000,192.0,206.0,322.0,321.0,False,MEDIUM,7.0,True,Williams,0 days 02:04:08.978000,,1,9.0,,,False,True
0 days 02:07:45.219000,ALB,23,0 days 00:01:48.117000,39.0,2.0,,,0 days 00:00:39.039000,0 days 00:00:43.705000,0 days 00:00:25.373000,0 days 02:06:36.179000,0 days 02:07:19.884000,0 days 02:07:45.257000,185.0,207.0,320.0,322.0,False,MEDIUM,8.0,True,Williams,0 days 02:05:57.102000,,1,9.0,,,False,True
0 days 02:09:32.832000,ALB,23,0 days 00:01:47.613000,40.0,2.0,,,0 days 00:00:38.591000,0 days 00:00:43.682000,0 days 00:00:25.340000,0 days 02:08:23.848000,0 days 02:09:07.530000,0 days 02:09:32.870000,193.0,208.0,320.0,322.0,False,MEDIUM,9.0,True,Williams,0 days 02:07:45.219000,,1,9.0,,,False,True
0 days 02:11:20.785000,ALB,23,0 days 00:01:47.953000,41.0,2.0,,,0 days 00:00:38.815000,0 days 00:00:43.769000,0 days 00:00:25.369000,0 days 02:10:11.685000,0 days 02:10:55.454000,0 days 02:11:20.823000,192.0,207.0,323.0,321.0,False,MEDIUM,10.0,True,Williams,0 days 02:09:32.832000,,1,9.0,,,False,True
0 days 02:13:07.998000,ALB,23,0 days 00:01:47.213000,42.0,2.0,,,0 days 00:00:38.529000,0 days 00:00:43.370000,0 days 00:00:25.314000,0 days 02:11:59.352000,0 days 02:12:42.722000,0 days 02:13:08.036000,187.0,205.0,323.0,322.0,True,MEDIUM,11.0,True,Williams,0 days 02:11:20.785000,,1,9.0,,,False,True
0 days 02:14:54.945000,ALB,23,0 days 00:01:46.947000,43.0,2.0,,,0 days 00:00:38.431000,0 days 00:00:43.187000,0 days 00:00:25.329000,0 days 02:13:46.467000,0 days 02:14:29.654000,0 days 02:14:54.983000,190.0,210.0,324.0,322.0,True,MEDIUM,12.0,True,Williams,0 days 02:13:07.998000,,1,9.0,,,False,True
0 days 02:16:41.985000,ALB,23,0 days 00:01:47.040000,44.0,2.0,,,0 days 00:00:38.321000,0 days 00:00:43.346000,0 days 00:00:25.373000,0 days 02:15:33.304000,0 days 02:16:16.650000,0 days 02:16:42.023000,192.0,201.0,326.0,323.0,False,MEDIUM,13.0,True,Williams,0 days 02:14:54.945000,,1,9.0,,,False,True
0 days 02:18:29.377000,ALB,23,0 days 00:01:47.392000,45.0,2.0,,,0 days 00:00:38.538000,0 days 00:00:43.519000,0 days 00:00:25.335000,0 days 02:17:20.561000,0 days 02:18:04.080000,0 days 02:18:29.415000,193.0,207.0,325.0,323.0,False,MEDIUM,14.0,True,Williams,0 days 02:16:41.985000,,1,9.0,,,False,True
0 days 02:20:16.963000,ALB,23,0 days 00:01:47.586000,46.0,2.0,,,0 days 00:00:38.497000,0 days 00:00:43.779000,0 days 00:00:25.310000,0 days 02:19:07.912000,0 days 02:19:51.691000,0 days 02:20:17.001000,191.0,204.0,328.0,323.0,False,MEDIUM,15.0,True,Williams,0 days 02:18:29.377000,,1,9.0,,,False,True
0 days 02:22:04.532000,ALB,23,0 days 00:01:47.569000,47.0,2.0,,,0 days 00:00:38.545000,0 days 00:00:43.684000,0 days 00:00:25.340000,0 days 02:20:55.546000,0 days 02:21:39.230000,0 days 02:22:04.570000,187.0,204.0,324.0,322.0,False,MEDIUM,16.0,True,Williams,0 days 02:20:16.963000,,1,9.0,,,False,True
0 days 02:23:51.685000,ALB,23,0 days 00:01:47.153000,48.0,2.0,,,0 days 00:00:38.319000,0 days 00:00:43.509000,0 days 00:00:25.325000,0 days 02:22:42.889000,0 days 02:23:26.398000,0 days 02:23:51.723000,193.0,211.0,326.0,323.0,False,MEDIUM,17.0,True,Williams,0 days 02:22:04.532000,,1,9.0,,,False,True
0 days 02:25:39.035000,ALB,23,0 days 00:01:47.350000,49.0,2.0,,,0 days 00:00:38.457000,0 days 00:00:43.454000,0 days 00:00:25.439000,0 days 02:24:30.180000,0 days 02:25:13.634000,0 days 02:25:39.073000,188.0,203.0,325.0,322.0,False,MEDIUM,18.0,True,Williams,0 days 02:23:51.685000,,12,9.0,,,False,True
0 days 02:28:08.063000,ALB,23,0 days 00:02:29.028000,50.0,2.0,,,0 days 00:00:52.407000,0 days 00:00:56.618000,0 days 00:00:40.003000,0 days 02:26:31.480000,0 days 02:27:28.098000,0 days 02:28:08.101000,185.0,158.0,256.0,204.0,False,MEDIUM,19.0,True,Williams,0 days 02:25:39.035000,,26,7.0,,,False,False
0 days 02:30:40.797000,ALB,23,,51.0,2.0,,,0 days 00:01:05.644000,0 days 00:00:50.778000,0 days 00:00:36.258000,0 days 02:29:13.799000,0 days 02:30:04.658000,0 days 02:30:40.911000,151.0,189.0,226.0,216.0,False,MEDIUM,20.0,True,Williams,0 days 02:28:08.063000,,6,7.0,,,False,False
0 days 00:58:21.140000,ZHO,24,0 days 00:02:05.800000,1.0,1.0,,,,0 days 00:00:49.833000,0 days 00:00:25.608000,,0 days 00:57:55.720000,0 days 00:58:21.226000,165.0,189.0,323.0,322.0,False,HARD,2.0,False,Kick Sauber,0 days 00:56:15.070000,,1,18.0,,,False,False
0 days 01:00:15.139000,ZHO,24,0 days 00:01:53.999000,2.0,1.0,,,0 days 00:00:42.378000,0 days 00:00:46.211000,0 days 00:00:25.410000,0 days 00:59:03.568000,0 days 00:59:49.779000,0 days 01:00:15.189000,170.0,192.0,340.0,321.0,True,HARD,3.0,False,Kick Sauber,0 days 00:58:21.140000,,1,18.0,,,False,True
0 days 01:02:07.249000,ZHO,24,0 days 00:01:52.110000,3.0,1.0,,,0 days 00:00:40.889000,0 days 00:00:45.781000,0 days 00:00:25.440000,0 days 01:00:56.078000,0 days 01:01:41.859000,0 days 01:02:07.299000,174.0,195.0,334.0,324.0,True,HARD,4.0,False,Kick Sauber,0 days 01:00:15.139000,,1,18.0,,,False,True
0 days 01:03:58.920000,ZHO,24,0 days 00:01:51.671000,4.0,1.0,,,0 days 00:00:40.425000,0 days 00:00:45.710000,0 days 00:00:25.536000,0 days 01:02:47.724000,0 days 01:03:33.434000,0 days 01:03:58.970000,174.0,194.0,336.0,325.0,True,HARD,5.0,False,Kick Sauber,0 days 01:02:07.249000,,1,18.0,,,False,True
0 days 01:05:52.253000,ZHO,24,0 days 00:01:53.333000,5.0,1.0,,,0 days 00:00:42.076000,0 days 00:00:45.785000,0 days 00:00:25.472000,0 days 01:04:41.046000,0 days 01:05:26.831000,0 days 01:05:52.303000,182.0,201.0,336.0,322.0,False,HARD,6.0,False,Kick Sauber,0 days 01:03:58.920000,,1,18.0,,,False,True
0 days 01:07:43.488000,ZHO,24,0 days 00:01:51.235000,6.0,1.0,,,0 days 00:00:40.420000,0 days 00:00:45.385000,0 days 00:00:25.430000,0 days 01:06:32.723000,0 days 01:07:18.108000,0 days 01:07:43.538000,183.0,198.0,336.0,321.0,True,HARD,7.0,False,Kick Sauber,0 days 01:05:52.253000,,1,18.0,,,False,True
0 days 01:09:34.593000,ZHO,24,0 days 00:01:51.105000,7.0,1.0,,,0 days 00:00:40.084000,0 days 00:00:45.606000,0 days 00:00:25.415000,0 days 01:08:23.622000,0 days 01:09:09.228000,0 days 01:09:34.643000,183.0,187.0,341.0,322.0,True,HARD,8.0,False,Kick Sauber,0 days 01:07:43.488000,,1,18.0,,,False,True
0 days 01:11:25.906000,ZHO,24,0 days 00:01:51.313000,8.0,1.0,,,0 days 00:00:40.247000,0 days 00:00:45.579000,0 days 00:00:25.487000,0 days 01:10:14.890000,0 days 01:11:00.469000,0 days 01:11:25.956000,186.0,197.0,336.0,321.0,False,HARD,9.0,False,Kick Sauber,0 days 01:09:34.593000,,1,18.0,,,False,True
0 days 01:13:16.924000,ZHO,24,0 days 00:01:51.018000,9.0,1.0,,,0 days 00:00:40.385000,0 days 00:00:45.294000,0 days 00:00:25.339000,0 days 01:12:06.341000,0 days 01:12:51.635000,0 days 01:13:16.974000,177.0,196.0,345.0,323.0,True,HARD,10.0,False,Kick Sauber,0 days 01:11:25.906000,,1,18.0,,,False,True
0 days 01:15:07.689000,ZHO,24,0 days 00:01:50.765000,10.0,1.0,,,0 days 00:00:39.863000,0 days 00:00:45.223000,0 days 00:00:25.679000,0 days 01:13:56.837000,0 days 01:14:42.060000,0 days 01:15:07.739000,185.0,208.0,325.0,320.0,True,HARD,11.0,False,Kick Sauber,0 days 01:13:16.924000,,1,17.0,,,False,True
0 days 01:16:58.707000,ZHO,24,0 days 00:01:51.018000,11.0,1.0,,,0 days 00:00:39.751000,0 days 00:00:45.736000,0 days 00:00:25.531000,0 days 01:15:47.490000,0 days 01:16:33.226000,0 days 01:16:58.757000,170.0,189.0,330.0,325.0,False,HARD,12.0,False,Kick Sauber,0 days 01:15:07.689000,,1,16.0,,,False,True
0 days 01:18:49.282000,ZHO,24,0 days 00:01:50.575000,12.0,1.0,,,0 days 00:00:39.458000,0 days 00:00:45.233000,0 days 00:00:25.884000,0 days 01:17:38.215000,0 days 01:18:23.448000,0 days 01:18:49.332000,198.0,203.0,317.0,317.0,True,HARD,13.0,False,Kick Sauber,0 days 01:16:58.707000,,1,16.0,,,False,True
0 days 01:20:39.896000,ZHO,24,0 days 00:01:50.614000,13.0,1.0,,,0 days 00:00:39.773000,0 days 00:00:45.107000,0 days 00:00:25.734000,0 days 01:19:29.105000,0 days 01:20:14.212000,0 days 01:20:39.946000,191.0,204.0,320.0,318.0,False,HARD,14.0,False,Kick Sauber,0 days 01:18:49.282000,,1,15.0,,,False,True
0 days 01:22:30.531000,ZHO,24,0 days 00:01:50.635000,14.0,1.0,,,0 days 00:00:39.721000,0 days 00:00:44.973000,0 days 00:00:25.941000,0 days 01:21:19.667000,0 days 01:22:04.640000,0 days 01:22:30.581000,194.0,208.0,321.0,316.0,False,HARD,15.0,False,Kick Sauber,0 days 01:20:39.896000,,1,15.0,,,False,True
0 days 01:24:20.848000,ZHO,24,0 days 00:01:50.317000,15.0,1.0,,,0 days 00:00:39.529000,0 days 00:00:44.884000,0 days 00:00:25.904000,0 days 01:23:10.110000,0 days 01:23:54.994000,0 days 01:24:20.898000,185.0,213.0,310.0,317.0,True,HARD,16.0,False,Kick Sauber,0 days 01:22:30.531000,,1,14.0,,,False,True
0 days 01:26:11.842000,ZHO,24,0 days 00:01:50.994000,16.0,1.0,,,0 days 00:00:40.046000,0 days 00:00:45.065000,0 days 00:00:25.883000,0 days 01:25:00.944000,0 days 01:25:46.009000,0 days 01:26:11.892000,185.0,209.0,315.0,318.0,False,HARD,17.0,False,Kick Sauber,0 days 01:24:20.848000,,1,14.0,,,False,True
0 days 01:28:02.360000,ZHO,24,0 days 00:01:50.518000,17.0,1.0,,,0 days 00:00:39.566000,0 days 00:00:45.108000,0 days 00:00:25.844000,0 days 01:26:51.458000,0 days 01:27:36.566000,0 days 01:28:02.410000,186.0,204.0,321.0,319.0,False,HARD,18.0,False,Kick Sauber,0 days 01:26:11.842000,,1,15.0,,,False,True
0 days 01:29:54.163000,ZHO,24,0 days 00:01:51.803000,18.0,1.0,,,0 days 00:00:40.701000,0 days 00:00:45.302000,0 days 00:00:25.800000,0 days 01:28:43.111000,0 days 01:29:28.413000,0 days 01:29:54.213000,182.0,198.0,316.0,320.0,False,HARD,19.0,False,Kick Sauber,0 days 01:28:02.360000,,1,16.0,,,False,True
0 days 01:31:44.659000,ZHO,24,0 days 00:01:50.496000,19.0,1.0,,,0 days 00:00:39.556000,0 days 00:00:45.112000,0 days 00:00:25.828000,0 days 01:30:33.769000,0 days 01:31:18.881000,0 days 01:31:44.709000,189.0,208.0,315.0,318.0,False,HARD,20.0,False,Kick Sauber,0 days 01:29:54.163000,,1,16.0,,,False,True
0 days 01:33:35.109000,ZHO,24,0 days 00:01:50.450000,20.0,1.0,,,0 days 00:00:39.418000,0 days 00:00:45.206000,0 days 00:00:25.826000,0 days 01:32:24.127000,0 days 01:33:09.333000,0 days 01:33:35.159000,195.0,195.0,317.0,318.0,False,HARD,21.0,False,Kick Sauber,0 days 01:31:44.659000,,1,16.0,,,False,True
0 days 01:35:25.592000,ZHO,24,0 days 00:01:50.483000,21.0,1.0,,,0 days 00:00:39.495000,0 days 00:00:45.149000,0 days 00:00:25.839000,0 days 01:34:14.654000,0 days 01:34:59.803000,0 days 01:35:25.642000,191.0,198.0,313.0,318.0,False,HARD,22.0,False,Kick Sauber,0 days 01:33:35.109000,,1,16.0,,,False,True
0 days 01:37:15.962000,ZHO,24,0 days 00:01:50.370000,22.0,1.0,,,0 days 00:00:39.500000,0 days 00:00:44.960000,0 days 00:00:25.910000,0 days 01:36:05.142000,0 days 01:36:50.102000,0 days 01:37:16.012000,183.0,197.0,315.0,316.0,False,HARD,23.0,False,Kick Sauber,0 days 01:35:25.592000,,1,16.0,,,False,True
0 days 01:39:06.525000,ZHO,24,0 days 00:01:50.563000,23.0,1.0,,,0 days 00:00:39.424000,0 days 00:00:45.261000,0 days 00:00:25.878000,0 days 01:37:55.436000,0 days 01:38:40.697000,0 days 01:39:06.575000,186.0,212.0,315.0,316.0,False,HARD,24.0,False,Kick Sauber,0 days 01:37:15.962000,,1,16.0,,,False,True
0 days 01:40:56.801000,ZHO,24,0 days 00:01:50.276000,24.0,1.0,,,0 days 00:00:39.559000,0 days 00:00:44.840000,0 days 00:00:25.877000,0 days 01:39:46.134000,0 days 01:40:30.974000,0 days 01:40:56.851000,183.0,207.0,314.0,317.0,True,HARD,25.0,False,Kick Sauber,0 days 01:39:06.525000,,1,16.0,,,False,True
0 days 01:42:46.855000,ZHO,24,0 days 00:01:50.054000,25.0,1.0,,,0 days 00:00:39.410000,0 days 00:00:44.794000,0 days 00:00:25.850000,0 days 01:41:36.261000,0 days 01:42:21.055000,0 days 01:42:46.905000,191.0,201.0,317.0,316.0,True,HARD,26.0,False,Kick Sauber,0 days 01:40:56.801000,,1,16.0,,,False,True
0 days 01:44:36.957000,ZHO,24,0 days 00:01:50.102000,26.0,1.0,,,0 days 00:00:39.343000,0 days 00:00:44.928000,0 days 00:00:25.831000,0 days 01:43:26.248000,0 days 01:44:11.176000,0 days 01:44:37.007000,187.0,205.0,313.0,316.0,False,HARD,27.0,False,Kick Sauber,0 days 01:42:46.855000,,1,16.0,,,False,True
0 days 01:46:26.993000,ZHO,24,0 days 00:01:50.036000,27.0,1.0,,,0 days 00:00:39.386000,0 days 00:00:44.794000,0 days 00:00:25.856000,0 days 01:45:16.393000,0 days 01:46:01.187000,0 days 01:46:27.043000,191.0,209.0,313.0,318.0,True,HARD,28.0,False,Kick Sauber,0 days 01:44:36.957000,,1,16.0,,,False,True
0 days 01:48:16.753000,ZHO,24,0 days 00:01:49.760000,28.0,1.0,,,0 days 00:00:39.181000,0 days 00:00:44.754000,0 days 00:00:25.825000,0 days 01:47:06.224000,0 days 01:47:50.978000,0 days 01:48:16.803000,189.0,203.0,315.0,318.0,True,HARD,29.0,False,Kick Sauber,0 days 01:46:26.993000,,1,16.0,,,False,True
0 days 01:50:06.438000,ZHO,24,0 days 00:01:49.685000,29.0,1.0,,,0 days 00:00:39.066000,0 days 00:00:44.873000,0 days 00:00:25.746000,0 days 01:48:55.869000,0 days 01:49:40.742000,0 days 01:50:06.488000,196.0,195.0,313.0,317.0,True,HARD,30.0,False,Kick Sauber,0 days 01:48:16.753000,,1,16.0,,,False,True
0 days 01:51:56.179000,ZHO,24,0 days 00:01:49.741000,30.0,1.0,,,0 days 00:00:39.252000,0 days 00:00:44.623000,0 days 00:00:25.866000,0 days 01:50:45.740000,0 days 01:51:30.363000,0 days 01:51:56.229000,196.0,205.0,312.0,315.0,False,HARD,31.0,False,Kick Sauber,0 days 01:50:06.438000,,1,16.0,,,False,True
0 days 01:53:45.973000,ZHO,24,0 days 00:01:49.794000,31.0,1.0,,,0 days 00:00:39.171000,0 days 00:00:44.701000,0 days 00:00:25.922000,0 days 01:52:35.400000,0 days 01:53:20.101000,0 days 01:53:46.023000,197.0,203.0,314.0,315.0,False,HARD,32.0,False,Kick Sauber,0 days 01:51:56.179000,,1,16.0,,,False,True
0 days 01:55:35.330000,ZHO,24,0 days 00:01:49.357000,32.0,1.0,,,0 days 00:00:38.945000,0 days 00:00:44.574000,0 days 00:00:25.838000,0 days 01:54:24.968000,0 days 01:55:09.542000,0 days 01:55:35.380000,196.0,206.0,316.0,315.0,True,HARD,33.0,False,Kick Sauber,0 days 01:53:45.973000,,1,16.0,,,False,True
0 days 01:57:24.529000,ZHO,24,0 days 00:01:49.199000,33.0,1.0,,,0 days 00:00:38.919000,0 days 00:00:44.496000,0 days 00:00:25.784000,0 days 01:56:14.299000,0 days 01:56:58.795000,0 days 01:57:24.579000,193.0,212.0,315.0,317.0,True,HARD,34.0,False,Kick Sauber,0 days 01:55:35.330000,,1,16.0,,,False,True
0 days 01:59:18.326000,ZHO,24,0 days 00:01:53.797000,34.0,1.0,,0 days 01:59:17.151000,0 days 00:00:39.175000,0 days 00:00:44.615000,0 days 00:00:30.007000,0 days 01:58:03.754000,0 days 01:58:48.369000,0 days 01:59:18.376000,194.0,207.0,,316.0,False,HARD,35.0,False,Kick Sauber,0 days 01:57:24.529000,,1,17.0,,,False,False
0 days 02:01:24.595000,ZHO,24,0 days 00:02:06.269000,35.0,2.0,0 days 01:59:37.611000,,0 days 00:00:56.704000,0 days 00:00:43.895000,0 days 00:00:25.670000,0 days 02:00:15.080000,0 days 02:00:58.975000,0 days 02:01:24.645000,188.0,209.0,315.0,317.0,False,MEDIUM,2.0,False,Kick Sauber,0 days 01:59:18.326000,,12,19.0,,,False,False
0 days 02:03:12.899000,ZHO,24,0 days 00:01:48.304000,36.0,2.0,,,0 days 00:00:38.838000,0 days 00:00:43.822000,0 days 00:00:25.644000,0 days 02:02:03.483000,0 days 02:02:47.305000,0 days 02:03:12.949000,188.0,211.0,316.0,317.0,True,MEDIUM,3.0,False,Kick Sauber,0 days 02:01:24.595000,,1,19.0,,,False,True
0 days 02:05:01.011000,ZHO,24,0 days 00:01:48.112000,37.0,2.0,,,0 days 00:00:38.658000,0 days 00:00:43.824000,0 days 00:00:25.630000,0 days 02:03:51.607000,0 days 02:04:35.431000,0 days 02:05:01.061000,192.0,208.0,310.0,318.0,True,MEDIUM,4.0,False,Kick Sauber,0 days 02:03:12.899000,,1,19.0,,,False,True
0 days 02:06:49.389000,ZHO,24,0 days 00:01:48.378000,38.0,2.0,,,0 days 00:00:38.759000,0 days 00:00:43.988000,0 days 00:00:25.631000,0 days 02:05:39.820000,0 days 02:06:23.808000,0 days 02:06:49.439000,190.0,214.0,310.0,317.0,False,MEDIUM,5.0,False,Kick Sauber,0 days 02:05:01.011000,,1,19.0,,,False,True
0 days 02:08:37.390000,ZHO,24,0 days 00:01:48.001000,39.0,2.0,,,0 days 00:00:38.691000,0 days 00:00:43.660000,0 days 00:00:25.650000,0 days 02:07:28.130000,0 days 02:08:11.790000,0 days 02:08:37.440000,193.0,208.0,313.0,318.0,True,MEDIUM,6.0,False,Kick Sauber,0 days 02:06:49.389000,,1,19.0,,,False,True
0 days 02:10:25.404000,ZHO,24,0 days 00:01:48.014000,40.0,2.0,,,0 days 00:00:38.587000,0 days 00:00:43.846000,0 days 00:00:25.581000,0 days 02:09:16.027000,0 days 02:09:59.873000,0 days 02:10:25.454000,195.0,210.0,312.0,319.0,False,MEDIUM,7.0,False,Kick Sauber,0 days 02:08:37.390000,,1,19.0,,,False,True
0 days 02:12:13.404000,ZHO,24,0 days 00:01:48,41.0,2.0,,,0 days 00:00:38.586000,0 days 00:00:43.948000,0 days 00:00:25.466000,0 days 02:11:04.040000,0 days 02:11:47.988000,0 days 02:12:13.454000,198.0,213.0,313.0,319.0,True,MEDIUM,8.0,False,Kick Sauber,0 days 02:10:25.404000,,1,19.0,,,False,True
0 days 02:14:01.458000,ZHO,24,0 days 00:01:48.054000,42.0,2.0,,,0 days 00:00:38.672000,0 days 00:00:43.795000,0 days 00:00:25.587000,0 days 02:12:52.126000,0 days 02:13:35.921000,0 days 02:14:01.508000,204.0,202.0,315.0,320.0,False,MEDIUM,9.0,False,Kick Sauber,0 days 02:12:13.404000,,1,19.0,,,False,True
0 days 02:15:49.102000,ZHO,24,0 days 00:01:47.644000,43.0,2.0,,,0 days 00:00:38.494000,0 days 00:00:43.587000,0 days 00:00:25.563000,0 days 02:14:40.002000,0 days 02:15:23.589000,0 days 02:15:49.152000,192.0,204.0,316.0,321.0,True,MEDIUM,10.0,False,Kick Sauber,0 days 02:14:01.458000,,1,19.0,,,False,True
0 days 02:17:37.009000,ZHO,24,0 days 00:01:47.907000,44.0,2.0,,,0 days 00:00:38.557000,0 days 00:00:43.904000,0 days 00:00:25.446000,0 days 02:16:27.709000,0 days 02:17:11.613000,0 days 02:17:37.059000,196.0,206.0,320.0,322.0,False,MEDIUM,11.0,False,Kick Sauber,0 days 02:15:49.102000,,1,19.0,,,False,True
0 days 02:19:24.943000,ZHO,24,0 days 00:01:47.934000,45.0,2.0,,,0 days 00:00:38.616000,0 days 00:00:44.117000,0 days 00:00:25.201000,0 days 02:18:15.675000,0 days 02:18:59.792000,0 days 02:19:24.993000,185.0,199.0,338.0,322.0,False,MEDIUM,12.0,False,Kick Sauber,0 days 02:17:37.009000,,1,18.0,,,False,True
0 days 02:21:13.590000,ZHO,24,0 days 00:01:48.647000,46.0,2.0,,,0 days 00:00:38.998000,0 days 00:00:44.073000,0 days 00:00:25.576000,0 days 02:20:03.991000,0 days 02:20:48.064000,0 days 02:21:13.640000,194.0,207.0,315.0,320.0,False,MEDIUM,13.0,False,Kick Sauber,0 days 02:19:24.943000,,1,17.0,,,False,True
0 days 02:23:01.667000,ZHO,24,0 days 00:01:48.077000,47.0,2.0,,,0 days 00:00:38.532000,0 days 00:00:44.127000,0 days 00:00:25.418000,0 days 02:21:52.172000,0 days 02:22:36.299000,0 days 02:23:01.717000,191.0,204.0,335.0,321.0,False,MEDIUM,14.0,False,Kick Sauber,0 days 02:21:13.590000,,1,17.0,,,False,True
0 days 02:24:50.172000,ZHO,24,0 days 00:01:48.505000,48.0,2.0,,,0 days 00:00:38.862000,0 days 00:00:43.904000,0 days 00:00:25.739000,0 days 02:23:40.579000,0 days 02:24:24.483000,0 days 02:24:50.222000,195.0,208.0,313.0,315.0,False,MEDIUM,15.0,False,Kick Sauber,0 days 02:23:01.667000,,1,16.0,,,False,True
0 days 02:26:38.221000,ZHO,24,0 days 00:01:48.049000,49.0,2.0,,,0 days 00:00:38.649000,0 days 00:00:43.676000,0 days 00:00:25.724000,0 days 02:25:28.871000,0 days 02:26:12.547000,0 days 02:26:38.271000,192.0,214.0,317.0,316.0,False,MEDIUM,16.0,False,Kick Sauber,0 days 02:24:50.172000,,12,16.0,,,False,True
0 days 02:29:09.466000,ZHO,24,,50.0,2.0,,,0 days 00:01:01.547000,0 days 00:00:50.293000,0 days 00:00:39.363000,0 days 02:27:39.936000,0 days 02:28:30.153000,0 days 02:29:09.574000,163.0,123.0,180.0,192.0,False,MEDIUM,17.0,False,Kick Sauber,0 days 02:26:38.221000,,26,14.0,,,False,False
0 days 02:31:42.265000,ZHO,24,,51.0,2.0,,,0 days 00:01:00.585000,0 days 00:00:53.163000,0 days 00:00:39.016000,0 days 02:30:10.136000,0 days 02:31:03.379000,0 days 02:31:42.330000,162.0,127.0,219.0,199.0,False,MEDIUM,18.0,False,Kick Sauber,0 days 02:29:09.466000,,6,14.0,,,False,False
0 days 00:58:19.173000,HUL,27,0 days 00:02:03.833000,1.0,1.0,,,,0 days 00:00:48.097000,0 days 00:00:26.513000,,0 days 00:57:52.829000,0 days 00:58:19.366000,163.0,193.0,322.0,326.0,False,MEDIUM,1.0,True,Haas F1 Team,0 days 00:56:15.070000,,1,13.0,,,False,False
0 days 01:00:11.207000,HUL,27,0 days 00:01:52.034000,2.0,1.0,,,0 days 00:00:41.221000,0 days 00:00:45.503000,0 days 00:00:25.310000,0 days 00:59:00.434000,0 days 00:59:45.937000,0 days 01:00:11.247000,192.0,198.0,341.0,325.0,True,MEDIUM,2.0,True,Haas F1 Team,0 days 00:58:19.173000,,1,13.0,,,False,True
0 days 01:02:01.657000,HUL,27,0 days 00:01:50.450000,3.0,1.0,,,0 days 00:00:40.164000,0 days 00:00:44.826000,0 days 00:00:25.460000,0 days 01:00:51.411000,0 days 01:01:36.237000,0 days 01:02:01.697000,191.0,211.0,332.0,323.0,True,MEDIUM,3.0,True,Haas F1 Team,0 days 01:00:11.207000,,1,12.0,,,False,True
0 days 01:03:51.934000,HUL,27,0 days 00:01:50.277000,4.0,1.0,,,0 days 00:00:39.734000,0 days 00:00:44.809000,0 days 00:00:25.734000,0 days 01:02:41.431000,0 days 01:03:26.240000,0 days 01:03:51.974000,193.0,209.0,320.0,323.0,True,MEDIUM,4.0,True,Haas F1 Team,0 days 01:02:01.657000,,1,12.0,,,False,True
0 days 01:05:41.047000,HUL,27,0 days 00:01:49.113000,5.0,1.0,,,0 days 00:00:39.218000,0 days 00:00:44.478000,0 days 00:00:25.417000,0 days 01:04:31.192000,0 days 01:05:15.670000,0 days 01:05:41.087000,201.0,211.0,327.0,323.0,True,MEDIUM,5.0,True,Haas F1 Team,0 days 01:03:51.934000,,1,12.0,,,False,True
0 days 01:07:30.808000,HUL,27,0 days 00:01:49.761000,6.0,1.0,,,0 days 00:00:39.174000,0 days 00:00:44.998000,0 days 00:00:25.589000,0 days 01:06:20.261000,0 days 01:07:05.259000,0 days 01:07:30.848000,210.0,201.0,325.0,322.0,False,MEDIUM,6.0,True,Haas F1 Team,0 days 01:05:41.047000,,1,12.0,,,False,True
0 days 01:09:20.726000,HUL,27,0 days 00:01:49.918000,7.0,1.0,,,0 days 00:00:39.423000,0 days 00:00:44.821000,0 days 00:00:25.674000,0 days 01:08:10.271000,0 days 01:08:55.092000,0 days 01:09:20.766000,195.0,200.0,324.0,322.0,False,MEDIUM,7.0,True,Haas F1 Team,0 days 01:07:30.808000,,1,12.0,,,False,True
0 days 01:11:10.059000,HUL,27,0 days 00:01:49.333000,8.0,1.0,,,0 days 00:00:39.141000,0 days 00:00:44.901000,0 days 00:00:25.291000,0 days 01:09:59.907000,0 days 01:10:44.808000,0 days 01:11:10.099000,199.0,204.0,346.0,325.0,False,MEDIUM,8.0,True,Haas F1 Team,0 days 01:09:20.726000,,1,12.0,,,False,True
0 days 01:12:59.878000,HUL,27,0 days 00:01:49.819000,9.0,1.0,,,0 days 00:00:39.712000,0 days 00:00:44.816000,0 days 00:00:25.291000,0 days 01:11:49.811000,0 days 01:12:34.627000,0 days 01:12:59.918000,196.0,205.0,340.0,326.0,False,MEDIUM,9.0,True,Haas F1 Team,0 days 01:11:10.059000,,1,12.0,,,False,True
0 days 01:14:49.279000,HUL,27,0 days 00:01:49.401000,10.0,1.0,,,0 days 00:00:39.054000,0 days 00:00:44.564000,0 days 00:00:25.783000,0 days 01:13:38.972000,0 days 01:14:23.536000,0 days 01:14:49.319000,198.0,206.0,318.0,321.0,False,MEDIUM,10.0,True,Haas F1 Team,0 days 01:12:59.878000,,1,11.0,,,False,True
0 days 01:16:38.833000,HUL,27,0 days 00:01:49.554000,11.0,1.0,,,0 days 00:00:39.167000,0 days 00:00:44.526000,0 days 00:00:25.861000,0 days 01:15:28.486000,0 days 01:16:13.012000,0 days 01:16:38.873000,197.0,208.0,320.0,318.0,False,MEDIUM,11.0,True,Haas F1 Team,0 days 01:14:49.279000,,1,10.0,,,False,True
0 days 01:18:28.317000,HUL,27,0 days 00:01:49.484000,12.0,1.0,,,0 days 00:00:39.073000,0 days 00:00:44.464000,0 days 00:00:25.947000,0 days 01:17:17.946000,0 days 01:18:02.410000,0 days 01:18:28.357000,200.0,209.0,321.0,318.0,False,MEDIUM,12.0,True,Haas F1 Team,0 days 01:16:38.833000,,1,9.0,,,False,True
0 days 01:20:18.114000,HUL,27,0 days 00:01:49.797000,13.0,1.0,,,0 days 00:00:39.221000,0 days 00:00:44.645000,0 days 00:00:25.931000,0 days 01:19:07.578000,0 days 01:19:52.223000,0 days 01:20:18.154000,200.0,206.0,319.0,318.0,False,MEDIUM,13.0,True,Haas F1 Team,0 days 01:18:28.317000,,1,7.0,,,False,True
0 days 01:22:08.480000,HUL,27,0 days 00:01:50.366000,14.0,1.0,,,0 days 00:00:39.218000,0 days 00:00:45.081000,0 days 00:00:26.067000,0 days 01:20:57.372000,0 days 01:21:42.453000,0 days 01:22:08.520000,196.0,207.0,322.0,316.0,False,MEDIUM,14.0,True,Haas F1 Team,0 days 01:20:18.114000,,1,7.0,,,False,True
0 days 01:24:03.436000,HUL,27,0 days 00:01:54.956000,15.0,1.0,,0 days 01:24:02.253000,0 days 00:00:39.553000,0 days 00:00:44.829000,0 days 00:00:30.574000,0 days 01:22:48.073000,0 days 01:23:32.902000,0 days 01:24:03.476000,190.0,201.0,,316.0,False,MEDIUM,15.0,True,Haas F1 Team,0 days 01:22:08.480000,,1,8.0,,,False,False
0 days 01:26:09.871000,HUL,27,0 days 00:02:06.435000,16.0,2.0,0 days 01:24:23.902000,,0 days 00:00:56.543000,0 days 00:00:44.058000,0 days 00:00:25.834000,0 days 01:25:00.019000,0 days 01:25:44.077000,0 days 01:26:09.911000,194.0,205.0,316.0,317.0,False,HARD,1.0,True,Haas F1 Team,0 days 01:24:03.436000,,1,13.0,,,False,False
0 days 01:27:58.976000,HUL,27,0 days 00:01:49.105000,17.0,2.0,,,0 days 00:00:39.096000,0 days 00:00:44.141000,0 days 00:00:25.868000,0 days 01:26:49.007000,0 days 01:27:33.148000,0 days 01:27:59.016000,205.0,206.0,316.0,319.0,True,HARD,2.0,True,Haas F1 Team,0 days 01:26:09.871000,,1,13.0,,,False,True
0 days 01:29:48.129000,HUL,27,0 days 00:01:49.153000,18.0,2.0,,,0 days 00:00:39.242000,0 days 00:00:44.126000,0 days 00:00:25.785000,0 days 01:28:38.258000,0 days 01:29:22.384000,0 days 01:29:48.169000,198.0,208.0,316.0,319.0,False,HARD,3.0,True,Haas F1 Team,0 days 01:27:58.976000,,1,13.0,,,False,True
0 days 01:31:36.668000,HUL,27,0 days 00:01:48.539000,19.0,2.0,,,0 days 00:00:39.002000,0 days 00:00:43.888000,0 days 00:00:25.649000,0 days 01:30:27.171000,0 days 01:31:11.059000,0 days 01:31:36.708000,200.0,209.0,317.0,319.0,True,HARD,4.0,True,Haas F1 Team,0 days 01:29:48.129000,,1,13.0,,,False,True
0 days 01:33:24.669000,HUL,27,0 days 00:01:48.001000,20.0,2.0,,,0 days 00:00:38.988000,0 days 00:00:43.930000,0 days 00:00:25.083000,0 days 01:32:15.696000,0 days 01:32:59.626000,0 days 01:33:24.709000,194.0,204.0,344.0,324.0,True,HARD,5.0,True,Haas F1 Team,0 days 01:31:36.668000,,1,12.0,,,False,True
0 days 01:35:12.944000,HUL,27,0 days 00:01:48.275000,21.0,2.0,,,0 days 00:00:38.677000,0 days 00:00:43.983000,0 days 00:00:25.615000,0 days 01:34:03.386000,0 days 01:34:47.369000,0 days 01:35:12.984000,196.0,213.0,315.0,319.0,False,HARD,6.0,True,Haas F1 Team,0 days 01:33:24.669000,,1,12.0,,,False,True
0 days 01:37:01.869000,HUL,27,0 days 00:01:48.925000,22.0,2.0,,,0 days 00:00:39.169000,0 days 00:00:44.066000,0 days 00:00:25.690000,0 days 01:35:52.153000,0 days 01:36:36.219000,0 days 01:37:01.909000,198.0,212.0,316.0,316.0,False,HARD,7.0,True,Haas F1 Team,0 days 01:35:12.944000,,1,12.0,,,False,True
0 days 01:38:50.673000,HUL,27,0 days 00:01:48.804000,23.0,2.0,,,0 days 00:00:39.126000,0 days 00:00:44.193000,0 days 00:00:25.485000,0 days 01:37:41.035000,0 days 01:38:25.228000,0 days 01:38:50.713000,205.0,214.0,317.0,318.0,False,HARD,8.0,True,Haas F1 Team,0 days 01:37:01.869000,,1,12.0,,,False,True
0 days 01:40:38.598000,HUL,27,0 days 00:01:47.925000,24.0,2.0,,,0 days 00:00:38.707000,0 days 00:00:43.697000,0 days 00:00:25.521000,0 days 01:39:29.420000,0 days 01:40:13.117000,0 days 01:40:38.638000,206.0,218.0,320.0,321.0,True,HARD,9.0,True,Haas F1 Team,0 days 01:38:50.673000,,1,12.0,,,False,True
0 days 01:42:26.691000,HUL,27,0 days 00:01:48.093000,25.0,2.0,,,0 days 00:00:38.759000,0 days 00:00:44.050000,0 days 00:00:25.284000,0 days 01:41:17.397000,0 days 01:42:01.447000,0 days 01:42:26.731000,201.0,210.0,334.0,325.0,False,HARD,10.0,True,Haas F1 Team,0 days 01:40:38.598000,,1,11.0,,,False,True
0 days 01:44:15.078000,HUL,27,0 days 00:01:48.387000,26.0,2.0,,,0 days 00:00:38.694000,0 days 00:00:44.044000,0 days 00:00:25.649000,0 days 01:43:05.425000,0 days 01:43:49.469000,0 days 01:44:15.118000,201.0,221.0,317.0,317.0,False,HARD,11.0,True,Haas F1 Team,0 days 01:42:26.691000,,1,11.0,,,False,True
0 days 01:46:03.415000,HUL,27,0 days 00:01:48.337000,27.0,2.0,,,0 days 00:00:38.987000,0 days 00:00:43.839000,0 days 00:00:25.511000,0 days 01:44:54.105000,0 days 01:45:37.944000,0 days 01:46:03.455000,202.0,214.0,318.0,320.0,False,HARD,12.0,True,Haas F1 Team,0 days 01:44:15.078000,,1,11.0,,,False,True
0 days 01:47:51.982000,HUL,27,0 days 00:01:48.567000,28.0,2.0,,,0 days 00:00:38.863000,0 days 00:00:44.049000,0 days 00:00:25.655000,0 days 01:46:42.318000,0 days 01:47:26.367000,0 days 01:47:52.022000,201.0,213.0,317.0,321.0,False,HARD,13.0,True,Haas F1 Team,0 days 01:46:03.415000,,1,11.0,,,False,True
0 days 01:49:40.296000,HUL,27,0 days 00:01:48.314000,29.0,2.0,,,0 days 00:00:38.879000,0 days 00:00:43.950000,0 days 00:00:25.485000,0 days 01:48:30.901000,0 days 01:49:14.851000,0 days 01:49:40.336000,193.0,212.0,320.0,320.0,False,HARD,14.0,True,Haas F1 Team,0 days 01:47:51.982000,,1,11.0,,,False,True
0 days 01:51:28.559000,HUL,27,0 days 00:01:48.263000,30.0,2.0,,,0 days 00:00:38.981000,0 days 00:00:43.784000,0 days 00:00:25.498000,0 days 01:50:19.317000,0 days 01:51:03.101000,0 days 01:51:28.599000,199.0,217.0,320.0,320.0,False,HARD,15.0,True,Haas F1 Team,0 days 01:49:40.296000,,1,11.0,,,False,True
0 days 01:53:16.664000,HUL,27,0 days 00:01:48.105000,31.0,2.0,,,0 days 00:00:38.890000,0 days 00:00:43.777000,0 days 00:00:25.438000,0 days 01:52:07.489000,0 days 01:52:51.266000,0 days 01:53:16.704000,205.0,211.0,319.0,321.0,False,HARD,16.0,True,Haas F1 Team,0 days 01:51:28.559000,,1,11.0,,,False,True
0 days 01:55:05.849000,HUL,27,0 days 00:01:49.185000,32.0,2.0,,,0 days 00:00:39.693000,0 days 00:00:44.116000,0 days 00:00:25.376000,0 days 01:53:56.397000,0 days 01:54:40.513000,0 days 01:55:05.889000,200.0,213.0,326.0,320.0,False,HARD,17.0,True,Haas F1 Team,0 days 01:53:16.664000,,1,10.0,,,False,True
0 days 01:56:53.660000,HUL,27,0 days 00:01:47.811000,33.0,2.0,,,0 days 00:00:38.614000,0 days 00:00:44.039000,0 days 00:00:25.158000,0 days 01:55:44.503000,0 days 01:56:28.542000,0 days 01:56:53.700000,197.0,209.0,337.0,324.0,True,HARD,18.0,True,Haas F1 Team,0 days 01:55:05.849000,,1,10.0,,,False,True
0 days 01:58:42.350000,HUL,27,0 days 00:01:48.690000,34.0,2.0,,,0 days 00:00:39.265000,0 days 00:00:44.325000,0 days 00:00:25.100000,0 days 01:57:32.965000,0 days 01:58:17.290000,0 days 01:58:42.390000,194.0,204.0,338.0,326.0,False,HARD,19.0,True,Haas F1 Team,0 days 01:56:53.660000,,1,10.0,,,False,True
0 days 02:00:31.779000,HUL,27,0 days 00:01:49.429000,35.0,2.0,,,0 days 00:00:40.024000,0 days 00:00:44.463000,0 days 00:00:24.942000,0 days 01:59:22.414000,0 days 02:00:06.877000,0 days 02:00:31.819000,203.0,204.0,345.0,331.0,False,HARD,20.0,True,Haas F1 Team,0 days 01:58:42.350000,,1,9.0,,,False,True
0 days 02:02:20.321000,HUL,27,0 days 00:01:48.542000,36.0,2.0,,,0 days 00:00:38.871000,0 days 00:00:44.106000,0 days 00:00:25.565000,0 days 02:01:10.690000,0 days 02:01:54.796000,0 days 02:02:20.361000,199.0,214.0,318.0,322.0,False,HARD,21.0,True,Haas F1 Team,0 days 02:00:31.779000,,12,9.0,,,False,True
0 days 02:04:08.836000,HUL,27,0 days 00:01:48.515000,37.0,2.0,,,0 days 00:00:39.148000,0 days 00:00:43.852000,0 days 00:00:25.515000,0 days 02:02:59.509000,0 days 02:03:43.361000,0 days 02:04:08.876000,206.0,215.0,326.0,320.0,False,HARD,22.0,True,Haas F1 Team,0 days 02:02:20.321000,,1,9.0,,,False,True
0 days 02:05:58.474000,HUL,27,0 days 00:01:49.638000,38.0,2.0,,,0 days 00:00:40.110000,0 days 00:00:44.077000,0 days 00:00:25.451000,0 days 02:04:48.986000,0 days 02:05:33.063000,0 days 02:05:58.514000,197.0,221.0,318.0,322.0,False,HARD,23.0,True,Haas F1 Team,0 days 02:04:08.836000,,1,10.0,,,False,True
0 days 02:07:47.111000,HUL,27,0 days 00:01:48.637000,39.0,2.0,,,0 days 00:00:39.123000,0 days 00:00:44.074000,0 days 00:00:25.440000,0 days 02:06:37.637000,0 days 02:07:21.711000,0 days 02:07:47.151000,205.0,211.0,320.0,322.0,False,HARD,24.0,True,Haas F1 Team,0 days 02:05:58.474000,,1,10.0,,,False,True
0 days 02:09:35.236000,HUL,27,0 days 00:01:48.125000,40.0,2.0,,,0 days 00:00:38.834000,0 days 00:00:43.882000,0 days 00:00:25.409000,0 days 02:08:25.985000,0 days 02:09:09.867000,0 days 02:09:35.276000,207.0,218.0,320.0,322.0,False,HARD,25.0,True,Haas F1 Team,0 days 02:07:47.111000,,1,10.0,,,False,True
0 days 02:11:23.229000,HUL,27,0 days 00:01:47.993000,41.0,2.0,,,0 days 00:00:38.834000,0 days 00:00:43.744000,0 days 00:00:25.415000,,0 days 02:10:57.854000,0 days 02:11:23.269000,207.0,218.0,320.0,320.0,False,HARD,26.0,True,Haas F1 Team,0 days 02:09:35.236000,,1,10.0,,,False,True
0 days 02:13:10.920000,HUL,27,0 days 00:01:47.691000,42.0,2.0,,,0 days 00:00:38.539000,0 days 00:00:43.689000,0 days 00:00:25.463000,0 days 02:12:01.808000,0 days 02:12:45.497000,0 days 02:13:10.960000,209.0,222.0,319.0,322.0,True,HARD,27.0,True,Haas F1 Team,0 days 02:11:23.229000,,1,10.0,,,False,True
0 days 02:14:59.242000,HUL,27,0 days 00:01:48.322000,43.0,2.0,,,0 days 00:00:39.093000,0 days 00:00:43.683000,0 days 00:00:25.546000,0 days 02:13:50.053000,0 days 02:14:33.736000,0 days 02:14:59.282000,196.0,222.0,317.0,320.0,False,HARD,28.0,True,Haas F1 Team,0 days 02:13:10.920000,,1,10.0,,,False,True
0 days 02:16:47.176000,HUL,27,0 days 00:01:47.934000,44.0,2.0,,,0 days 00:00:38.501000,0 days 00:00:43.892000,0 days 00:00:25.541000,0 days 02:15:37.783000,0 days 02:16:21.675000,0 days 02:16:47.216000,208.0,218.0,317.0,320.0,False,HARD,29.0,True,Haas F1 Team,0 days 02:14:59.242000,,1,10.0,,,False,True
0 days 02:18:35.003000,HUL,27,0 days 00:01:47.827000,45.0,2.0,,,0 days 00:00:38.581000,0 days 00:00:43.756000,0 days 00:00:25.490000,0 days 02:17:25.797000,0 days 02:18:09.553000,0 days 02:18:35.043000,199.0,218.0,318.0,320.0,False,HARD,30.0,True,Haas F1 Team,0 days 02:16:47.176000,,1,10.0,,,False,True
0 days 02:20:22.960000,HUL,27,0 days 00:01:47.957000,46.0,2.0,,,0 days 00:00:38.445000,0 days 00:00:43.760000,0 days 00:00:25.752000,0 days 02:19:13.488000,0 days 02:19:57.248000,0 days 02:20:23,203.0,226.0,316.0,320.0,False,HARD,31.0,True,Haas F1 Team,0 days 02:18:35.003000,,1,10.0,,,False,True
0 days 02:22:10.653000,HUL,27,0 days 00:01:47.693000,47.0,2.0,,,0 days 00:00:38.334000,0 days 00:00:43.791000,0 days 00:00:25.568000,0 days 02:21:01.334000,0 days 02:21:45.125000,0 days 02:22:10.693000,206.0,216.0,318.0,320.0,False,HARD,32.0,True,Haas F1 Team,0 days 02:20:22.960000,,1,10.0,,,False,True
0 days 02:24:00.240000,HUL,27,0 days 00:01:49.587000,48.0,2.0,,,0 days 00:00:38.447000,0 days 00:00:43.738000,0 days 00:00:27.402000,0 days 02:22:49.140000,0 days 02:23:32.878000,0 days 02:24:00.280000,206.0,207.0,299.0,293.0,False,HARD,33.0,True,Haas F1 Team,0 days 02:22:10.653000,,1,10.0,,,False,True
0 days 02:25:49.648000,HUL,27,0 days 00:01:49.408000,49.0,2.0,,,0 days 00:00:40.300000,0 days 00:00:43.901000,0 days 00:00:25.207000,0 days 02:24:40.580000,0 days 02:25:24.481000,0 days 02:25:49.688000,199.0,213.0,334.0,324.0,False,HARD,34.0,True,Haas F1 Team,0 days 02:24:00.240000,,12,11.0,,,False,True
0 days 02:28:14.973000,HUL,27,0 days 00:02:25.325000,50.0,2.0,,,0 days 00:00:46.227000,0 days 00:00:59.154000,0 days 00:00:39.944000,0 days 02:26:35.915000,0 days 02:27:35.069000,0 days 02:28:15.013000,184.0,161.0,197.0,179.0,False,HARD,35.0,True,Haas F1 Team,0 days 02:25:49.648000,,26,11.0,,,False,False
0 days 02:30:46.908000,HUL,27,,51.0,2.0,,,0 days 00:01:11.506000,0 days 00:00:46.074000,0 days 00:00:34.259000,0 days 02:29:26.665000,0 days 02:30:12.689000,0 days 02:30:46.973000,156.0,205.0,217.0,175.0,False,HARD,36.0,True,Haas F1 Team,0 days 02:28:14.973000,,6,11.0,,,False,False
0 days 00:58:19.269000,RIC,3,0 days 00:02:03.929000,1.0,1.0,,,,0 days 00:00:48.316000,0 days 00:00:26.084000,,0 days 00:57:53.302000,0 days 00:58:19.396000,162.0,196.0,309.0,323.0,False,HARD,2.0,False,RB,0 days 00:56:15.070000,,1,14.0,,,False,False
0 days 01:00:12.165000,RIC,3,0 days 00:01:52.896000,2.0,1.0,,,0 days 00:00:41.684000,0 days 00:00:45.825000,0 days 00:00:25.387000,0 days 00:59:01.002000,0 days 00:59:46.827000,0 days 01:00:12.214000,186.0,201.0,344.0,322.0,True,HARD,3.0,False,RB,0 days 00:58:19.269000,,1,14.0,,,False,True
0 days 01:02:03.875000,RIC,3,0 days 00:01:51.710000,3.0,1.0,,,0 days 00:00:40.481000,0 days 00:00:45.814000,0 days 00:00:25.415000,0 days 01:00:52.695000,0 days 01:01:38.509000,0 days 01:02:03.924000,183.0,188.0,344.0,324.0,True,HARD,4.0,False,RB,0 days 01:00:12.165000,,1,13.0,,,False,True
0 days 01:03:53.311000,RIC,3,0 days 00:01:49.436000,4.0,1.0,,,0 days 00:00:39.204000,0 days 00:00:44.540000,0 days 00:00:25.692000,0 days 01:02:43.128000,0 days 01:03:27.668000,0 days 01:03:53.360000,191.0,194.0,328.0,323.0,True,HARD,5.0,False,RB,0 days 01:02:03.875000,,1,13.0,,,False,True
0 days 01:05:43.001000,RIC,3,0 days 00:01:49.690000,5.0,1.0,,,0 days 00:00:39.476000,0 days 00:00:44.646000,0 days 00:00:25.568000,0 days 01:04:32.836000,0 days 01:05:17.482000,0 days 01:05:43.050000,193.0,204.0,327.0,321.0,False,HARD,6.0,False,RB,0 days 01:03:53.311000,,1,13.0,,,False,True
0 days 01:07:32.701000,RIC,3,0 days 00:01:49.700000,6.0,1.0,,,0 days 00:00:39.183000,0 days 00:00:44.854000,0 days 00:00:25.663000,0 days 01:06:22.233000,0 days 01:07:07.087000,0 days 01:07:32.750000,202.0,189.0,328.0,320.0,False,HARD,7.0,False,RB,0 days 01:05:43.001000,,1,13.0,,,False,True
0 days 01:09:21.998000,RIC,3,0 days 00:01:49.297000,7.0,1.0,,,0 days 00:00:39.114000,0 days 00:00:44.651000,0 days 00:00:25.532000,0 days 01:08:11.864000,0 days 01:08:56.515000,0 days 01:09:22.047000,188.0,201.0,329.0,322.0,True,HARD,8.0,False,RB,0 days 01:07:32.701000,,1,13.0,,,False,True
0 days 01:11:11.719000,RIC,3,0 days 00:01:49.721000,8.0,1.0,,,0 days 00:00:39.402000,0 days 00:00:44.763000,0 days 00:00:25.556000,0 days 01:10:01.449000,0 days 01:10:46.212000,0 days 01:11:11.768000,191.0,199.0,330.0,322.0,False,HARD,9.0,False,RB,0 days 01:09:21.998000,,1,13.0,,,False,True
0 days 01:13:01.232000,RIC,3,0 days 00:01:49.513000,9.0,1.0,,,0 days 00:00:39.227000,0 days 00:00:44.789000,0 days 00:00:25.497000,0 days 01:11:50.995000,0 days 01:12:35.784000,0 days 01:13:01.281000,193.0,206.0,325.0,323.0,False,HARD,10.0,False,RB,0 days 01:11:11.719000,,1,13.0,,,False,True
0 days 01:14:51.350000,RIC,3,0 days 00:01:50.118000,10.0,1.0,,,0 days 00:00:39.537000,0 days 00:00:45.156000,0 days 00:00:25.425000,0 days 01:13:40.818000,0 days 01:14:25.974000,0 days 01:14:51.399000,187.0,197.0,343.0,325.0,False,HARD,11.0,False,RB,0 days 01:13:01.232000,,1,13.0,,,False,True
0 days 01:16:41.682000,RIC,3,0 days 00:01:50.332000,11.0,1.0,,,0 days 00:00:39.831000,0 days 00:00:44.961000,0 days 00:00:25.540000,0 days 01:15:31.230000,0 days 01:16:16.191000,0 days 01:16:41.731000,189.0,205.0,341.0,321.0,False,HARD,12.0,False,RB,0 days 01:14:51.350000,,1,12.0,,,False,True
0 days 01:18:32.412000,RIC,3,0 days 00:01:50.730000,12.0,1.0,,,0 days 00:00:39.595000,0 days 00:00:45.113000,0 days 00:00:26.022000,0 days 01:17:21.326000,0 days 01:18:06.439000,0 days 01:18:32.461000,188.0,197.0,323.0,322.0,False,HARD,13.0,False,RB,0 days 01:16:41.682000,,1,11.0,,,False,True
0 days 01:20:23.337000,RIC,3,0 days 00:01:50.925000,13.0,1.0,,,0 days 00:00:39.852000,0 days 00:00:45.204000,0 days 00:00:25.869000,0 days 01:19:12.313000,0 days 01:19:57.517000,0 days 01:20:23.386000,194.0,198.0,323.0,319.0,False,HARD,14.0,False,RB,0 days 01:18:32.412000,,1,10.0,,,False,True
0 days 01:22:14.792000,RIC,3,0 days 00:01:51.455000,14.0,1.0,,,0 days 00:00:40.166000,0 days 00:00:45.437000,0 days 00:00:25.852000,0 days 01:21:03.552000,0 days 01:21:48.989000,0 days 01:22:14.841000,193.0,195.0,324.0,318.0,False,HARD,15.0,False,RB,0 days 01:20:23.337000,,1,11.0,,,False,True
0 days 01:24:08.029000,RIC,3,0 days 00:01:53.237000,15.0,1.0,,,0 days 00:00:41.504000,0 days 00:00:45.670000,0 days 00:00:26.063000,0 days 01:22:56.345000,0 days 01:23:42.015000,0 days 01:24:08.078000,187.0,197.0,325.0,319.0,False,HARD,16.0,False,RB,0 days 01:22:14.792000,,1,12.0,,,False,True
0 days 01:25:59.281000,RIC,3,0 days 00:01:51.252000,16.0,1.0,,,0 days 00:00:40.115000,0 days 00:00:45.260000,0 days 00:00:25.877000,0 days 01:24:48.193000,0 days 01:25:33.453000,0 days 01:25:59.330000,194.0,199.0,337.0,317.0,False,HARD,17.0,False,RB,0 days 01:24:08.029000,,1,12.0,,,False,True
0 days 01:27:50.900000,RIC,3,0 days 00:01:51.619000,17.0,1.0,,,0 days 00:00:40.294000,0 days 00:00:45.558000,0 days 00:00:25.767000,0 days 01:26:39.624000,0 days 01:27:25.182000,0 days 01:27:50.949000,186.0,202.0,321.0,321.0,False,HARD,18.0,False,RB,0 days 01:25:59.281000,,1,12.0,,,False,True
0 days 01:29:42.279000,RIC,3,0 days 00:01:51.379000,18.0,1.0,,,0 days 00:00:40.093000,0 days 00:00:45.344000,0 days 00:00:25.942000,0 days 01:28:31.042000,0 days 01:29:16.386000,0 days 01:29:42.328000,185.0,205.0,322.0,318.0,False,HARD,19.0,False,RB,0 days 01:27:50.900000,,1,12.0,,,False,True
0 days 01:31:33.312000,RIC,3,0 days 00:01:51.033000,19.0,1.0,,,0 days 00:00:39.904000,0 days 00:00:45.203000,0 days 00:00:25.926000,0 days 01:30:22.232000,0 days 01:31:07.435000,0 days 01:31:33.361000,189.0,204.0,322.0,317.0,False,HARD,20.0,False,RB,0 days 01:29:42.279000,,1,12.0,,,False,True
0 days 01:33:24.761000,RIC,3,0 days 00:01:51.449000,20.0,1.0,,,0 days 00:00:39.858000,0 days 00:00:45.693000,0 days 00:00:25.898000,0 days 01:32:13.219000,0 days 01:32:58.912000,0 days 01:33:24.810000,193.0,205.0,321.0,316.0,False,HARD,21.0,False,RB,0 days 01:31:33.312000,,1,13.0,,,False,True
0 days 01:35:16.262000,RIC,3,0 days 00:01:51.501000,21.0,1.0,,,0 days 00:00:40.125000,0 days 00:00:45.536000,0 days 00:00:25.840000,0 days 01:34:04.935000,0 days 01:34:50.471000,0 days 01:35:16.311000,189.0,206.0,323.0,318.0,False,HARD,22.0,False,RB,0 days 01:33:24.761000,,1,13.0,,,False,True
0 days 01:37:08.851000,RIC,3,0 days 00:01:52.589000,22.0,1.0,,,0 days 00:00:40.786000,0 days 00:00:45.876000,0 days 00:00:25.927000,0 days 01:35:57.097000,0 days 01:36:42.973000,0 days 01:37:08.900000,181.0,202.0,325.0,318.0,False,HARD,23.0,False,RB,0 days 01:35:16.262000,,1,15.0,,,False,True
0 days 01:39:00.155000,RIC,3,0 days 00:01:51.304000,23.0,1.0,,,0 days 00:00:40.014000,0 days 00:00:45.488000,0 days 00:00:25.802000,0 days 01:37:48.914000,0 days 01:38:34.402000,0 days 01:39:00.204000,184.0,196.0,322.0,317.0,False,HARD,24.0,False,RB,0 days 01:37:08.851000,,1,15.0,,,False,True
0 days 01:40:50.686000,RIC,3,0 days 00:01:50.531000,24.0,1.0,,,0 days 00:00:39.786000,0 days 00:00:44.902000,0 days 00:00:25.843000,0 days 01:39:39.990000,0 days 01:40:24.892000,0 days 01:40:50.735000,196.0,207.0,320.0,318.0,False,HARD,25.0,False,RB,0 days 01:39:00.155000,,1,15.0,,,False,True
0 days 01:42:40.805000,RIC,3,0 days 00:01:50.119000,25.0,1.0,,,0 days 00:00:39.521000,0 days 00:00:44.786000,0 days 00:00:25.812000,0 days 01:41:30.256000,0 days 01:42:15.042000,0 days 01:42:40.854000,196.0,205.0,320.0,317.0,False,HARD,26.0,False,RB,0 days 01:40:50.686000,,1,15.0,,,False,True
0 days 01:44:30.529000,RIC,3,0 days 00:01:49.724000,26.0,1.0,,,0 days 00:00:39.327000,0 days 00:00:44.665000,0 days 00:00:25.732000,0 days 01:43:20.181000,0 days 01:44:04.846000,0 days 01:44:30.578000,193.0,206.0,319.0,316.0,False,HARD,27.0,False,RB,0 days 01:42:40.805000,,1,15.0,,,False,True
0 days 01:46:19.884000,RIC,3,0 days 00:01:49.355000,27.0,1.0,,,0 days 00:00:39.094000,0 days 00:00:44.386000,0 days 00:00:25.875000,0 days 01:45:09.672000,0 days 01:45:54.058000,0 days 01:46:19.933000,184.0,207.0,319.0,317.0,False,HARD,28.0,False,RB,0 days 01:44:30.529000,,1,15.0,,,False,True
0 days 01:48:09.212000,RIC,3,0 days 00:01:49.328000,28.0,1.0,,,0 days 00:00:38.948000,0 days 00:00:44.536000,0 days 00:00:25.844000,0 days 01:46:58.881000,0 days 01:47:43.417000,0 days 01:48:09.261000,194.0,198.0,319.0,318.0,False,HARD,29.0,False,RB,0 days 01:46:19.884000,,1,15.0,,,False,True
0 days 01:49:58.206000,RIC,3,0 days 00:01:48.994000,29.0,1.0,,,0 days 00:00:38.990000,0 days 00:00:44.314000,0 days 00:00:25.690000,0 days 01:48:48.251000,0 days 01:49:32.565000,0 days 01:49:58.255000,179.0,207.0,321.0,318.0,True,HARD,30.0,False,RB,0 days 01:48:09.212000,,1,15.0,,,False,True
0 days 01:51:47.437000,RIC,3,0 days 00:01:49.231000,30.0,1.0,,,0 days 00:00:38.946000,0 days 00:00:44.521000,0 days 00:00:25.764000,0 days 01:50:37.201000,0 days 01:51:21.722000,0 days 01:51:47.486000,189.0,210.0,320.0,317.0,False,HARD,31.0,False,RB,0 days 01:49:58.206000,,1,15.0,,,False,True
0 days 01:53:36.385000,RIC,3,0 days 00:01:48.948000,31.0,1.0,,,0 days 00:00:38.879000,0 days 00:00:44.301000,0 days 00:00:25.768000,0 days 01:52:26.365000,0 days 01:53:10.666000,0 days 01:53:36.434000,196.0,207.0,319.0,317.0,True,HARD,32.0,False,RB,0 days 01:51:47.437000,,1,15.0,,,False,True
0 days 01:55:25.053000,RIC,3,0 days 00:01:48.668000,32.0,1.0,,,0 days 00:00:38.755000,0 days 00:00:44.302000,0 days 00:00:25.611000,0 days 01:54:15.189000,0 days 01:54:59.491000,0 days 01:55:25.102000,191.0,210.0,320.0,317.0,True,HARD,33.0,False,RB,0 days 01:53:36.385000,,1,15.0,,,False,True
0 days 01:57:13.510000,RIC,3,0 days 00:01:48.457000,33.0,1.0,,,0 days 00:00:38.624000,0 days 00:00:44.185000,0 days 00:00:25.648000,0 days 01:56:03.726000,0 days 01:56:47.911000,0 days 01:57:13.559000,194.0,205.0,322.0,317.0,True,HARD,34.0,False,RB,0 days 01:55:25.053000,,1,15.0,,,False,True
0 days 01:59:02.059000,RIC,3,0 days 00:01:48.549000,34.0,1.0,,,0 days 00:00:38.751000,0 days 00:00:44.130000,0 days 00:00:25.668000,0 days 01:57:52.310000,0 days 01:58:36.440000,0 days 01:59:02.108000,194.0,212.0,319.0,317.0,False,HARD,35.0,False,RB,0 days 01:57:13.510000,,1,15.0,,,False,True
0 days 02:00:50.928000,RIC,3,0 days 00:01:48.869000,35.0,1.0,,,0 days 00:00:38.853000,0 days 00:00:44.215000,0 days 00:00:25.801000,0 days 01:59:40.961000,0 days 02:00:25.176000,0 days 02:00:50.977000,192.0,203.0,320.0,318.0,False,HARD,36.0,False,RB,0 days 01:59:02.059000,,1,15.0,,,False,True
0 days 02:02:39.683000,RIC,3,0 days 00:01:48.755000,36.0,1.0,,,0 days 00:00:38.788000,0 days 00:00:44.263000,0 days 00:00:25.704000,0 days 02:01:29.765000,0 days 02:02:14.028000,0 days 02:02:39.732000,196.0,204.0,322.0,318.0,False,HARD,37.0,False,RB,0 days 02:00:50.928000,,12,15.0,,,False,True
0 days 02:04:28.306000,RIC,3,0 days 00:01:48.623000,37.0,1.0,,,0 days 00:00:38.738000,0 days 00:00:44.179000,0 days 00:00:25.706000,0 days 02:03:18.470000,0 days 02:04:02.649000,0 days 02:04:28.355000,201.0,210.0,321.0,318.0,False,HARD,38.0,False,RB,0 days 02:02:39.683000,,1,15.0,,,False,True
0 days 02:06:17.170000,RIC,3,0 days 00:01:48.864000,38.0,1.0,,,0 days 00:00:38.880000,0 days 00:00:44.244000,0 days 00:00:25.740000,0 days 02:05:07.235000,0 days 02:05:51.479000,0 days 02:06:17.219000,205.0,211.0,320.0,316.0,False,HARD,39.0,False,RB,0 days 02:04:28.306000,,1,15.0,,,False,True
0 days 02:08:05.550000,RIC,3,0 days 00:01:48.380000,39.0,1.0,,,0 days 00:00:38.664000,0 days 00:00:43.964000,0 days 00:00:25.752000,0 days 02:06:55.883000,0 days 02:07:39.847000,0 days 02:08:05.599000,203.0,212.0,322.0,318.0,True,HARD,40.0,False,RB,0 days 02:06:17.170000,,1,15.0,,,False,True
0 days 02:09:54.002000,RIC,3,0 days 00:01:48.452000,40.0,1.0,,,0 days 00:00:38.669000,0 days 00:00:44.028000,0 days 00:00:25.755000,0 days 02:08:44.268000,0 days 02:09:28.296000,0 days 02:09:54.051000,192.0,216.0,320.0,317.0,False,HARD,41.0,False,RB,0 days 02:08:05.550000,,1,15.0,,,False,True
0 days 02:11:42.542000,RIC,3,0 days 00:01:48.540000,41.0,1.0,,,0 days 00:00:38.643000,0 days 00:00:44.218000,0 days 00:00:25.679000,0 days 02:10:32.694000,0 days 02:11:16.912000,0 days 02:11:42.591000,202.0,207.0,322.0,317.0,False,HARD,42.0,False,RB,0 days 02:09:54.002000,,1,15.0,,,False,True
0 days 02:13:31.405000,RIC,3,0 days 00:01:48.863000,42.0,1.0,,,0 days 00:00:38.878000,0 days 00:00:44.338000,0 days 00:00:25.647000,0 days 02:12:21.469000,0 days 02:13:05.807000,0 days 02:13:31.454000,204.0,208.0,322.0,318.0,False,HARD,43.0,False,RB,0 days 02:11:42.542000,,1,15.0,,,False,True
0 days 02:15:20.329000,RIC,3,0 days 00:01:48.924000,43.0,1.0,,,0 days 00:00:38.932000,0 days 00:00:44.292000,0 days 00:00:25.700000,0 days 02:14:10.386000,0 days 02:14:54.678000,0 days 02:15:20.378000,192.0,213.0,321.0,318.0,False,HARD,44.0,False,RB,0 days 02:13:31.405000,,1,15.0,,,False,True
0 days 02:17:09.091000,RIC,3,0 days 00:01:48.762000,44.0,1.0,,,0 days 00:00:38.639000,0 days 00:00:44.396000,0 days 00:00:25.727000,0 days 02:15:59.017000,0 days 02:16:43.413000,0 days 02:17:09.140000,193.0,213.0,322.0,320.0,False,HARD,45.0,False,RB,0 days 02:15:20.329000,,1,15.0,,,False,True
0 days 02:18:57.598000,RIC,3,0 days 00:01:48.507000,45.0,1.0,,,0 days 00:00:38.589000,0 days 00:00:44.306000,0 days 00:00:25.612000,0 days 02:17:47.729000,0 days 02:18:32.035000,0 days 02:18:57.647000,197.0,209.0,322.0,318.0,False,HARD,46.0,False,RB,0 days 02:17:09.091000,,1,15.0,,,False,True
0 days 02:20:46.277000,RIC,3,0 days 00:01:48.679000,46.0,1.0,,,0 days 00:00:38.558000,0 days 00:00:44.379000,0 days 00:00:25.742000,0 days 02:19:36.205000,0 days 02:20:20.584000,0 days 02:20:46.326000,208.0,218.0,322.0,317.0,False,HARD,47.0,False,RB,0 days 02:18:57.598000,,1,15.0,,,False,True
0 days 02:22:35.417000,RIC,3,0 days 00:01:49.140000,47.0,1.0,,,0 days 00:00:38.840000,0 days 00:00:44.537000,0 days 00:00:25.763000,0 days 02:21:25.166000,0 days 02:22:09.703000,0 days 02:22:35.466000,197.0,206.0,320.0,318.0,False,HARD,48.0,False,RB,0 days 02:20:46.277000,,1,15.0,,,False,True
0 days 02:24:25.021000,RIC,3,0 days 00:01:49.604000,48.0,1.0,,,0 days 00:00:38.738000,0 days 00:00:45.082000,0 days 00:00:25.784000,0 days 02:23:14.204000,0 days 02:23:59.286000,0 days 02:24:25.070000,199.0,211.0,321.0,317.0,False,HARD,49.0,False,RB,0 days 02:22:35.417000,,1,15.0,,,False,True
0 days 02:26:18.532000,RIC,3,0 days 00:01:53.511000,49.0,1.0,,0 days 02:26:17.235000,0 days 00:00:38.976000,0 days 00:00:44.507000,0 days 00:00:30.028000,0 days 02:25:04.046000,0 days 02:25:48.553000,0 days 02:26:18.581000,205.0,210.0,,317.0,False,HARD,50.0,False,RB,0 days 02:24:25.021000,,12,15.0,,,False,False
0 days 02:29:06.077000,RIC,3,,50.0,2.0,0 days 02:26:39.295000,,0 days 00:01:16.318000,0 days 00:00:52.722000,0 days 00:00:38.456000,0 days 02:27:34.948000,0 days 02:28:27.712000,0 days 02:29:06.131000,180.0,126.0,217.0,204.0,False,SOFT,1.0,True,RB,0 days 02:26:18.532000,,26,13.0,,,False,False
0 days 02:31:40.341000,RIC,3,,51.0,2.0,,,0 days 00:01:01.558000,0 days 00:00:53.954000,0 days 00:00:38.714000,0 days 02:30:07.722000,0 days 02:31:01.728000,0 days 02:31:40.491000,171.0,126.0,196.0,181.0,False,SOFT,2.0,True,RB,0 days 02:29:06.077000,,6,13.0,,,False,False
0 days 00:58:22.309000,OCO,31,0 days 00:02:06.969000,1.0,1.0,0 days 00:56:28.270000,,,0 days 00:00:48.782000,0 days 00:00:25.763000,,0 days 00:57:56.766000,0 days 00:58:22.422000,171.0,191.0,322.0,323.0,False,HARD,4.0,False,Alpine,0 days 00:56:15.070000,,1,19.0,,,False,False
0 days 01:00:15.827000,OCO,31,0 days 00:01:53.518000,2.0,1.0,,,0 days 00:00:41.683000,0 days 00:00:46.359000,0 days 00:00:25.476000,0 days 00:59:04.012000,0 days 00:59:50.371000,0 days 01:00:15.847000,172.0,190.0,339.0,322.0,True,HARD,5.0,False,Alpine,0 days 00:58:22.309000,,1,19.0,,,False,True
0 days 01:02:07.855000,OCO,31,0 days 00:01:52.028000,3.0,1.0,,,0 days 00:00:40.680000,0 days 00:00:45.877000,0 days 00:00:25.471000,0 days 01:00:56.527000,0 days 01:01:42.404000,0 days 01:02:07.875000,180.0,196.0,335.0,324.0,True,HARD,6.0,False,Alpine,0 days 01:00:15.827000,,1,19.0,,,False,True
0 days 01:03:59.369000,OCO,31,0 days 00:01:51.514000,4.0,1.0,,,0 days 00:00:40.300000,0 days 00:00:45.758000,0 days 00:00:25.456000,0 days 01:02:48.175000,0 days 01:03:33.933000,0 days 01:03:59.389000,181.0,197.0,348.0,325.0,True,HARD,7.0,False,Alpine,0 days 01:02:07.855000,,1,19.0,,,False,True
0 days 01:05:52.687000,OCO,31,0 days 00:01:53.318000,5.0,1.0,,,0 days 00:00:42.010000,0 days 00:00:45.915000,0 days 00:00:25.393000,0 days 01:04:41.399000,0 days 01:05:27.314000,0 days 01:05:52.707000,180.0,209.0,341.0,324.0,False,HARD,8.0,False,Alpine,0 days 01:03:59.369000,,1,19.0,,,False,True
0 days 01:07:44.277000,OCO,31,0 days 00:01:51.590000,6.0,1.0,,,0 days 00:00:40.709000,0 days 00:00:45.398000,0 days 00:00:25.483000,0 days 01:06:33.416000,0 days 01:07:18.814000,0 days 01:07:44.297000,188.0,206.0,336.0,321.0,False,HARD,9.0,False,Alpine,0 days 01:05:52.687000,,1,19.0,,,False,True
0 days 01:09:35.283000,OCO,31,0 days 00:01:51.006000,7.0,1.0,,,0 days 00:00:39.775000,0 days 00:00:45.726000,0 days 00:00:25.505000,0 days 01:08:24.072000,0 days 01:09:09.798000,0 days 01:09:35.303000,192.0,197.0,339.0,323.0,True,HARD,10.0,False,Alpine,0 days 01:07:44.277000,,1,19.0,,,False,True
0 days 01:11:26.679000,OCO,31,0 days 00:01:51.396000,8.0,1.0,,,0 days 00:00:39.954000,0 days 00:00:45.885000,0 days 00:00:25.557000,0 days 01:10:15.257000,0 days 01:11:01.142000,0 days 01:11:26.699000,186.0,201.0,336.0,321.0,False,HARD,11.0,False,Alpine,0 days 01:09:35.283000,,1,19.0,,,False,True
0 days 01:13:17.963000,OCO,31,0 days 00:01:51.284000,9.0,1.0,,,0 days 00:00:40.093000,0 days 00:00:45.570000,0 days 00:00:25.621000,0 days 01:12:06.792000,0 days 01:12:52.362000,0 days 01:13:17.983000,183.0,195.0,334.0,322.0,False,HARD,12.0,False,Alpine,0 days 01:11:26.679000,,1,19.0,,,False,True
0 days 01:15:09.478000,OCO,31,0 days 00:01:51.515000,10.0,1.0,,,0 days 00:00:40.138000,0 days 00:00:45.860000,0 days 00:00:25.517000,0 days 01:13:58.121000,0 days 01:14:43.981000,0 days 01:15:09.498000,184.0,202.0,340.0,326.0,False,HARD,13.0,False,Alpine,0 days 01:13:17.963000,,1,18.0,,,False,True
0 days 01:16:59.933000,OCO,31,0 days 00:01:50.455000,11.0,1.0,,,0 days 00:00:39.708000,0 days 00:00:44.958000,0 days 00:00:25.789000,0 days 01:15:49.206000,0 days 01:16:34.164000,0 days 01:16:59.953000,191.0,201.0,318.0,322.0,True,HARD,14.0,False,Alpine,0 days 01:15:09.478000,,1,18.0,,,False,True
0 days 01:18:50.511000,OCO,31,0 days 00:01:50.578000,12.0,1.0,,,0 days 00:00:39.990000,0 days 00:00:44.781000,0 days 00:00:25.807000,0 days 01:17:39.943000,0 days 01:18:24.724000,0 days 01:18:50.531000,196.0,209.0,317.0,321.0,False,HARD,15.0,False,Alpine,0 days 01:16:59.933000,,1,17.0,,,False,True
0 days 01:20:40.415000,OCO,31,0 days 00:01:49.904000,13.0,1.0,,,0 days 00:00:39.574000,0 days 00:00:44.804000,0 days 00:00:25.526000,0 days 01:19:30.105000,0 days 01:20:14.909000,0 days 01:20:40.435000,191.0,201.0,331.0,322.0,True,HARD,16.0,False,Alpine,0 days 01:18:50.511000,,1,16.0,,,False,True
0 days 01:22:30.957000,OCO,31,0 days 00:01:50.542000,14.0,1.0,,,0 days 00:00:39.802000,0 days 00:00:45.031000,0 days 00:00:25.709000,0 days 01:21:20.237000,0 days 01:22:05.268000,0 days 01:22:30.977000,192.0,194.0,330.0,320.0,False,HARD,17.0,False,Alpine,0 days 01:20:40.415000,,1,16.0,,,False,True
0 days 01:24:21.513000,OCO,31,0 days 00:01:50.556000,15.0,1.0,,,0 days 00:00:39.667000,0 days 00:00:45.174000,0 days 00:00:25.715000,0 days 01:23:10.644000,0 days 01:23:55.818000,0 days 01:24:21.533000,186.0,208.0,329.0,319.0,False,HARD,18.0,False,Alpine,0 days 01:22:30.957000,,1,15.0,,,False,True
0 days 01:26:12.651000,OCO,31,0 days 00:01:51.138000,16.0,1.0,,,0 days 00:00:39.934000,0 days 00:00:45.420000,0 days 00:00:25.784000,0 days 01:25:01.467000,0 days 01:25:46.887000,0 days 01:26:12.671000,186.0,205.0,330.0,318.0,False,HARD,19.0,False,Alpine,0 days 01:24:21.513000,,1,16.0,,,False,True
0 days 01:28:04.841000,OCO,31,0 days 00:01:52.190000,17.0,1.0,,,0 days 00:00:40.934000,0 days 00:00:45.474000,0 days 00:00:25.782000,0 days 01:26:53.605000,0 days 01:27:39.079000,0 days 01:28:04.861000,190.0,210.0,318.0,321.0,False,HARD,20.0,False,Alpine,0 days 01:26:12.651000,,1,17.0,,,False,True
0 days 01:29:55.439000,OCO,31,0 days 00:01:50.598000,18.0,1.0,,,0 days 00:00:39.649000,0 days 00:00:45.121000,0 days 00:00:25.828000,0 days 01:28:44.510000,0 days 01:29:29.631000,0 days 01:29:55.459000,192.0,204.0,317.0,321.0,False,HARD,21.0,False,Alpine,0 days 01:28:04.841000,,1,17.0,,,False,True
0 days 01:31:46.427000,OCO,31,0 days 00:01:50.988000,19.0,1.0,,,0 days 00:00:39.900000,0 days 00:00:45.173000,0 days 00:00:25.915000,0 days 01:30:35.359000,0 days 01:31:20.532000,0 days 01:31:46.447000,189.0,198.0,317.0,319.0,False,HARD,22.0,False,Alpine,0 days 01:29:55.439000,,1,17.0,,,False,True
0 days 01:33:37.228000,OCO,31,0 days 00:01:50.801000,20.0,1.0,,,0 days 00:00:39.775000,0 days 00:00:45.176000,0 days 00:00:25.850000,0 days 01:32:26.222000,0 days 01:33:11.398000,0 days 01:33:37.248000,192.0,212.0,317.0,319.0,False,HARD,23.0,False,Alpine,0 days 01:31:46.427000,,1,17.0,,,False,True
0 days 01:35:27.577000,OCO,31,0 days 00:01:50.349000,21.0,1.0,,,0 days 00:00:39.642000,0 days 00:00:44.864000,0 days 00:00:25.843000,0 days 01:34:16.890000,0 days 01:35:01.754000,0 days 01:35:27.597000,194.0,207.0,316.0,320.0,False,HARD,24.0,False,Alpine,0 days 01:33:37.228000,,1,17.0,,,False,True
0 days 01:37:18.076000,OCO,31,0 days 00:01:50.499000,22.0,1.0,,,0 days 00:00:39.639000,0 days 00:00:45.027000,0 days 00:00:25.833000,0 days 01:36:07.236000,0 days 01:36:52.263000,0 days 01:37:18.096000,195.0,203.0,317.0,317.0,False,HARD,25.0,False,Alpine,0 days 01:35:27.577000,,1,17.0,,,False,True
0 days 01:39:08.888000,OCO,31,0 days 00:01:50.812000,23.0,1.0,,,0 days 00:00:39.719000,0 days 00:00:45.160000,0 days 00:00:25.933000,0 days 01:37:57.815000,0 days 01:38:42.975000,0 days 01:39:08.908000,192.0,203.0,315.0,316.0,False,HARD,26.0,False,Alpine,0 days 01:37:18.076000,,1,17.0,,,False,True
0 days 01:40:59.415000,OCO,31,0 days 00:01:50.527000,24.0,1.0,,,0 days 00:00:39.709000,0 days 00:00:44.923000,0 days 00:00:25.895000,0 days 01:39:48.617000,0 days 01:40:33.540000,0 days 01:40:59.435000,192.0,208.0,317.0,319.0,False,HARD,27.0,False,Alpine,0 days 01:39:08.888000,,1,17.0,,,False,True
0 days 01:42:49.577000,OCO,31,0 days 00:01:50.162000,25.0,1.0,,,0 days 00:00:39.700000,0 days 00:00:44.573000,0 days 00:00:25.889000,0 days 01:41:39.135000,0 days 01:42:23.708000,0 days 01:42:49.597000,197.0,209.0,314.0,317.0,False,HARD,28.0,False,Alpine,0 days 01:40:59.415000,,1,17.0,,,False,True
0 days 01:44:39.521000,OCO,31,0 days 00:01:49.944000,26.0,1.0,,,0 days 00:00:39.479000,0 days 00:00:44.663000,0 days 00:00:25.802000,0 days 01:43:29.076000,0 days 01:44:13.739000,0 days 01:44:39.541000,191.0,212.0,314.0,317.0,False,HARD,29.0,False,Alpine,0 days 01:42:49.577000,,1,17.0,,,False,True
0 days 01:46:29.274000,OCO,31,0 days 00:01:49.753000,27.0,1.0,,,0 days 00:00:39.329000,0 days 00:00:44.554000,0 days 00:00:25.870000,0 days 01:45:18.870000,0 days 01:46:03.424000,0 days 01:46:29.294000,194.0,210.0,315.0,320.0,True,HARD,30.0,False,Alpine,0 days 01:44:39.521000,,1,17.0,,,False,True
0 days 01:48:18.881000,OCO,31,0 days 00:01:49.607000,28.0,1.0,,,0 days 00:00:39.245000,0 days 00:00:44.580000,0 days 00:00:25.782000,0 days 01:47:08.539000,0 days 01:47:53.119000,0 days 01:48:18.901000,191.0,211.0,315.0,319.0,True,HARD,31.0,False,Alpine,0 days 01:46:29.274000,,1,17.0,,,False,True
0 days 01:50:08.407000,OCO,31,0 days 00:01:49.526000,29.0,1.0,,,0 days 00:00:39.256000,0 days 00:00:44.590000,0 days 00:00:25.680000,0 days 01:48:58.157000,0 days 01:49:42.747000,0 days 01:50:08.427000,197.0,210.0,315.0,320.0,True,HARD,32.0,False,Alpine,0 days 01:48:18.881000,,1,17.0,,,False,True
0 days 01:51:57.892000,OCO,31,0 days 00:01:49.485000,30.0,1.0,,,0 days 00:00:39.217000,0 days 00:00:44.513000,0 days 00:00:25.755000,0 days 01:50:47.644000,0 days 01:51:32.157000,0 days 01:51:57.912000,193.0,211.0,314.0,319.0,True,HARD,33.0,False,Alpine,0 days 01:50:08.407000,,1,17.0,,,False,True
0 days 01:53:47.594000,OCO,31,0 days 00:01:49.702000,31.0,1.0,,,0 days 00:00:39.169000,0 days 00:00:44.787000,0 days 00:00:25.746000,0 days 01:52:37.081000,0 days 01:53:21.868000,0 days 01:53:47.614000,195.0,210.0,315.0,318.0,False,HARD,34.0,False,Alpine,0 days 01:51:57.892000,,1,17.0,,,False,True
0 days 01:55:37.013000,OCO,31,0 days 00:01:49.419000,32.0,1.0,,,0 days 00:00:39.280000,0 days 00:00:44.441000,0 days 00:00:25.698000,0 days 01:54:26.894000,0 days 01:55:11.335000,0 days 01:55:37.033000,194.0,217.0,315.0,317.0,True,HARD,35.0,False,Alpine,0 days 01:53:47.594000,,1,17.0,,,False,True
0 days 01:57:26.099000,OCO,31,0 days 00:01:49.086000,33.0,1.0,,,0 days 00:00:38.868000,0 days 00:00:44.574000,0 days 00:00:25.644000,0 days 01:56:15.901000,0 days 01:57:00.475000,0 days 01:57:26.119000,196.0,212.0,315.0,321.0,True,HARD,36.0,False,Alpine,0 days 01:55:37.013000,,1,17.0,,,False,True
0 days 01:59:15.482000,OCO,31,0 days 00:01:49.383000,34.0,1.0,,,0 days 00:00:39.183000,0 days 00:00:44.550000,0 days 00:00:25.650000,0 days 01:58:05.302000,0 days 01:58:49.852000,0 days 01:59:15.502000,198.0,211.0,314.0,319.0,False,HARD,37.0,False,Alpine,0 days 01:57:26.099000,,1,16.0,,,False,True
0 days 02:01:04.313000,OCO,31,0 days 00:01:48.831000,35.0,1.0,,,0 days 00:00:38.892000,0 days 00:00:44.106000,0 days 00:00:25.833000,0 days 01:59:54.394000,0 days 02:00:38.500000,0 days 02:01:04.333000,199.0,216.0,315.0,317.0,True,HARD,38.0,False,Alpine,0 days 01:59:15.482000,,1,16.0,,,False,True
0 days 02:03:00.152000,OCO,31,0 days 00:01:55.839000,36.0,1.0,,,0 days 00:00:44.795000,0 days 00:00:45.047000,0 days 00:00:25.997000,0 days 02:01:49.128000,0 days 02:02:34.175000,0 days 02:03:00.172000,186.0,206.0,310.0,317.0,False,HARD,39.0,False,Alpine,0 days 02:01:04.313000,,12,16.0,,,False,True
0 days 02:04:49.707000,OCO,31,0 days 00:01:49.555000,37.0,1.0,,,0 days 00:00:39.181000,0 days 00:00:44.444000,0 days 00:00:25.930000,0 days 02:03:39.353000,0 days 02:04:23.797000,0 days 02:04:49.727000,197.0,220.0,311.0,317.0,False,HARD,40.0,False,Alpine,0 days 02:03:00.152000,,1,16.0,,,False,True
0 days 02:06:38.819000,OCO,31,0 days 00:01:49.112000,38.0,1.0,,,0 days 00:00:39.103000,0 days 00:00:44.221000,0 days 00:00:25.788000,0 days 02:05:28.830000,0 days 02:06:13.051000,0 days 02:06:38.839000,202.0,214.0,310.0,316.0,False,HARD,41.0,False,Alpine,0 days 02:04:49.707000,,1,16.0,,,False,True
0 days 02:08:27.763000,OCO,31,0 days 00:01:48.944000,39.0,1.0,,,0 days 00:00:38.831000,0 days 00:00:44.140000,0 days 00:00:25.973000,0 days 02:07:17.670000,0 days 02:08:01.810000,0 days 02:08:27.783000,196.0,209.0,318.0,316.0,False,HARD,42.0,False,Alpine,0 days 02:06:38.819000,,1,16.0,,,False,True
0 days 02:10:17.036000,OCO,31,0 days 00:01:49.273000,40.0,1.0,,,0 days 00:00:38.906000,0 days 00:00:44.514000,0 days 00:00:25.853000,0 days 02:09:06.689000,0 days 02:09:51.203000,0 days 02:10:17.056000,199.0,216.0,309.0,315.0,False,HARD,43.0,False,Alpine,0 days 02:08:27.763000,,1,16.0,,,False,True
0 days 02:12:06.095000,OCO,31,0 days 00:01:49.059000,41.0,1.0,,,0 days 00:00:38.882000,0 days 00:00:44.406000,0 days 00:00:25.771000,0 days 02:10:55.938000,0 days 02:11:40.344000,0 days 02:12:06.115000,195.0,212.0,310.0,315.0,False,HARD,44.0,False,Alpine,0 days 02:10:17.036000,,1,16.0,,,False,True
0 days 02:13:55.410000,OCO,31,0 days 00:01:49.315000,42.0,1.0,,,0 days 00:00:39.005000,0 days 00:00:44.399000,0 days 00:00:25.911000,0 days 02:12:45.120000,0 days 02:13:29.519000,0 days 02:13:55.430000,200.0,214.0,311.0,317.0,False,HARD,45.0,False,Alpine,0 days 02:12:06.095000,,1,16.0,,,False,True
0 days 02:15:44.404000,OCO,31,0 days 00:01:48.994000,43.0,1.0,,,0 days 00:00:38.976000,0 days 00:00:44.126000,0 days 00:00:25.892000,0 days 02:14:34.406000,0 days 02:15:18.532000,0 days 02:15:44.424000,190.0,214.0,309.0,316.0,False,HARD,46.0,False,Alpine,0 days 02:13:55.410000,,1,16.0,,,False,True
0 days 02:17:33.673000,OCO,31,0 days 00:01:49.269000,44.0,1.0,,,0 days 00:00:39.046000,0 days 00:00:44.372000,0 days 00:00:25.851000,0 days 02:16:23.470000,0 days 02:17:07.842000,0 days 02:17:33.693000,194.0,211.0,312.0,317.0,False,HARD,47.0,False,Alpine,0 days 02:15:44.404000,,1,16.0,,,False,True
0 days 02:19:22.691000,OCO,31,0 days 00:01:49.018000,45.0,1.0,,,0 days 00:00:39.018000,0 days 00:00:44.255000,0 days 00:00:25.745000,0 days 02:18:12.711000,0 days 02:18:56.966000,0 days 02:19:22.711000,198.0,208.0,310.0,316.0,False,HARD,48.0,False,Alpine,0 days 02:17:33.673000,,1,16.0,,,False,True
0 days 02:21:12.110000,OCO,31,0 days 00:01:49.419000,46.0,1.0,,,0 days 00:00:38.965000,0 days 00:00:44.586000,0 days 00:00:25.868000,0 days 02:20:01.676000,0 days 02:20:46.262000,0 days 02:21:12.130000,196.0,211.0,311.0,316.0,False,HARD,49.0,False,Alpine,0 days 02:19:22.691000,,1,16.0,,,False,True
0 days 02:23:01.617000,OCO,31,0 days 00:01:49.507000,47.0,1.0,,,0 days 00:00:38.955000,0 days 00:00:44.593000,0 days 00:00:25.959000,0 days 02:21:51.085000,0 days 02:22:35.678000,0 days 02:23:01.637000,200.0,207.0,311.0,316.0,False,HARD,50.0,False,Alpine,0 days 02:21:12.110000,,1,16.0,,,False,True
0 days 02:24:53.392000,OCO,31,0 days 00:01:51.775000,48.0,1.0,,,0 days 00:00:40.127000,0 days 00:00:46.068000,0 days 00:00:25.580000,0 days 02:23:41.764000,0 days 02:24:27.832000,0 days 02:24:53.412000,190.0,177.0,333.0,322.0,False,HARD,51.0,False,Alpine,0 days 02:23:01.617000,,1,17.0,,,False,True
0 days 02:26:48.580000,OCO,31,0 days 00:01:55.188000,49.0,1.0,,0 days 02:26:47.287000,0 days 00:00:39.379000,0 days 00:00:44.582000,0 days 00:00:31.227000,0 days 02:25:32.791000,0 days 02:26:17.373000,0 days 02:26:48.600000,185.0,214.0,,319.0,False,HARD,52.0,False,Alpine,0 days 02:24:53.392000,,126,17.0,,,False,False
0 days 02:29:34.721000,OCO,31,,50.0,2.0,0 days 02:27:07.907000,,0 days 00:01:11.049000,0 days 00:00:55.655000,0 days 00:00:39.407000,0 days 02:27:59.679000,0 days 02:28:55.427000,0 days 02:29:34.843000,166.0,131.0,196.0,184.0,False,SOFT,1.0,True,Alpine,0 days 02:26:48.580000,,6,15.0,,,False,False
0 days 00:58:19.101000,NOR,4,0 days 00:02:03.761000,1.0,1.0,,,,0 days 00:00:47.888000,0 days 00:00:26.989000,,0 days 00:57:52.310000,0 days 00:58:19.208000,170.0,199.0,318.0,316.0,False,HARD,1.0,True,McLaren,0 days 00:56:15.070000,,1,12.0,,,False,False
0 days 01:00:10.739000,NOR,4,0 days 00:01:51.638000,2.0,1.0,,,0 days 00:00:40.756000,0 days 00:00:45.502000,0 days 00:00:25.380000,0 days 00:58:59.914000,0 days 00:59:45.416000,0 days 01:00:10.796000,184.0,193.0,345.0,324.0,True,HARD,2.0,True,McLaren,0 days 00:58:19.101000,,1,12.0,,,False,True
0 days 01:02:00.958000,NOR,4,0 days 00:01:50.219000,3.0,1.0,,,0 days 00:00:40.037000,0 days 00:00:44.477000,0 days 00:00:25.705000,0 days 01:00:50.833000,0 days 01:01:35.310000,0 days 01:02:01.015000,191.0,208.0,312.0,320.0,True,HARD,3.0,True,McLaren,0 days 01:00:10.739000,,1,11.0,,,False,True
0 days 01:03:50.725000,NOR,4,0 days 00:01:49.767000,4.0,1.0,,,0 days 00:00:39.515000,0 days 00:00:44.496000,0 days 00:00:25.756000,0 days 01:02:40.530000,0 days 01:03:25.026000,0 days 01:03:50.782000,189.0,199.0,318.0,321.0,True,HARD,4.0,True,McLaren,0 days 01:02:00.958000,,1,11.0,,,False,True
0 days 01:05:40.111000,NOR,4,0 days 00:01:49.386000,5.0,1.0,,,0 days 00:00:39.278000,0 days 00:00:44.579000,0 days 00:00:25.529000,0 days 01:04:30.060000,0 days 01:05:14.639000,0 days 01:05:40.168000,192.0,202.0,321.0,321.0,True,HARD,5.0,True,McLaren,0 days 01:03:50.725000,,1,11.0,,,False,True
0 days 01:07:29.620000,NOR,4,0 days 00:01:49.509000,6.0,1.0,,,0 days 00:00:39.129000,0 days 00:00:44.852000,0 days 00:00:25.528000,0 days 01:06:19.297000,0 days 01:07:04.149000,0 days 01:07:29.677000,201.0,206.0,330.0,321.0,False,HARD,6.0,True,McLaren,0 days 01:05:40.111000,,1,11.0,,,False,True
0 days 01:09:18.724000,NOR,4,0 days 00:01:49.104000,7.0,1.0,,,0 days 00:00:39.277000,0 days 00:00:44.683000,0 days 00:00:25.144000,0 days 01:08:08.954000,0 days 01:08:53.637000,0 days 01:09:18.781000,186.0,201.0,345.0,325.0,True,HARD,7.0,True,McLaren,0 days 01:07:29.620000,,1,11.0,,,False,True
0 days 01:11:08.005000,NOR,4,0 days 00:01:49.281000,8.0,1.0,,,0 days 00:00:39.263000,0 days 00:00:44.512000,0 days 00:00:25.506000,0 days 01:09:58.044000,0 days 01:10:42.556000,0 days 01:11:08.062000,193.0,200.0,315.0,320.0,False,HARD,8.0,True,McLaren,0 days 01:09:18.724000,,1,10.0,,,False,True
0 days 01:12:56.816000,NOR,4,0 days 00:01:48.811000,9.0,1.0,,,0 days 00:00:38.988000,0 days 00:00:44.310000,0 days 00:00:25.513000,0 days 01:11:47.050000,0 days 01:12:31.360000,0 days 01:12:56.873000,193.0,199.0,321.0,320.0,True,HARD,9.0,True,McLaren,0 days 01:11:08.005000,,1,10.0,,,False,True
0 days 01:14:45.794000,NOR,4,0 days 00:01:48.978000,10.0,1.0,,,0 days 00:00:39.061000,0 days 00:00:44.413000,0 days 00:00:25.504000,0 days 01:13:35.934000,0 days 01:14:20.347000,0 days 01:14:45.851000,186.0,202.0,326.0,321.0,False,HARD,10.0,True,McLaren,0 days 01:12:56.816000,,1,9.0,,,False,True
0 days 01:16:34.350000,NOR,4,0 days 00:01:48.556000,11.0,1.0,,,0 days 00:00:38.701000,0 days 00:00:44.264000,0 days 00:00:25.591000,0 days 01:15:24.552000,0 days 01:16:08.816000,0 days 01:16:34.407000,194.0,201.0,320.0,321.0,True,HARD,11.0,True,McLaren,0 days 01:14:45.794000,,1,9.0,,,False,True
0 days 01:18:23.237000,NOR,4,0 days 00:01:48.887000,12.0,1.0,,,0 days 00:00:38.996000,0 days 00:00:44.079000,0 days 00:00:25.812000,0 days 01:17:13.403000,0 days 01:17:57.482000,0 days 01:18:23.294000,192.0,201.0,320.0,319.0,False,HARD,12.0,True,McLaren,0 days 01:16:34.350000,,1,8.0,,,False,True
0 days 01:20:12.270000,NOR,4,0 days 00:01:49.033000,13.0,1.0,,,0 days 00:00:39.144000,0 days 00:00:44.314000,0 days 00:00:25.575000,0 days 01:19:02.438000,0 days 01:19:46.752000,0 days 01:20:12.327000,189.0,202.0,320.0,320.0,False,HARD,13.0,True,McLaren,0 days 01:18:23.237000,,1,6.0,,,False,True
0 days 01:22:01.190000,NOR,4,0 days 00:01:48.920000,14.0,1.0,,,0 days 00:00:39.047000,0 days 00:00:44.241000,0 days 00:00:25.632000,0 days 01:20:51.374000,0 days 01:21:35.615000,0 days 01:22:01.247000,195.0,205.0,321.0,317.0,False,HARD,14.0,True,McLaren,0 days 01:20:12.270000,,1,5.0,,,False,True
0 days 01:23:51.359000,NOR,4,0 days 00:01:50.169000,15.0,1.0,,,0 days 00:00:39.046000,0 days 00:00:45.333000,0 days 00:00:25.790000,0 days 01:22:40.293000,0 days 01:23:25.626000,0 days 01:23:51.416000,184.0,205.0,320.0,316.0,False,HARD,15.0,True,McLaren,0 days 01:22:01.190000,,1,5.0,,,False,True
0 days 01:25:40.688000,NOR,4,0 days 00:01:49.329000,16.0,1.0,,,0 days 00:00:39.459000,0 days 00:00:44.299000,0 days 00:00:25.571000,0 days 01:24:30.875000,0 days 01:25:15.174000,0 days 01:25:40.745000,186.0,197.0,323.0,318.0,False,HARD,16.0,True,McLaren,0 days 01:23:51.359000,,1,6.0,,,False,True
0 days 01:27:29.397000,NOR,4,0 days 00:01:48.709000,17.0,1.0,,,0 days 00:00:38.860000,0 days 00:00:44.379000,0 days 00:00:25.470000,0 days 01:26:19.605000,0 days 01:27:03.984000,0 days 01:27:29.454000,190.0,199.0,326.0,322.0,False,HARD,17.0,True,McLaren,0 days 01:25:40.688000,,1,6.0,,,False,True
0 days 01:29:18.628000,NOR,4,0 days 00:01:49.231000,18.0,1.0,,,0 days 00:00:39.001000,0 days 00:00:44.610000,0 days 00:00:25.620000,0 days 01:28:08.455000,0 days 01:28:53.065000,0 days 01:29:18.685000,188.0,199.0,324.0,320.0,False,HARD,18.0,True,McLaren,0 days 01:27:29.397000,,1,5.0,,,False,True
0 days 01:31:07.710000,NOR,4,0 days 00:01:49.082000,19.0,1.0,,,0 days 00:00:39.174000,0 days 00:00:44.459000,0 days 00:00:25.449000,0 days 01:29:57.859000,0 days 01:30:42.318000,0 days 01:31:07.767000,188.0,204.0,325.0,321.0,False,HARD,19.0,True,McLaren,0 days 01:29:18.628000,,1,5.0,,,False,True
0 days 01:32:57.183000,NOR,4,0 days 00:01:49.473000,20.0,1.0,,,0 days 00:00:39.472000,0 days 00:00:44.479000,0 days 00:00:25.522000,0 days 01:31:47.239000,0 days 01:32:31.718000,0 days 01:32:57.240000,187.0,203.0,323.0,320.0,False,HARD,20.0,True,McLaren,0 days 01:31:07.710000,,1,5.0,,,False,True
0 days 01:34:46.071000,NOR,4,0 days 00:01:48.888000,21.0,1.0,,,0 days 00:00:39.001000,0 days 00:00:44.402000,0 days 00:00:25.485000,0 days 01:33:36.241000,0 days 01:34:20.643000,0 days 01:34:46.128000,189.0,202.0,329.0,321.0,False,HARD,21.0,True,McLaren,0 days 01:32:57.183000,,1,5.0,,,False,True
0 days 01:36:35.006000,NOR,4,0 days 00:01:48.935000,22.0,1.0,,,0 days 00:00:39.127000,0 days 00:00:44.289000,0 days 00:00:25.519000,0 days 01:35:25.255000,0 days 01:36:09.544000,0 days 01:36:35.063000,187.0,212.0,327.0,320.0,False,HARD,22.0,True,McLaren,0 days 01:34:46.071000,,1,5.0,,,False,True
0 days 01:38:24.755000,NOR,4,0 days 00:01:49.749000,23.0,1.0,,,0 days 00:00:39.718000,0 days 00:00:44.584000,0 days 00:00:25.447000,0 days 01:37:14.781000,0 days 01:37:59.365000,0 days 01:38:24.812000,184.0,206.0,329.0,320.0,False,HARD,23.0,True,McLaren,0 days 01:36:35.006000,,1,6.0,,,False,True
0 days 01:40:14.808000,NOR,4,0 days 00:01:50.053000,24.0,1.0,,,0 days 00:00:40.023000,0 days 00:00:44.387000,0 days 00:00:25.643000,0 days 01:39:04.835000,0 days 01:39:49.222000,0 days 01:40:14.865000,189.0,207.0,328.0,322.0,False,HARD,24.0,True,McLaren,0 days 01:38:24.755000,,1,6.0,,,False,True
0 days 01:42:03.387000,NOR,4,0 days 00:01:48.579000,25.0,1.0,,,0 days 00:00:39.002000,0 days 00:00:44.225000,0 days 00:00:25.352000,0 days 01:40:53.867000,0 days 01:41:38.092000,0 days 01:42:03.444000,189.0,208.0,337.0,321.0,False,HARD,25.0,True,McLaren,0 days 01:40:14.808000,,1,6.0,,,False,True
0 days 01:43:52.329000,NOR,4,0 days 00:01:48.942000,26.0,1.0,,,0 days 00:00:39.203000,0 days 00:00:44.498000,0 days 00:00:25.241000,0 days 01:42:42.647000,0 days 01:43:27.145000,0 days 01:43:52.386000,187.0,211.0,338.0,323.0,False,HARD,26.0,True,McLaren,0 days 01:42:03.387000,,1,6.0,,,False,True
0 days 01:45:41.470000,NOR,4,0 days 00:01:49.141000,27.0,1.0,,,0 days 00:00:39.335000,0 days 00:00:44.525000,0 days 00:00:25.281000,0 days 01:44:31.721000,0 days 01:45:16.246000,0 days 01:45:41.527000,181.0,204.0,341.0,322.0,False,HARD,27.0,True,McLaren,0 days 01:43:52.329000,,1,6.0,,,False,True
0 days 01:47:30.515000,NOR,4,0 days 00:01:49.045000,28.0,1.0,,,0 days 00:00:39.209000,0 days 00:00:44.499000,0 days 00:00:25.337000,0 days 01:46:20.736000,0 days 01:47:05.235000,0 days 01:47:30.572000,192.0,204.0,340.0,322.0,False,HARD,28.0,True,McLaren,0 days 01:45:41.470000,,1,6.0,,,False,True
0 days 01:49:19.782000,NOR,4,0 days 00:01:49.267000,29.0,1.0,,,0 days 00:00:39.473000,0 days 00:00:44.510000,0 days 00:00:25.284000,0 days 01:48:10.045000,0 days 01:48:54.555000,0 days 01:49:19.839000,182.0,202.0,333.0,323.0,False,HARD,29.0,True,McLaren,0 days 01:47:30.515000,,1,6.0,,,False,True
0 days 01:51:08.692000,NOR,4,0 days 00:01:48.910000,30.0,1.0,,,0 days 00:00:39.130000,0 days 00:00:44.494000,0 days 00:00:25.286000,0 days 01:49:58.969000,0 days 01:50:43.463000,0 days 01:51:08.749000,184.0,201.0,340.0,322.0,False,HARD,30.0,True,McLaren,0 days 01:49:19.782000,,1,6.0,,,False,True
0 days 01:52:57.494000,NOR,4,0 days 00:01:48.802000,31.0,1.0,,,0 days 00:00:39.192000,0 days 00:00:44.199000,0 days 00:00:25.411000,0 days 01:51:47.941000,0 days 01:52:32.140000,0 days 01:52:57.551000,189.0,209.0,337.0,321.0,False,HARD,31.0,True,McLaren,0 days 01:51:08.692000,,1,5.0,,,False,True
0 days 01:54:45.427000,NOR,4,0 days 00:01:47.933000,32.0,1.0,,,0 days 00:00:38.414000,0 days 00:00:43.928000,0 days 00:00:25.591000,0 days 01:53:35.965000,0 days 01:54:19.893000,0 days 01:54:45.484000,193.0,221.0,323.0,316.0,True,HARD,32.0,True,McLaren,0 days 01:52:57.494000,,1,5.0,,,False,True
0 days 01:56:33.374000,NOR,4,0 days 00:01:47.947000,33.0,1.0,,,0 days 00:00:38.542000,0 days 00:00:43.824000,0 days 00:00:25.581000,0 days 01:55:24.026000,0 days 01:56:07.850000,0 days 01:56:33.431000,194.0,216.0,318.0,316.0,False,HARD,33.0,True,McLaren,0 days 01:54:45.427000,,1,5.0,,,False,True
0 days 01:58:20.908000,NOR,4,0 days 00:01:47.534000,34.0,1.0,,,0 days 00:00:38.424000,0 days 00:00:43.580000,0 days 00:00:25.530000,0 days 01:57:11.855000,0 days 01:57:55.435000,0 days 01:58:20.965000,208.0,212.0,320.0,318.0,True,HARD,34.0,True,McLaren,0 days 01:56:33.374000,,1,5.0,,,False,True
0 days 02:00:08.575000,NOR,4,0 days 00:01:47.667000,35.0,1.0,,,0 days 00:00:38.393000,0 days 00:00:43.457000,0 days 00:00:25.817000,0 days 01:58:59.358000,0 days 01:59:42.815000,0 days 02:00:08.632000,196.0,217.0,320.0,318.0,False,HARD,35.0,True,McLaren,0 days 01:58:20.908000,,1,5.0,,,False,True
0 days 02:01:56.084000,NOR,4,0 days 00:01:47.509000,36.0,1.0,,,0 days 00:00:38.401000,0 days 00:00:43.495000,0 days 00:00:25.613000,0 days 02:00:47.033000,0 days 02:01:30.528000,0 days 02:01:56.141000,198.0,217.0,321.0,318.0,True,HARD,36.0,True,McLaren,0 days 02:00:08.575000,,12,5.0,,,False,True
0 days 02:03:47.121000,NOR,4,0 days 00:01:51.037000,37.0,1.0,,0 days 02:03:46.008000,0 days 00:00:38.279000,0 days 00:00:43.492000,0 days 00:00:29.266000,0 days 02:02:34.420000,0 days 02:03:17.912000,0 days 02:03:47.178000,201.0,219.0,,319.0,False,HARD,37.0,True,McLaren,0 days 02:01:56.084000,,1,6.0,,,False,False
0 days 02:05:49.612000,NOR,4,0 days 00:02:02.491000,38.0,2.0,0 days 02:04:05.543000,,0 days 00:00:54.126000,0 days 00:00:43.027000,0 days 00:00:25.338000,0 days 02:04:41.304000,0 days 02:05:24.331000,0 days 02:05:49.669000,197.0,217.0,320.0,318.0,False,MEDIUM,1.0,True,McLaren,0 days 02:03:47.121000,,1,7.0,,,False,False
0 days 02:07:35.274000,NOR,4,0 days 00:01:45.662000,39.0,2.0,,,0 days 00:00:37.690000,0 days 00:00:42.685000,0 days 00:00:25.287000,0 days 02:06:27.359000,0 days 02:07:10.044000,0 days 02:07:35.331000,200.0,223.0,320.0,317.0,True,MEDIUM,2.0,True,McLaren,0 days 02:05:49.612000,,1,7.0,,,False,True
0 days 02:09:21.116000,NOR,4,0 days 00:01:45.842000,40.0,2.0,,,0 days 00:00:37.772000,0 days 00:00:42.752000,0 days 00:00:25.318000,0 days 02:08:13.103000,0 days 02:08:55.855000,0 days 02:09:21.173000,200.0,214.0,321.0,318.0,False,MEDIUM,3.0,True,McLaren,0 days 02:07:35.274000,,1,7.0,,,False,True
0 days 02:11:07.220000,NOR,4,0 days 00:01:46.104000,41.0,2.0,,,0 days 00:00:37.795000,0 days 00:00:42.974000,0 days 00:00:25.335000,0 days 02:09:58.968000,0 days 02:10:41.942000,0 days 02:11:07.277000,195.0,214.0,320.0,318.0,False,MEDIUM,4.0,True,McLaren,0 days 02:09:21.116000,,1,7.0,,,False,True
0 days 02:12:52.475000,NOR,4,0 days 00:01:45.255000,42.0,2.0,,,0 days 00:00:37.555000,0 days 00:00:42.537000,0 days 00:00:25.163000,0 days 02:11:44.832000,0 days 02:12:27.369000,0 days 02:12:52.532000,198.0,215.0,321.0,319.0,True,MEDIUM,5.0,True,McLaren,0 days 02:11:07.220000,,1,7.0,,,False,True
0 days 02:14:37.907000,NOR,4,0 days 00:01:45.432000,43.0,2.0,,,0 days 00:00:37.587000,0 days 00:00:42.594000,0 days 00:00:25.251000,0 days 02:13:30.119000,0 days 02:14:12.713000,0 days 02:14:37.964000,200.0,214.0,322.0,319.0,False,MEDIUM,6.0,True,McLaren,0 days 02:12:52.475000,,1,7.0,,,False,True
0 days 02:16:23.498000,NOR,4,0 days 00:01:45.591000,44.0,2.0,,,0 days 00:00:37.530000,0 days 00:00:42.739000,0 days 00:00:25.322000,0 days 02:15:15.494000,0 days 02:15:58.233000,0 days 02:16:23.555000,198.0,214.0,322.0,320.0,False,MEDIUM,7.0,True,McLaren,0 days 02:14:37.907000,,1,7.0,,,False,True
0 days 02:18:09.361000,NOR,4,0 days 00:01:45.863000,45.0,2.0,,,0 days 00:00:37.649000,0 days 00:00:43.023000,0 days 00:00:25.191000,0 days 02:17:01.204000,0 days 02:17:44.227000,0 days 02:18:09.418000,196.0,212.0,321.0,320.0,False,MEDIUM,8.0,True,McLaren,0 days 02:16:23.498000,,1,7.0,,,False,True
0 days 02:19:55.247000,NOR,4,0 days 00:01:45.886000,46.0,2.0,,,0 days 00:00:37.594000,0 days 00:00:43.134000,0 days 00:00:25.158000,0 days 02:18:47.012000,0 days 02:19:30.146000,0 days 02:19:55.304000,198.0,213.0,321.0,321.0,False,MEDIUM,9.0,True,McLaren,0 days 02:18:09.361000,,1,7.0,,,False,True
0 days 02:21:41.298000,NOR,4,0 days 00:01:46.051000,47.0,2.0,,,0 days 00:00:37.775000,0 days 00:00:43.047000,0 days 00:00:25.229000,0 days 02:20:33.079000,0 days 02:21:16.126000,0 days 02:21:41.355000,199.0,213.0,323.0,321.0,False,MEDIUM,10.0,True,McLaren,0 days 02:19:55.247000,,1,7.0,,,False,True
0 days 02:23:27.441000,NOR,4,0 days 00:01:46.143000,48.0,2.0,,,0 days 00:00:37.829000,0 days 00:00:43.373000,0 days 00:00:24.941000,0 days 02:22:19.184000,0 days 02:23:02.557000,0 days 02:23:27.498000,192.0,214.0,345.0,326.0,False,MEDIUM,11.0,True,McLaren,0 days 02:21:41.298000,,1,7.0,,,False,True
0 days 02:25:13.067000,NOR,4,0 days 00:01:45.626000,49.0,2.0,,,0 days 00:00:37.711000,0 days 00:00:42.699000,0 days 00:00:25.216000,0 days 02:24:05.209000,0 days 02:24:47.908000,0 days 02:25:13.124000,200.0,216.0,314.0,320.0,False,MEDIUM,12.0,True,McLaren,0 days 02:23:27.441000,,1,6.0,,,False,True
0 days 02:27:17.311000,NOR,4,0 days 00:02:04.244000,50.0,2.0,,,0 days 00:00:42.325000,0 days 00:00:42.899000,0 days 00:00:39.020000,0 days 02:25:55.449000,0 days 02:26:38.348000,0 days 02:27:17.368000,199.0,218.0,211.0,186.0,False,MEDIUM,13.0,True,McLaren,0 days 02:25:13.067000,,126,4.0,,,False,False
0 days 02:29:49.504000,NOR,4,,51.0,2.0,,,0 days 00:00:59.025000,0 days 00:00:54.197000,0 days 00:00:38.957000,0 days 02:28:16.466000,0 days 02:29:10.604000,0 days 02:29:49.717000,150.0,126.0,209.0,178.0,False,MEDIUM,14.0,True,McLaren,0 days 02:27:17.311000,,6,4.0,,,False,False
0 days 00:58:13.633000,COL,43,0 days 00:01:58.293000,1.0,1.0,,,,0 days 00:00:45.844000,0 days 00:00:25.657000,,0 days 00:57:48.189000,0 days 00:58:13.865000,179.0,209.0,317.0,322.0,False,MEDIUM,1.0,True,Williams,0 days 00:56:15.070000,,1,8.0,,,False,False
0 days 01:00:04.043000,COL,43,0 days 00:01:50.410000,2.0,1.0,,,0 days 00:00:39.970000,0 days 00:00:44.831000,0 days 00:00:25.609000,0 days 00:58:53.650000,0 days 00:59:38.481000,0 days 01:00:04.090000,199.0,216.0,329.0,322.0,True,MEDIUM,2.0,True,Williams,0 days 00:58:13.633000,,1,8.0,,,False,True
0 days 01:01:54.457000,COL,43,0 days 00:01:50.414000,3.0,1.0,,,0 days 00:00:40.041000,0 days 00:00:44.809000,0 days 00:00:25.564000,0 days 01:00:44.131000,0 days 01:01:28.940000,0 days 01:01:54.504000,195.0,196.0,324.0,323.0,False,MEDIUM,3.0,True,Williams,0 days 01:00:04.043000,,1,8.0,,,False,True
0 days 01:03:44.373000,COL,43,0 days 00:01:49.916000,4.0,1.0,,,0 days 00:00:39.758000,0 days 00:00:44.518000,0 days 00:00:25.640000,0 days 01:02:34.262000,0 days 01:03:18.780000,0 days 01:03:44.420000,199.0,203.0,328.0,324.0,True,MEDIUM,4.0,True,Williams,0 days 01:01:54.457000,,1,8.0,,,False,True
0 days 01:05:34.510000,COL,43,0 days 00:01:50.137000,5.0,1.0,,,0 days 00:00:39.652000,0 days 00:00:44.984000,0 days 00:00:25.501000,0 days 01:04:24.072000,0 days 01:05:09.056000,0 days 01:05:34.557000,205.0,193.0,324.0,324.0,False,MEDIUM,5.0,True,Williams,0 days 01:03:44.373000,,1,8.0,,,False,True
0 days 01:07:24.232000,COL,43,0 days 00:01:49.722000,6.0,1.0,,,0 days 00:00:39.451000,0 days 00:00:44.800000,0 days 00:00:25.471000,0 days 01:06:14.008000,0 days 01:06:58.808000,0 days 01:07:24.279000,200.0,201.0,324.0,322.0,True,MEDIUM,6.0,True,Williams,0 days 01:05:34.510000,,1,8.0,,,False,True
0 days 01:09:13.715000,COL,43,0 days 00:01:49.483000,7.0,1.0,,,0 days 00:00:39.425000,0 days 00:00:44.590000,0 days 00:00:25.468000,0 days 01:08:03.704000,0 days 01:08:48.294000,0 days 01:09:13.762000,196.0,198.0,324.0,323.0,True,MEDIUM,7.0,True,Williams,0 days 01:07:24.232000,,1,8.0,,,False,True
0 days 01:11:03.017000,COL,43,0 days 00:01:49.302000,8.0,1.0,,,0 days 00:00:39.197000,0 days 00:00:44.610000,0 days 00:00:25.495000,0 days 01:09:52.959000,0 days 01:10:37.569000,0 days 01:11:03.064000,199.0,202.0,324.0,325.0,True,MEDIUM,8.0,True,Williams,0 days 01:09:13.715000,,1,8.0,,,False,True
0 days 01:12:52.420000,COL,43,0 days 00:01:49.403000,9.0,1.0,,,0 days 00:00:39.433000,0 days 00:00:44.501000,0 days 00:00:25.469000,0 days 01:11:42.497000,0 days 01:12:26.998000,0 days 01:12:52.467000,192.0,195.0,321.0,324.0,False,MEDIUM,9.0,True,Williams,0 days 01:11:03.017000,,1,8.0,,,False,True
0 days 01:14:45.794000,COL,43,0 days 00:01:53.374000,10.0,1.0,,0 days 01:14:44.615000,0 days 00:00:39.361000,0 days 00:00:44.562000,0 days 00:00:29.451000,0 days 01:13:31.828000,0 days 01:14:16.390000,0 days 01:14:45.841000,196.0,201.0,,323.0,False,MEDIUM,10.0,True,Williams,0 days 01:12:52.420000,,1,10.0,,,False,False
0 days 01:16:52.053000,COL,43,0 days 00:02:06.259000,11.0,2.0,0 days 01:15:05.110000,,0 days 00:00:56.332000,0 days 00:00:44.306000,0 days 00:00:25.621000,0 days 01:15:42.173000,0 days 01:16:26.479000,0 days 01:16:52.100000,195.0,201.0,325.0,319.0,False,HARD,1.0,True,Williams,0 days 01:14:45.794000,,1,15.0,,,False,False
0 days 01:18:41.226000,COL,43,0 days 00:01:49.173000,12.0,2.0,,,0 days 00:00:39.126000,0 days 00:00:44.511000,0 days 00:00:25.536000,0 days 01:17:31.226000,0 days 01:18:15.737000,0 days 01:18:41.273000,200.0,197.0,326.0,324.0,True,HARD,2.0,True,Williams,0 days 01:16:52.053000,,1,15.0,,,False,True
0 days 01:20:30.643000,COL,43,0 days 00:01:49.417000,13.0,2.0,,,0 days 00:00:39.142000,0 days 00:00:44.791000,0 days 00:00:25.484000,0 days 01:19:20.415000,0 days 01:20:05.206000,0 days 01:20:30.690000,200.0,193.0,324.0,325.0,False,HARD,3.0,True,Williams,0 days 01:18:41.226000,,1,14.0,,,False,True
0 days 01:22:20.010000,COL,43,0 days 00:01:49.367000,14.0,2.0,,,0 days 00:00:39.354000,0 days 00:00:44.584000,0 days 00:00:25.429000,0 days 01:21:10.044000,0 days 01:21:54.628000,0 days 01:22:20.057000,195.0,202.0,325.0,323.0,False,HARD,4.0,True,Williams,0 days 01:20:30.643000,,1,14.0,,,False,True
0 days 01:24:09.349000,COL,43,0 days 00:01:49.339000,15.0,2.0,,,0 days 00:00:39.407000,0 days 00:00:44.497000,0 days 00:00:25.435000,0 days 01:22:59.464000,0 days 01:23:43.961000,0 days 01:24:09.396000,195.0,202.0,335.0,322.0,False,HARD,5.0,True,Williams,0 days 01:22:20.010000,,1,13.0,,,False,True
0 days 01:25:59.094000,COL,43,0 days 00:01:49.745000,16.0,2.0,,,0 days 00:00:39.407000,0 days 00:00:45.021000,0 days 00:00:25.317000,,0 days 01:25:33.824000,0 days 01:25:59.141000,188.0,199.0,340.0,325.0,False,HARD,6.0,True,Williams,0 days 01:24:09.349000,,1,11.0,,,False,True
0 days 01:27:48.337000,COL,43,0 days 00:01:49.243000,17.0,2.0,,,0 days 00:00:39.378000,0 days 00:00:44.432000,0 days 00:00:25.433000,0 days 01:26:38.519000,0 days 01:27:22.951000,0 days 01:27:48.384000,196.0,200.0,324.0,324.0,False,HARD,7.0,True,Williams,0 days 01:25:59.094000,,1,11.0,,,False,True
0 days 01:29:37.595000,COL,43,0 days 00:01:49.258000,18.0,2.0,,,0 days 00:00:39.664000,0 days 00:00:44.378000,0 days 00:00:25.216000,0 days 01:28:28.048000,0 days 01:29:12.426000,0 days 01:29:37.642000,193.0,200.0,343.0,325.0,False,HARD,8.0,True,Williams,0 days 01:27:48.337000,,1,11.0,,,False,True
0 days 01:31:26.695000,COL,43,0 days 00:01:49.100000,19.0,2.0,,,0 days 00:00:39.577000,0 days 00:00:44.467000,0 days 00:00:25.056000,0 days 01:30:17.219000,0 days 01:31:01.686000,0 days 01:31:26.742000,189.0,207.0,346.0,326.0,True,HARD,9.0,True,Williams,0 days 01:29:37.595000,,1,10.0,,,False,True
0 days 01:33:15.723000,COL,43,0 days 00:01:49.028000,20.0,2.0,,,0 days 00:00:39.364000,0 days 00:00:44.237000,0 days 00:00:25.427000,0 days 01:32:06.106000,0 days 01:32:50.343000,0 days 01:33:15.770000,192.0,200.0,327.0,321.0,True,HARD,10.0,True,Williams,0 days 01:31:26.695000,,1,10.0,,,False,True
0 days 01:35:04.960000,COL,43,0 days 00:01:49.237000,21.0,2.0,,,0 days 00:00:39.496000,0 days 00:00:44.236000,0 days 00:00:25.505000,0 days 01:33:55.266000,0 days 01:34:39.502000,0 days 01:35:05.007000,200.0,198.0,327.0,322.0,False,HARD,11.0,True,Williams,0 days 01:33:15.723000,,1,10.0,,,False,True
0 days 01:36:53.811000,COL,43,0 days 00:01:48.851000,22.0,2.0,,,0 days 00:00:39.151000,0 days 00:00:44.279000,0 days 00:00:25.421000,0 days 01:35:44.158000,0 days 01:36:28.437000,0 days 01:36:53.858000,198.0,205.0,330.0,321.0,True,HARD,12.0,True,Williams,0 days 01:35:04.960000,,1,10.0,,,False,True
0 days 01:38:42.819000,COL,43,0 days 00:01:49.008000,23.0,2.0,,,0 days 00:00:39.065000,0 days 00:00:44.557000,0 days 00:00:25.386000,0 days 01:37:32.923000,0 days 01:38:17.480000,0 days 01:38:42.866000,194.0,206.0,330.0,322.0,False,HARD,13.0,True,Williams,0 days 01:36:53.811000,,1,10.0,,,False,True
0 days 01:40:31.564000,COL,43,0 days 00:01:48.745000,24.0,2.0,,,0 days 00:00:39.201000,0 days 00:00:44.087000,0 days 00:00:25.457000,0 days 01:39:22.067000,0 days 01:40:06.154000,0 days 01:40:31.611000,195.0,205.0,330.0,324.0,True,HARD,14.0,True,Williams,0 days 01:38:42.819000,,1,10.0,,,False,True
0 days 01:42:20.484000,COL,43,0 days 00:01:48.920000,25.0,2.0,,,0 days 00:00:39.069000,0 days 00:00:44.340000,0 days 00:00:25.511000,0 days 01:41:10.680000,0 days 01:41:55.020000,0 days 01:42:20.531000,195.0,205.0,330.0,322.0,False,HARD,15.0,True,Williams,0 days 01:40:31.564000,,1,10.0,,,False,True
0 days 01:44:09.632000,COL,43,0 days 00:01:49.148000,26.0,2.0,,,0 days 00:00:39.370000,0 days 00:00:44.304000,0 days 00:00:25.474000,0 days 01:42:59.901000,0 days 01:43:44.205000,0 days 01:44:09.679000,197.0,208.0,331.0,322.0,False,HARD,16.0,True,Williams,0 days 01:42:20.484000,,1,10.0,,,False,True
0 days 01:45:58.612000,COL,43,0 days 00:01:48.980000,27.0,2.0,,,0 days 00:00:39.064000,0 days 00:00:44.448000,0 days 00:00:25.468000,0 days 01:44:48.743000,0 days 01:45:33.191000,0 days 01:45:58.659000,189.0,211.0,330.0,323.0,False,HARD,17.0,True,Williams,0 days 01:44:09.632000,,1,10.0,,,False,True
0 days 01:47:47.870000,COL,43,0 days 00:01:49.258000,28.0,2.0,,,0 days 00:00:39.278000,0 days 00:00:44.482000,0 days 00:00:25.498000,0 days 01:46:37.937000,0 days 01:47:22.419000,0 days 01:47:47.917000,200.0,208.0,327.0,323.0,False,HARD,18.0,True,Williams,0 days 01:45:58.612000,,1,10.0,,,False,True
0 days 01:49:36.794000,COL,43,0 days 00:01:48.924000,29.0,2.0,,,0 days 00:00:39.395000,0 days 00:00:44.109000,0 days 00:00:25.420000,0 days 01:48:27.312000,0 days 01:49:11.421000,0 days 01:49:36.841000,188.0,207.0,330.0,322.0,False,HARD,19.0,True,Williams,0 days 01:47:47.870000,,1,10.0,,,False,True
0 days 01:51:25.781000,COL,43,0 days 00:01:48.987000,30.0,2.0,,,0 days 00:00:39.220000,0 days 00:00:44.364000,0 days 00:00:25.403000,0 days 01:50:16.061000,0 days 01:51:00.425000,0 days 01:51:25.828000,191.0,208.0,329.0,322.0,False,HARD,20.0,True,Williams,0 days 01:49:36.794000,,1,10.0,,,False,True
0 days 01:53:14.732000,COL,43,0 days 00:01:48.951000,31.0,2.0,,,0 days 00:00:38.957000,0 days 00:00:44.547000,0 days 00:00:25.447000,0 days 01:52:04.785000,0 days 01:52:49.332000,0 days 01:53:14.779000,192.0,206.0,328.0,322.0,False,HARD,21.0,True,Williams,0 days 01:51:25.781000,,1,10.0,,,False,True
0 days 01:55:03.582000,COL,43,0 days 00:01:48.850000,32.0,2.0,,,0 days 00:00:39.075000,0 days 00:00:44.636000,0 days 00:00:25.139000,0 days 01:53:53.854000,0 days 01:54:38.490000,0 days 01:55:03.629000,190.0,207.0,340.0,324.0,False,HARD,22.0,True,Williams,0 days 01:53:14.732000,,1,9.0,,,False,True
0 days 01:56:52.949000,COL,43,0 days 00:01:49.367000,33.0,2.0,,,0 days 00:00:39.294000,0 days 00:00:44.821000,0 days 00:00:25.252000,0 days 01:55:42.923000,0 days 01:56:27.744000,0 days 01:56:52.996000,187.0,202.0,326.0,324.0,False,HARD,23.0,True,Williams,0 days 01:55:03.582000,,1,9.0,,,False,True
0 days 01:58:42.110000,COL,43,0 days 00:01:49.161000,34.0,2.0,,,0 days 00:00:39.306000,0 days 00:00:44.492000,0 days 00:00:25.363000,0 days 01:57:32.302000,0 days 01:58:16.794000,0 days 01:58:42.157000,198.0,202.0,322.0,324.0,False,HARD,24.0,True,Williams,0 days 01:56:52.949000,,1,9.0,,,False,True
0 days 02:00:31.847000,COL,43,0 days 00:01:49.737000,35.0,2.0,,,0 days 00:00:39.710000,0 days 00:00:44.467000,0 days 00:00:25.560000,0 days 01:59:21.867000,0 days 02:00:06.334000,0 days 02:00:31.894000,201.0,209.0,327.0,324.0,False,HARD,25.0,True,Williams,0 days 01:58:42.110000,,1,10.0,,,False,True
0 days 02:02:22.705000,COL,43,0 days 00:01:50.858000,36.0,2.0,,,0 days 00:00:40.596000,0 days 00:00:44.782000,0 days 00:00:25.480000,0 days 02:01:12.490000,0 days 02:01:57.272000,0 days 02:02:22.752000,185.0,204.0,331.0,324.0,False,HARD,26.0,True,Williams,0 days 02:00:31.847000,,12,11.0,,,False,True
0 days 02:04:12.934000,COL,43,0 days 00:01:50.229000,37.0,2.0,,,0 days 00:00:39.978000,0 days 00:00:44.707000,0 days 00:00:25.544000,0 days 02:03:02.730000,0 days 02:03:47.437000,0 days 02:04:12.981000,194.0,207.0,323.0,323.0,False,HARD,27.0,True,Williams,0 days 02:02:22.705000,,1,11.0,,,False,True
0 days 02:06:02.454000,COL,43,0 days 00:01:49.520000,38.0,2.0,,,0 days 00:00:39.560000,0 days 00:00:44.399000,0 days 00:00:25.561000,0 days 02:04:52.541000,0 days 02:05:36.940000,0 days 02:06:02.501000,194.0,204.0,321.0,322.0,False,HARD,28.0,True,Williams,0 days 02:04:12.934000,,1,11.0,,,False,True
0 days 02:07:51.488000,COL,43,0 days 00:01:49.034000,39.0,2.0,,,0 days 00:00:39.172000,0 days 00:00:44.366000,0 days 00:00:25.496000,0 days 02:06:41.673000,0 days 02:07:26.039000,0 days 02:07:51.535000,195.0,206.0,320.0,322.0,False,HARD,29.0,True,Williams,0 days 02:06:02.454000,,1,11.0,,,False,True
0 days 02:09:39.904000,COL,43,0 days 00:01:48.416000,40.0,2.0,,,0 days 00:00:39.022000,0 days 00:00:43.898000,0 days 00:00:25.496000,0 days 02:08:30.557000,0 days 02:09:14.455000,0 days 02:09:39.951000,206.0,211.0,324.0,322.0,True,HARD,30.0,True,Williams,0 days 02:07:51.488000,,1,11.0,,,False,True
0 days 02:11:28.320000,COL,43,0 days 00:01:48.416000,41.0,2.0,,,0 days 00:00:38.844000,0 days 00:00:44.158000,0 days 00:00:25.414000,0 days 02:10:18.795000,0 days 02:11:02.953000,0 days 02:11:28.367000,204.0,207.0,318.0,321.0,False,HARD,31.0,True,Williams,0 days 02:09:39.904000,,1,11.0,,,False,True
0 days 02:13:16.153000,COL,43,0 days 00:01:47.833000,42.0,2.0,,,0 days 00:00:38.680000,0 days 00:00:43.781000,0 days 00:00:25.372000,0 days 02:12:07.047000,0 days 02:12:50.828000,0 days 02:13:16.200000,204.0,204.0,319.0,322.0,True,HARD,32.0,True,Williams,0 days 02:11:28.320000,,1,11.0,,,False,True
0 days 02:15:03.629000,COL,43,0 days 00:01:47.476000,43.0,2.0,,,0 days 00:00:38.517000,0 days 00:00:43.543000,0 days 00:00:25.416000,0 days 02:13:54.717000,0 days 02:14:38.260000,0 days 02:15:03.676000,206.0,208.0,320.0,322.0,True,HARD,33.0,True,Williams,0 days 02:13:16.153000,,1,11.0,,,False,True
0 days 02:16:50.903000,COL,43,0 days 00:01:47.274000,44.0,2.0,,,0 days 00:00:38.239000,0 days 00:00:43.532000,0 days 00:00:25.503000,0 days 02:15:41.915000,0 days 02:16:25.447000,0 days 02:16:50.950000,199.0,210.0,324.0,324.0,True,HARD,34.0,True,Williams,0 days 02:15:03.629000,,1,11.0,,,False,True
0 days 02:18:38.357000,COL,43,0 days 00:01:47.454000,45.0,2.0,,,0 days 00:00:38.493000,0 days 00:00:43.644000,0 days 00:00:25.317000,0 days 02:17:29.443000,0 days 02:18:13.087000,0 days 02:18:38.404000,201.0,212.0,323.0,324.0,False,HARD,35.0,True,Williams,0 days 02:16:50.903000,,1,11.0,,,False,True
0 days 02:20:25.857000,COL,43,0 days 00:01:47.500000,46.0,2.0,,,0 days 00:00:38.310000,0 days 00:00:43.794000,0 days 00:00:25.396000,0 days 02:19:16.714000,0 days 02:20:00.508000,0 days 02:20:25.904000,202.0,213.0,324.0,324.0,False,HARD,36.0,True,Williams,0 days 02:18:38.357000,,1,11.0,,,False,True
0 days 02:22:13.598000,COL,43,0 days 00:01:47.741000,47.0,2.0,,,0 days 00:00:38.421000,0 days 00:00:43.921000,0 days 00:00:25.399000,0 days 02:21:04.325000,0 days 02:21:48.246000,0 days 02:22:13.645000,204.0,210.0,324.0,323.0,False,HARD,37.0,True,Williams,0 days 02:20:25.857000,,1,11.0,,,False,True
0 days 02:24:00.967000,COL,43,0 days 00:01:47.369000,48.0,2.0,,,0 days 00:00:38.467000,0 days 00:00:43.581000,0 days 00:00:25.321000,0 days 02:22:52.112000,0 days 02:23:35.693000,0 days 02:24:01.014000,196.0,209.0,325.0,323.0,False,HARD,38.0,True,Williams,0 days 02:22:13.598000,,1,11.0,,,False,True
0 days 02:25:49.190000,COL,43,0 days 00:01:48.223000,49.0,2.0,,,0 days 00:00:38.968000,0 days 00:00:43.778000,0 days 00:00:25.477000,0 days 02:24:39.982000,0 days 02:25:23.760000,0 days 02:25:49.237000,192.0,214.0,323.0,320.0,False,HARD,39.0,True,Williams,0 days 02:24:00.967000,,12,10.0,,,False,True
0 days 02:28:09.877000,COL,43,0 days 00:02:20.687000,50.0,2.0,,,0 days 00:00:43.947000,0 days 00:00:57.625000,0 days 00:00:39.115000,0 days 02:26:33.184000,0 days 02:27:30.809000,0 days 02:28:09.924000,192.0,134.0,179.0,194.0,False,HARD,40.0,True,Williams,0 days 02:25:49.190000,,26,8.0,,,False,False
0 days 02:30:42.947000,COL,43,,51.0,2.0,,,0 days 00:01:06.115000,0 days 00:00:49.596000,0 days 00:00:37.300000,0 days 02:29:16.143000,0 days 02:30:05.694000,0 days 02:30:43.019000,175.0,185.0,234.0,206.0,False,HARD,41.0,True,Williams,0 days 02:28:09.877000,,6,8.0,,,False,False
0 days 00:58:21.044000,HAM,44,0 days 00:02:05.704000,1.0,1.0,0 days 00:56:27.680000,,,0 days 00:00:48.832000,0 days 00:00:25.143000,,0 days 00:57:56.052000,0 days 00:58:21.121000,162.0,191.0,340.0,331.0,False,MEDIUM,1.0,True,Mercedes,0 days 00:56:15.070000,,1,17.0,,,False,False
0 days 01:00:13.966000,HAM,44,0 days 00:01:52.922000,2.0,1.0,,,0 days 00:00:41.822000,0 days 00:00:46.023000,0 days 00:00:25.077000,0 days 00:59:02.898000,0 days 00:59:48.921000,0 days 01:00:13.998000,165.0,197.0,345.0,330.0,True,MEDIUM,2.0,True,Mercedes,0 days 00:58:21.044000,,1,16.0,,,False,True
0 days 01:02:04.936000,HAM,44,0 days 00:01:50.970000,3.0,1.0,,,0 days 00:00:39.903000,0 days 00:00:45.797000,0 days 00:00:25.270000,0 days 01:00:53.901000,0 days 01:01:39.698000,0 days 01:02:04.968000,183.0,199.0,343.0,327.0,True,MEDIUM,3.0,True,Mercedes,0 days 01:00:13.966000,,1,16.0,,,False,True
0 days 01:03:55.287000,HAM,44,0 days 00:01:50.351000,4.0,1.0,,,0 days 00:00:40.002000,0 days 00:00:44.814000,0 days 00:00:25.535000,0 days 01:02:44.970000,0 days 01:03:29.784000,0 days 01:03:55.319000,184.0,203.0,332.0,326.0,True,MEDIUM,4.0,True,Mercedes,0 days 01:02:04.936000,,1,15.0,,,False,True
0 days 01:05:45.645000,HAM,44,0 days 00:01:50.358000,5.0,1.0,,,0 days 00:00:39.833000,0 days 00:00:45.075000,0 days 00:00:25.450000,0 days 01:04:35.152000,0 days 01:05:20.227000,0 days 01:05:45.677000,189.0,194.0,330.0,323.0,False,MEDIUM,5.0,True,Mercedes,0 days 01:03:55.287000,,1,15.0,,,False,True
0 days 01:07:35.436000,HAM,44,0 days 00:01:49.791000,6.0,1.0,,,0 days 00:00:39.654000,0 days 00:00:44.639000,0 days 00:00:25.498000,0 days 01:06:25.331000,0 days 01:07:09.970000,0 days 01:07:35.468000,193.0,205.0,330.0,323.0,True,MEDIUM,6.0,True,Mercedes,0 days 01:05:45.645000,,1,15.0,,,False,True
0 days 01:09:24.835000,HAM,44,0 days 00:01:49.399000,7.0,1.0,,,0 days 00:00:39.499000,0 days 00:00:44.609000,0 days 00:00:25.291000,0 days 01:08:14.967000,0 days 01:08:59.576000,0 days 01:09:24.867000,192.0,198.0,339.0,325.0,True,MEDIUM,7.0,True,Mercedes,0 days 01:07:35.436000,,1,15.0,,,False,True
0 days 01:11:14.425000,HAM,44,0 days 00:01:49.590000,8.0,1.0,,,0 days 00:00:39.565000,0 days 00:00:44.767000,0 days 00:00:25.258000,0 days 01:10:04.432000,0 days 01:10:49.199000,0 days 01:11:14.457000,187.0,205.0,345.0,325.0,False,MEDIUM,8.0,True,Mercedes,0 days 01:09:24.835000,,1,15.0,,,False,True
0 days 01:13:04.123000,HAM,44,0 days 00:01:49.698000,9.0,1.0,,,0 days 00:00:39.551000,0 days 00:00:44.935000,0 days 00:00:25.212000,0 days 01:11:54.008000,0 days 01:12:38.943000,0 days 01:13:04.155000,188.0,200.0,345.0,326.0,False,MEDIUM,9.0,True,Mercedes,0 days 01:11:14.425000,,1,15.0,,,False,True
0 days 01:14:54.116000,HAM,44,0 days 00:01:49.993000,10.0,1.0,,,0 days 00:00:39.521000,0 days 00:00:44.913000,0 days 00:00:25.559000,0 days 01:13:43.676000,0 days 01:14:28.589000,0 days 01:14:54.148000,198.0,205.0,329.0,326.0,False,MEDIUM,10.0,True,Mercedes,0 days 01:13:04.123000,,1,15.0,,,False,True
0 days 01:16:44.828000,HAM,44,0 days 00:01:50.712000,11.0,1.0,,,0 days 00:00:39.974000,0 days 00:00:45.111000,0 days 00:00:25.627000,0 days 01:15:34.122000,0 days 01:16:19.233000,0 days 01:16:44.860000,191.0,203.0,331.0,322.0,False,MEDIUM,11.0,True,Mercedes,0 days 01:14:54.116000,,1,14.0,,,False,True
0 days 01:18:40.115000,HAM,44,0 days 00:01:55.287000,12.0,1.0,,0 days 01:18:38.842000,0 days 00:00:39.712000,0 days 00:00:45.450000,0 days 00:00:30.125000,0 days 01:17:24.572000,0 days 01:18:10.022000,0 days 01:18:40.147000,192.0,206.0,,322.0,False,MEDIUM,12.0,True,Mercedes,0 days 01:16:44.828000,,1,14.0,,,False,False
0 days 01:20:46.872000,HAM,44,0 days 00:02:06.757000,13.0,2.0,0 days 01:19:00.144000,,0 days 00:00:56.795000,0 days 00:00:44.567000,0 days 00:00:25.395000,0 days 01:19:36.942000,0 days 01:20:21.509000,0 days 01:20:46.904000,197.0,201.0,331.0,324.0,False,HARD,1.0,False,Mercedes,0 days 01:18:40.115000,,1,18.0,,,False,False
0 days 01:22:35.856000,HAM,44,0 days 00:01:48.984000,14.0,2.0,,,0 days 00:00:39.246000,0 days 00:00:44.222000,0 days 00:00:25.516000,0 days 01:21:26.150000,0 days 01:22:10.372000,0 days 01:22:35.888000,193.0,205.0,324.0,324.0,True,HARD,2.0,False,Mercedes,0 days 01:20:46.872000,,1,18.0,,,False,True
0 days 01:24:24.610000,HAM,44,0 days 00:01:48.754000,15.0,2.0,,,0 days 00:00:39.163000,0 days 00:00:44.460000,0 days 00:00:25.131000,0 days 01:23:15.051000,0 days 01:23:59.511000,0 days 01:24:24.642000,192.0,200.0,344.0,334.0,True,HARD,3.0,False,Mercedes,0 days 01:22:35.856000,,1,17.0,,,False,True
0 days 01:26:13.137000,HAM,44,0 days 00:01:48.527000,16.0,2.0,,,0 days 00:00:39.044000,0 days 00:00:44.440000,0 days 00:00:25.043000,0 days 01:25:03.686000,0 days 01:25:48.126000,0 days 01:26:13.169000,193.0,193.0,353.0,328.0,True,HARD,4.0,False,Mercedes,0 days 01:24:24.610000,,1,17.0,,,False,True
0 days 01:28:02.624000,HAM,44,0 days 00:01:49.487000,17.0,2.0,,,0 days 00:00:39.863000,0 days 00:00:44.629000,0 days 00:00:24.995000,0 days 01:26:53.032000,0 days 01:27:37.661000,0 days 01:28:02.656000,188.0,198.0,350.0,330.0,False,HARD,5.0,False,Mercedes,0 days 01:26:13.137000,,1,16.0,,,False,True
0 days 01:29:51.256000,HAM,44,0 days 00:01:48.632000,18.0,2.0,,,0 days 00:00:39.411000,0 days 00:00:44.168000,0 days 00:00:25.053000,0 days 01:28:42.067000,0 days 01:29:26.235000,0 days 01:29:51.288000,184.0,203.0,347.0,329.0,False,HARD,6.0,False,Mercedes,0 days 01:28:02.624000,,1,15.0,,,False,True
0 days 01:31:39.819000,HAM,44,0 days 00:01:48.563000,19.0,2.0,,,0 days 00:00:39.514000,0 days 00:00:43.964000,0 days 00:00:25.085000,0 days 01:30:30.802000,0 days 01:31:14.766000,0 days 01:31:39.851000,193.0,210.0,346.0,327.0,False,HARD,7.0,False,Mercedes,0 days 01:29:51.256000,,1,15.0,,,False,True
0 days 01:33:28.314000,HAM,44,0 days 00:01:48.495000,20.0,2.0,,,0 days 00:00:39.170000,0 days 00:00:44.307000,0 days 00:00:25.018000,0 days 01:32:19.021000,0 days 01:33:03.328000,0 days 01:33:28.346000,187.0,201.0,350.0,328.0,True,HARD,8.0,False,Mercedes,0 days 01:31:39.819000,,1,15.0,,,False,True
0 days 01:35:17.930000,HAM,44,0 days 00:01:49.616000,21.0,2.0,,,0 days 00:00:39.881000,0 days 00:00:44.418000,0 days 00:00:25.317000,0 days 01:34:08.227000,0 days 01:34:52.645000,0 days 01:35:17.962000,191.0,206.0,326.0,327.0,False,HARD,9.0,False,Mercedes,0 days 01:33:28.314000,,1,15.0,,,False,True
0 days 01:37:08.596000,HAM,44,0 days 00:01:50.666000,22.0,2.0,,,0 days 00:00:39.515000,0 days 00:00:45.846000,0 days 00:00:25.305000,0 days 01:35:57.477000,0 days 01:36:43.323000,0 days 01:37:08.628000,174.0,186.0,343.0,333.0,False,HARD,10.0,False,Mercedes,0 days 01:35:17.930000,,1,14.0,,,False,True
0 days 01:38:57.184000,HAM,44,0 days 00:01:48.588000,23.0,2.0,,,0 days 00:00:38.889000,0 days 00:00:44.437000,0 days 00:00:25.262000,0 days 01:37:47.517000,0 days 01:38:31.954000,0 days 01:38:57.216000,191.0,200.0,329.0,323.0,False,HARD,11.0,False,Mercedes,0 days 01:37:08.596000,,1,14.0,,,False,True
0 days 01:40:45.617000,HAM,44,0 days 00:01:48.433000,24.0,2.0,,,0 days 00:00:39.025000,0 days 00:00:44.126000,0 days 00:00:25.282000,0 days 01:39:36.241000,0 days 01:40:20.367000,0 days 01:40:45.649000,193.0,213.0,330.0,325.0,True,HARD,12.0,False,Mercedes,0 days 01:38:57.184000,,1,14.0,,,False,True
0 days 01:42:33.907000,HAM,44,0 days 00:01:48.290000,25.0,2.0,,,0 days 00:00:38.880000,0 days 00:00:44.106000,0 days 00:00:25.304000,0 days 01:41:24.529000,0 days 01:42:08.635000,0 days 01:42:33.939000,191.0,208.0,330.0,325.0,True,HARD,13.0,False,Mercedes,0 days 01:40:45.617000,,1,14.0,,,False,True
0 days 01:44:21.735000,HAM,44,0 days 00:01:47.828000,26.0,2.0,,,0 days 00:00:38.728000,0 days 00:00:43.967000,0 days 00:00:25.133000,0 days 01:43:12.667000,0 days 01:43:56.634000,0 days 01:44:21.767000,188.0,211.0,333.0,324.0,True,HARD,14.0,False,Mercedes,0 days 01:42:33.907000,,1,14.0,,,False,True
0 days 01:46:09.633000,HAM,44,0 days 00:01:47.898000,27.0,2.0,,,0 days 00:00:38.668000,0 days 00:00:44.037000,0 days 00:00:25.193000,0 days 01:45:00.435000,0 days 01:45:44.472000,0 days 01:46:09.665000,195.0,209.0,332.0,325.0,False,HARD,15.0,False,Mercedes,0 days 01:44:21.735000,,1,14.0,,,False,True
0 days 01:47:57.678000,HAM,44,0 days 00:01:48.045000,28.0,2.0,,,0 days 00:00:38.799000,0 days 00:00:44.110000,0 days 00:00:25.136000,0 days 01:46:48.464000,0 days 01:47:32.574000,0 days 01:47:57.710000,189.0,201.0,331.0,327.0,False,HARD,16.0,False,Mercedes,0 days 01:46:09.633000,,1,14.0,,,False,True
0 days 01:49:45.455000,HAM,44,0 days 00:01:47.777000,29.0,2.0,,,0 days 00:00:38.807000,0 days 00:00:44.049000,0 days 00:00:24.921000,0 days 01:48:36.517000,0 days 01:49:20.566000,0 days 01:49:45.487000,188.0,202.0,350.0,328.0,True,HARD,17.0,False,Mercedes,0 days 01:47:57.678000,,1,14.0,,,False,True
0 days 01:51:33.949000,HAM,44,0 days 00:01:48.494000,30.0,2.0,,,0 days 00:00:39.054000,0 days 00:00:44.043000,0 days 00:00:25.397000,0 days 01:50:24.541000,0 days 01:51:08.584000,0 days 01:51:33.981000,184.0,206.0,323.0,326.0,False,HARD,18.0,False,Mercedes,0 days 01:49:45.455000,,1,13.0,,,False,True
0 days 01:53:22.077000,HAM,44,0 days 00:01:48.128000,31.0,2.0,,,0 days 00:00:38.741000,0 days 00:00:43.984000,0 days 00:00:25.403000,0 days 01:52:12.722000,0 days 01:52:56.706000,0 days 01:53:22.109000,193.0,207.0,321.0,325.0,False,HARD,19.0,False,Mercedes,0 days 01:51:33.949000,,1,13.0,,,False,True
0 days 01:55:09.944000,HAM,44,0 days 00:01:47.867000,32.0,2.0,,,0 days 00:00:38.816000,0 days 00:00:43.944000,0 days 00:00:25.107000,0 days 01:54:00.925000,0 days 01:54:44.869000,0 days 01:55:09.976000,189.0,209.0,335.0,326.0,False,HARD,20.0,False,Mercedes,0 days 01:53:22.077000,,1,13.0,,,False,True
0 days 01:56:57.274000,HAM,44,0 days 00:01:47.330000,33.0,2.0,,,0 days 00:00:38.388000,0 days 00:00:44.123000,0 days 00:00:24.819000,0 days 01:55:48.364000,0 days 01:56:32.487000,0 days 01:56:57.306000,196.0,200.0,351.0,330.0,True,HARD,21.0,False,Mercedes,0 days 01:55:09.944000,,1,13.0,,,False,True
0 days 01:58:46.375000,HAM,44,0 days 00:01:49.101000,34.0,2.0,,,0 days 00:00:39.665000,0 days 00:00:44.189000,0 days 00:00:25.247000,0 days 01:57:36.971000,0 days 01:58:21.160000,0 days 01:58:46.407000,191.0,211.0,323.0,329.0,False,HARD,22.0,False,Mercedes,0 days 01:56:57.274000,,1,13.0,,,False,True
0 days 02:00:34.373000,HAM,44,0 days 00:01:47.998000,35.0,2.0,,,0 days 00:00:38.792000,0 days 00:00:44.311000,0 days 00:00:24.895000,0 days 01:59:25.199000,0 days 02:00:09.510000,0 days 02:00:34.405000,193.0,203.0,353.0,331.0,False,HARD,23.0,False,Mercedes,0 days 01:58:46.375000,,1,13.0,,,False,True
0 days 02:02:23.276000,HAM,44,0 days 00:01:48.903000,36.0,2.0,,,0 days 00:00:39.389000,0 days 00:00:44.636000,0 days 00:00:24.878000,0 days 02:01:13.794000,0 days 02:01:58.430000,0 days 02:02:23.308000,183.0,204.0,353.0,332.0,False,HARD,24.0,False,Mercedes,0 days 02:00:34.373000,,12,13.0,,,False,True
0 days 02:04:13.947000,HAM,44,0 days 00:01:50.671000,37.0,2.0,,,0 days 00:00:40.643000,0 days 00:00:44.993000,0 days 00:00:25.035000,0 days 02:03:03.951000,0 days 02:03:48.944000,0 days 02:04:13.979000,180.0,203.0,341.0,330.0,False,HARD,25.0,False,Mercedes,0 days 02:02:23.276000,,1,13.0,,,False,True
0 days 02:06:03.167000,HAM,44,0 days 00:01:49.220000,38.0,2.0,,,0 days 00:00:39.571000,0 days 00:00:44.811000,0 days 00:00:24.838000,0 days 02:04:53.550000,0 days 02:05:38.361000,0 days 02:06:03.199000,180.0,202.0,356.0,331.0,False,HARD,26.0,False,Mercedes,0 days 02:04:13.947000,,1,13.0,,,False,True
0 days 02:07:52.431000,HAM,44,0 days 00:01:49.264000,39.0,2.0,,,0 days 00:00:39.743000,0 days 00:00:44.513000,0 days 00:00:25.008000,0 days 02:06:42.942000,0 days 02:07:27.455000,0 days 02:07:52.463000,191.0,203.0,347.0,329.0,False,HARD,27.0,False,Mercedes,0 days 02:06:03.167000,,1,13.0,,,False,True
0 days 02:09:41.007000,HAM,44,0 days 00:01:48.576000,40.0,2.0,,,0 days 00:00:39.349000,0 days 00:00:44.465000,0 days 00:00:24.762000,0 days 02:08:31.812000,0 days 02:09:16.277000,0 days 02:09:41.039000,184.0,210.0,350.0,333.0,False,HARD,28.0,False,Mercedes,0 days 02:07:52.431000,,1,13.0,,,False,True
0 days 02:11:29.499000,HAM,44,0 days 00:01:48.492000,41.0,2.0,,,0 days 00:00:39.367000,0 days 00:00:43.968000,0 days 00:00:25.157000,0 days 02:10:20.406000,0 days 02:11:04.374000,0 days 02:11:29.531000,191.0,214.0,330.0,326.0,False,HARD,29.0,False,Mercedes,0 days 02:09:41.007000,,1,12.0,,,False,True
0 days 02:13:16.799000,HAM,44,0 days 00:01:47.300000,42.0,2.0,,,0 days 00:00:38.554000,0 days 00:00:43.793000,0 days 00:00:24.953000,0 days 02:12:08.085000,0 days 02:12:51.878000,0 days 02:13:16.831000,191.0,217.0,342.0,329.0,True,HARD,30.0,False,Mercedes,0 days 02:11:29.499000,,1,12.0,,,False,True
0 days 02:15:04.478000,HAM,44,0 days 00:01:47.679000,43.0,2.0,,,0 days 00:00:38.753000,0 days 00:00:43.814000,0 days 00:00:25.112000,0 days 02:13:55.584000,0 days 02:14:39.398000,0 days 02:15:04.510000,193.0,216.0,333.0,328.0,False,HARD,31.0,False,Mercedes,0 days 02:13:16.799000,,1,12.0,,,False,True
0 days 02:16:52.613000,HAM,44,0 days 00:01:48.135000,44.0,2.0,,,0 days 00:00:38.346000,0 days 00:00:44.435000,0 days 00:00:25.354000,0 days 02:15:42.856000,0 days 02:16:27.291000,0 days 02:16:52.645000,191.0,202.0,333.0,327.0,False,HARD,32.0,False,Mercedes,0 days 02:15:04.478000,,1,12.0,,,False,True
0 days 02:18:40.242000,HAM,44,0 days 00:01:47.629000,45.0,2.0,,,0 days 00:00:38.664000,0 days 00:00:43.861000,0 days 00:00:25.104000,0 days 02:17:31.309000,0 days 02:18:15.170000,0 days 02:18:40.274000,190.0,211.0,330.0,327.0,False,HARD,33.0,False,Mercedes,0 days 02:16:52.613000,,1,12.0,,,False,True
0 days 02:20:27.909000,HAM,44,0 days 00:01:47.667000,46.0,2.0,,,0 days 00:00:38.609000,0 days 00:00:43.856000,0 days 00:00:25.202000,0 days 02:19:18.883000,0 days 02:20:02.739000,0 days 02:20:27.941000,189.0,210.0,331.0,326.0,False,HARD,34.0,False,Mercedes,0 days 02:18:40.242000,,1,12.0,,,False,True
0 days 02:22:15.209000,HAM,44,0 days 00:01:47.300000,47.0,2.0,,,0 days 00:00:38.370000,0 days 00:00:43.829000,0 days 00:00:25.101000,0 days 02:21:06.311000,0 days 02:21:50.140000,0 days 02:22:15.241000,189.0,213.0,332.0,327.0,False,HARD,35.0,False,Mercedes,0 days 02:20:27.909000,,1,12.0,,,False,True
0 days 02:24:02.445000,HAM,44,0 days 00:01:47.236000,48.0,2.0,,,0 days 00:00:38.341000,0 days 00:00:43.756000,0 days 00:00:25.139000,0 days 02:22:53.582000,0 days 02:23:37.338000,0 days 02:24:02.477000,194.0,213.0,334.0,327.0,True,HARD,36.0,False,Mercedes,0 days 02:22:15.209000,,1,12.0,,,False,True
0 days 02:25:50.392000,HAM,44,0 days 00:01:47.947000,49.0,2.0,,,0 days 00:00:38.776000,0 days 00:00:44.226000,0 days 00:00:24.945000,0 days 02:24:41.253000,0 days 02:25:25.479000,0 days 02:25:50.424000,186.0,212.0,350.0,329.0,False,HARD,37.0,False,Mercedes,0 days 02:24:02.445000,,12,12.0,,,False,True
0 days 02:28:11.971000,HAM,44,0 days 00:02:21.579000,50.0,2.0,,,0 days 00:00:44.439000,0 days 00:00:58.238000,0 days 00:00:38.902000,0 days 02:26:34.863000,0 days 02:27:33.101000,0 days 02:28:12.003000,187.0,157.0,199.0,190.0,False,HARD,38.0,False,Mercedes,0 days 02:25:50.392000,,26,9.0,,,False,False
0 days 02:30:45.822000,HAM,44,,51.0,2.0,,,0 days 00:01:07.972000,0 days 00:00:46.758000,0 days 00:00:39.047000,0 days 02:29:20.123000,0 days 02:30:06.807000,0 days 02:30:45.989000,172.0,187.0,167.0,186.0,False,HARD,39.0,False,Mercedes,0 days 02:28:11.971000,,6,9.0,,,False,False
0 days 00:58:15.348000,BEA,50,0 days 00:02:00.008000,1.0,1.0,,,,0 days 00:00:46.348000,0 days 00:00:25.835000,,0 days 00:57:49.753000,0 days 00:58:15.380000,165.0,193.0,319.0,318.0,False,MEDIUM,1.0,True,Haas F1 Team,0 days 00:56:15.070000,,1,10.0,,,False,False
0 days 01:00:06.086000,BEA,50,0 days 00:01:50.738000,2.0,1.0,,,0 days 00:00:40.060000,0 days 00:00:45.190000,0 days 00:00:25.488000,0 days 00:58:55.408000,0 days 00:59:40.598000,0 days 01:00:06.086000,189.0,201.0,340.0,320.0,True,MEDIUM,2.0,True,Haas F1 Team,0 days 00:58:15.348000,,1,10.0,,,False,True
0 days 01:01:56.763000,BEA,50,0 days 00:01:50.677000,3.0,1.0,,,0 days 00:00:39.814000,0 days 00:00:45.133000,0 days 00:00:25.730000,0 days 01:00:45.900000,0 days 01:01:31.033000,0 days 01:01:56.763000,187.0,199.0,325.0,320.0,True,MEDIUM,3.0,True,Haas F1 Team,0 days 01:00:06.086000,,1,10.0,,,False,True
0 days 01:03:47.045000,BEA,50,0 days 00:01:50.282000,4.0,1.0,,,0 days 00:00:39.562000,0 days 00:00:44.977000,0 days 00:00:25.743000,0 days 01:02:36.325000,0 days 01:03:21.302000,0 days 01:03:47.045000,192.0,198.0,327.0,323.0,True,MEDIUM,4.0,True,Haas F1 Team,0 days 01:01:56.763000,,1,10.0,,,False,True
0 days 01:05:37.555000,BEA,50,0 days 00:01:50.510000,5.0,1.0,,,0 days 00:00:39.635000,0 days 00:00:45.137000,0 days 00:00:25.738000,0 days 01:04:26.680000,0 days 01:05:11.817000,0 days 01:05:37.555000,193.0,196.0,324.0,321.0,False,MEDIUM,5.0,True,Haas F1 Team,0 days 01:03:47.045000,,1,10.0,,,False,True
0 days 01:07:28.546000,BEA,50,0 days 00:01:50.991000,6.0,1.0,,,0 days 00:00:39.572000,0 days 00:00:45.519000,0 days 00:00:25.900000,0 days 01:06:17.127000,0 days 01:07:02.646000,0 days 01:07:28.546000,194.0,200.0,324.0,318.0,False,MEDIUM,6.0,True,Haas F1 Team,0 days 01:05:37.555000,,1,10.0,,,False,True
0 days 01:09:18.630000,BEA,50,0 days 00:01:50.084000,7.0,1.0,,,0 days 00:00:39.494000,0 days 00:00:44.837000,0 days 00:00:25.753000,0 days 01:08:08.040000,0 days 01:08:52.877000,0 days 01:09:18.630000,187.0,205.0,323.0,318.0,True,MEDIUM,7.0,True,Haas F1 Team,0 days 01:07:28.546000,,1,10.0,,,False,True
0 days 01:11:09.824000,BEA,50,0 days 00:01:51.194000,8.0,1.0,,,0 days 00:00:40.610000,0 days 00:00:45.015000,0 days 00:00:25.569000,0 days 01:09:59.240000,0 days 01:10:44.255000,0 days 01:11:09.824000,189.0,198.0,326.0,320.0,False,MEDIUM,8.0,True,Haas F1 Team,0 days 01:09:18.630000,,1,11.0,,,False,True
0 days 01:12:59.701000,BEA,50,0 days 00:01:49.877000,9.0,1.0,,,0 days 00:00:39.385000,0 days 00:00:44.699000,0 days 00:00:25.793000,0 days 01:11:49.209000,0 days 01:12:33.908000,0 days 01:12:59.701000,202.0,205.0,304.0,320.0,True,MEDIUM,9.0,True,Haas F1 Team,0 days 01:11:09.824000,,1,11.0,,,False,True
0 days 01:14:50.818000,BEA,50,0 days 00:01:51.117000,10.0,1.0,,,0 days 00:00:40.331000,0 days 00:00:45.077000,0 days 00:00:25.709000,0 days 01:13:40.032000,0 days 01:14:25.109000,0 days 01:14:50.818000,192.0,204.0,327.0,322.0,False,MEDIUM,10.0,True,Haas F1 Team,0 days 01:12:59.701000,,1,12.0,,,False,True
0 days 01:16:40.937000,BEA,50,0 days 00:01:50.119000,11.0,1.0,,,0 days 00:00:39.678000,0 days 00:00:44.655000,0 days 00:00:25.786000,0 days 01:15:30.496000,0 days 01:16:15.151000,0 days 01:16:40.937000,194.0,198.0,323.0,320.0,False,MEDIUM,11.0,True,Haas F1 Team,0 days 01:14:50.818000,,1,11.0,,,False,True
0 days 01:18:30.992000,BEA,50,0 days 00:01:50.055000,12.0,1.0,,,0 days 00:00:39.256000,0 days 00:00:44.828000,0 days 00:00:25.971000,0 days 01:17:20.193000,0 days 01:18:05.021000,0 days 01:18:30.992000,196.0,204.0,321.0,319.0,False,MEDIUM,12.0,True,Haas F1 Team,0 days 01:16:40.937000,,1,10.0,,,False,True
0 days 01:20:21.185000,BEA,50,0 days 00:01:50.193000,13.0,1.0,,,0 days 00:00:39.338000,0 days 00:00:44.985000,0 days 00:00:25.870000,0 days 01:19:10.330000,0 days 01:19:55.315000,0 days 01:20:21.185000,191.0,198.0,320.0,318.0,False,MEDIUM,13.0,True,Haas F1 Team,0 days 01:18:30.992000,,1,8.0,,,False,True
0 days 01:22:15.650000,BEA,50,0 days 00:01:54.465000,14.0,1.0,,0 days 01:22:14.514000,0 days 00:00:39.238000,0 days 00:00:45.186000,0 days 00:00:30.041000,0 days 01:21:00.423000,0 days 01:21:45.609000,0 days 01:22:15.650000,198.0,194.0,,318.0,False,MEDIUM,14.0,True,Haas F1 Team,0 days 01:20:21.185000,,1,12.0,,,False,False
0 days 01:24:22.605000,BEA,50,0 days 00:02:06.955000,15.0,2.0,0 days 01:22:35.613000,,0 days 00:00:57.233000,0 days 00:00:44.289000,0 days 00:00:25.433000,0 days 01:23:12.883000,0 days 01:23:57.172000,0 days 01:24:22.605000,189.0,206.0,323.0,321.0,False,HARD,1.0,True,Haas F1 Team,0 days 01:22:15.650000,,1,16.0,,,False,False
0 days 01:26:12.643000,BEA,50,0 days 00:01:50.038000,16.0,2.0,,,0 days 00:00:39.444000,0 days 00:00:45.235000,0 days 00:00:25.359000,0 days 01:25:02.049000,0 days 01:25:47.284000,0 days 01:26:12.643000,187.0,193.0,338.0,324.0,False,HARD,2.0,True,Haas F1 Team,0 days 01:24:22.605000,,1,15.0,,,False,True
0 days 01:28:02.214000,BEA,50,0 days 00:01:49.571000,17.0,2.0,,,0 days 00:00:39.407000,0 days 00:00:44.920000,0 days 00:00:25.244000,0 days 01:26:52.050000,0 days 01:27:36.970000,0 days 01:28:02.214000,190.0,192.0,336.0,327.0,True,HARD,3.0,True,Haas F1 Team,0 days 01:26:12.643000,,1,14.0,,,False,True
0 days 01:29:50.928000,BEA,50,0 days 00:01:48.714000,18.0,2.0,,,0 days 00:00:38.990000,0 days 00:00:43.992000,0 days 00:00:25.732000,0 days 01:28:41.204000,0 days 01:29:25.196000,0 days 01:29:50.928000,196.0,204.0,319.0,319.0,True,HARD,4.0,True,Haas F1 Team,0 days 01:28:02.214000,,1,14.0,,,False,True
0 days 01:31:39.385000,BEA,50,0 days 00:01:48.457000,19.0,2.0,,,0 days 00:00:38.772000,0 days 00:00:44.045000,0 days 00:00:25.640000,0 days 01:30:29.700000,0 days 01:31:13.745000,0 days 01:31:39.385000,199.0,203.0,320.0,319.0,True,HARD,5.0,True,Haas F1 Team,0 days 01:29:50.928000,,1,14.0,,,False,True
0 days 01:33:28.154000,BEA,50,0 days 00:01:48.769000,20.0,2.0,,,0 days 00:00:38.771000,0 days 00:00:44.405000,0 days 00:00:25.593000,0 days 01:32:18.156000,0 days 01:33:02.561000,0 days 01:33:28.154000,191.0,201.0,325.0,318.0,False,HARD,6.0,True,Haas F1 Team,0 days 01:31:39.385000,,1,14.0,,,False,True
0 days 01:35:16.641000,BEA,50,0 days 00:01:48.487000,21.0,2.0,,,0 days 00:00:38.795000,0 days 00:00:44.432000,0 days 00:00:25.260000,0 days 01:34:06.949000,0 days 01:34:51.381000,0 days 01:35:16.641000,192.0,195.0,338.0,324.0,False,HARD,7.0,True,Haas F1 Team,0 days 01:33:28.154000,,1,14.0,,,False,True
0 days 01:37:06.546000,BEA,50,0 days 00:01:49.905000,22.0,2.0,,,0 days 00:00:39.773000,0 days 00:00:44.427000,0 days 00:00:25.705000,0 days 01:35:56.414000,0 days 01:36:40.841000,0 days 01:37:06.546000,193.0,200.0,317.0,316.0,False,HARD,8.0,True,Haas F1 Team,0 days 01:35:16.641000,,1,13.0,,,False,True
0 days 01:38:55.033000,BEA,50,0 days 00:01:48.487000,23.0,2.0,,,0 days 00:00:38.674000,0 days 00:00:44.204000,0 days 00:00:25.609000,0 days 01:37:45.220000,0 days 01:38:29.424000,0 days 01:38:55.033000,197.0,207.0,319.0,318.0,False,HARD,9.0,True,Haas F1 Team,0 days 01:37:06.546000,,1,13.0,,,False,True
0 days 01:40:43.247000,BEA,50,0 days 00:01:48.214000,24.0,2.0,,,0 days 00:00:38.678000,0 days 00:00:43.850000,0 days 00:00:25.686000,0 days 01:39:33.711000,0 days 01:40:17.561000,0 days 01:40:43.247000,194.0,211.0,320.0,319.0,True,HARD,10.0,True,Haas F1 Team,0 days 01:38:55.033000,,1,13.0,,,False,True
0 days 01:42:31.360000,BEA,50,0 days 00:01:48.113000,25.0,2.0,,,0 days 00:00:38.609000,0 days 00:00:43.910000,0 days 00:00:25.594000,0 days 01:41:21.856000,0 days 01:42:05.766000,0 days 01:42:31.360000,198.0,207.0,324.0,318.0,True,HARD,11.0,True,Haas F1 Team,0 days 01:40:43.247000,,1,13.0,,,False,True
0 days 01:44:19.665000,BEA,50,0 days 00:01:48.305000,26.0,2.0,,,0 days 00:00:38.736000,0 days 00:00:44.085000,0 days 00:00:25.484000,0 days 01:43:10.096000,0 days 01:43:54.181000,0 days 01:44:19.665000,186.0,205.0,321.0,318.0,False,HARD,12.0,True,Haas F1 Team,0 days 01:42:31.360000,,1,13.0,,,False,True
0 days 01:46:07.669000,BEA,50,0 days 00:01:48.004000,27.0,2.0,,,0 days 00:00:38.773000,0 days 00:00:43.847000,0 days 00:00:25.384000,0 days 01:44:58.438000,0 days 01:45:42.285000,0 days 01:46:07.669000,192.0,206.0,323.0,320.0,True,HARD,13.0,True,Haas F1 Team,0 days 01:44:19.665000,,1,13.0,,,False,True
0 days 01:47:55.981000,BEA,50,0 days 00:01:48.312000,28.0,2.0,,,0 days 00:00:38.927000,0 days 00:00:44.131000,0 days 00:00:25.254000,0 days 01:46:46.596000,0 days 01:47:30.727000,0 days 01:47:55.981000,189.0,208.0,335.0,323.0,False,HARD,14.0,True,Haas F1 Team,0 days 01:46:07.669000,,1,13.0,,,False,True
0 days 01:49:44.684000,BEA,50,0 days 00:01:48.703000,29.0,2.0,,,0 days 00:00:39.320000,0 days 00:00:44.203000,0 days 00:00:25.180000,0 days 01:48:35.301000,0 days 01:49:19.504000,0 days 01:49:44.684000,184.0,202.0,343.0,324.0,False,HARD,15.0,True,Haas F1 Team,0 days 01:47:55.981000,,1,13.0,,,False,True
0 days 01:51:32.730000,BEA,50,0 days 00:01:48.046000,30.0,2.0,,,0 days 00:00:38.751000,0 days 00:00:43.695000,0 days 00:00:25.600000,0 days 01:50:23.435000,0 days 01:51:07.130000,0 days 01:51:32.730000,193.0,213.0,320.0,319.0,False,HARD,16.0,True,Haas F1 Team,0 days 01:49:44.684000,,1,12.0,,,False,True
0 days 01:53:20.282000,BEA,50,0 days 00:01:47.552000,31.0,2.0,,,0 days 00:00:38.376000,0 days 00:00:43.662000,0 days 00:00:25.514000,0 days 01:52:11.106000,0 days 01:52:54.768000,0 days 01:53:20.282000,196.0,216.0,319.0,320.0,True,HARD,17.0,True,Haas F1 Team,0 days 01:51:32.730000,,1,12.0,,,False,True
0 days 01:55:08.429000,BEA,50,0 days 00:01:48.147000,32.0,2.0,,,0 days 00:00:38.416000,0 days 00:00:44.296000,0 days 00:00:25.435000,0 days 01:53:58.698000,0 days 01:54:42.994000,0 days 01:55:08.429000,195.0,202.0,326.0,320.0,False,HARD,18.0,True,Haas F1 Team,0 days 01:53:20.282000,,1,12.0,,,False,True
0 days 01:56:57.007000,BEA,50,0 days 00:01:48.578000,33.0,2.0,,,0 days 00:00:38.631000,0 days 00:00:44.517000,0 days 00:00:25.430000,0 days 01:55:47.060000,0 days 01:56:31.577000,0 days 01:56:57.007000,198.0,196.0,329.0,321.0,False,HARD,19.0,True,Haas F1 Team,0 days 01:55:08.429000,,1,12.0,,,False,True
0 days 01:58:45.349000,BEA,50,0 days 00:01:48.342000,34.0,2.0,,,0 days 00:00:38.773000,0 days 00:00:44.120000,0 days 00:00:25.449000,0 days 01:57:35.780000,0 days 01:58:19.900000,0 days 01:58:45.349000,197.0,207.0,322.0,322.0,False,HARD,20.0,True,Haas F1 Team,0 days 01:56:57.007000,,1,12.0,,,False,True
0 days 02:00:34.004000,BEA,50,0 days 00:01:48.655000,35.0,2.0,,,0 days 00:00:39.093000,0 days 00:00:44.242000,0 days 00:00:25.320000,0 days 01:59:24.442000,0 days 02:00:08.684000,0 days 02:00:34.004000,189.0,201.0,329.0,325.0,False,HARD,21.0,True,Haas F1 Team,0 days 01:58:45.349000,,1,12.0,,,False,True
0 days 02:02:22.823000,BEA,50,0 days 00:01:48.819000,36.0,2.0,,,0 days 00:00:39.138000,0 days 00:00:44.519000,0 days 00:00:25.162000,0 days 02:01:13.142000,0 days 02:01:57.661000,0 days 02:02:22.823000,182.0,198.0,349.0,327.0,False,HARD,22.0,True,Haas F1 Team,0 days 02:00:34.004000,,12,12.0,,,False,True
0 days 02:04:13.384000,BEA,50,0 days 00:01:50.561000,37.0,2.0,,,0 days 00:00:40.563000,0 days 00:00:44.719000,0 days 00:00:25.279000,0 days 02:03:03.386000,0 days 02:03:48.105000,0 days 02:04:13.384000,187.0,199.0,339.0,325.0,False,HARD,23.0,True,Haas F1 Team,0 days 02:02:22.823000,,1,12.0,,,False,True
0 days 02:06:02.944000,BEA,50,0 days 00:01:49.560000,38.0,2.0,,,0 days 00:00:39.819000,0 days 00:00:44.511000,0 days 00:00:25.230000,0 days 02:04:53.203000,0 days 02:05:37.714000,0 days 02:06:02.944000,186.0,195.0,341.0,324.0,False,HARD,24.0,True,Haas F1 Team,0 days 02:04:13.384000,,1,12.0,,,False,True
0 days 02:07:51.794000,BEA,50,0 days 00:01:48.850000,39.0,2.0,,,0 days 00:00:39.503000,0 days 00:00:44.283000,0 days 00:00:25.064000,0 days 02:06:42.447000,0 days 02:07:26.730000,0 days 02:07:51.794000,187.0,201.0,340.0,325.0,False,HARD,25.0,True,Haas F1 Team,0 days 02:06:02.944000,,1,12.0,,,False,True
0 days 02:09:40.960000,BEA,50,0 days 00:01:49.166000,40.0,2.0,,,0 days 00:00:39.564000,0 days 00:00:44.196000,0 days 00:00:25.406000,0 days 02:08:31.358000,0 days 02:09:15.554000,0 days 02:09:40.960000,186.0,203.0,327.0,323.0,False,HARD,26.0,True,Haas F1 Team,0 days 02:07:51.794000,,1,12.0,,,False,True
0 days 02:11:31.589000,BEA,50,0 days 00:01:50.629000,41.0,2.0,,,0 days 00:00:40.636000,0 days 00:00:44.523000,0 days 00:00:25.470000,0 days 02:10:21.596000,0 days 02:11:06.119000,0 days 02:11:31.589000,190.0,204.0,320.0,320.0,False,HARD,27.0,True,Haas F1 Team,0 days 02:09:40.960000,,1,13.0,,,False,True
0 days 02:13:19.472000,BEA,50,0 days 00:01:47.883000,42.0,2.0,,,0 days 00:00:38.781000,0 days 00:00:43.661000,0 days 00:00:25.441000,0 days 02:12:10.370000,0 days 02:12:54.031000,0 days 02:13:19.472000,200.0,205.0,323.0,323.0,False,HARD,28.0,True,Haas F1 Team,0 days 02:11:31.589000,,1,13.0,,,False,True
0 days 02:15:07.153000,BEA,50,0 days 00:01:47.681000,43.0,2.0,,,0 days 00:00:38.533000,0 days 00:00:43.709000,0 days 00:00:25.439000,0 days 02:13:58.005000,0 days 02:14:41.714000,0 days 02:15:07.153000,199.0,212.0,322.0,321.0,False,HARD,29.0,True,Haas F1 Team,0 days 02:13:19.472000,,1,13.0,,,False,True
0 days 02:16:54.498000,BEA,50,0 days 00:01:47.345000,44.0,2.0,,,0 days 00:00:38.425000,0 days 00:00:43.554000,0 days 00:00:25.366000,0 days 02:15:45.578000,0 days 02:16:29.132000,0 days 02:16:54.498000,205.0,212.0,323.0,323.0,True,HARD,30.0,True,Haas F1 Team,0 days 02:15:07.153000,,1,13.0,,,False,True
0 days 02:18:42.178000,BEA,50,0 days 00:01:47.680000,45.0,2.0,,,0 days 00:00:38.553000,0 days 00:00:43.797000,0 days 00:00:25.330000,0 days 02:17:33.051000,0 days 02:18:16.848000,0 days 02:18:42.178000,198.0,211.0,323.0,324.0,False,HARD,31.0,True,Haas F1 Team,0 days 02:16:54.498000,,1,13.0,,,False,True
0 days 02:20:29.459000,BEA,50,0 days 00:01:47.281000,46.0,2.0,,,0 days 00:00:38.349000,0 days 00:00:43.515000,0 days 00:00:25.417000,0 days 02:19:20.527000,0 days 02:20:04.042000,0 days 02:20:29.459000,198.0,214.0,324.0,323.0,True,HARD,32.0,True,Haas F1 Team,0 days 02:18:42.178000,,1,13.0,,,False,True
0 days 02:22:16.507000,BEA,50,0 days 00:01:47.048000,47.0,2.0,,,0 days 00:00:38.183000,0 days 00:00:43.607000,0 days 00:00:25.258000,0 days 02:21:07.642000,0 days 02:21:51.249000,0 days 02:22:16.507000,198.0,207.0,324.0,325.0,True,HARD,33.0,True,Haas F1 Team,0 days 02:20:29.459000,,1,13.0,,,False,True
0 days 02:24:03.876000,BEA,50,0 days 00:01:47.369000,48.0,2.0,,,0 days 00:00:38.435000,0 days 00:00:43.581000,0 days 00:00:25.353000,0 days 02:22:54.942000,0 days 02:23:38.523000,0 days 02:24:03.876000,207.0,205.0,322.0,324.0,False,HARD,34.0,True,Haas F1 Team,0 days 02:22:16.507000,,1,13.0,,,False,True
0 days 02:25:51.311000,BEA,50,0 days 00:01:47.435000,49.0,2.0,,,0 days 00:00:38.577000,0 days 00:00:43.826000,0 days 00:00:25.032000,0 days 02:24:42.453000,0 days 02:25:26.279000,0 days 02:25:51.311000,195.0,207.0,346.0,325.0,False,HARD,35.0,True,Haas F1 Team,0 days 02:24:03.876000,,12,13.0,,,False,True
0 days 02:28:13.225000,BEA,50,0 days 00:02:21.914000,50.0,2.0,,,0 days 00:00:44.171000,0 days 00:00:58.158000,0 days 00:00:39.585000,0 days 02:26:35.482000,0 days 02:27:33.640000,0 days 02:28:13.225000,189.0,158.0,215.0,186.0,False,HARD,36.0,True,Haas F1 Team,0 days 02:25:51.311000,,26,10.0,,,False,False
0 days 02:30:46.572000,BEA,50,,51.0,2.0,,,0 days 00:01:07.759000,0 days 00:00:47.594000,0 days 00:00:37.896000,0 days 02:29:21.168000,0 days 02:30:08.676000,0 days 02:30:46.714000,162.0,179.0,184.0,169.0,False,HARD,37.0,True,Haas F1 Team,0 days 02:28:13.225000,,6,10.0,,,False,False
0 days 00:58:10.137000,SAI,55,0 days 00:01:54.797000,1.0,1.0,,,,0 days 00:00:44.326000,0 days 00:00:25.742000,,0 days 00:57:44.509000,0 days 00:58:10.272000,185.0,207.0,314.0,316.0,False,MEDIUM,1.0,True,Ferrari,0 days 00:56:15.070000,,1,4.0,,,False,False
0 days 00:59:59.257000,SAI,55,0 days 00:01:49.120000,2.0,1.0,,,0 days 00:00:39.553000,0 days 00:00:44.167000,0 days 00:00:25.400000,0 days 00:58:49.744000,0 days 00:59:33.911000,0 days 00:59:59.311000,202.0,205.0,340.0,318.0,True,MEDIUM,2.0,True,Ferrari,0 days 00:58:10.137000,,1,4.0,,,False,True
0 days 01:01:48.632000,SAI,55,0 days 00:01:49.375000,3.0,1.0,,,0 days 00:00:39.375000,0 days 00:00:44.263000,0 days 00:00:25.737000,0 days 01:00:38.686000,0 days 01:01:22.949000,0 days 01:01:48.686000,203.0,208.0,313.0,318.0,False,MEDIUM,3.0,True,Ferrari,0 days 00:59:59.257000,,1,4.0,,,False,True
0 days 01:03:37.799000,SAI,55,0 days 00:01:49.167000,4.0,1.0,,,0 days 00:00:38.947000,0 days 00:00:44.446000,0 days 00:00:25.774000,0 days 01:02:27.633000,0 days 01:03:12.079000,0 days 01:03:37.853000,204.0,202.0,320.0,319.0,False,MEDIUM,4.0,True,Ferrari,0 days 01:01:48.632000,,1,4.0,,,False,True
0 days 01:05:26.838000,SAI,55,0 days 00:01:49.039000,5.0,1.0,,,0 days 00:00:38.857000,0 days 00:00:44.411000,0 days 00:00:25.771000,0 days 01:04:16.710000,0 days 01:05:01.121000,0 days 01:05:26.892000,196.0,199.0,318.0,318.0,True,MEDIUM,5.0,True,Ferrari,0 days 01:03:37.799000,,1,4.0,,,False,True
0 days 01:07:15.664000,SAI,55,0 days 00:01:48.826000,6.0,1.0,,,0 days 00:00:38.570000,0 days 00:00:44.495000,0 days 00:00:25.761000,0 days 01:06:05.462000,0 days 01:06:49.957000,0 days 01:07:15.718000,196.0,205.0,321.0,316.0,True,MEDIUM,6.0,True,Ferrari,0 days 01:05:26.838000,,1,4.0,,,False,True
0 days 01:09:04.260000,SAI,55,0 days 00:01:48.596000,7.0,1.0,,,0 days 00:00:38.562000,0 days 00:00:44.306000,0 days 00:00:25.728000,0 days 01:07:54.280000,0 days 01:08:38.586000,0 days 01:09:04.314000,192.0,205.0,317.0,317.0,True,MEDIUM,7.0,True,Ferrari,0 days 01:07:15.664000,,1,4.0,,,False,True
0 days 01:10:52.742000,SAI,55,0 days 00:01:48.482000,8.0,1.0,,,0 days 00:00:38.577000,0 days 00:00:44.142000,0 days 00:00:25.763000,0 days 01:09:42.891000,0 days 01:10:27.033000,0 days 01:10:52.796000,205.0,211.0,316.0,316.0,True,MEDIUM,8.0,True,Ferrari,0 days 01:09:04.260000,,1,4.0,,,False,True
0 days 01:12:40.896000,SAI,55,0 days 00:01:48.154000,9.0,1.0,,,0 days 00:00:38.321000,0 days 00:00:44.114000,0 days 00:00:25.719000,0 days 01:11:31.117000,0 days 01:12:15.231000,0 days 01:12:40.950000,207.0,209.0,316.0,316.0,True,MEDIUM,9.0,True,Ferrari,0 days 01:10:52.742000,,1,4.0,,,False,True
0 days 01:14:29.285000,SAI,55,0 days 00:01:48.389000,10.0,1.0,,,0 days 00:00:38.535000,0 days 00:00:44.114000,0 days 00:00:25.740000,0 days 01:13:19.485000,0 days 01:14:03.599000,0 days 01:14:29.339000,200.0,211.0,316.0,317.0,False,MEDIUM,10.0,True,Ferrari,0 days 01:12:40.896000,,1,4.0,,,False,True
0 days 01:16:18.055000,SAI,55,0 days 00:01:48.770000,11.0,1.0,,,0 days 00:00:38.918000,0 days 00:00:44.061000,0 days 00:00:25.791000,0 days 01:15:08.257000,0 days 01:15:52.318000,0 days 01:16:18.109000,192.0,208.0,317.0,317.0,False,MEDIUM,11.0,True,Ferrari,0 days 01:14:29.285000,,1,4.0,,,False,True
0 days 01:18:07.403000,SAI,55,0 days 00:01:49.348000,12.0,1.0,,,0 days 00:00:38.745000,0 days 00:00:44.414000,0 days 00:00:26.189000,0 days 01:16:56.854000,0 days 01:17:41.268000,0 days 01:18:07.457000,212.0,210.0,316.0,315.0,False,MEDIUM,12.0,True,Ferrari,0 days 01:16:18.055000,,1,4.0,,,False,True
0 days 01:19:55.997000,SAI,55,0 days 00:01:48.594000,13.0,1.0,,,0 days 00:00:38.667000,0 days 00:00:44.085000,0 days 00:00:25.842000,0 days 01:18:46.124000,0 days 01:19:30.209000,0 days 01:19:56.051000,201.0,206.0,316.0,318.0,False,MEDIUM,13.0,True,Ferrari,0 days 01:18:07.403000,,1,3.0,,,False,True
0 days 01:21:44.669000,SAI,55,0 days 00:01:48.672000,14.0,1.0,,,0 days 00:00:38.778000,0 days 00:00:43.986000,0 days 00:00:25.908000,0 days 01:20:34.829000,0 days 01:21:18.815000,0 days 01:21:44.723000,201.0,207.0,314.0,314.0,False,MEDIUM,14.0,True,Ferrari,0 days 01:19:55.997000,,1,3.0,,,False,True
0 days 01:23:33.985000,SAI,55,0 days 00:01:49.316000,15.0,1.0,,,0 days 00:00:38.901000,0 days 00:00:44.371000,0 days 00:00:26.044000,0 days 01:22:23.624000,0 days 01:23:07.995000,0 days 01:23:34.039000,200.0,203.0,313.0,315.0,False,MEDIUM,15.0,True,Ferrari,0 days 01:21:44.669000,,1,2.0,,,False,True
0 days 01:25:23.345000,SAI,55,0 days 00:01:49.360000,16.0,1.0,,,0 days 00:00:38.705000,0 days 00:00:44.553000,0 days 00:00:26.102000,0 days 01:24:12.744000,0 days 01:24:57.297000,0 days 01:25:23.399000,211.0,201.0,311.0,313.0,False,MEDIUM,16.0,True,Ferrari,0 days 01:23:33.985000,,1,2.0,,,False,True
0 days 01:27:17.289000,SAI,55,0 days 00:01:53.944000,17.0,1.0,,0 days 01:27:16.017000,0 days 00:00:39.326000,0 days 00:00:44.740000,0 days 00:00:29.878000,0 days 01:26:02.725000,0 days 01:26:47.465000,0 days 01:27:17.343000,199.0,201.0,,312.0,False,MEDIUM,17.0,True,Ferrari,0 days 01:25:23.345000,,1,1.0,,,False,False
0 days 01:29:22.650000,SAI,55,0 days 00:02:05.361000,18.0,2.0,0 days 01:27:37.595000,,0 days 00:00:56.167000,0 days 00:00:43.468000,0 days 00:00:25.726000,0 days 01:28:13.510000,0 days 01:28:56.978000,0 days 01:29:22.704000,195.0,208.0,312.0,316.0,False,HARD,1.0,True,Ferrari,0 days 01:27:17.289000,,1,6.0,,,False,False
0 days 01:31:10.589000,SAI,55,0 days 00:01:47.939000,19.0,2.0,,,0 days 00:00:38.389000,0 days 00:00:43.895000,0 days 00:00:25.655000,0 days 01:30:01.093000,0 days 01:30:44.988000,0 days 01:31:10.643000,203.0,216.0,315.0,316.0,True,HARD,2.0,True,Ferrari,0 days 01:29:22.650000,,1,6.0,,,False,True
0 days 01:32:58.680000,SAI,55,0 days 00:01:48.091000,20.0,2.0,,,0 days 00:00:38.529000,0 days 00:00:44.008000,0 days 00:00:25.554000,0 days 01:31:49.172000,0 days 01:32:33.180000,0 days 01:32:58.734000,202.0,205.0,318.0,319.0,False,HARD,3.0,True,Ferrari,0 days 01:31:10.589000,,1,6.0,,,False,True
0 days 01:34:46.559000,SAI,55,0 days 00:01:47.879000,21.0,2.0,,,0 days 00:00:38.635000,0 days 00:00:43.995000,0 days 00:00:25.249000,0 days 01:33:37.369000,0 days 01:34:21.364000,0 days 01:34:46.613000,200.0,202.0,338.0,323.0,True,HARD,4.0,True,Ferrari,0 days 01:32:58.680000,,1,6.0,,,False,True
0 days 01:36:35.141000,SAI,55,0 days 00:01:48.582000,22.0,2.0,,,0 days 00:00:39.360000,0 days 00:00:44.207000,0 days 00:00:25.015000,0 days 01:35:25.973000,0 days 01:36:10.180000,0 days 01:36:35.195000,196.0,209.0,349.0,324.0,False,HARD,5.0,True,Ferrari,0 days 01:34:46.559000,,1,6.0,,,False,True
0 days 01:38:23.472000,SAI,55,0 days 00:01:48.331000,23.0,2.0,,,0 days 00:00:38.877000,0 days 00:00:44.143000,0 days 00:00:25.311000,0 days 01:37:14.072000,0 days 01:37:58.215000,0 days 01:38:23.526000,201.0,205.0,344.0,320.0,False,HARD,6.0,True,Ferrari,0 days 01:36:35.141000,,1,5.0,,,False,True
0 days 01:40:11.946000,SAI,55,0 days 00:01:48.474000,24.0,2.0,,,0 days 00:00:38.759000,0 days 00:00:44.001000,0 days 00:00:25.714000,0 days 01:39:02.285000,0 days 01:39:46.286000,0 days 01:40:12,206.0,215.0,312.0,315.0,False,HARD,7.0,True,Ferrari,0 days 01:38:23.472000,,1,4.0,,,False,True
0 days 01:41:59.692000,SAI,55,0 days 00:01:47.746000,25.0,2.0,,,0 days 00:00:38.436000,0 days 00:00:43.593000,0 days 00:00:25.717000,0 days 01:40:50.436000,0 days 01:41:34.029000,0 days 01:41:59.746000,204.0,214.0,313.0,316.0,True,HARD,8.0,True,Ferrari,0 days 01:40:11.946000,,1,4.0,,,False,True
0 days 01:43:47.285000,SAI,55,0 days 00:01:47.593000,26.0,2.0,,,0 days 00:00:38.257000,0 days 00:00:43.621000,0 days 00:00:25.715000,0 days 01:42:38.003000,0 days 01:43:21.624000,0 days 01:43:47.339000,208.0,217.0,315.0,315.0,True,HARD,9.0,True,Ferrari,0 days 01:41:59.692000,,1,4.0,,,False,True
0 days 01:45:34.610000,SAI,55,0 days 00:01:47.325000,27.0,2.0,,,0 days 00:00:38.310000,0 days 00:00:43.430000,0 days 00:00:25.585000,0 days 01:44:25.649000,0 days 01:45:09.079000,0 days 01:45:34.664000,207.0,217.0,315.0,316.0,True,HARD,10.0,True,Ferrari,0 days 01:43:47.285000,,1,4.0,,,False,True
0 days 01:47:21.682000,SAI,55,0 days 00:01:47.072000,28.0,2.0,,,0 days 00:00:38.199000,0 days 00:00:43.233000,0 days 00:00:25.640000,0 days 01:46:12.863000,0 days 01:46:56.096000,0 days 01:47:21.736000,208.0,221.0,313.0,315.0,True,HARD,11.0,True,Ferrari,0 days 01:45:34.610000,,1,4.0,,,False,True
0 days 01:49:09.130000,SAI,55,0 days 00:01:47.448000,29.0,2.0,,,0 days 00:00:38.298000,0 days 00:00:43.481000,0 days 00:00:25.669000,0 days 01:48:00.034000,0 days 01:48:43.515000,0 days 01:49:09.184000,210.0,212.0,313.0,317.0,False,HARD,12.0,True,Ferrari,0 days 01:47:21.682000,,1,4.0,,,False,True
0 days 01:50:56.956000,SAI,55,0 days 00:01:47.826000,30.0,2.0,,,0 days 00:00:38.256000,0 days 00:00:43.874000,0 days 00:00:25.696000,0 days 01:49:47.440000,0 days 01:50:31.314000,0 days 01:50:57.010000,210.0,209.0,314.0,316.0,False,HARD,13.0,True,Ferrari,0 days 01:49:09.130000,,1,4.0,,,False,True
0 days 01:52:44.344000,SAI,55,0 days 00:01:47.388000,31.0,2.0,,,0 days 00:00:38.205000,0 days 00:00:43.572000,0 days 00:00:25.611000,0 days 01:51:35.215000,0 days 01:52:18.787000,0 days 01:52:44.398000,213.0,212.0,317.0,315.0,False,HARD,14.0,True,Ferrari,0 days 01:50:56.956000,,1,4.0,,,False,True
0 days 01:54:31.674000,SAI,55,0 days 00:01:47.330000,32.0,2.0,,,0 days 00:00:38.107000,0 days 00:00:43.388000,0 days 00:00:25.835000,0 days 01:53:22.505000,0 days 01:54:05.893000,0 days 01:54:31.728000,208.0,209.0,316.0,315.0,False,HARD,15.0,True,Ferrari,0 days 01:52:44.344000,,1,4.0,,,False,True
0 days 01:56:18.879000,SAI,55,0 days 00:01:47.205000,33.0,2.0,,,0 days 00:00:38.158000,0 days 00:00:43.436000,0 days 00:00:25.611000,0 days 01:55:09.886000,0 days 01:55:53.322000,0 days 01:56:18.933000,209.0,211.0,318.0,315.0,False,HARD,16.0,True,Ferrari,0 days 01:54:31.674000,,1,4.0,,,False,True
0 days 01:58:06.281000,SAI,55,0 days 00:01:47.402000,34.0,2.0,,,0 days 00:00:38.344000,0 days 00:00:43.477000,0 days 00:00:25.581000,0 days 01:56:57.277000,0 days 01:57:40.754000,0 days 01:58:06.335000,206.0,210.0,315.0,316.0,False,HARD,17.0,True,Ferrari,0 days 01:56:18.879000,,1,4.0,,,False,True
0 days 01:59:53.591000,SAI,55,0 days 00:01:47.310000,35.0,2.0,,,0 days 00:00:38.172000,0 days 00:00:43.575000,0 days 00:00:25.563000,0 days 01:58:44.507000,0 days 01:59:28.082000,0 days 01:59:53.645000,212.0,214.0,317.0,317.0,False,HARD,18.0,True,Ferrari,0 days 01:58:06.281000,,1,4.0,,,False,True
0 days 02:01:41.064000,SAI,55,0 days 00:01:47.473000,36.0,2.0,,,0 days 00:00:38.276000,0 days 00:00:43.564000,0 days 00:00:25.633000,0 days 02:00:31.921000,0 days 02:01:15.485000,0 days 02:01:41.118000,209.0,211.0,318.0,318.0,False,HARD,19.0,True,Ferrari,0 days 01:59:53.591000,,12,4.0,,,False,True
0 days 02:03:29.443000,SAI,55,0 days 00:01:48.379000,37.0,2.0,,,0 days 00:00:38.420000,0 days 00:00:44.325000,0 days 00:00:25.634000,0 days 02:02:19.538000,0 days 02:03:03.863000,0 days 02:03:29.497000,213.0,213.0,318.0,318.0,False,HARD,20.0,True,Ferrari,0 days 02:01:41.064000,,1,4.0,,,False,True
0 days 02:05:16.559000,SAI,55,0 days 00:01:47.116000,38.0,2.0,,,0 days 00:00:38.326000,0 days 00:00:43.337000,0 days 00:00:25.453000,0 days 02:04:07.823000,0 days 02:04:51.160000,0 days 02:05:16.613000,206.0,208.0,318.0,319.0,False,HARD,21.0,True,Ferrari,0 days 02:03:29.443000,,1,4.0,,,False,True
0 days 02:07:03.788000,SAI,55,0 days 00:01:47.229000,39.0,2.0,,,0 days 00:00:38.349000,0 days 00:00:43.381000,0 days 00:00:25.499000,0 days 02:05:54.962000,0 days 02:06:38.343000,0 days 02:07:03.842000,201.0,213.0,316.0,318.0,False,HARD,22.0,True,Ferrari,0 days 02:05:16.559000,,1,4.0,,,False,True
0 days 02:08:50.752000,SAI,55,0 days 00:01:46.964000,40.0,2.0,,,0 days 00:00:38.171000,0 days 00:00:43.253000,0 days 00:00:25.540000,0 days 02:07:42.013000,0 days 02:08:25.266000,0 days 02:08:50.806000,200.0,217.0,320.0,320.0,True,HARD,23.0,True,Ferrari,0 days 02:07:03.788000,,1,4.0,,,False,True
0 days 02:10:38.210000,SAI,55,0 days 00:01:47.458000,41.0,2.0,,,0 days 00:00:38.457000,0 days 00:00:43.589000,0 days 00:00:25.412000,0 days 02:09:29.263000,0 days 02:10:12.852000,0 days 02:10:38.264000,211.0,215.0,318.0,319.0,False,HARD,24.0,True,Ferrari,0 days 02:08:50.752000,,1,4.0,,,False,True
0 days 02:12:25.138000,SAI,55,0 days 00:01:46.928000,42.0,2.0,,,0 days 00:00:38.292000,0 days 00:00:43.270000,0 days 00:00:25.366000,0 days 02:11:16.556000,0 days 02:11:59.826000,0 days 02:12:25.192000,206.0,217.0,320.0,320.0,True,HARD,25.0,True,Ferrari,0 days 02:10:38.210000,,1,4.0,,,False,True
0 days 02:14:12.405000,SAI,55,0 days 00:01:47.267000,43.0,2.0,,,0 days 00:00:38.181000,0 days 00:00:43.546000,0 days 00:00:25.540000,0 days 02:13:03.373000,0 days 02:13:46.919000,0 days 02:14:12.459000,205.0,213.0,320.0,322.0,False,HARD,26.0,True,Ferrari,0 days 02:12:25.138000,,1,4.0,,,False,True
0 days 02:15:59.486000,SAI,55,0 days 00:01:47.081000,44.0,2.0,,,0 days 00:00:38.179000,0 days 00:00:43.445000,0 days 00:00:25.457000,0 days 02:14:50.638000,0 days 02:15:34.083000,0 days 02:15:59.540000,201.0,214.0,321.0,322.0,False,HARD,27.0,True,Ferrari,0 days 02:14:12.405000,,1,4.0,,,False,True
0 days 02:17:46.748000,SAI,55,0 days 00:01:47.262000,45.0,2.0,,,0 days 00:00:38.264000,0 days 00:00:43.594000,0 days 00:00:25.404000,0 days 02:16:37.804000,0 days 02:17:21.398000,0 days 02:17:46.802000,205.0,210.0,321.0,322.0,False,HARD,28.0,True,Ferrari,0 days 02:15:59.486000,,1,4.0,,,False,True
0 days 02:19:33.614000,SAI,55,0 days 00:01:46.866000,46.0,2.0,,,0 days 00:00:38.168000,0 days 00:00:43.338000,0 days 00:00:25.360000,0 days 02:18:24.970000,0 days 02:19:08.308000,0 days 02:19:33.668000,206.0,211.0,323.0,323.0,True,HARD,29.0,True,Ferrari,0 days 02:17:46.748000,,1,4.0,,,False,True
0 days 02:21:20.548000,SAI,55,0 days 00:01:46.934000,47.0,2.0,,,0 days 00:00:38.264000,0 days 00:00:43.595000,0 days 00:00:25.075000,0 days 02:20:11.932000,0 days 02:20:55.527000,0 days 02:21:20.602000,206.0,205.0,340.0,325.0,False,HARD,30.0,True,Ferrari,0 days 02:19:33.614000,,1,4.0,,,False,True
0 days 02:23:08.665000,SAI,55,0 days 00:01:48.117000,48.0,2.0,,,0 days 00:00:38.979000,0 days 00:00:44.048000,0 days 00:00:25.090000,0 days 02:21:59.581000,0 days 02:22:43.629000,0 days 02:23:08.719000,191.0,212.0,348.0,324.0,False,HARD,31.0,True,Ferrari,0 days 02:21:20.548000,,1,4.0,,,False,True
0 days 02:24:57.108000,SAI,55,0 days 00:01:48.443000,49.0,2.0,,,0 days 00:00:39.228000,0 days 00:00:44.084000,0 days 00:00:25.131000,0 days 02:23:47.947000,0 days 02:24:32.031000,0 days 02:24:57.162000,188.0,206.0,346.0,322.0,False,HARD,32.0,True,Ferrari,0 days 02:23:08.665000,,1,4.0,,,False,True
0 days 02:27:27.108000,SAI,55,,50.0,2.0,,,,,,,,,,,,,,HARD,33.0,True,Ferrari,0 days 02:24:57.108000,,126,,,,True,False
0 days 00:58:11.760000,RUS,63,0 days 00:01:56.420000,1.0,1.0,,,,0 days 00:00:45.226000,0 days 00:00:25.606000,,0 days 00:57:46.298000,0 days 00:58:11.886000,184.0,200.0,329.0,321.0,False,MEDIUM,1.0,True,Mercedes,0 days 00:56:15.070000,,1,6.0,,,False,False
0 days 01:00:01.498000,RUS,63,0 days 00:01:49.738000,2.0,1.0,,,0 days 00:00:39.495000,0 days 00:00:44.776000,0 days 00:00:25.467000,0 days 00:58:51.291000,0 days 00:59:36.067000,0 days 01:00:01.534000,199.0,205.0,328.0,323.0,True,MEDIUM,2.0,True,Mercedes,0 days 00:58:11.760000,,1,6.0,,,False,True
0 days 01:01:50.857000,RUS,63,0 days 00:01:49.359000,3.0,1.0,,,0 days 00:00:39.215000,0 days 00:00:44.564000,0 days 00:00:25.580000,0 days 01:00:40.749000,0 days 01:01:25.313000,0 days 01:01:50.893000,208.0,204.0,327.0,323.0,True,MEDIUM,3.0,True,Mercedes,0 days 01:00:01.498000,,1,6.0,,,False,True
0 days 01:03:40.056000,RUS,63,0 days 00:01:49.199000,4.0,1.0,,,0 days 00:00:39.208000,0 days 00:00:44.409000,0 days 00:00:25.582000,0 days 01:02:30.101000,0 days 01:03:14.510000,0 days 01:03:40.092000,201.0,200.0,330.0,325.0,True,MEDIUM,4.0,True,Mercedes,0 days 01:01:50.857000,,1,6.0,,,False,True
0 days 01:05:29.008000,RUS,63,0 days 00:01:48.952000,5.0,1.0,,,0 days 00:00:39.270000,0 days 00:00:44.366000,0 days 00:00:25.316000,0 days 01:04:19.362000,0 days 01:05:03.728000,0 days 01:05:29.044000,201.0,204.0,340.0,325.0,True,MEDIUM,5.0,True,Mercedes,0 days 01:03:40.056000,,1,6.0,,,False,True
0 days 01:07:18.589000,RUS,63,0 days 00:01:49.581000,6.0,1.0,,,0 days 00:00:39.350000,0 days 00:00:44.767000,0 days 00:00:25.464000,0 days 01:06:08.394000,0 days 01:06:53.161000,0 days 01:07:18.625000,196.0,210.0,330.0,323.0,False,MEDIUM,6.0,True,Mercedes,0 days 01:05:29.008000,,1,6.0,,,False,True
0 days 01:09:07.904000,RUS,63,0 days 00:01:49.315000,7.0,1.0,,,0 days 00:00:39.242000,0 days 00:00:44.501000,0 days 00:00:25.572000,0 days 01:07:57.867000,0 days 01:08:42.368000,0 days 01:09:07.940000,202.0,204.0,322.0,323.0,False,MEDIUM,7.0,True,Mercedes,0 days 01:07:18.589000,,1,6.0,,,False,True
0 days 01:10:57.255000,RUS,63,0 days 00:01:49.351000,8.0,1.0,,,0 days 00:00:39.289000,0 days 00:00:44.561000,0 days 00:00:25.501000,0 days 01:09:47.229000,0 days 01:10:31.790000,0 days 01:10:57.291000,195.0,205.0,329.0,322.0,False,MEDIUM,8.0,True,Mercedes,0 days 01:09:07.904000,,1,6.0,,,False,True
0 days 01:12:46.678000,RUS,63,0 days 00:01:49.423000,9.0,1.0,,,0 days 00:00:39.178000,0 days 00:00:44.696000,0 days 00:00:25.549000,0 days 01:11:36.469000,0 days 01:12:21.165000,0 days 01:12:46.714000,196.0,208.0,327.0,321.0,False,MEDIUM,9.0,True,Mercedes,0 days 01:10:57.255000,,1,6.0,,,False,True
0 days 01:14:36.390000,RUS,63,0 days 00:01:49.712000,10.0,1.0,,,0 days 00:00:39.339000,0 days 00:00:44.736000,0 days 00:00:25.637000,0 days 01:13:26.053000,0 days 01:14:10.789000,0 days 01:14:36.426000,199.0,203.0,327.0,321.0,False,MEDIUM,10.0,True,Mercedes,0 days 01:12:46.678000,,1,6.0,,,False,True
0 days 01:16:26.223000,RUS,63,0 days 00:01:49.833000,11.0,1.0,,,0 days 00:00:39.398000,0 days 00:00:44.707000,0 days 00:00:25.728000,0 days 01:15:15.824000,0 days 01:16:00.531000,0 days 01:16:26.259000,196.0,205.0,326.0,321.0,False,MEDIUM,11.0,True,Mercedes,0 days 01:14:36.390000,,1,6.0,,,False,True
0 days 01:18:20.788000,RUS,63,0 days 00:01:54.565000,12.0,1.0,,0 days 01:18:19.479000,0 days 00:00:39.573000,0 days 00:00:45.150000,0 days 00:00:29.842000,0 days 01:17:05.832000,0 days 01:17:50.982000,0 days 01:18:20.824000,199.0,202.0,,320.0,False,MEDIUM,12.0,True,Mercedes,0 days 01:16:26.223000,,1,6.0,,,False,False
0 days 01:20:24.971000,RUS,63,0 days 00:02:04.183000,13.0,2.0,0 days 01:18:39.564000,,0 days 00:00:54.875000,0 days 00:00:44.229000,0 days 00:00:25.079000,0 days 01:19:15.699000,0 days 01:19:59.928000,0 days 01:20:25.007000,192.0,203.0,345.0,328.0,False,HARD,1.0,True,Mercedes,0 days 01:18:20.788000,,1,12.0,,,False,False
0 days 01:22:14.789000,RUS,63,0 days 00:01:49.818000,14.0,2.0,,,0 days 00:00:39.525000,0 days 00:00:45.245000,0 days 00:00:25.048000,0 days 01:21:04.532000,0 days 01:21:49.777000,0 days 01:22:14.825000,175.0,196.0,346.0,331.0,False,HARD,2.0,True,Mercedes,0 days 01:20:24.971000,,1,10.0,,,False,True
0 days 01:24:03.856000,RUS,63,0 days 00:01:49.067000,15.0,2.0,,,0 days 00:00:39.406000,0 days 00:00:44.074000,0 days 00:00:25.587000,0 days 01:22:54.231000,0 days 01:23:38.305000,0 days 01:24:03.892000,199.0,210.0,328.0,322.0,False,HARD,3.0,True,Mercedes,0 days 01:22:14.789000,,1,9.0,,,False,True
0 days 01:25:52.462000,RUS,63,0 days 00:01:48.606000,16.0,2.0,,,0 days 00:00:39.025000,0 days 00:00:44.044000,0 days 00:00:25.537000,0 days 01:24:42.917000,0 days 01:25:26.961000,0 days 01:25:52.498000,192.0,209.0,328.0,320.0,True,HARD,4.0,True,Mercedes,0 days 01:24:03.856000,,1,8.0,,,False,True
0 days 01:27:40.505000,RUS,63,0 days 00:01:48.043000,17.0,2.0,,,0 days 00:00:38.647000,0 days 00:00:43.962000,0 days 00:00:25.434000,0 days 01:26:31.145000,0 days 01:27:15.107000,0 days 01:27:40.541000,193.0,212.0,328.0,322.0,True,HARD,5.0,True,Mercedes,0 days 01:25:52.462000,,1,8.0,,,False,True
0 days 01:29:28.729000,RUS,63,0 days 00:01:48.224000,18.0,2.0,,,0 days 00:00:38.801000,0 days 00:00:43.930000,0 days 00:00:25.493000,0 days 01:28:19.342000,0 days 01:29:03.272000,0 days 01:29:28.765000,193.0,207.0,327.0,322.0,False,HARD,6.0,True,Mercedes,0 days 01:27:40.505000,,1,8.0,,,False,True
0 days 01:31:17.079000,RUS,63,0 days 00:01:48.350000,19.0,2.0,,,0 days 00:00:38.850000,0 days 00:00:44.034000,0 days 00:00:25.466000,0 days 01:30:07.615000,0 days 01:30:51.649000,0 days 01:31:17.115000,196.0,208.0,329.0,321.0,False,HARD,7.0,True,Mercedes,0 days 01:29:28.729000,,1,8.0,,,False,True
0 days 01:33:05.466000,RUS,63,0 days 00:01:48.387000,20.0,2.0,,,0 days 00:00:38.916000,0 days 00:00:44.087000,0 days 00:00:25.384000,0 days 01:31:56.031000,0 days 01:32:40.118000,0 days 01:33:05.502000,197.0,208.0,325.0,321.0,False,HARD,8.0,True,Mercedes,0 days 01:31:17.079000,,1,8.0,,,False,True
0 days 01:34:53.836000,RUS,63,0 days 00:01:48.370000,21.0,2.0,,,0 days 00:00:38.840000,0 days 00:00:44.083000,0 days 00:00:25.447000,0 days 01:33:44.342000,0 days 01:34:28.425000,0 days 01:34:53.872000,201.0,212.0,326.0,321.0,False,HARD,9.0,True,Mercedes,0 days 01:33:05.466000,,1,8.0,,,False,True
0 days 01:36:42.034000,RUS,63,0 days 00:01:48.198000,22.0,2.0,,,0 days 00:00:38.864000,0 days 00:00:43.937000,0 days 00:00:25.397000,0 days 01:35:32.736000,0 days 01:36:16.673000,0 days 01:36:42.070000,200.0,215.0,330.0,321.0,False,HARD,10.0,True,Mercedes,0 days 01:34:53.836000,,1,8.0,,,False,True
0 days 01:38:30.327000,RUS,63,0 days 00:01:48.293000,23.0,2.0,,,0 days 00:00:38.880000,0 days 00:00:44.104000,0 days 00:00:25.309000,0 days 01:37:20.950000,0 days 01:38:05.054000,0 days 01:38:30.363000,197.0,213.0,330.0,321.0,False,HARD,11.0,True,Mercedes,0 days 01:36:42.034000,,1,8.0,,,False,True
0 days 01:40:18.315000,RUS,63,0 days 00:01:47.988000,24.0,2.0,,,0 days 00:00:38.752000,0 days 00:00:43.866000,0 days 00:00:25.370000,0 days 01:39:09.115000,0 days 01:39:52.981000,0 days 01:40:18.351000,199.0,217.0,332.0,324.0,True,HARD,12.0,True,Mercedes,0 days 01:38:30.327000,,1,8.0,,,False,True
0 days 01:42:06.520000,RUS,63,0 days 00:01:48.205000,25.0,2.0,,,0 days 00:00:38.775000,0 days 00:00:44.157000,0 days 00:00:25.273000,0 days 01:40:57.126000,0 days 01:41:41.283000,0 days 01:42:06.556000,198.0,207.0,334.0,324.0,False,HARD,13.0,True,Mercedes,0 days 01:40:18.315000,,1,8.0,,,False,True
0 days 01:43:54.846000,RUS,63,0 days 00:01:48.326000,26.0,2.0,,,0 days 00:00:38.880000,0 days 00:00:44.190000,0 days 00:00:25.256000,0 days 01:42:45.436000,0 days 01:43:29.626000,0 days 01:43:54.882000,193.0,214.0,335.0,325.0,False,HARD,14.0,True,Mercedes,0 days 01:42:06.520000,,1,8.0,,,False,True
0 days 01:45:43.640000,RUS,63,0 days 00:01:48.794000,27.0,2.0,,,0 days 00:00:39.035000,0 days 00:00:44.591000,0 days 00:00:25.168000,0 days 01:44:33.917000,0 days 01:45:18.508000,0 days 01:45:43.676000,189.0,205.0,336.0,324.0,False,HARD,15.0,True,Mercedes,0 days 01:43:54.846000,,1,8.0,,,False,True
0 days 01:47:31.857000,RUS,63,0 days 00:01:48.217000,28.0,2.0,,,0 days 00:00:38.779000,0 days 00:00:44.322000,0 days 00:00:25.116000,0 days 01:46:22.455000,0 days 01:47:06.777000,0 days 01:47:31.893000,187.0,209.0,347.0,326.0,False,HARD,16.0,True,Mercedes,0 days 01:45:43.640000,,1,8.0,,,False,True
0 days 01:49:20.855000,RUS,63,0 days 00:01:48.998000,29.0,2.0,,,0 days 00:00:39.425000,0 days 00:00:44.625000,0 days 00:00:24.948000,0 days 01:48:11.318000,0 days 01:48:55.943000,0 days 01:49:20.891000,185.0,212.0,354.0,329.0,False,HARD,17.0,True,Mercedes,0 days 01:47:31.857000,,1,8.0,,,False,True
0 days 01:51:09.822000,RUS,63,0 days 00:01:48.967000,30.0,2.0,,,0 days 00:00:39.214000,0 days 00:00:44.721000,0 days 00:00:25.032000,0 days 01:50:00.105000,0 days 01:50:44.826000,0 days 01:51:09.858000,186.0,209.0,350.0,327.0,False,HARD,18.0,True,Mercedes,0 days 01:49:20.855000,,1,8.0,,,False,True
0 days 01:52:58.214000,RUS,63,0 days 00:01:48.392000,31.0,2.0,,,0 days 00:00:39.168000,0 days 00:00:44.531000,0 days 00:00:24.693000,0 days 01:51:49.026000,0 days 01:52:33.557000,0 days 01:52:58.250000,189.0,212.0,357.0,331.0,False,HARD,19.0,True,Mercedes,0 days 01:51:09.822000,,1,7.0,,,False,True
0 days 01:54:47.266000,RUS,63,0 days 00:01:49.052000,32.0,2.0,,,0 days 00:00:39.454000,0 days 00:00:44.374000,0 days 00:00:25.224000,0 days 01:53:37.704000,0 days 01:54:22.078000,0 days 01:54:47.302000,192.0,216.0,333.0,326.0,False,HARD,20.0,True,Mercedes,0 days 01:52:58.214000,,1,7.0,,,False,True
0 days 01:56:34.972000,RUS,63,0 days 00:01:47.706000,33.0,2.0,,,0 days 00:00:38.858000,0 days 00:00:43.929000,0 days 00:00:24.919000,0 days 01:55:26.160000,0 days 01:56:10.089000,0 days 01:56:35.008000,192.0,214.0,348.0,327.0,True,HARD,21.0,True,Mercedes,0 days 01:54:47.266000,,1,7.0,,,False,True
0 days 01:58:22.415000,RUS,63,0 days 00:01:47.443000,34.0,2.0,,,0 days 00:00:38.600000,0 days 00:00:43.681000,0 days 00:00:25.162000,0 days 01:57:13.608000,0 days 01:57:57.289000,0 days 01:58:22.451000,198.0,214.0,331.0,325.0,True,HARD,22.0,True,Mercedes,0 days 01:56:34.972000,,1,6.0,,,False,True
0 days 02:00:10.117000,RUS,63,0 days 00:01:47.702000,35.0,2.0,,,0 days 00:00:38.728000,0 days 00:00:43.570000,0 days 00:00:25.404000,0 days 01:59:01.179000,0 days 01:59:44.749000,0 days 02:00:10.153000,197.0,219.0,332.0,325.0,False,HARD,23.0,True,Mercedes,0 days 01:58:22.415000,,1,6.0,,,False,True
0 days 02:01:57.798000,RUS,63,0 days 00:01:47.681000,36.0,2.0,,,0 days 00:00:38.672000,0 days 00:00:43.743000,0 days 00:00:25.266000,0 days 02:00:48.825000,0 days 02:01:32.568000,0 days 02:01:57.834000,198.0,214.0,332.0,324.0,False,HARD,24.0,True,Mercedes,0 days 02:00:10.117000,,12,6.0,,,False,True
0 days 02:03:45.607000,RUS,63,0 days 00:01:47.809000,37.0,2.0,,,0 days 00:00:38.681000,0 days 00:00:43.818000,0 days 00:00:25.310000,0 days 02:02:36.515000,0 days 02:03:20.333000,0 days 02:03:45.643000,197.0,215.0,327.0,325.0,False,HARD,25.0,True,Mercedes,0 days 02:01:57.798000,,1,5.0,,,False,True
0 days 02:05:33.256000,RUS,63,0 days 00:01:47.649000,38.0,2.0,,,0 days 00:00:38.689000,0 days 00:00:43.536000,0 days 00:00:25.424000,0 days 02:04:24.332000,0 days 02:05:07.868000,0 days 02:05:33.292000,202.0,215.0,323.0,321.0,False,HARD,26.0,True,Mercedes,0 days 02:03:45.607000,,1,5.0,,,False,True
0 days 02:07:20.394000,RUS,63,0 days 00:01:47.138000,39.0,2.0,,,0 days 00:00:38.448000,0 days 00:00:43.374000,0 days 00:00:25.316000,0 days 02:06:11.740000,0 days 02:06:55.114000,0 days 02:07:20.430000,202.0,216.0,327.0,320.0,True,HARD,27.0,True,Mercedes,0 days 02:05:33.256000,,1,5.0,,,False,True
0 days 02:09:07.394000,RUS,63,0 days 00:01:47,40.0,2.0,,,0 days 00:00:38.321000,0 days 00:00:43.303000,0 days 00:00:25.376000,0 days 02:07:58.751000,0 days 02:08:42.054000,0 days 02:09:07.430000,199.0,217.0,327.0,322.0,True,HARD,28.0,True,Mercedes,0 days 02:07:20.394000,,1,5.0,,,False,True
0 days 02:10:54.246000,RUS,63,0 days 00:01:46.852000,41.0,2.0,,,0 days 00:00:38.244000,0 days 00:00:43.292000,0 days 00:00:25.316000,0 days 02:09:45.674000,0 days 02:10:28.966000,0 days 02:10:54.282000,201.0,213.0,327.0,321.0,True,HARD,29.0,True,Mercedes,0 days 02:09:07.394000,,1,5.0,,,False,True
0 days 02:12:41.092000,RUS,63,0 days 00:01:46.846000,42.0,2.0,,,0 days 00:00:38.262000,0 days 00:00:43.279000,0 days 00:00:25.305000,0 days 02:11:32.544000,0 days 02:12:15.823000,0 days 02:12:41.128000,200.0,218.0,327.0,322.0,True,HARD,30.0,True,Mercedes,0 days 02:10:54.246000,,1,5.0,,,False,True
0 days 02:14:27.819000,RUS,63,0 days 00:01:46.727000,43.0,2.0,,,0 days 00:00:38.152000,0 days 00:00:43.228000,0 days 00:00:25.347000,0 days 02:13:19.280000,0 days 02:14:02.508000,0 days 02:14:27.855000,202.0,215.0,328.0,321.0,True,HARD,31.0,True,Mercedes,0 days 02:12:41.092000,,1,5.0,,,False,True
0 days 02:16:14.526000,RUS,63,0 days 00:01:46.707000,44.0,2.0,,,0 days 00:00:38.105000,0 days 00:00:43.166000,0 days 00:00:25.436000,0 days 02:15:05.960000,0 days 02:15:49.126000,0 days 02:16:14.562000,200.0,216.0,327.0,321.0,True,HARD,32.0,True,Mercedes,0 days 02:14:27.819000,,1,5.0,,,False,True
0 days 02:18:01.154000,RUS,63,0 days 00:01:46.628000,45.0,2.0,,,0 days 00:00:38.059000,0 days 00:00:43.325000,0 days 00:00:25.244000,0 days 02:16:52.621000,0 days 02:17:35.946000,0 days 02:18:01.190000,194.0,221.0,328.0,323.0,True,HARD,33.0,True,Mercedes,0 days 02:16:14.526000,,1,5.0,,,False,True
0 days 02:19:47.881000,RUS,63,0 days 00:01:46.727000,46.0,2.0,,,0 days 00:00:38.191000,0 days 00:00:43.360000,0 days 00:00:25.176000,0 days 02:18:39.381000,0 days 02:19:22.741000,0 days 02:19:47.917000,202.0,217.0,328.0,323.0,False,HARD,34.0,True,Mercedes,0 days 02:18:01.154000,,1,5.0,,,False,True
0 days 02:21:34.545000,RUS,63,0 days 00:01:46.664000,47.0,2.0,,,0 days 00:00:38.117000,0 days 00:00:43.261000,0 days 00:00:25.286000,0 days 02:20:26.034000,0 days 02:21:09.295000,0 days 02:21:34.581000,200.0,219.0,327.0,323.0,False,HARD,35.0,True,Mercedes,0 days 02:19:47.881000,,1,5.0,,,False,True
0 days 02:23:21.561000,RUS,63,0 days 00:01:47.016000,48.0,2.0,,,0 days 00:00:38.195000,0 days 00:00:43.367000,0 days 00:00:25.454000,0 days 02:22:12.776000,0 days 02:22:56.143000,0 days 02:23:21.597000,199.0,218.0,328.0,323.0,False,HARD,36.0,True,Mercedes,0 days 02:21:34.545000,,1,5.0,,,False,True
0 days 02:25:08.268000,RUS,63,0 days 00:01:46.707000,49.0,2.0,,,0 days 00:00:38.253000,0 days 00:00:43.256000,0 days 00:00:25.198000,0 days 02:23:59.850000,0 days 02:24:43.106000,0 days 02:25:08.304000,197.0,216.0,328.0,321.0,False,HARD,37.0,True,Mercedes,0 days 02:23:21.561000,,1,5.0,,,False,True
0 days 02:27:11.735000,RUS,63,0 days 00:02:03.467000,50.0,2.0,,,0 days 00:00:42.492000,0 days 00:00:43.856000,0 days 00:00:37.119000,0 days 02:25:50.796000,0 days 02:26:34.652000,0 days 02:27:11.771000,191.0,209.0,195.0,190.0,False,HARD,38.0,True,Mercedes,0 days 02:25:08.268000,,126,3.0,,,False,False
0 days 02:29:44.733000,RUS,63,,51.0,2.0,,,0 days 00:01:00.770000,0 days 00:00:53.216000,0 days 00:00:38.954000,0 days 02:28:12.699000,0 days 02:29:05.815000,0 days 02:29:44.936000,169.0,127.0,209.0,170.0,False,HARD,39.0,True,Mercedes,0 days 02:27:11.735000,,6,3.0,,,False,False
0 days 00:58:19.809000,BOT,77,0 days 00:02:04.469000,1.0,1.0,,,,0 days 00:00:48.867000,0 days 00:00:25.679000,,0 days 00:57:54.322000,0 days 00:58:19.970000,152.0,190.0,327.0,322.0,False,MEDIUM,2.0,False,Kick Sauber,0 days 00:56:15.070000,,1,16.0,,,False,False
0 days 01:00:14.100000,BOT,77,0 days 00:01:54.291000,2.0,1.0,,,0 days 00:00:42.700000,0 days 00:00:45.897000,0 days 00:00:25.694000,0 days 00:59:02.525000,0 days 00:59:48.422000,0 days 01:00:14.116000,183.0,196.0,325.0,320.0,True,MEDIUM,3.0,False,Kick Sauber,0 days 00:58:19.809000,,1,17.0,,,False,True
0 days 01:02:06.810000,BOT,77,0 days 00:01:52.710000,3.0,1.0,,,0 days 00:00:41.016000,0 days 00:00:45.855000,0 days 00:00:25.839000,0 days 01:00:55.132000,0 days 01:01:40.987000,0 days 01:02:06.826000,184.0,197.0,317.0,320.0,True,MEDIUM,4.0,False,Kick Sauber,0 days 01:00:14.100000,,1,17.0,,,False,True
0 days 01:03:58.395000,BOT,77,0 days 00:01:51.585000,4.0,1.0,,,0 days 00:00:40.295000,0 days 00:00:45.622000,0 days 00:00:25.668000,0 days 01:02:47.121000,0 days 01:03:32.743000,0 days 01:03:58.411000,190.0,201.0,334.0,322.0,True,MEDIUM,5.0,False,Kick Sauber,0 days 01:02:06.810000,,1,17.0,,,False,True
0 days 01:05:51.708000,BOT,77,0 days 00:01:53.313000,5.0,1.0,,,0 days 00:00:41.764000,0 days 00:00:46.025000,0 days 00:00:25.524000,0 days 01:04:40.175000,0 days 01:05:26.200000,0 days 01:05:51.724000,183.0,200.0,332.0,320.0,False,MEDIUM,6.0,False,Kick Sauber,0 days 01:03:58.395000,,1,17.0,,,False,True
0 days 01:07:42.747000,BOT,77,0 days 00:01:51.039000,6.0,1.0,,,0 days 00:00:40.177000,0 days 00:00:45.322000,0 days 00:00:25.540000,0 days 01:06:31.901000,0 days 01:07:17.223000,0 days 01:07:42.763000,188.0,197.0,338.0,319.0,True,MEDIUM,7.0,False,Kick Sauber,0 days 01:05:51.708000,,1,17.0,,,False,True
0 days 01:09:34.121000,BOT,77,0 days 00:01:51.374000,7.0,1.0,,,0 days 00:00:40.256000,0 days 00:00:45.454000,0 days 00:00:25.664000,0 days 01:08:23.019000,0 days 01:09:08.473000,0 days 01:09:34.137000,193.0,192.0,331.0,318.0,False,MEDIUM,8.0,False,Kick Sauber,0 days 01:07:42.747000,,1,17.0,,,False,True
0 days 01:11:25.436000,BOT,77,0 days 00:01:51.315000,8.0,1.0,,,0 days 00:00:40.132000,0 days 00:00:45.409000,0 days 00:00:25.774000,0 days 01:10:14.269000,0 days 01:10:59.678000,0 days 01:11:25.452000,191.0,203.0,325.0,317.0,False,MEDIUM,9.0,False,Kick Sauber,0 days 01:09:34.121000,,1,17.0,,,False,True
0 days 01:13:16.903000,BOT,77,0 days 00:01:51.467000,9.0,1.0,,,0 days 00:00:40.200000,0 days 00:00:45.414000,0 days 00:00:25.853000,0 days 01:12:05.652000,0 days 01:12:51.066000,0 days 01:13:16.919000,197.0,196.0,325.0,317.0,False,MEDIUM,10.0,False,Kick Sauber,0 days 01:11:25.436000,,1,17.0,,,False,True
0 days 01:15:09.588000,BOT,77,0 days 00:01:52.685000,10.0,1.0,,,0 days 00:00:40.789000,0 days 00:00:45.874000,0 days 00:00:26.022000,0 days 01:13:57.708000,0 days 01:14:43.582000,0 days 01:15:09.604000,192.0,197.0,311.0,319.0,False,MEDIUM,11.0,False,Kick Sauber,0 days 01:13:16.903000,,1,19.0,,,False,True
0 days 01:17:07.397000,BOT,77,0 days 00:01:57.809000,11.0,1.0,,0 days 01:17:06.153000,0 days 00:00:41.048000,0 days 00:00:46.272000,0 days 00:00:30.489000,0 days 01:15:50.652000,0 days 01:16:36.924000,0 days 01:17:07.413000,188.0,193.0,,314.0,False,MEDIUM,12.0,False,Kick Sauber,0 days 01:15:09.588000,,1,20.0,,,False,False
0 days 01:19:14.259000,BOT,77,0 days 00:02:06.862000,12.0,2.0,0 days 01:17:26.235000,,0 days 00:00:55.917000,0 days 00:00:44.882000,0 days 00:00:26.063000,0 days 01:18:03.330000,0 days 01:18:48.212000,0 days 01:19:14.275000,194.0,196.0,313.0,315.0,False,HARD,2.0,False,Kick Sauber,0 days 01:17:07.397000,,1,20.0,,,False,False
0 days 01:21:04.258000,BOT,77,0 days 00:01:49.999000,13.0,2.0,,,0 days 00:00:39.412000,0 days 00:00:44.657000,0 days 00:00:25.930000,0 days 01:19:53.687000,0 days 01:20:38.344000,0 days 01:21:04.274000,198.0,195.0,314.0,314.0,True,HARD,3.0,False,Kick Sauber,0 days 01:19:14.259000,,1,19.0,,,False,True
0 days 01:22:54.263000,BOT,77,0 days 00:01:50.005000,14.0,2.0,,,0 days 00:00:39.600000,0 days 00:00:44.376000,0 days 00:00:26.029000,0 days 01:21:43.874000,0 days 01:22:28.250000,0 days 01:22:54.279000,193.0,209.0,308.0,314.0,False,HARD,4.0,False,Kick Sauber,0 days 01:21:04.258000,,1,19.0,,,False,True
0 days 01:24:43.971000,BOT,77,0 days 00:01:49.708000,15.0,2.0,,,0 days 00:00:39.392000,0 days 00:00:44.271000,0 days 00:00:26.045000,0 days 01:23:33.671000,0 days 01:24:17.942000,0 days 01:24:43.987000,200.0,214.0,309.0,315.0,True,HARD,5.0,False,Kick Sauber,0 days 01:22:54.263000,,1,19.0,,,False,True
0 days 01:26:33.715000,BOT,77,0 days 00:01:49.744000,16.0,2.0,,,0 days 00:00:39.316000,0 days 00:00:44.519000,0 days 00:00:25.909000,0 days 01:25:23.303000,0 days 01:26:07.822000,0 days 01:26:33.731000,196.0,200.0,311.0,316.0,False,HARD,6.0,False,Kick Sauber,0 days 01:24:43.971000,,1,19.0,,,False,True
0 days 01:28:23.507000,BOT,77,0 days 00:01:49.792000,17.0,2.0,,,0 days 00:00:39.375000,0 days 00:00:44.503000,0 days 00:00:25.914000,0 days 01:27:13.106000,0 days 01:27:57.609000,0 days 01:28:23.523000,199.0,202.0,309.0,316.0,False,HARD,7.0,False,Kick Sauber,0 days 01:26:33.715000,,1,19.0,,,False,True
0 days 01:30:13.225000,BOT,77,0 days 00:01:49.718000,18.0,2.0,,,0 days 00:00:39.103000,0 days 00:00:44.730000,0 days 00:00:25.885000,0 days 01:29:02.626000,0 days 01:29:47.356000,0 days 01:30:13.241000,193.0,197.0,311.0,316.0,False,HARD,8.0,False,Kick Sauber,0 days 01:28:23.507000,,1,19.0,,,False,True
0 days 01:32:03.136000,BOT,77,0 days 00:01:49.911000,19.0,2.0,,,0 days 00:00:39.538000,0 days 00:00:44.452000,0 days 00:00:25.921000,0 days 01:30:52.779000,0 days 01:31:37.231000,0 days 01:32:03.152000,190.0,205.0,310.0,315.0,False,HARD,9.0,False,Kick Sauber,0 days 01:30:13.225000,,1,19.0,,,False,True
0 days 01:33:52.828000,BOT,77,0 days 00:01:49.692000,20.0,2.0,,,0 days 00:00:39.412000,0 days 00:00:44.461000,0 days 00:00:25.819000,0 days 01:32:42.564000,0 days 01:33:27.025000,0 days 01:33:52.844000,191.0,204.0,313.0,315.0,True,HARD,10.0,False,Kick Sauber,0 days 01:32:03.136000,,1,19.0,,,False,True
0 days 01:35:42.515000,BOT,77,0 days 00:01:49.687000,21.0,2.0,,,0 days 00:00:39.281000,0 days 00:00:44.597000,0 days 00:00:25.809000,0 days 01:34:32.125000,0 days 01:35:16.722000,0 days 01:35:42.531000,188.0,204.0,311.0,316.0,True,HARD,11.0,False,Kick Sauber,0 days 01:33:52.828000,,1,19.0,,,False,True
0 days 01:37:32.242000,BOT,77,0 days 00:01:49.727000,22.0,2.0,,,0 days 00:00:39.161000,0 days 00:00:44.693000,0 days 00:00:25.873000,0 days 01:36:21.692000,0 days 01:37:06.385000,0 days 01:37:32.258000,197.0,204.0,312.0,314.0,False,HARD,12.0,False,Kick Sauber,0 days 01:35:42.515000,,1,19.0,,,False,True
0 days 01:39:22.012000,BOT,77,0 days 00:01:49.770000,23.0,2.0,,,0 days 00:00:39.170000,0 days 00:00:44.747000,0 days 00:00:25.853000,0 days 01:38:11.428000,0 days 01:38:56.175000,0 days 01:39:22.028000,196.0,204.0,311.0,315.0,False,HARD,13.0,False,Kick Sauber,0 days 01:37:32.242000,,1,18.0,,,False,True
0 days 01:41:11.629000,BOT,77,0 days 00:01:49.617000,24.0,2.0,,,0 days 00:00:39.089000,0 days 00:00:44.609000,0 days 00:00:25.919000,0 days 01:40:01.117000,0 days 01:40:45.726000,0 days 01:41:11.645000,196.0,207.0,313.0,314.0,True,HARD,14.0,False,Kick Sauber,0 days 01:39:22.012000,,1,18.0,,,False,True
0 days 01:43:01.092000,BOT,77,0 days 00:01:49.463000,25.0,2.0,,,0 days 00:00:38.949000,0 days 00:00:44.671000,0 days 00:00:25.843000,0 days 01:41:50.594000,0 days 01:42:35.265000,0 days 01:43:01.108000,204.0,197.0,315.0,316.0,True,HARD,15.0,False,Kick Sauber,0 days 01:41:11.629000,,1,18.0,,,False,True
0 days 01:44:50.738000,BOT,77,0 days 00:01:49.646000,26.0,2.0,,,0 days 00:00:39.255000,0 days 00:00:44.494000,0 days 00:00:25.897000,0 days 01:43:40.363000,0 days 01:44:24.857000,0 days 01:44:50.754000,186.0,208.0,311.0,315.0,False,HARD,16.0,False,Kick Sauber,0 days 01:43:01.092000,,1,18.0,,,False,True
0 days 01:46:40.193000,BOT,77,0 days 00:01:49.455000,27.0,2.0,,,0 days 00:00:39.126000,0 days 00:00:44.459000,0 days 00:00:25.870000,0 days 01:45:29.880000,0 days 01:46:14.339000,0 days 01:46:40.209000,200.0,205.0,313.0,316.0,True,HARD,17.0,False,Kick Sauber,0 days 01:44:50.738000,,1,18.0,,,False,True
0 days 01:48:29.652000,BOT,77,0 days 00:01:49.459000,28.0,2.0,,,0 days 00:00:38.908000,0 days 00:00:44.687000,0 days 00:00:25.864000,0 days 01:47:19.117000,0 days 01:48:03.804000,0 days 01:48:29.668000,195.0,201.0,315.0,316.0,False,HARD,18.0,False,Kick Sauber,0 days 01:46:40.193000,,1,18.0,,,False,True
0 days 01:50:18.973000,BOT,77,0 days 00:01:49.321000,29.0,2.0,,,0 days 00:00:38.953000,0 days 00:00:44.599000,0 days 00:00:25.769000,0 days 01:49:08.621000,0 days 01:49:53.220000,0 days 01:50:18.989000,198.0,203.0,314.0,316.0,True,HARD,19.0,False,Kick Sauber,0 days 01:48:29.652000,,1,18.0,,,False,True
0 days 01:52:08.383000,BOT,77,0 days 00:01:49.410000,30.0,2.0,,,0 days 00:00:39.007000,0 days 00:00:44.597000,0 days 00:00:25.806000,0 days 01:50:57.996000,0 days 01:51:42.593000,0 days 01:52:08.399000,189.0,206.0,312.0,315.0,False,HARD,20.0,False,Kick Sauber,0 days 01:50:18.973000,,1,18.0,,,False,True
0 days 01:53:57.789000,BOT,77,0 days 00:01:49.406000,31.0,2.0,,,0 days 00:00:39.086000,0 days 00:00:44.542000,0 days 00:00:25.778000,0 days 01:52:47.485000,0 days 01:53:32.027000,0 days 01:53:57.805000,200.0,209.0,314.0,315.0,False,HARD,21.0,False,Kick Sauber,0 days 01:52:08.383000,,1,18.0,,,False,True
0 days 01:55:47.070000,BOT,77,0 days 00:01:49.281000,32.0,2.0,,,0 days 00:00:39.037000,0 days 00:00:44.512000,0 days 00:00:25.732000,0 days 01:54:36.842000,0 days 01:55:21.354000,0 days 01:55:47.086000,193.0,206.0,322.0,314.0,True,HARD,22.0,False,Kick Sauber,0 days 01:53:57.789000,,1,18.0,,,False,True
0 days 01:57:38.547000,BOT,77,0 days 00:01:51.477000,33.0,2.0,,,0 days 00:00:40.872000,0 days 00:00:44.831000,0 days 00:00:25.774000,0 days 01:56:27.958000,0 days 01:57:12.789000,0 days 01:57:38.563000,185.0,194.0,314.0,318.0,False,HARD,23.0,False,Kick Sauber,0 days 01:55:47.070000,,1,19.0,,,False,True
0 days 01:59:28.145000,BOT,77,0 days 00:01:49.598000,34.0,2.0,,,0 days 00:00:39.310000,0 days 00:00:44.503000,0 days 00:00:25.785000,0 days 01:58:17.873000,0 days 01:59:02.376000,0 days 01:59:28.161000,194.0,200.0,309.0,317.0,False,HARD,24.0,False,Kick Sauber,0 days 01:57:38.547000,,1,19.0,,,False,True
0 days 02:01:17.376000,BOT,77,0 days 00:01:49.231000,35.0,2.0,,,0 days 00:00:39.132000,0 days 00:00:44.352000,0 days 00:00:25.747000,0 days 02:00:07.293000,0 days 02:00:51.645000,0 days 02:01:17.392000,194.0,207.0,313.0,318.0,True,HARD,25.0,False,Kick Sauber,0 days 01:59:28.145000,,12,18.0,,,False,True
0 days 02:03:06.414000,BOT,77,0 days 00:01:49.038000,36.0,2.0,,,0 days 00:00:38.963000,0 days 00:00:44.313000,0 days 00:00:25.762000,0 days 02:01:56.355000,0 days 02:02:40.668000,0 days 02:03:06.430000,191.0,205.0,314.0,319.0,True,HARD,26.0,False,Kick Sauber,0 days 02:01:17.376000,,1,18.0,,,False,True
0 days 02:04:55.285000,BOT,77,0 days 00:01:48.871000,37.0,2.0,,,0 days 00:00:38.810000,0 days 00:00:44.249000,0 days 00:00:25.812000,0 days 02:03:45.240000,0 days 02:04:29.489000,0 days 02:04:55.301000,196.0,209.0,311.0,318.0,True,HARD,27.0,False,Kick Sauber,0 days 02:03:06.414000,,1,18.0,,,False,True
0 days 02:06:44.121000,BOT,77,0 days 00:01:48.836000,38.0,2.0,,,0 days 00:00:38.924000,0 days 00:00:44.174000,0 days 00:00:25.738000,0 days 02:05:34.225000,0 days 02:06:18.399000,0 days 02:06:44.137000,203.0,212.0,312.0,317.0,True,HARD,28.0,False,Kick Sauber,0 days 02:04:55.285000,,1,18.0,,,False,True
0 days 02:08:33.133000,BOT,77,0 days 00:01:49.012000,39.0,2.0,,,0 days 00:00:38.803000,0 days 00:00:44.169000,0 days 00:00:26.040000,0 days 02:07:22.940000,0 days 02:08:07.109000,0 days 02:08:33.149000,198.0,202.0,315.0,317.0,False,HARD,29.0,False,Kick Sauber,0 days 02:06:44.121000,,1,18.0,,,False,True
0 days 02:10:21.634000,BOT,77,0 days 00:01:48.501000,40.0,2.0,,,0 days 00:00:38.650000,0 days 00:00:44.061000,0 days 00:00:25.790000,0 days 02:09:11.799000,0 days 02:09:55.860000,0 days 02:10:21.650000,197.0,208.0,312.0,317.0,True,HARD,30.0,False,Kick Sauber,0 days 02:08:33.133000,,1,18.0,,,False,True
0 days 02:12:10.052000,BOT,77,0 days 00:01:48.418000,41.0,2.0,,,0 days 00:00:38.743000,0 days 00:00:44.057000,0 days 00:00:25.618000,0 days 02:11:00.393000,0 days 02:11:44.450000,0 days 02:12:10.068000,192.0,204.0,313.0,319.0,True,HARD,31.0,False,Kick Sauber,0 days 02:10:21.634000,,1,18.0,,,False,True
0 days 02:13:58.794000,BOT,77,0 days 00:01:48.742000,42.0,2.0,,,0 days 00:00:38.865000,0 days 00:00:44.140000,0 days 00:00:25.737000,0 days 02:12:48.933000,0 days 02:13:33.073000,0 days 02:13:58.810000,190.0,195.0,315.0,321.0,False,HARD,32.0,False,Kick Sauber,0 days 02:12:10.052000,,1,18.0,,,False,True
0 days 02:15:47.261000,BOT,77,0 days 00:01:48.467000,43.0,2.0,,,0 days 00:00:38.784000,0 days 00:00:44.033000,0 days 00:00:25.650000,0 days 02:14:37.594000,0 days 02:15:21.627000,0 days 02:15:47.277000,193.0,194.0,314.0,319.0,False,HARD,33.0,False,Kick Sauber,0 days 02:13:58.794000,,1,18.0,,,False,True
0 days 02:17:35.944000,BOT,77,0 days 00:01:48.683000,44.0,2.0,,,0 days 00:00:38.910000,0 days 00:00:44.163000,0 days 00:00:25.610000,0 days 02:16:26.187000,0 days 02:17:10.350000,0 days 02:17:35.960000,189.0,206.0,318.0,320.0,False,HARD,34.0,False,Kick Sauber,0 days 02:15:47.261000,,1,18.0,,,False,True
0 days 02:19:24.442000,BOT,77,0 days 00:01:48.498000,45.0,2.0,,,0 days 00:00:38.966000,0 days 00:00:44.120000,0 days 00:00:25.412000,0 days 02:18:14.926000,0 days 02:18:59.046000,0 days 02:19:24.458000,189.0,198.0,329.0,321.0,False,HARD,35.0,False,Kick Sauber,0 days 02:17:35.944000,,1,17.0,,,False,True
0 days 02:21:15.112000,BOT,77,0 days 00:01:50.670000,46.0,2.0,,,0 days 00:00:40.545000,0 days 00:00:44.464000,0 days 00:00:25.661000,0 days 02:20:05.003000,0 days 02:20:49.467000,0 days 02:21:15.128000,188.0,195.0,315.0,320.0,False,HARD,36.0,False,Kick Sauber,0 days 02:19:24.442000,,1,18.0,,,False,True
0 days 02:23:03.975000,BOT,77,0 days 00:01:48.863000,47.0,2.0,,,0 days 00:00:38.830000,0 days 00:00:44.332000,0 days 00:00:25.701000,0 days 02:21:53.958000,0 days 02:22:38.290000,0 days 02:23:03.991000,201.0,201.0,320.0,318.0,False,HARD,37.0,False,Kick Sauber,0 days 02:21:15.112000,,1,18.0,,,False,True
0 days 02:24:58.728000,BOT,77,0 days 00:01:54.753000,48.0,2.0,,,0 days 00:00:41.150000,0 days 00:00:44.462000,0 days 00:00:29.141000,0 days 02:23:45.141000,0 days 02:24:29.603000,0 days 02:24:58.744000,190.0,202.0,318.0,316.0,False,HARD,38.0,False,Kick Sauber,0 days 02:23:03.975000,,1,18.0,,,False,True
0 days 02:27:06.391000,BOT,77,0 days 00:02:07.663000,49.0,2.0,,,0 days 00:00:46.832000,0 days 00:00:45.247000,0 days 00:00:35.584000,0 days 02:25:45.576000,0 days 02:26:30.823000,0 days 02:27:06.407000,181.0,194.0,247.0,127.0,False,HARD,39.0,False,Kick Sauber,0 days 02:24:58.728000,,126,18.0,,,False,False
0 days 02:29:38.807000,BOT,77,,50.0,2.0,,,0 days 00:01:01.927000,0 days 00:00:53.881000,0 days 00:00:36.543000,0 days 02:28:08.436000,0 days 02:29:02.403000,0 days 02:29:38.823000,137.0,188.0,202.0,188.0,False,HARD,40.0,False,Kick Sauber,0 days 02:27:06.391000,,6,16.0,,,False,False
0 days 00:58:08.243000,PIA,81,0 days 00:01:52.903000,1.0,1.0,,,,0 days 00:00:44.739000,0 days 00:00:25.778000,,0 days 00:57:42.549000,0 days 00:58:08.455000,191.0,206.0,324.0,317.0,False,MEDIUM,1.0,True,McLaren,0 days 00:56:15.070000,,1,2.0,,,False,False
0 days 00:59:57.187000,PIA,81,0 days 00:01:48.944000,2.0,1.0,,,0 days 00:00:39.246000,0 days 00:00:44.233000,0 days 00:00:25.465000,0 days 00:58:47.544000,0 days 00:59:31.777000,0 days 00:59:57.242000,192.0,209.0,338.0,319.0,True,MEDIUM,2.0,True,McLaren,0 days 00:58:08.243000,,1,2.0,,,False,True
0 days 01:01:45.998000,PIA,81,0 days 00:01:48.811000,3.0,1.0,,,0 days 00:00:39.118000,0 days 00:00:44.065000,0 days 00:00:25.628000,0 days 01:00:36.360000,0 days 01:01:20.425000,0 days 01:01:46.053000,186.0,212.0,314.0,318.0,True,MEDIUM,3.0,True,McLaren,0 days 00:59:57.187000,,1,2.0,,,False,True
0 days 01:03:34.406000,PIA,81,0 days 00:01:48.408000,4.0,1.0,,,0 days 00:00:38.981000,0 days 00:00:43.866000,0 days 00:00:25.561000,0 days 01:02:25.034000,0 days 01:03:08.900000,0 days 01:03:34.461000,190.0,208.0,323.0,320.0,True,MEDIUM,4.0,True,McLaren,0 days 01:01:45.998000,,1,2.0,,,False,True
0 days 01:05:22.476000,PIA,81,0 days 00:01:48.070000,5.0,1.0,,,0 days 00:00:38.647000,0 days 00:00:43.998000,0 days 00:00:25.425000,0 days 01:04:13.108000,0 days 01:04:57.106000,0 days 01:05:22.531000,194.0,202.0,328.0,321.0,True,MEDIUM,5.0,True,McLaren,0 days 01:03:34.406000,,1,2.0,,,False,True
0 days 01:07:11.324000,PIA,81,0 days 00:01:48.848000,6.0,1.0,,,0 days 00:00:38.838000,0 days 00:00:44.334000,0 days 00:00:25.676000,0 days 01:06:01.369000,0 days 01:06:45.703000,0 days 01:07:11.379000,193.0,201.0,318.0,317.0,False,MEDIUM,6.0,True,McLaren,0 days 01:05:22.476000,,1,2.0,,,False,True
0 days 01:09:00.079000,PIA,81,0 days 00:01:48.755000,7.0,1.0,,,0 days 00:00:38.975000,0 days 00:00:44.165000,0 days 00:00:25.615000,0 days 01:07:50.354000,0 days 01:08:34.519000,0 days 01:09:00.134000,195.0,207.0,319.0,317.0,False,MEDIUM,7.0,True,McLaren,0 days 01:07:11.324000,,1,2.0,,,False,True
0 days 01:10:48.376000,PIA,81,0 days 00:01:48.297000,8.0,1.0,,,0 days 00:00:38.804000,0 days 00:00:43.883000,0 days 00:00:25.610000,0 days 01:09:38.938000,0 days 01:10:22.821000,0 days 01:10:48.431000,196.0,208.0,320.0,316.0,False,MEDIUM,8.0,True,McLaren,0 days 01:09:00.079000,,1,2.0,,,False,True
0 days 01:12:36.601000,PIA,81,0 days 00:01:48.225000,9.0,1.0,,,0 days 00:00:38.610000,0 days 00:00:43.959000,0 days 00:00:25.656000,0 days 01:11:27.041000,0 days 01:12:11,0 days 01:12:36.656000,196.0,201.0,318.0,317.0,False,MEDIUM,9.0,True,McLaren,0 days 01:10:48.376000,,1,2.0,,,False,True
0 days 01:14:25.202000,PIA,81,0 days 00:01:48.601000,10.0,1.0,,,0 days 00:00:38.888000,0 days 00:00:44.005000,0 days 00:00:25.708000,0 days 01:13:15.544000,0 days 01:13:59.549000,0 days 01:14:25.257000,192.0,201.0,319.0,317.0,False,MEDIUM,10.0,True,McLaren,0 days 01:12:36.601000,,1,2.0,,,False,True
0 days 01:16:13.506000,PIA,81,0 days 00:01:48.304000,11.0,1.0,,,0 days 00:00:38.720000,0 days 00:00:43.874000,0 days 00:00:25.710000,0 days 01:15:03.977000,0 days 01:15:47.851000,0 days 01:16:13.561000,192.0,203.0,317.0,317.0,False,MEDIUM,11.0,True,McLaren,0 days 01:14:25.202000,,1,2.0,,,False,True
0 days 01:18:02.454000,PIA,81,0 days 00:01:48.948000,12.0,1.0,,,0 days 00:00:39.016000,0 days 00:00:44.166000,0 days 00:00:25.766000,0 days 01:16:52.577000,0 days 01:17:36.743000,0 days 01:18:02.509000,197.0,203.0,317.0,317.0,False,MEDIUM,12.0,True,McLaren,0 days 01:16:13.506000,,1,2.0,,,False,True
0 days 01:19:51.648000,PIA,81,0 days 00:01:49.194000,13.0,1.0,,,0 days 00:00:38.996000,0 days 00:00:44.267000,0 days 00:00:25.931000,0 days 01:18:41.505000,0 days 01:19:25.772000,0 days 01:19:51.703000,196.0,201.0,320.0,317.0,False,MEDIUM,13.0,True,McLaren,0 days 01:18:02.454000,,1,2.0,,,False,True
0 days 01:21:41.225000,PIA,81,0 days 00:01:49.577000,14.0,1.0,,,0 days 00:00:39.159000,0 days 00:00:44.521000,0 days 00:00:25.897000,0 days 01:20:30.862000,0 days 01:21:15.383000,0 days 01:21:41.280000,198.0,203.0,318.0,316.0,False,MEDIUM,14.0,True,McLaren,0 days 01:19:51.648000,,1,2.0,,,False,True
0 days 01:23:34.736000,PIA,81,0 days 00:01:53.511000,15.0,1.0,,0 days 01:23:33.489000,0 days 00:00:39.315000,0 days 00:00:44.480000,0 days 00:00:29.716000,0 days 01:22:20.595000,0 days 01:23:05.075000,0 days 01:23:34.791000,191.0,201.0,,315.0,False,MEDIUM,15.0,True,McLaren,0 days 01:21:41.225000,,1,3.0,,,False,False
0 days 01:25:37.989000,PIA,81,0 days 00:02:03.253000,16.0,2.0,0 days 01:23:53.665000,,0 days 00:00:54.377000,0 days 00:00:43.420000,0 days 00:00:25.456000,0 days 01:24:29.168000,0 days 01:25:12.588000,0 days 01:25:38.044000,193.0,202.0,320.0,318.0,False,HARD,1.0,True,McLaren,0 days 01:23:34.736000,,1,4.0,,,False,False
0 days 01:27:26.545000,PIA,81,0 days 00:01:48.556000,17.0,2.0,,,0 days 00:00:38.738000,0 days 00:00:44.771000,0 days 00:00:25.047000,0 days 01:26:16.782000,0 days 01:27:01.553000,0 days 01:27:26.600000,178.0,196.0,336.0,328.0,False,HARD,2.0,True,McLaren,0 days 01:25:37.989000,,1,3.0,,,False,True
0 days 01:29:14.362000,PIA,81,0 days 00:01:47.817000,18.0,2.0,,,0 days 00:00:38.574000,0 days 00:00:43.706000,0 days 00:00:25.537000,0 days 01:28:05.174000,0 days 01:28:48.880000,0 days 01:29:14.417000,193.0,205.0,326.0,319.0,True,HARD,3.0,True,McLaren,0 days 01:27:26.545000,,1,2.0,,,False,True
0 days 01:31:01.827000,PIA,81,0 days 00:01:47.465000,19.0,2.0,,,0 days 00:00:38.655000,0 days 00:00:43.680000,0 days 00:00:25.130000,0 days 01:29:53.072000,0 days 01:30:36.752000,0 days 01:31:01.882000,189.0,210.0,341.0,319.0,True,HARD,4.0,True,McLaren,0 days 01:29:14.362000,,1,2.0,,,False,True
0 days 01:32:50.693000,PIA,81,0 days 00:01:48.866000,20.0,2.0,,,0 days 00:00:39.427000,0 days 00:00:43.804000,0 days 00:00:25.635000,0 days 01:31:41.309000,0 days 01:32:25.113000,0 days 01:32:50.748000,193.0,208.0,315.0,315.0,False,HARD,5.0,True,McLaren,0 days 01:31:01.827000,,1,1.0,,,False,True
0 days 01:34:38.547000,PIA,81,0 days 00:01:47.854000,21.0,2.0,,,0 days 00:00:38.580000,0 days 00:00:43.632000,0 days 00:00:25.642000,0 days 01:33:29.328000,0 days 01:34:12.960000,0 days 01:34:38.602000,195.0,206.0,321.0,316.0,False,HARD,6.0,True,McLaren,0 days 01:32:50.693000,,1,1.0,,,False,True
0 days 01:36:26.298000,PIA,81,0 days 00:01:47.751000,22.0,2.0,,,0 days 00:00:38.599000,0 days 00:00:43.562000,0 days 00:00:25.590000,0 days 01:35:17.201000,0 days 01:36:00.763000,0 days 01:36:26.353000,194.0,210.0,311.0,315.0,False,HARD,7.0,True,McLaren,0 days 01:34:38.547000,,1,1.0,,,False,True
0 days 01:38:13.779000,PIA,81,0 days 00:01:47.481000,23.0,2.0,,,0 days 00:00:38.557000,0 days 00:00:43.501000,0 days 00:00:25.423000,0 days 01:37:04.910000,0 days 01:37:48.411000,0 days 01:38:13.834000,196.0,211.0,321.0,316.0,False,HARD,8.0,True,McLaren,0 days 01:36:26.298000,,1,1.0,,,False,True
0 days 01:40:00.845000,PIA,81,0 days 00:01:47.066000,24.0,2.0,,,0 days 00:00:38.244000,0 days 00:00:43.283000,0 days 00:00:25.539000,0 days 01:38:52.078000,0 days 01:39:35.361000,0 days 01:40:00.900000,189.0,212.0,315.0,318.0,True,HARD,9.0,True,McLaren,0 days 01:38:13.779000,,1,1.0,,,False,True
0 days 01:41:48.253000,PIA,81,0 days 00:01:47.408000,25.0,2.0,,,0 days 00:00:38.462000,0 days 00:00:43.580000,0 days 00:00:25.366000,0 days 01:40:39.362000,0 days 01:41:22.942000,0 days 01:41:48.308000,194.0,215.0,319.0,318.0,False,HARD,10.0,True,McLaren,0 days 01:40:00.845000,,1,1.0,,,False,True
0 days 01:43:35.781000,PIA,81,0 days 00:01:47.528000,26.0,2.0,,,0 days 00:00:38.472000,0 days 00:00:43.541000,0 days 00:00:25.515000,0 days 01:42:26.780000,0 days 01:43:10.321000,0 days 01:43:35.836000,196.0,214.0,323.0,316.0,False,HARD,11.0,True,McLaren,0 days 01:41:48.253000,,1,1.0,,,False,True
0 days 01:45:23.149000,PIA,81,0 days 00:01:47.368000,27.0,2.0,,,0 days 00:00:38.386000,0 days 00:00:43.536000,0 days 00:00:25.446000,0 days 01:44:14.222000,0 days 01:44:57.758000,0 days 01:45:23.204000,195.0,211.0,323.0,317.0,False,HARD,12.0,True,McLaren,0 days 01:43:35.781000,,1,1.0,,,False,True
0 days 01:47:10.707000,PIA,81,0 days 00:01:47.558000,28.0,2.0,,,0 days 00:00:38.296000,0 days 00:00:43.691000,0 days 00:00:25.571000,0 days 01:46:01.500000,0 days 01:46:45.191000,0 days 01:47:10.762000,191.0,210.0,321.0,317.0,False,HARD,13.0,True,McLaren,0 days 01:45:23.149000,,1,1.0,,,False,True
0 days 01:48:58.308000,PIA,81,0 days 00:01:47.601000,29.0,2.0,,,0 days 00:00:38.410000,0 days 00:00:43.666000,0 days 00:00:25.525000,0 days 01:47:49.172000,0 days 01:48:32.838000,0 days 01:48:58.363000,194.0,208.0,321.0,318.0,False,HARD,14.0,True,McLaren,0 days 01:47:10.707000,,1,1.0,,,False,True
0 days 01:50:45.969000,PIA,81,0 days 00:01:47.661000,30.0,2.0,,,0 days 00:00:38.386000,0 days 00:00:43.822000,0 days 00:00:25.453000,0 days 01:49:36.749000,0 days 01:50:20.571000,0 days 01:50:46.024000,191.0,206.0,323.0,318.0,False,HARD,15.0,True,McLaren,0 days 01:48:58.308000,,1,1.0,,,False,True
0 days 01:52:33.892000,PIA,81,0 days 00:01:47.923000,31.0,2.0,,,0 days 00:00:38.600000,0 days 00:00:43.786000,0 days 00:00:25.537000,0 days 01:51:24.624000,0 days 01:52:08.410000,0 days 01:52:33.947000,193.0,213.0,313.0,317.0,False,HARD,16.0,True,McLaren,0 days 01:50:45.969000,,1,1.0,,,False,True
0 days 01:54:22.027000,PIA,81,0 days 00:01:48.135000,32.0,2.0,,,0 days 00:00:38.612000,0 days 00:00:43.928000,0 days 00:00:25.595000,0 days 01:53:12.559000,0 days 01:53:56.487000,0 days 01:54:22.082000,195.0,208.0,323.0,315.0,False,HARD,17.0,True,McLaren,0 days 01:52:33.892000,,1,1.0,,,False,True
0 days 01:56:10.463000,PIA,81,0 days 00:01:48.436000,33.0,2.0,,,0 days 00:00:39.103000,0 days 00:00:43.722000,0 days 00:00:25.611000,0 days 01:55:01.185000,0 days 01:55:44.907000,0 days 01:56:10.518000,193.0,211.0,313.0,317.0,False,HARD,18.0,True,McLaren,0 days 01:54:22.027000,,1,1.0,,,False,True
0 days 01:57:58.390000,PIA,81,0 days 00:01:47.927000,34.0,2.0,,,0 days 00:00:38.633000,0 days 00:00:43.768000,0 days 00:00:25.526000,0 days 01:56:49.151000,0 days 01:57:32.919000,0 days 01:57:58.445000,192.0,209.0,321.0,318.0,False,HARD,19.0,True,McLaren,0 days 01:56:10.463000,,1,1.0,,,False,True
0 days 01:59:46.211000,PIA,81,0 days 00:01:47.821000,35.0,2.0,,,0 days 00:00:38.500000,0 days 00:00:43.813000,0 days 00:00:25.508000,0 days 01:58:36.945000,0 days 01:59:20.758000,0 days 01:59:46.266000,194.0,204.0,322.0,317.0,False,HARD,20.0,True,McLaren,0 days 01:57:58.390000,,1,1.0,,,False,True
0 days 02:01:34.084000,PIA,81,0 days 00:01:47.873000,36.0,2.0,,,0 days 00:00:38.542000,0 days 00:00:43.696000,0 days 00:00:25.635000,0 days 02:00:24.808000,0 days 02:01:08.504000,0 days 02:01:34.139000,191.0,211.0,323.0,319.0,False,HARD,21.0,True,McLaren,0 days 01:59:46.211000,,12,1.0,,,False,True
0 days 02:03:21.941000,PIA,81,0 days 00:01:47.857000,37.0,2.0,,,0 days 00:00:38.584000,0 days 00:00:43.750000,0 days 00:00:25.523000,0 days 02:02:12.723000,0 days 02:02:56.473000,0 days 02:03:21.996000,193.0,207.0,323.0,319.0,False,HARD,22.0,True,McLaren,0 days 02:01:34.084000,,1,1.0,,,False,True
0 days 02:05:09.623000,PIA,81,0 days 00:01:47.682000,38.0,2.0,,,0 days 00:00:38.499000,0 days 00:00:43.726000,0 days 00:00:25.457000,0 days 02:04:00.495000,0 days 02:04:44.221000,0 days 02:05:09.678000,196.0,207.0,322.0,320.0,False,HARD,23.0,True,McLaren,0 days 02:03:21.941000,,1,1.0,,,False,True
0 days 02:06:57.399000,PIA,81,0 days 00:01:47.776000,39.0,2.0,,,0 days 00:00:38.564000,0 days 00:00:43.762000,0 days 00:00:25.450000,0 days 02:05:48.242000,0 days 02:06:32.004000,0 days 02:06:57.454000,190.0,205.0,322.0,319.0,False,HARD,24.0,True,McLaren,0 days 02:05:09.623000,,1,1.0,,,False,True
0 days 02:08:45.120000,PIA,81,0 days 00:01:47.721000,40.0,2.0,,,0 days 00:00:38.524000,0 days 00:00:43.503000,0 days 00:00:25.694000,0 days 02:07:35.978000,0 days 02:08:19.481000,0 days 02:08:45.175000,194.0,206.0,324.0,318.0,False,HARD,25.0,True,McLaren,0 days 02:06:57.399000,,1,1.0,,,False,True
0 days 02:10:32.995000,PIA,81,0 days 00:01:47.875000,41.0,2.0,,,0 days 00:00:38.723000,0 days 00:00:43.655000,0 days 00:00:25.497000,0 days 02:09:23.898000,0 days 02:10:07.553000,0 days 02:10:33.050000,192.0,205.0,322.0,319.0,False,HARD,26.0,True,McLaren,0 days 02:08:45.120000,,1,1.0,,,False,True
0 days 02:12:20.683000,PIA,81,0 days 00:01:47.688000,42.0,2.0,,,0 days 00:00:38.782000,0 days 00:00:43.466000,0 days 00:00:25.440000,0 days 02:11:11.832000,0 days 02:11:55.298000,0 days 02:12:20.738000,192.0,209.0,323.0,320.0,False,HARD,27.0,True,McLaren,0 days 02:10:32.995000,,1,1.0,,,False,True
0 days 02:14:08.299000,PIA,81,0 days 00:01:47.616000,43.0,2.0,,,0 days 00:00:38.489000,0 days 00:00:43.459000,0 days 00:00:25.668000,0 days 02:12:59.227000,0 days 02:13:42.686000,0 days 02:14:08.354000,191.0,204.0,324.0,320.0,False,HARD,28.0,True,McLaren,0 days 02:12:20.683000,,1,1.0,,,False,True
0 days 02:15:55.664000,PIA,81,0 days 00:01:47.365000,44.0,2.0,,,0 days 00:00:38.436000,0 days 00:00:43.478000,0 days 00:00:25.451000,0 days 02:14:46.790000,0 days 02:15:30.268000,0 days 02:15:55.719000,195.0,205.0,323.0,320.0,False,HARD,29.0,True,McLaren,0 days 02:14:08.299000,,1,1.0,,,False,True
0 days 02:17:43.391000,PIA,81,0 days 00:01:47.727000,45.0,2.0,,,0 days 00:00:38.529000,0 days 00:00:43.729000,0 days 00:00:25.469000,0 days 02:16:34.248000,0 days 02:17:17.977000,0 days 02:17:43.446000,197.0,203.0,324.0,320.0,False,HARD,30.0,True,McLaren,0 days 02:15:55.664000,,1,1.0,,,False,True
0 days 02:19:30.660000,PIA,81,0 days 00:01:47.269000,46.0,2.0,,,0 days 00:00:38.346000,0 days 00:00:43.544000,0 days 00:00:25.379000,0 days 02:18:21.792000,0 days 02:19:05.336000,0 days 02:19:30.715000,194.0,213.0,324.0,320.0,False,HARD,31.0,True,McLaren,0 days 02:17:43.391000,,1,1.0,,,False,True
0 days 02:21:17.720000,PIA,81,0 days 00:01:47.060000,47.0,2.0,,,0 days 00:00:38.234000,0 days 00:00:43.372000,0 days 00:00:25.454000,0 days 02:20:08.949000,0 days 02:20:52.321000,0 days 02:21:17.775000,195.0,213.0,316.0,323.0,True,HARD,32.0,True,McLaren,0 days 02:19:30.660000,,1,1.0,,,False,True
0 days 02:23:05.208000,PIA,81,0 days 00:01:47.488000,48.0,2.0,,,0 days 00:00:38.379000,0 days 00:00:43.709000,0 days 00:00:25.400000,0 days 02:21:56.154000,0 days 02:22:39.863000,0 days 02:23:05.263000,192.0,212.0,324.0,324.0,False,HARD,33.0,True,McLaren,0 days 02:21:17.720000,,1,1.0,,,False,True
0 days 02:24:52.755000,PIA,81,0 days 00:01:47.547000,49.0,2.0,,,0 days 00:00:38.498000,0 days 00:00:43.621000,0 days 00:00:25.428000,0 days 02:23:43.761000,0 days 02:24:27.382000,0 days 02:24:52.810000,193.0,203.0,320.0,320.0,False,HARD,34.0,True,McLaren,0 days 02:23:05.208000,,1,1.0,,,False,True
0 days 02:26:40.013000,PIA,81,0 days 00:01:47.258000,50.0,2.0,,,0 days 00:00:38.358000,0 days 00:00:43.501000,0 days 00:00:25.399000,0 days 02:25:31.168000,0 days 02:26:14.669000,0 days 02:26:40.068000,193.0,206.0,324.0,322.0,False,HARD,35.0,True,McLaren,0 days 02:24:52.755000,,12,1.0,,,False,True
0 days 02:29:13.388000,PIA,81,,51.0,2.0,,,0 days 00:01:02.649000,0 days 00:00:50.911000,0 days 00:00:39.774000,0 days 02:27:42.758000,0 days 02:28:33.727000,0 days 02:29:13.463000,171.0,137.0,185.0,180.0,False,HARD,36.0,True,McLaren,0 days 02:26:40.013000,,26,1.0,,,False,False
