Time,Driver,DriverNumber,LapTime,LapNumber,Stint,PitOutTime,PitInTime,Sector1Time,Sector2Time,Sector3Time,Sector1SessionTime,Sector2SessionTime,Sector3SessionTime,SpeedI1,SpeedI2,SpeedFL,SpeedST,IsPersonalBest,Compound,TyreLife,FreshTyre,Team,LapStartTime,LapStartDate,TrackStatus,Position,Deleted,DeletedReason,FastF1Generated,IsAccurate
0 days 01:03:58.725000,NOR,1,0 days 00:01:26.181000,1.0,1.0,,,,0 days 00:00:26.091000,0 days 00:00:32.008000,,0 days 01:03:26.884000,0 days 01:03:59.009000,240.0,274.0,278.0,298.0,False,INTERMEDIATE,1.0,True,McLaren,0 days 01:02:32.281000,,1,1.0,,,False,False
0 days 01:05:36.499000,NOR,1,0 days 00:01:37.774000,2.0,1.0,,0 days 01:05:14.626000,0 days 00:00:23.565000,0 days 00:00:26.304000,0 days 00:00:47.905000,0 days 01:04:22.322000,0 days 01:04:48.626000,0 days 01:05:36.531000,226.0,267.0,,296.0,False,INTERMEDIATE,2.0,True,McLaren,0 days 01:03:58.725000,,1,13.0,,,False,False
0 days 01:07:00.574000,NOR,1,0 days 00:01:24.075000,3.0,2.0,0 days 01:05:38.119000,,0 days 00:00:26.055000,0 days 00:00:25.903000,0 days 00:00:32.117000,0 days 01:06:02.586000,0 days 01:06:28.489000,0 days 01:07:00.606000,237.0,283.0,271.0,305.0,False,MEDIUM,1.0,True,McLaren,0 days 01:05:36.499000,,1,14.0,,,False,False
0 days 01:08:21.744000,NOR,1,0 days 00:01:21.170000,4.0,2.0,,,0 days 00:00:24.684000,0 days 00:00:25.667000,0 days 00:00:30.819000,0 days 01:07:25.290000,0 days 01:07:50.957000,0 days 01:08:21.776000,227.0,280.0,283.0,313.0,True,MEDIUM,2.0,True,McLaren,0 days 01:07:00.574000,,1,14.0,,,False,True
0 days 01:09:40.347000,NOR,1,0 days 00:01:18.603000,5.0,2.0,,,0 days 00:00:22.558000,0 days 00:00:25.085000,0 days 00:00:30.960000,0 days 01:08:44.334000,0 days 01:09:09.419000,0 days 01:09:40.379000,234.0,279.0,283.0,313.0,True,MEDIUM,3.0,True,McLaren,0 days 01:08:21.744000,,1,14.0,,,False,True
0 days 01:10:59.690000,NOR,1,0 days 00:01:19.343000,6.0,2.0,,,0 days 00:00:22.674000,0 days 00:00:25.181000,0 days 00:00:31.488000,0 days 01:10:03.053000,0 days 01:10:28.234000,0 days 01:10:59.722000,233.0,286.0,286.0,320.0,False,MEDIUM,4.0,True,McLaren,0 days 01:09:40.347000,,1,14.0,,,False,True
0 days 01:12:17.769000,NOR,1,0 days 00:01:18.079000,7.0,2.0,,,0 days 00:00:22.500000,0 days 00:00:24.805000,0 days 00:00:30.774000,0 days 01:11:22.222000,0 days 01:11:47.027000,0 days 01:12:17.801000,236.0,287.0,293.0,326.0,True,MEDIUM,5.0,True,McLaren,0 days 01:10:59.690000,,1,13.0,,,False,True
0 days 01:13:35.796000,NOR,1,0 days 00:01:18.027000,8.0,2.0,,,0 days 00:00:22.487000,0 days 00:00:24.992000,0 days 00:00:30.548000,0 days 01:12:40.288000,0 days 01:13:05.280000,0 days 01:13:35.828000,237.0,279.0,272.0,312.0,True,MEDIUM,6.0,True,McLaren,0 days 01:12:17.769000,,1,11.0,,,False,True
0 days 01:14:52.902000,NOR,1,0 days 00:01:17.106000,9.0,2.0,,,0 days 00:00:22.114000,0 days 00:00:24.496000,0 days 00:00:30.496000,0 days 01:13:57.942000,0 days 01:14:22.438000,0 days 01:14:52.934000,235.0,278.0,276.0,309.0,True,MEDIUM,7.0,True,McLaren,0 days 01:13:35.796000,,1,11.0,,,False,True
0 days 01:16:10.128000,NOR,1,0 days 00:01:17.226000,10.0,2.0,,,0 days 00:00:22.097000,0 days 00:00:24.661000,0 days 00:00:30.468000,0 days 01:15:15.031000,0 days 01:15:39.692000,0 days 01:16:10.160000,235.0,281.0,275.0,326.0,False,MEDIUM,8.0,True,McLaren,0 days 01:14:52.902000,,1,11.0,,,False,True
0 days 01:17:28.061000,NOR,1,0 days 00:01:17.933000,11.0,2.0,,,0 days 00:00:22.395000,0 days 00:00:24.550000,0 days 00:00:30.988000,0 days 01:16:32.555000,0 days 01:16:57.105000,0 days 01:17:28.093000,236.0,282.0,299.0,320.0,False,MEDIUM,9.0,True,McLaren,0 days 01:16:10.128000,,1,9.0,,,False,True
0 days 01:18:44.929000,NOR,1,0 days 00:01:16.868000,12.0,2.0,,,0 days 00:00:21.860000,0 days 00:00:24.441000,0 days 00:00:30.567000,0 days 01:17:49.953000,0 days 01:18:14.394000,0 days 01:18:44.961000,237.0,276.0,270.0,304.0,True,MEDIUM,10.0,True,McLaren,0 days 01:17:28.061000,,12,9.0,,,False,True
0 days 01:20:02.609000,NOR,1,0 days 00:01:17.680000,13.0,2.0,,,0 days 00:00:21.985000,0 days 00:00:24.424000,0 days 00:00:31.271000,0 days 01:19:06.946000,0 days 01:19:31.370000,0 days 01:20:02.641000,237.0,256.0,272.0,301.0,False,MEDIUM,11.0,True,McLaren,0 days 01:18:44.929000,,2,9.0,,,False,True
0 days 01:21:19.410000,NOR,1,0 days 00:01:16.801000,14.0,2.0,,,0 days 00:00:21.920000,0 days 00:00:24.338000,0 days 00:00:30.543000,0 days 01:20:24.561000,0 days 01:20:48.899000,0 days 01:21:19.442000,236.0,277.0,274.0,303.0,True,MEDIUM,12.0,True,McLaren,0 days 01:20:02.609000,,21,9.0,,,False,True
0 days 01:22:58.246000,NOR,1,0 days 00:01:38.836000,15.0,2.0,,0 days 01:22:31.004000,0 days 00:00:21.758000,0 days 00:00:24.505000,0 days 00:00:52.573000,0 days 01:21:41.200000,0 days 01:22:05.705000,0 days 01:22:58.278000,235.0,277.0,,322.0,False,MEDIUM,13.0,True,McLaren,0 days 01:21:19.410000,,1,14.0,,,False,False
0 days 01:24:21.360000,NOR,1,0 days 00:01:23.114000,16.0,3.0,0 days 01:22:59.857000,,0 days 00:00:25.089000,0 days 00:00:25.254000,0 days 00:00:32.771000,0 days 01:23:23.367000,0 days 01:23:48.621000,0 days 01:24:21.392000,232.0,275.0,275.0,305.0,False,MEDIUM,4.0,False,McLaren,0 days 01:22:58.246000,,1,14.0,,,False,False
0 days 01:25:38.566000,NOR,1,0 days 00:01:17.206000,17.0,3.0,,,0 days 00:00:22.256000,0 days 00:00:24.461000,0 days 00:00:30.489000,0 days 01:24:43.648000,0 days 01:25:08.109000,0 days 01:25:38.598000,235.0,283.0,300.0,313.0,False,MEDIUM,5.0,False,McLaren,0 days 01:24:21.360000,,1,14.0,,,False,True
0 days 01:26:56.684000,NOR,1,0 days 00:01:18.118000,18.0,3.0,,,0 days 00:00:22.244000,0 days 00:00:24.577000,0 days 00:00:31.297000,0 days 01:26:00.842000,0 days 01:26:25.419000,0 days 01:26:56.716000,236.0,253.0,283.0,311.0,False,MEDIUM,6.0,False,McLaren,0 days 01:25:38.566000,,12,13.0,,,False,True
0 days 01:28:13.561000,NOR,1,0 days 00:01:16.877000,19.0,3.0,,,0 days 00:00:22.038000,0 days 00:00:24.307000,0 days 00:00:30.532000,0 days 01:27:18.754000,0 days 01:27:43.061000,0 days 01:28:13.593000,236.0,281.0,278.0,310.0,False,MEDIUM,7.0,False,McLaren,0 days 01:26:56.684000,,1,13.0,,,False,True
0 days 01:29:30.159000,NOR,1,0 days 00:01:16.598000,20.0,3.0,,,0 days 00:00:21.817000,0 days 00:00:24.170000,0 days 00:00:30.611000,0 days 01:28:35.410000,0 days 01:28:59.580000,0 days 01:29:30.191000,236.0,280.0,274.0,311.0,True,MEDIUM,8.0,False,McLaren,0 days 01:28:13.561000,,1,12.0,,,False,True
0 days 01:30:47.133000,NOR,1,0 days 00:01:16.974000,21.0,3.0,,,0 days 00:00:21.805000,0 days 00:00:24.375000,0 days 00:00:30.794000,0 days 01:29:51.996000,0 days 01:30:16.371000,0 days 01:30:47.165000,236.0,275.0,273.0,298.0,False,MEDIUM,9.0,False,McLaren,0 days 01:29:30.159000,,1,12.0,,,False,True
0 days 01:32:04.162000,NOR,1,0 days 00:01:17.029000,22.0,3.0,,,0 days 00:00:21.788000,0 days 00:00:24.218000,0 days 00:00:31.023000,0 days 01:31:08.953000,0 days 01:31:33.171000,0 days 01:32:04.194000,235.0,275.0,218.0,298.0,False,MEDIUM,10.0,False,McLaren,0 days 01:30:47.133000,,1,12.0,,,False,True
0 days 01:33:23.213000,NOR,1,0 days 00:01:19.051000,23.0,3.0,,,0 days 00:00:24.004000,0 days 00:00:24.233000,0 days 00:00:30.814000,0 days 01:32:28.198000,0 days 01:32:52.431000,0 days 01:33:23.245000,236.0,280.0,277.0,308.0,False,MEDIUM,11.0,False,McLaren,0 days 01:32:04.162000,,1,12.0,,,False,True
0 days 01:34:40.425000,NOR,1,0 days 00:01:17.212000,24.0,3.0,,,0 days 00:00:22.054000,0 days 00:00:24.550000,0 days 00:00:30.608000,0 days 01:33:45.299000,0 days 01:34:09.849000,0 days 01:34:40.457000,237.0,283.0,276.0,311.0,False,MEDIUM,12.0,False,McLaren,0 days 01:33:23.213000,,1,12.0,,,False,True
0 days 01:35:57.117000,NOR,1,0 days 00:01:16.692000,25.0,3.0,,,0 days 00:00:22.022000,0 days 00:00:24.401000,0 days 00:00:30.269000,0 days 01:35:02.479000,0 days 01:35:26.880000,0 days 01:35:57.149000,237.0,283.0,279.0,312.0,False,MEDIUM,13.0,False,McLaren,0 days 01:34:40.425000,,1,12.0,,,False,True
0 days 01:37:13.571000,NOR,1,0 days 00:01:16.454000,26.0,3.0,,,0 days 00:00:21.972000,0 days 00:00:24.152000,0 days 00:00:30.330000,0 days 01:36:19.121000,0 days 01:36:43.273000,0 days 01:37:13.603000,237.0,281.0,278.0,309.0,True,MEDIUM,14.0,False,McLaren,0 days 01:35:57.117000,,1,12.0,,,False,True
0 days 01:38:29.758000,NOR,1,0 days 00:01:16.187000,27.0,3.0,,,0 days 00:00:21.786000,0 days 00:00:24.130000,0 days 00:00:30.271000,0 days 01:37:35.389000,0 days 01:37:59.519000,0 days 01:38:29.790000,238.0,286.0,278.0,310.0,True,MEDIUM,15.0,False,McLaren,0 days 01:37:13.571000,,1,12.0,,,False,True
0 days 01:39:45.927000,NOR,1,0 days 00:01:16.169000,28.0,3.0,,,0 days 00:00:21.842000,0 days 00:00:24.105000,0 days 00:00:30.222000,0 days 01:38:51.632000,0 days 01:39:15.737000,0 days 01:39:45.959000,237.0,284.0,283.0,311.0,True,MEDIUM,16.0,False,McLaren,0 days 01:38:29.758000,,1,12.0,,,False,True
0 days 01:41:02.165000,NOR,1,0 days 00:01:16.238000,29.0,3.0,,,0 days 00:00:21.718000,0 days 00:00:24.242000,0 days 00:00:30.278000,0 days 01:40:07.677000,0 days 01:40:31.919000,0 days 01:41:02.197000,239.0,280.0,280.0,309.0,False,MEDIUM,17.0,False,McLaren,0 days 01:39:45.927000,,12,12.0,,,False,True
0 days 01:42:45.123000,NOR,1,0 days 00:01:42.958000,30.0,3.0,,,0 days 00:00:27.371000,0 days 00:00:37.049000,0 days 00:00:38.538000,0 days 01:41:29.568000,0 days 01:42:06.617000,0 days 01:42:45.155000,226.0,176.0,277.0,262.0,False,MEDIUM,18.0,False,McLaren,0 days 01:41:02.165000,,26,9.0,,,False,False
0 days 01:44:28.802000,NOR,1,0 days 00:01:43.679000,31.0,3.0,,,0 days 00:00:28.338000,0 days 00:00:37.245000,0 days 00:00:38.096000,0 days 01:43:13.493000,0 days 01:43:50.738000,0 days 01:44:28.834000,192.0,219.0,205.0,248.0,False,MEDIUM,19.0,False,McLaren,0 days 01:42:45.123000,,67,9.0,,,False,False
0 days 01:45:47.620000,NOR,1,0 days 00:01:18.818000,32.0,3.0,,,0 days 00:00:23.236000,0 days 00:00:25.051000,0 days 00:00:30.531000,0 days 01:44:52.070000,0 days 01:45:17.121000,0 days 01:45:47.652000,250.0,271.0,280.0,308.0,False,MEDIUM,20.0,False,McLaren,0 days 01:44:28.802000,,71,9.0,,,False,False
0 days 01:47:04.134000,NOR,1,0 days 00:01:16.514000,33.0,3.0,,,0 days 00:00:21.821000,0 days 00:00:24.244000,0 days 00:00:30.449000,0 days 01:46:09.473000,0 days 01:46:33.717000,0 days 01:47:04.166000,238.0,278.0,278.0,306.0,False,MEDIUM,21.0,False,McLaren,0 days 01:45:47.620000,,1,9.0,,,False,True
0 days 01:48:20.931000,NOR,1,0 days 00:01:16.797000,34.0,3.0,,,0 days 00:00:21.803000,0 days 00:00:24.250000,0 days 00:00:30.744000,0 days 01:47:25.969000,0 days 01:47:50.219000,0 days 01:48:20.963000,238.0,281.0,278.0,310.0,False,MEDIUM,22.0,False,McLaren,0 days 01:47:04.134000,,1,9.0,,,False,True
0 days 01:49:37.545000,NOR,1,0 days 00:01:16.614000,35.0,3.0,,,0 days 00:00:21.730000,0 days 00:00:24.465000,0 days 00:00:30.419000,0 days 01:48:42.693000,0 days 01:49:07.158000,0 days 01:49:37.577000,237.0,280.0,278.0,307.0,False,MEDIUM,23.0,False,McLaren,0 days 01:48:20.931000,,1,9.0,,,False,True
0 days 01:50:53.390000,NOR,1,0 days 00:01:15.845000,36.0,3.0,,,0 days 00:00:21.762000,0 days 00:00:24.114000,0 days 00:00:29.969000,0 days 01:49:59.339000,0 days 01:50:23.453000,0 days 01:50:53.422000,240.0,288.0,284.0,335.0,True,MEDIUM,24.0,False,McLaren,0 days 01:49:37.545000,,1,8.0,,,False,True
0 days 01:52:09.751000,NOR,1,0 days 00:01:16.361000,37.0,3.0,,,0 days 00:00:21.619000,0 days 00:00:24.210000,0 days 00:00:30.532000,0 days 01:51:15.041000,0 days 01:51:39.251000,0 days 01:52:09.783000,236.0,275.0,274.0,300.0,False,MEDIUM,25.0,False,McLaren,0 days 01:50:53.390000,,1,8.0,,,False,True
0 days 01:53:25.765000,NOR,1,0 days 00:01:16.014000,38.0,3.0,,,0 days 00:00:21.625000,0 days 00:00:24.112000,0 days 00:00:30.277000,0 days 01:52:31.408000,0 days 01:52:55.520000,0 days 01:53:25.797000,237.0,282.0,284.0,308.0,False,MEDIUM,26.0,False,McLaren,0 days 01:52:09.751000,,1,8.0,,,False,True
0 days 01:55:55.765000,NOR,1,,39.0,3.0,,,,,,,,,,,,,,MEDIUM,27.0,False,McLaren,0 days 01:53:25.765000,,12,,,,True,False
0 days 01:04:07.986000,GAS,10,0 days 00:01:35.442000,1.0,1.0,,,,0 days 00:00:28.768000,0 days 00:00:33.043000,,0 days 01:03:35.166000,0 days 01:04:08.056000,204.0,286.0,264.0,334.0,False,MEDIUM,1.0,True,Alpine,0 days 01:02:32.281000,,1,12.0,,,False,False
0 days 01:05:34.208000,GAS,10,0 days 00:01:26.222000,2.0,1.0,,,0 days 00:00:26.933000,0 days 00:00:26.924000,0 days 00:00:32.365000,0 days 01:04:34.949000,0 days 01:05:01.873000,0 days 01:05:34.238000,229.0,283.0,280.0,315.0,True,MEDIUM,2.0,True,Alpine,0 days 01:04:07.986000,,1,11.0,,,False,True
0 days 01:06:54.769000,GAS,10,0 days 00:01:20.561000,3.0,1.0,,,0 days 00:00:23.482000,0 days 00:00:25.916000,0 days 00:00:31.163000,0 days 01:05:57.720000,0 days 01:06:23.636000,0 days 01:06:54.799000,242.0,282.0,290.0,321.0,True,MEDIUM,3.0,True,Alpine,0 days 01:05:34.208000,,1,11.0,,,False,True
0 days 01:08:15.706000,GAS,10,0 days 00:01:20.937000,4.0,1.0,,,0 days 00:00:23.174000,0 days 00:00:25.563000,0 days 00:00:32.200000,0 days 01:07:17.973000,0 days 01:07:43.536000,0 days 01:08:15.736000,235.0,290.0,271.0,348.0,False,MEDIUM,4.0,True,Alpine,0 days 01:06:54.769000,,1,11.0,,,False,True
0 days 01:09:36.652000,GAS,10,0 days 00:01:20.946000,5.0,1.0,,,0 days 00:00:23.916000,0 days 00:00:25.326000,0 days 00:00:31.704000,0 days 01:08:39.652000,0 days 01:09:04.978000,0 days 01:09:36.682000,235.0,285.0,265.0,302.0,False,MEDIUM,5.0,True,Alpine,0 days 01:08:15.706000,,1,11.0,,,False,True
0 days 01:10:56.431000,GAS,10,0 days 00:01:19.779000,6.0,1.0,,,0 days 00:00:22.861000,0 days 00:00:25.642000,0 days 00:00:31.276000,0 days 01:09:59.543000,0 days 01:10:25.185000,0 days 01:10:56.461000,239.0,289.0,280.0,321.0,True,MEDIUM,6.0,True,Alpine,0 days 01:09:36.652000,,1,10.0,,,False,True
0 days 01:12:15.444000,GAS,10,0 days 00:01:19.013000,7.0,1.0,,,0 days 00:00:22.488000,0 days 00:00:24.843000,0 days 00:00:31.682000,0 days 01:11:18.949000,0 days 01:11:43.792000,0 days 01:12:15.474000,236.0,279.0,266.0,310.0,True,MEDIUM,7.0,True,Alpine,0 days 01:10:56.431000,,1,10.0,,,False,True
0 days 01:13:33.913000,GAS,10,0 days 00:01:18.469000,8.0,1.0,,,0 days 00:00:22.618000,0 days 00:00:24.909000,0 days 00:00:30.942000,0 days 01:12:38.092000,0 days 01:13:03.001000,0 days 01:13:33.943000,238.0,278.0,274.0,313.0,True,MEDIUM,8.0,True,Alpine,0 days 01:12:15.444000,,1,10.0,,,False,True
0 days 01:14:51.829000,GAS,10,0 days 00:01:17.916000,9.0,1.0,,,0 days 00:00:22.351000,0 days 00:00:24.749000,0 days 00:00:30.816000,0 days 01:13:56.294000,0 days 01:14:21.043000,0 days 01:14:51.859000,238.0,283.0,275.0,318.0,True,MEDIUM,9.0,True,Alpine,0 days 01:13:33.913000,,1,10.0,,,False,True
0 days 01:16:09.619000,GAS,10,0 days 00:01:17.790000,10.0,1.0,,,0 days 00:00:22.434000,0 days 00:00:24.529000,0 days 00:00:30.827000,0 days 01:15:14.293000,0 days 01:15:38.822000,0 days 01:16:09.649000,238.0,285.0,276.0,320.0,True,MEDIUM,10.0,True,Alpine,0 days 01:14:51.829000,,1,10.0,,,False,True
0 days 01:17:28.194000,GAS,10,0 days 00:01:18.575000,11.0,1.0,,,0 days 00:00:22.362000,0 days 00:00:24.793000,0 days 00:00:31.420000,0 days 01:16:32.011000,0 days 01:16:56.804000,0 days 01:17:28.224000,238.0,290.0,263.0,304.0,False,MEDIUM,11.0,True,Alpine,0 days 01:16:09.619000,,1,10.0,,,False,True
0 days 01:18:47.213000,GAS,10,0 days 00:01:19.019000,12.0,1.0,,,0 days 00:00:22.757000,0 days 00:00:24.776000,0 days 00:00:31.486000,0 days 01:17:50.981000,0 days 01:18:15.757000,0 days 01:18:47.243000,238.0,281.0,274.0,309.0,False,MEDIUM,12.0,True,Alpine,0 days 01:17:28.194000,,12,10.0,,,False,True
0 days 01:20:06.445000,GAS,10,0 days 00:01:19.232000,13.0,1.0,,,0 days 00:00:22.334000,0 days 00:00:24.772000,0 days 00:00:32.126000,0 days 01:19:09.577000,0 days 01:19:34.349000,0 days 01:20:06.475000,237.0,280.0,277.0,309.0,False,MEDIUM,13.0,True,Alpine,0 days 01:18:47.213000,,2,10.0,,,False,True
0 days 01:21:24.458000,GAS,10,0 days 00:01:18.013000,14.0,1.0,,,0 days 00:00:22.341000,0 days 00:00:24.801000,0 days 00:00:30.871000,0 days 01:20:28.816000,0 days 01:20:53.617000,0 days 01:21:24.488000,239.0,277.0,273.0,306.0,False,MEDIUM,14.0,True,Alpine,0 days 01:20:06.445000,,21,10.0,,,False,True
0 days 01:22:42.053000,GAS,10,0 days 00:01:17.595000,15.0,1.0,,,0 days 00:00:22.050000,0 days 00:00:24.566000,0 days 00:00:30.979000,0 days 01:21:46.538000,0 days 01:22:11.104000,0 days 01:22:42.083000,238.0,278.0,271.0,305.0,True,MEDIUM,15.0,True,Alpine,0 days 01:21:24.458000,,1,9.0,,,False,True
0 days 01:23:59.622000,GAS,10,0 days 00:01:17.569000,16.0,1.0,,,0 days 00:00:22.102000,0 days 00:00:24.543000,0 days 00:00:30.924000,0 days 01:23:04.185000,0 days 01:23:28.728000,0 days 01:23:59.652000,237.0,277.0,271.0,304.0,True,MEDIUM,16.0,True,Alpine,0 days 01:22:42.053000,,1,9.0,,,False,True
0 days 01:25:17.255000,GAS,10,0 days 00:01:17.633000,17.0,1.0,,,0 days 00:00:22.080000,0 days 00:00:24.672000,0 days 00:00:30.881000,0 days 01:24:21.732000,0 days 01:24:46.404000,0 days 01:25:17.285000,238.0,278.0,272.0,304.0,False,MEDIUM,17.0,True,Alpine,0 days 01:23:59.622000,,1,9.0,,,False,True
0 days 01:26:34.711000,GAS,10,0 days 00:01:17.456000,18.0,1.0,,,0 days 00:00:22.106000,0 days 00:00:24.552000,0 days 00:00:30.798000,0 days 01:25:39.391000,0 days 01:26:03.943000,0 days 01:26:34.741000,236.0,280.0,274.0,303.0,True,MEDIUM,18.0,True,Alpine,0 days 01:25:17.255000,,12,9.0,,,False,True
0 days 01:27:52.130000,GAS,10,0 days 00:01:17.419000,19.0,1.0,,,0 days 00:00:22.026000,0 days 00:00:24.603000,0 days 00:00:30.790000,0 days 01:26:56.767000,0 days 01:27:21.370000,0 days 01:27:52.160000,239.0,280.0,270.0,304.0,True,MEDIUM,19.0,True,Alpine,0 days 01:26:34.711000,,1,9.0,,,False,True
0 days 01:29:09.637000,GAS,10,0 days 00:01:17.507000,20.0,1.0,,,0 days 00:00:22.024000,0 days 00:00:24.609000,0 days 00:00:30.874000,0 days 01:28:14.184000,0 days 01:28:38.793000,0 days 01:29:09.667000,238.0,276.0,272.0,305.0,False,MEDIUM,20.0,True,Alpine,0 days 01:27:52.130000,,1,9.0,,,False,True
0 days 01:30:27.411000,GAS,10,0 days 00:01:17.774000,21.0,1.0,,,0 days 00:00:22.219000,0 days 00:00:24.704000,0 days 00:00:30.851000,0 days 01:29:31.886000,0 days 01:29:56.590000,0 days 01:30:27.441000,239.0,278.0,276.0,306.0,False,MEDIUM,21.0,True,Alpine,0 days 01:29:09.637000,,1,9.0,,,False,True
0 days 01:31:44.843000,GAS,10,0 days 00:01:17.432000,22.0,1.0,,,0 days 00:00:22.118000,0 days 00:00:24.573000,0 days 00:00:30.741000,0 days 01:30:49.559000,0 days 01:31:14.132000,0 days 01:31:44.873000,238.0,282.0,280.0,309.0,False,MEDIUM,22.0,True,Alpine,0 days 01:30:27.411000,,1,9.0,,,False,True
0 days 01:33:02.934000,GAS,10,0 days 00:01:18.091000,23.0,1.0,,,0 days 00:00:22.296000,0 days 00:00:25.052000,0 days 00:00:30.743000,0 days 01:32:07.169000,0 days 01:32:32.221000,0 days 01:33:02.964000,240.0,278.0,274.0,304.0,False,MEDIUM,23.0,True,Alpine,0 days 01:31:44.843000,,1,9.0,,,False,True
0 days 01:34:20.226000,GAS,10,0 days 00:01:17.292000,24.0,1.0,,,0 days 00:00:21.978000,0 days 00:00:24.641000,0 days 00:00:30.673000,0 days 01:33:24.942000,0 days 01:33:49.583000,0 days 01:34:20.256000,239.0,279.0,266.0,305.0,True,MEDIUM,24.0,True,Alpine,0 days 01:33:02.934000,,1,9.0,,,False,True
0 days 01:35:37.545000,GAS,10,0 days 00:01:17.319000,25.0,1.0,,,0 days 00:00:22.051000,0 days 00:00:24.455000,0 days 00:00:30.813000,0 days 01:34:42.307000,0 days 01:35:06.762000,0 days 01:35:37.575000,237.0,278.0,274.0,304.0,False,MEDIUM,25.0,True,Alpine,0 days 01:34:20.226000,,1,9.0,,,False,True
0 days 01:36:54.643000,GAS,10,0 days 00:01:17.098000,26.0,1.0,,,0 days 00:00:21.977000,0 days 00:00:24.432000,0 days 00:00:30.689000,0 days 01:35:59.552000,0 days 01:36:23.984000,0 days 01:36:54.673000,240.0,275.0,267.0,302.0,True,MEDIUM,26.0,True,Alpine,0 days 01:35:37.545000,,1,9.0,,,False,True
0 days 01:38:11.693000,GAS,10,0 days 00:01:17.050000,27.0,1.0,,,0 days 00:00:22.037000,0 days 00:00:24.360000,0 days 00:00:30.653000,0 days 01:37:16.710000,0 days 01:37:41.070000,0 days 01:38:11.723000,240.0,278.0,267.0,302.0,True,MEDIUM,27.0,True,Alpine,0 days 01:36:54.643000,,1,9.0,,,False,True
0 days 01:39:28.674000,GAS,10,0 days 00:01:16.981000,28.0,1.0,,,0 days 00:00:21.862000,0 days 00:00:24.450000,0 days 00:00:30.669000,0 days 01:38:33.585000,0 days 01:38:58.035000,0 days 01:39:28.704000,242.0,277.0,271.0,302.0,True,MEDIUM,28.0,True,Alpine,0 days 01:38:11.693000,,1,9.0,,,False,True
0 days 01:40:45.541000,GAS,10,0 days 00:01:16.867000,29.0,1.0,,,0 days 00:00:21.903000,0 days 00:00:24.419000,0 days 00:00:30.545000,0 days 01:39:50.607000,0 days 01:40:15.026000,0 days 01:40:45.571000,241.0,278.0,271.0,305.0,True,MEDIUM,29.0,True,Alpine,0 days 01:39:28.674000,,12,9.0,,,False,True
0 days 01:42:38.274000,GAS,10,0 days 00:01:52.733000,30.0,1.0,,0 days 01:42:14.245000,0 days 00:00:21.915000,0 days 00:00:37.796000,0 days 00:00:53.022000,0 days 01:41:07.486000,0 days 01:41:45.282000,0 days 01:42:38.304000,241.0,235.0,,181.0,False,MEDIUM,30.0,True,Alpine,0 days 01:40:45.541000,,26,8.0,,,False,False
0 days 01:44:23.010000,GAS,10,0 days 00:01:44.736000,31.0,2.0,0 days 01:42:39.932000,,0 days 00:00:31.349000,0 days 00:00:36.353000,0 days 00:00:37.034000,0 days 01:43:09.653000,0 days 01:43:46.006000,0 days 01:44:23.040000,218.0,218.0,232.0,246.0,False,HARD,1.0,True,Alpine,0 days 01:42:38.274000,,67,8.0,,,False,False
0 days 01:45:43.714000,GAS,10,0 days 00:01:20.704000,32.0,2.0,,,0 days 00:00:24.548000,0 days 00:00:25.222000,0 days 00:00:30.934000,0 days 01:44:47.588000,0 days 01:45:12.810000,0 days 01:45:43.744000,243.0,276.0,275.0,307.0,False,HARD,2.0,True,Alpine,0 days 01:44:23.010000,,71,8.0,,,False,False
0 days 01:47:01.831000,GAS,10,0 days 00:01:18.117000,33.0,2.0,,,0 days 00:00:22.565000,0 days 00:00:24.687000,0 days 00:00:30.865000,0 days 01:46:06.309000,0 days 01:46:30.996000,0 days 01:47:01.861000,241.0,282.0,281.0,311.0,False,HARD,3.0,True,Alpine,0 days 01:45:43.714000,,1,8.0,,,False,True
0 days 01:48:19.300000,GAS,10,0 days 00:01:17.469000,34.0,2.0,,,0 days 00:00:22.162000,0 days 00:00:24.800000,0 days 00:00:30.507000,0 days 01:47:24.023000,0 days 01:47:48.823000,0 days 01:48:19.330000,242.0,282.0,284.0,312.0,False,HARD,4.0,True,Alpine,0 days 01:47:01.831000,,1,8.0,,,False,True
0 days 01:49:36.689000,GAS,10,0 days 00:01:17.389000,35.0,2.0,,,0 days 00:00:22.203000,0 days 00:00:24.574000,0 days 00:00:30.612000,0 days 01:48:41.533000,0 days 01:49:06.107000,0 days 01:49:36.719000,241.0,280.0,276.0,304.0,False,HARD,5.0,True,Alpine,0 days 01:48:19.300000,,1,8.0,,,False,True
0 days 01:50:53.922000,GAS,10,0 days 00:01:17.233000,36.0,2.0,,,0 days 00:00:21.854000,0 days 00:00:24.380000,0 days 00:00:30.999000,0 days 01:49:58.573000,0 days 01:50:22.953000,0 days 01:50:53.952000,242.0,282.0,282.0,306.0,False,HARD,6.0,True,Alpine,0 days 01:49:36.689000,,1,9.0,,,False,True
0 days 01:52:10.844000,GAS,10,0 days 00:01:16.922000,37.0,2.0,,,0 days 00:00:21.962000,0 days 00:00:24.589000,0 days 00:00:30.371000,0 days 01:51:15.914000,0 days 01:51:40.503000,0 days 01:52:10.874000,245.0,285.0,279.0,318.0,False,HARD,7.0,True,Alpine,0 days 01:50:53.922000,,1,9.0,,,False,True
0 days 01:53:29.753000,GAS,10,0 days 00:01:18.909000,38.0,2.0,,,0 days 00:00:22.104000,0 days 00:00:26.081000,0 days 00:00:30.724000,0 days 01:52:32.978000,0 days 01:52:59.059000,0 days 01:53:29.783000,242.0,279.0,267.0,303.0,False,HARD,8.0,True,Alpine,0 days 01:52:10.844000,,1,9.0,,,False,True
0 days 01:54:46.588000,GAS,10,0 days 00:01:16.835000,39.0,2.0,,,0 days 00:00:21.931000,0 days 00:00:24.254000,0 days 00:00:30.650000,0 days 01:53:51.714000,0 days 01:54:15.968000,0 days 01:54:46.618000,242.0,281.0,268.0,303.0,True,HARD,9.0,True,Alpine,0 days 01:53:29.753000,,12,8.0,,,False,True
0 days 01:56:03.173000,GAS,10,0 days 00:01:16.585000,40.0,2.0,,,0 days 00:00:21.767000,0 days 00:00:24.260000,0 days 00:00:30.558000,0 days 01:55:08.385000,0 days 01:55:32.645000,0 days 01:56:03.203000,241.0,279.0,272.0,304.0,True,HARD,10.0,True,Alpine,0 days 01:54:46.588000,,1,8.0,,,False,True
0 days 01:57:19.568000,GAS,10,0 days 00:01:16.395000,41.0,2.0,,,0 days 00:00:21.623000,0 days 00:00:24.312000,0 days 00:00:30.460000,0 days 01:56:24.826000,0 days 01:56:49.138000,0 days 01:57:19.598000,244.0,280.0,271.0,302.0,True,HARD,11.0,True,Alpine,0 days 01:56:03.173000,,1,8.0,,,False,True
0 days 01:58:35.813000,GAS,10,0 days 00:01:16.245000,42.0,2.0,,,0 days 00:00:21.680000,0 days 00:00:24.132000,0 days 00:00:30.433000,0 days 01:57:41.278000,0 days 01:58:05.410000,0 days 01:58:35.843000,243.0,281.0,277.0,305.0,True,HARD,12.0,True,Alpine,0 days 01:57:19.568000,,1,8.0,,,False,True
0 days 01:59:52.032000,GAS,10,0 days 00:01:16.219000,43.0,2.0,,,0 days 00:00:21.763000,0 days 00:00:24.209000,0 days 00:00:30.247000,0 days 01:58:57.606000,0 days 01:59:21.815000,0 days 01:59:52.062000,241.0,285.0,276.0,307.0,True,HARD,13.0,True,Alpine,0 days 01:58:35.813000,,1,8.0,,,False,True
0 days 02:01:09.891000,GAS,10,0 days 00:01:17.859000,44.0,2.0,,,0 days 00:00:21.867000,0 days 00:00:25.493000,0 days 00:00:30.499000,0 days 02:00:13.929000,0 days 02:00:39.422000,0 days 02:01:09.921000,242.0,293.0,283.0,311.0,False,HARD,14.0,True,Alpine,0 days 01:59:52.032000,,1,8.0,,,False,True
0 days 02:02:43.371000,GAS,10,0 days 00:01:33.480000,45.0,2.0,,,0 days 00:00:22.172000,0 days 00:00:33.697000,0 days 00:00:37.611000,0 days 02:01:32.093000,0 days 02:02:05.790000,0 days 02:02:43.401000,241.0,260.0,304.0,249.0,False,HARD,15.0,True,Alpine,0 days 02:01:09.891000,,167,8.0,,,False,False
0 days 02:04:00.259000,GAS,10,0 days 00:01:16.888000,46.0,2.0,,,0 days 00:00:21.934000,0 days 00:00:24.360000,0 days 00:00:30.594000,0 days 02:03:05.335000,0 days 02:03:29.695000,0 days 02:04:00.289000,242.0,283.0,280.0,306.0,False,HARD,16.0,True,Alpine,0 days 02:02:43.371000,,1,8.0,,,False,True
0 days 02:05:18.625000,GAS,10,0 days 00:01:18.366000,47.0,2.0,,,0 days 00:00:21.807000,0 days 00:00:24.167000,0 days 00:00:32.392000,0 days 02:04:22.096000,0 days 02:04:46.263000,0 days 02:05:18.655000,242.0,286.0,275.0,218.0,False,HARD,17.0,True,Alpine,0 days 02:04:00.259000,,1,8.0,,,False,True
0 days 02:06:36.214000,GAS,10,0 days 00:01:17.589000,48.0,2.0,,,0 days 00:00:21.844000,0 days 00:00:24.310000,0 days 00:00:31.435000,0 days 02:05:40.499000,0 days 02:06:04.809000,0 days 02:06:36.244000,243.0,282.0,297.0,268.0,False,HARD,18.0,True,Alpine,0 days 02:05:18.625000,,1,8.0,,,False,True
0 days 02:07:52.900000,GAS,10,0 days 00:01:16.686000,49.0,2.0,,,0 days 00:00:21.902000,0 days 00:00:24.253000,0 days 00:00:30.531000,0 days 02:06:58.146000,0 days 02:07:22.399000,0 days 02:07:52.930000,241.0,284.0,265.0,317.0,False,HARD,19.0,True,Alpine,0 days 02:06:36.214000,,1,8.0,,,False,True
0 days 02:09:08.965000,GAS,10,0 days 00:01:16.065000,50.0,2.0,,,0 days 00:00:21.722000,0 days 00:00:24.175000,0 days 00:00:30.168000,0 days 02:08:14.652000,0 days 02:08:38.827000,0 days 02:09:08.995000,244.0,288.0,271.0,320.0,True,HARD,20.0,True,Alpine,0 days 02:07:52.900000,,1,8.0,,,False,True
0 days 02:10:30.510000,GAS,10,0 days 00:01:21.545000,51.0,2.0,,,0 days 00:00:21.631000,0 days 00:00:24.082000,0 days 00:00:35.832000,0 days 02:09:30.626000,0 days 02:09:54.708000,0 days 02:10:30.540000,244.0,287.0,259.0,320.0,False,HARD,21.0,True,Alpine,0 days 02:09:08.965000,,16,8.0,,,False,False
0 days 02:12:14.320000,GAS,10,0 days 00:01:43.810000,52.0,2.0,,,0 days 00:00:28.542000,0 days 00:00:32.500000,0 days 00:00:42.768000,0 days 02:10:59.082000,0 days 02:11:31.582000,0 days 02:12:14.350000,225.0,218.0,241.0,244.0,False,HARD,22.0,True,Alpine,0 days 02:10:30.510000,,67,8.0,,,False,False
0 days 02:13:35.944000,GAS,10,0 days 00:01:21.624000,53.0,2.0,,,0 days 00:00:26.047000,0 days 00:00:25.090000,0 days 00:00:30.487000,0 days 02:12:40.397000,0 days 02:13:05.487000,0 days 02:13:35.974000,237.0,287.0,276.0,318.0,False,HARD,23.0,True,Alpine,0 days 02:12:14.320000,,71,8.0,,,False,False
0 days 02:14:52.310000,GAS,10,0 days 00:01:16.366000,54.0,2.0,,,0 days 00:00:21.777000,0 days 00:00:24.308000,0 days 00:00:30.281000,0 days 02:13:57.751000,0 days 02:14:22.059000,0 days 02:14:52.340000,245.0,285.0,280.0,316.0,False,HARD,24.0,True,Alpine,0 days 02:13:35.944000,,1,8.0,,,False,True
0 days 02:16:08.173000,GAS,10,0 days 00:01:15.863000,55.0,2.0,,,0 days 00:00:21.687000,0 days 00:00:24.094000,0 days 00:00:30.082000,0 days 02:15:14.027000,0 days 02:15:38.121000,0 days 02:16:08.203000,243.0,287.0,280.0,312.0,True,HARD,25.0,True,Alpine,0 days 02:14:52.310000,,1,8.0,,,False,True
0 days 02:17:24.034000,GAS,10,0 days 00:01:15.861000,56.0,2.0,,,0 days 00:00:21.602000,0 days 00:00:24.125000,0 days 00:00:30.134000,0 days 02:16:29.805000,0 days 02:16:53.930000,0 days 02:17:24.064000,243.0,288.0,281.0,314.0,True,HARD,26.0,True,Alpine,0 days 02:16:08.173000,,1,8.0,,,False,True
0 days 02:18:39.819000,GAS,10,0 days 00:01:15.785000,57.0,2.0,,,0 days 00:00:21.613000,0 days 00:00:24.144000,0 days 00:00:30.028000,0 days 02:17:45.677000,0 days 02:18:09.821000,0 days 02:18:39.849000,243.0,289.0,284.0,311.0,True,HARD,27.0,True,Alpine,0 days 02:17:24.034000,,1,8.0,,,False,True
0 days 02:19:55.802000,GAS,10,0 days 00:01:15.983000,58.0,2.0,,,0 days 00:00:21.573000,0 days 00:00:24.106000,0 days 00:00:30.304000,0 days 02:19:01.422000,0 days 02:19:25.528000,0 days 02:19:55.832000,244.0,289.0,285.0,316.0,False,HARD,28.0,True,Alpine,0 days 02:18:39.819000,,1,8.0,,,False,True
0 days 02:21:11.554000,GAS,10,0 days 00:01:15.752000,59.0,2.0,,,0 days 00:00:21.720000,0 days 00:00:24.109000,0 days 00:00:29.923000,0 days 02:20:17.552000,0 days 02:20:41.661000,0 days 02:21:11.584000,243.0,293.0,283.0,316.0,True,HARD,29.0,True,Alpine,0 days 02:19:55.802000,,1,8.0,,,False,True
0 days 02:22:27.481000,GAS,10,0 days 00:01:15.927000,60.0,2.0,,,0 days 00:00:21.565000,0 days 00:00:24.123000,0 days 00:00:30.239000,0 days 02:21:33.149000,0 days 02:21:57.272000,0 days 02:22:27.511000,244.0,292.0,282.0,313.0,False,HARD,30.0,True,Alpine,0 days 02:21:11.554000,,12,8.0,,,False,True
0 days 02:23:43.376000,GAS,10,0 days 00:01:15.895000,61.0,2.0,,,0 days 00:00:21.642000,0 days 00:00:24.171000,0 days 00:00:30.082000,0 days 02:22:49.153000,0 days 02:23:13.324000,0 days 02:23:43.406000,243.0,293.0,282.0,319.0,False,HARD,31.0,True,Alpine,0 days 02:22:27.481000,,1,8.0,,,False,True
0 days 02:24:59.497000,GAS,10,0 days 00:01:16.121000,62.0,2.0,,,0 days 00:00:21.595000,0 days 00:00:24.050000,0 days 00:00:30.476000,0 days 02:24:05.001000,0 days 02:24:29.051000,0 days 02:24:59.527000,244.0,289.0,278.0,322.0,False,HARD,32.0,True,Alpine,0 days 02:23:43.376000,,1,8.0,,,False,True
0 days 02:26:15.318000,GAS,10,0 days 00:01:15.821000,63.0,2.0,,,0 days 00:00:21.691000,0 days 00:00:24.053000,0 days 00:00:30.077000,0 days 02:25:21.218000,0 days 02:25:45.271000,0 days 02:26:15.348000,244.0,293.0,280.0,318.0,False,HARD,33.0,True,Alpine,0 days 02:24:59.497000,,1,8.0,,,False,True
0 days 02:27:32.171000,GAS,10,0 days 00:01:16.853000,64.0,2.0,,,0 days 00:00:21.770000,0 days 00:00:24.235000,0 days 00:00:30.848000,0 days 02:26:37.118000,0 days 02:27:01.353000,0 days 02:27:32.201000,244.0,291.0,260.0,338.0,False,HARD,34.0,True,Alpine,0 days 02:26:15.318000,,1,8.0,,,False,True
0 days 02:28:50.644000,GAS,10,0 days 00:01:18.473000,65.0,2.0,,,0 days 00:00:22.708000,0 days 00:00:24.458000,0 days 00:00:31.307000,0 days 02:27:54.909000,0 days 02:28:19.367000,0 days 02:28:50.674000,244.0,293.0,259.0,343.0,False,HARD,35.0,True,Alpine,0 days 02:27:32.171000,,1,8.0,,,False,True
0 days 02:30:07.484000,GAS,10,0 days 00:01:16.840000,66.0,2.0,,,0 days 00:00:21.781000,0 days 00:00:25.051000,0 days 00:00:30.008000,0 days 02:29:12.455000,0 days 02:29:37.506000,0 days 02:30:07.514000,243.0,288.0,276.0,311.0,False,HARD,36.0,True,Alpine,0 days 02:28:50.644000,,1,8.0,,,False,True
0 days 02:31:22.874000,GAS,10,0 days 00:01:15.390000,67.0,2.0,,,0 days 00:00:21.458000,0 days 00:00:24.076000,0 days 00:00:29.856000,0 days 02:30:28.972000,0 days 02:30:53.048000,0 days 02:31:22.904000,243.0,286.0,294.0,327.0,True,HARD,37.0,True,Alpine,0 days 02:30:07.484000,,1,8.0,,,False,True
0 days 01:04:10.925000,PER,11,0 days 00:01:38.381000,1.0,1.0,,,,0 days 00:00:29.244000,0 days 00:00:33.875000,,0 days 01:03:37.280000,0 days 01:04:11.009000,199.0,273.0,283.0,317.0,False,INTERMEDIATE,1.0,True,Cadillac,0 days 01:02:32.281000,,1,17.0,,,False,False
0 days 01:05:55.944000,PER,11,0 days 00:01:45.019000,2.0,1.0,,0 days 01:05:31.792000,0 days 00:00:25.507000,0 days 00:00:28.039000,0 days 00:00:51.473000,0 days 01:04:36.471000,0 days 01:05:04.510000,0 days 01:05:55.983000,203.0,268.0,,314.0,False,INTERMEDIATE,2.0,True,Cadillac,0 days 01:04:10.925000,,1,21.0,,,False,False
0 days 01:07:23.062000,PER,11,0 days 00:01:27.118000,3.0,2.0,0 days 01:05:57.532000,,0 days 00:00:27.703000,0 days 00:00:27.271000,0 days 00:00:32.144000,0 days 01:06:23.686000,0 days 01:06:50.957000,0 days 01:07:23.101000,220.0,271.0,282.0,307.0,False,SOFT,1.0,True,Cadillac,0 days 01:05:55.944000,,1,20.0,,,False,False
0 days 01:08:44.670000,PER,11,0 days 00:01:21.608000,4.0,2.0,,,0 days 00:00:23.776000,0 days 00:00:26.296000,0 days 00:00:31.536000,0 days 01:07:46.877000,0 days 01:08:13.173000,0 days 01:08:44.709000,227.0,266.0,280.0,306.0,True,SOFT,2.0,True,Cadillac,0 days 01:07:23.062000,,1,20.0,,,False,True
0 days 01:10:04.771000,PER,11,0 days 00:01:20.101000,5.0,2.0,,,0 days 00:00:22.979000,0 days 00:00:25.402000,0 days 00:00:31.720000,0 days 01:09:07.688000,0 days 01:09:33.090000,0 days 01:10:04.810000,226.0,294.0,259.0,300.0,True,SOFT,3.0,True,Cadillac,0 days 01:08:44.670000,,1,20.0,,,False,True
0 days 01:11:23.828000,PER,11,0 days 00:01:19.057000,6.0,2.0,,,0 days 00:00:22.805000,0 days 00:00:25.224000,0 days 00:00:31.028000,0 days 01:10:27.615000,0 days 01:10:52.839000,0 days 01:11:23.867000,229.0,274.0,277.0,309.0,True,SOFT,4.0,True,Cadillac,0 days 01:10:04.771000,,1,20.0,,,False,True
0 days 01:12:42.549000,PER,11,0 days 00:01:18.721000,7.0,2.0,,,0 days 00:00:22.639000,0 days 00:00:25.159000,0 days 00:00:30.923000,0 days 01:11:46.506000,0 days 01:12:11.665000,0 days 01:12:42.588000,227.0,273.0,276.0,305.0,True,SOFT,5.0,True,Cadillac,0 days 01:11:23.828000,,1,20.0,,,False,True
0 days 01:14:01.261000,PER,11,0 days 00:01:18.712000,8.0,2.0,,,0 days 00:00:22.710000,0 days 00:00:25.140000,0 days 00:00:30.862000,0 days 01:13:05.298000,0 days 01:13:30.438000,0 days 01:14:01.300000,228.0,272.0,276.0,304.0,True,SOFT,6.0,True,Cadillac,0 days 01:12:42.549000,,1,20.0,,,False,True
0 days 01:15:20.347000,PER,11,0 days 00:01:19.086000,9.0,2.0,,,0 days 00:00:22.794000,0 days 00:00:25.276000,0 days 00:00:31.016000,0 days 01:14:24.094000,0 days 01:14:49.370000,0 days 01:15:20.386000,226.0,271.0,271.0,300.0,False,SOFT,7.0,True,Cadillac,0 days 01:14:01.261000,,1,20.0,,,False,True
0 days 01:16:38.844000,PER,11,0 days 00:01:18.497000,10.0,2.0,,,0 days 00:00:22.443000,0 days 00:00:25.036000,0 days 00:00:31.018000,0 days 01:15:42.829000,0 days 01:16:07.865000,0 days 01:16:38.883000,228.0,271.0,269.0,300.0,True,SOFT,8.0,True,Cadillac,0 days 01:15:20.347000,,1,20.0,,,False,True
0 days 01:17:57.407000,PER,11,0 days 00:01:18.563000,11.0,2.0,,,0 days 00:00:22.542000,0 days 00:00:25.179000,0 days 00:00:30.842000,0 days 01:17:01.425000,0 days 01:17:26.604000,0 days 01:17:57.446000,232.0,270.0,276.0,302.0,False,SOFT,9.0,True,Cadillac,0 days 01:16:38.844000,,1,20.0,,,False,True
0 days 01:19:16.094000,PER,11,0 days 00:01:18.687000,12.0,2.0,,,0 days 00:00:22.563000,0 days 00:00:25.081000,0 days 00:00:31.043000,0 days 01:18:20.009000,0 days 01:18:45.090000,0 days 01:19:16.133000,231.0,273.0,282.0,305.0,False,SOFT,10.0,True,Cadillac,0 days 01:17:57.407000,,12,18.0,,,False,True
0 days 01:20:35.365000,PER,11,0 days 00:01:19.271000,13.0,2.0,,,0 days 00:00:22.759000,0 days 00:00:25.361000,0 days 00:00:31.151000,0 days 01:19:38.892000,0 days 01:20:04.253000,0 days 01:20:35.404000,229.0,277.0,261.0,327.0,False,SOFT,11.0,True,Cadillac,0 days 01:19:16.094000,,21,17.0,,,False,True
0 days 01:21:54.571000,PER,11,0 days 00:01:19.206000,14.0,2.0,,,0 days 00:00:22.640000,0 days 00:00:25.313000,0 days 00:00:31.253000,0 days 01:20:58.044000,0 days 01:21:23.357000,0 days 01:21:54.610000,230.0,268.0,268.0,297.0,False,SOFT,12.0,True,Cadillac,0 days 01:20:35.365000,,1,17.0,,,False,True
0 days 01:23:30.752000,PER,11,0 days 00:01:36.181000,15.0,2.0,,0 days 01:23:07.248000,0 days 00:00:22.417000,0 days 00:00:25.115000,0 days 00:00:48.649000,0 days 01:22:17.027000,0 days 01:22:42.142000,0 days 01:23:30.791000,229.0,269.0,,306.0,False,SOFT,13.0,True,Cadillac,0 days 01:21:54.571000,,1,18.0,,,False,False
0 days 01:24:54.950000,PER,11,0 days 00:01:24.198000,16.0,3.0,0 days 01:23:32.338000,,0 days 00:00:26.146000,0 days 00:00:26.299000,0 days 00:00:31.753000,0 days 01:23:56.937000,0 days 01:24:23.236000,0 days 01:24:54.989000,225.0,266.0,273.0,297.0,False,MEDIUM,1.0,True,Cadillac,0 days 01:23:30.752000,,1,18.0,,,False,False
0 days 01:26:14.757000,PER,11,0 days 00:01:19.807000,17.0,3.0,,,0 days 00:00:22.933000,0 days 00:00:25.486000,0 days 00:00:31.388000,0 days 01:25:17.922000,0 days 01:25:43.408000,0 days 01:26:14.796000,229.0,266.0,272.0,295.0,False,MEDIUM,2.0,True,Cadillac,0 days 01:24:54.950000,,1,18.0,,,False,True
0 days 01:27:33.879000,PER,11,0 days 00:01:19.122000,18.0,3.0,,,0 days 00:00:22.650000,0 days 00:00:25.314000,0 days 00:00:31.158000,0 days 01:26:37.446000,0 days 01:27:02.760000,0 days 01:27:33.918000,229.0,267.0,275.0,295.0,False,MEDIUM,3.0,True,Cadillac,0 days 01:26:14.757000,,12,18.0,,,False,True
0 days 01:28:52.469000,PER,11,0 days 00:01:18.590000,19.0,3.0,,,0 days 00:00:22.467000,0 days 00:00:25.118000,0 days 00:00:31.005000,0 days 01:27:56.385000,0 days 01:28:21.503000,0 days 01:28:52.508000,228.0,268.0,272.0,293.0,False,MEDIUM,4.0,True,Cadillac,0 days 01:27:33.879000,,1,18.0,,,False,True
0 days 01:30:11.037000,PER,11,0 days 00:01:18.568000,20.0,3.0,,,0 days 00:00:22.254000,0 days 00:00:25.017000,0 days 00:00:31.297000,0 days 01:29:14.762000,0 days 01:29:39.779000,0 days 01:30:11.076000,229.0,269.0,235.0,293.0,False,MEDIUM,5.0,True,Cadillac,0 days 01:28:52.469000,,1,18.0,,,False,True
0 days 01:31:30.425000,PER,11,0 days 00:01:19.388000,21.0,3.0,,,0 days 00:00:23.612000,0 days 00:00:25.049000,0 days 00:00:30.727000,0 days 01:30:34.688000,0 days 01:30:59.737000,0 days 01:31:30.464000,228.0,271.0,277.0,299.0,False,MEDIUM,6.0,True,Cadillac,0 days 01:30:11.037000,,1,18.0,,,False,True
0 days 01:32:48.385000,PER,11,0 days 00:01:17.960000,22.0,3.0,,,0 days 00:00:22.342000,0 days 00:00:24.847000,0 days 00:00:30.771000,0 days 01:31:52.806000,0 days 01:32:17.653000,0 days 01:32:48.424000,230.0,271.0,276.0,300.0,True,MEDIUM,7.0,True,Cadillac,0 days 01:31:30.425000,,1,18.0,,,False,True
0 days 01:34:06.321000,PER,11,0 days 00:01:17.936000,23.0,3.0,,,0 days 00:00:22.170000,0 days 00:00:24.996000,0 days 00:00:30.770000,0 days 01:33:10.594000,0 days 01:33:35.590000,0 days 01:34:06.360000,230.0,272.0,272.0,301.0,True,MEDIUM,8.0,True,Cadillac,0 days 01:32:48.385000,,1,18.0,,,False,True
0 days 01:35:24.533000,PER,11,0 days 00:01:18.212000,24.0,3.0,,,0 days 00:00:22.293000,0 days 00:00:24.943000,0 days 00:00:30.976000,0 days 01:34:28.653000,0 days 01:34:53.596000,0 days 01:35:24.572000,230.0,275.0,262.0,332.0,False,MEDIUM,9.0,True,Cadillac,0 days 01:34:06.321000,,1,18.0,,,False,True
0 days 01:36:42.996000,PER,11,0 days 00:01:18.463000,25.0,3.0,,,0 days 00:00:22.633000,0 days 00:00:24.865000,0 days 00:00:30.965000,0 days 01:35:47.205000,0 days 01:36:12.070000,0 days 01:36:43.035000,230.0,270.0,272.0,297.0,False,MEDIUM,10.0,True,Cadillac,0 days 01:35:24.533000,,1,17.0,,,False,True
0 days 01:38:01.100000,PER,11,0 days 00:01:18.104000,26.0,3.0,,,0 days 00:00:22.332000,0 days 00:00:24.875000,0 days 00:00:30.897000,0 days 01:37:05.367000,0 days 01:37:30.242000,0 days 01:38:01.139000,230.0,270.0,271.0,294.0,False,MEDIUM,11.0,True,Cadillac,0 days 01:36:42.996000,,1,17.0,,,False,True
0 days 01:39:19.578000,PER,11,0 days 00:01:18.478000,27.0,3.0,,,0 days 00:00:22.352000,0 days 00:00:25.051000,0 days 00:00:31.075000,0 days 01:38:23.491000,0 days 01:38:48.542000,0 days 01:39:19.617000,230.0,270.0,272.0,293.0,False,MEDIUM,12.0,True,Cadillac,0 days 01:38:01.100000,,1,17.0,,,False,True
0 days 01:40:37.565000,PER,11,0 days 00:01:17.987000,28.0,3.0,,,0 days 00:00:22.371000,0 days 00:00:24.872000,0 days 00:00:30.744000,0 days 01:39:41.988000,0 days 01:40:06.860000,0 days 01:40:37.604000,229.0,271.0,272.0,294.0,False,MEDIUM,13.0,True,Cadillac,0 days 01:39:19.578000,,1,17.0,,,False,True
0 days 01:42:29.674000,PER,11,0 days 00:01:52.109000,29.0,3.0,,0 days 01:42:06.246000,0 days 00:00:22.133000,0 days 00:00:32.683000,0 days 00:00:57.293000,0 days 01:40:59.737000,0 days 01:41:32.420000,0 days 01:42:29.713000,231.0,160.0,,221.0,False,MEDIUM,14.0,True,Cadillac,0 days 01:40:37.565000,,126,17.0,,,False,False
0 days 01:44:17.685000,PER,11,0 days 00:01:48.011000,30.0,4.0,0 days 01:42:31.281000,,0 days 00:00:28.915000,0 days 00:00:39.286000,0 days 00:00:39.810000,0 days 01:42:58.628000,0 days 01:43:37.914000,0 days 01:44:17.724000,216.0,112.0,242.0,219.0,False,SOFT,1.0,True,Cadillac,0 days 01:42:29.674000,,67,16.0,,,False,False
0 days 01:45:41.101000,PER,11,0 days 00:01:23.416000,31.0,4.0,,,0 days 00:00:24.472000,0 days 00:00:27.064000,0 days 00:00:31.880000,0 days 01:44:42.196000,0 days 01:45:09.260000,0 days 01:45:41.140000,233.0,261.0,281.0,309.0,False,SOFT,2.0,True,Cadillac,0 days 01:44:17.685000,,71,16.0,,,False,False
0 days 01:47:00.349000,PER,11,0 days 00:01:19.248000,32.0,4.0,,,0 days 00:00:23.131000,0 days 00:00:25.328000,0 days 00:00:30.789000,0 days 01:46:04.271000,0 days 01:46:29.599000,0 days 01:47:00.388000,236.0,283.0,286.0,326.0,False,SOFT,3.0,True,Cadillac,0 days 01:45:41.101000,,1,16.0,,,False,True
0 days 01:48:21.602000,PER,11,0 days 00:01:21.253000,33.0,4.0,,,0 days 00:00:22.569000,0 days 00:00:25.365000,0 days 00:00:33.319000,0 days 01:47:22.957000,0 days 01:47:48.322000,0 days 01:48:21.641000,232.0,245.0,280.0,211.0,False,SOFT,4.0,True,Cadillac,0 days 01:47:00.349000,,1,16.0,,,False,True
0 days 01:49:39.714000,PER,11,0 days 00:01:18.112000,34.0,4.0,,,0 days 00:00:22.600000,0 days 00:00:24.880000,0 days 00:00:30.632000,0 days 01:48:44.241000,0 days 01:49:09.121000,0 days 01:49:39.753000,232.0,276.0,281.0,310.0,False,SOFT,5.0,True,Cadillac,0 days 01:48:21.602000,,1,16.0,,,False,True
0 days 01:50:56.834000,PER,11,0 days 00:01:17.120000,35.0,4.0,,,0 days 00:00:22.193000,0 days 00:00:24.605000,0 days 00:00:30.322000,0 days 01:50:01.946000,0 days 01:50:26.551000,0 days 01:50:56.873000,233.0,280.0,288.0,323.0,True,SOFT,6.0,True,Cadillac,0 days 01:49:39.714000,,1,16.0,,,False,True
0 days 01:52:14.232000,PER,11,0 days 00:01:17.398000,36.0,4.0,,,0 days 00:00:22.208000,0 days 00:00:24.571000,0 days 00:00:30.619000,0 days 01:51:19.081000,0 days 01:51:43.652000,0 days 01:52:14.271000,231.0,290.0,275.0,305.0,False,SOFT,7.0,True,Cadillac,0 days 01:50:56.834000,,1,16.0,,,False,True
0 days 01:53:31.147000,PER,11,0 days 00:01:16.915000,37.0,4.0,,,0 days 00:00:22.178000,0 days 00:00:24.503000,0 days 00:00:30.234000,0 days 01:52:36.449000,0 days 01:53:00.952000,0 days 01:53:31.186000,233.0,280.0,281.0,313.0,True,SOFT,8.0,True,Cadillac,0 days 01:52:14.232000,,1,16.0,,,False,True
0 days 01:54:48.570000,PER,11,0 days 00:01:17.423000,38.0,4.0,,,0 days 00:00:22.336000,0 days 00:00:24.636000,0 days 00:00:30.451000,0 days 01:53:53.522000,0 days 01:54:18.158000,0 days 01:54:48.609000,234.0,280.0,272.0,340.0,False,SOFT,9.0,True,Cadillac,0 days 01:53:31.147000,,12,15.0,,,False,True
0 days 01:56:09.434000,PER,11,0 days 00:01:20.864000,39.0,4.0,,,0 days 00:00:22.461000,0 days 00:00:26.809000,0 days 00:00:31.594000,0 days 01:55:11.070000,0 days 01:55:37.879000,0 days 01:56:09.473000,231.0,273.0,274.0,302.0,False,SOFT,10.0,True,Cadillac,0 days 01:54:48.570000,,1,15.0,,,False,True
0 days 01:57:22.618000,PER,11,,40.0,4.0,,0 days 01:57:22.657000,0 days 00:00:22.469000,0 days 00:00:24.759000,,0 days 01:56:32.011000,0 days 01:56:56.897000,,233.0,279.0,,289.0,False,SOFT,11.0,True,Cadillac,0 days 01:56:09.434000,,1,14.0,,,False,False
0 days 01:03:59.884000,ANT,12,0 days 00:01:27.340000,1.0,1.0,,,,0 days 00:00:26.222000,0 days 00:00:31.942000,,0 days 01:03:28.193000,0 days 01:04:00.041000,236.0,283.0,276.0,310.0,False,SOFT,5.0,False,Mercedes,0 days 01:02:32.281000,,1,2.0,,,False,False
0 days 01:05:21.331000,ANT,12,0 days 00:01:21.447000,2.0,1.0,,,0 days 00:00:23.454000,0 days 00:00:25.600000,0 days 00:00:32.393000,0 days 01:04:23.384000,0 days 01:04:48.984000,0 days 01:05:21.377000,242.0,282.0,265.0,300.0,True,SOFT,6.0,False,Mercedes,0 days 01:03:59.884000,,1,1.0,,,False,True
0 days 01:06:40.305000,ANT,12,0 days 00:01:18.974000,3.0,1.0,,,0 days 00:00:22.886000,0 days 00:00:24.922000,0 days 00:00:31.166000,0 days 01:05:44.263000,0 days 01:06:09.185000,0 days 01:06:40.351000,232.0,275.0,275.0,300.0,True,SOFT,7.0,False,Mercedes,0 days 01:05:21.331000,,1,1.0,,,False,True
0 days 01:07:58.279000,ANT,12,0 days 00:01:17.974000,4.0,1.0,,,0 days 00:00:22.389000,0 days 00:00:24.665000,0 days 00:00:30.920000,0 days 01:07:02.740000,0 days 01:07:27.405000,0 days 01:07:58.325000,234.0,274.0,273.0,299.0,True,SOFT,8.0,False,Mercedes,0 days 01:06:40.305000,,1,1.0,,,False,True
0 days 01:09:15.337000,ANT,12,0 days 00:01:17.058000,5.0,1.0,,,0 days 00:00:22.001000,0 days 00:00:24.485000,0 days 00:00:30.572000,0 days 01:08:20.326000,0 days 01:08:44.811000,0 days 01:09:15.383000,235.0,274.0,275.0,299.0,True,SOFT,9.0,False,Mercedes,0 days 01:07:58.279000,,1,1.0,,,False,True
0 days 01:10:33.047000,ANT,12,0 days 00:01:17.710000,6.0,1.0,,,0 days 00:00:21.991000,0 days 00:00:24.326000,0 days 00:00:31.393000,0 days 01:09:37.374000,0 days 01:10:01.700000,0 days 01:10:33.093000,235.0,274.0,277.0,299.0,False,SOFT,10.0,False,Mercedes,0 days 01:09:15.337000,,1,2.0,,,False,True
0 days 01:11:49.920000,ANT,12,0 days 00:01:16.873000,7.0,1.0,,,0 days 00:00:22.330000,0 days 00:00:24.415000,0 days 00:00:30.128000,0 days 01:10:55.423000,0 days 01:11:19.838000,0 days 01:11:49.966000,235.0,278.0,276.0,313.0,True,SOFT,11.0,False,Mercedes,0 days 01:10:33.047000,,1,2.0,,,False,True
0 days 01:13:05.967000,ANT,12,0 days 00:01:16.047000,8.0,1.0,,,0 days 00:00:21.720000,0 days 00:00:24.125000,0 days 00:00:30.202000,0 days 01:12:11.686000,0 days 01:12:35.811000,0 days 01:13:06.013000,237.0,279.0,272.0,310.0,True,SOFT,12.0,False,Mercedes,0 days 01:11:49.920000,,1,2.0,,,False,True
0 days 01:14:21.815000,ANT,12,0 days 00:01:15.848000,9.0,1.0,,,0 days 00:00:21.781000,0 days 00:00:24.074000,0 days 00:00:29.993000,0 days 01:13:27.794000,0 days 01:13:51.868000,0 days 01:14:21.861000,237.0,283.0,282.0,317.0,True,SOFT,13.0,False,Mercedes,0 days 01:13:05.967000,,1,2.0,,,False,True
0 days 01:15:37.555000,ANT,12,0 days 00:01:15.740000,10.0,1.0,,,0 days 00:00:21.638000,0 days 00:00:24.005000,0 days 00:00:30.097000,0 days 01:14:43.499000,0 days 01:15:07.504000,0 days 01:15:37.601000,238.0,281.0,279.0,310.0,True,SOFT,14.0,False,Mercedes,0 days 01:14:21.815000,,1,2.0,,,False,True
0 days 01:16:53.185000,ANT,12,0 days 00:01:15.630000,11.0,1.0,,,0 days 00:00:21.538000,0 days 00:00:24.042000,0 days 00:00:30.050000,0 days 01:15:59.139000,0 days 01:16:23.181000,0 days 01:16:53.231000,238.0,280.0,279.0,312.0,True,SOFT,15.0,False,Mercedes,0 days 01:15:37.555000,,1,2.0,,,False,True
0 days 01:18:09.101000,ANT,12,0 days 00:01:15.916000,12.0,1.0,,,0 days 00:00:21.512000,0 days 00:00:23.989000,0 days 00:00:30.415000,0 days 01:17:14.743000,0 days 01:17:38.732000,0 days 01:18:09.147000,238.0,280.0,302.0,302.0,False,SOFT,16.0,False,Mercedes,0 days 01:16:53.185000,,1,2.0,,,False,True
0 days 01:19:26.934000,ANT,12,0 days 00:01:17.833000,13.0,1.0,,,0 days 00:00:22.734000,0 days 00:00:24.512000,0 days 00:00:30.587000,0 days 01:18:31.881000,0 days 01:18:56.393000,0 days 01:19:26.980000,235.0,266.0,281.0,315.0,False,SOFT,17.0,False,Mercedes,0 days 01:18:09.101000,,12,2.0,,,False,True
0 days 01:20:43.060000,ANT,12,0 days 00:01:16.126000,14.0,1.0,,,0 days 00:00:21.638000,0 days 00:00:24.140000,0 days 00:00:30.348000,0 days 01:19:48.618000,0 days 01:20:12.758000,0 days 01:20:43.106000,240.0,285.0,282.0,320.0,False,SOFT,18.0,False,Mercedes,0 days 01:19:26.934000,,21,2.0,,,False,True
0 days 01:21:58.695000,ANT,12,0 days 00:01:15.635000,15.0,1.0,,,0 days 00:00:21.585000,0 days 00:00:23.961000,0 days 00:00:30.089000,0 days 01:21:04.691000,0 days 01:21:28.652000,0 days 01:21:58.741000,240.0,288.0,284.0,313.0,False,SOFT,19.0,False,Mercedes,0 days 01:20:43.060000,,1,2.0,,,False,True
0 days 01:23:14.106000,ANT,12,0 days 00:01:15.411000,16.0,1.0,,,0 days 00:00:21.581000,0 days 00:00:24.003000,0 days 00:00:29.827000,0 days 01:22:20.322000,0 days 01:22:44.325000,0 days 01:23:14.152000,241.0,287.0,285.0,325.0,True,SOFT,20.0,False,Mercedes,0 days 01:21:58.695000,,1,2.0,,,False,True
0 days 01:24:30.637000,ANT,12,0 days 00:01:16.531000,17.0,1.0,,,0 days 00:00:21.601000,0 days 00:00:24.215000,0 days 00:00:30.715000,0 days 01:23:35.753000,0 days 01:23:59.968000,0 days 01:24:30.683000,241.0,286.0,284.0,315.0,False,SOFT,21.0,False,Mercedes,0 days 01:23:14.106000,,1,2.0,,,False,True
0 days 01:25:46.352000,ANT,12,0 days 00:01:15.715000,18.0,1.0,,,0 days 00:00:21.720000,0 days 00:00:24.173000,0 days 00:00:29.822000,0 days 01:24:52.403000,0 days 01:25:16.576000,0 days 01:25:46.398000,241.0,287.0,286.0,326.0,False,SOFT,22.0,False,Mercedes,0 days 01:24:30.637000,,1,2.0,,,False,True
0 days 01:27:01.939000,ANT,12,0 days 00:01:15.587000,19.0,1.0,,,0 days 00:00:21.707000,0 days 00:00:24.079000,0 days 00:00:29.801000,0 days 01:26:08.105000,0 days 01:26:32.184000,0 days 01:27:01.985000,241.0,287.0,286.0,330.0,False,SOFT,23.0,False,Mercedes,0 days 01:25:46.352000,,12,2.0,,,False,True
0 days 01:28:17.498000,ANT,12,0 days 00:01:15.559000,20.0,1.0,,,0 days 00:00:21.660000,0 days 00:00:24.084000,0 days 00:00:29.815000,0 days 01:27:23.645000,0 days 01:27:47.729000,0 days 01:28:17.544000,240.0,286.0,283.0,327.0,False,SOFT,24.0,False,Mercedes,0 days 01:27:01.939000,,1,2.0,,,False,True
0 days 01:29:32.937000,ANT,12,0 days 00:01:15.439000,21.0,1.0,,,0 days 00:00:21.580000,0 days 00:00:23.960000,0 days 00:00:29.899000,0 days 01:28:39.124000,0 days 01:29:03.084000,0 days 01:29:32.983000,240.0,288.0,300.0,339.0,False,SOFT,25.0,False,Mercedes,0 days 01:28:17.498000,,1,2.0,,,False,True
0 days 01:30:49.119000,ANT,12,0 days 00:01:16.182000,22.0,1.0,,,0 days 00:00:22.121000,0 days 00:00:24.233000,0 days 00:00:29.828000,0 days 01:29:55.104000,0 days 01:30:19.337000,0 days 01:30:49.165000,238.0,285.0,272.0,328.0,False,SOFT,26.0,False,Mercedes,0 days 01:29:32.937000,,1,1.0,,,False,True
0 days 01:32:04.532000,ANT,12,0 days 00:01:15.413000,23.0,1.0,,,0 days 00:00:21.467000,0 days 00:00:24.151000,0 days 00:00:29.795000,0 days 01:31:10.632000,0 days 01:31:34.783000,0 days 01:32:04.578000,238.0,278.0,285.0,327.0,False,SOFT,27.0,False,Mercedes,0 days 01:30:49.119000,,1,1.0,,,False,True
0 days 01:33:20.997000,ANT,12,0 days 00:01:16.465000,24.0,1.0,,,0 days 00:00:21.380000,0 days 00:00:24.250000,0 days 00:00:30.835000,0 days 01:32:25.958000,0 days 01:32:50.208000,0 days 01:33:21.043000,236.0,278.0,270.0,325.0,False,SOFT,28.0,False,Mercedes,0 days 01:32:04.532000,,1,1.0,,,False,True
0 days 01:34:39.540000,ANT,12,0 days 00:01:18.543000,25.0,1.0,,,0 days 00:00:22.432000,0 days 00:00:25.706000,0 days 00:00:30.405000,0 days 01:33:43.475000,0 days 01:34:09.181000,0 days 01:34:39.586000,234.0,278.0,274.0,325.0,False,SOFT,29.0,False,Mercedes,0 days 01:33:20.997000,,1,2.0,,,False,True
0 days 01:35:56.020000,ANT,12,0 days 00:01:16.480000,26.0,1.0,,,0 days 00:00:21.990000,0 days 00:00:24.427000,0 days 00:00:30.063000,0 days 01:35:01.576000,0 days 01:35:26.003000,0 days 01:35:56.066000,236.0,284.0,278.0,338.0,False,SOFT,30.0,False,Mercedes,0 days 01:34:39.540000,,1,2.0,,,False,True
0 days 01:37:11.991000,ANT,12,0 days 00:01:15.971000,27.0,1.0,,,0 days 00:00:21.874000,0 days 00:00:24.201000,0 days 00:00:29.896000,0 days 01:36:17.940000,0 days 01:36:42.141000,0 days 01:37:12.037000,235.0,283.0,289.0,335.0,False,SOFT,31.0,False,Mercedes,0 days 01:35:56.020000,,1,2.0,,,False,True
0 days 01:38:28.418000,ANT,12,0 days 00:01:16.427000,28.0,1.0,,,0 days 00:00:22.056000,0 days 00:00:24.401000,0 days 00:00:29.970000,0 days 01:37:34.093000,0 days 01:37:58.494000,0 days 01:38:28.464000,238.0,286.0,282.0,338.0,False,SOFT,32.0,False,Mercedes,0 days 01:37:11.991000,,1,2.0,,,False,True
0 days 01:39:44.170000,ANT,12,0 days 00:01:15.752000,29.0,1.0,,,0 days 00:00:22.017000,0 days 00:00:24.009000,0 days 00:00:29.726000,0 days 01:38:50.481000,0 days 01:39:14.490000,0 days 01:39:44.216000,235.0,285.0,281.0,338.0,False,SOFT,33.0,False,Mercedes,0 days 01:38:28.418000,,1,2.0,,,False,True
0 days 01:41:00.531000,ANT,12,0 days 00:01:16.361000,30.0,1.0,,,0 days 00:00:21.786000,0 days 00:00:24.587000,0 days 00:00:29.988000,0 days 01:40:06.002000,0 days 01:40:30.589000,0 days 01:41:00.577000,236.0,274.0,275.0,323.0,False,SOFT,34.0,False,Mercedes,0 days 01:39:44.170000,,12,1.0,,,False,True
0 days 01:42:59.770000,ANT,12,0 days 00:01:59.239000,31.0,1.0,,0 days 01:42:36.253000,0 days 00:00:26.854000,0 days 00:00:37.012000,0 days 00:00:55.373000,0 days 01:41:27.431000,0 days 01:42:04.443000,0 days 01:42:59.816000,169.0,140.0,,270.0,False,SOFT,35.0,False,Mercedes,0 days 01:41:00.531000,,26,1.0,,,False,False
0 days 01:44:40.871000,ANT,12,0 days 00:01:41.101000,32.0,2.0,0 days 01:43:01.314000,,0 days 00:00:28.986000,0 days 00:00:34.740000,0 days 00:00:37.375000,0 days 01:43:28.802000,0 days 01:44:03.542000,0 days 01:44:40.917000,173.0,208.0,289.0,240.0,False,MEDIUM,1.0,True,Mercedes,0 days 01:42:59.770000,,671,1.0,,,False,False
0 days 01:46:00.136000,ANT,12,0 days 00:01:19.265000,33.0,2.0,,,0 days 00:00:22.882000,0 days 00:00:25.561000,0 days 00:00:30.822000,0 days 01:45:03.799000,0 days 01:45:29.360000,0 days 01:46:00.182000,239.0,266.0,268.0,294.0,False,MEDIUM,2.0,True,Mercedes,0 days 01:44:40.871000,,1,1.0,,,False,True
0 days 01:47:16.426000,ANT,12,0 days 00:01:16.290000,34.0,2.0,,,0 days 00:00:21.855000,0 days 00:00:24.269000,0 days 00:00:30.166000,0 days 01:46:22.037000,0 days 01:46:46.306000,0 days 01:47:16.472000,239.0,283.0,287.0,318.0,False,MEDIUM,3.0,True,Mercedes,0 days 01:46:00.136000,,1,1.0,,,False,True
0 days 01:48:32.527000,ANT,12,0 days 00:01:16.101000,35.0,2.0,,,0 days 00:00:21.607000,0 days 00:00:24.405000,0 days 00:00:30.089000,0 days 01:47:38.079000,0 days 01:48:02.484000,0 days 01:48:32.573000,241.0,283.0,282.0,308.0,False,MEDIUM,4.0,True,Mercedes,0 days 01:47:16.426000,,1,1.0,,,False,True
0 days 01:49:48.235000,ANT,12,0 days 00:01:15.708000,36.0,2.0,,,0 days 00:00:21.535000,0 days 00:00:24.030000,0 days 00:00:30.143000,0 days 01:48:54.108000,0 days 01:49:18.138000,0 days 01:49:48.281000,238.0,280.0,280.0,300.0,False,MEDIUM,5.0,True,Mercedes,0 days 01:48:32.527000,,1,1.0,,,False,True
0 days 01:51:03.701000,ANT,12,0 days 00:01:15.466000,37.0,2.0,,,0 days 00:00:21.359000,0 days 00:00:23.940000,0 days 00:00:30.167000,0 days 01:50:09.640000,0 days 01:50:33.580000,0 days 01:51:03.747000,240.0,281.0,281.0,303.0,False,MEDIUM,6.0,True,Mercedes,0 days 01:49:48.235000,,1,1.0,,,False,True
0 days 01:52:18.936000,ANT,12,0 days 00:01:15.235000,38.0,2.0,,,0 days 00:00:21.321000,0 days 00:00:23.936000,0 days 00:00:29.978000,0 days 01:51:25.068000,0 days 01:51:49.004000,0 days 01:52:18.982000,241.0,282.0,280.0,306.0,True,MEDIUM,7.0,True,Mercedes,0 days 01:51:03.701000,,1,1.0,,,False,True
0 days 01:53:34.226000,ANT,12,0 days 00:01:15.290000,39.0,2.0,,,0 days 00:00:21.388000,0 days 00:00:24.021000,0 days 00:00:29.881000,0 days 01:52:40.370000,0 days 01:53:04.391000,0 days 01:53:34.272000,241.0,284.0,282.0,307.0,False,MEDIUM,8.0,True,Mercedes,0 days 01:52:18.936000,,1,1.0,,,False,True
0 days 01:54:50.097000,ANT,12,0 days 00:01:15.871000,40.0,2.0,,,0 days 00:00:21.340000,0 days 00:00:24.012000,0 days 00:00:30.519000,0 days 01:53:55.612000,0 days 01:54:19.624000,0 days 01:54:50.143000,242.0,286.0,281.0,310.0,False,MEDIUM,9.0,True,Mercedes,0 days 01:53:34.226000,,12,1.0,,,False,True
0 days 01:56:08.002000,ANT,12,0 days 00:01:17.905000,41.0,2.0,,,0 days 00:00:21.690000,0 days 00:00:25.939000,0 days 00:00:30.276000,0 days 01:55:11.833000,0 days 01:55:37.772000,0 days 01:56:08.048000,241.0,285.0,277.0,301.0,False,MEDIUM,10.0,True,Mercedes,0 days 01:54:50.097000,,1,1.0,,,False,True
0 days 01:57:23.246000,ANT,12,0 days 00:01:15.244000,42.0,2.0,,,0 days 00:00:21.285000,0 days 00:00:23.963000,0 days 00:00:29.996000,0 days 01:56:29.333000,0 days 01:56:53.296000,0 days 01:57:23.292000,240.0,281.0,281.0,302.0,False,MEDIUM,11.0,True,Mercedes,0 days 01:56:08.002000,,1,1.0,,,False,True
0 days 01:58:38.060000,ANT,12,0 days 00:01:14.814000,43.0,2.0,,,0 days 00:00:21.128000,0 days 00:00:23.801000,0 days 00:00:29.885000,0 days 01:57:44.420000,0 days 01:58:08.221000,0 days 01:58:38.106000,241.0,282.0,283.0,306.0,True,MEDIUM,12.0,True,Mercedes,0 days 01:57:23.246000,,1,1.0,,,False,True
0 days 01:59:53.239000,ANT,12,0 days 00:01:15.179000,44.0,2.0,,,0 days 00:00:21.308000,0 days 00:00:23.880000,0 days 00:00:29.991000,0 days 01:58:59.414000,0 days 01:59:23.294000,0 days 01:59:53.285000,241.0,286.0,286.0,309.0,False,MEDIUM,13.0,True,Mercedes,0 days 01:58:38.060000,,1,1.0,,,False,True
0 days 02:01:08.515000,ANT,12,0 days 00:01:15.276000,45.0,2.0,,,0 days 00:00:21.378000,0 days 00:00:23.961000,0 days 00:00:29.937000,0 days 02:00:14.663000,0 days 02:00:38.624000,0 days 02:01:08.561000,241.0,283.0,283.0,306.0,False,MEDIUM,14.0,True,Mercedes,0 days 01:59:53.239000,,1,1.0,,,False,True
0 days 02:02:41.900000,ANT,12,0 days 00:01:33.385000,46.0,2.0,,,0 days 00:00:21.219000,0 days 00:00:32.216000,0 days 00:00:39.950000,0 days 02:01:29.780000,0 days 02:02:01.996000,0 days 02:02:41.946000,241.0,211.0,265.0,261.0,False,MEDIUM,15.0,True,Mercedes,0 days 02:01:08.515000,,167,1.0,,,False,False
0 days 02:03:57.777000,ANT,12,0 days 00:01:15.877000,47.0,2.0,,,0 days 00:00:21.840000,0 days 00:00:23.880000,0 days 00:00:30.157000,0 days 02:03:03.786000,0 days 02:03:27.666000,0 days 02:03:57.823000,240.0,282.0,278.0,301.0,False,MEDIUM,16.0,True,Mercedes,0 days 02:02:41.900000,,1,1.0,,,False,True
0 days 02:05:12.796000,ANT,12,0 days 00:01:15.019000,48.0,2.0,,,0 days 00:00:21.109000,0 days 00:00:23.688000,0 days 00:00:30.222000,0 days 02:04:18.932000,0 days 02:04:42.620000,0 days 02:05:12.842000,241.0,280.0,279.0,299.0,False,MEDIUM,17.0,True,Mercedes,0 days 02:03:57.777000,,1,1.0,,,False,True
0 days 02:06:27.731000,ANT,12,0 days 00:01:14.935000,49.0,2.0,,,0 days 00:00:21.120000,0 days 00:00:23.790000,0 days 00:00:30.025000,0 days 02:05:33.962000,0 days 02:05:57.752000,0 days 02:06:27.777000,240.0,281.0,277.0,299.0,False,MEDIUM,18.0,True,Mercedes,0 days 02:05:12.796000,,1,1.0,,,False,True
0 days 02:07:42.501000,ANT,12,0 days 00:01:14.770000,50.0,2.0,,,0 days 00:00:21.099000,0 days 00:00:23.646000,0 days 00:00:30.025000,0 days 02:06:48.876000,0 days 02:07:12.522000,0 days 02:07:42.547000,241.0,281.0,279.0,299.0,True,MEDIUM,19.0,True,Mercedes,0 days 02:06:27.731000,,1,1.0,,,False,True
0 days 02:08:57.105000,ANT,12,0 days 00:01:14.604000,51.0,2.0,,,0 days 00:00:21.101000,0 days 00:00:23.642000,0 days 00:00:29.861000,0 days 02:08:03.648000,0 days 02:08:27.290000,0 days 02:08:57.151000,241.0,282.0,282.0,309.0,True,MEDIUM,20.0,True,Mercedes,0 days 02:07:42.501000,,1,1.0,,,False,True
0 days 02:10:11.471000,ANT,12,0 days 00:01:14.366000,52.0,2.0,,,0 days 00:00:21.050000,0 days 00:00:23.653000,0 days 00:00:29.663000,0 days 02:09:18.201000,0 days 02:09:41.854000,0 days 02:10:11.517000,243.0,282.0,283.0,305.0,True,MEDIUM,21.0,True,Mercedes,0 days 02:08:57.105000,,1,1.0,,,False,True
0 days 02:11:57.827000,ANT,12,0 days 00:01:46.356000,53.0,2.0,,,0 days 00:00:30.277000,0 days 00:00:33.041000,0 days 00:00:43.038000,0 days 02:10:41.794000,0 days 02:11:14.835000,0 days 02:11:57.873000,179.0,210.0,234.0,239.0,False,MEDIUM,22.0,True,Mercedes,0 days 02:10:11.471000,,16,1.0,,,False,False
0 days 02:13:21.463000,ANT,12,0 days 00:01:23.636000,54.0,2.0,,,0 days 00:00:27.668000,0 days 00:00:25.392000,0 days 00:00:30.576000,0 days 02:12:25.541000,0 days 02:12:50.933000,0 days 02:13:21.509000,203.0,275.0,285.0,303.0,False,MEDIUM,23.0,True,Mercedes,0 days 02:11:57.827000,,671,1.0,,,False,False
0 days 02:14:36.850000,ANT,12,0 days 00:01:15.387000,55.0,2.0,,,0 days 00:00:21.477000,0 days 00:00:23.954000,0 days 00:00:29.956000,0 days 02:13:42.986000,0 days 02:14:06.940000,0 days 02:14:36.896000,241.0,283.0,283.0,305.0,False,MEDIUM,24.0,True,Mercedes,0 days 02:13:21.463000,,1,1.0,,,False,True
0 days 02:15:51.859000,ANT,12,0 days 00:01:15.009000,56.0,2.0,,,0 days 00:00:21.261000,0 days 00:00:24.022000,0 days 00:00:29.726000,0 days 02:14:58.157000,0 days 02:15:22.179000,0 days 02:15:51.905000,242.0,284.0,283.0,310.0,False,MEDIUM,25.0,True,Mercedes,0 days 02:14:36.850000,,1,1.0,,,False,True
0 days 02:17:06.768000,ANT,12,0 days 00:01:14.909000,57.0,2.0,,,0 days 00:00:21.203000,0 days 00:00:23.906000,0 days 00:00:29.800000,0 days 02:16:13.108000,0 days 02:16:37.014000,0 days 02:17:06.814000,241.0,282.0,278.0,304.0,False,MEDIUM,26.0,True,Mercedes,0 days 02:15:51.859000,,1,1.0,,,False,True
0 days 02:18:21.469000,ANT,12,0 days 00:01:14.701000,58.0,2.0,,,0 days 00:00:21.192000,0 days 00:00:23.678000,0 days 00:00:29.831000,0 days 02:17:28.006000,0 days 02:17:51.684000,0 days 02:18:21.515000,241.0,283.0,279.0,301.0,False,MEDIUM,27.0,True,Mercedes,0 days 02:17:06.768000,,1,1.0,,,False,True
0 days 02:19:36.259000,ANT,12,0 days 00:01:14.790000,59.0,2.0,,,0 days 00:00:21.055000,0 days 00:00:23.765000,0 days 00:00:29.970000,0 days 02:18:42.570000,0 days 02:19:06.335000,0 days 02:19:36.305000,242.0,283.0,281.0,304.0,False,MEDIUM,28.0,True,Mercedes,0 days 02:18:21.469000,,1,1.0,,,False,True
0 days 02:20:50.704000,ANT,12,0 days 00:01:14.445000,60.0,2.0,,,0 days 00:00:21.244000,0 days 00:00:23.692000,0 days 00:00:29.509000,0 days 02:19:57.549000,0 days 02:20:21.241000,0 days 02:20:50.750000,241.0,284.0,284.0,308.0,False,MEDIUM,29.0,True,Mercedes,0 days 02:19:36.259000,,1,1.0,,,False,True
0 days 02:22:05.044000,ANT,12,0 days 00:01:14.340000,61.0,2.0,,,0 days 00:00:21.105000,0 days 00:00:23.590000,0 days 00:00:29.645000,0 days 02:21:11.855000,0 days 02:21:35.445000,0 days 02:22:05.090000,243.0,287.0,258.0,317.0,True,MEDIUM,30.0,True,Mercedes,0 days 02:20:50.704000,,12,1.0,,,False,True
0 days 02:23:20.457000,ANT,12,0 days 00:01:15.413000,62.0,2.0,,,0 days 00:00:22.236000,0 days 00:00:23.657000,0 days 00:00:29.520000,0 days 02:22:27.326000,0 days 02:22:50.983000,0 days 02:23:20.503000,243.0,285.0,290.0,313.0,False,MEDIUM,31.0,True,Mercedes,0 days 02:22:05.044000,,1,1.0,,,False,True
0 days 02:24:35.183000,ANT,12,0 days 00:01:14.726000,63.0,2.0,,,0 days 00:00:21.230000,0 days 00:00:23.885000,0 days 00:00:29.611000,0 days 02:23:41.733000,0 days 02:24:05.618000,0 days 02:24:35.229000,243.0,283.0,282.0,309.0,False,MEDIUM,32.0,True,Mercedes,0 days 02:23:20.457000,,1,1.0,,,False,True
0 days 02:25:50.302000,ANT,12,0 days 00:01:15.119000,64.0,2.0,,,0 days 00:00:21.455000,0 days 00:00:23.821000,0 days 00:00:29.843000,0 days 02:24:56.684000,0 days 02:25:20.505000,0 days 02:25:50.348000,241.0,283.0,279.0,301.0,False,MEDIUM,33.0,True,Mercedes,0 days 02:24:35.183000,,1,1.0,,,False,True
0 days 02:27:05.071000,ANT,12,0 days 00:01:14.769000,65.0,2.0,,,0 days 00:00:21.101000,0 days 00:00:23.777000,0 days 00:00:29.891000,0 days 02:26:11.449000,0 days 02:26:35.226000,0 days 02:27:05.117000,241.0,282.0,280.0,301.0,False,MEDIUM,34.0,True,Mercedes,0 days 02:25:50.302000,,1,1.0,,,False,True
0 days 02:28:19.483000,ANT,12,0 days 00:01:14.412000,66.0,2.0,,,0 days 00:00:21.124000,0 days 00:00:23.791000,0 days 00:00:29.497000,0 days 02:27:26.241000,0 days 02:27:50.032000,0 days 02:28:19.529000,242.0,286.0,281.0,315.0,False,MEDIUM,35.0,True,Mercedes,0 days 02:27:05.071000,,1,1.0,,,False,True
0 days 02:29:34.092000,ANT,12,0 days 00:01:14.609000,67.0,2.0,,,0 days 00:00:21.123000,0 days 00:00:23.652000,0 days 00:00:29.834000,0 days 02:28:40.652000,0 days 02:29:04.304000,0 days 02:29:34.138000,241.0,282.0,280.0,301.0,False,MEDIUM,36.0,True,Mercedes,0 days 02:28:19.483000,,1,1.0,,,False,True
0 days 02:30:48.302000,ANT,12,0 days 00:01:14.210000,68.0,2.0,,,0 days 00:00:20.989000,0 days 00:00:23.638000,0 days 00:00:29.583000,0 days 02:29:55.127000,0 days 02:30:18.765000,0 days 02:30:48.348000,242.0,282.0,283.0,323.0,True,MEDIUM,37.0,True,Mercedes,0 days 02:29:34.092000,,1,1.0,,,False,True
0 days 01:04:08.670000,ALO,14,0 days 00:01:36.126000,1.0,1.0,,,,0 days 00:00:28.969000,0 days 00:00:32.990000,,0 days 01:03:35.822000,0 days 01:04:08.775000,209.0,274.0,273.0,322.0,False,SOFT,1.0,True,Aston Martin,0 days 01:02:32.281000,,1,14.0,,,False,False
0 days 01:05:32.378000,ALO,14,0 days 00:01:23.708000,2.0,1.0,,,0 days 00:00:24.705000,0 days 00:00:26.647000,0 days 00:00:32.356000,0 days 01:04:33.455000,0 days 01:05:00.102000,0 days 01:05:32.458000,229.0,270.0,273.0,325.0,True,SOFT,2.0,True,Aston Martin,0 days 01:04:08.670000,,1,10.0,,,False,True
0 days 01:06:53.962000,ALO,14,0 days 00:01:21.584000,3.0,1.0,,,0 days 00:00:23.899000,0 days 00:00:26.104000,0 days 00:00:31.581000,0 days 01:05:56.357000,0 days 01:06:22.461000,0 days 01:06:54.042000,228.0,270.0,274.0,310.0,True,SOFT,3.0,True,Aston Martin,0 days 01:05:32.378000,,1,10.0,,,False,True
0 days 01:08:15.594000,ALO,14,0 days 00:01:21.632000,4.0,1.0,,,0 days 00:00:23.438000,0 days 00:00:25.899000,0 days 00:00:32.295000,0 days 01:07:17.480000,0 days 01:07:43.379000,0 days 01:08:15.674000,228.0,269.0,269.0,336.0,False,SOFT,4.0,True,Aston Martin,0 days 01:06:53.962000,,1,10.0,,,False,True
0 days 01:09:35.975000,ALO,14,0 days 00:01:20.381000,5.0,1.0,,,0 days 00:00:23.438000,0 days 00:00:25.564000,0 days 00:00:31.379000,,0 days 01:09:04.676000,0 days 01:09:36.055000,230.0,271.0,269.0,315.0,True,SOFT,5.0,True,Aston Martin,0 days 01:08:15.594000,,1,10.0,,,False,True
0 days 01:10:56.917000,ALO,14,0 days 00:01:20.942000,6.0,1.0,,,0 days 00:00:23.250000,0 days 00:00:25.723000,0 days 00:00:31.969000,0 days 01:09:59.305000,0 days 01:10:25.028000,0 days 01:10:56.997000,228.0,265.0,274.0,309.0,False,SOFT,6.0,True,Aston Martin,0 days 01:09:35.975000,,1,11.0,,,False,True
0 days 01:12:16.868000,ALO,14,0 days 00:01:19.951000,7.0,1.0,,,0 days 00:00:23.165000,0 days 00:00:25.501000,0 days 00:00:31.285000,0 days 01:11:20.162000,0 days 01:11:45.663000,0 days 01:12:16.948000,229.0,268.0,267.0,314.0,True,SOFT,7.0,True,Aston Martin,0 days 01:10:56.917000,,1,11.0,,,False,True
0 days 01:13:37.487000,ALO,14,0 days 00:01:20.619000,8.0,1.0,,,0 days 00:00:23.062000,0 days 00:00:26.002000,0 days 00:00:31.555000,0 days 01:12:40.010000,0 days 01:13:06.012000,0 days 01:13:37.567000,229.0,270.0,276.0,319.0,False,SOFT,8.0,True,Aston Martin,0 days 01:12:16.868000,,1,13.0,,,False,True
0 days 01:14:57.195000,ALO,14,0 days 00:01:19.708000,9.0,1.0,,,0 days 00:00:23.368000,0 days 00:00:25.382000,0 days 00:00:30.958000,0 days 01:14:00.935000,0 days 01:14:26.317000,0 days 01:14:57.275000,232.0,271.0,270.0,317.0,True,SOFT,9.0,True,Aston Martin,0 days 01:13:37.487000,,1,14.0,,,False,True
0 days 01:16:16.830000,ALO,14,0 days 00:01:19.635000,10.0,1.0,,,0 days 00:00:22.795000,0 days 00:00:25.491000,0 days 00:00:31.349000,0 days 01:15:20.070000,0 days 01:15:45.561000,0 days 01:16:16.910000,230.0,266.0,266.0,300.0,True,SOFT,10.0,True,Aston Martin,0 days 01:14:57.195000,,1,14.0,,,False,True
0 days 01:17:36.567000,ALO,14,0 days 00:01:19.737000,11.0,1.0,,,0 days 00:00:22.837000,0 days 00:00:25.436000,0 days 00:00:31.464000,0 days 01:16:39.747000,0 days 01:17:05.183000,0 days 01:17:36.647000,228.0,264.0,265.0,299.0,False,SOFT,11.0,True,Aston Martin,0 days 01:16:16.830000,,1,14.0,,,False,True
0 days 01:18:56.701000,ALO,14,0 days 00:01:20.134000,12.0,1.0,,,0 days 00:00:22.698000,0 days 00:00:25.486000,0 days 00:00:31.950000,0 days 01:17:59.345000,0 days 01:18:24.831000,0 days 01:18:56.781000,228.0,264.0,270.0,298.0,False,SOFT,12.0,True,Aston Martin,0 days 01:17:36.567000,,12,12.0,,,False,True
0 days 01:20:17.303000,ALO,14,0 days 00:01:20.602000,13.0,1.0,,,0 days 00:00:22.744000,0 days 00:00:25.391000,0 days 00:00:32.467000,0 days 01:19:19.525000,0 days 01:19:44.916000,0 days 01:20:17.383000,231.0,266.0,271.0,294.0,False,SOFT,13.0,True,Aston Martin,0 days 01:18:56.701000,,2,12.0,,,False,True
0 days 01:21:37.002000,ALO,14,0 days 00:01:19.699000,14.0,1.0,,,0 days 00:00:22.725000,0 days 00:00:25.222000,0 days 00:00:31.752000,0 days 01:20:40.108000,0 days 01:21:05.330000,0 days 01:21:37.082000,232.0,270.0,262.0,297.0,False,SOFT,14.0,True,Aston Martin,0 days 01:20:17.303000,,21,12.0,,,False,True
0 days 01:22:57.226000,ALO,14,0 days 00:01:20.224000,15.0,1.0,,,0 days 00:00:22.883000,0 days 00:00:25.856000,0 days 00:00:31.485000,0 days 01:21:59.965000,0 days 01:22:25.821000,0 days 01:22:57.306000,227.0,269.0,279.0,322.0,False,SOFT,15.0,True,Aston Martin,0 days 01:21:37.002000,,1,12.0,,,False,True
0 days 01:24:17.635000,ALO,14,0 days 00:01:20.409000,16.0,1.0,,,0 days 00:00:23.006000,0 days 00:00:25.511000,0 days 00:00:31.892000,0 days 01:23:20.312000,0 days 01:23:45.823000,0 days 01:24:17.715000,227.0,266.0,263.0,309.0,False,SOFT,16.0,True,Aston Martin,0 days 01:22:57.226000,,1,12.0,,,False,True
0 days 01:25:38.425000,ALO,14,0 days 00:01:20.790000,17.0,1.0,,,0 days 00:00:23.037000,0 days 00:00:25.699000,0 days 00:00:32.054000,0 days 01:24:40.752000,0 days 01:25:06.451000,0 days 01:25:38.505000,228.0,264.0,274.0,296.0,False,SOFT,17.0,True,Aston Martin,0 days 01:24:17.635000,,1,13.0,,,False,True
0 days 01:26:58.766000,ALO,14,0 days 00:01:20.341000,18.0,1.0,,,0 days 00:00:23.483000,0 days 00:00:25.458000,0 days 00:00:31.400000,0 days 01:26:01.988000,0 days 01:26:27.446000,0 days 01:26:58.846000,232.0,270.0,272.0,312.0,False,SOFT,18.0,True,Aston Martin,0 days 01:25:38.425000,,12,14.0,,,False,True
0 days 01:28:20.760000,ALO,14,0 days 00:01:21.994000,19.0,1.0,,,0 days 00:00:22.971000,0 days 00:00:27.277000,0 days 00:00:31.746000,0 days 01:27:21.817000,0 days 01:27:49.094000,0 days 01:28:20.840000,231.0,267.0,273.0,303.0,False,SOFT,19.0,True,Aston Martin,0 days 01:26:58.766000,,1,14.0,,,False,True
0 days 01:29:58.014000,ALO,14,0 days 00:01:37.254000,20.0,1.0,,0 days 01:29:34.909000,0 days 00:00:22.975000,0 days 00:00:25.307000,0 days 00:00:48.972000,0 days 01:28:43.815000,0 days 01:29:09.122000,0 days 01:29:58.094000,234.0,270.0,,297.0,False,SOFT,20.0,True,Aston Martin,0 days 01:28:20.760000,,1,15.0,,,False,False
0 days 01:31:22.234000,ALO,14,0 days 00:01:24.220000,21.0,2.0,0 days 01:29:59.578000,,0 days 00:00:25.741000,0 days 00:00:26.958000,0 days 00:00:31.521000,0 days 01:30:23.835000,0 days 01:30:50.793000,0 days 01:31:22.314000,229.0,271.0,273.0,307.0,False,SOFT,1.0,True,Aston Martin,0 days 01:29:58.014000,,1,17.0,,,False,False
0 days 01:32:42.660000,ALO,14,0 days 00:01:20.426000,22.0,2.0,,,0 days 00:00:22.883000,0 days 00:00:25.451000,0 days 00:00:32.092000,0 days 01:31:45.197000,0 days 01:32:10.648000,0 days 01:32:42.740000,232.0,271.0,264.0,300.0,False,SOFT,2.0,True,Aston Martin,0 days 01:31:22.234000,,1,17.0,,,False,True
0 days 01:34:03.524000,ALO,14,0 days 00:01:20.864000,23.0,2.0,,,0 days 00:00:23.055000,0 days 00:00:25.585000,0 days 00:00:32.224000,0 days 01:33:05.795000,0 days 01:33:31.380000,0 days 01:34:03.604000,232.0,269.0,266.0,297.0,False,SOFT,3.0,True,Aston Martin,0 days 01:32:42.660000,,1,17.0,,,False,True
0 days 01:35:18.616000,ALO,14,,24.0,2.0,,0 days 01:35:18.696000,0 days 00:00:23.178000,0 days 00:00:25.951000,,0 days 01:34:26.908000,0 days 01:34:52.821000,,232.0,269.0,,309.0,False,SOFT,4.0,True,Aston Martin,0 days 01:34:03.524000,,1,17.0,,,False,False
0 days 01:04:02.997000,LEC,16,0 days 00:01:30.453000,1.0,1.0,,,,0 days 00:00:26.992000,0 days 00:00:32.102000,,0 days 01:03:30.993000,0 days 01:04:03.134000,213.0,292.0,292.0,317.0,False,SOFT,5.0,False,Ferrari,0 days 01:02:32.281000,,1,6.0,,,False,False
0 days 01:05:23.348000,LEC,16,0 days 00:01:20.351000,2.0,1.0,,,0 days 00:00:23.603000,0 days 00:00:25.524000,0 days 00:00:31.224000,0 days 01:04:26.641000,0 days 01:04:52.165000,0 days 01:05:23.389000,232.0,283.0,283.0,322.0,True,SOFT,6.0,False,Ferrari,0 days 01:04:02.997000,,1,5.0,,,False,True
0 days 01:06:42.872000,LEC,16,0 days 00:01:19.524000,3.0,1.0,,,0 days 00:00:23.229000,0 days 00:00:25.361000,0 days 00:00:30.934000,0 days 01:05:46.618000,0 days 01:06:11.979000,0 days 01:06:42.913000,231.0,283.0,290.0,327.0,True,SOFT,7.0,False,Ferrari,0 days 01:05:23.348000,,1,5.0,,,False,True
0 days 01:08:01.508000,LEC,16,0 days 00:01:18.636000,4.0,1.0,,,0 days 00:00:22.874000,0 days 00:00:25.042000,0 days 00:00:30.720000,0 days 01:07:05.787000,0 days 01:07:30.829000,0 days 01:08:01.549000,231.0,280.0,281.0,318.0,True,SOFT,8.0,False,Ferrari,0 days 01:06:42.872000,,1,5.0,,,False,True
0 days 01:09:19.316000,LEC,16,0 days 00:01:17.808000,5.0,1.0,,,0 days 00:00:22.530000,0 days 00:00:24.653000,0 days 00:00:30.625000,0 days 01:08:24.079000,0 days 01:08:48.732000,0 days 01:09:19.357000,234.0,278.0,277.0,310.0,True,SOFT,9.0,False,Ferrari,0 days 01:08:01.508000,,1,5.0,,,False,True
0 days 01:10:36.660000,LEC,16,0 days 00:01:17.344000,6.0,1.0,,,0 days 00:00:22.241000,0 days 00:00:24.459000,0 days 00:00:30.644000,0 days 01:09:41.598000,0 days 01:10:06.057000,0 days 01:10:36.701000,233.0,277.0,277.0,308.0,True,SOFT,10.0,False,Ferrari,0 days 01:09:19.316000,,1,5.0,,,False,True
0 days 01:11:53.850000,LEC,16,0 days 00:01:17.190000,7.0,1.0,,,0 days 00:00:22.143000,0 days 00:00:24.461000,0 days 00:00:30.586000,0 days 01:10:58.844000,0 days 01:11:23.305000,0 days 01:11:53.891000,233.0,275.0,276.0,308.0,True,SOFT,11.0,False,Ferrari,0 days 01:10:36.660000,,1,5.0,,,False,True
0 days 01:13:10.489000,LEC,16,0 days 00:01:16.639000,8.0,1.0,,,0 days 00:00:21.944000,0 days 00:00:24.271000,0 days 00:00:30.424000,0 days 01:12:15.835000,0 days 01:12:40.106000,0 days 01:13:10.530000,234.0,276.0,282.0,308.0,True,SOFT,12.0,False,Ferrari,0 days 01:11:53.850000,,1,5.0,,,False,True
0 days 01:14:26.968000,LEC,16,0 days 00:01:16.479000,9.0,1.0,,,0 days 00:00:21.937000,0 days 00:00:24.202000,0 days 00:00:30.340000,0 days 01:13:32.467000,0 days 01:13:56.669000,0 days 01:14:27.009000,233.0,278.0,280.0,312.0,True,SOFT,13.0,False,Ferrari,0 days 01:13:10.489000,,1,5.0,,,False,True
0 days 01:15:43.437000,LEC,16,0 days 00:01:16.469000,10.0,1.0,,,0 days 00:00:21.959000,0 days 00:00:24.276000,0 days 00:00:30.234000,0 days 01:14:48.968000,0 days 01:15:13.244000,0 days 01:15:43.478000,234.0,277.0,281.0,313.0,True,SOFT,14.0,False,Ferrari,0 days 01:14:26.968000,,1,5.0,,,False,True
0 days 01:16:59.664000,LEC,16,0 days 00:01:16.227000,11.0,1.0,,,0 days 00:00:21.871000,0 days 00:00:24.139000,0 days 00:00:30.217000,0 days 01:16:05.349000,0 days 01:16:29.488000,0 days 01:16:59.705000,236.0,279.0,279.0,313.0,True,SOFT,15.0,False,Ferrari,0 days 01:15:43.437000,,1,5.0,,,False,True
0 days 01:18:15.882000,LEC,16,0 days 00:01:16.218000,12.0,1.0,,,0 days 00:00:21.854000,0 days 00:00:24.305000,0 days 00:00:30.059000,0 days 01:17:21.559000,0 days 01:17:45.864000,0 days 01:18:15.923000,234.0,280.0,281.0,313.0,True,SOFT,16.0,False,Ferrari,0 days 01:16:59.664000,,1,5.0,,,False,True
0 days 01:19:32.711000,LEC,16,0 days 00:01:16.829000,13.0,1.0,,,0 days 00:00:21.820000,0 days 00:00:24.180000,0 days 00:00:30.829000,0 days 01:18:37.743000,0 days 01:19:01.923000,0 days 01:19:32.752000,236.0,276.0,279.0,310.0,False,SOFT,17.0,False,Ferrari,0 days 01:18:15.882000,,12,5.0,,,False,True
0 days 01:20:52.913000,LEC,16,0 days 00:01:20.202000,14.0,1.0,,,0 days 00:00:21.799000,0 days 00:00:27.573000,0 days 00:00:30.830000,0 days 01:19:54.551000,0 days 01:20:22.124000,0 days 01:20:52.954000,235.0,255.0,280.0,305.0,False,SOFT,18.0,False,Ferrari,0 days 01:19:32.711000,,21,5.0,,,False,True
0 days 01:22:09.670000,LEC,16,0 days 00:01:16.757000,15.0,1.0,,,0 days 00:00:21.920000,0 days 00:00:24.362000,0 days 00:00:30.475000,0 days 01:21:14.874000,0 days 01:21:39.236000,0 days 01:22:09.711000,234.0,275.0,273.0,305.0,False,SOFT,19.0,False,Ferrari,0 days 01:20:52.913000,,1,5.0,,,False,True
0 days 01:23:26.253000,LEC,16,0 days 00:01:16.583000,16.0,1.0,,,0 days 00:00:21.850000,0 days 00:00:24.259000,0 days 00:00:30.474000,0 days 01:22:31.561000,0 days 01:22:55.820000,0 days 01:23:26.294000,234.0,275.0,274.0,303.0,False,SOFT,20.0,False,Ferrari,0 days 01:22:09.670000,,1,5.0,,,False,True
0 days 01:24:42.806000,LEC,16,0 days 00:01:16.553000,17.0,1.0,,,0 days 00:00:21.792000,0 days 00:00:24.530000,0 days 00:00:30.231000,0 days 01:23:48.086000,0 days 01:24:12.616000,0 days 01:24:42.847000,236.0,275.0,275.0,305.0,False,SOFT,21.0,False,Ferrari,0 days 01:23:26.253000,,1,5.0,,,False,True
0 days 01:25:59.391000,LEC,16,0 days 00:01:16.585000,18.0,1.0,,,0 days 00:00:21.749000,0 days 00:00:24.298000,0 days 00:00:30.538000,0 days 01:25:04.596000,0 days 01:25:28.894000,0 days 01:25:59.432000,236.0,279.0,277.0,305.0,False,SOFT,22.0,False,Ferrari,0 days 01:24:42.806000,,1,5.0,,,False,True
0 days 01:27:15.741000,LEC,16,0 days 00:01:16.350000,19.0,1.0,,,0 days 00:00:21.844000,0 days 00:00:24.263000,0 days 00:00:30.243000,0 days 01:26:21.276000,0 days 01:26:45.539000,0 days 01:27:15.782000,235.0,276.0,277.0,305.0,False,SOFT,23.0,False,Ferrari,0 days 01:25:59.391000,,12,5.0,,,False,True
0 days 01:28:32.021000,LEC,16,0 days 00:01:16.280000,20.0,1.0,,,0 days 00:00:21.742000,0 days 00:00:24.201000,0 days 00:00:30.337000,0 days 01:27:37.524000,0 days 01:28:01.725000,0 days 01:28:32.062000,235.0,276.0,277.0,306.0,False,SOFT,24.0,False,Ferrari,0 days 01:27:15.741000,,1,5.0,,,False,True
0 days 01:29:48.285000,LEC,16,0 days 00:01:16.264000,21.0,1.0,,,0 days 00:00:21.772000,0 days 00:00:24.191000,0 days 00:00:30.301000,0 days 01:28:53.834000,0 days 01:29:18.025000,0 days 01:29:48.326000,234.0,278.0,279.0,306.0,False,SOFT,25.0,False,Ferrari,0 days 01:28:32.021000,,1,5.0,,,False,True
0 days 01:31:04.376000,LEC,16,0 days 00:01:16.091000,22.0,1.0,,,0 days 00:00:21.694000,0 days 00:00:24.229000,0 days 00:00:30.168000,0 days 01:30:10.020000,0 days 01:30:34.249000,0 days 01:31:04.417000,235.0,278.0,279.0,308.0,True,SOFT,26.0,False,Ferrari,0 days 01:29:48.285000,,1,5.0,,,False,True
0 days 01:32:20.655000,LEC,16,0 days 00:01:16.279000,23.0,1.0,,,0 days 00:00:21.692000,0 days 00:00:24.465000,0 days 00:00:30.122000,0 days 01:31:26.109000,0 days 01:31:50.574000,0 days 01:32:20.696000,236.0,280.0,281.0,309.0,False,SOFT,27.0,False,Ferrari,0 days 01:31:04.376000,,1,5.0,,,False,True
0 days 01:33:36.751000,LEC,16,0 days 00:01:16.096000,24.0,1.0,,,0 days 00:00:21.786000,0 days 00:00:24.178000,0 days 00:00:30.132000,0 days 01:32:42.482000,0 days 01:33:06.660000,0 days 01:33:36.792000,234.0,280.0,281.0,314.0,False,SOFT,28.0,False,Ferrari,0 days 01:32:20.655000,,1,5.0,,,False,True
0 days 01:34:52.997000,LEC,16,0 days 00:01:16.246000,25.0,1.0,,,0 days 00:00:21.632000,0 days 00:00:24.347000,0 days 00:00:30.267000,0 days 01:33:58.424000,0 days 01:34:22.771000,0 days 01:34:53.038000,236.0,278.0,279.0,310.0,False,SOFT,29.0,False,Ferrari,0 days 01:33:36.751000,,1,5.0,,,False,True
0 days 01:36:09.276000,LEC,16,0 days 00:01:16.279000,26.0,1.0,,,0 days 00:00:21.890000,0 days 00:00:24.272000,0 days 00:00:30.117000,0 days 01:35:14.928000,0 days 01:35:39.200000,0 days 01:36:09.317000,234.0,280.0,280.0,306.0,False,SOFT,30.0,False,Ferrari,0 days 01:34:52.997000,,1,5.0,,,False,True
0 days 01:37:25.366000,LEC,16,0 days 00:01:16.090000,27.0,1.0,,,0 days 00:00:21.784000,0 days 00:00:24.189000,0 days 00:00:30.117000,0 days 01:36:31.101000,0 days 01:36:55.290000,0 days 01:37:25.407000,234.0,279.0,279.0,306.0,True,SOFT,31.0,False,Ferrari,0 days 01:36:09.276000,,1,5.0,,,False,True
0 days 01:38:41.827000,LEC,16,0 days 00:01:16.461000,28.0,1.0,,,0 days 00:00:21.615000,0 days 00:00:24.110000,0 days 00:00:30.736000,0 days 01:37:47.022000,0 days 01:38:11.132000,0 days 01:38:41.868000,235.0,280.0,276.0,305.0,False,SOFT,32.0,False,Ferrari,0 days 01:37:25.366000,,1,5.0,,,False,True
0 days 01:39:58.123000,LEC,16,0 days 00:01:16.296000,29.0,1.0,,,0 days 00:00:21.946000,0 days 00:00:24.230000,0 days 00:00:30.120000,0 days 01:39:03.814000,0 days 01:39:28.044000,0 days 01:39:58.164000,235.0,279.0,280.0,306.0,False,SOFT,33.0,False,Ferrari,0 days 01:38:41.827000,,1,5.0,,,False,True
0 days 01:41:18.211000,LEC,16,0 days 00:01:20.088000,30.0,1.0,,,0 days 00:00:21.752000,0 days 00:00:24.885000,0 days 00:00:33.451000,0 days 01:40:19.916000,0 days 01:40:44.801000,0 days 01:41:18.252000,236.0,264.0,88.0,310.0,False,SOFT,34.0,False,Ferrari,0 days 01:39:58.123000,,126,4.0,,,False,False
0 days 01:43:23.696000,LEC,16,0 days 00:02:05.485000,31.0,1.0,,0 days 01:42:55.080000,0 days 00:00:29.755000,0 days 00:00:36.557000,0 days 00:00:59.173000,0 days 01:41:48.007000,0 days 01:42:24.564000,0 days 01:43:23.737000,180.0,149.0,,269.0,False,SOFT,35.0,False,Ferrari,0 days 01:41:18.211000,,6,5.0,,,False,False
0 days 01:44:59.116000,LEC,16,0 days 00:01:35.420000,32.0,2.0,0 days 01:43:25.314000,,0 days 00:00:30.373000,0 days 00:00:32.655000,0 days 00:00:32.392000,0 days 01:43:54.110000,0 days 01:44:26.765000,0 days 01:44:59.157000,187.0,236.0,285.0,293.0,False,MEDIUM,1.0,True,Ferrari,0 days 01:43:23.696000,,671,5.0,,,False,False
0 days 01:46:16.735000,LEC,16,0 days 00:01:17.619000,33.0,2.0,,,0 days 00:00:22.431000,0 days 00:00:24.782000,0 days 00:00:30.406000,0 days 01:45:21.588000,0 days 01:45:46.370000,0 days 01:46:16.776000,234.0,280.0,285.0,314.0,False,MEDIUM,2.0,True,Ferrari,0 days 01:44:59.116000,,1,5.0,,,False,True
0 days 01:47:33.788000,LEC,16,0 days 00:01:17.053000,34.0,2.0,,,0 days 00:00:21.987000,0 days 00:00:24.297000,0 days 00:00:30.769000,0 days 01:46:38.763000,0 days 01:47:03.060000,0 days 01:47:33.829000,237.0,288.0,268.0,304.0,False,MEDIUM,3.0,True,Ferrari,0 days 01:46:16.735000,,1,5.0,,,False,True
0 days 01:48:50.039000,LEC,16,0 days 00:01:16.251000,35.0,2.0,,,0 days 00:00:22.018000,0 days 00:00:24.109000,0 days 00:00:30.124000,0 days 01:47:55.847000,0 days 01:48:19.956000,0 days 01:48:50.080000,237.0,285.0,285.0,320.0,False,MEDIUM,4.0,True,Ferrari,0 days 01:47:33.788000,,1,5.0,,,False,True
0 days 01:50:06.228000,LEC,16,0 days 00:01:16.189000,36.0,2.0,,,0 days 00:00:21.997000,0 days 00:00:24.387000,0 days 00:00:29.805000,0 days 01:49:12.077000,0 days 01:49:36.464000,0 days 01:50:06.269000,237.0,280.0,291.0,322.0,False,MEDIUM,5.0,True,Ferrari,0 days 01:48:50.039000,,1,5.0,,,False,True
0 days 01:51:21.525000,LEC,16,0 days 00:01:15.297000,37.0,2.0,,,0 days 00:00:21.737000,0 days 00:00:24.120000,0 days 00:00:29.440000,0 days 01:50:28.006000,0 days 01:50:52.126000,0 days 01:51:21.566000,236.0,285.0,307.0,330.0,True,MEDIUM,6.0,True,Ferrari,0 days 01:50:06.228000,,1,5.0,,,False,True
0 days 01:52:36.889000,LEC,16,0 days 00:01:15.364000,38.0,2.0,,,0 days 00:00:21.804000,0 days 00:00:23.911000,0 days 00:00:29.649000,0 days 01:51:43.370000,0 days 01:52:07.281000,0 days 01:52:36.930000,237.0,283.0,288.0,332.0,False,MEDIUM,7.0,True,Ferrari,0 days 01:51:21.525000,,1,5.0,,,False,True
0 days 01:53:52.700000,LEC,16,0 days 00:01:15.811000,39.0,2.0,,,0 days 00:00:21.970000,0 days 00:00:24.193000,0 days 00:00:29.648000,0 days 01:52:58.900000,0 days 01:53:23.093000,0 days 01:53:52.741000,237.0,284.0,280.0,316.0,False,MEDIUM,8.0,True,Ferrari,0 days 01:52:36.889000,,1,4.0,,,False,True
0 days 01:55:08.308000,LEC,16,0 days 00:01:15.608000,40.0,2.0,,,0 days 00:00:21.503000,0 days 00:00:23.995000,0 days 00:00:30.110000,0 days 01:54:14.244000,0 days 01:54:38.239000,0 days 01:55:08.349000,238.0,278.0,277.0,305.0,False,MEDIUM,9.0,True,Ferrari,0 days 01:53:52.700000,,12,4.0,,,False,True
0 days 01:56:23.920000,LEC,16,0 days 00:01:15.612000,41.0,2.0,,,0 days 00:00:21.587000,0 days 00:00:24.052000,0 days 00:00:29.973000,0 days 01:55:29.936000,0 days 01:55:53.988000,0 days 01:56:23.961000,237.0,283.0,278.0,309.0,False,MEDIUM,10.0,True,Ferrari,0 days 01:55:08.308000,,1,4.0,,,False,True
0 days 01:57:39.582000,LEC,16,0 days 00:01:15.662000,42.0,2.0,,,0 days 00:00:21.533000,0 days 00:00:24.096000,0 days 00:00:30.033000,0 days 01:56:45.494000,0 days 01:57:09.590000,0 days 01:57:39.623000,237.0,279.0,281.0,301.0,False,MEDIUM,11.0,True,Ferrari,0 days 01:56:23.920000,,1,4.0,,,False,True
0 days 01:58:55.102000,LEC,16,0 days 00:01:15.520000,43.0,2.0,,,0 days 00:00:21.570000,0 days 00:00:23.911000,0 days 00:00:30.039000,0 days 01:58:01.193000,0 days 01:58:25.104000,0 days 01:58:55.143000,236.0,279.0,278.0,303.0,False,MEDIUM,12.0,True,Ferrari,0 days 01:57:39.582000,,1,4.0,,,False,True
0 days 02:00:10.471000,LEC,16,0 days 00:01:15.369000,44.0,2.0,,,0 days 00:00:21.499000,0 days 00:00:23.875000,0 days 00:00:29.995000,0 days 01:59:16.642000,0 days 01:59:40.517000,0 days 02:00:10.512000,238.0,280.0,280.0,304.0,False,MEDIUM,13.0,True,Ferrari,0 days 01:58:55.102000,,1,4.0,,,False,True
0 days 02:01:25.851000,LEC,16,0 days 00:01:15.380000,45.0,2.0,,,0 days 00:00:21.350000,0 days 00:00:23.808000,0 days 00:00:30.222000,0 days 02:00:31.862000,0 days 02:00:55.670000,0 days 02:01:25.892000,238.0,282.0,280.0,307.0,False,MEDIUM,14.0,True,Ferrari,0 days 02:00:10.471000,,1,4.0,,,False,True
0 days 02:02:57.646000,LEC,16,0 days 00:01:31.795000,46.0,2.0,,,0 days 00:00:28.262000,0 days 00:00:31.124000,0 days 00:00:32.409000,0 days 02:01:54.154000,0 days 02:02:25.278000,0 days 02:02:57.687000,240.0,178.0,288.0,303.0,False,MEDIUM,15.0,True,Ferrari,0 days 02:01:25.851000,,167,4.0,,,False,False
0 days 02:04:13.006000,LEC,16,0 days 00:01:15.360000,47.0,2.0,,,0 days 00:00:21.424000,0 days 00:00:23.966000,0 days 00:00:29.970000,0 days 02:03:19.111000,0 days 02:03:43.077000,0 days 02:04:13.047000,238.0,280.0,281.0,305.0,False,MEDIUM,16.0,True,Ferrari,0 days 02:02:57.646000,,1,4.0,,,False,True
0 days 02:05:28.609000,LEC,16,0 days 00:01:15.603000,48.0,2.0,,,0 days 00:00:21.452000,0 days 00:00:24.042000,0 days 00:00:30.109000,0 days 02:04:34.499000,0 days 02:04:58.541000,0 days 02:05:28.650000,237.0,280.0,282.0,304.0,False,MEDIUM,17.0,True,Ferrari,0 days 02:04:13.006000,,1,4.0,,,False,True
0 days 02:06:44.307000,LEC,16,0 days 00:01:15.698000,49.0,2.0,,,0 days 00:00:21.558000,0 days 00:00:24.001000,0 days 00:00:30.139000,0 days 02:05:50.208000,0 days 02:06:14.209000,0 days 02:06:44.348000,237.0,279.0,277.0,298.0,False,MEDIUM,18.0,True,Ferrari,0 days 02:05:28.609000,,1,4.0,,,False,True
0 days 02:07:59.740000,LEC,16,0 days 00:01:15.433000,50.0,2.0,,,0 days 00:00:21.447000,0 days 00:00:23.797000,0 days 00:00:30.189000,0 days 02:07:05.795000,0 days 02:07:29.592000,0 days 02:07:59.781000,237.0,280.0,276.0,299.0,False,MEDIUM,19.0,True,Ferrari,0 days 02:06:44.307000,,1,4.0,,,False,True
0 days 02:09:16.860000,LEC,16,0 days 00:01:17.120000,51.0,2.0,,,0 days 00:00:22.898000,0 days 00:00:24.188000,0 days 00:00:30.034000,0 days 02:08:22.679000,0 days 02:08:46.867000,0 days 02:09:16.901000,229.0,278.0,279.0,300.0,False,MEDIUM,20.0,True,Ferrari,0 days 02:07:59.740000,,1,4.0,,,False,True
0 days 02:10:40.097000,LEC,16,0 days 00:01:23.237000,52.0,2.0,,,0 days 00:00:21.419000,0 days 00:00:23.778000,0 days 00:00:38.040000,0 days 02:09:38.320000,0 days 02:10:02.098000,0 days 02:10:40.138000,238.0,280.0,226.0,211.0,False,MEDIUM,21.0,True,Ferrari,0 days 02:09:16.860000,,16,4.0,,,False,False
0 days 02:12:27.364000,LEC,16,0 days 00:01:47.267000,53.0,2.0,,,0 days 00:00:28.873000,0 days 00:00:33.476000,0 days 00:00:44.918000,0 days 02:11:09.011000,0 days 02:11:42.487000,0 days 02:12:27.405000,200.0,166.0,273.0,247.0,False,MEDIUM,22.0,True,Ferrari,0 days 02:10:40.097000,,671,4.0,,,False,False
0 days 02:13:45.281000,LEC,16,0 days 00:01:17.917000,54.0,2.0,,,0 days 00:00:22.809000,0 days 00:00:24.788000,0 days 00:00:30.320000,0 days 02:12:50.214000,0 days 02:13:15.002000,0 days 02:13:45.322000,234.0,281.0,284.0,304.0,False,MEDIUM,23.0,True,Ferrari,0 days 02:12:27.364000,,1,4.0,,,False,True
0 days 02:15:01.890000,LEC,16,0 days 00:01:16.609000,55.0,2.0,,,0 days 00:00:21.709000,0 days 00:00:24.207000,0 days 00:00:30.693000,0 days 02:14:07.031000,0 days 02:14:31.238000,0 days 02:15:01.931000,237.0,282.0,278.0,309.0,False,MEDIUM,24.0,True,Ferrari,0 days 02:13:45.281000,,1,4.0,,,False,True
0 days 02:16:17.862000,LEC,16,0 days 00:01:15.972000,56.0,2.0,,,0 days 00:00:21.727000,0 days 00:00:24.045000,0 days 00:00:30.200000,0 days 02:15:23.658000,0 days 02:15:47.703000,0 days 02:16:17.903000,239.0,279.0,280.0,302.0,False,MEDIUM,25.0,True,Ferrari,0 days 02:15:01.890000,,1,4.0,,,False,True
0 days 02:17:33.737000,LEC,16,0 days 00:01:15.875000,57.0,2.0,,,0 days 00:00:21.691000,0 days 00:00:23.992000,0 days 00:00:30.192000,0 days 02:16:39.594000,0 days 02:17:03.586000,0 days 02:17:33.778000,239.0,279.0,277.0,299.0,False,MEDIUM,26.0,True,Ferrari,0 days 02:16:17.862000,,1,4.0,,,False,True
0 days 02:18:49.707000,LEC,16,0 days 00:01:15.970000,58.0,2.0,,,0 days 00:00:21.707000,0 days 00:00:24.046000,0 days 00:00:30.217000,0 days 02:17:55.485000,0 days 02:18:19.531000,0 days 02:18:49.748000,238.0,279.0,278.0,299.0,False,MEDIUM,27.0,True,Ferrari,0 days 02:17:33.737000,,1,4.0,,,False,True
0 days 02:20:05.688000,LEC,16,0 days 00:01:15.981000,59.0,2.0,,,0 days 00:00:21.651000,0 days 00:00:24.071000,0 days 00:00:30.259000,0 days 02:19:11.399000,0 days 02:19:35.470000,0 days 02:20:05.729000,238.0,279.0,281.0,301.0,False,MEDIUM,28.0,True,Ferrari,0 days 02:18:49.707000,,1,4.0,,,False,True
0 days 02:21:21.238000,LEC,16,0 days 00:01:15.550000,60.0,2.0,,,0 days 00:00:21.531000,0 days 00:00:23.935000,0 days 00:00:30.084000,0 days 02:20:27.260000,0 days 02:20:51.195000,0 days 02:21:21.279000,237.0,280.0,278.0,302.0,False,MEDIUM,29.0,True,Ferrari,0 days 02:20:05.688000,,1,4.0,,,False,True
0 days 02:22:36.635000,LEC,16,0 days 00:01:15.397000,61.0,2.0,,,0 days 00:00:21.510000,0 days 00:00:23.993000,0 days 00:00:29.894000,0 days 02:21:42.789000,0 days 02:22:06.782000,0 days 02:22:36.676000,239.0,280.0,282.0,306.0,False,MEDIUM,30.0,True,Ferrari,0 days 02:21:21.238000,,12,4.0,,,False,True
0 days 02:23:52.209000,LEC,16,0 days 00:01:15.574000,62.0,2.0,,,0 days 00:00:21.556000,0 days 00:00:24.097000,0 days 00:00:29.921000,0 days 02:22:58.232000,0 days 02:23:22.329000,0 days 02:23:52.250000,238.0,283.0,279.0,305.0,False,MEDIUM,31.0,True,Ferrari,0 days 02:22:36.635000,,1,4.0,,,False,True
0 days 02:25:08.126000,LEC,16,0 days 00:01:15.917000,63.0,2.0,,,0 days 00:00:21.545000,0 days 00:00:24.019000,0 days 00:00:30.353000,0 days 02:24:13.795000,0 days 02:24:37.814000,0 days 02:25:08.167000,237.0,279.0,279.0,300.0,False,MEDIUM,32.0,True,Ferrari,0 days 02:23:52.209000,,1,4.0,,,False,True
0 days 02:26:24.777000,LEC,16,0 days 00:01:16.651000,64.0,2.0,,,0 days 00:00:22.007000,0 days 00:00:24.313000,0 days 00:00:30.331000,0 days 02:25:30.174000,0 days 02:25:54.487000,0 days 02:26:24.818000,236.0,278.0,280.0,299.0,False,MEDIUM,33.0,True,Ferrari,0 days 02:25:08.126000,,1,4.0,,,False,True
0 days 02:27:41.249000,LEC,16,0 days 00:01:16.472000,65.0,2.0,,,0 days 00:00:21.868000,0 days 00:00:24.105000,0 days 00:00:30.499000,0 days 02:26:46.686000,0 days 02:27:10.791000,0 days 02:27:41.290000,238.0,278.0,279.0,299.0,False,MEDIUM,34.0,True,Ferrari,0 days 02:26:24.777000,,1,4.0,,,False,True
0 days 02:28:58.459000,LEC,16,0 days 00:01:17.210000,66.0,2.0,,,0 days 00:00:22.020000,0 days 00:00:24.500000,0 days 00:00:30.690000,0 days 02:28:03.310000,0 days 02:28:27.810000,0 days 02:28:58.500000,236.0,280.0,281.0,300.0,False,MEDIUM,35.0,True,Ferrari,0 days 02:27:41.249000,,1,4.0,,,False,True
0 days 02:30:14.927000,LEC,16,0 days 00:01:16.468000,67.0,2.0,,,0 days 00:00:21.779000,0 days 00:00:24.328000,0 days 00:00:30.361000,0 days 02:29:20.279000,0 days 02:29:44.607000,0 days 02:30:14.968000,239.0,282.0,281.0,302.0,False,MEDIUM,36.0,True,Ferrari,0 days 02:28:58.459000,,1,4.0,,,False,True
0 days 02:31:32.453000,LEC,16,0 days 00:01:17.526000,68.0,2.0,,,0 days 00:00:21.820000,0 days 00:00:24.493000,0 days 00:00:31.213000,0 days 02:30:36.788000,0 days 02:31:01.281000,0 days 02:31:32.494000,239.0,281.0,238.0,303.0,False,MEDIUM,37.0,True,Ferrari,0 days 02:30:14.927000,,1,4.0,,,False,True
0 days 01:04:14.389000,STR,18,0 days 00:01:41.845000,1.0,1.0,0 days 01:02:46.593000,,,0 days 00:00:27.978000,0 days 00:00:33.166000,,0 days 01:03:41.478000,0 days 01:04:14.547000,223.0,266.0,266.0,303.0,False,SOFT,1.0,True,Aston Martin,0 days 01:02:32.281000,,1,20.0,,,False,False
0 days 01:05:39.467000,STR,18,0 days 00:01:25.078000,2.0,1.0,,,0 days 00:00:24.736000,0 days 00:00:27.472000,0 days 00:00:32.870000,0 days 01:04:39.179000,0 days 01:05:06.651000,0 days 01:05:39.521000,223.0,270.0,270.0,315.0,True,SOFT,2.0,True,Aston Martin,0 days 01:04:14.389000,,1,16.0,,,False,True
0 days 01:07:03.980000,STR,18,0 days 00:01:24.513000,3.0,1.0,,,0 days 00:00:25.059000,0 days 00:00:27.322000,0 days 00:00:32.132000,0 days 01:06:04.580000,0 days 01:06:31.902000,0 days 01:07:04.034000,219.0,267.0,267.0,308.0,True,SOFT,3.0,True,Aston Martin,0 days 01:05:39.467000,,1,15.0,,,False,True
0 days 01:08:26.498000,STR,18,0 days 00:01:22.518000,4.0,1.0,,,0 days 00:00:23.609000,0 days 00:00:26.809000,0 days 00:00:32.100000,0 days 01:07:27.643000,0 days 01:07:54.452000,0 days 01:08:26.552000,227.0,270.0,267.0,307.0,True,SOFT,4.0,True,Aston Martin,0 days 01:07:03.980000,,1,16.0,,,False,True
0 days 01:09:48.361000,STR,18,0 days 00:01:21.863000,5.0,1.0,,,0 days 00:00:23.563000,0 days 00:00:26.125000,0 days 00:00:32.175000,0 days 01:08:50.115000,0 days 01:09:16.240000,0 days 01:09:48.415000,227.0,266.0,267.0,310.0,True,SOFT,5.0,True,Aston Martin,0 days 01:08:26.498000,,1,16.0,,,False,True
0 days 01:11:09.198000,STR,18,0 days 00:01:20.837000,6.0,1.0,,,0 days 00:00:23.248000,0 days 00:00:25.710000,0 days 00:00:31.879000,0 days 01:10:11.663000,0 days 01:10:37.373000,0 days 01:11:09.252000,229.0,267.0,263.0,296.0,True,SOFT,6.0,True,Aston Martin,0 days 01:09:48.361000,,1,16.0,,,False,True
0 days 01:12:30.099000,STR,18,0 days 00:01:20.901000,7.0,1.0,,,0 days 00:00:23.232000,0 days 00:00:25.878000,0 days 00:00:31.791000,0 days 01:11:32.484000,0 days 01:11:58.362000,0 days 01:12:30.153000,226.0,262.0,269.0,297.0,False,SOFT,7.0,True,Aston Martin,0 days 01:11:09.198000,,1,16.0,,,False,True
0 days 01:13:53.692000,STR,18,0 days 00:01:23.593000,8.0,1.0,,,0 days 00:00:22.996000,0 days 00:00:28.718000,0 days 00:00:31.879000,0 days 01:12:53.149000,0 days 01:13:21.867000,0 days 01:13:53.746000,231.0,262.0,269.0,308.0,False,SOFT,8.0,True,Aston Martin,0 days 01:12:30.099000,,1,17.0,,,False,True
0 days 01:15:14.596000,STR,18,0 days 00:01:20.904000,9.0,1.0,,,0 days 00:00:23.235000,0 days 00:00:26.017000,0 days 00:00:31.652000,0 days 01:14:16.981000,0 days 01:14:42.998000,0 days 01:15:14.650000,232.0,273.0,268.0,308.0,False,SOFT,9.0,True,Aston Martin,0 days 01:13:53.692000,,1,18.0,,,False,True
0 days 01:16:34.862000,STR,18,0 days 00:01:20.266000,10.0,1.0,,,0 days 00:00:23.112000,0 days 00:00:25.562000,0 days 00:00:31.592000,0 days 01:15:37.762000,0 days 01:16:03.324000,0 days 01:16:34.916000,233.0,271.0,258.0,311.0,True,SOFT,10.0,True,Aston Martin,0 days 01:15:14.596000,,1,18.0,,,False,True
0 days 01:17:55.436000,STR,18,0 days 00:01:20.574000,11.0,1.0,,,0 days 00:00:23.149000,0 days 00:00:25.550000,0 days 00:00:31.875000,0 days 01:16:58.065000,0 days 01:17:23.615000,0 days 01:17:55.490000,231.0,268.0,267.0,297.0,False,SOFT,11.0,True,Aston Martin,0 days 01:16:34.862000,,1,19.0,,,False,True
0 days 01:19:15.569000,STR,18,0 days 00:01:20.133000,12.0,1.0,,,0 days 00:00:23.103000,0 days 00:00:25.491000,0 days 00:00:31.539000,0 days 01:18:18.593000,0 days 01:18:44.084000,0 days 01:19:15.623000,232.0,269.0,267.0,310.0,True,SOFT,12.0,True,Aston Martin,0 days 01:17:55.436000,,12,17.0,,,False,True
0 days 01:20:36.095000,STR,18,0 days 00:01:20.526000,13.0,1.0,,,0 days 00:00:22.889000,0 days 00:00:25.398000,0 days 00:00:32.239000,0 days 01:19:38.512000,0 days 01:20:03.910000,0 days 01:20:36.149000,230.0,267.0,264.0,304.0,False,SOFT,13.0,True,Aston Martin,0 days 01:19:15.569000,,21,18.0,,,False,True
0 days 01:22:12.306000,STR,18,0 days 00:01:36.211000,14.0,1.0,,0 days 01:21:49.716000,0 days 00:00:23.023000,0 days 00:00:25.498000,0 days 00:00:47.690000,0 days 01:20:59.172000,0 days 01:21:24.670000,0 days 01:22:12.360000,229.0,267.0,,314.0,False,SOFT,14.0,True,Aston Martin,0 days 01:20:36.095000,,1,19.0,,,False,False
0 days 01:23:38.117000,STR,18,0 days 00:01:25.811000,15.0,2.0,0 days 01:22:13.966000,,0 days 00:00:26.518000,0 days 00:00:26.997000,0 days 00:00:32.296000,0 days 01:22:38.878000,0 days 01:23:05.875000,0 days 01:23:38.171000,226.0,265.0,260.0,288.0,False,SOFT,1.0,True,Aston Martin,0 days 01:22:12.306000,,1,19.0,,,False,False
0 days 01:25:00.153000,STR,18,0 days 00:01:22.036000,16.0,2.0,,,0 days 00:00:23.335000,0 days 00:00:25.734000,0 days 00:00:32.967000,0 days 01:24:01.506000,0 days 01:24:27.240000,0 days 01:25:00.207000,229.0,266.0,262.0,283.0,False,SOFT,2.0,True,Aston Martin,0 days 01:23:38.117000,,1,19.0,,,False,True
0 days 01:26:21.288000,STR,18,0 days 00:01:21.135000,17.0,2.0,,,0 days 00:00:23.174000,0 days 00:00:25.688000,0 days 00:00:32.273000,0 days 01:25:23.381000,0 days 01:25:49.069000,0 days 01:26:21.342000,229.0,266.0,270.0,285.0,False,SOFT,3.0,True,Aston Martin,0 days 01:25:00.153000,,12,19.0,,,False,True
0 days 01:27:40.968000,STR,18,0 days 00:01:19.680000,18.0,2.0,,,0 days 00:00:22.989000,0 days 00:00:25.362000,0 days 00:00:31.329000,0 days 01:26:44.331000,0 days 01:27:09.693000,0 days 01:27:41.022000,232.0,270.0,262.0,309.0,True,SOFT,4.0,True,Aston Martin,0 days 01:26:21.288000,,21,19.0,,,False,True
0 days 01:29:01.004000,STR,18,0 days 00:01:20.036000,19.0,2.0,,,0 days 00:00:22.824000,0 days 00:00:25.718000,0 days 00:00:31.494000,0 days 01:28:03.846000,0 days 01:28:29.564000,0 days 01:29:01.058000,229.0,265.0,252.0,296.0,False,SOFT,5.0,True,Aston Martin,0 days 01:27:40.968000,,1,19.0,,,False,True
0 days 01:30:24.046000,STR,18,0 days 00:01:23.042000,20.0,2.0,,,0 days 00:00:24.332000,0 days 00:00:25.510000,0 days 00:00:33.200000,0 days 01:29:25.390000,0 days 01:29:50.900000,0 days 01:30:24.100000,228.0,265.0,271.0,296.0,False,SOFT,6.0,True,Aston Martin,0 days 01:29:01.004000,,1,19.0,,,False,True
0 days 01:31:43.908000,STR,18,0 days 00:01:19.862000,21.0,2.0,,,0 days 00:00:22.823000,0 days 00:00:25.325000,0 days 00:00:31.714000,0 days 01:30:46.923000,0 days 01:31:12.248000,0 days 01:31:43.962000,233.0,269.0,261.0,291.0,False,SOFT,7.0,True,Aston Martin,0 days 01:30:24.046000,,1,19.0,,,False,True
0 days 01:33:05.161000,STR,18,0 days 00:01:21.253000,22.0,2.0,,,0 days 00:00:22.790000,0 days 00:00:26.164000,0 days 00:00:32.299000,0 days 01:32:06.752000,0 days 01:32:32.916000,0 days 01:33:05.215000,228.0,259.0,274.0,314.0,False,SOFT,8.0,True,Aston Martin,0 days 01:31:43.908000,,1,19.0,,,False,True
0 days 01:34:24.283000,STR,18,0 days 00:01:19.122000,23.0,2.0,,,0 days 00:00:22.685000,0 days 00:00:25.176000,0 days 00:00:31.261000,0 days 01:33:27.900000,0 days 01:33:53.076000,0 days 01:34:24.337000,235.0,271.0,269.0,302.0,True,SOFT,9.0,True,Aston Martin,0 days 01:33:05.161000,,1,19.0,,,False,True
0 days 01:35:43.425000,STR,18,0 days 00:01:19.142000,24.0,2.0,,,0 days 00:00:22.627000,0 days 00:00:25.235000,0 days 00:00:31.280000,0 days 01:34:46.964000,0 days 01:35:12.199000,0 days 01:35:43.479000,232.0,268.0,269.0,298.0,False,SOFT,10.0,True,Aston Martin,0 days 01:34:24.283000,,1,19.0,,,False,True
0 days 01:37:02.501000,STR,18,0 days 00:01:19.076000,25.0,2.0,,,0 days 00:00:22.524000,0 days 00:00:25.234000,0 days 00:00:31.318000,0 days 01:36:06.003000,0 days 01:36:31.237000,0 days 01:37:02.555000,232.0,268.0,266.0,294.0,True,SOFT,11.0,True,Aston Martin,0 days 01:35:43.425000,,1,18.0,,,False,True
0 days 01:38:23.072000,STR,18,0 days 00:01:20.571000,26.0,2.0,,,0 days 00:00:22.720000,0 days 00:00:25.308000,0 days 00:00:32.543000,0 days 01:37:25.275000,0 days 01:37:50.583000,0 days 01:38:23.126000,232.0,268.0,268.0,277.0,False,SOFT,12.0,True,Aston Martin,0 days 01:37:02.501000,,1,18.0,,,False,True
0 days 01:39:42.467000,STR,18,0 days 00:01:19.395000,27.0,2.0,,,0 days 00:00:22.828000,0 days 00:00:25.263000,0 days 00:00:31.304000,0 days 01:38:45.954000,0 days 01:39:11.217000,0 days 01:39:42.521000,232.0,269.0,269.0,298.0,False,SOFT,13.0,True,Aston Martin,0 days 01:38:23.072000,,1,18.0,,,False,True
0 days 01:41:05.326000,STR,18,0 days 00:01:22.859000,28.0,2.0,,,0 days 00:00:24.661000,0 days 00:00:26.679000,0 days 00:00:31.519000,0 days 01:40:07.182000,0 days 01:40:33.861000,0 days 01:41:05.380000,230.0,272.0,267.0,302.0,False,SOFT,14.0,True,Aston Martin,0 days 01:39:42.467000,,12,18.0,,,False,True
0 days 01:42:48.219000,STR,18,0 days 00:01:42.893000,29.0,2.0,,,0 days 00:00:29.555000,0 days 00:00:36.851000,0 days 00:00:36.487000,0 days 01:41:34.935000,0 days 01:42:11.786000,0 days 01:42:48.273000,153.0,225.0,238.0,278.0,False,SOFT,15.0,True,Aston Martin,0 days 01:41:05.326000,,26,18.0,,,False,False
0 days 01:44:32.986000,STR,18,0 days 00:01:44.767000,30.0,2.0,,,0 days 00:00:32.374000,0 days 00:00:34.879000,0 days 00:00:37.514000,0 days 01:43:20.647000,0 days 01:43:55.526000,0 days 01:44:33.040000,168.0,153.0,262.0,268.0,False,SOFT,16.0,True,Aston Martin,0 days 01:42:48.219000,,671,17.0,,,False,False
0 days 01:45:55.216000,STR,18,0 days 00:01:22.230000,31.0,2.0,,,0 days 00:00:23.789000,0 days 00:00:26.427000,0 days 00:00:32.014000,0 days 01:44:56.829000,0 days 01:45:23.256000,0 days 01:45:55.270000,228.0,268.0,269.0,266.0,False,SOFT,17.0,True,Aston Martin,0 days 01:44:32.986000,,1,17.0,,,False,True
0 days 01:47:16.613000,STR,18,0 days 00:01:21.397000,32.0,2.0,,,0 days 00:00:22.756000,0 days 00:00:26.709000,0 days 00:00:31.932000,0 days 01:46:18.026000,0 days 01:46:44.735000,0 days 01:47:16.667000,231.0,276.0,224.0,310.0,False,SOFT,18.0,True,Aston Martin,0 days 01:45:55.216000,,1,17.0,,,False,True
0 days 01:48:37.078000,STR,18,0 days 00:01:20.465000,33.0,2.0,,,0 days 00:00:23.407000,0 days 00:00:25.669000,0 days 00:00:31.389000,0 days 01:47:40.074000,0 days 01:48:05.743000,0 days 01:48:37.132000,232.0,271.0,255.0,301.0,False,SOFT,19.0,True,Aston Martin,0 days 01:47:16.613000,,1,17.0,,,False,True
0 days 01:50:01.034000,STR,18,0 days 00:01:23.956000,34.0,2.0,,,0 days 00:00:24.688000,0 days 00:00:26.412000,0 days 00:00:32.856000,0 days 01:49:01.820000,0 days 01:49:28.232000,0 days 01:50:01.088000,232.0,275.0,271.0,260.0,False,SOFT,20.0,True,Aston Martin,0 days 01:48:37.078000,,1,17.0,,,False,True
0 days 01:51:20.936000,STR,18,0 days 00:01:19.902000,35.0,2.0,,,0 days 00:00:23.006000,0 days 00:00:25.383000,0 days 00:00:31.513000,0 days 01:50:24.094000,0 days 01:50:49.477000,0 days 01:51:20.990000,232.0,271.0,238.0,298.0,False,SOFT,21.0,True,Aston Martin,0 days 01:50:01.034000,,1,17.0,,,False,True
0 days 01:52:41.483000,STR,18,0 days 00:01:20.547000,36.0,2.0,,,0 days 00:00:23.959000,0 days 00:00:25.284000,0 days 00:00:31.304000,0 days 01:51:44.949000,0 days 01:52:10.233000,0 days 01:52:41.537000,233.0,273.0,272.0,301.0,False,SOFT,22.0,True,Aston Martin,0 days 01:51:20.936000,,1,17.0,,,False,True
0 days 01:54:01.449000,STR,18,0 days 00:01:19.966000,37.0,2.0,,,0 days 00:00:23.416000,0 days 00:00:25.276000,0 days 00:00:31.274000,0 days 01:53:04.953000,0 days 01:53:30.229000,0 days 01:54:01.503000,234.0,272.0,272.0,300.0,False,SOFT,23.0,True,Aston Martin,0 days 01:52:41.483000,,1,17.0,,,False,True
0 days 01:55:20.699000,STR,18,0 days 00:01:19.250000,38.0,2.0,,,0 days 00:00:22.733000,0 days 00:00:25.150000,0 days 00:00:31.367000,0 days 01:54:24.236000,0 days 01:54:49.386000,0 days 01:55:20.753000,234.0,270.0,268.0,296.0,False,SOFT,24.0,True,Aston Martin,0 days 01:54:01.449000,,12,17.0,,,False,True
0 days 01:56:39.420000,STR,18,0 days 00:01:18.721000,39.0,2.0,,,0 days 00:00:22.417000,0 days 00:00:25.139000,0 days 00:00:31.165000,0 days 01:55:43.170000,0 days 01:56:08.309000,0 days 01:56:39.474000,233.0,270.0,268.0,294.0,True,SOFT,25.0,True,Aston Martin,0 days 01:55:20.699000,,1,16.0,,,False,True
0 days 01:57:59.714000,STR,18,0 days 00:01:20.294000,40.0,2.0,,,0 days 00:00:24.036000,0 days 00:00:25.193000,0 days 00:00:31.065000,0 days 01:57:03.510000,0 days 01:57:28.703000,0 days 01:57:59.768000,233.0,271.0,270.0,298.0,False,SOFT,26.0,True,Aston Martin,0 days 01:56:39.420000,,1,16.0,,,False,True
0 days 01:59:18.640000,STR,18,0 days 00:01:18.926000,41.0,2.0,,,0 days 00:00:22.559000,0 days 00:00:25.137000,0 days 00:00:31.230000,0 days 01:58:22.327000,0 days 01:58:47.464000,0 days 01:59:18.694000,233.0,270.0,269.0,294.0,False,SOFT,27.0,True,Aston Martin,0 days 01:57:59.714000,,1,15.0,,,False,True
0 days 02:00:40.368000,STR,18,0 days 00:01:21.728000,42.0,2.0,,,0 days 00:00:24.007000,0 days 00:00:26.360000,0 days 00:00:31.361000,0 days 01:59:42.701000,0 days 02:00:09.061000,0 days 02:00:40.422000,231.0,272.0,267.0,297.0,False,SOFT,28.0,True,Aston Martin,0 days 01:59:18.640000,,1,15.0,,,False,True
0 days 02:02:11.339000,STR,18,0 days 00:01:30.971000,43.0,2.0,,,0 days 00:00:22.681000,0 days 00:00:25.006000,0 days 00:00:43.284000,0 days 02:01:03.103000,0 days 02:01:28.109000,0 days 02:02:11.393000,234.0,271.0,250.0,245.0,False,SOFT,29.0,True,Aston Martin,0 days 02:00:40.368000,,16,15.0,,,False,False
0 days 02:03:34.184000,STR,18,0 days 00:01:22.845000,44.0,2.0,,,0 days 00:00:25.513000,0 days 00:00:25.718000,0 days 00:00:31.614000,0 days 02:02:36.906000,0 days 02:03:02.624000,0 days 02:03:34.238000,231.0,270.0,270.0,293.0,False,SOFT,30.0,True,Aston Martin,0 days 02:02:11.339000,,671,15.0,,,False,False
0 days 02:04:55.096000,STR,18,0 days 00:01:20.912000,45.0,2.0,,,0 days 00:00:22.622000,0 days 00:00:26.417000,0 days 00:00:31.873000,0 days 02:03:56.860000,0 days 02:04:23.277000,0 days 02:04:55.150000,233.0,270.0,264.0,289.0,False,SOFT,31.0,True,Aston Martin,0 days 02:03:34.184000,,1,15.0,,,False,True
0 days 02:06:15.438000,STR,18,0 days 00:01:20.342000,46.0,2.0,,,0 days 00:00:22.843000,0 days 00:00:25.420000,0 days 00:00:32.079000,0 days 02:05:17.993000,0 days 02:05:43.413000,0 days 02:06:15.492000,232.0,268.0,264.0,288.0,False,SOFT,32.0,True,Aston Martin,0 days 02:04:55.096000,,1,15.0,,,False,True
0 days 02:07:36.725000,STR,18,0 days 00:01:21.287000,47.0,2.0,,,0 days 00:00:24.286000,0 days 00:00:25.543000,0 days 00:00:31.458000,0 days 02:06:39.778000,0 days 02:07:05.321000,0 days 02:07:36.779000,232.0,270.0,268.0,294.0,False,SOFT,33.0,True,Aston Martin,0 days 02:06:15.438000,,1,15.0,,,False,True
0 days 02:08:57.257000,STR,18,0 days 00:01:20.532000,48.0,2.0,,,0 days 00:00:22.968000,0 days 00:00:25.512000,0 days 00:00:32.052000,0 days 02:07:59.747000,0 days 02:08:25.259000,0 days 02:08:57.311000,232.0,269.0,215.0,291.0,False,SOFT,34.0,True,Aston Martin,0 days 02:07:36.725000,,1,15.0,,,False,True
0 days 02:10:34.144000,STR,18,0 days 00:01:36.887000,49.0,2.0,,0 days 02:10:11.608000,0 days 00:00:23.475000,0 days 00:00:25.458000,0 days 00:00:47.954000,0 days 02:09:20.786000,0 days 02:09:46.244000,0 days 02:10:34.198000,232.0,270.0,,294.0,False,SOFT,35.0,True,Aston Martin,0 days 02:08:57.257000,,16,15.0,,,False,False
0 days 02:12:19.824000,STR,18,0 days 00:01:45.680000,50.0,3.0,0 days 02:10:35.733000,,0 days 00:00:29.868000,0 days 00:00:32.337000,0 days 00:00:43.475000,0 days 02:11:04.066000,0 days 02:11:36.403000,0 days 02:12:19.878000,230.0,249.0,237.0,303.0,False,MEDIUM,1.0,True,Aston Martin,0 days 02:10:34.144000,,67,15.0,,,False,False
0 days 02:13:41.848000,STR,18,0 days 00:01:22.024000,51.0,3.0,,,0 days 00:00:24.574000,0 days 00:00:25.714000,0 days 00:00:31.736000,0 days 02:12:44.452000,0 days 02:13:10.166000,0 days 02:13:41.902000,231.0,262.0,273.0,296.0,False,MEDIUM,2.0,True,Aston Martin,0 days 02:12:19.824000,,71,15.0,,,False,False
0 days 02:15:02.693000,STR,18,0 days 00:01:20.845000,52.0,3.0,,,0 days 00:00:22.818000,0 days 00:00:25.362000,0 days 00:00:32.665000,0 days 02:14:04.720000,0 days 02:14:30.082000,0 days 02:15:02.747000,234.0,269.0,269.0,266.0,False,MEDIUM,3.0,True,Aston Martin,0 days 02:13:41.848000,,1,15.0,,,False,True
0 days 02:16:22.302000,STR,18,0 days 00:01:19.609000,53.0,3.0,,,0 days 00:00:22.888000,0 days 00:00:25.428000,0 days 00:00:31.293000,0 days 02:15:25.635000,0 days 02:15:51.063000,0 days 02:16:22.356000,235.0,272.0,271.0,298.0,False,MEDIUM,4.0,True,Aston Martin,0 days 02:15:02.693000,,1,15.0,,,False,True
0 days 02:17:41.462000,STR,18,0 days 00:01:19.160000,54.0,3.0,,,0 days 00:00:22.614000,0 days 00:00:25.116000,0 days 00:00:31.430000,0 days 02:16:44.970000,0 days 02:17:10.086000,0 days 02:17:41.516000,235.0,271.0,269.0,293.0,False,MEDIUM,5.0,True,Aston Martin,0 days 02:16:22.302000,,1,15.0,,,False,True
0 days 02:19:01.608000,STR,18,0 days 00:01:20.146000,55.0,3.0,,,0 days 00:00:23.708000,0 days 00:00:25.265000,0 days 00:00:31.173000,0 days 02:18:05.224000,0 days 02:18:30.489000,0 days 02:19:01.662000,233.0,273.0,274.0,297.0,False,MEDIUM,6.0,True,Aston Martin,0 days 02:17:41.462000,,1,15.0,,,False,True
0 days 02:20:24.149000,STR,18,0 days 00:01:22.541000,56.0,3.0,,,0 days 00:00:22.669000,0 days 00:00:27.912000,0 days 00:00:31.960000,0 days 02:19:24.331000,0 days 02:19:52.243000,0 days 02:20:24.203000,232.0,273.0,271.0,301.0,False,MEDIUM,7.0,True,Aston Martin,0 days 02:19:01.608000,,1,15.0,,,False,True
0 days 02:21:44.946000,STR,18,0 days 00:01:20.797000,57.0,3.0,,,0 days 00:00:24.098000,0 days 00:00:25.478000,0 days 00:00:31.221000,0 days 02:20:48.301000,0 days 02:21:13.779000,0 days 02:21:45,235.0,272.0,271.0,300.0,False,MEDIUM,8.0,True,Aston Martin,0 days 02:20:24.149000,,1,15.0,,,False,True
0 days 02:23:04.082000,STR,18,0 days 00:01:19.136000,58.0,3.0,,,0 days 00:00:22.763000,0 days 00:00:25.178000,0 days 00:00:31.195000,0 days 02:22:07.763000,0 days 02:22:32.941000,0 days 02:23:04.136000,235.0,271.0,271.0,298.0,False,MEDIUM,9.0,True,Aston Martin,0 days 02:21:44.946000,,12,15.0,,,False,True
0 days 02:24:22.959000,STR,18,0 days 00:01:18.877000,59.0,3.0,,,0 days 00:00:22.536000,0 days 00:00:25.111000,0 days 00:00:31.230000,0 days 02:23:26.672000,0 days 02:23:51.783000,0 days 02:24:23.013000,236.0,271.0,271.0,293.0,False,MEDIUM,10.0,True,Aston Martin,0 days 02:23:04.082000,,1,15.0,,,False,True
0 days 02:25:42.371000,STR,18,0 days 00:01:19.412000,60.0,3.0,,,0 days 00:00:22.738000,0 days 00:00:25.307000,0 days 00:00:31.367000,0 days 02:24:45.751000,0 days 02:25:11.058000,0 days 02:25:42.425000,234.0,270.0,269.0,291.0,False,MEDIUM,11.0,True,Aston Martin,0 days 02:24:22.959000,,1,15.0,,,False,True
0 days 02:27:01.383000,STR,18,0 days 00:01:19.012000,61.0,3.0,,,0 days 00:00:22.593000,0 days 00:00:25.047000,0 days 00:00:31.372000,0 days 02:26:05.018000,0 days 02:26:30.065000,0 days 02:27:01.437000,235.0,270.0,270.0,290.0,False,MEDIUM,12.0,True,Aston Martin,0 days 02:25:42.371000,,1,15.0,,,False,True
0 days 02:28:20.818000,STR,18,0 days 00:01:19.435000,62.0,3.0,,,0 days 00:00:22.491000,0 days 00:00:25.122000,0 days 00:00:31.822000,0 days 02:27:23.928000,0 days 02:27:49.050000,0 days 02:28:20.872000,235.0,270.0,271.0,284.0,False,MEDIUM,13.0,True,Aston Martin,0 days 02:27:01.383000,,1,15.0,,,False,True
0 days 02:29:40.067000,STR,18,0 days 00:01:19.249000,63.0,3.0,,,0 days 00:00:22.670000,0 days 00:00:25.674000,0 days 00:00:30.905000,0 days 02:28:43.542000,0 days 02:29:09.216000,0 days 02:29:40.121000,233.0,277.0,275.0,307.0,False,MEDIUM,14.0,True,Aston Martin,0 days 02:28:20.818000,,1,15.0,,,False,True
0 days 02:31:06.699000,STR,18,0 days 00:01:26.632000,64.0,3.0,,,0 days 00:00:22.498000,0 days 00:00:25.056000,0 days 00:00:39.078000,0 days 02:30:02.619000,0 days 02:30:27.675000,0 days 02:31:06.753000,235.0,272.0,254.0,241.0,False,MEDIUM,15.0,True,Aston Martin,0 days 02:29:40.067000,,1,15.0,,,False,True
0 days 01:04:11.707000,ALB,23,0 days 00:01:39.163000,1.0,1.0,,,,0 days 00:00:29.380000,0 days 00:00:33.908000,,0 days 01:03:37.946000,0 days 01:04:11.713000,180.0,276.0,270.0,323.0,False,SOFT,1.0,True,Williams,0 days 01:02:32.281000,,1,19.0,,,False,False
0 days 01:05:37.221000,ALB,23,0 days 00:01:25.514000,2.0,1.0,,,0 days 00:00:25.435000,0 days 00:00:27.841000,0 days 00:00:32.238000,0 days 01:04:37.148000,0 days 01:05:04.989000,0 days 01:05:37.227000,220.0,278.0,248.0,324.0,True,SOFT,2.0,True,Williams,0 days 01:04:11.707000,,1,14.0,,,False,True
0 days 01:07:00.025000,ALB,23,0 days 00:01:22.804000,3.0,1.0,,,0 days 00:00:24.572000,0 days 00:00:26.098000,0 days 00:00:32.134000,0 days 01:06:01.799000,0 days 01:06:27.897000,0 days 01:07:00.031000,227.0,274.0,276.0,300.0,True,SOFT,3.0,True,Williams,0 days 01:05:37.221000,,1,13.0,,,False,True
0 days 01:08:20.392000,ALB,23,0 days 00:01:20.367000,4.0,1.0,,,0 days 00:00:23.311000,0 days 00:00:25.675000,0 days 00:00:31.381000,0 days 01:07:23.342000,0 days 01:07:49.017000,0 days 01:08:20.398000,231.0,276.0,278.0,306.0,True,SOFT,4.0,True,Williams,0 days 01:07:00.025000,,1,13.0,,,False,True
0 days 01:09:39.451000,ALB,23,0 days 00:01:19.059000,5.0,1.0,,,0 days 00:00:22.778000,0 days 00:00:25.230000,0 days 00:00:31.051000,0 days 01:08:43.176000,0 days 01:09:08.406000,0 days 01:09:39.457000,235.0,281.0,279.0,323.0,True,SOFT,5.0,True,Williams,0 days 01:08:20.392000,,1,13.0,,,False,True
0 days 01:10:58.984000,ALB,23,0 days 00:01:19.533000,6.0,1.0,,,0 days 00:00:22.931000,0 days 00:00:25.503000,0 days 00:00:31.099000,0 days 01:10:02.388000,0 days 01:10:27.891000,0 days 01:10:58.990000,238.0,285.0,281.0,325.0,False,SOFT,6.0,True,Williams,0 days 01:09:39.451000,,1,12.0,,,False,True
0 days 01:12:17.622000,ALB,23,0 days 00:01:18.638000,7.0,1.0,,,0 days 00:00:22.576000,0 days 00:00:25.064000,0 days 00:00:30.998000,0 days 01:11:21.566000,0 days 01:11:46.630000,0 days 01:12:17.628000,230.0,275.0,265.0,314.0,True,SOFT,7.0,True,Williams,0 days 01:10:58.984000,,1,12.0,,,False,True
0 days 01:13:36.839000,ALB,23,0 days 00:01:19.217000,8.0,1.0,,,0 days 00:00:23.132000,0 days 00:00:25.303000,0 days 00:00:30.782000,0 days 01:12:40.760000,0 days 01:13:06.063000,0 days 01:13:36.845000,236.0,290.0,272.0,318.0,False,SOFT,8.0,True,Williams,0 days 01:12:17.622000,,1,12.0,,,False,True
0 days 01:14:54.480000,ALB,23,0 days 00:01:17.641000,9.0,1.0,,,0 days 00:00:22.172000,0 days 00:00:24.778000,0 days 00:00:30.691000,0 days 01:13:59.017000,0 days 01:14:23.795000,0 days 01:14:54.486000,237.0,280.0,266.0,314.0,True,SOFT,9.0,True,Williams,0 days 01:13:36.839000,,1,12.0,,,False,True
0 days 01:16:11.976000,ALB,23,0 days 00:01:17.496000,10.0,1.0,,,0 days 00:00:22.145000,0 days 00:00:24.682000,0 days 00:00:30.669000,0 days 01:15:16.631000,0 days 01:15:41.313000,0 days 01:16:11.982000,237.0,276.0,268.0,309.0,True,SOFT,10.0,True,Williams,0 days 01:14:54.480000,,1,12.0,,,False,True
0 days 01:17:29.197000,ALB,23,0 days 00:01:17.221000,11.0,1.0,,,0 days 00:00:21.979000,0 days 00:00:24.649000,0 days 00:00:30.593000,0 days 01:16:33.961000,0 days 01:16:58.610000,0 days 01:17:29.203000,238.0,280.0,282.0,316.0,True,SOFT,11.0,True,Williams,0 days 01:16:11.976000,,1,12.0,,,False,True
0 days 01:19:59.197000,ALB,23,,12.0,1.0,,,,,,,,,,,,,,SOFT,12.0,True,Williams,0 days 01:17:29.197000,,12,,,,True,False
0 days 01:04:06.407000,HUL,27,0 days 00:01:33.863000,1.0,1.0,,,,0 days 00:00:27.701000,0 days 00:00:33.081000,,0 days 01:03:33.513000,0 days 01:04:06.572000,200.0,280.0,269.0,330.0,False,INTERMEDIATE,1.0,True,Audi,0 days 01:02:32.281000,,1,10.0,,,False,False
0 days 01:05:49.474000,HUL,27,0 days 00:01:43.067000,2.0,1.0,,0 days 01:05:26.104000,0 days 00:00:25.038000,0 days 00:00:27.491000,0 days 00:00:50.538000,0 days 01:04:31.499000,0 days 01:04:58.990000,0 days 01:05:49.528000,216.0,272.0,,311.0,False,INTERMEDIATE,2.0,True,Audi,0 days 01:04:06.407000,,1,18.0,,,False,False
0 days 01:07:14.725000,HUL,27,0 days 00:01:25.251000,3.0,2.0,0 days 01:05:51.080000,,0 days 00:00:26.408000,0 days 00:00:26.732000,0 days 00:00:32.111000,0 days 01:06:15.936000,0 days 01:06:42.668000,0 days 01:07:14.779000,226.0,272.0,271.0,303.0,False,SOFT,5.0,False,Audi,0 days 01:05:49.474000,,1,17.0,,,False,False
0 days 01:08:35.776000,HUL,27,0 days 00:01:21.051000,4.0,2.0,,,0 days 00:00:23.277000,0 days 00:00:25.417000,0 days 00:00:32.357000,0 days 01:07:38.056000,0 days 01:08:03.473000,0 days 01:08:35.830000,240.0,270.0,268.0,303.0,True,SOFT,6.0,False,Audi,0 days 01:07:14.725000,,1,17.0,,,False,True
0 days 01:09:55.701000,HUL,27,0 days 00:01:19.925000,5.0,2.0,,,0 days 00:00:23.028000,0 days 00:00:25.525000,0 days 00:00:31.372000,0 days 01:08:58.858000,0 days 01:09:24.383000,0 days 01:09:55.755000,236.0,268.0,272.0,303.0,True,SOFT,7.0,False,Audi,0 days 01:08:35.776000,,1,17.0,,,False,True
0 days 01:11:17.577000,HUL,27,0 days 00:01:21.876000,6.0,2.0,,,0 days 00:00:22.520000,0 days 00:00:25.128000,0 days 00:00:34.228000,0 days 01:10:18.275000,0 days 01:10:43.403000,0 days 01:11:17.631000,236.0,270.0,277.0,303.0,False,SOFT,8.0,False,Audi,0 days 01:09:55.701000,,1,18.0,,,False,True
0 days 01:12:36.100000,HUL,27,0 days 00:01:18.523000,7.0,2.0,,,0 days 00:00:22.616000,0 days 00:00:24.964000,0 days 00:00:30.943000,0 days 01:11:40.247000,0 days 01:12:05.211000,0 days 01:12:36.154000,238.0,273.0,277.0,310.0,True,SOFT,9.0,False,Audi,0 days 01:11:17.577000,,1,18.0,,,False,True
0 days 01:13:54.196000,HUL,27,0 days 00:01:18.096000,8.0,2.0,,,0 days 00:00:22.280000,0 days 00:00:24.931000,0 days 00:00:30.885000,0 days 01:12:58.434000,0 days 01:13:23.365000,0 days 01:13:54.250000,237.0,275.0,283.0,317.0,True,SOFT,10.0,False,Audi,0 days 01:12:36.100000,,1,18.0,,,False,True
0 days 01:15:13.382000,HUL,27,0 days 00:01:19.186000,9.0,2.0,,,0 days 00:00:22.944000,0 days 00:00:24.986000,0 days 00:00:31.256000,0 days 01:14:17.194000,0 days 01:14:42.180000,0 days 01:15:13.436000,235.0,276.0,269.0,302.0,False,SOFT,11.0,False,Audi,0 days 01:13:54.196000,,1,17.0,,,False,True
0 days 01:16:31.723000,HUL,27,0 days 00:01:18.341000,10.0,2.0,,,0 days 00:00:22.422000,0 days 00:00:24.954000,0 days 00:00:30.965000,0 days 01:15:35.858000,0 days 01:16:00.812000,0 days 01:16:31.777000,235.0,270.0,273.0,303.0,False,SOFT,12.0,False,Audi,0 days 01:15:13.382000,,1,17.0,,,False,True
0 days 01:17:49.724000,HUL,27,0 days 00:01:18.001000,11.0,2.0,,,0 days 00:00:22.148000,0 days 00:00:24.776000,0 days 00:00:31.077000,0 days 01:16:53.925000,0 days 01:17:18.701000,0 days 01:17:49.778000,236.0,271.0,274.0,304.0,True,SOFT,13.0,False,Audi,0 days 01:16:31.723000,,1,17.0,,,False,True
0 days 01:19:07.712000,HUL,27,0 days 00:01:17.988000,12.0,2.0,,,0 days 00:00:22.062000,0 days 00:00:24.637000,0 days 00:00:31.289000,0 days 01:18:11.840000,0 days 01:18:36.477000,0 days 01:19:07.766000,237.0,272.0,275.0,306.0,True,SOFT,14.0,False,Audi,0 days 01:17:49.724000,,12,15.0,,,False,True
0 days 01:20:25.921000,HUL,27,0 days 00:01:18.209000,13.0,2.0,,,0 days 00:00:22.042000,0 days 00:00:24.672000,0 days 00:00:31.495000,0 days 01:19:29.808000,0 days 01:19:54.480000,0 days 01:20:25.975000,236.0,270.0,275.0,311.0,False,SOFT,15.0,False,Audi,0 days 01:19:07.712000,,2,15.0,,,False,True
0 days 01:21:43.597000,HUL,27,0 days 00:01:17.676000,14.0,2.0,,,0 days 00:00:22.087000,0 days 00:00:24.828000,0 days 00:00:30.761000,0 days 01:20:48.062000,0 days 01:21:12.890000,0 days 01:21:43.651000,237.0,273.0,274.0,306.0,True,SOFT,16.0,False,Audi,0 days 01:20:25.921000,,21,15.0,,,False,True
0 days 01:23:00.986000,HUL,27,0 days 00:01:17.389000,15.0,2.0,,,0 days 00:00:21.988000,0 days 00:00:24.659000,0 days 00:00:30.742000,0 days 01:22:05.639000,0 days 01:22:30.298000,0 days 01:23:01.040000,239.0,273.0,276.0,307.0,True,SOFT,17.0,False,Audi,0 days 01:21:43.597000,,1,15.0,,,False,True
0 days 01:24:20.025000,HUL,27,0 days 00:01:19.039000,16.0,2.0,,,0 days 00:00:22.578000,0 days 00:00:25.363000,0 days 00:00:31.098000,0 days 01:23:23.618000,0 days 01:23:48.981000,0 days 01:24:20.079000,229.0,281.0,274.0,310.0,False,SOFT,18.0,False,Audi,0 days 01:23:00.986000,,1,13.0,,,False,True
0 days 01:25:37.723000,HUL,27,0 days 00:01:17.698000,17.0,2.0,,,0 days 00:00:22.044000,0 days 00:00:24.581000,0 days 00:00:31.073000,0 days 01:24:42.123000,0 days 01:25:06.704000,0 days 01:25:37.777000,238.0,277.0,280.0,304.0,False,SOFT,19.0,False,Audi,0 days 01:24:20.025000,,1,12.0,,,False,True
0 days 01:26:55.219000,HUL,27,0 days 00:01:17.496000,18.0,2.0,,,0 days 00:00:22.050000,0 days 00:00:24.568000,0 days 00:00:30.878000,0 days 01:25:59.827000,0 days 01:26:24.395000,0 days 01:26:55.273000,237.0,271.0,274.0,303.0,False,SOFT,20.0,False,Audi,0 days 01:25:37.723000,,12,12.0,,,False,True
0 days 01:28:12.345000,HUL,27,0 days 00:01:17.126000,19.0,2.0,,,0 days 00:00:21.876000,0 days 00:00:24.544000,0 days 00:00:30.706000,0 days 01:27:17.149000,0 days 01:27:41.693000,0 days 01:28:12.399000,238.0,272.0,275.0,304.0,True,SOFT,21.0,False,Audi,0 days 01:26:55.219000,,1,12.0,,,False,True
0 days 01:29:52.782000,HUL,27,0 days 00:01:40.437000,20.0,2.0,,0 days 01:29:23.472000,0 days 00:00:21.833000,0 days 00:00:24.569000,0 days 00:00:54.035000,0 days 01:28:34.232000,0 days 01:28:58.801000,0 days 01:29:52.836000,237.0,277.0,,311.0,False,SOFT,22.0,False,Audi,0 days 01:28:12.345000,,1,14.0,,,False,False
0 days 01:31:15.423000,HUL,27,0 days 00:01:22.641000,21.0,3.0,0 days 01:29:54.422000,,0 days 00:00:25.611000,0 days 00:00:25.653000,0 days 00:00:31.377000,0 days 01:30:18.447000,0 days 01:30:44.100000,0 days 01:31:15.477000,232.0,274.0,271.0,301.0,False,MEDIUM,1.0,False,Audi,0 days 01:29:52.782000,,1,14.0,,,False,False
0 days 01:32:33.687000,HUL,27,0 days 00:01:18.264000,22.0,3.0,,,0 days 00:00:22.432000,0 days 00:00:24.733000,0 days 00:00:31.099000,0 days 01:31:37.909000,0 days 01:32:02.642000,0 days 01:32:33.741000,238.0,271.0,273.0,301.0,False,MEDIUM,2.0,False,Audi,0 days 01:31:15.423000,,1,14.0,,,False,True
0 days 01:33:51.413000,HUL,27,0 days 00:01:17.726000,23.0,3.0,,,0 days 00:00:22.152000,0 days 00:00:24.576000,0 days 00:00:30.998000,0 days 01:32:55.893000,0 days 01:33:20.469000,0 days 01:33:51.467000,237.0,272.0,272.0,301.0,False,MEDIUM,3.0,False,Audi,0 days 01:32:33.687000,,1,14.0,,,False,True
0 days 01:35:09.002000,HUL,27,0 days 00:01:17.589000,24.0,3.0,,,0 days 00:00:22.088000,0 days 00:00:24.634000,0 days 00:00:30.867000,0 days 01:34:13.555000,0 days 01:34:38.189000,0 days 01:35:09.056000,238.0,273.0,271.0,304.0,False,MEDIUM,4.0,False,Audi,0 days 01:33:51.413000,,1,14.0,,,False,True
0 days 01:36:26.454000,HUL,27,0 days 00:01:17.452000,25.0,3.0,,,0 days 00:00:22.062000,0 days 00:00:24.564000,0 days 00:00:30.826000,0 days 01:35:31.118000,0 days 01:35:55.682000,0 days 01:36:26.508000,238.0,274.0,273.0,302.0,False,MEDIUM,5.0,False,Audi,0 days 01:35:09.002000,,1,14.0,,,False,True
0 days 01:37:43.926000,HUL,27,0 days 00:01:17.472000,26.0,3.0,,,0 days 00:00:21.993000,0 days 00:00:24.557000,0 days 00:00:30.922000,0 days 01:36:48.501000,0 days 01:37:13.058000,0 days 01:37:43.980000,239.0,273.0,273.0,302.0,False,MEDIUM,6.0,False,Audi,0 days 01:36:26.454000,,1,14.0,,,False,True
0 days 01:39:01.656000,HUL,27,0 days 00:01:17.730000,27.0,3.0,,,0 days 00:00:22.076000,0 days 00:00:24.681000,0 days 00:00:30.973000,0 days 01:38:06.056000,0 days 01:38:30.737000,0 days 01:39:01.710000,239.0,273.0,273.0,304.0,False,MEDIUM,7.0,False,Audi,0 days 01:37:43.926000,,1,14.0,,,False,True
0 days 01:40:19.289000,HUL,27,0 days 00:01:17.633000,28.0,3.0,,,0 days 00:00:22.154000,0 days 00:00:24.574000,0 days 00:00:30.905000,0 days 01:39:23.864000,0 days 01:39:48.438000,0 days 01:40:19.343000,239.0,273.0,274.0,303.0,False,MEDIUM,8.0,False,Audi,0 days 01:39:01.656000,,1,14.0,,,False,True
0 days 01:41:48.985000,HUL,27,0 days 00:01:29.696000,29.0,3.0,,,0 days 00:00:22.031000,0 days 00:00:25.892000,0 days 00:00:41.773000,0 days 01:40:41.374000,0 days 01:41:07.266000,0 days 01:41:49.039000,239.0,278.0,223.0,227.0,False,MEDIUM,9.0,False,Audi,0 days 01:40:19.289000,,126,14.0,,,False,False
0 days 01:43:33.067000,HUL,27,0 days 00:01:44.082000,30.0,3.0,,,0 days 00:00:29.520000,0 days 00:00:36.436000,0 days 00:00:38.126000,0 days 01:42:18.559000,0 days 01:42:54.995000,0 days 01:43:33.121000,225.0,218.0,263.0,150.0,False,MEDIUM,10.0,False,Audi,0 days 01:41:48.985000,,6,13.0,,,False,False
0 days 01:45:06.360000,HUL,27,0 days 00:01:33.293000,31.0,3.0,,,0 days 00:00:30.035000,0 days 00:00:31.573000,0 days 00:00:31.685000,0 days 01:44:03.156000,0 days 01:44:34.729000,0 days 01:45:06.414000,183.0,272.0,277.0,298.0,False,MEDIUM,11.0,False,Audi,0 days 01:43:33.067000,,671,13.0,,,False,False
0 days 01:46:24.748000,HUL,27,0 days 00:01:18.388000,32.0,3.0,,,0 days 00:00:22.721000,0 days 00:00:24.853000,0 days 00:00:30.814000,0 days 01:45:29.135000,0 days 01:45:53.988000,0 days 01:46:24.802000,241.0,274.0,277.0,305.0,False,MEDIUM,12.0,False,Audi,0 days 01:45:06.360000,,1,13.0,,,False,True
0 days 01:47:42.650000,HUL,27,0 days 00:01:17.902000,33.0,3.0,,,0 days 00:00:22.353000,0 days 00:00:24.643000,0 days 00:00:30.906000,0 days 01:46:47.155000,0 days 01:47:11.798000,0 days 01:47:42.704000,238.0,274.0,275.0,300.0,False,MEDIUM,13.0,False,Audi,0 days 01:46:24.748000,,1,13.0,,,False,True
0 days 01:48:59.682000,HUL,27,0 days 00:01:17.032000,34.0,3.0,,,0 days 00:00:22.007000,0 days 00:00:24.425000,0 days 00:00:30.600000,0 days 01:48:04.711000,0 days 01:48:29.136000,0 days 01:48:59.736000,240.0,274.0,276.0,302.0,True,MEDIUM,14.0,False,Audi,0 days 01:47:42.650000,,1,13.0,,,False,True
0 days 01:50:16.733000,HUL,27,0 days 00:01:17.051000,35.0,3.0,,,0 days 00:00:21.972000,0 days 00:00:24.431000,0 days 00:00:30.648000,0 days 01:49:21.708000,0 days 01:49:46.139000,0 days 01:50:16.787000,239.0,274.0,278.0,303.0,False,MEDIUM,15.0,False,Audi,0 days 01:48:59.682000,,1,13.0,,,False,True
0 days 01:51:33.571000,HUL,27,0 days 00:01:16.838000,36.0,3.0,,,0 days 00:00:21.850000,0 days 00:00:24.501000,0 days 00:00:30.487000,0 days 01:50:38.637000,0 days 01:51:03.138000,0 days 01:51:33.625000,239.0,274.0,277.0,305.0,True,MEDIUM,16.0,False,Audi,0 days 01:50:16.733000,,1,13.0,,,False,True
0 days 01:52:50.149000,HUL,27,0 days 00:01:16.578000,37.0,3.0,,,0 days 00:00:21.885000,0 days 00:00:24.315000,0 days 00:00:30.378000,0 days 01:51:55.510000,0 days 01:52:19.825000,0 days 01:52:50.203000,239.0,274.0,276.0,306.0,True,MEDIUM,17.0,False,Audi,0 days 01:51:33.571000,,1,13.0,,,False,True
0 days 01:54:07.177000,HUL,27,0 days 00:01:17.028000,38.0,3.0,,,0 days 00:00:21.895000,0 days 00:00:24.421000,0 days 00:00:30.712000,0 days 01:53:12.098000,0 days 01:53:36.519000,0 days 01:54:07.231000,238.0,275.0,275.0,306.0,False,MEDIUM,18.0,False,Audi,0 days 01:52:50.149000,,1,13.0,,,False,True
0 days 01:55:23.866000,HUL,27,0 days 00:01:16.689000,39.0,3.0,,,0 days 00:00:21.710000,0 days 00:00:24.528000,0 days 00:00:30.451000,0 days 01:54:28.941000,0 days 01:54:53.469000,0 days 01:55:23.920000,240.0,275.0,276.0,308.0,False,MEDIUM,19.0,False,Audi,0 days 01:54:07.177000,,12,12.0,,,False,True
0 days 01:56:40.516000,HUL,27,0 days 00:01:16.650000,40.0,3.0,,,0 days 00:00:21.734000,0 days 00:00:24.423000,0 days 00:00:30.493000,0 days 01:55:45.654000,0 days 01:56:10.077000,0 days 01:56:40.570000,241.0,277.0,277.0,310.0,False,MEDIUM,20.0,False,Audi,0 days 01:55:23.866000,,1,12.0,,,False,True
0 days 01:57:57.353000,HUL,27,0 days 00:01:16.837000,41.0,3.0,,,0 days 00:00:21.978000,0 days 00:00:24.325000,0 days 00:00:30.534000,0 days 01:57:02.548000,0 days 01:57:26.873000,0 days 01:57:57.407000,240.0,275.0,275.0,301.0,False,MEDIUM,21.0,False,Audi,0 days 01:56:40.516000,,1,12.0,,,False,True
0 days 01:59:14.151000,HUL,27,0 days 00:01:16.798000,42.0,3.0,,,0 days 00:00:21.990000,0 days 00:00:24.437000,0 days 00:00:30.371000,0 days 01:58:19.397000,0 days 01:58:43.834000,0 days 01:59:14.205000,240.0,275.0,275.0,301.0,False,MEDIUM,22.0,False,Audi,0 days 01:57:57.353000,,1,12.0,,,False,True
0 days 02:00:31.002000,HUL,27,0 days 00:01:16.851000,43.0,3.0,,,0 days 00:00:21.845000,0 days 00:00:24.376000,0 days 00:00:30.630000,0 days 01:59:36.050000,0 days 02:00:00.426000,0 days 02:00:31.056000,240.0,274.0,275.0,299.0,False,MEDIUM,23.0,False,Audi,0 days 01:59:14.151000,,1,12.0,,,False,True
0 days 02:01:53.027000,HUL,27,0 days 00:01:22.025000,44.0,3.0,,,0 days 00:00:21.737000,0 days 00:00:24.250000,0 days 00:00:36.038000,0 days 02:00:52.793000,0 days 02:01:17.043000,0 days 02:01:53.081000,240.0,274.0,266.0,238.0,False,MEDIUM,24.0,False,Audi,0 days 02:00:31.002000,,16,12.0,,,False,False
0 days 02:03:20.276000,HUL,27,0 days 00:01:27.249000,45.0,3.0,,,0 days 00:00:28.900000,0 days 00:00:27.572000,0 days 00:00:30.777000,0 days 02:02:21.981000,0 days 02:02:49.553000,0 days 02:03:20.330000,168.0,277.0,278.0,301.0,False,MEDIUM,25.0,False,Audi,0 days 02:01:53.027000,,671,12.0,,,False,False
0 days 02:04:37.345000,HUL,27,0 days 00:01:17.069000,46.0,3.0,,,0 days 00:00:21.912000,0 days 00:00:24.396000,0 days 00:00:30.761000,0 days 02:03:42.242000,0 days 02:04:06.638000,0 days 02:04:37.399000,241.0,275.0,275.0,302.0,False,MEDIUM,26.0,False,Audi,0 days 02:03:20.276000,,1,12.0,,,False,True
0 days 02:05:54.446000,HUL,27,0 days 00:01:17.101000,47.0,3.0,,,0 days 00:00:21.977000,0 days 00:00:24.475000,0 days 00:00:30.649000,0 days 02:04:59.376000,0 days 02:05:23.851000,0 days 02:05:54.500000,239.0,274.0,276.0,301.0,False,MEDIUM,27.0,False,Audi,0 days 02:04:37.345000,,1,12.0,,,False,True
0 days 02:07:11.016000,HUL,27,0 days 00:01:16.570000,48.0,3.0,,,0 days 00:00:21.767000,0 days 00:00:24.331000,0 days 00:00:30.472000,0 days 02:06:16.267000,0 days 02:06:40.598000,0 days 02:07:11.070000,239.0,275.0,276.0,300.0,True,MEDIUM,28.0,False,Audi,0 days 02:05:54.446000,,1,12.0,,,False,True
0 days 02:08:27.640000,HUL,27,0 days 00:01:16.624000,49.0,3.0,,,0 days 00:00:21.831000,0 days 00:00:24.246000,0 days 00:00:30.547000,0 days 02:07:32.901000,0 days 02:07:57.147000,0 days 02:08:27.694000,239.0,275.0,277.0,301.0,False,MEDIUM,29.0,False,Audi,0 days 02:07:11.016000,,1,12.0,,,False,True
0 days 02:09:43.924000,HUL,27,0 days 00:01:16.284000,50.0,3.0,,,0 days 00:00:21.734000,0 days 00:00:24.221000,0 days 00:00:30.329000,0 days 02:08:49.428000,0 days 02:09:13.649000,0 days 02:09:43.978000,241.0,275.0,277.0,303.0,True,MEDIUM,30.0,False,Audi,0 days 02:08:27.640000,,1,12.0,,,False,True
0 days 02:11:18.164000,HUL,27,0 days 00:01:34.240000,51.0,3.0,,,0 days 00:00:21.780000,0 days 00:00:31.447000,0 days 00:00:41.013000,0 days 02:10:05.758000,0 days 02:10:37.205000,0 days 02:11:18.218000,240.0,261.0,241.0,315.0,False,MEDIUM,31.0,False,Audi,0 days 02:09:43.924000,,16,11.0,,,False,False
0 days 02:12:54,HUL,27,0 days 00:01:35.836000,52.0,3.0,,,0 days 00:00:30.301000,0 days 00:00:32.742000,0 days 00:00:32.793000,0 days 02:11:48.519000,0 days 02:12:21.261000,0 days 02:12:54.054000,224.0,211.0,276.0,287.0,False,MEDIUM,32.0,False,Audi,0 days 02:11:18.164000,,671,11.0,,,False,False
0 days 02:14:11.497000,HUL,27,0 days 00:01:17.497000,53.0,3.0,,,0 days 00:00:22.355000,0 days 00:00:24.527000,0 days 00:00:30.615000,0 days 02:13:16.409000,0 days 02:13:40.936000,0 days 02:14:11.551000,243.0,276.0,278.0,306.0,False,MEDIUM,33.0,False,Audi,0 days 02:12:54,,1,11.0,,,False,True
0 days 02:15:28.576000,HUL,27,0 days 00:01:17.079000,54.0,3.0,,,0 days 00:00:22.182000,0 days 00:00:24.341000,0 days 00:00:30.556000,0 days 02:14:33.733000,0 days 02:14:58.074000,0 days 02:15:28.630000,240.0,276.0,279.0,304.0,False,MEDIUM,34.0,False,Audi,0 days 02:14:11.497000,,1,11.0,,,False,True
0 days 02:16:45.034000,HUL,27,0 days 00:01:16.458000,55.0,3.0,,,0 days 00:00:21.645000,0 days 00:00:24.395000,0 days 00:00:30.418000,0 days 02:15:50.275000,0 days 02:16:14.670000,0 days 02:16:45.088000,240.0,276.0,277.0,304.0,False,MEDIUM,35.0,False,Audi,0 days 02:15:28.576000,,1,11.0,,,False,True
0 days 02:18:01.544000,HUL,27,0 days 00:01:16.510000,56.0,3.0,,,0 days 00:00:21.778000,0 days 00:00:24.269000,0 days 00:00:30.463000,0 days 02:17:06.866000,0 days 02:17:31.135000,0 days 02:18:01.598000,242.0,276.0,277.0,302.0,False,MEDIUM,36.0,False,Audi,0 days 02:16:45.034000,,1,11.0,,,False,True
0 days 02:19:17.819000,HUL,27,0 days 00:01:16.275000,57.0,3.0,,,0 days 00:00:21.619000,0 days 00:00:24.145000,0 days 00:00:30.511000,0 days 02:18:23.217000,0 days 02:18:47.362000,0 days 02:19:17.873000,242.0,275.0,278.0,303.0,True,MEDIUM,37.0,False,Audi,0 days 02:18:01.544000,,1,11.0,,,False,True
0 days 02:20:34.876000,HUL,27,0 days 00:01:17.057000,58.0,3.0,,,0 days 00:00:21.691000,0 days 00:00:24.968000,0 days 00:00:30.398000,0 days 02:19:39.564000,0 days 02:20:04.532000,0 days 02:20:34.930000,243.0,277.0,278.0,305.0,False,MEDIUM,38.0,False,Audi,0 days 02:19:17.819000,,1,11.0,,,False,True
0 days 02:21:51.205000,HUL,27,0 days 00:01:16.329000,59.0,3.0,,,0 days 00:00:21.761000,0 days 00:00:24.201000,0 days 00:00:30.367000,0 days 02:20:56.691000,0 days 02:21:20.892000,0 days 02:21:51.259000,242.0,277.0,277.0,305.0,False,MEDIUM,39.0,False,Audi,0 days 02:20:34.876000,,1,11.0,,,False,True
0 days 02:23:16.911000,HUL,27,0 days 00:01:25.706000,60.0,3.0,,,0 days 00:00:29.211000,0 days 00:00:25.694000,0 days 00:00:30.801000,0 days 02:22:20.470000,0 days 02:22:46.164000,0 days 02:23:16.965000,233.0,273.0,274.0,298.0,False,MEDIUM,40.0,False,Audi,0 days 02:21:51.205000,,12,11.0,,,False,True
0 days 02:24:33.796000,HUL,27,0 days 00:01:16.885000,61.0,3.0,,,0 days 00:00:21.970000,0 days 00:00:24.402000,0 days 00:00:30.513000,0 days 02:23:38.935000,0 days 02:24:03.337000,0 days 02:24:33.850000,242.0,276.0,276.0,301.0,False,MEDIUM,41.0,False,Audi,0 days 02:23:16.911000,,1,11.0,,,False,True
0 days 02:25:52.239000,HUL,27,0 days 00:01:18.443000,62.0,3.0,,,0 days 00:00:22.081000,0 days 00:00:25.434000,0 days 00:00:30.928000,0 days 02:24:55.931000,0 days 02:25:21.365000,0 days 02:25:52.293000,243.0,283.0,264.0,316.0,False,MEDIUM,42.0,False,Audi,0 days 02:24:33.796000,,1,11.0,,,False,True
0 days 02:27:09.259000,HUL,27,0 days 00:01:17.020000,63.0,3.0,,,0 days 00:00:22.660000,0 days 00:00:24.269000,0 days 00:00:30.091000,0 days 02:26:14.953000,0 days 02:26:39.222000,0 days 02:27:09.313000,245.0,280.0,285.0,330.0,False,MEDIUM,43.0,False,Audi,0 days 02:25:52.239000,,1,11.0,,,False,True
0 days 02:28:26.445000,HUL,27,0 days 00:01:17.186000,64.0,3.0,,,0 days 00:00:21.872000,0 days 00:00:24.443000,0 days 00:00:30.871000,0 days 02:27:31.185000,0 days 02:27:55.628000,0 days 02:28:26.499000,237.0,278.0,283.0,324.0,False,MEDIUM,44.0,False,Audi,0 days 02:27:09.259000,,1,12.0,,,False,True
0 days 02:29:42.898000,HUL,27,0 days 00:01:16.453000,65.0,3.0,,,0 days 00:00:22.349000,0 days 00:00:24.238000,0 days 00:00:29.866000,0 days 02:28:48.848000,0 days 02:29:13.086000,0 days 02:29:42.952000,238.0,284.0,277.0,332.0,False,MEDIUM,45.0,False,Audi,0 days 02:28:26.445000,,1,12.0,,,False,True
0 days 02:31:02.484000,HUL,27,0 days 00:01:19.586000,66.0,3.0,,,0 days 00:00:24.661000,0 days 00:00:24.596000,0 days 00:00:30.329000,0 days 02:30:07.613000,0 days 02:30:32.209000,0 days 02:31:02.538000,238.0,282.0,289.0,334.0,False,MEDIUM,46.0,False,Audi,0 days 02:29:42.898000,,1,12.0,,,False,True
0 days 01:04:02.468000,VER,3,0 days 00:01:29.924000,1.0,1.0,,,,0 days 00:00:26.974000,0 days 00:00:32.019000,,0 days 01:03:30.531000,0 days 01:04:02.494000,232.0,280.0,268.0,321.0,False,SOFT,6.0,False,Red Bull Racing,0 days 01:02:32.281000,,1,5.0,,,False,False
0 days 01:05:22.744000,VER,3,0 days 00:01:20.276000,2.0,1.0,,,0 days 00:00:23.286000,0 days 00:00:25.745000,0 days 00:00:31.245000,0 days 01:04:25.754000,0 days 01:04:51.499000,0 days 01:05:22.744000,235.0,277.0,280.0,314.0,True,SOFT,7.0,False,Red Bull Racing,0 days 01:04:02.468000,,1,4.0,,,False,True
0 days 01:06:42.361000,VER,3,0 days 00:01:19.617000,3.0,1.0,,,0 days 00:00:23.159000,0 days 00:00:25.506000,0 days 00:00:30.952000,0 days 01:05:45.903000,0 days 01:06:11.409000,0 days 01:06:42.361000,234.0,278.0,286.0,309.0,True,SOFT,8.0,False,Red Bull Racing,0 days 01:05:22.744000,,1,4.0,,,False,True
0 days 01:08:00.195000,VER,3,0 days 00:01:17.834000,4.0,1.0,,,0 days 00:00:22.523000,0 days 00:00:24.889000,0 days 00:00:30.422000,0 days 01:07:04.884000,0 days 01:07:29.773000,0 days 01:08:00.195000,235.0,279.0,286.0,316.0,True,SOFT,9.0,False,Red Bull Racing,0 days 01:06:42.361000,,1,4.0,,,False,True
0 days 01:09:17.416000,VER,3,0 days 00:01:17.221000,5.0,1.0,,,0 days 00:00:22.183000,0 days 00:00:24.715000,0 days 00:00:30.323000,0 days 01:08:22.378000,0 days 01:08:47.093000,0 days 01:09:17.416000,240.0,280.0,287.0,319.0,True,SOFT,10.0,False,Red Bull Racing,0 days 01:08:00.195000,,1,4.0,,,False,True
0 days 01:10:34.622000,VER,3,0 days 00:01:17.206000,6.0,1.0,,,0 days 00:00:22.242000,0 days 00:00:24.672000,0 days 00:00:30.292000,0 days 01:09:39.658000,0 days 01:10:04.330000,0 days 01:10:34.622000,238.0,280.0,288.0,317.0,True,SOFT,11.0,False,Red Bull Racing,0 days 01:09:17.416000,,1,4.0,,,False,True
0 days 01:11:51.296000,VER,3,0 days 00:01:16.674000,7.0,1.0,,,0 days 00:00:22.060000,0 days 00:00:24.508000,0 days 00:00:30.106000,0 days 01:10:56.682000,0 days 01:11:21.190000,0 days 01:11:51.296000,241.0,281.0,287.0,320.0,True,SOFT,12.0,False,Red Bull Racing,0 days 01:10:34.622000,,1,4.0,,,False,True
0 days 01:13:07.872000,VER,3,0 days 00:01:16.576000,8.0,1.0,,,0 days 00:00:22.212000,0 days 00:00:24.496000,0 days 00:00:29.868000,0 days 01:12:13.508000,0 days 01:12:38.004000,0 days 01:13:07.872000,238.0,281.0,296.0,322.0,True,SOFT,13.0,False,Red Bull Racing,0 days 01:11:51.296000,,1,4.0,,,False,True
0 days 01:14:24.676000,VER,3,0 days 00:01:16.804000,9.0,1.0,,,0 days 00:00:22.075000,0 days 00:00:24.446000,0 days 00:00:30.283000,0 days 01:13:29.947000,0 days 01:13:54.393000,0 days 01:14:24.676000,238.0,276.0,274.0,303.0,False,SOFT,14.0,False,Red Bull Racing,0 days 01:13:07.872000,,1,3.0,,,False,True
0 days 01:15:41.135000,VER,3,0 days 00:01:16.459000,10.0,1.0,,,0 days 00:00:21.846000,0 days 00:00:24.456000,0 days 00:00:30.157000,0 days 01:14:46.522000,0 days 01:15:10.978000,0 days 01:15:41.135000,235.0,274.0,280.0,304.0,True,SOFT,15.0,False,Red Bull Racing,0 days 01:14:24.676000,,1,3.0,,,False,True
0 days 01:16:57.632000,VER,3,0 days 00:01:16.497000,11.0,1.0,,,0 days 00:00:21.643000,0 days 00:00:24.369000,0 days 00:00:30.485000,0 days 01:16:02.778000,0 days 01:16:27.147000,0 days 01:16:57.632000,240.0,272.0,278.0,300.0,False,SOFT,16.0,False,Red Bull Racing,0 days 01:15:41.135000,,1,3.0,,,False,True
0 days 01:18:13.984000,VER,3,0 days 00:01:16.352000,12.0,1.0,,,0 days 00:00:21.694000,0 days 00:00:24.341000,0 days 00:00:30.317000,0 days 01:17:19.326000,0 days 01:17:43.667000,0 days 01:18:13.984000,237.0,274.0,280.0,301.0,True,SOFT,17.0,False,Red Bull Racing,0 days 01:16:57.632000,,1,3.0,,,False,True
0 days 01:19:30.516000,VER,3,0 days 00:01:16.532000,13.0,1.0,,,0 days 00:00:21.640000,0 days 00:00:24.386000,0 days 00:00:30.506000,0 days 01:18:35.624000,0 days 01:19:00.010000,0 days 01:19:30.516000,238.0,272.0,280.0,303.0,False,SOFT,18.0,False,Red Bull Racing,0 days 01:18:13.984000,,12,3.0,,,False,True
0 days 01:20:46.888000,VER,3,0 days 00:01:16.372000,14.0,1.0,,,0 days 00:00:21.585000,0 days 00:00:24.268000,0 days 00:00:30.519000,0 days 01:19:52.101000,0 days 01:20:16.369000,0 days 01:20:46.888000,238.0,275.0,281.0,306.0,False,SOFT,19.0,False,Red Bull Racing,0 days 01:19:30.516000,,21,3.0,,,False,True
0 days 01:22:03.062000,VER,3,0 days 00:01:16.174000,15.0,1.0,,,0 days 00:00:21.657000,0 days 00:00:24.367000,0 days 00:00:30.150000,0 days 01:21:08.545000,0 days 01:21:32.912000,0 days 01:22:03.062000,238.0,276.0,281.0,311.0,True,SOFT,20.0,False,Red Bull Racing,0 days 01:20:46.888000,,1,3.0,,,False,True
0 days 01:23:19.194000,VER,3,0 days 00:01:16.132000,16.0,1.0,,,0 days 00:00:21.671000,0 days 00:00:24.361000,0 days 00:00:30.100000,0 days 01:22:24.733000,0 days 01:22:49.094000,0 days 01:23:19.194000,240.0,276.0,280.0,306.0,True,SOFT,21.0,False,Red Bull Racing,0 days 01:22:03.062000,,1,3.0,,,False,True
0 days 01:24:35.282000,VER,3,0 days 00:01:16.088000,17.0,1.0,,,0 days 00:00:21.565000,0 days 00:00:24.237000,0 days 00:00:30.286000,0 days 01:23:40.759000,0 days 01:24:04.996000,0 days 01:24:35.282000,239.0,273.0,281.0,303.0,True,SOFT,22.0,False,Red Bull Racing,0 days 01:23:19.194000,,1,3.0,,,False,True
0 days 01:25:51.288000,VER,3,0 days 00:01:16.006000,18.0,1.0,,,0 days 00:00:21.558000,0 days 00:00:24.169000,0 days 00:00:30.279000,0 days 01:24:56.840000,0 days 01:25:21.009000,0 days 01:25:51.288000,238.0,276.0,281.0,302.0,True,SOFT,23.0,False,Red Bull Racing,0 days 01:24:35.282000,,1,3.0,,,False,True
0 days 01:27:07.491000,VER,3,0 days 00:01:16.203000,19.0,1.0,,,0 days 00:00:21.641000,0 days 00:00:24.360000,0 days 00:00:30.202000,0 days 01:26:12.929000,0 days 01:26:37.289000,0 days 01:27:07.491000,237.0,274.0,281.0,302.0,False,SOFT,24.0,False,Red Bull Racing,0 days 01:25:51.288000,,12,3.0,,,False,True
0 days 01:28:23.671000,VER,3,0 days 00:01:16.180000,20.0,1.0,,,0 days 00:00:21.677000,0 days 00:00:24.319000,0 days 00:00:30.184000,0 days 01:27:29.168000,0 days 01:27:53.487000,0 days 01:28:23.671000,240.0,273.0,282.0,303.0,False,SOFT,25.0,False,Red Bull Racing,0 days 01:27:07.491000,,1,3.0,,,False,True
0 days 01:29:40.415000,VER,3,0 days 00:01:16.744000,21.0,1.0,,,0 days 00:00:21.851000,0 days 00:00:24.364000,0 days 00:00:30.529000,0 days 01:28:45.522000,0 days 01:29:09.886000,0 days 01:29:40.415000,240.0,280.0,277.0,301.0,False,SOFT,26.0,False,Red Bull Racing,0 days 01:28:23.671000,,1,3.0,,,False,True
0 days 01:30:56.252000,VER,3,0 days 00:01:15.837000,22.0,1.0,,,0 days 00:00:21.676000,0 days 00:00:24.118000,0 days 00:00:30.043000,0 days 01:30:02.091000,0 days 01:30:26.209000,0 days 01:30:56.252000,241.0,276.0,283.0,306.0,True,SOFT,27.0,False,Red Bull Racing,0 days 01:29:40.415000,,1,3.0,,,False,True
0 days 01:32:12.514000,VER,3,0 days 00:01:16.262000,23.0,1.0,,,0 days 00:00:21.772000,0 days 00:00:24.266000,0 days 00:00:30.224000,0 days 01:31:18.024000,0 days 01:31:42.290000,0 days 01:32:12.514000,236.0,275.0,281.0,301.0,False,SOFT,28.0,False,Red Bull Racing,0 days 01:30:56.252000,,1,3.0,,,False,True
0 days 01:33:29.385000,VER,3,0 days 00:01:16.871000,24.0,1.0,,,0 days 00:00:21.735000,0 days 00:00:24.322000,0 days 00:00:30.814000,0 days 01:32:34.249000,0 days 01:32:58.571000,0 days 01:33:29.385000,239.0,274.0,280.0,296.0,False,SOFT,29.0,False,Red Bull Racing,0 days 01:32:12.514000,,1,3.0,,,False,True
0 days 01:34:45.808000,VER,3,0 days 00:01:16.423000,25.0,1.0,,,0 days 00:00:21.774000,0 days 00:00:24.355000,0 days 00:00:30.294000,0 days 01:33:51.159000,0 days 01:34:15.514000,0 days 01:34:45.808000,237.0,275.0,280.0,302.0,False,SOFT,30.0,False,Red Bull Racing,0 days 01:33:29.385000,,1,3.0,,,False,True
0 days 01:36:02.143000,VER,3,0 days 00:01:16.335000,26.0,1.0,,,0 days 00:00:21.704000,0 days 00:00:24.314000,0 days 00:00:30.317000,0 days 01:35:07.512000,0 days 01:35:31.826000,0 days 01:36:02.143000,241.0,277.0,281.0,300.0,False,SOFT,31.0,False,Red Bull Racing,0 days 01:34:45.808000,,1,3.0,,,False,True
0 days 01:37:18.405000,VER,3,0 days 00:01:16.262000,27.0,1.0,,,0 days 00:00:21.746000,0 days 00:00:24.345000,0 days 00:00:30.171000,0 days 01:36:23.889000,0 days 01:36:48.234000,0 days 01:37:18.405000,240.0,275.0,283.0,302.0,False,SOFT,32.0,False,Red Bull Racing,0 days 01:36:02.143000,,1,3.0,,,False,True
0 days 01:38:34.506000,VER,3,0 days 00:01:16.101000,28.0,1.0,,,0 days 00:00:21.687000,0 days 00:00:24.266000,0 days 00:00:30.148000,0 days 01:37:40.092000,0 days 01:38:04.358000,0 days 01:38:34.506000,240.0,276.0,278.0,304.0,False,SOFT,33.0,False,Red Bull Racing,0 days 01:37:18.405000,,1,3.0,,,False,True
0 days 01:39:50.761000,VER,3,0 days 00:01:16.255000,29.0,1.0,,,0 days 00:00:21.690000,0 days 00:00:24.248000,0 days 00:00:30.317000,0 days 01:38:56.196000,0 days 01:39:20.444000,0 days 01:39:50.761000,240.0,277.0,283.0,302.0,False,SOFT,34.0,False,Red Bull Racing,0 days 01:38:34.506000,,1,3.0,,,False,True
0 days 01:41:06.771000,VER,3,0 days 00:01:16.010000,30.0,1.0,,,0 days 00:00:21.642000,0 days 00:00:24.260000,0 days 00:00:30.108000,0 days 01:40:12.403000,0 days 01:40:36.663000,0 days 01:41:06.771000,241.0,276.0,282.0,309.0,False,SOFT,35.0,False,Red Bull Racing,0 days 01:39:50.761000,,12,2.0,,,False,True
0 days 01:43:05.873000,VER,3,0 days 00:01:59.102000,31.0,1.0,,0 days 01:42:42.217000,0 days 00:00:28.872000,0 days 00:00:36.390000,0 days 00:00:53.840000,0 days 01:41:35.643000,0 days 01:42:12.033000,0 days 01:43:05.873000,171.0,226.0,,255.0,False,SOFT,36.0,False,Red Bull Racing,0 days 01:41:06.771000,,26,2.0,,,False,False
0 days 01:44:46.215000,VER,3,0 days 00:01:40.342000,32.0,2.0,0 days 01:43:07.502000,,0 days 00:00:29.162000,0 days 00:00:36.652000,0 days 00:00:34.528000,0 days 01:43:35.035000,0 days 01:44:11.687000,0 days 01:44:46.215000,222.0,193.0,283.0,288.0,False,MEDIUM,1.0,True,Red Bull Racing,0 days 01:43:05.873000,,671,2.0,,,False,False
0 days 01:46:04.535000,VER,3,0 days 00:01:18.320000,33.0,2.0,,,0 days 00:00:22.741000,0 days 00:00:24.931000,0 days 00:00:30.648000,0 days 01:45:08.956000,0 days 01:45:33.887000,0 days 01:46:04.535000,235.0,276.0,278.0,308.0,False,MEDIUM,2.0,True,Red Bull Racing,0 days 01:44:46.215000,,1,2.0,,,False,True
0 days 01:47:21.595000,VER,3,0 days 00:01:17.060000,34.0,2.0,,,0 days 00:00:22.186000,0 days 00:00:24.535000,0 days 00:00:30.339000,0 days 01:46:26.721000,0 days 01:46:51.256000,0 days 01:47:21.595000,238.0,276.0,282.0,300.0,False,MEDIUM,3.0,True,Red Bull Racing,0 days 01:46:04.535000,,1,2.0,,,False,True
0 days 01:48:38.025000,VER,3,0 days 00:01:16.430000,35.0,2.0,,,0 days 00:00:21.699000,0 days 00:00:24.346000,0 days 00:00:30.385000,0 days 01:47:43.294000,0 days 01:48:07.640000,0 days 01:48:38.025000,241.0,278.0,282.0,309.0,False,MEDIUM,4.0,True,Red Bull Racing,0 days 01:47:21.595000,,1,2.0,,,False,True
0 days 01:49:54.595000,VER,3,0 days 00:01:16.570000,36.0,2.0,,,0 days 00:00:22.085000,0 days 00:00:24.211000,0 days 00:00:30.274000,0 days 01:49:00.110000,0 days 01:49:24.321000,0 days 01:49:54.595000,240.0,277.0,282.0,303.0,False,MEDIUM,5.0,True,Red Bull Racing,0 days 01:48:38.025000,,1,2.0,,,False,True
0 days 01:51:10.130000,VER,3,0 days 00:01:15.535000,37.0,2.0,,,0 days 00:00:21.523000,0 days 00:00:24.074000,0 days 00:00:29.938000,0 days 01:50:16.118000,0 days 01:50:40.192000,0 days 01:51:10.130000,241.0,278.0,288.0,306.0,True,MEDIUM,6.0,True,Red Bull Racing,0 days 01:49:54.595000,,1,2.0,,,False,True
0 days 01:52:25.820000,VER,3,0 days 00:01:15.690000,38.0,2.0,,,0 days 00:00:21.480000,0 days 00:00:24.033000,0 days 00:00:30.177000,0 days 01:51:31.610000,0 days 01:51:55.643000,0 days 01:52:25.820000,242.0,280.0,282.0,306.0,False,MEDIUM,7.0,True,Red Bull Racing,0 days 01:51:10.130000,,1,2.0,,,False,True
0 days 01:53:41.455000,VER,3,0 days 00:01:15.635000,39.0,2.0,,,0 days 00:00:21.493000,0 days 00:00:24.034000,0 days 00:00:30.108000,0 days 01:52:47.313000,0 days 01:53:11.347000,0 days 01:53:41.455000,240.0,276.0,283.0,300.0,False,MEDIUM,8.0,True,Red Bull Racing,0 days 01:52:25.820000,,1,2.0,,,False,True
0 days 01:54:57.051000,VER,3,0 days 00:01:15.596000,40.0,2.0,,,0 days 00:00:21.321000,0 days 00:00:23.995000,0 days 00:00:30.280000,0 days 01:54:02.776000,0 days 01:54:26.771000,0 days 01:54:57.051000,243.0,277.0,284.0,300.0,False,MEDIUM,9.0,True,Red Bull Racing,0 days 01:53:41.455000,,12,2.0,,,False,True
0 days 01:56:12.669000,VER,3,0 days 00:01:15.618000,41.0,2.0,,,0 days 00:00:21.429000,0 days 00:00:24.151000,0 days 00:00:30.038000,0 days 01:55:18.480000,0 days 01:55:42.631000,0 days 01:56:12.669000,240.0,276.0,282.0,302.0,False,MEDIUM,10.0,True,Red Bull Racing,0 days 01:54:57.051000,,1,2.0,,,False,True
0 days 01:57:28.084000,VER,3,0 days 00:01:15.415000,42.0,2.0,,,0 days 00:00:21.365000,0 days 00:00:24.024000,0 days 00:00:30.026000,0 days 01:56:34.034000,0 days 01:56:58.058000,0 days 01:57:28.084000,243.0,280.0,283.0,311.0,True,MEDIUM,11.0,True,Red Bull Racing,0 days 01:56:12.669000,,1,2.0,,,False,True
0 days 01:58:43.471000,VER,3,0 days 00:01:15.387000,43.0,2.0,,,0 days 00:00:21.478000,0 days 00:00:23.983000,0 days 00:00:29.926000,0 days 01:57:49.562000,0 days 01:58:13.545000,0 days 01:58:43.471000,244.0,279.0,283.0,304.0,True,MEDIUM,12.0,True,Red Bull Racing,0 days 01:57:28.084000,,1,2.0,,,False,True
0 days 01:59:58.976000,VER,3,0 days 00:01:15.505000,44.0,2.0,,,0 days 00:00:21.302000,0 days 00:00:24.059000,0 days 00:00:30.144000,0 days 01:59:04.773000,0 days 01:59:28.832000,0 days 01:59:58.976000,241.0,276.0,280.0,296.0,False,MEDIUM,13.0,True,Red Bull Racing,0 days 01:58:43.471000,,1,2.0,,,False,True
0 days 02:01:14.198000,VER,3,0 days 00:01:15.222000,45.0,2.0,,,0 days 00:00:21.283000,0 days 00:00:24.021000,0 days 00:00:29.918000,0 days 02:00:20.259000,0 days 02:00:44.280000,0 days 02:01:14.198000,244.0,276.0,283.0,298.0,True,MEDIUM,14.0,True,Red Bull Racing,0 days 01:59:58.976000,,1,2.0,,,False,True
0 days 02:02:46.542000,VER,3,0 days 00:01:32.344000,46.0,2.0,,,0 days 00:00:21.399000,0 days 00:00:33.692000,0 days 00:00:37.253000,0 days 02:01:35.597000,0 days 02:02:09.289000,0 days 02:02:46.542000,197.0,229.0,296.0,298.0,False,MEDIUM,15.0,True,Red Bull Racing,0 days 02:01:14.198000,,167,2.0,,,False,False
0 days 02:04:02.018000,VER,3,0 days 00:01:15.476000,47.0,2.0,,,0 days 00:00:21.378000,0 days 00:00:24.091000,0 days 00:00:30.007000,0 days 02:03:07.920000,0 days 02:03:32.011000,0 days 02:04:02.018000,242.0,278.0,284.0,299.0,False,MEDIUM,16.0,True,Red Bull Racing,0 days 02:02:46.542000,,1,2.0,,,False,True
0 days 02:05:17.470000,VER,3,0 days 00:01:15.452000,48.0,2.0,,,0 days 00:00:21.447000,0 days 00:00:23.906000,0 days 00:00:30.099000,0 days 02:04:23.465000,0 days 02:04:47.371000,0 days 02:05:17.470000,242.0,281.0,284.0,302.0,False,MEDIUM,17.0,True,Red Bull Racing,0 days 02:04:02.018000,,1,2.0,,,False,True
0 days 02:06:33.005000,VER,3,0 days 00:01:15.535000,49.0,2.0,,,0 days 00:00:21.504000,0 days 00:00:24.014000,0 days 00:00:30.017000,0 days 02:05:38.974000,0 days 02:06:02.988000,0 days 02:06:33.005000,242.0,279.0,283.0,306.0,False,MEDIUM,18.0,True,Red Bull Racing,0 days 02:05:17.470000,,1,2.0,,,False,True
0 days 02:07:48.026000,VER,3,0 days 00:01:15.021000,50.0,2.0,,,0 days 00:00:21.291000,0 days 00:00:23.841000,0 days 00:00:29.889000,0 days 02:06:54.296000,0 days 02:07:18.137000,0 days 02:07:48.026000,244.0,280.0,284.0,303.0,True,MEDIUM,19.0,True,Red Bull Racing,0 days 02:06:33.005000,,1,2.0,,,False,True
0 days 02:09:03.520000,VER,3,0 days 00:01:15.494000,51.0,2.0,,,0 days 00:00:21.333000,0 days 00:00:24.006000,0 days 00:00:30.155000,0 days 02:08:09.359000,0 days 02:08:33.365000,0 days 02:09:03.520000,241.0,275.0,283.0,298.0,False,MEDIUM,20.0,True,Red Bull Racing,0 days 02:07:48.026000,,1,2.0,,,False,True
0 days 02:10:22.126000,VER,3,0 days 00:01:18.606000,52.0,2.0,,,0 days 00:00:21.232000,0 days 00:00:23.914000,0 days 00:00:33.460000,0 days 02:09:24.752000,0 days 02:09:48.666000,0 days 02:10:22.126000,242.0,279.0,228.0,305.0,False,MEDIUM,21.0,True,Red Bull Racing,0 days 02:09:03.520000,,16,2.0,,,False,False
0 days 02:12:06.460000,VER,3,0 days 00:01:44.334000,53.0,2.0,,,0 days 00:00:28.163000,0 days 00:00:33.058000,0 days 00:00:43.113000,0 days 02:10:50.289000,0 days 02:11:23.347000,0 days 02:12:06.460000,211.0,241.0,229.0,238.0,False,MEDIUM,22.0,True,Red Bull Racing,0 days 02:10:22.126000,,6,2.0,,,False,False
0 days 02:13:27.964000,VER,3,0 days 00:01:21.504000,54.0,2.0,,,0 days 00:00:26.242000,0 days 00:00:24.834000,0 days 00:00:30.428000,0 days 02:12:32.702000,0 days 02:12:57.536000,0 days 02:13:27.964000,238.0,277.0,282.0,300.0,False,MEDIUM,23.0,True,Red Bull Racing,0 days 02:12:06.460000,,671,2.0,,,False,False
0 days 02:14:43.417000,VER,3,0 days 00:01:15.453000,55.0,2.0,,,0 days 00:00:21.426000,0 days 00:00:24.079000,0 days 00:00:29.948000,0 days 02:13:49.390000,0 days 02:14:13.469000,0 days 02:14:43.417000,242.0,280.0,285.0,304.0,False,MEDIUM,24.0,True,Red Bull Racing,0 days 02:13:27.964000,,1,2.0,,,False,True
0 days 02:15:58.976000,VER,3,0 days 00:01:15.559000,56.0,2.0,,,0 days 00:00:21.415000,0 days 00:00:23.920000,0 days 00:00:30.224000,0 days 02:15:04.832000,0 days 02:15:28.752000,0 days 02:15:58.976000,242.0,278.0,284.0,303.0,False,MEDIUM,25.0,True,Red Bull Racing,0 days 02:14:43.417000,,1,2.0,,,False,True
0 days 02:17:14.926000,VER,3,0 days 00:01:15.950000,57.0,2.0,,,0 days 00:00:21.652000,0 days 00:00:24.127000,0 days 00:00:30.171000,0 days 02:16:20.628000,0 days 02:16:44.755000,0 days 02:17:14.926000,242.0,278.0,280.0,303.0,False,MEDIUM,26.0,True,Red Bull Racing,0 days 02:15:58.976000,,1,2.0,,,False,True
0 days 02:18:30.262000,VER,3,0 days 00:01:15.336000,58.0,2.0,,,0 days 00:00:21.407000,0 days 00:00:23.898000,0 days 00:00:30.031000,0 days 02:17:36.333000,0 days 02:18:00.231000,0 days 02:18:30.262000,243.0,278.0,287.0,298.0,False,MEDIUM,27.0,True,Red Bull Racing,0 days 02:17:14.926000,,1,2.0,,,False,True
0 days 02:19:45.053000,VER,3,0 days 00:01:14.791000,59.0,2.0,,,0 days 00:00:21.101000,0 days 00:00:23.814000,0 days 00:00:29.876000,0 days 02:18:51.363000,0 days 02:19:15.177000,0 days 02:19:45.053000,243.0,278.0,285.0,302.0,True,MEDIUM,28.0,True,Red Bull Racing,0 days 02:18:30.262000,,1,2.0,,,False,True
0 days 02:20:59.907000,VER,3,0 days 00:01:14.854000,60.0,2.0,,,0 days 00:00:21.217000,0 days 00:00:23.798000,0 days 00:00:29.839000,0 days 02:20:06.270000,0 days 02:20:30.068000,0 days 02:20:59.907000,244.0,277.0,285.0,306.0,False,MEDIUM,29.0,True,Red Bull Racing,0 days 02:19:45.053000,,1,2.0,,,False,True
0 days 02:22:15.004000,VER,3,0 days 00:01:15.097000,61.0,2.0,,,0 days 00:00:21.190000,0 days 00:00:23.916000,0 days 00:00:29.991000,0 days 02:21:21.097000,0 days 02:21:45.013000,0 days 02:22:15.004000,243.0,279.0,283.0,310.0,False,MEDIUM,30.0,True,Red Bull Racing,0 days 02:20:59.907000,,12,2.0,,,False,True
0 days 02:23:30.567000,VER,3,0 days 00:01:15.563000,62.0,2.0,,,0 days 00:00:21.979000,0 days 00:00:23.970000,0 days 00:00:29.614000,0 days 02:22:36.983000,0 days 02:23:00.953000,0 days 02:23:30.567000,243.0,286.0,305.0,316.0,False,MEDIUM,31.0,True,Red Bull Racing,0 days 02:22:15.004000,,1,3.0,,,False,True
0 days 02:24:45.720000,VER,3,0 days 00:01:15.153000,63.0,2.0,,,0 days 00:00:21.600000,0 days 00:00:23.929000,0 days 00:00:29.624000,0 days 02:23:52.167000,0 days 02:24:16.096000,0 days 02:24:45.720000,244.0,284.0,289.0,317.0,False,MEDIUM,32.0,True,Red Bull Racing,0 days 02:23:30.567000,,1,3.0,,,False,True
0 days 02:26:00.956000,VER,3,0 days 00:01:15.236000,64.0,2.0,,,0 days 00:00:21.439000,0 days 00:00:24.099000,0 days 00:00:29.698000,0 days 02:25:07.159000,0 days 02:25:31.258000,0 days 02:26:00.956000,245.0,283.0,290.0,313.0,False,MEDIUM,33.0,True,Red Bull Racing,0 days 02:24:45.720000,,1,3.0,,,False,True
0 days 02:27:15.379000,VER,3,0 days 00:01:14.423000,65.0,2.0,,,0 days 00:00:21.259000,0 days 00:00:23.724000,0 days 00:00:29.440000,0 days 02:26:22.215000,0 days 02:26:45.939000,0 days 02:27:15.379000,247.0,287.0,298.0,320.0,True,MEDIUM,34.0,True,Red Bull Racing,0 days 02:26:00.956000,,1,3.0,,,False,True
0 days 02:28:30.086000,VER,3,0 days 00:01:14.707000,66.0,2.0,,,0 days 00:00:21.361000,0 days 00:00:23.901000,0 days 00:00:29.445000,0 days 02:27:36.740000,0 days 02:28:00.641000,0 days 02:28:30.086000,245.0,288.0,309.0,321.0,False,MEDIUM,35.0,True,Red Bull Racing,0 days 02:27:15.379000,,1,3.0,,,False,True
0 days 02:29:45.180000,VER,3,0 days 00:01:15.094000,67.0,2.0,,,0 days 00:00:21.640000,0 days 00:00:23.848000,0 days 00:00:29.606000,0 days 02:28:51.726000,0 days 02:29:15.574000,0 days 02:29:45.180000,244.0,288.0,303.0,318.0,False,MEDIUM,36.0,True,Red Bull Racing,0 days 02:28:30.086000,,1,3.0,,,False,True
0 days 02:30:59.578000,VER,3,0 days 00:01:14.398000,68.0,2.0,,,0 days 00:00:21.164000,0 days 00:00:23.796000,0 days 00:00:29.438000,0 days 02:30:06.344000,0 days 02:30:30.140000,0 days 02:30:59.578000,245.0,286.0,265.0,329.0,True,MEDIUM,37.0,True,Red Bull Racing,0 days 02:29:45.180000,,1,3.0,,,False,True
0 days 01:04:05.766000,LAW,30,0 days 00:01:33.222000,1.0,1.0,,,,0 days 00:00:27.456000,0 days 00:00:33.078000,,0 days 01:03:32.831000,0 days 01:04:05.822000,215.0,283.0,257.0,314.0,False,MEDIUM,1.0,True,Racing Bulls,0 days 01:02:32.281000,,1,9.0,,,False,False
0 days 01:05:28.448000,LAW,30,0 days 00:01:22.682000,2.0,1.0,,,0 days 00:00:24.189000,0 days 00:00:26.265000,0 days 00:00:32.228000,0 days 01:04:29.999000,0 days 01:04:56.264000,0 days 01:05:28.492000,233.0,277.0,271.0,316.0,True,MEDIUM,2.0,True,Racing Bulls,0 days 01:04:05.766000,,1,8.0,,,False,True
0 days 01:06:49.768000,LAW,30,0 days 00:01:21.320000,3.0,1.0,,,0 days 00:00:23.518000,0 days 00:00:25.919000,0 days 00:00:31.883000,0 days 01:05:52.010000,0 days 01:06:17.929000,0 days 01:06:49.812000,236.0,275.0,280.0,313.0,True,MEDIUM,3.0,True,Racing Bulls,0 days 01:05:28.448000,,1,8.0,,,False,True
0 days 01:08:09.893000,LAW,30,0 days 00:01:20.125000,4.0,1.0,,,0 days 00:00:23.004000,0 days 00:00:25.551000,0 days 00:00:31.570000,0 days 01:07:12.816000,0 days 01:07:38.367000,0 days 01:08:09.937000,234.0,275.0,281.0,309.0,True,MEDIUM,4.0,True,Racing Bulls,0 days 01:06:49.768000,,1,8.0,,,False,True
0 days 01:09:29.391000,LAW,30,0 days 00:01:19.498000,5.0,1.0,,,0 days 00:00:22.801000,0 days 00:00:25.402000,0 days 00:00:31.295000,0 days 01:08:32.738000,0 days 01:08:58.140000,0 days 01:09:29.435000,239.0,272.0,281.0,307.0,True,MEDIUM,5.0,True,Racing Bulls,0 days 01:08:09.893000,,1,8.0,,,False,True
0 days 01:10:48.261000,LAW,30,0 days 00:01:18.870000,6.0,1.0,,,0 days 00:00:22.617000,0 days 00:00:25.407000,0 days 00:00:30.846000,0 days 01:09:52.052000,0 days 01:10:17.459000,0 days 01:10:48.305000,234.0,273.0,282.0,307.0,True,MEDIUM,6.0,True,Racing Bulls,0 days 01:09:29.391000,,1,8.0,,,False,True
0 days 01:12:07.005000,LAW,30,0 days 00:01:18.744000,7.0,1.0,,,0 days 00:00:22.539000,0 days 00:00:25.247000,0 days 00:00:30.958000,0 days 01:11:10.844000,0 days 01:11:36.091000,0 days 01:12:07.049000,232.0,273.0,281.0,305.0,True,MEDIUM,7.0,True,Racing Bulls,0 days 01:10:48.261000,,1,8.0,,,False,True
0 days 01:13:25.151000,LAW,30,0 days 00:01:18.146000,8.0,1.0,,,0 days 00:00:22.401000,0 days 00:00:25.047000,0 days 00:00:30.698000,0 days 01:12:29.450000,0 days 01:12:54.497000,0 days 01:13:25.195000,236.0,274.0,279.0,310.0,True,MEDIUM,8.0,True,Racing Bulls,0 days 01:12:07.005000,,1,8.0,,,False,True
0 days 01:14:43.469000,LAW,30,0 days 00:01:18.318000,9.0,1.0,,,0 days 00:00:22.531000,0 days 00:00:24.987000,0 days 00:00:30.800000,0 days 01:13:47.726000,0 days 01:14:12.713000,0 days 01:14:43.513000,234.0,275.0,281.0,305.0,False,MEDIUM,9.0,True,Racing Bulls,0 days 01:13:25.151000,,1,8.0,,,False,True
0 days 01:16:01.637000,LAW,30,0 days 00:01:18.168000,10.0,1.0,,,0 days 00:00:22.464000,0 days 00:00:24.897000,0 days 00:00:30.807000,0 days 01:15:05.977000,0 days 01:15:30.874000,0 days 01:16:01.681000,236.0,274.0,278.0,304.0,False,MEDIUM,10.0,True,Racing Bulls,0 days 01:14:43.469000,,1,8.0,,,False,True
0 days 01:17:20.495000,LAW,30,0 days 00:01:18.858000,11.0,1.0,,,0 days 00:00:22.498000,0 days 00:00:25.363000,0 days 00:00:30.997000,0 days 01:16:24.179000,0 days 01:16:49.542000,0 days 01:17:20.539000,237.0,275.0,281.0,303.0,False,MEDIUM,11.0,True,Racing Bulls,0 days 01:16:01.637000,,1,8.0,,,False,True
0 days 01:18:38.679000,LAW,30,0 days 00:01:18.184000,12.0,1.0,,,0 days 00:00:22.309000,0 days 00:00:24.973000,0 days 00:00:30.902000,0 days 01:17:42.848000,0 days 01:18:07.821000,0 days 01:18:38.723000,235.0,273.0,278.0,303.0,False,MEDIUM,12.0,True,Racing Bulls,0 days 01:17:20.495000,,12,8.0,,,False,True
0 days 01:19:57.063000,LAW,30,0 days 00:01:18.384000,13.0,1.0,,,0 days 00:00:22.397000,0 days 00:00:24.935000,0 days 00:00:31.052000,0 days 01:19:01.120000,0 days 01:19:26.055000,0 days 01:19:57.107000,237.0,272.0,277.0,303.0,False,MEDIUM,13.0,True,Racing Bulls,0 days 01:18:38.679000,,2,8.0,,,False,True
0 days 01:21:15.377000,LAW,30,0 days 00:01:18.314000,14.0,1.0,,,0 days 00:00:22.361000,0 days 00:00:25,0 days 00:00:30.953000,0 days 01:20:19.468000,0 days 01:20:44.468000,0 days 01:21:15.421000,233.0,273.0,273.0,302.0,False,MEDIUM,14.0,True,Racing Bulls,0 days 01:19:57.063000,,21,8.0,,,False,True
0 days 01:22:33.266000,LAW,30,0 days 00:01:17.889000,15.0,1.0,,,0 days 00:00:22.244000,0 days 00:00:24.923000,0 days 00:00:30.722000,0 days 01:21:37.665000,0 days 01:22:02.588000,0 days 01:22:33.310000,237.0,274.0,277.0,302.0,True,MEDIUM,15.0,True,Racing Bulls,0 days 01:21:15.377000,,1,8.0,,,False,True
0 days 01:23:51.067000,LAW,30,0 days 00:01:17.801000,16.0,1.0,,,0 days 00:00:22.098000,0 days 00:00:24.872000,0 days 00:00:30.831000,0 days 01:22:55.408000,0 days 01:23:20.280000,0 days 01:23:51.111000,240.0,274.0,279.0,301.0,True,MEDIUM,16.0,True,Racing Bulls,0 days 01:22:33.266000,,1,8.0,,,False,True
0 days 01:25:08.647000,LAW,30,0 days 00:01:17.580000,17.0,1.0,,,0 days 00:00:22.111000,0 days 00:00:24.736000,0 days 00:00:30.733000,0 days 01:24:13.222000,0 days 01:24:37.958000,0 days 01:25:08.691000,239.0,272.0,281.0,301.0,True,MEDIUM,17.0,True,Racing Bulls,0 days 01:23:51.067000,,1,8.0,,,False,True
0 days 01:26:26.196000,LAW,30,0 days 00:01:17.549000,18.0,1.0,,,0 days 00:00:22.136000,0 days 00:00:24.709000,0 days 00:00:30.704000,0 days 01:25:30.827000,0 days 01:25:55.536000,0 days 01:26:26.240000,236.0,274.0,278.0,301.0,True,MEDIUM,18.0,True,Racing Bulls,0 days 01:25:08.647000,,12,8.0,,,False,True
0 days 01:27:43.749000,LAW,30,0 days 00:01:17.553000,19.0,1.0,,,0 days 00:00:22.243000,0 days 00:00:24.684000,0 days 00:00:30.626000,0 days 01:26:48.483000,0 days 01:27:13.167000,0 days 01:27:43.793000,238.0,276.0,276.0,307.0,False,MEDIUM,19.0,True,Racing Bulls,0 days 01:26:26.196000,,1,8.0,,,False,True
0 days 01:29:01.625000,LAW,30,0 days 00:01:17.876000,20.0,1.0,,,0 days 00:00:22.123000,0 days 00:00:24.908000,0 days 00:00:30.845000,0 days 01:28:05.916000,0 days 01:28:30.824000,0 days 01:29:01.669000,237.0,275.0,281.0,314.0,False,MEDIUM,20.0,True,Racing Bulls,0 days 01:27:43.749000,,1,8.0,,,False,True
0 days 01:30:19.467000,LAW,30,0 days 00:01:17.842000,21.0,1.0,,,0 days 00:00:22.427000,0 days 00:00:24.806000,0 days 00:00:30.609000,0 days 01:29:24.096000,0 days 01:29:48.902000,0 days 01:30:19.511000,239.0,275.0,279.0,305.0,False,MEDIUM,21.0,True,Racing Bulls,0 days 01:29:01.625000,,1,8.0,,,False,True
0 days 01:31:36.951000,LAW,30,0 days 00:01:17.484000,22.0,1.0,,,0 days 00:00:22.089000,0 days 00:00:24.694000,0 days 00:00:30.701000,0 days 01:30:41.600000,0 days 01:31:06.294000,0 days 01:31:36.995000,236.0,272.0,277.0,301.0,True,MEDIUM,22.0,True,Racing Bulls,0 days 01:30:19.467000,,1,8.0,,,False,True
0 days 01:32:54.579000,LAW,30,0 days 00:01:17.628000,23.0,1.0,,,0 days 00:00:22.206000,0 days 00:00:24.799000,0 days 00:00:30.623000,0 days 01:31:59.201000,0 days 01:32:24,0 days 01:32:54.623000,238.0,274.0,282.0,303.0,False,MEDIUM,23.0,True,Racing Bulls,0 days 01:31:36.951000,,1,8.0,,,False,True
0 days 01:34:12.042000,LAW,30,0 days 00:01:17.463000,24.0,1.0,,,0 days 00:00:22.053000,0 days 00:00:24.814000,0 days 00:00:30.596000,0 days 01:33:16.676000,0 days 01:33:41.490000,0 days 01:34:12.086000,238.0,274.0,279.0,305.0,True,MEDIUM,24.0,True,Racing Bulls,0 days 01:32:54.579000,,1,8.0,,,False,True
0 days 01:35:29.795000,LAW,30,0 days 00:01:17.753000,25.0,1.0,,,0 days 00:00:22.028000,0 days 00:00:24.715000,0 days 00:00:31.010000,0 days 01:34:34.114000,0 days 01:34:58.829000,0 days 01:35:29.839000,240.0,276.0,279.0,303.0,False,MEDIUM,25.0,True,Racing Bulls,0 days 01:34:12.042000,,1,8.0,,,False,True
0 days 01:36:47.364000,LAW,30,0 days 00:01:17.569000,26.0,1.0,,,0 days 00:00:22.227000,0 days 00:00:24.656000,0 days 00:00:30.686000,0 days 01:35:52.066000,0 days 01:36:16.722000,0 days 01:36:47.408000,238.0,274.0,279.0,303.0,False,MEDIUM,26.0,True,Racing Bulls,0 days 01:35:29.795000,,1,8.0,,,False,True
0 days 01:38:04.747000,LAW,30,0 days 00:01:17.383000,27.0,1.0,,,0 days 00:00:22.075000,0 days 00:00:24.722000,0 days 00:00:30.586000,0 days 01:37:09.483000,0 days 01:37:34.205000,0 days 01:38:04.791000,240.0,277.0,280.0,302.0,True,MEDIUM,27.0,True,Racing Bulls,0 days 01:36:47.364000,,1,8.0,,,False,True
0 days 01:39:22.280000,LAW,30,0 days 00:01:17.533000,28.0,1.0,,,0 days 00:00:22.058000,0 days 00:00:24.728000,0 days 00:00:30.747000,0 days 01:38:26.849000,0 days 01:38:51.577000,0 days 01:39:22.324000,238.0,276.0,282.0,300.0,False,MEDIUM,28.0,True,Racing Bulls,0 days 01:38:04.747000,,1,8.0,,,False,True
0 days 01:40:39.545000,LAW,30,0 days 00:01:17.265000,29.0,1.0,,,0 days 00:00:22.035000,0 days 00:00:24.675000,0 days 00:00:30.555000,0 days 01:39:44.359000,0 days 01:40:09.034000,0 days 01:40:39.589000,241.0,276.0,281.0,304.0,True,MEDIUM,29.0,True,Racing Bulls,0 days 01:39:22.280000,,12,8.0,,,False,True
0 days 01:42:30.863000,LAW,30,0 days 00:01:51.318000,30.0,1.0,,0 days 01:42:08.207000,0 days 00:00:22.060000,0 days 00:00:35.581000,0 days 00:00:53.677000,0 days 01:41:01.649000,0 days 01:41:37.230000,0 days 01:42:30.907000,240.0,165.0,,258.0,False,MEDIUM,30.0,True,Racing Bulls,0 days 01:40:39.545000,,26,7.0,,,False,False
0 days 01:44:19.095000,LAW,30,0 days 00:01:48.232000,31.0,2.0,0 days 01:42:32.360000,,0 days 00:00:29.107000,0 days 00:00:39.648000,0 days 00:00:39.477000,0 days 01:43:00.014000,0 days 01:43:39.662000,0 days 01:44:19.139000,221.0,154.0,271.0,166.0,False,SOFT,1.0,True,Racing Bulls,0 days 01:42:30.863000,,67,7.0,,,False,False
0 days 01:45:40.343000,LAW,30,0 days 00:01:21.248000,32.0,2.0,,,0 days 00:00:23.585000,0 days 00:00:26.491000,0 days 00:00:31.172000,0 days 01:44:42.724000,0 days 01:45:09.215000,0 days 01:45:40.387000,239.0,284.0,285.0,329.0,False,SOFT,2.0,True,Racing Bulls,0 days 01:44:19.095000,,71,7.0,,,False,False
0 days 01:46:58.776000,LAW,30,0 days 00:01:18.433000,33.0,2.0,,,0 days 00:00:22.529000,0 days 00:00:25.031000,0 days 00:00:30.873000,0 days 01:46:02.916000,0 days 01:46:27.947000,0 days 01:46:58.820000,247.0,276.0,276.0,305.0,False,SOFT,3.0,True,Racing Bulls,0 days 01:45:40.343000,,1,7.0,,,False,True
0 days 01:48:16.953000,LAW,30,0 days 00:01:18.177000,34.0,2.0,,,0 days 00:00:22.336000,0 days 00:00:24.957000,0 days 00:00:30.884000,0 days 01:47:21.156000,0 days 01:47:46.113000,0 days 01:48:16.997000,240.0,275.0,280.0,301.0,False,SOFT,4.0,True,Racing Bulls,0 days 01:46:58.776000,,1,7.0,,,False,True
0 days 01:49:34.323000,LAW,30,0 days 00:01:17.370000,35.0,2.0,,,0 days 00:00:22.050000,0 days 00:00:24.666000,0 days 00:00:30.654000,0 days 01:48:39.047000,0 days 01:49:03.713000,0 days 01:49:34.367000,240.0,276.0,281.0,298.0,False,SOFT,5.0,True,Racing Bulls,0 days 01:48:16.953000,,1,7.0,,,False,True
0 days 01:50:51.167000,LAW,30,0 days 00:01:16.844000,36.0,2.0,,,0 days 00:00:21.814000,0 days 00:00:24.498000,0 days 00:00:30.532000,0 days 01:49:56.181000,0 days 01:50:20.679000,0 days 01:50:51.211000,241.0,275.0,285.0,297.0,True,SOFT,6.0,True,Racing Bulls,0 days 01:49:34.323000,,1,7.0,,,False,True
0 days 01:52:08.141000,LAW,30,0 days 00:01:16.974000,37.0,2.0,,,0 days 00:00:21.817000,0 days 00:00:24.491000,0 days 00:00:30.666000,0 days 01:51:13.028000,0 days 01:51:37.519000,0 days 01:52:08.185000,239.0,275.0,280.0,299.0,False,SOFT,7.0,True,Racing Bulls,0 days 01:50:51.167000,,1,7.0,,,False,True
0 days 01:53:25.134000,LAW,30,0 days 00:01:16.993000,38.0,2.0,,,0 days 00:00:21.928000,0 days 00:00:24.580000,0 days 00:00:30.485000,0 days 01:52:30.113000,0 days 01:52:54.693000,0 days 01:53:25.178000,240.0,276.0,284.0,299.0,False,SOFT,8.0,True,Racing Bulls,0 days 01:52:08.141000,,1,7.0,,,False,True
0 days 01:54:42.326000,LAW,30,0 days 00:01:17.192000,39.0,2.0,,,0 days 00:00:21.735000,0 days 00:00:24.342000,0 days 00:00:31.115000,0 days 01:53:46.913000,0 days 01:54:11.255000,0 days 01:54:42.370000,239.0,276.0,280.0,298.0,False,SOFT,9.0,True,Racing Bulls,0 days 01:53:25.134000,,12,7.0,,,False,True
0 days 01:55:59.798000,LAW,30,0 days 00:01:17.472000,40.0,2.0,,,0 days 00:00:22.118000,0 days 00:00:24.583000,0 days 00:00:30.771000,0 days 01:55:04.488000,0 days 01:55:29.071000,0 days 01:55:59.842000,241.0,276.0,279.0,299.0,False,SOFT,10.0,True,Racing Bulls,0 days 01:54:42.326000,,1,7.0,,,False,True
0 days 01:57:16.807000,LAW,30,0 days 00:01:17.009000,41.0,2.0,,,0 days 00:00:21.787000,0 days 00:00:24.565000,0 days 00:00:30.657000,0 days 01:56:21.629000,0 days 01:56:46.194000,0 days 01:57:16.851000,242.0,276.0,281.0,299.0,False,SOFT,11.0,True,Racing Bulls,0 days 01:55:59.798000,,1,7.0,,,False,True
0 days 01:58:33.525000,LAW,30,0 days 00:01:16.718000,42.0,2.0,,,0 days 00:00:21.795000,0 days 00:00:24.457000,0 days 00:00:30.466000,0 days 01:57:38.646000,0 days 01:58:03.103000,0 days 01:58:33.569000,240.0,278.0,280.0,302.0,True,SOFT,12.0,True,Racing Bulls,0 days 01:57:16.807000,,1,7.0,,,False,True
0 days 01:59:50.123000,LAW,30,0 days 00:01:16.598000,43.0,2.0,,,0 days 00:00:21.711000,0 days 00:00:24.408000,0 days 00:00:30.479000,0 days 01:58:55.280000,0 days 01:59:19.688000,0 days 01:59:50.167000,241.0,276.0,284.0,299.0,True,SOFT,13.0,True,Racing Bulls,0 days 01:58:33.525000,,1,7.0,,,False,True
0 days 02:01:06.809000,LAW,30,0 days 00:01:16.686000,44.0,2.0,,,0 days 00:00:21.708000,0 days 00:00:24.500000,0 days 00:00:30.478000,0 days 02:00:11.875000,0 days 02:00:36.375000,0 days 02:01:06.853000,241.0,279.0,282.0,305.0,False,SOFT,14.0,True,Racing Bulls,0 days 01:59:50.123000,,1,7.0,,,False,True
0 days 02:02:40.369000,LAW,30,0 days 00:01:33.560000,45.0,2.0,,,0 days 00:00:21.634000,0 days 00:00:31.724000,0 days 00:00:40.202000,0 days 02:01:28.487000,0 days 02:02:00.211000,0 days 02:02:40.413000,242.0,221.0,300.0,276.0,False,SOFT,15.0,True,Racing Bulls,0 days 02:01:06.809000,,167,7.0,,,False,False
0 days 02:03:58.708000,LAW,30,0 days 00:01:18.339000,46.0,2.0,,,0 days 00:00:21.782000,0 days 00:00:24.382000,0 days 00:00:32.175000,0 days 02:03:02.195000,0 days 02:03:26.577000,0 days 02:03:58.752000,244.0,279.0,285.0,237.0,False,SOFT,16.0,True,Racing Bulls,0 days 02:02:40.369000,,1,7.0,,,False,True
0 days 02:05:15.593000,LAW,30,0 days 00:01:16.885000,47.0,2.0,,,0 days 00:00:22.022000,0 days 00:00:24.335000,0 days 00:00:30.528000,0 days 02:04:20.774000,0 days 02:04:45.109000,0 days 02:05:15.637000,242.0,281.0,284.0,306.0,False,SOFT,17.0,True,Racing Bulls,0 days 02:03:58.708000,,1,7.0,,,False,True
0 days 02:06:32.446000,LAW,30,0 days 00:01:16.853000,48.0,2.0,,,0 days 00:00:21.672000,0 days 00:00:24.297000,0 days 00:00:30.884000,0 days 02:05:37.309000,0 days 02:06:01.606000,0 days 02:06:32.490000,241.0,277.0,220.0,299.0,False,SOFT,18.0,True,Racing Bulls,0 days 02:05:15.593000,,1,7.0,,,False,True
0 days 02:07:51.642000,LAW,30,0 days 00:01:19.196000,49.0,2.0,,,0 days 00:00:23.016000,0 days 00:00:25.323000,0 days 00:00:30.857000,0 days 02:06:55.506000,0 days 02:07:20.829000,0 days 02:07:51.686000,242.0,258.0,287.0,317.0,False,SOFT,19.0,True,Racing Bulls,0 days 02:06:32.446000,,1,7.0,,,False,True
0 days 02:09:07.788000,LAW,30,0 days 00:01:16.146000,50.0,2.0,,,0 days 00:00:21.738000,0 days 00:00:24.205000,0 days 00:00:30.203000,0 days 02:08:13.424000,0 days 02:08:37.629000,0 days 02:09:07.832000,244.0,295.0,280.0,309.0,True,SOFT,20.0,True,Racing Bulls,0 days 02:07:51.642000,,1,7.0,,,False,True
0 days 02:10:29.614000,LAW,30,0 days 00:01:21.826000,51.0,2.0,,,0 days 00:00:21.680000,0 days 00:00:24.259000,0 days 00:00:35.887000,0 days 02:09:29.512000,0 days 02:09:53.771000,0 days 02:10:29.658000,240.0,276.0,228.0,310.0,False,SOFT,21.0,True,Racing Bulls,0 days 02:09:07.788000,,16,7.0,,,False,False
0 days 02:12:12.263000,LAW,30,0 days 00:01:42.649000,52.0,2.0,,,0 days 00:00:28.792000,0 days 00:00:32.393000,0 days 00:00:41.464000,0 days 02:10:58.450000,0 days 02:11:30.843000,0 days 02:12:12.307000,231.0,216.0,281.0,277.0,False,SOFT,22.0,True,Racing Bulls,0 days 02:10:29.614000,,67,7.0,,,False,False
0 days 02:13:34.883000,LAW,30,0 days 00:01:22.620000,53.0,2.0,,,0 days 00:00:27.471000,0 days 00:00:24.988000,0 days 00:00:30.161000,0 days 02:12:39.778000,0 days 02:13:04.766000,0 days 02:13:34.927000,242.0,281.0,286.0,317.0,False,SOFT,23.0,True,Racing Bulls,0 days 02:12:12.263000,,71,7.0,,,False,False
0 days 02:14:51.214000,LAW,30,0 days 00:01:16.331000,54.0,2.0,,,0 days 00:00:21.679000,0 days 00:00:24.340000,0 days 00:00:30.312000,0 days 02:13:56.606000,0 days 02:14:20.946000,0 days 02:14:51.258000,240.0,275.0,284.0,305.0,False,SOFT,24.0,True,Racing Bulls,0 days 02:13:34.883000,,1,7.0,,,False,True
0 days 02:16:07.294000,LAW,30,0 days 00:01:16.080000,55.0,2.0,,,0 days 00:00:21.556000,0 days 00:00:24.311000,0 days 00:00:30.213000,0 days 02:15:12.814000,0 days 02:15:37.125000,0 days 02:16:07.338000,240.0,276.0,285.0,304.0,True,SOFT,25.0,True,Racing Bulls,0 days 02:14:51.214000,,1,7.0,,,False,True
0 days 02:17:23.234000,LAW,30,0 days 00:01:15.940000,56.0,2.0,,,0 days 00:00:21.528000,0 days 00:00:24.270000,0 days 00:00:30.142000,0 days 02:16:28.866000,0 days 02:16:53.136000,0 days 02:17:23.278000,242.0,278.0,282.0,303.0,True,SOFT,26.0,True,Racing Bulls,0 days 02:16:07.294000,,1,7.0,,,False,True
0 days 02:18:39.040000,LAW,30,0 days 00:01:15.806000,57.0,2.0,,,0 days 00:00:21.539000,0 days 00:00:24.161000,0 days 00:00:30.106000,0 days 02:17:44.817000,0 days 02:18:08.978000,0 days 02:18:39.084000,243.0,279.0,284.0,303.0,True,SOFT,27.0,True,Racing Bulls,0 days 02:17:23.234000,,1,7.0,,,False,True
0 days 02:19:55.143000,LAW,30,0 days 00:01:16.103000,58.0,2.0,,,0 days 00:00:21.620000,0 days 00:00:24.124000,0 days 00:00:30.359000,0 days 02:19:00.704000,0 days 02:19:24.828000,0 days 02:19:55.187000,240.0,280.0,283.0,308.0,False,SOFT,28.0,True,Racing Bulls,0 days 02:18:39.040000,,1,7.0,,,False,True
0 days 02:21:10.747000,LAW,30,0 days 00:01:15.604000,59.0,2.0,,,0 days 00:00:21.411000,0 days 00:00:24.113000,0 days 00:00:30.080000,0 days 02:20:16.598000,0 days 02:20:40.711000,0 days 02:21:10.791000,245.0,281.0,276.0,312.0,True,SOFT,29.0,True,Racing Bulls,0 days 02:19:55.143000,,1,7.0,,,False,True
0 days 02:22:26.899000,LAW,30,0 days 00:01:16.152000,60.0,2.0,,,0 days 00:00:21.649000,0 days 00:00:24.286000,0 days 00:00:30.217000,0 days 02:21:32.440000,0 days 02:21:56.726000,0 days 02:22:26.943000,242.0,278.0,278.0,304.0,False,SOFT,30.0,True,Racing Bulls,0 days 02:21:10.747000,,12,7.0,,,False,True
0 days 02:23:42.880000,LAW,30,0 days 00:01:15.981000,61.0,2.0,,,0 days 00:00:21.600000,0 days 00:00:24.186000,0 days 00:00:30.195000,0 days 02:22:48.543000,0 days 02:23:12.729000,0 days 02:23:42.924000,243.0,279.0,282.0,301.0,False,SOFT,31.0,True,Racing Bulls,0 days 02:22:26.899000,,1,7.0,,,False,True
0 days 02:24:58.897000,LAW,30,0 days 00:01:16.017000,62.0,2.0,,,0 days 00:00:21.499000,0 days 00:00:24.207000,0 days 00:00:30.311000,0 days 02:24:04.423000,0 days 02:24:28.630000,0 days 02:24:58.941000,242.0,277.0,280.0,306.0,False,SOFT,32.0,True,Racing Bulls,0 days 02:23:42.880000,,1,7.0,,,False,True
0 days 02:26:14.953000,LAW,30,0 days 00:01:16.056000,63.0,2.0,,,0 days 00:00:21.627000,0 days 00:00:24.178000,0 days 00:00:30.251000,0 days 02:25:20.568000,0 days 02:25:44.746000,0 days 02:26:14.997000,241.0,279.0,274.0,311.0,False,SOFT,33.0,True,Racing Bulls,0 days 02:24:58.897000,,1,7.0,,,False,True
0 days 02:27:31.807000,LAW,30,0 days 00:01:16.854000,64.0,2.0,,,0 days 00:00:21.665000,0 days 00:00:24.194000,0 days 00:00:30.995000,0 days 02:26:36.662000,0 days 02:27:00.856000,0 days 02:27:31.851000,243.0,277.0,257.0,310.0,False,SOFT,34.0,True,Racing Bulls,0 days 02:26:14.953000,,1,7.0,,,False,True
0 days 02:28:49.669000,LAW,30,0 days 00:01:17.862000,65.0,2.0,,,0 days 00:00:22.696000,0 days 00:00:24.592000,0 days 00:00:30.574000,0 days 02:27:54.547000,0 days 02:28:19.139000,0 days 02:28:49.713000,242.0,278.0,267.0,319.0,False,SOFT,35.0,True,Racing Bulls,0 days 02:27:31.807000,,1,7.0,,,False,True
0 days 02:30:06.110000,LAW,30,0 days 00:01:16.441000,66.0,2.0,,,0 days 00:00:21.778000,0 days 00:00:24.168000,0 days 00:00:30.495000,0 days 02:29:11.491000,0 days 02:29:35.659000,0 days 02:30:06.154000,243.0,278.0,280.0,300.0,False,SOFT,36.0,True,Racing Bulls,0 days 02:28:49.669000,,1,7.0,,,False,True
0 days 02:31:22.537000,LAW,30,0 days 00:01:16.427000,67.0,2.0,,,0 days 00:00:21.592000,0 days 00:00:24.446000,0 days 00:00:30.389000,0 days 02:30:27.746000,0 days 02:30:52.192000,0 days 02:31:22.581000,243.0,280.0,271.0,320.0,False,SOFT,37.0,True,Racing Bulls,0 days 02:30:06.110000,,1,7.0,,,False,True
0 days 01:04:09.306000,OCO,31,0 days 00:01:36.762000,1.0,1.0,,,,0 days 00:00:28.910000,0 days 00:00:33.363000,,0 days 01:03:36.025000,0 days 01:04:09.463000,200.0,281.0,285.0,320.0,False,SOFT,1.0,True,Haas F1 Team,0 days 01:02:32.281000,,1,15.0,,,False,False
0 days 01:05:35.002000,OCO,31,0 days 00:01:25.696000,2.0,1.0,,,0 days 00:00:25.899000,0 days 00:00:27.088000,0 days 00:00:32.709000,0 days 01:04:35.237000,0 days 01:05:02.325000,0 days 01:05:35.034000,215.0,279.0,275.0,308.0,True,SOFT,2.0,True,Haas F1 Team,0 days 01:04:09.306000,,1,12.0,,,False,True
0 days 01:06:56.687000,OCO,31,0 days 00:01:21.685000,3.0,1.0,,,0 days 00:00:23.929000,0 days 00:00:26.089000,0 days 00:00:31.667000,0 days 01:05:58.963000,0 days 01:06:25.052000,0 days 01:06:56.719000,227.0,284.0,276.0,329.0,True,SOFT,3.0,True,Haas F1 Team,0 days 01:05:35.002000,,1,12.0,,,False,True
0 days 01:08:18.312000,OCO,31,0 days 00:01:21.625000,4.0,1.0,,,0 days 00:00:23.505000,0 days 00:00:26.327000,0 days 00:00:31.793000,0 days 01:07:20.224000,0 days 01:07:46.551000,0 days 01:08:18.344000,228.0,268.0,272.0,312.0,True,SOFT,4.0,True,Haas F1 Team,0 days 01:06:56.687000,,1,12.0,,,False,True
0 days 01:09:39.020000,OCO,31,0 days 00:01:20.708000,5.0,1.0,,,0 days 00:00:23.503000,0 days 00:00:25.891000,0 days 00:00:31.314000,0 days 01:08:41.847000,0 days 01:09:07.738000,0 days 01:09:39.052000,227.0,272.0,267.0,313.0,True,SOFT,5.0,True,Haas F1 Team,0 days 01:08:18.312000,,1,12.0,,,False,True
0 days 01:10:59.645000,OCO,31,0 days 00:01:20.625000,6.0,1.0,,,0 days 00:00:23.044000,0 days 00:00:25.559000,0 days 00:00:32.022000,0 days 01:10:02.096000,0 days 01:10:27.655000,0 days 01:10:59.677000,228.0,267.0,266.0,314.0,True,SOFT,6.0,True,Haas F1 Team,0 days 01:09:39.020000,,1,13.0,,,False,True
0 days 01:12:23.171000,OCO,31,0 days 00:01:23.526000,7.0,1.0,,,0 days 00:00:23.616000,0 days 00:00:27.990000,0 days 00:00:31.920000,0 days 01:11:23.293000,0 days 01:11:51.283000,0 days 01:12:23.203000,227.0,261.0,251.0,329.0,False,SOFT,7.0,True,Haas F1 Team,0 days 01:10:59.645000,,1,15.0,,,False,True
0 days 01:13:42.824000,OCO,31,0 days 00:01:19.653000,8.0,1.0,,,0 days 00:00:23.133000,0 days 00:00:25.305000,0 days 00:00:31.215000,0 days 01:12:46.336000,0 days 01:13:11.641000,0 days 01:13:42.856000,227.0,271.0,267.0,312.0,True,SOFT,8.0,True,Haas F1 Team,0 days 01:12:23.171000,,1,15.0,,,False,True
0 days 01:15:01.926000,OCO,31,0 days 00:01:19.102000,9.0,1.0,,,0 days 00:00:22.688000,0 days 00:00:25.106000,0 days 00:00:31.308000,0 days 01:14:05.544000,0 days 01:14:30.650000,0 days 01:15:01.958000,228.0,271.0,272.0,301.0,True,SOFT,9.0,True,Haas F1 Team,0 days 01:13:42.824000,,1,15.0,,,False,True
0 days 01:16:20.431000,OCO,31,0 days 00:01:18.505000,10.0,1.0,,,0 days 00:00:22.560000,0 days 00:00:24.882000,0 days 00:00:31.063000,0 days 01:15:24.518000,0 days 01:15:49.400000,0 days 01:16:20.463000,231.0,271.0,270.0,301.0,True,SOFT,10.0,True,Haas F1 Team,0 days 01:15:01.926000,,1,15.0,,,False,True
0 days 01:17:39.432000,OCO,31,0 days 00:01:19.001000,11.0,1.0,,,0 days 00:00:22.446000,0 days 00:00:25.491000,0 days 00:00:31.064000,0 days 01:16:42.909000,0 days 01:17:08.400000,0 days 01:17:39.464000,230.0,271.0,274.0,302.0,False,SOFT,11.0,True,Haas F1 Team,0 days 01:16:20.431000,,1,15.0,,,False,True
0 days 01:18:59.045000,OCO,31,0 days 00:01:19.613000,12.0,1.0,,,0 days 00:00:22.574000,0 days 00:00:25.136000,0 days 00:00:31.903000,0 days 01:18:02.038000,0 days 01:18:27.174000,0 days 01:18:59.077000,229.0,273.0,273.0,301.0,False,SOFT,12.0,True,Haas F1 Team,0 days 01:17:39.432000,,12,13.0,,,False,True
0 days 01:20:18.589000,OCO,31,0 days 00:01:19.544000,13.0,1.0,,,0 days 00:00:22.670000,0 days 00:00:25.101000,0 days 00:00:31.773000,0 days 01:19:21.747000,0 days 01:19:46.848000,0 days 01:20:18.621000,228.0,267.0,275.0,304.0,False,SOFT,13.0,True,Haas F1 Team,0 days 01:18:59.045000,,2,13.0,,,False,True
0 days 01:21:37.704000,OCO,31,0 days 00:01:19.115000,14.0,1.0,,,0 days 00:00:22.570000,0 days 00:00:25.014000,0 days 00:00:31.531000,0 days 01:20:41.191000,0 days 01:21:06.205000,0 days 01:21:37.736000,231.0,275.0,265.0,309.0,False,SOFT,14.0,True,Haas F1 Team,0 days 01:20:18.589000,,21,14.0,,,False,True
0 days 01:22:57.387000,OCO,31,0 days 00:01:19.683000,15.0,1.0,,,0 days 00:00:23.185000,0 days 00:00:25.199000,0 days 00:00:31.299000,0 days 01:22:00.921000,0 days 01:22:26.120000,0 days 01:22:57.419000,231.0,281.0,290.0,327.0,False,SOFT,15.0,True,Haas F1 Team,0 days 01:21:37.704000,,1,13.0,,,False,True
0 days 01:24:35.778000,OCO,31,0 days 00:01:38.391000,16.0,1.0,,0 days 01:24:12.564000,0 days 00:00:23.358000,0 days 00:00:25.262000,0 days 00:00:49.771000,0 days 01:23:20.777000,0 days 01:23:46.039000,0 days 01:24:35.810000,229.0,279.0,,308.0,False,SOFT,16.0,True,Haas F1 Team,0 days 01:22:57.387000,,1,16.0,,,False,False
0 days 01:26:00.940000,OCO,31,0 days 00:01:25.162000,17.0,2.0,0 days 01:24:37.392000,,0 days 00:00:26.595000,0 days 00:00:25.751000,0 days 00:00:32.816000,0 days 01:25:02.405000,0 days 01:25:28.156000,0 days 01:26:00.972000,225.0,280.0,295.0,315.0,False,MEDIUM,1.0,True,Haas F1 Team,0 days 01:24:35.778000,,1,17.0,,,False,False
0 days 01:27:20.459000,OCO,31,0 days 00:01:19.519000,18.0,2.0,,,0 days 00:00:22.904000,0 days 00:00:25.405000,0 days 00:00:31.210000,0 days 01:26:23.876000,0 days 01:26:49.281000,0 days 01:27:20.491000,231.0,270.0,273.0,305.0,False,MEDIUM,2.0,True,Haas F1 Team,0 days 01:26:00.940000,,12,17.0,,,False,True
0 days 01:28:39.844000,OCO,31,0 days 00:01:19.385000,19.0,2.0,,,0 days 00:00:22.992000,0 days 00:00:25.095000,0 days 00:00:31.298000,0 days 01:27:43.483000,0 days 01:28:08.578000,0 days 01:28:39.876000,227.0,273.0,273.0,299.0,False,MEDIUM,3.0,True,Haas F1 Team,0 days 01:27:20.459000,,1,16.0,,,False,True
0 days 01:29:58.534000,OCO,31,0 days 00:01:18.690000,20.0,2.0,,,0 days 00:00:22.667000,0 days 00:00:24.950000,0 days 00:00:31.073000,0 days 01:29:02.543000,0 days 01:29:27.493000,0 days 01:29:58.566000,230.0,271.0,281.0,298.0,False,MEDIUM,4.0,True,Haas F1 Team,0 days 01:28:39.844000,,1,16.0,,,False,True
0 days 01:31:17.142000,OCO,31,0 days 00:01:18.608000,21.0,2.0,,,0 days 00:00:22.536000,0 days 00:00:25.076000,0 days 00:00:30.996000,0 days 01:30:21.102000,0 days 01:30:46.178000,0 days 01:31:17.174000,228.0,270.0,272.0,303.0,False,MEDIUM,5.0,True,Haas F1 Team,0 days 01:29:58.534000,,1,15.0,,,False,True
0 days 01:32:35.782000,OCO,31,0 days 00:01:18.640000,22.0,2.0,,,0 days 00:00:22.552000,0 days 00:00:24.745000,0 days 00:00:31.343000,0 days 01:31:39.726000,0 days 01:32:04.471000,0 days 01:32:35.814000,230.0,274.0,271.0,301.0,False,MEDIUM,6.0,True,Haas F1 Team,0 days 01:31:17.142000,,1,15.0,,,False,True
0 days 01:33:54.069000,OCO,31,0 days 00:01:18.287000,23.0,2.0,,,0 days 00:00:22.588000,0 days 00:00:24.727000,0 days 00:00:30.972000,0 days 01:32:58.402000,0 days 01:33:23.129000,0 days 01:33:54.101000,229.0,275.0,272.0,302.0,True,MEDIUM,7.0,True,Haas F1 Team,0 days 01:32:35.782000,,1,15.0,,,False,True
0 days 01:35:12.406000,OCO,31,0 days 00:01:18.337000,24.0,2.0,,,0 days 00:00:22.514000,0 days 00:00:24.899000,0 days 00:00:30.924000,0 days 01:34:16.615000,0 days 01:34:41.514000,0 days 01:35:12.438000,230.0,273.0,272.0,301.0,False,MEDIUM,8.0,True,Haas F1 Team,0 days 01:33:54.069000,,1,15.0,,,False,True
0 days 01:36:30.978000,OCO,31,0 days 00:01:18.572000,25.0,2.0,,,0 days 00:00:22.522000,0 days 00:00:24.890000,0 days 00:00:31.160000,0 days 01:35:34.960000,0 days 01:35:59.850000,0 days 01:36:31.010000,229.0,272.0,271.0,297.0,False,MEDIUM,9.0,True,Haas F1 Team,0 days 01:35:12.406000,,1,15.0,,,False,True
0 days 01:37:49.242000,OCO,31,0 days 00:01:18.264000,26.0,2.0,,,0 days 00:00:22.427000,0 days 00:00:24.850000,0 days 00:00:30.987000,0 days 01:36:53.437000,0 days 01:37:18.287000,0 days 01:37:49.274000,231.0,271.0,274.0,299.0,True,MEDIUM,10.0,True,Haas F1 Team,0 days 01:36:30.978000,,1,15.0,,,False,True
0 days 01:39:08.378000,OCO,31,0 days 00:01:19.136000,27.0,2.0,,,0 days 00:00:22.589000,0 days 00:00:25.224000,0 days 00:00:31.323000,0 days 01:38:11.863000,0 days 01:38:37.087000,0 days 01:39:08.410000,230.0,267.0,270.0,308.0,False,MEDIUM,11.0,True,Haas F1 Team,0 days 01:37:49.242000,,1,16.0,,,False,True
0 days 01:40:26.984000,OCO,31,0 days 00:01:18.606000,28.0,2.0,,,0 days 00:00:22.756000,0 days 00:00:25.049000,0 days 00:00:30.801000,0 days 01:39:31.166000,0 days 01:39:56.215000,0 days 01:40:27.016000,230.0,275.0,256.0,329.0,False,MEDIUM,12.0,True,Haas F1 Team,0 days 01:39:08.378000,,1,16.0,,,False,True
0 days 01:42:01.124000,OCO,31,0 days 00:01:34.140000,29.0,2.0,,,0 days 00:00:22.583000,0 days 00:00:32.291000,0 days 00:00:39.266000,0 days 01:40:49.599000,0 days 01:41:21.890000,0 days 01:42:01.156000,229.0,188.0,209.0,246.0,False,MEDIUM,13.0,True,Haas F1 Team,0 days 01:40:26.984000,,126,16.0,,,False,False
0 days 01:44:12.112000,OCO,31,0 days 00:02:10.988000,30.0,2.0,,0 days 01:43:38.334000,0 days 00:00:29.666000,0 days 00:00:35.912000,0 days 00:01:05.410000,0 days 01:42:30.822000,0 days 01:43:06.734000,0 days 01:44:12.144000,164.0,217.0,,232.0,False,MEDIUM,14.0,True,Haas F1 Team,0 days 01:42:01.124000,,6,15.0,,,False,False
0 days 01:45:40.388000,OCO,31,0 days 00:01:28.276000,31.0,3.0,0 days 01:44:13.714000,,0 days 00:00:29.462000,0 days 00:00:26.155000,0 days 00:00:32.659000,0 days 01:44:41.606000,0 days 01:45:07.761000,0 days 01:45:40.420000,225.0,277.0,234.0,297.0,False,SOFT,1.0,True,Haas F1 Team,0 days 01:44:12.112000,,671,15.0,,,False,False
0 days 01:46:59.893000,OCO,31,0 days 00:01:19.505000,32.0,3.0,,,0 days 00:00:23.513000,0 days 00:00:25.109000,0 days 00:00:30.883000,0 days 01:46:03.933000,0 days 01:46:29.042000,0 days 01:46:59.925000,234.0,279.0,282.0,304.0,False,SOFT,2.0,True,Haas F1 Team,0 days 01:45:40.388000,,1,15.0,,,False,True
0 days 01:48:18.209000,OCO,31,0 days 00:01:18.316000,33.0,3.0,,,0 days 00:00:22.510000,0 days 00:00:24.973000,0 days 00:00:30.833000,0 days 01:47:22.435000,0 days 01:47:47.408000,0 days 01:48:18.241000,233.0,275.0,272.0,314.0,False,SOFT,3.0,True,Haas F1 Team,0 days 01:46:59.893000,,1,15.0,,,False,True
0 days 01:49:38.425000,OCO,31,0 days 00:01:20.216000,34.0,3.0,,,0 days 00:00:22.504000,0 days 00:00:26.577000,0 days 00:00:31.135000,0 days 01:48:40.745000,0 days 01:49:07.322000,0 days 01:49:38.457000,231.0,260.0,279.0,314.0,False,SOFT,4.0,True,Haas F1 Team,0 days 01:48:18.209000,,1,15.0,,,False,True
0 days 01:50:55.684000,OCO,31,0 days 00:01:17.259000,35.0,3.0,,,0 days 00:00:22.410000,0 days 00:00:24.595000,0 days 00:00:30.254000,0 days 01:50:00.867000,0 days 01:50:25.462000,0 days 01:50:55.716000,234.0,278.0,285.0,324.0,True,SOFT,5.0,True,Haas F1 Team,0 days 01:49:38.425000,,1,15.0,,,False,True
0 days 01:52:13.042000,OCO,31,0 days 00:01:17.358000,36.0,3.0,,,0 days 00:00:22.253000,0 days 00:00:24.684000,0 days 00:00:30.421000,0 days 01:51:17.969000,0 days 01:51:42.653000,0 days 01:52:13.074000,231.0,276.0,266.0,313.0,False,SOFT,6.0,True,Haas F1 Team,0 days 01:50:55.684000,,1,15.0,,,False,True
0 days 01:53:30.634000,OCO,31,0 days 00:01:17.592000,37.0,3.0,,,0 days 00:00:22.233000,0 days 00:00:24.797000,0 days 00:00:30.562000,0 days 01:52:35.307000,0 days 01:53:00.104000,0 days 01:53:30.666000,231.0,278.0,276.0,314.0,False,SOFT,7.0,True,Haas F1 Team,0 days 01:52:13.042000,,1,15.0,,,False,True
0 days 01:54:48.767000,OCO,31,0 days 00:01:18.133000,38.0,3.0,,,0 days 00:00:22.261000,0 days 00:00:24.541000,0 days 00:00:31.331000,0 days 01:53:52.927000,0 days 01:54:17.468000,0 days 01:54:48.799000,233.0,276.0,292.0,312.0,False,SOFT,8.0,True,Haas F1 Team,0 days 01:53:30.634000,,12,16.0,,,False,True
0 days 01:56:09.004000,OCO,31,0 days 00:01:20.237000,39.0,3.0,,,0 days 00:00:23.955000,0 days 00:00:25.354000,0 days 00:00:30.928000,0 days 01:55:12.754000,0 days 01:55:38.108000,0 days 01:56:09.036000,231.0,276.0,278.0,340.0,False,SOFT,9.0,True,Haas F1 Team,0 days 01:54:48.767000,,1,14.0,,,False,True
0 days 01:57:26.406000,OCO,31,0 days 00:01:17.402000,40.0,3.0,,,0 days 00:00:22.348000,0 days 00:00:24.742000,0 days 00:00:30.312000,0 days 01:56:31.384000,0 days 01:56:56.126000,0 days 01:57:26.438000,233.0,275.0,274.0,321.0,False,SOFT,10.0,True,Haas F1 Team,0 days 01:56:09.004000,,1,15.0,,,False,True
0 days 01:58:44.989000,OCO,31,0 days 00:01:18.583000,41.0,3.0,,,0 days 00:00:22.183000,0 days 00:00:25.682000,0 days 00:00:30.718000,0 days 01:57:48.621000,0 days 01:58:14.303000,0 days 01:58:45.021000,232.0,277.0,269.0,314.0,False,SOFT,11.0,True,Haas F1 Team,0 days 01:57:26.406000,,1,14.0,,,False,True
0 days 02:00:03.542000,OCO,31,0 days 00:01:18.553000,42.0,3.0,,,0 days 00:00:22.206000,0 days 00:00:25.041000,0 days 00:00:31.306000,0 days 01:59:07.227000,0 days 01:59:32.268000,0 days 02:00:03.574000,232.0,223.0,277.0,316.0,False,SOFT,12.0,True,Haas F1 Team,0 days 01:58:44.989000,,1,14.0,,,False,True
0 days 02:01:20.217000,OCO,31,0 days 00:01:16.675000,43.0,3.0,,,0 days 00:00:22.046000,0 days 00:00:24.437000,0 days 00:00:30.192000,0 days 02:00:25.620000,0 days 02:00:50.057000,0 days 02:01:20.249000,234.0,275.0,280.0,327.0,True,SOFT,13.0,True,Haas F1 Team,0 days 02:00:03.542000,,1,14.0,,,False,True
0 days 02:02:53.420000,OCO,31,0 days 00:01:33.203000,44.0,3.0,,,0 days 00:00:27.674000,0 days 00:00:30.663000,0 days 00:00:34.866000,0 days 02:01:47.923000,0 days 02:02:18.586000,0 days 02:02:53.452000,126.0,194.0,292.0,303.0,False,SOFT,14.0,True,Haas F1 Team,0 days 02:01:20.217000,,167,14.0,,,False,False
0 days 02:04:11.173000,OCO,31,0 days 00:01:17.753000,45.0,3.0,,,0 days 00:00:22.210000,0 days 00:00:24.868000,0 days 00:00:30.675000,0 days 02:03:15.662000,0 days 02:03:40.530000,0 days 02:04:11.205000,232.0,274.0,267.0,309.0,False,SOFT,15.0,True,Haas F1 Team,0 days 02:02:53.420000,,1,14.0,,,False,True
0 days 02:05:30.027000,OCO,31,0 days 00:01:18.854000,46.0,3.0,,,0 days 00:00:22.280000,0 days 00:00:25.938000,0 days 00:00:30.636000,0 days 02:04:33.485000,0 days 02:04:59.423000,0 days 02:05:30.059000,231.0,277.0,277.0,315.0,False,SOFT,16.0,True,Haas F1 Team,0 days 02:04:11.173000,,1,14.0,,,False,True
0 days 02:06:49.772000,OCO,31,0 days 00:01:19.745000,47.0,3.0,,,0 days 00:00:24.116000,0 days 00:00:24.931000,0 days 00:00:30.698000,0 days 02:05:54.175000,0 days 02:06:19.106000,0 days 02:06:49.804000,230.0,278.0,280.0,310.0,False,SOFT,17.0,True,Haas F1 Team,0 days 02:05:30.027000,,1,14.0,,,False,True
0 days 02:08:08.723000,OCO,31,0 days 00:01:18.951000,48.0,3.0,,,0 days 00:00:22.073000,0 days 00:00:24.661000,0 days 00:00:32.217000,0 days 02:07:11.877000,0 days 02:07:36.538000,0 days 02:08:08.755000,231.0,274.0,279.0,287.0,False,SOFT,18.0,True,Haas F1 Team,0 days 02:06:49.772000,,1,14.0,,,False,True
0 days 02:09:26.037000,OCO,31,0 days 00:01:17.314000,49.0,3.0,,,0 days 00:00:22.278000,0 days 00:00:24.663000,0 days 00:00:30.373000,0 days 02:08:31.033000,0 days 02:08:55.696000,0 days 02:09:26.069000,235.0,274.0,275.0,329.0,False,SOFT,19.0,True,Haas F1 Team,0 days 02:08:08.723000,,1,14.0,,,False,True
0 days 02:10:58.569000,OCO,31,0 days 00:01:32.532000,50.0,3.0,,,0 days 00:00:22.355000,0 days 00:00:24.699000,0 days 00:00:45.478000,0 days 02:09:48.424000,0 days 02:10:13.123000,0 days 02:10:58.601000,231.0,273.0,238.0,229.0,False,SOFT,20.0,True,Haas F1 Team,0 days 02:09:26.037000,,16,14.0,,,False,False
0 days 02:12:37.149000,OCO,31,0 days 00:01:38.580000,51.0,3.0,,,0 days 00:00:26.090000,0 days 00:00:33.194000,0 days 00:00:39.296000,0 days 02:11:24.691000,0 days 02:11:57.885000,0 days 02:12:37.181000,175.0,202.0,295.0,229.0,False,SOFT,21.0,True,Haas F1 Team,0 days 02:10:58.569000,,671,14.0,,,False,False
0 days 02:13:57.624000,OCO,31,0 days 00:01:20.475000,52.0,3.0,,,0 days 00:00:22.759000,0 days 00:00:25.082000,0 days 00:00:32.634000,0 days 02:12:59.940000,0 days 02:13:25.022000,0 days 02:13:57.656000,230.0,270.0,279.0,246.0,False,SOFT,22.0,True,Haas F1 Team,0 days 02:12:37.149000,,1,14.0,,,False,True
0 days 02:15:15.964000,OCO,31,0 days 00:01:18.340000,53.0,3.0,,,0 days 00:00:22.724000,0 days 00:00:24.944000,0 days 00:00:30.672000,0 days 02:14:20.380000,0 days 02:14:45.324000,0 days 02:15:15.996000,232.0,272.0,265.0,323.0,False,SOFT,23.0,True,Haas F1 Team,0 days 02:13:57.624000,,1,14.0,,,False,True
0 days 02:16:32.942000,OCO,31,0 days 00:01:16.978000,54.0,3.0,,,0 days 00:00:22.248000,0 days 00:00:24.456000,0 days 00:00:30.274000,0 days 02:15:38.244000,0 days 02:16:02.700000,0 days 02:16:32.974000,233.0,278.0,276.0,313.0,False,SOFT,24.0,True,Haas F1 Team,0 days 02:15:15.964000,,1,14.0,,,False,True
0 days 02:17:51.326000,OCO,31,0 days 00:01:18.384000,55.0,3.0,,,0 days 00:00:22.109000,0 days 00:00:25.677000,0 days 00:00:30.598000,0 days 02:16:55.083000,0 days 02:17:20.760000,0 days 02:17:51.358000,233.0,277.0,284.0,312.0,False,SOFT,25.0,True,Haas F1 Team,0 days 02:16:32.942000,,1,14.0,,,False,True
0 days 02:19:08.050000,OCO,31,0 days 00:01:16.724000,56.0,3.0,,,0 days 00:00:21.914000,0 days 00:00:24.430000,0 days 00:00:30.380000,0 days 02:18:13.272000,0 days 02:18:37.702000,0 days 02:19:08.082000,235.0,276.0,272.0,312.0,False,SOFT,26.0,True,Haas F1 Team,0 days 02:17:51.326000,,1,14.0,,,False,True
0 days 02:20:24.962000,OCO,31,0 days 00:01:16.912000,57.0,3.0,,,0 days 00:00:22.085000,0 days 00:00:24.480000,0 days 00:00:30.347000,0 days 02:19:30.167000,0 days 02:19:54.647000,0 days 02:20:24.994000,232.0,275.0,281.0,313.0,False,SOFT,27.0,True,Haas F1 Team,0 days 02:19:08.050000,,1,14.0,,,False,True
0 days 02:21:41.876000,OCO,31,0 days 00:01:16.914000,58.0,3.0,,,0 days 00:00:22.189000,0 days 00:00:24.326000,0 days 00:00:30.399000,0 days 02:20:47.183000,0 days 02:21:11.509000,0 days 02:21:41.908000,233.0,274.0,272.0,310.0,False,SOFT,28.0,True,Haas F1 Team,0 days 02:20:24.962000,,1,14.0,,,False,True
0 days 02:22:58.758000,OCO,31,0 days 00:01:16.882000,59.0,3.0,,,0 days 00:00:22.039000,0 days 00:00:24.542000,0 days 00:00:30.301000,0 days 02:22:03.947000,0 days 02:22:28.489000,0 days 02:22:58.790000,234.0,270.0,276.0,311.0,False,SOFT,29.0,True,Haas F1 Team,0 days 02:21:41.876000,,12,14.0,,,False,True
0 days 02:24:15.523000,OCO,31,0 days 00:01:16.765000,60.0,3.0,,,0 days 00:00:21.961000,0 days 00:00:24.417000,0 days 00:00:30.387000,0 days 02:23:20.751000,0 days 02:23:45.168000,0 days 02:24:15.555000,234.0,277.0,275.0,297.0,False,SOFT,30.0,True,Haas F1 Team,0 days 02:22:58.758000,,1,14.0,,,False,True
0 days 02:25:33.039000,OCO,31,0 days 00:01:17.516000,61.0,3.0,,,0 days 00:00:22.162000,0 days 00:00:24.547000,0 days 00:00:30.807000,0 days 02:24:37.717000,0 days 02:25:02.264000,0 days 02:25:33.071000,233.0,276.0,274.0,297.0,False,SOFT,31.0,True,Haas F1 Team,0 days 02:24:15.523000,,1,14.0,,,False,True
0 days 02:26:50.031000,OCO,31,0 days 00:01:16.992000,62.0,3.0,,,0 days 00:00:22.084000,0 days 00:00:24.416000,0 days 00:00:30.492000,0 days 02:25:55.155000,0 days 02:26:19.571000,0 days 02:26:50.063000,233.0,276.0,278.0,296.0,False,SOFT,32.0,True,Haas F1 Team,0 days 02:25:33.039000,,1,14.0,,,False,True
0 days 02:28:06.867000,OCO,31,0 days 00:01:16.836000,63.0,3.0,,,0 days 00:00:22.014000,0 days 00:00:24.342000,0 days 00:00:30.480000,0 days 02:27:12.077000,0 days 02:27:36.419000,0 days 02:28:06.899000,234.0,277.0,279.0,297.0,False,SOFT,33.0,True,Haas F1 Team,0 days 02:26:50.031000,,1,14.0,,,False,True
0 days 02:29:23.444000,OCO,31,0 days 00:01:16.577000,64.0,3.0,,,0 days 00:00:21.845000,0 days 00:00:24.294000,0 days 00:00:30.438000,0 days 02:28:28.744000,0 days 02:28:53.038000,0 days 02:29:23.476000,234.0,275.0,278.0,297.0,True,SOFT,34.0,True,Haas F1 Team,0 days 02:28:06.867000,,1,14.0,,,False,True
0 days 02:30:40.183000,OCO,31,0 days 00:01:16.739000,65.0,3.0,,,0 days 00:00:21.903000,0 days 00:00:24.265000,0 days 00:00:30.571000,0 days 02:29:45.379000,0 days 02:30:09.644000,0 days 02:30:40.215000,233.0,276.0,277.0,299.0,False,SOFT,35.0,True,Haas F1 Team,0 days 02:29:23.444000,,1,14.0,,,False,True
0 days 02:31:56.937000,OCO,31,0 days 00:01:16.754000,66.0,3.0,,,0 days 00:00:21.955000,0 days 00:00:24.337000,0 days 00:00:30.462000,0 days 02:31:02.170000,0 days 02:31:26.507000,0 days 02:31:56.969000,234.0,277.0,277.0,298.0,False,SOFT,36.0,True,Haas F1 Team,0 days 02:30:40.183000,,1,14.0,,,False,True
0 days 01:04:05.219000,COL,43,0 days 00:01:32.675000,1.0,1.0,,,,0 days 00:00:27.483000,0 days 00:00:32.879000,,0 days 01:03:32.501000,0 days 01:04:05.322000,226.0,283.0,258.0,314.0,False,MEDIUM,1.0,True,Alpine,0 days 01:02:32.281000,,1,8.0,,,False,False
0 days 01:05:27.444000,COL,43,0 days 00:01:22.225000,2.0,1.0,,,0 days 00:00:23.826000,0 days 00:00:25.970000,0 days 00:00:32.429000,0 days 01:04:29.086000,0 days 01:04:55.056000,0 days 01:05:27.485000,242.0,280.0,273.0,310.0,True,MEDIUM,2.0,True,Alpine,0 days 01:04:05.219000,,1,7.0,,,False,True
0 days 01:06:48.438000,COL,43,0 days 00:01:20.994000,3.0,1.0,,,0 days 00:00:23.190000,0 days 00:00:25.815000,0 days 00:00:31.989000,0 days 01:05:50.675000,0 days 01:06:16.490000,0 days 01:06:48.479000,236.0,276.0,277.0,305.0,True,MEDIUM,3.0,True,Alpine,0 days 01:05:27.444000,,1,7.0,,,False,True
0 days 01:08:08.481000,COL,43,0 days 00:01:20.043000,4.0,1.0,,,0 days 00:00:22.953000,0 days 00:00:25.314000,0 days 00:00:31.776000,0 days 01:07:11.432000,0 days 01:07:36.746000,0 days 01:08:08.522000,234.0,290.0,269.0,300.0,True,MEDIUM,4.0,True,Alpine,0 days 01:06:48.438000,,1,7.0,,,False,True
0 days 01:09:27.457000,COL,43,0 days 00:01:18.976000,5.0,1.0,,,0 days 00:00:22.671000,0 days 00:00:25.045000,0 days 00:00:31.260000,0 days 01:08:31.193000,0 days 01:08:56.238000,0 days 01:09:27.498000,236.0,278.0,279.0,306.0,True,MEDIUM,5.0,True,Alpine,0 days 01:08:08.481000,,1,7.0,,,False,True
0 days 01:10:46.322000,COL,43,0 days 00:01:18.865000,6.0,1.0,,,0 days 00:00:22.613000,0 days 00:00:25.009000,0 days 00:00:31.243000,0 days 01:09:50.111000,0 days 01:10:15.120000,0 days 01:10:46.363000,236.0,279.0,277.0,306.0,True,MEDIUM,6.0,True,Alpine,0 days 01:09:27.457000,,1,7.0,,,False,True
0 days 01:12:04.865000,COL,43,0 days 00:01:18.543000,7.0,1.0,,,0 days 00:00:22.498000,0 days 00:00:24.957000,0 days 00:00:31.088000,0 days 01:11:08.861000,0 days 01:11:33.818000,0 days 01:12:04.906000,236.0,277.0,281.0,306.0,True,MEDIUM,7.0,True,Alpine,0 days 01:10:46.322000,,1,7.0,,,False,True
0 days 01:13:23.152000,COL,43,0 days 00:01:18.287000,8.0,1.0,,,0 days 00:00:22.413000,0 days 00:00:24.901000,0 days 00:00:30.973000,0 days 01:12:27.319000,0 days 01:12:52.220000,0 days 01:13:23.193000,231.0,278.0,277.0,306.0,True,MEDIUM,8.0,True,Alpine,0 days 01:12:04.865000,,1,7.0,,,False,True
0 days 01:14:41.460000,COL,43,0 days 00:01:18.308000,9.0,1.0,,,0 days 00:00:22.408000,0 days 00:00:24.881000,0 days 00:00:31.019000,0 days 01:13:45.601000,0 days 01:14:10.482000,0 days 01:14:41.501000,229.0,279.0,277.0,304.0,False,MEDIUM,9.0,True,Alpine,0 days 01:13:23.152000,,1,7.0,,,False,True
0 days 01:15:59.464000,COL,43,0 days 00:01:18.004000,10.0,1.0,,,0 days 00:00:22.271000,0 days 00:00:24.855000,0 days 00:00:30.878000,0 days 01:15:03.772000,0 days 01:15:28.627000,0 days 01:15:59.505000,234.0,276.0,275.0,304.0,True,MEDIUM,10.0,True,Alpine,0 days 01:14:41.460000,,1,7.0,,,False,True
0 days 01:17:17.681000,COL,43,0 days 00:01:18.217000,11.0,1.0,,,0 days 00:00:22.214000,0 days 00:00:25.008000,0 days 00:00:30.995000,0 days 01:16:21.719000,0 days 01:16:46.727000,0 days 01:17:17.722000,230.0,276.0,278.0,304.0,False,MEDIUM,11.0,True,Alpine,0 days 01:15:59.464000,,1,7.0,,,False,True
0 days 01:18:35.383000,COL,43,0 days 00:01:17.702000,12.0,1.0,,,0 days 00:00:22.181000,0 days 00:00:24.653000,0 days 00:00:30.868000,0 days 01:17:39.903000,0 days 01:18:04.556000,0 days 01:18:35.424000,233.0,277.0,278.0,304.0,True,MEDIUM,12.0,True,Alpine,0 days 01:17:17.681000,,12,7.0,,,False,True
0 days 01:19:53.712000,COL,43,0 days 00:01:18.329000,13.0,1.0,,,0 days 00:00:22.040000,0 days 00:00:24.896000,0 days 00:00:31.393000,0 days 01:18:57.464000,0 days 01:19:22.360000,0 days 01:19:53.753000,238.0,263.0,272.0,305.0,False,MEDIUM,13.0,True,Alpine,0 days 01:18:35.383000,,2,7.0,,,False,True
0 days 01:21:11.540000,COL,43,0 days 00:01:17.828000,14.0,1.0,,,0 days 00:00:22.155000,0 days 00:00:24.704000,0 days 00:00:30.969000,0 days 01:20:15.908000,0 days 01:20:40.612000,0 days 01:21:11.581000,237.0,277.0,279.0,303.0,False,MEDIUM,14.0,True,Alpine,0 days 01:19:53.712000,,21,7.0,,,False,True
0 days 01:22:29.022000,COL,43,0 days 00:01:17.482000,15.0,1.0,,,0 days 00:00:21.944000,0 days 00:00:24.653000,0 days 00:00:30.885000,0 days 01:21:33.525000,0 days 01:21:58.178000,0 days 01:22:29.063000,238.0,280.0,272.0,303.0,True,MEDIUM,15.0,True,Alpine,0 days 01:21:11.540000,,1,7.0,,,False,True
0 days 01:23:46.314000,COL,43,0 days 00:01:17.292000,16.0,1.0,,,0 days 00:00:22.015000,0 days 00:00:24.584000,0 days 00:00:30.693000,0 days 01:22:51.078000,0 days 01:23:15.662000,0 days 01:23:46.355000,239.0,278.0,277.0,304.0,True,MEDIUM,16.0,True,Alpine,0 days 01:22:29.022000,,1,7.0,,,False,True
0 days 01:25:03.452000,COL,43,0 days 00:01:17.138000,17.0,1.0,,,0 days 00:00:21.880000,0 days 00:00:24.576000,0 days 00:00:30.682000,0 days 01:24:08.235000,0 days 01:24:32.811000,0 days 01:25:03.493000,238.0,279.0,275.0,306.0,True,MEDIUM,17.0,True,Alpine,0 days 01:23:46.314000,,1,7.0,,,False,True
0 days 01:26:20.467000,COL,43,0 days 00:01:17.015000,18.0,1.0,,,0 days 00:00:21.947000,0 days 00:00:24.596000,0 days 00:00:30.472000,0 days 01:25:25.440000,0 days 01:25:50.036000,0 days 01:26:20.508000,240.0,281.0,274.0,317.0,True,MEDIUM,18.0,True,Alpine,0 days 01:25:03.452000,,1,7.0,,,False,True
0 days 01:27:37.831000,COL,43,0 days 00:01:17.364000,19.0,1.0,,,0 days 00:00:21.968000,0 days 00:00:24.545000,0 days 00:00:30.851000,0 days 01:26:42.476000,0 days 01:27:07.021000,0 days 01:27:37.872000,240.0,272.0,273.0,305.0,False,MEDIUM,19.0,True,Alpine,0 days 01:26:20.467000,,12,7.0,,,False,True
0 days 01:28:54.849000,COL,43,0 days 00:01:17.018000,20.0,1.0,,,0 days 00:00:22.057000,0 days 00:00:24.505000,0 days 00:00:30.456000,0 days 01:27:59.929000,0 days 01:28:24.434000,0 days 01:28:54.890000,239.0,280.0,281.0,308.0,False,MEDIUM,20.0,True,Alpine,0 days 01:27:37.831000,,1,7.0,,,False,True
0 days 01:30:11.712000,COL,43,0 days 00:01:16.863000,21.0,1.0,,,0 days 00:00:21.912000,0 days 00:00:24.387000,0 days 00:00:30.564000,0 days 01:29:16.802000,0 days 01:29:41.189000,0 days 01:30:11.753000,239.0,282.0,282.0,311.0,True,MEDIUM,21.0,True,Alpine,0 days 01:28:54.849000,,1,7.0,,,False,True
0 days 01:31:28.847000,COL,43,0 days 00:01:17.135000,22.0,1.0,,,0 days 00:00:22.083000,0 days 00:00:24.539000,0 days 00:00:30.513000,0 days 01:30:33.836000,0 days 01:30:58.375000,0 days 01:31:28.888000,239.0,281.0,267.0,311.0,False,MEDIUM,22.0,True,Alpine,0 days 01:30:11.712000,,1,7.0,,,False,True
0 days 01:32:45.918000,COL,43,0 days 00:01:17.071000,23.0,1.0,,,0 days 00:00:22.049000,0 days 00:00:24.369000,0 days 00:00:30.653000,0 days 01:31:50.937000,0 days 01:32:15.306000,0 days 01:32:45.959000,241.0,280.0,271.0,307.0,False,MEDIUM,23.0,True,Alpine,0 days 01:31:28.847000,,1,7.0,,,False,True
0 days 01:34:02.746000,COL,43,0 days 00:01:16.828000,24.0,1.0,,,0 days 00:00:22.003000,0 days 00:00:24.362000,0 days 00:00:30.463000,0 days 01:33:07.962000,0 days 01:33:32.324000,0 days 01:34:02.787000,241.0,285.0,279.0,315.0,True,MEDIUM,24.0,True,Alpine,0 days 01:32:45.918000,,1,7.0,,,False,True
0 days 01:35:19.832000,COL,43,0 days 00:01:17.086000,25.0,1.0,,,0 days 00:00:21.991000,0 days 00:00:24.396000,0 days 00:00:30.699000,0 days 01:34:24.778000,0 days 01:34:49.174000,0 days 01:35:19.873000,241.0,281.0,273.0,308.0,False,MEDIUM,25.0,True,Alpine,0 days 01:34:02.746000,,1,7.0,,,False,True
0 days 01:36:36.934000,COL,43,0 days 00:01:17.102000,26.0,1.0,,,0 days 00:00:21.973000,0 days 00:00:24.498000,0 days 00:00:30.631000,0 days 01:35:41.846000,0 days 01:36:06.344000,0 days 01:36:36.975000,238.0,282.0,269.0,305.0,False,MEDIUM,26.0,True,Alpine,0 days 01:35:19.832000,,1,7.0,,,False,True
0 days 01:37:54.408000,COL,43,0 days 00:01:17.474000,27.0,1.0,,,0 days 00:00:22.032000,0 days 00:00:24.535000,0 days 00:00:30.907000,0 days 01:36:59.007000,0 days 01:37:23.542000,0 days 01:37:54.449000,240.0,273.0,277.0,306.0,False,MEDIUM,27.0,True,Alpine,0 days 01:36:36.934000,,1,7.0,,,False,True
0 days 01:39:11.473000,COL,43,0 days 00:01:17.065000,28.0,1.0,,,0 days 00:00:21.923000,0 days 00:00:24.487000,0 days 00:00:30.655000,0 days 01:38:16.372000,0 days 01:38:40.859000,0 days 01:39:11.514000,240.0,279.0,279.0,306.0,False,MEDIUM,28.0,True,Alpine,0 days 01:37:54.408000,,1,7.0,,,False,True
0 days 01:40:28.178000,COL,43,0 days 00:01:16.705000,29.0,1.0,,,0 days 00:00:21.872000,0 days 00:00:24.451000,0 days 00:00:30.382000,0 days 01:39:33.386000,0 days 01:39:57.837000,0 days 01:40:28.219000,241.0,283.0,279.0,314.0,True,MEDIUM,29.0,True,Alpine,0 days 01:39:11.473000,,1,7.0,,,False,True
0 days 01:42:17.125000,COL,43,0 days 00:01:48.947000,30.0,1.0,,0 days 01:41:53.114000,0 days 00:00:22.022000,0 days 00:00:29.909000,0 days 00:00:57.016000,0 days 01:40:50.241000,0 days 01:41:20.150000,0 days 01:42:17.166000,242.0,174.0,,215.0,False,MEDIUM,30.0,True,Alpine,0 days 01:40:28.178000,,126,6.0,,,False,False
0 days 01:44:02.462000,COL,43,0 days 00:01:45.337000,31.0,2.0,0 days 01:42:18.680000,,0 days 00:00:33.220000,0 days 00:00:33.116000,0 days 00:00:39.001000,0 days 01:42:50.386000,0 days 01:43:23.502000,0 days 01:44:02.503000,211.0,225.0,187.0,209.0,False,HARD,1.0,True,Alpine,0 days 01:42:17.125000,,6,6.0,,,False,False
0 days 01:45:28.975000,COL,43,0 days 00:01:26.513000,32.0,2.0,,,0 days 00:00:28.593000,0 days 00:00:26.384000,0 days 00:00:31.536000,0 days 01:44:31.096000,0 days 01:44:57.480000,0 days 01:45:29.016000,217.0,290.0,278.0,301.0,False,HARD,2.0,True,Alpine,0 days 01:44:02.462000,,671,6.0,,,False,False
0 days 01:46:47.772000,COL,43,0 days 00:01:18.797000,33.0,2.0,,,0 days 00:00:22.525000,0 days 00:00:24.978000,0 days 00:00:31.294000,0 days 01:45:51.541000,0 days 01:46:16.519000,0 days 01:46:47.813000,243.0,278.0,277.0,303.0,False,HARD,3.0,True,Alpine,0 days 01:45:28.975000,,1,6.0,,,False,True
0 days 01:48:05.594000,COL,43,0 days 00:01:17.822000,34.0,2.0,,,0 days 00:00:22.232000,0 days 00:00:24.673000,0 days 00:00:30.917000,0 days 01:47:10.045000,0 days 01:47:34.718000,0 days 01:48:05.635000,242.0,280.0,275.0,304.0,False,HARD,4.0,True,Alpine,0 days 01:46:47.772000,,1,6.0,,,False,True
0 days 01:49:22.929000,COL,43,0 days 00:01:17.335000,35.0,2.0,,,0 days 00:00:22.170000,0 days 00:00:24.423000,0 days 00:00:30.742000,0 days 01:48:27.805000,0 days 01:48:52.228000,0 days 01:49:22.970000,241.0,278.0,273.0,300.0,False,HARD,5.0,True,Alpine,0 days 01:48:05.594000,,1,6.0,,,False,True
0 days 01:50:40.168000,COL,43,0 days 00:01:17.239000,36.0,2.0,,,0 days 00:00:21.944000,0 days 00:00:24.452000,0 days 00:00:30.843000,0 days 01:49:44.914000,0 days 01:50:09.366000,0 days 01:50:40.209000,240.0,281.0,278.0,301.0,False,HARD,6.0,True,Alpine,0 days 01:49:22.929000,,1,6.0,,,False,True
0 days 01:51:56.840000,COL,43,0 days 00:01:16.672000,37.0,2.0,,,0 days 00:00:21.871000,0 days 00:00:24.259000,0 days 00:00:30.542000,0 days 01:51:02.080000,0 days 01:51:26.339000,0 days 01:51:56.881000,241.0,280.0,270.0,304.0,True,HARD,7.0,True,Alpine,0 days 01:50:40.168000,,1,6.0,,,False,True
0 days 01:53:13.386000,COL,43,0 days 00:01:16.546000,38.0,2.0,,,0 days 00:00:21.847000,0 days 00:00:24.279000,0 days 00:00:30.420000,0 days 01:52:18.728000,0 days 01:52:43.007000,0 days 01:53:13.427000,242.0,281.0,284.0,307.0,True,HARD,8.0,True,Alpine,0 days 01:51:56.840000,,1,6.0,,,False,True
0 days 01:54:30.065000,COL,43,0 days 00:01:16.679000,39.0,2.0,,,0 days 00:00:21.735000,0 days 00:00:24.324000,0 days 00:00:30.620000,0 days 01:53:35.162000,0 days 01:53:59.486000,0 days 01:54:30.106000,243.0,278.0,277.0,299.0,False,HARD,9.0,True,Alpine,0 days 01:53:13.386000,,12,6.0,,,False,True
0 days 01:55:46.944000,COL,43,0 days 00:01:16.879000,40.0,2.0,,,0 days 00:00:21.827000,0 days 00:00:24.439000,0 days 00:00:30.613000,0 days 01:54:51.933000,0 days 01:55:16.372000,0 days 01:55:46.985000,242.0,279.0,273.0,303.0,False,HARD,10.0,True,Alpine,0 days 01:54:30.065000,,1,6.0,,,False,True
0 days 01:57:03.734000,COL,43,0 days 00:01:16.790000,41.0,2.0,,,0 days 00:00:21.867000,0 days 00:00:24.317000,0 days 00:00:30.606000,0 days 01:56:08.852000,0 days 01:56:33.169000,0 days 01:57:03.775000,241.0,280.0,275.0,299.0,False,HARD,11.0,True,Alpine,0 days 01:55:46.944000,,1,6.0,,,False,True
0 days 01:58:20.352000,COL,43,0 days 00:01:16.618000,42.0,2.0,,,0 days 00:00:21.763000,0 days 00:00:24.269000,0 days 00:00:30.586000,0 days 01:57:25.538000,0 days 01:57:49.807000,0 days 01:58:20.393000,243.0,280.0,272.0,299.0,False,HARD,12.0,True,Alpine,0 days 01:57:03.734000,,1,6.0,,,False,True
0 days 01:59:37.278000,COL,43,0 days 00:01:16.926000,43.0,2.0,,,0 days 00:00:21.829000,0 days 00:00:24.289000,0 days 00:00:30.808000,0 days 01:58:42.222000,0 days 01:59:06.511000,0 days 01:59:37.319000,242.0,281.0,274.0,300.0,False,HARD,13.0,True,Alpine,0 days 01:58:20.352000,,1,6.0,,,False,True
0 days 02:00:53.527000,COL,43,0 days 00:01:16.249000,44.0,2.0,,,0 days 00:00:21.603000,0 days 00:00:24.022000,0 days 00:00:30.624000,0 days 01:59:58.922000,0 days 02:00:22.944000,0 days 02:00:53.568000,242.0,280.0,267.0,299.0,True,HARD,14.0,True,Alpine,0 days 01:59:37.278000,,1,6.0,,,False,True
0 days 02:02:23.850000,COL,43,0 days 00:01:30.323000,45.0,2.0,,,0 days 00:00:21.517000,0 days 00:00:27.498000,0 days 00:00:41.308000,0 days 02:01:15.085000,0 days 02:01:42.583000,0 days 02:02:23.891000,244.0,176.0,208.0,192.0,False,HARD,15.0,True,Alpine,0 days 02:00:53.527000,,167,6.0,,,False,False
0 days 02:03:43.447000,COL,43,0 days 00:01:19.597000,46.0,2.0,,,0 days 00:00:24.339000,0 days 00:00:24.646000,0 days 00:00:30.612000,0 days 02:02:48.230000,0 days 02:03:12.876000,0 days 02:03:43.488000,245.0,282.0,271.0,306.0,False,HARD,16.0,True,Alpine,0 days 02:02:23.850000,,71,6.0,,,False,False
0 days 02:05:00.068000,COL,43,0 days 00:01:16.621000,47.0,2.0,,,0 days 00:00:21.699000,0 days 00:00:24.169000,0 days 00:00:30.753000,0 days 02:04:05.187000,0 days 02:04:29.356000,0 days 02:05:00.109000,243.0,281.0,270.0,301.0,False,HARD,17.0,True,Alpine,0 days 02:03:43.447000,,1,6.0,,,False,True
0 days 02:06:16.678000,COL,43,0 days 00:01:16.610000,48.0,2.0,,,0 days 00:00:21.682000,0 days 00:00:24.165000,0 days 00:00:30.763000,0 days 02:05:21.791000,0 days 02:05:45.956000,0 days 02:06:16.719000,244.0,283.0,282.0,305.0,False,HARD,18.0,True,Alpine,0 days 02:05:00.068000,,1,6.0,,,False,True
0 days 02:07:33.215000,COL,43,0 days 00:01:16.537000,49.0,2.0,,,0 days 00:00:21.720000,0 days 00:00:24.150000,0 days 00:00:30.667000,0 days 02:06:38.439000,0 days 02:07:02.589000,0 days 02:07:33.256000,243.0,278.0,275.0,300.0,False,HARD,19.0,True,Alpine,0 days 02:06:16.678000,,1,6.0,,,False,True
0 days 02:08:49.525000,COL,43,0 days 00:01:16.310000,50.0,2.0,,,0 days 00:00:21.574000,0 days 00:00:24.123000,0 days 00:00:30.613000,0 days 02:07:54.830000,0 days 02:08:18.953000,0 days 02:08:49.566000,243.0,281.0,267.0,300.0,False,HARD,20.0,True,Alpine,0 days 02:07:33.215000,,1,6.0,,,False,True
0 days 02:10:05.778000,COL,43,0 days 00:01:16.253000,51.0,2.0,,,0 days 00:00:21.738000,0 days 00:00:24.024000,0 days 00:00:30.491000,0 days 02:09:11.304000,0 days 02:09:35.328000,0 days 02:10:05.819000,244.0,280.0,276.0,302.0,False,HARD,21.0,True,Alpine,0 days 02:08:49.525000,,1,6.0,,,False,True
0 days 02:11:48.722000,COL,43,0 days 00:01:42.944000,52.0,2.0,,,0 days 00:00:28.269000,0 days 00:00:32.218000,0 days 00:00:42.457000,0 days 02:10:34.088000,0 days 02:11:06.306000,0 days 02:11:48.763000,173.0,200.0,190.0,213.0,False,HARD,22.0,True,Alpine,0 days 02:10:05.778000,,16,6.0,,,False,False
0 days 02:13:16.088000,COL,43,0 days 00:01:27.366000,53.0,2.0,,,0 days 00:00:28.857000,0 days 00:00:27.044000,0 days 00:00:31.465000,0 days 02:12:17.620000,0 days 02:12:44.664000,0 days 02:13:16.129000,189.0,292.0,284.0,293.0,False,HARD,23.0,True,Alpine,0 days 02:11:48.722000,,671,6.0,,,False,False
0 days 02:14:33.765000,COL,43,0 days 00:01:17.677000,54.0,2.0,,,0 days 00:00:22.286000,0 days 00:00:24.539000,0 days 00:00:30.852000,0 days 02:13:38.415000,0 days 02:14:02.954000,0 days 02:14:33.806000,243.0,284.0,284.0,308.0,False,HARD,24.0,True,Alpine,0 days 02:13:16.088000,,1,6.0,,,False,True
0 days 02:15:50.574000,COL,43,0 days 00:01:16.809000,55.0,2.0,,,0 days 00:00:21.884000,0 days 00:00:24.314000,0 days 00:00:30.611000,0 days 02:14:55.690000,0 days 02:15:20.004000,0 days 02:15:50.615000,243.0,279.0,279.0,305.0,False,HARD,25.0,True,Alpine,0 days 02:14:33.765000,,1,6.0,,,False,True
0 days 02:17:08.504000,COL,43,0 days 00:01:17.930000,56.0,2.0,,,0 days 00:00:21.950000,0 days 00:00:25.610000,0 days 00:00:30.370000,0 days 02:16:12.565000,0 days 02:16:38.175000,0 days 02:17:08.545000,205.0,286.0,279.0,312.0,False,HARD,26.0,True,Alpine,0 days 02:15:50.574000,,1,6.0,,,False,True
0 days 02:18:25.015000,COL,43,0 days 00:01:16.511000,57.0,2.0,,,0 days 00:00:21.686000,0 days 00:00:24.192000,0 days 00:00:30.633000,0 days 02:17:30.231000,0 days 02:17:54.423000,0 days 02:18:25.056000,244.0,283.0,277.0,304.0,False,HARD,27.0,True,Alpine,0 days 02:17:08.504000,,1,6.0,,,False,True
0 days 02:19:41.383000,COL,43,0 days 00:01:16.368000,58.0,2.0,,,0 days 00:00:21.602000,0 days 00:00:24.200000,0 days 00:00:30.566000,0 days 02:18:46.658000,0 days 02:19:10.858000,0 days 02:19:41.424000,245.0,281.0,274.0,305.0,False,HARD,28.0,True,Alpine,0 days 02:18:25.015000,,1,6.0,,,False,True
0 days 02:20:57.470000,COL,43,0 days 00:01:16.087000,59.0,2.0,,,0 days 00:00:21.667000,0 days 00:00:24.072000,0 days 00:00:30.348000,0 days 02:20:03.091000,0 days 02:20:27.163000,0 days 02:20:57.511000,246.0,275.0,278.0,305.0,True,HARD,29.0,True,Alpine,0 days 02:19:41.383000,,1,6.0,,,False,True
0 days 02:22:13.660000,COL,43,0 days 00:01:16.190000,60.0,2.0,,,0 days 00:00:21.543000,0 days 00:00:24.066000,0 days 00:00:30.581000,0 days 02:21:19.054000,0 days 02:21:43.120000,0 days 02:22:13.701000,246.0,284.0,275.0,305.0,False,HARD,30.0,True,Alpine,0 days 02:20:57.470000,,12,6.0,,,False,True
0 days 02:23:32.133000,COL,43,0 days 00:01:18.473000,61.0,2.0,,,0 days 00:00:24.029000,0 days 00:00:24.288000,0 days 00:00:30.156000,0 days 02:22:37.730000,0 days 02:23:02.018000,0 days 02:23:32.174000,249.0,290.0,285.0,315.0,False,HARD,31.0,True,Alpine,0 days 02:22:13.660000,,1,6.0,,,False,True
0 days 02:24:47.898000,COL,43,0 days 00:01:15.765000,62.0,2.0,,,0 days 00:00:21.567000,0 days 00:00:24.001000,0 days 00:00:30.197000,0 days 02:23:53.741000,0 days 02:24:17.742000,0 days 02:24:47.939000,245.0,287.0,280.0,314.0,True,HARD,32.0,True,Alpine,0 days 02:23:32.133000,,1,6.0,,,False,True
0 days 02:26:04.184000,COL,43,0 days 00:01:16.286000,63.0,2.0,,,0 days 00:00:21.693000,0 days 00:00:24.202000,0 days 00:00:30.391000,0 days 02:25:09.632000,0 days 02:25:33.834000,0 days 02:26:04.225000,243.0,280.0,280.0,308.0,False,HARD,33.0,True,Alpine,0 days 02:24:47.898000,,1,6.0,,,False,True
0 days 02:27:20.229000,COL,43,0 days 00:01:16.045000,64.0,2.0,,,0 days 00:00:21.577000,0 days 00:00:24.086000,0 days 00:00:30.382000,0 days 02:26:25.802000,0 days 02:26:49.888000,0 days 02:27:20.270000,245.0,284.0,277.0,305.0,False,HARD,34.0,True,Alpine,0 days 02:26:04.184000,,1,6.0,,,False,True
0 days 02:28:36.209000,COL,43,0 days 00:01:15.980000,65.0,2.0,,,0 days 00:00:21.521000,0 days 00:00:24.107000,0 days 00:00:30.352000,0 days 02:27:41.791000,0 days 02:28:05.898000,0 days 02:28:36.250000,246.0,277.0,283.0,306.0,False,HARD,35.0,True,Alpine,0 days 02:27:20.229000,,1,6.0,,,False,True
0 days 02:29:52.350000,COL,43,0 days 00:01:16.141000,66.0,2.0,,,0 days 00:00:21.614000,0 days 00:00:24.127000,0 days 00:00:30.400000,0 days 02:28:57.864000,0 days 02:29:21.991000,0 days 02:29:52.391000,246.0,281.0,283.0,309.0,False,HARD,36.0,True,Alpine,0 days 02:28:36.209000,,1,6.0,,,False,True
0 days 02:31:07.812000,COL,43,0 days 00:01:15.462000,67.0,2.0,,,0 days 00:00:21.489000,0 days 00:00:23.970000,0 days 00:00:30.003000,0 days 02:30:13.880000,0 days 02:30:37.850000,0 days 02:31:07.853000,247.0,285.0,290.0,330.0,True,HARD,37.0,True,Alpine,0 days 02:29:52.350000,,1,6.0,,,False,True
0 days 01:04:01.066000,HAM,44,0 days 00:01:28.522000,1.0,1.0,,,,0 days 00:00:26.605000,0 days 00:00:31.751000,,0 days 01:03:29.531000,0 days 01:04:01.275000,227.0,294.0,289.0,319.0,False,SOFT,4.0,False,Ferrari,0 days 01:02:32.281000,,1,4.0,,,False,False
0 days 01:05:21.736000,HAM,44,0 days 00:01:20.670000,2.0,1.0,,,0 days 00:00:23.569000,0 days 00:00:25.550000,0 days 00:00:31.551000,0 days 01:04:24.663000,0 days 01:04:50.213000,0 days 01:05:21.764000,233.0,280.0,287.0,328.0,True,SOFT,5.0,False,Ferrari,0 days 01:04:01.066000,,1,3.0,,,False,True
0 days 01:06:41.444000,HAM,44,0 days 00:01:19.708000,3.0,1.0,,,0 days 00:00:23.770000,0 days 00:00:25.036000,0 days 00:00:30.902000,0 days 01:05:45.534000,0 days 01:06:10.570000,0 days 01:06:41.472000,229.0,278.0,281.0,322.0,True,SOFT,6.0,False,Ferrari,0 days 01:05:21.736000,,1,3.0,,,False,True
0 days 01:07:59.437000,HAM,44,0 days 00:01:17.993000,4.0,1.0,,,0 days 00:00:22.768000,0 days 00:00:24.704000,0 days 00:00:30.521000,0 days 01:07:04.240000,0 days 01:07:28.944000,0 days 01:07:59.465000,231.0,280.0,268.0,337.0,True,SOFT,7.0,False,Ferrari,0 days 01:06:41.444000,,1,3.0,,,False,True
0 days 01:09:16.892000,HAM,44,0 days 00:01:17.455000,5.0,1.0,,,0 days 00:00:22.407000,0 days 00:00:24.493000,0 days 00:00:30.555000,0 days 01:08:21.872000,0 days 01:08:46.365000,0 days 01:09:16.920000,232.0,279.0,266.0,328.0,True,SOFT,8.0,False,Ferrari,0 days 01:07:59.437000,,1,3.0,,,False,True
0 days 01:10:33.906000,HAM,44,0 days 00:01:17.014000,6.0,1.0,,,0 days 00:00:22.235000,0 days 00:00:24.273000,0 days 00:00:30.506000,0 days 01:09:39.155000,0 days 01:10:03.428000,0 days 01:10:33.934000,232.0,277.0,280.0,313.0,True,SOFT,9.0,False,Ferrari,0 days 01:09:16.892000,,1,3.0,,,False,True
0 days 01:11:50.888000,HAM,44,0 days 00:01:16.982000,7.0,1.0,,,0 days 00:00:22.206000,0 days 00:00:24.366000,0 days 00:00:30.410000,0 days 01:10:56.140000,0 days 01:11:20.506000,0 days 01:11:50.916000,233.0,280.0,265.0,328.0,True,SOFT,10.0,False,Ferrari,0 days 01:10:33.906000,,1,3.0,,,False,True
0 days 01:13:07.549000,HAM,44,0 days 00:01:16.661000,8.0,1.0,,,0 days 00:00:22.125000,0 days 00:00:24.331000,0 days 00:00:30.205000,0 days 01:12:13.041000,0 days 01:12:37.372000,0 days 01:13:07.577000,233.0,278.0,266.0,331.0,True,SOFT,11.0,False,Ferrari,0 days 01:11:50.888000,,1,3.0,,,False,True
0 days 01:14:25.469000,HAM,44,0 days 00:01:17.920000,9.0,1.0,,,0 days 00:00:22.974000,0 days 00:00:24.507000,0 days 00:00:30.439000,0 days 01:13:30.551000,0 days 01:13:55.058000,0 days 01:14:25.497000,232.0,278.0,276.0,314.0,False,SOFT,12.0,False,Ferrari,0 days 01:13:07.549000,,1,4.0,,,False,True
0 days 01:15:41.889000,HAM,44,0 days 00:01:16.420000,10.0,1.0,,,0 days 00:00:21.941000,0 days 00:00:24.294000,0 days 00:00:30.185000,0 days 01:14:47.438000,0 days 01:15:11.732000,0 days 01:15:41.917000,234.0,280.0,283.0,320.0,True,SOFT,13.0,False,Ferrari,0 days 01:14:25.469000,,1,4.0,,,False,True
0 days 01:16:58.352000,HAM,44,0 days 00:01:16.463000,11.0,1.0,,,0 days 00:00:21.959000,0 days 00:00:24.183000,0 days 00:00:30.321000,0 days 01:16:03.876000,0 days 01:16:28.059000,0 days 01:16:58.380000,234.0,279.0,280.0,318.0,False,SOFT,14.0,False,Ferrari,0 days 01:15:41.889000,,1,4.0,,,False,True
0 days 01:18:14.579000,HAM,44,0 days 00:01:16.227000,12.0,1.0,,,0 days 00:00:21.819000,0 days 00:00:24.342000,0 days 00:00:30.066000,0 days 01:17:20.199000,0 days 01:17:44.541000,0 days 01:18:14.607000,235.0,279.0,283.0,320.0,True,SOFT,15.0,False,Ferrari,0 days 01:16:58.352000,,1,4.0,,,False,True
0 days 01:19:31.061000,HAM,44,0 days 00:01:16.482000,13.0,1.0,,,0 days 00:00:21.801000,0 days 00:00:24.281000,0 days 00:00:30.400000,0 days 01:18:36.408000,0 days 01:19:00.689000,0 days 01:19:31.089000,234.0,276.0,283.0,321.0,False,SOFT,16.0,False,Ferrari,0 days 01:18:14.579000,,12,4.0,,,False,True
0 days 01:20:47.459000,HAM,44,0 days 00:01:16.398000,14.0,1.0,,,0 days 00:00:21.867000,0 days 00:00:24.254000,0 days 00:00:30.277000,0 days 01:19:52.956000,0 days 01:20:17.210000,0 days 01:20:47.487000,235.0,271.0,285.0,323.0,False,SOFT,17.0,False,Ferrari,0 days 01:19:31.061000,,21,4.0,,,False,True
0 days 01:22:03.718000,HAM,44,0 days 00:01:16.259000,15.0,1.0,,,0 days 00:00:21.878000,0 days 00:00:24.358000,0 days 00:00:30.023000,0 days 01:21:09.365000,0 days 01:21:33.723000,0 days 01:22:03.746000,234.0,280.0,284.0,325.0,False,SOFT,18.0,False,Ferrari,0 days 01:20:47.459000,,1,4.0,,,False,True
0 days 01:23:19.725000,HAM,44,0 days 00:01:16.007000,16.0,1.0,,,0 days 00:00:21.815000,0 days 00:00:24.220000,0 days 00:00:29.972000,0 days 01:22:25.561000,0 days 01:22:49.781000,0 days 01:23:19.753000,235.0,282.0,285.0,323.0,True,SOFT,19.0,False,Ferrari,0 days 01:22:03.718000,,1,4.0,,,False,True
0 days 01:24:35.793000,HAM,44,0 days 00:01:16.068000,17.0,1.0,,,0 days 00:00:21.867000,0 days 00:00:24.223000,0 days 00:00:29.978000,0 days 01:23:41.620000,0 days 01:24:05.843000,0 days 01:24:35.821000,235.0,280.0,285.0,322.0,False,SOFT,20.0,False,Ferrari,0 days 01:23:19.725000,,1,4.0,,,False,True
0 days 01:25:51.964000,HAM,44,0 days 00:01:16.171000,18.0,1.0,,,0 days 00:00:21.945000,0 days 00:00:24.274000,0 days 00:00:29.952000,0 days 01:24:57.766000,0 days 01:25:22.040000,0 days 01:25:51.992000,233.0,280.0,285.0,320.0,False,SOFT,21.0,False,Ferrari,0 days 01:24:35.793000,,1,4.0,,,False,True
0 days 01:27:08.028000,HAM,44,0 days 00:01:16.064000,19.0,1.0,,,0 days 00:00:21.899000,0 days 00:00:24.269000,0 days 00:00:29.896000,0 days 01:26:13.891000,0 days 01:26:38.160000,0 days 01:27:08.056000,233.0,280.0,286.0,321.0,False,SOFT,22.0,False,Ferrari,0 days 01:25:51.964000,,12,4.0,,,False,True
0 days 01:28:23.989000,HAM,44,0 days 00:01:15.961000,20.0,1.0,,,0 days 00:00:21.848000,0 days 00:00:24.161000,0 days 00:00:29.952000,0 days 01:27:29.904000,0 days 01:27:54.065000,0 days 01:28:24.017000,235.0,282.0,301.0,322.0,True,SOFT,23.0,False,Ferrari,0 days 01:27:08.028000,,1,4.0,,,False,True
0 days 01:29:40.842000,HAM,44,0 days 00:01:16.853000,21.0,1.0,,,0 days 00:00:22.132000,0 days 00:00:24.400000,0 days 00:00:30.321000,0 days 01:28:46.149000,0 days 01:29:10.549000,0 days 01:29:40.870000,235.0,278.0,301.0,320.0,False,SOFT,24.0,False,Ferrari,0 days 01:28:23.989000,,1,4.0,,,False,True
0 days 01:31:01.041000,HAM,44,0 days 00:01:20.199000,22.0,1.0,,,0 days 00:00:21.893000,0 days 00:00:27.568000,0 days 00:00:30.738000,0 days 01:30:02.763000,0 days 01:30:30.331000,0 days 01:31:01.069000,235.0,255.0,281.0,311.0,False,SOFT,25.0,False,Ferrari,0 days 01:29:40.842000,,1,4.0,,,False,True
0 days 01:32:17.525000,HAM,44,0 days 00:01:16.484000,23.0,1.0,,,0 days 00:00:21.798000,0 days 00:00:24.307000,0 days 00:00:30.379000,0 days 01:31:22.867000,0 days 01:31:47.174000,0 days 01:32:17.553000,234.0,273.0,276.0,302.0,False,SOFT,26.0,False,Ferrari,0 days 01:31:01.041000,,1,4.0,,,False,True
0 days 01:33:34.028000,HAM,44,0 days 00:01:16.503000,24.0,1.0,,,0 days 00:00:21.845000,0 days 00:00:24.287000,0 days 00:00:30.371000,0 days 01:32:39.398000,0 days 01:33:03.685000,0 days 01:33:34.056000,234.0,273.0,276.0,305.0,False,SOFT,27.0,False,Ferrari,0 days 01:32:17.525000,,1,4.0,,,False,True
0 days 01:34:50.432000,HAM,44,0 days 00:01:16.404000,25.0,1.0,,,0 days 00:00:21.737000,0 days 00:00:24.326000,0 days 00:00:30.341000,0 days 01:33:55.793000,0 days 01:34:20.119000,0 days 01:34:50.460000,235.0,277.0,273.0,304.0,False,SOFT,28.0,False,Ferrari,0 days 01:33:34.028000,,1,4.0,,,False,True
0 days 01:36:06.865000,HAM,44,0 days 00:01:16.433000,26.0,1.0,,,0 days 00:00:21.763000,0 days 00:00:24.321000,0 days 00:00:30.349000,0 days 01:35:12.223000,0 days 01:35:36.544000,0 days 01:36:06.893000,234.0,276.0,274.0,301.0,False,SOFT,29.0,False,Ferrari,0 days 01:34:50.432000,,1,4.0,,,False,True
0 days 01:37:23.280000,HAM,44,0 days 00:01:16.415000,27.0,1.0,,,0 days 00:00:21.788000,0 days 00:00:24.360000,0 days 00:00:30.267000,0 days 01:36:28.681000,0 days 01:36:53.041000,0 days 01:37:23.308000,234.0,276.0,278.0,302.0,False,SOFT,30.0,False,Ferrari,0 days 01:36:06.865000,,1,4.0,,,False,True
0 days 01:38:39.460000,HAM,44,0 days 00:01:16.180000,28.0,1.0,,,0 days 00:00:21.693000,0 days 00:00:24.215000,0 days 00:00:30.272000,0 days 01:37:45.001000,0 days 01:38:09.216000,0 days 01:38:39.488000,235.0,276.0,274.0,302.0,False,SOFT,31.0,False,Ferrari,0 days 01:37:23.280000,,1,4.0,,,False,True
0 days 01:39:55.834000,HAM,44,0 days 00:01:16.374000,29.0,1.0,,,0 days 00:00:21.750000,0 days 00:00:24.272000,0 days 00:00:30.352000,0 days 01:39:01.238000,0 days 01:39:25.510000,0 days 01:39:55.862000,235.0,274.0,275.0,302.0,False,SOFT,32.0,False,Ferrari,0 days 01:38:39.460000,,1,4.0,,,False,True
0 days 01:41:14.807000,HAM,44,0 days 00:01:18.973000,30.0,1.0,,,0 days 00:00:21.868000,0 days 00:00:25.284000,0 days 00:00:31.821000,0 days 01:40:17.730000,0 days 01:40:43.014000,0 days 01:41:14.835000,235.0,262.0,110.0,304.0,False,SOFT,33.0,False,Ferrari,0 days 01:39:55.834000,,126,3.0,,,False,False
0 days 01:43:17.761000,HAM,44,0 days 00:02:02.954000,31.0,1.0,,0 days 01:42:53.424000,0 days 00:00:31.103000,0 days 00:00:37.431000,0 days 00:00:54.420000,0 days 01:41:45.938000,0 days 01:42:23.369000,0 days 01:43:17.789000,172.0,125.0,,245.0,False,SOFT,34.0,False,Ferrari,0 days 01:41:14.807000,,6,3.0,,,False,False
0 days 01:44:54.172000,HAM,44,0 days 00:01:36.411000,32.0,2.0,0 days 01:43:19.361000,,0 days 00:00:29.796000,0 days 00:00:33.799000,0 days 00:00:32.816000,0 days 01:43:47.585000,0 days 01:44:21.384000,0 days 01:44:54.200000,220.0,196.0,280.0,304.0,False,MEDIUM,1.0,True,Ferrari,0 days 01:43:17.761000,,671,3.0,,,False,False
0 days 01:46:12.147000,HAM,44,0 days 00:01:17.975000,33.0,2.0,,,0 days 00:00:22.557000,0 days 00:00:24.865000,0 days 00:00:30.553000,0 days 01:45:16.757000,0 days 01:45:41.622000,0 days 01:46:12.175000,231.0,276.0,282.0,305.0,False,MEDIUM,2.0,True,Ferrari,0 days 01:44:54.172000,,1,3.0,,,False,True
0 days 01:47:28.645000,HAM,44,0 days 00:01:16.498000,34.0,2.0,,,0 days 00:00:21.834000,0 days 00:00:24.420000,0 days 00:00:30.244000,0 days 01:46:34.009000,0 days 01:46:58.429000,0 days 01:47:28.673000,233.0,277.0,280.0,304.0,False,MEDIUM,3.0,True,Ferrari,0 days 01:46:12.147000,,1,3.0,,,False,True
0 days 01:48:44.417000,HAM,44,0 days 00:01:15.772000,35.0,2.0,,,0 days 00:00:21.656000,0 days 00:00:24.047000,0 days 00:00:30.069000,0 days 01:47:50.329000,0 days 01:48:14.376000,0 days 01:48:44.445000,236.0,277.0,280.0,304.0,True,MEDIUM,4.0,True,Ferrari,0 days 01:47:28.645000,,1,3.0,,,False,True
0 days 01:50:00.067000,HAM,44,0 days 00:01:15.650000,36.0,2.0,,,0 days 00:00:21.589000,0 days 00:00:23.879000,0 days 00:00:30.182000,0 days 01:49:06.034000,0 days 01:49:29.913000,0 days 01:50:00.095000,236.0,281.0,277.0,310.0,True,MEDIUM,5.0,True,Ferrari,0 days 01:48:44.417000,,1,3.0,,,False,True
0 days 01:51:15.352000,HAM,44,0 days 00:01:15.285000,37.0,2.0,,,0 days 00:00:21.511000,0 days 00:00:23.908000,0 days 00:00:29.866000,0 days 01:50:21.606000,0 days 01:50:45.514000,0 days 01:51:15.380000,238.0,282.0,284.0,311.0,True,MEDIUM,6.0,True,Ferrari,0 days 01:50:00.067000,,1,3.0,,,False,True
0 days 01:52:30.905000,HAM,44,0 days 00:01:15.553000,38.0,2.0,,,0 days 00:00:21.713000,0 days 00:00:23.928000,0 days 00:00:29.912000,0 days 01:51:37.093000,0 days 01:52:01.021000,0 days 01:52:30.933000,234.0,278.0,280.0,311.0,False,MEDIUM,7.0,True,Ferrari,0 days 01:51:15.352000,,1,3.0,,,False,True
0 days 01:53:46.291000,HAM,44,0 days 00:01:15.386000,39.0,2.0,,,0 days 00:00:21.359000,0 days 00:00:23.857000,0 days 00:00:30.170000,0 days 01:52:52.292000,0 days 01:53:16.149000,0 days 01:53:46.319000,237.0,279.0,278.0,304.0,False,MEDIUM,8.0,True,Ferrari,0 days 01:52:30.905000,,1,3.0,,,False,True
0 days 01:55:01.430000,HAM,44,0 days 00:01:15.139000,40.0,2.0,,,0 days 00:00:21.416000,0 days 00:00:23.868000,0 days 00:00:29.855000,0 days 01:54:07.735000,0 days 01:54:31.603000,0 days 01:55:01.458000,237.0,280.0,282.0,307.0,True,MEDIUM,9.0,True,Ferrari,0 days 01:53:46.291000,,12,3.0,,,False,True
0 days 01:56:16.887000,HAM,44,0 days 00:01:15.457000,41.0,2.0,,,0 days 00:00:21.425000,0 days 00:00:24.143000,0 days 00:00:29.889000,0 days 01:55:22.883000,0 days 01:55:47.026000,0 days 01:56:16.915000,238.0,279.0,280.0,303.0,False,MEDIUM,10.0,True,Ferrari,0 days 01:55:01.430000,,1,3.0,,,False,True
0 days 01:57:32.130000,HAM,44,0 days 00:01:15.243000,42.0,2.0,,,0 days 00:00:21.311000,0 days 00:00:23.842000,0 days 00:00:30.090000,0 days 01:56:38.226000,0 days 01:57:02.068000,0 days 01:57:32.158000,236.0,278.0,278.0,301.0,False,MEDIUM,11.0,True,Ferrari,0 days 01:56:16.887000,,1,3.0,,,False,True
0 days 01:58:47.415000,HAM,44,0 days 00:01:15.285000,43.0,2.0,,,0 days 00:00:21.647000,0 days 00:00:23.811000,0 days 00:00:29.827000,0 days 01:57:53.805000,0 days 01:58:17.616000,0 days 01:58:47.443000,236.0,279.0,278.0,305.0,False,MEDIUM,12.0,True,Ferrari,0 days 01:57:32.130000,,1,3.0,,,False,True
0 days 02:00:02.623000,HAM,44,0 days 00:01:15.208000,44.0,2.0,,,0 days 00:00:21.362000,0 days 00:00:23.795000,0 days 00:00:30.051000,0 days 01:59:08.805000,0 days 01:59:32.600000,0 days 02:00:02.651000,237.0,283.0,273.0,301.0,False,MEDIUM,13.0,True,Ferrari,0 days 01:58:47.415000,,1,3.0,,,False,True
0 days 02:01:17.583000,HAM,44,0 days 00:01:14.960000,45.0,2.0,,,0 days 00:00:21.283000,0 days 00:00:23.722000,0 days 00:00:29.955000,0 days 02:00:23.934000,0 days 02:00:47.656000,0 days 02:01:17.611000,237.0,277.0,277.0,301.0,True,MEDIUM,14.0,True,Ferrari,0 days 02:00:02.623000,,1,3.0,,,False,True
0 days 02:02:49.751000,HAM,44,0 days 00:01:32.168000,46.0,2.0,,,0 days 00:00:25.939000,0 days 00:00:30.828000,0 days 00:00:35.401000,0 days 02:01:43.550000,0 days 02:02:14.378000,0 days 02:02:49.779000,123.0,182.0,279.0,300.0,False,MEDIUM,15.0,True,Ferrari,0 days 02:01:17.583000,,167,3.0,,,False,False
0 days 02:04:05.162000,HAM,44,0 days 00:01:15.411000,47.0,2.0,,,0 days 00:00:21.582000,0 days 00:00:23.812000,0 days 00:00:30.017000,0 days 02:03:11.361000,0 days 02:03:35.173000,0 days 02:04:05.190000,239.0,280.0,280.0,301.0,False,MEDIUM,16.0,True,Ferrari,0 days 02:02:49.751000,,1,3.0,,,False,True
0 days 02:05:20.076000,HAM,44,0 days 00:01:14.914000,48.0,2.0,,,0 days 00:00:21.364000,0 days 00:00:23.654000,0 days 00:00:29.896000,0 days 02:04:26.554000,0 days 02:04:50.208000,0 days 02:05:20.104000,236.0,280.0,281.0,303.0,True,MEDIUM,17.0,True,Ferrari,0 days 02:04:05.162000,,1,3.0,,,False,True
0 days 02:06:35.262000,HAM,44,0 days 00:01:15.186000,49.0,2.0,,,0 days 00:00:21.339000,0 days 00:00:24.029000,0 days 00:00:29.818000,0 days 02:05:41.443000,0 days 02:06:05.472000,0 days 02:06:35.290000,237.0,281.0,285.0,311.0,False,MEDIUM,18.0,True,Ferrari,0 days 02:05:20.076000,,1,3.0,,,False,True
0 days 02:07:50.643000,HAM,44,0 days 00:01:15.381000,50.0,2.0,,,0 days 00:00:21.510000,0 days 00:00:23.900000,0 days 00:00:29.971000,0 days 02:06:56.800000,0 days 02:07:20.700000,0 days 02:07:50.671000,239.0,279.0,281.0,302.0,False,MEDIUM,19.0,True,Ferrari,0 days 02:06:35.262000,,1,3.0,,,False,True
0 days 02:09:05.605000,HAM,44,0 days 00:01:14.962000,51.0,2.0,,,0 days 00:00:21.350000,0 days 00:00:23.743000,0 days 00:00:29.869000,0 days 02:08:12.021000,0 days 02:08:35.764000,0 days 02:09:05.633000,235.0,280.0,282.0,303.0,False,MEDIUM,20.0,True,Ferrari,0 days 02:07:50.643000,,1,3.0,,,False,True
0 days 02:10:25.174000,HAM,44,0 days 00:01:19.569000,52.0,2.0,,,0 days 00:00:21.226000,0 days 00:00:23.797000,0 days 00:00:34.546000,0 days 02:09:26.859000,0 days 02:09:50.656000,0 days 02:10:25.202000,238.0,280.0,247.0,306.0,False,MEDIUM,21.0,True,Ferrari,0 days 02:09:05.605000,,16,3.0,,,False,False
0 days 02:12:07.942000,HAM,44,0 days 00:01:42.768000,53.0,2.0,,,0 days 00:00:27.266000,0 days 00:00:33.201000,0 days 00:00:42.301000,0 days 02:10:52.468000,0 days 02:11:25.669000,0 days 02:12:07.970000,217.0,187.0,184.0,244.0,False,MEDIUM,22.0,True,Ferrari,0 days 02:10:25.174000,,6,3.0,,,False,False
0 days 02:13:28.987000,HAM,44,0 days 00:01:21.045000,54.0,2.0,,,0 days 00:00:26.814000,0 days 00:00:24.241000,0 days 00:00:29.990000,0 days 02:12:34.784000,0 days 02:12:59.025000,0 days 02:13:29.015000,250.0,286.0,293.0,309.0,False,MEDIUM,23.0,True,Ferrari,0 days 02:12:07.942000,,671,3.0,,,False,False
0 days 02:14:44.077000,HAM,44,0 days 00:01:15.090000,55.0,2.0,,,0 days 00:00:21.464000,0 days 00:00:23.814000,0 days 00:00:29.812000,0 days 02:13:50.479000,0 days 02:14:14.293000,0 days 02:14:44.105000,238.0,285.0,283.0,316.0,False,MEDIUM,24.0,True,Ferrari,0 days 02:13:28.987000,,1,3.0,,,False,True
0 days 02:15:59.249000,HAM,44,0 days 00:01:15.172000,56.0,2.0,,,0 days 00:00:21.549000,0 days 00:00:23.774000,0 days 00:00:29.849000,0 days 02:15:05.654000,0 days 02:15:29.428000,0 days 02:15:59.277000,238.0,285.0,306.0,328.0,False,MEDIUM,25.0,True,Ferrari,0 days 02:14:44.077000,,1,3.0,,,False,True
0 days 02:17:15.232000,HAM,44,0 days 00:01:15.983000,57.0,2.0,,,0 days 00:00:21.953000,0 days 00:00:24.026000,0 days 00:00:30.004000,0 days 02:16:21.230000,0 days 02:16:45.256000,0 days 02:17:15.260000,238.0,282.0,299.0,320.0,False,MEDIUM,26.0,True,Ferrari,0 days 02:15:59.249000,,1,3.0,,,False,True
0 days 02:18:30.691000,HAM,44,0 days 00:01:15.459000,58.0,2.0,,,0 days 00:00:21.829000,0 days 00:00:23.920000,0 days 00:00:29.710000,0 days 02:17:37.089000,0 days 02:18:01.009000,0 days 02:18:30.719000,236.0,281.0,302.0,315.0,False,MEDIUM,27.0,True,Ferrari,0 days 02:17:15.232000,,1,3.0,,,False,True
0 days 02:19:45.836000,HAM,44,0 days 00:01:15.145000,59.0,2.0,,,0 days 00:00:21.512000,0 days 00:00:23.804000,0 days 00:00:29.829000,0 days 02:18:52.231000,0 days 02:19:16.035000,0 days 02:19:45.864000,237.0,284.0,268.0,327.0,False,MEDIUM,28.0,True,Ferrari,0 days 02:18:30.691000,,1,3.0,,,False,True
0 days 02:21:00.587000,HAM,44,0 days 00:01:14.751000,60.0,2.0,,,0 days 00:00:21.485000,0 days 00:00:23.742000,0 days 00:00:29.524000,0 days 02:20:07.349000,0 days 02:20:31.091000,0 days 02:21:00.615000,237.0,283.0,279.0,323.0,True,MEDIUM,29.0,True,Ferrari,0 days 02:19:45.836000,,1,3.0,,,False,True
0 days 02:22:15.160000,HAM,44,0 days 00:01:14.573000,61.0,2.0,,,0 days 00:00:21.319000,0 days 00:00:23.726000,0 days 00:00:29.528000,0 days 02:21:21.934000,0 days 02:21:45.660000,0 days 02:22:15.188000,238.0,286.0,311.0,328.0,True,MEDIUM,30.0,True,Ferrari,0 days 02:21:00.587000,,12,3.0,,,False,True
0 days 02:23:30.276000,HAM,44,0 days 00:01:15.116000,62.0,2.0,,,0 days 00:00:21.339000,0 days 00:00:23.879000,0 days 00:00:29.898000,0 days 02:22:36.527000,0 days 02:23:00.406000,0 days 02:23:30.304000,237.0,277.0,278.0,301.0,False,MEDIUM,31.0,True,Ferrari,0 days 02:22:15.160000,,1,2.0,,,False,True
0 days 02:24:45.166000,HAM,44,0 days 00:01:14.890000,63.0,2.0,,,0 days 00:00:21.371000,0 days 00:00:23.803000,0 days 00:00:29.716000,0 days 02:23:51.675000,0 days 02:24:15.478000,0 days 02:24:45.194000,237.0,277.0,276.0,308.0,False,MEDIUM,32.0,True,Ferrari,0 days 02:23:30.276000,,1,2.0,,,False,True
0 days 02:26:00.235000,HAM,44,0 days 00:01:15.069000,64.0,2.0,,,0 days 00:00:21.476000,0 days 00:00:23.708000,0 days 00:00:29.885000,0 days 02:25:06.670000,0 days 02:25:30.378000,0 days 02:26:00.263000,236.0,278.0,273.0,307.0,False,MEDIUM,33.0,True,Ferrari,0 days 02:24:45.166000,,1,2.0,,,False,True
0 days 02:27:14.924000,HAM,44,0 days 00:01:14.689000,65.0,2.0,,,0 days 00:00:21.280000,0 days 00:00:23.720000,0 days 00:00:29.689000,0 days 02:26:21.543000,0 days 02:26:45.263000,0 days 02:27:14.952000,237.0,279.0,277.0,309.0,False,MEDIUM,34.0,True,Ferrari,0 days 02:26:00.235000,,1,2.0,,,False,True
0 days 02:28:29.725000,HAM,44,0 days 00:01:14.801000,66.0,2.0,,,0 days 00:00:21.296000,0 days 00:00:23.690000,0 days 00:00:29.815000,0 days 02:27:36.248000,0 days 02:27:59.938000,0 days 02:28:29.753000,238.0,280.0,276.0,311.0,False,MEDIUM,35.0,True,Ferrari,0 days 02:27:14.924000,,1,2.0,,,False,True
0 days 02:29:44.424000,HAM,44,0 days 00:01:14.699000,67.0,2.0,,,0 days 00:00:21.521000,0 days 00:00:23.608000,0 days 00:00:29.570000,0 days 02:28:51.274000,0 days 02:29:14.882000,0 days 02:29:44.452000,238.0,281.0,286.0,313.0,False,MEDIUM,36.0,True,Ferrari,0 days 02:28:29.725000,,1,2.0,,,False,True
0 days 02:30:59.070000,HAM,44,0 days 00:01:14.646000,68.0,2.0,,,0 days 00:00:21.302000,0 days 00:00:23.721000,0 days 00:00:29.623000,0 days 02:30:05.754000,0 days 02:30:29.475000,0 days 02:30:59.098000,238.0,279.0,270.0,316.0,False,MEDIUM,37.0,True,Ferrari,0 days 02:29:44.424000,,1,2.0,,,False,True
0 days 01:04:08.093000,BOR,5,0 days 00:01:35.549000,1.0,1.0,,,,0 days 00:00:28.391000,0 days 00:00:33.851000,,0 days 01:03:34.345000,0 days 01:04:08.150000,202.0,271.0,265.0,321.0,False,INTERMEDIATE,1.0,True,Audi,0 days 01:02:32.281000,,1,13.0,,,False,False
0 days 01:05:55.447000,BOR,5,0 days 00:01:47.354000,2.0,1.0,,0 days 01:05:28.994000,0 days 00:00:25.844000,0 days 00:00:27.267000,0 days 00:00:54.243000,0 days 01:04:33.971000,0 days 01:05:01.238000,0 days 01:05:55.481000,227.0,273.0,,284.0,False,INTERMEDIATE,2.0,True,Audi,0 days 01:04:08.093000,,1,20.0,,,False,False
0 days 01:07:22.588000,BOR,5,0 days 00:01:27.141000,3.0,2.0,0 days 01:05:57.110000,,0 days 00:00:27.435000,0 days 00:00:26.964000,0 days 00:00:32.742000,0 days 01:06:22.916000,0 days 01:06:49.880000,0 days 01:07:22.622000,231.0,272.0,262.0,303.0,False,SOFT,1.0,True,Audi,0 days 01:05:55.447000,,1,19.0,,,False,False
0 days 01:08:43.807000,BOR,5,0 days 00:01:21.219000,4.0,2.0,,,0 days 00:00:23.661000,0 days 00:00:25.742000,0 days 00:00:31.816000,0 days 01:07:46.283000,0 days 01:08:12.025000,0 days 01:08:43.841000,234.0,270.0,268.0,302.0,True,SOFT,2.0,True,Audi,0 days 01:07:22.588000,,1,19.0,,,False,True
0 days 01:10:03.647000,BOR,5,0 days 00:01:19.840000,5.0,2.0,,,0 days 00:00:23.117000,0 days 00:00:25.417000,0 days 00:00:31.306000,0 days 01:09:06.958000,0 days 01:09:32.375000,0 days 01:10:03.681000,233.0,270.0,271.0,301.0,True,SOFT,3.0,True,Audi,0 days 01:08:43.807000,,1,19.0,,,False,True
0 days 01:11:22.955000,BOR,5,0 days 00:01:19.308000,6.0,2.0,,,0 days 00:00:22.668000,0 days 00:00:25.265000,0 days 00:00:31.375000,0 days 01:10:26.349000,0 days 01:10:51.614000,0 days 01:11:22.989000,235.0,268.0,271.0,301.0,True,SOFT,4.0,True,Audi,0 days 01:10:03.647000,,1,19.0,,,False,True
0 days 01:12:41.500000,BOR,5,0 days 00:01:18.545000,7.0,2.0,,,0 days 00:00:22.492000,0 days 00:00:25.147000,0 days 00:00:30.906000,0 days 01:11:45.481000,0 days 01:12:10.628000,0 days 01:12:41.534000,235.0,270.0,272.0,301.0,True,SOFT,5.0,True,Audi,0 days 01:11:22.955000,,1,19.0,,,False,True
0 days 01:14:00.016000,BOR,5,0 days 00:01:18.516000,8.0,2.0,,,0 days 00:00:22.571000,0 days 00:00:25.079000,0 days 00:00:30.866000,0 days 01:13:04.105000,0 days 01:13:29.184000,0 days 01:14:00.050000,236.0,270.0,273.0,303.0,True,SOFT,6.0,True,Audi,0 days 01:12:41.500000,,1,19.0,,,False,True
0 days 01:15:18.369000,BOR,5,0 days 00:01:18.353000,9.0,2.0,,,0 days 00:00:22.384000,0 days 00:00:25.101000,0 days 00:00:30.868000,0 days 01:14:22.434000,0 days 01:14:47.535000,0 days 01:15:18.403000,235.0,271.0,273.0,303.0,True,SOFT,7.0,True,Audi,0 days 01:14:00.016000,,1,19.0,,,False,True
0 days 01:16:36.300000,BOR,5,0 days 00:01:17.931000,10.0,2.0,,,0 days 00:00:22.329000,0 days 00:00:24.944000,0 days 00:00:30.658000,0 days 01:15:40.732000,0 days 01:16:05.676000,0 days 01:16:36.334000,235.0,271.0,274.0,306.0,True,SOFT,8.0,True,Audi,0 days 01:15:18.369000,,1,19.0,,,False,True
0 days 01:17:54.768000,BOR,5,0 days 00:01:18.468000,11.0,2.0,,,0 days 00:00:22.217000,0 days 00:00:25.377000,0 days 00:00:30.874000,0 days 01:16:58.551000,0 days 01:17:23.928000,0 days 01:17:54.802000,239.0,278.0,270.0,317.0,False,SOFT,9.0,True,Audi,0 days 01:16:36.300000,,1,18.0,,,False,True
0 days 01:19:13.213000,BOR,5,0 days 00:01:18.445000,12.0,2.0,,,0 days 00:00:22.298000,0 days 00:00:24.827000,0 days 00:00:31.320000,0 days 01:18:17.100000,0 days 01:18:41.927000,0 days 01:19:13.247000,236.0,264.0,272.0,304.0,False,SOFT,10.0,True,Audi,0 days 01:17:54.768000,,12,16.0,,,False,True
0 days 01:20:31.492000,BOR,5,0 days 00:01:18.279000,13.0,2.0,,,0 days 00:00:22.303000,0 days 00:00:24.968000,0 days 00:00:31.008000,0 days 01:19:35.550000,0 days 01:20:00.518000,0 days 01:20:31.526000,236.0,271.0,271.0,302.0,False,SOFT,11.0,True,Audi,0 days 01:19:13.213000,,21,16.0,,,False,True
0 days 01:21:49.190000,BOR,5,0 days 00:01:17.698000,14.0,2.0,,,0 days 00:00:22.184000,0 days 00:00:24.840000,0 days 00:00:30.674000,0 days 01:20:53.710000,0 days 01:21:18.550000,0 days 01:21:49.224000,236.0,270.0,271.0,303.0,True,SOFT,12.0,True,Audi,0 days 01:20:31.492000,,1,16.0,,,False,True
0 days 01:23:07.094000,BOR,5,0 days 00:01:17.904000,15.0,2.0,,,0 days 00:00:22.250000,0 days 00:00:24.827000,0 days 00:00:30.827000,0 days 01:22:11.474000,0 days 01:22:36.301000,0 days 01:23:07.128000,236.0,270.0,271.0,301.0,False,SOFT,13.0,True,Audi,0 days 01:21:49.190000,,1,16.0,,,False,True
0 days 01:24:24.846000,BOR,5,0 days 00:01:17.752000,16.0,2.0,,,0 days 00:00:22.218000,0 days 00:00:24.826000,0 days 00:00:30.708000,0 days 01:23:29.346000,0 days 01:23:54.172000,0 days 01:24:24.880000,236.0,270.0,273.0,304.0,False,SOFT,14.0,True,Audi,0 days 01:23:07.094000,,1,15.0,,,False,True
0 days 01:25:42.547000,BOR,5,0 days 00:01:17.701000,17.0,2.0,,,0 days 00:00:22.228000,0 days 00:00:24.702000,0 days 00:00:30.771000,0 days 01:24:47.108000,0 days 01:25:11.810000,0 days 01:25:42.581000,236.0,272.0,273.0,303.0,False,SOFT,15.0,True,Audi,0 days 01:24:24.846000,,1,15.0,,,False,True
0 days 01:27:16.961000,BOR,5,0 days 00:01:34.414000,18.0,2.0,,0 days 01:26:54.006000,0 days 00:00:22.148000,0 days 00:00:24.775000,0 days 00:00:47.491000,0 days 01:26:04.729000,0 days 01:26:29.504000,0 days 01:27:16.995000,237.0,277.0,,317.0,False,SOFT,16.0,True,Audi,0 days 01:25:42.547000,,12,16.0,,,False,False
0 days 01:28:42.069000,BOR,5,0 days 00:01:25.108000,19.0,3.0,0 days 01:27:18.599000,,0 days 00:00:26.942000,0 days 00:00:26.595000,0 days 00:00:31.571000,0 days 01:27:43.937000,0 days 01:28:10.532000,0 days 01:28:42.103000,229.0,274.0,272.0,302.0,False,MEDIUM,1.0,False,Audi,0 days 01:27:16.961000,,1,17.0,,,False,False
0 days 01:30:01.059000,BOR,5,0 days 00:01:18.990000,20.0,3.0,,,0 days 00:00:22.931000,0 days 00:00:25.163000,0 days 00:00:30.896000,0 days 01:29:05.034000,0 days 01:29:30.197000,0 days 01:30:01.093000,235.0,272.0,273.0,304.0,False,MEDIUM,2.0,False,Audi,0 days 01:28:42.069000,,1,17.0,,,False,True
0 days 01:31:21.039000,BOR,5,0 days 00:01:19.980000,21.0,3.0,,,0 days 00:00:22.981000,0 days 00:00:25.837000,0 days 00:00:31.162000,0 days 01:30:24.074000,0 days 01:30:49.911000,0 days 01:31:21.073000,237.0,273.0,272.0,303.0,False,MEDIUM,3.0,False,Audi,0 days 01:30:01.059000,,1,16.0,,,False,True
0 days 01:32:39.249000,BOR,5,0 days 00:01:18.210000,22.0,3.0,,,0 days 00:00:22.474000,0 days 00:00:24.996000,0 days 00:00:30.740000,0 days 01:31:43.547000,0 days 01:32:08.543000,0 days 01:32:39.283000,237.0,271.0,275.0,302.0,False,MEDIUM,4.0,False,Audi,0 days 01:31:21.039000,,1,16.0,,,False,True
0 days 01:33:56.960000,BOR,5,0 days 00:01:17.711000,23.0,3.0,,,0 days 00:00:22.246000,0 days 00:00:24.783000,0 days 00:00:30.682000,0 days 01:33:01.529000,0 days 01:33:26.312000,0 days 01:33:56.994000,237.0,273.0,273.0,304.0,False,MEDIUM,5.0,False,Audi,0 days 01:32:39.249000,,1,16.0,,,False,True
0 days 01:35:14.443000,BOR,5,0 days 00:01:17.483000,24.0,3.0,,,0 days 00:00:22.287000,0 days 00:00:24.642000,0 days 00:00:30.554000,0 days 01:34:19.281000,0 days 01:34:43.923000,0 days 01:35:14.477000,236.0,275.0,272.0,305.0,True,MEDIUM,6.0,False,Audi,0 days 01:33:56.960000,,1,16.0,,,False,True
0 days 01:36:32.126000,BOR,5,0 days 00:01:17.683000,25.0,3.0,,,0 days 00:00:22.512000,0 days 00:00:24.764000,0 days 00:00:30.407000,0 days 01:35:36.989000,0 days 01:36:01.753000,0 days 01:36:32.160000,235.0,275.0,277.0,306.0,False,MEDIUM,7.0,False,Audi,0 days 01:35:14.443000,,1,16.0,,,False,True
0 days 01:37:49.834000,BOR,5,0 days 00:01:17.708000,26.0,3.0,,,0 days 00:00:22.259000,0 days 00:00:24.776000,0 days 00:00:30.673000,0 days 01:36:54.419000,0 days 01:37:19.195000,0 days 01:37:49.868000,238.0,277.0,279.0,316.0,False,MEDIUM,8.0,False,Audi,0 days 01:36:32.126000,,1,16.0,,,False,True
0 days 01:39:07.805000,BOR,5,0 days 00:01:17.971000,27.0,3.0,,,0 days 00:00:22.371000,0 days 00:00:25.181000,0 days 00:00:30.419000,0 days 01:38:12.239000,0 days 01:38:37.420000,0 days 01:39:07.839000,239.0,279.0,274.0,336.0,False,MEDIUM,9.0,False,Audi,0 days 01:37:49.834000,,1,15.0,,,False,True
0 days 01:40:25.161000,BOR,5,0 days 00:01:17.356000,28.0,3.0,,,0 days 00:00:22.271000,0 days 00:00:24.713000,0 days 00:00:30.372000,0 days 01:39:30.110000,0 days 01:39:54.823000,0 days 01:40:25.195000,232.0,270.0,270.0,314.0,True,MEDIUM,10.0,False,Audi,0 days 01:39:07.805000,,1,15.0,,,False,True
0 days 01:41:55.485000,BOR,5,0 days 00:01:30.324000,29.0,3.0,,,0 days 00:00:22.180000,0 days 00:00:25.350000,0 days 00:00:42.794000,0 days 01:40:47.375000,0 days 01:41:12.725000,0 days 01:41:55.519000,232.0,231.0,213.0,297.0,False,MEDIUM,11.0,False,Audi,0 days 01:40:25.161000,,126,15.0,,,False,False
0 days 01:43:40.289000,BOR,5,0 days 00:01:44.804000,30.0,3.0,,,0 days 00:00:30.029000,0 days 00:00:34.789000,0 days 00:00:39.986000,0 days 01:42:25.548000,0 days 01:43:00.337000,0 days 01:43:40.323000,194.0,190.0,229.0,212.0,False,MEDIUM,12.0,False,Audi,0 days 01:41:55.485000,,6,14.0,,,False,False
0 days 01:45:12.915000,BOR,5,0 days 00:01:32.626000,31.0,3.0,,,0 days 00:00:29.301000,0 days 00:00:31.547000,0 days 00:00:31.778000,0 days 01:44:09.624000,0 days 01:44:41.171000,0 days 01:45:12.949000,192.0,262.0,272.0,314.0,False,MEDIUM,13.0,False,Audi,0 days 01:43:40.289000,,671,14.0,,,False,False
0 days 01:46:31.706000,BOR,5,0 days 00:01:18.791000,32.0,3.0,,,0 days 00:00:22.810000,0 days 00:00:25.141000,0 days 00:00:30.840000,0 days 01:45:35.759000,0 days 01:46:00.900000,0 days 01:46:31.740000,237.0,272.0,273.0,302.0,False,MEDIUM,14.0,False,Audi,0 days 01:45:12.915000,,1,14.0,,,False,True
0 days 01:47:49.521000,BOR,5,0 days 00:01:17.815000,33.0,3.0,,,0 days 00:00:22.366000,0 days 00:00:24.808000,0 days 00:00:30.641000,0 days 01:46:54.106000,0 days 01:47:18.914000,0 days 01:47:49.555000,238.0,272.0,272.0,300.0,False,MEDIUM,15.0,False,Audi,0 days 01:46:31.706000,,1,14.0,,,False,True
0 days 01:49:07.029000,BOR,5,0 days 00:01:17.508000,34.0,3.0,,,0 days 00:00:22.186000,0 days 00:00:24.689000,0 days 00:00:30.633000,0 days 01:48:11.741000,0 days 01:48:36.430000,0 days 01:49:07.063000,237.0,272.0,275.0,298.0,False,MEDIUM,16.0,False,Audi,0 days 01:47:49.521000,,1,14.0,,,False,True
0 days 01:50:24.138000,BOR,5,0 days 00:01:17.109000,35.0,3.0,,,0 days 00:00:22.033000,0 days 00:00:24.475000,0 days 00:00:30.601000,0 days 01:49:29.096000,0 days 01:49:53.571000,0 days 01:50:24.172000,238.0,271.0,273.0,298.0,True,MEDIUM,17.0,False,Audi,0 days 01:49:07.029000,,1,14.0,,,False,True
0 days 01:51:41.001000,BOR,5,0 days 00:01:16.863000,36.0,3.0,,,0 days 00:00:21.990000,0 days 00:00:24.432000,0 days 00:00:30.441000,0 days 01:50:46.162000,0 days 01:51:10.594000,0 days 01:51:41.035000,238.0,272.0,272.0,300.0,True,MEDIUM,18.0,False,Audi,0 days 01:50:24.138000,,1,14.0,,,False,True
0 days 01:52:57.685000,BOR,5,0 days 00:01:16.684000,37.0,3.0,,,0 days 00:00:21.874000,0 days 00:00:24.386000,0 days 00:00:30.424000,0 days 01:52:02.909000,0 days 01:52:27.295000,0 days 01:52:57.719000,238.0,272.0,276.0,301.0,True,MEDIUM,19.0,False,Audi,0 days 01:51:41.001000,,1,14.0,,,False,True
0 days 01:54:14.234000,BOR,5,0 days 00:01:16.549000,38.0,3.0,,,0 days 00:00:21.828000,0 days 00:00:24.393000,0 days 00:00:30.328000,0 days 01:53:19.547000,0 days 01:53:43.940000,0 days 01:54:14.268000,239.0,273.0,274.0,299.0,True,MEDIUM,20.0,False,Audi,0 days 01:52:57.685000,,1,14.0,,,False,True
0 days 01:55:30.652000,BOR,5,0 days 00:01:16.418000,39.0,3.0,,,0 days 00:00:21.758000,0 days 00:00:24.327000,0 days 00:00:30.333000,0 days 01:54:36.026000,0 days 01:55:00.353000,0 days 01:55:30.686000,240.0,273.0,273.0,303.0,True,MEDIUM,21.0,False,Audi,0 days 01:54:14.234000,,12,13.0,,,False,True
0 days 01:56:47.267000,BOR,5,0 days 00:01:16.615000,40.0,3.0,,,0 days 00:00:21.830000,0 days 00:00:24.427000,0 days 00:00:30.358000,0 days 01:55:52.516000,0 days 01:56:16.943000,0 days 01:56:47.301000,240.0,273.0,273.0,301.0,False,MEDIUM,22.0,False,Audi,0 days 01:55:30.652000,,1,13.0,,,False,True
0 days 01:58:03.894000,BOR,5,0 days 00:01:16.627000,41.0,3.0,,,0 days 00:00:21.824000,0 days 00:00:24.506000,0 days 00:00:30.297000,0 days 01:57:09.125000,0 days 01:57:33.631000,0 days 01:58:03.928000,241.0,276.0,273.0,302.0,False,MEDIUM,23.0,False,Audi,0 days 01:56:47.267000,,1,13.0,,,False,True
0 days 01:59:20.296000,BOR,5,0 days 00:01:16.402000,42.0,3.0,,,0 days 00:00:21.897000,0 days 00:00:24.269000,0 days 00:00:30.236000,0 days 01:58:25.825000,0 days 01:58:50.094000,0 days 01:59:20.330000,240.0,275.0,274.0,305.0,True,MEDIUM,24.0,False,Audi,0 days 01:58:03.894000,,1,13.0,,,False,True
0 days 02:00:38.440000,BOR,5,0 days 00:01:18.144000,43.0,3.0,,,0 days 00:00:22.522000,0 days 00:00:25.073000,0 days 00:00:30.549000,0 days 01:59:42.852000,0 days 02:00:07.925000,0 days 02:00:38.474000,233.0,274.0,274.0,297.0,False,MEDIUM,25.0,False,Audi,0 days 01:59:20.296000,,1,13.0,,,False,True
0 days 02:02:04.194000,BOR,5,0 days 00:01:25.754000,44.0,3.0,,,0 days 00:00:21.867000,0 days 00:00:24.372000,0 days 00:00:39.515000,0 days 02:01:00.341000,0 days 02:01:24.713000,0 days 02:02:04.228000,239.0,271.0,247.0,173.0,False,MEDIUM,26.0,False,Audi,0 days 02:00:38.440000,,16,13.0,,,False,False
0 days 02:03:28.451000,BOR,5,0 days 00:01:24.257000,45.0,3.0,,,0 days 00:00:28.572000,0 days 00:00:25.179000,0 days 00:00:30.506000,0 days 02:02:32.800000,0 days 02:02:57.979000,0 days 02:03:28.485000,217.0,275.0,278.0,301.0,False,MEDIUM,27.0,False,Audi,0 days 02:02:04.194000,,671,13.0,,,False,False
0 days 02:04:45.114000,BOR,5,0 days 00:01:16.663000,46.0,3.0,,,0 days 00:00:21.814000,0 days 00:00:24.518000,0 days 00:00:30.331000,0 days 02:03:50.299000,0 days 02:04:14.817000,0 days 02:04:45.148000,241.0,273.0,272.0,299.0,False,MEDIUM,28.0,False,Audi,0 days 02:03:28.451000,,1,13.0,,,False,True
0 days 02:06:01.771000,BOR,5,0 days 00:01:16.657000,47.0,3.0,,,0 days 00:00:21.839000,0 days 00:00:24.332000,0 days 00:00:30.486000,0 days 02:05:06.987000,0 days 02:05:31.319000,0 days 02:06:01.805000,240.0,272.0,273.0,298.0,False,MEDIUM,29.0,False,Audi,0 days 02:04:45.114000,,1,13.0,,,False,True
0 days 02:07:18.037000,BOR,5,0 days 00:01:16.266000,48.0,3.0,,,0 days 00:00:21.760000,0 days 00:00:24.327000,0 days 00:00:30.179000,0 days 02:06:23.565000,0 days 02:06:47.892000,0 days 02:07:18.071000,240.0,272.0,274.0,299.0,True,MEDIUM,30.0,False,Audi,0 days 02:06:01.771000,,1,13.0,,,False,True
0 days 02:08:34.799000,BOR,5,0 days 00:01:16.762000,49.0,3.0,,,0 days 00:00:21.853000,0 days 00:00:24.446000,0 days 00:00:30.463000,0 days 02:07:39.924000,0 days 02:08:04.370000,0 days 02:08:34.833000,238.0,272.0,273.0,300.0,False,MEDIUM,31.0,False,Audi,0 days 02:07:18.037000,,1,13.0,,,False,True
0 days 02:09:51.020000,BOR,5,0 days 00:01:16.221000,50.0,3.0,,,0 days 00:00:21.737000,0 days 00:00:24.229000,0 days 00:00:30.255000,0 days 02:08:56.570000,0 days 02:09:20.799000,0 days 02:09:51.054000,241.0,273.0,275.0,300.0,True,MEDIUM,32.0,False,Audi,0 days 02:08:34.799000,,1,13.0,,,False,True
0 days 02:11:27.991000,BOR,5,0 days 00:01:36.971000,51.0,3.0,,,0 days 00:00:21.735000,0 days 00:00:32.799000,0 days 00:00:42.437000,0 days 02:10:12.789000,0 days 02:10:45.588000,0 days 02:11:28.025000,240.0,219.0,190.0,184.0,False,MEDIUM,33.0,False,Audi,0 days 02:09:51.020000,,16,12.0,,,False,False
0 days 02:13:04.290000,BOR,5,0 days 00:01:36.299000,52.0,3.0,,,0 days 00:00:30.100000,0 days 00:00:34.976000,0 days 00:00:31.223000,0 days 02:11:58.125000,0 days 02:12:33.101000,0 days 02:13:04.324000,149.0,272.0,276.0,298.0,False,MEDIUM,34.0,False,Audi,0 days 02:11:27.991000,,671,12.0,,,False,False
0 days 02:14:21.959000,BOR,5,0 days 00:01:17.669000,53.0,3.0,,,0 days 00:00:22.303000,0 days 00:00:24.708000,0 days 00:00:30.658000,0 days 02:13:26.627000,0 days 02:13:51.335000,0 days 02:14:21.993000,242.0,274.0,273.0,300.0,False,MEDIUM,35.0,False,Audi,0 days 02:13:04.290000,,1,12.0,,,False,True
0 days 02:15:39.080000,BOR,5,0 days 00:01:17.121000,54.0,3.0,,,0 days 00:00:22.116000,0 days 00:00:24.550000,0 days 00:00:30.455000,0 days 02:14:44.109000,0 days 02:15:08.659000,0 days 02:15:39.114000,239.0,273.0,272.0,299.0,False,MEDIUM,36.0,False,Audi,0 days 02:14:21.959000,,1,12.0,,,False,True
0 days 02:16:56.031000,BOR,5,0 days 00:01:16.951000,55.0,3.0,,,0 days 00:00:21.970000,0 days 00:00:24.691000,0 days 00:00:30.290000,0 days 02:16:01.084000,0 days 02:16:25.775000,0 days 02:16:56.065000,240.0,274.0,271.0,303.0,False,MEDIUM,37.0,False,Audi,0 days 02:15:39.080000,,1,12.0,,,False,True
0 days 02:18:12.761000,BOR,5,0 days 00:01:16.730000,56.0,3.0,,,0 days 00:00:21.944000,0 days 00:00:24.437000,0 days 00:00:30.349000,0 days 02:17:18.009000,0 days 02:17:42.446000,0 days 02:18:12.795000,240.0,274.0,274.0,296.0,False,MEDIUM,38.0,False,Audi,0 days 02:16:56.031000,,1,12.0,,,False,True
0 days 02:19:29.560000,BOR,5,0 days 00:01:16.799000,57.0,3.0,,,0 days 00:00:21.949000,0 days 00:00:24.313000,0 days 00:00:30.537000,0 days 02:18:34.744000,0 days 02:18:59.057000,0 days 02:19:29.594000,239.0,273.0,274.0,300.0,False,MEDIUM,39.0,False,Audi,0 days 02:18:12.761000,,1,12.0,,,False,True
0 days 02:20:46.259000,BOR,5,0 days 00:01:16.699000,58.0,3.0,,,0 days 00:00:21.992000,0 days 00:00:24.508000,0 days 00:00:30.199000,0 days 02:19:51.586000,0 days 02:20:16.094000,0 days 02:20:46.293000,240.0,274.0,274.0,300.0,False,MEDIUM,40.0,False,Audi,0 days 02:19:29.560000,,1,12.0,,,False,True
0 days 02:22:02.630000,BOR,5,0 days 00:01:16.371000,59.0,3.0,,,0 days 00:00:21.795000,0 days 00:00:24.296000,0 days 00:00:30.280000,0 days 02:21:08.088000,0 days 02:21:32.384000,0 days 02:22:02.664000,242.0,275.0,274.0,301.0,False,MEDIUM,41.0,False,Audi,0 days 02:20:46.259000,,12,12.0,,,False,True
0 days 02:23:19.199000,BOR,5,0 days 00:01:16.569000,60.0,3.0,,,0 days 00:00:21.995000,0 days 00:00:24.399000,0 days 00:00:30.175000,0 days 02:22:24.659000,0 days 02:22:49.058000,0 days 02:23:19.233000,242.0,276.0,276.0,307.0,False,MEDIUM,42.0,False,Audi,0 days 02:22:02.630000,,21,12.0,,,False,True
0 days 02:24:36.524000,BOR,5,0 days 00:01:17.325000,61.0,3.0,,,0 days 00:00:21.910000,0 days 00:00:25.327000,0 days 00:00:30.088000,0 days 02:23:41.143000,0 days 02:24:06.470000,0 days 02:24:36.558000,243.0,283.0,279.0,316.0,False,MEDIUM,43.0,False,Audi,0 days 02:23:19.199000,,1,12.0,,,False,True
0 days 02:25:53.457000,BOR,5,0 days 00:01:16.933000,62.0,3.0,,,0 days 00:00:21.989000,0 days 00:00:24.560000,0 days 00:00:30.384000,0 days 02:24:58.547000,0 days 02:25:23.107000,0 days 02:25:53.491000,242.0,281.0,279.0,311.0,False,MEDIUM,44.0,False,Audi,0 days 02:24:36.524000,,1,12.0,,,False,True
0 days 02:27:10.896000,BOR,5,0 days 00:01:17.439000,63.0,3.0,,,0 days 00:00:22.012000,0 days 00:00:24.707000,0 days 00:00:30.720000,0 days 02:26:15.503000,0 days 02:26:40.210000,0 days 02:27:10.930000,244.0,280.0,284.0,323.0,False,MEDIUM,45.0,False,Audi,0 days 02:25:53.457000,,1,13.0,,,False,True
0 days 02:28:31.395000,BOR,5,0 days 00:01:20.499000,64.0,3.0,,,0 days 00:00:21.783000,0 days 00:00:26.523000,0 days 00:00:32.193000,0 days 02:27:32.713000,0 days 02:27:59.236000,0 days 02:28:31.429000,243.0,255.0,283.0,326.0,False,MEDIUM,46.0,False,Audi,0 days 02:27:10.896000,,1,13.0,,,False,True
0 days 02:29:47.882000,BOR,5,0 days 00:01:16.487000,65.0,3.0,,,0 days 00:00:22.028000,0 days 00:00:24.374000,0 days 00:00:30.085000,0 days 02:28:53.457000,0 days 02:29:17.831000,0 days 02:29:47.916000,242.0,283.0,277.0,314.0,False,MEDIUM,47.0,False,Audi,0 days 02:28:31.395000,,1,13.0,,,False,True
0 days 02:31:04.458000,BOR,5,0 days 00:01:16.576000,66.0,3.0,,,0 days 00:00:21.854000,0 days 00:00:24.508000,0 days 00:00:30.214000,0 days 02:30:09.770000,0 days 02:30:34.278000,0 days 02:31:04.492000,242.0,280.0,298.0,315.0,False,MEDIUM,48.0,False,Audi,0 days 02:29:47.882000,,1,13.0,,,False,True
0 days 01:04:10.658000,SAI,55,0 days 00:01:38.114000,1.0,1.0,,,,0 days 00:00:29.098000,0 days 00:00:33.957000,,0 days 01:03:36.913000,0 days 01:04:10.791000,194.0,278.0,265.0,315.0,False,INTERMEDIATE,1.0,True,Williams,0 days 01:02:32.281000,,1,16.0,,,False,False
0 days 01:05:53.117000,SAI,55,0 days 00:01:42.459000,2.0,1.0,,0 days 01:05:30.088000,0 days 00:00:25.377000,0 days 00:00:27.774000,0 days 00:00:49.308000,0 days 01:04:36.063000,0 days 01:05:03.837000,0 days 01:05:53.145000,197.0,274.0,,312.0,False,INTERMEDIATE,2.0,True,Williams,0 days 01:04:10.658000,,1,19.0,,,False,False
0 days 01:07:19.503000,SAI,55,0 days 00:01:26.386000,3.0,2.0,0 days 01:05:54.704000,,0 days 00:00:26.944000,0 days 00:00:26.758000,0 days 00:00:32.684000,0 days 01:06:20.089000,0 days 01:06:46.847000,0 days 01:07:19.531000,223.0,267.0,266.0,298.0,False,MEDIUM,9.0,False,Williams,0 days 01:05:53.117000,,1,18.0,,,False,False
0 days 01:08:39.324000,SAI,55,0 days 00:01:19.821000,4.0,2.0,,,0 days 00:00:23.110000,0 days 00:00:25.348000,0 days 00:00:31.363000,0 days 01:07:42.641000,0 days 01:08:07.989000,0 days 01:08:39.352000,232.0,276.0,277.0,303.0,True,MEDIUM,10.0,False,Williams,0 days 01:07:19.503000,,1,18.0,,,False,True
0 days 01:09:57.929000,SAI,55,0 days 00:01:18.605000,5.0,2.0,,,0 days 00:00:22.548000,0 days 00:00:24.990000,0 days 00:00:31.067000,0 days 01:09:01.900000,0 days 01:09:26.890000,0 days 01:09:57.957000,235.0,278.0,279.0,306.0,True,MEDIUM,11.0,False,Williams,0 days 01:08:39.324000,,1,18.0,,,False,True
0 days 01:11:16.113000,SAI,55,0 days 00:01:18.184000,6.0,2.0,,,0 days 00:00:22.270000,0 days 00:00:24.749000,0 days 00:00:31.165000,0 days 01:10:20.227000,0 days 01:10:44.976000,0 days 01:11:16.141000,237.0,279.0,266.0,301.0,True,MEDIUM,12.0,False,Williams,0 days 01:09:57.929000,,1,17.0,,,False,True
0 days 01:12:34.249000,SAI,55,0 days 00:01:18.136000,7.0,2.0,,,0 days 00:00:22.294000,0 days 00:00:24.818000,0 days 00:00:31.024000,0 days 01:11:38.435000,0 days 01:12:03.253000,0 days 01:12:34.277000,236.0,276.0,267.0,305.0,True,MEDIUM,13.0,False,Williams,0 days 01:11:16.113000,,1,17.0,,,False,True
0 days 01:13:52.222000,SAI,55,0 days 00:01:17.973000,8.0,2.0,,,0 days 00:00:22.151000,0 days 00:00:24.796000,0 days 00:00:31.026000,0 days 01:12:56.428000,0 days 01:13:21.224000,0 days 01:13:52.250000,237.0,276.0,274.0,302.0,True,MEDIUM,14.0,False,Williams,0 days 01:12:34.249000,,1,16.0,,,False,True
0 days 01:15:09.818000,SAI,55,0 days 00:01:17.596000,9.0,2.0,,,0 days 00:00:22.074000,0 days 00:00:24.716000,0 days 00:00:30.806000,0 days 01:14:14.324000,0 days 01:14:39.040000,0 days 01:15:09.846000,235.0,276.0,278.0,300.0,True,MEDIUM,15.0,False,Williams,0 days 01:13:52.222000,,1,16.0,,,False,True
0 days 01:16:27.186000,SAI,55,0 days 00:01:17.368000,10.0,2.0,,,0 days 00:00:22.007000,0 days 00:00:24.522000,0 days 00:00:30.839000,0 days 01:15:31.853000,0 days 01:15:56.375000,0 days 01:16:27.214000,236.0,278.0,276.0,302.0,True,MEDIUM,16.0,False,Williams,0 days 01:15:09.818000,,1,16.0,,,False,True
0 days 01:17:44.640000,SAI,55,0 days 00:01:17.454000,11.0,2.0,,,0 days 00:00:21.920000,0 days 00:00:24.628000,0 days 00:00:30.906000,0 days 01:16:49.134000,0 days 01:17:13.762000,0 days 01:17:44.668000,236.0,277.0,258.0,303.0,False,MEDIUM,17.0,False,Williams,0 days 01:16:27.186000,,1,16.0,,,False,True
0 days 01:19:03.034000,SAI,55,0 days 00:01:18.394000,12.0,2.0,,,0 days 00:00:22.172000,0 days 00:00:24.657000,0 days 00:00:31.565000,0 days 01:18:06.840000,0 days 01:18:31.497000,0 days 01:19:03.062000,235.0,275.0,277.0,304.0,False,MEDIUM,18.0,False,Williams,0 days 01:17:44.640000,,12,14.0,,,False,True
0 days 01:20:20.652000,SAI,55,0 days 00:01:17.618000,13.0,2.0,,,0 days 00:00:21.946000,0 days 00:00:24.545000,0 days 00:00:31.127000,0 days 01:19:25.008000,0 days 01:19:49.553000,0 days 01:20:20.680000,236.0,277.0,283.0,307.0,False,MEDIUM,19.0,False,Williams,0 days 01:19:03.034000,,2,14.0,,,False,True
0 days 01:21:37.698000,SAI,55,0 days 00:01:17.046000,14.0,2.0,,,0 days 00:00:21.951000,0 days 00:00:24.521000,0 days 00:00:30.574000,0 days 01:20:42.631000,0 days 01:21:07.152000,0 days 01:21:37.726000,238.0,284.0,296.0,320.0,True,MEDIUM,20.0,False,Williams,0 days 01:20:20.652000,,21,13.0,,,False,True
0 days 01:22:56.659000,SAI,55,0 days 00:01:18.961000,15.0,2.0,,,0 days 00:00:22.500000,0 days 00:00:25.024000,0 days 00:00:31.437000,0 days 01:22:00.226000,0 days 01:22:25.250000,0 days 01:22:56.687000,237.0,267.0,260.0,294.0,False,MEDIUM,21.0,False,Williams,0 days 01:21:37.698000,,1,11.0,,,False,True
0 days 01:24:14.203000,SAI,55,0 days 00:01:17.544000,16.0,2.0,,,0 days 00:00:22.077000,0 days 00:00:24.546000,0 days 00:00:30.921000,0 days 01:23:18.764000,0 days 01:23:43.310000,0 days 01:24:14.231000,237.0,276.0,265.0,301.0,False,MEDIUM,22.0,False,Williams,0 days 01:22:56.659000,,1,11.0,,,False,True
0 days 01:25:31.424000,SAI,55,0 days 00:01:17.221000,17.0,2.0,,,0 days 00:00:21.950000,0 days 00:00:24.543000,0 days 00:00:30.728000,0 days 01:24:36.181000,0 days 01:25:00.724000,0 days 01:25:31.452000,237.0,277.0,273.0,302.0,False,MEDIUM,23.0,False,Williams,0 days 01:24:14.203000,,1,11.0,,,False,True
0 days 01:26:48.593000,SAI,55,0 days 00:01:17.169000,18.0,2.0,,,0 days 00:00:21.980000,0 days 00:00:24.443000,0 days 00:00:30.746000,0 days 01:25:53.432000,0 days 01:26:17.875000,0 days 01:26:48.621000,236.0,277.0,277.0,306.0,False,MEDIUM,24.0,False,Williams,0 days 01:25:31.424000,,12,11.0,,,False,True
0 days 01:28:06.072000,SAI,55,0 days 00:01:17.479000,19.0,2.0,,,0 days 00:00:22.103000,0 days 00:00:24.559000,0 days 00:00:30.817000,0 days 01:27:10.724000,0 days 01:27:35.283000,0 days 01:28:06.100000,236.0,275.0,274.0,297.0,False,MEDIUM,25.0,False,Williams,0 days 01:26:48.593000,,1,11.0,,,False,True
0 days 01:29:23.204000,SAI,55,0 days 00:01:17.132000,20.0,2.0,,,0 days 00:00:21.911000,0 days 00:00:24.400000,0 days 00:00:30.821000,0 days 01:28:28.011000,0 days 01:28:52.411000,0 days 01:29:23.232000,236.0,277.0,277.0,299.0,False,MEDIUM,26.0,False,Williams,0 days 01:28:06.072000,,1,11.0,,,False,True
0 days 01:30:40.428000,SAI,55,0 days 00:01:17.224000,21.0,2.0,,,0 days 00:00:21.827000,0 days 00:00:24.495000,0 days 00:00:30.902000,0 days 01:29:45.059000,0 days 01:30:09.554000,0 days 01:30:40.456000,238.0,277.0,279.0,300.0,False,MEDIUM,27.0,False,Williams,0 days 01:29:23.204000,,1,11.0,,,False,True
0 days 01:31:57.643000,SAI,55,0 days 00:01:17.215000,22.0,2.0,,,0 days 00:00:21.843000,0 days 00:00:24.424000,0 days 00:00:30.948000,0 days 01:31:02.299000,0 days 01:31:26.723000,0 days 01:31:57.671000,238.0,278.0,277.0,298.0,False,MEDIUM,28.0,False,Williams,0 days 01:30:40.428000,,1,11.0,,,False,True
0 days 01:33:14.641000,SAI,55,0 days 00:01:16.998000,23.0,2.0,,,0 days 00:00:21.949000,0 days 00:00:24.483000,0 days 00:00:30.566000,0 days 01:32:19.620000,0 days 01:32:44.103000,0 days 01:33:14.669000,237.0,278.0,278.0,302.0,True,MEDIUM,29.0,False,Williams,0 days 01:31:57.643000,,1,11.0,,,False,True
0 days 01:34:31.781000,SAI,55,0 days 00:01:17.140000,24.0,2.0,,,0 days 00:00:21.815000,0 days 00:00:24.750000,0 days 00:00:30.575000,0 days 01:33:36.484000,0 days 01:34:01.234000,0 days 01:34:31.809000,238.0,278.0,276.0,302.0,False,MEDIUM,30.0,False,Williams,0 days 01:33:14.641000,,1,11.0,,,False,True
0 days 01:35:48.618000,SAI,55,0 days 00:01:16.837000,25.0,2.0,,,0 days 00:00:21.854000,0 days 00:00:24.382000,0 days 00:00:30.601000,0 days 01:34:53.663000,0 days 01:35:18.045000,0 days 01:35:48.646000,238.0,279.0,274.0,301.0,True,MEDIUM,31.0,False,Williams,0 days 01:34:31.781000,,1,11.0,,,False,True
0 days 01:37:05.273000,SAI,55,0 days 00:01:16.655000,26.0,2.0,,,0 days 00:00:21.817000,0 days 00:00:24.328000,0 days 00:00:30.510000,0 days 01:36:10.463000,0 days 01:36:34.791000,0 days 01:37:05.301000,237.0,279.0,278.0,303.0,True,MEDIUM,32.0,False,Williams,0 days 01:35:48.618000,,1,11.0,,,False,True
0 days 01:38:22.262000,SAI,55,0 days 00:01:16.989000,27.0,2.0,,,0 days 00:00:21.912000,0 days 00:00:24.496000,0 days 00:00:30.581000,0 days 01:37:27.213000,0 days 01:37:51.709000,0 days 01:38:22.290000,239.0,282.0,273.0,311.0,False,MEDIUM,33.0,False,Williams,0 days 01:37:05.273000,,1,11.0,,,False,True
0 days 01:39:39.321000,SAI,55,0 days 00:01:17.059000,28.0,2.0,,,0 days 00:00:21.793000,0 days 00:00:24.394000,0 days 00:00:30.872000,0 days 01:38:44.083000,0 days 01:39:08.477000,0 days 01:39:39.349000,238.0,278.0,274.0,299.0,False,MEDIUM,34.0,False,Williams,0 days 01:38:22.262000,,1,11.0,,,False,True
0 days 01:40:56.057000,SAI,55,0 days 00:01:16.736000,29.0,2.0,,,0 days 00:00:21.877000,0 days 00:00:24.349000,0 days 00:00:30.510000,0 days 01:40:01.226000,0 days 01:40:25.575000,0 days 01:40:56.085000,238.0,278.0,270.0,302.0,False,MEDIUM,35.0,False,Williams,0 days 01:39:39.321000,,12,11.0,,,False,True
0 days 01:42:52.340000,SAI,55,0 days 00:01:56.283000,30.0,2.0,,0 days 01:42:28.362000,0 days 00:00:26.995000,0 days 00:00:35.290000,0 days 00:00:53.998000,0 days 01:41:23.080000,0 days 01:41:58.370000,0 days 01:42:52.368000,155.0,188.0,,269.0,False,MEDIUM,36.0,False,Williams,0 days 01:40:56.057000,,26,10.0,,,False,False
0 days 01:44:36.923000,SAI,55,0 days 00:01:44.583000,31.0,3.0,0 days 01:42:53.970000,,0 days 00:00:30.612000,0 days 00:00:36.432000,0 days 00:00:37.539000,0 days 01:43:22.980000,0 days 01:43:59.412000,0 days 01:44:36.951000,215.0,210.0,263.0,258.0,False,MEDIUM,1.0,True,Williams,0 days 01:42:52.340000,,671,10.0,,,False,False
0 days 01:45:56.715000,SAI,55,0 days 00:01:19.792000,32.0,3.0,,,0 days 00:00:23.209000,0 days 00:00:25.552000,0 days 00:00:31.031000,0 days 01:45:00.160000,0 days 01:45:25.712000,0 days 01:45:56.743000,238.0,278.0,279.0,302.0,False,MEDIUM,2.0,True,Williams,0 days 01:44:36.923000,,1,10.0,,,False,True
0 days 01:47:15.315000,SAI,55,0 days 00:01:18.600000,33.0,3.0,,,0 days 00:00:22.386000,0 days 00:00:25.105000,0 days 00:00:31.109000,0 days 01:46:19.129000,0 days 01:46:44.234000,0 days 01:47:15.343000,240.0,279.0,276.0,301.0,False,MEDIUM,3.0,True,Williams,0 days 01:45:56.715000,,1,10.0,,,False,True
0 days 01:48:34.057000,SAI,55,0 days 00:01:18.742000,34.0,3.0,,,0 days 00:00:22.284000,0 days 00:00:25.842000,0 days 00:00:30.616000,0 days 01:47:37.627000,0 days 01:48:03.469000,0 days 01:48:34.085000,203.0,280.0,277.0,310.0,False,MEDIUM,4.0,True,Williams,0 days 01:47:15.315000,,1,10.0,,,False,True
0 days 01:49:51.225000,SAI,55,0 days 00:01:17.168000,35.0,3.0,,,0 days 00:00:21.951000,0 days 00:00:24.493000,0 days 00:00:30.724000,0 days 01:48:56.036000,0 days 01:49:20.529000,0 days 01:49:51.253000,238.0,279.0,272.0,303.0,False,MEDIUM,5.0,True,Williams,0 days 01:48:34.057000,,1,10.0,,,False,True
0 days 01:51:07.824000,SAI,55,0 days 00:01:16.599000,36.0,3.0,,,0 days 00:00:21.778000,0 days 00:00:24.305000,0 days 00:00:30.516000,0 days 01:50:13.031000,0 days 01:50:37.336000,0 days 01:51:07.852000,240.0,280.0,276.0,303.0,True,MEDIUM,6.0,True,Williams,0 days 01:49:51.225000,,1,10.0,,,False,True
0 days 01:52:26.785000,SAI,55,0 days 00:01:18.961000,37.0,3.0,,,0 days 00:00:22.230000,0 days 00:00:24.504000,0 days 00:00:32.227000,0 days 01:51:30.082000,0 days 01:51:54.586000,0 days 01:52:26.813000,239.0,279.0,271.0,264.0,False,MEDIUM,7.0,True,Williams,0 days 01:51:07.824000,,1,10.0,,,False,True
0 days 01:53:43.302000,SAI,55,0 days 00:01:16.517000,38.0,3.0,,,0 days 00:00:21.921000,0 days 00:00:24.239000,0 days 00:00:30.357000,0 days 01:52:48.734000,0 days 01:53:12.973000,0 days 01:53:43.330000,241.0,283.0,274.0,311.0,True,MEDIUM,8.0,True,Williams,0 days 01:52:26.785000,,1,10.0,,,False,True
0 days 01:55:00.066000,SAI,55,0 days 00:01:16.764000,39.0,3.0,,,0 days 00:00:21.746000,0 days 00:00:24.362000,0 days 00:00:30.656000,0 days 01:54:05.076000,0 days 01:54:29.438000,0 days 01:55:00.094000,240.0,280.0,269.0,304.0,False,MEDIUM,9.0,True,Williams,0 days 01:53:43.302000,,12,9.0,,,False,True
0 days 01:56:18.488000,SAI,55,0 days 00:01:18.422000,40.0,3.0,,,0 days 00:00:22.271000,0 days 00:00:25.771000,0 days 00:00:30.380000,0 days 01:55:22.365000,0 days 01:55:48.136000,0 days 01:56:18.516000,207.0,283.0,279.0,309.0,False,MEDIUM,10.0,True,Williams,0 days 01:55:00.066000,,1,9.0,,,False,True
0 days 01:57:35.140000,SAI,55,0 days 00:01:16.652000,41.0,3.0,,,0 days 00:00:21.674000,0 days 00:00:24.138000,0 days 00:00:30.840000,0 days 01:56:40.190000,0 days 01:57:04.328000,0 days 01:57:35.168000,241.0,281.0,278.0,302.0,False,MEDIUM,11.0,True,Williams,0 days 01:56:18.488000,,1,9.0,,,False,True
0 days 01:58:51.972000,SAI,55,0 days 00:01:16.832000,42.0,3.0,,,0 days 00:00:21.698000,0 days 00:00:24.703000,0 days 00:00:30.431000,0 days 01:57:56.866000,0 days 01:58:21.569000,0 days 01:58:52,241.0,280.0,278.0,301.0,False,MEDIUM,12.0,True,Williams,0 days 01:57:35.140000,,1,9.0,,,False,True
0 days 02:00:08.375000,SAI,55,0 days 00:01:16.403000,43.0,3.0,,,0 days 00:00:21.632000,0 days 00:00:24.217000,0 days 00:00:30.554000,0 days 01:59:13.632000,0 days 01:59:37.849000,0 days 02:00:08.403000,241.0,280.0,281.0,299.0,True,MEDIUM,13.0,True,Williams,0 days 01:58:51.972000,,1,9.0,,,False,True
0 days 02:01:26.876000,SAI,55,0 days 00:01:18.501000,44.0,3.0,,,0 days 00:00:21.541000,0 days 00:00:24.318000,0 days 00:00:32.642000,0 days 02:00:29.944000,0 days 02:00:54.262000,0 days 02:01:26.904000,241.0,281.0,271.0,237.0,False,MEDIUM,14.0,True,Williams,0 days 02:00:08.375000,,1,9.0,,,False,True
0 days 02:03:01.777000,SAI,55,0 days 00:01:34.901000,45.0,3.0,,,0 days 00:00:32.618000,0 days 00:00:28.986000,0 days 00:00:33.297000,0 days 02:01:59.522000,0 days 02:02:28.508000,0 days 02:03:01.805000,201.0,243.0,304.0,270.0,False,MEDIUM,15.0,True,Williams,0 days 02:01:26.876000,,167,9.0,,,False,False
0 days 02:04:18.244000,SAI,55,0 days 00:01:16.467000,46.0,3.0,,,0 days 00:00:21.528000,0 days 00:00:24.304000,0 days 00:00:30.635000,0 days 02:03:23.333000,0 days 02:03:47.637000,0 days 02:04:18.272000,245.0,284.0,267.0,306.0,False,MEDIUM,16.0,True,Williams,0 days 02:03:01.777000,,1,9.0,,,False,True
0 days 02:05:35.228000,SAI,55,0 days 00:01:16.984000,47.0,3.0,,,0 days 00:00:21.835000,0 days 00:00:24.402000,0 days 00:00:30.747000,0 days 02:04:40.107000,0 days 02:05:04.509000,0 days 02:05:35.256000,240.0,281.0,262.0,305.0,False,MEDIUM,17.0,True,Williams,0 days 02:04:18.244000,,1,9.0,,,False,True
0 days 02:06:51.542000,SAI,55,0 days 00:01:16.314000,48.0,3.0,,,0 days 00:00:21.768000,0 days 00:00:24.291000,0 days 00:00:30.255000,0 days 02:05:57.024000,0 days 02:06:21.315000,0 days 02:06:51.570000,241.0,287.0,281.0,311.0,True,MEDIUM,18.0,True,Williams,0 days 02:05:35.228000,,1,9.0,,,False,True
0 days 02:08:08.051000,SAI,55,0 days 00:01:16.509000,49.0,3.0,,,0 days 00:00:21.714000,0 days 00:00:24.203000,0 days 00:00:30.592000,0 days 02:07:13.284000,0 days 02:07:37.487000,0 days 02:08:08.079000,240.0,285.0,276.0,298.0,False,MEDIUM,19.0,True,Williams,0 days 02:06:51.542000,,1,9.0,,,False,True
0 days 02:09:24.364000,SAI,55,0 days 00:01:16.313000,50.0,3.0,,,0 days 00:00:21.660000,0 days 00:00:24.206000,0 days 00:00:30.447000,0 days 02:08:29.739000,0 days 02:08:53.945000,0 days 02:09:24.392000,241.0,281.0,277.0,302.0,True,MEDIUM,20.0,True,Williams,0 days 02:08:08.051000,,1,9.0,,,False,True
0 days 02:10:57.021000,SAI,55,0 days 00:01:32.657000,51.0,3.0,,,0 days 00:00:22.478000,0 days 00:00:24.410000,0 days 00:00:45.769000,0 days 02:09:46.870000,0 days 02:10:11.280000,0 days 02:10:57.049000,233.0,282.0,237.0,254.0,False,MEDIUM,21.0,True,Williams,0 days 02:09:24.364000,,16,9.0,,,False,False
0 days 02:12:34.997000,SAI,55,0 days 00:01:37.976000,52.0,3.0,,,0 days 00:00:25.324000,0 days 00:00:33.675000,0 days 00:00:38.977000,0 days 02:11:22.373000,0 days 02:11:56.048000,0 days 02:12:35.025000,218.0,224.0,260.0,221.0,False,MEDIUM,22.0,True,Williams,0 days 02:10:57.021000,,671,9.0,,,False,False
0 days 02:13:52.759000,SAI,55,0 days 00:01:17.762000,53.0,3.0,,,0 days 00:00:22.637000,0 days 00:00:24.581000,0 days 00:00:30.544000,0 days 02:12:57.662000,0 days 02:13:22.243000,0 days 02:13:52.787000,237.0,281.0,279.0,300.0,False,MEDIUM,23.0,True,Williams,0 days 02:12:34.997000,,1,9.0,,,False,True
0 days 02:15:09.523000,SAI,55,0 days 00:01:16.764000,54.0,3.0,,,0 days 00:00:21.734000,0 days 00:00:24.315000,0 days 00:00:30.715000,0 days 02:14:14.521000,0 days 02:14:38.836000,0 days 02:15:09.551000,240.0,282.0,270.0,302.0,False,MEDIUM,24.0,True,Williams,0 days 02:13:52.759000,,1,9.0,,,False,True
0 days 02:16:26.377000,SAI,55,0 days 00:01:16.854000,55.0,3.0,,,0 days 00:00:22.162000,0 days 00:00:24.297000,0 days 00:00:30.395000,0 days 02:15:31.713000,0 days 02:15:56.010000,0 days 02:16:26.405000,239.0,282.0,284.0,305.0,False,MEDIUM,25.0,True,Williams,0 days 02:15:09.523000,,1,9.0,,,False,True
0 days 02:17:42.468000,SAI,55,0 days 00:01:16.091000,56.0,3.0,,,0 days 00:00:21.648000,0 days 00:00:24.137000,0 days 00:00:30.306000,0 days 02:16:48.053000,0 days 02:17:12.190000,0 days 02:17:42.496000,241.0,283.0,287.0,307.0,True,MEDIUM,26.0,True,Williams,0 days 02:16:26.377000,,1,9.0,,,False,True
0 days 02:18:58.787000,SAI,55,0 days 00:01:16.319000,57.0,3.0,,,0 days 00:00:21.726000,0 days 00:00:24.247000,0 days 00:00:30.346000,0 days 02:18:04.222000,0 days 02:18:28.469000,0 days 02:18:58.815000,241.0,280.0,278.0,299.0,False,MEDIUM,27.0,True,Williams,0 days 02:17:42.468000,,1,9.0,,,False,True
0 days 02:20:16.031000,SAI,55,0 days 00:01:17.244000,58.0,3.0,,,0 days 00:00:21.608000,0 days 00:00:25.202000,0 days 00:00:30.434000,0 days 02:19:20.423000,0 days 02:19:45.625000,0 days 02:20:16.059000,241.0,282.0,277.0,301.0,False,MEDIUM,28.0,True,Williams,0 days 02:18:58.787000,,1,9.0,,,False,True
0 days 02:21:32.362000,SAI,55,0 days 00:01:16.331000,59.0,3.0,,,0 days 00:00:21.754000,0 days 00:00:24.191000,0 days 00:00:30.386000,0 days 02:20:37.813000,0 days 02:21:02.004000,0 days 02:21:32.390000,242.0,281.0,277.0,299.0,False,MEDIUM,29.0,True,Williams,0 days 02:20:16.031000,,1,9.0,,,False,True
0 days 02:22:48.396000,SAI,55,0 days 00:01:16.034000,60.0,3.0,,,0 days 00:00:21.573000,0 days 00:00:24.279000,0 days 00:00:30.182000,0 days 02:21:53.963000,0 days 02:22:18.242000,0 days 02:22:48.424000,241.0,282.0,280.0,303.0,True,MEDIUM,30.0,True,Williams,0 days 02:21:32.362000,,12,9.0,,,False,True
0 days 02:24:05.836000,SAI,55,0 days 00:01:17.440000,61.0,3.0,,,0 days 00:00:21.602000,0 days 00:00:25.692000,0 days 00:00:30.146000,0 days 02:23:10.026000,0 days 02:23:35.718000,0 days 02:24:05.864000,214.0,287.0,279.0,311.0,False,MEDIUM,31.0,True,Williams,0 days 02:22:48.396000,,1,9.0,,,False,True
0 days 02:25:22.333000,SAI,55,0 days 00:01:16.497000,62.0,3.0,,,0 days 00:00:21.681000,0 days 00:00:24.253000,0 days 00:00:30.563000,0 days 02:24:27.545000,0 days 02:24:51.798000,0 days 02:25:22.361000,243.0,280.0,272.0,298.0,False,MEDIUM,32.0,True,Williams,0 days 02:24:05.836000,,1,9.0,,,False,True
0 days 02:26:38.706000,SAI,55,0 days 00:01:16.373000,63.0,3.0,,,0 days 00:00:21.691000,0 days 00:00:24.140000,0 days 00:00:30.542000,0 days 02:25:44.052000,0 days 02:26:08.192000,0 days 02:26:38.734000,243.0,281.0,275.0,296.0,False,MEDIUM,33.0,True,Williams,0 days 02:25:22.333000,,1,9.0,,,False,True
0 days 02:27:54.594000,SAI,55,0 days 00:01:15.888000,64.0,3.0,,,0 days 00:00:21.510000,0 days 00:00:24.092000,0 days 00:00:30.286000,0 days 02:27:00.244000,0 days 02:27:24.336000,0 days 02:27:54.622000,241.0,281.0,280.0,300.0,True,MEDIUM,34.0,True,Williams,0 days 02:26:38.706000,,1,9.0,,,False,True
0 days 02:29:10.446000,SAI,55,0 days 00:01:15.852000,65.0,3.0,,,0 days 00:00:21.595000,0 days 00:00:24.082000,0 days 00:00:30.175000,0 days 02:28:16.217000,0 days 02:28:40.299000,0 days 02:29:10.474000,241.0,282.0,280.0,301.0,True,MEDIUM,35.0,True,Williams,0 days 02:27:54.594000,,1,9.0,,,False,True
0 days 02:30:29.856000,SAI,55,0 days 00:01:19.410000,66.0,3.0,,,0 days 00:00:21.594000,0 days 00:00:27.030000,0 days 00:00:30.786000,0 days 02:29:32.068000,0 days 02:29:59.098000,0 days 02:30:29.884000,241.0,270.0,280.0,300.0,False,MEDIUM,36.0,True,Williams,0 days 02:29:10.446000,,1,9.0,,,False,True
0 days 02:31:46.316000,SAI,55,0 days 00:01:16.460000,67.0,3.0,,,0 days 00:00:21.798000,0 days 00:00:24.246000,0 days 00:00:30.416000,0 days 02:30:51.682000,0 days 02:31:15.928000,0 days 02:31:46.344000,241.0,282.0,286.0,313.0,False,MEDIUM,37.0,True,Williams,0 days 02:30:29.856000,,1,9.0,,,False,True
0 days 01:04:04.101000,HAD,6,0 days 00:01:31.557000,1.0,1.0,,,,0 days 00:00:27.319000,0 days 00:00:32.188000,,0 days 01:03:32.084000,0 days 01:04:04.197000,226.0,281.0,281.0,318.0,False,SOFT,5.0,False,Red Bull Racing,0 days 01:02:32.281000,,1,7.0,,,False,False
0 days 01:05:24.777000,HAD,6,0 days 00:01:20.676000,2.0,1.0,,,0 days 00:00:23.667000,0 days 00:00:25.815000,0 days 00:00:31.194000,0 days 01:04:27.828000,0 days 01:04:53.643000,0 days 01:05:24.837000,237.0,280.0,282.0,316.0,True,SOFT,6.0,False,Red Bull Racing,0 days 01:04:04.101000,,1,6.0,,,False,True
0 days 01:06:44.058000,HAD,6,0 days 00:01:19.281000,3.0,1.0,,,0 days 00:00:22.960000,0 days 00:00:25.381000,0 days 00:00:30.940000,0 days 01:05:47.797000,0 days 01:06:13.178000,0 days 01:06:44.118000,237.0,279.0,284.0,315.0,True,SOFT,7.0,False,Red Bull Racing,0 days 01:05:24.777000,,1,6.0,,,False,True
0 days 01:08:03.018000,HAD,6,0 days 00:01:18.960000,4.0,1.0,,,0 days 00:00:22.529000,0 days 00:00:25.291000,0 days 00:00:31.140000,0 days 01:07:06.647000,0 days 01:07:31.938000,0 days 01:08:03.078000,239.0,278.0,286.0,315.0,True,SOFT,8.0,False,Red Bull Racing,0 days 01:06:44.058000,,1,6.0,,,False,True
0 days 01:09:20.931000,HAD,6,0 days 00:01:17.913000,5.0,1.0,,,0 days 00:00:22.373000,0 days 00:00:24.933000,0 days 00:00:30.607000,0 days 01:08:25.451000,0 days 01:08:50.384000,0 days 01:09:20.991000,241.0,279.0,286.0,314.0,True,SOFT,9.0,False,Red Bull Racing,0 days 01:08:03.018000,,1,6.0,,,False,True
0 days 01:10:38.769000,HAD,6,0 days 00:01:17.838000,6.0,1.0,,,0 days 00:00:22.021000,0 days 00:00:24.849000,0 days 00:00:30.968000,0 days 01:09:43.012000,0 days 01:10:07.861000,0 days 01:10:38.829000,239.0,277.0,283.0,310.0,True,SOFT,10.0,False,Red Bull Racing,0 days 01:09:20.931000,,1,6.0,,,False,True
0 days 01:11:55.933000,HAD,6,0 days 00:01:17.164000,7.0,1.0,,,0 days 00:00:21.867000,0 days 00:00:24.642000,0 days 00:00:30.655000,0 days 01:11:00.696000,0 days 01:11:25.338000,0 days 01:11:55.993000,241.0,278.0,286.0,310.0,True,SOFT,11.0,False,Red Bull Racing,0 days 01:10:38.769000,,1,6.0,,,False,True
0 days 01:13:12.815000,HAD,6,0 days 00:01:16.882000,8.0,1.0,,,0 days 00:00:21.828000,0 days 00:00:24.586000,0 days 00:00:30.468000,0 days 01:12:17.821000,0 days 01:12:42.407000,0 days 01:13:12.875000,240.0,279.0,282.0,311.0,True,SOFT,12.0,False,Red Bull Racing,0 days 01:11:55.933000,,1,6.0,,,False,True
0 days 01:14:29.713000,HAD,6,0 days 00:01:16.898000,9.0,1.0,,,0 days 00:00:21.747000,0 days 00:00:24.765000,0 days 00:00:30.386000,0 days 01:13:34.622000,0 days 01:13:59.387000,0 days 01:14:29.773000,240.0,276.0,284.0,311.0,False,SOFT,13.0,False,Red Bull Racing,0 days 01:13:12.815000,,1,6.0,,,False,True
0 days 01:15:46.075000,HAD,6,0 days 00:01:16.362000,10.0,1.0,,,0 days 00:00:21.626000,0 days 00:00:24.545000,0 days 00:00:30.191000,0 days 01:14:51.399000,0 days 01:15:15.944000,0 days 01:15:46.135000,241.0,277.0,283.0,311.0,True,SOFT,14.0,False,Red Bull Racing,0 days 01:14:29.713000,,1,6.0,,,False,True
0 days 01:17:02.297000,HAD,6,0 days 00:01:16.222000,11.0,1.0,,,0 days 00:00:21.608000,0 days 00:00:24.413000,0 days 00:00:30.201000,0 days 01:16:07.743000,0 days 01:16:32.156000,0 days 01:17:02.357000,239.0,277.0,284.0,311.0,True,SOFT,15.0,False,Red Bull Racing,0 days 01:15:46.075000,,1,6.0,,,False,True
0 days 01:18:18.959000,HAD,6,0 days 00:01:16.662000,12.0,1.0,,,0 days 00:00:21.784000,0 days 00:00:24.402000,0 days 00:00:30.476000,0 days 01:17:24.141000,0 days 01:17:48.543000,0 days 01:18:19.019000,239.0,278.0,284.0,309.0,False,SOFT,16.0,False,Red Bull Racing,0 days 01:17:02.297000,,1,6.0,,,False,True
0 days 01:19:36.019000,HAD,6,0 days 00:01:17.060000,13.0,1.0,,,0 days 00:00:21.700000,0 days 00:00:24.614000,0 days 00:00:30.746000,0 days 01:18:40.719000,0 days 01:19:05.333000,0 days 01:19:36.079000,241.0,277.0,283.0,309.0,False,SOFT,17.0,False,Red Bull Racing,0 days 01:18:18.959000,,12,6.0,,,False,True
0 days 01:20:53.485000,HAD,6,0 days 00:01:17.466000,14.0,1.0,,,0 days 00:00:21.744000,0 days 00:00:24.576000,0 days 00:00:31.146000,0 days 01:19:57.823000,0 days 01:20:22.399000,0 days 01:20:53.545000,241.0,267.0,286.0,321.0,False,SOFT,18.0,False,Red Bull Racing,0 days 01:19:36.019000,,21,6.0,,,False,True
0 days 01:22:10.326000,HAD,6,0 days 00:01:16.841000,15.0,1.0,,,0 days 00:00:21.983000,0 days 00:00:24.605000,0 days 00:00:30.253000,0 days 01:21:15.528000,0 days 01:21:40.133000,0 days 01:22:10.386000,242.0,281.0,287.0,321.0,False,SOFT,19.0,False,Red Bull Racing,0 days 01:20:53.485000,,1,6.0,,,False,True
0 days 01:23:26.863000,HAD,6,0 days 00:01:16.537000,16.0,1.0,,,0 days 00:00:21.843000,0 days 00:00:24.494000,0 days 00:00:30.200000,0 days 01:22:32.229000,0 days 01:22:56.723000,0 days 01:23:26.923000,242.0,283.0,289.0,320.0,False,SOFT,20.0,False,Red Bull Racing,0 days 01:22:10.326000,,1,6.0,,,False,True
0 days 01:24:43.362000,HAD,6,0 days 00:01:16.499000,17.0,1.0,,,0 days 00:00:21.823000,0 days 00:00:24.473000,0 days 00:00:30.203000,0 days 01:23:48.746000,0 days 01:24:13.219000,0 days 01:24:43.422000,243.0,284.0,289.0,324.0,False,SOFT,21.0,False,Red Bull Racing,0 days 01:23:26.863000,,1,6.0,,,False,True
0 days 01:26:00.094000,HAD,6,0 days 00:01:16.732000,18.0,1.0,,,0 days 00:00:21.915000,0 days 00:00:24.338000,0 days 00:00:30.479000,0 days 01:25:05.337000,0 days 01:25:29.675000,0 days 01:26:00.154000,242.0,284.0,288.0,322.0,False,SOFT,22.0,False,Red Bull Racing,0 days 01:24:43.362000,,1,6.0,,,False,True
0 days 01:27:16.569000,HAD,6,0 days 00:01:16.475000,19.0,1.0,,,0 days 00:00:21.830000,0 days 00:00:24.441000,0 days 00:00:30.204000,0 days 01:26:21.984000,0 days 01:26:46.425000,0 days 01:27:16.629000,244.0,282.0,285.0,321.0,False,SOFT,23.0,False,Red Bull Racing,0 days 01:26:00.094000,,12,6.0,,,False,True
0 days 01:28:33.084000,HAD,6,0 days 00:01:16.515000,20.0,1.0,,,0 days 00:00:21.722000,0 days 00:00:24.358000,0 days 00:00:30.435000,0 days 01:27:38.351000,0 days 01:28:02.709000,0 days 01:28:33.144000,243.0,283.0,292.0,320.0,False,SOFT,24.0,False,Red Bull Racing,0 days 01:27:16.569000,,1,6.0,,,False,True
0 days 01:29:49.366000,HAD,6,0 days 00:01:16.282000,21.0,1.0,,,0 days 00:00:21.626000,0 days 00:00:24.383000,0 days 00:00:30.273000,0 days 01:28:54.770000,0 days 01:29:19.153000,0 days 01:29:49.426000,243.0,279.0,284.0,316.0,False,SOFT,25.0,False,Red Bull Racing,0 days 01:28:33.084000,,1,6.0,,,False,True
0 days 01:31:05.688000,HAD,6,0 days 00:01:16.322000,22.0,1.0,,,0 days 00:00:21.724000,0 days 00:00:24.423000,0 days 00:00:30.175000,0 days 01:30:11.150000,0 days 01:30:35.573000,0 days 01:31:05.748000,243.0,280.0,288.0,317.0,False,SOFT,26.0,False,Red Bull Racing,0 days 01:29:49.366000,,1,6.0,,,False,True
0 days 01:32:21.864000,HAD,6,0 days 00:01:16.176000,23.0,1.0,,,0 days 00:00:21.649000,0 days 00:00:24.333000,0 days 00:00:30.194000,0 days 01:31:27.397000,0 days 01:31:51.730000,0 days 01:32:21.924000,241.0,281.0,286.0,316.0,True,SOFT,27.0,False,Red Bull Racing,0 days 01:31:05.688000,,1,6.0,,,False,True
0 days 01:33:38.291000,HAD,6,0 days 00:01:16.427000,24.0,1.0,,,0 days 00:00:21.752000,0 days 00:00:24.420000,0 days 00:00:30.255000,0 days 01:32:43.676000,0 days 01:33:08.096000,0 days 01:33:38.351000,241.0,280.0,284.0,317.0,False,SOFT,28.0,False,Red Bull Racing,0 days 01:32:21.864000,,1,6.0,,,False,True
0 days 01:34:54.851000,HAD,6,0 days 00:01:16.560000,25.0,1.0,,,0 days 00:00:21.718000,0 days 00:00:24.365000,0 days 00:00:30.477000,0 days 01:34:00.069000,0 days 01:34:24.434000,0 days 01:34:54.911000,240.0,280.0,282.0,313.0,False,SOFT,29.0,False,Red Bull Racing,0 days 01:33:38.291000,,1,6.0,,,False,True
0 days 01:36:11.004000,HAD,6,0 days 00:01:16.153000,26.0,1.0,,,0 days 00:00:21.734000,0 days 00:00:24.377000,0 days 00:00:30.042000,0 days 01:35:16.645000,0 days 01:35:41.022000,0 days 01:36:11.064000,242.0,283.0,285.0,312.0,True,SOFT,30.0,False,Red Bull Racing,0 days 01:34:54.851000,,1,6.0,,,False,True
0 days 01:37:27.322000,HAD,6,0 days 00:01:16.318000,27.0,1.0,,,0 days 00:00:21.620000,0 days 00:00:24.454000,0 days 00:00:30.244000,0 days 01:36:32.684000,0 days 01:36:57.138000,0 days 01:37:27.382000,241.0,281.0,283.0,311.0,False,SOFT,31.0,False,Red Bull Racing,0 days 01:36:11.004000,,1,6.0,,,False,True
0 days 01:38:43.951000,HAD,6,0 days 00:01:16.629000,28.0,1.0,,,0 days 00:00:21.742000,0 days 00:00:24.504000,0 days 00:00:30.383000,0 days 01:37:49.124000,0 days 01:38:13.628000,0 days 01:38:44.011000,240.0,278.0,283.0,306.0,False,SOFT,32.0,False,Red Bull Racing,0 days 01:37:27.322000,,1,6.0,,,False,True
0 days 01:40:01.044000,HAD,6,0 days 00:01:17.093000,29.0,1.0,,,0 days 00:00:22.013000,0 days 00:00:24.628000,0 days 00:00:30.452000,0 days 01:39:06.024000,0 days 01:39:30.652000,0 days 01:40:01.104000,239.0,279.0,281.0,305.0,False,SOFT,33.0,False,Red Bull Racing,0 days 01:38:43.951000,,1,6.0,,,False,True
0 days 01:41:23.362000,HAD,6,0 days 00:01:22.318000,30.0,1.0,,,0 days 00:00:21.816000,0 days 00:00:24.449000,0 days 00:00:36.053000,0 days 01:40:22.920000,0 days 01:40:47.369000,0 days 01:41:23.422000,240.0,277.0,189.0,310.0,False,SOFT,34.0,False,Red Bull Racing,0 days 01:40:01.044000,,126,5.0,,,False,False
0 days 01:43:20.880000,HAD,6,0 days 00:01:57.518000,31.0,1.0,,0 days 01:42:57.689000,0 days 00:00:26.876000,0 days 00:00:35.326000,0 days 00:00:55.316000,0 days 01:41:50.298000,0 days 01:42:25.624000,0 days 01:43:20.940000,197.0,200.0,,191.0,False,SOFT,35.0,False,Red Bull Racing,0 days 01:41:23.362000,,6,4.0,,,False,False
0 days 01:44:57.262000,HAD,6,0 days 00:01:36.382000,32.0,2.0,0 days 01:43:22.424000,,0 days 00:00:31.260000,0 days 00:00:32.702000,0 days 00:00:32.420000,0 days 01:43:52.200000,0 days 01:44:24.902000,0 days 01:44:57.322000,212.0,234.0,279.0,323.0,False,MEDIUM,1.0,True,Red Bull Racing,0 days 01:43:20.880000,,671,4.0,,,False,False
0 days 01:46:15.956000,HAD,6,0 days 00:01:18.694000,33.0,2.0,,,0 days 00:00:22.687000,0 days 00:00:25.151000,0 days 00:00:30.856000,0 days 01:45:20.009000,0 days 01:45:45.160000,0 days 01:46:16.016000,238.0,280.0,283.0,308.0,False,MEDIUM,2.0,True,Red Bull Racing,0 days 01:44:57.262000,,1,4.0,,,False,True
0 days 01:47:33.306000,HAD,6,0 days 00:01:17.350000,34.0,2.0,,,0 days 00:00:21.957000,0 days 00:00:24.673000,0 days 00:00:30.720000,0 days 01:46:37.973000,0 days 01:47:02.646000,0 days 01:47:33.366000,241.0,277.0,285.0,305.0,False,MEDIUM,3.0,True,Red Bull Racing,0 days 01:46:15.956000,,1,4.0,,,False,True
0 days 01:48:49.788000,HAD,6,0 days 00:01:16.482000,35.0,2.0,,,0 days 00:00:21.716000,0 days 00:00:24.316000,0 days 00:00:30.450000,0 days 01:47:55.082000,0 days 01:48:19.398000,0 days 01:48:49.848000,240.0,281.0,279.0,301.0,False,MEDIUM,4.0,True,Red Bull Racing,0 days 01:47:33.306000,,1,4.0,,,False,True
0 days 01:50:05.814000,HAD,6,0 days 00:01:16.026000,36.0,2.0,,,0 days 00:00:21.763000,0 days 00:00:24.131000,0 days 00:00:30.132000,0 days 01:49:11.611000,0 days 01:49:35.742000,0 days 01:50:05.874000,242.0,278.0,285.0,305.0,True,MEDIUM,5.0,True,Red Bull Racing,0 days 01:48:49.788000,,1,4.0,,,False,True
0 days 01:51:21.273000,HAD,6,0 days 00:01:15.459000,37.0,2.0,,,0 days 00:00:21.544000,0 days 00:00:24.174000,0 days 00:00:29.741000,0 days 01:50:27.418000,0 days 01:50:51.592000,0 days 01:51:21.333000,240.0,283.0,289.0,316.0,True,MEDIUM,6.0,True,Red Bull Racing,0 days 01:50:05.814000,,1,4.0,,,False,True
0 days 01:52:36.685000,HAD,6,0 days 00:01:15.412000,38.0,2.0,,,0 days 00:00:21.441000,0 days 00:00:23.940000,0 days 00:00:30.031000,0 days 01:51:42.774000,0 days 01:52:06.714000,0 days 01:52:36.745000,243.0,281.0,278.0,310.0,True,MEDIUM,7.0,True,Red Bull Racing,0 days 01:51:21.273000,,1,4.0,,,False,True
0 days 01:53:53.197000,HAD,6,0 days 00:01:16.512000,39.0,2.0,,,0 days 00:00:21.740000,0 days 00:00:24.178000,0 days 00:00:30.594000,0 days 01:52:58.485000,0 days 01:53:22.663000,0 days 01:53:53.257000,242.0,276.0,292.0,308.0,False,MEDIUM,8.0,True,Red Bull Racing,0 days 01:52:36.685000,,1,5.0,,,False,True
0 days 01:55:09.445000,HAD,6,0 days 00:01:16.248000,40.0,2.0,,,0 days 00:00:21.830000,0 days 00:00:24.236000,0 days 00:00:30.182000,0 days 01:54:15.087000,0 days 01:54:39.323000,0 days 01:55:09.505000,245.0,283.0,291.0,319.0,False,MEDIUM,9.0,True,Red Bull Racing,0 days 01:53:53.197000,,12,5.0,,,False,True
0 days 01:56:25.060000,HAD,6,0 days 00:01:15.615000,41.0,2.0,,,0 days 00:00:21.585000,0 days 00:00:24.138000,0 days 00:00:29.892000,0 days 01:55:31.090000,0 days 01:55:55.228000,0 days 01:56:25.120000,243.0,283.0,285.0,315.0,False,MEDIUM,10.0,True,Red Bull Racing,0 days 01:55:09.445000,,1,5.0,,,False,True
0 days 01:57:40.841000,HAD,6,0 days 00:01:15.781000,42.0,2.0,,,0 days 00:00:21.787000,0 days 00:00:24.213000,0 days 00:00:29.781000,0 days 01:56:46.907000,0 days 01:57:11.120000,0 days 01:57:40.901000,244.0,283.0,287.0,312.0,False,MEDIUM,11.0,True,Red Bull Racing,0 days 01:56:25.060000,,1,5.0,,,False,True
0 days 01:58:56.304000,HAD,6,0 days 00:01:15.463000,43.0,2.0,,,0 days 00:00:21.556000,0 days 00:00:23.980000,0 days 00:00:29.927000,0 days 01:58:02.457000,0 days 01:58:26.437000,0 days 01:58:56.364000,243.0,281.0,285.0,314.0,False,MEDIUM,12.0,True,Red Bull Racing,0 days 01:57:40.841000,,1,5.0,,,False,True
0 days 02:00:12.053000,HAD,6,0 days 00:01:15.749000,44.0,2.0,,,0 days 00:00:21.544000,0 days 00:00:24.143000,0 days 00:00:30.062000,0 days 01:59:17.908000,0 days 01:59:42.051000,0 days 02:00:12.113000,243.0,281.0,286.0,311.0,False,MEDIUM,13.0,True,Red Bull Racing,0 days 01:58:56.304000,,1,5.0,,,False,True
0 days 02:01:27.414000,HAD,6,0 days 00:01:15.361000,45.0,2.0,,,0 days 00:00:21.388000,0 days 00:00:24.007000,0 days 00:00:29.966000,0 days 02:00:33.501000,0 days 02:00:57.508000,0 days 02:01:27.474000,243.0,283.0,294.0,310.0,True,MEDIUM,14.0,True,Red Bull Racing,0 days 02:00:12.053000,,1,5.0,,,False,True
0 days 02:02:58.514000,HAD,6,0 days 00:01:31.100000,46.0,2.0,,,0 days 00:00:30.424000,0 days 00:00:29.529000,0 days 00:00:31.147000,0 days 02:01:57.898000,0 days 02:02:27.427000,0 days 02:02:58.574000,199.0,234.0,292.0,326.0,False,MEDIUM,15.0,True,Red Bull Racing,0 days 02:01:27.414000,,167,5.0,,,False,False
0 days 02:04:15.402000,HAD,6,0 days 00:01:16.888000,47.0,2.0,,,0 days 00:00:21.605000,0 days 00:00:25.005000,0 days 00:00:30.278000,0 days 02:03:20.179000,0 days 02:03:45.184000,0 days 02:04:15.462000,243.0,279.0,282.0,303.0,False,MEDIUM,16.0,True,Red Bull Racing,0 days 02:02:58.514000,,1,5.0,,,False,True
0 days 02:05:30.977000,HAD,6,0 days 00:01:15.575000,48.0,2.0,,,0 days 00:00:21.604000,0 days 00:00:24.178000,0 days 00:00:29.793000,0 days 02:04:37.066000,0 days 02:05:01.244000,0 days 02:05:31.037000,242.0,280.0,287.0,314.0,False,MEDIUM,17.0,True,Red Bull Racing,0 days 02:04:15.402000,,1,5.0,,,False,True
0 days 02:06:46.650000,HAD,6,0 days 00:01:15.673000,49.0,2.0,,,0 days 00:00:21.500000,0 days 00:00:24.035000,0 days 00:00:30.138000,0 days 02:05:52.537000,0 days 02:06:16.572000,0 days 02:06:46.710000,244.0,279.0,285.0,305.0,False,MEDIUM,18.0,True,Red Bull Racing,0 days 02:05:30.977000,,1,5.0,,,False,True
0 days 02:08:02.216000,HAD,6,0 days 00:01:15.566000,50.0,2.0,,,0 days 00:00:21.596000,0 days 00:00:24.050000,0 days 00:00:29.920000,0 days 02:07:08.306000,0 days 02:07:32.356000,0 days 02:08:02.276000,242.0,280.0,283.0,306.0,False,MEDIUM,19.0,True,Red Bull Racing,0 days 02:06:46.650000,,1,5.0,,,False,True
0 days 02:09:17.727000,HAD,6,0 days 00:01:15.511000,51.0,2.0,,,0 days 00:00:21.420000,0 days 00:00:24.166000,0 days 00:00:29.925000,0 days 02:08:23.696000,0 days 02:08:47.862000,0 days 02:09:17.787000,244.0,282.0,288.0,313.0,False,MEDIUM,20.0,True,Red Bull Racing,0 days 02:08:02.216000,,1,5.0,,,False,True
0 days 02:11:08.036000,HAD,6,0 days 00:01:50.309000,52.0,2.0,,0 days 02:10:34.905000,0 days 00:00:21.445000,0 days 00:00:23.974000,0 days 00:01:04.890000,0 days 02:09:39.232000,0 days 02:10:03.206000,0 days 02:11:08.096000,246.0,286.0,,233.0,False,MEDIUM,21.0,True,Red Bull Racing,0 days 02:09:17.727000,,16,5.0,,,False,False
0 days 02:12:45.717000,HAD,6,0 days 00:01:37.681000,53.0,3.0,0 days 02:11:09.610000,,0 days 00:00:28.819000,0 days 00:00:33.114000,0 days 00:00:35.748000,0 days 02:11:36.915000,0 days 02:12:10.029000,0 days 02:12:45.777000,207.0,226.0,299.0,284.0,False,SOFT,5.0,False,Red Bull Racing,0 days 02:11:08.036000,,671,5.0,,,False,False
0 days 02:14:03.341000,HAD,6,0 days 00:01:17.624000,54.0,3.0,,,0 days 00:00:22.422000,0 days 00:00:24.742000,0 days 00:00:30.460000,0 days 02:13:08.199000,0 days 02:13:32.941000,0 days 02:14:03.401000,242.0,282.0,284.0,308.0,False,SOFT,6.0,False,Red Bull Racing,0 days 02:12:45.717000,,1,5.0,,,False,True
0 days 02:15:19.336000,HAD,6,0 days 00:01:15.995000,55.0,3.0,,,0 days 00:00:21.816000,0 days 00:00:24.285000,0 days 00:00:29.894000,0 days 02:14:25.217000,0 days 02:14:49.502000,0 days 02:15:19.396000,242.0,282.0,287.0,310.0,False,SOFT,7.0,False,Red Bull Racing,0 days 02:14:03.341000,,1,5.0,,,False,True
0 days 02:16:34.499000,HAD,6,0 days 00:01:15.163000,56.0,3.0,,,0 days 00:00:21.414000,0 days 00:00:24.022000,0 days 00:00:29.727000,0 days 02:15:40.810000,0 days 02:16:04.832000,0 days 02:16:34.559000,244.0,282.0,289.0,315.0,True,SOFT,8.0,False,Red Bull Racing,0 days 02:15:19.336000,,1,5.0,,,False,True
0 days 02:17:49.509000,HAD,6,0 days 00:01:15.010000,57.0,3.0,,,0 days 00:00:21.392000,0 days 00:00:24.015000,0 days 00:00:29.603000,0 days 02:16:55.951000,0 days 02:17:19.966000,0 days 02:17:49.569000,245.0,280.0,282.0,310.0,True,SOFT,9.0,False,Red Bull Racing,0 days 02:16:34.499000,,1,5.0,,,False,True
0 days 02:19:04.267000,HAD,6,0 days 00:01:14.758000,58.0,3.0,,,0 days 00:00:21.275000,0 days 00:00:23.858000,0 days 00:00:29.625000,0 days 02:18:10.844000,0 days 02:18:34.702000,0 days 02:19:04.327000,244.0,284.0,290.0,312.0,True,SOFT,10.0,False,Red Bull Racing,0 days 02:17:49.509000,,1,5.0,,,False,True
0 days 02:20:19.522000,HAD,6,0 days 00:01:15.255000,59.0,3.0,,,0 days 00:00:21.291000,0 days 00:00:24.077000,0 days 00:00:29.887000,0 days 02:19:25.618000,0 days 02:19:49.695000,0 days 02:20:19.582000,245.0,283.0,285.0,304.0,False,SOFT,11.0,False,Red Bull Racing,0 days 02:19:04.267000,,1,5.0,,,False,True
0 days 02:21:34.530000,HAD,6,0 days 00:01:15.008000,60.0,3.0,,,0 days 00:00:21.250000,0 days 00:00:23.867000,0 days 00:00:29.891000,0 days 02:20:40.832000,0 days 02:21:04.699000,0 days 02:21:34.590000,245.0,282.0,284.0,309.0,False,SOFT,12.0,False,Red Bull Racing,0 days 02:20:19.522000,,1,5.0,,,False,True
0 days 02:22:49.579000,HAD,6,0 days 00:01:15.049000,61.0,3.0,,,0 days 00:00:21.330000,0 days 00:00:24.069000,0 days 00:00:29.650000,0 days 02:21:55.920000,0 days 02:22:19.989000,0 days 02:22:49.639000,243.0,282.0,284.0,314.0,False,SOFT,13.0,False,Red Bull Racing,0 days 02:21:34.530000,,12,5.0,,,False,True
0 days 02:24:32.575000,HAD,6,0 days 00:01:42.996000,62.0,3.0,,0 days 02:23:59.361000,0 days 00:00:21.276000,0 days 00:00:24.117000,0 days 00:00:57.603000,0 days 02:23:10.915000,0 days 02:23:35.032000,0 days 02:24:32.635000,245.0,278.0,,300.0,False,SOFT,14.0,False,Red Bull Racing,0 days 02:22:49.579000,,1,5.0,,,False,False
0 days 02:25:52.118000,HAD,6,0 days 00:01:19.543000,63.0,4.0,0 days 02:24:34.208000,,0 days 00:00:24.872000,0 days 00:00:24.676000,0 days 00:00:29.995000,0 days 02:24:57.507000,0 days 02:25:22.183000,0 days 02:25:52.178000,245.0,286.0,285.0,326.0,False,SOFT,15.0,False,Red Bull Racing,0 days 02:24:32.575000,,1,5.0,,,False,False
0 days 02:27:07.517000,HAD,6,0 days 00:01:15.399000,64.0,4.0,,,0 days 00:00:21.476000,0 days 00:00:23.993000,0 days 00:00:29.930000,0 days 02:26:13.654000,0 days 02:26:37.647000,0 days 02:27:07.577000,246.0,284.0,287.0,311.0,False,SOFT,16.0,False,Red Bull Racing,0 days 02:25:52.118000,,1,5.0,,,False,True
0 days 02:28:22.527000,HAD,6,0 days 00:01:15.010000,65.0,4.0,,,0 days 00:00:21.381000,0 days 00:00:23.928000,0 days 00:00:29.701000,0 days 02:27:28.958000,0 days 02:27:52.886000,0 days 02:28:22.587000,244.0,283.0,287.0,310.0,False,SOFT,17.0,False,Red Bull Racing,0 days 02:27:07.517000,,1,5.0,,,False,True
0 days 02:29:38.757000,HAD,6,0 days 00:01:16.230000,66.0,4.0,,,0 days 00:00:21.347000,0 days 00:00:24.446000,0 days 00:00:30.437000,0 days 02:28:43.934000,0 days 02:29:08.380000,0 days 02:29:38.817000,245.0,280.0,286.0,305.0,False,SOFT,18.0,False,Red Bull Racing,0 days 02:28:22.527000,,1,5.0,,,False,True
0 days 02:30:53.335000,HAD,6,0 days 00:01:14.578000,67.0,4.0,,,0 days 00:00:21.180000,0 days 00:00:23.820000,0 days 00:00:29.578000,0 days 02:29:59.997000,0 days 02:30:23.817000,0 days 02:30:53.395000,244.0,281.0,284.0,311.0,True,SOFT,19.0,False,Red Bull Racing,0 days 02:29:38.757000,,1,5.0,,,False,True
0 days 01:04:00.509000,RUS,63,0 days 00:01:27.965000,1.0,1.0,,,,0 days 00:00:26.419000,0 days 00:00:31.635000,,0 days 01:03:29.106000,0 days 01:04:00.697000,234.0,285.0,283.0,315.0,False,SOFT,4.0,False,Mercedes,0 days 01:02:32.281000,,1,3.0,,,False,False
0 days 01:05:21.434000,RUS,63,0 days 00:01:20.925000,2.0,1.0,,,0 days 00:00:23.553000,0 days 00:00:25.496000,0 days 00:00:31.876000,0 days 01:04:24.084000,0 days 01:04:49.580000,0 days 01:05:21.456000,239.0,286.0,289.0,318.0,True,SOFT,5.0,False,Mercedes,0 days 01:04:00.509000,,1,2.0,,,False,True
0 days 01:06:40.854000,RUS,63,0 days 00:01:19.420000,3.0,1.0,,,0 days 00:00:23.408000,0 days 00:00:25.005000,0 days 00:00:31.007000,0 days 01:05:44.864000,0 days 01:06:09.869000,0 days 01:06:40.876000,232.0,278.0,283.0,313.0,True,SOFT,6.0,False,Mercedes,0 days 01:05:21.434000,,1,2.0,,,False,True
0 days 01:07:58.799000,RUS,63,0 days 00:01:17.945000,4.0,1.0,,,0 days 00:00:22.525000,0 days 00:00:24.756000,0 days 00:00:30.664000,0 days 01:07:03.401000,0 days 01:07:28.157000,0 days 01:07:58.821000,235.0,282.0,276.0,315.0,True,SOFT,7.0,False,Mercedes,0 days 01:06:40.854000,,1,2.0,,,False,True
0 days 01:09:15.833000,RUS,63,0 days 00:01:17.034000,5.0,1.0,,,0 days 00:00:22.186000,0 days 00:00:24.480000,0 days 00:00:30.368000,0 days 01:08:21.007000,0 days 01:08:45.487000,0 days 01:09:15.855000,238.0,282.0,280.0,319.0,True,SOFT,8.0,False,Mercedes,0 days 01:07:58.799000,,1,2.0,,,False,True
0 days 01:10:32.198000,RUS,63,0 days 00:01:16.365000,6.0,1.0,,,0 days 00:00:22.024000,0 days 00:00:24.190000,0 days 00:00:30.151000,0 days 01:09:37.879000,0 days 01:10:02.069000,0 days 01:10:32.220000,238.0,285.0,285.0,333.0,True,SOFT,9.0,False,Mercedes,0 days 01:09:15.833000,,1,1.0,,,False,True
0 days 01:11:48.782000,RUS,63,0 days 00:01:16.584000,7.0,1.0,,,0 days 00:00:21.738000,0 days 00:00:24.313000,0 days 00:00:30.533000,0 days 01:10:53.958000,0 days 01:11:18.271000,0 days 01:11:48.804000,236.0,274.0,271.0,308.0,False,SOFT,10.0,False,Mercedes,0 days 01:10:32.198000,,1,1.0,,,False,True
0 days 01:13:04.887000,RUS,63,0 days 00:01:16.105000,8.0,1.0,,,0 days 00:00:21.850000,0 days 00:00:24.177000,0 days 00:00:30.078000,0 days 01:12:10.654000,0 days 01:12:34.831000,0 days 01:13:04.909000,236.0,275.0,271.0,309.0,True,SOFT,11.0,False,Mercedes,0 days 01:11:48.782000,,1,1.0,,,False,True
0 days 01:14:20.683000,RUS,63,0 days 00:01:15.796000,9.0,1.0,,,0 days 00:00:21.751000,0 days 00:00:24.142000,0 days 00:00:29.903000,0 days 01:13:26.660000,0 days 01:13:50.802000,0 days 01:14:20.705000,236.0,276.0,273.0,312.0,True,SOFT,12.0,False,Mercedes,0 days 01:13:04.887000,,1,1.0,,,False,True
0 days 01:15:36.461000,RUS,63,0 days 00:01:15.778000,10.0,1.0,,,0 days 00:00:21.668000,0 days 00:00:24.109000,0 days 00:00:30.001000,0 days 01:14:42.373000,0 days 01:15:06.482000,0 days 01:15:36.483000,237.0,279.0,271.0,309.0,True,SOFT,13.0,False,Mercedes,0 days 01:14:20.683000,,1,1.0,,,False,True
0 days 01:16:52.033000,RUS,63,0 days 00:01:15.572000,11.0,1.0,,,0 days 00:00:21.485000,0 days 00:00:24.034000,0 days 00:00:30.053000,0 days 01:15:57.968000,0 days 01:16:22.002000,0 days 01:16:52.055000,238.0,275.0,271.0,308.0,True,SOFT,14.0,False,Mercedes,0 days 01:15:36.461000,,1,1.0,,,False,True
0 days 01:18:08.837000,RUS,63,0 days 00:01:16.804000,12.0,1.0,,,0 days 00:00:21.483000,0 days 00:00:23.953000,0 days 00:00:31.368000,0 days 01:17:13.538000,0 days 01:17:37.491000,0 days 01:18:08.859000,238.0,275.0,275.0,316.0,False,SOFT,15.0,False,Mercedes,0 days 01:16:52.033000,,1,1.0,,,False,True
0 days 01:19:26.178000,RUS,63,0 days 00:01:17.341000,13.0,1.0,,,0 days 00:00:22.740000,0 days 00:00:24.186000,0 days 00:00:30.415000,0 days 01:18:31.599000,0 days 01:18:55.785000,0 days 01:19:26.200000,234.0,277.0,274.0,310.0,False,SOFT,16.0,False,Mercedes,0 days 01:18:08.837000,,12,1.0,,,False,True
0 days 01:20:42.370000,RUS,63,0 days 00:01:16.192000,14.0,1.0,,,0 days 00:00:21.668000,0 days 00:00:24.059000,0 days 00:00:30.465000,0 days 01:19:47.868000,0 days 01:20:11.927000,0 days 01:20:42.392000,238.0,278.0,272.0,316.0,False,SOFT,17.0,False,Mercedes,0 days 01:19:26.178000,,21,1.0,,,False,True
0 days 01:21:58.161000,RUS,63,0 days 00:01:15.791000,15.0,1.0,,,0 days 00:00:21.560000,0 days 00:00:24.016000,0 days 00:00:30.215000,0 days 01:21:03.952000,0 days 01:21:27.968000,0 days 01:21:58.183000,238.0,280.0,284.0,308.0,False,SOFT,18.0,False,Mercedes,0 days 01:20:42.370000,,1,1.0,,,False,True
0 days 01:23:13.638000,RUS,63,0 days 00:01:15.477000,16.0,1.0,,,0 days 00:00:21.517000,0 days 00:00:24.073000,0 days 00:00:29.887000,0 days 01:22:19.700000,0 days 01:22:43.773000,0 days 01:23:13.660000,238.0,279.0,276.0,316.0,True,SOFT,19.0,False,Mercedes,0 days 01:21:58.161000,,1,1.0,,,False,True
0 days 01:24:30.183000,RUS,63,0 days 00:01:16.545000,17.0,1.0,,,0 days 00:00:21.635000,0 days 00:00:24.186000,0 days 00:00:30.724000,0 days 01:23:35.295000,0 days 01:23:59.481000,0 days 01:24:30.205000,237.0,278.0,272.0,313.0,False,SOFT,20.0,False,Mercedes,0 days 01:23:13.638000,,1,1.0,,,False,True
0 days 01:25:45.918000,RUS,63,0 days 00:01:15.735000,18.0,1.0,,,0 days 00:00:21.648000,0 days 00:00:24.069000,0 days 00:00:30.018000,0 days 01:24:51.853000,0 days 01:25:15.922000,0 days 01:25:45.940000,237.0,277.0,275.0,314.0,False,SOFT,21.0,False,Mercedes,0 days 01:24:30.183000,,1,1.0,,,False,True
0 days 01:27:01.494000,RUS,63,0 days 00:01:15.576000,19.0,1.0,,,0 days 00:00:21.608000,0 days 00:00:24.092000,0 days 00:00:29.876000,0 days 01:26:07.548000,0 days 01:26:31.640000,0 days 01:27:01.516000,238.0,281.0,275.0,320.0,False,SOFT,22.0,False,Mercedes,0 days 01:25:45.918000,,12,1.0,,,False,True
0 days 01:28:17.032000,RUS,63,0 days 00:01:15.538000,20.0,1.0,,,0 days 00:00:21.611000,0 days 00:00:24.033000,0 days 00:00:29.894000,0 days 01:27:23.127000,0 days 01:27:47.160000,0 days 01:28:17.054000,238.0,278.0,277.0,315.0,False,SOFT,23.0,False,Mercedes,0 days 01:27:01.494000,,1,1.0,,,False,True
0 days 01:29:32.791000,RUS,63,0 days 00:01:15.759000,21.0,1.0,,,0 days 00:00:21.545000,0 days 00:00:23.998000,0 days 00:00:30.216000,0 days 01:28:38.599000,0 days 01:29:02.597000,0 days 01:29:32.813000,237.0,280.0,276.0,316.0,False,SOFT,24.0,False,Mercedes,0 days 01:28:17.032000,,1,1.0,,,False,True
0 days 01:30:49.448000,RUS,63,0 days 00:01:16.657000,22.0,1.0,,,0 days 00:00:21.784000,0 days 00:00:24.096000,0 days 00:00:30.777000,0 days 01:29:54.597000,0 days 01:30:18.693000,0 days 01:30:49.470000,238.0,282.0,282.0,312.0,False,SOFT,25.0,False,Mercedes,0 days 01:29:32.791000,,1,2.0,,,False,True
0 days 01:32:05.325000,RUS,63,0 days 00:01:15.877000,23.0,1.0,,,0 days 00:00:22.019000,0 days 00:00:24.131000,0 days 00:00:29.727000,0 days 01:31:11.489000,0 days 01:31:35.620000,0 days 01:32:05.347000,237.0,283.0,279.0,335.0,False,SOFT,26.0,False,Mercedes,0 days 01:30:49.448000,,1,2.0,,,False,True
0 days 01:33:22.153000,RUS,63,0 days 00:01:16.828000,24.0,1.0,,,0 days 00:00:21.603000,0 days 00:00:24.084000,0 days 00:00:31.141000,0 days 01:32:26.950000,0 days 01:32:51.034000,0 days 01:33:22.175000,238.0,282.0,276.0,318.0,False,SOFT,27.0,False,Mercedes,0 days 01:32:05.325000,,1,2.0,,,False,True
0 days 01:34:39.191000,RUS,63,0 days 00:01:17.038000,25.0,1.0,,,0 days 00:00:22.080000,0 days 00:00:24.356000,0 days 00:00:30.602000,0 days 01:33:44.255000,0 days 01:34:08.611000,0 days 01:34:39.213000,237.0,278.0,274.0,324.0,False,SOFT,28.0,False,Mercedes,0 days 01:33:22.153000,,1,1.0,,,False,True
0 days 01:35:55.512000,RUS,63,0 days 00:01:16.321000,26.0,1.0,,,0 days 00:00:21.786000,0 days 00:00:24.397000,0 days 00:00:30.138000,0 days 01:35:00.999000,0 days 01:35:25.396000,0 days 01:35:55.534000,236.0,276.0,271.0,310.0,False,SOFT,29.0,False,Mercedes,0 days 01:34:39.191000,,1,1.0,,,False,True
0 days 01:37:11.785000,RUS,63,0 days 00:01:16.273000,27.0,1.0,,,0 days 00:00:21.774000,0 days 00:00:24.276000,0 days 00:00:30.223000,0 days 01:36:17.308000,0 days 01:36:41.584000,0 days 01:37:11.807000,237.0,278.0,273.0,311.0,False,SOFT,30.0,False,Mercedes,0 days 01:35:55.512000,,1,1.0,,,False,True
0 days 01:38:28.057000,RUS,63,0 days 00:01:16.272000,28.0,1.0,,,0 days 00:00:21.916000,0 days 00:00:24.208000,0 days 00:00:30.148000,0 days 01:37:33.723000,0 days 01:37:57.931000,0 days 01:38:28.079000,238.0,279.0,270.0,311.0,False,SOFT,31.0,False,Mercedes,0 days 01:37:11.785000,,1,1.0,,,False,True
0 days 01:39:43.598000,RUS,63,0 days 00:01:15.541000,29.0,1.0,,,0 days 00:00:21.577000,0 days 00:00:24.039000,0 days 00:00:29.925000,0 days 01:38:49.656000,0 days 01:39:13.695000,0 days 01:39:43.620000,238.0,281.0,279.0,316.0,False,SOFT,32.0,False,Mercedes,0 days 01:38:28.057000,,1,1.0,,,False,True
0 days 01:42:13.598000,RUS,63,,30.0,1.0,,,,,,,,,,,,,,SOFT,33.0,False,Mercedes,0 days 01:39:43.598000,,126,,,,True,False
0 days 01:04:11.275000,BOT,77,0 days 00:01:38.731000,1.0,1.0,,,,0 days 00:00:29.157000,0 days 00:00:33.988000,,0 days 01:03:37.364000,0 days 01:04:11.338000,200.0,279.0,277.0,321.0,False,INTERMEDIATE,1.0,True,Cadillac,0 days 01:02:32.281000,,1,18.0,,,False,False
0 days 01:05:38.952000,BOT,77,0 days 00:01:27.677000,2.0,1.0,,,0 days 00:00:25.636000,0 days 00:00:28.413000,0 days 00:00:33.628000,0 days 01:04:36.929000,0 days 01:05:05.342000,0 days 01:05:38.970000,206.0,274.0,271.0,314.0,True,INTERMEDIATE,2.0,True,Cadillac,0 days 01:04:11.275000,,1,15.0,,,False,True
0 days 01:07:26.756000,BOT,77,0 days 00:01:47.804000,3.0,1.0,,0 days 01:07:00.092000,0 days 00:00:25.338000,0 days 00:00:28.634000,0 days 00:00:53.832000,0 days 01:06:04.308000,0 days 01:06:32.942000,0 days 01:07:26.774000,214.0,260.0,,302.0,False,INTERMEDIATE,3.0,True,Cadillac,0 days 01:05:38.952000,,1,21.0,,,False,False
0 days 01:08:53.550000,BOT,77,0 days 00:01:26.794000,4.0,2.0,0 days 01:07:28.382000,,0 days 00:00:27.036000,0 days 00:00:27.229000,0 days 00:00:32.529000,0 days 01:07:53.810000,0 days 01:08:21.039000,0 days 01:08:53.568000,205.0,266.0,277.0,296.0,False,SOFT,1.0,True,Cadillac,0 days 01:07:26.756000,,1,21.0,,,False,False
0 days 01:10:15.788000,BOT,77,0 days 00:01:22.238000,5.0,2.0,,,0 days 00:00:23.896000,0 days 00:00:26.332000,0 days 00:00:32.010000,0 days 01:09:17.464000,0 days 01:09:43.796000,0 days 01:10:15.806000,225.0,259.0,276.0,295.0,True,SOFT,2.0,True,Cadillac,0 days 01:08:53.550000,,1,21.0,,,False,True
0 days 01:11:36.828000,BOT,77,0 days 00:01:21.040000,6.0,2.0,,,0 days 00:00:23.305000,0 days 00:00:25.930000,0 days 00:00:31.805000,0 days 01:10:39.111000,0 days 01:11:05.041000,0 days 01:11:36.846000,225.0,261.0,267.0,288.0,True,SOFT,3.0,True,Cadillac,0 days 01:10:15.788000,,1,21.0,,,False,True
0 days 01:12:57.117000,BOT,77,0 days 00:01:20.289000,7.0,2.0,,,0 days 00:00:22.891000,0 days 00:00:25.792000,0 days 00:00:31.606000,0 days 01:11:59.737000,0 days 01:12:25.529000,0 days 01:12:57.135000,226.0,263.0,264.0,290.0,True,SOFT,4.0,True,Cadillac,0 days 01:11:36.828000,,1,21.0,,,False,True
0 days 01:14:17.042000,BOT,77,0 days 00:01:19.925000,8.0,2.0,,,0 days 00:00:22.908000,0 days 00:00:25.682000,0 days 00:00:31.335000,0 days 01:13:20.043000,0 days 01:13:45.725000,0 days 01:14:17.060000,228.0,265.0,267.0,291.0,True,SOFT,5.0,True,Cadillac,0 days 01:12:57.117000,,1,21.0,,,False,True
0 days 01:15:56.481000,BOT,77,0 days 00:01:39.439000,9.0,2.0,,0 days 01:15:33.182000,0 days 00:00:22.925000,0 days 00:00:25.656000,0 days 00:00:50.858000,0 days 01:14:39.985000,0 days 01:15:05.641000,0 days 01:15:56.499000,225.0,263.0,,304.0,False,SOFT,6.0,True,Cadillac,0 days 01:14:17.042000,,1,21.0,,,False,False
0 days 01:17:22.511000,BOT,77,0 days 00:01:26.030000,10.0,3.0,0 days 01:15:58.036000,,0 days 00:00:26.794000,0 days 00:00:27.522000,0 days 00:00:31.714000,0 days 01:16:23.293000,0 days 01:16:50.815000,0 days 01:17:22.529000,223.0,273.0,279.0,295.0,False,MEDIUM,1.0,True,Cadillac,0 days 01:15:56.481000,,1,21.0,,,False,False
0 days 01:18:42.428000,BOT,77,0 days 00:01:19.917000,11.0,3.0,,,0 days 00:00:23.015000,0 days 00:00:25.481000,0 days 00:00:31.421000,0 days 01:17:45.544000,0 days 01:18:11.025000,0 days 01:18:42.446000,226.0,269.0,271.0,296.0,True,MEDIUM,2.0,True,Cadillac,0 days 01:17:22.511000,,12,21.0,,,False,True
0 days 01:20:04.666000,BOT,77,0 days 00:01:22.238000,12.0,3.0,,,0 days 00:00:23.183000,0 days 00:00:26.944000,0 days 00:00:32.111000,0 days 01:19:05.629000,0 days 01:19:32.573000,0 days 01:20:04.684000,227.0,260.0,269.0,300.0,False,MEDIUM,3.0,True,Cadillac,0 days 01:18:42.428000,,2,20.0,,,False,True
0 days 01:21:27.409000,BOT,77,0 days 00:01:22.743000,13.0,3.0,,,0 days 00:00:23.021000,0 days 00:00:28.425000,0 days 00:00:31.297000,0 days 01:20:27.705000,0 days 01:20:56.130000,0 days 01:21:27.427000,226.0,272.0,273.0,303.0,False,MEDIUM,4.0,True,Cadillac,0 days 01:20:04.666000,,21,20.0,,,False,True
0 days 01:22:46.770000,BOT,77,0 days 00:01:19.361000,14.0,3.0,,,0 days 00:00:22.671000,0 days 00:00:25.366000,0 days 00:00:31.324000,0 days 01:21:50.098000,0 days 01:22:15.464000,0 days 01:22:46.788000,230.0,269.0,270.0,297.0,True,MEDIUM,5.0,True,Cadillac,0 days 01:21:27.409000,,1,20.0,,,False,True
0 days 01:24:05.995000,BOT,77,0 days 00:01:19.225000,15.0,3.0,,,0 days 00:00:22.804000,0 days 00:00:25.218000,0 days 00:00:31.203000,0 days 01:23:09.592000,0 days 01:23:34.810000,0 days 01:24:06.013000,227.0,270.0,270.0,295.0,True,MEDIUM,6.0,True,Cadillac,0 days 01:22:46.770000,,1,20.0,,,False,True
0 days 01:25:25.527000,BOT,77,0 days 00:01:19.532000,16.0,3.0,,,0 days 00:00:22.686000,0 days 00:00:25.428000,0 days 00:00:31.418000,0 days 01:24:28.699000,0 days 01:24:54.127000,0 days 01:25:25.545000,229.0,265.0,267.0,291.0,False,MEDIUM,7.0,True,Cadillac,0 days 01:24:05.995000,,1,20.0,,,False,True
0 days 01:26:47.370000,BOT,77,0 days 00:01:21.843000,17.0,3.0,,,0 days 00:00:22.732000,0 days 00:00:25.362000,0 days 00:00:33.749000,0 days 01:25:48.277000,0 days 01:26:13.639000,0 days 01:26:47.388000,228.0,268.0,264.0,290.0,False,MEDIUM,8.0,True,Cadillac,0 days 01:25:25.527000,,12,20.0,,,False,True
0 days 01:28:08.475000,BOT,77,0 days 00:01:21.105000,18.0,3.0,,,0 days 00:00:24.452000,0 days 00:00:25.455000,0 days 00:00:31.198000,0 days 01:27:11.840000,0 days 01:27:37.295000,0 days 01:28:08.493000,229.0,271.0,278.0,297.0,False,MEDIUM,9.0,True,Cadillac,0 days 01:26:47.370000,,1,20.0,,,False,True
0 days 01:29:28.166000,BOT,77,0 days 00:01:19.691000,19.0,3.0,,,0 days 00:00:22.737000,0 days 00:00:25.543000,0 days 00:00:31.411000,0 days 01:28:31.230000,0 days 01:28:56.773000,0 days 01:29:28.184000,227.0,268.0,269.0,292.0,False,MEDIUM,10.0,True,Cadillac,0 days 01:28:08.475000,,1,20.0,,,False,True
0 days 01:30:50.719000,BOT,77,0 days 00:01:22.553000,20.0,3.0,,,0 days 00:00:23.029000,0 days 00:00:26.442000,0 days 00:00:33.082000,0 days 01:29:51.213000,0 days 01:30:17.655000,0 days 01:30:50.737000,227.0,268.0,272.0,246.0,False,MEDIUM,11.0,True,Cadillac,0 days 01:29:28.166000,,1,20.0,,,False,True
0 days 01:32:10.209000,BOT,77,0 days 00:01:19.490000,21.0,3.0,,,0 days 00:00:22.842000,0 days 00:00:25.406000,0 days 00:00:31.242000,0 days 01:31:13.579000,0 days 01:31:38.985000,0 days 01:32:10.227000,228.0,269.0,272.0,297.0,False,MEDIUM,12.0,True,Cadillac,0 days 01:30:50.719000,,1,20.0,,,False,True
0 days 01:33:31.173000,BOT,77,0 days 00:01:20.964000,22.0,3.0,,,0 days 00:00:22.918000,0 days 00:00:26.683000,0 days 00:00:31.363000,0 days 01:32:33.145000,0 days 01:32:59.828000,0 days 01:33:31.191000,227.0,271.0,271.0,304.0,False,MEDIUM,13.0,True,Cadillac,0 days 01:32:10.209000,,1,20.0,,,False,True
0 days 01:34:51.645000,BOT,77,0 days 00:01:20.472000,23.0,3.0,,,0 days 00:00:22.883000,0 days 00:00:25.760000,0 days 00:00:31.829000,0 days 01:33:54.074000,0 days 01:34:19.834000,0 days 01:34:51.663000,229.0,267.0,273.0,306.0,False,MEDIUM,14.0,True,Cadillac,0 days 01:33:31.173000,,1,20.0,,,False,True
0 days 01:36:13.492000,BOT,77,0 days 00:01:21.847000,24.0,3.0,,,0 days 00:00:23.765000,0 days 00:00:26.607000,0 days 00:00:31.475000,0 days 01:35:15.428000,0 days 01:35:42.035000,0 days 01:36:13.510000,219.0,275.0,236.0,321.0,False,MEDIUM,15.0,True,Cadillac,0 days 01:34:51.645000,,1,20.0,,,False,True
0 days 01:37:34.065000,BOT,77,0 days 00:01:20.573000,25.0,3.0,,,0 days 00:00:23.647000,0 days 00:00:25.548000,0 days 00:00:31.378000,0 days 01:36:37.157000,0 days 01:37:02.705000,0 days 01:37:34.083000,227.0,270.0,267.0,295.0,False,MEDIUM,16.0,True,Cadillac,0 days 01:36:13.492000,,1,19.0,,,False,True
0 days 01:38:53.523000,BOT,77,0 days 00:01:19.458000,26.0,3.0,,,0 days 00:00:22.807000,0 days 00:00:25.454000,0 days 00:00:31.197000,0 days 01:37:56.890000,0 days 01:38:22.344000,0 days 01:38:53.541000,228.0,268.0,268.0,290.0,False,MEDIUM,17.0,True,Cadillac,0 days 01:37:34.065000,,1,19.0,,,False,True
0 days 01:40:12.859000,BOT,77,0 days 00:01:19.336000,27.0,3.0,,,0 days 00:00:22.748000,0 days 00:00:25.318000,0 days 00:00:31.270000,0 days 01:39:16.289000,0 days 01:39:41.607000,0 days 01:40:12.877000,227.0,266.0,268.0,289.0,False,MEDIUM,18.0,True,Cadillac,0 days 01:38:53.523000,,1,19.0,,,False,True
0 days 01:41:43.287000,BOT,77,0 days 00:01:30.428000,28.0,3.0,,,0 days 00:00:22.662000,0 days 00:00:26.890000,0 days 00:00:40.876000,0 days 01:40:35.539000,0 days 01:41:02.429000,0 days 01:41:43.305000,230.0,258.0,218.0,196.0,False,MEDIUM,19.0,True,Cadillac,0 days 01:40:12.859000,,126,19.0,,,False,False
0 days 01:43:45.063000,BOT,77,0 days 00:02:01.776000,29.0,3.0,,0 days 01:43:22.299000,0 days 00:00:30.137000,0 days 00:00:38.409000,0 days 00:00:53.230000,0 days 01:42:13.442000,0 days 01:42:51.851000,0 days 01:43:45.081000,190.0,188.0,,262.0,False,MEDIUM,20.0,True,Cadillac,0 days 01:41:43.287000,,6,19.0,,,False,False
0 days 01:45:14.446000,BOT,77,0 days 00:01:29.383000,30.0,4.0,0 days 01:43:46.692000,,0 days 00:00:27.389000,0 days 00:00:29.748000,0 days 00:00:32.246000,0 days 01:44:12.470000,0 days 01:44:42.218000,0 days 01:45:14.464000,206.0,274.0,278.0,296.0,False,SOFT,1.0,True,Cadillac,0 days 01:43:45.063000,,671,18.0,,,False,False
0 days 01:46:35.593000,BOT,77,0 days 00:01:21.147000,31.0,4.0,,,0 days 00:00:23.657000,0 days 00:00:25.908000,0 days 00:00:31.582000,0 days 01:45:38.121000,0 days 01:46:04.029000,0 days 01:46:35.611000,228.0,267.0,273.0,298.0,False,SOFT,2.0,True,Cadillac,0 days 01:45:14.446000,,1,18.0,,,False,True
0 days 01:47:55.560000,BOT,77,0 days 00:01:19.967000,32.0,4.0,,,0 days 00:00:23.120000,0 days 00:00:25.590000,0 days 00:00:31.257000,0 days 01:46:58.731000,0 days 01:47:24.321000,0 days 01:47:55.578000,227.0,269.0,274.0,295.0,False,SOFT,3.0,True,Cadillac,0 days 01:46:35.593000,,1,18.0,,,False,True
0 days 01:49:14.723000,BOT,77,0 days 00:01:19.163000,33.0,4.0,,,0 days 00:00:22.731000,0 days 00:00:25.194000,0 days 00:00:31.238000,0 days 01:48:18.309000,0 days 01:48:43.503000,0 days 01:49:14.741000,230.0,270.0,273.0,287.0,True,SOFT,4.0,True,Cadillac,0 days 01:47:55.560000,,1,18.0,,,False,True
0 days 01:50:33.963000,BOT,77,0 days 00:01:19.240000,34.0,4.0,,,0 days 00:00:22.651000,0 days 00:00:25.218000,0 days 00:00:31.371000,0 days 01:49:37.392000,0 days 01:50:02.610000,0 days 01:50:33.981000,229.0,270.0,268.0,286.0,False,SOFT,5.0,True,Cadillac,0 days 01:49:14.723000,,1,18.0,,,False,True
0 days 01:51:52.958000,BOT,77,0 days 00:01:18.995000,35.0,4.0,,,0 days 00:00:22.678000,0 days 00:00:25.191000,0 days 00:00:31.126000,0 days 01:50:56.659000,0 days 01:51:21.850000,0 days 01:51:52.976000,229.0,269.0,269.0,290.0,True,SOFT,6.0,True,Cadillac,0 days 01:50:33.963000,,1,18.0,,,False,True
0 days 01:53:11.845000,BOT,77,0 days 00:01:18.887000,36.0,4.0,,,0 days 00:00:22.590000,0 days 00:00:25.108000,0 days 00:00:31.189000,0 days 01:52:15.566000,0 days 01:52:40.674000,0 days 01:53:11.863000,230.0,270.0,269.0,287.0,True,SOFT,7.0,True,Cadillac,0 days 01:51:52.958000,,1,18.0,,,False,True
0 days 01:54:31.506000,BOT,77,0 days 00:01:19.661000,37.0,4.0,,,0 days 00:00:22.663000,0 days 00:00:25.849000,0 days 00:00:31.149000,0 days 01:53:34.526000,0 days 01:54:00.375000,0 days 01:54:31.524000,227.0,273.0,268.0,295.0,False,SOFT,8.0,True,Cadillac,0 days 01:53:11.845000,,12,18.0,,,False,True
0 days 01:55:50.435000,BOT,77,0 days 00:01:18.929000,38.0,4.0,,,0 days 00:00:22.647000,0 days 00:00:25.136000,0 days 00:00:31.146000,0 days 01:54:54.171000,0 days 01:55:19.307000,0 days 01:55:50.453000,230.0,270.0,273.0,293.0,False,SOFT,9.0,True,Cadillac,0 days 01:54:31.506000,,1,18.0,,,False,True
0 days 01:57:09.210000,BOT,77,0 days 00:01:18.775000,39.0,4.0,,,0 days 00:00:22.469000,0 days 00:00:25.191000,0 days 00:00:31.115000,0 days 01:56:12.922000,0 days 01:56:38.113000,0 days 01:57:09.228000,231.0,270.0,272.0,287.0,True,SOFT,10.0,True,Cadillac,0 days 01:55:50.435000,,1,17.0,,,False,True
0 days 01:58:28.066000,BOT,77,0 days 00:01:18.856000,40.0,4.0,,,0 days 00:00:22.490000,0 days 00:00:25.101000,0 days 00:00:31.265000,0 days 01:57:31.718000,0 days 01:57:56.819000,0 days 01:58:28.084000,231.0,270.0,271.0,288.0,False,SOFT,11.0,True,Cadillac,0 days 01:57:09.210000,,1,17.0,,,False,True
0 days 01:59:47.125000,BOT,77,0 days 00:01:19.059000,41.0,4.0,,,0 days 00:00:22.644000,0 days 00:00:25.252000,0 days 00:00:31.163000,0 days 01:58:50.728000,0 days 01:59:15.980000,0 days 01:59:47.143000,229.0,270.0,270.0,285.0,False,SOFT,12.0,True,Cadillac,0 days 01:58:28.066000,,1,16.0,,,False,True
0 days 02:01:06.537000,BOT,77,0 days 00:01:19.412000,42.0,4.0,,,0 days 00:00:22.599000,0 days 00:00:25.329000,0 days 00:00:31.484000,0 days 02:00:09.742000,0 days 02:00:35.071000,0 days 02:01:06.555000,230.0,268.0,238.0,284.0,False,SOFT,13.0,True,Cadillac,0 days 01:59:47.125000,,1,16.0,,,False,True
0 days 02:02:46.079000,BOT,77,0 days 00:01:39.542000,43.0,4.0,,,0 days 00:00:27.717000,0 days 00:00:33.984000,0 days 00:00:37.841000,0 days 02:01:34.272000,0 days 02:02:08.256000,0 days 02:02:46.097000,227.0,224.0,255.0,280.0,False,SOFT,14.0,True,Cadillac,0 days 02:01:06.537000,,167,16.0,,,False,False
0 days 02:04:08.194000,BOT,77,0 days 00:01:22.115000,44.0,4.0,,,0 days 00:00:23.959000,0 days 00:00:26.361000,0 days 00:00:31.795000,0 days 02:03:10.056000,0 days 02:03:36.417000,0 days 02:04:08.212000,231.0,278.0,272.0,294.0,False,SOFT,15.0,True,Cadillac,0 days 02:02:46.079000,,1,16.0,,,False,True
0 days 02:05:27.298000,BOT,77,0 days 00:01:19.104000,45.0,4.0,,,0 days 00:00:22.826000,0 days 00:00:25.221000,0 days 00:00:31.057000,0 days 02:04:31.038000,0 days 02:04:56.259000,0 days 02:05:27.316000,229.0,274.0,276.0,292.0,False,SOFT,16.0,True,Cadillac,0 days 02:04:08.194000,,1,16.0,,,False,True
0 days 02:06:52.590000,BOT,77,0 days 00:01:25.292000,46.0,4.0,,,0 days 00:00:27.757000,0 days 00:00:25.401000,0 days 00:00:32.134000,0 days 02:05:55.073000,0 days 02:06:20.474000,0 days 02:06:52.608000,228.0,279.0,279.0,262.0,False,SOFT,17.0,True,Cadillac,0 days 02:05:27.298000,,1,16.0,,,False,True
0 days 02:08:12.872000,BOT,77,0 days 00:01:20.282000,47.0,4.0,,,0 days 00:00:24.341000,0 days 00:00:25.012000,0 days 00:00:30.929000,0 days 02:07:16.949000,0 days 02:07:41.961000,0 days 02:08:12.890000,231.0,278.0,279.0,309.0,False,SOFT,18.0,True,Cadillac,0 days 02:06:52.590000,,1,16.0,,,False,True
0 days 02:09:31.542000,BOT,77,0 days 00:01:18.670000,48.0,4.0,,,0 days 00:00:22.541000,0 days 00:00:25.141000,0 days 00:00:30.988000,0 days 02:08:35.431000,0 days 02:09:00.572000,0 days 02:09:31.560000,231.0,276.0,272.0,295.0,True,SOFT,19.0,True,Cadillac,0 days 02:08:12.872000,,1,16.0,,,False,True
0 days 02:11:31.065000,BOT,77,0 days 00:01:59.523000,49.0,4.0,,0 days 02:11:01.607000,0 days 00:00:24.479000,0 days 00:00:31.299000,0 days 00:01:03.745000,0 days 02:09:56.039000,0 days 02:10:27.338000,0 days 02:11:31.083000,230.0,161.0,,251.0,False,SOFT,20.0,True,Cadillac,0 days 02:09:31.542000,,16,16.0,,,False,False
0 days 02:13:10.634000,BOT,77,0 days 00:01:39.569000,50.0,5.0,0 days 02:11:32.655000,,0 days 00:00:28.416000,0 days 00:00:37.152000,0 days 00:00:34.001000,0 days 02:11:59.499000,0 days 02:12:36.651000,0 days 02:13:10.652000,164.0,264.0,277.0,279.0,False,MEDIUM,1.0,True,Cadillac,0 days 02:11:31.065000,,671,16.0,,,False,False
0 days 02:14:32.220000,BOT,77,0 days 00:01:21.586000,51.0,5.0,,,0 days 00:00:23.824000,0 days 00:00:26.208000,0 days 00:00:31.554000,0 days 02:13:34.476000,0 days 02:14:00.684000,0 days 02:14:32.238000,232.0,271.0,277.0,294.0,False,MEDIUM,2.0,True,Cadillac,0 days 02:13:10.634000,,1,16.0,,,False,True
0 days 02:15:54.921000,BOT,77,0 days 00:01:22.701000,52.0,5.0,,,0 days 00:00:24.622000,0 days 00:00:26.783000,0 days 00:00:31.296000,0 days 02:14:56.860000,0 days 02:15:23.643000,0 days 02:15:54.939000,230.0,274.0,276.0,299.0,False,MEDIUM,3.0,True,Cadillac,0 days 02:14:32.220000,,1,16.0,,,False,True
0 days 02:17:16.606000,BOT,77,0 days 00:01:21.685000,53.0,5.0,,,0 days 00:00:22.968000,0 days 00:00:25.425000,0 days 00:00:33.292000,0 days 02:16:17.907000,0 days 02:16:43.332000,0 days 02:17:16.624000,230.0,273.0,279.0,261.0,False,MEDIUM,4.0,True,Cadillac,0 days 02:15:54.921000,,1,16.0,,,False,True
0 days 02:18:35.964000,BOT,77,0 days 00:01:19.358000,54.0,5.0,,,0 days 00:00:22.923000,0 days 00:00:25.299000,0 days 00:00:31.136000,0 days 02:17:39.547000,0 days 02:18:04.846000,0 days 02:18:35.982000,231.0,276.0,272.0,296.0,False,MEDIUM,5.0,True,Cadillac,0 days 02:17:16.606000,,1,16.0,,,False,True
0 days 02:19:54.521000,BOT,77,0 days 00:01:18.557000,55.0,5.0,,,0 days 00:00:22.494000,0 days 00:00:24.974000,0 days 00:00:31.089000,0 days 02:18:58.476000,0 days 02:19:23.450000,0 days 02:19:54.539000,232.0,272.0,274.0,292.0,True,MEDIUM,6.0,True,Cadillac,0 days 02:18:35.964000,,1,16.0,,,False,True
0 days 02:21:15.587000,BOT,77,0 days 00:01:21.066000,56.0,5.0,,,0 days 00:00:24.739000,0 days 00:00:25.271000,0 days 00:00:31.056000,0 days 02:20:19.278000,0 days 02:20:44.549000,0 days 02:21:15.605000,232.0,272.0,277.0,294.0,False,MEDIUM,7.0,True,Cadillac,0 days 02:19:54.521000,,1,16.0,,,False,True
0 days 02:22:33.868000,BOT,77,0 days 00:01:18.281000,57.0,5.0,,,0 days 00:00:22.426000,0 days 00:00:24.902000,0 days 00:00:30.953000,0 days 02:21:38.031000,0 days 02:22:02.933000,0 days 02:22:33.886000,230.0,272.0,276.0,293.0,True,MEDIUM,8.0,True,Cadillac,0 days 02:21:15.587000,,12,16.0,,,False,True
0 days 02:23:53.452000,BOT,77,0 days 00:01:19.584000,58.0,5.0,,,0 days 00:00:22.541000,0 days 00:00:24.839000,0 days 00:00:32.204000,0 days 02:22:56.427000,0 days 02:23:21.266000,0 days 02:23:53.470000,231.0,273.0,277.0,283.0,False,MEDIUM,9.0,True,Cadillac,0 days 02:22:33.868000,,1,16.0,,,False,True
0 days 02:25:11.177000,BOT,77,0 days 00:01:17.725000,59.0,5.0,,,0 days 00:00:22.337000,0 days 00:00:24.744000,0 days 00:00:30.644000,0 days 02:24:15.807000,0 days 02:24:40.551000,0 days 02:25:11.195000,234.0,276.0,276.0,301.0,True,MEDIUM,10.0,True,Cadillac,0 days 02:23:53.452000,,1,16.0,,,False,True
0 days 02:26:29.260000,BOT,77,0 days 00:01:18.083000,60.0,5.0,,,0 days 00:00:22.386000,0 days 00:00:24.789000,0 days 00:00:30.908000,0 days 02:25:33.581000,0 days 02:25:58.370000,0 days 02:26:29.278000,233.0,272.0,275.0,288.0,False,MEDIUM,11.0,True,Cadillac,0 days 02:25:11.177000,,1,16.0,,,False,True
0 days 02:27:47.371000,BOT,77,0 days 00:01:18.111000,61.0,5.0,,,0 days 00:00:22.283000,0 days 00:00:24.781000,0 days 00:00:31.047000,0 days 02:26:51.561000,0 days 02:27:16.342000,0 days 02:27:47.389000,231.0,274.0,275.0,288.0,False,MEDIUM,12.0,True,Cadillac,0 days 02:26:29.260000,,1,16.0,,,False,True
0 days 02:29:05.622000,BOT,77,0 days 00:01:18.251000,62.0,5.0,,,0 days 00:00:22.367000,0 days 00:00:24.973000,0 days 00:00:30.911000,0 days 02:28:09.756000,0 days 02:28:34.729000,0 days 02:29:05.640000,232.0,272.0,275.0,290.0,False,MEDIUM,13.0,True,Cadillac,0 days 02:27:47.371000,,1,16.0,,,False,True
0 days 02:30:23.627000,BOT,77,0 days 00:01:18.005000,63.0,5.0,,,0 days 00:00:22.336000,0 days 00:00:24.741000,0 days 00:00:30.928000,0 days 02:29:27.976000,0 days 02:29:52.717000,0 days 02:30:23.645000,232.0,274.0,293.0,291.0,False,MEDIUM,14.0,True,Cadillac,0 days 02:29:05.622000,,1,16.0,,,False,True
0 days 02:31:41.692000,BOT,77,0 days 00:01:18.065000,64.0,5.0,,,0 days 00:00:22.130000,0 days 00:00:24.742000,0 days 00:00:31.193000,0 days 02:30:45.775000,0 days 02:31:10.517000,0 days 02:31:41.710000,233.0,276.0,271.0,292.0,False,MEDIUM,15.0,True,Cadillac,0 days 02:30:23.627000,,1,16.0,,,False,True
0 days 01:04:18.068000,PIA,81,0 days 00:01:45.524000,1.0,1.0,,0 days 01:03:55.522000,,0 days 00:00:26.881000,0 days 00:00:48.015000,,0 days 01:03:30.277000,0 days 01:04:18.213000,218.0,287.0,,319.0,False,INTERMEDIATE,1.0,True,McLaren,0 days 01:02:32.281000,,1,21.0,,,False,False
0 days 01:05:42.687000,PIA,81,0 days 00:01:24.619000,2.0,2.0,0 days 01:04:19.635000,,0 days 00:00:26.085000,0 days 00:00:26.273000,0 days 00:00:32.261000,0 days 01:04:44.170000,0 days 01:05:10.443000,0 days 01:05:42.704000,234.0,278.0,277.0,307.0,False,MEDIUM,1.0,True,McLaren,0 days 01:04:18.068000,,1,17.0,,,False,False
0 days 01:07:04.506000,PIA,81,0 days 00:01:21.819000,3.0,2.0,,,0 days 00:00:23.446000,0 days 00:00:26.680000,0 days 00:00:31.693000,0 days 01:06:06.150000,0 days 01:06:32.830000,0 days 01:07:04.523000,234.0,273.0,277.0,315.0,True,MEDIUM,2.0,True,McLaren,0 days 01:05:42.687000,,1,16.0,,,False,True
0 days 01:08:25.280000,PIA,81,0 days 00:01:20.774000,4.0,2.0,,,0 days 00:00:23.336000,0 days 00:00:26.038000,0 days 00:00:31.400000,0 days 01:07:27.859000,0 days 01:07:53.897000,0 days 01:08:25.297000,233.0,278.0,279.0,306.0,True,MEDIUM,3.0,True,McLaren,0 days 01:07:04.506000,,1,15.0,,,False,True
0 days 01:09:44.546000,PIA,81,0 days 00:01:19.266000,5.0,2.0,,,0 days 00:00:22.900000,0 days 00:00:25.365000,0 days 00:00:31.001000,0 days 01:08:48.197000,0 days 01:09:13.562000,0 days 01:09:44.563000,232.0,276.0,281.0,304.0,True,MEDIUM,4.0,True,McLaren,0 days 01:08:25.280000,,1,15.0,,,False,True
0 days 01:11:02.515000,PIA,81,0 days 00:01:17.969000,6.0,2.0,,,0 days 00:00:22.284000,0 days 00:00:24.897000,0 days 00:00:30.788000,0 days 01:10:06.847000,0 days 01:10:31.744000,0 days 01:11:02.532000,236.0,278.0,283.0,306.0,True,MEDIUM,5.0,True,McLaren,0 days 01:09:44.546000,,1,15.0,,,False,True
0 days 01:12:19.920000,PIA,81,0 days 00:01:17.405000,7.0,2.0,,,0 days 00:00:22.165000,0 days 00:00:24.559000,0 days 00:00:30.681000,0 days 01:11:24.697000,0 days 01:11:49.256000,0 days 01:12:19.937000,236.0,280.0,281.0,310.0,True,MEDIUM,6.0,True,McLaren,0 days 01:11:02.515000,,1,14.0,,,False,True
0 days 01:13:37.683000,PIA,81,0 days 00:01:17.763000,8.0,2.0,,,0 days 00:00:22.312000,0 days 00:00:24.710000,0 days 00:00:30.741000,0 days 01:12:42.249000,0 days 01:13:06.959000,0 days 01:13:37.700000,236.0,285.0,300.0,326.0,False,MEDIUM,7.0,True,McLaren,0 days 01:12:19.920000,,1,14.0,,,False,True
0 days 01:14:55.540000,PIA,81,0 days 00:01:17.857000,9.0,2.0,,,0 days 00:00:22.467000,0 days 00:00:24.599000,0 days 00:00:30.791000,0 days 01:14:00.167000,0 days 01:14:24.766000,0 days 01:14:55.557000,236.0,283.0,287.0,313.0,False,MEDIUM,8.0,True,McLaren,0 days 01:13:37.683000,,1,13.0,,,False,True
0 days 01:16:13.377000,PIA,81,0 days 00:01:17.837000,10.0,2.0,,,0 days 00:00:22.274000,0 days 00:00:24.532000,0 days 00:00:31.031000,0 days 01:15:17.831000,0 days 01:15:42.363000,0 days 01:16:13.394000,236.0,282.0,283.0,312.0,False,MEDIUM,9.0,True,McLaren,0 days 01:14:55.540000,,1,13.0,,,False,True
0 days 01:17:30.366000,PIA,81,0 days 00:01:16.989000,11.0,2.0,,,0 days 00:00:22.070000,0 days 00:00:24.343000,0 days 00:00:30.576000,0 days 01:16:35.464000,0 days 01:16:59.807000,0 days 01:17:30.383000,236.0,282.0,289.0,312.0,True,MEDIUM,10.0,True,McLaren,0 days 01:16:13.377000,,1,13.0,,,False,True
0 days 01:19:20.052000,PIA,81,0 days 00:01:49.686000,12.0,2.0,,0 days 01:18:45.068000,0 days 00:00:22.124000,0 days 00:00:24.685000,0 days 00:01:02.877000,0 days 01:17:52.507000,0 days 01:18:17.192000,0 days 01:19:20.069000,236.0,292.0,,257.0,False,MEDIUM,11.0,True,McLaren,0 days 01:17:30.366000,,12,19.0,,,False,False
0 days 01:20:43.895000,PIA,81,0 days 00:01:23.843000,13.0,3.0,0 days 01:19:21.703000,,0 days 00:00:25.078000,0 days 00:00:25.555000,0 days 00:00:33.210000,0 days 01:19:45.147000,0 days 01:20:10.702000,0 days 01:20:43.912000,239.0,271.0,282.0,228.0,False,MEDIUM,5.0,False,McLaren,0 days 01:19:20.052000,,21,19.0,,,False,False
0 days 01:22:01.561000,PIA,81,0 days 00:01:17.666000,14.0,3.0,,,0 days 00:00:22.383000,0 days 00:00:24.712000,0 days 00:00:30.571000,0 days 01:21:06.295000,0 days 01:21:31.007000,0 days 01:22:01.578000,246.0,282.0,282.0,312.0,False,MEDIUM,6.0,False,McLaren,0 days 01:20:43.895000,,1,18.0,,,False,True
0 days 01:23:20.760000,PIA,81,0 days 00:01:19.199000,15.0,3.0,,,0 days 00:00:21.949000,0 days 00:00:24.303000,0 days 00:00:32.947000,0 days 01:22:23.527000,0 days 01:22:47.830000,0 days 01:23:20.777000,236.0,278.0,272.0,222.0,False,MEDIUM,7.0,False,McLaren,0 days 01:22:01.561000,,1,17.0,,,False,True
0 days 01:24:38.068000,PIA,81,0 days 00:01:17.308000,16.0,3.0,,,0 days 00:00:22.280000,0 days 00:00:24.404000,0 days 00:00:30.624000,0 days 01:23:43.057000,0 days 01:24:07.461000,0 days 01:24:38.085000,238.0,283.0,264.0,313.0,False,MEDIUM,8.0,False,McLaren,0 days 01:23:20.760000,,1,17.0,,,False,True
0 days 01:25:55.233000,PIA,81,0 days 00:01:17.165000,17.0,3.0,,,0 days 00:00:22.083000,0 days 00:00:24.323000,0 days 00:00:30.759000,0 days 01:25:00.168000,0 days 01:25:24.491000,0 days 01:25:55.250000,236.0,280.0,263.0,306.0,False,MEDIUM,9.0,False,McLaren,0 days 01:24:38.068000,,1,16.0,,,False,True
0 days 01:27:11.899000,PIA,81,0 days 00:01:16.666000,18.0,3.0,,,0 days 00:00:21.872000,0 days 00:00:24.242000,0 days 00:00:30.552000,0 days 01:26:17.122000,0 days 01:26:41.364000,0 days 01:27:11.916000,238.0,281.0,274.0,307.0,True,MEDIUM,10.0,False,McLaren,0 days 01:25:55.233000,,12,15.0,,,False,True
0 days 01:28:29.422000,PIA,81,0 days 00:01:17.523000,19.0,3.0,,,0 days 00:00:22.298000,0 days 00:00:24.554000,0 days 00:00:30.671000,0 days 01:27:34.214000,0 days 01:27:58.768000,0 days 01:28:29.439000,235.0,278.0,279.0,302.0,False,MEDIUM,11.0,False,McLaren,0 days 01:27:11.899000,,1,15.0,,,False,True
0 days 01:29:46.038000,PIA,81,0 days 00:01:16.616000,20.0,3.0,,,0 days 00:00:21.778000,0 days 00:00:24.250000,0 days 00:00:30.588000,0 days 01:28:51.217000,0 days 01:29:15.467000,0 days 01:29:46.055000,237.0,280.0,279.0,303.0,True,MEDIUM,12.0,False,McLaren,0 days 01:28:29.422000,,1,13.0,,,False,True
0 days 01:31:02.330000,PIA,81,0 days 00:01:16.292000,21.0,3.0,,,0 days 00:00:21.674000,0 days 00:00:24.257000,0 days 00:00:30.361000,0 days 01:30:07.729000,0 days 01:30:31.986000,0 days 01:31:02.347000,237.0,280.0,284.0,310.0,True,MEDIUM,13.0,False,McLaren,0 days 01:29:46.038000,,1,13.0,,,False,True
0 days 01:32:19.057000,PIA,81,0 days 00:01:16.727000,22.0,3.0,,,0 days 00:00:21.766000,0 days 00:00:24.634000,0 days 00:00:30.327000,0 days 01:31:24.113000,0 days 01:31:48.747000,0 days 01:32:19.074000,238.0,284.0,281.0,307.0,False,MEDIUM,14.0,False,McLaren,0 days 01:31:02.330000,,1,13.0,,,False,True
0 days 01:33:36.426000,PIA,81,0 days 00:01:17.369000,23.0,3.0,,,0 days 00:00:21.779000,0 days 00:00:24.328000,0 days 00:00:31.262000,0 days 01:32:40.853000,0 days 01:33:05.181000,0 days 01:33:36.443000,237.0,284.0,196.0,308.0,False,MEDIUM,15.0,False,McLaren,0 days 01:32:19.057000,,1,13.0,,,False,True
0 days 01:34:56.673000,PIA,81,0 days 00:01:20.247000,24.0,3.0,,,0 days 00:00:24.904000,0 days 00:00:24.787000,0 days 00:00:30.556000,0 days 01:34:01.347000,0 days 01:34:26.134000,0 days 01:34:56.690000,249.0,280.0,270.0,310.0,False,MEDIUM,16.0,False,McLaren,0 days 01:33:36.426000,,1,13.0,,,False,True
0 days 01:36:13.678000,PIA,81,0 days 00:01:17.005000,25.0,3.0,,,0 days 00:00:22.127000,0 days 00:00:24.391000,0 days 00:00:30.487000,0 days 01:35:18.817000,0 days 01:35:43.208000,0 days 01:36:13.695000,238.0,285.0,269.0,317.0,False,MEDIUM,17.0,False,McLaren,0 days 01:34:56.673000,,1,13.0,,,False,True
0 days 01:37:30.458000,PIA,81,0 days 00:01:16.780000,26.0,3.0,,,0 days 00:00:22.053000,0 days 00:00:24.455000,0 days 00:00:30.272000,0 days 01:36:35.748000,0 days 01:37:00.203000,0 days 01:37:30.475000,241.0,282.0,283.0,312.0,False,MEDIUM,18.0,False,McLaren,0 days 01:36:13.678000,,1,13.0,,,False,True
0 days 01:38:47.662000,PIA,81,0 days 00:01:17.204000,27.0,3.0,,,0 days 00:00:21.841000,0 days 00:00:24.421000,0 days 00:00:30.942000,0 days 01:37:52.316000,0 days 01:38:16.737000,0 days 01:38:47.679000,238.0,280.0,278.0,303.0,False,MEDIUM,19.0,False,McLaren,0 days 01:37:30.458000,,1,13.0,,,False,True
0 days 01:40:04.154000,PIA,81,0 days 00:01:16.492000,28.0,3.0,,,0 days 00:00:21.865000,0 days 00:00:24.248000,0 days 00:00:30.379000,0 days 01:39:09.544000,0 days 01:39:33.792000,0 days 01:40:04.171000,238.0,282.0,283.0,305.0,False,MEDIUM,20.0,False,McLaren,0 days 01:38:47.662000,,1,13.0,,,False,True
0 days 01:41:30.830000,PIA,81,0 days 00:01:26.676000,29.0,3.0,,,0 days 00:00:21.893000,0 days 00:00:26.644000,0 days 00:00:38.139000,0 days 01:40:26.064000,0 days 01:40:52.708000,0 days 01:41:30.847000,238.0,221.0,224.0,166.0,False,MEDIUM,21.0,False,McLaren,0 days 01:40:04.154000,,126,13.0,,,False,False
0 days 01:43:13.880000,PIA,81,0 days 00:01:43.050000,30.0,3.0,,,0 days 00:00:28.924000,0 days 00:00:35.670000,0 days 00:00:38.456000,0 days 01:41:59.771000,0 days 01:42:35.441000,0 days 01:43:13.897000,172.0,162.0,236.0,261.0,False,MEDIUM,22.0,False,McLaren,0 days 01:41:30.830000,,6,12.0,,,False,False
0 days 01:44:54.884000,PIA,81,0 days 00:01:41.004000,31.0,3.0,,,0 days 00:00:29.466000,0 days 00:00:36.938000,0 days 00:00:34.600000,0 days 01:43:43.363000,0 days 01:44:20.301000,0 days 01:44:54.901000,175.0,191.0,292.0,248.0,False,MEDIUM,23.0,False,McLaren,0 days 01:43:13.880000,,671,12.0,,,False,False
0 days 01:46:14.313000,PIA,81,0 days 00:01:19.429000,32.0,3.0,,,0 days 00:00:23.198000,0 days 00:00:25.319000,0 days 00:00:30.912000,0 days 01:45:18.099000,0 days 01:45:43.418000,0 days 01:46:14.330000,249.0,287.0,280.0,304.0,False,MEDIUM,24.0,False,McLaren,0 days 01:44:54.884000,,1,12.0,,,False,True
0 days 01:47:34.907000,PIA,81,0 days 00:01:20.594000,33.0,3.0,,,0 days 00:00:22.413000,0 days 00:00:27.318000,0 days 00:00:30.863000,0 days 01:46:36.743000,0 days 01:47:04.061000,0 days 01:47:34.924000,238.0,288.0,289.0,310.0,False,MEDIUM,25.0,False,McLaren,0 days 01:46:14.313000,,1,12.0,,,False,True
0 days 01:48:52.220000,PIA,81,0 days 00:01:17.313000,34.0,3.0,,,0 days 00:00:22.207000,0 days 00:00:24.547000,0 days 00:00:30.559000,0 days 01:47:57.131000,0 days 01:48:21.678000,0 days 01:48:52.237000,238.0,280.0,283.0,306.0,False,MEDIUM,26.0,False,McLaren,0 days 01:47:34.907000,,1,12.0,,,False,True
0 days 01:50:09.161000,PIA,81,0 days 00:01:16.941000,35.0,3.0,,,0 days 00:00:21.882000,0 days 00:00:24.511000,0 days 00:00:30.548000,0 days 01:49:14.119000,0 days 01:49:38.630000,0 days 01:50:09.178000,248.0,280.0,282.0,303.0,False,MEDIUM,27.0,False,McLaren,0 days 01:48:52.220000,,1,12.0,,,False,True
0 days 01:51:25.540000,PIA,81,0 days 00:01:16.379000,36.0,3.0,,,0 days 00:00:21.737000,0 days 00:00:24.358000,0 days 00:00:30.284000,0 days 01:50:30.915000,0 days 01:50:55.273000,0 days 01:51:25.557000,240.0,281.0,283.0,307.0,False,MEDIUM,28.0,False,McLaren,0 days 01:50:09.161000,,1,12.0,,,False,True
0 days 01:52:42.074000,PIA,81,0 days 00:01:16.534000,37.0,3.0,,,0 days 00:00:21.811000,0 days 00:00:24.324000,0 days 00:00:30.399000,0 days 01:51:47.368000,0 days 01:52:11.692000,0 days 01:52:42.091000,238.0,288.0,287.0,312.0,False,MEDIUM,29.0,False,McLaren,0 days 01:51:25.540000,,1,12.0,,,False,True
0 days 01:53:58.610000,PIA,81,0 days 00:01:16.536000,38.0,3.0,,,0 days 00:00:22.021000,0 days 00:00:24.198000,0 days 00:00:30.317000,0 days 01:53:04.112000,0 days 01:53:28.310000,0 days 01:53:58.627000,244.0,285.0,283.0,305.0,False,MEDIUM,30.0,False,McLaren,0 days 01:52:42.074000,,1,12.0,,,False,True
0 days 01:55:15.160000,PIA,81,0 days 00:01:16.550000,39.0,3.0,,,0 days 00:00:22.023000,0 days 00:00:24.280000,0 days 00:00:30.247000,0 days 01:54:20.650000,0 days 01:54:44.930000,0 days 01:55:15.177000,242.0,283.0,280.0,303.0,False,MEDIUM,31.0,False,McLaren,0 days 01:53:58.610000,,12,11.0,,,False,True
0 days 01:56:31.887000,PIA,81,0 days 00:01:16.727000,40.0,3.0,,,0 days 00:00:21.899000,0 days 00:00:24.409000,0 days 00:00:30.419000,0 days 01:55:37.076000,0 days 01:56:01.485000,0 days 01:56:31.904000,239.0,282.0,279.0,302.0,False,MEDIUM,32.0,False,McLaren,0 days 01:55:15.160000,,1,11.0,,,False,True
0 days 01:57:48.511000,PIA,81,0 days 00:01:16.624000,41.0,3.0,,,0 days 00:00:21.852000,0 days 00:00:24.345000,0 days 00:00:30.427000,0 days 01:56:53.756000,0 days 01:57:18.101000,0 days 01:57:48.528000,238.0,284.0,282.0,300.0,False,MEDIUM,33.0,False,McLaren,0 days 01:56:31.887000,,1,11.0,,,False,True
0 days 01:59:04.521000,PIA,81,0 days 00:01:16.010000,42.0,3.0,,,0 days 00:00:21.711000,0 days 00:00:24.106000,0 days 00:00:30.193000,0 days 01:58:10.239000,0 days 01:58:34.345000,0 days 01:59:04.538000,238.0,283.0,281.0,303.0,True,MEDIUM,34.0,False,McLaren,0 days 01:57:48.511000,,1,11.0,,,False,True
0 days 02:00:20.464000,PIA,81,0 days 00:01:15.943000,43.0,3.0,,,0 days 00:00:21.579000,0 days 00:00:24.057000,0 days 00:00:30.307000,0 days 01:59:26.117000,0 days 01:59:50.174000,0 days 02:00:20.481000,240.0,283.0,280.0,300.0,True,MEDIUM,35.0,False,McLaren,0 days 01:59:04.521000,,1,11.0,,,False,True
0 days 02:01:39.070000,PIA,81,0 days 00:01:18.606000,44.0,3.0,,,0 days 00:00:21.687000,0 days 00:00:24.176000,0 days 00:00:32.743000,0 days 02:00:42.168000,0 days 02:01:06.344000,0 days 02:01:39.087000,240.0,277.0,106.0,302.0,False,MEDIUM,36.0,False,McLaren,0 days 02:00:20.464000,,16,11.0,,,False,False
0 days 02:03:10.397000,PIA,81,0 days 00:01:31.327000,45.0,3.0,,,0 days 00:00:31.521000,0 days 00:00:28.458000,0 days 00:00:31.348000,0 days 02:02:10.608000,0 days 02:02:39.066000,0 days 02:03:10.414000,181.0,292.0,285.0,303.0,False,MEDIUM,37.0,False,McLaren,0 days 02:01:39.070000,,671,11.0,,,False,False
0 days 02:04:27.586000,PIA,81,0 days 00:01:17.189000,46.0,3.0,,,0 days 00:00:22.057000,0 days 00:00:24.423000,0 days 00:00:30.709000,0 days 02:03:32.471000,0 days 02:03:56.894000,0 days 02:04:27.603000,244.0,287.0,278.0,298.0,False,MEDIUM,38.0,False,McLaren,0 days 02:03:10.397000,,1,11.0,,,False,True
0 days 02:05:44.014000,PIA,81,0 days 00:01:16.428000,47.0,3.0,,,0 days 00:00:21.716000,0 days 00:00:24.109000,0 days 00:00:30.603000,0 days 02:04:49.319000,0 days 02:05:13.428000,0 days 02:05:44.031000,240.0,283.0,281.0,301.0,False,MEDIUM,39.0,False,McLaren,0 days 02:04:27.586000,,1,11.0,,,False,True
0 days 02:07:01.067000,PIA,81,0 days 00:01:17.053000,48.0,3.0,,,0 days 00:00:22.298000,0 days 00:00:24.251000,0 days 00:00:30.504000,0 days 02:06:06.329000,0 days 02:06:30.580000,0 days 02:07:01.084000,235.0,282.0,284.0,300.0,False,MEDIUM,40.0,False,McLaren,0 days 02:05:44.014000,,1,11.0,,,False,True
0 days 02:08:17.331000,PIA,81,0 days 00:01:16.264000,49.0,3.0,,,0 days 00:00:21.649000,0 days 00:00:24.137000,0 days 00:00:30.478000,0 days 02:07:22.733000,0 days 02:07:46.870000,0 days 02:08:17.348000,239.0,284.0,285.0,301.0,False,MEDIUM,41.0,False,McLaren,0 days 02:07:01.067000,,1,11.0,,,False,True
0 days 02:09:33.132000,PIA,81,0 days 00:01:15.801000,50.0,3.0,,,0 days 00:00:21.505000,0 days 00:00:24.036000,0 days 00:00:30.260000,0 days 02:08:38.853000,0 days 02:09:02.889000,0 days 02:09:33.149000,240.0,283.0,288.0,307.0,True,MEDIUM,42.0,False,McLaren,0 days 02:08:17.331000,,1,11.0,,,False,True
0 days 02:11:33.253000,PIA,81,0 days 00:02:00.121000,51.0,3.0,,0 days 02:10:58.956000,0 days 00:00:21.687000,0 days 00:00:29.001000,0 days 00:01:09.433000,0 days 02:09:54.836000,0 days 02:10:23.837000,0 days 02:11:33.270000,240.0,171.0,,280.0,False,MEDIUM,43.0,False,McLaren,0 days 02:09:33.132000,,16,13.0,,,False,False
0 days 02:13:08.399000,PIA,81,0 days 00:01:35.146000,52.0,4.0,0 days 02:11:34.799000,,0 days 00:00:28.170000,0 days 00:00:34.785000,0 days 00:00:32.191000,0 days 02:12:01.440000,0 days 02:12:36.225000,0 days 02:13:08.416000,202.0,284.0,292.0,300.0,False,SOFT,5.0,False,McLaren,0 days 02:11:33.253000,,671,13.0,,,False,False
0 days 02:14:26.796000,PIA,81,0 days 00:01:18.397000,53.0,4.0,,,0 days 00:00:22.638000,0 days 00:00:24.785000,0 days 00:00:30.974000,0 days 02:13:31.054000,0 days 02:13:55.839000,0 days 02:14:26.813000,245.0,280.0,283.0,299.0,False,SOFT,6.0,False,McLaren,0 days 02:13:08.399000,,1,13.0,,,False,True
0 days 02:15:43.933000,PIA,81,0 days 00:01:17.137000,54.0,4.0,,,0 days 00:00:22.221000,0 days 00:00:24.457000,0 days 00:00:30.459000,0 days 02:14:49.034000,0 days 02:15:13.491000,0 days 02:15:43.950000,238.0,284.0,282.0,302.0,False,SOFT,7.0,False,McLaren,0 days 02:14:26.796000,,1,13.0,,,False,True
0 days 02:17:00.619000,PIA,81,0 days 00:01:16.686000,55.0,4.0,,,0 days 00:00:22.033000,0 days 00:00:24.212000,0 days 00:00:30.441000,0 days 02:16:05.983000,0 days 02:16:30.195000,0 days 02:17:00.636000,238.0,284.0,281.0,303.0,False,SOFT,8.0,False,McLaren,0 days 02:15:43.933000,,1,13.0,,,False,True
0 days 02:18:16.553000,PIA,81,0 days 00:01:15.934000,56.0,4.0,,,0 days 00:00:21.734000,0 days 00:00:23.968000,0 days 00:00:30.232000,0 days 02:17:22.370000,0 days 02:17:46.338000,0 days 02:18:16.570000,241.0,284.0,284.0,299.0,False,SOFT,9.0,False,McLaren,0 days 02:17:00.619000,,1,13.0,,,False,True
0 days 02:19:32.208000,PIA,81,0 days 00:01:15.655000,57.0,4.0,,,0 days 00:00:21.480000,0 days 00:00:23.874000,0 days 00:00:30.301000,0 days 02:18:38.050000,0 days 02:19:01.924000,0 days 02:19:32.225000,239.0,284.0,283.0,304.0,True,SOFT,10.0,False,McLaren,0 days 02:18:16.553000,,1,13.0,,,False,True
0 days 02:20:48.647000,PIA,81,0 days 00:01:16.439000,58.0,4.0,,,0 days 00:00:22.263000,0 days 00:00:24.107000,0 days 00:00:30.069000,0 days 02:19:54.488000,0 days 02:20:18.595000,0 days 02:20:48.664000,241.0,284.0,278.0,304.0,False,SOFT,11.0,False,McLaren,0 days 02:19:32.208000,,1,13.0,,,False,True
0 days 02:22:04.855000,PIA,81,0 days 00:01:16.208000,59.0,4.0,,,0 days 00:00:21.638000,0 days 00:00:23.941000,0 days 00:00:30.629000,0 days 02:21:10.302000,0 days 02:21:34.243000,0 days 02:22:04.872000,240.0,287.0,223.0,307.0,False,SOFT,12.0,False,McLaren,0 days 02:20:48.647000,,12,13.0,,,False,True
0 days 02:23:22.332000,PIA,81,0 days 00:01:17.477000,60.0,4.0,,,0 days 00:00:23.236000,0 days 00:00:24.280000,0 days 00:00:29.961000,0 days 02:22:28.108000,0 days 02:22:52.388000,0 days 02:23:22.349000,256.0,289.0,277.0,309.0,False,SOFT,13.0,False,McLaren,0 days 02:22:04.855000,,1,13.0,,,False,True
0 days 02:24:37.788000,PIA,81,0 days 00:01:15.456000,61.0,4.0,,,0 days 00:00:21.695000,0 days 00:00:23.849000,0 days 00:00:29.912000,0 days 02:23:44.044000,0 days 02:24:07.893000,0 days 02:24:37.805000,241.0,288.0,284.0,313.0,True,SOFT,14.0,False,McLaren,0 days 02:23:22.332000,,1,13.0,,,False,True
0 days 02:25:54.131000,PIA,81,0 days 00:01:16.343000,62.0,4.0,,,0 days 00:00:22.314000,0 days 00:00:24.084000,0 days 00:00:29.945000,0 days 02:25:00.119000,0 days 02:25:24.203000,0 days 02:25:54.148000,241.0,291.0,288.0,316.0,False,SOFT,15.0,False,McLaren,0 days 02:24:37.788000,,1,13.0,,,False,True
0 days 02:27:10.014000,PIA,81,0 days 00:01:15.883000,63.0,4.0,,,0 days 00:00:21.763000,0 days 00:00:24.286000,0 days 00:00:29.834000,0 days 02:26:15.911000,0 days 02:26:40.197000,0 days 02:27:10.031000,244.0,298.0,292.0,319.0,False,SOFT,16.0,False,McLaren,0 days 02:25:54.131000,,1,12.0,,,False,True
0 days 02:28:25.956000,PIA,81,0 days 00:01:15.942000,64.0,4.0,,,0 days 00:00:21.612000,0 days 00:00:24.230000,0 days 00:00:30.100000,0 days 02:27:31.643000,0 days 02:27:55.873000,0 days 02:28:25.973000,244.0,296.0,284.0,336.0,False,SOFT,17.0,False,McLaren,0 days 02:27:10.014000,,1,11.0,,,False,True
0 days 02:29:42.531000,PIA,81,0 days 00:01:16.575000,65.0,4.0,,,0 days 00:00:21.780000,0 days 00:00:24.002000,0 days 00:00:30.793000,0 days 02:28:47.753000,0 days 02:29:11.755000,0 days 02:29:42.548000,237.0,284.0,269.0,305.0,False,SOFT,18.0,False,McLaren,0 days 02:28:25.956000,,1,11.0,,,False,True
0 days 02:31:01.001000,PIA,81,0 days 00:01:18.470000,66.0,4.0,,,0 days 00:00:21.928000,0 days 00:00:25.474000,0 days 00:00:31.068000,0 days 02:30:04.476000,0 days 02:30:29.950000,0 days 02:31:01.018000,241.0,192.0,280.0,318.0,False,SOFT,19.0,False,McLaren,0 days 02:29:42.531000,,1,11.0,,,False,True
0 days 01:04:07.838000,BEA,87,0 days 00:01:35.294000,1.0,1.0,,,,0 days 00:00:28.916000,0 days 00:00:32.518000,,0 days 01:03:35.447000,0 days 01:04:07.963000,198.0,284.0,297.0,326.0,False,SOFT,6.0,False,Haas F1 Team,0 days 01:02:32.281000,,1,11.0,,,False,False
0 days 01:05:31.695000,BEA,87,0 days 00:01:23.857000,2.0,1.0,,,0 days 00:00:24.542000,0 days 00:00:26.874000,0 days 00:00:32.441000,0 days 01:04:32.414000,0 days 01:04:59.288000,0 days 01:05:31.729000,223.0,273.0,278.0,328.0,True,SOFT,7.0,False,Haas F1 Team,0 days 01:04:07.838000,,1,9.0,,,False,True
0 days 01:06:53.443000,BEA,87,0 days 00:01:21.748000,3.0,1.0,,,0 days 00:00:23.820000,0 days 00:00:26.156000,0 days 00:00:31.772000,0 days 01:05:55.549000,0 days 01:06:21.705000,0 days 01:06:53.477000,227.0,270.0,274.0,304.0,True,SOFT,8.0,False,Haas F1 Team,0 days 01:05:31.695000,,1,9.0,,,False,True
0 days 01:08:15.024000,BEA,87,0 days 00:01:21.581000,4.0,1.0,,,0 days 00:00:23.227000,0 days 00:00:25.608000,0 days 00:00:32.746000,0 days 01:07:16.704000,0 days 01:07:42.312000,0 days 01:08:15.058000,226.0,270.0,260.0,301.0,True,SOFT,9.0,False,Haas F1 Team,0 days 01:06:53.443000,,1,9.0,,,False,True
0 days 01:09:35.087000,BEA,87,0 days 00:01:20.063000,5.0,1.0,,,0 days 00:00:23.284000,0 days 00:00:25.357000,0 days 00:00:31.422000,0 days 01:08:38.342000,0 days 01:09:03.699000,0 days 01:09:35.121000,229.0,272.0,278.0,304.0,True,SOFT,10.0,False,Haas F1 Team,0 days 01:08:15.024000,,1,9.0,,,False,True
0 days 01:10:54.408000,BEA,87,0 days 00:01:19.321000,6.0,1.0,,,0 days 00:00:22.835000,0 days 00:00:25.361000,0 days 00:00:31.125000,0 days 01:09:57.956000,0 days 01:10:23.317000,0 days 01:10:54.442000,228.0,271.0,277.0,303.0,True,SOFT,11.0,False,Haas F1 Team,0 days 01:09:35.087000,,1,9.0,,,False,True
0 days 01:12:14.038000,BEA,87,0 days 00:01:19.630000,7.0,1.0,,,0 days 00:00:22.951000,0 days 00:00:25.240000,0 days 00:00:31.439000,0 days 01:11:17.393000,0 days 01:11:42.633000,0 days 01:12:14.072000,228.0,271.0,276.0,303.0,False,SOFT,12.0,False,Haas F1 Team,0 days 01:10:54.408000,,1,9.0,,,False,True
0 days 01:13:32.928000,BEA,87,0 days 00:01:18.890000,8.0,1.0,,,0 days 00:00:22.727000,0 days 00:00:25.066000,0 days 00:00:31.097000,0 days 01:12:36.799000,0 days 01:13:01.865000,0 days 01:13:32.962000,230.0,272.0,275.0,302.0,True,SOFT,13.0,False,Haas F1 Team,0 days 01:12:14.038000,,1,9.0,,,False,True
0 days 01:14:51.021000,BEA,87,0 days 00:01:18.093000,9.0,1.0,,,0 days 00:00:22.502000,0 days 00:00:24.866000,0 days 00:00:30.725000,0 days 01:13:55.464000,0 days 01:14:20.330000,0 days 01:14:51.055000,230.0,272.0,277.0,302.0,True,SOFT,14.0,False,Haas F1 Team,0 days 01:13:32.928000,,1,9.0,,,False,True
0 days 01:16:08.950000,BEA,87,0 days 00:01:17.929000,10.0,1.0,,,0 days 00:00:22.395000,0 days 00:00:24.819000,0 days 00:00:30.715000,0 days 01:15:13.450000,0 days 01:15:38.269000,0 days 01:16:08.984000,231.0,272.0,273.0,301.0,True,SOFT,15.0,False,Haas F1 Team,0 days 01:14:51.021000,,1,9.0,,,False,True
0 days 01:17:28.702000,BEA,87,0 days 00:01:19.752000,11.0,1.0,,,0 days 00:00:22.268000,0 days 00:00:25.819000,0 days 00:00:31.665000,0 days 01:16:31.252000,0 days 01:16:57.071000,0 days 01:17:28.736000,231.0,265.0,298.0,327.0,False,SOFT,16.0,False,Haas F1 Team,0 days 01:16:08.950000,,1,11.0,,,False,True
0 days 01:18:49.004000,BEA,87,0 days 00:01:20.302000,12.0,1.0,,,0 days 00:00:22.897000,0 days 00:00:25.397000,0 days 00:00:32.008000,0 days 01:17:51.633000,0 days 01:18:17.030000,0 days 01:18:49.038000,232.0,279.0,274.0,311.0,False,SOFT,17.0,False,Haas F1 Team,0 days 01:17:28.702000,,12,11.0,,,False,True
0 days 01:20:07.528000,BEA,87,0 days 00:01:18.524000,13.0,1.0,,,0 days 00:00:22.641000,0 days 00:00:24.805000,0 days 00:00:31.078000,0 days 01:19:11.679000,0 days 01:19:36.484000,0 days 01:20:07.562000,232.0,274.0,279.0,309.0,False,SOFT,18.0,False,Haas F1 Team,0 days 01:18:49.004000,,2,11.0,,,False,True
0 days 01:21:25.733000,BEA,87,0 days 00:01:18.205000,14.0,1.0,,,0 days 00:00:22.471000,0 days 00:00:25.032000,0 days 00:00:30.702000,0 days 01:20:30.033000,0 days 01:20:55.065000,0 days 01:21:25.767000,232.0,274.0,282.0,311.0,False,SOFT,19.0,False,Haas F1 Team,0 days 01:20:07.528000,,21,11.0,,,False,True
0 days 01:22:43.242000,BEA,87,0 days 00:01:17.509000,15.0,1.0,,,0 days 00:00:22.330000,0 days 00:00:24.828000,0 days 00:00:30.351000,0 days 01:21:48.097000,0 days 01:22:12.925000,0 days 01:22:43.276000,231.0,275.0,278.0,308.0,True,SOFT,20.0,False,Haas F1 Team,0 days 01:21:25.733000,,1,10.0,,,False,True
0 days 01:24:01.362000,BEA,87,0 days 00:01:18.120000,16.0,1.0,,,0 days 00:00:22.630000,0 days 00:00:24.800000,0 days 00:00:30.690000,0 days 01:23:05.906000,0 days 01:23:30.706000,0 days 01:24:01.396000,233.0,278.0,278.0,306.0,False,SOFT,21.0,False,Haas F1 Team,0 days 01:22:43.242000,,1,10.0,,,False,True
0 days 01:25:18.882000,BEA,87,0 days 00:01:17.520000,17.0,1.0,,,0 days 00:00:22.256000,0 days 00:00:24.616000,0 days 00:00:30.648000,0 days 01:24:23.652000,0 days 01:24:48.268000,0 days 01:25:18.916000,231.0,275.0,278.0,306.0,True,SOFT,22.0,False,Haas F1 Team,0 days 01:24:01.362000,,1,10.0,,,False,True
0 days 01:26:36.345000,BEA,87,0 days 00:01:17.463000,18.0,1.0,,,0 days 00:00:22.351000,0 days 00:00:24.563000,0 days 00:00:30.549000,0 days 01:25:41.267000,0 days 01:26:05.830000,0 days 01:26:36.379000,231.0,275.0,281.0,306.0,True,SOFT,23.0,False,Haas F1 Team,0 days 01:25:18.882000,,12,10.0,,,False,True
0 days 01:27:53.934000,BEA,87,0 days 00:01:17.589000,19.0,1.0,,,0 days 00:00:22.447000,0 days 00:00:24.583000,0 days 00:00:30.559000,0 days 01:26:58.826000,0 days 01:27:23.409000,0 days 01:27:53.968000,231.0,276.0,282.0,307.0,False,SOFT,24.0,False,Haas F1 Team,0 days 01:26:36.345000,,1,10.0,,,False,True
0 days 01:29:11.580000,BEA,87,0 days 00:01:17.646000,20.0,1.0,,,0 days 00:00:22.188000,0 days 00:00:24.906000,0 days 00:00:30.552000,0 days 01:28:16.156000,0 days 01:28:41.062000,0 days 01:29:11.614000,232.0,275.0,281.0,306.0,False,SOFT,25.0,False,Haas F1 Team,0 days 01:27:53.934000,,1,10.0,,,False,True
0 days 01:30:29.065000,BEA,87,0 days 00:01:17.485000,21.0,1.0,,,0 days 00:00:22.290000,0 days 00:00:24.576000,0 days 00:00:30.619000,0 days 01:29:33.904000,0 days 01:29:58.480000,0 days 01:30:29.099000,232.0,276.0,281.0,307.0,False,SOFT,26.0,False,Haas F1 Team,0 days 01:29:11.580000,,1,10.0,,,False,True
0 days 01:31:46.515000,BEA,87,0 days 00:01:17.450000,22.0,1.0,,,0 days 00:00:22.280000,0 days 00:00:24.658000,0 days 00:00:30.512000,0 days 01:30:51.379000,0 days 01:31:16.037000,0 days 01:31:46.549000,232.0,277.0,283.0,308.0,True,SOFT,27.0,False,Haas F1 Team,0 days 01:30:29.065000,,1,10.0,,,False,True
0 days 01:33:04.144000,BEA,87,0 days 00:01:17.629000,23.0,1.0,,,0 days 00:00:22.371000,0 days 00:00:24.670000,0 days 00:00:30.588000,0 days 01:32:08.920000,0 days 01:32:33.590000,0 days 01:33:04.178000,231.0,280.0,281.0,309.0,False,SOFT,28.0,False,Haas F1 Team,0 days 01:31:46.515000,,1,10.0,,,False,True
0 days 01:34:21.408000,BEA,87,0 days 00:01:17.264000,24.0,1.0,,,0 days 00:00:22.252000,0 days 00:00:24.704000,0 days 00:00:30.308000,0 days 01:33:26.430000,0 days 01:33:51.134000,0 days 01:34:21.442000,233.0,276.0,280.0,308.0,True,SOFT,29.0,False,Haas F1 Team,0 days 01:33:04.144000,,1,10.0,,,False,True
0 days 01:35:38.805000,BEA,87,0 days 00:01:17.397000,25.0,1.0,,,0 days 00:00:22.193000,0 days 00:00:24.630000,0 days 00:00:30.574000,0 days 01:34:43.635000,0 days 01:35:08.265000,0 days 01:35:38.839000,232.0,276.0,278.0,306.0,False,SOFT,30.0,False,Haas F1 Team,0 days 01:34:21.408000,,1,10.0,,,False,True
0 days 01:36:56.324000,BEA,87,0 days 00:01:17.519000,26.0,1.0,,,0 days 00:00:22.237000,0 days 00:00:24.633000,0 days 00:00:30.649000,0 days 01:36:01.076000,0 days 01:36:25.709000,0 days 01:36:56.358000,233.0,276.0,280.0,305.0,False,SOFT,31.0,False,Haas F1 Team,0 days 01:35:38.805000,,1,10.0,,,False,True
0 days 01:38:13.994000,BEA,87,0 days 00:01:17.670000,27.0,1.0,,,0 days 00:00:22.393000,0 days 00:00:24.723000,0 days 00:00:30.554000,0 days 01:37:18.751000,0 days 01:37:43.474000,0 days 01:38:14.028000,232.0,276.0,278.0,304.0,False,SOFT,32.0,False,Haas F1 Team,0 days 01:36:56.324000,,1,10.0,,,False,True
0 days 01:39:31.368000,BEA,87,0 days 00:01:17.374000,28.0,1.0,,,0 days 00:00:22.203000,0 days 00:00:24.684000,0 days 00:00:30.487000,0 days 01:38:36.231000,0 days 01:39:00.915000,0 days 01:39:31.402000,233.0,275.0,277.0,302.0,False,SOFT,33.0,False,Haas F1 Team,0 days 01:38:13.994000,,1,10.0,,,False,True
0 days 01:40:48.651000,BEA,87,0 days 00:01:17.283000,29.0,1.0,,,0 days 00:00:22.216000,0 days 00:00:24.623000,0 days 00:00:30.444000,0 days 01:39:53.618000,0 days 01:40:18.241000,0 days 01:40:48.685000,232.0,275.0,279.0,304.0,False,SOFT,34.0,False,Haas F1 Team,0 days 01:39:31.368000,,12,10.0,,,False,True
0 days 01:43:02.477000,BEA,87,0 days 00:02:13.826000,30.0,1.0,,0 days 01:42:19.133000,0 days 00:00:22.155000,0 days 00:00:38.091000,0 days 00:01:13.580000,0 days 01:41:10.840000,0 days 01:41:48.931000,0 days 01:43:02.511000,232.0,238.0,,268.0,False,SOFT,35.0,False,Haas F1 Team,0 days 01:40:48.651000,,26,11.0,,,False,False
0 days 01:44:44.378000,BEA,87,0 days 00:01:41.901000,31.0,2.0,0 days 01:43:04.080000,,0 days 00:00:30.100000,0 days 00:00:35.204000,0 days 00:00:36.597000,0 days 01:43:32.611000,0 days 01:44:07.815000,0 days 01:44:44.412000,159.0,195.0,277.0,252.0,False,MEDIUM,1.0,True,Haas F1 Team,0 days 01:43:02.477000,,671,11.0,,,False,False
0 days 01:46:03.493000,BEA,87,0 days 00:01:19.115000,32.0,2.0,,,0 days 00:00:22.725000,0 days 00:00:25.205000,0 days 00:00:31.185000,0 days 01:45:07.137000,0 days 01:45:32.342000,0 days 01:46:03.527000,232.0,275.0,217.0,304.0,False,MEDIUM,2.0,True,Haas F1 Team,0 days 01:44:44.378000,,1,11.0,,,False,True
0 days 01:47:23.021000,BEA,87,0 days 00:01:19.528000,33.0,2.0,,,0 days 00:00:24.239000,0 days 00:00:24.827000,0 days 00:00:30.462000,0 days 01:46:27.766000,0 days 01:46:52.593000,0 days 01:47:23.055000,233.0,281.0,284.0,311.0,False,MEDIUM,3.0,True,Haas F1 Team,0 days 01:46:03.493000,,1,11.0,,,False,True
0 days 01:48:40.286000,BEA,87,0 days 00:01:17.265000,34.0,2.0,,,0 days 00:00:22.259000,0 days 00:00:24.527000,0 days 00:00:30.479000,0 days 01:47:45.314000,0 days 01:48:09.841000,0 days 01:48:40.320000,235.0,278.0,281.0,308.0,False,MEDIUM,4.0,True,Haas F1 Team,0 days 01:47:23.021000,,1,11.0,,,False,True
0 days 01:49:57.711000,BEA,87,0 days 00:01:17.425000,35.0,2.0,,,0 days 00:00:22.191000,0 days 00:00:24.825000,0 days 00:00:30.409000,0 days 01:49:02.511000,0 days 01:49:27.336000,0 days 01:49:57.745000,235.0,280.0,278.0,304.0,False,MEDIUM,5.0,True,Haas F1 Team,0 days 01:48:40.286000,,1,11.0,,,False,True
0 days 01:51:14.581000,BEA,87,0 days 00:01:16.870000,36.0,2.0,,,0 days 00:00:22.041000,0 days 00:00:24.428000,0 days 00:00:30.401000,0 days 01:50:19.786000,0 days 01:50:44.214000,0 days 01:51:14.615000,235.0,279.0,249.0,304.0,True,MEDIUM,6.0,True,Haas F1 Team,0 days 01:49:57.711000,,1,11.0,,,False,True
0 days 01:52:32.664000,BEA,87,0 days 00:01:18.083000,37.0,2.0,,,0 days 00:00:23.362000,0 days 00:00:24.512000,0 days 00:00:30.209000,0 days 01:51:37.977000,0 days 01:52:02.489000,0 days 01:52:32.698000,234.0,280.0,281.0,309.0,False,MEDIUM,7.0,True,Haas F1 Team,0 days 01:51:14.581000,,1,11.0,,,False,True
0 days 01:53:49.400000,BEA,87,0 days 00:01:16.736000,38.0,2.0,,,0 days 00:00:21.941000,0 days 00:00:24.510000,0 days 00:00:30.285000,0 days 01:52:54.639000,0 days 01:53:19.149000,0 days 01:53:49.434000,234.0,277.0,284.0,304.0,True,MEDIUM,8.0,True,Haas F1 Team,0 days 01:52:32.664000,,1,11.0,,,False,True
0 days 01:55:05.958000,BEA,87,0 days 00:01:16.558000,39.0,2.0,,,0 days 00:00:21.815000,0 days 00:00:24.351000,0 days 00:00:30.392000,0 days 01:54:11.249000,0 days 01:54:35.600000,0 days 01:55:05.992000,235.0,277.0,277.0,303.0,True,MEDIUM,9.0,True,Haas F1 Team,0 days 01:53:49.400000,,12,10.0,,,False,True
0 days 01:56:23.215000,BEA,87,0 days 00:01:17.257000,40.0,2.0,,,0 days 00:00:22.135000,0 days 00:00:24.554000,0 days 00:00:30.568000,0 days 01:55:28.127000,0 days 01:55:52.681000,0 days 01:56:23.249000,232.0,277.0,219.0,302.0,False,MEDIUM,10.0,True,Haas F1 Team,0 days 01:55:05.958000,,1,10.0,,,False,True
0 days 01:57:42.172000,BEA,87,0 days 00:01:18.957000,41.0,2.0,,,0 days 00:00:23.415000,0 days 00:00:25.211000,0 days 00:00:30.331000,0 days 01:56:46.664000,0 days 01:57:11.875000,0 days 01:57:42.206000,233.0,285.0,286.0,311.0,False,MEDIUM,11.0,True,Haas F1 Team,0 days 01:56:23.215000,,1,10.0,,,False,True
0 days 01:58:58.849000,BEA,87,0 days 00:01:16.677000,42.0,2.0,,,0 days 00:00:22.077000,0 days 00:00:24.256000,0 days 00:00:30.344000,0 days 01:58:04.283000,0 days 01:58:28.539000,0 days 01:58:58.883000,235.0,280.0,280.0,306.0,False,MEDIUM,12.0,True,Haas F1 Team,0 days 01:57:42.172000,,1,10.0,,,False,True
0 days 02:00:15.330000,BEA,87,0 days 00:01:16.481000,43.0,2.0,,,0 days 00:00:21.989000,0 days 00:00:24.253000,0 days 00:00:30.239000,0 days 01:59:20.872000,0 days 01:59:45.125000,0 days 02:00:15.364000,235.0,279.0,284.0,303.0,True,MEDIUM,13.0,True,Haas F1 Team,0 days 01:58:58.849000,,1,10.0,,,False,True
0 days 02:01:31.820000,BEA,87,0 days 00:01:16.490000,44.0,2.0,,,0 days 00:00:21.931000,0 days 00:00:24.270000,0 days 00:00:30.289000,0 days 02:00:37.295000,0 days 02:01:01.565000,0 days 02:01:31.854000,234.0,278.0,282.0,302.0,False,MEDIUM,14.0,True,Haas F1 Team,0 days 02:00:15.330000,,1,10.0,,,False,True
0 days 02:03:03.794000,BEA,87,0 days 00:01:31.974000,45.0,2.0,,,0 days 00:00:30.698000,0 days 00:00:30.527000,0 days 00:00:30.749000,0 days 02:02:02.552000,0 days 02:02:33.079000,0 days 02:03:03.828000,210.0,259.0,285.0,305.0,False,MEDIUM,15.0,True,Haas F1 Team,0 days 02:01:31.820000,,167,10.0,,,False,False
0 days 02:04:20.646000,BEA,87,0 days 00:01:16.852000,46.0,2.0,,,0 days 00:00:22.105000,0 days 00:00:24.399000,0 days 00:00:30.348000,0 days 02:03:25.933000,0 days 02:03:50.332000,0 days 02:04:20.680000,236.0,276.0,284.0,306.0,False,MEDIUM,16.0,True,Haas F1 Team,0 days 02:03:03.794000,,1,10.0,,,False,True
0 days 02:05:37.341000,BEA,87,0 days 00:01:16.695000,47.0,2.0,,,0 days 00:00:21.942000,0 days 00:00:24.407000,0 days 00:00:30.346000,0 days 02:04:42.622000,0 days 02:05:07.029000,0 days 02:05:37.375000,234.0,278.0,285.0,305.0,False,MEDIUM,17.0,True,Haas F1 Team,0 days 02:04:20.646000,,1,10.0,,,False,True
0 days 02:06:53.933000,BEA,87,0 days 00:01:16.592000,48.0,2.0,,,0 days 00:00:21.923000,0 days 00:00:24.411000,0 days 00:00:30.258000,0 days 02:05:59.298000,0 days 02:06:23.709000,0 days 02:06:53.967000,235.0,279.0,286.0,304.0,False,MEDIUM,18.0,True,Haas F1 Team,0 days 02:05:37.341000,,1,10.0,,,False,True
0 days 02:08:11.676000,BEA,87,0 days 00:01:17.743000,49.0,2.0,,,0 days 00:00:22.046000,0 days 00:00:24.355000,0 days 00:00:31.342000,0 days 02:07:16.013000,0 days 02:07:40.368000,0 days 02:08:11.710000,236.0,279.0,279.0,302.0,False,MEDIUM,19.0,True,Haas F1 Team,0 days 02:06:53.933000,,1,10.0,,,False,True
0 days 02:09:28.257000,BEA,87,0 days 00:01:16.581000,50.0,2.0,,,0 days 00:00:22.022000,0 days 00:00:24.357000,0 days 00:00:30.202000,0 days 02:08:33.732000,0 days 02:08:58.089000,0 days 02:09:28.291000,237.0,280.0,283.0,307.0,False,MEDIUM,20.0,True,Haas F1 Team,0 days 02:08:11.676000,,1,10.0,,,False,True
0 days 02:11:00.733000,BEA,87,0 days 00:01:32.476000,51.0,2.0,,,0 days 00:00:21.873000,0 days 00:00:24.483000,0 days 00:00:46.120000,0 days 02:09:50.164000,0 days 02:10:14.647000,0 days 02:11:00.767000,236.0,230.0,242.0,226.0,False,MEDIUM,21.0,True,Haas F1 Team,0 days 02:09:28.257000,,16,10.0,,,False,False
0 days 02:12:38.919000,BEA,87,0 days 00:01:38.186000,52.0,2.0,,,0 days 00:00:25.845000,0 days 00:00:33.665000,0 days 00:00:38.676000,0 days 02:11:26.612000,0 days 02:12:00.277000,0 days 02:12:38.953000,203.0,188.0,279.0,220.0,False,MEDIUM,22.0,True,Haas F1 Team,0 days 02:11:00.733000,,671,10.0,,,False,False
0 days 02:13:56.948000,BEA,87,0 days 00:01:18.029000,53.0,2.0,,,0 days 00:00:22.772000,0 days 00:00:24.755000,0 days 00:00:30.502000,0 days 02:13:01.725000,0 days 02:13:26.480000,0 days 02:13:56.982000,233.0,282.0,282.0,308.0,False,MEDIUM,23.0,True,Haas F1 Team,0 days 02:12:38.919000,,1,10.0,,,False,True
0 days 02:15:13.860000,BEA,87,0 days 00:01:16.912000,54.0,2.0,,,0 days 00:00:22.100000,0 days 00:00:24.464000,0 days 00:00:30.348000,0 days 02:14:19.082000,0 days 02:14:43.546000,0 days 02:15:13.894000,234.0,279.0,282.0,304.0,False,MEDIUM,24.0,True,Haas F1 Team,0 days 02:13:56.948000,,1,10.0,,,False,True
0 days 02:16:30.348000,BEA,87,0 days 00:01:16.488000,55.0,2.0,,,0 days 00:00:21.875000,0 days 00:00:24.297000,0 days 00:00:30.316000,0 days 02:15:35.769000,0 days 02:16:00.066000,0 days 02:16:30.382000,235.0,278.0,277.0,304.0,False,MEDIUM,25.0,True,Haas F1 Team,0 days 02:15:13.860000,,1,10.0,,,False,True
0 days 02:17:46.641000,BEA,87,0 days 00:01:16.293000,56.0,2.0,,,0 days 00:00:21.913000,0 days 00:00:24.207000,0 days 00:00:30.173000,0 days 02:16:52.295000,0 days 02:17:16.502000,0 days 02:17:46.675000,235.0,280.0,281.0,302.0,True,MEDIUM,26.0,True,Haas F1 Team,0 days 02:16:30.348000,,1,10.0,,,False,True
0 days 02:19:02.911000,BEA,87,0 days 00:01:16.270000,57.0,2.0,,,0 days 00:00:21.823000,0 days 00:00:24.353000,0 days 00:00:30.094000,0 days 02:18:08.498000,0 days 02:18:32.851000,0 days 02:19:02.945000,235.0,277.0,286.0,306.0,True,MEDIUM,27.0,True,Haas F1 Team,0 days 02:17:46.641000,,1,10.0,,,False,True
0 days 02:20:20.233000,BEA,87,0 days 00:01:17.322000,58.0,2.0,,,0 days 00:00:21.939000,0 days 00:00:24.368000,0 days 00:00:31.015000,0 days 02:19:24.884000,0 days 02:19:49.252000,0 days 02:20:20.267000,236.0,272.0,302.0,317.0,False,MEDIUM,28.0,True,Haas F1 Team,0 days 02:19:02.911000,,1,10.0,,,False,True
0 days 02:21:36.983000,BEA,87,0 days 00:01:16.750000,59.0,2.0,,,0 days 00:00:22.063000,0 days 00:00:24.446000,0 days 00:00:30.241000,0 days 02:20:42.330000,0 days 02:21:06.776000,0 days 02:21:37.017000,236.0,279.0,264.0,312.0,False,MEDIUM,29.0,True,Haas F1 Team,0 days 02:20:20.233000,,1,10.0,,,False,True
0 days 02:22:53.486000,BEA,87,0 days 00:01:16.503000,60.0,2.0,,,0 days 00:00:21.966000,0 days 00:00:24.298000,0 days 00:00:30.239000,0 days 02:21:58.983000,0 days 02:22:23.281000,0 days 02:22:53.520000,236.0,277.0,281.0,305.0,False,MEDIUM,30.0,True,Haas F1 Team,0 days 02:21:36.983000,,12,10.0,,,False,True
0 days 02:24:10.058000,BEA,87,0 days 00:01:16.572000,61.0,2.0,,,0 days 00:00:21.871000,0 days 00:00:24.413000,0 days 00:00:30.288000,0 days 02:23:15.391000,0 days 02:23:39.804000,0 days 02:24:10.092000,237.0,279.0,281.0,301.0,False,MEDIUM,31.0,True,Haas F1 Team,0 days 02:22:53.486000,,1,10.0,,,False,True
0 days 02:25:26.721000,BEA,87,0 days 00:01:16.663000,62.0,2.0,,,0 days 00:00:21.894000,0 days 00:00:24.430000,0 days 00:00:30.339000,0 days 02:24:31.986000,0 days 02:24:56.416000,0 days 02:25:26.755000,237.0,277.0,280.0,300.0,False,MEDIUM,32.0,True,Haas F1 Team,0 days 02:24:10.058000,,1,10.0,,,False,True
0 days 02:26:43.097000,BEA,87,0 days 00:01:16.376000,63.0,2.0,,,0 days 00:00:21.857000,0 days 00:00:24.237000,0 days 00:00:30.282000,0 days 02:25:48.612000,0 days 02:26:12.849000,0 days 02:26:43.131000,237.0,277.0,279.0,299.0,False,MEDIUM,33.0,True,Haas F1 Team,0 days 02:25:26.721000,,1,10.0,,,False,True
0 days 02:27:59.099000,BEA,87,0 days 00:01:16.002000,64.0,2.0,,,0 days 00:00:21.687000,0 days 00:00:24.222000,0 days 00:00:30.093000,0 days 02:27:04.818000,0 days 02:27:29.040000,0 days 02:27:59.133000,236.0,279.0,281.0,300.0,True,MEDIUM,34.0,True,Haas F1 Team,0 days 02:26:43.097000,,1,10.0,,,False,True
0 days 02:29:15.288000,BEA,87,0 days 00:01:16.189000,65.0,2.0,,,0 days 00:00:21.844000,0 days 00:00:24.237000,0 days 00:00:30.108000,0 days 02:28:20.977000,0 days 02:28:45.214000,0 days 02:29:15.322000,237.0,277.0,282.0,301.0,False,MEDIUM,35.0,True,Haas F1 Team,0 days 02:27:59.099000,,1,10.0,,,False,True
0 days 02:30:31.303000,BEA,87,0 days 00:01:16.015000,66.0,2.0,,,0 days 00:00:21.740000,0 days 00:00:24.207000,0 days 00:00:30.068000,0 days 02:29:37.062000,0 days 02:30:01.269000,0 days 02:30:31.337000,237.0,280.0,284.0,307.0,False,MEDIUM,36.0,True,Haas F1 Team,0 days 02:29:15.288000,,1,10.0,,,False,True
0 days 02:31:47.351000,BEA,87,0 days 00:01:16.048000,67.0,2.0,,,0 days 00:00:21.737000,0 days 00:00:24.172000,0 days 00:00:30.139000,0 days 02:30:53.074000,0 days 02:31:17.246000,0 days 02:31:47.385000,238.0,281.0,284.0,328.0,False,MEDIUM,37.0,True,Haas F1 Team,0 days 02:30:31.303000,,1,10.0,,,False,True
